{
  "timestamp": "1776682865",
  "runs_per_config": 1,
  "results": [
    {
      "name": "Mixed (50% GET / 50% SET)",
      "concurrency": 1000,
      "target": "RustRedis",
      "runs": 1,
      "ops_per_sec_mean": 72246.02710040133,
      "ops_per_sec_stddev": 0.0,
      "p50_us_mean": 4753.0,
      "p50_us_stddev": 0.0,
      "p99_us_mean": 132274.0,
      "p99_us_stddev": 0.0,
      "max_us_mean": 337993.0,
      "max_us_stddev": 0.0,
      "total_errors": 0,
      "per_run": [
        {
          "name": "Mixed (50% GET / 50% SET)",
          "concurrency": 1000,
          "warmup_ops_per_client": 100,
          "measured_ops_per_client": 900,
          "total_ops": 900000,
          "duration_secs": 12.457432417,
          "ops_per_sec": 72246.02710040133,
          "p50_us": 4753.0,
          "p95_us": 57241.0,
          "p99_us": 132274.0,
          "max_us": 337993.0,
          "avg_us": 13321.274446666666,
          "latency_stddev_us": 24636.12137219802,
          "latency_cv": 1.8493817142520195,
          "errors": 0,
          "target": "RustRedis"
        }
      ]
    }
  ],
  "memory_samples": [
    {
      "elapsed_secs": 0.006265917,
      "rss_bytes": 0,
      "vsize_bytes": 0,
      "label": "idle"
    },
    {
      "elapsed_secs": 13.991064959,
      "rss_bytes": 0,
      "vsize_bytes": 0,
      "label": "mixed_c1000"
    }
  ]
}