{
  "timestamp": "1776685312",
  "runs_per_config": 1,
  "results": [
    {
      "name": "Mixed (50% GET / 50% SET)",
      "concurrency": 1000,
      "target": "RustRedis",
      "runs": 1,
      "ops_per_sec_mean": 74819.30799186091,
      "ops_per_sec_stddev": 0.0,
      "p50_us_mean": 4637.0,
      "p50_us_stddev": 0.0,
      "p99_us_mean": 131869.0,
      "p99_us_stddev": 0.0,
      "max_us_mean": 381347.0,
      "max_us_stddev": 0.0,
      "total_errors": 0,
      "per_run": [
        {
          "name": "Mixed (50% GET / 50% SET)",
          "concurrency": 1000,
          "warmup_ops_per_client": 100,
          "measured_ops_per_client": 900,
          "total_ops": 900000,
          "duration_secs": 12.028980542,
          "ops_per_sec": 74819.30799186091,
          "p50_us": 4637.0,
          "p95_us": 58421.0,
          "p99_us": 131869.0,
          "max_us": 381347.0,
          "avg_us": 13089.98218111111,
          "latency_stddev_us": 25089.891970541783,
          "latency_cv": 1.9167246848316253,
          "errors": 0,
          "target": "RustRedis"
        }
      ]
    }
  ],
  "memory_samples": [
    {
      "elapsed_secs": 0.002929542,
      "rss_bytes": 0,
      "vsize_bytes": 0,
      "label": "idle"
    },
    {
      "elapsed_secs": 13.644625334,
      "rss_bytes": 0,
      "vsize_bytes": 0,
      "label": "mixed_c1000"
    }
  ]
}