{
  "timestamp": "1776681007",
  "runs_per_config": 1,
  "results": [
    {
      "name": "Mixed (50% GET / 50% SET)",
      "concurrency": 200,
      "target": "RustRedis",
      "runs": 1,
      "ops_per_sec_mean": 51374.186347945026,
      "ops_per_sec_stddev": 0.0,
      "p50_us_mean": 2341.0,
      "p50_us_stddev": 0.0,
      "p99_us_mean": 31941.0,
      "p99_us_stddev": 0.0,
      "max_us_mean": 252710.0,
      "max_us_stddev": 0.0,
      "total_errors": 0,
      "per_run": [
        {
          "name": "Mixed (50% GET / 50% SET)",
          "concurrency": 200,
          "warmup_ops_per_client": 100,
          "measured_ops_per_client": 900,
          "total_ops": 180000,
          "duration_secs": 3.5037051249999998,
          "ops_per_sec": 51374.186347945026,
          "p50_us": 2341.0,
          "p95_us": 11521.0,
          "p99_us": 31941.0,
          "max_us": 252710.0,
          "avg_us": 3818.894188888889,
          "latency_stddev_us": 6133.404665303295,
          "latency_cv": 1.6060682391118606,
          "errors": 0,
          "target": "RustRedis"
        }
      ]
    }
  ],
  "memory_samples": [
    {
      "elapsed_secs": 0.003012625,
      "rss_bytes": 0,
      "vsize_bytes": 0,
      "label": "idle"
    },
    {
      "elapsed_secs": 3.808118083,
      "rss_bytes": 0,
      "vsize_bytes": 0,
      "label": "mixed_c200"
    }
  ]
}