{
  "timestamp": "1776685241",
  "runs_per_config": 1,
  "results": [
    {
      "name": "Mixed (50% GET / 50% SET)",
      "concurrency": 1000,
      "target": "RustRedis",
      "runs": 1,
      "ops_per_sec_mean": 61713.902914583414,
      "ops_per_sec_stddev": 0.0,
      "p50_us_mean": 4774.0,
      "p50_us_stddev": 0.0,
      "p99_us_mean": 145720.0,
      "p99_us_stddev": 0.0,
      "max_us_mean": 382660.0,
      "max_us_stddev": 0.0,
      "total_errors": 0,
      "per_run": [
        {
          "name": "Mixed (50% GET / 50% SET)",
          "concurrency": 1000,
          "warmup_ops_per_client": 100,
          "measured_ops_per_client": 900,
          "total_ops": 900000,
          "duration_secs": 14.583423791,
          "ops_per_sec": 61713.902914583414,
          "p50_us": 4774.0,
          "p95_us": 67244.0,
          "p99_us": 145720.0,
          "max_us": 382660.0,
          "avg_us": 15606.921024444444,
          "latency_stddev_us": 27622.874837103427,
          "latency_cv": 1.769911873958926,
          "errors": 0,
          "target": "RustRedis"
        }
      ]
    }
  ],
  "memory_samples": [
    {
      "elapsed_secs": 0.003225208,
      "rss_bytes": 0,
      "vsize_bytes": 0,
      "label": "idle"
    },
    {
      "elapsed_secs": 15.937358958,
      "rss_bytes": 0,
      "vsize_bytes": 0,
      "label": "mixed_c1000"
    }
  ]
}