{
  "timestamp": "1776682900",
  "runs_per_config": 1,
  "results": [
    {
      "name": "Mixed (50% GET / 50% SET)",
      "concurrency": 1000,
      "target": "RustRedis",
      "runs": 1,
      "ops_per_sec_mean": 61894.312219585896,
      "ops_per_sec_stddev": 0.0,
      "p50_us_mean": 5155.0,
      "p50_us_stddev": 0.0,
      "p99_us_mean": 139549.0,
      "p99_us_stddev": 0.0,
      "max_us_mean": 432957.0,
      "max_us_stddev": 0.0,
      "total_errors": 0,
      "per_run": [
        {
          "name": "Mixed (50% GET / 50% SET)",
          "concurrency": 1000,
          "warmup_ops_per_client": 100,
          "measured_ops_per_client": 900,
          "total_ops": 900000,
          "duration_secs": 14.540916083,
          "ops_per_sec": 61894.312219585896,
          "p50_us": 5155.0,
          "p95_us": 67168.0,
          "p99_us": 139549.0,
          "max_us": 432957.0,
          "avg_us": 15683.103837777779,
          "latency_stddev_us": 27119.216331680957,
          "latency_cv": 1.7291995648435126,
          "errors": 0,
          "target": "RustRedis"
        }
      ]
    }
  ],
  "memory_samples": [
    {
      "elapsed_secs": 0.0010855,
      "rss_bytes": 0,
      "vsize_bytes": 0,
      "label": "idle"
    },
    {
      "elapsed_secs": 15.180083042,
      "rss_bytes": 0,
      "vsize_bytes": 0,
      "label": "mixed_c1000"
    }
  ]
}