{
  "timestamp": "1776682919",
  "runs_per_config": 1,
  "results": [
    {
      "name": "Mixed (50% GET / 50% SET)",
      "concurrency": 1000,
      "target": "RustRedis",
      "runs": 1,
      "ops_per_sec_mean": 62399.55873661163,
      "ops_per_sec_stddev": 0.0,
      "p50_us_mean": 5115.0,
      "p50_us_stddev": 0.0,
      "p99_us_mean": 146428.0,
      "p99_us_stddev": 0.0,
      "max_us_mean": 343801.0,
      "max_us_stddev": 0.0,
      "total_errors": 0,
      "per_run": [
        {
          "name": "Mixed (50% GET / 50% SET)",
          "concurrency": 1000,
          "warmup_ops_per_client": 100,
          "measured_ops_per_client": 900,
          "total_ops": 900000,
          "duration_secs": 14.423178917,
          "ops_per_sec": 62399.55873661163,
          "p50_us": 5115.0,
          "p95_us": 68740.0,
          "p99_us": 146428.0,
          "max_us": 343801.0,
          "avg_us": 15849.507227777778,
          "latency_stddev_us": 28230.650818039827,
          "latency_cv": 1.7811689923433651,
          "errors": 0,
          "target": "RustRedis"
        }
      ]
    }
  ],
  "memory_samples": [
    {
      "elapsed_secs": 0.001272791,
      "rss_bytes": 0,
      "vsize_bytes": 0,
      "label": "idle"
    },
    {
      "elapsed_secs": 16.025971541,
      "rss_bytes": 0,
      "vsize_bytes": 0,
      "label": "mixed_c1000"
    }
  ]
}