{
  "timestamp": "1776688496",
  "runs_per_config": 1,
  "results": [
    {
      "name": "Mixed (50% GET / 50% SET)",
      "concurrency": 500,
      "target": "RustRedis",
      "runs": 1,
      "ops_per_sec_mean": 66394.27064658023,
      "ops_per_sec_stddev": 0.0,
      "p50_us_mean": 3312.0,
      "p50_us_stddev": 0.0,
      "p99_us_mean": 61696.0,
      "p99_us_stddev": 0.0,
      "max_us_mean": 259709.0,
      "max_us_stddev": 0.0,
      "total_errors": 0,
      "per_run": [
        {
          "name": "Mixed (50% GET / 50% SET)",
          "concurrency": 500,
          "warmup_ops_per_client": 100,
          "measured_ops_per_client": 900,
          "total_ops": 450000,
          "duration_secs": 6.7776932500000004,
          "ops_per_sec": 66394.27064658023,
          "p50_us": 3312.0,
          "p95_us": 27316.0,
          "p99_us": 61696.0,
          "max_us": 259709.0,
          "avg_us": 7424.0042488888885,
          "latency_stddev_us": 11856.628338004399,
          "latency_cv": 1.5970664806366346,
          "errors": 0,
          "target": "RustRedis"
        }
      ]
    }
  ],
  "memory_samples": [
    {
      "elapsed_secs": 0.001637583,
      "rss_bytes": 0,
      "vsize_bytes": 0,
      "label": "idle"
    },
    {
      "elapsed_secs": 7.623402667,
      "rss_bytes": 0,
      "vsize_bytes": 0,
      "label": "mixed_c500"
    }
  ]
}