block_id,order_in_block,strategy,strategy_label,concurrency,run_id,throughput,p50,p99,avg_latency,latency_stddev,latency_cv,errors,warmup_ops_per_client,measured_ops_per_client,unix_time,cpu_freq_mean_mhz,cpu_freq_max_mhz,cpu_governor,temp_max_celsius,mem_total_kb,mem_available_kb,mem_free_kb,swap_total_kb,swap_free_kb,load_1m,load_5m,load_15m,ac_online,battery_status,battery_capacity_pct
1,1,sharded_2key,Sharded-2key,150,1,111996.21963148566,1241.0,3547.0,1306.3229703703703,662.7613963133582,0.5073488037383674,0,100,900,1790534160.4097292,3600.01825,3600.128,performance,65.0,7771284.0,3986612.0,956784.0,7771132.0,7731932.0,3.69,5.39,3.2,True,Charging,82
1,2,thread_local,ThreadLocal,100,1,114242.7030323159,786.0,2673.0,847.6442555555556,485.8865791850983,0.5732199280541844,0,100,900,1790534164.080825,2223.3565,4100.41,performance,59.0,7771284.0,3985760.0,938260.0,7771132.0,7731932.0,5.56,5.75,3.33,True,Charging,82
1,3,sharded_2key,Sharded-2key,500,1,105288.89493387532,4060.0,14511.0,4621.13828,2835.5814485151345,0.6136110362218233,0,100,900,1790534167.283134,3084.1155,4100.192,performance,62.0,7771284.0,3995860.0,948304.0,7771132.0,7731932.0,5.12,5.66,3.31,True,Charging,82
1,4,disabled,Disabled,200,1,110328.87327024323,1683.0,4459.0,1778.0269777777778,894.2148536602698,0.502925357621897,0,100,900,1790534174.3907554,2975.022,4094.986,performance,65.0,7771284.0,3983244.0,935452.0,7771132.0,7731932.0,5.59,5.74,3.35,True,Charging,82
1,5,thread_local,ThreadLocal,400,1,103768.45764253667,3485.0,9425.0,3729.93285,1953.4204677310804,0.5237146474985683,0,100,900,1790534178.544507,3887.5185,4056.378,performance,66.0,7771284.0,4004132.0,956340.0,7771132.0,7731932.0,5.94,5.82,3.38,True,Charging,82
1,6,global_mutex,GlobalMutex,400,1,106460.00757245302,3425.0,9689.0,3674.643238888889,1942.2143197936916,0.5285450024751148,0,100,900,1790534184.734631,1324.9885,4099.954,performance,67.0,7771284.0,3967356.0,919356.0,7771132.0,7731932.0,6.67,5.97,3.45,True,Charging,82
1,7,hdr_histogram,HdrHistogram,500,1,107430.827163267,4151.0,12477.0,4535.445377777778,2555.8463796889564,0.5635270997225059,0,100,900,1790534190.8375905,1321.156,4084.624,performance,65.05,7771284.0,3997324.0,949076.0,7771132.0,7731932.0,7.81,6.22,3.54,True,Charging,82
1,8,hdr_histogram,HdrHistogram,100,1,115164.02268560804,779.0,2869.0,845.7162111111111,509.97209429410924,0.60300617109385,0,100,900,1790534197.8481858,2160.73125,3934.59,performance,65.0,7771284.0,4000100.0,951376.0,7771132.0,7731932.0,6.61,6.01,3.5,True,Charging,82
1,9,hdr_histogram,HdrHistogram,400,1,106400.27952204633,3460.0,9206.0,3685.539275,1883.8623748168231,0.511149721723376,0,100,900,1790534201.046622,3093.04525,4100.715,performance,70.0,7771284.0,4010932.0,962184.0,7771132.0,7731932.0,6.61,6.01,3.5,True,Charging,82
1,10,global_mutex,GlobalMutex,150,1,110586.83784462821,1252.0,3800.0,1330.2745851851853,709.6535799566011,0.5334639839472025,0,100,900,1790534207.1566699,1273.709,3894.836,performance,66.0,7771284.0,4045432.0,996556.0,7771132.0,7731932.0,5.67,5.83,3.47,True,Charging,82
1,11,thread_local,ThreadLocal,25,1,120263.27201684575,170.0,988.0,200.8240888888889,202.9797017222417,1.0107338359918838,0,100,900,1790534210.844501,3822.8925,4053.715,performance,66.0,7771284.0,4041940.0,992976.0,7771132.0,7731932.0,5.67,5.83,3.47,True,Charging,82
1,12,sharded_n,Sharded-N,100,1,113110.22215497386,805.0,2674.0,861.4175111111111,486.2610182171265,0.5644893584644176,0,100,900,1790534213.375491,3794.466,3911.255,performance,64.0,7771284.0,4044556.0,995564.0,7771132.0,7731932.0,5.21,5.73,3.45,True,Charging,82
1,13,sharded_n,Sharded-N,400,1,104890.21252463854,3506.0,9649.0,3737.3448694444446,1942.9525033858604,0.5198750908087002,0,100,900,1790534216.5880132,1324.871,4099.484,performance,63.05,7771284.0,4048356.0,999316.0,7771132.0,7731932.0,4.88,5.66,3.44,True,Charging,83
1,14,thread_local,ThreadLocal,150,1,111062.18003968008,1246.0,3751.0,1321.545762962963,695.4723791150163,0.5262567506975597,0,100,900,1790534222.7437255,3726.79475,3755.881,performance,66.0,7771284.0,4061152.0,1011680.0,7771132.0,7731932.0,4.49,5.56,3.42,True,Charging,83
1,15,sharded_n,Sharded-N,25,1,111914.11728545773,175.0,1270.0,212.0268,229.3552788611825,1.0817277762112265,0,100,900,1790534226.4146385,2234.502,4100.048,performance,68.0,7771284.0,4060056.0,1010440.0,7771132.0,7731932.0,4.13,5.47,3.4,True,Charging,83
1,16,disabled,Disabled,300,1,109328.57116109821,2539.0,6820.0,2695.677451851852,1369.9499856332916,0.5082024871678086,0,100,900,1790534228.9630253,3842.5945,3991.156,performance,67.0,7771284.0,4060800.0,1011240.0,7771132.0,7731932.0,4.13,5.47,3.4,True,Charging,83
1,17,global_mutex,GlobalMutex,100,1,113920.91953806844,801.0,2811.0,861.0892555555556,495.7334851588716,0.5757051106613047,0,100,900,1790534234.0411315,1273.72625,3894.905,performance,69.0,7771284.0,4056800.0,1007200.0,7771132.0,7731932.0,5.16,5.66,3.47,True,Charging,83
1,18,global_mutex,GlobalMutex,50,1,115754.71526446781,378.0,1914.0,423.57204444444443,319.9033457010444,0.7552513200455154,0,100,900,1790534237.2436028,3895.413,4101.198,performance,64.05,7771284.0,4069088.0,1019500.0,7771132.0,7731932.0,4.75,5.57,3.46,True,Charging,83
1,19,global_mutex,GlobalMutex,500,1,106290.13087671754,4276.0,12640.0,4621.883513333333,2489.7186077643278,0.538680518576879,0,100,900,1790534239.9971068,400.0,400.0,performance,63.0,7771284.0,4057840.0,1008172.0,7771132.0,7731932.0,4.75,5.57,3.46,True,Charging,83
1,20,disabled,Disabled,500,1,107003.90073089764,4147.0,12231.0,4530.644977777778,2558.43562981955,0.5646956763040014,0,100,900,1790534247.0494719,1306.077,4024.308,performance,65.0,7771284.0,4062528.0,1012656.0,7771132.0,7731932.0,4.46,5.48,3.45,True,Charging,83
1,21,disabled,Disabled,25,1,126247.80950231239,158.0,1058.0,190.90942222222222,213.679827204789,1.1192733429157917,0,100,900,1790534254.0628953,2234.79125,4100.186,performance,66.0,7771284.0,4045860.0,995720.0,7771132.0,7731932.0,4.74,5.52,3.48,True,Charging,83
1,22,sharded_n,Sharded-N,300,1,107549.07066561241,2551.0,6938.0,2729.4320296296296,1387.1385984051974,0.5082151097176892,0,100,900,1790534256.587674,3107.65725,4079.19,performance,65.0,7771284.0,4047412.0,997076.0,7771132.0,7731932.0,4.36,5.43,3.46,True,Charging,83
1,23,global_mutex,GlobalMutex,25,1,119353.10806394316,178.0,985.0,203.12106666666668,190.66288440885987,0.9386662227495516,0,100,900,1790534261.7085686,3142.47525,4100.026,performance,66.0,7771284.0,4049200.0,997900.0,7771132.0,7731932.0,4.01,5.34,3.44,True,Charging,83
1,24,sharded_n,Sharded-N,50,1,117080.30505341127,373.0,1860.0,416.56275555555555,329.62897499526827,0.7913068813741001,0,100,900,1790534264.2426147,3169.93525,4100.491,performance,65.0,7771284.0,4042596.0,991272.0,7771132.0,7731932.0,4.01,5.34,3.44,True,Charging,83
1,25,hdr_histogram,HdrHistogram,50,1,119651.12444204853,361.0,1910.0,406.33573333333334,314.589183825347,0.7742099894701532,0,100,900,1790534266.9948225,3799.24975,3920.476,performance,64.0,7771284.0,4044632.0,993232.0,7771132.0,7731932.0,3.69,5.25,3.42,True,Charging,83
1,26,disabled,Disabled,150,1,112404.38994995247,1232.0,3644.0,1305.3302148148148,662.1073605933755,0.5072336126742516,0,100,900,1790534269.7399912,1324.98625,4099.945,performance,63.0,7771284.0,4058124.0,1006624.0,7771132.0,7731932.0,3.69,5.25,3.42,True,Charging,83
1,27,hdr_histogram,HdrHistogram,200,1,111958.75457394896,1657.0,4326.0,1745.3814277777778,841.4990177782278,0.48212900881478127,0,100,900,1790534273.4057753,3984.8935,4047.485,performance,64.0,7771284.0,4052452.0,1000864.0,7771132.0,7731932.0,5.8,5.66,3.56,True,Charging,83
1,28,thread_local,ThreadLocal,500,1,106831.71650909698,4285.0,12232.0,4601.846906666667,2483.8267768866585,0.5397456341470974,0,100,900,1790534277.5370438,1325.3215,4101.286,performance,66.0,7771284.0,4041304.0,989668.0,7771132.0,7731932.0,5.33,5.57,3.54,True,Charging,83
1,29,hdr_histogram,HdrHistogram,300,1,107352.48493659553,2596.0,6751.0,2745.5006296296297,1382.7828354100584,0.5036541680183833,0,100,900,1790534284.5701296,3089.74525,4099.922,performance,65.0,7771284.0,4047720.0,995828.0,7771132.0,7731932.0,5.55,5.61,3.57,True,Charging,83
1,30,sharded_2key,Sharded-2key,100,1,112810.67198884353,816.0,2676.0,870.4645222222222,485.9827475670143,0.5583027626747401,0,100,900,1790534289.7085798,3074.3195,4100.882,performance,65.05,7771284.0,4044404.0,992276.0,7771132.0,7731932.0,5.74,5.65,3.59,True,Charging,83
1,31,sharded_2key,Sharded-2key,200,1,109150.38050262276,1721.0,4167.0,1782.9895833333333,833.8691313159522,0.4676803157520516,0,100,900,1790534292.9251392,3861.38375,4102.051,performance,66.05,7771284.0,4045396.0,993248.0,7771132.0,7731932.0,5.28,5.55,3.57,True,Charging,83
1,32,thread_local,ThreadLocal,50,1,124585.01803308612,364.0,1519.0,395.0302888888889,283.8230366984319,0.7184842395167919,0,100,900,1790534297.0970187,1269.79575,3879.183,performance,65.0,7771284.0,4049588.0,997412.0,7771132.0,7731932.0,4.86,5.46,3.55,True,Charging,83
1,33,sharded_2key,Sharded-2key,25,1,121556.43386291905,182.0,742.0,198.85022222222221,163.891117723846,0.8241937871243203,0,100,900,1790534299.8289962,3978.3185,4086.578,performance,69.0,7771284.0,4050604.0,998412.0,7771132.0,7731932.0,4.86,5.46,3.55,True,Charging,83
1,34,disabled,Disabled,50,1,118142.20314400083,354.0,2053.0,410.2932,368.0784551414236,0.8971107859974857,0,100,900,1790534302.36,3075.18625,4100.223,performance,63.0,7771284.0,4048972.0,996580.0,7771132.0,7731932.0,4.55,5.39,3.54,True,Charging,83
1,35,thread_local,ThreadLocal,300,1,109234.10577937248,2537.0,6615.0,2702.3272185185183,1349.4549876048666,0.49936772214605113,0,100,900,1790534305.10006,3895.36,4099.438,performance,63.0,7771284.0,4051252.0,998816.0,7771132.0,7731932.0,4.55,5.39,3.54,True,Charging,83
1,36,sharded_n,Sharded-N,500,1,105312.90852566612,4189.0,13005.0,4588.322917777778,2673.212572464609,0.5826121265587172,0,100,900,1790534310.1847253,1315.23225,4060.929,performance,63.05,7771284.0,4039688.0,987156.0,7771132.0,7731932.0,6.91,5.86,3.7,True,Charging,83
1,37,hdr_histogram,HdrHistogram,25,1,122586.49929494239,184.0,814.0,195.86666666666667,163.43617570218916,0.8344256758110407,0,100,900,1790534317.2900352,3899.03775,4101.61,performance,65.05,7771284.0,4046568.0,993460.0,7771132.0,7731932.0,17.49,8.25,4.51,True,Charging,83
1,38,sharded_2key,Sharded-2key,300,1,108131.5294623335,2538.0,6909.0,2698.343474074074,1394.2394951538774,0.5167020094179468,0,100,900,1790534319.8214688,3028.13875,4097.174,performance,64.0,7771284.0,4046848.0,993748.0,7771132.0,7731932.0,17.49,8.25,4.51,True,Charging,83
1,39,global_mutex,GlobalMutex,200,1,111187.8009750692,1689.0,4395.0,1762.9090333333334,849.979056398533,0.4821457263687512,0,100,900,1790534324.9276836,3964.7405,4093.6,performance,66.0,7771284.0,4046940.0,993928.0,7771132.0,7731932.0,16.73,8.25,4.53,True,Charging,83
1,40,sharded_2key,Sharded-2key,400,1,104406.96255370158,3609.0,9099.0,3785.171402777778,1870.0519247980906,0.4940468279522925,0,100,900,1790534329.0626943,3009.78825,4004.476,performance,64.0,7771284.0,4044936.0,991860.0,7771132.0,7731932.0,16.03,8.24,4.54,True,Charging,83
1,41,thread_local,ThreadLocal,200,1,109800.0057798723,1713.0,4344.0,1789.6441666666667,857.4950059088935,0.4791427379142279,0,100,900,1790534335.2612407,1324.5125,4098.05,performance,66.0,7771284.0,4075916.0,1022728.0,7771132.0,7731932.0,15.3,8.22,4.56,True,Charging,84
1,42,disabled,Disabled,400,1,109000.52496378665,3295.0,9262.0,3574.703488888889,1889.2689498177476,0.5285106738754944,0,100,900,1790534339.41214,3896.39875,4098.449,performance,67.0,7771284.0,4078236.0,1024924.0,7771132.0,7731932.0,15.68,8.42,4.64,True,Charging,84
1,43,global_mutex,GlobalMutex,300,1,107727.73211858436,2538.0,6824.0,2686.6780777777776,1382.605957226989,0.5146154162133852,0,100,900,1790534345.4332125,3940.28575,4101.736,performance,67.0,7771284.0,4069384.0,1015764.0,7771132.0,7731932.0,20.59,9.55,5.03,True,Charging,84
1,44,disabled,Disabled,100,1,114809.95476296432,794.0,2722.0,853.8554444444444,492.0780916139706,0.5763014041962783,0,100,900,1790534350.5633152,1304.476,4017.904,performance,67.0,7771284.0,4071240.0,1017484.0,7771132.0,7731932.0,22.63,10.16,5.25,True,Charging,84
1,45,sharded_n,Sharded-N,200,1,110120.26736669891,1657.0,4684.0,1779.0370166666667,899.2268026761228,0.5054570502197755,0,100,900,1790534353.7675397,2249.80875,4099.922,performance,70.0,7771284.0,4073288.0,1019532.0,7771132.0,7731932.0,21.77,10.19,5.29,True,Charging,84
1,46,sharded_2key,Sharded-2key,50,1,116243.10349040842,379.0,1598.0,415.77655555555555,326.60397284176645,0.7855276313147629,0,100,900,1790534357.921804,1324.9795,4099.918,performance,65.05,7771284.0,4067692.0,1013884.0,7771132.0,7731932.0,20.03,10.02,5.26,True,Charging,84
1,47,hdr_histogram,HdrHistogram,150,1,109204.70913420366,1265.0,3748.0,1342.7052222222221,697.7821576450901,0.5196838040819096,0,100,900,1790534360.6776125,2151.55425,3906.774,performance,65.0,7771284.0,4073064.0,1019268.0,7771132.0,7731932.0,20.03,10.02,5.26,True,Charging,84
1,48,sharded_n,Sharded-N,150,1,110983.05885780098,1240.0,3556.0,1323.1195703703704,659.5047979072865,0.49844686200407157,0,100,900,1790534364.3804524,2250.43825,4102.342,performance,66.0,7771284.0,4067688.0,1013852.0,7771132.0,7731932.0,20.83,10.35,5.39,True,Charging,84
2,1,hdr_histogram,HdrHistogram,500,1,105174.0819914552,4358.0,11988.0,4637.909902222223,2481.56791408552,0.5350616908052686,0,100,900,1790534368.0657825,3979.9215,4098.904,performance,65.05,7771284.0,4071000.0,1017024.0,7771132.0,7731932.0,19.16,10.18,5.36,True,Charging,84
2,2,sharded_2key,Sharded-2key,400,1,106950.68779688752,3370.0,9239.0,3612.5158527777776,1890.5252112905762,0.5233264816919465,0,100,900,1790534375.1599314,3122.213,4099.937,performance,66.0,7771284.0,4071572.0,1017420.0,7771132.0,7731932.0,18.67,10.23,5.4,True,Charging,84
2,3,thread_local,ThreadLocal,300,1,107845.05146540604,2524.0,6818.0,2710.742688888889,1386.5671701485194,0.5115082209137533,0,100,900,1790534381.2411427,1324.8255,4099.302,performance,71.0,7771284.0,4066668.0,1012228.0,7771132.0,7731932.0,16.39,10.02,5.39,True,Charging,84
2,4,global_mutex,GlobalMutex,300,1,108795.84592122928,2543.0,6801.0,2715.801651851852,1359.4215713046601,0.5005599618726563,0,100,900,1790534386.3582938,2251.2195,4103.319,performance,70.0,7771284.0,4069396.0,1014856.0,7771132.0,7731932.0,15.07,9.85,5.36,True,Charging,84
2,5,thread_local,ThreadLocal,25,1,118771.39699708957,179.0,917.0,204.16875555555555,186.38819285370727,0.9129124206420992,0,100,900,1790534391.4539976,3966.24725,4104.368,performance,71.0,7771284.0,4074376.0,1019768.0,7771132.0,7731932.0,13.87,9.69,5.33,True,Charging,84
2,6,sharded_n,Sharded-N,300,1,106542.91689506755,2586.0,6990.0,2751.0934851851853,1422.5336831648676,0.5170793689219587,0,100,900,1790534393.9902318,2137.07525,3926.71,performance,66.0,7771284.0,4073828.0,1019204.0,7771132.0,7731932.0,13.87,9.69,5.33,True,Charging,84
2,7,sharded_n,Sharded-N,50,1,115456.01901155255,379.0,1754.0,421.3448222222222,315.41817741673214,0.7485986792318451,0,100,900,1790534399.139149,3092.91375,4091.643,performance,69.0,7771284.0,4082816.0,1028308.0,7771132.0,7731932.0,15.32,10.06,5.47,True,Charging,84
2,8,disabled,Disabled,500,1,107486.79002100219,4204.0,11815.0,4498.2023266666665,2416.520864320308,0.5372192464519574,0,100,900,1790534401.898246,3795.7,3836.641,performance,68.0,7771284.0,4081020.0,1026492.0,7771132.0,7731932.0,14.09,9.89,5.44,True,Charging,84
2,9,global_mutex,GlobalMutex,25,1,113741.71488919389,181.0,1287.0,214.49835555555555,233.4102186917852,1.0881678700391315,0,100,900,1790534408.893056,400.0,400.0,performance,66.05,7771284.0,4066128.0,1011472.0,7771132.0,7731932.0,13.6,9.86,5.46,True,Charging,84
2,10,global_mutex,GlobalMutex,50,1,116234.82844901668,367.0,1941.0,419.82144444444447,344.75466820100576,0.821193563985814,0,100,900,1790534411.4371727,400.0,400.0,performance,65.0,7771284.0,4065116.0,1010208.0,7771132.0,7731932.0,12.51,9.7,5.43,True,Charging,84
2,11,hdr_histogram,HdrHistogram,100,1,112608.34950172357,804.0,2674.0,866.0747777777777,487.82293559084326,0.5632572938361352,0,100,900,1790534414.1912766,3062.562,3976.311,performance,68.0,7771284.0,4069692.0,1014692.0,7771132.0,7731932.0,12.51,9.7,5.43,True,Charging,84
2,12,global_mutex,GlobalMutex,100,1,113117.36872289145,812.0,2985.0,867.6208,508.31061816293715,0.5858672569432835,0,100,900,1790534417.412126,2250.47975,4101.783,performance,67.0,7771284.0,4069724.0,1014732.0,7771132.0,7731932.0,11.51,9.54,5.4,True,Charging,84
2,13,sharded_2key,Sharded-2key,100,1,112957.68363692534,810.0,2707.0,868.1372222222222,477.15396105110904,0.5496296539730318,0,100,900,1790534420.6261997,1325.334,4101.336,performance,63.05,7771284.0,4075652.0,1020624.0,7771132.0,7731932.0,11.51,9.54,5.4,True,Charging,84
2,14,global_mutex,GlobalMutex,200,1,110733.02352370087,1656.0,4480.0,1767.6112611111112,882.844307860323,0.499456145863979,0,100,900,1790534423.843332,3061.07525,4085.228,performance,67.0,7771284.0,4068520.0,1013452.0,7771132.0,7731932.0,11.15,9.49,5.41,True,Charging,84
2,15,thread_local,ThreadLocal,200,1,110863.1476148834,1695.0,4448.0,1777.9503444444445,863.250579301992,0.4855313209389611,0,100,900,1790534427.9741154,3806.826,4084.161,performance,68.0,7771284.0,4075028.0,1019816.0,7771132.0,7731932.0,10.26,9.34,5.38,True,Charging,84
2,16,sharded_n,Sharded-N,25,1,121162.55438623579,170.0,1024.0,199.5264,189.462224819272,0.9495596814219672,0,100,900,1790534432.1053512,3916.90775,4099.058,performance,68.0,7771284.0,4073684.0,1018300.0,7771132.0,7731932.0,9.52,9.2,5.35,True,Charging,84
2,17,disabled,Disabled,400,1,110057.86364024213,3156.0,10357.0,3515.8419694444447,2017.5935996616572,0.5738578744995376,0,100,900,1790534434.6385994,3116.204,4099.377,performance,62.0,7771284.0,4070548.0,1015100.0,7771132.0,7731932.0,9.52,9.2,5.35,True,Charging,84
2,18,sharded_n,Sharded-N,500,1,105498.33678601608,4456.0,11995.0,4667.124542222222,2336.8928627553214,0.5007136281909942,0,100,900,1790534440.6198401,3963.02825,4084.99,performance,63.0,7771284.0,4070996.0,1015404.0,7771132.0,7731932.0,12.52,9.83,5.58,True,Charging,84
2,19,thread_local,ThreadLocal,50,1,116892.14034911993,377.0,1743.0,419.3140888888889,321.839521409359,0.7675380578367378,0,100,900,1790534447.714918,3763.60575,3885.523,performance,65.0,7771284.0,4066424.0,1010572.0,7771132.0,7731932.0,11.62,9.73,5.59,True,Charging,84
2,20,sharded_n,Sharded-N,200,1,109850.81756712035,1677.0,4630.0,1789.3046555555557,894.4731705235158,0.4998998732531625,0,100,900,1790534450.4676023,3776.15375,3859.791,performance,65.0,7771284.0,4070356.0,1014400.0,7771132.0,7731932.0,11.62,9.73,5.59,True,Charging,84
2,21,sharded_2key,Sharded-2key,300,1,108283.30481557481,2543.0,6691.0,2699.7146,1375.3425499701468,0.5094399793112009,0,100,900,1790534454.622325,2995.09,4078.874,performance,64.0,7771284.0,4067044.0,1011020.0,7771132.0,7731932.0,11.09,9.65,5.59,True,Charging,84
2,22,global_mutex,GlobalMutex,150,1,110943.7143953114,1256.0,3576.0,1325.924437037037,652.1802704279473,0.49186835404084944,0,100,900,1790534459.7318633,3878.4015,4099.37,performance,68.0,7771284.0,4070576.0,1014464.0,7771132.0,7731932.0,10.93,9.64,5.61,True,Charging,85
2,23,sharded_2key,Sharded-2key,50,1,116838.43392079171,365.0,1945.0,416.8607777777778,346.33705234212897,0.8308218734043529,0,100,900,1790534463.4101841,4059.79075,4101.282,performance,64.0,7771284.0,4070908.0,1014708.0,7771132.0,7731932.0,13.89,10.28,5.84,True,Charging,85
2,24,sharded_2key,Sharded-2key,25,1,122854.42392883556,163.0,1058.0,195.20875555555557,199.61344399192896,1.022563990143976,0,100,900,1790534466.1624444,3876.55325,3993.593,performance,64.0,7771284.0,4066736.0,1010516.0,7771132.0,7731932.0,12.78,10.11,5.81,True,Charging,85
2,25,thread_local,ThreadLocal,500,1,107075.79348287144,4096.0,12223.0,4478.304617777778,2552.7542527020914,0.5700269344269882,0,100,900,1790534468.689294,2228.0535,4100.162,performance,62.05,7771284.0,4066644.0,1010380.0,7771132.0,7731932.0,12.78,10.11,5.81,True,Charging,85
2,26,hdr_histogram,HdrHistogram,150,1,109357.25041960356,1271.0,3672.0,1344.2037629629629,677.9101830112905,0.5043209978203053,0,100,900,1790534475.7061093,3896.798,4004.317,performance,64.0,7771284.0,4062824.0,1006340.0,7771132.0,7731932.0,12.56,10.1,5.83,True,Charging,85
2,27,thread_local,ThreadLocal,100,1,114842.8477838213,800.0,2455.0,851.4579111111111,450.8877959262658,0.5295479553861673,0,100,900,1790534479.4105718,3958.424,4100.926,performance,64.05,7771284.0,4064392.0,1007668.0,7771132.0,7731932.0,15.96,10.85,6.09,True,Charging,85
2,28,disabled,Disabled,100,1,115447.82854711628,804.0,2510.0,854.1633555555555,465.9148508400203,0.5454634032350698,0,100,900,1790534482.6151767,2969.25075,3931.59,performance,64.0,7771284.0,4067132.0,1010372.0,7771132.0,7731932.0,14.68,10.67,6.06,True,Charging,85
2,29,disabled,Disabled,200,1,111670.99854703686,1636.0,4644.0,1745.091961111111,902.2020627495912,0.5169939939297832,0,100,900,1790534485.8034348,1296.02425,3984.097,performance,61.05,7771284.0,4067864.0,1011068.0,7771132.0,7731932.0,14.68,10.67,6.06,True,Charging,85
2,30,sharded_2key,Sharded-2key,150,1,112512.68149185208,1218.0,3799.0,1304.7609851851853,708.9915605815503,0.5433880753883232,0,100,900,1790534489.9225006,2050.528,3701.513,performance,62.05,7771284.0,4058740.0,1001900.0,7771132.0,7731932.0,13.5,10.49,6.03,True,Charging,85
2,31,hdr_histogram,HdrHistogram,50,1,116870.78807743642,371.0,1858.0,415.7821333333333,335.8442049312355,0.8077408286853648,0,100,900,1790534493.5846088,1322.5575,4090.23,performance,64.0,7771284.0,4067252.0,1010364.0,7771132.0,7731932.0,13.3,10.5,6.05,True,Charging,85
2,32,sharded_2key,Sharded-2key,200,1,111950.41811512705,1645.0,4586.0,1741.4652888888888,877.4115659780764,0.5038352309266487,0,100,900,1790534496.3397307,4057.68525,4102.668,performance,62.0,7771284.0,4063040.0,1006004.0,7771132.0,7731932.0,12.24,10.33,6.02,True,Charging,85
2,33,sharded_2key,Sharded-2key,500,1,106326.08612320259,4314.0,11704.0,4608.78306,2384.764008294733,0.517438980583029,0,100,900,1790534500.4707823,3892.50575,4100.713,performance,67.0,7771284.0,4072560.0,1015492.0,7771132.0,7731932.0,12.24,10.33,6.02,True,Charging,85
2,34,disabled,Disabled,300,1,110203.5925536074,2463.0,7293.0,2664.572374074074,1415.2581233448918,0.5311389313779428,0,100,900,1790534507.5317395,3153.40825,4099.869,performance,64.05,7771284.0,4063928.0,1006656.0,7771132.0,7731932.0,11.02,10.13,6.0,True,Charging,85
2,35,disabled,Disabled,50,1,117644.76436616425,364.0,1942.0,413.18284444444447,345.7118167946704,0.8367041890606713,0,100,900,1790534512.599022,3927.11625,4045.364,performance,69.0,7771284.0,4064424.0,1006856.0,7771132.0,7731932.0,10.14,9.96,5.97,True,Charging,85
2,36,sharded_n,Sharded-N,400,1,107016.02254918202,3349.0,9815.0,3637.8819083333333,1959.984284872489,0.538770728203885,0,100,900,1790534515.339881,3073.31525,4100.037,performance,68.0,7771284.0,4065028.0,1007424.0,7771132.0,7731932.0,10.14,9.96,5.97,True,Charging,85
2,37,thread_local,ThreadLocal,150,1,110504.62516617501,1254.0,3796.0,1329.1395481481482,683.7087091122438,0.5143994925625646,0,100,900,1790534521.4246209,3172.65675,4101.349,performance,68.0,7771284.0,4066000.0,1008280.0,7771132.0,7731932.0,9.09,9.75,5.94,True,Charging,85
2,38,sharded_n,Sharded-N,100,1,113146.14140680904,806.0,3036.0,867.0017555555555,509.6785756617255,0.5878633721279316,0,100,900,1790534525.106639,4033.17225,4050.481,performance,64.05,7771284.0,4065520.0,1007780.0,7771132.0,7731932.0,9.09,9.75,5.94,True,Charging,85
2,39,thread_local,ThreadLocal,400,1,106803.84942327288,3409.0,10129.0,3682.1617472222224,1963.2403397906544,0.533176018481996,0,100,900,1790534528.3194838,4047.44825,4106.585,performance,64.0,7771284.0,4055532.0,997624.0,7771132.0,7731932.0,9.08,9.74,5.96,True,Charging,85
2,40,hdr_histogram,HdrHistogram,400,1,106220.87110952723,3434.0,8937.0,3621.898577777778,1855.509574665139,0.5123030186570244,0,100,900,1790534534.4034488,2160.67275,4097.908,performance,68.0,7771284.0,4077016.0,1018960.0,7771132.0,7731932.0,11.24,10.17,6.12,True,Charging,85
2,41,disabled,Disabled,25,1,124129.63677775991,163.0,1044.0,194.15311111111112,207.88353930860683,1.0707195888797165,0,100,900,1790534540.520149,3163.929,4105.759,performance,66.0,7771284.0,4071340.0,1013232.0,7771132.0,7731932.0,12.02,10.35,6.2,True,Charging,85
2,42,global_mutex,GlobalMutex,500,1,105939.0870862646,4271.0,12184.0,4605.10878,2465.579383883373,0.535400899668514,0,100,900,1790534543.047325,3008.79725,4099.873,performance,66.0,7771284.0,4075408.0,1017084.0,7771132.0,7731932.0,11.06,10.18,6.17,True,Charging,85
2,43,hdr_histogram,HdrHistogram,200,1,109918.01879981736,1704.0,4395.0,1788.0435388888889,851.9049122661171,0.47644528432204775,0,100,900,1790534550.1039083,4071.35525,4099.884,performance,70.0,7771284.0,4079236.0,1020520.0,7771132.0,7731932.0,12.74,10.54,6.31,True,Charging,85
2,44,global_mutex,GlobalMutex,400,1,106654.46925074593,3472.0,9136.0,3685.4403555555555,1849.1904036966025,0.5017556181336842,0,100,900,1790534554.2631524,2175.15775,4002.648,performance,68.0,7771284.0,4076360.0,1017636.0,7771132.0,7731932.0,12.2,10.47,6.31,True,Charging,85
2,45,disabled,Disabled,150,1,111987.22189630439,1249.0,3531.0,1311.852562962963,666.9899906243273,0.5084336528777725,0,100,900,1790534560.3520606,3867.6655,3931.603,performance,69.0,7771284.0,4076920.0,1017980.0,7771132.0,7731932.0,12.1,10.48,6.33,True,Charging,85
2,46,sharded_n,Sharded-N,150,1,109321.57354742354,1277.0,3363.0,1344.3682814814815,651.4562524809489,0.48458168900195275,0,100,900,1790534564.0250123,3944.9795,4102.374,performance,69.0,7771284.0,4074716.0,1015732.0,7771132.0,7731932.0,12.41,10.57,6.38,True,Charging,85
2,47,hdr_histogram,HdrHistogram,300,1,107820.6048861006,2555.0,6622.0,2694.0556962962964,1358.1571561376256,0.5041310608406417,0,100,900,1790534567.7244115,2238.915,4083.474,performance,69.0,7771284.0,4066924.0,1007896.0,7771132.0,7731932.0,11.42,10.39,6.35,True,Charging,85
2,48,hdr_histogram,HdrHistogram,25,1,121505.3659442719,166.0,1182.0,200.14213333333333,208.63248590888955,1.0424216152498769,0,100,900,1790534572.8601348,2526.27875,4101.914,performance,65.0,7771284.0,4070052.0,1010904.0,7771132.0,7731932.0,10.5,10.22,6.32,True,Charging,86
3,1,global_mutex,GlobalMutex,50,1,115196.48652559241,369.0,1863.0,419.8018222222222,333.82837713199024,0.7952046881665943,0,100,900,1790534575.3835056,1320.57075,4082.283,performance,66.0,7771284.0,4079292.0,1019892.0,7771132.0,7731932.0,10.5,10.22,6.32,True,Charging,86
3,2,sharded_n,Sharded-N,150,1,109953.15426315392,1270.0,3596.0,1341.3569037037037,665.8897175335399,0.49642993277546826,0,100,900,1790534578.1388261,3108.02875,4069.666,performance,63.0,7771284.0,4077040.0,1017460.0,7771132.0,7731932.0,10.54,10.23,6.34,True,Charging,86
3,3,sharded_n,Sharded-N,400,1,106191.64861089081,3480.0,9089.0,3679.9944277777777,1866.2407760533288,0.507131413560397,0,100,900,1790534581.827567,2242.42125,4098.632,performance,67.0,7771284.0,4075304.0,1015712.0,7771132.0,7731932.0,9.7,10.06,6.31,True,Charging,86
3,4,sharded_n,Sharded-N,50,1,118558.1798303276,366.0,1932.0,411.35404444444447,343.7502926908716,0.8356555559217236,0,100,900,1790534587.9333766,1325.356,4101.424,performance,69.0,7771284.0,4068276.0,1008420.0,7771132.0,7731932.0,8.92,9.9,6.27,True,Charging,86
3,5,sharded_n,Sharded-N,25,1,115998.10078629544,167.0,1205.0,205.87306666666666,216.91813560326887,1.0536498975579234,0,100,900,1790534590.6797283,3018.72925,4100.104,performance,68.0,7771284.0,4071816.0,1011920.0,7771132.0,7731932.0,8.92,9.9,6.27,True,Charging,86
3,6,thread_local,ThreadLocal,400,1,107452.03175199659,3429.0,9183.0,3636.418475,1899.5542399743688,0.5223695383338324,0,100,900,1790534593.2203045,1325.31125,4101.245,performance,63.0,7771284.0,4075872.0,1015756.0,7771132.0,7731932.0,9.25,9.95,6.31,True,Charging,86
3,7,sharded_2key,Sharded-2key,100,1,114308.7958080719,804.0,2815.0,857.9762444444444,478.4928671781685,0.5576994354756308,0,100,900,1790534599.2803564,400.0,400.0,performance,68.0,7771284.0,4060720.0,1000476.0,7771132.0,7731932.0,13.95,10.91,6.64,True,Charging,86
3,8,hdr_histogram,HdrHistogram,300,1,108743.9348749973,2571.0,6407.0,2695.2773074074075,1320.6798221726228,0.48999775219529723,0,100,900,1790534602.481131,3834.87725,3929.721,performance,67.0,7771284.0,4063760.0,1003524.0,7771132.0,7731932.0,12.84,10.73,6.6,True,Charging,86
3,9,disabled,Disabled,100,1,114972.15352086029,788.0,2837.0,853.2997555555555,510.6755813053923,0.5984714960722193,0,100,900,1790534607.5746584,2089.64975,3858.548,performance,68.0,7771284.0,4065248.0,1004608.0,7771132.0,7731932.0,11.81,10.55,6.57,True,Charging,86
3,10,hdr_histogram,HdrHistogram,400,1,106639.4291238501,3453.0,9228.0,3694.389461111111,1886.1914521164606,0.5105556606771979,0,100,900,1790534610.7671466,3996.4385,4092.026,performance,68.0,7771284.0,4063640.0,1002984.0,7771132.0,7731932.0,11.81,10.55,6.57,True,Charging,86
3,11,thread_local,ThreadLocal,200,1,111236.27918494903,1659.0,4617.0,1768.0308222222222,883.130926461928,0.4994997345984775,0,100,900,1790534616.8728235,3906.75625,4086.463,performance,64.05,7771284.0,4056804.0,996032.0,7771132.0,7731932.0,14.71,11.25,6.84,True,Charging,86
3,12,hdr_histogram,HdrHistogram,50,1,112778.7973635455,389.0,1657.0,431.36797777777775,317.6821061507363,0.7364526866071465,0,100,900,1790534621.0033069,1325.5055,4102.022,performance,68.0,7771284.0,4052452.0,991484.0,7771132.0,7731932.0,14.71,11.25,6.84,True,Charging,86
3,13,disabled,Disabled,200,1,112359.76160457096,1616.0,4569.0,1742.1964777777778,885.517005909034,0.5082762003046503,0,100,900,1790534623.7721343,1325.9905,4103.962,performance,63.0,7771284.0,4058572.0,997408.0,7771132.0,7731932.0,13.53,11.06,6.8,True,Charging,86
3,14,disabled,Disabled,50,1,118838.90711663521,364.0,1912.0,410.05893333333336,322.1845837616391,0.7857031211163445,0,100,900,1790534627.878503,3790.73975,3899.539,performance,68.0,7771284.0,4058824.0,997616.0,7771132.0,7731932.0,12.45,10.88,6.77,True,Charging,86
3,15,sharded_2key,Sharded-2key,200,1,109838.8703253299,1681.0,4527.0,1784.528811111111,876.1823510424697,0.49098806675860135,0,100,900,1790534630.6273682,3097.08975,4099.913,performance,62.05,7771284.0,4061172.0,999916.0,7771132.0,7731932.0,12.45,10.88,6.77,True,Charging,86
3,16,hdr_histogram,HdrHistogram,500,1,104495.12952114064,4381.0,12238.0,4669.951368888889,2498.5864664397104,0.5350347935280948,0,100,900,1790534634.7883172,2085.917,3821.123,performance,66.0,7771284.0,4061244.0,999936.0,7771132.0,7731932.0,12.57,10.93,6.81,True,Charging,86
3,17,thread_local,ThreadLocal,300,1,107969.40518471818,2601.0,6625.0,2730.6343851851852,1357.194103096799,0.4970252006127716,0,100,900,1790534641.9143846,3060.22775,4101.868,performance,68.0,7771284.0,4074192.0,1012260.0,7771132.0,7731932.0,14.84,11.5,7.04,True,Charging,86
3,18,global_mutex,GlobalMutex,500,1,105389.27439204245,4332.0,12557.0,4633.1202066666665,2471.433690432971,0.5334274916668011,0,100,900,1790534647.02329,1302.4465,4009.786,performance,67.0,7771284.0,4075516.0,1013556.0,7771132.0,7731932.0,13.65,11.31,7.0,True,Charging,86
3,19,disabled,Disabled,150,1,112563.79975465345,1221.0,3823.0,1306.9905555555556,682.2903197702209,0.5220315608785737,0,100,900,1790534654.1165552,2225.308,4102.968,performance,66.05,7771284.0,4082516.0,1020400.0,7771132.0,7731932.0,14.72,11.57,7.11,True,Charging,86
3,20,sharded_2key,Sharded-2key,150,1,110231.61740069475,1256.0,3599.0,1330.802237037037,681.2212219486212,0.5118876441516399,0,100,900,1790534657.7775187,2077.17225,3794.511,performance,67.0,7771284.0,4079000.0,1016892.0,7771132.0,7731932.0,13.54,11.38,7.07,True,Charging,86
3,21,thread_local,ThreadLocal,25,1,121904.5383331286,186.0,523.0,191.74493333333334,131.20629698045366,0.6842751706631117,0,100,900,1790534661.474789,1323.084,4092.336,performance,69.0,7771284.0,4078612.0,1016456.0,7771132.0,7731932.0,12.45,11.19,7.03,True,Charging,86
3,22,sharded_n,Sharded-N,200,1,110321.54830237615,1643.0,4557.0,1765.6809888888888,885.7794142728294,0.5016644681835954,0,100,900,1790534664.005159,3802.2825,3915.39,performance,64.0,7771284.0,4077728.0,1015208.0,7771132.0,7731932.0,12.45,11.19,7.03,True,Charging,86
3,23,disabled,Disabled,500,1,107640.95098386258,4122.0,12618.0,4527.331291111111,2509.1436738083476,0.5542213530374417,0,100,900,1790534668.1520033,3941.2035,4092.953,performance,65.0,7771284.0,4083416.0,1020800.0,7771132.0,7731932.0,11.7,11.05,7.01,True,Charging,86
3,24,thread_local,ThreadLocal,50,1,120135.1097108661,372.0,1606.0,406.11446666666666,301.26956540366234,0.7418341136095021,0,100,900,1790534675.1449938,3760.5285,3808.39,performance,66.0,7771284.0,4067596.0,1004468.0,7771132.0,7731932.0,15.89,11.93,7.31,True,Charging,86
3,25,thread_local,ThreadLocal,500,1,106266.07551421908,4125.0,13861.0,4587.0429955555555,2763.616152301784,0.6024831585357903,0,100,900,1790534677.8872504,400.0,400.0,performance,64.0,7771284.0,4071068.0,1007912.0,7771132.0,7731932.0,14.61,11.73,7.28,True,Charging,86
3,26,hdr_histogram,HdrHistogram,25,1,116372.89639245004,174.0,1302.0,207.67484444444443,235.08704383980879,1.131995762263337,0,100,900,1790534684.9445038,1342.113,3791.58,performance,65.0,7771284.0,4071624.0,1008160.0,7771132.0,7731932.0,14.88,11.84,7.33,True,Charging,86
3,27,global_mutex,GlobalMutex,25,1,121168.67999647802,167.0,1114.0,199.64711111111112,202.3784655985529,1.0136809116457572,0,100,900,1790534687.485159,4024.03625,4103.47,performance,64.0,7771284.0,4072512.0,1009020.0,7771132.0,7731932.0,13.69,11.64,7.29,True,Charging,86
3,28,thread_local,ThreadLocal,150,1,110700.12981804225,1259.0,3621.0,1324.3356592592593,672.2672812551369,0.5076260512619257,0,100,900,1790534690.016895,3064.35225,4038.312,performance,64.05,7771284.0,4064840.0,990300.0,7771132.0,7731932.0,13.69,11.64,7.29,True,Charging,86
3,29,thread_local,ThreadLocal,100,1,113867.45735351852,800.0,2990.0,858.912411111111,489.54208251734326,0.5699557675317081,0,100,900,1790534693.708179,3137.626,4102.517,performance,63.0,7771284.0,4058668.0,983564.0,7771132.0,7731932.0,13.16,11.57,7.29,True,Charging,87
3,30,hdr_histogram,HdrHistogram,100,1,113585.43491040164,792.0,2927.0,854.9044555555555,504.4664441632741,0.5900851737115453,0,100,900,1790534696.9180562,2250.713,4102.43,performance,67.0,7771284.0,4059412.0,984272.0,7771132.0,7731932.0,12.1,11.37,7.25,True,Charging,87
3,31,sharded_2key,Sharded-2key,50,1,118559.55359008406,366.0,1996.0,409.6403555555556,317.22836349821097,0.7744070114087876,0,100,900,1790534700.1271267,3783.0325,4024.626,performance,63.05,7771284.0,4060040.0,984848.0,7771132.0,7731932.0,12.1,11.37,7.25,True,Charging,87
3,32,global_mutex,GlobalMutex,200,1,110184.23877795732,1708.0,4560.0,1789.2654444444445,859.6895295885444,0.48047064914701487,0,100,900,1790534702.8795557,3055.64375,4010.102,performance,62.05,7771284.0,4062584.0,987316.0,7771132.0,7731932.0,11.13,11.18,7.21,True,Charging,87
3,33,disabled,Disabled,25,1,121611.76318047343,175.0,1020.0,201.75537777777777,185.100443096093,0.9174498599981347,0,100,900,1790534707.0276072,1313.61525,4054.461,performance,66.0,7771284.0,4059632.0,984048.0,7771132.0,7731932.0,10.24,11.0,7.17,True,Charging,87
3,34,global_mutex,GlobalMutex,400,1,107166.76710112815,3449.0,9098.0,3647.992422222222,1847.7819898789458,0.5065202379870475,0,100,900,1790534709.5600467,2149.77425,4018.984,performance,65.0,7771284.0,4064420.0,988772.0,7771132.0,7731932.0,10.24,11.0,7.17,True,Charging,87
3,35,global_mutex,GlobalMutex,300,1,110273.52154431352,2499.0,6392.0,2653.2835111111112,1329.988088576716,0.5012612044687826,0,100,900,1790534715.6389775,2194.47875,4009.909,performance,63.05,7771284.0,4060836.0,984976.0,7771132.0,7731932.0,12.86,11.53,7.37,True,Charging,87
3,36,sharded_n,Sharded-N,100,1,112298.16384304351,808.0,2796.0,871.7751333333333,489.3686712358724,0.5613473618646526,0,100,900,1790534720.6983075,2250.76375,4101.569,performance,67.0,7771284.0,4064200.0,988304.0,7771132.0,7731932.0,16.72,12.35,7.65,True,Charging,87
3,37,sharded_2key,Sharded-2key,25,1,122909.54422928627,171.0,856.0,195.49355555555556,199.9787154843347,1.0229427508033868,0,100,900,1790534723.9169135,1324.96175,4099.847,performance,63.0,7771284.0,4066432.0,990456.0,7771132.0,7731932.0,15.86,12.25,7.65,True,Charging,87
3,38,sharded_2key,Sharded-2key,400,1,107221.75502675536,3487.0,8746.0,3652.3666166666667,1792.7563233316816,0.4908478560588316,0,100,900,1790534726.4432218,3890.61475,4081.788,performance,63.0,7771284.0,4065392.0,989384.0,7771132.0,7731932.0,14.59,12.04,7.6,True,Charging,87
3,39,sharded_2key,Sharded-2key,500,1,105707.29055010575,4286.0,12422.0,4640.063804444444,2470.1920978116873,0.5323616661145124,0,100,900,1790534732.5180776,1325.059,4100.236,performance,68.0,7771284.0,4066316.0,990192.0,7771132.0,7731932.0,13.42,11.84,7.56,True,Charging,87
3,40,global_mutex,GlobalMutex,150,1,110438.18091565423,1248.0,3832.0,1334.1706962962962,690.7836133212409,0.5177625436077107,0,100,900,1790534739.6021602,1326.9015,4107.606,performance,69.0,7771284.0,4062208.0,985684.0,7771132.0,7731932.0,16.19,12.44,7.78,True,Charging,87
3,41,disabled,Disabled,300,1,106556.97883856898,2613.0,6956.0,2774.241411111111,1391.626481655135,0.5016241470845086,0,100,900,1790534743.290294,1325.36125,4101.445,performance,68.0,7771284.0,4061780.0,985260.0,7771132.0,7731932.0,15.45,12.35,7.78,True,Charging,87
3,42,sharded_2key,Sharded-2key,300,1,105323.58094498662,2664.0,6898.0,2794.8897962962965,1394.1290647087387,0.4988136085208785,0,100,900,1790534748.4383395,2964.958,3930.522,performance,69.0,7771284.0,4054296.0,977504.0,7771132.0,7731932.0,18.22,12.98,8.0,True,Charging,87
3,43,sharded_n,Sharded-N,300,1,107802.51807637114,2534.0,6795.0,2695.581725925926,1395.657389227199,0.5177574012332324,0,100,900,1790534753.6081493,2250.3005,4101.085,performance,69.0,7771284.0,4057124.0,980012.0,7771132.0,7731932.0,17.8,12.98,8.03,True,Charging,87
3,44,sharded_n,Sharded-N,500,1,105603.79227667506,4207.0,13293.0,4641.927313333334,2634.2844537951432,0.5674979972711988,0,100,900,1790534758.7198792,4066.54625,4099.913,performance,69.0,7771284.0,4052564.0,975380.0,7771132.0,7731932.0,17.02,12.89,8.03,True,Charging,87
3,45,disabled,Disabled,400,1,109010.85960884285,3308.0,9841.0,3606.370072222222,1940.535825826693,0.5380856060151773,0,100,900,1790534765.8027735,2234.133,4099.976,performance,66.0,7771284.0,4051624.0,974460.0,7771132.0,7731932.0,17.26,13.01,8.09,True,Charging,87
3,46,hdr_histogram,HdrHistogram,200,1,109134.798741571,1696.0,4721.0,1793.61965,904.3433095527793,0.504200157236669,0,100,900,1790534771.816644,3053.99025,4099.825,performance,66.05,7771284.0,4050116.0,972304.0,7771132.0,7731932.0,22.34,14.3,8.57,True,Charging,87
3,47,hdr_histogram,HdrHistogram,150,1,108657.02145330752,1280.0,3747.0,1358.4560962962962,680.6850859950337,0.5010725689632944,0,100,900,1790534775.9847965,3105.07775,4099.907,performance,66.05,7771284.0,4055056.0,977132.0,7771132.0,7731932.0,22.34,14.3,8.57,True,Charging,87
3,48,global_mutex,GlobalMutex,100,1,111680.20572625588,811.0,3078.0,879.9829444444445,530.2825225017436,0.6026054548551784,0,100,900,1790534779.6914065,400.0,400.0,performance,66.0,7771284.0,4056260.0,978296.0,7771132.0,7731932.0,20.55,14.06,8.52,True,Charging,87
4,1,hdr_histogram,HdrHistogram,500,1,105338.26082215323,4395.0,11612.0,4667.1489,2390.463478029876,0.5121892464219164,0,100,900,1790534782.9112697,3892.6335,4100.355,performance,65.05,7771284.0,4055860.0,977732.0,7771132.0,7731932.0,18.9,13.83,8.48,True,Charging,87
4,2,hdr_histogram,HdrHistogram,150,1,109811.05620906262,1257.0,3732.0,1339.755474074074,695.9623104125468,0.5194696523957383,0,100,900,1790534790.0027876,3853.92425,3999.101,performance,67.05,7771284.0,4061996.0,983736.0,7771132.0,7731932.0,18.03,13.73,8.47,True,Charging,87
4,3,global_mutex,GlobalMutex,100,1,113824.99522327085,810.0,2644.0,865.5306888888889,473.5856271817699,0.5471621437129258,0,100,900,1790534793.7127721,1274.569,3898.276,performance,66.05,7771284.0,4073408.0,995140.0,7771132.0,7731932.0,21.31,14.48,8.74,True,Charging,87
4,4,disabled,Disabled,100,1,114753.64306669339,778.0,2788.0,840.430888888889,504.68121043831525,0.6005029290457669,0,100,900,1790534796.919226,4012.661,4102.177,performance,70.0,7771284.0,4072316.0,993648.0,7771132.0,7731932.0,19.6,14.24,8.7,True,Charging,87
4,5,sharded_n,Sharded-N,200,1,111404.91268556414,1610.0,4857.0,1748.9460444444444,926.1099914807932,0.5295246210839932,0,100,900,1790534800.1165137,3098.6615,4100.056,performance,68.0,7771284.0,4071224.0,992448.0,7771132.0,7731932.0,19.6,14.24,8.7,True,Charging,87
4,6,global_mutex,GlobalMutex,200,1,110334.60307722657,1687.0,4657.0,1770.0164277777778,872.1286683385616,0.49272348812801847,0,100,900,1790534804.2509968,3144.74275,4101.241,performance,64.05,7771284.0,4064308.0,985464.0,7771132.0,7731932.0,19.23,14.25,8.73,True,Charging,87
4,7,sharded_n,Sharded-N,100,1,113089.14226885386,796.0,3031.0,861.581,534.6387725488395,0.6205322222157168,0,100,900,1790534808.3992267,2192.64875,4102.493,performance,65.0,7771284.0,4063724.0,984832.0,7771132.0,7731932.0,19.06,14.3,8.78,True,Charging,87
4,8,hdr_histogram,HdrHistogram,100,1,112026.04678280157,811.0,2997.0,874.7079222222222,520.5576853876747,0.5951217225347428,0,100,900,1790534811.6113615,2250.62175,4102.21,performance,67.0,7771284.0,4069476.0,990456.0,7771132.0,7731932.0,17.53,14.06,8.73,True,Charging,87
4,9,sharded_2key,Sharded-2key,400,1,107715.17682578632,3355.0,9481.0,3644.095913888889,1918.7586815714355,0.5265390173344213,0,100,900,1790534814.8321085,3790.32925,3873.069,performance,62.05,7771284.0,4066820.0,987760.0,7771132.0,7731932.0,17.53,14.06,8.73,True,Charging,88
4,10,global_mutex,GlobalMutex,300,1,108004.46862008647,2566.0,6546.0,2686.7936814814816,1341.731957016568,0.4993803455264735,0,100,900,1790534820.8898354,2923.47825,3823.212,performance,65.0,7771284.0,4060340.0,981144.0,7771132.0,7731932.0,16.77,13.96,8.72,True,Charging,88
4,11,disabled,Disabled,50,1,117858.86368073749,362.0,2135.0,410.70733333333334,354.71990163722967,0.8636804674469647,0,100,900,1790534826.0006151,2242.0245,4099.922,performance,66.0,7771284.0,4053944.0,974744.0,7771132.0,7731932.0,15.42,13.73,8.68,True,Charging,88
4,12,thread_local,ThreadLocal,400,1,107874.11412346651,3368.0,9308.0,3605.280133333333,1936.5054672732722,0.5371303742444107,0,100,900,1790534828.7530677,4026.46175,4102.493,performance,64.0,7771284.0,4050872.0,971308.0,7771132.0,7731932.0,14.19,13.5,8.63,True,Charging,88
4,13,thread_local,ThreadLocal,500,1,107031.50347791557,4044.0,13268.0,4573.371484444445,2646.244685724662,0.5786201043858822,0,100,900,1790534834.797041,4099.8215,4102.995,performance,66.05,7771284.0,4034516.0,954804.0,7771132.0,7731932.0,16.26,13.94,8.8,True,Charging,88
4,14,hdr_histogram,HdrHistogram,50,1,117137.74269332895,367.0,1963.0,415.10124444444443,351.90183920566125,0.8477494199677313,0,100,900,1790534841.8121521,3811.534,4101.104,performance,71.0,7771284.0,4049352.0,969528.0,7771132.0,7731932.0,17.14,14.23,8.95,True,Charging,88
4,15,sharded_2key,Sharded-2key,25,1,117969.3251127484,175.0,1045.0,203.84542222222223,205.37218031996176,1.0074897835874632,0,100,900,1790534844.5687535,3909.574,4092.984,performance,66.0,7771284.0,4050328.0,970424.0,7771132.0,7731932.0,17.14,14.23,8.95,True,Charging,88
4,16,thread_local,ThreadLocal,100,1,113008.10066550659,814.0,2736.0,869.8562888888889,474.089776663974,0.5450208071376396,0,100,900,1790534847.1054962,2212.65075,4096.969,performance,64.0,7771284.0,4051648.0,971736.0,7771132.0,7731932.0,15.77,14.0,8.9,True,Charging,88
4,17,global_mutex,GlobalMutex,25,1,120642.57969824417,170.0,1098.0,200.3864,197.32315458722763,0.9847133068273477,0,100,900,1790534850.3117156,1281.80975,3927.239,performance,65.0,7771284.0,4056648.0,976712.0,7771132.0,7731932.0,15.77,14.0,8.9,True,Charging,88
4,18,disabled,Disabled,300,1,110394.83295463362,2510.0,6481.0,2671.7643851851853,1329.2250173444434,0.4975083224834259,0,100,900,1790534852.8474185,400.0,400.0,performance,62.0,7771284.0,4050364.0,970416.0,7771132.0,7731932.0,14.51,13.76,8.85,True,Charging,88
4,19,disabled,Disabled,400,1,109372.75107027694,3330.0,9352.0,3596.510263888889,1877.0166000105266,0.5218994142340965,0,100,900,1790534857.89723,3075.106,4053.999,performance,64.0,7771284.0,4039932.0,959532.0,7771132.0,7731932.0,13.35,13.54,8.81,True,Charging,88
4,20,sharded_2key,Sharded-2key,300,1,109129.53600826893,2530.0,6748.0,2688.937525925926,1366.4047687923362,0.5081578711360427,0,100,900,1790534863.9031444,2983.112,4099.224,performance,64.05,7771284.0,4045356.0,964820.0,7771132.0,7731932.0,12.84,13.43,8.8,True,Charging,88
4,21,sharded_2key,Sharded-2key,200,1,110174.38077811376,1665.0,4480.0,1772.2617055555556,878.2641942643794,0.49556123201853397,0,100,900,1790534868.9897754,2215.271,4099.944,performance,65.05,7771284.0,4042184.0,961624.0,7771132.0,7731932.0,12.37,13.32,8.79,True,Charging,88
4,22,sharded_n,Sharded-N,150,1,109133.70114268515,1286.0,3707.0,1349.6267925925927,669.7623360968544,0.4962574392956893,0,100,900,1790534873.1332068,2180.78525,4101.173,performance,65.0,7771284.0,4050628.0,969972.0,7771132.0,7731932.0,11.38,13.1,8.74,True,Charging,88
4,23,hdr_histogram,HdrHistogram,200,1,110821.33063877259,1636.0,4699.0,1741.022611111111,907.6472112171031,0.5213299387524023,0,100,900,1790534876.8305318,1320.99525,4083.981,performance,65.05,7771284.0,4042292.0,961512.0,7771132.0,7731932.0,10.47,12.88,8.69,True,Charging,88
4,24,hdr_histogram,HdrHistogram,400,1,106360.57963793071,3489.0,9171.0,3698.6540583333335,1877.9437359933895,0.5077370595831333,0,100,900,1790534880.966023,2178.6485,3991.011,performance,64.0,7771284.0,4045804.0,964972.0,7771132.0,7731932.0,10.47,12.88,8.69,True,Charging,88
4,25,sharded_n,Sharded-N,25,1,118128.39388782058,170.0,1169.0,201.68644444444445,214.13541830065543,1.061724395461987,0,100,900,1790534887.0722811,4032.453,4104.884,performance,65.0,7771284.0,4054536.0,973604.0,7771132.0,7731932.0,8.86,12.46,8.6,True,Charging,88
4,26,global_mutex,GlobalMutex,400,1,107719.41095948903,3385.0,9426.0,3632.3241694444446,1895.2033764611535,0.5217605279847642,0,100,900,1790534889.6065693,3834.34475,4093.887,performance,65.0,7771284.0,4059000.0,977960.0,7771132.0,7731932.0,8.86,12.46,8.6,True,Charging,88
4,27,thread_local,ThreadLocal,150,1,110937.918576214,1242.0,3859.0,1322.875985185185,681.2428175660555,0.5149710367375748,0,100,900,1790534895.6761472,2873.8495,3704.256,performance,70.0,7771284.0,4053704.0,972328.0,7771132.0,7731932.0,14.0,13.46,8.94,True,Charging,88
4,28,sharded_n,Sharded-N,300,1,106375.97559643084,2641.0,6480.0,2754.9597296296297,1341.5006708204849,0.48694021055648357,0,100,900,1790534899.3571563,3772.9555,3988.626,performance,68.0,7771284.0,4053904.0,972544.0,7771132.0,7731932.0,14.96,13.67,9.04,True,Charging,88
4,29,global_mutex,GlobalMutex,50,1,119213.83119717293,368.0,1869.0,410.47257777777776,311.8543130399707,0.7597445722885849,0,100,900,1790534904.5517242,4062.98175,4099.972,performance,65.0,7771284.0,4078968.0,997440.0,7771132.0,7731932.0,14.48,13.59,9.04,True,Charging,88
4,30,sharded_2key,Sharded-2key,100,1,112934.98844812471,809.0,2662.0,866.1854222222222,502.5552482115944,0.5801936113427946,0,100,900,1790534907.2930424,2249.3015,4099.603,performance,64.0,7771284.0,4075364.0,993820.0,7771132.0,7731932.0,13.4,13.38,8.99,True,Charging,88
4,31,thread_local,ThreadLocal,200,1,110026.41158948635,1722.0,4292.0,1794.1145166666668,836.4258517269017,0.46620538653291743,0,100,900,1790534910.5050473,1324.8215,4099.286,performance,68.0,7771284.0,4082072.0,997568.0,7771132.0,7731932.0,13.4,13.38,8.99,True,Charging,88
4,32,sharded_2key,Sharded-2key,500,1,105075.36432786328,4335.0,11988.0,4650.701044444444,2438.7573860605085,0.524384896546674,0,100,900,1790534914.653146,2249.91525,4101.098,performance,68.0,7771284.0,4076864.0,991988.0,7771132.0,7731932.0,12.97,13.29,8.99,True,Charging,88
4,33,hdr_histogram,HdrHistogram,25,1,117677.34789609168,169.0,1302.0,205.14537777777778,222.7355423008386,1.0857448737749054,0,100,900,1790534921.7482693,2177.52675,4000.734,performance,67.05,7771284.0,4069352.0,983336.0,7771132.0,7731932.0,11.56,12.99,8.93,True,Charging,88
4,34,sharded_n,Sharded-N,500,1,106205.07548023271,4219.0,12883.0,4622.958482222222,2572.6695812611215,0.5564985260314209,0,100,900,1790534924.2881415,3003.6045,3979.55,performance,67.0,7771284.0,4073604.0,987380.0,7771132.0,7731932.0,11.56,12.99,8.93,True,Charging,88
4,35,disabled,Disabled,150,1,111084.58191868558,1250.0,3624.0,1325.9618518518519,664.582453683146,0.5012078234038057,0,100,900,1790534931.3435705,3156.4065,4103.191,performance,66.0,7771284.0,4065016.0,978576.0,7771132.0,7731932.0,10.82,12.79,8.91,True,Charging,88
4,36,global_mutex,GlobalMutex,500,1,105973.11759484933,4263.0,12006.0,4604.567995555555,2418.4515023980734,0.5252287521288477,0,100,900,1790534935.020167,1325.5215,4102.086,performance,69.0,7771284.0,4071904.0,984988.0,7771132.0,7731932.0,10.82,12.79,8.91,True,Charging,88
4,37,sharded_n,Sharded-N,50,1,115184.41335576173,370.0,1944.0,417.0604666666667,343.15063413505027,0.8227838924117244,0,100,900,1790534942.0838637,1292.191,3968.764,performance,72.0,7771284.0,4068560.0,981312.0,7771132.0,7731932.0,10.26,12.61,8.9,True,Charging,89
4,38,hdr_histogram,HdrHistogram,300,1,107324.73304260553,2587.0,6865.0,2736.9556555555555,1418.6673873291033,0.5183377320891003,0,100,900,1790534944.8394706,3944.28375,4094.382,performance,70.0,7771284.0,4065312.0,978060.0,7771132.0,7731932.0,10.26,12.61,8.9,True,Charging,89
4,39,thread_local,ThreadLocal,50,1,117608.73774587517,360.0,2174.0,412.3395111111111,357.80256963328355,0.8677377743140124,0,100,900,1790534949.967599,2972.31275,3915.922,performance,66.05,7771284.0,4061088.0,973736.0,7771132.0,7731932.0,10.0,12.52,8.89,True,Charging,89
4,40,sharded_2key,Sharded-2key,50,1,119794.808424169,373.0,1740.0,407.1111333333333,291.2139787091886,0.7153181400979993,0,100,900,1790534952.719977,3812.5765,3890.972,performance,65.0,7771284.0,4052936.0,965580.0,7771132.0,7731932.0,9.2,12.31,8.84,True,Charging,89
4,41,disabled,Disabled,200,1,111838.67846228214,1683.0,4185.0,1753.9501444444445,833.2839501659083,0.4750898723121045,0,100,900,1790534955.4614809,3082.75975,4100.351,performance,63.05,7771284.0,4053632.0,965732.0,7771132.0,7731932.0,9.2,12.31,8.84,True,Charging,89
4,42,sharded_2key,Sharded-2key,150,1,111687.49173988267,1215.0,3983.0,1304.743037037037,735.3461053481786,0.563594581058726,0,100,900,1790534959.585588,3159.87725,4102.044,performance,64.05,7771284.0,4060484.0,972524.0,7771132.0,7731932.0,9.26,12.27,8.85,True,Charging,89
4,43,thread_local,ThreadLocal,300,1,109652.00687210732,2467.0,7438.0,2693.3769592592594,1455.6219007588552,0.5404449220354156,0,100,900,1790534963.2563765,1325.161,4100.644,performance,68.0,7771284.0,4067556.0,979456.0,7771132.0,7731932.0,9.64,12.3,8.87,True,Charging,89
4,44,global_mutex,GlobalMutex,150,1,111518.50242711761,1241.0,3572.0,1321.3489851851853,662.1842707689838,0.5011426036522665,0,100,900,1790534968.3227637,3642.06,3870.501,performance,69.0,7771284.0,4068720.0,980380.0,7771132.0,7731932.0,9.75,12.28,8.88,True,Charging,89
4,45,sharded_n,Sharded-N,400,1,106953.65984287433,3409.0,9395.0,3669.007902777778,1936.0257207529366,0.5276700874062403,0,100,900,1790534971.9991634,1325.6415,4102.566,performance,67.0,7771284.0,4067980.0,979600.0,7771132.0,7731932.0,8.97,12.07,8.84,True,Charging,89
4,46,disabled,Disabled,25,1,104963.23802539145,181.0,1251.0,226.04573333333335,278.9614849919474,1.2340931230079135,0,100,900,1790534978.083899,1312.43875,4049.755,performance,68.0,7771284.0,4057416.0,968872.0,7771132.0,7731932.0,8.25,11.87,8.79,True,Charging,89
4,47,thread_local,ThreadLocal,25,1,122583.88390658952,167.0,1110.0,198.6423111111111,228.1858379183807,1.1487272607835517,0,100,900,1790534980.6451252,3789.1025,3886.669,performance,65.0,7771284.0,4062224.0,973632.0,7771132.0,7731932.0,8.25,11.87,8.79,True,Charging,89
4,48,disabled,Disabled,500,1,108395.4848634483,4035.0,13041.0,4534.726993333334,2602.4679386453977,0.5738973795933868,0,100,900,1790534983.173679,2234.91925,4099.391,performance,64.0,7771284.0,4059972.0,971352.0,7771132.0,7731932.0,7.59,11.68,8.74,True,Charging,89
5,1,sharded_n,Sharded-N,300,1,107108.44889367688,2557.0,7074.0,2733.5582666666664,1439.122435888193,0.5264648840440033,0,100,900,1790534990.1419883,3172.2675,4101.381,performance,66.05,7771284.0,4057264.0,968132.0,7771132.0,7731932.0,7.62,11.61,8.74,True,Charging,89
5,2,sharded_2key,Sharded-2key,150,1,110592.19541800182,1228.0,3962.0,1319.5889333333334,708.1769571223172,0.5366648198037205,0,100,900,1790534995.2818203,2157.63275,3974.684,performance,65.0,7771284.0,4065932.0,976760.0,7771132.0,7731932.0,8.13,11.65,8.77,True,Charging,89
5,3,disabled,Disabled,25,1,123479.50832040326,165.0,1168.0,195.46857777777777,214.17535680091157,1.0957022312015845,0,100,900,1790534998.972027,2997.26975,4103.671,performance,66.05,7771284.0,4061204.0,972008.0,7771132.0,7731932.0,8.44,11.66,8.78,True,Charging,89
5,4,disabled,Disabled,400,1,108776.44752246687,3379.0,9501.0,3618.9594527777776,1857.9005290257599,0.5133797582616476,0,100,900,1790535001.5005271,1324.99275,4099.971,performance,65.0,7771284.0,4078388.0,989096.0,7771132.0,7731932.0,7.77,11.47,8.74,True,Charging,89
5,5,sharded_n,Sharded-N,25,1,119950.69994245513,182.0,878.0,202.82822222222222,167.9385189651979,0.8279839813475338,0,100,900,1790535007.515978,2174.2385,4077.475,performance,67.0,7771284.0,4070272.0,980780.0,7771132.0,7731932.0,7.22,11.29,8.69,True,Charging,89
5,6,disabled,Disabled,50,1,118448.02792311709,362.0,2156.0,411.1978,345.28961406975577,0.8397165891202623,0,100,900,1790535010.0496743,4000.72925,4101.657,performance,64.0,7771284.0,4072940.0,983436.0,7771132.0,7731932.0,7.22,11.29,8.69,True,Charging,89
5,7,global_mutex,GlobalMutex,400,1,108998.2282607464,3138.0,11349.0,3593.782777777778,2212.486698580576,0.6156428575097884,0,100,900,1790535012.7971501,3842.576,4100.479,performance,63.0,7771284.0,4074644.0,985140.0,7771132.0,7731932.0,6.65,11.1,8.65,True,Charging,89
5,8,thread_local,ThreadLocal,100,1,114297.1347102753,790.0,3054.0,856.0236,515.6302658391836,0.6023551988977682,0,100,900,1790535018.81841,3716.7365,3754.44,performance,66.0,7771284.0,4075248.0,985420.0,7771132.0,7731932.0,7.56,11.22,8.7,True,Charging,89
5,9,disabled,Disabled,100,1,113806.47586616458,793.0,3210.0,862.6676,532.3092445505102,0.617050234123213,0,100,900,1790535022.018691,3896.292,4081.943,performance,63.05,7771284.0,4075976.0,986132.0,7771132.0,7731932.0,6.95,11.03,8.65,True,Charging,89
5,10,hdr_histogram,HdrHistogram,50,1,116987.96544799437,377.0,1896.0,417.0439777777778,299.0388488400455,0.7170439204840612,0,100,900,1790535025.2266579,2250.172,4100.631,performance,66.0,7771284.0,4072908.0,982992.0,7771132.0,7731932.0,6.95,11.03,8.65,True,Charging,89
5,11,hdr_histogram,HdrHistogram,150,1,110056.33679530841,1270.0,3582.0,1339.1818148148147,660.2536237448198,0.4930276206267939,0,100,900,1790535027.9813654,2202.62175,4101.567,performance,67.0,7771284.0,4066000.0,976072.0,7771132.0,7731932.0,6.39,10.85,8.6,True,Charging,89
5,12,sharded_n,Sharded-N,50,1,119372.15562182915,366.0,1998.0,408.7652,331.9910592894759,0.8121803404239791,0,100,900,1790535031.6785102,3041.1385,4082.256,performance,68.0,7771284.0,4060132.0,970156.0,7771132.0,7731932.0,5.88,10.67,8.56,True,Charging,89
5,13,sharded_2key,Sharded-2key,25,1,118912.83166750813,171.0,1208.0,203.0508888888889,208.43400271396442,1.0265111561664781,0,100,900,1790535034.4228132,3007.31025,4078.571,performance,66.0,7771284.0,4058948.0,968832.0,7771132.0,7731932.0,5.88,10.67,8.56,True,Charging,89
5,14,global_mutex,GlobalMutex,150,1,111294.11206538026,1244.0,3476.0,1317.3319111111111,667.0817662459775,0.5063885271581432,0,100,900,1790535036.9583101,3119.67675,4100.07,performance,64.0,7771284.0,4055632.0,965532.0,7771132.0,7731932.0,5.41,10.49,8.51,True,Charging,89
5,15,sharded_n,Sharded-N,150,1,110887.09053099864,1260.0,3635.0,1323.5700666666667,670.4603494687645,0.5065544819680604,0,100,900,1790535040.638147,3101.541,4101.667,performance,66.0,7771284.0,4042848.0,952704.0,7771132.0,7731932.0,5.41,10.49,8.51,True,Charging,89
5,16,sharded_2key,Sharded-2key,400,1,108509.15445634829,3299.0,9707.0,3604.6110722222224,1939.0038571838522,0.5379231818173569,0,100,900,1790535044.3285565,3034.28,4102.03,performance,61.05,7771284.0,4043548.0,953396.0,7771132.0,7731932.0,5.78,10.48,8.52,True,Charging,89
5,17,hdr_histogram,HdrHistogram,200,1,109815.60784415962,1701.0,4466.0,1778.5308833333333,868.5719282615381,0.4883648276231534,0,100,900,1790535050.3581867,3814.67625,3962.453,performance,68.0,7771284.0,4049324.0,958932.0,7771132.0,7731932.0,6.36,10.53,8.54,True,Charging,89
5,18,thread_local,ThreadLocal,500,1,106647.85609568896,4159.0,13205.0,4584.529804444444,2575.6339210473293,0.5618098323955484,0,100,900,1790535054.5200162,2050.56225,3701.995,performance,68.0,7771284.0,4057984.0,967544.0,7771132.0,7731932.0,8.25,10.85,8.66,True,Charging,89
5,19,sharded_2key,Sharded-2key,50,1,117747.95296557495,367.0,1959.0,414.51595555555554,339.7319391106395,0.8195871221779951,0,100,900,1790535061.5542777,3149.858,4098.925,performance,69.0,7771284.0,4079956.0,987564.0,7771132.0,7731932.0,7.79,10.67,8.62,True,Charging,90
5,20,disabled,Disabled,150,1,111653.20109487692,1234.0,3638.0,1316.798711111111,668.5360030891318,0.507697947642296,0,100,900,1790535064.3055594,400.0,400.0,performance,64.0,7771284.0,4085136.0,992680.0,7771132.0,7731932.0,7.79,10.67,8.62,True,Charging,90
5,21,sharded_n,Sharded-N,500,1,105287.18770657288,4156.0,13570.0,4663.557366666667,2725.6087936436234,0.584448432676145,0,100,900,1790535067.9852908,400.0,400.0,performance,67.0,7771284.0,4071832.0,979204.0,7771132.0,7731932.0,7.33,10.53,8.59,True,Charging,90
5,22,sharded_2key,Sharded-2key,500,1,107004.87005724617,4012.0,13979.0,4586.942586666667,2763.6476261430666,0.6025032086027069,0,100,900,1790535075.0821664,2194.33575,4099.814,performance,69.0,7771284.0,4072200.0,979424.0,7771132.0,7731932.0,7.22,10.45,8.58,True,Charging,90
5,23,thread_local,ThreadLocal,300,1,107661.3023230535,2628.0,6654.0,2749.266248148148,1374.7220860474933,0.5000323584423587,0,100,900,1790535082.1176813,1296.29125,3985.165,performance,69.0,7771284.0,4063900.0,970740.0,7771132.0,7731932.0,12.37,11.5,8.94,True,Charging,90
5,24,thread_local,ThreadLocal,150,1,110529.85181395402,1270.0,3563.0,1336.241525925926,667.9630401697425,0.4998819653556933,0,100,900,1790535087.2493014,1325.26225,4101.049,performance,67.0,7771284.0,4055720.0,962548.0,7771132.0,7731932.0,11.38,11.31,8.89,True,Charging,90
5,25,hdr_histogram,HdrHistogram,300,1,107988.02922459398,2528.0,6842.0,2735.901122222222,1375.6813540454866,0.5028256843317848,0,100,900,1790535090.9365642,3749.3325,3887.375,performance,65.0,7771284.0,4053420.0,960220.0,7771132.0,7731932.0,11.38,11.31,8.89,True,Charging,90
5,26,sharded_n,Sharded-N,200,1,110139.98126495667,1671.0,4708.0,1785.1083666666666,892.1115433223121,0.4997520374565003,0,100,900,1790535096.0521243,3999.04025,4100.609,performance,70.0,7771284.0,4051168.0,957872.0,7771132.0,7731932.0,10.47,11.12,8.84,True,Charging,90
5,27,hdr_histogram,HdrHistogram,100,1,113931.033884206,792.0,2823.0,860.4425666666667,496.3170327491669,0.5768159921142522,0,100,900,1790535100.1977265,3797.956,4095.032,performance,66.0,7771284.0,4042748.0,949340.0,7771132.0,7731932.0,9.63,10.93,8.79,True,Charging,90
5,28,sharded_2key,Sharded-2key,300,1,108442.35850257313,2496.0,7026.0,2697.3095814814815,1404.77506308146,0.5208060182361031,0,100,900,1790535103.4078968,3886.76975,4102.091,performance,66.05,7771284.0,4044112.0,950684.0,7771132.0,7731932.0,9.42,10.87,8.78,True,Charging,90
5,29,global_mutex,GlobalMutex,500,1,106288.72778453425,4362.0,11331.0,4596.1683977777775,2300.6306295937343,0.5005540333783411,0,100,900,1790535108.512228,3900.32525,4103.095,performance,65.0,7771284.0,4030912.0,936968.0,7771132.0,7731932.0,10.11,10.99,8.83,True,Charging,90
5,30,global_mutex,GlobalMutex,300,1,109063.86156170524,2531.0,7021.0,2699.5834481481484,1396.9599293609926,0.517472401277047,0,100,900,1790535115.5646617,2760.81275,4095.349,performance,66.0,7771284.0,4052548.0,958560.0,7771132.0,7731932.0,10.02,10.95,8.83,True,Charging,90
5,31,hdr_histogram,HdrHistogram,500,1,105043.14950240224,4446.0,11363.0,4667.701257777778,2312.7543785056664,0.4954803769097112,0,100,900,1790535120.6488786,2160.09875,4100.667,performance,66.05,7771284.0,4067592.0,973512.0,7771132.0,7731932.0,9.94,10.92,8.84,True,Charging,90
5,32,sharded_2key,Sharded-2key,100,1,112278.04735251794,806.0,2960.0,866.5081777777777,518.485891414185,0.5983623752332945,0,100,900,1790535127.751589,4058.35425,4098.829,performance,68.0,7771284.0,4071652.0,977464.0,7771132.0,7731932.0,9.37,10.77,8.81,True,Charging,90
5,33,disabled,Disabled,200,1,111559.70100138325,1652.0,4540.0,1759.1955277777777,878.859524704426,0.499580354103449,0,100,900,1790535130.9665372,1326.761,4107.044,performance,66.0,7771284.0,4064828.0,970524.0,7771132.0,7731932.0,9.37,10.77,8.81,True,Charging,90
5,34,global_mutex,GlobalMutex,100,1,115603.71005548057,791.0,2896.0,853.8092666666666,503.5782137297147,0.5898017664948996,0,100,900,1790535135.0902584,400.0,400.0,performance,70.0,7771284.0,4072780.0,978440.0,7771132.0,7731932.0,8.62,10.59,8.76,True,Charging,90
5,35,global_mutex,GlobalMutex,25,1,120418.25208668373,166.0,1179.0,199.49862222222222,201.09845455461385,1.0080192650684554,0,100,900,1790535138.2930188,3058.358,4101.906,performance,65.05,7771284.0,4062608.0,968264.0,7771132.0,7731932.0,9.69,10.78,8.83,True,Charging,90
5,36,sharded_2key,Sharded-2key,200,1,110036.76901866743,1708.0,4433.0,1788.2130944444446,868.2562762363794,0.4855440768965659,0,100,900,1790535140.824285,2197.307,4101.745,performance,69.0,7771284.0,4066084.0,971540.0,7771132.0,7731932.0,9.69,10.78,8.83,True,Charging,90
5,37,thread_local,ThreadLocal,400,1,107802.38662577815,3387.0,9008.0,3585.0923166666666,1850.1953267070433,0.5160802465547975,0,100,900,1790535144.9728048,3151.2695,4087.538,performance,68.0,7771284.0,4068944.0,973988.0,7771132.0,7731932.0,9.79,10.79,8.85,True,Charging,90
5,38,disabled,Disabled,500,1,108824.91430197608,3826.0,14550.0,4414.156026666667,2819.236533777447,0.6386807617913731,0,100,900,1790535151.0241716,3929.3075,4102.189,performance,65.05,7771284.0,4062832.0,967712.0,7771132.0,7731932.0,9.73,10.76,8.85,True,Charging,90
5,39,thread_local,ThreadLocal,50,1,121093.39782003468,361.0,1863.0,402.04477777777777,307.1207352860452,0.763896840007707,0,100,900,1790535157.974942,3016.915,4010.971,performance,67.0,7771284.0,4049600.0,954384.0,7771132.0,7731932.0,8.31,10.42,8.76,True,Charging,90
5,40,global_mutex,GlobalMutex,200,1,110404.44266888475,1682.0,4560.0,1779.6143666666667,885.4208845508609,0.4975352532185452,0,100,900,1790535160.7171094,2229.183,4099.74,performance,70.0,7771284.0,4048440.0,953128.0,7771132.0,7731932.0,8.31,10.42,8.76,True,Charging,90
5,41,thread_local,ThreadLocal,25,1,120644.80627460232,171.0,1141.0,199.26453333333333,194.06795165811448,0.9739211911508311,0,100,900,1790535164.8634384,2974.67175,4099.088,performance,66.0,7771284.0,4038608.0,943252.0,7771132.0,7731932.0,8.12,10.34,8.74,True,Charging,90
5,42,sharded_n,Sharded-N,400,1,106254.05754177329,3459.0,9100.0,3693.8963833333332,1913.3651317095216,0.5179801849187012,0,100,900,1790535167.3940403,3912.468,4100.097,performance,69.0,7771284.0,4038376.0,943008.0,7771132.0,7731932.0,7.47,10.17,8.69,True,Charging,90
5,43,hdr_histogram,HdrHistogram,400,1,106297.55418918212,3487.0,8897.0,3684.138286111111,1827.5337746053538,0.49605460834491505,0,100,900,1790535173.5103393,3990.85525,4100.777,performance,65.05,7771284.0,4052712.0,957024.0,7771132.0,7731932.0,7.51,10.14,8.69,True,Charging,90
5,44,disabled,Disabled,300,1,109690.06400867402,2495.0,6599.0,2662.806177777778,1353.5512983205333,0.5083176198164479,0,100,900,1790535179.6102388,3805.81325,3944.403,performance,67.05,7771284.0,4056588.0,960636.0,7771132.0,7731932.0,7.55,10.1,8.69,True,Charging,90
5,45,hdr_histogram,HdrHistogram,25,1,118211.30968264425,166.0,1180.0,204.66395555555556,227.4189247998618,1.1111821042573833,0,100,900,1790535184.6811624,1324.86,4099.44,performance,71.0,7771284.0,4059980.0,963892.0,7771132.0,7731932.0,7.75,10.1,8.69,True,Charging,91
5,46,sharded_n,Sharded-N,100,1,112981.0668863909,808.0,3027.0,866.5505,499.8417831706089,0.5768178348181772,0,100,900,1790535187.216258,3047.503,4098.823,performance,70.0,7771284.0,4061896.0,965800.0,7771132.0,7731932.0,7.21,9.95,8.65,True,Charging,91
5,47,global_mutex,GlobalMutex,50,1,119615.04179458544,361.0,1835.0,406.0300222222222,346.91245436440005,0.8544009934677519,0,100,900,1790535190.4288142,3862.232,4100.122,performance,65.0,7771284.0,4053764.0,957596.0,7771132.0,7731932.0,7.21,9.95,8.65,True,Charging,91
5,48,thread_local,ThreadLocal,200,1,111585.90604171008,1675.0,4454.0,1757.5059666666666,852.9289976033222,0.48530645914164966,0,100,900,1790535193.174652,3085.1075,4099.914,performance,64.0,7771284.0,4045800.0,949568.0,7771132.0,7731932.0,6.63,9.78,8.61,True,Charging,91
6,1,sharded_n,Sharded-N,150,1,109790.04803571592,1258.0,3750.0,1339.8836666666666,682.3751022647731,0.5092793645006294,0,100,900,1790535197.303171,3947.6985,4103.515,performance,64.0,7771284.0,4061336.0,965024.0,7771132.0,7731932.0,6.1,9.62,8.56,True,Charging,91
6,2,global_mutex,GlobalMutex,50,1,119186.98836601504,363.0,1910.0,407.2500444444444,320.48829644944885,0.7869570570253644,0,100,900,1790535201.0003011,4050.9795,4101.542,performance,69.0,7771284.0,4063232.0,966876.0,7771132.0,7731932.0,6.1,9.62,8.56,True,Charging,91
6,3,global_mutex,GlobalMutex,400,1,106668.91369869284,3394.0,9907.0,3663.888625,1985.2647068809233,0.5418463578108691,0,100,900,1790535203.7447426,3129.6035,4101.557,performance,67.0,7771284.0,4065308.0,968920.0,7771132.0,7731932.0,5.61,9.46,8.51,True,Charging,91
6,4,sharded_n,Sharded-N,200,1,109639.05365945,1697.0,4580.0,1789.2963833333333,888.4407407931508,0.4965307866648946,0,100,900,1790535209.8265765,4017.244,4102.344,performance,67.0,7771284.0,4056108.0,959012.0,7771132.0,7731932.0,6.84,9.65,8.58,True,Charging,91
6,5,disabled,Disabled,200,1,112707.79965198788,1644.0,4530.0,1735.7697555555555,859.6015339761567,0.4952278556674299,0,100,900,1790535213.9849935,3899.4735,4100.972,performance,65.0,7771284.0,4054920.0,957832.0,7771132.0,7731932.0,7.1,9.66,8.59,True,Charging,91
6,6,disabled,Disabled,100,1,114189.82991929806,803.0,2600.0,858.1803555555556,475.87029083566847,0.5545108178660264,0,100,900,1790535218.091761,1325.02525,4100.101,performance,64.0,7771284.0,4058292.0,961152.0,7771132.0,7731932.0,6.53,9.5,8.54,True,Charging,91
6,7,thread_local,ThreadLocal,50,1,120234.8022167963,360.0,1808.0,400.39535555555557,347.5600118026341,0.8680420663730939,0,100,900,1790535221.2956083,3107.27325,4100.287,performance,64.0,7771284.0,4056416.0,959176.0,7771132.0,7731932.0,6.0,9.34,8.5,True,Charging,91
6,8,thread_local,ThreadLocal,300,1,109402.9877660976,2475.0,7204.0,2692.7532037037035,1425.2047203488241,0.529274171278879,0,100,900,1790535224.0381076,2225.49125,4100.461,performance,63.0,7771284.0,4058028.0,960644.0,7771132.0,7731932.0,6.0,9.34,8.5,True,Charging,91
6,9,global_mutex,GlobalMutex,200,1,107200.58689224417,1752.0,4585.0,1833.081661111111,882.1891861677067,0.48126016690002404,0,100,900,1790535229.1230013,3029.5145,3948.762,performance,64.0,7771284.0,4050180.0,952432.0,7771132.0,7731932.0,6.73,9.43,8.53,True,Charging,91
6,10,sharded_n,Sharded-N,25,1,116026.72991832049,181.0,1245.0,209.93591111111112,202.31053217327386,0.9636775866621435,0,100,900,1790535233.3133996,2161.063,4075.295,performance,64.05,7771284.0,4063792.0,966020.0,7771132.0,7731932.0,10.83,10.24,8.8,True,Charging,91
6,11,sharded_n,Sharded-N,400,1,106781.22561528359,3409.0,9903.0,3676.0366944444445,1971.756901645066,0.5363811804775946,0,100,900,1790535235.8480582,1258.96325,3835.853,performance,63.0,7771284.0,4068644.0,970672.0,7771132.0,7731932.0,10.83,10.24,8.8,True,Charging,91
6,12,hdr_histogram,HdrHistogram,50,1,117725.90809730125,376.0,1805.0,416.6706888888889,301.676827079231,0.7240173958088935,0,100,900,1790535241.9348228,1325.0575,4100.23,performance,64.05,7771284.0,4061900.0,963604.0,7771132.0,7731932.0,12.19,10.57,8.92,True,Charging,91
6,13,thread_local,ThreadLocal,100,1,113009.59302774408,808.0,2692.0,864.0372,482.44286038829875,0.5583588998116039,0,100,900,1790535244.684516,3760.24275,3906.932,performance,64.0,7771284.0,4069872.0,971576.0,7771132.0,7731932.0,12.19,10.57,8.92,True,Charging,91
6,14,sharded_2key,Sharded-2key,500,1,107220.25142637161,4097.0,14155.0,4576.888751111112,2724.275983227803,0.5952244267607427,0,100,900,1790535247.8956378,3111.5385,4100.041,performance,67.0,7771284.0,4072452.0,974148.0,7771132.0,7731932.0,11.21,10.4,8.87,True,Charging,91
6,15,sharded_2key,Sharded-2key,400,1,107440.37335042677,3481.0,8916.0,3652.981836111111,1826.427174207779,0.4999825501875902,0,100,900,1790535254.9082465,400.0,400.0,performance,64.0,7771284.0,4063580.0,965060.0,7771132.0,7731932.0,11.67,10.51,8.92,True,Charging,91
6,16,global_mutex,GlobalMutex,300,1,107994.09734502259,2559.0,6733.0,2708.029225925926,1380.2128254619877,0.5096742724370218,0,100,900,1790535260.9715374,2250.07025,4100.208,performance,70.0,7771284.0,4064056.0,965364.0,7771132.0,7731932.0,11.62,10.51,8.93,True,Charging,91
6,17,sharded_n,Sharded-N,50,1,119331.77198935712,372.0,1646.0,407.14846666666665,285.8799291244155,0.7021515553402933,0,100,900,1790535266.0777807,3071.812,4096.954,performance,71.0,7771284.0,4072404.0,973316.0,7771132.0,7731932.0,10.69,10.34,8.88,True,Charging,91
6,18,thread_local,ThreadLocal,500,1,106352.95651576447,4207.0,12824.0,4528.810642222223,2494.0414937662827,0.5507056246764365,0,100,900,1790535268.8222404,3027.9975,4073.709,performance,65.0,7771284.0,4071848.0,972416.0,7771132.0,7731932.0,9.83,10.17,8.83,True,Charging,91
6,19,sharded_n,Sharded-N,100,1,112488.6251502248,810.0,3190.0,873.2427333333334,525.3386206577595,0.6015951815051953,0,100,900,1790535275.8671541,3158.76,4100.572,performance,67.0,7771284.0,4071092.0,971492.0,7771132.0,7731932.0,9.85,10.16,8.84,True,Charging,91
6,20,hdr_histogram,HdrHistogram,200,1,109513.97678243216,1699.0,4485.0,1796.3176055555555,881.988182198982,0.49099790564386603,0,100,900,1790535279.0885818,1325.56575,4102.263,performance,66.0,7771284.0,4073396.0,973840.0,7771132.0,7731932.0,11.22,10.44,8.94,True,Charging,91
6,21,thread_local,ThreadLocal,25,1,118798.29536801169,177.0,1135.0,204.85826666666668,199.25767958269273,0.972661161420999,0,100,900,1790535283.244995,3083.496,4016.344,performance,65.0,7771284.0,4067764.0,968228.0,7771132.0,7731932.0,10.32,10.27,8.89,True,Charging,91
6,22,sharded_n,Sharded-N,500,1,106198.08356680043,4020.0,13402.0,4583.847584444445,2772.2824168641187,0.6047937602183854,0,100,900,1790535285.7791293,3874.1985,4092.542,performance,65.0,7771284.0,4069200.0,969488.0,7771132.0,7731932.0,10.32,10.27,8.89,True,Charging,91
6,23,global_mutex,GlobalMutex,100,1,112799.98747769739,808.0,3081.0,871.0964111111111,511.5173280916097,0.5872109235752139,0,100,900,1790535292.8331256,3780.8545,4026.558,performance,68.0,7771284.0,4072124.0,972172.0,7771132.0,7731932.0,9.55,10.11,8.85,True,Charging,91
6,24,sharded_n,Sharded-N,300,1,108439.89301917779,2517.0,7048.0,2695.6256259259258,1417.3481549092799,0.525795622833357,0,100,900,1790535296.0462961,1324.54275,4098.171,performance,68.0,7771284.0,4070528.0,970416.0,7771132.0,7731932.0,9.55,10.11,8.85,True,Charging,91
6,25,sharded_2key,Sharded-2key,25,1,119660.55205145731,175.0,1031.0,204.7364,212.71643888538256,1.0389771378483872,0,100,900,1790535301.154496,2134.99675,4042.05,performance,70.0,7771284.0,4067840.0,965868.0,7771132.0,7731932.0,8.78,9.94,8.8,True,Charging,91
6,26,thread_local,ThreadLocal,400,1,107436.45093862138,3416.0,9350.0,3641.117780555556,1892.660918607229,0.5198021686402162,0,100,900,1790535303.685218,4082.20875,4102.144,performance,64.0,7771284.0,4065412.0,963428.0,7771132.0,7731932.0,8.08,9.78,8.76,True,Charging,91
6,27,thread_local,ThreadLocal,200,1,108383.48757142584,1735.0,4503.0,1813.6295333333333,879.820925872808,0.48511612195449544,0,100,900,1790535309.7602792,3087.299,4079.107,performance,69.0,7771284.0,4057444.0,955344.0,7771132.0,7731932.0,8.55,9.85,8.79,True,Charging,91
6,28,sharded_2key,Sharded-2key,200,1,111700.85279437149,1615.0,4818.0,1744.5659555555555,912.7473770154611,0.5231945367894087,0,100,900,1790535313.934159,4014.92475,4103.374,performance,65.0,7771284.0,4054964.0,952884.0,7771132.0,7731932.0,8.35,9.78,8.77,True,Charging,92
6,29,global_mutex,GlobalMutex,500,1,107597.83715913782,3861.0,13765.0,4554.259251111112,2811.126661351685,0.6172522261805471,0,100,900,1790535318.0583985,1324.697,4098.788,performance,69.0,7771284.0,4034568.0,932264.0,7771132.0,7731932.0,7.68,9.62,8.72,True,Charging,92
6,30,disabled,Disabled,50,1,120071.98203255668,358.0,1859.0,402.67144444444443,329.0312647380124,0.8171209289299579,0,100,900,1790535325.0566895,3143.91475,4100.117,performance,70.0,7771284.0,4060840.0,958344.0,7771132.0,7731932.0,8.18,9.69,8.75,True,Charging,92
6,31,hdr_histogram,HdrHistogram,400,1,105177.42328698527,3454.0,9853.0,3711.888263888889,1939.9790152265664,0.5226393892563134,0,100,900,1790535327.798751,3170.23475,4099.895,performance,66.0,7771284.0,4061076.0,958372.0,7771132.0,7731932.0,7.53,9.53,8.7,True,Charging,92
6,32,disabled,Disabled,25,1,123146.46036762961,169.0,1044.0,197.59822222222223,200.56337802383766,1.015005984205064,0,100,900,1790535333.9402378,3978.3945,4102.391,performance,72.0,7771284.0,4065468.0,962424.0,7771132.0,7731932.0,8.21,9.64,8.74,True,Charging,92
6,33,sharded_2key,Sharded-2key,300,1,108146.93586757888,2578.0,6733.0,2711.72727037037,1353.3236698956414,0.49906334043349543,0,100,900,1790535336.4686646,3145.86825,4100.622,performance,65.0,7771284.0,4072584.0,969480.0,7771132.0,7731932.0,7.55,9.48,8.7,True,Charging,92
6,34,hdr_histogram,HdrHistogram,500,1,105534.00438746647,4137.0,13658.0,4605.986775555555,2907.965594723208,0.6313447555160341,0,100,900,1790535341.5853221,400.0,400.0,performance,68.05,7771284.0,4059504.0,956388.0,7771132.0,7731932.0,7.03,9.34,8.65,True,Charging,92
6,35,sharded_2key,Sharded-2key,100,1,113229.80943219259,799.0,2981.0,865.3531888888889,520.0438264625824,0.6009613567499731,0,100,900,1790535348.6692486,3055.95925,3977.713,performance,67.0,7771284.0,4061756.0,958376.0,7771132.0,7731932.0,7.34,9.37,8.67,True,Charging,92
6,36,hdr_histogram,HdrHistogram,300,1,106439.85644177452,2549.0,7230.0,2734.402203703704,1466.3038344240863,0.5362429244819951,0,100,900,1790535351.8788805,3070.303,4099.74,performance,70.0,7771284.0,4066492.0,962944.0,7771132.0,7731932.0,6.84,9.23,8.63,True,Charging,92
6,37,disabled,Disabled,300,1,109142.01392389994,2544.0,6545.0,2680.0252444444445,1354.820071546141,0.5055251156139718,0,100,900,1790535357.0359774,1324.895,4099.58,performance,69.0,7771284.0,4066308.0,962716.0,7771132.0,7731932.0,6.29,9.08,8.58,True,Charging,92
6,38,disabled,Disabled,150,1,112057.19999782459,1231.0,3787.0,1309.1294296296296,685.7287739787731,0.5238051780508632,0,100,900,1790535362.1141455,1325.5585,4102.234,performance,70.0,7771284.0,4073588.0,969588.0,7771132.0,7731932.0,5.78,8.92,8.53,True,Charging,92
6,39,hdr_histogram,HdrHistogram,150,1,108625.42539909211,1289.0,3618.0,1356.126288888889,676.7147271313534,0.4990056845559746,0,100,900,1790535365.7786484,3031.5505,4025.552,performance,70.0,7771284.0,4073740.0,969676.0,7771132.0,7731932.0,5.78,8.92,8.53,True,Charging,92
6,40,thread_local,ThreadLocal,150,1,110831.88190637378,1242.0,3733.0,1323.3332518518519,694.7746623035334,0.5250186688283368,0,100,900,1790535369.487348,3114.31975,4099.955,performance,66.0,7771284.0,4078572.0,974480.0,7771132.0,7731932.0,8.68,9.47,8.71,True,Charging,92
6,41,disabled,Disabled,400,1,108211.58655886605,3333.0,9487.0,3593.3291833333333,1916.900178142152,0.5334607769956521,0,100,900,1790535373.1722722,2202.0415,4100.326,performance,67.0,7771284.0,4074484.0,970368.0,7771132.0,7731932.0,7.99,9.32,8.67,True,Charging,92
6,42,sharded_2key,Sharded-2key,150,1,110414.93323400374,1261.0,3680.0,1325.312874074074,670.4783644205206,0.5059019477864413,0,100,900,1790535379.214014,2251.59675,4106.618,performance,66.0,7771284.0,4075460.0,971144.0,7771132.0,7731932.0,10.23,9.76,8.81,True,Charging,92
6,43,sharded_2key,Sharded-2key,50,1,116533.43274135808,359.0,2143.0,416.81264444444446,385.24247865388804,0.9242581380115394,0,100,900,1790535382.9033146,3863.49925,4099.218,performance,70.0,7771284.0,4068912.0,964504.0,7771132.0,7731932.0,9.41,9.6,8.77,True,Charging,92
6,44,global_mutex,GlobalMutex,150,1,111038.11766840602,1255.0,3697.0,1324.604162962963,683.9801519976537,0.5163656971058291,0,100,900,1790535385.6596723,1325.026,4100.104,performance,65.05,7771284.0,4064592.0,960184.0,7771132.0,7731932.0,9.41,9.6,8.77,True,Charging,92
6,45,hdr_histogram,HdrHistogram,100,1,113313.37430718928,808.0,2640.0,862.1882555555555,473.21605425969403,0.5488546743828873,0,100,900,1790535389.3429718,3905.1105,4001.558,performance,68.0,7771284.0,4064020.0,959600.0,7771132.0,7731932.0,9.46,9.6,8.77,True,Charging,92
6,46,global_mutex,GlobalMutex,25,1,119979.98158003335,172.0,1141.0,202.0399111111111,204.1661861209436,1.0105240345738578,0,100,900,1790535392.5540686,1319.8935,4079.574,performance,63.0,7771284.0,4059380.0,954528.0,7771132.0,7731932.0,8.7,9.44,8.73,True,Charging,92
6,47,hdr_histogram,HdrHistogram,25,1,116906.23881158583,182.0,982.0,208.97324444444445,202.48309639160598,0.9689426841694853,0,100,900,1790535395.0972629,3921.21475,4100.093,performance,67.0,7771284.0,4059808.0,954912.0,7771132.0,7731932.0,8.7,9.44,8.73,True,Charging,92
6,48,disabled,Disabled,500,1,108487.27516153257,3956.0,12917.0,4508.837162222222,2621.595653013421,0.5814349817240557,0,100,900,1790535397.6373422,1312.31225,4049.249,performance,66.0,7771284.0,4068380.0,963468.0,7771132.0,7731932.0,8.0,9.29,8.68,True,Charging,92
7,1,hdr_histogram,HdrHistogram,300,1,108070.6103540565,2427.0,7126.0,2634.9307,1451.4097896498724,0.5508341413494755,0,100,900,1790535404.5980196,3046.42175,4009.267,performance,69.0,7771284.0,4059080.0,954024.0,7771132.0,7731932.0,8.89,9.45,8.73,True,Charging,92
7,2,hdr_histogram,HdrHistogram,200,1,110677.75128284951,1689.0,4251.0,1768.1372277777778,835.8536760259767,0.47273122407839946,0,100,900,1790535409.718448,400.0,400.0,performance,65.0,7771284.0,4064068.0,958944.0,7771132.0,7731932.0,11.54,9.99,8.91,True,Charging,92
7,3,sharded_2key,Sharded-2key,200,1,112042.3363271639,1623.0,4611.0,1741.7829722222223,896.4920791335658,0.5146979235821743,0,100,900,1790535413.8616455,3825.3845,3873.662,performance,66.0,7771284.0,4060636.0,955400.0,7771132.0,7731932.0,12.45,10.21,8.99,True,Charging,92
7,4,thread_local,ThreadLocal,25,1,123575.74898753427,170.0,973.0,197.334,185.10917624137707,0.9380500888918132,0,100,900,1790535417.9784474,3074.3625,4101.413,performance,65.0,7771284.0,4063724.0,958472.0,7771132.0,7731932.0,11.46,10.04,8.94,True,Charging,92
7,5,sharded_2key,Sharded-2key,150,1,111661.38568002993,1231.0,3795.0,1317.0467777777778,688.0610943786475,0.522427225811673,0,100,900,1790535420.50711,2100.47725,3699.887,performance,64.0,7771284.0,4068140.0,962712.0,7771132.0,7731932.0,11.46,10.04,8.94,True,Charging,92
7,6,global_mutex,GlobalMutex,200,1,111049.29922034343,1688.0,4355.0,1766.0903222222223,844.6227294844448,0.47824435639377694,0,100,900,1790535424.1819837,3070.21175,4053.736,performance,64.0,7771284.0,4062320.0,956636.0,7771132.0,7731932.0,13.1,10.4,9.06,True,Charging,92
7,7,thread_local,ThreadLocal,300,1,108714.56885902195,2575.0,6605.0,2715.9565925925926,1352.1037420391606,0.49783702203740743,0,100,900,1790535428.314036,3905.41275,4057.834,performance,68.0,7771284.0,4065108.0,959356.0,7771132.0,7731932.0,13.66,10.56,9.12,True,Charging,92
7,8,global_mutex,GlobalMutex,100,1,113766.1958599283,792.0,2843.0,859.3619333333334,524.4741199153269,0.6103064373365622,0,100,900,1790535433.4113078,3101.5175,4101.479,performance,68.0,7771284.0,4061804.0,955976.0,7771132.0,7731932.0,14.48,10.78,9.2,True,Charging,92
7,9,thread_local,ThreadLocal,150,1,112366.81592048406,1230.0,3775.0,1311.6481851851852,679.4483473329599,0.5180111214327124,0,100,900,1790535436.6162565,400.0,400.0,performance,68.0,7771284.0,4061572.0,955740.0,7771132.0,7731932.0,13.32,10.6,9.15,True,Charging,93
7,10,thread_local,ThreadLocal,200,1,109448.98903671367,1706.0,4529.0,1793.0222111111111,873.372955212903,0.48709544689448425,0,100,900,1790535440.284246,1324.9185,4099.674,performance,66.0,7771284.0,4057948.0,952076.0,7771132.0,7731932.0,13.32,10.6,9.15,True,Charging,93
7,11,global_mutex,GlobalMutex,150,1,110973.26706030649,1248.0,3785.0,1323.7130148148149,677.214179443869,0.5116019649762302,0,100,900,1790535444.447525,3051.309,4099.26,performance,68.0,7771284.0,4057856.0,951860.0,7771132.0,7731932.0,15.22,11.04,9.3,True,Charging,93
7,12,disabled,Disabled,200,1,114044.38246985477,1582.0,4856.0,1704.354388888889,903.2094826195626,0.5299422986837774,0,100,900,1790535448.118137,2212.461,4078.857,performance,64.05,7771284.0,4050612.0,944584.0,7771132.0,7731932.0,14.0,10.86,9.25,True,Charging,93
7,13,sharded_n,Sharded-N,100,1,111164.9754823979,825.0,2780.0,880.2173666666666,496.8023456871906,0.5644087068726592,0,100,900,1790535452.202881,3109.958,4099.785,performance,68.0,7771284.0,4056892.0,950600.0,7771132.0,7731932.0,12.88,10.68,9.2,True,Charging,93
7,14,hdr_histogram,HdrHistogram,400,1,106786.84090712026,3440.0,8920.0,3655.2797472222223,1872.3567353528922,0.5122334991667226,0,100,900,1790535455.4339685,1318.9615,4075.846,performance,67.0,7771284.0,4058868.0,952408.0,7771132.0,7731932.0,12.88,10.68,9.2,True,Charging,93
7,15,sharded_n,Sharded-N,400,1,105931.27929652012,3361.0,10089.0,3683.3572916666667,2048.127203433196,0.5560490175815791,0,100,900,1790535461.5266104,3979.5515,4101.619,performance,65.0,7771284.0,4059232.0,952604.0,7771132.0,7731932.0,12.59,10.7,9.23,True,Charging,93
7,16,global_mutex,GlobalMutex,500,1,106944.10999357424,4044.0,13714.0,4566.729748888889,2689.544626049952,0.5889432425258652,0,100,900,1790535467.6420436,2151.712,4059.616,performance,69.0,7771284.0,4077816.0,971100.0,7771132.0,7731932.0,11.66,10.54,9.18,True,Charging,93
7,17,sharded_n,Sharded-N,150,1,109177.71477005158,1267.0,3738.0,1342.066,686.4028462170578,0.511452377317552,0,100,900,1790535474.6712492,1311.771,4047.084,performance,66.0,7771284.0,4077712.0,970740.0,7771132.0,7731932.0,15.45,11.35,9.45,True,Charging,93
7,18,global_mutex,GlobalMutex,50,1,120276.4591297879,372.0,1660.0,408.37662222222224,304.49290555268084,0.7456178659193375,0,100,900,1790535478.381126,2051.0565,3706.602,performance,66.05,7771284.0,4072952.0,965956.0,7771132.0,7731932.0,16.14,11.56,9.53,True,Charging,93
7,19,sharded_n,Sharded-N,300,1,108178.88880787359,2514.0,7434.0,2716.055911111111,1451.5797449442055,0.5344439851204605,0,100,900,1790535481.1256607,3122.34575,4101.146,performance,67.0,7771284.0,4076488.0,969432.0,7771132.0,7731932.0,16.14,11.56,9.53,True,Charging,93
7,20,disabled,Disabled,25,1,120018.30615220078,169.0,1194.0,202.1956888888889,258.46115973437975,1.2782723566198784,0,100,900,1790535486.2409022,1325.079,4100.316,performance,68.0,7771284.0,4070928.0,963420.0,7771132.0,7731932.0,15.01,11.4,9.49,True,Charging,93
7,21,disabled,Disabled,300,1,109618.11468966497,2504.0,6803.0,2668.7503407407407,1384.4410271938254,0.5187600376322795,0,100,900,1790535488.775511,2250.49075,4101.889,performance,64.0,7771284.0,4075688.0,968148.0,7771132.0,7731932.0,13.89,11.22,9.44,True,Charging,93
7,22,thread_local,ThreadLocal,400,1,108241.53598679557,3261.0,10151.0,3630.9574361111113,2020.5387675895904,0.5564754759983256,0,100,900,1790535493.8488102,3073.0005,3984.926,performance,68.0,7771284.0,4075980.0,968320.0,7771132.0,7731932.0,17.26,11.97,9.69,True,Charging,93
7,23,thread_local,ThreadLocal,100,1,113542.88472555978,793.0,3003.0,860.4243888888889,514.1675195422855,0.5975743205120638,0,100,900,1790535499.8975885,3113.47575,4100.106,performance,70.0,7771284.0,4070272.0,962596.0,7771132.0,7731932.0,18.92,12.4,9.85,True,Charging,93
7,24,sharded_2key,Sharded-2key,50,1,116456.10953491073,371.0,1991.0,420.5349111111111,352.03445833278147,0.8371111387700441,0,100,900,1790535503.1043754,2224.4495,4100.377,performance,65.0,7771284.0,4067888.0,960188.0,7771132.0,7731932.0,17.48,12.21,9.8,True,Charging,93
7,25,global_mutex,GlobalMutex,300,1,109794.56189877201,2464.0,7260.0,2662.3458666666666,1427.5298933124625,0.5361925027043053,0,100,900,1790535505.8572388,3963.7365,4101.953,performance,66.0,7771284.0,4070500.0,962768.0,7771132.0,7731932.0,17.48,12.21,9.8,True,Charging,93
7,26,thread_local,ThreadLocal,50,1,117695.19292658794,362.0,2056.0,413.32224444444444,367.4529404728594,0.8890229001992405,0,100,900,1790535510.9371474,3067.2445,4100.087,performance,66.0,7771284.0,4074344.0,966428.0,7771132.0,7731932.0,25.77,14.02,10.4,True,Charging,93
7,27,sharded_2key,Sharded-2key,300,1,109526.71740406932,2504.0,6858.0,2686.0903592592595,1389.7098522859492,0.5173727114188326,0,100,900,1790535513.6848638,2996.10825,3943.07,performance,66.0,7771284.0,4073608.0,965412.0,7771132.0,7731932.0,26.59,14.38,10.53,True,Charging,93
7,28,thread_local,ThreadLocal,500,1,106273.0560546402,4211.0,12454.0,4549.885406666666,2533.5521674712822,0.5568386763673266,0,100,900,1790535518.759227,3878.76825,3986.58,performance,68.0,7771284.0,4072320.0,963916.0,7771132.0,7731932.0,25.1,14.28,10.52,True,Charging,93
7,29,sharded_n,Sharded-N,500,1,105848.67274029988,4217.0,12138.0,4578.573777777778,2464.2420228709143,0.5382117101249246,0,100,900,1790535525.8333168,400.0,400.0,performance,69.0,7771284.0,4072376.0,963820.0,7771132.0,7731932.0,23.89,14.2,10.52,True,Charging,93
7,30,hdr_histogram,HdrHistogram,100,1,112762.2781522927,805.0,2782.0,867.0124777777778,498.05880763400955,0.5744540250569105,0,100,900,1790535532.9095767,2976.1105,4096.898,performance,67.05,7771284.0,4072728.0,964072.0,7771132.0,7731932.0,21.33,13.98,10.48,True,Charging,93
7,31,sharded_2key,Sharded-2key,400,1,107371.67253624702,3440.0,9353.0,3664.4029833333334,1931.1752023496194,0.5270095049952506,0,100,900,1790535536.1242883,2204.5005,4099.34,performance,70.0,7771284.0,4066332.0,957716.0,7771132.0,7731932.0,21.33,13.98,10.48,True,Charging,93
7,32,global_mutex,GlobalMutex,25,1,114310.07604912187,174.0,1267.0,210.79924444444444,239.25273220843476,1.1349790785018168,0,100,900,1790535542.1901236,2210.5755,4099.111,performance,71.0,7771284.0,4067480.0,958700.0,7771132.0,7731932.0,18.05,13.52,10.37,True,Charging,93
7,33,hdr_histogram,HdrHistogram,25,1,119177.57304777468,175.0,940.0,201.99595555555555,184.776180628093,0.9147518826300135,0,100,900,1790535544.732143,3975.29,4101.302,performance,70.0,7771284.0,4068048.0,958952.0,7771132.0,7731932.0,18.05,13.52,10.37,True,Charging,93
7,34,disabled,Disabled,100,1,113796.8234795155,805.0,2894.0,863.6795111111111,498.4924711853415,0.5771729730441773,0,100,900,1790535547.268451,3842.83625,4032.996,performance,66.0,7771284.0,4073140.0,963956.0,7771132.0,7731932.0,16.6,13.3,10.32,True,Charging,93
7,35,hdr_histogram,HdrHistogram,50,1,118524.73463846152,370.0,1882.0,411.9575111111111,314.19800533873473,0.7626951733233256,0,100,900,1790535550.4731092,3902.0435,4104.739,performance,65.0,7771284.0,4066728.0,957552.0,7771132.0,7731932.0,16.6,13.3,10.32,True,Charging,93
7,36,disabled,Disabled,50,1,121709.84909122786,372.0,1574.0,400.62913333333336,299.91036267642977,0.7485984860389494,0,100,900,1790535553.2203677,3123.29025,4101.795,performance,69.0,7771284.0,4073012.0,963824.0,7771132.0,7731932.0,15.27,13.08,10.26,True,Charging,93
7,37,sharded_n,Sharded-N,200,1,110804.80818160444,1674.0,4612.0,1773.0550777777778,894.1548682815471,0.5043018005973158,0,100,900,1790535555.9587579,3127.568,4099.956,performance,67.0,7771284.0,4066872.0,957616.0,7771132.0,7731932.0,15.27,13.08,10.26,True,Charging,93
7,38,sharded_2key,Sharded-2key,100,1,115146.42791254426,789.0,2707.0,851.7261666666667,482.8899330427743,0.5669544413935554,0,100,900,1790535560.0995085,3123.6335,4099.245,performance,63.0,7771284.0,4063376.0,954056.0,7771132.0,7731932.0,16.61,13.39,10.38,True,Charging,93
7,39,hdr_histogram,HdrHistogram,150,1,110103.7593115575,1267.0,3689.0,1342.852962962963,667.0865829517577,0.49676815060961854,0,100,900,1790535563.2958724,4030.84625,4103.289,performance,63.05,7771284.0,4063672.0,954352.0,7771132.0,7731932.0,15.28,13.17,10.32,True,Charging,94
7,40,sharded_2key,Sharded-2key,25,1,119409.62987398398,172.0,1119.0,203.3795111111111,197.19605547541516,0.9695964672059922,0,100,900,1790535566.9945953,400.0,400.0,performance,66.0,7771284.0,4063524.0,954192.0,7771132.0,7731932.0,14.06,12.95,10.27,True,Charging,94
7,41,sharded_2key,Sharded-2key,500,1,106775.03988371031,4235.0,12141.0,4547.518033333334,2491.6591466262985,0.5479162761670041,0,100,900,1790535569.5327947,2958.11275,4000.997,performance,63.0,7771284.0,4065004.0,955592.0,7771132.0,7731932.0,14.06,12.95,10.27,True,Charging,94
7,42,sharded_n,Sharded-N,25,1,120591.03111441548,167.0,1051.0,201.54342222222223,206.5526223575445,1.0248541980685388,0,100,900,1790535576.5578794,2917.2795,3801.744,performance,69.0,7771284.0,4075488.0,965488.0,7771132.0,7731932.0,12.93,12.75,10.23,True,Charging,94
7,43,disabled,Disabled,150,1,112870.08690620458,1216.0,4136.0,1298.1788962962962,699.5339346768359,0.5388578852056568,0,100,900,1790535579.0916011,1322.03075,4088.123,performance,66.0,7771284.0,4073104.0,963084.0,7771132.0,7731932.0,12.93,12.75,10.23,True,Charging,94
7,44,disabled,Disabled,400,1,108980.22025894234,3310.0,9137.0,3546.570413888889,1858.26650963973,0.5239615439080206,0,100,900,1790535582.753024,2227.9065,4093.6,performance,63.05,7771284.0,4066960.0,956928.0,7771132.0,7731932.0,11.89,12.54,10.17,True,Charging,94
7,45,hdr_histogram,HdrHistogram,500,1,105184.51122655395,4382.0,12455.0,4659.957395555555,2462.2172137931475,0.5283776233966201,0,100,900,1790535588.7701652,3791.12475,3996.399,performance,69.0,7771284.0,4063004.0,948824.0,7771132.0,7731932.0,14.14,13.0,10.34,True,Charging,94
7,46,sharded_n,Sharded-N,50,1,115856.82492872867,365.0,2078.0,419.69053333333335,349.82940105704665,0.8335413197876435,0,100,900,1790535595.8688412,3007.94575,4100.329,performance,66.0,7771284.0,4063556.0,949244.0,7771132.0,7731932.0,15.33,13.26,10.44,True,Charging,94
7,47,global_mutex,GlobalMutex,400,1,107755.88095896655,3398.0,9299.0,3614.8971555555554,1889.710515471561,0.5227563701410866,0,100,900,1790535598.6259055,1324.9235,4099.694,performance,65.0,7771284.0,4068124.0,953828.0,7771132.0,7731932.0,14.9,13.21,10.43,True,Charging,94
7,48,disabled,Disabled,500,1,107715.37131726102,4296.0,10905.0,4509.367755555556,2273.8653834756087,0.5042537017909438,0,100,900,1790535604.6783667,1287.71625,3950.865,performance,66.0,7771284.0,4071396.0,956900.0,7771132.0,7731932.0,15.15,13.29,10.47,True,Charging,94
8,1,disabled,Disabled,400,1,108643.09804340662,3383.0,9137.0,3612.891272222222,1847.0356834751549,0.5112347824237394,0,100,900,1790535611.6681683,400.0,400.0,performance,70.0,7771284.0,4070928.0,956016.0,7771132.0,7731932.0,13.49,13.0,10.41,True,Charging,94
8,2,hdr_histogram,HdrHistogram,500,1,106923.74147624605,3829.0,16241.0,4586.092384444444,3114.994168153989,0.6792262141773965,0,100,900,1790535617.6919043,3085.20575,4011.421,performance,67.0,7771284.0,4064416.0,949492.0,7771132.0,7731932.0,12.41,12.78,10.35,True,Charging,94
8,3,global_mutex,GlobalMutex,100,1,114172.36207989126,796.0,2907.0,857.3838444444444,499.6225356805539,0.582729122921942,0,100,900,1790535624.7386594,2249.25875,4100.153,performance,67.05,7771284.0,4067444.0,952404.0,7771132.0,7731932.0,12.29,12.75,10.36,True,Charging,94
8,4,hdr_histogram,HdrHistogram,400,1,106092.32831868749,3425.0,9723.0,3693.7237444444445,1954.5467374551756,0.5291534702330993,0,100,900,1790535627.9371457,3768.0865,3910.18,performance,71.0,7771284.0,4068424.0,953364.0,7771132.0,7731932.0,11.31,12.54,10.3,True,Charging,94
8,5,sharded_n,Sharded-N,200,1,109422.85925049773,1704.0,4484.0,1792.6118555555556,870.1288260943977,0.4853972282944277,0,100,900,1790535634.0543764,400.0,400.0,performance,67.0,7771284.0,4065292.0,950068.0,7771132.0,7731932.0,12.0,12.66,10.35,True,Charging,94
8,6,thread_local,ThreadLocal,400,1,107457.04635529974,3375.0,9063.0,3601.799525,1847.5338792427783,0.5129474493011319,0,100,900,1790535638.2206655,3149.5465,4097.984,performance,67.0,7771284.0,4067224.0,952000.0,7771132.0,7731932.0,11.04,12.45,10.3,True,Charging,94
8,7,disabled,Disabled,150,1,112580.51392469225,1181.0,3783.0,1274.971837037037,720.0525234883526,0.5647595519927046,0,100,900,1790535644.2882168,2131.73275,3959.988,performance,68.0,7771284.0,4069528.0,953960.0,7771132.0,7731932.0,11.12,12.44,10.31,True,Charging,94
8,8,hdr_histogram,HdrHistogram,200,1,111496.33563080865,1630.0,4658.0,1744.2781833333333,895.5084439917705,0.5133977209302961,0,100,900,1790535647.9546716,1315.5165,4062.066,performance,66.0,7771284.0,4071364.0,955724.0,7771132.0,7731932.0,10.23,12.24,10.25,True,Charging,94
8,9,sharded_n,Sharded-N,400,1,106230.0449405674,3451.0,9397.0,3673.4636638888887,1935.5919531967909,0.5269119638297141,0,100,900,1790535652.092294,2900.03375,3790.136,performance,66.0,7771284.0,4063644.0,947940.0,7771132.0,7731932.0,9.41,12.03,10.2,True,Charging,94
8,10,sharded_n,Sharded-N,25,1,118700.1560569416,167.0,1281.0,201.5484888888889,213.64977014033443,1.0600415379850197,0,100,900,1790535658.2021592,3060.2695,4107.427,performance,66.0,7771284.0,4067072.0,951272.0,7771132.0,7731932.0,8.66,11.83,10.14,True,Charging,94
8,11,disabled,Disabled,300,1,110629.52385788003,2432.0,7284.0,2662.759459259259,1435.8102379632974,0.5392189042726071,0,100,900,1790535660.7384024,1325.004,4100.016,performance,67.0,7771284.0,4072308.0,956496.0,7771132.0,7731932.0,8.66,11.83,10.14,True,Charging,94
8,12,global_mutex,GlobalMutex,25,1,121702.14041556997,174.0,929.0,199.49124444444445,189.45564860268541,0.9496940536427713,0,100,900,1790535665.792732,4048.3795,4089.421,performance,70.0,7771284.0,4062796.0,946720.0,7771132.0,7731932.0,9.32,11.92,10.18,True,Charging,94
8,13,thread_local,ThreadLocal,200,1,110779.33057192793,1657.0,4627.0,1748.7029166666666,879.5263206061289,0.5029592575293805,0,100,900,1790535668.3237612,3047.317,4024.068,performance,69.0,7771284.0,4063312.0,947236.0,7771132.0,7731932.0,8.58,11.72,10.12,True,Charging,94
8,14,global_mutex,GlobalMutex,200,1,109799.57605066092,1716.0,4298.0,1782.7001277777779,875.1838969790226,0.4909316397873274,0,100,900,1790535672.4579391,3650.04875,4051.058,performance,70.0,7771284.0,4065064.0,948780.0,7771132.0,7731932.0,7.89,11.53,10.07,True,Charging,94
8,15,disabled,Disabled,200,1,112114.38935474919,1650.0,4512.0,1743.1605222222222,872.2123218517563,0.5003625946851065,0,100,900,1790535676.6102934,2999.9255,4102.686,performance,65.05,7771284.0,4071432.0,954956.0,7771132.0,7731932.0,7.26,11.33,10.02,True,Charging,94
8,16,global_mutex,GlobalMutex,300,1,108647.40074352728,2589.0,6441.0,2692.5084555555554,1330.9166170305057,0.49430359792719486,0,100,900,1790535680.7225528,2122.81725,3945.721,performance,69.0,7771284.0,4059236.0,942716.0,7771132.0,7731932.0,7.26,11.33,10.02,True,Charging,94
8,17,disabled,Disabled,100,1,112928.93756005082,809.0,2806.0,868.1233666666667,492.5048773849209,0.5673213005151467,0,100,900,1790535685.8220305,4034.894,4102.518,performance,65.0,7771284.0,4062500.0,945940.0,7771132.0,7731932.0,10.28,11.89,10.2,True,Charging,94
8,18,global_mutex,GlobalMutex,400,1,107091.96229335677,3421.0,9164.0,3658.8291916666667,1876.2875478046126,0.5128109156005525,0,100,900,1790535689.0333629,400.0,400.0,performance,64.05,7771284.0,4064020.0,947484.0,7771132.0,7731932.0,10.02,11.81,10.19,True,Charging,95
8,19,sharded_2key,Sharded-2key,300,1,109077.24658182582,2507.0,7153.0,2695.0724777777777,1396.736321836436,0.5182555695081399,0,100,900,1790535695.118061,400.0,400.0,performance,71.0,7771284.0,4047992.0,931084.0,7771132.0,7731932.0,10.02,11.78,10.18,True,Charging,95
8,20,sharded_2key,Sharded-2key,500,1,104795.41006574138,4025.0,13415.0,4505.770753333333,2729.085671632914,0.6056867561701754,0,100,900,1790535700.2054622,2956.21125,3913.196,performance,70.0,7771284.0,4040684.0,923740.0,7771132.0,7731932.0,9.93,11.74,10.18,True,Charging,95
8,21,disabled,Disabled,25,1,121412.74510380036,172.0,1143.0,201.15817777777778,212.7574660692471,1.0576625241867283,0,100,900,1790535707.3177109,3800.0965,4094.904,performance,67.0,7771284.0,4067724.0,950012.0,7771132.0,7731932.0,9.73,11.64,10.16,True,Charging,95
8,22,hdr_histogram,HdrHistogram,50,1,117205.75845956002,374.0,1824.0,417.0386222222222,317.20217513947165,0.7606062322219357,0,100,900,1790535709.8470976,3983.69825,4099.868,performance,70.0,7771284.0,4070492.0,952736.0,7771132.0,7731932.0,9.73,11.64,10.16,True,Charging,95
8,23,disabled,Disabled,500,1,107488.9374063643,4087.0,13130.0,4549.936051111111,2593.6517201145616,0.5700413568408687,0,100,900,1790535712.5982268,2227.92025,4099.441,performance,65.0,7771284.0,4074736.0,956996.0,7771132.0,7731932.0,8.95,11.45,10.11,True,Charging,95
8,24,sharded_2key,Sharded-2key,50,1,117173.60790925186,373.0,1833.0,416.17122222222224,338.2702853741121,0.8128151763302041,0,100,900,1790535719.5898561,3803.78925,4082.802,performance,66.05,7771284.0,4061416.0,943516.0,7771132.0,7731932.0,9.28,11.47,10.13,True,Charging,95
8,25,sharded_2key,Sharded-2key,200,1,110196.25088466392,1674.0,4646.0,1771.2100277777777,885.0743337567006,0.49970038554216295,0,100,900,1790535722.3389537,3885.9355,4061.878,performance,67.0,7771284.0,4069252.0,951336.0,7771132.0,7731932.0,8.53,11.28,10.07,True,Charging,95
8,26,sharded_n,Sharded-N,150,1,108898.55886042972,1289.0,3533.0,1358.3066444444444,658.6819645140257,0.4849287656863599,0,100,900,1790535726.483733,3708.10375,3734.836,performance,67.0,7771284.0,4058868.0,940936.0,7771132.0,7731932.0,7.85,11.1,10.02,True,Charging,95
8,27,sharded_n,Sharded-N,300,1,108353.630275815,2519.0,7234.0,2714.1379037037036,1418.825600463653,0.5227536885754878,0,100,900,1790535730.1901972,3035.22925,4031.83,performance,70.0,7771284.0,4054772.0,936716.0,7771132.0,7731932.0,7.85,11.1,10.02,True,Charging,95
8,28,sharded_2key,Sharded-2key,400,1,106369.45499765109,3505.0,9084.0,3680.470438888889,1855.0823403901686,0.5040340280386021,0,100,900,1790535735.29867,3844.84075,4079.884,performance,70.0,7771284.0,4069412.0,950964.0,7771132.0,7731932.0,8.02,11.08,10.02,True,Charging,95
8,29,global_mutex,GlobalMutex,150,1,106697.86733606855,1271.0,3921.0,1365.9778,723.7333687589827,0.5298280607188366,0,100,900,1790535741.402734,2978.663,4084.31,performance,66.0,7771284.0,4067236.0,948548.0,7771132.0,7731932.0,7.3,10.83,9.95,True,Charging,95
8,30,sharded_2key,Sharded-2key,100,1,114837.73600159578,802.0,2501.0,851.6336555555556,464.4340421922992,0.5453448664958289,0,100,900,1790535745.1320026,3158.65175,4105.151,performance,67.0,7771284.0,4079472.0,960756.0,7771132.0,7731932.0,7.3,10.83,9.95,True,Charging,95
8,31,sharded_2key,Sharded-2key,150,1,111143.01254031221,1250.0,3579.0,1316.2312962962963,651.2594031486286,0.4947910029044195,0,100,900,1790535748.3342357,2876.31875,3708.079,performance,66.0,7771284.0,4081480.0,962744.0,7771132.0,7731932.0,6.72,10.65,9.89,True,Charging,95
8,32,sharded_n,Sharded-N,100,1,112717.64918585714,805.0,2831.0,869.3595111111111,491.52228630174415,0.5653843778318354,0,100,900,1790535752.014165,1326.05575,4104.223,performance,66.0,7771284.0,4081184.0,962408.0,7771132.0,7731932.0,6.18,10.47,9.84,True,Charging,95
8,33,hdr_histogram,HdrHistogram,25,1,119951.41168150821,173.0,1163.0,202.4740888888889,206.17577208055854,1.0182822563221954,0,100,900,1790535755.2276385,3008.4855,3969.49,performance,65.0,7771284.0,4081052.0,962236.0,7771132.0,7731932.0,6.18,10.47,9.84,True,Charging,95
8,34,hdr_histogram,HdrHistogram,100,1,113483.58321014523,805.0,2900.0,863.4852666666667,487.6709580516046,0.5647704447050645,0,100,900,1790535757.7625098,3047.5005,4100.448,performance,68.0,7771284.0,4081632.0,962756.0,7771132.0,7731932.0,5.69,10.3,9.79,True,Charging,95
8,35,hdr_histogram,HdrHistogram,300,1,108232.88660701111,2567.0,6733.0,2718.2776222222224,1362.1107653822123,0.501093322568234,0,100,900,1790535760.971118,1325.2275,4100.91,performance,67.0,7771284.0,4082948.0,963956.0,7771132.0,7731932.0,5.69,10.3,9.79,True,Charging,95
8,36,thread_local,ThreadLocal,500,1,107519.15889029292,4103.0,12517.0,4561.050126666667,2511.354130795124,0.5506087547935998,0,100,900,1790535766.0862763,1325.13825,4100.553,performance,68.0,7771284.0,4085392.0,966280.0,7771132.0,7731932.0,6.27,10.34,9.8,True,Charging,95
8,37,disabled,Disabled,50,1,119651.4196785856,370.0,1785.0,408.42437777777775,304.8473164842413,0.7463984352327461,0,100,900,1790535773.0861256,3903.6105,4098.901,performance,71.0,7771284.0,4074616.0,954956.0,7771132.0,7731932.0,5.31,10.0,9.7,True,Charging,95
8,38,hdr_histogram,HdrHistogram,150,1,110357.14807808698,1272.0,3517.0,1337.5559481481482,658.785611616839,0.4925293872969803,0,100,900,1790535775.8303537,2214.667,4045.962,performance,65.0,7771284.0,4074800.0,955044.0,7771132.0,7731932.0,5.31,10.0,9.7,True,Charging,95
8,39,thread_local,ThreadLocal,50,1,118641.46818553233,376.0,1630.0,409.94346666666667,290.97414815043027,0.7097909146263508,0,100,900,1790535779.5191147,3825.80025,4058.057,performance,69.0,7771284.0,4063340.0,943588.0,7771132.0,7731932.0,5.84,10.03,9.71,True,Charging,95
8,40,thread_local,ThreadLocal,150,1,111632.45627337048,1231.0,3842.0,1309.3660370370371,683.384113566456,0.5219198407749182,0,100,900,1790535782.2656496,2113.303,3954.785,performance,67.0,7771284.0,4066688.0,946908.0,7771132.0,7731932.0,5.37,9.87,9.66,True,Charging,95
8,41,thread_local,ThreadLocal,25,1,117752.25391551756,170.0,1225.0,202.29444444444445,216.46564106925905,1.0700523272585787,0,100,900,1790535785.938594,2245.76675,4100.422,performance,68.0,7771284.0,4062948.0,943160.0,7771132.0,7731932.0,5.37,9.87,9.66,True,Charging,95
8,42,sharded_2key,Sharded-2key,25,1,117716.59686403823,172.0,1219.0,205.34142222222223,241.76992956053044,1.177404573047541,0,100,900,1790535788.4736843,1306.20125,4024.805,performance,62.0,7771284.0,4059080.0,939216.0,7771132.0,7731932.0,5.59,9.84,9.65,True,Charging,95
8,43,sharded_n,Sharded-N,500,1,106511.08138876517,4162.0,13231.0,4609.49798,2617.106131792936,0.5677638092365399,0,100,900,1790535791.0130308,3891.25075,4043.118,performance,66.0,7771284.0,4054464.0,934540.0,7771132.0,7731932.0,5.59,9.84,9.65,True,Charging,95
8,44,global_mutex,GlobalMutex,50,1,119348.09587592178,362.0,2007.0,409.56877777777777,331.97945604081457,0.8105585045863498,0,100,900,1790535798.0651367,3127.576,4059.135,performance,68.0,7771284.0,4068388.0,948048.0,7771132.0,7731932.0,10.47,10.79,9.96,True,Charging,95
8,45,thread_local,ThreadLocal,100,1,114021.19510350269,799.0,2807.0,857.5415333333333,497.35756754291657,0.5799807335391063,0,100,900,1790535800.8091967,2215.53275,4099.599,performance,63.0,7771284.0,4075988.0,955492.0,7771132.0,7731932.0,10.47,10.79,9.96,True,Charging,95
8,46,global_mutex,GlobalMutex,500,1,105953.43939724841,4328.0,11859.0,4611.673833333333,2385.554696324921,0.5172860836518949,0,100,900,1790535804.010992,3904.87875,4107.15,performance,67.0,7771284.0,4085724.0,965176.0,7771132.0,7731932.0,10.43,10.77,9.96,True,Charging,95
8,47,sharded_n,Sharded-N,50,1,117370.649256847,366.0,1987.0,413.8446666666667,344.0173451749129,0.8312716651535429,0,100,900,1790535811.0791593,1247.21375,3788.855,performance,68.0,7771284.0,4083412.0,962708.0,7771132.0,7731932.0,10.08,10.69,9.94,True,Charging,95
8,48,thread_local,ThreadLocal,300,1,108357.5505301819,2576.0,6639.0,2730.458437037037,1373.1478560411638,0.5029001128218008,0,100,900,1790535813.8305507,1310.76975,4043.079,performance,63.0,7771284.0,4086904.0,966172.0,7771132.0,7731932.0,9.27,10.51,9.89,True,Charging,95
9,1,hdr_histogram,HdrHistogram,25,1,116349.97831469105,174.0,1077.0,208.01404444444444,218.19618238191757,1.0489492811154515,0,100,900,1790535818.9361055,3916.0215,4101.559,performance,69.0,7771284.0,4081728.0,960940.0,7771132.0,7731932.0,10.05,10.66,9.94,True,Charging,96
9,2,global_mutex,GlobalMutex,150,1,111745.81547865937,1237.0,3503.0,1310.7887851851851,669.0809735349253,0.5104414846213374,0,100,900,1790535821.4732485,3891.60325,4031.577,performance,68.0,7771284.0,4084012.0,963116.0,7771132.0,7731932.0,9.25,10.48,9.88,True,Charging,96
9,3,thread_local,ThreadLocal,400,1,107750.30039130081,3396.0,9588.0,3650.0095194444443,1913.5717309647753,0.5242648603437159,0,100,900,1790535825.1437614,1325.02,4100.08,performance,64.05,7771284.0,4084644.0,963788.0,7771132.0,7731932.0,9.25,10.48,9.88,True,Charging,96
9,4,thread_local,ThreadLocal,300,1,109935.25882884333,2473.0,7055.0,2668.226625925926,1423.2231494017367,0.5333966521332688,0,100,900,1790535831.2010598,1325.02275,4100.091,performance,64.0,7771284.0,4076376.0,955064.0,7771132.0,7731932.0,9.15,10.44,9.87,True,Charging,96
9,5,thread_local,ThreadLocal,500,1,107240.58671513737,4237.0,12219.0,4567.343886666667,2426.9206174403143,0.531363671679105,0,100,900,1790535836.2740252,3848.2585,4036.058,performance,67.0,7771284.0,4073844.0,952440.0,7771132.0,7731932.0,8.41,10.26,9.82,True,Charging,96
9,6,global_mutex,GlobalMutex,200,1,110768.5288716666,1682.0,4483.0,1768.7329555555555,888.6757233792299,0.5024363460792184,0,100,900,1790535843.2811341,2228.8955,4097.534,performance,70.0,7771284.0,4063152.0,941660.0,7771132.0,7731932.0,7.12,9.93,9.71,True,Charging,96
9,7,disabled,Disabled,400,1,109100.69935787882,3301.0,9453.0,3575.8849111111113,1903.1114994259656,0.5322071450097716,0,100,900,1790535847.416315,3076.4355,4102.033,performance,69.0,7771284.0,4056060.0,934584.0,7771132.0,7731932.0,6.55,9.76,9.66,True,Charging,96
9,8,disabled,Disabled,100,1,114426.87040121746,791.0,2864.0,858.3554222222223,498.00044530543914,0.5801797628494625,0,100,900,1790535853.4207397,2186.00125,4086.103,performance,70.0,7771284.0,4070108.0,948436.0,7771132.0,7731932.0,7.71,9.95,9.72,True,Charging,96
9,9,disabled,Disabled,25,1,122076.37724276482,168.0,1147.0,199.3216,200.0750253633394,1.0037799484016754,0,100,900,1790535856.6198351,2265.761,3897.457,performance,65.0,7771284.0,4074548.0,952872.0,7771132.0,7731932.0,7.09,9.78,9.67,True,Charging,96
9,10,disabled,Disabled,500,1,107648.38258497737,4329.0,10979.0,4530.392171111112,2239.7225675531195,0.4943771936202625,0,100,900,1790535859.147685,2233.2875,4098.093,performance,64.05,7771284.0,4074516.0,952656.0,7771132.0,7731932.0,7.09,9.78,9.67,True,Charging,96
9,11,sharded_n,Sharded-N,50,1,115384.45059195133,378.0,1858.0,424.3812222222222,325.94516469230143,0.7680480370585862,0,100,900,1790535866.1429527,3052.867,4100.107,performance,68.0,7771284.0,4068744.0,946608.0,7771132.0,7731932.0,7.24,9.77,9.67,True,Charging,96
9,12,sharded_n,Sharded-N,100,1,112530.62732017445,815.0,2716.0,871.7281111111112,493.57146367255814,0.5661988610685599,0,100,900,1790535868.9006507,3977.332,4103.981,performance,68.0,7771284.0,4060220.0,938008.0,7771132.0,7731932.0,6.66,9.61,9.61,True,Charging,96
9,13,sharded_n,Sharded-N,500,1,106106.26164506937,4261.0,11886.0,4623.231182222222,2434.1978906485606,0.5265144213442792,0,100,900,1790535872.119063,4006.21025,4072.572,performance,64.0,7771284.0,4057564.0,935328.0,7771132.0,7731932.0,6.13,9.45,9.56,True,Charging,96
9,14,hdr_histogram,HdrHistogram,400,1,106582.74388783047,3439.0,9700.0,3684.3624555555557,1932.2713573969104,0.5244520268312061,0,100,900,1790535879.182046,2159.55225,4023.696,performance,70.0,7771284.0,4058236.0,935848.0,7771132.0,7731932.0,6.28,9.42,9.55,True,Charging,96
9,15,sharded_2key,Sharded-2key,100,1,114556.52605878586,791.0,3159.0,857.0948,522.4934203789942,0.6096098359002927,0,100,900,1790535885.2747796,3038.4495,4099.95,performance,70.0,7771284.0,4061964.0,939384.0,7771132.0,7731932.0,6.58,9.43,9.56,True,Charging,96
9,16,thread_local,ThreadLocal,50,1,119061.66989955702,357.0,2059.0,406.43575555555555,357.033535966555,0.878450114406217,0,100,900,1790535888.4745555,1278.527,3914.108,performance,69.0,7771284.0,4067868.0,945236.0,7771132.0,7731932.0,6.93,9.46,9.56,True,Charging,96
9,17,disabled,Disabled,200,1,108434.79531447732,1727.0,4576.0,1806.269288888889,877.7795306400938,0.48596271665563906,0,100,900,1790535891.2191696,2200.472,4001.951,performance,69.0,7771284.0,4083524.0,960688.0,7771132.0,7731932.0,6.93,9.46,9.56,True,Charging,96
9,18,global_mutex,GlobalMutex,500,1,106810.56041052236,4043.0,13092.0,4534.426804444444,2624.094759842351,0.578704844738111,0,100,900,1790535895.3977602,4023.83725,4097.507,performance,65.05,7771284.0,4083728.0,960328.0,7771132.0,7731932.0,6.38,9.3,9.51,True,Charging,96
9,19,thread_local,ThreadLocal,25,1,120296.36597670392,171.0,974.0,198.80906666666667,173.55253143024794,0.872960848014215,0,100,900,1790535902.4315557,3034.654,4083.021,performance,69.0,7771284.0,4080172.0,956604.0,7771132.0,7731932.0,6.21,9.17,9.47,True,Charging,96
9,20,disabled,Disabled,300,1,110550.39251420481,2438.0,7017.0,2659.559325925926,1404.9063799646785,0.5282478064201709,0,100,900,1790535904.9647932,2250.1305,4100.515,performance,69.0,7771284.0,4082180.0,958588.0,7771132.0,7731932.0,6.21,9.17,9.47,True,Charging,96
9,21,disabled,Disabled,150,1,111596.30382626072,1247.0,3550.0,1317.9189703703703,660.8842808139922,0.5014604810098956,0,100,900,1790535910.0127218,1316.37125,4065.485,performance,69.0,7771284.0,4076104.0,952484.0,7771132.0,7731932.0,9.31,9.77,9.66,True,Charging,96
9,22,thread_local,ThreadLocal,200,1,109966.95839906954,1695.0,4530.0,1778.5130777777779,887.3320034778998,0.4989178963961323,0,100,900,1790535913.6861436,2250.289,4102.437,performance,65.0,7771284.0,4083020.0,959424.0,7771132.0,7731932.0,9.37,9.77,9.66,True,Charging,96
9,23,hdr_histogram,HdrHistogram,150,1,110586.64036203144,1262.0,3574.0,1329.776214814815,662.6814258858177,0.498340561744897,0,100,900,1790535917.8323116,3089.274,4100.153,performance,69.0,7771284.0,4076020.0,952360.0,7771132.0,7731932.0,8.62,9.61,9.61,True,Charging,96
9,24,hdr_histogram,HdrHistogram,300,1,107901.94130538826,2571.0,6808.0,2708.3610555555556,1380.5058966727804,0.5097200367140867,0,100,900,1790535921.52242,2250.3555,4100.976,performance,69.0,7771284.0,4072796.0,948692.0,7771132.0,7731932.0,7.93,9.45,9.56,True,Charging,96
9,25,sharded_2key,Sharded-2key,50,1,114950.45958330474,374.0,1988.0,422.7761111111111,328.9031051700335,0.777960477250318,0,100,900,1790535926.6394796,3902.295,4025.593,performance,65.05,7771284.0,4075876.0,951472.0,7771132.0,7731932.0,7.29,9.29,9.51,True,Charging,96
9,26,global_mutex,GlobalMutex,50,1,116488.04842330514,367.0,1950.0,418.0658,342.76361336319945,0.8198795820256032,0,100,900,1790535929.4019668,2249.9005,4099.916,performance,64.05,7771284.0,4066520.0,942112.0,7771132.0,7731932.0,7.29,9.29,9.51,True,Charging,96
9,27,thread_local,ThreadLocal,100,1,111069.2193667508,821.0,2787.0,880.9544666666667,530.3636249151152,0.6020329596850694,0,100,900,1790535932.1551583,3122.55975,4096.798,performance,63.0,7771284.0,4065924.0,941532.0,7771132.0,7731932.0,6.71,9.14,9.45,True,Charging,96
9,28,sharded_2key,Sharded-2key,300,1,109193.54882087042,2522.0,6780.0,2690.498322222222,1363.6108362151947,0.5068246372623335,0,100,900,1790535935.385578,3969.6315,4101.861,performance,63.05,7771284.0,4063644.0,939232.0,7771132.0,7731932.0,6.71,9.14,9.45,True,Charging,96
9,29,hdr_histogram,HdrHistogram,50,1,118874.05632127574,368.0,1808.0,411.40184444444446,325.98684451539526,0.7923806101443388,0,100,900,1790535940.4836788,2250.13,4100.492,performance,64.0,7771284.0,4061468.0,936936.0,7771132.0,7731932.0,6.89,9.14,9.45,True,Charging,97
9,30,hdr_histogram,HdrHistogram,500,1,106553.65735416375,4224.0,13065.0,4593.688284444444,2674.594927695714,0.582232568272572,0,100,900,1790535943.2305064,3974.7815,4080.607,performance,64.0,7771284.0,4068828.0,944276.0,7771132.0,7731932.0,6.42,9.0,9.41,True,Charging,97
9,31,global_mutex,GlobalMutex,100,1,113782.47326185838,794.0,2866.0,860.2916555555555,510.38198417245684,0.5932662264902064,0,100,900,1790535950.27827,3802.39825,4100.535,performance,65.0,7771284.0,4056316.0,931528.0,7771132.0,7731932.0,6.79,9.03,9.41,True,Charging,97
9,32,sharded_2key,Sharded-2key,500,1,105924.36411415708,4350.0,11842.0,4636.018517777778,2399.0514432789982,0.5174809880675274,0,100,900,1790535953.4846542,3161.4295,4100.327,performance,65.0,7771284.0,4067756.0,942548.0,7771132.0,7731932.0,7.36,9.12,9.44,True,Charging,97
9,33,global_mutex,GlobalMutex,300,1,108475.65537856234,2510.0,7152.0,2708.484637037037,1421.1598759251106,0.5247066409355,0,100,900,1790535960.5555298,2210.96125,4051.4,performance,68.0,7771284.0,4067628.0,942180.0,7771132.0,7731932.0,7.58,9.13,9.44,True,Charging,97
9,34,disabled,Disabled,50,1,117169.78600323794,371.0,1829.0,415.0335777777778,317.32432616740834,0.7645750685196703,0,100,900,1790535965.662026,1327.046,4108.184,performance,70.0,7771284.0,4064560.0,939072.0,7771132.0,7731932.0,8.33,9.26,9.48,True,Charging,97
9,35,global_mutex,GlobalMutex,25,1,120913.50702700132,171.0,1119.0,200.83706666666666,224.8734558474607,1.1196810408543145,0,100,900,1790535968.4108713,3893.324,4100.216,performance,67.0,7771284.0,4066556.0,941064.0,7771132.0,7731932.0,7.66,9.11,9.43,True,Charging,97
9,36,sharded_2key,Sharded-2key,150,1,111212.68133260643,1241.0,3969.0,1323.2646148148149,690.501706591459,0.5218167998001607,0,100,900,1790535970.9496858,3875.48375,4022.733,performance,70.0,7771284.0,4066980.0,941464.0,7771132.0,7731932.0,7.66,9.11,9.43,True,Charging,97
9,37,sharded_n,Sharded-N,150,1,110937.34797988135,1237.0,3833.0,1318.7799185185186,682.9093792784719,0.5178342266885847,0,100,900,1790535974.623899,3803.124,3970.533,performance,68.0,7771284.0,4069264.0,943684.0,7771132.0,7731932.0,7.61,9.07,9.42,True,Charging,97
9,38,sharded_n,Sharded-N,300,1,107984.90975677095,2556.0,6918.0,2734.160637037037,1392.481385684831,0.5092902614507094,0,100,900,1790535978.30959,1277.5,3910.0,performance,64.0,7771284.0,4075348.0,949756.0,7771132.0,7731932.0,7.0,8.92,9.37,True,Charging,97
9,39,hdr_histogram,HdrHistogram,200,1,110435.51936725924,1680.0,4641.0,1774.2659944444445,886.9355947562124,0.49988874133493627,0,100,900,1790535983.4281435,3133.1115,4107.013,performance,69.0,7771284.0,4059304.0,933192.0,7771132.0,7731932.0,10.6,9.64,9.6,True,Charging,97
9,40,sharded_n,Sharded-N,200,1,110594.32186780125,1649.0,4648.0,1769.8043277777779,908.2478035429289,0.5131910851881312,0,100,900,1790535987.571276,3988.92,4098.137,performance,69.0,7771284.0,4059968.0,933728.0,7771132.0,7731932.0,9.75,9.48,9.55,True,Charging,97
9,41,global_mutex,GlobalMutex,400,1,107372.55778574674,3362.0,9595.0,3639.1511305555555,1955.5398796429554,0.5373615465495717,0,100,900,1790535991.7098987,3044.921,4053.35,performance,69.0,7771284.0,4057704.0,931436.0,7771132.0,7731932.0,8.97,9.32,9.49,True,Charging,97
9,42,sharded_2key,Sharded-2key,400,1,107531.4326639247,3438.0,9007.0,3657.2734277777777,1835.5202574369027,0.5018821517406197,0,100,900,1790535997.7784753,3010.97625,4099.594,performance,65.05,7771284.0,4050220.0,923828.0,7771132.0,7731932.0,8.25,9.17,9.44,True,Charging,97
9,43,sharded_n,Sharded-N,25,1,120718.44406995378,169.0,1132.0,201.3144888888889,216.48217737364388,1.0753432530786518,0,100,900,1790536003.8361392,3887.3135,4098.841,performance,66.05,7771284.0,4065488.0,939016.0,7771132.0,7731932.0,8.39,9.18,9.45,True,Charging,97
9,44,hdr_histogram,HdrHistogram,100,1,116330.89683526345,767.0,2697.0,828.7096222222223,501.4370341591173,0.6050817086140393,0,100,900,1790536006.3673375,3934.25325,4000.258,performance,66.0,7771284.0,4067616.0,941128.0,7771132.0,7731932.0,8.39,9.18,9.45,True,Charging,97
9,45,sharded_2key,Sharded-2key,200,1,110205.5245603334,1678.0,4344.0,1761.15495,853.4571323361124,0.48460081967013313,0,100,900,1790536009.5586889,3784.07675,4034.82,performance,65.0,7771284.0,4064348.0,937876.0,7771132.0,7731932.0,7.72,9.03,9.4,True,Charging,97
9,46,thread_local,ThreadLocal,150,1,110851.77006492931,1256.0,3669.0,1330.054488888889,667.8073842052952,0.5020902450118214,0,100,900,1790536013.6992223,3115.13275,4101.848,performance,64.0,7771284.0,4054436.0,927868.0,7771132.0,7731932.0,8.06,9.08,9.41,True,Charging,97
9,47,sharded_2key,Sharded-2key,25,1,121055.17826841114,166.0,1165.0,198.6086222222222,240.11666475000297,1.2089941618009796,0,100,900,1790536017.3799005,1325.0245,4100.098,performance,64.05,7771284.0,4062668.0,935556.0,7771132.0,7731932.0,7.42,8.93,9.36,True,Charging,97
9,48,sharded_n,Sharded-N,400,1,106911.12895723812,3447.0,9195.0,3654.348588888889,1877.761918232204,0.513843130330142,0,100,900,1790536019.9102008,2248.9805,4099.389,performance,62.05,7771284.0,4060500.0,933364.0,7771132.0,7731932.0,7.42,8.93,9.36,True,Charging,97
10,1,hdr_histogram,HdrHistogram,200,1,110001.62857411103,1671.0,4678.0,1777.3418444444444,896.4272050862157,0.5043639792132492,0,100,900,1790536025.991785,3063.71125,4093.535,performance,69.0,7771284.0,4055716.0,928336.0,7771132.0,7731932.0,8.03,9.03,9.39,True,Charging,97
10,2,thread_local,ThreadLocal,300,1,109929.27303252634,2493.0,6910.0,2677.2729148148146,1381.4465908811217,0.5159902015356083,0,100,900,1790536030.142548,4102.12275,4104.581,performance,65.0,7771284.0,4054432.0,927084.0,7771132.0,7731932.0,9.39,9.29,9.47,True,Charging,97
10,3,hdr_histogram,HdrHistogram,50,1,115660.02295532747,370.0,2165.0,421.60344444444445,342.77504009981175,0.8130271339492814,0,100,900,1790536035.2212107,2150.6835,4101.029,performance,64.0,7771284.0,4054080.0,926620.0,7771132.0,7731932.0,9.6,9.34,9.49,True,Charging,97
10,4,sharded_2key,Sharded-2key,300,1,109083.26744441372,2476.0,7260.0,2695.266377777778,1431.6889224822223,0.5311864290247394,0,100,900,1790536037.9778967,3959.741,4008.007,performance,67.0,7771284.0,4079164.0,951692.0,7771132.0,7731932.0,8.83,9.18,9.44,True,Charging,97
10,5,sharded_n,Sharded-N,25,1,118316.54673943734,172.0,1106.0,201.00168888888888,209.81701690509095,1.0438569848090933,0,100,900,1790536043.0650496,2875.133,3700.392,performance,64.0,7771284.0,4074100.0,946588.0,7771132.0,7731932.0,8.12,9.03,9.39,True,Charging,97
10,6,disabled,Disabled,200,1,111510.00359463647,1687.0,4465.0,1769.0694555555556,859.3314556878582,0.4857533733281236,0,100,900,1790536045.6010199,3980.58725,4102.099,performance,67.0,7771284.0,4076760.0,949016.0,7771132.0,7731932.0,8.12,9.03,9.39,True,Charging,97
10,7,global_mutex,GlobalMutex,50,1,118651.4384418421,368.0,1718.0,408.1972666666667,312.85610170400497,0.7664336027009285,0,100,900,1790536049.72585,3907.32925,4099.804,performance,65.05,7771284.0,4072296.0,944244.0,7771132.0,7731932.0,9.95,9.39,9.5,True,Charging,97
10,8,disabled,Disabled,500,1,108683.45303385491,3972.0,13691.0,4506.6639888888885,2694.9001729956635,0.5979811629267012,0,100,900,1790536052.4733143,3116.488,4100.552,performance,67.0,7771284.0,4080216.0,952112.0,7771132.0,7731932.0,9.15,9.24,9.45,True,Charging,97
10,9,thread_local,ThreadLocal,100,1,113735.95166855941,799.0,2871.0,863.6530222222223,516.7503222540927,0.5983309372605081,0,100,900,1790536059.4187274,2240.8665,4102.073,performance,65.05,7771284.0,4072888.0,944648.0,7771132.0,7731932.0,9.7,9.35,9.49,True,Charging,97
10,10,thread_local,ThreadLocal,400,1,108861.10014164171,3208.0,10074.0,3555.8770805555555,2022.656308412737,0.5688206489119487,0,100,900,1790536062.6232684,3909.895,4099.409,performance,64.0,7771284.0,4081172.0,952976.0,7771132.0,7731932.0,8.93,9.2,9.43,True,Charging,97
10,11,thread_local,ThreadLocal,25,1,119212.07810150157,173.0,1104.0,202.53266666666667,231.07056244021422,1.140905149985093,0,100,900,1790536068.6467927,3149.78275,4099.914,performance,69.0,7771284.0,4068564.0,940172.0,7771132.0,7731932.0,9.25,9.26,9.45,True,Charging,98
10,12,sharded_n,Sharded-N,500,1,105377.52803289062,4462.0,10947.0,4636.52022,2288.4397168825135,0.4935683677192102,0,100,900,1790536071.181694,3918.1075,4100.01,performance,65.0,7771284.0,4073992.0,945616.0,7771132.0,7731932.0,9.25,9.26,9.45,True,Charging,98
10,13,global_mutex,GlobalMutex,100,1,113770.68803346933,808.0,2981.0,865.2670333333333,497.4005961299774,0.5748521288437439,0,100,900,1790536078.2736585,2202.7325,4051.819,performance,69.0,7771284.0,4063316.0,934456.0,7771132.0,7731932.0,7.83,8.95,9.35,True,Charging,98
10,14,disabled,Disabled,50,1,121574.7302481649,352.0,2243.0,402.0647333333333,372.3263629712324,0.9260358646341503,0,100,900,1790536081.4825673,1325.00775,4100.031,performance,69.0,7771284.0,4059680.0,930832.0,7771132.0,7731932.0,7.2,8.81,9.3,True,Charging,98
10,15,sharded_n,Sharded-N,300,1,109147.87532950031,2553.0,6649.0,2705.642677777778,1344.9882873551924,0.4971049201736683,0,100,900,1790536084.218603,2884.16325,3729.856,performance,64.0,7771284.0,4054928.0,926080.0,7771132.0,7731932.0,7.2,8.81,9.3,True,Charging,98
10,16,sharded_n,Sharded-N,200,1,110518.45656996735,1673.0,4555.0,1767.8576666666668,878.5553176565477,0.4969604364773791,0,100,900,1790536089.3141854,3086.19575,4099.887,performance,67.0,7771284.0,4049076.0,920160.0,7771132.0,7731932.0,8.07,8.96,9.35,True,Charging,98
10,17,sharded_n,Sharded-N,100,1,113715.0474137733,789.0,2778.0,854.9278555555555,506.69472863203544,0.5926754232411474,0,100,900,1790536093.4634974,2963.95775,3897.11,performance,68.0,7771284.0,4069568.0,940648.0,7771132.0,7731932.0,9.74,9.29,9.45,True,Charging,98
10,18,sharded_2key,Sharded-2key,25,1,116507.62038803614,190.0,792.0,205.7335111111111,157.18622920221742,0.7640283216540517,0,100,900,1790536096.6707964,3814.1205,3953.368,performance,65.0,7771284.0,4063248.0,934324.0,7771132.0,7731932.0,8.96,9.14,9.4,True,Charging,98
10,19,sharded_n,Sharded-N,400,1,105799.7281456001,3481.0,9607.0,3722.5933777777777,1931.2670441674472,0.5187961316689194,0,100,900,1790536099.2172706,3029.89875,4099.285,performance,64.0,7771284.0,4066116.0,937184.0,7771132.0,7731932.0,8.96,9.14,9.4,True,Charging,98
10,20,disabled,Disabled,150,1,111866.65741040511,1257.0,3470.0,1315.7926666666667,647.5921728552801,0.4921688570402531,0,100,900,1790536105.3436673,1324.948,4099.792,performance,65.05,7771284.0,4074172.0,945072.0,7771132.0,7731932.0,9.69,9.28,9.45,True,Charging,98
10,21,thread_local,ThreadLocal,150,1,111390.96096016633,1239.0,3705.0,1313.1391481481483,670.7632317183852,0.5108089517126404,0,100,900,1790536109.0134242,2379.27925,4047.04,performance,64.0,7771284.0,4074284.0,944948.0,7771132.0,7731932.0,12.76,9.93,9.66,True,Charging,98
10,22,sharded_n,Sharded-N,150,1,110151.06920509691,1259.0,3828.0,1336.9009185185184,693.1811353824992,0.5184985108325344,0,100,900,1790536112.6872559,3807.5875,3909.33,performance,64.0,7771284.0,4081544.0,952164.0,7771132.0,7731932.0,11.73,9.76,9.61,True,Charging,98
10,23,thread_local,ThreadLocal,50,1,120093.08719424246,363.0,1797.0,404.5529333333333,303.66670169698244,0.7506229140273587,0,100,900,1790536116.3799636,2091.60625,3867.771,performance,62.05,7771284.0,4075980.0,946528.0,7771132.0,7731932.0,11.73,9.76,9.61,True,Charging,98
10,24,sharded_2key,Sharded-2key,100,1,113455.64784187825,795.0,2888.0,863.8741555555556,519.6196668000324,0.6014992617366428,0,100,900,1790536119.1208131,1305.10775,4020.431,performance,66.0,7771284.0,4074004.0,944532.0,7771132.0,7731932.0,10.79,9.6,9.55,True,Charging,98
10,25,sharded_n,Sharded-N,50,1,117363.39196539765,370.0,1884.0,413.20671111111113,315.21705879414446,0.7628556127428984,0,100,900,1790536122.3376672,3913.577,4046.201,performance,62.0,7771284.0,4076624.0,947128.0,7771132.0,7731932.0,9.93,9.44,9.5,True,Charging,98
10,26,sharded_2key,Sharded-2key,500,1,106885.27904238383,4012.0,14239.0,4578.461513333334,3001.9507098602076,0.6556680013838638,0,100,900,1790536125.0912182,3070.2495,4100.032,performance,62.0,7771284.0,4081484.0,951972.0,7771132.0,7731932.0,9.93,9.44,9.5,True,Charging,98
10,27,global_mutex,GlobalMutex,150,1,108509.94762051213,1277.0,3826.0,1359.0669703703704,702.4871865116836,0.5168893084939318,0,100,900,1790536132.1185377,3905.3855,4096.687,performance,63.0,7771284.0,4071780.0,942084.0,7771132.0,7731932.0,9.21,9.31,9.46,True,Charging,98
10,28,sharded_2key,Sharded-2key,150,1,112138.04502344999,1235.0,3694.0,1306.7788518518519,677.0291876805829,0.5180901012601764,0,100,900,1790536135.8281171,1325.34825,4101.393,performance,63.0,7771284.0,4065508.0,935784.0,7771132.0,7731932.0,9.21,9.31,9.46,True,Charging,98
10,29,thread_local,ThreadLocal,200,1,111536.8547213729,1678.0,4346.0,1766.9966055555556,844.7070031307067,0.4780467605171913,0,100,900,1790536139.4922981,3871.9105,4010.429,performance,67.0,7771284.0,4056424.0,926256.0,7771132.0,7731932.0,9.36,9.34,9.47,True,Charging,98
10,30,disabled,Disabled,25,1,124434.02015492666,159.0,1164.0,189.03506666666667,204.3693153908139,1.0811185405678554,0,100,900,1790536143.6143591,2170.16575,3977.061,performance,67.0,7771284.0,4054728.0,924288.0,7771132.0,7731932.0,10.13,9.5,9.52,True,Charging,98
10,31,sharded_2key,Sharded-2key,50,1,120069.7240084528,356.0,1885.0,404.69144444444447,322.3637474479802,0.7965667470201088,0,100,900,1790536146.1400704,3167.408,4100.225,performance,67.0,7771284.0,4052984.0,922532.0,7771132.0,7731932.0,10.13,9.5,9.52,True,Charging,98
10,32,global_mutex,GlobalMutex,200,1,112399.14838886926,1650.0,4497.0,1742.5597555555555,863.4066758497858,0.4954818181110341,0,100,900,1790536148.88349,1248.98025,3795.921,performance,60.05,7771284.0,4044356.0,913876.0,7771132.0,7731932.0,9.32,9.34,9.47,True,Charging,98
10,33,hdr_histogram,HdrHistogram,25,1,118444.26957858902,180.0,975.0,202.62013333333334,177.18258027574586,0.8744569325905053,0,100,900,1790536152.9969337,4009.81575,4071.468,performance,67.0,7771284.0,4044660.0,914112.0,7771132.0,7731932.0,8.65,9.2,9.42,True,Charging,98
10,34,sharded_2key,Sharded-2key,400,1,108163.573674094,3410.0,8811.0,3603.0058194444446,1811.5856273881018,0.502798418368204,0,100,900,1790536155.534178,400.0,400.0,performance,66.0,7771284.0,4071792.0,941252.0,7771132.0,7731932.0,8.65,9.2,9.42,True,Charging,98
10,35,hdr_histogram,HdrHistogram,500,1,104923.57540590822,4351.0,12635.0,4674.419422222222,2498.3441113299446,0.5344715323260893,0,100,900,1790536161.576999,1282.64475,3930.579,performance,62.05,7771284.0,4062628.0,931988.0,7771132.0,7731932.0,10.78,9.67,9.57,True,Charging,98
10,36,global_mutex,GlobalMutex,500,1,106985.42856870001,4308.0,11530.0,4544.504004444444,2363.5210228942533,0.5200833843655484,0,100,900,1790536168.6949754,3990.276,4098.004,performance,65.05,7771284.0,4077332.0,946532.0,7771132.0,7731932.0,10.8,9.69,9.58,True,Charging,98
10,37,hdr_histogram,HdrHistogram,100,1,112259.62590025998,809.0,2840.0,874.2907666666666,504.59698913586743,0.577150083672622,0,100,900,1790536175.721538,3961.68,4102.167,performance,67.05,7771284.0,4073468.0,941976.0,7771132.0,7731932.0,10.58,9.66,9.57,True,Charging,98
10,38,hdr_histogram,HdrHistogram,400,1,108707.15596427525,3094.0,11545.0,3522.448983333333,2263.1295977121463,0.6424875444386199,0,100,900,1790536178.943831,2205.54625,4100.742,performance,65.0,7771284.0,4072540.0,941048.0,7771132.0,7731932.0,10.45,9.65,9.57,True,Charging,98
10,39,global_mutex,GlobalMutex,25,1,121004.80388533625,166.0,1156.0,199.57857777777778,223.52234492458558,1.119971629287128,0,100,900,1790536184.9662554,1324.98325,4099.933,performance,65.0,7771284.0,4068888.0,937324.0,7771132.0,7731932.0,13.78,10.35,9.8,True,Charging,98
10,40,global_mutex,GlobalMutex,400,1,109103.49156678986,3122.0,10865.0,3549.236461111111,2258.824200267938,0.6364253903671435,0,100,900,1790536187.4973922,2150.76925,4100.102,performance,66.0,7771284.0,4069428.0,937852.0,7771132.0,7731932.0,12.67,10.18,9.74,True,Charging,98
10,41,sharded_2key,Sharded-2key,200,1,110328.84953395081,1675.0,4642.0,1772.5931722222222,887.8604712879712,0.5008822583779331,0,100,900,1790536193.511947,3012.94425,3962.357,performance,70.0,7771284.0,4070564.0,938908.0,7771132.0,7731932.0,12.3,10.14,9.73,True,Charging,99
10,42,hdr_histogram,HdrHistogram,150,1,111369.40866821121,1232.0,3846.0,1321.987548148148,702.9282414046975,0.5317207733078618,0,100,900,1790536197.6571128,3117.93,4099.882,performance,65.0,7771284.0,4064836.0,933224.0,7771132.0,7731932.0,11.55,10.03,9.7,True,Charging,99
10,43,disabled,Disabled,300,1,111651.55439513805,2400.0,6884.0,2566.8864518518517,1370.3615577806931,0.5338613855677414,0,100,900,1790536201.3431368,1324.614,4098.456,performance,67.0,7771284.0,4065240.0,933600.0,7771132.0,7731932.0,11.55,10.03,9.7,True,Charging,99
10,44,hdr_histogram,HdrHistogram,300,1,108755.30734962808,2570.0,6622.0,2714.2259481481483,1344.5179588078522,0.49535962904090014,0,100,900,1790536206.3761806,3044.78325,4100.126,performance,69.0,7771284.0,4047592.0,915464.0,7771132.0,7731932.0,10.63,9.86,9.64,True,Charging,99
10,45,global_mutex,GlobalMutex,300,1,109166.23454257214,2475.0,7097.0,2700.3178518518516,1420.758209587606,0.5261448049951838,0,100,900,1790536211.480991,3905.3995,4101.529,performance,66.0,7771284.0,4046744.0,914476.0,7771132.0,7731932.0,8.99,9.53,9.54,True,Charging,99
10,46,disabled,Disabled,400,1,108792.02476128242,3385.0,8808.0,3596.818458333333,1822.9876303217711,0.5068333727264327,0,100,900,1790536216.5647993,2193.52425,4052.545,performance,69.0,7771284.0,4069164.0,936844.0,7771132.0,7731932.0,8.27,9.37,9.49,True,Charging,99
10,47,disabled,Disabled,100,1,112622.7878391125,799.0,3066.0,868.7851333333333,520.8602128559372,0.5995270785280518,0,100,900,1790536222.5836182,1306.30775,4025.231,performance,67.05,7771284.0,4066484.0,934060.0,7771132.0,7731932.0,7.61,9.22,9.44,True,Charging,99
10,48,thread_local,ThreadLocal,500,1,106664.75182104197,4284.0,11734.0,4544.32556,2384.9747913074843,0.524824808394116,0,100,900,1790536225.827301,3066.67775,4098.607,performance,68.0,7771284.0,4075440.0,943012.0,7771132.0,7731932.0,7.61,9.22,9.44,True,Charging,99
11,1,sharded_n,Sharded-N,300,1,107653.0158995594,2541.0,7091.0,2728.530507407407,1415.582757554257,0.5188077442092865,0,100,900,1790536232.8579125,3835.134,3961.121,performance,68.0,7771284.0,4071016.0,938456.0,7771132.0,7731932.0,7.99,9.26,9.45,True,Charging,99
11,2,sharded_n,Sharded-N,500,1,104805.14975558591,4337.0,12588.0,4677.947502222222,2501.096547252708,0.5346568224770761,0,100,900,1790536237.9871242,3900.64075,4099.971,performance,67.0,7771284.0,4075424.0,942516.0,7771132.0,7731932.0,7.35,9.1,9.4,True,Charging,99
11,3,hdr_histogram,HdrHistogram,200,1,110869.35316368534,1687.0,4361.0,1769.5932777777778,843.3332460106404,0.47656897017018657,0,100,900,1790536245.1090548,2250.61875,4101.903,performance,68.0,7771284.0,4070156.0,937000.0,7771132.0,7731932.0,7.88,9.19,9.42,True,Charging,99
11,4,sharded_2key,Sharded-2key,100,1,112490.98975294826,806.0,3103.0,868.7772222222222,517.9831395780151,0.5962209025843009,0,100,900,1790536249.2570174,2207.6865,4099.359,performance,66.0,7771284.0,4071152.0,938040.0,7771132.0,7731932.0,8.29,9.25,9.44,True,Charging,99
11,5,disabled,Disabled,300,1,109574.77006894168,2522.0,6799.0,2695.846174074074,1389.432072125326,0.5153973863521889,0,100,900,1790536252.4725153,1324.7215,4098.886,performance,70.0,7771284.0,4069456.0,936324.0,7771132.0,7731932.0,7.63,9.1,9.39,True,Charging,99
11,6,global_mutex,GlobalMutex,100,1,114059.54904580252,794.0,2957.0,856.2182888888889,499.295789752173,0.5831407670584883,0,100,900,1790536257.5461342,1324.14375,4096.575,performance,66.05,7771284.0,4064264.0,931012.0,7771132.0,7731932.0,7.02,8.94,9.34,True,Charging,99
11,7,thread_local,ThreadLocal,150,1,111629.56807086883,1226.0,3781.0,1301.2465037037036,692.2779281611572,0.5320113646344061,0,100,900,1790536260.7482963,3993.438,4099.444,performance,70.0,7771284.0,4061028.0,927768.0,7771132.0,7731932.0,7.02,8.94,9.34,True,Charging,99
11,8,hdr_histogram,HdrHistogram,300,1,106705.12793722538,2579.0,7036.0,2745.2532407407407,1418.978021219745,0.5168841985728311,0,100,900,1790536264.4198558,3948.77,4099.302,performance,66.0,7771284.0,4051156.0,917884.0,7771132.0,7731932.0,7.5,9.01,9.36,True,Charging,99
11,9,disabled,Disabled,400,1,108513.04879403992,3397.0,9058.0,3619.185775,1871.1594443138858,0.5170111623556781,0,100,900,1790536269.5759656,400.0,400.0,performance,69.0,7771284.0,4043048.0,909480.0,7771132.0,7731932.0,7.94,9.08,9.38,True,Charging,99
11,10,thread_local,ThreadLocal,50,1,119630.04997221008,369.0,1768.0,405.28115555555553,309.61925438629197,0.7639616353784544,0,100,900,1790536275.6055675,2215.18,4059.723,performance,70.0,7771284.0,4059028.0,925220.0,7771132.0,7731932.0,8.42,9.16,9.41,True,Charging,99
11,11,sharded_n,Sharded-N,100,1,110328.56192663786,829.0,2919.0,890.2265222222222,512.5008817558313,0.5756971612983449,0,100,900,1790536278.3521261,2249.795,4099.987,performance,69.0,7771284.0,4058080.0,924272.0,7771132.0,7731932.0,7.75,9.01,9.35,True,Charging,99
11,12,sharded_n,Sharded-N,25,1,117678.03168146798,175.0,1066.0,203.1068,189.74089115485643,0.9341927062750063,0,100,900,1790536281.5833418,2137.309,3956.628,performance,68.0,7771284.0,4062832.0,929004.0,7771132.0,7731932.0,7.13,8.86,9.3,True,Charging,99
11,13,sharded_2key,Sharded-2key,25,1,119655.8487196529,171.0,1151.0,201.87942222222222,208.78783151335148,1.034220472869814,0,100,900,1790536284.1206043,3101.025,4100.079,performance,68.0,7771284.0,4079864.0,946024.0,7771132.0,7731932.0,7.13,8.86,9.3,True,Charging,99
11,14,global_mutex,GlobalMutex,25,1,119144.58571973981,175.0,1090.0,201.90262222222222,201.83054181531259,0.9996429942012823,0,100,900,1790536286.653242,2238.6725,4100.177,performance,66.0,7771284.0,4082808.0,948952.0,7771132.0,7731932.0,6.56,8.71,9.25,True,Charging,99
11,15,global_mutex,GlobalMutex,200,1,109615.03597633076,1702.0,4471.0,1793.590661111111,871.6879058798861,0.48600158596938964,0,100,900,1790536289.1903527,3948.364,4101.883,performance,67.0,7771284.0,4078572.0,944692.0,7771132.0,7731932.0,6.56,8.71,9.25,True,Charging,99
11,16,thread_local,ThreadLocal,200,1,109995.29426687256,1689.0,4556.0,1776.3192666666666,886.0759824925659,0.4988269840451163,0,100,900,1790536293.3379543,3800.2035,4100.734,performance,66.0,7771284.0,4086620.0,952764.0,7771132.0,7731932.0,6.03,8.57,9.2,True,Charging,99
11,17,global_mutex,GlobalMutex,400,1,108487.15767600642,3355.0,9166.0,3629.750375,1876.1849603343012,0.5168909061230694,0,100,900,1790536297.4889536,3999.64225,4100.926,performance,67.0,7771284.0,4079480.0,945512.0,7771132.0,7731932.0,5.63,8.44,9.16,True,Charging,99
11,18,hdr_histogram,HdrHistogram,150,1,110660.73820970226,1261.0,3637.0,1336.7038,670.0269011122316,0.5012530832277364,0,100,900,1790536303.52328,3057.7275,4099.271,performance,66.0,7771284.0,4072908.0,938460.0,7771132.0,7731932.0,6.06,8.48,9.17,True,Charging,99
11,19,thread_local,ThreadLocal,300,1,108900.3869179927,2495.0,7295.0,2698.8463666666667,1435.89362510756,0.532039779233905,0,100,900,1790536307.212253,3888.1805,3920.806,performance,66.0,7771284.0,4082164.0,947716.0,7771132.0,7731932.0,5.57,8.34,9.12,True,Charging,99
11,20,thread_local,ThreadLocal,25,1,117591.22067082238,174.0,1133.0,205.21382222222223,244.0156723518333,1.1890801004992406,0,100,900,1790536312.311883,3907.14425,4100.095,performance,64.05,7771284.0,4072208.0,937604.0,7771132.0,7731932.0,5.13,8.2,9.07,True,Charging,99
11,21,global_mutex,GlobalMutex,300,1,109081.05693391997,2532.0,6734.0,2685.926059259259,1369.7150590098865,0.5099600766328001,0,100,900,1790536314.847855,3822.2255,4024.848,performance,68.0,7771284.0,4076192.0,941560.0,7771132.0,7731932.0,5.13,8.2,9.07,True,Charging,99
11,22,sharded_2key,Sharded-2key,400,1,109006.78832113516,3275.0,9658.0,3606.279413888889,1946.1139862404718,0.5396459239251927,0,100,900,1790536319.929436,3989.79025,4021.93,performance,64.0,7771284.0,4057424.0,922748.0,7771132.0,7731932.0,5.68,8.27,9.09,True,Charging,99
11,23,sharded_2key,Sharded-2key,300,1,108352.87988854079,2560.0,6603.0,2705.299233333333,1352.1161468124,0.49980280560180057,0,100,900,1790536325.9398258,3152.24675,4100.807,performance,65.05,7771284.0,4057100.0,922324.0,7771132.0,7731932.0,6.02,8.29,9.09,True,Charging,100
11,24,hdr_histogram,HdrHistogram,400,1,106867.9777870004,3391.0,10048.0,3664.902286111111,1987.1904992139744,0.5422219595717013,0,100,900,1790536331.03961,4041.15775,4079.219,performance,66.05,7771284.0,4049220.0,914276.0,7771132.0,7731932.0,7.38,8.54,9.17,True,Charging,100
11,25,disabled,Disabled,150,1,112067.14643702291,1233.0,3585.0,1305.0134888888888,673.2670355421269,0.5159081046092161,0,100,900,1790536337.134577,3041.6635,4094.542,performance,70.0,7771284.0,4062648.0,927300.0,7771132.0,7731932.0,9.12,8.89,9.28,True,Charging,100
11,26,sharded_n,Sharded-N,400,1,105064.84903668445,3490.0,9444.0,3731.4723,1920.4701086403454,0.5146681937422785,0,100,900,1790536340.7977831,3045.98975,4060.687,performance,71.0,7771284.0,4060928.0,925488.0,7771132.0,7731932.0,9.12,8.89,9.28,True,Charging,100
11,27,hdr_histogram,HdrHistogram,100,1,111351.57828118645,813.0,2979.0,875.1946333333333,504.3966410759148,0.5763251074276257,0,100,900,1790536346.9461305,3951.21625,4100.017,performance,70.0,7771284.0,4078424.0,942864.0,7771132.0,7731932.0,8.6,8.8,9.24,True,Charging,100
11,28,thread_local,ThreadLocal,400,1,108132.41734711025,3248.0,9601.0,3550.094902777778,1962.3176823291458,0.552750767534053,0,100,900,1790536350.1716692,3923.7875,4102.52,performance,65.0,7771284.0,4088368.0,952820.0,7771132.0,7731932.0,8.6,8.8,9.24,True,Charging,100
11,29,sharded_2key,Sharded-2key,500,1,105948.59746377973,4282.0,12177.0,4596.141871111111,2437.556199882195,0.5303483374182527,0,100,900,1790536356.2218332,1325.01075,4100.043,performance,66.05,7771284.0,4074680.0,938992.0,7771132.0,7731932.0,10.16,9.12,9.34,True,Charging,100
11,30,disabled,Disabled,500,1,104961.76364006494,4293.0,11666.0,4594.354993333333,2422.2116851419923,0.5272147425823118,0,100,900,1790536363.299653,2250.01075,4100.037,performance,70.0,7771284.0,4073980.0,938060.0,7771132.0,7731932.0,8.59,8.82,9.24,True,Charging,100
11,31,global_mutex,GlobalMutex,50,1,116757.27770879627,367.0,1963.0,417.4109111111111,342.8425392330471,0.8213550008082693,0,100,900,1790536370.3993099,3877.94325,4099.381,performance,67.0,7771284.0,4066656.0,930148.0,7771132.0,7731932.0,8.55,8.8,9.24,True,Charging,100
11,32,sharded_2key,Sharded-2key,50,1,116269.00754108382,376.0,1809.0,419.57186666666666,314.7796330345201,0.7502400852929448,0,100,900,1790536373.151108,1325.10225,4100.409,performance,66.0,7771284.0,4068656.0,932148.0,7771132.0,7731932.0,7.86,8.66,9.19,True,Charging,100
11,33,sharded_2key,Sharded-2key,200,1,110415.42827712728,1669.0,4697.0,1771.1908555555556,885.6534444106939,0.500032755720669,0,100,900,1790536375.904168,2152.29225,4096.76,performance,69.0,7771284.0,4075204.0,938688.0,7771132.0,7731932.0,7.86,8.66,9.19,True,Charging,100
11,34,sharded_n,Sharded-N,200,1,109128.6529220559,1728.0,4357.0,1800.6600277777777,852.8702516081446,0.4736431299919979,0,100,900,1790536380.0351543,3955.843,4103.058,performance,69.0,7771284.0,4071020.0,934424.0,7771132.0,7731932.0,17.72,10.69,9.84,True,Charging,100
11,35,sharded_n,Sharded-N,150,1,108731.23267512782,1268.0,3875.0,1349.4104518518518,705.8774142571416,0.5231005979599734,0,100,900,1790536384.1989346,3033.3545,4099.581,performance,65.0,7771284.0,4063704.0,926960.0,7771132.0,7731932.0,19.35,11.14,9.99,True,Charging,100
11,36,global_mutex,GlobalMutex,500,1,106439.24980810637,4218.0,12386.0,4500.478508888889,2505.925014167775,0.5568130164866526,0,100,900,1790536387.9067852,2239.83125,4094.029,performance,68.0,7771284.0,4056748.0,919988.0,7771132.0,7731932.0,17.8,10.96,9.94,True,Charging,100
11,37,thread_local,ThreadLocal,500,1,106792.0346805813,4147.0,12228.0,4469.483802222222,2424.1580941617253,0.5423798813089863,0,100,900,1790536394.9494998,3799.80525,4090.288,performance,66.0,7771284.0,4062516.0,925536.0,7771132.0,7731932.0,17.33,10.97,9.95,True,Charging,100
11,38,disabled,Disabled,50,1,120435.93762773737,359.0,1869.0,403.2529333333333,325.2148305282661,0.8064785241362148,0,100,900,1790536401.9731114,3871.58875,3996.679,performance,67.0,7771284.0,4060044.0,922544.0,7771132.0,7731932.0,15.85,10.87,9.93,True,Charging,100
11,39,hdr_histogram,HdrHistogram,500,1,106437.15780329591,4142.0,13908.0,4620.264082222222,2660.6859089556574,0.5758731236150336,0,100,900,1790536404.7181306,3076.01575,4101.81,performance,66.0,7771284.0,4083556.0,946024.0,7771132.0,7731932.0,15.85,10.87,9.93,True,Charging,100
11,40,global_mutex,GlobalMutex,150,1,111316.28828587785,1242.0,3684.0,1318.5812592592592,672.8066584720603,0.5102504329919141,0,100,900,1790536411.7666702,3816.741,3987.474,performance,67.0,7771284.0,4076840.0,938976.0,7771132.0,7731932.0,13.85,10.61,9.85,True,Charging,100
11,41,disabled,Disabled,25,1,120641.13007431204,168.0,1095.0,200.3216,224.21828240856357,1.1192915911642258,0,100,900,1790536415.4431355,2204.166,4100.551,performance,66.0,7771284.0,4082624.0,944720.0,7771132.0,7731932.0,13.85,10.61,9.85,True,Charging,100
11,42,disabled,Disabled,100,1,113341.1119002605,794.0,3122.0,861.8836666666666,521.3077735399366,0.6048470271586576,0,100,900,1790536417.9758842,3098.506,4100.016,performance,66.0,7771284.0,4079896.0,941960.0,7771132.0,7731932.0,12.74,10.44,9.8,True,Charging,100
11,43,hdr_histogram,HdrHistogram,50,1,115953.10491571437,374.0,1881.0,422.02233333333334,326.3041864742179,0.7731917500595574,0,100,900,1790536421.1878335,2250.009,4100.148,performance,65.0,7771284.0,4082480.0,944524.0,7771132.0,7731932.0,12.74,10.44,9.8,True,Charging,100
11,44,thread_local,ThreadLocal,100,1,114133.94498035713,806.0,2679.0,860.8704333333334,480.9866086174739,0.5587212546667095,0,100,900,1790536423.943951,3860.43975,4061.072,performance,64.0,7771284.0,4084264.0,946276.0,7771132.0,7731932.0,11.72,10.26,9.75,True,Charging,100
11,45,sharded_n,Sharded-N,50,1,116689.88298325568,372.0,2048.0,420.54066666666665,368.7012556467168,0.8767315146217729,0,100,900,1790536427.1450675,1325.422,4101.688,performance,63.0,7771284.0,4075612.0,937524.0,7771132.0,7731932.0,10.78,10.09,9.7,True,Charging,100
11,46,disabled,Disabled,200,1,113790.49393796411,1612.0,4596.0,1718.9750555555556,858.5873444023781,0.4994763255158995,0,100,900,1790536429.901025,2169.38675,4094.829,performance,63.0,7771284.0,4075820.0,937544.0,7771132.0,7731932.0,10.78,10.09,9.7,True,Charging,100
11,47,hdr_histogram,HdrHistogram,25,1,112264.46802344214,178.0,1121.0,215.7484,243.75983622776155,1.1298338074709315,0,100,900,1790536433.992052,3785.9215,3936.299,performance,62.05,7771284.0,4071164.0,932468.0,7771132.0,7731932.0,11.04,10.16,9.72,True,Charging,100
11,48,sharded_2key,Sharded-2key,150,1,111460.10664900958,1255.0,3763.0,1324.264511111111,678.5293806335884,0.5123820618467492,0,100,900,1790536436.5442135,1321.04575,4084.183,performance,62.0,7771284.0,4068712.0,930004.0,7771132.0,7731932.0,10.16,9.99,9.67,True,Charging,100
12,1,global_mutex,GlobalMutex,150,1,112678.79608445491,1230.0,3742.0,1308.3545037037038,678.84450042929,0.5188536428831863,0,100,900,1790536440.224191,3106.003,4099.674,performance,62.05,7771284.0,4069756.0,931136.0,7771132.0,7731932.0,10.16,9.99,9.67,True,Charging,100
12,2,hdr_histogram,HdrHistogram,100,1,114003.92582398915,801.0,2762.0,857.3612222222222,486.8311219304638,0.567824983580002,0,100,900,1790536443.8861976,4031.10875,4102.286,performance,66.0,7771284.0,4069272.0,930608.0,7771132.0,7731932.0,11.11,10.19,9.73,True,Charging,100
12,3,global_mutex,GlobalMutex,100,1,115142.99533748016,788.0,2833.0,850.4684,487.44118518190976,0.5731443815924375,0,100,900,1790536447.0973148,3046.716,4052.803,performance,62.05,7771284.0,4070960.0,932276.0,7771132.0,7731932.0,10.22,10.02,9.68,True,Charging,100
12,4,sharded_n,Sharded-N,500,1,106939.35943499554,4224.0,11954.0,4569.161655555556,2452.841110711729,0.5368251980599913,0,100,900,1790536450.293767,3812.386,3995.806,performance,62.0,7771284.0,4075488.0,936776.0,7771132.0,7731932.0,10.22,10.02,9.68,True,Charging,100
12,5,sharded_2key,Sharded-2key,50,1,119275.26915160255,369.0,1955.0,408.92262222222223,317.23588472852686,0.7757846288976653,0,100,900,1790536457.3225117,3073.252,4101.522,performance,66.0,7771284.0,4075840.0,936844.0,7771132.0,7731932.0,10.34,10.06,9.7,True,Charging,100
12,6,sharded_2key,Sharded-2key,500,1,107024.95083785694,4181.0,12493.0,4556.27914,2500.3540714217365,0.5487710464161194,0,100,900,1790536460.0685391,1229.85275,3719.411,performance,67.0,7771284.0,4074636.0,935416.0,7771132.0,7731932.0,10.34,10.06,9.7,True,Charging,100
12,7,sharded_2key,Sharded-2key,200,1,111256.72026671583,1660.0,4594.0,1766.4892388888888,886.5831194184202,0.5018899067712836,0,100,900,1790536467.0881455,3067.52925,3996.197,performance,65.0,7771284.0,4065072.0,925460.0,7771132.0,7731932.0,10.08,10.03,9.69,True,Charging,100
12,8,disabled,Disabled,200,1,112548.48553585482,1652.0,4634.0,1745.839161111111,874.9899472627696,0.5011858862794076,0,100,900,1790536471.215705,2225.25025,4100.087,performance,68.0,7771284.0,4054820.0,915192.0,7771132.0,7731932.0,10.08,10.03,9.69,True,Charging,100
12,9,sharded_2key,Sharded-2key,100,1,113884.9624306416,799.0,3109.0,863.0545333333333,533.5765480049926,0.6182419851781392,0,100,900,1790536475.3223493,400.0,400.0,performance,67.0,7771284.0,4053788.0,914112.0,7771132.0,7731932.0,9.35,9.88,9.64,True,Charging,100
12,10,global_mutex,GlobalMutex,25,1,116559.35676972807,172.0,1213.0,207.39293333333333,227.27777094819663,1.0958800152698709,0,100,900,1790536478.530983,3885.083,3999.773,performance,65.0,7771284.0,4042008.0,902316.0,7771132.0,7731932.0,11.24,10.26,9.77,True,Charging,100
12,11,disabled,Disabled,500,1,106987.99171916369,3992.0,13448.0,4537.952413333333,2706.2676537851,0.5963631627853987,0,100,900,1790536481.0685887,3124.106,4107.711,performance,63.0,7771284.0,4037628.0,897892.0,7771132.0,7731932.0,11.24,10.26,9.77,True,Charging,100
12,12,sharded_n,Sharded-N,400,1,107349.71294695704,3278.0,10048.0,3621.595572222222,2005.94914812564,0.553885465155565,0,100,900,1790536488.0871859,3787.08025,4036.408,performance,66.0,7771284.0,4076272.0,936292.0,7771132.0,7731932.0,10.33,10.1,9.72,True,Charging,100
12,13,thread_local,ThreadLocal,200,1,110405.68367281888,1686.0,4557.0,1775.87585,880.1960925201201,0.4956405553463212,0,100,900,1790536494.1547923,4029.99525,4100.13,performance,70.0,7771284.0,4079592.0,939280.0,7771132.0,7731932.0,10.54,10.15,9.74,True,Charging,100
12,14,disabled,Disabled,300,1,110234.35239076208,2515.0,6497.0,2666.5185814814813,1346.2109015561991,0.504857123781325,0,100,900,1790536498.294752,3743.59525,3819.947,performance,65.0,7771284.0,4075368.0,934628.0,7771132.0,7731932.0,9.7,9.98,9.69,True,Charging,100
12,15,thread_local,ThreadLocal,300,1,108862.41844260455,2537.0,6740.0,2697.3413666666665,1365.2692162023143,0.506153664150227,0,100,900,1790536503.35008,3975.70825,4100.602,performance,69.0,7771284.0,4073444.0,932616.0,7771132.0,7731932.0,8.92,9.82,9.64,True,Charging,100
12,16,thread_local,ThreadLocal,400,1,107776.65205131238,3383.0,9788.0,3634.358186111111,1950.2726231188446,0.5366209171599852,0,100,900,1790536508.442169,2214.08025,4103.027,performance,69.0,7771284.0,4072520.0,931616.0,7771132.0,7731932.0,8.21,9.65,9.58,True,Charging,100
12,17,thread_local,ThreadLocal,50,1,119889.3644959183,353.0,1961.0,402.8577111111111,370.40871049684586,0.9194529489710684,0,100,900,1790536514.4989855,3041.90775,4042.359,performance,70.0,7771284.0,4063392.0,922460.0,7771132.0,7731932.0,8.51,9.69,9.6,True,Charging,100
12,18,disabled,Disabled,100,1,114849.84857481343,792.0,2856.0,847.0734222222222,497.46187944568953,0.5872712640902394,0,100,900,1790536517.241787,1325.0535,4100.214,performance,69.0,7771284.0,4065656.0,924692.0,7771132.0,7731932.0,7.83,9.53,9.55,True,Charging,100
12,19,disabled,Disabled,25,1,119021.55080901725,168.0,1112.0,201.8532888888889,215.44735497921909,1.0673462699823193,0,100,900,1790536520.439733,2190.292,4050.933,performance,65.05,7771284.0,4064216.0,923276.0,7771132.0,7731932.0,7.83,9.53,9.55,True,Charging,100
12,20,hdr_histogram,HdrHistogram,300,1,108873.82414329349,2536.0,6895.0,2700.5816740740743,1384.2354129889138,0.5125693572898569,0,100,900,1790536522.9743545,3091.03625,4079.511,performance,68.0,7771284.0,4068324.0,926768.0,7771132.0,7731932.0,7.2,9.37,9.49,True,Charging,100
12,21,sharded_2key,Sharded-2key,25,1,117992.50571386574,169.0,1213.0,204.36937777777777,233.8378198882764,1.1441920625825917,0,100,900,1790536528.06762,3144.646,4085.757,performance,65.0,7771284.0,4069964.0,928228.0,7771132.0,7731932.0,6.63,9.22,9.44,True,Charging,100
12,22,hdr_histogram,HdrHistogram,500,1,106572.5574209097,4062.0,13448.0,4610.543382222222,2669.0843698169365,0.5789088505508156,0,100,900,1790536530.6073644,400.0,400.0,performance,68.0,7771284.0,4070776.0,929032.0,7771132.0,7731932.0,6.63,9.22,9.44,True,Charging,100
12,23,disabled,Disabled,150,1,112513.6197736736,1235.0,3665.0,1303.1245407407407,662.9921292290672,0.5087711178029076,0,100,900,1790536537.6516736,2180.2275,4044.807,performance,68.0,7771284.0,4058952.0,917100.0,7771132.0,7731932.0,6.42,9.09,9.4,True,Charging,100
12,24,sharded_2key,Sharded-2key,300,1,108154.40637869596,2603.0,6495.0,2717.9283444444445,1340.1733097586978,0.4930863289674528,0,100,900,1790536541.3132343,3920.406,4097.598,performance,65.0,7771284.0,4065436.0,923600.0,7771132.0,7731932.0,6.42,9.09,9.4,True,Charging,100
12,25,thread_local,ThreadLocal,150,1,110583.15599726957,1256.0,3854.0,1330.1552074074075,684.0674800764837,0.514276436514347,0,100,900,1790536546.419538,1224.97125,3699.885,performance,65.0,7771284.0,4062572.0,920644.0,7771132.0,7731932.0,5.9,8.94,9.35,True,Charging,100
12,26,global_mutex,GlobalMutex,200,1,109858.3183816925,1695.0,4630.0,1791.3419222222221,890.9673448900174,0.49737424990575857,0,100,900,1790536550.1031396,1324.88425,4099.537,performance,65.0,7771284.0,4069432.0,927460.0,7771132.0,7731932.0,5.43,8.79,9.3,True,Charging,100
12,27,sharded_n,Sharded-N,200,1,109862.76130624318,1678.0,4669.0,1777.411938888889,890.9686616926094,0.5012730263585263,0,100,900,1790536554.2575824,1306.71425,4026.857,performance,66.0,7771284.0,4073476.0,931084.0,7771132.0,7731932.0,6.68,9.0,9.36,True,Charging,100
12,28,disabled,Disabled,400,1,108664.8000323908,3400.0,9376.0,3629.952063888889,1879.4040491243084,0.51774899944845,0,100,900,1790536558.41116,2188.63525,4100.12,performance,64.05,7771284.0,4073756.0,931300.0,7771132.0,7731932.0,6.14,8.85,9.31,True,Charging,100
12,29,sharded_n,Sharded-N,25,1,117685.44243054897,170.0,1195.0,205.4088,249.03703243592977,1.2123970951387173,0,100,900,1790536564.4436636,2248.95375,4100.113,performance,65.05,7771284.0,4072008.0,929436.0,7771132.0,7731932.0,6.13,8.8,9.29,True,Charging,100
12,30,sharded_n,Sharded-N,300,1,107726.03244699321,2566.0,6779.0,2719.991637037037,1368.6955263918396,0.5031984318462089,0,100,900,1790536566.9906716,2227.669,4103.499,performance,65.0,7771284.0,4075528.0,932948.0,7771132.0,7731932.0,5.64,8.65,9.24,True,Charging,100
12,31,sharded_2key,Sharded-2key,150,1,109891.36507581176,1261.0,3692.0,1338.689688888889,691.5952621587189,0.516621042127203,0,100,900,1790536572.1129565,3960.133,4100.333,performance,68.0,7771284.0,4077148.0,934508.0,7771132.0,7731932.0,5.27,8.53,9.2,True,Charging,100
12,32,sharded_n,Sharded-N,150,1,111051.43371583865,1250.0,3716.0,1318.024251851852,673.4413322619273,0.5109476030624839,0,100,900,1790536575.8092399,3073.6155,4050.941,performance,69.0,7771284.0,4080380.0,937732.0,7771132.0,7731932.0,5.27,8.53,9.2,True,Charging,100
12,33,global_mutex,GlobalMutex,500,1,106316.45500947001,4213.0,13410.0,4597.916771111111,2772.3672850712796,0.6029616069803982,0,100,900,1790536579.4899006,3156.0035,4101.203,performance,68.0,7771284.0,4070260.0,927580.0,7771132.0,7731932.0,5.33,8.48,9.18,True,Charging,100
12,34,thread_local,ThreadLocal,500,1,106654.85382154862,4396.0,10923.0,4588.189648888889,2246.073990436238,0.48953381667215184,0,100,900,1790536586.5308125,3875.25975,4098.471,performance,70.0,7771284.0,4059704.0,916164.0,7771132.0,7731932.0,6.02,8.58,9.21,True,Charging,100
12,35,sharded_n,Sharded-N,50,1,118739.33310148555,368.0,1886.0,411.69131111111113,323.3057532433995,0.7853110923590582,0,100,900,1790536593.56235,1323.31075,4093.243,performance,70.0,7771284.0,4052120.0,908488.0,7771132.0,7731932.0,5.72,8.42,9.15,True,Charging,100
12,36,thread_local,ThreadLocal,25,1,119158.86866757003,173.0,1083.0,202.80462222222224,216.4549268815987,1.0673076604951302,0,100,900,1790536596.3080664,3017.17025,3997.082,performance,70.0,7771284.0,4051944.0,908344.0,7771132.0,7731932.0,5.72,8.42,9.15,True,Charging,100
12,37,global_mutex,GlobalMutex,400,1,107972.52875465676,3477.0,8781.0,3642.8417944444445,1807.1447490691053,0.4960810408580222,0,100,900,1790536598.8412285,400.0,400.0,performance,68.0,7771284.0,4045300.0,901688.0,7771132.0,7731932.0,5.27,8.28,9.1,True,Charging,100
12,38,hdr_histogram,HdrHistogram,150,1,112101.74230570634,1225.0,3769.0,1305.5378148148147,678.3978867053502,0.5196309743058481,0,100,900,1790536604.8836682,2221.52475,4100.002,performance,70.0,7771284.0,4060456.0,916728.0,7771132.0,7731932.0,6.53,8.5,9.17,True,Charging,100
12,39,sharded_n,Sharded-N,100,1,112670.9078241444,810.0,2916.0,875.1444666666666,518.1569265756054,0.592081589168027,0,100,900,1790536608.5549042,2187.234,4099.98,performance,67.0,7771284.0,4066124.0,922452.0,7771132.0,7731932.0,9.21,9.02,9.33,True,Charging,100
12,40,hdr_histogram,HdrHistogram,400,1,104890.11906921199,3489.0,10021.0,3755.5630277777777,2026.2919551314485,0.5395441216520963,0,100,900,1790536611.7743406,2250.51025,4101.824,performance,64.0,7771284.0,4062612.0,918888.0,7771132.0,7731932.0,8.47,8.87,9.28,True,Charging,100
12,41,hdr_histogram,HdrHistogram,200,1,109420.41773688194,1688.0,4686.0,1783.1553,896.5813622709212,0.5028061001029587,0,100,900,1790536617.920318,3174.673,4102.618,performance,66.0,7771284.0,4078420.0,934224.0,7771132.0,7731932.0,7.79,8.72,9.23,True,Charging,100
12,42,hdr_histogram,HdrHistogram,50,1,115750.19039813124,375.0,1993.0,422.2296,341.78920487579796,0.8094866036767625,0,100,900,1790536622.0828812,2988.78,3941.769,performance,66.0,7771284.0,4078228.0,933936.0,7771132.0,7731932.0,7.17,8.58,9.18,True,Charging,100
12,43,disabled,Disabled,50,1,118375.76549036923,357.0,2033.0,409.7279111111111,365.9123778663703,0.8930618782451978,0,100,900,1790536624.837354,2250.49125,4101.506,performance,65.0,7771284.0,4076704.0,932396.0,7771132.0,7731932.0,7.17,8.58,9.18,True,Charging,100
12,44,global_mutex,GlobalMutex,300,1,108146.37170172631,2518.0,6946.0,2708.1495074074073,1416.3555853053986,0.522997560301358,0,100,900,1790536627.5876074,2925.33425,3881.389,performance,64.0,7771284.0,4079768.0,935432.0,7771132.0,7731932.0,6.59,8.43,9.13,True,Charging,100
12,45,sharded_2key,Sharded-2key,400,1,108481.17931423233,3425.0,8793.0,3616.6901944444444,1817.8078487431321,0.5026164119712121,0,100,900,1790536632.6956148,3925.291,4100.119,performance,68.0,7771284.0,4077696.0,933272.0,7771132.0,7731932.0,6.06,8.29,9.08,True,Charging,100
12,46,hdr_histogram,HdrHistogram,25,1,121577.23016043185,169.0,1053.0,198.87013333333334,252.8486328889514,1.271425873010015,0,100,900,1790536638.7259963,400.0,400.0,performance,69.0,7771284.0,4073244.0,928716.0,7771132.0,7731932.0,6.3,8.31,9.08,True,Charging,100
12,47,thread_local,ThreadLocal,100,1,114054.79727758397,799.0,2919.0,854.8334888888888,488.27918743309857,0.5711980096471923,0,100,900,1790536641.2567618,2229.18825,4099.901,performance,65.0,7771284.0,4083204.0,938680.0,7771132.0,7731932.0,6.3,8.31,9.08,True,Charging,100
12,48,global_mutex,GlobalMutex,50,1,118155.93682801764,357.0,2109.0,408.98328888888886,350.16104378128,0.8561744533195598,0,100,900,1790536644.4580743,3137.83275,4101.387,performance,67.0,7771284.0,4073792.0,929248.0,7771132.0,7731932.0,5.79,8.17,9.03,True,Charging,100
13,1,sharded_2key,Sharded-2key,25,1,116921.16637125885,167.0,1311.0,203.03377777777777,263.4957145188472,1.2977925023256256,0,100,900,1790536647.204874,3048.30775,4099.983,performance,66.0,7771284.0,4074944.0,930272.0,7771132.0,7731932.0,5.33,8.03,8.99,True,Charging,100
13,2,global_mutex,GlobalMutex,300,1,108907.50621026904,2578.0,6655.0,2710.5404481481482,1354.1938620548292,0.4996028976361595,0,100,900,1790536649.745115,3937.032,4101.978,performance,62.0,7771284.0,4058436.0,913620.0,7771132.0,7731932.0,5.33,8.03,8.99,True,Charging,100
13,3,hdr_histogram,HdrHistogram,500,1,106599.56744733447,4352.0,11342.0,4605.056464444445,2312.6626552116722,0.502200716335988,0,100,900,1790536654.837433,400.0,400.0,performance,63.0,7771284.0,4057468.0,912344.0,7771132.0,7731932.0,5.94,8.11,9.01,True,Charging,100
13,4,thread_local,ThreadLocal,100,1,114128.06538472952,790.0,2810.0,857.4684333333333,516.8108332816698,0.6027170367923785,0,100,900,1790536661.8838108,2961.193,4006.463,performance,69.0,7771284.0,4039992.0,894728.0,7771132.0,7731932.0,5.92,8.04,8.97,True,Charging,100
13,5,disabled,Disabled,50,1,119995.71631292193,356.0,2081.0,406.14948888888887,374.1806429621885,0.921287981885295,0,100,900,1790536665.086204,3082.81275,4099.679,performance,65.0,7771284.0,4058276.0,913040.0,7771132.0,7731932.0,5.92,8.04,8.97,True,Charging,100
13,6,sharded_2key,Sharded-2key,100,1,114419.11462336546,793.0,2862.0,853.8692,495.8715821981034,0.5807348270649689,0,100,900,1790536667.8267443,3043.12775,4045.118,performance,66.0,7771284.0,4064440.0,919208.0,7771132.0,7731932.0,5.53,7.93,8.93,True,Charging,100
13,7,sharded_2key,Sharded-2key,150,1,112009.40636077472,1231.0,3740.0,1308.937688888889,680.3891359400883,0.5198025404231783,0,100,900,1790536671.028018,3972.202,4102.018,performance,63.0,7771284.0,4064440.0,919184.0,7771132.0,7731932.0,5.53,7.93,8.93,True,Charging,100
13,8,global_mutex,GlobalMutex,400,1,108892.78576174557,3333.0,9299.0,3604.655763888889,1883.0603820450062,0.5223967295044738,0,100,900,1790536674.694656,3064.056,4095.899,performance,67.0,7771284.0,4081932.0,936648.0,7771132.0,7731932.0,7.65,8.33,9.06,True,Charging,100
13,9,thread_local,ThreadLocal,150,1,109947.47633953724,1247.0,4122.0,1339.269377777778,780.6868017978875,0.5829199224231237,0,100,900,1790536680.7126327,2201.7595,4100.037,performance,66.0,7771284.0,4077436.0,931492.0,7771132.0,7731932.0,8.16,8.42,9.08,True,Charging,100
13,10,disabled,Disabled,500,1,108372.3116809445,3891.0,15030.0,4526.508233333333,3048.8174713089884,0.6735473159768961,0,100,900,1790536684.4072905,2110.8135,3845.071,performance,67.0,7771284.0,4073656.0,927476.0,7771132.0,7731932.0,8.78,8.55,9.12,True,Charging,100
13,11,sharded_n,Sharded-N,100,1,113873.50722808164,798.0,2928.0,857.5867555555556,508.8687585880589,0.5933729215050754,0,100,900,1790536691.374213,3843.44525,3995.391,performance,69.0,7771284.0,4076668.0,930352.0,7771132.0,7731932.0,10.96,9.0,9.26,True,Charging,100
13,12,sharded_n,Sharded-N,200,1,110607.9197706388,1686.0,4610.0,1777.7941944444444,875.0889334791281,0.4922329796180884,0,100,900,1790536694.5818086,3085.748,4099.332,performance,64.0,7771284.0,4082708.0,936400.0,7771132.0,7731932.0,10.09,8.85,9.21,True,Charging,100
13,13,sharded_2key,Sharded-2key,50,1,120145.96453133602,358.0,1921.0,404.77364444444447,328.9673814928045,0.8127193704627564,0,100,900,1790536698.7262177,2146.637,4091.168,performance,68.0,7771284.0,4078908.0,932524.0,7771132.0,7731932.0,14.24,9.74,9.5,True,Charging,100
13,14,thread_local,ThreadLocal,300,1,110494.37416625292,2440.0,7052.0,2666.295148148148,1399.0935087038888,0.5247331712978651,0,100,900,1790536701.4681299,3814.795,4100.132,performance,64.0,7771284.0,4072904.0,926500.0,7771132.0,7731932.0,14.24,9.74,9.5,True,Charging,100
13,15,disabled,Disabled,100,1,115750.94278113998,772.0,2849.0,843.1909,507.73635763012385,0.6021606229741376,0,100,900,1790536706.5182889,3924.7995,4098.664,performance,68.0,7771284.0,4073828.0,927332.0,7771132.0,7731932.0,13.18,9.59,9.45,True,Charging,100
13,16,global_mutex,GlobalMutex,150,1,111092.64988999067,1257.0,3686.0,1328.1663037037038,670.8654229328672,0.5051064923587524,0,100,900,1790536709.7099602,1324.88425,4099.537,performance,68.0,7771284.0,4068592.0,921836.0,7771132.0,7731932.0,12.21,9.45,9.41,True,Charging,100
13,17,sharded_n,Sharded-N,400,1,106986.75684163549,3397.0,9728.0,3663.004627777778,1977.8859096232152,0.539962711109959,0,100,900,1790536713.393149,3114.062,4097.431,performance,68.0,7771284.0,4071616.0,924672.0,7771132.0,7731932.0,11.31,9.31,9.36,True,Charging,100
13,18,thread_local,ThreadLocal,50,1,119669.72655331857,366.0,1872.0,408.30415555555555,337.57388373674286,0.8267706295504778,0,100,900,1790536719.477146,2958.63825,3976.616,performance,68.0,7771284.0,4068776.0,921584.0,7771132.0,7731932.0,20.65,11.28,10.0,True,Charging,100
13,19,sharded_2key,Sharded-2key,200,1,112812.50374984062,1569.0,4819.0,1731.3805944444443,950.9006018961702,0.5492152360650027,0,100,900,1790536722.2256424,3084.9405,4076.935,performance,67.0,7771284.0,4070152.0,922944.0,7771132.0,7731932.0,19.08,11.11,9.95,True,Charging,100
13,20,hdr_histogram,HdrHistogram,150,1,110207.99730030571,1270.0,3725.0,1338.7512592592593,668.5827671204135,0.4994077596538323,0,100,900,1790536726.3381217,3898.71925,4101.248,performance,68.0,7771284.0,4071584.0,924300.0,7771132.0,7731932.0,19.08,11.11,9.95,True,Charging,100
13,21,sharded_n,Sharded-N,25,1,120918.3701848189,173.0,982.0,199.56773333333334,225.85678875128116,1.1317299895070603,0,100,900,1790536730.0296617,4054.44675,4101.023,performance,67.0,7771284.0,4085272.0,937960.0,7771132.0,7731932.0,17.63,10.94,9.9,True,Charging,100
13,22,sharded_n,Sharded-N,50,1,118441.30141880704,362.0,1906.0,412.73117777777776,356.1194684101694,0.8628363631930681,0,100,900,1790536732.5612495,1324.131,4096.524,performance,62.0,7771284.0,4081808.0,934484.0,7771132.0,7731932.0,16.22,10.76,9.85,True,Charging,100
13,23,disabled,Disabled,300,1,110867.67712746002,2496.0,6634.0,2653.972911111111,1355.1406948524134,0.5106083371005739,0,100,900,1790536735.3102505,2188.79975,4100.389,performance,63.05,7771284.0,4077048.0,929696.0,7771132.0,7731932.0,16.22,10.76,9.85,True,Charging,100
13,24,sharded_n,Sharded-N,500,1,106120.92023578538,4286.0,12265.0,4632.117715555555,2502.276704761798,0.5402014496217712,0,100,900,1790536740.3432345,3083.7155,4102.945,performance,67.0,7771284.0,4074108.0,926668.0,7771132.0,7731932.0,15.72,10.74,9.85,True,Charging,100
13,25,thread_local,ThreadLocal,25,1,120617.06209397985,176.0,969.0,200.0011111111111,188.76916541639287,0.943840583523167,0,100,900,1790536747.4039657,3705.92625,4099.241,performance,68.0,7771284.0,4065368.0,917324.0,7771132.0,7731932.0,14.11,10.57,9.8,True,Charging,100
13,26,global_mutex,GlobalMutex,100,1,114230.07169362335,796.0,2883.0,857.0648777777777,510.0348753408159,0.5950948272005369,0,100,900,1790536749.9362483,3700.883,3709.884,performance,65.0,7771284.0,4062000.0,913800.0,7771132.0,7731932.0,14.11,10.57,9.8,True,Charging,100
13,27,hdr_histogram,HdrHistogram,25,1,117696.69328838582,171.0,1184.0,208.22084444444445,228.78863529113994,1.0987787313108472,0,100,900,1790536753.1381247,3700.5085,3702.03,performance,71.0,7771284.0,4058240.0,909972.0,7771132.0,7731932.0,12.98,10.39,9.75,True,Charging,100
13,28,sharded_2key,Sharded-2key,400,1,107629.41687112025,3479.0,8820.0,3653.8789916666665,1815.933686808292,0.496987910916004,0,100,900,1790536755.6770751,2207.3975,4103.276,performance,66.0,7771284.0,4089560.0,941264.0,7771132.0,7731932.0,12.98,10.39,9.75,True,Charging,100
13,29,hdr_histogram,HdrHistogram,200,1,110655.42102180123,1682.0,4593.0,1777.0638444444444,880.4654965029367,0.4954608126520028,0,100,900,1790536761.7361445,3028.54325,4101.549,performance,67.0,7771284.0,4086024.0,937596.0,7771132.0,7731932.0,11.72,10.21,9.7,True,Charging,100
13,30,disabled,Disabled,400,1,110230.95638974315,3249.0,9486.0,3534.880383333333,1957.2162472220966,0.5536866979856542,0,100,900,1790536765.881679,1298.609,3994.436,performance,64.0,7771284.0,4070620.0,922208.0,7771132.0,7731932.0,11.72,10.21,9.7,True,Charging,100
13,31,disabled,Disabled,200,1,111723.23325793198,1666.0,4647.0,1752.5773166666668,877.451204824386,0.5006633353518826,0,100,900,1790536771.852653,3170.9925,4100.392,performance,67.0,7771284.0,4075444.0,926936.0,7771132.0,7731932.0,11.03,10.12,9.68,True,Charging,100
13,32,sharded_n,Sharded-N,300,1,107543.5803132331,2635.0,6383.0,2736.201662962963,1320.4421509144354,0.48258217542509724,0,100,900,1790536775.9753907,2155.33525,3943.483,performance,64.05,7771284.0,4072904.0,923720.0,7771132.0,7731932.0,11.03,10.12,9.68,True,Charging,100
13,33,disabled,Disabled,150,1,112170.18441767908,1228.0,3661.0,1308.6076296296296,664.6605379065013,0.5079143074342443,0,100,900,1790536781.0991712,3748.27625,3865.727,performance,69.0,7771284.0,4076472.0,927116.0,7771132.0,7731932.0,10.86,10.1,9.67,True,Charging,100
13,34,global_mutex,GlobalMutex,200,1,110380.59902024157,1719.0,4235.0,1774.4322833333333,840.6971990767281,0.47378376000770733,0,100,900,1790536784.7748833,2155.898,4017.533,performance,70.0,7771284.0,4072512.0,922952.0,7771132.0,7731932.0,11.76,10.3,9.74,True,Charging,100
13,35,hdr_histogram,HdrHistogram,100,1,113572.64164081393,816.0,2768.0,866.7560333333333,476.45708912045,0.549701497073071,0,100,900,1790536788.9156673,3106.97025,4091.835,performance,65.0,7771284.0,4072716.0,923092.0,7771132.0,7731932.0,12.5,10.48,9.8,True,Charging,100
13,36,hdr_histogram,HdrHistogram,50,1,115349.99145794864,379.0,2031.0,425.61873333333335,339.225986552976,0.7970184580369567,0,100,900,1790536792.132613,2932.6285,4100.744,performance,64.0,7771284.0,4073100.0,923472.0,7771132.0,7731932.0,11.5,10.3,9.75,True,Charging,100
13,37,disabled,Disabled,25,1,122103.3059632894,171.0,1123.0,199.4596,211.27087149045315,1.0592163600571403,0,100,900,1790536794.8910992,2194.34375,4102.514,performance,63.05,7771284.0,4079524.0,929864.0,7771132.0,7731932.0,11.5,10.3,9.75,True,Charging,100
13,38,thread_local,ThreadLocal,400,1,108522.00202923121,3312.0,9647.0,3627.107447222222,1934.959707864945,0.5334718466492663,0,100,900,1790536797.4196236,2244.8905,4100.13,performance,66.0,7771284.0,4077572.0,927904.0,7771132.0,7731932.0,10.57,10.13,9.69,True,Charging,100
13,39,global_mutex,GlobalMutex,50,1,118643.39941645006,364.0,1940.0,410.23477777777777,345.6730776791997,0.8426225576283276,0,100,900,1790536803.4458551,1318.0465,4072.186,performance,68.0,7771284.0,4075180.0,925360.0,7771132.0,7731932.0,9.73,9.96,9.64,True,Charging,100
13,40,global_mutex,GlobalMutex,25,1,117046.65568651124,170.0,1230.0,206.37182222222222,216.21519654131737,1.04769727869387,0,100,900,1790536806.191482,3911.76,4103.613,performance,64.0,7771284.0,4077936.0,927712.0,7771132.0,7731932.0,9.73,9.96,9.64,True,Charging,100
13,41,thread_local,ThreadLocal,200,1,111558.31154028806,1687.0,4324.0,1767.5667777777778,836.5835978398643,0.47329674236785263,0,100,900,1790536808.7274733,1324.8345,4099.338,performance,66.0,7771284.0,4076872.0,926448.0,7771132.0,7731932.0,10.95,10.21,9.72,True,Charging,100
13,42,sharded_2key,Sharded-2key,500,1,107073.94794458541,4195.0,12644.0,4508.822553333333,2630.7584721579688,0.5834690633839807,0,100,900,1790536812.8527396,4047.64225,4102.281,performance,63.0,7771284.0,4072288.0,921740.0,7771132.0,7731932.0,10.07,10.04,9.67,True,Charging,100
13,43,hdr_histogram,HdrHistogram,300,1,107307.09418482799,2578.0,6588.0,2724.7981925925924,1367.918690221488,0.50202568907312,0,100,900,1790536819.8771796,3053.36925,4084.968,performance,68.0,7771284.0,4067596.0,916728.0,7771132.0,7731932.0,17.03,11.49,10.14,True,Charging,100
13,44,thread_local,ThreadLocal,500,1,107151.42892551201,4282.0,11788.0,4565.988982222222,2364.139643549792,0.5177716487610069,0,100,900,1790536825.011209,2201.13425,4096.839,performance,67.0,7771284.0,4079140.0,928268.0,7771132.0,7731932.0,19.19,12.03,10.32,True,Charging,100
13,45,sharded_n,Sharded-N,150,1,110530.31614662924,1256.0,3601.0,1329.0776888888888,667.6896010850132,0.5023706339117038,0,100,900,1790536832.0265348,1321.44475,4085.779,performance,67.05,7771284.0,4074088.0,923084.0,7771132.0,7731932.0,16.98,11.8,10.27,True,Charging,100
13,46,sharded_2key,Sharded-2key,300,1,110070.39511760602,2424.0,7352.0,2659.6321037037037,1469.178230950651,0.5523990438018583,0,100,900,1790536835.7251215,3702.14925,3708.934,performance,70.0,7771284.0,4079368.0,927880.0,7771132.0,7731932.0,16.98,11.8,10.27,True,Charging,100
13,47,global_mutex,GlobalMutex,500,1,106981.33321087442,4109.0,12610.0,4535.593626666667,2580.312665059033,0.5689029656202635,0,100,900,1790536840.7924535,3050.428,4099.08,performance,66.05,7771284.0,4073152.0,921420.0,7771132.0,7731932.0,16.18,11.72,10.25,True,Charging,100
13,48,hdr_histogram,HdrHistogram,400,1,106818.87587382781,3486.0,9206.0,3687.6739194444444,1847.1443291386652,0.500896871439474,0,100,900,1790536847.8159854,2224.25625,4099.996,performance,67.0,7771284.0,4076360.0,924492.0,7771132.0,7731932.0,14.35,11.48,10.19,True,Charging,100
14,1,global_mutex,GlobalMutex,25,1,118797.98362756813,169.0,1126.0,202.16106666666667,223.92341111177006,1.1076485438266224,0,100,900,1790536853.910146,3066.07275,4099.961,performance,71.0,7771284.0,4073528.0,921640.0,7771132.0,7731932.0,16.09,11.88,10.32,True,Charging,100
14,2,disabled,Disabled,500,1,108891.60398300108,4089.0,12738.0,4488.193693333334,2516.566388172472,0.5607080621120532,0,100,900,1790536856.4444034,2249.882,4099.786,performance,68.0,7771284.0,4073296.0,921376.0,7771132.0,7731932.0,16.09,11.88,10.32,True,Charging,100
14,3,sharded_2key,Sharded-2key,100,1,113830.89099944824,792.0,3191.0,858.5966,546.0017709382507,0.6359235186096134,0,100,900,1790536863.3950746,2231.6125,4100.242,performance,67.0,7771284.0,4063248.0,911188.0,7771132.0,7731932.0,13.61,11.49,10.21,True,Charging,100
14,4,disabled,Disabled,150,1,112094.3036257218,1239.0,3641.0,1318.1114814814814,664.8747302930898,0.5044146414276044,0,100,900,1790536866.600336,1324.93375,4099.735,performance,66.0,7771284.0,4065444.0,913204.0,7771132.0,7731932.0,12.52,11.3,10.16,True,Charging,100
14,5,thread_local,ThreadLocal,400,1,108713.47294462279,3363.0,9416.0,3613.4123083333334,1901.7388554442691,0.5262999882572038,0,100,900,1790536870.2660444,2990.06475,4008.614,performance,65.0,7771284.0,4059748.0,907368.0,7771132.0,7731932.0,12.52,11.3,10.16,True,Charging,100
14,6,sharded_n,Sharded-N,200,1,109870.30841651549,1702.0,4531.0,1788.5690166666666,875.2773668357113,0.48937298962438397,0,100,900,1790536876.2938478,3891.59075,4074.286,performance,66.0,7771284.0,4063852.0,911360.0,7771132.0,7731932.0,12.08,11.23,10.14,True,Charging,100
14,7,thread_local,ThreadLocal,100,1,112504.4838662045,808.0,3217.0,870.4693222222222,525.558543129546,0.6037645781563524,0,100,900,1790536880.4497082,3900.3225,4099.903,performance,69.0,7771284.0,4071764.0,919236.0,7771132.0,7731932.0,11.11,11.04,10.09,True,Charging,100
14,8,global_mutex,GlobalMutex,100,1,113561.7161650958,793.0,3123.0,861.5071888888889,516.4423644304346,0.5994637898454516,0,100,900,1790536883.6645164,4005.5655,4101.634,performance,70.0,7771284.0,4082324.0,929776.0,7771132.0,7731932.0,10.86,10.99,10.08,True,Charging,100
14,9,hdr_histogram,HdrHistogram,100,1,112909.82880561575,816.0,2695.0,869.9314666666667,474.1775113416971,0.5450745599059801,0,100,900,1790536886.8732803,3980.85275,4100.754,performance,68.0,7771284.0,4081676.0,929124.0,7771132.0,7731932.0,9.99,10.81,10.02,True,Charging,100
14,10,sharded_n,Sharded-N,500,1,106045.98896356251,4279.0,12453.0,4632.763022222222,2526.565428656715,0.5453690198564881,0,100,900,1790536890.08651,3014.5315,4002.981,performance,68.0,7771284.0,4082536.0,929948.0,7771132.0,7731932.0,9.99,10.81,10.02,True,Charging,100
14,11,sharded_n,Sharded-N,300,1,108053.21387388346,2544.0,6675.0,2698.979511111111,1360.1684978176595,0.5039565851530706,0,100,900,1790536897.1679661,1309.7525,4039.01,performance,68.0,7771284.0,4078348.0,925632.0,7771132.0,7731932.0,9.05,10.58,9.96,True,Charging,100
14,12,sharded_2key,Sharded-2key,150,1,110935.165108804,1246.0,3674.0,1312.9394,671.7851190311422,0.5116649854754471,0,100,900,1790536902.2826464,3946.205,4100.085,performance,70.0,7771284.0,4078324.0,925100.0,7771132.0,7731932.0,8.32,10.41,9.9,True,Charging,100
14,13,sharded_2key,Sharded-2key,400,1,108133.42750144882,3322.0,9526.0,3610.0650805555556,1913.5515064719632,0.5300601135360932,0,100,900,1790536905.9672265,3709.15625,3744.344,performance,67.0,7771284.0,4075876.0,922656.0,7771132.0,7731932.0,8.32,10.41,9.9,True,Charging,100
14,14,disabled,Disabled,100,1,115158.19444311426,797.0,2545.0,848.8290777777778,455.06258641179244,0.5361062648833139,0,100,900,1790536912.012063,3108.446,4100.02,performance,70.0,7771284.0,4071076.0,917724.0,7771132.0,7731932.0,7.71,10.21,9.84,True,Charging,100
14,15,sharded_n,Sharded-N,100,1,110150.71181440001,814.0,3036.0,893.0931777777778,542.2609611367006,0.607171765084995,0,100,900,1790536915.2079992,1325.11225,4100.449,performance,68.0,7771284.0,4072320.0,918980.0,7771132.0,7731932.0,7.71,10.21,9.84,True,Charging,100
14,16,global_mutex,GlobalMutex,400,1,108092.9087195065,3430.0,8748.0,3634.309725,1813.6156451302566,0.4990261651764577,0,100,900,1790536918.4457617,2211.66275,4048.413,performance,64.0,7771284.0,4066716.0,913372.0,7771132.0,7731932.0,7.09,10.04,9.79,True,Charging,100
14,17,global_mutex,GlobalMutex,500,1,107071.8063825912,4122.0,12613.0,4568.908002222222,2557.4808339095975,0.559757568474938,0,100,900,1790536924.489985,2248.40625,4098.688,performance,66.0,7771284.0,4056984.0,903524.0,7771132.0,7731932.0,8.2,10.22,9.85,True,Charging,100
14,18,sharded_2key,Sharded-2key,50,1,118770.9568714045,367.0,1683.0,409.6018,322.39833720077075,0.7871018564878639,0,100,900,1790536931.509351,3979.25875,4102.27,performance,70.0,7771284.0,4063704.0,909804.0,7771132.0,7731932.0,8.35,10.22,9.85,True,Charging,100
14,19,sharded_2key,Sharded-2key,200,1,111791.96843260132,1634.0,4534.0,1755.156711111111,885.2713160469722,0.5043830618899817,0,100,900,1790536934.2544487,1232.73175,3730.927,performance,69.0,7771284.0,4067728.0,913700.0,7771132.0,7731932.0,7.68,10.05,9.8,True,Charging,100
14,20,sharded_n,Sharded-N,400,1,107174.16817177975,3381.0,9755.0,3663.7646777777777,1949.7618540234118,0.532174423169018,0,100,900,1790536938.3832223,1324.692,4098.768,performance,66.05,7771284.0,4068704.0,914728.0,7771132.0,7731932.0,7.06,9.88,9.75,True,Charging,100
14,21,global_mutex,GlobalMutex,200,1,110513.02078224985,1696.0,4436.0,1778.5457277777778,864.7309924457059,0.48620115802485037,0,100,900,1790536944.4587681,1316.42775,4065.711,performance,70.0,7771284.0,4068596.0,914488.0,7771132.0,7731932.0,9.14,10.27,9.87,True,Charging,100
14,22,disabled,Disabled,50,1,121432.8175487001,353.0,1905.0,401.60597777777775,340.3577244270613,0.8474916790591022,0,100,900,1790536948.6007874,3108.6955,4099.971,performance,70.0,7771284.0,4068668.0,914540.0,7771132.0,7731932.0,8.49,10.11,9.82,True,Charging,100
14,23,hdr_histogram,HdrHistogram,400,1,108271.78392946435,3200.0,11414.0,3614.9989194444443,2229.846900392114,0.6168319687173789,0,100,900,1790536951.3358433,2920.3665,3856.355,performance,66.0,7771284.0,4072444.0,918320.0,7771132.0,7731932.0,8.49,10.11,9.82,True,Charging,100
14,24,disabled,Disabled,400,1,108876.87049268885,3324.0,9351.0,3568.382055555556,1907.235588427879,0.5344818908778378,0,100,900,1790536957.3962078,3718.14,4100.159,performance,66.0,7771284.0,4068980.0,914736.0,7771132.0,7731932.0,7.18,9.78,9.72,True,Charging,100
14,25,hdr_histogram,HdrHistogram,25,1,117647.72810838265,180.0,1180.0,207.87484444444445,196.42345930693443,0.9449121168647684,0,100,900,1790536963.4056714,3072.27625,4095.881,performance,65.05,7771284.0,4062552.0,907792.0,7771132.0,7731932.0,6.61,9.62,9.66,True,Charging,100
14,26,disabled,Disabled,200,1,111114.9561687209,1667.0,4693.0,1765.2527666666667,877.3834877552673,0.4970299462620493,0,100,900,1790536965.9423735,2249.6905,4100.243,performance,64.0,7771284.0,4068992.0,914172.0,7771132.0,7731932.0,6.61,9.62,9.66,True,Charging,100
14,27,sharded_n,Sharded-N,150,1,110223.699741615,1253.0,3807.0,1331.0604666666666,685.9842150314048,0.5153666810864677,0,100,900,1790536970.0731747,1325.225,4100.9,performance,65.0,7771284.0,4067076.0,912260.0,7771132.0,7731932.0,6.8,9.61,9.66,True,Charging,100
14,28,hdr_histogram,HdrHistogram,300,1,108123.49454677854,2574.0,6617.0,2727.270407407407,1367.9810108515478,0.5015934639763042,0,100,900,1790536973.767129,2912.72675,3851.674,performance,65.0,7771284.0,4063156.0,908292.0,7771132.0,7731932.0,7.22,9.65,9.67,True,Charging,100
14,29,sharded_n,Sharded-N,50,1,116121.61126301595,373.0,1800.0,419.22493333333335,349.4468363417379,0.8335545158615038,0,100,900,1790536978.877696,3799.29175,4046.991,performance,69.0,7771284.0,4064484.0,909476.0,7771132.0,7731932.0,8.64,9.9,9.76,True,Charging,100
14,30,global_mutex,GlobalMutex,300,1,107962.9689175872,2527.0,7094.0,2724.5470555555557,1452.3382346594567,0.5330567632142855,0,100,900,1790536981.633491,400.0,400.0,performance,68.0,7771284.0,4065204.0,910184.0,7771132.0,7731932.0,7.95,9.74,9.7,True,Charging,100
14,31,sharded_2key,Sharded-2key,300,1,108780.9189849263,2544.0,6922.0,2711.8092592592593,1384.5185949055297,0.5105516142694033,0,100,900,1790536986.7486424,3760.56575,3805.572,performance,69.0,7771284.0,4067936.0,912824.0,7771132.0,7731932.0,7.31,9.57,9.65,True,Charging,100
14,32,sharded_n,Sharded-N,25,1,115539.50705526338,183.0,1130.0,211.08066666666667,220.6891928391448,1.0455206358981786,0,100,900,1790536991.8387558,1321.824,4087.296,performance,65.0,7771284.0,4063520.0,908232.0,7771132.0,7731932.0,6.73,9.42,9.6,True,Charging,100
14,33,sharded_2key,Sharded-2key,25,1,121802.31107055412,171.0,1124.0,200.92013333333333,213.23659883140533,1.0613003052194803,0,100,900,1790536994.3802333,2249.93625,4100.414,performance,64.0,7771284.0,4078804.0,923272.0,7771132.0,7731932.0,6.73,9.42,9.6,True,Charging,100
14,34,hdr_histogram,HdrHistogram,50,1,119810.52460750159,362.0,1993.0,408.32486666666665,340.09972464286517,0.8329145550679953,0,100,900,1790536996.9111142,3748.76975,3857.737,performance,67.0,7771284.0,4081532.0,925992.0,7771132.0,7731932.0,6.19,9.26,9.55,True,Charging,100
14,35,global_mutex,GlobalMutex,150,1,111141.46260964467,1249.0,3698.0,1326.5179629629629,669.2437061372221,0.5045116046844725,0,100,900,1790536999.6606112,1310.72775,4042.911,performance,63.0,7771284.0,4082604.0,926996.0,7771132.0,7731932.0,6.19,9.26,9.55,True,Charging,100
14,36,thread_local,ThreadLocal,150,1,111523.29137463903,1229.0,4005.0,1321.4105777777777,713.4290204018731,0.5398995833691977,0,100,900,1790537003.3352485,2913.64275,3849.335,performance,62.0,7771284.0,4080912.0,925276.0,7771132.0,7731932.0,5.69,9.1,9.5,True,Charging,100
14,37,sharded_2key,Sharded-2key,500,1,107234.4650442069,4195.0,12056.0,4551.963115555555,2463.905642430674,0.5412841844018239,0,100,900,1790537007.015968,3144.39075,4100.196,performance,63.0,7771284.0,4079164.0,923484.0,7771132.0,7731932.0,5.24,8.95,9.44,True,Charging,100
14,38,hdr_histogram,HdrHistogram,200,1,110278.31244039227,1668.0,4808.0,1776.3130444444444,915.6824699126469,0.5154961130170801,0,100,900,1790537014.026141,2062.503,3750.597,performance,64.0,7771284.0,4072432.0,916564.0,7771132.0,7731932.0,5.86,9.02,9.46,True,Charging,100
14,39,disabled,Disabled,25,1,122916.44471143474,166.0,1117.0,198.38715555555555,200.53591345199024,1.0108311341549174,0,100,900,1790537018.1771057,3797.59525,3942.221,performance,65.0,7771284.0,4072056.0,916268.0,7771132.0,7731932.0,5.39,8.87,9.41,True,Charging,100
14,40,hdr_histogram,HdrHistogram,500,1,105741.88549512607,4331.0,11781.0,4630.679364444444,2390.0714749110116,0.5161384079542625,0,100,900,1790537020.7051287,3914.58925,3997.369,performance,67.0,7771284.0,4075052.0,919244.0,7771132.0,7731932.0,5.39,8.87,9.41,True,Charging,100
14,41,thread_local,ThreadLocal,200,1,111237.12650185809,1687.0,4363.0,1754.2317333333333,842.6293164458067,0.4803409381066607,0,100,900,1790537027.7758827,2214.665,4084.076,performance,65.0,7771284.0,4068508.0,911284.0,7771132.0,7731932.0,5.59,8.81,9.39,True,Charging,100
14,42,hdr_histogram,HdrHistogram,150,1,109787.41848333989,1273.0,3485.0,1342.9610814814814,655.1611762888668,0.4878482223521539,0,100,900,1790537031.9001262,2980.49,3947.038,performance,66.0,7771284.0,4070660.0,913416.0,7771132.0,7731932.0,5.14,8.66,9.34,True,Charging,100
14,43,disabled,Disabled,300,1,110271.3503519865,2467.0,6860.0,2667.521485185185,1372.956846482491,0.5146938287498657,0,100,900,1790537035.5991416,1325.0055,4100.022,performance,65.0,7771284.0,4062904.0,905560.0,7771132.0,7731932.0,5.14,8.66,9.34,True,Charging,100
14,44,thread_local,ThreadLocal,500,1,107469.7373005347,4377.0,10878.0,4571.667384444444,2232.681595631982,0.4883735862387768,0,100,900,1790537040.653206,2249.9005,4101.087,performance,65.0,7771284.0,4069924.0,912472.0,7771132.0,7731932.0,6.25,8.83,9.39,True,Charging,100
14,45,thread_local,ThreadLocal,300,1,109666.3960660529,2467.0,7091.0,2681.535303703704,1405.1063043021704,0.5239932147682168,0,100,900,1790537047.6540504,3062.65,4101.398,performance,68.0,7771284.0,4058020.0,900476.0,7771132.0,7731932.0,5.88,8.67,9.33,True,Charging,100
14,46,thread_local,ThreadLocal,25,1,114569.90467967243,169.0,1336.0,209.94871111111112,247.52822393813537,1.1789937772332217,0,100,900,1790537052.727221,3880.81075,4019.876,performance,71.0,7771284.0,4054504.0,896872.0,7771132.0,7731932.0,5.41,8.53,9.28,True,Charging,100
14,47,global_mutex,GlobalMutex,50,1,115622.4638373144,376.0,1804.0,418.0127777777778,334.62547495043884,0.8005149429387325,0,100,900,1790537055.2706912,3113.1865,4099.502,performance,70.0,7771284.0,4068728.0,910720.0,7771132.0,7731932.0,5.41,8.53,9.28,True,Charging,100
14,48,thread_local,ThreadLocal,50,1,119316.05397002387,357.0,1883.0,409.5343555555556,346.5693994068425,0.8462523221933415,0,100,900,1790537058.0285845,2244.39075,4100.58,performance,64.0,7771284.0,4069568.0,911428.0,7771132.0,7731932.0,4.98,8.39,9.23,True,Charging,100
15,1,sharded_n,Sharded-N,300,1,107189.84908762586,2495.0,7053.0,2686.8784074074074,1428.5943364278385,0.531692961054498,0,100,900,1790537060.7764304,3967.9745,4094.709,performance,67.0,7771284.0,4070596.0,912372.0,7771132.0,7731932.0,4.98,8.39,9.23,True,Charging,100
15,2,global_mutex,GlobalMutex,25,1,120403.75649873925,170.0,1081.0,200.72733333333332,216.4779852197558,1.078467897843621,0,100,900,1790537065.9110968,3898.996,4102.37,performance,68.0,7771284.0,4085156.0,926832.0,7771132.0,7731932.0,5.3,8.4,9.23,True,Charging,100
15,3,sharded_n,Sharded-N,50,1,118892.82185169324,362.0,2052.0,410.6420888888889,348.7995943117141,0.8494004968060931,0,100,900,1790537068.4366949,3122.98425,4101.948,performance,64.0,7771284.0,4083548.0,925228.0,7771132.0,7731932.0,4.87,8.26,9.18,True,Charging,100
15,4,hdr_histogram,HdrHistogram,500,1,106223.28971120509,4071.0,13658.0,4591.931946666667,2684.234479494677,0.5845544992109895,0,100,900,1790537071.1825402,3782.291,4021.733,performance,64.0,7771284.0,4085012.0,926664.0,7771132.0,7731932.0,4.87,8.26,9.18,True,Charging,100
15,5,global_mutex,GlobalMutex,150,1,110472.06350175776,1255.0,3949.0,1332.2039185185185,687.2457381516809,0.5158712781117883,0,100,900,1790537078.238914,3997.04025,4099.752,performance,65.0,7771284.0,4079072.0,920648.0,7771132.0,7731932.0,5.01,8.18,9.14,True,Charging,100
15,6,global_mutex,GlobalMutex,100,1,114630.25761404197,786.0,2890.0,851.1951888888889,497.9137165567926,0.5849583304233031,0,100,900,1790537081.9194021,4018.39875,4099.845,performance,64.05,7771284.0,4079452.0,921016.0,7771132.0,7731932.0,4.61,8.05,9.09,True,Charging,100
15,7,thread_local,ThreadLocal,25,1,122642.03183245342,165.0,1073.0,197.23893333333334,227.73394772022655,1.154609507725114,0,100,900,1790537085.1232395,2150.41,4098.701,performance,64.0,7771284.0,4076496.0,917800.0,7771132.0,7731932.0,4.61,8.05,9.09,True,Charging,100
15,8,global_mutex,GlobalMutex,50,1,117662.71919312785,362.0,2135.0,414.3989111111111,349.60046887314445,0.8436326918325504,0,100,900,1790537087.6541564,3902.29075,4100.474,performance,63.0,7771284.0,4074572.0,915784.0,7771132.0,7731932.0,4.24,7.91,9.04,True,Charging,100
15,9,disabled,Disabled,25,1,119556.62981763072,169.0,1290.0,202.63817777777777,209.52020004651956,1.033962120782042,0,100,900,1790537090.4051673,2249.67925,4099.389,performance,62.05,7771284.0,4078168.0,919284.0,7771132.0,7731932.0,4.24,7.91,9.04,True,Charging,100
15,10,sharded_2key,Sharded-2key,25,1,121022.20583205041,176.0,1053.0,202.25986666666665,197.65411345278753,0.9772285362895565,0,100,900,1790537092.9411128,2250.05075,4100.795,performance,64.0,7771284.0,4077392.0,918448.0,7771132.0,7731932.0,3.9,7.78,9.0,True,Charging,100
15,11,sharded_2key,Sharded-2key,150,1,113247.36503832514,1224.0,3440.0,1299.9147629629629,651.4914547934133,0.5011801337715676,0,100,900,1790537095.473832,3943.80625,4078.75,performance,61.0,7771284.0,4073764.0,914484.0,7771132.0,7731932.0,3.9,7.78,9.0,True,Charging,100
15,12,global_mutex,GlobalMutex,500,1,107050.29584966907,4041.0,14084.0,4575.177202222222,2744.420194626408,0.599850032757946,0,100,900,1790537099.126163,1246.22925,3784.917,performance,63.05,7771284.0,4054820.0,895516.0,7771132.0,7731932.0,4.23,7.78,8.99,True,Charging,100
15,13,thread_local,ThreadLocal,100,1,115467.57869187013,786.0,2635.0,847.4795222222223,487.269746901216,0.5749634464600625,0,100,900,1790537106.1381314,3700.65625,3702.103,performance,67.0,7771284.0,4056220.0,896724.0,7771132.0,7731932.0,4.61,7.8,8.99,True,Charging,100
15,14,hdr_histogram,HdrHistogram,50,1,118986.7853223338,366.0,1905.0,408.79206666666664,348.2547003656353,0.8519115921337237,0,100,900,1790537109.328013,3120.322,4100.885,performance,67.0,7771284.0,4058576.0,899092.0,7771132.0,7731932.0,4.8,7.79,8.98,True,Charging,100
15,15,sharded_2key,Sharded-2key,100,1,112185.44267635257,801.0,2933.0,867.4488555555556,532.9431305804736,0.6143798878369047,0,100,900,1790537112.0744498,400.0,400.0,performance,66.0,7771284.0,4055116.0,895580.0,7771132.0,7731932.0,4.5,7.68,8.94,True,Charging,100
15,16,disabled,Disabled,500,1,108032.08850332856,4235.0,11786.0,4542.206377777778,2394.004535384803,0.5270576315284121,0,100,900,1790537115.29398,3912.322,4077.664,performance,66.0,7771284.0,4049232.0,889528.0,7771132.0,7731932.0,4.5,7.68,8.94,True,Charging,100
15,17,hdr_histogram,HdrHistogram,150,1,108178.85868433742,1250.0,4112.0,1359.6267629629629,747.6026370383721,0.54985872402891,0,100,900,1790537122.2660825,3776.4205,3818.609,performance,65.0,7771284.0,4054012.0,893856.0,7771132.0,7731932.0,4.54,7.59,8.89,True,Charging,100
15,18,thread_local,ThreadLocal,200,1,112071.87060476694,1668.0,4352.0,1747.5084777777777,831.6581217072487,0.4759107794228434,0,100,900,1790537125.977804,2210.19475,4078.749,performance,64.05,7771284.0,4069504.0,909292.0,7771132.0,7731932.0,4.54,7.59,8.89,True,Charging,100
15,19,disabled,Disabled,50,1,120852.35197986473,356.0,1941.0,403.0389333333333,324.53365598048447,0.8052166407260684,0,100,900,1790537130.0847569,4047.671,4100.146,performance,64.0,7771284.0,4071148.0,910892.0,7771132.0,7731932.0,5.14,7.66,8.91,True,Charging,100
15,20,disabled,Disabled,400,1,109969.6118436182,3177.0,10562.0,3558.719527777778,2086.7440789964166,0.5863749763667023,0,100,900,1790537132.8253546,3921.34725,4098.641,performance,62.0,7771284.0,4074736.0,914460.0,7771132.0,7731932.0,4.73,7.53,8.86,True,Charging,100
15,21,sharded_2key,Sharded-2key,200,1,112178.35807514998,1664.0,4310.0,1750.301138888889,836.3131706267641,0.4778110189413835,0,100,900,1790537138.8182418,3055.6585,4098.241,performance,64.0,7771284.0,4061144.0,900752.0,7771132.0,7731932.0,5.63,7.67,8.9,True,Charging,100
15,22,hdr_histogram,HdrHistogram,300,1,108522.44035442187,2635.0,6233.0,2729.798425925926,1299.1465670430505,0.4759130032109936,0,100,900,1790537142.9421232,1325.134,4100.536,performance,64.0,7771284.0,4060780.0,900372.0,7771132.0,7731932.0,5.18,7.55,8.85,True,Charging,100
15,23,disabled,Disabled,100,1,115875.94648197311,791.0,2804.0,838.8147666666666,480.8499302003377,0.573249243228238,0,100,900,1790537148.05066,2192.45075,4071.795,performance,65.0,7771284.0,4058224.0,897452.0,7771132.0,7731932.0,4.76,7.42,8.81,True,Charging,100
15,24,sharded_2key,Sharded-2key,400,1,107132.91495327112,3380.0,9381.0,3660.3035972222224,1952.7974426242913,0.5335069593970989,0,100,900,1790537151.2392259,3782.71425,4032.641,performance,65.0,7771284.0,4066216.0,905412.0,7771132.0,7731932.0,4.76,7.42,8.81,True,Charging,100
15,25,hdr_histogram,HdrHistogram,200,1,111745.08457025685,1631.0,4610.0,1737.4066666666668,881.543596870843,0.5073904767282519,0,100,900,1790537157.3149688,3789.01925,4063.17,performance,65.0,7771284.0,4057652.0,896536.0,7771132.0,7731932.0,4.77,7.34,8.77,True,Charging,100
15,26,disabled,Disabled,200,1,113125.85891593978,1584.0,4869.0,1727.6967388888888,909.0373168655216,0.5261556015033859,0,100,900,1790537161.4412796,3973.2115,4094.917,performance,68.0,7771284.0,4047992.0,886896.0,7771132.0,7731932.0,4.77,7.34,8.77,True,Charging,100
15,27,thread_local,ThreadLocal,500,1,107129.4421390424,4257.0,12219.0,4559.34852,2402.6108146574006,0.526963623008447,0,100,900,1790537165.5444403,2132.903,4032.475,performance,66.0,7771284.0,4067264.0,906068.0,7771132.0,7731932.0,4.39,7.22,8.72,True,Charging,100
15,28,hdr_histogram,HdrHistogram,100,1,113035.13091678625,823.0,2825.0,874.2991555555556,495.9222126321455,0.5672225684777447,0,100,900,1790537172.5640981,1325.15525,4100.621,performance,70.0,7771284.0,4060008.0,898688.0,7771132.0,7731932.0,4.74,7.21,8.7,True,Charging,100
15,29,hdr_histogram,HdrHistogram,25,1,114196.46789715746,178.0,1097.0,211.05857777777777,224.02232932341792,1.0614225286749046,0,100,900,1790537175.781304,3899.767,4100.697,performance,69.0,7771284.0,4059640.0,898368.0,7771132.0,7731932.0,4.74,7.21,8.7,True,Charging,100
15,30,sharded_n,Sharded-N,25,1,118904.20610523211,177.0,1030.0,203.00684444444445,193.28696096681858,0.9521204149336657,0,100,900,1790537178.3325484,3012.3375,4099.949,performance,68.0,7771284.0,4066264.0,904700.0,7771132.0,7731932.0,4.36,7.09,8.65,True,Charging,100
15,31,sharded_2key,Sharded-2key,500,1,106340.16592120918,4215.0,12873.0,4548.048264444445,2638.4945907115807,0.5801377727977738,0,100,900,1790537180.8700569,3039.512,4100.473,performance,63.0,7771284.0,4067892.0,906192.0,7771132.0,7731932.0,4.36,7.09,8.65,True,Charging,100
15,32,sharded_n,Sharded-N,400,1,107110.20271675478,3461.0,9027.0,3677.7799111111112,1850.0336775857527,0.5030300132959371,0,100,900,1790537187.9145322,3060.263,4067.606,performance,68.0,7771284.0,4062940.0,901008.0,7771132.0,7731932.0,4.5,7.04,8.62,True,Charging,100
15,33,sharded_n,Sharded-N,500,1,105931.97855868204,4420.0,10984.0,4639.19902,2272.6359775884434,0.48987680153209795,0,100,900,1790537193.9942386,2249.734,4099.857,performance,66.0,7771284.0,4064912.0,902932.0,7771132.0,7731932.0,4.86,7.07,8.62,True,Charging,100
15,34,thread_local,ThreadLocal,300,1,109028.24947666533,2569.0,6654.0,2702.936451851852,1340.8859577530222,0.4960848993820578,0,100,900,1790537201.0717554,3093.322,4100.113,performance,68.0,7771284.0,4047140.0,885056.0,7771132.0,7731932.0,7.04,7.48,8.75,True,Charging,100
15,35,sharded_2key,Sharded-2key,300,1,108083.0088748792,2572.0,6721.0,2729.7146888888888,1370.28252202823,0.5019874522439537,0,100,900,1790537206.1591363,3830.53475,4005.969,performance,66.0,7771284.0,4059468.0,897292.0,7771132.0,7731932.0,8.96,7.87,8.87,True,Charging,100
15,36,sharded_n,Sharded-N,100,1,113090.32371483167,803.0,2993.0,868.2721333333334,506.663333000471,0.5835305701397661,0,100,900,1790537211.2674022,3806.14625,3993.658,performance,70.0,7771284.0,4055672.0,893120.0,7771132.0,7731932.0,9.04,7.91,8.87,True,Charging,100
15,37,thread_local,ThreadLocal,400,1,107389.62353991144,3408.0,9332.0,3624.027886111111,1897.5220251282767,0.5235947638263012,0,100,900,1790537214.4826658,2234.07025,4101.754,performance,65.05,7771284.0,4053884.0,891328.0,7771132.0,7731932.0,10.32,8.19,8.96,True,Charging,100
15,38,disabled,Disabled,300,1,110109.17076331642,2482.0,6839.0,2667.22817037037,1361.1486220820852,0.5103232776268544,0,100,900,1790537220.545905,1309.61475,4038.459,performance,67.0,7771284.0,4055012.0,892312.0,7771132.0,7731932.0,10.45,8.26,8.98,True,Charging,100
15,39,sharded_n,Sharded-N,150,1,109611.09651686724,1256.0,4070.0,1338.148311111111,706.5705100743127,0.528021075248096,0,100,900,1790537225.606872,3900.74125,4100.254,performance,66.0,7771284.0,4055592.0,892756.0,7771132.0,7731932.0,10.9,8.38,9.02,True,Charging,100
15,40,thread_local,ThreadLocal,50,1,118129.03330911654,365.0,1880.0,412.85077777777775,320.29209391144855,0.7758059598081947,0,100,900,1790537229.3069897,2144.33925,4077.43,performance,70.0,7771284.0,4054776.0,891928.0,7771132.0,7731932.0,12.83,8.83,9.15,True,Charging,100
15,41,global_mutex,GlobalMutex,200,1,106812.35333643977,1729.0,4834.0,1829.6691944444444,929.5843092962826,0.5080614091983655,0,100,900,1790537232.0569713,2243.223,4101.546,performance,69.0,7771284.0,4058536.0,895652.0,7771132.0,7731932.0,11.88,8.7,9.11,True,Charging,100
15,42,thread_local,ThreadLocal,150,1,111025.00569079228,1235.0,3817.0,1325.9452222222221,683.6204025018816,0.5155721300131583,0,100,900,1790537236.2561672,3860.959,4095.515,performance,69.0,7771284.0,4069228.0,906312.0,7771132.0,7731932.0,11.88,8.7,9.11,True,Charging,100
15,43,global_mutex,GlobalMutex,400,1,107407.53225429845,3420.0,9287.0,3646.4028944444444,1884.6518535867074,0.516852335889188,0,100,900,1790537239.9368622,1325.043,4100.172,performance,67.0,7771284.0,4070232.0,907016.0,7771132.0,7731932.0,11.57,8.68,9.1,True,Charging,100
15,44,hdr_histogram,HdrHistogram,400,1,106759.62785777556,3405.0,9815.0,3666.3964833333334,1982.6736908018686,0.5407690357043178,0,100,900,1790537246.009205,3899.33775,4101.897,performance,66.05,7771284.0,4073340.0,909928.0,7771132.0,7731932.0,11.76,8.77,9.13,True,Charging,100
15,45,disabled,Disabled,150,1,112577.49384366223,1223.0,3741.0,1295.8698592592593,679.8176797774784,0.5246033580610273,0,100,900,1790537252.0921948,2248.953,4100.212,performance,66.0,7771284.0,4057112.0,893472.0,7771132.0,7731932.0,11.43,8.81,9.14,True,Charging,100
15,46,sharded_2key,Sharded-2key,50,1,118225.96734062824,356.0,2125.0,402.47524444444446,354.8304292054564,0.8816205073562862,0,100,900,1790537255.7542934,3961.46975,4100.739,performance,67.0,7771284.0,4058572.0,894924.0,7771132.0,7731932.0,11.43,8.81,9.14,True,Charging,100
15,47,global_mutex,GlobalMutex,300,1,108693.62418892646,2583.0,6431.0,2709.137688888889,1335.7338511625408,0.49304760575324297,0,100,900,1790537258.5014303,2130.9305,3946.6,performance,65.0,7771284.0,4063516.0,899800.0,7771132.0,7731932.0,10.51,8.66,9.09,True,Charging,100
15,48,sharded_n,Sharded-N,200,1,110525.62386028741,1677.0,4426.0,1764.5984277777777,866.302867845806,0.49093485192365965,0,100,900,1790537263.5988405,2976.95325,4099.951,performance,69.0,7771284.0,4063280.0,899464.0,7771132.0,7731932.0,9.75,8.54,9.05,True,Charging,100
