{
  "timestamp": "1776687967",
  "runs_per_config": 1,
  "results": [
    {
      "name": "Mixed (50% GET / 50% SET)",
      "concurrency": 1000,
      "target": "RustRedis",
      "runs": 1,
      "ops_per_sec_mean": 66430.38200081176,
      "ops_per_sec_stddev": 0.0,
      "p50_us_mean": 5305.0,
      "p50_us_stddev": 0.0,
      "p99_us_mean": 143743.0,
      "p99_us_stddev": 0.0,
      "max_us_mean": 422715.0,
      "max_us_stddev": 0.0,
      "total_errors": 0,
      "per_run": [
        {
          "name": "Mixed (50% GET / 50% SET)",
          "concurrency": 1000,
          "warmup_ops_per_client": 100,
          "measured_ops_per_client": 900,
          "total_ops": 900000,
          "duration_secs": 13.548017833,
          "ops_per_sec": 66430.38200081176,
          "p50_us": 5305.0,
          "p95_us": 62911.0,
          "p99_us": 143743.0,
          "max_us": 422715.0,
          "avg_us": 14487.453935555555,
          "latency_stddev_us": 27328.216627739188,
          "latency_cv": 1.8863367400029785,
          "errors": 0,
          "target": "RustRedis"
        }
      ]
    }
  ],
  "memory_samples": [
    {
      "elapsed_secs": 0.001698125,
      "rss_bytes": 0,
      "vsize_bytes": 0,
      "label": "idle"
    },
    {
      "elapsed_secs": 15.129313959,
      "rss_bytes": 0,
      "vsize_bytes": 0,
      "label": "mixed_c1000"
    }
  ]
}