{
  "timestamp": "1776683071",
  "runs_per_config": 1,
  "results": [
    {
      "name": "Mixed (50% GET / 50% SET)",
      "concurrency": 1000,
      "target": "RustRedis",
      "runs": 1,
      "ops_per_sec_mean": 73660.25023655107,
      "ops_per_sec_stddev": 0.0,
      "p50_us_mean": 4845.0,
      "p50_us_stddev": 0.0,
      "p99_us_mean": 126725.0,
      "p99_us_stddev": 0.0,
      "max_us_mean": 395735.0,
      "max_us_stddev": 0.0,
      "total_errors": 0,
      "per_run": [
        {
          "name": "Mixed (50% GET / 50% SET)",
          "concurrency": 1000,
          "warmup_ops_per_client": 100,
          "measured_ops_per_client": 900,
          "total_ops": 900000,
          "duration_secs": 12.218258791,
          "ops_per_sec": 73660.25023655107,
          "p50_us": 4845.0,
          "p95_us": 53618.0,
          "p99_us": 126725.0,
          "max_us": 395735.0,
          "avg_us": 13117.006195555556,
          "latency_stddev_us": 25052.726617610777,
          "latency_cv": 1.909942424674573,
          "errors": 0,
          "target": "RustRedis"
        }
      ]
    }
  ],
  "memory_samples": [
    {
      "elapsed_secs": 0.001155292,
      "rss_bytes": 0,
      "vsize_bytes": 0,
      "label": "idle"
    },
    {
      "elapsed_secs": 13.853358209,
      "rss_bytes": 0,
      "vsize_bytes": 0,
      "label": "mixed_c1000"
    }
  ]
}