{
  "timestamp": "1776676537",
  "runs_per_config": 1,
  "results": [
    {
      "name": "Mixed (50% GET / 50% SET)",
      "concurrency": 400,
      "target": "RustRedis",
      "runs": 1,
      "ops_per_sec_mean": 216425.0316657776,
      "ops_per_sec_stddev": 0.0,
      "p50_us_mean": 1730.0,
      "p50_us_stddev": 0.0,
      "p99_us_mean": 4752.0,
      "p99_us_stddev": 0.0,
      "max_us_mean": 56867.0,
      "max_us_stddev": 0.0,
      "total_errors": 0,
      "per_run": [
        {
          "name": "Mixed (50% GET / 50% SET)",
          "concurrency": 400,
          "warmup_ops_per_client": 100,
          "measured_ops_per_client": 900,
          "total_ops": 360000,
          "duration_secs": 1.6633935420000001,
          "ops_per_sec": 216425.0316657776,
          "p50_us": 1730.0,
          "p95_us": 3393.0,
          "p99_us": 4752.0,
          "max_us": 56867.0,
          "avg_us": 1827.6189305555556,
          "latency_stddev_us": 915.0750769751577,
          "latency_cv": 0.5006924921143135,
          "errors": 0,
          "target": "RustRedis"
        }
      ]
    }
  ],
  "memory_samples": [
    {
      "elapsed_secs": 0.000716125,
      "rss_bytes": 0,
      "vsize_bytes": 0,
      "label": "idle"
    },
    {
      "elapsed_secs": 1.8874566659999998,
      "rss_bytes": 0,
      "vsize_bytes": 0,
      "label": "mixed_c400"
    }
  ]
}