{
  "timestamp": "1776686663",
  "runs_per_config": 1,
  "results": [
    {
      "name": "Mixed (50% GET / 50% SET)",
      "concurrency": 500,
      "target": "RustRedis",
      "runs": 1,
      "ops_per_sec_mean": 64486.63775345496,
      "ops_per_sec_stddev": 0.0,
      "p50_us_mean": 3311.0,
      "p50_us_stddev": 0.0,
      "p99_us_mean": 61557.0,
      "p99_us_stddev": 0.0,
      "max_us_mean": 351143.0,
      "max_us_stddev": 0.0,
      "total_errors": 0,
      "per_run": [
        {
          "name": "Mixed (50% GET / 50% SET)",
          "concurrency": 500,
          "warmup_ops_per_client": 100,
          "measured_ops_per_client": 900,
          "total_ops": 450000,
          "duration_secs": 6.978189834,
          "ops_per_sec": 64486.63775345496,
          "p50_us": 3311.0,
          "p95_us": 29569.0,
          "p99_us": 61557.0,
          "max_us": 351143.0,
          "avg_us": 7601.583508888889,
          "latency_stddev_us": 12128.301352174767,
          "latency_cv": 1.5954966932866783,
          "errors": 0,
          "target": "RustRedis"
        }
      ]
    }
  ],
  "memory_samples": [
    {
      "elapsed_secs": 0.004024084,
      "rss_bytes": 0,
      "vsize_bytes": 0,
      "label": "idle"
    },
    {
      "elapsed_secs": 7.6309032089999995,
      "rss_bytes": 0,
      "vsize_bytes": 0,
      "label": "mixed_c500"
    }
  ]
}