{
  "timestamp": "1776680987",
  "runs_per_config": 1,
  "results": [
    {
      "name": "Mixed (50% GET / 50% SET)",
      "concurrency": 200,
      "target": "RustRedis",
      "runs": 1,
      "ops_per_sec_mean": 62612.98781060058,
      "ops_per_sec_stddev": 0.0,
      "p50_us_mean": 1943.0,
      "p50_us_stddev": 0.0,
      "p99_us_mean": 22643.0,
      "p99_us_stddev": 0.0,
      "max_us_mean": 201734.0,
      "max_us_stddev": 0.0,
      "total_errors": 0,
      "per_run": [
        {
          "name": "Mixed (50% GET / 50% SET)",
          "concurrency": 200,
          "warmup_ops_per_client": 100,
          "measured_ops_per_client": 900,
          "total_ops": 180000,
          "duration_secs": 2.8748029170000002,
          "ops_per_sec": 62612.98781060058,
          "p50_us": 1943.0,
          "p95_us": 8784.0,
          "p99_us": 22643.0,
          "max_us": 201734.0,
          "avg_us": 3081.2400555555555,
          "latency_stddev_us": 4693.3012906234435,
          "latency_cv": 1.5231858621860053,
          "errors": 0,
          "target": "RustRedis"
        }
      ]
    }
  ],
  "memory_samples": [
    {
      "elapsed_secs": 0.001998458,
      "rss_bytes": 0,
      "vsize_bytes": 0,
      "label": "idle"
    },
    {
      "elapsed_secs": 3.105205542,
      "rss_bytes": 0,
      "vsize_bytes": 0,
      "label": "mixed_c200"
    }
  ]
}