{
  "timestamp": "1776685404",
  "runs_per_config": 1,
  "results": [
    {
      "name": "Mixed (50% GET / 50% SET)",
      "concurrency": 1000,
      "target": "RustRedis",
      "runs": 1,
      "ops_per_sec_mean": 58347.151927575214,
      "ops_per_sec_stddev": 0.0,
      "p50_us_mean": 5928.0,
      "p50_us_stddev": 0.0,
      "p99_us_mean": 147357.0,
      "p99_us_stddev": 0.0,
      "max_us_mean": 365766.0,
      "max_us_stddev": 0.0,
      "total_errors": 0,
      "per_run": [
        {
          "name": "Mixed (50% GET / 50% SET)",
          "concurrency": 1000,
          "warmup_ops_per_client": 100,
          "measured_ops_per_client": 900,
          "total_ops": 900000,
          "duration_secs": 15.424917417,
          "ops_per_sec": 58347.151927575214,
          "p50_us": 5928.0,
          "p95_us": 68742.0,
          "p99_us": 147357.0,
          "max_us": 365766.0,
          "avg_us": 16593.019624444445,
          "latency_stddev_us": 28841.02563127338,
          "latency_cv": 1.7381420792623823,
          "errors": 0,
          "target": "RustRedis"
        }
      ]
    }
  ],
  "memory_samples": [
    {
      "elapsed_secs": 0.001513125,
      "rss_bytes": 0,
      "vsize_bytes": 0,
      "label": "idle"
    },
    {
      "elapsed_secs": 16.698766583,
      "rss_bytes": 0,
      "vsize_bytes": 0,
      "label": "mixed_c1000"
    }
  ]
}