{
  "timestamp": "1776685260",
  "runs_per_config": 1,
  "results": [
    {
      "name": "Mixed (50% GET / 50% SET)",
      "concurrency": 1000,
      "target": "RustRedis",
      "runs": 1,
      "ops_per_sec_mean": 60556.01422063795,
      "ops_per_sec_stddev": 0.0,
      "p50_us_mean": 4882.0,
      "p50_us_stddev": 0.0,
      "p99_us_mean": 150367.0,
      "p99_us_stddev": 0.0,
      "max_us_mean": 395911.0,
      "max_us_stddev": 0.0,
      "total_errors": 0,
      "per_run": [
        {
          "name": "Mixed (50% GET / 50% SET)",
          "concurrency": 1000,
          "warmup_ops_per_client": 100,
          "measured_ops_per_client": 900,
          "total_ops": 900000,
          "duration_secs": 14.86227275,
          "ops_per_sec": 60556.01422063795,
          "p50_us": 4882.0,
          "p95_us": 66873.0,
          "p99_us": 150367.0,
          "max_us": 395911.0,
          "avg_us": 15885.519232222223,
          "latency_stddev_us": 29013.756742218742,
          "latency_cv": 1.8264279762015694,
          "errors": 0,
          "target": "RustRedis"
        }
      ]
    }
  ],
  "memory_samples": [
    {
      "elapsed_secs": 0.001007667,
      "rss_bytes": 0,
      "vsize_bytes": 0,
      "label": "idle"
    },
    {
      "elapsed_secs": 16.384853333,
      "rss_bytes": 0,
      "vsize_bytes": 0,
      "label": "mixed_c1000"
    }
  ]
}