{
  "timestamp": "1776677273",
  "runs_per_config": 1,
  "results": [
    {
      "name": "Mixed (50% GET / 50% SET)",
      "concurrency": 1000,
      "target": "RustRedis",
      "runs": 1,
      "ops_per_sec_mean": 212691.66620878875,
      "ops_per_sec_stddev": 0.0,
      "p50_us_mean": 4631.0,
      "p50_us_stddev": 0.0,
      "p99_us_mean": 12696.0,
      "p99_us_stddev": 0.0,
      "max_us_mean": 41511.0,
      "max_us_stddev": 0.0,
      "total_errors": 0,
      "per_run": [
        {
          "name": "Mixed (50% GET / 50% SET)",
          "concurrency": 1000,
          "warmup_ops_per_client": 100,
          "measured_ops_per_client": 900,
          "total_ops": 900000,
          "duration_secs": 4.2314775000000004,
          "ops_per_sec": 212691.66620878875,
          "p50_us": 4631.0,
          "p95_us": 7060.0,
          "p99_us": 12696.0,
          "max_us": 41511.0,
          "avg_us": 4654.053036666666,
          "latency_stddev_us": 1985.2519314777946,
          "latency_cv": 0.4265640971078566,
          "errors": 0,
          "target": "RustRedis"
        }
      ]
    }
  ],
  "memory_samples": [
    {
      "elapsed_secs": 0.000798458,
      "rss_bytes": 0,
      "vsize_bytes": 0,
      "label": "idle"
    },
    {
      "elapsed_secs": 4.759444791,
      "rss_bytes": 0,
      "vsize_bytes": 0,
      "label": "mixed_c1000"
    }
  ]
}