{
  "timestamp": "1776682986",
  "runs_per_config": 1,
  "results": [
    {
      "name": "Mixed (50% GET / 50% SET)",
      "concurrency": 1000,
      "target": "RustRedis",
      "runs": 1,
      "ops_per_sec_mean": 70901.97630571097,
      "ops_per_sec_stddev": 0.0,
      "p50_us_mean": 4774.0,
      "p50_us_stddev": 0.0,
      "p99_us_mean": 132101.0,
      "p99_us_stddev": 0.0,
      "max_us_mean": 393077.0,
      "max_us_stddev": 0.0,
      "total_errors": 0,
      "per_run": [
        {
          "name": "Mixed (50% GET / 50% SET)",
          "concurrency": 1000,
          "warmup_ops_per_client": 100,
          "measured_ops_per_client": 900,
          "total_ops": 900000,
          "duration_secs": 12.693581292,
          "ops_per_sec": 70901.97630571097,
          "p50_us": 4774.0,
          "p95_us": 58202.0,
          "p99_us": 132101.0,
          "max_us": 393077.0,
          "avg_us": 13742.662937777777,
          "latency_stddev_us": 25664.96137369177,
          "latency_cv": 1.8675391727130477,
          "errors": 0,
          "target": "RustRedis"
        }
      ]
    }
  ],
  "memory_samples": [
    {
      "elapsed_secs": 0.004597208,
      "rss_bytes": 0,
      "vsize_bytes": 0,
      "label": "idle"
    },
    {
      "elapsed_secs": 14.004407708,
      "rss_bytes": 0,
      "vsize_bytes": 0,
      "label": "mixed_c1000"
    }
  ]
}