{
  "timestamp": "1776683801",
  "runs_per_config": 1,
  "results": [
    {
      "name": "Mixed (50% GET / 50% SET)",
      "concurrency": 300,
      "target": "RustRedis",
      "runs": 1,
      "ops_per_sec_mean": 166330.58299225412,
      "ops_per_sec_stddev": 0.0,
      "p50_us_mean": 1582.0,
      "p50_us_stddev": 0.0,
      "p99_us_mean": 6090.0,
      "p99_us_stddev": 0.0,
      "max_us_mean": 51989.0,
      "max_us_stddev": 0.0,
      "total_errors": 0,
      "per_run": [
        {
          "name": "Mixed (50% GET / 50% SET)",
          "concurrency": 300,
          "warmup_ops_per_client": 100,
          "measured_ops_per_client": 900,
          "total_ops": 270000,
          "duration_secs": 1.6232733339999998,
          "ops_per_sec": 166330.58299225412,
          "p50_us": 1582.0,
          "p95_us": 3671.0,
          "p99_us": 6090.0,
          "max_us": 51989.0,
          "avg_us": 1783.0491666666667,
          "latency_stddev_us": 1183.6289866274487,
          "latency_cv": 0.6638229661609343,
          "errors": 0,
          "target": "RustRedis"
        }
      ]
    }
  ],
  "memory_samples": [
    {
      "elapsed_secs": 0.000454625,
      "rss_bytes": 0,
      "vsize_bytes": 0,
      "label": "idle"
    },
    {
      "elapsed_secs": 1.8350086669999999,
      "rss_bytes": 0,
      "vsize_bytes": 0,
      "label": "mixed_c300"
    }
  ]
}