{
  "timestamp": "1776688224",
  "runs_per_config": 1,
  "results": [
    {
      "name": "Mixed (50% GET / 50% SET)",
      "concurrency": 500,
      "target": "RustRedis",
      "runs": 1,
      "ops_per_sec_mean": 48021.167300276305,
      "ops_per_sec_stddev": 0.0,
      "p50_us_mean": 4720.0,
      "p50_us_stddev": 0.0,
      "p99_us_mean": 89431.0,
      "p99_us_stddev": 0.0,
      "max_us_mean": 260789.0,
      "max_us_stddev": 0.0,
      "total_errors": 0,
      "per_run": [
        {
          "name": "Mixed (50% GET / 50% SET)",
          "concurrency": 500,
          "warmup_ops_per_client": 100,
          "measured_ops_per_client": 900,
          "total_ops": 450000,
          "duration_secs": 9.370867583999999,
          "ops_per_sec": 48021.167300276305,
          "p50_us": 4720.0,
          "p95_us": 36771.0,
          "p99_us": 89431.0,
          "max_us": 260789.0,
          "avg_us": 10124.72742888889,
          "latency_stddev_us": 16362.807373448431,
          "latency_cv": 1.6161232476007625,
          "errors": 0,
          "target": "RustRedis"
        }
      ]
    }
  ],
  "memory_samples": [
    {
      "elapsed_secs": 0.001114375,
      "rss_bytes": 0,
      "vsize_bytes": 0,
      "label": "idle"
    },
    {
      "elapsed_secs": 10.160125167,
      "rss_bytes": 0,
      "vsize_bytes": 0,
      "label": "mixed_c500"
    }
  ]
}