{
  "timestamp": "1776682830",
  "runs_per_config": 1,
  "results": [
    {
      "name": "Mixed (50% GET / 50% SET)",
      "concurrency": 1000,
      "target": "RustRedis",
      "runs": 1,
      "ops_per_sec_mean": 71651.31080475956,
      "ops_per_sec_stddev": 0.0,
      "p50_us_mean": 5013.0,
      "p50_us_stddev": 0.0,
      "p99_us_mean": 118217.0,
      "p99_us_stddev": 0.0,
      "max_us_mean": 418309.0,
      "max_us_stddev": 0.0,
      "total_errors": 0,
      "per_run": [
        {
          "name": "Mixed (50% GET / 50% SET)",
          "concurrency": 1000,
          "warmup_ops_per_client": 100,
          "measured_ops_per_client": 900,
          "total_ops": 900000,
          "duration_secs": 12.560830917,
          "ops_per_sec": 71651.31080475956,
          "p50_us": 5013.0,
          "p95_us": 55968.0,
          "p99_us": 118217.0,
          "max_us": 418309.0,
          "avg_us": 13533.082146666668,
          "latency_stddev_us": 23402.78900421684,
          "latency_cv": 1.7293022203357555,
          "errors": 0,
          "target": "RustRedis"
        }
      ]
    }
  ],
  "memory_samples": [
    {
      "elapsed_secs": 0.000579875,
      "rss_bytes": 0,
      "vsize_bytes": 0,
      "label": "idle"
    },
    {
      "elapsed_secs": 14.019426666,
      "rss_bytes": 0,
      "vsize_bytes": 0,
      "label": "mixed_c1000"
    }
  ]
}