{
  "timestamp": "1776683141",
  "runs_per_config": 1,
  "results": [
    {
      "name": "Mixed (50% GET / 50% SET)",
      "concurrency": 1000,
      "target": "RustRedis",
      "runs": 1,
      "ops_per_sec_mean": 69707.97573716872,
      "ops_per_sec_stddev": 0.0,
      "p50_us_mean": 4918.0,
      "p50_us_stddev": 0.0,
      "p99_us_mean": 129739.0,
      "p99_us_stddev": 0.0,
      "max_us_mean": 405091.0,
      "max_us_stddev": 0.0,
      "total_errors": 0,
      "per_run": [
        {
          "name": "Mixed (50% GET / 50% SET)",
          "concurrency": 1000,
          "warmup_ops_per_client": 100,
          "measured_ops_per_client": 900,
          "total_ops": 900000,
          "duration_secs": 12.911004666,
          "ops_per_sec": 69707.97573716872,
          "p50_us": 4918.0,
          "p95_us": 59497.0,
          "p99_us": 129739.0,
          "max_us": 405091.0,
          "avg_us": 13930.396588888889,
          "latency_stddev_us": 25502.527208802418,
          "latency_cv": 1.8307107802762521,
          "errors": 0,
          "target": "RustRedis"
        }
      ]
    }
  ],
  "memory_samples": [
    {
      "elapsed_secs": 0.00084875,
      "rss_bytes": 0,
      "vsize_bytes": 0,
      "label": "idle"
    },
    {
      "elapsed_secs": 14.417441208,
      "rss_bytes": 0,
      "vsize_bytes": 0,
      "label": "mixed_c1000"
    }
  ]
}