block_id,order_in_block,strategy,strategy_label,concurrency,workload,run_id,throughput,p50,p99,avg_latency,latency_stddev,latency_cv,errors,warmup_ops_per_client,measured_ops_per_client,unix_time,cpu_freq_mean_mhz,cpu_freq_max_mhz,cpu_governor,temp_max_celsius,mem_total_kb,mem_available_kb,mem_free_kb,swap_total_kb,swap_free_kb,load_1m,load_5m,load_15m,ac_online,battery_status,battery_capacity_pct
1,1,global_mutex,GlobalMutex,750,mixed,1,291223.8352442199,1836.0,8728.0,2515.163979259259,1891.3530701630345,0.751980024268659,0,100,900,1790632813.5668252,2474.9705,3000.002,performance,,32861568.0,31938048.0,29484080.0,0.0,0.0,21.92,15.84,15.31,,,
1,2,sharded_n,Sharded-N,250,mixed,1,306799.22929579206,788.0,1607.0,798.2466044444444,325.22257393721696,0.4074211805304979,0,100,900,1790632818.5031023,2505.8595,3144.556,performance,,32861568.0,31925256.0,29471104.0,0.0,0.0,20.17,15.58,15.23,,,
1,3,hdr_histogram,HdrHistogram,500,write-heavy,1,287204.43287609384,1594.0,4425.0,1704.9427177777777,871.7783982437663,0.5113241572010362,0,100,900,1790632821.65011,2826.554125,3162.915,performance,,32861568.0,31945856.0,29491724.0,0.0,0.0,20.17,15.58,15.23,,,
1,4,thread_local,ThreadLocal,1500,write-heavy,1,267862.09915633313,2155.0,28187.0,5402.755817777777,7174.621350741463,1.3279558789485468,0,100,900,1790632825.739619,2300.0,2300.0,performance,,32861568.0,31926364.0,29472084.0,0.0,0.0,18.55,15.32,15.15,,,
1,5,sharded_n,Sharded-N,1500,mixed,1,268652.894275808,2139.0,28898.0,5395.635085185185,7306.972408213603,1.3542376926631647,0,100,900,1790632833.7253678,2605.99025,3135.063,performance,,32861568.0,31926636.0,29472052.0,0.0,0.0,16.58,15.01,15.05,,,
1,6,sharded_n,Sharded-N,2000,read-heavy,1,269296.01224889676,2157.0,42521.0,7163.800178333333,10868.95149479115,1.5172047271312676,0,100,900,1790632841.696282,2399.764375,3098.115,performance,,32861568.0,31950192.0,29495360.0,0.0,0.0,16.7,15.06,15.07,,,
1,7,sharded_n,Sharded-N,2000,mixed,1,269054.629662459,2161.0,43116.0,7165.4089138888885,10784.213063486968,1.5050380505966188,0,100,900,1790632851.6741233,2409.115375,3172.923,performance,,32861568.0,31942476.0,29487468.0,0.0,0.0,18.37,15.44,15.19,,,
1,8,disabled,Disabled,500,read-heavy,1,317023.3959278745,1446.0,3852.0,1541.4378733333333,738.4869394046822,0.47908965530197895,0,100,900,1790632861.5052829,2402.787875,3122.303,performance,,32861568.0,31947312.0,29492116.0,0.0,0.0,16.59,15.15,15.1,,,
1,9,sharded_n,Sharded-N,1500,write-heavy,1,273315.3233449493,2114.0,28044.0,5302.475504444445,6885.6774554537205,1.2985778905875687,0,100,900,1790632865.5960813,2404.182,3133.456,performance,,32861568.0,31937804.0,29482612.0,0.0,0.0,15.26,14.9,15.02,,,
1,10,sharded_2key,Sharded-2key,3000,write-heavy,1,247037.0136971223,2388.0,83823.0,11668.252472222222,19907.361443205467,1.7061133610707777,0,100,900,1790632873.4771714,2873.957375,3141.744,performance,,32861568.0,31944292.0,29488780.0,0.0,0.0,13.87,14.62,14.92,,,
1,11,disabled,Disabled,100,mixed,1,287975.4737048555,326.0,752.0,340.9917,142.07877514401943,0.41666344120405113,0,100,900,1790632888.0275922,2392.902375,3043.219,performance,,32861568.0,31958896.0,29502988.0,0.0,0.0,12.53,14.31,14.82,,,
1,12,sharded_n,Sharded-N,3000,write-heavy,1,242948.18580146038,2451.0,83774.0,11902.446638518519,19946.763508251603,1.6758540587529447,0,100,900,1790632890.6970122,2689.898,3153.983,performance,,32861568.0,31972148.0,29516208.0,0.0,0.0,12.53,14.31,14.82,,,
1,13,sharded_n,Sharded-N,1000,mixed,1,284179.5583120838,2033.0,14483.0,3427.1023333333333,3327.816592598191,0.9710292453862698,0,100,900,1790632905.4546094,2401.33325,3110.666,performance,,32861568.0,31954624.0,29498392.0,0.0,0.0,14.04,14.55,14.89,,,
1,14,sharded_n,Sharded-N,1500,read-heavy,1,278260.8421495791,2064.0,26929.0,5221.534755555555,6924.068050232034,1.3260599372368507,0,100,900,1790632911.334365,2404.405875,3135.247,performance,,32861568.0,31928572.0,29472304.0,0.0,0.0,16.04,14.96,15.02,,,
1,15,sharded_2key,Sharded-2key,250,mixed,1,313008.37037106894,764.0,1625.0,783.3621511111111,332.37011543941577,0.42428666609432963,0,100,900,1790632919.2870226,2300.0,2300.0,performance,,32861568.0,31921400.0,29464912.0,0.0,0.0,15.26,14.81,14.97,,,
1,16,disabled,Disabled,500,mixed,1,303199.53533121524,1498.0,4312.0,1617.69772,832.3897048948015,0.5145520665596299,0,100,900,1790632922.4218276,2300.0,2300.0,performance,,32861568.0,31953156.0,29496620.0,0.0,0.0,14.03,14.57,14.89,,,
1,17,disabled,Disabled,3000,write-heavy,1,251578.28023117594,2342.0,79813.0,11446.3268,19256.268002629236,1.6823098221019896,0,100,900,1790632926.4171832,2705.727875,3134.902,performance,,32861568.0,31956628.0,29500036.0,0.0,0.0,14.03,14.57,14.89,,,
1,18,global_mutex,GlobalMutex,1500,write-heavy,1,271309.6626937775,2134.0,27806.0,5346.789495555556,7110.7502602054365,1.329910269726562,0,100,900,1790632940.7919662,2300.0,2300.0,performance,,32861568.0,31960408.0,29503348.0,0.0,0.0,16.66,15.14,15.07,,,
1,19,sharded_2key,Sharded-2key,1000,read-heavy,1,289523.4883457531,1930.0,14412.0,3344.29195,3338.9243903841357,0.998395008660693,0,100,900,1790632948.69377,2409.674875,3177.399,performance,,32861568.0,31922592.0,29465372.0,0.0,0.0,16.53,15.18,15.09,,,
1,20,disabled,Disabled,750,read-heavy,1,296777.2295858281,1811.0,8702.0,2458.9919585185185,1861.0194160125948,0.756822082953786,0,100,900,1790632954.6767042,2300.0,2300.0,performance,,32861568.0,31944464.0,29487176.0,0.0,0.0,16.41,15.18,15.09,,,
1,21,global_mutex,GlobalMutex,500,write-heavy,1,306520.0626345003,1504.0,3941.0,1592.6124422222222,774.6566593293387,0.48640625854237074,0,100,900,1790632959.7251186,2410.564875,3184.519,performance,,32861568.0,31934816.0,29477516.0,0.0,0.0,15.81,15.07,15.06,,,
1,22,sharded_2key,Sharded-2key,250,write-heavy,1,306728.3606004394,785.0,1641.0,799.72876,337.42173668321885,0.4219202229055997,0,100,900,1790632963.7131488,2491.025125,3073.765,performance,,32861568.0,31951020.0,29493628.0,0.0,0.0,14.55,14.82,14.97,,,
1,23,hdr_histogram,HdrHistogram,500,mixed,1,291691.95903335785,1561.0,4404.0,1682.2573555555555,860.3008580583924,0.5113966987377405,0,100,900,1790632966.8609002,2898.34625,3106.743,performance,,32861568.0,31960668.0,29503252.0,0.0,0.0,13.38,14.58,14.89,,,
1,24,disabled,Disabled,1500,mixed,1,281230.39449176536,2060.0,27498.0,5158.430108148148,6892.868714546849,1.3362338095187174,0,100,900,1790632970.9190667,2300.0,2300.0,performance,,32861568.0,31922384.0,29464880.0,0.0,0.0,13.38,14.58,14.89,,,
1,25,sharded_2key,Sharded-2key,500,read-heavy,1,300083.6062935494,1514.0,4260.0,1632.7244022222221,823.2323332397408,0.5042077720644581,0,100,900,1790632978.6381466,2412.82325,3202.586,performance,,32861568.0,31923552.0,29465712.0,0.0,0.0,12.87,14.44,14.85,,,
1,26,hdr_histogram,HdrHistogram,100,mixed,1,290459.45357237844,324.0,746.0,337.32382222222225,135.8178416119355,0.40263341236084244,0,100,900,1790632982.822196,2408.431625,3167.453,performance,,32861568.0,31955104.0,29497240.0,0.0,0.0,11.84,14.2,14.77,,,
1,27,thread_local,ThreadLocal,500,read-heavy,1,309742.23240406276,1468.0,4155.0,1580.2589377777779,810.7152839469467,0.5130268619692202,0,100,900,1790632985.4910374,2412.50025,3200.002,performance,,32861568.0,31973932.0,29516088.0,0.0,0.0,11.84,14.2,14.77,,,
1,28,global_mutex,GlobalMutex,250,read-heavy,1,312482.00624447374,770.0,1594.0,784.2769911111111,335.73874911299544,0.42808695514239586,0,100,900,1790632989.6181521,2510.787875,3161.63,performance,,32861568.0,31935628.0,29477728.0,0.0,0.0,16.74,15.18,15.08,,,
1,29,hdr_histogram,HdrHistogram,1000,read-heavy,1,298727.3993719994,1902.0,14452.0,3256.8699255555557,3271.4017831217643,1.004461909102412,0,100,900,1790632992.9277475,2300.0,2300.0,performance,,32861568.0,31951276.0,29493372.0,0.0,0.0,15.4,14.92,15.0,,,
1,30,thread_local,ThreadLocal,750,read-heavy,1,292208.5074229009,1813.0,8821.0,2496.867977777778,1908.0831218445892,0.7641906335563606,0,100,900,1790632998.825757,2300.0,2300.0,performance,,32861568.0,31894600.0,29436428.0,0.0,0.0,16.97,15.26,15.11,,,
1,31,sharded_2key,Sharded-2key,1000,write-heavy,1,285192.6469057436,1974.0,13779.0,3419.2589,3258.2116046306483,0.9528999411628785,0,100,900,1790633003.9230185,2300.0,2300.0,performance,,32861568.0,31944096.0,29485836.0,0.0,0.0,16.81,15.25,15.11,,,
1,32,disabled,Disabled,250,write-heavy,1,306080.4193490019,773.0,1746.0,802.4809555555555,360.1429199718549,0.4487868746025616,0,100,900,1790633009.8012726,2697.177,3186.405,performance,,32861568.0,31933948.0,29475560.0,0.0,0.0,17.23,15.37,15.14,,,
1,33,global_mutex,GlobalMutex,500,mixed,1,298895.5174977325,1562.0,4078.0,1646.173268888889,784.6040854237287,0.4766230264164779,0,100,900,1790633012.9521658,2894.043625,3193.765,performance,,32861568.0,31947376.0,29488956.0,0.0,0.0,15.85,15.11,15.06,,,
1,34,global_mutex,GlobalMutex,1000,read-heavy,1,296093.07497101725,1904.0,13708.0,3283.4160955555553,3163.5234678533097,0.9634853992874882,0,100,900,1790633016.970468,2706.7215,3203.772,performance,,32861568.0,31953076.0,29494624.0,0.0,0.0,14.58,14.86,14.98,,,
1,35,global_mutex,GlobalMutex,1000,mixed,1,280316.22818802315,2041.0,14464.0,3477.22517,3390.6066288773477,0.9750897520615116,0,100,900,1790633022.8882957,2412.222625,3197.781,performance,,32861568.0,31942912.0,29484288.0,0.0,0.0,13.41,14.61,14.9,,,
1,36,thread_local,ThreadLocal,500,mixed,1,312959.82818088157,1464.0,4218.0,1568.7441422222223,788.7739792670499,0.5028060077086268,0,100,900,1790633028.81385,2790.041875,3150.852,performance,,32861568.0,31930808.0,29472092.0,0.0,0.0,17.94,15.53,15.2,,,
1,37,sharded_2key,Sharded-2key,1500,mixed,1,278011.6210748088,2065.0,27138.0,5217.740737777778,6844.606908838999,1.311795133721822,0,100,900,1790633032.7695816,2762.514,3129.973,performance,,32861568.0,31947224.0,29488432.0,0.0,0.0,16.5,15.27,15.11,,,
1,38,sharded_2key,Sharded-2key,2000,mixed,1,269689.4106260539,2129.0,44286.0,7112.277379444445,10767.572852010224,1.513941636068657,0,100,900,1790633040.5451818,2404.5185,3136.148,performance,,32861568.0,31941872.0,29482828.0,0.0,0.0,16.14,15.22,15.1,,,
1,39,sharded_n,Sharded-N,100,mixed,1,286144.73551090475,329.0,744.0,342.3526,145.62172259650748,0.4253559709974672,0,100,900,1790633050.3482702,2390.24325,3021.946,performance,,32861568.0,31935708.0,29476400.0,0.0,0.0,17.76,15.62,15.23,,,
1,40,thread_local,ThreadLocal,2000,read-heavy,1,275354.2649345135,2094.0,40520.0,6998.314758888889,10408.941829839303,1.4873497675448817,0,100,900,1790633053.020724,2300.0,2300.0,performance,,32861568.0,31964896.0,29505556.0,0.0,0.0,16.42,15.37,15.15,,,
1,41,thread_local,ThreadLocal,1000,read-heavy,1,295182.2511729744,1896.0,14710.0,3288.1716822222224,3336.2033850568323,1.0146074194040102,0,100,900,1790633062.8350568,2300.0,2300.0,performance,,32861568.0,31953716.0,29494164.0,0.0,0.0,14.41,14.98,15.03,,,
1,42,sharded_2key,Sharded-2key,100,read-heavy,1,285760.715026651,328.0,836.0,343.97423333333336,146.67641017697625,0.4264168532496947,0,100,900,1790633068.7441328,2401.862875,3114.903,performance,,32861568.0,31921144.0,29461444.0,0.0,0.0,13.25,14.73,14.95,,,
1,43,thread_local,ThreadLocal,1000,mixed,1,284384.3195605112,2011.0,14940.0,3419.1900122222223,3468.2664602044006,1.0143532379910885,0,100,900,1790633071.5835598,2400.89575,3107.166,performance,,32861568.0,31960868.0,29501124.0,0.0,0.0,13.25,14.73,14.95,,,
1,44,global_mutex,GlobalMutex,2000,write-heavy,1,261583.0547599263,2227.0,44470.0,7380.610590555556,11024.223812752285,1.493673684242223,0,100,900,1790633077.463422,2411.04325,3188.346,performance,,32861568.0,31940992.0,29481100.0,0.0,0.0,11.22,14.25,14.79,,,
1,45,disabled,Disabled,1000,write-heavy,1,286480.125758791,1997.0,14633.0,3395.3474155555555,3397.1031702833384,1.0005171060609996,0,100,900,1790633087.5144427,3087.028125,3164.839,performance,,32861568.0,31953956.0,29493884.0,0.0,0.0,10.52,14.01,14.7,,,
1,46,sharded_2key,Sharded-2key,1500,read-heavy,1,282820.5411762131,2024.0,28288.0,5134.905062962963,6879.016914675096,1.3396580521599242,0,100,900,1790633093.362623,2300.0,2300.0,performance,,32861568.0,31931340.0,29471132.0,0.0,0.0,9.68,13.77,14.62,,,
1,47,thread_local,ThreadLocal,250,mixed,1,310479.89747606043,776.0,1636.0,791.7570044444444,329.72891044085503,0.41645215462567,0,100,900,1790633101.214468,2523.65075,3294.946,performance,,32861568.0,31935492.0,29475084.0,0.0,0.0,10.11,13.79,14.62,,,
1,48,global_mutex,GlobalMutex,1500,mixed,1,278521.50326039596,2053.0,27950.0,5212.342977777777,6852.046410746235,1.3145808784953608,0,100,900,1790633104.3545017,2405.008,3140.064,performance,,32861568.0,31940612.0,29480212.0,0.0,0.0,10.82,13.88,14.65,,,
1,49,thread_local,ThreadLocal,2000,mixed,1,274699.37475006876,2072.0,39581.0,7008.353081111111,10318.823015415692,1.4723606096883086,0,100,900,1790633112.1369548,2494.412375,3098.087,performance,,32861568.0,31942176.0,29481512.0,0.0,0.0,12.4,14.14,14.73,,,
1,50,thread_local,ThreadLocal,250,write-heavy,1,310202.07387540425,771.0,1640.0,790.5159377777778,330.00575893054315,0.4174561740756594,0,100,900,1790633121.8249655,2300.0,2300.0,performance,,32861568.0,31951836.0,29490896.0,0.0,0.0,12.41,14.1,14.71,,,
1,51,thread_local,ThreadLocal,100,write-heavy,1,299677.05003026436,314.0,702.0,326.9684111111111,131.76563012384656,0.40299192718977883,0,100,900,1790633124.9656103,2300.0,2300.0,performance,,32861568.0,31956684.0,29495744.0,0.0,0.0,12.41,14.1,14.71,,,
1,52,disabled,Disabled,750,write-heavy,1,295473.1401960706,1841.0,8663.0,2475.8177837037038,1860.4336521429454,0.7514420747716848,0,100,900,1790633127.6218684,2612.840125,3169.255,performance,,32861568.0,31957144.0,29496164.0,0.0,0.0,11.41,13.87,14.63,,,
1,53,hdr_histogram,HdrHistogram,2000,mixed,1,271217.3050234016,2095.0,38858.0,7119.372307777778,10447.746052799841,1.467509437789323,0,100,900,1790633132.520589,2300.0,2300.0,performance,,32861568.0,31943676.0,29482776.0,0.0,0.0,10.5,13.64,14.55,,,
1,54,disabled,Disabled,750,mixed,1,295530.2226747068,1824.0,8724.0,2472.1950711111112,1875.6787830718047,0.7587098627410472,0,100,900,1790633142.289957,2744.699125,3275.233,performance,,32861568.0,31934088.0,29472796.0,0.0,0.0,9.4,13.3,14.43,,,
1,55,hdr_histogram,HdrHistogram,1500,write-heavy,1,273631.18620891136,2112.0,28275.0,5301.551288888889,7160.038527265652,1.3505553633465404,0,100,900,1790633147.1816227,2798.0845,3100.867,performance,,32861568.0,31933152.0,29471840.0,0.0,0.0,8.65,13.08,14.35,,,
1,56,global_mutex,GlobalMutex,250,write-heavy,1,307877.87816247746,770.0,1715.0,797.98432,357.4116223425758,0.4478930392298633,0,100,900,1790633155.040444,2385.088125,2980.705,performance,,32861568.0,31923696.0,29462096.0,0.0,0.0,9.48,13.18,14.38,,,
1,57,sharded_2key,Sharded-2key,100,mixed,1,284272.5141817635,329.0,781.0,344.4188,147.3441133642287,0.4278050831262077,0,100,900,1790633158.19279,2403.09275,3124.742,performance,,32861568.0,31948156.0,29486592.0,0.0,0.0,8.72,12.96,14.3,,,
1,58,sharded_n,Sharded-N,500,read-heavy,1,294177.3675639853,1563.0,4083.0,1668.8599911111112,835.3305398676239,0.5005396164548643,0,100,900,1790633160.864702,2300.0,2300.0,performance,,32861568.0,31954120.0,29492528.0,0.0,0.0,8.72,12.96,14.3,,,
1,59,hdr_histogram,HdrHistogram,2000,read-heavy,1,274768.73452529486,2060.0,41179.0,7024.786629444445,10365.948286619252,1.475624646472578,0,100,900,1790633165.072437,2413.353625,3206.829,performance,,32861568.0,31957516.0,29495808.0,0.0,0.0,8.58,12.86,14.26,,,
1,60,hdr_histogram,HdrHistogram,500,read-heavy,1,299009.68729126366,1510.0,4411.0,1639.7442155555555,852.0086442130305,0.5195985057488767,0,100,900,1790633174.915193,2412.6375,3201.1,performance,,32861568.0,31916772.0,29454700.0,0.0,0.0,10.06,13.04,14.31,,,
1,61,sharded_n,Sharded-N,3000,mixed,1,248185.4802428118,2376.0,80438.0,11621.531495925927,19667.52520069308,1.6923350599348954,0,100,900,1790633179.0981934,2487.9965,3187.87,performance,,32861568.0,31943496.0,29481396.0,0.0,0.0,11.09,13.21,14.35,,,
1,62,hdr_histogram,HdrHistogram,3000,read-heavy,1,257286.87687817786,2249.0,78307.0,11208.030692592592,18842.005938396076,1.6811165542978743,0,100,900,1790633193.6097393,2300.0,2300.0,performance,,32861568.0,31942252.0,29479712.0,0.0,0.0,11.86,13.31,14.37,,,
1,63,global_mutex,GlobalMutex,100,write-heavy,1,282898.3941310377,333.0,763.0,347.3951,144.10672882695224,0.414820844700896,0,100,900,1790633207.8948412,2697.29375,3123.471,performance,,32861568.0,31950884.0,29488056.0,0.0,0.0,15.11,13.97,14.57,,,
1,64,sharded_n,Sharded-N,3000,read-heavy,1,256779.53190858738,2276.0,79544.0,11247.399885185185,19057.060300357614,1.6943525165722197,0,100,900,1790633210.5655065,2395.768,3066.144,performance,,32861568.0,31968704.0,29505840.0,0.0,0.0,15.11,13.97,14.57,,,
1,65,sharded_n,Sharded-N,750,mixed,1,289613.2230680342,1869.0,9031.0,2528.6441125925926,1934.2611974585222,0.7649400672186109,0,100,900,1790633224.8337367,2920.60825,3196.422,performance,,32861568.0,31974788.0,29511620.0,0.0,0.0,16.27,14.3,14.67,,,
1,66,disabled,Disabled,2000,mixed,1,280020.71949842566,2019.0,38942.0,6875.533141666667,10194.45473060395,1.482714797609536,0,100,900,1790633229.7826402,2600.191625,3105.218,performance,,32861568.0,31945740.0,29482480.0,0.0,0.0,16.09,14.29,14.66,,,
1,67,hdr_histogram,HdrHistogram,2000,write-heavy,1,271555.4560882786,2124.0,40450.0,7081.578683888889,10632.588826612506,1.5014432941065,0,100,900,1790633239.3349075,2300.0,2300.0,performance,,32861568.0,31937200.0,29473732.0,0.0,0.0,27.01,16.62,15.42,,,
1,68,thread_local,ThreadLocal,3000,read-heavy,1,255277.56937395,2303.0,81551.0,11294.921345185185,19321.372122513512,1.7106247606363238,0,100,900,1790633249.1257634,2300.0,2300.0,performance,,32861568.0,31908556.0,29444748.0,0.0,0.0,27.51,17.06,15.57,,,
1,69,thread_local,ThreadLocal,100,mixed,1,295331.1618376801,319.0,683.0,332.5628888888889,137.34169249597804,0.41297961102889225,0,100,900,1790633263.4515903,2837.387,3202.937,performance,,32861568.0,31959688.0,29495612.0,0.0,0.0,25.54,17.16,15.63,,,
1,70,sharded_2key,Sharded-2key,2000,read-heavy,1,272354.62462630577,2122.0,43076.0,7091.715548333334,10672.907336678685,1.5049824353413312,0,100,900,1790633266.1110568,2300.0,2300.0,performance,,32861568.0,31966716.0,29502604.0,0.0,0.0,25.54,17.16,15.63,,,
1,71,disabled,Disabled,1000,read-heavy,1,293130.74099406117,1947.0,14321.0,3316.4874422222224,3333.4989199944216,1.0051293659537577,0,100,900,1790633276.02236,2399.3315,3094.652,performance,,32861568.0,31934124.0,29469708.0,0.0,0.0,23.29,16.95,15.58,,,
1,72,global_mutex,GlobalMutex,750,write-heavy,1,284303.2674781205,1925.0,8947.0,2582.5683422222223,1921.5833571071028,0.7440590538075125,0,100,900,1790633281.962923,2792.750625,3095.521,performance,,32861568.0,31936136.0,29471620.0,0.0,0.0,21.19,16.72,15.52,,,
1,73,thread_local,ThreadLocal,750,write-heavy,1,290682.5091039975,1839.0,8906.0,2513.3754992592594,1929.39887556995,0.7676524562838228,0,100,900,1790633286.9449613,2963.91675,3264.518,performance,,32861568.0,31949124.0,29484608.0,0.0,0.0,19.49,16.44,15.43,,,
1,74,thread_local,ThreadLocal,1000,write-heavy,1,294618.8796554837,1923.0,13999.0,3302.4473388888887,3278.620688604338,0.9927851536029134,0,100,900,1790633291.8782914,2712.2565,3152.689,performance,,32861568.0,31934500.0,29469836.0,0.0,0.0,17.93,16.17,15.35,,,
1,75,global_mutex,GlobalMutex,100,read-heavy,1,291081.7189512663,323.0,724.0,337.61333333333334,138.56720875811678,0.4104316834587401,0,100,900,1790633297.6542413,2409.9395,3179.516,performance,,32861568.0,31941820.0,29477032.0,0.0,0.0,16.49,15.9,15.27,,,
1,76,hdr_histogram,HdrHistogram,100,write-heavy,1,283676.53986788675,333.0,718.0,345.7874444444444,139.9726133588167,0.40479379921877195,0,100,900,1790633300.4841049,2511.490875,3154.505,performance,,32861568.0,31949172.0,29484400.0,0.0,0.0,16.49,15.9,15.27,,,
1,77,hdr_histogram,HdrHistogram,750,mixed,1,289463.37950606295,1866.0,8928.0,2527.5255437037035,1913.584052403782,0.7570978094249905,0,100,900,1790633303.1599355,2300.0,2300.0,performance,,32861568.0,31962616.0,29497812.0,0.0,0.0,15.17,15.64,15.19,,,
1,78,sharded_2key,Sharded-2key,750,mixed,1,291382.1861374063,1853.0,8752.0,2508.4836266666666,1893.923020698339,0.7550071288346536,0,100,900,1790633308.108406,2412.014,3196.112,performance,,32861568.0,31939544.0,29474592.0,0.0,0.0,13.96,15.38,15.1,,,
1,79,global_mutex,GlobalMutex,500,read-heavy,1,294051.55311045,1555.0,4353.0,1667.209011111111,844.6303649538206,0.5066133636063525,0,100,900,1790633313.0356805,2794.981125,3098.675,performance,,32861568.0,31948628.0,29483568.0,0.0,0.0,12.84,15.12,15.02,,,
1,80,hdr_histogram,HdrHistogram,3000,write-heavy,1,246263.7347742466,2392.0,81763.0,11714.51290925926,19784.34985779755,1.6888751594750318,0,100,900,1790633317.2539175,2602.3525,3154.729,performance,,32861568.0,31955112.0,29490040.0,0.0,0.0,11.81,14.87,14.94,,,
1,81,sharded_n,Sharded-N,750,write-heavy,1,291167.99348901777,1909.0,8569.0,2513.2617585185185,1838.1145881142297,0.7313661547127248,0,100,900,1790633331.8638,2300.0,2300.0,performance,,32861568.0,31952108.0,29486544.0,0.0,0.0,12.78,14.97,14.97,,,
1,82,thread_local,ThreadLocal,1500,mixed,1,281524.6155322594,2036.0,27710.0,5153.5296148148145,6812.604174469993,1.3219297614756786,0,100,900,1790633336.8014033,2409.573625,3176.589,performance,,32861568.0,31943660.0,29478140.0,0.0,0.0,12.78,14.97,14.97,,,
1,83,thread_local,ThreadLocal,2000,write-heavy,1,266718.6054326814,2174.0,43088.0,7229.187735555555,10779.436739787066,1.4910992955363718,0,100,900,1790633344.53173,2703.950625,3159.866,performance,,32861568.0,31928760.0,29462932.0,0.0,0.0,12.98,14.92,14.96,,,
1,84,sharded_2key,Sharded-2key,3000,mixed,1,249748.19099330885,2347.0,80930.0,11545.852022592593,19645.836781489423,1.7015493307074272,0,100,900,1790633354.4326766,2300.0,2300.0,performance,,32861568.0,31952496.0,29486360.0,0.0,0.0,13.14,14.89,14.95,,,
1,85,disabled,Disabled,1500,read-heavy,1,286129.4999493465,2003.0,26342.0,5063.07872,6722.782180346117,1.3278051857637552,0,100,900,1790633368.8292105,2401.637375,3113.099,performance,,32861568.0,31943608.0,29477196.0,0.0,0.0,12.37,14.66,14.87,,,
1,86,hdr_histogram,HdrHistogram,1500,mixed,1,274891.396451782,2099.0,29366.0,5282.580224444445,7165.152304714386,1.3563735902312637,0,100,900,1790633376.6183765,2412.25175,3198.014,performance,,32861568.0,31932940.0,29466388.0,0.0,0.0,12.02,14.55,14.84,,,
1,87,global_mutex,GlobalMutex,100,mixed,1,281417.7416832216,330.0,821.0,347.6701,151.8664061800676,0.43681181148470233,0,100,900,1790633384.4676304,2683.96975,3134.952,performance,,32861568.0,31953096.0,29486356.0,0.0,0.0,11.3,14.3,14.75,,,
1,88,global_mutex,GlobalMutex,1500,read-heavy,1,287383.2444739871,2008.0,27205.0,5043.5708792592595,6751.233346680093,1.338582030133308,0,100,900,1790633387.1433213,2401.298625,3110.389,performance,,32861568.0,31952300.0,29485536.0,0.0,0.0,10.39,14.07,14.67,,,
1,89,hdr_histogram,HdrHistogram,100,read-heavy,1,288828.5821940838,321.0,854.0,339.76177777777775,154.05517638938903,0.45342115112827464,0,100,900,1790633394.9277194,2300.0,2300.0,performance,,32861568.0,31943264.0,29476308.0,0.0,0.0,10.92,14.11,14.68,,,
1,90,sharded_2key,Sharded-2key,2000,write-heavy,1,265524.9176634779,2211.0,42972.0,7272.270718888889,10911.770562085061,1.500462645558971,0,100,900,1790633397.764053,2300.0,2300.0,performance,,32861568.0,31955724.0,29488760.0,0.0,0.0,10.05,13.88,14.6,,,
1,91,sharded_2key,Sharded-2key,500,write-heavy,1,294431.410874624,1547.0,4387.0,1662.3573155555555,862.8138769144758,0.5190303365231232,0,100,900,1790633407.7004492,2724.857375,3200.002,performance,,32861568.0,31934872.0,29467540.0,0.0,0.0,10.56,13.88,14.6,,,
1,92,disabled,Disabled,250,read-heavy,1,314162.56399679923,757.0,1653.0,779.8211288888889,347.875697357255,0.4460967835699939,0,100,900,1790633411.743889,2601.812,3157.372,performance,,32861568.0,31947872.0,29480644.0,0.0,0.0,10.56,13.88,14.6,,,
1,93,thread_local,ThreadLocal,3000,mixed,1,249029.9783820894,2373.0,80321.0,11582.530064444445,19673.75276251665,1.698571266644953,0,100,900,1790633415.035192,2406.320875,3150.567,performance,,32861568.0,31950820.0,29483552.0,0.0,0.0,9.72,13.65,14.52,,,
1,94,sharded_n,Sharded-N,100,read-heavy,1,290541.62184833485,323.0,731.0,337.4668888888889,136.48766188482327,0.404447566201856,0,100,900,1790633429.470904,2709.18625,3222.437,performance,,32861568.0,31958072.0,29490268.0,0.0,0.0,12.55,14.09,14.65,,,
1,95,global_mutex,GlobalMutex,3000,write-heavy,1,246586.89126709866,2394.0,84424.0,11730.020845555555,19894.835278502538,1.6960613745235236,0,100,900,1790633432.3022087,2403.90375,3131.23,performance,,32861568.0,31964432.0,29496596.0,0.0,0.0,11.54,13.86,14.57,,,
1,96,sharded_n,Sharded-N,750,read-heavy,1,292212.1867754842,1877.0,8843.0,2511.4376296296296,1881.237874229972,0.749068124183281,0,100,900,1790633446.8641243,2368.689625,2849.517,performance,,32861568.0,31941412.0,29473276.0,0.0,0.0,12.86,14.07,14.63,,,
1,97,hdr_histogram,HdrHistogram,750,read-heavy,1,293650.4062704923,1861.0,8586.0,2497.7893585185184,1866.5478806317092,0.7472799394656684,0,100,900,1790633451.9465718,2392.312125,3038.497,performance,,32861568.0,31948132.0,29479976.0,0.0,0.0,10.88,13.61,14.48,,,
1,98,global_mutex,GlobalMutex,750,read-heavy,1,299089.92293483776,1851.0,8265.0,2448.7453125925927,1781.2998123237624,0.7274336792656575,0,100,900,1790633457.0285923,2412.43075,3199.446,performance,,32861568.0,31924532.0,29456220.0,0.0,0.0,10.01,13.38,14.4,,,
1,99,hdr_histogram,HdrHistogram,750,write-heavy,1,287818.2478267483,1908.0,8972.0,2545.7302192592592,1908.9374250297733,0.7498584926981084,0,100,900,1790633462.0613995,2387.14825,2997.186,performance,,32861568.0,31919936.0,29451580.0,0.0,0.0,9.21,13.16,14.32,,,
1,100,global_mutex,GlobalMutex,1000,write-heavy,1,281252.566165992,2051.0,15197.0,3464.69512,3472.9801151596016,1.0023912623975992,0,100,900,1790633467.0269525,2507.341875,3134.283,performance,,32861568.0,31906408.0,29437932.0,0.0,0.0,8.47,12.94,14.24,,,
1,101,hdr_histogram,HdrHistogram,250,write-heavy,1,300922.88112505805,795.0,1729.0,816.3101422222222,353.1898937949906,0.43266630601147493,0,100,900,1790633472.9448617,2413.766125,3210.129,performance,,32861568.0,31932408.0,29463808.0,0.0,0.0,7.79,12.73,14.17,,,
1,102,hdr_histogram,HdrHistogram,1000,mixed,1,280128.34143458586,2033.0,14809.0,3460.288922222222,3436.4013893894085,0.9930966652294824,0,100,900,1790633476.1101742,2696.701625,3153.045,performance,,32861568.0,31952584.0,29483992.0,0.0,0.0,7.79,12.73,14.17,,,
1,103,disabled,Disabled,3000,mixed,1,256218.58583157088,2287.0,80060.0,11223.325626666667,19253.827748385418,1.715518945885188,0,100,900,1790633482.044362,2469.62375,3075.911,performance,,32861568.0,31902308.0,29433572.0,0.0,0.0,8.74,12.78,14.17,,,
1,104,hdr_histogram,HdrHistogram,250,read-heavy,1,309518.25204989914,774.0,1676.0,794.3237333333333,334.22524795765685,0.4207670423683554,0,100,900,1790633496.1673791,2403.597,3128.776,performance,,32861568.0,31963344.0,29494092.0,0.0,0.0,9.32,12.77,14.15,,,
1,105,disabled,Disabled,100,write-heavy,1,287640.10653959436,324.0,849.0,341.3396222222222,149.41834614967317,0.43774099583551246,0,100,900,1790633499.4831567,2404.24725,3133.978,performance,,32861568.0,31947848.0,29478640.0,0.0,0.0,9.37,12.72,14.13,,,
1,106,sharded_n,Sharded-N,1000,write-heavy,1,278826.65532536973,2057.0,14933.0,3488.703667777778,3452.0494461411845,0.9894934551262873,0,100,900,1790633502.151337,2518.018875,3214.843,performance,,32861568.0,31950512.0,29481276.0,0.0,0.0,8.62,12.51,14.05,,,
1,107,global_mutex,GlobalMutex,250,mixed,1,303536.233545149,800.0,1605.0,811.5771333333333,325.09482218778265,0.4005716879337688,0,100,900,1790633508.1004558,2712.64575,3281.75,performance,,32861568.0,31926704.0,29457384.0,0.0,0.0,7.93,12.31,13.98,,,
1,108,hdr_histogram,HdrHistogram,250,mixed,1,309619.4651961693,775.0,1673.0,793.5496355555556,337.1193570837833,0.42482453772128526,0,100,900,1790633511.255738,2300.0,2300.0,performance,,32861568.0,31947328.0,29478012.0,0.0,0.0,7.93,12.31,13.98,,,
1,109,sharded_2key,Sharded-2key,750,read-heavy,1,302537.4669839294,1830.0,8179.0,2421.947677037037,1753.5278362432314,0.7240155734447834,0,100,900,1790633514.397133,2844.997875,3118.665,performance,,32861568.0,31958924.0,29489564.0,0.0,0.0,9.54,12.57,14.05,,,
1,110,thread_local,ThreadLocal,750,mixed,1,290641.02157420426,1888.0,8628.0,2519.6249022222223,1839.3962144291575,0.7300277961242856,0,100,900,1790633519.4015687,2388.64525,3009.162,performance,,32861568.0,31902372.0,29432800.0,0.0,0.0,17.5,14.17,14.56,,,
1,111,thread_local,ThreadLocal,1500,read-heavy,1,281584.88021584024,2004.0,26565.0,5153.591941481482,6714.754763125539,1.3029271310904909,0,100,900,1790633524.3466623,2300.0,2300.0,performance,,32861568.0,31917288.0,29447632.0,0.0,0.0,17.14,14.15,14.56,,,
1,112,hdr_histogram,HdrHistogram,1500,read-heavy,1,275106.3902334675,2072.0,28459.0,5275.191305925926,7042.52978447721,1.3350283195541992,0,100,900,1790633532.2471063,2401.50475,3112.038,performance,,32861568.0,31929912.0,29459996.0,0.0,0.0,15.46,13.89,14.47,,,
1,113,hdr_histogram,HdrHistogram,3000,mixed,1,247715.49472333692,2400.0,80119.0,11644.640338888888,19539.512987850074,1.6779833828439652,0,100,900,1790633540.2499843,2742.599875,3085.166,performance,,32861568.0,31949724.0,29479600.0,0.0,0.0,15.75,13.98,14.49,,,
1,114,thread_local,ThreadLocal,500,write-heavy,1,294807.24301276094,1550.0,4408.0,1664.0408444444445,848.5142547950879,0.5099119157008266,0,100,900,1790633554.769588,2386.49275,2991.942,performance,,32861568.0,31937404.0,29466900.0,0.0,0.0,16.34,14.18,14.55,,,
1,115,global_mutex,GlobalMutex,3000,mixed,1,244528.56641318183,2418.0,79613.0,11833.831844444445,19841.231161331714,1.676653126573406,0,100,900,1790633558.8135026,2697.029625,3190.147,performance,,32861568.0,31941752.0,29471284.0,0.0,0.0,15.03,13.94,14.47,,,
1,116,thread_local,ThreadLocal,250,read-heavy,1,318738.8801832486,760.0,1497.0,768.02476,299.88134777967616,0.39045791672090907,0,100,900,1790633573.4886582,2300.0,2300.0,performance,,32861568.0,31969144.0,29498280.0,0.0,0.0,14.36,13.86,14.44,,,
1,117,hdr_histogram,HdrHistogram,1000,write-heavy,1,278955.81792589347,2010.0,14745.0,3489.565342222222,3412.186044112852,0.9778255196505093,0,100,900,1790633576.7849715,2300.0,2300.0,performance,,32861568.0,31952208.0,29481376.0,0.0,0.0,14.36,13.86,14.44,,,
1,118,disabled,Disabled,1500,write-heavy,1,268087.11692227604,2164.0,29320.0,5394.839105925926,7159.252079199228,1.3270557172567379,0,100,900,1790633582.7389352,2300.0,2300.0,performance,,32861568.0,31930512.0,29459556.0,0.0,0.0,12.15,13.4,14.28,,,
1,119,sharded_n,Sharded-N,250,write-heavy,1,295896.28737810394,805.0,1737.0,830.1342844444445,360.28170949127417,0.43400413191269116,0,100,900,1790633590.7167144,2300.0,2300.0,performance,,32861568.0,31946044.0,29474832.0,0.0,0.0,12.3,13.41,14.28,,,
1,120,disabled,Disabled,100,read-heavy,1,287653.9389642832,326.0,786.0,341.05091111111113,146.9340557431587,0.43082733678811075,0,100,900,1790633593.8987892,2300.0,2300.0,performance,,32861568.0,31948100.0,29476876.0,0.0,0.0,13.8,13.71,14.37,,,
1,121,sharded_2key,Sharded-2key,750,write-heavy,1,278029.07292515045,1975.0,8888.0,2626.5711392592593,1933.3039289342385,0.7360561836826797,0,100,900,1790633596.736368,2382.80825,2962.466,performance,,32861568.0,31953256.0,29482040.0,0.0,0.0,13.8,13.71,14.37,,,
1,122,global_mutex,GlobalMutex,2000,read-heavy,1,270181.7392193764,2138.0,40931.0,7134.776258333333,10714.987033775971,1.501797203698013,0,100,900,1790633601.7894194,2388.113,3004.904,performance,,32861568.0,31953892.0,29482580.0,0.0,0.0,12.69,13.48,14.29,,,
1,123,thread_local,ThreadLocal,100,read-heavy,1,294243.1061651882,320.0,698.0,332.07068888888887,140.83370636676946,0.4241076104548708,0,100,900,1790633611.7508779,2300.0,2300.0,performance,,32861568.0,31924340.0,29452652.0,0.0,0.0,12.1,13.32,14.23,,,
1,124,disabled,Disabled,1000,mixed,1,282561.49513991765,2034.0,14696.0,3453.8445633333336,3409.734515545121,0.9872287107947784,0,100,900,1790633614.5776103,2389.91975,3019.358,performance,,32861568.0,31950740.0,29479020.0,0.0,0.0,11.13,13.1,14.15,,,
1,125,thread_local,ThreadLocal,3000,write-heavy,1,243765.93333872076,2438.0,81276.0,11843.733818888888,20048.4928377908,1.6927510483067945,0,100,900,1790633620.4782326,2639.381625,2998.169,performance,,32861568.0,31924348.0,29452608.0,0.0,0.0,16.25,14.12,14.48,,,
1,126,sharded_2key,Sharded-2key,1500,write-heavy,1,268806.76515662915,2154.0,29143.0,5376.142447407407,7310.343209152287,1.3597748349613819,0,100,900,1790633635.1999927,2300.0,2300.0,performance,,32861568.0,31955796.0,29483592.0,0.0,0.0,18.79,14.79,14.69,,,
1,127,disabled,Disabled,2000,write-heavy,1,261830.15688223697,2237.0,44945.0,7376.294438333333,11048.280868441087,1.4978090911101747,0,100,900,1790633643.162054,2576.199,3071.579,performance,,32861568.0,31944312.0,29472056.0,0.0,0.0,18.19,14.81,14.7,,,
1,128,sharded_n,Sharded-N,500,mixed,1,292578.2382442865,1564.0,4310.0,1679.9718955555556,849.0098212142896,0.5053714430940094,0,100,900,1790633653.2038271,2671.096,3097.326,performance,,32861568.0,31963608.0,29491024.0,0.0,0.0,17.16,14.71,14.67,,,
1,129,sharded_n,Sharded-N,2000,write-heavy,1,258114.30909917172,2277.0,46917.0,7476.764813333333,11297.944885856166,1.5110739962969697,0,100,900,1790633657.2599854,2300.0,2300.0,performance,,32861568.0,31939400.0,29466840.0,0.0,0.0,15.79,14.47,14.59,,,
1,130,sharded_2key,Sharded-2key,100,write-heavy,1,280371.1713065801,336.0,743.0,349.8305888888889,144.06041762602672,0.4118005177408381,0,100,900,1790633667.4037344,2653.766875,3018.379,performance,,32861568.0,31952540.0,29479648.0,0.0,0.0,17.93,15.0,14.77,,,
1,131,sharded_2key,Sharded-2key,250,read-heavy,1,309676.16498655855,779.0,1544.0,790.0769511111112,315.58329075948257,0.39943361253061166,0,100,900,1790633670.0809228,2624.95475,3000.002,performance,,32861568.0,31963512.0,29490620.0,0.0,0.0,17.93,15.0,14.77,,,
1,132,disabled,Disabled,500,write-heavy,1,285861.56885453593,1599.0,4461.0,1714.4618533333332,874.2201105670978,0.5099093391126784,0,100,900,1790633673.3985941,2651.806625,3006.861,performance,,32861568.0,31966192.0,29493320.0,0.0,0.0,16.49,14.75,14.69,,,
1,133,disabled,Disabled,3000,read-heavy,1,256520.50317334285,2273.0,76035.0,11238.241107407408,18951.342413407227,1.6863263772580852,0,100,900,1790633677.4907541,2300.0,2300.0,performance,,32861568.0,31951400.0,29478468.0,0.0,0.0,15.17,14.51,14.61,,,
1,134,sharded_2key,Sharded-2key,3000,read-heavy,1,252346.9993676774,2325.0,81476.0,11416.10171,19304.591708177868,1.6909968217318787,0,100,900,1790633691.7921228,2755.829125,3146.687,performance,,32861568.0,31963004.0,29489556.0,0.0,0.0,15.86,14.67,14.66,,,
1,135,sharded_2key,Sharded-2key,500,mixed,1,294625.16972414864,1563.0,4210.0,1668.8834422222221,818.696566296412,0.49056545567152765,0,100,900,1790633706.278838,2881.92675,3019.653,performance,,32861568.0,31961288.0,29487520.0,0.0,0.0,17.87,15.15,14.82,,,
1,136,sharded_2key,Sharded-2key,1000,mixed,1,279283.76314794685,2035.0,14686.0,3485.60332,3418.605870879084,0.9807788084385586,0,100,900,1790633710.3217676,2300.0,2300.0,performance,,32861568.0,31943124.0,29469376.0,0.0,0.0,22.92,16.25,15.17,,,
1,137,sharded_n,Sharded-N,500,write-heavy,1,283700.72888744314,1602.0,4549.0,1727.5026422222222,897.4553357365938,0.5195102535890345,0,100,900,1790633716.265213,2710.491625,3003.473,performance,,32861568.0,31925068.0,29451112.0,0.0,0.0,22.13,16.19,15.16,,,
1,138,global_mutex,GlobalMutex,2000,mixed,1,263129.35597309616,2216.0,43086.0,7322.937538888889,11043.369833364335,1.5080518951196664,0,100,900,1790633720.371599,2391.164625,3029.317,performance,,32861568.0,31937200.0,29463316.0,0.0,0.0,21.8,16.22,15.18,,,
1,139,sharded_n,Sharded-N,100,write-heavy,1,284953.32644983195,334.0,700.0,345.0536,135.33212701507634,0.39220610077702805,0,100,900,1790633730.369557,2386.44275,2991.542,performance,,32861568.0,31933372.0,29459108.0,0.0,0.0,24.13,16.92,15.42,,,
1,140,sharded_n,Sharded-N,1000,read-heavy,1,280393.2887988453,1986.0,14828.0,3471.6166766666665,3444.39122280183,0.9921577016126741,0,100,900,1790633733.043492,2387.772375,3002.179,performance,,32861568.0,31967920.0,29493652.0,0.0,0.0,22.2,16.64,15.33,,,
1,141,disabled,Disabled,2000,read-heavy,1,269214.3588438451,2161.0,43358.0,7151.346122222222,10775.374008321276,1.5067616395796708,0,100,900,1790633739.140978,2488.80375,3055.472,performance,,32861568.0,31924784.0,29450396.0,0.0,0.0,21.46,16.58,15.32,,,
1,142,sharded_n,Sharded-N,250,read-heavy,1,309140.96019896696,777.0,1624.0,794.7188044444445,325.27949264038546,0.4093013664975187,0,100,900,1790633749.1429286,2713.3755,3014.098,performance,,32861568.0,31962536.0,29487804.0,0.0,0.0,25.13,17.56,15.65,,,
1,143,disabled,Disabled,250,mixed,1,303808.1496849413,781.0,1846.0,808.7701377777778,369.7473720611239,0.4571723840806765,0,100,900,1790633752.459753,2651.85675,3006.492,performance,,32861568.0,31957412.0,29482652.0,0.0,0.0,23.12,17.27,15.57,,,
1,144,global_mutex,GlobalMutex,3000,read-heavy,1,250424.66128299065,2331.0,80329.0,11488.463268518519,19450.79588035743,1.6930720345912447,0,100,900,1790633755.6176085,2391.869375,3034.955,performance,,32861568.0,31968672.0,29493976.0,0.0,0.0,23.12,17.27,15.57,,,
2,1,sharded_2key,Sharded-2key,250,write-heavy,1,303573.69913404604,791.0,1660.0,806.9398977777778,338.5515237424335,0.4195498632237253,0,100,900,1790633770.1797092,2919.892375,3117.111,performance,,32861568.0,31941008.0,29465824.0,0.0,0.0,21.17,17.12,15.55,,,
2,2,global_mutex,GlobalMutex,2000,write-heavy,1,253751.86261444472,2295.0,45119.0,7577.3464861111115,11467.670550819676,1.5134150948276324,0,100,900,1790633773.342214,2396.633375,3073.067,performance,,32861568.0,31955600.0,29480412.0,0.0,0.0,19.48,16.84,15.46,,,
2,3,sharded_n,Sharded-N,100,mixed,1,285213.8811288882,333.0,722.0,345.14434444444447,137.15382908715355,0.39738107054287913,0,100,900,1790633783.6061354,2480.4935,3038.424,performance,,32861568.0,31965168.0,29489752.0,0.0,0.0,18.47,16.72,15.44,,,
2,4,hdr_histogram,HdrHistogram,750,mixed,1,288847.3119452996,1908.0,8633.0,2533.115845925926,1860.167261653278,0.7343395939214671,0,100,900,1790633786.2791698,2387.200125,2997.601,performance,,32861568.0,31966624.0,29491184.0,0.0,0.0,18.47,16.72,15.44,,,
2,5,disabled,Disabled,750,write-heavy,1,282401.17095524387,1953.0,8828.0,2601.278231111111,1901.8847575431707,0.7311346917053155,0,100,900,1790633791.229126,2387.561,3000.488,performance,,32861568.0,31912824.0,29437416.0,0.0,0.0,18.27,16.71,15.45,,,
2,6,disabled,Disabled,1500,mixed,1,268144.8954224162,2148.0,31526.0,5418.526280740741,7364.6174921846905,1.3591550747591665,0,100,900,1790633796.2394454,2826.2005,3011.316,performance,,32861568.0,31927520.0,29451976.0,0.0,0.0,17.45,16.57,15.41,,,
2,7,sharded_2key,Sharded-2key,2000,read-heavy,1,261637.3933858037,2212.0,45284.0,7387.510662222222,11258.141848864714,1.5239425516413638,0,100,900,1790633804.2084517,2387.768375,3002.147,performance,,32861568.0,31945984.0,29470180.0,0.0,0.0,17.06,16.51,15.4,,,
2,8,sharded_n,Sharded-N,2000,mixed,1,255551.23571115718,2268.0,43875.0,7535.8471033333335,11371.986810211234,1.509052221240139,0,100,900,1790633814.3910866,2388.400375,3007.203,performance,,32861568.0,31960468.0,29484376.0,0.0,0.0,16.3,16.36,15.36,,,
2,9,sharded_2key,Sharded-2key,2000,mixed,1,255878.83365268534,2293.0,45410.0,7528.355638888889,11433.4436603934,1.5187172616198112,0,100,900,1790633824.594981,2388.636875,3009.095,performance,,32861568.0,31925628.0,29449288.0,0.0,0.0,18.26,16.78,15.51,,,
2,10,thread_local,ThreadLocal,2000,read-heavy,1,261317.72447103285,2223.0,40143.0,7363.040345555555,11070.146708021639,1.5034749490003474,0,100,900,1790633834.7931755,2387.143625,2997.149,performance,,32861568.0,31944052.0,29467412.0,0.0,0.0,17.87,16.74,15.51,,,
2,11,thread_local,ThreadLocal,500,mixed,1,288636.4475231534,1579.0,4511.0,1699.2130488888888,868.3491365712346,0.5110301719605119,0,100,900,1790633845.0292711,2388.9165,3011.332,performance,,32861568.0,31950724.0,29473972.0,0.0,0.0,17.17,16.63,15.49,,,
2,12,global_mutex,GlobalMutex,1000,read-heavy,1,284467.0189379167,2015.0,14771.0,3412.234801111111,3421.4379250222178,1.0026970957297867,0,100,900,1790633849.1072168,2847.152125,3102.923,performance,,32861568.0,31958440.0,29481712.0,0.0,0.0,17.88,16.79,15.55,,,
2,13,global_mutex,GlobalMutex,100,read-heavy,1,296251.2670790131,320.0,660.0,331.6444,128.13285819400565,0.3863561639937404,0,100,900,1790633855.1624913,2387.60225,3000.818,performance,,32861568.0,31924300.0,29447320.0,0.0,0.0,18.21,16.88,15.58,,,
2,14,sharded_2key,Sharded-2key,3000,mixed,1,246183.3468808348,2396.0,82585.0,11699.759708148149,19838.56810881199,1.695638936498471,0,100,900,1790633857.9993358,2850.011,3169.963,performance,,32861568.0,31945108.0,29468116.0,0.0,0.0,16.75,16.6,15.5,,,
2,15,hdr_histogram,HdrHistogram,500,read-heavy,1,294015.5542891877,1547.0,4443.0,1667.13046,857.9137097297674,0.5146050236103102,0,100,900,1790633872.607586,2390.5915,3024.732,performance,,32861568.0,31952504.0,29475100.0,0.0,0.0,14.78,16.19,15.38,,,
2,16,global_mutex,GlobalMutex,1500,read-heavy,1,271399.05289008055,2131.0,28893.0,5349.426418518518,7199.312763956308,1.3458102235099256,0,100,900,1790633876.8273706,2582.774125,3108.256,performance,,32861568.0,31942852.0,29465472.0,0.0,0.0,14.78,16.19,15.38,,,
2,17,thread_local,ThreadLocal,3000,write-heavy,1,246144.1426159775,2405.0,85894.0,11697.972684444445,19990.518167205468,1.70888740352319,0,100,900,1790633884.897023,2300.0,2300.0,performance,,32861568.0,31921452.0,29443864.0,0.0,0.0,13.31,15.82,15.27,,,
2,18,sharded_n,Sharded-N,750,read-heavy,1,292549.7555166894,1869.0,8662.0,2500.788383703704,1868.6933650918825,0.7472417007649086,0,100,900,1790633899.5367737,2835.04075,3049.263,performance,,32861568.0,31973900.0,29495900.0,0.0,0.0,13.08,15.65,15.22,,,
2,19,sharded_n,Sharded-N,1000,mixed,1,278352.53047797293,2032.0,14940.0,3482.4822833333333,3438.7177614787706,0.9874329520457251,0,100,900,1790633904.629638,2300.0,2300.0,performance,,32861568.0,31916972.0,29439004.0,0.0,0.0,13.07,15.6,15.21,,,
2,20,sharded_2key,Sharded-2key,1000,write-heavy,1,282339.1074902618,2057.0,14188.0,3450.8766433333335,3345.074256463167,0.9693404320683083,0,100,900,1790633910.5856853,2502.749,3158.685,performance,,32861568.0,31941756.0,29463632.0,0.0,0.0,12.98,15.54,15.19,,,
2,21,global_mutex,GlobalMutex,1500,mixed,1,271795.0573557845,2132.0,27816.0,5335.71171925926,7042.280045687776,1.3198389298785869,0,100,900,1790633916.5036874,2552.0235,2983.478,performance,,32861568.0,31939092.0,29460864.0,0.0,0.0,13.06,15.52,15.19,,,
2,22,thread_local,ThreadLocal,3000,read-heavy,1,253272.57183627997,2313.0,81842.0,11414.324485185185,19561.758525634476,1.7137902949074175,0,100,900,1790633924.403678,2653.514875,3043.341,performance,,32861568.0,31921968.0,29443452.0,0.0,0.0,13.09,15.43,15.16,,,
2,23,sharded_n,Sharded-N,3000,mixed,1,245019.32344395228,2418.0,76510.0,11759.620188518518,19810.183143942468,1.6845937901365302,0,100,900,1790633938.8388844,2300.0,2300.0,performance,,32861568.0,31956160.0,29477284.0,0.0,0.0,12.23,15.15,15.07,,,
2,24,disabled,Disabled,750,read-heavy,1,295496.6375477013,1861.0,8859.0,2477.749173333333,1864.0395888700616,0.7523116580692291,0,100,900,1790633953.5051332,2392.53925,3040.314,performance,,32861568.0,31950340.0,29471020.0,0.0,0.0,14.42,15.51,15.19,,,
2,25,sharded_n,Sharded-N,1500,read-heavy,1,272099.3135211861,2114.0,27882.0,5300.8297133333335,6998.88546568545,1.3203377290315415,0,100,900,1790633958.5651937,2387.7655,3002.124,performance,,32861568.0,31941060.0,29461816.0,0.0,0.0,13.26,15.25,15.11,,,
2,26,global_mutex,GlobalMutex,750,read-heavy,1,291746.7290646906,1860.0,8574.0,2513.6815125925928,1865.8993895934052,0.7422974550458981,0,100,900,1790633966.6498704,2474.81875,3007.625,performance,,32861568.0,31939040.0,29459548.0,0.0,0.0,13.32,15.23,15.11,,,
2,27,disabled,Disabled,500,mixed,1,293036.18437959405,1558.0,4373.0,1673.4737222222222,847.1124528902321,0.5062000326873034,0,100,900,1790633971.748616,2300.0,2300.0,performance,,32861568.0,31936352.0,29456872.0,0.0,0.0,12.33,15.0,15.03,,,
2,28,sharded_n,Sharded-N,100,read-heavy,1,284715.1686675437,328.0,842.0,344.9765888888889,159.2066358341214,0.4614998262545844,0,100,900,1790633975.8009918,2743.753875,3065.675,performance,,32861568.0,31960136.0,29480628.0,0.0,0.0,11.35,14.75,14.95,,,
2,29,disabled,Disabled,1000,mixed,1,284261.47144724644,1979.0,14632.0,3426.180567777778,3453.376310918405,1.0079376269296474,0,100,900,1790633978.6434093,2922.866,3102.775,performance,,32861568.0,31967404.0,29487848.0,0.0,0.0,10.44,14.5,14.87,,,
2,30,global_mutex,GlobalMutex,3000,read-heavy,1,252506.4487299294,2332.0,78212.0,11415.846625555556,19344.43570620657,1.694524842590478,0,100,900,1790633984.531111,2820.95475,3075.919,performance,,32861568.0,31915144.0,29435304.0,0.0,0.0,11.36,14.63,14.91,,,
2,31,thread_local,ThreadLocal,1000,read-heavy,1,286158.2749946512,1948.0,14561.0,3399.539211111111,3433.886475000301,1.010103505727167,0,100,900,1790633998.9859579,2533.6785,3234.911,performance,,32861568.0,31957028.0,29476748.0,0.0,0.0,12.72,14.77,14.95,,,
2,32,global_mutex,GlobalMutex,2000,read-heavy,1,271335.8472911119,2137.0,43343.0,7097.678540555556,10777.838507476781,1.5185019222683998,0,100,900,1790634005.017506,2652.27775,3017.868,performance,,32861568.0,31935960.0,29455644.0,0.0,0.0,13.22,14.84,14.97,,,
2,33,thread_local,ThreadLocal,750,read-heavy,1,296744.67738985637,1858.0,8461.0,2466.1092177777778,1816.1119644016437,0.7364280346180898,0,100,900,1790634014.9509857,2821.33475,3027.148,performance,,32861568.0,31938680.0,29458092.0,0.0,0.0,13.4,14.83,14.97,,,
2,34,sharded_n,Sharded-N,1000,read-heavy,1,297780.37515937985,1929.0,13610.0,3256.8557744444443,3157.7397504583632,0.969566959407962,0,100,900,1790634020.0184991,2388.642875,3009.143,performance,,32861568.0,31924828.0,29444164.0,0.0,0.0,13.05,14.73,14.94,,,
2,35,sharded_2key,Sharded-2key,750,mixed,1,281517.374997768,1926.0,9262.0,2603.9672755555557,1973.6809506791158,0.7579515185182315,0,100,900,1790634025.9306047,2300.0,2300.0,performance,,32861568.0,31920396.0,29439628.0,0.0,0.0,13.36,14.77,14.95,,,
2,36,sharded_n,Sharded-N,1000,write-heavy,1,275486.7799748384,2071.0,15275.0,3523.6614366666668,3523.6072683390153,0.9999846272609826,0,100,900,1790634030.944876,2300.0,2300.0,performance,,32861568.0,31930992.0,29450176.0,0.0,0.0,13.66,14.81,14.96,,,
2,37,thread_local,ThreadLocal,1500,write-heavy,1,267390.680239894,2156.0,29695.0,5426.041131111111,7245.5493779633425,1.3353288710658269,0,100,900,1790634036.9332824,2371.17675,2869.414,performance,,32861568.0,31940584.0,29459544.0,0.0,0.0,16.73,15.43,15.16,,,
2,38,disabled,Disabled,1500,write-heavy,1,271788.52263740415,2122.0,27555.0,5341.6730192592595,6954.165206142766,1.3018702532090056,0,100,900,1790634044.9311113,2300.0,2300.0,performance,,32861568.0,31954436.0,29473248.0,0.0,0.0,15.6,15.22,15.09,,,
2,39,hdr_histogram,HdrHistogram,1500,read-heavy,1,274996.7003858875,2067.0,28331.0,5278.632008148148,6988.987293686708,1.3240148740996605,0,100,900,1790634052.8382914,2564.29975,3011.599,performance,,32861568.0,31930944.0,29449576.0,0.0,0.0,14.23,14.95,15.0,,,
2,40,thread_local,ThreadLocal,1000,write-heavy,1,278650.4531167682,2010.0,14658.0,3492.3740033333333,3431.266373610937,0.9825025528010255,0,100,900,1790634060.827584,2674.808875,3093.995,performance,,32861568.0,31924964.0,29443380.0,0.0,0.0,14.13,14.91,14.99,,,
2,41,hdr_histogram,HdrHistogram,3000,mixed,1,247358.9874395102,2388.0,77946.0,11659.547686666667,19597.916627869887,1.6808470752498557,0,100,900,1790634066.7779388,2855.922875,3149.395,performance,,32861568.0,31943972.0,29462304.0,0.0,0.0,13.96,14.86,14.98,,,
2,42,sharded_n,Sharded-N,250,write-heavy,1,300687.1290244983,794.0,1732.0,816.4475866666667,358.0630459137643,0.43856219524836654,0,100,900,1790634081.324365,2563.850125,3005.522,performance,,32861568.0,31935504.0,29453340.0,0.0,0.0,12.87,14.56,14.88,,,
2,43,sharded_n,Sharded-N,250,mixed,1,299682.10641176964,791.0,1858.0,818.4905866666667,367.45060380959967,0.44893687208554944,0,100,900,1790634084.4921894,2401.126,3109.008,performance,,32861568.0,31945600.0,29463464.0,0.0,0.0,12.56,14.47,14.84,,,
2,44,global_mutex,GlobalMutex,100,write-heavy,1,276719.8436525504,342.0,742.0,355.0457333333333,145.84593114338097,0.41078068950191854,0,100,900,1790634087.6627765,2300.0,2300.0,performance,,32861568.0,31957664.0,29475532.0,0.0,0.0,11.55,14.23,14.76,,,
2,45,disabled,Disabled,100,mixed,1,287187.09876671614,328.0,733.0,341.4827222222222,142.29579337991865,0.41669983316848075,0,100,900,1790634090.343008,2300.0,2300.0,performance,,32861568.0,31957752.0,29475592.0,0.0,0.0,11.55,14.23,14.76,,,
2,46,sharded_2key,Sharded-2key,250,read-heavy,1,303620.516370219,787.0,1725.0,807.9821777777778,350.4695373887236,0.43375899497267684,0,100,900,1790634093.0137706,2498.189,3142.423,performance,,32861568.0,31962736.0,29480552.0,0.0,0.0,10.62,13.99,14.68,,,
2,47,sharded_n,Sharded-N,750,write-heavy,1,281385.7310971569,1933.0,8965.0,2602.078205925926,1956.9249374994288,0.752062306598919,0,100,900,1790634096.3336315,2300.0,2300.0,performance,,32861568.0,31945652.0,29463448.0,0.0,0.0,10.62,13.99,14.68,,,
2,48,sharded_n,Sharded-N,3000,write-heavy,1,244167.1287201007,2424.0,84394.0,11809.55472925926,20025.038789016224,1.695664167540741,0,100,900,1790634101.3551466,2362.731375,2801.851,performance,,32861568.0,31933948.0,29451576.0,0.0,0.0,10.82,13.98,14.68,,,
2,49,thread_local,ThreadLocal,2000,mixed,1,271821.08416337153,2124.0,42255.0,7095.238459444445,10668.00988250201,1.5035449398183176,0,100,900,1790634116.0485985,2384.903,2979.224,performance,,32861568.0,31960328.0,29477568.0,0.0,0.0,14.89,14.72,14.91,,,
2,50,sharded_2key,Sharded-2key,1000,mixed,1,286067.0857124186,1971.0,14457.0,3398.25693,3350.5958850710563,0.9859748553712377,0,100,900,1790634125.8170314,2835.71725,3067.241,performance,,32861568.0,31956784.0,29473748.0,0.0,0.0,14.28,14.59,14.86,,,
2,51,thread_local,ThreadLocal,250,mixed,1,305061.89114629204,788.0,1692.0,805.3843155555555,341.33369921558557,0.4238146840246485,0,100,900,1790634131.6741428,2365.020625,2820.165,performance,,32861568.0,31922616.0,29439468.0,0.0,0.0,14.66,14.67,14.89,,,
2,52,sharded_2key,Sharded-2key,100,write-heavy,1,280296.11902180465,334.0,762.0,350.6314888888889,147.38822104482276,0.4203507834161706,0,100,900,1790634134.8300166,2300.0,2300.0,performance,,32861568.0,31951896.0,29468820.0,0.0,0.0,19.89,15.75,15.24,,,
2,53,hdr_histogram,HdrHistogram,250,read-heavy,1,301479.86335196067,785.0,1812.0,815.9422444444444,366.87763396087877,0.4496367683605804,0,100,900,1790634137.5086956,2300.0,2300.0,performance,,32861568.0,31962532.0,29479424.0,0.0,0.0,18.3,15.49,15.15,,,
2,54,sharded_n,Sharded-N,500,read-heavy,1,298982.9630093036,1537.0,4177.0,1641.0031644444443,827.0153698288507,0.5039693936902515,0,100,900,1790634140.8397474,2300.0,2300.0,performance,,32861568.0,31954720.0,29471560.0,0.0,0.0,18.3,15.49,15.15,,,
2,55,sharded_2key,Sharded-2key,3000,write-heavy,1,245120.04172110156,2393.0,81774.0,11760.985193703704,19772.289889881544,1.681176327002497,0,100,900,1790634145.0401788,2354.2805,2734.244,performance,,32861568.0,31940524.0,29457272.0,0.0,0.0,18.36,15.55,15.18,,,
2,56,thread_local,ThreadLocal,100,write-heavy,1,283502.95456856646,332.0,767.0,346.3811888888889,144.1654965364146,0.4162047511842785,0,100,900,1790634159.6918905,2300.0,2300.0,performance,,32861568.0,31961860.0,29478116.0,0.0,0.0,18.54,15.72,15.24,,,
2,57,thread_local,ThreadLocal,2000,write-heavy,1,263511.6832112155,2194.0,43149.0,7327.266078888889,10993.993374491187,1.5004222934071916,0,100,900,1790634162.367598,2388.89575,3011.166,performance,,32861568.0,31960032.0,29476276.0,0.0,0.0,17.06,15.46,15.16,,,
2,58,global_mutex,GlobalMutex,250,write-heavy,1,296559.1151364549,803.0,1800.0,826.9718977777778,361.65271329147555,0.43732164812770713,0,100,900,1790634172.3503902,2385.379875,2983.039,performance,,32861568.0,31944496.0,29460480.0,0.0,0.0,14.95,15.06,15.03,,,
2,59,disabled,Disabled,500,read-heavy,1,299813.7746713799,1529.0,4197.0,1638.3105444444445,821.3242795517514,0.5013239292983155,0,100,900,1790634175.532109,2642.930375,3002.173,performance,,32861568.0,31950624.0,29466648.0,0.0,0.0,14.95,15.06,15.03,,,
2,60,thread_local,ThreadLocal,100,read-heavy,1,293314.2564348186,319.0,745.0,334.69533333333334,142.73613377464102,0.42646586181255697,0,100,900,1790634179.7115653,2387.832,3002.656,performance,,32861568.0,31938544.0,29454524.0,0.0,0.0,14.63,14.99,15.01,,,
2,61,disabled,Disabled,2000,mixed,1,270226.23365953466,2133.0,41505.0,7128.0023644444445,10603.738197170429,1.4876170987349109,0,100,900,1790634182.551442,2388.471625,3007.773,performance,,32861568.0,31941792.0,29457728.0,0.0,0.0,13.46,14.75,14.93,,,
2,62,hdr_histogram,HdrHistogram,1000,write-heavy,1,272981.7553362673,2088.0,15832.0,3564.625697777778,3617.7969154461216,1.014916353686585,0,100,900,1790634192.3548384,2300.0,2300.0,performance,,32861568.0,31942348.0,29457940.0,0.0,0.0,12.72,14.55,14.86,,,
2,63,sharded_2key,Sharded-2key,250,mixed,1,295945.5857241784,800.0,1822.0,826.7489555555555,372.68617539717894,0.45078517836982657,0,100,900,1790634198.3914247,2387.6555,3001.244,performance,,32861568.0,31933276.0,29448768.0,0.0,0.0,11.7,14.31,14.78,,,
2,64,sharded_2key,Sharded-2key,100,read-heavy,1,293339.70727923955,321.0,665.0,333.4424111111111,132.68605323617916,0.3979279444208582,0,100,900,1790634201.5695815,2563.804,3004.171,performance,,32861568.0,31964568.0,29480080.0,0.0,0.0,11.7,14.31,14.78,,,
2,65,thread_local,ThreadLocal,250,write-heavy,1,300570.8706477709,793.0,1746.0,816.1923333333333,355.96155272040045,0.43612459733192027,0,100,900,1790634204.4046052,2391.878375,3035.027,performance,,32861568.0,31957248.0,29472724.0,0.0,0.0,10.84,14.09,14.71,,,
2,66,thread_local,ThreadLocal,3000,mixed,1,249094.70992929518,2370.0,81336.0,11599.76376962963,19707.237431382444,1.6989343768344412,0,100,900,1790634207.5734181,2745.3405,3030.71,performance,,32861568.0,31957884.0,29473376.0,0.0,0.0,9.97,13.86,14.63,,,
2,67,hdr_histogram,HdrHistogram,2000,write-heavy,1,260396.65654737822,2250.0,42668.0,7393.588038888889,11035.858515815751,1.4926255639033716,0,100,900,1790634222.039052,2300.0,2300.0,performance,,32861568.0,31967948.0,29482820.0,0.0,0.0,12.1,14.19,14.73,,,
2,68,global_mutex,GlobalMutex,500,write-heavy,1,286917.9718229936,1594.0,4254.0,1706.4910622222221,865.3932905109218,0.5071185602249751,0,100,900,1790634232.1062615,2757.81975,3126.878,performance,,32861568.0,31930940.0,29445688.0,0.0,0.0,11.42,13.99,14.66,,,
2,69,global_mutex,GlobalMutex,1500,write-heavy,1,264974.34994806943,2188.0,30219.0,5472.806394074074,7257.15246759632,1.326038588804151,0,100,900,1790634236.1947753,2300.0,2300.0,performance,,32861568.0,31929552.0,29444280.0,0.0,0.0,11.42,13.99,14.66,,,
2,70,thread_local,ThreadLocal,100,mixed,1,286997.3671212315,331.0,676.0,341.47832222222223,133.43090361318056,0.3907448728951771,0,100,900,1790634244.230854,2300.0,2300.0,performance,,32861568.0,31921616.0,29436104.0,0.0,0.0,13.87,14.43,14.8,,,
2,71,global_mutex,GlobalMutex,500,read-heavy,1,304696.3545871515,1528.0,3897.0,1613.7656222222222,765.733988366292,0.4745013636564178,0,100,900,1790634246.9027123,2300.0,2300.0,performance,,32861568.0,31935448.0,29449928.0,0.0,0.0,13.87,14.43,14.8,,,
2,72,disabled,Disabled,750,mixed,1,294916.21153864317,1873.0,8467.0,2485.8605955555554,1811.1151063586606,0.7285666419093391,0,100,900,1790634251.0705762,2392.30875,3038.47,performance,,32861568.0,31941412.0,29455852.0,0.0,0.0,12.76,14.19,14.72,,,
2,73,sharded_2key,Sharded-2key,1500,read-heavy,1,277431.675027186,2078.0,28211.0,5222.367391851852,7052.993440118891,1.3505356691532764,0,100,900,1790634255.9754236,2388.7225,3009.78,performance,,32861568.0,31939560.0,29453824.0,0.0,0.0,14.7,14.57,14.84,,,
2,74,global_mutex,GlobalMutex,3000,write-heavy,1,243600.78937720647,2430.0,82188.0,11840.02006851852,20093.007073231776,1.6970416398750168,0,100,900,1790634263.933314,2763.385625,3194.441,performance,,32861568.0,31920648.0,29434704.0,0.0,0.0,13.47,14.32,14.75,,,
2,75,hdr_histogram,HdrHistogram,250,write-heavy,1,295236.4810162332,808.0,1765.0,830.9769155555556,354.3979347569354,0.4264834896406239,0,100,900,1790634278.6695726,2387.80725,3002.458,performance,,32861568.0,31940036.0,29453756.0,0.0,0.0,12.58,14.1,14.67,,,
2,76,hdr_histogram,HdrHistogram,100,mixed,1,283308.3894986444,331.0,772.0,345.6748333333333,149.49954630595698,0.43248605883262253,0,100,900,1790634281.8498583,2300.0,2300.0,performance,,32861568.0,31962632.0,29476420.0,0.0,0.0,12.58,14.1,14.67,,,
2,77,thread_local,ThreadLocal,250,read-heavy,1,310403.64158378536,773.0,1624.0,790.3083422222222,326.0198449043686,0.4125223377848351,0,100,900,1790634284.525305,2745.78675,3081.512,performance,,32861568.0,31976328.0,29490088.0,0.0,0.0,11.58,13.87,14.59,,,
2,78,sharded_2key,Sharded-2key,100,mixed,1,282176.1240842542,336.0,744.0,348.3926,141.39396137208183,0.40584662639815494,0,100,900,1790634287.8379023,2711.029625,2999.273,performance,,32861568.0,31956960.0,29470708.0,0.0,0.0,10.65,13.64,14.52,,,
2,79,hdr_histogram,HdrHistogram,100,write-heavy,1,275081.99712940934,342.0,769.0,356.1441111111111,149.23594578334283,0.41903246783374065,0,100,900,1790634290.5110228,2300.0,2300.0,performance,,32861568.0,31963164.0,29476880.0,0.0,0.0,10.65,13.64,14.52,,,
2,80,global_mutex,GlobalMutex,250,mixed,1,300101.49512592226,794.0,1772.0,817.4043022222222,363.5756143800566,0.4447928808199663,0,100,900,1790634293.193204,2387.926625,3003.413,performance,,32861568.0,31973264.0,29486952.0,0.0,0.0,9.8,13.41,14.44,,,
2,81,hdr_histogram,HdrHistogram,3000,write-heavy,1,247594.71080567533,2395.0,82933.0,11669.29971111111,19773.45574333348,1.6944852075832681,0,100,900,1790634296.3656824,2541.128,2965.566,performance,,32861568.0,31962788.0,29476440.0,0.0,0.0,9.8,13.41,14.44,,,
2,82,hdr_histogram,HdrHistogram,1500,write-heavy,1,271963.2924012764,2131.0,28569.0,5347.813914814815,7115.772670942004,1.330594666211083,0,100,900,1790634310.936309,2627.949,3216.414,performance,,32861568.0,31949920.0,29463032.0,0.0,0.0,18.17,15.15,15.0,,,
2,83,sharded_2key,Sharded-2key,1000,read-heavy,1,308634.58903517475,1842.0,14053.0,3134.772272222222,3204.5395199016502,1.0222559221598482,0,100,900,1790634318.8295946,2875.1855,3135.908,performance,,32861568.0,31945948.0,29458928.0,0.0,0.0,16.41,14.88,14.91,,,
2,84,thread_local,ThreadLocal,750,write-heavy,1,287562.9043853343,1881.0,9128.0,2550.7492355555555,1952.0046734174482,0.7652671796223434,0,100,900,1790634324.6156526,2516.111625,3212.356,performance,,32861568.0,31947344.0,29460256.0,0.0,0.0,15.89,14.8,14.88,,,
2,85,sharded_n,Sharded-N,500,mixed,1,305143.61696557526,1477.0,4348.0,1604.7644177777777,841.2256893870592,0.5242050983109157,0,100,900,1790634329.578005,2300.0,2300.0,performance,,32861568.0,31945740.0,29458576.0,0.0,0.0,16.62,14.97,14.94,,,
2,86,sharded_2key,Sharded-2key,500,read-heavy,1,318974.7408970838,1465.0,3684.0,1537.6369777777777,719.7595184850876,0.4680945690609612,0,100,900,1790634333.5755975,2300.0,2300.0,performance,,32861568.0,31940160.0,29452964.0,0.0,0.0,15.29,14.72,14.86,,,
2,87,hdr_histogram,HdrHistogram,1000,mixed,1,300172.09796910075,1919.0,13481.0,3244.4285755555557,3132.805648855298,0.9655955050016337,0,100,900,1790634337.6565967,2409.274875,3174.199,performance,,32861568.0,31928448.0,29441160.0,0.0,0.0,14.07,14.48,14.78,,,
2,88,hdr_histogram,HdrHistogram,1500,mixed,1,278676.7953697993,2055.0,26826.0,5189.877462962963,6936.616811007942,1.336566587652677,0,100,900,1790634343.3718333,2720.2445,3163.354,performance,,32861568.0,31920676.0,29433236.0,0.0,0.0,12.94,14.24,14.7,,,
2,89,sharded_2key,Sharded-2key,2000,write-heavy,1,269744.39154980215,2164.0,42257.0,7155.3041766666665,10826.494439465729,1.5130725643740983,0,100,900,1790634351.1526868,2300.0,2300.0,performance,,32861568.0,31906956.0,29419236.0,0.0,0.0,12.78,14.18,14.68,,,
2,90,disabled,Disabled,2000,write-heavy,1,274463.7692735913,2098.0,43635.0,7027.827573888889,10701.137699617684,1.5226807412544625,0,100,900,1790634360.9668665,2300.0,2300.0,performance,,32861568.0,31945468.0,29457504.0,0.0,0.0,12.34,14.04,14.63,,,
2,91,hdr_histogram,HdrHistogram,2000,read-heavy,1,274835.0402832803,2080.0,41644.0,7018.317341666667,10615.856509026882,1.5125928327581,0,100,900,1790634370.654726,2300.0,2300.0,performance,,32861568.0,31921508.0,29433312.0,0.0,0.0,14.21,14.37,14.73,,,
2,92,thread_local,ThreadLocal,1500,mixed,1,293713.06511837547,1949.0,25331.0,4931.671002222222,6358.935617121179,1.2894079135156884,0,100,900,1790634380.4810073,2300.0,2300.0,performance,,32861568.0,31939576.0,29451100.0,0.0,0.0,15.44,14.63,14.81,,,
2,93,sharded_n,Sharded-N,250,read-heavy,1,306309.20048979035,781.0,1695.0,801.3492088888889,343.02148222780676,0.4280549333834413,0,100,900,1790634388.00667,2300.0,2300.0,performance,,32861568.0,31936796.0,29448156.0,0.0,0.0,14.17,14.39,14.73,,,
2,94,sharded_n,Sharded-N,3000,read-heavy,1,256363.7216229595,2309.0,78491.0,11259.454946296297,19050.451542970462,1.6919514873352683,0,100,900,1790634391.3224132,2407.540875,3160.327,performance,,32861568.0,31941668.0,29453064.0,0.0,0.0,14.17,14.39,14.73,,,
2,95,global_mutex,GlobalMutex,1000,write-heavy,1,285641.52311560436,1991.0,14400.0,3407.306452222222,3312.9829564806078,0.9723172843229005,0,100,900,1790634405.587914,2300.0,2300.0,performance,,32861568.0,31964724.0,29475616.0,0.0,0.0,14.45,14.45,14.74,,,
2,96,sharded_n,Sharded-N,2000,read-heavy,1,274836.39667617367,2082.0,41147.0,6997.177918333334,10510.434039747062,1.5020961539663915,0,100,900,1790634411.461953,2300.0,2300.0,performance,,32861568.0,31928104.0,29439056.0,0.0,0.0,14.5,14.46,14.74,,,
2,97,sharded_2key,Sharded-2key,500,mixed,1,303160.54631300905,1495.0,4213.0,1616.6451244444445,832.6811757909163,0.5150673844249305,0,100,900,1790634421.305166,2412.059625,3196.477,performance,,32861568.0,31916956.0,29427584.0,0.0,0.0,16.91,14.96,14.9,,,
2,98,global_mutex,GlobalMutex,100,mixed,1,299494.5849182753,316.0,661.0,327.0753222222222,132.33941808480498,0.40461450037154023,0,100,900,1790634425.298941,2413.934875,3211.479,performance,,32861568.0,31931628.0,29442284.0,0.0,0.0,16.76,14.96,14.9,,,
2,99,disabled,Disabled,250,write-heavy,1,311616.99256822834,762.0,1698.0,786.1187422222222,355.1719270041343,0.4518044258811646,0,100,900,1790634427.951861,2300.0,2300.0,performance,,32861568.0,31964484.0,29475104.0,0.0,0.0,15.41,14.71,14.82,,,
2,100,sharded_n,Sharded-N,1500,write-heavy,1,271891.45850006415,2140.0,28757.0,5330.84104,7061.709042012754,1.3246894793945598,0,100,900,1790634431.0836532,2300.0,2300.0,performance,,32861568.0,31944260.0,29454900.0,0.0,0.0,15.41,14.71,14.82,,,
2,101,sharded_2key,Sharded-2key,1500,mixed,1,281189.29802596424,2029.0,26928.0,5162.317194814815,6812.503254762681,1.3196599506913993,0,100,900,1790634438.9726722,2524.759875,3203.16,performance,,32861568.0,31952828.0,29463092.0,0.0,0.0,14.0,14.44,14.73,,,
2,102,thread_local,ThreadLocal,500,read-heavy,1,309864.4908252047,1460.0,4234.0,1580.630851111111,826.1140243540216,0.5226482981610168,0,100,900,1790634446.698498,2412.535125,3200.281,performance,,32861568.0,31934676.0,29444752.0,0.0,0.0,14.16,14.47,14.74,,,
2,103,hdr_histogram,HdrHistogram,750,write-heavy,1,291137.69255465275,1864.0,8668.0,2519.0702874074072,1878.046294340933,0.7455315176115203,0,100,900,1790634450.8294773,2511.083875,3213.344,performance,,32861568.0,31923936.0,29434012.0,0.0,0.0,13.11,14.24,14.67,,,
2,104,disabled,Disabled,3000,read-heavy,1,262199.884999247,2229.0,78196.0,10995.455487777777,18780.536058016736,1.7080271098266573,0,100,900,1790634455.75432,2411.40075,3191.206,performance,,32861568.0,31932244.0,29442260.0,0.0,0.0,14.46,14.5,14.75,,,
2,105,disabled,Disabled,1000,read-heavy,1,294500.8289205212,1913.0,14316.0,3299.9422144444443,3305.8017733536035,1.0017756550049606,0,100,900,1790634469.7851675,2409.481875,3175.855,performance,,32861568.0,31955984.0,29465448.0,0.0,0.0,14.99,14.62,14.79,,,
2,106,disabled,Disabled,250,read-heavy,1,313590.9699180545,761.0,1659.0,780.7472266666666,336.9821316906632,0.43161489427170885,0,100,900,1790634475.7098105,2300.0,2300.0,performance,,32861568.0,31927760.0,29437232.0,0.0,0.0,15.15,14.66,14.8,,,
2,107,hdr_histogram,HdrHistogram,3000,read-heavy,1,263599.07524223195,2200.0,77974.0,10924.829752592592,18498.579258215043,1.693260185937919,0,100,900,1790634479.0060122,2635.618875,3246.763,performance,,32861568.0,31956212.0,29465720.0,0.0,0.0,13.93,14.42,14.72,,,
2,108,global_mutex,GlobalMutex,1000,mixed,1,287450.9632331505,1986.0,14873.0,3385.140981111111,3419.873729863458,1.0102603551657534,0,100,900,1790634492.9664893,2410.3425,3182.74,performance,,32861568.0,31952724.0,29461704.0,0.0,0.0,14.97,14.64,14.79,,,
2,109,thread_local,ThreadLocal,1000,mixed,1,287012.5449573421,1965.0,14919.0,3390.3730744444442,3429.3837141700624,1.0115062970561168,0,100,900,1790634498.8146536,2300.0,2300.0,performance,,32861568.0,31933492.0,29442436.0,0.0,0.0,13.77,14.4,14.71,,,
2,110,sharded_2key,Sharded-2key,1500,write-heavy,1,275406.8129355229,2077.0,29577.0,5262.8538125925925,7103.981115218433,1.3498343993938267,0,100,900,1790634504.661601,2415.5995,3224.796,performance,,32861568.0,31930260.0,29439084.0,0.0,0.0,14.27,14.49,14.74,,,
2,111,hdr_histogram,HdrHistogram,250,mixed,1,313373.80935379514,768.0,1586.0,784.8256711111111,327.439841130983,0.4172134694159691,0,100,900,1790634512.4878886,2392.89175,3043.134,performance,,32861568.0,31928096.0,29436672.0,0.0,0.0,15.02,14.67,14.79,,,
2,112,hdr_histogram,HdrHistogram,750,read-heavy,1,300449.5082512186,1839.0,8257.0,2444.83558962963,1780.6998022504656,0.7283515545191427,0,100,900,1790634515.625551,2412.91975,3203.358,performance,,32861568.0,31955372.0,29464032.0,0.0,0.0,15.02,14.67,14.79,,,
2,113,hdr_histogram,HdrHistogram,500,write-heavy,1,298928.41695517674,1530.0,4165.0,1640.544928888889,829.4282287037648,0.5055809286890554,0,100,900,1790634520.648756,2611.791375,3168.929,performance,,32861568.0,31904120.0,29412660.0,0.0,0.0,15.26,14.72,14.81,,,
2,114,thread_local,ThreadLocal,1500,read-heavy,1,283039.514084639,1992.0,27755.0,5126.769757777778,6815.3038667642495,1.3293563371799193,0,100,900,1790634524.6747396,2300.0,2300.0,performance,,32861568.0,31932332.0,29440844.0,0.0,0.0,15.32,14.74,14.82,,,
2,115,global_mutex,GlobalMutex,250,read-heavy,1,316184.6676860779,761.0,1557.0,777.12028,312.76105389357264,0.402461577625503,0,100,900,1790634532.522032,2300.0,2300.0,performance,,32861568.0,31915724.0,29423884.0,0.0,0.0,14.14,14.52,14.74,,,
2,116,sharded_n,Sharded-N,750,mixed,1,288806.9048663355,1890.0,8725.0,2530.762694814815,1884.981221278107,0.7448273301721154,0,100,900,1790634535.817749,2300.0,2300.0,performance,,32861568.0,31928252.0,29436388.0,0.0,0.0,14.14,14.52,14.74,,,
2,117,disabled,Disabled,250,mixed,1,311461.0265772047,765.0,1641.0,788.35024,340.8940881888007,0.432414516914209,0,100,900,1790634540.7644622,2620.181,3200.002,performance,,32861568.0,31928752.0,29436816.0,0.0,0.0,14.13,14.51,14.74,,,
2,118,sharded_n,Sharded-N,100,write-heavy,1,283595.51481341163,334.0,748.0,346.17771111111114,139.40471135677993,0.4026969584764393,0,100,900,1790634543.9029932,2411.778375,3194.227,performance,,32861568.0,31942308.0,29450412.0,0.0,0.0,13.0,14.27,14.66,,,
2,119,disabled,Disabled,100,write-heavy,1,287514.7983068036,330.0,681.0,341.1293777777778,135.80792888482617,0.398112674345203,0,100,900,1790634546.570855,2412.798125,3202.385,performance,,32861568.0,31959424.0,29467500.0,0.0,0.0,13.0,14.27,14.66,,,
2,120,hdr_histogram,HdrHistogram,500,mixed,1,297290.74622341094,1537.0,4292.0,1649.4297266666667,832.2570303371198,0.5045725906850415,0,100,900,1790634549.2360072,2300.0,2300.0,performance,,32861568.0,31966184.0,29474264.0,0.0,0.0,13.0,14.25,14.65,,,
2,121,thread_local,ThreadLocal,750,mixed,1,309981.96896423696,1797.0,7903.0,2361.9481525925926,1691.4629726129672,0.7161304412022477,0,100,900,1790634553.266589,2403.1115,3124.892,performance,,32861568.0,31932560.0,29440532.0,0.0,0.0,11.96,14.01,14.57,,,
2,122,thread_local,ThreadLocal,500,write-heavy,1,289650.089380997,1574.0,4374.0,1694.8037777777777,876.2900454629141,0.5170451334560414,0,100,900,1790634558.0597522,2300.0,2300.0,performance,,32861568.0,31912808.0,29420664.0,0.0,0.0,11.0,13.78,14.49,,,
2,123,disabled,Disabled,1000,write-heavy,1,288208.94798266666,1974.0,14600.0,3373.322298888889,3409.82676517882,1.0108215174998119,0,100,900,1790634562.1310604,2416.434,3231.472,performance,,32861568.0,31937684.0,29445456.0,0.0,0.0,10.12,13.55,14.41,,,
2,124,global_mutex,GlobalMutex,2000,mixed,1,274441.60539787554,2106.0,44569.0,7018.7050477777775,10600.347257024763,1.5102995758998286,0,100,900,1790634567.9701266,2411.572625,3192.581,performance,,32861568.0,31939180.0,29446708.0,0.0,0.0,9.31,13.32,14.34,,,
2,125,global_mutex,GlobalMutex,3000,mixed,1,251848.40440303076,2322.0,79096.0,11425.126468148148,19431.659860420423,1.700782911645968,0,100,900,1790634577.6649356,2300.0,2300.0,performance,,32861568.0,31934412.0,29441696.0,0.0,0.0,9.2,13.18,14.28,,,
2,126,sharded_2key,Sharded-2key,3000,read-heavy,1,255280.39054126898,2285.0,80635.0,11285.511352592592,19254.74173674934,1.7061470353601653,0,100,900,1790634592.0004714,2408.2025,3165.62,performance,,32861568.0,31965320.0,29472176.0,0.0,0.0,9.56,13.12,14.25,,,
2,127,disabled,Disabled,100,read-heavy,1,294813.54479688697,318.0,771.0,332.58776666666665,138.63756918697996,0.4168450649176412,0,100,900,1790634606.3561103,2820.844375,3197.299,performance,,32861568.0,31971560.0,29478032.0,0.0,0.0,8.84,12.78,14.12,,,
2,128,sharded_2key,Sharded-2key,750,read-heavy,1,297573.35921837727,1856.0,8436.0,2468.348154074074,1810.7205107536436,0.7335758157798775,0,100,900,1790634609.1828966,2415.337875,3222.703,performance,,32861568.0,31979756.0,29486200.0,0.0,0.0,10.05,12.96,14.17,,,
2,129,hdr_histogram,HdrHistogram,2000,mixed,1,267845.60261775175,2152.0,43456.0,7180.002405,10883.294849367405,1.5157787192088559,0,100,900,1790634614.230482,2401.348125,3110.785,performance,,32861568.0,31906632.0,29413104.0,0.0,0.0,11.49,13.21,14.24,,,
2,130,global_mutex,GlobalMutex,750,write-heavy,1,290814.0655468718,1882.0,8866.0,2522.872345185185,1889.4819456118803,0.7489407655594986,0,100,900,1790634624.0981412,2411.9285,3195.428,performance,,32861568.0,31934120.0,29440232.0,0.0,0.0,11.06,13.07,14.19,,,
2,131,disabled,Disabled,2000,read-heavy,1,279283.37458137504,2049.0,40275.0,6893.051397777778,10245.562236730888,1.4863609228322179,0,100,900,1790634629.0301373,2522.94225,3196.665,performance,,32861568.0,31946212.0,29452456.0,0.0,0.0,10.17,12.85,14.11,,,
2,132,global_mutex,GlobalMutex,500,mixed,1,297634.03994957055,1524.0,4433.0,1645.0075555555557,861.0081136684175,0.5234067836105688,0,100,900,1790634638.7458382,2835.78075,3196.064,performance,,32861568.0,31921112.0,29426908.0,0.0,0.0,11.63,13.1,14.18,,,
2,133,disabled,Disabled,1500,read-heavy,1,289872.82668427937,1973.0,25443.0,4996.690755555555,6653.353314728289,1.3315519491236831,0,100,900,1790634642.7685585,2624.594,3282.116,performance,,32861568.0,31930956.0,29436824.0,0.0,0.0,10.7,12.88,14.1,,,
2,134,hdr_histogram,HdrHistogram,100,read-heavy,1,296712.7686878356,316.0,746.0,330.4171,139.86045165843163,0.42328454446949515,0,100,900,1790634650.5021775,2412.20175,3197.614,performance,,32861568.0,31935916.0,29441484.0,0.0,0.0,11.68,13.05,14.15,,,
2,135,hdr_histogram,HdrHistogram,1000,read-heavy,1,289679.3980021797,1954.0,14816.0,3346.687477777778,3356.5570216137503,1.0029490485447197,0,100,900,1790634653.3310351,2648.210375,3267.173,performance,,32861568.0,31966392.0,29471976.0,0.0,0.0,10.75,12.83,14.07,,,
2,136,sharded_n,Sharded-N,2000,write-heavy,1,263641.1984284701,2214.0,45192.0,7324.3234905555555,11091.72147510193,1.514368049063411,0,100,900,1790634659.3232934,2787.53125,3112.286,performance,,32861568.0,31907516.0,29413056.0,0.0,0.0,12.93,13.25,14.2,,,
2,137,sharded_n,Sharded-N,500,write-heavy,1,292579.7395212903,1572.0,4298.0,1682.6564155555557,843.2016208098407,0.501113366350221,0,100,900,1790634669.2869008,2300.0,2300.0,performance,,32861568.0,31922192.0,29427300.0,0.0,0.0,15.83,13.87,14.39,,,
2,138,disabled,Disabled,500,write-heavy,1,297530.7876296764,1543.0,4082.0,1645.7073977777777,820.9723475643048,0.4988568129868502,0,100,900,1790634673.3463092,2821.987375,3199.948,performance,,32861568.0,31934288.0,29439484.0,0.0,0.0,14.56,13.64,14.32,,,
2,139,sharded_2key,Sharded-2key,750,write-heavy,1,305479.1504806936,1790.0,8108.0,2394.9947733333333,1762.4542723972368,0.7358906549696841,0,100,900,1790634677.3775876,2399.951125,3099.609,performance,,32861568.0,31905276.0,29410464.0,0.0,0.0,13.39,13.41,14.24,,,
2,140,sharded_2key,Sharded-2key,500,write-heavy,1,301218.55395604594,1529.0,4141.0,1625.97458,817.8910048654549,0.5030158619487488,0,100,900,1790634682.207321,2917.0625,3060.489,performance,,32861568.0,31918060.0,29423036.0,0.0,0.0,12.32,13.19,14.16,,,
2,141,disabled,Disabled,3000,write-heavy,1,248276.45085514185,2387.0,82815.0,11595.565217037038,19831.377883810936,1.710255387522917,0,100,900,1790634686.218555,2386.153375,2989.227,performance,,32861568.0,31922644.0,29427580.0,0.0,0.0,12.32,13.19,14.16,,,
2,142,disabled,Disabled,3000,mixed,1,255490.0190180222,2290.0,76078.0,11283.466343333333,18995.964849701355,1.6835220907912607,0,100,900,1790634700.7061634,2411.14025,3189.122,performance,,32861568.0,31954976.0,29459456.0,0.0,0.0,20.18,14.94,14.73,,,
2,143,global_mutex,GlobalMutex,750,mixed,1,286789.8636327794,1901.0,8907.0,2555.182482962963,1925.7836248724411,0.7536775309446089,0,100,900,1790634714.8528795,2300.0,2300.0,performance,,32861568.0,31970124.0,29474244.0,0.0,0.0,19.13,14.96,14.74,,,
2,144,sharded_n,Sharded-N,1500,mixed,1,280480.8558140907,1993.0,25927.0,5175.059753333333,6524.9117179879695,1.2608379475783207,0,100,900,1790634719.819127,2495.000625,3112.704,performance,,32861568.0,31943208.0,29447340.0,0.0,0.0,19.52,15.12,14.79,,,
3,1,thread_local,ThreadLocal,100,read-heavy,1,287752.0820142032,325.0,751.0,340.6924111111111,144.5081086771531,0.4241600457311749,0,100,900,1790634727.5627787,2691.176125,3117.261,performance,,32861568.0,31920908.0,29424784.0,0.0,0.0,17.55,14.85,14.7,,,
3,2,hdr_histogram,HdrHistogram,2000,write-heavy,1,267103.8707108572,2191.0,44078.0,7218.129799444445,10829.115900290939,1.5002661632829628,0,100,900,1790634730.3941863,2404.937125,3139.497,performance,,32861568.0,31952300.0,29456136.0,0.0,0.0,17.55,14.85,14.7,,,
3,3,hdr_histogram,HdrHistogram,100,mixed,1,290441.2924335454,323.0,787.0,338.4866777777778,144.47187800746005,0.42681702853401005,0,100,900,1790634740.2926338,2399.621875,3096.975,performance,,32861568.0,31926684.0,29430288.0,0.0,0.0,17.45,14.92,14.73,,,
3,4,sharded_2key,Sharded-2key,100,write-heavy,1,280212.1973492661,331.0,870.0,349.6957444444445,161.7513835448366,0.4625489046250998,0,100,900,1790634742.963364,2400.775,3106.2,performance,,32861568.0,31963568.0,29467172.0,0.0,0.0,16.05,14.67,14.65,,,
3,5,thread_local,ThreadLocal,100,write-heavy,1,278655.2847707001,337.0,813.0,352.3045111111111,148.82208552427895,0.42242458109582054,0,100,900,1790634745.641035,2407.26375,3158.11,performance,,32861568.0,31973120.0,29476676.0,0.0,0.0,16.05,14.67,14.65,,,
3,6,sharded_2key,Sharded-2key,3000,mixed,1,248354.7682040583,2372.0,81150.0,11627.947572592593,19664.806157293406,1.6911674252508602,0,100,900,1790634748.3162546,2381.817625,2954.541,performance,,32861568.0,31966384.0,29469908.0,0.0,0.0,14.77,14.42,14.57,,,
3,7,sharded_2key,Sharded-2key,500,write-heavy,1,298297.0280340296,1525.0,4313.0,1647.4341222222222,847.1472818551633,0.5142222504851649,0,100,900,1790634762.8131979,2390.082625,3020.661,performance,,32861568.0,31951940.0,29455060.0,0.0,0.0,15.32,14.61,14.63,,,
3,8,thread_local,ThreadLocal,1000,read-heavy,1,313990.8208949123,1852.0,12687.0,3098.759703333333,2932.1851729079126,0.9462447732729207,0,100,900,1790634766.8382652,2378.5275,2928.22,performance,,32861568.0,31942728.0,29445916.0,0.0,0.0,15.32,14.61,14.63,,,
3,9,disabled,Disabled,250,mixed,1,315647.6719025779,767.0,1581.0,778.1602177777778,315.7245868673361,0.40573210973051665,0,100,900,1790634772.5874004,2386.352875,2990.823,performance,,32861568.0,31920208.0,29423244.0,0.0,0.0,12.97,14.12,14.47,,,
3,10,sharded_2key,Sharded-2key,500,read-heavy,1,300873.55306465,1527.0,4112.0,1626.730262222222,813.512503321623,0.5000905941285623,0,100,900,1790634775.7123575,2401.24275,3109.942,performance,,32861568.0,31944872.0,29447924.0,0.0,0.0,12.97,14.12,14.47,,,
3,11,sharded_2key,Sharded-2key,750,write-heavy,1,291280.29069700517,1851.0,8912.0,2512.548525925926,1897.5522018357437,0.7552300710834855,0,100,900,1790634779.888468,2387.966125,3003.729,performance,,32861568.0,31928924.0,29431892.0,0.0,0.0,13.29,14.17,14.48,,,
3,12,sharded_n,Sharded-N,500,read-heavy,1,298236.8405002257,1528.0,4219.0,1644.5784733333332,832.7057150300618,0.506333828717995,0,100,900,1790634784.8276079,2401.472,3111.776,performance,,32861568.0,31918180.0,29420996.0,0.0,0.0,13.35,14.17,14.48,,,
3,13,sharded_2key,Sharded-2key,250,write-heavy,1,305177.58554293535,785.0,1670.0,805.0245377777778,346.82921573741544,0.4308306138031727,0,100,900,1790634789.0107944,2664.1975,3075.47,performance,,32861568.0,31946716.0,29449468.0,0.0,0.0,12.28,13.93,14.4,,,
3,14,sharded_n,Sharded-N,750,write-heavy,1,293443.00152400555,1829.0,9232.0,2494.184380740741,1946.6854584076618,0.7804897959586777,0,100,900,1790634792.1716046,2300.0,2300.0,performance,,32861568.0,31944668.0,29447436.0,0.0,0.0,11.29,13.7,14.33,,,
3,15,thread_local,ThreadLocal,250,write-heavy,1,304402.774993601,779.0,1781.0,806.4566,365.8692738398598,0.4536750940346446,0,100,900,1790634797.0898871,2401.634125,3113.073,performance,,32861568.0,31920132.0,29422688.0,0.0,0.0,11.29,13.7,14.33,,,
3,16,global_mutex,GlobalMutex,250,mixed,1,302950.6973793775,784.0,1743.0,810.7455955555556,363.4644731228728,0.44830890863343176,0,100,900,1790634800.2436872,2620.289125,3187.445,performance,,32861568.0,31936584.0,29439160.0,0.0,0.0,10.47,13.49,14.25,,,
3,17,thread_local,ThreadLocal,1000,write-heavy,1,278942.9608368035,2046.0,15197.0,3487.211771111111,3492.9118241910346,1.001634558912408,0,100,900,1790634803.4038846,2398.9855,3091.884,performance,,32861568.0,31947792.0,29450356.0,0.0,0.0,9.63,13.27,14.18,,,
3,18,sharded_2key,Sharded-2key,1500,read-heavy,1,283396.9242933486,2021.0,27178.0,5115.484722222222,6751.826046948324,1.3198800140322298,0,100,900,1790634809.348898,2300.0,2300.0,performance,,32861568.0,31926896.0,29429184.0,0.0,0.0,10.62,13.41,14.22,,,
3,19,sharded_n,Sharded-N,2000,mixed,1,269929.29918670096,2153.0,43125.0,7137.735807222222,10718.687398223128,1.5016929300433854,0,100,900,1790634817.2028158,2507.713,3159.18,performance,,32861568.0,31925764.0,29427856.0,0.0,0.0,13.33,13.93,14.38,,,
3,20,sharded_n,Sharded-N,100,read-heavy,1,300799.5211164673,316.0,637.0,326.6683,124.77922158819685,0.3819752990669644,0,100,900,1790634827.0199335,2765.14075,3170.132,performance,,32861568.0,31941228.0,29443084.0,0.0,0.0,13.47,13.95,14.39,,,
3,21,global_mutex,GlobalMutex,100,mixed,1,282975.8564842039,332.0,788.0,347.1061,151.04427879949154,0.4351530520480381,0,100,900,1790634829.843456,2982.777375,3228.857,performance,,32861568.0,31953956.0,29455796.0,0.0,0.0,12.39,13.72,14.31,,,
3,22,sharded_2key,Sharded-2key,250,mixed,1,309580.5360129135,776.0,1659.0,793.4558977777777,335.77364437843505,0.4231787114051735,0,100,900,1790634832.5163186,2372.729875,2881.839,performance,,32861568.0,31970164.0,29471976.0,0.0,0.0,11.4,13.49,14.23,,,
3,23,sharded_n,Sharded-N,3000,mixed,1,250552.0390108255,2341.0,79188.0,11495.952241481482,19333.2792366299,1.681746655737535,0,100,900,1790634835.65826,2367.842625,2842.741,performance,,32861568.0,31957448.0,29459292.0,0.0,0.0,11.4,13.49,14.23,,,
3,24,sharded_n,Sharded-N,750,mixed,1,286463.22255985695,1923.0,9126.0,2555.5013466666664,1921.3306131626018,0.7518409707233137,0,100,900,1790634850.0334194,2382.299875,2958.399,performance,,32861568.0,31956820.0,29458212.0,0.0,0.0,17.18,14.68,14.61,,,
3,25,hdr_histogram,HdrHistogram,250,write-heavy,1,304592.0207766522,783.0,1721.0,804.9053911111112,353.5786376962949,0.4392797484039786,0,100,900,1790634854.997128,2682.008625,3292.263,performance,,32861568.0,31960784.0,29462184.0,0.0,0.0,17.81,14.85,14.66,,,
3,26,disabled,Disabled,1500,mixed,1,279192.55756953533,2051.0,27694.0,5182.777,6872.407515684931,1.326008723833754,0,100,900,1790634858.156622,2406.768125,3154.145,performance,,32861568.0,31955468.0,29456832.0,0.0,0.0,16.38,14.6,14.58,,,
3,27,thread_local,ThreadLocal,500,read-heavy,1,305783.75124780496,1486.0,4290.0,1605.4695111111112,811.4040079025596,0.5053998237194827,0,100,900,1790634865.912902,2300.0,2300.0,performance,,32861568.0,31904776.0,29405820.0,0.0,0.0,15.63,14.47,14.54,,,
3,28,disabled,Disabled,750,write-heavy,1,289750.1508702207,1899.0,8938.0,2529.92876,1887.6272576841932,0.7461187395981037,0,100,900,1790634870.061744,2389.398875,3015.191,performance,,32861568.0,31933300.0,29434288.0,0.0,0.0,15.1,14.38,14.51,,,
3,29,disabled,Disabled,1500,read-heavy,1,285842.03580981726,2006.0,26788.0,5080.566934074074,6674.641475068764,1.3137591850829946,0,100,900,1790634875.0068705,2300.0,2300.0,performance,,32861568.0,31910016.0,29410972.0,0.0,0.0,14.93,14.36,14.51,,,
3,30,global_mutex,GlobalMutex,1000,mixed,1,285248.9166861014,1971.0,14622.0,3413.7763622222224,3431.9000449365103,1.005308983598003,0,100,900,1790634882.8030758,2408.376875,3167.015,performance,,32861568.0,31921004.0,29421708.0,0.0,0.0,14.33,14.26,14.47,,,
3,31,thread_local,ThreadLocal,3000,read-heavy,1,264128.80806208623,2207.0,73370.0,10896.525166666666,18460.729800054614,1.694185028501329,0,100,900,1790634888.6746812,2300.0,2300.0,performance,,32861568.0,31926472.0,29427044.0,0.0,0.0,13.18,14.02,14.39,,,
3,32,sharded_n,Sharded-N,250,read-heavy,1,313125.9592326729,762.0,1619.0,782.0426177777778,325.9668553752696,0.41681469521638664,0,100,900,1790634902.6494706,2606.15575,3189.571,performance,,32861568.0,31935172.0,29435292.0,0.0,0.0,15.38,14.49,14.54,,,
3,33,global_mutex,GlobalMutex,2000,mixed,1,272179.8602621793,2118.0,42465.0,7084.190512777778,10616.112654774824,1.4985639693944575,0,100,900,1790634905.9544003,2384.572,2976.576,performance,,32861568.0,31963852.0,29463972.0,0.0,0.0,15.38,14.49,14.54,,,
3,34,sharded_2key,Sharded-2key,100,read-heavy,1,297030.5136773426,317.0,726.0,330.8543,136.40009503995634,0.41226635120038135,0,100,900,1790634915.7080872,2300.0,2300.0,performance,,32861568.0,31938792.0,29438688.0,0.0,0.0,15.33,14.51,14.55,,,
3,35,hdr_histogram,HdrHistogram,2000,mixed,1,270453.4041381067,2140.0,41313.0,7143.339394444444,10750.424217525251,1.504957782894388,0,100,900,1790634918.5353334,2402.487,3119.896,performance,,32861568.0,31971208.0,29471088.0,0.0,0.0,14.1,14.27,14.47,,,
3,36,global_mutex,GlobalMutex,750,read-heavy,1,297500.7372949754,1822.0,8868.0,2460.8779437037037,1879.0679071576915,0.7635762317937765,0,100,900,1790634928.3264666,2410.658875,3185.271,performance,,32861568.0,31913776.0,29413420.0,0.0,0.0,12.52,13.93,14.36,,,
3,37,disabled,Disabled,2000,mixed,1,271779.2607105122,2141.0,42405.0,7096.740333333333,10664.160753729207,1.5026843667422534,0,100,900,1790634933.3723302,2952.24125,3197.868,performance,,32861568.0,31920724.0,29420312.0,0.0,0.0,11.52,13.7,14.28,,,
3,38,sharded_n,Sharded-N,750,read-heavy,1,294810.43063220347,1804.0,8589.0,2478.467122962963,1897.2814457109353,0.7655059968851914,0,100,900,1790634943.126385,2664.87825,3124.669,performance,,32861568.0,31924556.0,29423820.0,0.0,0.0,10.93,13.51,14.21,,,
3,39,disabled,Disabled,100,write-heavy,1,291351.2913032378,324.0,737.0,335.9683777777778,138.4406792265923,0.41206461198012573,0,100,900,1790634948.1905859,2409.75225,3178.018,performance,,32861568.0,31927088.0,29426336.0,0.0,0.0,10.05,13.28,14.14,,,
3,40,disabled,Disabled,3000,mixed,1,258121.4229410123,2264.0,78920.0,11175.256456296296,19000.10345463713,1.700193953395334,0,100,900,1790634950.8546622,2300.0,2300.0,performance,,32861568.0,31958016.0,29457260.0,0.0,0.0,10.05,13.28,14.14,,,
3,41,thread_local,ThreadLocal,500,write-heavy,1,302735.5731312168,1502.0,4338.0,1615.69212,828.3389283645408,0.5126836469094996,0,100,900,1790634964.888073,2797.563875,3163.011,performance,,32861568.0,31946292.0,29445068.0,0.0,0.0,13.6,13.93,14.34,,,
3,42,hdr_histogram,HdrHistogram,250,mixed,1,311534.7554251542,774.0,1566.0,788.48556,317.85165633434053,0.4031166484955546,0,100,900,1790634968.8837523,2300.0,2300.0,performance,,32861568.0,31952692.0,29451532.0,0.0,0.0,12.51,13.7,14.26,,,
3,43,sharded_n,Sharded-N,1000,mixed,1,278605.0068627703,2039.0,14965.0,3497.8958255555553,3497.9248456894497,1.0000082964545949,0,100,900,1790634972.0252554,2366.597375,2832.779,performance,,32861568.0,31928592.0,29427400.0,0.0,0.0,12.51,13.7,14.26,,,
3,44,disabled,Disabled,750,mixed,1,293628.2870512222,1871.0,8901.0,2492.842454814815,1887.9447461337943,0.7573461942961186,0,100,900,1790634977.9752827,2374.957625,2899.661,performance,,32861568.0,31929500.0,29428100.0,0.0,0.0,10.66,13.27,14.11,,,
3,45,global_mutex,GlobalMutex,250,write-heavy,1,305447.20909389376,777.0,1836.0,804.6349955555555,371.17985206412254,0.4613021483211075,0,100,900,1790634982.8887806,2300.0,2300.0,performance,,32861568.0,31947428.0,29445964.0,0.0,0.0,9.81,13.04,14.03,,,
3,46,sharded_2key,Sharded-2key,3000,read-heavy,1,257520.9849172311,2266.0,81863.0,11183.617072592593,19245.302124195692,1.720847736405395,0,100,900,1790634986.052129,2397.077375,3076.619,performance,,32861568.0,31956340.0,29454912.0,0.0,0.0,9.81,13.04,14.03,,,
3,47,disabled,Disabled,3000,write-heavy,1,254727.4843633062,2317.0,80260.0,11322.852299259259,19120.25904899906,1.6886433332924347,0,100,900,1790635000.26824,2365.06975,2820.558,performance,,32861568.0,31960880.0,29458808.0,0.0,0.0,10.25,12.99,14.0,,,
3,48,global_mutex,GlobalMutex,3000,read-heavy,1,259360.18648655224,2237.0,78345.0,11065.623535185185,18905.51498862121,1.7084907080480054,0,100,900,1790635014.4762816,2411.326875,3190.615,performance,,32861568.0,31956988.0,29454676.0,0.0,0.0,10.37,12.89,13.95,,,
3,49,global_mutex,GlobalMutex,100,read-heavy,1,290032.34527724236,325.0,734.0,338.48567777777777,143.83942417843627,0.4249498091699749,0,100,900,1790635028.6200862,2300.0,2300.0,performance,,32861568.0,31952004.0,29449296.0,0.0,0.0,12.41,13.24,14.05,,,
3,50,thread_local,ThreadLocal,3000,write-heavy,1,252974.90702311348,2318.0,78962.0,11380.99555037037,19195.22195228348,1.6866030627398683,0,100,900,1790635031.4509158,2606.71175,3134.884,performance,,32861568.0,31965844.0,29463104.0,0.0,0.0,12.41,13.24,14.05,,,
3,51,sharded_2key,Sharded-2key,2000,read-heavy,1,276040.1306718709,2062.0,40727.0,6966.488665,10475.432583251688,1.5036890300103127,0,100,900,1790635045.7141035,2300.0,2300.0,performance,,32861568.0,31950160.0,29446996.0,0.0,0.0,13.64,13.47,14.11,,,
3,52,sharded_2key,Sharded-2key,1000,write-heavy,1,280242.13377464184,2024.0,14661.0,3475.8547922222224,3391.037599739556,0.9755981772678023,0,100,900,1790635055.5178037,2394.938875,3059.511,performance,,32861568.0,31951104.0,29447836.0,0.0,0.0,14.28,13.62,14.15,,,
3,53,sharded_2key,Sharded-2key,1500,write-heavy,1,277751.3016778748,2079.0,28043.0,5229.516438518519,6970.581802890641,1.332930469736768,0,100,900,1790635061.4324045,2410.3745,3182.996,performance,,32861568.0,31930460.0,29427136.0,0.0,0.0,14.34,13.64,14.16,,,
3,54,hdr_histogram,HdrHistogram,500,read-heavy,1,309306.66748772695,1480.0,4169.0,1588.4733888888888,808.9090446207716,0.509236761710305,0,100,900,1790635069.2114835,2739.8455,3255.959,performance,,32861568.0,31940344.0,29436744.0,0.0,0.0,13.1,13.4,14.08,,,
3,55,disabled,Disabled,2000,read-heavy,1,285675.3240439245,1957.0,36435.0,6740.606455,9628.598136975586,1.4284468617557924,0,100,900,1790635073.340498,2401.68275,3113.462,performance,,32861568.0,31925372.0,29421840.0,0.0,0.0,12.05,13.18,14.0,,,
3,56,sharded_n,Sharded-N,1500,write-heavy,1,270965.2655810081,2131.0,28473.0,5366.45760962963,7073.805617576773,1.3181517738784445,0,100,900,1790635082.917704,2300.0,2300.0,performance,,32861568.0,31909452.0,29405524.0,0.0,0.0,16.53,14.15,14.31,,,
3,57,disabled,Disabled,500,write-heavy,1,297308.4717567387,1541.0,4209.0,1649.5669355555556,828.53927488638,0.5022768443205594,0,100,900,1790635090.833114,2300.0,2300.0,performance,,32861568.0,31946264.0,29442272.0,0.0,0.0,16.41,14.17,14.31,,,
3,58,thread_local,ThreadLocal,100,mixed,1,294507.7842154162,317.0,734.0,333.15285555555556,140.330803338259,0.42122047281944386,0,100,900,1790635094.8643007,2399.92375,3099.39,performance,,32861568.0,31940956.0,29436936.0,0.0,0.0,16.22,14.16,14.31,,,
3,59,disabled,Disabled,1000,read-heavy,1,293978.30614527775,1937.0,14356.0,3298.520376666667,3292.6358261795517,0.9982160029906919,0,100,900,1790635097.525493,2400.3925,3103.14,performance,,32861568.0,31950488.0,29446460.0,0.0,0.0,14.92,13.93,14.23,,,
3,60,thread_local,ThreadLocal,250,read-heavy,1,311575.98808601,760.0,1656.0,783.8425644444444,339.0692954423425,0.4325732115385453,0,100,900,1790635103.4630375,2598.02525,3141.804,performance,,32861568.0,31944752.0,29440548.0,0.0,0.0,13.72,13.7,14.16,,,
3,61,global_mutex,GlobalMutex,2000,read-heavy,1,271496.2137470614,2138.0,43283.0,7077.566698888889,10561.09263883735,1.4921925978451522,0,100,900,1790635106.7690291,2300.0,2300.0,performance,,32861568.0,31950628.0,29446396.0,0.0,0.0,13.72,13.7,14.16,,,
3,62,sharded_n,Sharded-N,3000,write-heavy,1,249890.53589037544,2357.0,80188.0,11546.667303703704,19350.443583698387,1.6758466382322756,0,100,900,1790635116.6990216,2763.7,3125.32,performance,,32861568.0,31947316.0,29442688.0,0.0,0.0,15.93,14.14,14.3,,,
3,63,thread_local,ThreadLocal,2000,mixed,1,270937.0971959831,2147.0,40683.0,7114.241163888889,10699.33180047732,1.5039315584051267,0,100,900,1790635131.161577,2824.53525,3061.161,performance,,32861568.0,31950404.0,29445452.0,0.0,0.0,16.97,14.49,14.41,,,
3,64,sharded_2key,Sharded-2key,1000,read-heavy,1,289960.5549774916,1969.0,14647.0,3355.7765566666667,3336.92147638694,0.9943813063947096,0,100,900,1790635140.9206274,2300.0,2300.0,performance,,32861568.0,31926004.0,29420788.0,0.0,0.0,23.3,15.97,14.9,,,
3,65,hdr_histogram,HdrHistogram,250,read-heavy,1,307692.70616751147,773.0,1709.0,796.9208444444445,350.7334425025999,0.4401107650121837,0,100,900,1790635146.9034028,2831.6965,3239.387,performance,,32861568.0,31954292.0,29449092.0,0.0,0.0,22.96,16.02,14.92,,,
3,66,sharded_n,Sharded-N,250,mixed,1,303101.053551781,791.0,1698.0,811.2819822222223,350.1481678698987,0.43159860016956214,0,100,900,1790635150.2137601,2825.672125,3280.417,performance,,32861568.0,31955464.0,29450240.0,0.0,0.0,21.12,15.76,14.84,,,
3,67,sharded_n,Sharded-N,100,mixed,1,281037.7436094101,335.0,767.0,349.1232777777778,144.82551891707416,0.41482630387440905,0,100,900,1790635153.3689728,2400.18075,3101.446,performance,,32861568.0,31963676.0,29458424.0,0.0,0.0,19.43,15.5,14.76,,,
3,68,hdr_histogram,HdrHistogram,750,mixed,1,286211.20736916026,1924.0,8718.0,2556.9356666666667,1891.9905316650538,0.7399445188746323,0,100,900,1790635156.046199,2800.71425,3195.297,performance,,32861568.0,31977748.0,29472464.0,0.0,0.0,19.43,15.5,14.76,,,
3,69,sharded_2key,Sharded-2key,250,read-heavy,1,306176.2768518942,778.0,1708.0,801.5187955555556,356.24421357922347,0.4444614593626596,0,100,900,1790635161.0237226,2300.0,2300.0,performance,,32861568.0,31925528.0,29420032.0,0.0,0.0,18.11,15.29,14.69,,,
3,70,sharded_n,Sharded-N,1500,mixed,1,277261.75662341766,2086.0,27698.0,5233.809102962963,6971.789317199319,1.3320679413493417,0,100,900,1790635164.3366306,2300.0,2300.0,performance,,32861568.0,31955388.0,29449928.0,0.0,0.0,17.78,15.27,14.69,,,
3,71,global_mutex,GlobalMutex,750,mixed,1,290558.244376527,1874.0,8818.0,2522.594425185185,1899.7492011450558,0.7530933955051431,0,100,900,1790635172.1302834,2402.762375,3122.099,performance,,32861568.0,31933396.0,29427612.0,0.0,0.0,18.44,15.44,14.75,,,
3,72,disabled,Disabled,2000,write-heavy,1,272607.39944725117,2143.0,44167.0,7079.026862222222,10738.062867250608,1.5168840401715546,0,100,900,1790635177.0649261,2300.0,2300.0,performance,,32861568.0,31961988.0,29456196.0,0.0,0.0,16.96,15.19,14.67,,,
3,73,hdr_histogram,HdrHistogram,100,write-heavy,1,288722.0657070597,325.0,725.0,339.4464777777778,141.6493969369869,0.4172952327103514,0,100,900,1790635186.7976737,2300.0,2300.0,performance,,32861568.0,31945732.0,29439596.0,0.0,0.0,15.64,14.95,14.6,,,
3,74,sharded_n,Sharded-N,3000,read-heavy,1,264665.71510121267,2196.0,76272.0,10899.113428148148,18407.001153659523,1.6888530681882286,0,100,900,1790635189.4705985,2514.321,3160.675,performance,,32861568.0,31961860.0,29455700.0,0.0,0.0,15.91,15.02,14.62,,,
3,75,hdr_histogram,HdrHistogram,750,read-heavy,1,296275.7408560895,1856.0,8567.0,2468.8460266666666,1803.4515192319918,0.7304835942591921,0,100,900,1790635203.3786514,2300.0,2300.0,performance,,32861568.0,31958468.0,29451924.0,0.0,0.0,19.1,15.78,14.88,,,
3,76,sharded_2key,Sharded-2key,2000,mixed,1,274686.76156186796,2117.0,42858.0,7035.664981111111,10593.626672263345,1.5057036826944452,0,100,900,1790635208.4395015,2381.348,2950.784,performance,,32861568.0,31919308.0,29412792.0,0.0,0.0,17.57,15.52,14.8,,,
3,77,hdr_histogram,HdrHistogram,1500,write-heavy,1,275704.4996256671,2088.0,27738.0,5247.473351111111,6919.0449969025385,1.318547905619661,0,100,900,1790635218.1113567,2376.232,2909.856,performance,,32861568.0,31952956.0,29446088.0,0.0,0.0,15.75,15.21,14.71,,,
3,78,global_mutex,GlobalMutex,1500,read-heavy,1,287027.6825351596,1959.0,26113.0,5038.47395037037,6518.544661151408,1.2937537685735658,0,100,900,1790635225.9514377,2399.044125,3092.353,performance,,32861568.0,31916676.0,29409668.0,0.0,0.0,15.45,15.15,14.69,,,
3,79,disabled,Disabled,3000,read-heavy,1,263635.29688983824,2200.0,76064.0,10956.953288518518,18498.62515796687,1.688300084052659,0,100,900,1790635233.7420914,2300.0,2300.0,performance,,32861568.0,31947924.0,29440732.0,0.0,0.0,14.7,15.01,14.65,,,
3,80,disabled,Disabled,500,mixed,1,299842.69892203313,1520.0,4396.0,1636.9392222222223,848.1329663669214,0.51812123190227,0,100,900,1790635247.713723,2300.0,2300.0,performance,,32861568.0,31963284.0,29455652.0,0.0,0.0,12.94,14.62,14.53,,,
3,81,hdr_histogram,HdrHistogram,1500,read-heavy,1,283462.80960851366,2002.0,27364.0,5102.5137911111115,6689.945805434,1.3111078341597608,0,100,900,1790635251.7237084,2601.267375,3140.498,performance,,32861568.0,31952880.0,29445300.0,0.0,0.0,12.94,14.62,14.53,,,
3,82,thread_local,ThreadLocal,2000,read-heavy,1,281568.65577924094,2020.0,42533.0,6855.335503333334,10277.172871415882,1.4991495115620113,0,100,900,1790635259.551602,2407.298,3158.384,performance,,32861568.0,31909456.0,29401652.0,0.0,0.0,21.1,16.36,15.1,,,
3,83,thread_local,ThreadLocal,1500,mixed,1,297689.7749293832,1920.0,25770.0,4863.568854074074,6654.272831205571,1.368187236751357,0,100,900,1790635269.2241702,2412.215375,3197.723,performance,,32861568.0,31945936.0,29437908.0,0.0,0.0,18.82,16.04,15.01,,,
3,84,global_mutex,GlobalMutex,3000,write-heavy,1,252075.4888147259,2347.0,81184.0,11438.065593333333,19320.75965025186,1.6891632149332094,0,100,900,1790635276.682723,2863.881375,3089.329,performance,,32861568.0,31928092.0,29419796.0,0.0,0.0,19.4,16.2,15.07,,,
3,85,sharded_2key,Sharded-2key,100,mixed,1,280861.1652705058,330.0,948.0,349.6887777777778,159.2637047161868,0.45544414015309526,0,100,900,1790635290.984734,2300.0,2300.0,performance,,32861568.0,31959028.0,29450468.0,0.0,0.0,20.46,16.6,15.22,,,
3,86,thread_local,ThreadLocal,750,mixed,1,300802.53152843687,1796.0,8286.0,2432.650434074074,1821.4340643946796,0.748744677361736,0,100,900,1790635293.6602318,2400.054625,3100.437,performance,,32861568.0,31976864.0,29468300.0,0.0,0.0,18.82,16.32,15.13,,,
3,87,global_mutex,GlobalMutex,500,read-heavy,1,303562.7678654306,1494.0,4303.0,1612.5849333333333,833.4381517531881,0.5168336467279334,0,100,900,1790635298.5136075,2670.90525,3160.643,performance,,32861568.0,31949844.0,29441204.0,0.0,0.0,17.31,16.05,15.05,,,
3,88,sharded_n,Sharded-N,1000,read-heavy,1,291366.07912092493,1952.0,14484.0,3344.236261111111,3364.8712743647384,1.0061703216048412,0,100,900,1790635302.6702175,2506.86,3156.483,performance,,32861568.0,31937264.0,29428552.0,0.0,0.0,15.93,15.79,14.97,,,
3,89,disabled,Disabled,250,read-heavy,1,316845.69225137564,756.0,1585.0,773.7156044444445,339.1015248608028,0.43827670388564777,0,100,900,1790635308.628765,2300.0,2300.0,performance,,32861568.0,31942984.0,29434032.0,0.0,0.0,14.65,15.52,14.89,,,
3,90,hdr_histogram,HdrHistogram,3000,mixed,1,256207.05156595595,2299.0,79621.0,11277.102895555556,19005.300641130347,1.6852999229634207,0,100,900,1790635311.9233446,2403.087375,3124.699,performance,,32861568.0,31947952.0,29439016.0,0.0,0.0,14.65,15.52,14.89,,,
3,91,hdr_histogram,HdrHistogram,1000,read-heavy,1,292094.8040577522,1918.0,14241.0,3321.777808888889,3283.178885042485,0.9883800404280155,0,100,900,1790635326.041242,2403.395,3127.16,performance,,32861568.0,31953432.0,29444084.0,0.0,0.0,17.78,16.18,15.12,,,
3,92,sharded_2key,Sharded-2key,750,mixed,1,292645.4031219107,1887.0,8832.0,2503.037331851852,1841.9505706007699,0.7358861760315887,0,100,900,1790635332.0071337,3034.077375,3080.752,performance,,32861568.0,31923616.0,29414284.0,0.0,0.0,19.72,16.61,15.26,,,
3,93,disabled,Disabled,1000,write-heavy,1,285439.03295833466,2002.0,15010.0,3406.1110922222224,3433.5487755865424,1.0080554282057839,0,100,900,1790635336.93145,2400.787,3106.296,performance,,32861568.0,31932000.0,29422528.0,0.0,0.0,18.14,16.33,15.18,,,
3,94,global_mutex,GlobalMutex,2000,write-heavy,1,266487.3562470395,2174.0,46069.0,7226.403551666666,10955.92262960417,1.5160961536776263,0,100,900,1790635342.8064184,2398.705875,3089.647,performance,,32861568.0,31931644.0,29421968.0,0.0,0.0,15.42,15.81,15.02,,,
3,95,sharded_n,Sharded-N,2000,write-heavy,1,263973.5262745519,2197.0,44468.0,7311.878611111111,10862.740104461525,1.4856291634757905,0,100,900,1790635352.7045624,2394.556625,3056.453,performance,,32861568.0,31951380.0,29441488.0,0.0,0.0,13.64,15.42,14.9,,,
3,96,hdr_histogram,HdrHistogram,1500,mixed,1,282714.21360621555,2010.0,25980.0,5125.749722222222,6642.875462440564,1.2959812363918162,0,100,900,1790635362.683683,2300.0,2300.0,performance,,32861568.0,31927128.0,29416932.0,0.0,0.0,12.28,15.08,14.8,,,
3,97,thread_local,ThreadLocal,2000,write-heavy,1,270890.32349668554,2144.0,43106.0,7116.383077222222,10915.832324946727,1.5339017316093622,0,100,900,1790635370.390936,2300.0,2300.0,performance,,32861568.0,31938208.0,29427780.0,0.0,0.0,18.26,16.27,15.19,,,
3,98,global_mutex,GlobalMutex,1500,write-heavy,1,276967.56689090945,2055.0,27126.0,5227.732566666667,6686.589386600237,1.279061103705956,0,100,900,1790635380.1848814,2300.0,2300.0,performance,,32861568.0,31940788.0,29430224.0,0.0,0.0,17.65,16.2,15.17,,,
3,99,hdr_histogram,HdrHistogram,750,write-heavy,1,295221.5133569291,1892.0,8343.0,2484.383408888889,1773.5975838691359,0.7138984979224107,0,100,900,1790635387.9927506,2715.778,3169.532,performance,,32861568.0,31922400.0,29411616.0,0.0,0.0,16.55,16.02,15.13,,,
3,100,sharded_n,Sharded-N,1000,write-heavy,1,283786.5446178012,2019.0,14893.0,3432.7076533333334,3423.70566713554,0.9973775843716105,0,100,900,1790635392.899209,2412.866125,3202.929,performance,,32861568.0,31938624.0,29427808.0,0.0,0.0,15.23,15.76,15.05,,,
3,101,disabled,Disabled,1000,mixed,1,284348.77052213874,2021.0,14992.0,3430.4439333333335,3406.2065714672854,0.9929346281889245,0,100,900,1790635398.789388,2771.683375,3139.707,performance,,32861568.0,31916660.0,29405676.0,0.0,0.0,14.01,15.5,14.97,,,
3,102,sharded_2key,Sharded-2key,500,mixed,1,301459.7935265565,1537.0,4026.0,1625.5533888888888,792.4228736859841,0.4874788358859301,0,100,900,1790635404.6754985,2365.854625,2826.837,performance,,32861568.0,31950848.0,29439836.0,0.0,0.0,13.85,15.44,14.95,,,
3,103,sharded_n,Sharded-N,1500,read-heavy,1,281650.4182335235,2045.0,27041.0,5160.4377466666665,6785.224086259892,1.314854363012661,0,100,900,1790635408.6844974,2877.003625,3220.147,performance,,32861568.0,31945488.0,29434464.0,0.0,0.0,12.74,15.18,14.87,,,
3,104,thread_local,ThreadLocal,250,mixed,1,307399.5481396054,783.0,1613.0,798.3639155555555,338.26516947872176,0.4236979689185151,0,100,900,1790635416.5710099,2300.0,2300.0,performance,,32861568.0,31931140.0,29419780.0,0.0,0.0,13.08,15.21,14.88,,,
3,105,disabled,Disabled,100,read-heavy,1,292169.40797751816,322.0,733.0,336.1702888888889,139.01543525185954,0.4135268340082457,0,100,900,1790635419.7207808,2300.0,2300.0,performance,,32861568.0,31946120.0,29434756.0,0.0,0.0,13.71,15.31,14.91,,,
3,106,hdr_histogram,HdrHistogram,500,write-heavy,1,294834.8845597956,1552.0,4345.0,1662.9665066666666,840.8798604162226,0.5056505089219893,0,100,900,1790635422.55338,2383.806375,2970.451,performance,,32861568.0,31950812.0,29439420.0,0.0,0.0,12.62,15.05,14.83,,,
3,107,sharded_2key,Sharded-2key,2000,write-heavy,1,271302.4467021083,2131.0,40840.0,7099.872584444444,10502.697216898549,1.4792796760760982,0,100,900,1790635426.602713,2300.0,2300.0,performance,,32861568.0,31927380.0,29416012.0,0.0,0.0,12.62,15.05,14.83,,,
3,108,sharded_2key,Sharded-2key,1000,mixed,1,289366.1955920147,1954.0,14387.0,3354.308922222222,3291.069729201588,0.9811468786903688,0,100,900,1790635436.384629,2392.06325,3036.506,performance,,32861568.0,31946012.0,29434104.0,0.0,0.0,14.86,15.43,14.96,,,
3,109,global_mutex,GlobalMutex,3000,mixed,1,255452.21983121184,2295.0,79287.0,11306.188496666668,19152.9658866609,1.6940249927999738,0,100,900,1790635442.2081456,2363.84375,2810.75,performance,,32861568.0,31922816.0,29410880.0,0.0,0.0,15.19,15.49,14.98,,,
3,110,sharded_n,Sharded-N,500,write-heavy,1,290001.91766668076,1578.0,4386.0,1690.8336644444444,856.1906472626695,0.5063718952768705,0,100,900,1790635456.3467422,2300.0,2300.0,performance,,32861568.0,31945432.0,29433108.0,0.0,0.0,16.45,15.71,15.06,,,
3,111,sharded_n,Sharded-N,100,write-heavy,1,285076.22358563694,328.0,761.0,344.3232,143.9110024801217,0.4179532557786455,0,100,900,1790635460.418022,2406.44925,3151.594,performance,,32861568.0,31951804.0,29439564.0,0.0,0.0,21.54,16.78,15.41,,,
3,112,global_mutex,GlobalMutex,1000,write-heavy,1,281987.5172021785,2010.0,14732.0,3448.727658888889,3369.4539451543255,0.9770136347153304,0,100,900,1790635463.0911202,2493.8355,3216.669,performance,,32861568.0,31958516.0,29446248.0,0.0,0.0,19.81,16.5,15.32,,,
3,113,global_mutex,GlobalMutex,1000,read-heavy,1,295706.21699840995,1927.0,14148.0,3282.007667777778,3319.2166403440056,1.0113372594864842,0,100,900,1790635469.003037,2300.0,2300.0,performance,,32861568.0,31945992.0,29433600.0,0.0,0.0,18.22,16.23,15.24,,,
3,114,sharded_2key,Sharded-2key,3000,write-heavy,1,252540.82393925445,2328.0,80336.0,11421.412528518518,19394.333238926854,1.6980678344732296,0,100,900,1790635474.9284341,2387.2725,2998.18,performance,,32861568.0,31918824.0,29406284.0,0.0,0.0,17.57,16.12,15.21,,,
3,115,global_mutex,GlobalMutex,1500,mixed,1,279529.3245726035,2056.0,28008.0,5197.42466074074,7014.201388287531,1.349553258803344,0,100,900,1790635489.2111092,2300.0,2300.0,performance,,32861568.0,31946904.0,29433880.0,0.0,0.0,20.09,16.79,15.45,,,
3,116,global_mutex,GlobalMutex,500,mixed,1,296033.53274187184,1550.0,4236.0,1654.7051977777778,820.3302551722954,0.4957561360621673,0,100,900,1790635496.960726,2480.249,3042.501,performance,,32861568.0,31940612.0,29427496.0,0.0,0.0,19.44,16.71,15.43,,,
3,117,hdr_histogram,HdrHistogram,3000,write-heavy,1,248344.08665405386,2402.0,80737.0,11614.266612962963,19687.313757110176,1.6950974532594842,0,100,900,1790635500.992416,2412.555625,3200.445,performance,,32861568.0,31943120.0,29429960.0,0.0,0.0,19.08,16.68,15.43,,,
3,118,sharded_2key,Sharded-2key,750,read-heavy,1,292984.6505211377,1841.0,9038.0,2500.746422222222,1926.5697889571215,0.7703978987382201,0,100,900,1790635515.4710476,2688.931625,3158.368,performance,,32861568.0,31956376.0,29442680.0,0.0,0.0,19.86,17.0,15.55,,,
3,119,hdr_histogram,HdrHistogram,500,mixed,1,300111.4904183188,1508.0,4322.0,1631.768928888889,857.9475937619194,0.5257776260920207,0,100,900,1790635520.5349867,2831.5385,3199.901,performance,,32861568.0,31935868.0,29422288.0,0.0,0.0,23.96,17.9,15.85,,,
3,120,disabled,Disabled,250,write-heavy,1,298116.7381343248,802.0,1770.0,823.4724755555555,360.40060130751755,0.4376595599802815,0,100,900,1790635524.5539567,2511.206625,3145.083,performance,,32861568.0,31937316.0,29423672.0,0.0,0.0,23.64,17.93,15.87,,,
3,121,thread_local,ThreadLocal,750,write-heavy,1,290678.81872708304,1877.0,8556.0,2517.0894222222223,1867.0372187432633,0.7417444935646912,0,100,900,1790635527.7189553,2300.0,2300.0,performance,,32861568.0,31928756.0,29415072.0,0.0,0.0,21.75,17.64,15.79,,,
3,122,hdr_histogram,HdrHistogram,100,read-heavy,1,287085.9605606284,329.0,715.0,342.1506888888889,139.37232233607432,0.4073419310908783,0,100,900,1790635532.6607616,2791.44,3144.464,performance,,32861568.0,31934356.0,29420544.0,0.0,0.0,20.0,17.34,15.7,,,
3,123,disabled,Disabled,750,read-heavy,1,294112.8602598883,1845.0,8827.0,2492.064008888889,1893.1887402839293,0.7596870439648241,0,100,900,1790635535.4991007,2769.05225,3104.098,performance,,32861568.0,31963936.0,29450072.0,0.0,0.0,20.0,17.34,15.7,,,
3,124,global_mutex,GlobalMutex,100,write-heavy,1,286278.31943862425,327.0,779.0,343.2381222222222,150.7973020547396,0.43933727721861,0,100,900,1790635540.5654085,2921.859,3184.264,performance,,32861568.0,31945120.0,29431124.0,0.0,0.0,19.2,17.22,15.67,,,
3,125,sharded_n,Sharded-N,2000,read-heavy,1,274853.74233767396,2088.0,38553.0,7038.706408888889,10495.005593136644,1.491041816985425,0,100,900,1790635543.2347963,2697.542125,3126.378,performance,,32861568.0,31938216.0,29424176.0,0.0,0.0,17.67,16.93,15.59,,,
3,126,disabled,Disabled,1500,write-heavy,1,287267.0548552909,1993.0,26354.0,5045.6176140740745,6639.834788048542,1.3159607595961318,0,100,900,1790635553.0797498,2300.0,2300.0,performance,,32861568.0,31941428.0,29426996.0,0.0,0.0,16.13,16.64,15.51,,,
3,127,sharded_n,Sharded-N,500,mixed,1,291700.81959282997,1548.0,4446.0,1680.450308888889,867.0188260092485,0.5159443402896692,0,100,900,1790635560.699156,2411.9655,3195.724,performance,,32861568.0,31935960.0,29421444.0,0.0,0.0,17.72,16.96,15.62,,,
3,128,thread_local,ThreadLocal,500,mixed,1,303184.8689222935,1491.0,4459.0,1617.1352844444446,852.8431795687288,0.5273789940596819,0,100,900,1790635564.7540832,2712.801,3228.323,performance,,32861568.0,31937484.0,29422940.0,0.0,0.0,17.18,16.86,15.59,,,
3,129,hdr_histogram,HdrHistogram,2000,read-heavy,1,274986.4654487956,2084.0,41226.0,7015.247676666667,10481.28903471708,1.494072557064346,0,100,900,1790635568.7504013,2659.197125,3118.848,performance,,32861568.0,31930964.0,29416396.0,0.0,0.0,15.81,16.58,15.51,,,
3,130,global_mutex,GlobalMutex,250,read-heavy,1,309005.93470618076,775.0,1682.0,796.0607866666667,332.3071978201611,0.4174394762134008,0,100,900,1790635578.5953972,2579.916875,3078.71,performance,,32861568.0,31937912.0,29422940.0,0.0,0.0,15.14,16.43,15.47,,,
3,131,thread_local,ThreadLocal,1000,mixed,1,298385.51237920724,1896.0,14104.0,3249.6496644444446,3319.218746729724,1.0214081791789618,0,100,900,1790635581.8957267,2300.0,2300.0,performance,,32861568.0,31938044.0,29423068.0,0.0,0.0,15.14,16.43,15.47,,,
3,132,global_mutex,GlobalMutex,750,write-heavy,1,287247.022451623,1865.0,8855.0,2552.1139303703703,1928.0495364500011,0.7554715773093237,0,100,900,1790635587.6203606,2503.277375,3116.388,performance,,32861568.0,31928960.0,29413908.0,0.0,0.0,13.4,16.02,15.35,,,
3,133,hdr_histogram,HdrHistogram,1000,mixed,1,294943.7312445035,1906.0,14250.0,3295.115481111111,3251.9515529709906,0.9869006326523143,0,100,900,1790635592.5836954,2300.0,2300.0,performance,,32861568.0,31922452.0,29407412.0,0.0,0.0,12.33,15.75,15.26,,,
3,134,sharded_n,Sharded-N,250,write-heavy,1,301965.54770116473,798.0,1718.0,815.1204577777778,338.86056268824495,0.4157183879448488,0,100,900,1790635598.3608902,2959.8265,3157.072,performance,,32861568.0,31909264.0,29393972.0,0.0,0.0,11.34,15.49,15.18,,,
3,135,thread_local,ThreadLocal,3000,mixed,1,255954.7547589349,2301.0,79266.0,11252.983098148148,19204.033423600387,1.7065726710956055,0,100,900,1790635601.5192244,2410.365875,3182.927,performance,,32861568.0,31943224.0,29427904.0,0.0,0.0,11.34,15.49,15.18,,,
3,136,hdr_histogram,HdrHistogram,1000,write-heavy,1,289863.441628838,1951.0,14229.0,3357.3877644444447,3336.513142266357,0.9937824810112329,0,100,900,1790635615.638117,2412.45175,3199.614,performance,,32861568.0,31951692.0,29435864.0,0.0,0.0,13.24,15.73,15.27,,,
3,137,global_mutex,GlobalMutex,500,write-heavy,1,304226.6562252292,1528.0,3901.0,1612.71144,770.8529753666444,0.47798568066624764,0,100,900,1790635621.459051,2823.52825,3179.364,performance,,32861568.0,31913924.0,29398108.0,0.0,0.0,13.54,15.75,15.28,,,
3,138,thread_local,ThreadLocal,1500,read-heavy,1,284297.1733908109,2017.0,26556.0,5098.171306666667,6794.34013296946,1.3327014186606054,0,100,900,1790635625.45551,2399.395875,3095.167,performance,,32861568.0,31937072.0,29421216.0,0.0,0.0,13.9,15.79,15.29,,,
3,139,hdr_histogram,HdrHistogram,3000,read-heavy,1,260581.77932972414,2244.0,78850.0,11040.071005555556,18835.4376349555,1.7060975083835221,0,100,900,1790635633.2727067,2300.0,2300.0,performance,,32861568.0,31916704.0,29400572.0,0.0,0.0,12.87,15.52,15.21,,,
3,140,sharded_2key,Sharded-2key,1500,mixed,1,279578.9097937132,2065.0,26369.0,5185.632468148148,6793.025644962931,1.309970516940396,0,100,900,1790635647.3503025,2402.21025,3117.682,performance,,32861568.0,31946980.0,29430392.0,0.0,0.0,13.11,15.47,15.2,,,
3,141,disabled,Disabled,500,read-heavy,1,312249.64755671046,1477.0,3844.0,1564.64532,764.4809575538187,0.4885969668536884,0,100,900,1790635655.0960002,2400.7505,3106.004,performance,,32861568.0,31922004.0,29405340.0,0.0,0.0,13.5,15.51,15.21,,,
3,142,thread_local,ThreadLocal,1500,write-heavy,1,278417.8312697562,2074.0,27639.0,5196.6657725925925,6951.127461116275,1.3376129551715215,0,100,900,1790635659.217196,2404.89775,3139.182,performance,,32861568.0,31941788.0,29425100.0,0.0,0.0,12.42,15.25,15.13,,,
3,143,disabled,Disabled,100,mixed,1,290711.27944356547,322.0,791.0,337.2528555555555,148.2369385273333,0.43954242665534465,0,100,900,1790635666.9788826,2300.0,2300.0,performance,,32861568.0,31926316.0,29409408.0,0.0,0.0,13.03,15.33,15.16,,,
3,144,thread_local,ThreadLocal,750,read-heavy,1,302625.5344830965,1765.0,8381.0,2418.688660740741,1812.9985180286724,0.7495791200647662,0,100,900,1790635669.6456997,2300.0,2300.0,performance,,32861568.0,31955060.0,29438112.0,0.0,0.0,12.63,15.21,15.12,,,
4,1,hdr_histogram,HdrHistogram,750,write-heavy,1,286681.68343831884,1919.0,8980.0,2556.4375407407406,1917.080737007791,0.7499032174485699,0,100,900,1790635674.6411366,2406.0245,3148.196,performance,,32861568.0,31918492.0,29401544.0,0.0,0.0,12.74,15.19,15.11,,,
4,2,sharded_n,Sharded-N,750,mixed,1,289765.4230547295,1892.0,8869.0,2517.970674074074,1892.1339495122777,0.7514519406418689,0,100,900,1790635679.6161187,2515.961625,3197.895,performance,,32861568.0,31932084.0,29415020.0,0.0,0.0,12.92,15.19,15.11,,,
4,3,disabled,Disabled,500,read-heavy,1,318334.2650529246,1457.0,3757.0,1543.0239244444444,714.5442820022539,0.4630804945292866,0,100,900,1790635684.5612483,2599.9715,3184.274,performance,,32861568.0,31921560.0,29404348.0,0.0,0.0,13.09,15.18,15.11,,,
4,4,sharded_2key,Sharded-2key,500,mixed,1,298514.6488203023,1519.0,4405.0,1651.609931111111,859.9391146885538,0.5206671977989589,0,100,900,1790635688.6535056,2387.136375,2997.091,performance,,32861568.0,31928044.0,29410820.0,0.0,0.0,12.04,14.93,15.03,,,
4,5,disabled,Disabled,100,read-heavy,1,295797.74927492574,319.0,717.0,331.5611777777778,135.3409465152096,0.40819298393830394,0,100,900,1790635692.682004,2582.4185,3133.218,performance,,32861568.0,31922412.0,29405132.0,0.0,0.0,11.07,14.68,14.95,,,
4,6,thread_local,ThreadLocal,2000,write-heavy,1,270675.87127615977,2156.0,44029.0,7125.615714444444,10831.834322487028,1.5201260854594856,0,100,900,1790635695.5039146,2788.3725,3107.432,performance,,32861568.0,31929056.0,29411724.0,0.0,0.0,11.07,14.68,14.95,,,
4,7,sharded_n,Sharded-N,1500,mixed,1,276952.98869801936,2072.0,27333.0,5243.284077037037,6881.6883797395285,1.3124767375999868,0,100,900,1790635705.2843468,2407.9825,3163.86,performance,,32861568.0,31950932.0,29433192.0,0.0,0.0,13.07,15.0,15.05,,,
4,8,sharded_2key,Sharded-2key,500,read-heavy,1,306363.78486280475,1468.0,4375.0,1593.1015733333334,848.3660769611223,0.5325247875978426,0,100,900,1790635713.0873592,2861.384625,3109.563,performance,,32861568.0,31918924.0,29401044.0,0.0,0.0,12.09,14.74,14.96,,,
4,9,disabled,Disabled,3000,write-heavy,1,253212.93231336886,2333.0,82397.0,11370.239119259259,19346.76252880239,1.7015264433649642,0,100,900,1790635717.2432728,2627.237875,3200.897,performance,,32861568.0,31939572.0,29421732.0,0.0,0.0,12.09,14.74,14.96,,,
4,10,hdr_histogram,HdrHistogram,250,write-heavy,1,299272.0279744807,798.0,1749.0,817.5947111111111,348.72184479025225,0.42652164948124394,0,100,900,1790635731.5312922,2732.714,3197.577,performance,,32861568.0,31958588.0,29440200.0,0.0,0.0,11.54,14.47,14.87,,,
4,11,disabled,Disabled,3000,mixed,1,261339.11783117717,2239.0,79974.0,11029.421067777777,18822.251779419887,1.7065493885629863,0,100,900,1790635734.6966388,2840.605125,3233.218,performance,,32861568.0,31973388.0,29455024.0,0.0,0.0,11.98,14.52,14.89,,,
4,12,thread_local,ThreadLocal,750,read-heavy,1,298431.41556510155,1830.0,8301.0,2456.6474177777777,1813.9140214623499,0.738369701869213,0,100,900,1790635748.5869277,2776.96675,3109.178,performance,,32861568.0,31970940.0,29452160.0,0.0,0.0,11.02,14.19,14.78,,,
4,13,thread_local,ThreadLocal,250,read-heavy,1,320249.08444309497,754.0,1514.0,767.2277244444444,306.0833305335144,0.39894717146092673,0,100,900,1790635753.6196802,2763.174625,3291.345,performance,,32861568.0,31924344.0,29405556.0,0.0,0.0,10.13,13.96,14.7,,,
4,14,sharded_n,Sharded-N,100,mixed,1,281788.6725099075,336.0,760.0,349.1234888888889,144.17615476708843,0.41296606889997467,0,100,900,1790635756.9059942,2300.0,2300.0,performance,,32861568.0,31942748.0,29424012.0,0.0,0.0,10.13,13.96,14.7,,,
4,15,sharded_n,Sharded-N,2000,write-heavy,1,268806.93636586785,2161.0,44938.0,7152.566798888889,10957.107571656861,1.5319126517432855,0,100,900,1790635759.5807683,2399.411875,3095.295,performance,,32861568.0,31963420.0,29444652.0,0.0,0.0,10.44,13.96,14.69,,,
4,16,hdr_histogram,HdrHistogram,3000,write-heavy,1,248631.8792113747,2373.0,81628.0,11606.414375555556,19737.148603309233,1.7005379925843367,0,100,900,1790635769.4289808,2514.4275,3265.938,performance,,32861568.0,31942068.0,29422932.0,0.0,0.0,12.52,14.29,14.79,,,
4,17,disabled,Disabled,2000,mixed,1,275720.1578919204,2097.0,42245.0,6995.819266666666,10558.248206930557,1.5092225519944427,0,100,900,1790635783.9202316,2412.284625,3198.277,performance,,32861568.0,31943564.0,29423960.0,0.0,0.0,12.65,14.25,14.77,,,
4,18,global_mutex,GlobalMutex,250,read-heavy,1,320569.00776617316,753.0,1560.0,765.231,308.4152401821207,0.40303547580027566,0,100,900,1790635793.5743842,2411.95775,3195.662,performance,,32861568.0,31962412.0,29442744.0,0.0,0.0,12.18,14.11,14.72,,,
4,19,sharded_2key,Sharded-2key,1500,mixed,1,280233.01884503156,2037.0,28624.0,5180.860855555556,6965.223556900292,1.3444143263240362,0,100,900,1790635796.8617887,2582.789875,3072.049,performance,,32861568.0,31964984.0,29445292.0,0.0,0.0,12.18,14.11,14.72,,,
4,20,disabled,Disabled,1000,write-heavy,1,286653.1627291937,1956.0,14899.0,3384.473091111111,3430.6162661229155,1.0136337839804352,0,100,900,1790635804.599714,2300.0,2300.0,performance,,32861568.0,31941628.0,29421676.0,0.0,0.0,12.89,14.21,14.75,,,
4,21,thread_local,ThreadLocal,2000,read-heavy,1,278450.2145488836,2042.0,42118.0,6933.474704444445,10436.706240461313,1.50526347687852,0,100,900,1790635810.4513762,2703.568,3130.848,performance,,32861568.0,31915364.0,29395340.0,0.0,0.0,12.42,14.09,14.7,,,
4,22,sharded_2key,Sharded-2key,250,write-heavy,1,301782.5935662848,782.0,1887.0,811.7324844444445,373.6031041403874,0.4602539768949669,0,100,900,1790635820.1992273,2401.0185,3108.148,performance,,32861568.0,31925396.0,29405020.0,0.0,0.0,16.4,14.9,14.97,,,
4,23,global_mutex,GlobalMutex,250,write-heavy,1,308561.9786051681,779.0,1613.0,794.8817866666667,331.6853605649045,0.4172763373480044,0,100,900,1790635823.3612401,2411.275625,3190.205,performance,,32861568.0,31950012.0,29429640.0,0.0,0.0,15.09,14.65,14.88,,,
4,24,sharded_2key,Sharded-2key,100,write-heavy,1,288026.53991749417,330.0,699.0,341.0138666666667,132.58160365835926,0.38878654687656666,0,100,900,1790635826.5099475,2509.332375,3143.995,performance,,32861568.0,31963932.0,29443544.0,0.0,0.0,15.09,14.65,14.88,,,
4,25,hdr_histogram,HdrHistogram,750,mixed,1,290470.685963454,1868.0,8773.0,2520.047943703704,1901.2093049742182,0.7544337835811246,0,100,900,1790635829.17981,2300.0,2300.0,performance,,32861568.0,31968664.0,29448232.0,0.0,0.0,13.88,14.41,14.8,,,
4,26,thread_local,ThreadLocal,1500,write-heavy,1,275086.5289465345,2077.0,28961.0,5255.595024444445,7128.811304491143,1.3564232539482457,0,100,900,1790635834.1208177,3074.396375,3111.749,performance,,32861568.0,31915292.0,29394808.0,0.0,0.0,12.77,14.17,14.72,,,
4,27,global_mutex,GlobalMutex,1500,read-heavy,1,287049.76240779535,1999.0,26082.0,5065.271635555556,6627.515293684071,1.3084224836358989,0,100,900,1790635841.9618707,2300.0,2300.0,performance,,32861568.0,31928856.0,29408128.0,0.0,0.0,13.75,14.35,14.78,,,
4,28,sharded_2key,Sharded-2key,2000,read-heavy,1,278991.92756945,2062.0,41460.0,6891.706901666666,10546.5063314022,1.5303184656404454,0,100,900,1790635849.7469058,2912.301625,3182.518,performance,,32861568.0,31934288.0,29413384.0,0.0,0.0,16.52,14.89,14.95,,,
4,29,sharded_n,Sharded-N,2000,mixed,1,271584.6426841992,2142.0,44422.0,7089.4325,10805.011124496586,1.5241009946136854,0,100,900,1790635859.4715524,3000.077875,3146.932,performance,,32861568.0,31945124.0,29423956.0,0.0,0.0,20.0,15.69,15.21,,,
4,30,disabled,Disabled,750,write-heavy,1,287260.4148928558,1908.0,8776.0,2559.7924503703703,1904.6696999492735,0.7440719264851693,0,100,900,1790635869.228789,2491.662,3123.294,performance,,32861568.0,31933560.0,29412164.0,0.0,0.0,17.73,15.35,15.1,,,
4,31,global_mutex,GlobalMutex,500,mixed,1,312258.23882919847,1453.0,4271.0,1568.6084644444445,813.9815471317075,0.5189195172550571,0,100,900,1790635874.1859488,2989.847,3119.306,performance,,32861568.0,31936736.0,29415276.0,0.0,0.0,16.31,15.1,15.02,,,
4,32,sharded_2key,Sharded-2key,100,read-heavy,1,291983.0714184623,322.0,744.0,335.98696666666666,137.19384460855494,0.4083308527400863,0,100,900,1790635878.1443331,2400.127125,3101.017,performance,,32861568.0,31936264.0,29414772.0,0.0,0.0,15.0,14.84,14.94,,,
4,33,hdr_histogram,HdrHistogram,1000,mixed,1,287154.2675540591,1959.0,14197.0,3389.458846666667,3298.5084846747136,0.9731667012032326,0,100,900,1790635880.9760988,3006.996625,3042.495,performance,,32861568.0,31947112.0,29425592.0,0.0,0.0,15.0,14.84,14.94,,,
4,34,sharded_n,Sharded-N,1500,write-heavy,1,273803.01856851514,2115.0,28627.0,5301.685743703703,7102.129361345032,1.3395983286598117,0,100,900,1790635886.8279538,2682.970375,3128.93,performance,,32861568.0,31920944.0,29399216.0,0.0,0.0,16.61,15.18,15.05,,,
4,35,global_mutex,GlobalMutex,100,mixed,1,291350.5480847664,323.0,691.0,336.55303333333336,136.24341530021903,0.4048200485695192,0,100,900,1790635894.6876423,2300.0,2300.0,performance,,32861568.0,31924676.0,29402668.0,0.0,0.0,16.14,15.12,15.03,,,
4,36,disabled,Disabled,500,write-heavy,1,295392.236564912,1550.0,4481.0,1662.6075955555555,855.1407672140762,0.51433709884402,0,100,900,1790635897.351774,2796.231875,3207.132,performance,,32861568.0,31942264.0,29420220.0,0.0,0.0,16.14,15.12,15.03,,,
4,37,global_mutex,GlobalMutex,750,write-heavy,1,283862.5573142211,1915.0,9056.0,2580.496128888889,1936.3350057035368,0.7503731488011511,0,100,900,1790635901.385631,2300.0,2300.0,performance,,32861568.0,31946216.0,29424208.0,0.0,0.0,14.85,14.87,14.95,,,
4,38,thread_local,ThreadLocal,100,write-heavy,1,287810.57735339063,327.0,747.0,340.95564444444443,142.31490171306214,0.4174000461114262,0,100,900,1790635906.380786,2796.599625,3150.109,performance,,32861568.0,31929564.0,29407440.0,0.0,0.0,14.46,14.79,14.92,,,
4,39,disabled,Disabled,250,read-heavy,1,314189.556960803,754.0,1730.0,783.18976,350.75141606153295,0.44784984939222516,0,100,900,1790635909.049008,2300.0,2300.0,performance,,32861568.0,31943660.0,29421508.0,0.0,0.0,13.3,14.55,14.84,,,
4,40,sharded_n,Sharded-N,1500,read-heavy,1,303158.71834142867,1895.0,26602.0,4775.20485037037,6336.184113282104,1.326892628028442,0,100,900,1790635912.3494687,2369.944625,2859.557,performance,,32861568.0,31944172.0,29422004.0,0.0,0.0,13.3,14.55,14.84,,,
4,41,disabled,Disabled,100,mixed,1,288648.7901125602,326.0,759.0,340.4655888888889,142.298532056963,0.4179527585191648,0,100,900,1790635919.864089,2300.0,2300.0,performance,,32861568.0,31896912.0,29374420.0,0.0,0.0,12.93,14.41,14.8,,,
4,42,hdr_histogram,HdrHistogram,750,read-heavy,1,291515.0886277237,1870.0,9003.0,2513.030546666667,1914.7824215005003,0.7619415625648902,0,100,900,1790635922.5314262,2614.065,3180.668,performance,,32861568.0,31930812.0,29408324.0,0.0,0.0,11.89,14.18,14.72,,,
4,43,sharded_n,Sharded-N,500,mixed,1,300343.46056753764,1526.0,4266.0,1635.7538911111112,838.3462716419206,0.5125136954878101,0,100,900,1790635927.617584,2609.552875,3167.58,performance,,32861568.0,31917280.0,29394816.0,0.0,0.0,10.94,13.94,14.64,,,
4,44,sharded_n,Sharded-N,250,read-heavy,1,313413.71197108534,755.0,1725.0,783.5279288888889,351.5614512172695,0.44869038901499575,0,100,900,1790635931.6345942,2413.237875,3205.903,performance,,32861568.0,31936500.0,29413960.0,0.0,0.0,10.94,13.94,14.64,,,
4,45,global_mutex,GlobalMutex,750,read-heavy,1,319713.42976003414,1701.0,8160.0,2286.682388148148,1742.685617553619,0.7621021732558667,0,100,900,1790635934.9383636,2494.157,3142.862,performance,,32861568.0,31941948.0,29419392.0,0.0,0.0,11.75,14.06,14.67,,,
4,46,global_mutex,GlobalMutex,100,read-heavy,1,290225.3289460637,324.0,790.0,338.73415555555556,141.07480952821086,0.4164764822633107,0,100,900,1790635939.8291278,2370.168,2861.344,performance,,32861568.0,31901116.0,29378404.0,0.0,0.0,12.25,14.12,14.69,,,
4,47,hdr_histogram,HdrHistogram,1000,write-heavy,1,288077.54051794764,1966.0,14531.0,3373.8162544444444,3360.972093635972,0.9961929874540286,0,100,900,1790635942.6631908,2486.52425,3111.188,performance,,32861568.0,31934512.0,29411768.0,0.0,0.0,11.27,13.89,14.61,,,
4,48,thread_local,ThreadLocal,3000,read-heavy,1,266028.4299910884,2185.0,73835.0,10815.553414814814,18443.536380316375,1.7052790248396335,0,100,900,1790635948.513137,2869.537,3325.014,performance,,32861568.0,31921060.0,29398120.0,0.0,0.0,10.36,13.66,14.53,,,
4,49,hdr_histogram,HdrHistogram,100,write-heavy,1,286524.04268130905,330.0,734.0,342.15773333333334,137.0172703043907,0.40045060203536936,0,100,900,1790635962.3835087,2731.32925,3240.709,performance,,32861568.0,31948304.0,29424940.0,0.0,0.0,10.6,13.57,14.49,,,
4,50,disabled,Disabled,1000,read-heavy,1,298233.72478196386,1831.0,13636.0,3263.0605555555558,3178.855157411571,0.974194350147557,0,100,900,1790635965.054394,2383.92175,2971.374,performance,,32861568.0,31973460.0,29450060.0,0.0,0.0,10.6,13.57,14.49,,,
4,51,hdr_histogram,HdrHistogram,100,read-heavy,1,292657.6678552687,318.0,799.0,334.95717777777776,146.4476368260262,0.43721301271288077,0,100,900,1790635970.952482,2460.9555,3057.495,performance,,32861568.0,31937228.0,29413784.0,0.0,0.0,11.12,13.63,14.51,,,
4,52,hdr_histogram,HdrHistogram,3000,read-heavy,1,264175.2731598351,2206.0,75766.0,10903.530328888888,18663.2497091183,1.7116703623660354,0,100,900,1790635973.7864451,2854.0195,3330.371,performance,,32861568.0,31971184.0,29447716.0,0.0,0.0,10.23,13.4,14.43,,,
4,53,disabled,Disabled,250,mixed,1,314198.7412413627,762.0,1591.0,780.9946888888888,325.09100416696623,0.41625251591591367,0,100,900,1790635987.7182682,2458.30775,2997.095,performance,,32861568.0,31962852.0,29438976.0,0.0,0.0,11.01,13.44,14.43,,,
4,54,sharded_n,Sharded-N,500,read-heavy,1,298116.5453775085,1509.0,4479.0,1642.4141355555555,873.8880636743711,0.5320753424828347,0,100,900,1790635990.8524024,2369.305625,2854.445,performance,,32861568.0,31958252.0,29434356.0,0.0,0.0,11.01,13.44,14.43,,,
4,55,sharded_2key,Sharded-2key,1000,read-heavy,1,294187.40696874855,1928.0,14705.0,3304.2040644444446,3278.737034056237,0.9922925370553681,0,100,900,1790635995.0445063,2478.395125,3024.858,performance,,32861568.0,31945444.0,29421500.0,0.0,0.0,11.97,13.6,14.47,,,
4,56,sharded_n,Sharded-N,500,write-heavy,1,290903.4177400223,1541.0,4566.0,1684.4963844444444,890.2699088461692,0.5285080556226809,0,100,900,1790636000.9902194,2398.057125,3084.457,performance,,32861568.0,31907772.0,29383624.0,0.0,0.0,13.66,13.92,14.57,,,
4,57,hdr_histogram,HdrHistogram,500,write-heavy,1,297718.4607750748,1515.0,4396.0,1640.2828111111112,853.7551690722721,0.5204926633925688,0,100,900,1790636005.055987,2300.0,2300.0,performance,,32861568.0,31939308.0,29415196.0,0.0,0.0,13.36,13.86,14.55,,,
4,58,global_mutex,GlobalMutex,1500,mixed,1,276310.5451318546,2091.0,28454.0,5256.45144962963,7001.323371490763,1.3319486422696964,0,100,900,1790636009.0901227,2653.61075,3134.202,performance,,32861568.0,31923664.0,29399512.0,0.0,0.0,12.29,13.63,14.47,,,
4,59,thread_local,ThreadLocal,750,mixed,1,298131.05115600757,1849.0,8102.0,2455.892976296296,1781.4480383089906,0.7253769018043986,0,100,900,1790636016.9053729,2400.966,3107.728,performance,,32861568.0,31921200.0,29396680.0,0.0,0.0,12.51,13.65,14.47,,,
4,60,sharded_2key,Sharded-2key,3000,mixed,1,258195.3811469387,2289.0,77694.0,11154.660768888889,18838.661684760686,1.6888601164190489,0,100,900,1790636021.776337,2603.901125,3137.608,performance,,32861568.0,31927104.0,29402636.0,0.0,0.0,13.03,13.74,14.5,,,
4,61,thread_local,ThreadLocal,1000,mixed,1,286921.13814201456,2009.0,15009.0,3388.451258888889,3438.8890538550377,1.0148852059872002,0,100,900,1790636035.797698,2300.0,2300.0,performance,,32861568.0,31963680.0,29438624.0,0.0,0.0,20.61,15.35,15.01,,,
4,62,disabled,Disabled,1500,mixed,1,287537.9137828645,1976.0,26092.0,5043.633757777778,6566.078436752938,1.3018547246075116,0,100,900,1790636041.6436062,2399.64275,3097.142,performance,,32861568.0,31942796.0,29417852.0,0.0,0.0,25.29,16.4,15.35,,,
4,63,sharded_2key,Sharded-2key,3000,write-heavy,1,254943.74151640353,2302.0,80400.0,11295.481258888889,19150.87429991132,1.695445626527926,0,100,900,1790636049.2546546,2411.911,3195.288,performance,,32861568.0,31923464.0,29398224.0,0.0,0.0,27.96,17.32,15.66,,,
4,64,sharded_n,Sharded-N,250,write-heavy,1,301339.6972313097,797.0,1692.0,815.35308,349.2548918053645,0.42834803764445767,0,100,900,1790636063.4438467,2300.0,2300.0,performance,,32861568.0,31960256.0,29434544.0,0.0,0.0,25.11,17.23,15.66,,,
4,65,disabled,Disabled,1000,mixed,1,291478.764449344,1941.0,14076.0,3330.438781111111,3282.231015680814,0.985525100865474,0,100,900,1790636066.6021264,2382.92875,2963.43,performance,,32861568.0,31967628.0,29441924.0,0.0,0.0,25.11,17.23,15.66,,,
4,66,sharded_2key,Sharded-2key,2000,write-heavy,1,277493.34273352515,2098.0,40626.0,6907.603545555556,10324.989877797694,1.4947282092413845,0,100,900,1790636072.3918967,2300.0,2300.0,performance,,32861568.0,31943840.0,29418160.0,0.0,0.0,22.06,16.84,15.55,,,
4,67,sharded_2key,Sharded-2key,750,mixed,1,290270.110795697,1868.0,9137.0,2527.1205422222224,1922.8057120417448,0.76086822132787,0,100,900,1790636082.0015814,2400.406,3103.248,performance,,32861568.0,31944712.0,29418084.0,0.0,0.0,21.26,16.76,15.53,,,
4,68,disabled,Disabled,2000,read-heavy,1,284589.44304956496,1970.0,36500.0,6789.211658333334,9836.927178072088,1.4489056569620824,0,100,900,1790636086.9453988,2387.68375,3001.47,performance,,32861568.0,31949964.0,29423336.0,0.0,0.0,21.0,16.78,15.55,,,
4,69,global_mutex,GlobalMutex,750,mixed,1,291793.57518548565,1838.0,8736.0,2515.9317244444446,1899.4384867268816,0.7549642417845445,0,100,900,1790636096.5450642,2300.0,2300.0,performance,,32861568.0,31935872.0,29408960.0,0.0,0.0,18.65,16.41,15.44,,,
4,70,hdr_histogram,HdrHistogram,2000,write-heavy,1,265698.35173605336,2171.0,44890.0,7256.36476,11057.374370180949,1.523817329461391,0,100,900,1790636101.4753504,2711.23975,3185.953,performance,,32861568.0,31931588.0,29404608.0,0.0,0.0,18.28,16.37,15.43,,,
4,71,global_mutex,GlobalMutex,1000,mixed,1,289158.22628262057,1949.0,14727.0,3360.881392222222,3340.3760692260416,0.9938988257533771,0,100,900,1790636111.4114945,2407.48075,3159.846,performance,,32861568.0,31916300.0,29389060.0,0.0,0.0,19.7,16.72,15.55,,,
4,72,sharded_2key,Sharded-2key,3000,read-heavy,1,259717.72551107223,2260.0,76945.0,11093.405491481482,18771.69525293305,1.6921490219885724,0,100,900,1790636117.2370815,2300.0,2300.0,performance,,32861568.0,31928232.0,29400816.0,0.0,0.0,19.72,16.78,15.58,,,
4,73,sharded_2key,Sharded-2key,750,read-heavy,1,301955.944322636,1820.0,8333.0,2423.2638651851853,1797.2845073617611,0.7416792422745152,0,100,900,1790636131.3670557,2300.0,2300.0,performance,,32861568.0,31961200.0,29433360.0,0.0,0.0,17.05,16.32,15.45,,,
4,74,sharded_2key,Sharded-2key,1500,write-heavy,1,278135.52656565764,2067.0,26334.0,5208.435231851852,6919.769255073743,1.328569704151515,0,100,900,1790636136.380931,2592.036,3096.904,performance,,32861568.0,31937560.0,29409792.0,0.0,0.0,16.32,16.18,15.41,,,
4,75,hdr_histogram,HdrHistogram,100,mixed,1,284571.059875743,327.0,820.0,344.42484444444443,155.53768659502055,0.4515867223396792,0,100,900,1790636144.1677318,2300.0,2300.0,performance,,32861568.0,31894332.0,29366228.0,0.0,0.0,14.62,15.83,15.3,,,
4,76,hdr_histogram,HdrHistogram,250,mixed,1,308641.92958391167,775.0,1715.0,796.4171955555555,347.04056064207117,0.43575221953863846,0,100,900,1790636146.8417935,2300.0,2300.0,performance,,32861568.0,31962852.0,29434708.0,0.0,0.0,14.62,15.83,15.3,,,
4,77,global_mutex,GlobalMutex,1500,write-heavy,1,270208.00904360827,2166.0,28076.0,5373.07888,6997.181626796146,1.3022666860226972,0,100,900,1790636149.9931984,2387.700375,3001.603,performance,,32861568.0,31944204.0,29416012.0,0.0,0.0,14.57,15.8,15.29,,,
4,78,global_mutex,GlobalMutex,100,write-heavy,1,282516.00099215854,335.0,763.0,348.2953888888889,137.81828922200606,0.39569369454377706,0,100,900,1790636157.9254608,2411.721625,3193.773,performance,,32861568.0,31947276.0,29418892.0,0.0,0.0,13.66,15.57,15.22,,,
4,79,global_mutex,GlobalMutex,500,read-heavy,1,303578.5360195758,1494.0,4278.0,1615.4690444444445,836.1470744907145,0.5175878035956196,0,100,900,1790636160.5976205,2300.0,2300.0,performance,,32861568.0,31954404.0,29426040.0,0.0,0.0,13.66,15.57,15.22,,,
4,80,hdr_histogram,HdrHistogram,500,read-heavy,1,302283.29119743843,1500.0,4427.0,1625.8710977777778,842.8105883010792,0.5183747896453926,0,100,900,1790636164.7575839,3074.50125,3294.204,performance,,32861568.0,31956556.0,29428256.0,0.0,0.0,13.77,15.56,15.22,,,
4,81,thread_local,ThreadLocal,500,write-heavy,1,297196.810361254,1550.0,4203.0,1650.4953533333332,814.8909061483499,0.4937250532106012,0,100,900,1790636168.9379156,2300.0,2300.0,performance,,32861568.0,31946040.0,29417672.0,0.0,0.0,12.66,15.3,15.14,,,
4,82,sharded_n,Sharded-N,250,mixed,1,302313.06172873976,792.0,1756.0,813.6514311111112,352.1770207980492,0.4328352502460681,0,100,900,1790636172.970826,2300.0,2300.0,performance,,32861568.0,31926428.0,29397952.0,0.0,0.0,11.65,15.05,15.06,,,
4,83,global_mutex,GlobalMutex,2000,mixed,1,271202.565779855,2149.0,41223.0,7101.098843333333,10713.698116446623,1.5087380633357719,0,100,900,1790636176.1307485,2300.0,2300.0,performance,,32861568.0,31940824.0,29412332.0,0.0,0.0,11.65,15.05,15.06,,,
4,84,sharded_n,Sharded-N,1000,read-heavy,1,292405.9830843867,1983.0,14527.0,3326.302668888889,3307.5709043612255,0.994368592881561,0,100,900,1790636185.896928,2408.534125,3168.273,performance,,32861568.0,31946796.0,29417920.0,0.0,0.0,13.39,15.32,15.15,,,
4,85,global_mutex,GlobalMutex,3000,write-heavy,1,250027.73872555429,2361.0,82037.0,11551.175786666667,19415.814720261104,1.680851809274036,0,100,900,1790636191.8492825,2378.5065,2928.052,performance,,32861568.0,31912276.0,29383284.0,0.0,0.0,13.92,15.4,15.17,,,
4,86,disabled,Disabled,3000,read-heavy,1,265186.3676307547,2179.0,74843.0,10864.13950111111,18301.382261043647,1.684568046937533,0,100,900,1790636206.2580135,2300.0,2300.0,performance,,32861568.0,31972932.0,29443500.0,0.0,0.0,14.28,15.39,15.17,,,
4,87,hdr_histogram,HdrHistogram,500,mixed,1,296982.35026170855,1524.0,4351.0,1652.0201222222222,849.031486801623,0.513935317966675,0,100,900,1790636220.1297584,2401.803375,3114.427,performance,,32861568.0,31953164.0,29423432.0,0.0,0.0,18.72,16.35,15.5,,,
4,88,thread_local,ThreadLocal,3000,write-heavy,1,255666.35056129584,2294.0,80272.0,11267.834314444444,19030.0989570536,1.6888870057894414,0,100,900,1790636224.1596978,2820.91,3173.73,performance,,32861568.0,31942032.0,29412376.0,0.0,0.0,17.22,16.08,15.41,,,
4,89,hdr_histogram,HdrHistogram,1500,mixed,1,288972.82246030687,1989.0,27274.0,5019.829449629629,6704.043678438111,1.3355122411445164,0,100,900,1790636238.3106353,2300.0,2300.0,performance,,32861568.0,31949088.0,29418860.0,0.0,0.0,15.91,15.86,15.35,,,
4,90,sharded_n,Sharded-N,3000,read-heavy,1,260512.48651611974,2245.0,73473.0,11052.384721851851,18494.45102089351,1.6733448469566778,0,100,900,1790636245.913724,2839.263875,3050.572,performance,,32861568.0,31935524.0,29405196.0,0.0,0.0,15.12,15.7,15.3,,,
4,91,sharded_2key,Sharded-2key,750,write-heavy,1,295527.76092494844,1888.0,8550.0,2477.8008148148147,1797.9589777267165,0.7256269216543509,0,100,900,1790636259.9999816,2300.0,2300.0,performance,,32861568.0,31937820.0,29407048.0,0.0,0.0,16.7,16.0,15.4,,,
4,92,sharded_n,Sharded-N,2000,read-heavy,1,278543.79276612937,2072.0,41501.0,6901.490798888889,10521.108213417503,1.5244689183837437,0,100,900,1790636264.8959682,2821.45075,3223.888,performance,,32861568.0,31925820.0,29395092.0,0.0,0.0,18.0,16.28,15.5,,,
4,93,sharded_2key,Sharded-2key,1500,read-heavy,1,288874.08590131305,1965.0,25240.0,5027.128240740741,6458.770442972963,1.2847833064273035,0,100,900,1790636274.6622002,2602.123,3201.058,performance,,32861568.0,31941468.0,29410408.0,0.0,0.0,19.34,16.63,15.62,,,
4,94,hdr_histogram,HdrHistogram,1500,read-heavy,1,292382.9384480116,1949.0,25462.0,4962.749031851852,6317.273882107248,1.2729384140849762,0,100,900,1790636282.37706,2593.38625,3108.837,performance,,32861568.0,31926196.0,29394984.0,0.0,0.0,18.51,16.5,15.59,,,
4,95,sharded_n,Sharded-N,1000,write-heavy,1,293024.30538612825,1963.0,14322.0,3312.5709733333333,3239.7676918835195,0.9780221217791587,0,100,900,1790636290.0584044,2974.733125,3192.463,performance,,32861568.0,31908508.0,29377188.0,0.0,0.0,16.54,16.14,15.48,,,
4,96,disabled,Disabled,750,read-heavy,1,295049.6010135383,1844.0,8988.0,2474.7027022222223,1885.8972996797513,0.7620702470588737,0,100,900,1790636295.847538,2399.624875,3096.999,performance,,32861568.0,31934012.0,29402552.0,0.0,0.0,16.26,16.09,15.46,,,
4,97,sharded_n,Sharded-N,750,read-heavy,1,292415.91182769754,1853.0,8429.0,2496.1349955555556,1843.9559788657998,0.7387244608761223,0,100,900,1790636300.9076161,2300.0,2300.0,performance,,32861568.0,31943356.0,29411864.0,0.0,0.0,16.0,16.04,15.45,,,
4,98,disabled,Disabled,1500,read-heavy,1,286488.6694991763,1973.0,27053.0,5059.62625037037,6677.604823342122,1.3197822315142969,0,100,900,1790636305.9977763,2300.0,2300.0,performance,,32861568.0,31915788.0,29384188.0,0.0,0.0,16.72,16.19,15.5,,,
4,99,thread_local,ThreadLocal,1000,read-heavy,1,307676.726837672,1868.0,13597.0,3155.3012,3109.917839038651,0.9856167896233333,0,100,900,1790636313.788351,2401.456875,3111.655,performance,,32861568.0,31924056.0,29392140.0,0.0,0.0,15.18,15.88,15.41,,,
4,100,thread_local,ThreadLocal,100,read-heavy,1,299407.98757235956,315.0,701.0,327.4235888888889,137.13850458124676,0.41884124795841965,0,100,900,1790636319.590597,2730.77825,3229.92,performance,,32861568.0,31948860.0,29416772.0,0.0,0.0,15.16,15.87,15.41,,,
4,101,global_mutex,GlobalMutex,3000,read-heavy,1,261314.78026163817,2246.0,76636.0,11040.640095555556,18553.865890191177,1.6805063591974247,0,100,900,1790636322.409353,2412.699875,3201.599,performance,,32861568.0,31953228.0,29421100.0,0.0,0.0,15.16,15.87,15.41,,,
4,102,hdr_histogram,HdrHistogram,3000,mixed,1,256539.5940990465,2294.0,77909.0,11221.732025925927,19059.876376945704,1.6984790166893187,0,100,900,1790636336.458005,2586.08275,3143.89,performance,,32861568.0,31939560.0,29407156.0,0.0,0.0,14.81,15.73,15.37,,,
4,103,sharded_2key,Sharded-2key,100,mixed,1,291163.48144278285,323.0,739.0,336.58365555555554,137.0814218498355,0.4072729604875577,0,100,900,1790636350.56872,2300.0,2300.0,performance,,32861568.0,31955636.0,29422784.0,0.0,0.0,15.69,15.86,15.42,,,
4,104,disabled,Disabled,1500,write-heavy,1,282155.8861611604,2040.0,27775.0,5143.148935555556,6895.724792369064,1.3407593050042983,0,100,900,1790636353.2330115,2300.0,2300.0,performance,,32861568.0,31964604.0,29431752.0,0.0,0.0,14.44,15.6,15.33,,,
4,105,hdr_histogram,HdrHistogram,250,read-heavy,1,308624.26561004255,767.0,1842.0,794.4632711111111,357.09090485562103,0.4494744034626107,0,100,900,1790636360.936109,2300.0,2300.0,performance,,32861568.0,31944376.0,29411400.0,0.0,0.0,14.08,15.51,15.31,,,
4,106,global_mutex,GlobalMutex,1000,write-heavy,1,290667.30766516074,1941.0,14102.0,3343.094742222222,3320.8301439282804,0.9933401234452776,0,100,900,1790636364.2543828,2384.703375,2977.627,performance,,32861568.0,31940780.0,29407836.0,0.0,0.0,12.95,15.25,15.22,,,
4,107,thread_local,ThreadLocal,750,write-heavy,1,286272.7098009544,1887.0,9113.0,2556.752425185185,1936.0056587038353,0.7572127984052311,0,100,900,1790636370.0618668,2300.0,2300.0,performance,,32861568.0,31925568.0,29392416.0,0.0,0.0,12.64,15.14,15.19,,,
4,108,thread_local,ThreadLocal,3000,mixed,1,257579.3540845843,2272.0,79671.0,11168.31931111111,19150.060366306814,1.7146770102870221,0,100,900,1790636375.0347323,2300.0,2300.0,performance,,32861568.0,31935680.0,29402496.0,0.0,0.0,12.83,15.14,15.19,,,
4,109,hdr_histogram,HdrHistogram,2000,read-heavy,1,281134.18927457975,2025.0,38554.0,6855.960626666667,10285.70772690213,1.5002577008530733,0,100,900,1790636389.1144063,2370.760625,2866.085,performance,,32861568.0,31948132.0,29414476.0,0.0,0.0,16.04,15.79,15.4,,,
4,110,thread_local,ThreadLocal,1500,read-heavy,1,282807.4661419932,2023.0,27051.0,5135.0127274074075,6736.445327000971,1.3118653613156872,0,100,900,1790636398.810897,2300.0,2300.0,performance,,32861568.0,31924228.0,29390412.0,0.0,0.0,19.32,16.55,15.65,,,
4,111,sharded_n,Sharded-N,100,write-heavy,1,279925.85622507887,338.0,764.0,350.4061,144.70425278907038,0.41296156884560625,0,100,900,1790636406.675034,2300.0,2300.0,performance,,32861568.0,31931344.0,29397296.0,0.0,0.0,19.86,16.7,15.71,,,
4,112,global_mutex,GlobalMutex,250,mixed,1,301637.3793931091,793.0,1753.0,813.6963288888888,350.9934604631517,0.43135681949362736,0,100,900,1790636409.3520548,2300.0,2300.0,performance,,32861568.0,31939208.0,29405128.0,0.0,0.0,18.27,16.43,15.63,,,
4,113,thread_local,ThreadLocal,2000,mixed,1,278239.1391475926,2098.0,38695.0,6902.988673333333,10383.639164294842,1.5042237001499763,0,100,900,1790636412.5165355,2373.897625,2891.181,performance,,32861568.0,31953636.0,29419620.0,0.0,0.0,16.8,16.15,15.54,,,
4,114,sharded_2key,Sharded-2key,1000,write-heavy,1,284803.93516103487,1980.0,15389.0,3396.583596666667,3483.3488712636317,1.0255448665188498,0,100,900,1790636422.1109738,2521.13525,3200.815,performance,,32861568.0,31928896.0,29394596.0,0.0,0.0,16.5,16.1,15.53,,,
4,115,sharded_n,Sharded-N,100,read-heavy,1,287035.1760332517,328.0,843.0,344.1500111111111,156.6968531061649,0.4553155544009972,0,100,900,1790636427.981248,2390.648875,3025.191,performance,,32861568.0,31931928.0,29397552.0,0.0,0.0,16.39,16.11,15.54,,,
4,116,sharded_n,Sharded-N,3000,mixed,1,254483.94497394434,2320.0,77668.0,11322.695689629629,19165.734088504396,1.6926829629500815,0,100,900,1790636430.8231006,2300.0,2300.0,performance,,32861568.0,31950104.0,29415700.0,0.0,0.0,16.39,16.11,15.54,,,
4,117,disabled,Disabled,100,write-heavy,1,293757.0899905653,317.0,717.0,332.6360666666667,141.608179872184,0.4257150503588927,0,100,900,1790636445.0287633,2970.20475,3180.872,performance,,32861568.0,31952352.0,29417448.0,0.0,0.0,16.57,16.17,15.57,,,
4,118,thread_local,ThreadLocal,250,write-heavy,1,304321.00361593673,784.0,1734.0,806.71708,345.87987421484684,0.42874990847453837,0,100,900,1790636447.6907375,2796.32525,3131.287,performance,,32861568.0,31968596.0,29433664.0,0.0,0.0,15.25,15.9,15.48,,,
4,119,sharded_2key,Sharded-2key,250,read-heavy,1,315221.8650640185,767.0,1544.0,779.5297688888888,320.2839511323742,0.4108681463042706,0,100,900,1790636450.8438492,2929.643,3213.333,performance,,32861568.0,31955688.0,29420808.0,0.0,0.0,15.25,15.9,15.48,,,
4,120,global_mutex,GlobalMutex,2000,write-heavy,1,265908.0630686683,2194.0,44310.0,7252.086755555556,10965.422875458373,1.5120369136591156,0,100,900,1790636454.1395884,2411.652,3193.216,performance,,32861568.0,31950544.0,29415628.0,0.0,0.0,14.03,15.63,15.4,,,
4,121,thread_local,ThreadLocal,1000,write-heavy,1,286969.67747720913,1967.0,15049.0,3392.1202188888888,3424.2393392026756,1.009468744690985,0,100,900,1790636464.0466053,2399.15925,3093.274,performance,,32861568.0,31942452.0,29407224.0,0.0,0.0,12.83,15.33,15.3,,,
4,122,disabled,Disabled,250,write-heavy,1,298444.77879043523,786.0,2002.0,823.25084,396.28210864568797,0.48136253179612665,0,100,900,1790636469.904132,2773.04175,3109.077,performance,,32861568.0,31942160.0,29406884.0,0.0,0.0,13.0,15.33,15.3,,,
4,123,thread_local,ThreadLocal,250,mixed,1,310981.87932776636,760.0,1735.0,789.0125333333333,362.0445030771046,0.45885773391656887,0,100,900,1790636473.0660384,2300.0,2300.0,performance,,32861568.0,31953372.0,29418112.0,0.0,0.0,11.96,15.07,15.22,,,
4,124,sharded_2key,Sharded-2key,500,write-heavy,1,300974.9779422461,1515.0,4231.0,1626.3469444444445,834.7538607228888,0.513269240351442,0,100,900,1790636476.210426,2652.014625,3104.277,performance,,32861568.0,31950996.0,29415696.0,0.0,0.0,11.96,15.07,15.22,,,
4,125,global_mutex,GlobalMutex,1000,read-heavy,1,288730.4362632518,1958.0,14306.0,3369.53397,3304.013790224859,0.9805551211655714,0,100,900,1790636480.2177553,2300.0,2300.0,performance,,32861568.0,31940964.0,29405508.0,0.0,0.0,12.6,15.15,15.25,,,
4,126,hdr_histogram,HdrHistogram,1000,read-heavy,1,291655.0295094663,1947.0,14699.0,3338.3554611111113,3352.279445034247,1.004170911122359,0,100,900,1790636486.2035596,2492.876,3130.193,performance,,32861568.0,31908660.0,29373052.0,0.0,0.0,13.12,15.22,15.27,,,
4,127,hdr_histogram,HdrHistogram,2000,mixed,1,268685.2727699278,2150.0,42865.0,7176.544056666667,10981.263148996697,1.5301603476948809,0,100,900,1790636492.1766493,2300.0,2300.0,performance,,32861568.0,31903724.0,29367988.0,0.0,0.0,13.99,15.36,15.31,,,
4,128,sharded_n,Sharded-N,3000,write-heavy,1,252000.18388621416,2328.0,75627.0,11442.986108148149,18940.1865490262,1.6551786718975003,0,100,900,1790636502.0052538,2709.802625,3201.868,performance,,32861568.0,31928096.0,29391964.0,0.0,0.0,12.32,14.96,15.18,,,
4,129,disabled,Disabled,2000,write-heavy,1,269375.6499943707,2135.0,44043.0,7151.755127222223,10808.346992179631,1.5112859430881616,0,100,900,1790636516.3147614,2300.0,2300.0,performance,,32861568.0,31946800.0,29410316.0,0.0,0.0,13.91,15.16,15.24,,,
4,130,thread_local,ThreadLocal,500,mixed,1,308710.6564424222,1489.0,4021.0,1589.7197622222222,784.3639408192056,0.4933976160192954,0,100,900,1790636526.1299996,2900.149,3167.24,performance,,32861568.0,31942588.0,29405952.0,0.0,0.0,19.94,16.39,15.64,,,
4,131,sharded_n,Sharded-N,750,write-heavy,1,284832.4313653036,1944.0,8836.0,2566.0403348148147,1905.567510328583,0.7426101158562277,0,100,900,1790636530.1048563,2300.0,2300.0,performance,,32861568.0,31929748.0,29393148.0,0.0,0.0,19.78,16.42,15.66,,,
4,132,sharded_2key,Sharded-2key,250,mixed,1,307188.18887463334,780.0,1680.0,800.21864,351.7981461903006,0.4396275325332344,0,100,900,1790636535.093151,2889.221625,3200.002,performance,,32861568.0,31922108.0,29385388.0,0.0,0.0,19.64,16.45,15.67,,,
4,133,disabled,Disabled,500,mixed,1,304293.0225607898,1507.0,4084.0,1609.8122133333334,808.8070597039631,0.5024232348375709,0,100,900,1790636538.2405794,2410.41175,3183.294,performance,,32861568.0,31942556.0,29405816.0,0.0,0.0,18.07,16.17,15.58,,,
4,134,sharded_2key,Sharded-2key,2000,mixed,1,274220.02541661926,2128.0,40564.0,7044.836589444444,10483.898482673672,1.4881677310133936,0,100,900,1790636542.236609,2392.945,3043.56,performance,,32861568.0,31947736.0,29411056.0,0.0,0.0,18.07,16.17,15.58,,,
4,135,thread_local,ThreadLocal,1500,mixed,1,277055.5553987398,2067.0,27521.0,5240.025385925926,6844.490778703771,1.306194202243227,0,100,900,1790636551.922807,2779.97925,3111.045,performance,,32861568.0,31932220.0,29395104.0,0.0,0.0,16.49,15.89,15.5,,,
4,136,sharded_n,Sharded-N,1000,mixed,1,301622.81550341955,1879.0,13934.0,3229.764738888889,3258.411632748565,1.0088696534192552,0,100,900,1790636559.717978,2300.0,2300.0,performance,,32861568.0,31939064.0,29401716.0,0.0,0.0,19.63,16.56,15.72,,,
4,137,thread_local,ThreadLocal,500,read-heavy,1,306519.68201465637,1452.0,4550.0,1595.495128888889,872.5460341550925,0.5468810392186769,0,100,900,1790636565.418769,2300.0,2300.0,performance,,32861568.0,31914536.0,29377176.0,0.0,0.0,19.26,16.53,15.71,,,
4,138,disabled,Disabled,750,mixed,1,296616.42994157615,1795.0,9049.0,2465.1340266666666,1925.7267584501458,0.7811854193802586,0,100,900,1790636569.5689294,2300.0,2300.0,performance,,32861568.0,31902164.0,29364760.0,0.0,0.0,23.16,17.39,15.99,,,
4,139,thread_local,ThreadLocal,100,mixed,1,296495.8636356224,318.0,699.0,330.99676666666664,134.94210361115887,0.40768405374501304,0,100,900,1790636574.4604595,2401.287375,3110.299,performance,,32861568.0,31910520.0,29373016.0,0.0,0.0,21.31,17.1,15.91,,,
4,140,sharded_2key,Sharded-2key,1000,mixed,1,288904.6472606415,1959.0,14181.0,3371.805386666667,3307.574352614362,0.9809505512072857,0,100,900,1790636577.1146164,2841.103125,3195.658,performance,,32861568.0,31929420.0,29391876.0,0.0,0.0,21.31,17.1,15.91,,,
4,141,global_mutex,GlobalMutex,500,write-heavy,1,293018.0260554819,1574.0,4153.0,1674.9007222222222,832.86616735998,0.4972630056872571,0,100,900,1790636582.944954,2300.0,2300.0,performance,,32861568.0,31948860.0,29411128.0,0.0,0.0,19.28,16.81,15.83,,,
4,142,global_mutex,GlobalMutex,2000,read-heavy,1,276187.3244707858,2092.0,41929.0,6993.125167222222,10562.903073927528,1.5104696142773713,0,100,900,1790636586.9957218,2411.606125,3192.849,performance,,32861568.0,31935396.0,29397652.0,0.0,0.0,19.28,16.81,15.83,,,
4,143,global_mutex,GlobalMutex,3000,mixed,1,257455.65352661855,2287.0,79589.0,11178.855231851852,18905.52228125504,1.6911858941859839,0,100,900,1790636596.7979655,2300.0,2300.0,performance,,32861568.0,31929028.0,29390900.0,0.0,0.0,28.95,19.04,16.57,,,
4,144,hdr_histogram,HdrHistogram,1500,write-heavy,1,273738.2759424786,2113.0,28024.0,5307.076005185185,7146.972395959596,1.346687401683483,0,100,900,1790636610.8725042,2398.162625,3085.301,performance,,32861568.0,31959496.0,29421016.0,0.0,0.0,26.27,18.94,16.58,,,
5,1,sharded_n,Sharded-N,250,mixed,1,319919.85043721396,755.0,1506.0,767.62312,310.22918468252846,0.4041425754379681,0,100,900,1790636618.734752,2300.0,2300.0,performance,,32861568.0,31940640.0,29402016.0,0.0,0.0,23.12,18.51,16.46,,,
5,2,global_mutex,GlobalMutex,250,mixed,1,305221.9189079026,786.0,1654.0,804.0988,340.50177655360113,0.4234576354965349,0,100,900,1790636621.8573968,2372.187125,2877.497,performance,,32861568.0,31965044.0,29426396.0,0.0,0.0,23.12,18.51,16.46,,,
5,3,thread_local,ThreadLocal,2000,read-heavy,1,279941.3071944877,2052.0,41625.0,6879.178926111111,10290.92058513743,1.4959518709531547,0,100,900,1790636625.0148327,2300.0,2300.0,performance,,32861568.0,31959088.0,29420452.0,0.0,0.0,22.79,18.52,16.47,,,
5,4,sharded_2key,Sharded-2key,1500,write-heavy,1,279357.2521854511,2075.0,28013.0,5178.183781481482,6947.647787543143,1.3417151805985952,0,100,900,1790636634.7123144,2863.561375,3193.506,performance,,32861568.0,31925104.0,29386072.0,0.0,0.0,32.33,20.72,17.21,,,
5,5,sharded_2key,Sharded-2key,500,read-heavy,1,298901.52831493213,1512.0,4420.0,1637.8685355555556,847.202858601786,0.5172593771785351,0,100,900,1790636642.4623165,2380.2625,2942.1,performance,,32861568.0,31940756.0,29401532.0,0.0,0.0,31.58,20.76,17.25,,,
5,6,disabled,Disabled,500,write-heavy,1,307787.49915778224,1495.0,4257.0,1593.06494,795.5663862307696,0.49939356912265587,0,100,900,1790636646.6420274,2300.0,2300.0,performance,,32861568.0,31952404.0,29413232.0,0.0,0.0,29.05,20.41,17.15,,,
5,7,hdr_histogram,HdrHistogram,500,read-heavy,1,312013.1686697102,1475.0,4015.0,1564.619491111111,779.1120366394437,0.4979562386035208,0,100,900,1790636650.6148636,2300.0,2300.0,performance,,32861568.0,31939760.0,29400576.0,0.0,0.0,28.09,20.35,17.15,,,
5,8,thread_local,ThreadLocal,1500,read-heavy,1,287071.0437977599,1986.0,27701.0,5055.747177037037,6857.334278657817,1.356344381658067,0,100,900,1790636654.740104,2727.911375,3215.334,performance,,32861568.0,31924952.0,29385636.0,0.0,0.0,28.16,20.5,17.22,,,
5,9,sharded_n,Sharded-N,750,read-heavy,1,301989.81694363797,1806.0,8528.0,2426.2847644444446,1802.5182251126162,0.7429128895038606,0,100,900,1790636662.5160239,2300.0,2300.0,performance,,32861568.0,31950908.0,29411272.0,0.0,0.0,24.64,20.0,17.09,,,
5,10,global_mutex,GlobalMutex,3000,write-heavy,1,250469.87980151677,2388.0,79175.0,11502.92276925926,19491.257887219916,1.6944613363230527,0,100,900,1790636667.5278277,2300.0,2300.0,performance,,32861568.0,31931996.0,29392360.0,0.0,0.0,22.67,19.67,17.0,,,
5,11,disabled,Disabled,1500,read-heavy,1,299766.7454334285,1893.0,25718.0,4835.181284444445,6476.544466995257,1.3394625942632887,0,100,900,1790636681.9127297,2300.0,2300.0,performance,,32861568.0,31960352.0,29420216.0,0.0,0.0,21.98,19.63,17.01,,,
5,12,disabled,Disabled,1000,read-heavy,1,293338.18834544125,1911.0,14313.0,3318.016273333333,3343.1232493039856,1.0075668634215074,0,100,900,1790636689.4907985,2846.048875,3135.249,performance,,32861568.0,31936188.0,29395920.0,0.0,0.0,19.26,19.13,16.88,,,
5,13,hdr_histogram,HdrHistogram,3000,write-heavy,1,253120.2404614685,2330.0,79131.0,11408.014405555556,19362.954081710657,1.697311503418259,0,100,900,1790636695.435761,2793.708375,3105.503,performance,,32861568.0,31935424.0,29395000.0,0.0,0.0,19.24,19.13,16.89,,,
5,14,sharded_n,Sharded-N,100,mixed,1,284119.99013510137,327.0,828.0,344.65788888888886,151.61355916605672,0.4398958040822157,0,100,900,1790636709.6764052,2413.111,3204.888,performance,,32861568.0,31960000.0,29419232.0,0.0,0.0,19.07,19.09,16.91,,,
5,15,hdr_histogram,HdrHistogram,750,mixed,1,288555.7395790692,1887.0,8890.0,2542.691351111111,1922.356083055025,0.7560320218240367,0,100,900,1790636712.3430994,2300.0,2300.0,performance,,32861568.0,31981140.0,29440336.0,0.0,0.0,19.07,19.09,16.91,,,
5,16,disabled,Disabled,3000,read-heavy,1,262048.95512569367,2241.0,78906.0,10988.556026666667,18906.53946267152,1.7205663252559982,0,100,900,1790636717.2933075,2716.94525,3193.161,performance,,32861568.0,31921312.0,29380568.0,0.0,0.0,17.54,18.77,16.82,,,
5,17,thread_local,ThreadLocal,250,read-heavy,1,313107.0990096247,751.0,1752.0,782.2891644444444,362.3240721362647,0.46315875075883883,0,100,900,1790636731.3174875,2371.29425,2870.354,performance,,32861568.0,31952880.0,29411608.0,0.0,0.0,15.19,18.18,16.66,,,
5,18,global_mutex,GlobalMutex,500,read-heavy,1,300546.5760067697,1496.0,4436.0,1631.3677133333333,851.1613456823969,0.5217470829695654,0,100,900,1790636734.616773,2584.865,3100.173,performance,,32861568.0,31942648.0,29401336.0,0.0,0.0,15.25,18.14,16.66,,,
5,19,sharded_2key,Sharded-2key,750,read-heavy,1,323625.73000184004,1710.0,7761.0,2255.5756237037035,1667.5555995338843,0.7393037865854049,0,100,900,1790636738.794606,2300.0,2300.0,performance,,32861568.0,31952880.0,29411640.0,0.0,0.0,14.03,17.84,16.57,,,
5,20,disabled,Disabled,2000,mixed,1,277472.6915435021,2074.0,40716.0,6950.947653888888,10315.68880006004,1.4840694123611562,0,100,900,1790636743.664445,2396.75825,3074.066,performance,,32861568.0,31930792.0,29389368.0,0.0,0.0,12.91,17.55,16.48,,,
5,21,disabled,Disabled,3000,write-heavy,1,256083.48551685666,2298.0,81316.0,11260.68609074074,19202.19444232238,1.7052419619539574,0,100,900,1790636753.2613738,2399.062125,3092.497,performance,,32861568.0,31935396.0,29393708.0,0.0,0.0,14.24,17.7,16.54,,,
5,22,sharded_n,Sharded-N,2000,write-heavy,1,267460.221977372,2178.0,41627.0,7219.925493333333,10795.726614716707,1.495268424125036,0,100,900,1790636767.3779805,2709.74675,3160.814,performance,,32861568.0,31945660.0,29403608.0,0.0,0.0,22.47,19.31,17.07,,,
5,23,disabled,Disabled,1500,mixed,1,282085.2273249415,1996.0,28499.0,5139.530018518519,6972.866692234349,1.3567129031467928,0,100,900,1790636777.2499347,2300.0,2300.0,performance,,32861568.0,31934208.0,29392004.0,0.0,0.0,22.14,19.32,17.1,,,
5,24,sharded_2key,Sharded-2key,750,write-heavy,1,283416.0727579293,1938.0,8896.0,2588.9359777777777,1936.1541684366118,0.7478571061840303,0,100,900,1790636784.9356747,2300.0,2300.0,performance,,32861568.0,31967812.0,29425340.0,0.0,0.0,20.34,19.01,17.02,,,
5,25,global_mutex,GlobalMutex,1000,write-heavy,1,284035.8738230177,1998.0,14549.0,3425.7159133333334,3390.1938832864384,0.9896307718019937,0,100,900,1790636789.9350078,2300.0,2300.0,performance,,32861568.0,31947472.0,29405020.0,0.0,0.0,20.07,18.98,17.02,,,
5,26,thread_local,ThreadLocal,100,write-heavy,1,277308.2119536546,334.0,940.0,354.36365555555557,164.67787315845297,0.46471434239010295,0,100,900,1790636795.8190696,2603.264625,3140.086,performance,,32861568.0,31934840.0,29392216.0,0.0,0.0,19.42,18.86,17.0,,,
5,27,sharded_2key,Sharded-2key,100,mixed,1,293259.09368589905,323.0,684.0,334.5554111111111,133.00795100627263,0.39756628226257745,0,100,900,1790636798.4995599,2411.05575,3188.446,performance,,32861568.0,31947064.0,29404408.0,0.0,0.0,17.87,18.55,16.9,,,
5,28,sharded_n,Sharded-N,750,mixed,1,289677.83590201463,1885.0,8899.0,2530.649537777778,1904.548103995212,0.7525925955229817,0,100,900,1790636801.16122,2409.57575,3176.606,performance,,32861568.0,31963260.0,29420576.0,0.0,0.0,17.87,18.55,16.9,,,
5,29,sharded_n,Sharded-N,1000,read-heavy,1,288329.2546629371,1969.0,14490.0,3365.4994466666667,3408.5667756565967,1.0127967125451725,0,100,900,1790636806.1079946,2805.323875,3232.313,performance,,32861568.0,31936008.0,29393224.0,0.0,0.0,17.24,18.41,16.87,,,
5,30,global_mutex,GlobalMutex,1500,mixed,1,277574.0901979798,2105.0,28790.0,5235.327057037037,6977.725264798319,1.3328155411836682,0,100,900,1790636812.1060584,2567.64625,3037.125,performance,,32861568.0,31946128.0,29403188.0,0.0,0.0,17.3,18.4,16.87,,,
5,31,hdr_histogram,HdrHistogram,500,write-heavy,1,294738.4083348233,1551.0,4401.0,1666.8475755555555,858.8978762158105,0.5152827941868303,0,100,900,1790636819.8800592,2693.72675,3147.86,performance,,32861568.0,31905400.0,29362196.0,0.0,0.0,17.32,18.37,16.88,,,
5,32,hdr_histogram,HdrHistogram,1000,write-heavy,1,285355.7374078913,1996.0,14997.0,3411.6661,3406.194366972169,0.9983961698280407,0,100,900,1790636823.930899,2300.0,2300.0,performance,,32861568.0,31911728.0,29368592.0,0.0,0.0,15.93,18.07,16.79,,,
5,33,thread_local,ThreadLocal,1500,write-heavy,1,278369.3799541416,2080.0,27498.0,5217.860843703704,6878.490119693851,1.318258636198395,0,100,900,1790636829.809156,2915.23625,3192.831,performance,,32861568.0,31925212.0,29381932.0,0.0,0.0,15.38,17.92,16.75,,,
5,34,hdr_histogram,HdrHistogram,2000,read-heavy,1,273671.15284019656,2100.0,42397.0,7022.318467222222,10884.621935903353,1.5500040316754418,0,100,900,1790636837.5811121,2300.0,2300.0,performance,,32861568.0,31916592.0,29373096.0,0.0,0.0,14.56,17.67,16.68,,,
5,35,hdr_histogram,HdrHistogram,250,write-heavy,1,300874.22415736795,791.0,1775.0,816.8526977777777,357.6964904853253,0.437895952915902,0,100,900,1790636847.4604158,2400.048875,3100.391,performance,,32861568.0,31919220.0,29375408.0,0.0,0.0,14.76,17.66,16.68,,,
5,36,thread_local,ThreadLocal,2000,write-heavy,1,267159.56751963426,2196.0,45460.0,7226.3580788888885,10731.333255295449,1.4850265013362691,0,100,900,1790636850.633369,2834.375,3194.211,performance,,32861568.0,31958772.0,29414964.0,0.0,0.0,13.57,17.36,16.59,,,
5,37,sharded_n,Sharded-N,1000,write-heavy,1,279610.62473250274,2027.0,15017.0,3484.279108888889,3505.5653301192456,1.0061092181668376,0,100,900,1790636860.501362,2399.8485,3098.788,performance,,32861568.0,31931236.0,29387204.0,0.0,0.0,16.01,17.75,16.73,,,
5,38,global_mutex,GlobalMutex,3000,read-heavy,1,260826.27211351803,2255.0,81224.0,11036.875666666667,19079.075065560257,1.728666303923534,0,100,900,1790636866.417659,2672.37475,3166.772,performance,,32861568.0,31905004.0,29360872.0,0.0,0.0,15.45,17.6,16.68,,,
5,39,global_mutex,GlobalMutex,1000,mixed,1,291820.55183083477,1948.0,14499.0,3325.116938888889,3349.580712884511,1.007357267261643,0,100,900,1790636880.5067105,2300.0,2300.0,performance,,32861568.0,31939008.0,29394424.0,0.0,0.0,15.54,17.52,16.67,,,
5,40,sharded_n,Sharded-N,100,read-heavy,1,303319.94907096284,314.0,669.0,324.5564777777778,126.73514038336705,0.39048716960177876,0,100,900,1790636886.3006072,2773.003375,3148.612,performance,,32861568.0,31959424.0,29414744.0,0.0,0.0,15.26,17.43,16.65,,,
5,41,global_mutex,GlobalMutex,250,write-heavy,1,305311.39528117736,778.0,1750.0,801.7864755555555,361.03035645566126,0.45028242239369826,0,100,900,1790636889.1243384,2604.749375,3144.133,performance,,32861568.0,31971460.0,29426804.0,0.0,0.0,14.03,17.14,16.56,,,
5,42,global_mutex,GlobalMutex,100,mixed,1,291369.5390719721,324.0,728.0,336.44022222222225,137.08980082044783,0.40747149646661035,0,100,900,1790636892.2784865,2404.20425,3133.634,performance,,32861568.0,31948316.0,29403644.0,0.0,0.0,14.03,17.14,16.56,,,
5,43,global_mutex,GlobalMutex,3000,mixed,1,257820.13952629527,2261.0,78211.0,11184.549823703705,18788.66315065349,1.679876566049551,0,100,900,1790636894.944748,2300.0,2300.0,performance,,32861568.0,31956292.0,29411616.0,0.0,0.0,12.91,16.86,16.47,,,
5,44,sharded_2key,Sharded-2key,3000,mixed,1,258686.14133736116,2252.0,76563.0,11149.416843703704,18676.481755750217,1.6751083951352304,0,100,900,1790636909.0057547,2409.176125,3173.409,performance,,32861568.0,31953924.0,29408764.0,0.0,0.0,15.64,17.3,16.62,,,
5,45,sharded_n,Sharded-N,1500,mixed,1,275136.15378535015,2083.0,28407.0,5271.9048088888885,6960.451366467918,1.320291549030247,0,100,900,1790636923.031208,2399.7125,3097.7,performance,,32861568.0,31958872.0,29413352.0,0.0,0.0,14.17,16.9,16.5,,,
5,46,hdr_histogram,HdrHistogram,100,write-heavy,1,295020.6145326604,321.0,689.0,332.49477777777776,136.39580579090003,0.41021939262474644,0,100,900,1790636930.8633456,2409.991,3179.928,performance,,32861568.0,31936348.0,29390660.0,0.0,0.0,15.12,17.06,16.56,,,
5,47,thread_local,ThreadLocal,100,mixed,1,300314.4622765944,316.0,665.0,327.5115666666667,127.56468140198051,0.38949672129232843,0,100,900,1790636933.528596,2700.7495,3212.84,performance,,32861568.0,31946976.0,29401252.0,0.0,0.0,13.91,16.77,16.47,,,
5,48,hdr_histogram,HdrHistogram,3000,read-heavy,1,261087.45440288074,2241.0,77173.0,11034.018591851851,18812.75978315608,1.7049780754446524,0,100,900,1790636936.1813228,2408.61025,3168.882,performance,,32861568.0,31951780.0,29406028.0,0.0,0.0,13.91,16.77,16.47,,,
5,49,sharded_n,Sharded-N,2000,read-heavy,1,278527.3456273293,2064.0,43197.0,6929.220017777778,10500.506399452075,1.5153951487341601,0,100,900,1790636950.246082,2586.154625,3107.882,performance,,32861568.0,31956100.0,29409988.0,0.0,0.0,15.36,16.95,16.53,,,
5,50,sharded_2key,Sharded-2key,250,read-heavy,1,314603.234921326,763.0,1592.0,780.9703377777778,322.72541605470013,0.41323645783142465,0,100,900,1790636959.9971123,2767.217625,3213.816,performance,,32861568.0,31922260.0,29375976.0,0.0,0.0,15.71,16.97,16.54,,,
5,51,hdr_histogram,HdrHistogram,750,read-heavy,1,311510.0894391386,1778.0,8247.0,2343.244317037037,1741.471073836927,0.7431880069761422,0,100,900,1790636963.2967062,2300.0,2300.0,performance,,32861568.0,31938992.0,29392656.0,0.0,0.0,14.45,16.69,16.45,,,
5,52,sharded_n,Sharded-N,1000,mixed,1,284687.88034518284,2023.0,14965.0,3419.98608,3402.986721459808,0.9950294070962441,0,100,900,1790636968.2414956,2597.669375,3094.519,performance,,32861568.0,31907064.0,29360692.0,0.0,0.0,13.29,16.41,16.36,,,
5,53,disabled,Disabled,750,read-heavy,1,295754.97313718044,1857.0,8659.0,2475.1867525925927,1859.5460286901894,0.7512750408600236,0,100,900,1790636974.1190538,2300.0,2300.0,performance,,32861568.0,31926000.0,29379488.0,0.0,0.0,12.23,16.14,16.27,,,
5,54,hdr_histogram,HdrHistogram,2000,write-heavy,1,268995.66621381044,2165.0,42215.0,7169.562671111111,10829.360578825886,1.5104632005605434,0,100,900,1790636979.1721408,2670.660375,3099.165,performance,,32861568.0,31933564.0,29386936.0,0.0,0.0,11.25,15.87,16.19,,,
5,55,hdr_histogram,HdrHistogram,1000,mixed,1,285971.77052036655,2003.0,14459.0,3397.231031111111,3357.254783046516,0.9882326966583959,0,100,900,1790636988.990768,2300.0,2300.0,performance,,32861568.0,31935632.0,29388600.0,0.0,0.0,12.39,15.98,16.22,,,
5,56,global_mutex,GlobalMutex,750,write-heavy,1,302613.77686904697,1819.0,8281.0,2421.781183703704,1759.8950427973107,0.7266944902535949,0,100,900,1790636994.8612294,2404.220375,3133.763,performance,,32861568.0,31914284.0,29367204.0,0.0,0.0,13.08,16.07,16.25,,,
5,57,hdr_histogram,HdrHistogram,250,mixed,1,316139.14087848034,767.0,1524.0,776.7485155555555,311.24068035143216,0.4006968460426639,0,100,900,1790636999.7043657,2412.567375,3200.539,performance,,32861568.0,31911504.0,29364384.0,0.0,0.0,12.92,15.98,16.22,,,
5,58,sharded_2key,Sharded-2key,3000,read-heavy,1,262869.26036897674,2222.0,77614.0,10997.34440962963,18587.223418444624,1.6901556163112479,0,100,900,1790637002.830983,2598.9645,3170.369,performance,,32861568.0,31936300.0,29389176.0,0.0,0.0,11.88,15.72,16.13,,,
5,59,disabled,Disabled,2000,read-heavy,1,283420.3724093843,2017.0,38000.0,6795.042605555555,10274.229197779974,1.5120183631195885,0,100,900,1790637016.8438306,2300.0,2300.0,performance,,32861568.0,31944868.0,29397244.0,0.0,0.0,12.05,15.63,16.1,,,
5,60,hdr_histogram,HdrHistogram,500,mixed,1,297114.36624827597,1532.0,4288.0,1648.14168,836.2240444278814,0.5073738833107366,0,100,900,1790637026.4660676,2300.0,2300.0,performance,,32861568.0,31924332.0,29376456.0,0.0,0.0,12.72,15.65,16.1,,,
5,61,sharded_2key,Sharded-2key,1000,mixed,1,286895.5697524914,2012.0,14328.0,3391.730498888889,3347.299685008171,0.9869002522767438,0,100,900,1790637030.497822,2300.0,2300.0,performance,,32861568.0,31921440.0,29373632.0,0.0,0.0,13.94,15.86,16.16,,,
5,62,disabled,Disabled,750,write-heavy,1,289816.6240183471,1888.0,8723.0,2530.9764874074076,1887.3876131704856,0.7457151903863877,0,100,900,1790637036.3442264,2404.35675,3134.854,performance,,32861568.0,31948016.0,29399984.0,0.0,0.0,15.23,16.09,16.24,,,
5,63,disabled,Disabled,1000,write-heavy,1,287170.30855536135,1942.0,14147.0,3387.176377777778,3305.2637305505714,0.9758168344097431,0,100,900,1790637041.2858992,2300.0,2300.0,performance,,32861568.0,31924388.0,29376336.0,0.0,0.0,14.65,15.96,16.19,,,
5,64,sharded_n,Sharded-N,500,mixed,1,292769.75005508657,1558.0,4332.0,1672.3234622222221,847.0693156707288,0.5065224131611019,0,100,900,1790637047.1448386,2300.0,2300.0,performance,,32861568.0,31934056.0,29385860.0,0.0,0.0,14.84,15.98,16.2,,,
5,65,global_mutex,GlobalMutex,250,read-heavy,1,312291.36551224743,763.0,1700.0,784.5778133333333,337.0872352865108,0.4296415595215117,0,100,900,1790637051.195034,2300.0,2300.0,performance,,32861568.0,31947168.0,29398912.0,0.0,0.0,14.85,15.96,16.19,,,
5,66,disabled,Disabled,750,mixed,1,299026.36351536366,1839.0,8613.0,2448.498807407407,1837.2262148855266,0.7503480129650842,0,100,900,1790637054.5018299,2300.0,2300.0,performance,,32861568.0,31955856.0,29407636.0,0.0,0.0,13.66,15.69,16.1,,,
5,67,hdr_histogram,HdrHistogram,1000,read-heavy,1,290842.677342132,1925.0,14502.0,3331.23325,3307.394234552021,0.9928437867723674,0,100,900,1790637059.3682272,2384.289375,2974.315,performance,,32861568.0,31919516.0,29371084.0,0.0,0.0,12.56,15.43,16.02,,,
5,68,global_mutex,GlobalMutex,750,mixed,1,313985.8793014417,1721.0,8386.0,2333.228962962963,1773.4731220403548,0.7600939085670463,0,100,900,1790637065.346811,2699.914,3105.975,performance,,32861568.0,31893020.0,29344424.0,0.0,0.0,13.16,15.51,16.04,,,
5,69,sharded_n,Sharded-N,3000,mixed,1,257444.96299603238,2274.0,80976.0,11190.140554814814,19048.14489452282,1.7022257049601506,0,100,900,1790637070.101474,2788.602375,3183.652,performance,,32861568.0,31928288.0,29379620.0,0.0,0.0,13.95,15.63,16.08,,,
5,70,sharded_2key,Sharded-2key,750,mixed,1,296354.12055456004,1858.0,8760.0,2469.4457748148147,1841.2343645634137,0.7456063151261092,0,100,900,1790637084.1273518,2411.9275,3195.42,performance,,32861568.0,31951168.0,29402072.0,0.0,0.0,14.29,15.66,16.08,,,
5,71,sharded_2key,Sharded-2key,2000,read-heavy,1,282402.89237858204,1995.0,39542.0,6825.501185,10039.49166654152,1.4708797778256513,0,100,900,1790637089.0136015,2300.0,2300.0,performance,,32861568.0,31937276.0,29388188.0,0.0,0.0,13.14,15.4,15.99,,,
5,72,global_mutex,GlobalMutex,2000,mixed,1,273520.0157474712,2134.0,42128.0,7040.341343888889,10642.25921881504,1.511611255617977,0,100,900,1790637098.6728308,2300.0,2300.0,performance,,32861568.0,31930976.0,29381488.0,0.0,0.0,12.08,15.1,15.89,,,
5,73,disabled,Disabled,500,read-heavy,1,309372.20128371683,1471.0,4205.0,1583.1213466666666,799.1050497881708,0.5047655073761229,0,100,900,1790637108.3897617,2300.0,2300.0,performance,,32861568.0,31967248.0,29417520.0,0.0,0.0,12.8,15.18,15.91,,,
5,74,disabled,Disabled,1500,write-heavy,1,277979.85712243046,2057.0,29063.0,5216.676498518518,7101.7126724545205,1.361348106303186,0,100,900,1790637112.5217226,2585.62,3075.405,performance,,32861568.0,31922732.0,29373084.0,0.0,0.0,12.8,15.18,15.91,,,
5,75,disabled,Disabled,250,mixed,1,307006.8387765471,771.0,1781.0,798.41884,356.92716519971435,0.44704251367579745,0,100,900,1790637120.305945,2300.0,2300.0,performance,,32861568.0,31919132.0,29369224.0,0.0,0.0,12.99,15.13,15.88,,,
5,76,thread_local,ThreadLocal,1000,mixed,1,288605.9722453678,1971.0,14686.0,3379.45473,3335.414207137446,0.9869681571788493,0,100,900,1790637123.4541152,2300.0,2300.0,performance,,32861568.0,31949420.0,29399564.0,0.0,0.0,11.95,14.88,15.8,,,
5,77,thread_local,ThreadLocal,1000,write-heavy,1,287189.5891182856,1989.0,14434.0,3382.4548955555556,3339.5204357572093,0.9873067162389184,0,100,900,1790637129.2833443,2491.032125,3169.788,performance,,32861568.0,31932736.0,29382636.0,0.0,0.0,11.0,14.63,15.71,,,
5,78,sharded_2key,Sharded-2key,500,write-heavy,1,297512.0349799788,1540.0,4130.0,1646.7658155555555,820.0987954332336,0.4980057198701102,0,100,900,1790637135.1390965,2300.0,2300.0,performance,,32861568.0,31907656.0,29357448.0,0.0,0.0,12.92,14.97,15.82,,,
5,79,disabled,Disabled,250,read-heavy,1,314841.9822573782,758.0,1614.0,779.6455244444444,330.3856824298401,0.42376396974158803,0,100,900,1790637139.164934,2597.404875,3154.142,performance,,32861568.0,31944392.0,29394136.0,0.0,0.0,11.88,14.72,15.73,,,
5,80,thread_local,ThreadLocal,500,write-heavy,1,301437.76469187316,1502.0,4398.0,1629.0141555555556,862.2123658305304,0.5292847596750829,0,100,900,1790637142.4656131,2393.296875,3046.375,performance,,32861568.0,31946204.0,29395968.0,0.0,0.0,11.88,14.72,15.73,,,
5,81,sharded_n,Sharded-N,2000,mixed,1,270526.0020745491,2124.0,39269.0,7123.788743888889,10509.867171819933,1.4753198823920455,0,100,900,1790637146.4777462,2701.72925,3106.913,performance,,32861568.0,31934708.0,29384400.0,0.0,0.0,10.93,14.47,15.65,,,
5,82,sharded_n,Sharded-N,500,read-heavy,1,295229.3871520918,1546.0,4223.0,1657.0828555555556,822.6410762795513,0.4964393141366197,0,100,900,1790637156.2792742,2401.8925,3115.14,performance,,32861568.0,31934728.0,29384000.0,0.0,0.0,14.15,15.08,15.83,,,
5,83,global_mutex,GlobalMutex,2000,read-heavy,1,280296.2966681791,2055.0,41786.0,6869.915978888889,10321.20053844733,1.5023765312653268,0,100,900,1790637160.4765902,2790.021375,3105.006,performance,,32861568.0,31931648.0,29380976.0,0.0,0.0,13.26,14.88,15.76,,,
5,84,global_mutex,GlobalMutex,100,write-heavy,1,292477.2016946051,324.0,702.0,335.8491888888889,135.7071396004612,0.40407166100186137,0,100,900,1790637170.1792684,2983.858625,3195.556,performance,,32861568.0,31919724.0,29368608.0,0.0,0.0,13.37,14.85,15.74,,,
5,85,disabled,Disabled,250,write-heavy,1,310758.44149962254,762.0,1810.0,791.989,363.7120235095116,0.4592387312317615,0,100,900,1790637172.8410645,2300.0,2300.0,performance,,32861568.0,31932732.0,29381604.0,0.0,0.0,12.3,14.6,15.66,,,
5,86,global_mutex,GlobalMutex,1500,read-heavy,1,283492.9012782185,2030.0,27322.0,5135.169091851852,6714.2923946372275,1.307511451821718,0,100,900,1790637175.9841764,2411.844625,3194.757,performance,,32861568.0,31960860.0,29409832.0,0.0,0.0,12.3,14.6,15.66,,,
5,87,sharded_2key,Sharded-2key,1000,read-heavy,1,297740.27487590595,1904.0,13532.0,3267.254715555556,3149.8138141006307,0.9640551742428335,0,100,900,1790637183.8186707,2300.0,2300.0,performance,,32861568.0,31909620.0,29358360.0,0.0,0.0,11.52,14.36,15.57,,,
5,88,disabled,Disabled,100,read-heavy,1,297856.72132605576,313.0,753.0,329.3508777777778,140.94257772585814,0.42794049518506533,0,100,900,1790637189.7287083,2300.0,2300.0,performance,,32861568.0,31916760.0,29365348.0,0.0,0.0,12.19,14.46,15.59,,,
5,89,global_mutex,GlobalMutex,100,read-heavy,1,288385.9813344288,325.0,802.0,340.2693777777778,144.46317250094333,0.424555313923338,0,100,900,1790637192.5516305,2300.0,2300.0,performance,,32861568.0,31928720.0,29377280.0,0.0,0.0,12.19,14.46,15.59,,,
5,90,hdr_histogram,HdrHistogram,250,read-heavy,1,306088.10048091476,774.0,1839.0,800.1977466666667,369.78707835810513,0.46211961967964027,0,100,900,1790637195.386346,2400.552125,3104.417,performance,,32861568.0,31938740.0,29387288.0,0.0,0.0,11.22,14.22,15.51,,,
5,91,global_mutex,GlobalMutex,1500,write-heavy,1,283739.6732307513,2018.0,27622.0,5119.848777777778,6748.589102851339,1.3181227406838567,0,100,900,1790637198.708616,2300.0,2300.0,performance,,32861568.0,31944640.0,29393220.0,0.0,0.0,10.32,13.98,15.43,,,
5,92,global_mutex,GlobalMutex,750,read-heavy,1,299280.37780431303,1832.0,8648.0,2449.239245925926,1849.4978051909864,0.7551315406477535,0,100,900,1790637206.4014707,2400.29875,3102.39,performance,,32861568.0,31954604.0,29402840.0,0.0,0.0,10.45,13.95,15.41,,,
5,93,disabled,Disabled,3000,mixed,1,256900.05859760934,2276.0,79751.0,11233.663986296297,19307.650828546764,1.7187313820406014,0,100,900,1790637211.4413202,2914.696125,3086.393,performance,,32861568.0,31926712.0,29375028.0,0.0,0.0,11.06,14.02,15.42,,,
5,94,thread_local,ThreadLocal,250,write-heavy,1,313667.7007695954,759.0,1614.0,781.7500488888888,343.27053950468274,0.4391052357368925,0,100,900,1790637225.5190678,2300.0,2300.0,performance,,32861568.0,31970248.0,29417992.0,0.0,0.0,12.32,14.15,15.44,,,
5,95,sharded_2key,Sharded-2key,1500,read-heavy,1,289308.88412498735,1983.0,27456.0,4995.890311111111,6826.549204410232,1.3664329637557582,0,100,900,1790637228.6548321,2300.0,2300.0,performance,,32861568.0,31974640.0,29422344.0,0.0,0.0,11.33,13.91,15.36,,,
5,96,disabled,Disabled,1000,mixed,1,292675.7286243888,1949.0,14109.0,3315.2345955555556,3252.99239350626,0.9812254004188005,0,100,900,1790637236.3860133,2300.0,2300.0,performance,,32861568.0,31927980.0,29375556.0,0.0,0.0,13.47,14.31,15.48,,,
5,97,sharded_2key,Sharded-2key,2000,mixed,1,273022.2341594621,2122.0,43804.0,7061.288457777778,10679.653521132408,1.512422780203678,0,100,900,1790637242.166183,2360.455625,2783.645,performance,,32861568.0,31940316.0,29387944.0,0.0,0.0,13.59,14.32,15.48,,,
5,98,thread_local,ThreadLocal,3000,read-heavy,1,263989.15678735246,2197.0,75165.0,10930.813787777777,18627.350351174024,1.7041137753167181,0,100,900,1790637251.9005775,2383.92875,2971.43,performance,,32861568.0,31923896.0,29371032.0,0.0,0.0,13.57,14.3,15.46,,,
5,99,thread_local,ThreadLocal,500,read-heavy,1,306835.8477526454,1490.0,4169.0,1596.6513266666666,805.6782974538039,0.5046050342975136,0,100,900,1790637265.867592,2402.5255,3120.204,performance,,32861568.0,31948832.0,29395632.0,0.0,0.0,13.66,14.27,15.43,,,
5,100,hdr_histogram,HdrHistogram,1500,mixed,1,276794.7147509874,2072.0,28653.0,5245.101490370371,6973.029705006125,1.329436564346392,0,100,900,1790637270.0181308,2455.338875,3069.475,performance,,32861568.0,31945956.0,29392792.0,0.0,0.0,14.0,14.33,15.44,,,
5,101,thread_local,ThreadLocal,3000,write-heavy,1,254473.79010964526,2307.0,76843.0,11347.899507407408,19095.788365700362,1.6827597348069105,0,100,900,1790637277.7992847,2382.279875,2958.239,performance,,32861568.0,31913480.0,29360200.0,0.0,0.0,13.4,14.2,15.39,,,
5,102,global_mutex,GlobalMutex,500,mixed,1,296518.2168750514,1528.0,4455.0,1653.3380444444444,863.8686197406495,0.522499692451538,0,100,900,1790637291.9946058,2618.9475,3171.874,performance,,32861568.0,31935024.0,29381248.0,0.0,0.0,13.73,14.24,15.39,,,
5,103,sharded_n,Sharded-N,100,write-heavy,1,291323.84000867605,324.0,703.0,337.81963333333334,136.19390849033522,0.4031556933103115,0,100,900,1790637296.027333,2774.39025,3165.608,performance,,32861568.0,31937072.0,29383416.0,0.0,0.0,13.59,14.21,15.37,,,
5,104,sharded_2key,Sharded-2key,3000,write-heavy,1,254800.64449101375,2299.0,75974.0,11321.353164814815,19220.63960621216,1.6977334181171226,0,100,900,1790637298.6937184,2605.79475,3190.28,performance,,32861568.0,31955480.0,29401796.0,0.0,0.0,12.5,13.97,15.29,,,
5,105,sharded_n,Sharded-N,1500,write-heavy,1,273732.8369952218,2111.0,29534.0,5296.0614259259255,7045.705932483522,1.330367109790782,0,100,900,1790637312.893194,2404.226875,3133.815,performance,,32861568.0,31933948.0,29379712.0,0.0,0.0,16.14,14.77,15.53,,,
5,106,sharded_2key,Sharded-2key,250,write-heavy,1,315546.32143917,765.0,1578.0,777.355,314.78828646171837,0.4049479149960036,0,100,900,1790637320.7563279,2501.501875,3156.606,performance,,32861568.0,31945444.0,29391108.0,0.0,0.0,16.29,14.83,15.55,,,
5,107,thread_local,ThreadLocal,2000,mixed,1,271507.34493412205,2130.0,42939.0,7097.451179444444,10630.025071431124,1.497724296042737,0,100,900,1790637323.8816195,2967.618625,3163.538,performance,,32861568.0,31954784.0,29400448.0,0.0,0.0,14.99,14.58,15.46,,,
5,108,sharded_2key,Sharded-2key,100,read-heavy,1,289687.03532388987,323.0,824.0,339.10654444444447,148.84658928099012,0.4389375307540711,0,100,900,1790637333.6336324,2300.0,2300.0,performance,,32861568.0,31930196.0,29375500.0,0.0,0.0,13.86,14.36,15.38,,,
5,109,hdr_histogram,HdrHistogram,1500,read-heavy,1,283683.53845512867,2017.0,28206.0,5111.5776,6774.197157536693,1.3252654439867437,0,100,900,1790637336.4771626,2560.62325,3094.785,performance,,32861568.0,31938764.0,29384028.0,0.0,0.0,13.86,14.36,15.38,,,
5,110,hdr_histogram,HdrHistogram,1500,write-heavy,1,277388.6285858245,2089.0,27896.0,5234.895325925926,6925.98289163421,1.3230413332876283,0,100,900,1790637344.3212185,2396.940125,3075.521,performance,,32861568.0,31917460.0,29362560.0,0.0,0.0,13.5,14.28,15.35,,,
5,111,sharded_2key,Sharded-2key,1000,write-heavy,1,282058.1935056112,2039.0,14651.0,3449.7895433333333,3431.2202195296554,0.994617258945676,0,100,900,1790637352.1202586,2601.0455,3163.571,performance,,32861568.0,31910764.0,29355740.0,0.0,0.0,13.62,14.29,15.34,,,
5,112,thread_local,ThreadLocal,750,mixed,1,296565.8362872605,1889.0,8392.0,2476.2496474074073,1763.4902653029194,0.712161743122009,0,100,900,1790637358.0233636,2366.38075,2831.046,performance,,32861568.0,31948084.0,29392952.0,0.0,0.0,12.56,14.05,15.25,,,
5,113,disabled,Disabled,100,mixed,1,300138.2626925528,312.0,714.0,326.8485333333333,135.40904092640412,0.41428682437534,0,100,900,1790637362.9059765,2607.943125,3170.966,performance,,32861568.0,31931848.0,29376652.0,0.0,0.0,11.55,13.82,15.17,,,
5,114,thread_local,ThreadLocal,750,write-heavy,1,291892.96176637575,1865.0,8999.0,2505.0965244444446,1906.2366404337572,0.7609433895392528,0,100,900,1790637365.5601435,2378.206125,2925.649,performance,,32861568.0,31952952.0,29397724.0,0.0,0.0,11.55,13.82,15.17,,,
5,115,sharded_n,Sharded-N,500,write-heavy,1,288696.2472150924,1589.0,4309.0,1697.9952355555556,850.0752228331487,0.5006346337332439,0,100,900,1790637370.4888885,2492.966625,3105.088,performance,,32861568.0,31943632.0,29388280.0,0.0,0.0,11.83,13.84,15.17,,,
5,116,hdr_histogram,HdrHistogram,100,read-heavy,1,296757.6976069858,316.0,700.0,329.4524,132.61203397853393,0.4025225919693829,0,100,900,1790637374.5640147,2300.0,2300.0,performance,,32861568.0,31945120.0,29389740.0,0.0,0.0,10.88,13.61,15.09,,,
5,117,thread_local,ThreadLocal,250,mixed,1,315171.37506553467,754.0,1641.0,778.7554355555556,340.7276545713864,0.43752844476560865,0,100,900,1790637377.3994145,2381.61825,2952.946,performance,,32861568.0,31969224.0,29413804.0,0.0,0.0,10.88,13.61,15.09,,,
5,118,sharded_2key,Sharded-2key,250,mixed,1,320504.82387180894,751.0,1527.0,764.3327155555555,311.5032854749357,0.4075493291537566,0,100,900,1790637380.5302353,2384.117,2972.936,performance,,32861568.0,31959336.0,29403872.0,0.0,0.0,10.01,13.38,15.01,,,
5,119,disabled,Disabled,100,write-heavy,1,288266.3775043146,327.0,729.0,341.32436666666666,140.97650837166066,0.41302796442111805,0,100,900,1790637383.6516025,2400.47,3103.76,performance,,32861568.0,31960132.0,29404640.0,0.0,0.0,9.21,13.16,14.93,,,
5,120,sharded_2key,Sharded-2key,500,mixed,1,301262.2401827242,1509.0,4419.0,1630.265428888889,844.3553922942922,0.5179251043002026,0,100,900,1790637386.3190048,2485.139,3074.512,performance,,32861568.0,31970312.0,29414784.0,0.0,0.0,9.21,13.16,14.93,,,
5,121,global_mutex,GlobalMutex,2000,write-heavy,1,268084.4006764616,2148.0,44108.0,7185.566306111111,10647.43687119937,1.4817811732032924,0,100,900,1790637390.3292577,2408.232,3165.856,performance,,32861568.0,31937412.0,29381748.0,0.0,0.0,9.67,13.19,14.93,,,
5,122,sharded_n,Sharded-N,750,write-heavy,1,294324.8579146094,1869.0,8366.0,2487.645754074074,1808.1209611198117,0.7268402095268632,0,100,900,1790637400.18434,2400.88625,3107.09,performance,,32861568.0,31944088.0,29388120.0,0.0,0.0,10.49,13.25,14.93,,,
5,123,sharded_n,Sharded-N,3000,read-heavy,1,259193.3138990398,2248.0,76100.0,11124.53740111111,18936.384960551957,1.7022177442327269,0,100,900,1790637405.0995805,2406.9485,3155.588,performance,,32861568.0,31931520.0,29375492.0,0.0,0.0,11.09,13.33,14.95,,,
5,124,disabled,Disabled,2000,write-heavy,1,272888.5956581666,2102.0,40836.0,7062.268637777778,10575.056652865598,1.4974022081653862,0,100,900,1790637419.2194262,2405.44175,3143.534,performance,,32861568.0,31946116.0,29389604.0,0.0,0.0,11.63,13.37,14.93,,,
5,125,thread_local,ThreadLocal,1500,mixed,1,281031.85066527355,2024.0,27413.0,5161.304508148148,6792.773148799551,1.3160961803504918,0,100,900,1790637428.9312568,2412.393875,3199.151,performance,,32861568.0,31918984.0,29362220.0,0.0,0.0,11.02,13.19,14.86,,,
5,126,sharded_n,Sharded-N,3000,write-heavy,1,250831.68279644946,2352.0,81881.0,11491.02681962963,19294.630006520896,1.6791040791551113,0,100,900,1790637436.651079,2388.636875,3009.095,performance,,32861568.0,31931940.0,29375100.0,0.0,0.0,17.99,14.6,15.31,,,
5,127,hdr_histogram,HdrHistogram,3000,mixed,1,255826.96107521135,2301.0,79802.0,11270.552821851852,19336.352088376883,1.7156524967334965,0,100,900,1790637451.009362,2411.42325,3191.386,performance,,32861568.0,31962124.0,29404884.0,0.0,0.0,19.32,15.03,15.44,,,
5,128,thread_local,ThreadLocal,3000,mixed,1,263505.7115663747,2216.0,74768.0,10927.978780370371,18587.677991748304,1.7009255202011226,0,100,900,1790637465.161061,2388.085625,3004.685,performance,,32861568.0,31952208.0,29394584.0,0.0,0.0,19.06,15.18,15.48,,,
5,129,sharded_2key,Sharded-2key,1500,mixed,1,278967.32458516804,2066.0,27711.0,5207.035560740741,6874.36757176628,1.3202075329764693,0,100,900,1790637478.9755616,2401.758375,3114.067,performance,,32861568.0,31942728.0,29384820.0,0.0,0.0,18.21,15.22,15.49,,,
5,130,sharded_n,Sharded-N,1500,read-heavy,1,285914.8353354293,1998.0,28233.0,5052.436237037037,6909.411856123258,1.3675406342535517,0,100,900,1790637486.7339728,2708.8525,3200.745,performance,,32861568.0,31943420.0,29385300.0,0.0,0.0,18.19,15.27,15.5,,,
5,131,sharded_2key,Sharded-2key,100,write-heavy,1,287919.46086505114,328.0,698.0,340.4655222222222,140.7115260519625,0.41329155778692894,0,100,900,1790637494.5354595,2623.51275,3192.472,performance,,32861568.0,31927520.0,29369256.0,0.0,0.0,16.43,15.0,15.41,,,
5,132,thread_local,ThreadLocal,750,read-heavy,1,296117.1943485087,1831.0,8608.0,2472.3947585185183,1860.8732407758391,0.7526602434195789,0,100,900,1790637497.2029653,2300.0,2300.0,performance,,32861568.0,31954164.0,29395860.0,0.0,0.0,16.43,15.0,15.41,,,
5,133,thread_local,ThreadLocal,1000,read-heavy,1,294365.8132158329,1912.0,14235.0,3297.9718722222224,3276.5483997083325,0.9935040463218219,0,100,900,1790637502.2561772,2411.91525,3195.322,performance,,32861568.0,31921480.0,29363180.0,0.0,0.0,15.19,14.76,15.33,,,
5,134,hdr_histogram,HdrHistogram,2000,mixed,1,272537.4094996512,2104.0,45359.0,7074.9906433333335,10813.332958478533,1.5283883051729246,0,100,900,1790637508.1848226,2883.810125,3116.261,performance,,32861568.0,31915496.0,29356956.0,0.0,0.0,12.85,14.28,15.17,,,
5,135,thread_local,ThreadLocal,100,read-heavy,1,293673.00214069017,323.0,685.0,334.5875888888889,137.52054898726058,0.4110150930700808,0,100,900,1790637517.924693,3003.3465,3186.787,performance,,32861568.0,31929016.0,29370312.0,0.0,0.0,12.65,14.2,15.14,,,
5,136,sharded_2key,Sharded-2key,2000,write-heavy,1,269374.72175246774,2152.0,44828.0,7152.941530555556,10961.015324408103,1.5323787112735956,0,100,900,1790637520.7542603,2408.92175,3171.374,performance,,32861568.0,31942548.0,29383812.0,0.0,0.0,12.65,14.2,15.14,,,
5,137,global_mutex,GlobalMutex,1000,read-heavy,1,294210.2869555909,1901.0,13919.0,3309.6551422222224,3188.6735602265658,0.9634458646605625,0,100,900,1790637530.5719523,2491.772,3112.214,performance,,32861568.0,31943252.0,29384236.0,0.0,0.0,16.95,15.11,15.42,,,
5,138,sharded_n,Sharded-N,250,write-heavy,1,304440.98661724915,789.0,1655.0,803.6123466666667,340.23939303538447,0.42338746342894806,0,100,900,1790637536.5078697,2300.0,2300.0,performance,,32861568.0,31934080.0,29374980.0,0.0,0.0,16.72,15.09,15.41,,,
5,139,disabled,Disabled,500,mixed,1,300200.85478550964,1506.0,4305.0,1635.0016644444445,850.9045435251602,0.5204303836683176,0,100,900,1790637539.6692853,2801.070875,3191.102,performance,,32861568.0,31951068.0,29391972.0,0.0,0.0,15.38,14.84,15.33,,,
5,140,sharded_n,Sharded-N,250,read-heavy,1,308028.40216815745,779.0,1628.0,797.4179066666667,334.29379481724555,0.4192203260328661,0,100,900,1790637543.679468,2806.50225,3191.009,performance,,32861568.0,31951400.0,29392236.0,0.0,0.0,14.15,14.59,15.25,,,
5,141,thread_local,ThreadLocal,500,mixed,1,299242.73075967527,1533.0,4200.0,1641.9020933333334,809.4487840029843,0.492994550216858,0,100,900,1790637546.9910932,2368.308125,2846.465,performance,,32861568.0,31962128.0,29402952.0,0.0,0.0,14.15,14.59,15.25,,,
5,142,hdr_histogram,HdrHistogram,750,write-heavy,1,283416.8570858804,1951.0,8795.0,2588.7122785185184,1892.928650855479,0.7312240400616379,0,100,900,1790637551.0107,2300.0,2300.0,performance,,32861568.0,31945516.0,29386268.0,0.0,0.0,13.65,14.48,15.21,,,
5,143,hdr_histogram,HdrHistogram,100,mixed,1,286742.8962036117,329.0,742.0,342.7019666666667,137.7611066292487,0.40198516503771264,0,100,900,1790637556.0108464,2300.0,2300.0,performance,,32861568.0,31910076.0,29350676.0,0.0,0.0,14.08,14.56,15.23,,,
5,144,global_mutex,GlobalMutex,500,write-heavy,1,295788.72090364556,1543.0,4454.0,1657.0594377777777,842.1953186262302,0.5082468977429487,0,100,900,1790637558.6837518,2300.0,2300.0,performance,,32861568.0,31922376.0,29362932.0,0.0,0.0,12.95,14.31,15.15,,,
6,1,sharded_2key,Sharded-2key,1000,write-heavy,1,283183.31452345324,2044.0,14781.0,3424.4849344444447,3392.6079979175843,0.9906914653919972,0,100,900,1790637562.7207005,2300.0,2300.0,performance,,32861568.0,31928360.0,29368836.0,0.0,0.0,11.92,14.08,15.07,,,
6,2,disabled,Disabled,250,mixed,1,305664.6054035886,766.0,1869.0,801.11956,385.90716658605504,0.48170982941179846,0,100,900,1790637568.6219046,2300.0,2300.0,performance,,32861568.0,31925660.0,29365896.0,0.0,0.0,10.96,13.84,14.99,,,
6,3,sharded_n,Sharded-N,250,read-heavy,1,313599.5339749247,767.0,1629.0,784.9366977777778,329.9670081798566,0.42037403667585055,0,100,900,1790637571.7726002,2518.637625,3229.649,performance,,32861568.0,31940940.0,29381204.0,0.0,0.0,10.96,13.84,14.99,,,
6,4,global_mutex,GlobalMutex,3000,write-heavy,1,253461.44501517797,2335.0,81832.0,11391.57514,19368.12003437358,1.7002143949667683,0,100,900,1790637575.0721588,2406.12175,3148.974,performance,,32861568.0,31924720.0,29364956.0,0.0,0.0,12.09,14.03,15.04,,,
6,5,global_mutex,GlobalMutex,500,mixed,1,302167.64289701724,1491.0,4463.0,1625.60404,858.7790480217424,0.528283042420184,0,100,900,1790637589.3342009,2381.53575,2952.286,performance,,32861568.0,31953244.0,29392940.0,0.0,0.0,11.65,13.86,14.97,,,
6,6,hdr_histogram,HdrHistogram,3000,mixed,1,260164.15226390146,2253.0,76023.0,11056.296023333334,18849.828216299484,1.7048953986505597,0,100,900,1790637593.338358,2376.455125,2911.641,performance,,32861568.0,31948816.0,29388528.0,0.0,0.0,10.71,13.63,14.89,,,
6,7,disabled,Disabled,3000,read-heavy,1,269495.82736785774,2144.0,78419.0,10687.682557407408,18338.600521635304,1.7158631371330546,0,100,900,1790637607.3093839,2382.025875,2956.207,performance,,32861568.0,31938000.0,29377284.0,0.0,0.0,14.97,14.43,15.14,,,
6,8,global_mutex,GlobalMutex,3000,mixed,1,258019.01225362028,2282.0,79680.0,11182.80956962963,19020.06424847062,1.7008305587287718,0,100,900,1790637621.0355363,2410.784375,3186.275,performance,,32861568.0,31951080.0,29389980.0,0.0,0.0,15.31,14.5,15.15,,,
6,9,sharded_n,Sharded-N,100,write-heavy,1,280281.96303196135,335.0,784.0,349.7706333333333,145.32525197763798,0.41548728832000664,0,100,900,1790637635.0790565,2300.0,2300.0,performance,,32861568.0,31958976.0,29397608.0,0.0,0.0,15.87,14.64,15.18,,,
6,10,disabled,Disabled,1500,mixed,1,291233.71609849134,1962.0,26975.0,4978.355125925926,6670.861619531369,1.339973033420482,0,100,900,1790637637.7573543,2390.35075,3022.806,performance,,32861568.0,31968144.0,29406748.0,0.0,0.0,14.6,14.4,15.1,,,
6,11,hdr_histogram,HdrHistogram,1500,mixed,1,283860.50163634826,2046.0,27296.0,5106.410266666667,6813.816157843408,1.3343652002116337,0,100,900,1790637645.3053224,2412.956875,3203.655,performance,,32861568.0,31906060.0,29344444.0,0.0,0.0,14.39,14.36,15.08,,,
6,12,sharded_2key,Sharded-2key,750,write-heavy,1,291632.42466352676,1868.0,8652.0,2512.820391111111,1863.3997116069872,0.7415570640060888,0,100,900,1790637652.9681187,2400.622375,3104.979,performance,,32861568.0,31903588.0,29341748.0,0.0,0.0,13.21,14.12,15.0,,,
6,13,disabled,Disabled,100,mixed,1,291813.1622780777,322.0,757.0,336.9485555555556,146.58542360073517,0.43503799373482216,0,100,900,1790637657.8970213,2300.0,2300.0,performance,,32861568.0,31932040.0,29370280.0,0.0,0.0,12.15,13.88,14.92,,,
6,14,global_mutex,GlobalMutex,1500,read-heavy,1,285178.28091338265,1999.0,27229.0,5078.054733333333,6781.192318141806,1.3353917344822512,0,100,900,1790637660.5591884,2837.75375,3207.235,performance,,32861568.0,31956928.0,29395120.0,0.0,0.0,12.15,13.88,14.92,,,
6,15,thread_local,ThreadLocal,3000,mixed,1,262368.8342511458,2218.0,77573.0,10981.884162222223,18519.862209586216,1.6864011617691892,0,100,900,1790637668.3689752,2616.157875,3181.803,performance,,32861568.0,31933372.0,29371268.0,0.0,0.0,11.75,13.75,14.86,,,
6,16,sharded_n,Sharded-N,500,write-heavy,1,303099.802896623,1528.0,4047.0,1620.5674155555555,801.6023120961764,0.4946429901044103,0,100,900,1790637682.2274148,2873.17275,3148.57,performance,,32861568.0,31933948.0,29371416.0,0.0,0.0,13.55,14.06,14.95,,,
6,17,disabled,Disabled,1000,read-heavy,1,302889.5544356604,1878.0,14252.0,3205.4524677777777,3201.8039634152356,0.9988617817923622,0,100,900,1790637686.2313042,2399.59675,3096.774,performance,,32861568.0,31946528.0,29384132.0,0.0,0.0,14.3,14.21,14.99,,,
6,18,disabled,Disabled,750,write-heavy,1,294443.052947774,1838.0,8753.0,2486.6372355555554,1867.5998050896571,0.7510543871802051,0,100,900,1790637692.0772889,2381.453,2951.624,performance,,32861568.0,31908424.0,29345892.0,0.0,0.0,14.6,14.27,15.01,,,
6,19,sharded_2key,Sharded-2key,100,mixed,1,294018.5234217916,320.0,736.0,333.89584444444444,134.63268851899144,0.403217622378623,0,100,900,1790637696.9801147,2775.644625,3191.179,performance,,32861568.0,31939868.0,29377224.0,0.0,0.0,16.15,14.6,15.11,,,
6,20,global_mutex,GlobalMutex,100,write-heavy,1,291779.32374422846,325.0,703.0,336.76523333333336,133.3652626314648,0.3960185002216622,0,100,900,1790637699.6410513,2397.06325,3076.506,performance,,32861568.0,31946256.0,29383580.0,0.0,0.0,14.86,14.35,15.03,,,
6,21,disabled,Disabled,500,write-heavy,1,302049.79407379404,1515.0,4219.0,1621.0361244444443,825.9470736088052,0.5095179935560479,0,100,900,1790637702.3073058,2359.465,2775.72,performance,,32861568.0,31963596.0,29400872.0,0.0,0.0,14.86,14.35,15.03,,,
6,22,hdr_histogram,HdrHistogram,1000,mixed,1,288497.0838913503,1950.0,14418.0,3365.4666011111112,3375.6837334232937,1.0030358739286878,0,100,900,1790637706.3125982,2399.580125,3096.641,performance,,32861568.0,31947248.0,29384448.0,0.0,0.0,14.15,14.22,14.98,,,
6,23,sharded_n,Sharded-N,750,mixed,1,291922.4596133646,1859.0,8752.0,2515.1395748148148,1884.1992862084426,0.7491430316932501,0,100,900,1790637712.1579912,2921.49825,3203.291,performance,,32861568.0,31868276.0,29305336.0,0.0,0.0,14.62,14.31,15.01,,,
6,24,sharded_2key,Sharded-2key,1500,mixed,1,281467.12872741406,2035.0,27898.0,5168.15194074074,6791.38184751321,1.3140832400797828,0,100,900,1790637717.0870087,2404.272875,3134.183,performance,,32861568.0,31935812.0,29372796.0,0.0,0.0,14.25,14.24,14.98,,,
6,25,sharded_2key,Sharded-2key,500,read-heavy,1,302873.25172582275,1477.0,4297.0,1614.9849755555556,855.2528742163589,0.5295732698207619,0,100,900,1790637724.7950406,2300.0,2300.0,performance,,32861568.0,31923568.0,29360288.0,0.0,0.0,15.07,14.41,15.03,,,
6,26,global_mutex,GlobalMutex,1000,write-heavy,1,282842.6784603532,1991.0,14918.0,3435.564841111111,3495.923663887293,1.0175688207231335,0,100,900,1790637728.9562144,2477.486875,3096.342,performance,,32861568.0,31949776.0,29386476.0,0.0,0.0,13.87,14.17,14.95,,,
6,27,sharded_n,Sharded-N,250,write-heavy,1,304589.7034485,779.0,1713.0,804.9648222222222,349.2179438544879,0.43383006836301374,0,100,900,1790637734.85536,2377.410125,2919.281,performance,,32861568.0,31911880.0,29348372.0,0.0,0.0,15.24,14.45,15.04,,,
6,28,sharded_n,Sharded-N,3000,write-heavy,1,255370.49569613847,2298.0,80883.0,11277.066729259259,19034.641579992774,1.6879071514763553,0,100,900,1790637738.0141215,2824.3755,3186.113,performance,,32861568.0,31938732.0,29375228.0,0.0,0.0,14.02,14.21,14.95,,,
6,29,thread_local,ThreadLocal,750,mixed,1,291634.53251965414,1851.0,8588.0,2511.429611851852,1880.9140761116012,0.7489415857945039,0,100,900,1790637752.188767,2300.0,2300.0,performance,,32861568.0,31948776.0,29384788.0,0.0,0.0,14.31,14.26,14.96,,,
6,30,disabled,Disabled,3000,write-heavy,1,259184.32109029268,2282.0,77880.0,11145.662986296296,18834.143662098166,1.6898181548513473,0,100,900,1790637757.119668,2300.0,2300.0,performance,,32861568.0,31940948.0,29377056.0,0.0,0.0,13.96,14.19,14.93,,,
6,31,sharded_n,Sharded-N,500,read-heavy,1,304407.0669080097,1477.0,4341.0,1608.0184466666667,848.2668420366883,0.5275230789765494,0,100,900,1790637771.1498935,2618.532625,3200.002,performance,,32861568.0,31960220.0,29395864.0,0.0,0.0,20.0,15.54,15.37,,,
6,32,sharded_n,Sharded-N,1500,read-heavy,1,286638.3431251486,2012.0,26601.0,5055.530986666667,6573.059298614303,1.300171894099735,0,100,900,1790637775.3103552,2402.637125,3121.097,performance,,32861568.0,31954540.0,29390176.0,0.0,0.0,19.36,15.48,15.35,,,
6,33,sharded_n,Sharded-N,1500,write-heavy,1,275677.928896527,2090.0,27860.0,5256.687439259259,6939.409514279746,1.3201107340819196,0,100,900,1790637783.1048024,2805.791625,3129.4,performance,,32861568.0,31909988.0,29345320.0,0.0,0.0,17.78,15.28,15.29,,,
6,34,disabled,Disabled,100,read-heavy,1,295323.5757876997,319.0,696.0,332.5205888888889,134.43293652570563,0.40428454964220617,0,100,900,1790637790.9297602,2300.0,2300.0,performance,,32861568.0,31921464.0,29356692.0,0.0,0.0,18.04,15.38,15.32,,,
6,35,sharded_2key,Sharded-2key,2000,write-heavy,1,276499.8640192102,2073.0,40010.0,6979.2534305555555,10413.264365666273,1.4920312708629304,0,100,900,1790637793.7534735,2394.22325,3053.786,performance,,32861568.0,31949452.0,29384652.0,0.0,0.0,16.59,15.12,15.23,,,
6,36,thread_local,ThreadLocal,500,mixed,1,307244.6550659811,1516.0,3769.0,1591.8243266666666,756.7203907965031,0.4753793355960962,0,100,900,1790637803.3808641,2300.0,2300.0,performance,,32861568.0,31928400.0,29363368.0,0.0,0.0,15.0,14.84,15.14,,,
6,37,global_mutex,GlobalMutex,250,read-heavy,1,313752.96112026577,755.0,1750.0,782.1897377777777,346.26905496007663,0.442691892051456,0,100,900,1790637807.3591366,2402.507,3120.056,performance,,32861568.0,31928996.0,29363960.0,0.0,0.0,15.0,14.84,15.14,,,
6,38,disabled,Disabled,1000,mixed,1,291054.17601810396,1952.0,14608.0,3337.1139022222224,3396.817292407913,1.0178907259191643,0,100,900,1790637810.6616182,2300.0,2300.0,performance,,32861568.0,31951776.0,29386764.0,0.0,0.0,13.8,14.59,15.06,,,
6,39,disabled,Disabled,2000,write-heavy,1,271359.9915719687,2159.0,42741.0,7115.352603888889,10770.696816995716,1.5137263627819377,0,100,900,1790637816.462011,2476.293875,3015.004,performance,,32861568.0,31906168.0,29340888.0,0.0,0.0,13.49,14.51,15.03,,,
6,40,hdr_histogram,HdrHistogram,2000,write-heavy,1,269600.488095268,2164.0,43707.0,7166.266593888889,10734.893194848988,1.4979756968577314,0,100,900,1790637826.2460067,2300.0,2300.0,performance,,32861568.0,31939236.0,29373688.0,0.0,0.0,15.17,14.86,15.14,,,
6,41,global_mutex,GlobalMutex,1500,mixed,1,281312.6987398679,2036.0,27377.0,5157.526311111111,6695.694761731487,1.2982376352218747,0,100,900,1790637836.0610254,2811.5285,3240.217,performance,,32861568.0,31930844.0,29365048.0,0.0,0.0,19.75,15.82,15.45,,,
6,42,thread_local,ThreadLocal,1500,write-heavy,1,282302.0374768133,2049.0,28579.0,5130.785628888889,6806.28039998979,1.3265571575758355,0,100,900,1790637843.7805035,2390.53775,3024.302,performance,,32861568.0,31954980.0,29389000.0,0.0,0.0,18.41,15.68,15.41,,,
6,43,sharded_2key,Sharded-2key,750,mixed,1,293779.8215135167,1808.0,8868.0,2484.529171851852,1903.2467722880692,0.7660392133248642,0,100,900,1790637851.4857028,2407.981,3163.848,performance,,32861568.0,31915472.0,29349276.0,0.0,0.0,17.57,15.55,15.37,,,
6,44,sharded_2key,Sharded-2key,750,read-heavy,1,296286.8022429511,1872.0,8410.0,2474.9468325925927,1809.974230413919,0.7313184293813327,0,100,900,1790637856.3917758,2300.0,2300.0,performance,,32861568.0,31945208.0,29379012.0,0.0,0.0,17.13,15.49,15.35,,,
6,45,global_mutex,GlobalMutex,2000,mixed,1,274056.93093335524,2094.0,43146.0,7050.458713333333,10726.621455786179,1.5214075979908575,0,100,900,1790637861.445082,2374.218625,2893.749,performance,,32861568.0,31947208.0,29380900.0,0.0,0.0,16.96,15.48,15.35,,,
6,46,hdr_histogram,HdrHistogram,250,mixed,1,307545.5837400732,766.0,1807.0,799.3319377777777,366.3445111379075,0.4583133662297814,0,100,900,1790637871.1405861,2300.0,2300.0,performance,,32861568.0,31914356.0,29347780.0,0.0,0.0,18.46,15.85,15.47,,,
6,47,thread_local,ThreadLocal,500,write-heavy,1,306764.0746312601,1498.0,4022.0,1596.268831111111,792.5289050662686,0.49648836688405107,0,100,900,1790637874.289511,2381.255625,2950.045,performance,,32861568.0,31952400.0,29385780.0,0.0,0.0,16.98,15.58,15.38,,,
6,48,thread_local,ThreadLocal,100,read-heavy,1,291175.4024027076,323.0,806.0,337.4665111111111,143.4408077039987,0.42505197695533914,0,100,900,1790637878.2728522,2412.05275,3196.422,performance,,32861568.0,31947748.0,29381164.0,0.0,0.0,15.62,15.32,15.3,,,
6,49,hdr_histogram,HdrHistogram,3000,write-heavy,1,251579.84938114564,2343.0,78429.0,11441.78083,19427.82763573761,1.6979723632529684,0,100,900,1790637881.1025875,2867.683,3159.463,performance,,32861568.0,31936276.0,29369664.0,0.0,0.0,15.62,15.32,15.3,,,
6,50,sharded_2key,Sharded-2key,3000,write-heavy,1,249564.15928050134,2389.0,78100.0,11568.009357037037,19632.28474929295,1.6971186781890233,0,100,900,1790637895.4282162,2783.355625,3211.105,performance,,32861568.0,31944140.0,29376992.0,0.0,0.0,15.07,15.21,15.26,,,
6,51,thread_local,ThreadLocal,100,mixed,1,286143.87851526367,330.0,730.0,343.4095555555555,143.4248254685974,0.4176494892128727,0,100,900,1790637909.8325667,2398.138125,3085.105,performance,,32861568.0,31949036.0,29381636.0,0.0,0.0,15.79,15.38,15.32,,,
6,52,sharded_n,Sharded-N,250,mixed,1,298776.90772879927,798.0,1761.0,823.6041955555555,365.65795556308564,0.44397291506806136,0,100,900,1790637912.501098,2397.556125,3080.449,performance,,32861568.0,31960768.0,29393336.0,0.0,0.0,15.79,15.38,15.32,,,
6,53,thread_local,ThreadLocal,1000,write-heavy,1,283443.58353368967,2028.0,14631.0,3426.7671666666665,3407.283305543985,0.9943142150677152,0,100,900,1790637915.6693604,2650.360875,3083.711,performance,,32861568.0,31973572.0,29406092.0,0.0,0.0,14.52,15.12,15.23,,,
6,54,sharded_n,Sharded-N,750,read-heavy,1,296694.1633484212,1870.0,8663.0,2465.2863733333334,1808.2857628122567,0.7334992730955062,0,100,900,1790637921.5588043,2412.08275,3196.662,performance,,32861568.0,31932584.0,29365012.0,0.0,0.0,14.16,15.04,15.21,,,
6,55,hdr_histogram,HdrHistogram,1000,read-heavy,1,284642.0840744977,1977.0,15539.0,3415.6660444444447,3501.321213235999,1.0250771497204394,0,100,900,1790637926.615591,2505.902,3138.473,performance,,32861568.0,31918832.0,29351124.0,0.0,0.0,15.35,15.27,15.28,,,
6,56,sharded_2key,Sharded-2key,250,mixed,1,307236.3978683824,778.0,1735.0,800.5327688888889,348.43324796148863,0.4352516992466175,0,100,900,1790637932.6525493,2586.6415,3105.199,performance,,32861568.0,31920044.0,29352192.0,0.0,0.0,19.65,16.16,15.57,,,
6,57,global_mutex,GlobalMutex,100,mixed,1,290859.2826377863,321.0,754.0,337.0089888888889,146.71809385981103,0.435353651377482,0,100,900,1790637935.8056066,2394.851125,3058.809,performance,,32861568.0,31941152.0,29373300.0,0.0,0.0,18.07,15.89,15.48,,,
6,58,hdr_histogram,HdrHistogram,2000,read-heavy,1,276754.82867883553,2082.0,42401.0,6940.649484444444,10508.863464049256,1.5141037575232668,0,100,900,1790637938.4695559,2613.376625,3201.825,performance,,32861568.0,31957172.0,29389280.0,0.0,0.0,16.63,15.63,15.4,,,
6,59,disabled,Disabled,3000,mixed,1,260550.55929678841,2261.0,78043.0,11055.371757037037,18875.20686169026,1.7073335276740642,0,100,900,1790637948.2642138,2408.499,3167.992,performance,,32861568.0,31936248.0,29368092.0,0.0,0.0,17.68,15.91,15.5,,,
6,60,disabled,Disabled,500,read-heavy,1,314237.4873706819,1450.0,4174.0,1559.15184,804.7427252564557,0.5161413433963274,0,100,900,1790637962.220789,2300.0,2300.0,performance,,32861568.0,31946976.0,29378404.0,0.0,0.0,16.85,15.79,15.46,,,
6,61,global_mutex,GlobalMutex,1500,write-heavy,1,270692.45474119455,2155.0,29641.0,5366.00924,7062.519489379635,1.3161586522686708,0,100,900,1790637966.3276367,2300.0,2300.0,performance,,32861568.0,31920008.0,29351504.0,0.0,0.0,20.71,16.6,15.73,,,
6,62,thread_local,ThreadLocal,1500,read-heavy,1,284204.6672720341,2046.0,28454.0,5114.405851111111,6916.382427012231,1.3523335121145381,0,100,900,1790637974.2467387,2915.25625,3199.905,performance,,32861568.0,31915120.0,29346296.0,0.0,0.0,20.03,16.61,15.74,,,
6,63,hdr_histogram,HdrHistogram,1500,write-heavy,1,276586.4818976527,2078.0,27521.0,5241.1197881481485,6853.676847479967,1.3076741468451698,0,100,900,1790637982.071004,2300.0,2300.0,performance,,32861568.0,31930840.0,29361784.0,0.0,0.0,19.63,16.58,15.74,,,
6,64,sharded_2key,Sharded-2key,500,write-heavy,1,298790.81885372166,1538.0,4290.0,1641.678068888889,812.9898727313634,0.4952188179510777,0,100,900,1790637989.8995469,3028.9845,3217.724,performance,,32861568.0,31935552.0,29366444.0,0.0,0.0,19.1,16.58,15.74,,,
6,65,global_mutex,GlobalMutex,750,mixed,1,289827.3604254603,1885.0,8888.0,2524.003339259259,1904.1128208334935,0.7544018627932203,0,100,900,1790637993.91963,2300.0,2300.0,performance,,32861568.0,31966412.0,29397260.0,0.0,0.0,17.57,16.3,15.66,,,
6,66,global_mutex,GlobalMutex,500,read-heavy,1,306586.80953255895,1503.0,4031.0,1598.6507555555556,791.7360833184063,0.49525268765989217,0,100,900,1790637998.8607683,2402.434875,3119.479,performance,,32861568.0,31929752.0,29360436.0,0.0,0.0,16.16,16.03,15.57,,,
6,67,sharded_2key,Sharded-2key,100,write-heavy,1,282862.67969205306,331.0,774.0,345.8978,143.957716546234,0.41618569573508124,0,100,900,1790638003.0105991,2396.71475,3073.718,performance,,32861568.0,31928048.0,29358732.0,0.0,0.0,14.87,15.77,15.49,,,
6,68,sharded_n,Sharded-N,500,mixed,1,292514.2457070288,1552.0,4357.0,1675.0399777777777,856.5577535824488,0.5113655584022637,0,100,900,1790638005.6851938,2856.514875,3173.109,performance,,32861568.0,31947632.0,29378292.0,0.0,0.0,14.87,15.77,15.49,,,
6,69,sharded_2key,Sharded-2key,100,read-heavy,1,297142.29145939887,317.0,690.0,330.25025555555555,133.7237481001177,0.40491641066307166,0,100,900,1790638009.7349231,2300.0,2300.0,performance,,32861568.0,31930544.0,29361120.0,0.0,0.0,13.68,15.5,15.41,,,
6,70,sharded_n,Sharded-N,1500,mixed,1,283764.3785780584,2034.0,27636.0,5113.495740740741,6685.812197004369,1.307483673788269,0,100,900,1790638012.5631225,2701.618625,3116.17,performance,,32861568.0,31943224.0,29373756.0,0.0,0.0,13.68,15.5,15.41,,,
6,71,disabled,Disabled,100,write-heavy,1,284566.6150051786,328.0,826.0,345.2281,153.4933442111784,0.4446142831686598,0,100,900,1790638020.2473557,2726.5165,3191.153,performance,,32861568.0,31900052.0,29330228.0,0.0,0.0,12.77,15.24,15.32,,,
6,72,global_mutex,GlobalMutex,250,write-heavy,1,308262.6785911951,772.0,1686.0,795.2760844444445,360.2043969632148,0.45293000004500644,0,100,900,1790638022.91525,2607.599375,3142.176,performance,,32861568.0,31915516.0,29345660.0,0.0,0.0,11.75,14.99,15.24,,,
6,73,sharded_n,Sharded-N,1000,mixed,1,286368.32688157953,1987.0,14496.0,3385.502701111111,3371.781658395514,0.9959471180716843,0,100,900,1790638026.0636718,2702.900625,3170.676,performance,,32861568.0,31934312.0,29364496.0,0.0,0.0,11.75,14.99,15.24,,,
6,74,sharded_n,Sharded-N,1000,write-heavy,1,279611.27781518234,2067.0,15031.0,3486.1617844444445,3514.954932360223,1.0082592689886787,0,100,900,1790638031.9184575,2367.808625,2842.469,performance,,32861568.0,31909288.0,29339360.0,0.0,0.0,12.01,14.99,15.24,,,
6,75,global_mutex,GlobalMutex,500,write-heavy,1,291335.08245564904,1575.0,4263.0,1683.173528888889,850.2399197003115,0.5051409763208308,0,100,900,1790638037.8625684,3090.577,3158.141,performance,,32861568.0,31940972.0,29370916.0,0.0,0.0,11.27,14.74,15.15,,,
6,76,thread_local,ThreadLocal,750,read-heavy,1,303347.4995177516,1798.0,8141.0,2415.7071555555553,1786.2810367586585,0.7394443621407646,0,100,900,1790638041.923071,2387.8675,3002.94,performance,,32861568.0,31944872.0,29374824.0,0.0,0.0,11.27,14.74,15.15,,,
6,77,disabled,Disabled,1500,write-heavy,1,281455.1955553211,2021.0,26350.0,5144.724748888889,6668.893379045744,1.2962585375410087,0,100,900,1790638046.9211743,2412.430875,3199.447,performance,,32861568.0,31926772.0,29356552.0,0.0,0.0,11.49,14.73,15.15,,,
6,78,sharded_n,Sharded-N,2000,write-heavy,1,266119.78180210455,2181.0,42175.0,7244.411366111111,10934.449159677204,1.5093633708913676,0,100,900,1790638054.6422033,2409.806875,3178.455,performance,,32861568.0,31942624.0,29372140.0,0.0,0.0,10.31,14.37,15.03,,,
6,79,sharded_2key,Sharded-2key,1000,mixed,1,285311.91385460977,1967.0,14815.0,3409.8722566666665,3399.164209430785,0.9968596925544803,0,100,900,1790638064.558398,2398.24325,3085.946,performance,,32861568.0,31947596.0,29376868.0,0.0,0.0,9.24,14.01,14.9,,,
6,80,hdr_histogram,HdrHistogram,100,mixed,1,283221.0325225544,333.0,711.0,346.05195555555554,135.9727624541836,0.39292586061503815,0,100,900,1790638070.4252026,2903.15075,3194.635,performance,,32861568.0,31914632.0,29343840.0,0.0,0.0,9.94,14.08,14.92,,,
6,81,sharded_n,Sharded-N,3000,mixed,1,253114.03333618745,2323.0,80657.0,11407.499848148149,19315.352698305,1.6932152492152417,0,100,900,1790638073.0996397,2797.825125,3211.265,performance,,32861568.0,31942412.0,29371592.0,0.0,0.0,9.15,13.85,14.84,,,
6,82,hdr_histogram,HdrHistogram,500,mixed,1,301577.57865170226,1504.0,4253.0,1623.3689066666666,834.6212713656494,0.5141291470707131,0,100,900,1790638087.3622534,2401.3435,3110.748,performance,,32861568.0,31957976.0,29386740.0,0.0,0.0,10.87,14.07,14.9,,,
6,83,hdr_histogram,HdrHistogram,750,read-heavy,1,307894.20039317844,1788.0,8183.0,2377.546408888889,1773.4751694097974,0.7459266253560135,0,100,900,1790638091.369373,2409.41375,3175.31,performance,,32861568.0,31932336.0,29361124.0,0.0,0.0,17.21,15.33,15.3,,,
6,84,global_mutex,GlobalMutex,250,mixed,1,304690.55880756304,793.0,1686.0,807.5812133333334,340.0019823428244,0.4210127436464855,0,100,900,1790638096.331718,2400.15275,3101.222,performance,,32861568.0,31914340.0,29342996.0,0.0,0.0,16.71,15.25,15.28,,,
6,85,sharded_2key,Sharded-2key,3000,read-heavy,1,259567.90343119245,2259.0,79194.0,11111.98573074074,18948.651688293092,1.705244422324321,0,100,900,1790638099.4872866,2707.784375,3145.179,performance,,32861568.0,31951668.0,29380292.0,0.0,0.0,15.37,15.0,15.2,,,
6,86,hdr_histogram,HdrHistogram,750,mixed,1,297107.11058357643,1847.0,8616.0,2466.4191185185186,1836.6448037458106,0.7446604634045373,0,100,900,1790638113.6304097,2388.2,3005.6,performance,,32861568.0,31939380.0,29367568.0,0.0,0.0,13.77,14.68,15.09,,,
6,87,thread_local,ThreadLocal,3000,read-heavy,1,256310.93460868052,2298.0,75037.0,11298.221457777778,19091.401205177204,1.689770489676014,0,100,900,1790638118.5194118,2398.318625,3086.549,performance,,32861568.0,31916232.0,29344388.0,0.0,0.0,12.67,14.44,15.01,,,
6,88,disabled,Disabled,750,mixed,1,296954.3829248527,1838.0,8432.0,2470.464214814815,1832.1197867705887,0.7416095225277018,0,100,900,1790638132.7791834,2406.89275,3155.142,performance,,32861568.0,31950656.0,29378364.0,0.0,0.0,12.03,14.24,14.94,,,
6,89,hdr_histogram,HdrHistogram,1000,write-heavy,1,295002.2830341407,1961.0,14180.0,3308.2888755555555,3252.488060925109,0.9831330283631667,0,100,900,1790638137.6551049,2405.12275,3140.982,performance,,32861568.0,31926396.0,29354144.0,0.0,0.0,11.07,14.01,14.86,,,
6,90,sharded_2key,Sharded-2key,250,write-heavy,1,309506.056780424,775.0,1607.0,789.1503911111112,321.2572387167421,0.4070925419734216,0,100,900,1790638143.432073,2400.63175,3105.054,performance,,32861568.0,31920652.0,29348196.0,0.0,0.0,9.36,13.55,14.7,,,
6,91,sharded_2key,Sharded-2key,3000,mixed,1,256273.3799218918,2291.0,78499.0,11232.840062962963,19144.291235509278,1.7043144145381393,0,100,900,1790638146.5715923,2495.31225,3091.617,performance,,32861568.0,31934132.0,29361656.0,0.0,0.0,9.36,13.55,14.7,,,
6,92,thread_local,ThreadLocal,2000,read-heavy,1,280611.3755992326,2062.0,40369.0,6852.785701666667,10257.703983247535,1.4968663007735319,0,100,900,1790638160.698134,2405.88625,3147.09,performance,,32861568.0,31957092.0,29384168.0,0.0,0.0,12.33,13.99,14.83,,,
6,93,global_mutex,GlobalMutex,1000,read-heavy,1,288179.8721933794,1959.0,14134.0,3385.084227777778,3274.2444334289657,0.9672564146442005,0,100,900,1790638170.389216,2796.420875,3148.34,performance,,32861568.0,31910248.0,29337104.0,0.0,0.0,14.17,14.33,14.93,,,
6,94,thread_local,ThreadLocal,250,mixed,1,314084.9665303731,770.0,1532.0,781.7027733333333,306.6228293177052,0.39224989315338565,0,100,900,1790638176.385182,2396.314625,3070.517,performance,,32861568.0,31937020.0,29363844.0,0.0,0.0,14.48,14.39,14.94,,,
6,95,sharded_2key,Sharded-2key,1000,read-heavy,1,290232.9386443669,1924.0,14713.0,3344.67619,3426.417672507939,1.0244392813726877,0,100,900,1790638179.5197375,2300.0,2300.0,performance,,32861568.0,31942248.0,29369060.0,0.0,0.0,13.32,14.15,14.86,,,
6,96,thread_local,ThreadLocal,2000,mixed,1,274178.1447886753,2109.0,40689.0,7030.676812777778,10485.101102156905,1.4913359526213672,0,100,900,1790638185.4899,2814.294875,3223.293,performance,,32861568.0,31908412.0,29334984.0,0.0,0.0,14.02,14.28,14.9,,,
6,97,hdr_histogram,HdrHistogram,500,write-heavy,1,296186.4310711509,1526.0,4411.0,1654.606611111111,892.6958664171883,0.5395215155206711,0,100,900,1790638195.1849563,2300.0,2300.0,performance,,32861568.0,31938680.0,29365048.0,0.0,0.0,14.29,14.32,14.91,,,
6,98,disabled,Disabled,750,read-heavy,1,300358.5518866268,1764.0,8873.0,2437.1339214814816,1912.5813565245016,0.7847666226572746,0,100,900,1790638199.2239184,2300.0,2300.0,performance,,32861568.0,31951684.0,29378104.0,0.0,0.0,13.14,14.08,14.83,,,
6,99,thread_local,ThreadLocal,3000,write-heavy,1,256172.50937014734,2298.0,81243.0,11257.659862592593,19206.78192706716,1.7061078555844658,0,100,900,1790638204.2413173,2401.92375,3115.39,performance,,32861568.0,31911724.0,29338016.0,0.0,0.0,12.09,13.85,14.75,,,
6,100,thread_local,ThreadLocal,750,write-heavy,1,284880.73721796763,1921.0,8952.0,2582.53904,1928.709156023224,0.7468267182606556,0,100,900,1790638218.3659592,2409.417,3175.336,performance,,32861568.0,31951684.0,29377436.0,0.0,0.0,11.71,13.7,14.69,,,
6,101,thread_local,ThreadLocal,1000,read-heavy,1,297178.8643001229,1879.0,14074.0,3266.185218888889,3210.5076743962295,0.9829533413565567,0,100,900,1790638223.3577275,2300.0,2300.0,performance,,32861568.0,31921124.0,29346884.0,0.0,0.0,10.77,13.47,14.61,,,
6,102,sharded_n,Sharded-N,100,mixed,1,294576.1182054623,321.0,709.0,333.6662333333333,133.5896288877103,0.40036903810477564,0,100,900,1790638229.264494,2934.676125,3235.007,performance,,32861568.0,31933008.0,29358660.0,0.0,0.0,9.91,13.25,14.53,,,
6,103,sharded_2key,Sharded-2key,1500,write-heavy,1,274427.6053802386,2101.0,27928.0,5280.894491851852,7005.7302876444555,1.326618113362033,0,100,900,1790638231.9265113,2394.794125,3058.353,performance,,32861568.0,31950540.0,29376156.0,0.0,0.0,9.91,13.25,14.53,,,
6,104,global_mutex,GlobalMutex,750,write-heavy,1,288792.99617993477,1879.0,8950.0,2534.109183703704,1917.1959959230344,0.7565561927055464,0,100,900,1790638239.756444,2850.4945,3052.347,performance,,32861568.0,31925480.0,29350896.0,0.0,0.0,11.85,13.58,14.63,,,
6,105,disabled,Disabled,500,mixed,1,305265.74703384057,1499.0,4056.0,1602.2717355555556,794.3526873108627,0.49576652304575347,0,100,900,1790638244.7027016,2404.650875,3137.207,performance,,32861568.0,31953312.0,29378712.0,0.0,0.0,10.9,13.36,14.55,,,
6,106,hdr_histogram,HdrHistogram,2000,mixed,1,272451.96472290874,2108.0,41026.0,7070.298781111111,10532.12198972484,1.4896289839776329,0,100,900,1790638248.6898336,2300.0,2300.0,performance,,32861568.0,31963000.0,29388300.0,0.0,0.0,10.03,13.13,14.47,,,
6,107,hdr_histogram,HdrHistogram,100,read-heavy,1,297546.53934513597,319.0,652.0,329.8792666666667,127.97487000184162,0.38794456922070364,0,100,900,1790638258.4358606,2300.0,2300.0,performance,,32861568.0,31935976.0,29360872.0,0.0,0.0,9.3,12.88,14.37,,,
6,108,disabled,Disabled,1500,read-heavy,1,286970.15761831653,1997.0,26960.0,5047.317334814815,6748.360776054142,1.3370193170748472,0,100,900,1790638261.2626684,2873.827125,3132.036,performance,,32861568.0,31968320.0,29393180.0,0.0,0.0,9.3,12.88,14.37,,,
6,109,disabled,Disabled,2000,mixed,1,273839.9003408244,2131.0,44512.0,7051.141838888889,10749.746629298312,1.5245398369396927,0,100,900,1790638269.0206826,2300.0,2300.0,performance,,32861568.0,31924108.0,29348840.0,0.0,0.0,8.53,12.6,14.27,,,
6,110,sharded_n,Sharded-N,2000,read-heavy,1,279670.55164508556,2057.0,41045.0,6880.7961188888885,10512.21942980518,1.5277620856905574,0,100,900,1790638278.715094,2404.993125,3139.945,performance,,32861568.0,31941664.0,29366124.0,0.0,0.0,10.75,12.97,14.37,,,
6,111,hdr_histogram,HdrHistogram,500,read-heavy,1,304571.7647281555,1495.0,4199.0,1608.8378955555556,834.5216116611546,0.5187108122990737,0,100,900,1790638288.4532704,2400.720375,3105.763,performance,,32861568.0,31928696.0,29352868.0,0.0,0.0,10.65,12.89,14.33,,,
6,112,thread_local,ThreadLocal,500,read-heavy,1,305098.419963625,1499.0,4184.0,1609.6745755555555,820.4346798598948,0.5096897797349714,0,100,900,1790638292.6076097,2615.585625,3176.408,performance,,32861568.0,31933428.0,29357640.0,0.0,0.0,10.65,12.89,14.33,,,
6,113,hdr_histogram,HdrHistogram,100,write-heavy,1,277364.08581952995,337.0,802.0,354.6462222222222,154.91716069644156,0.43682168592048354,0,100,900,1790638296.7587464,2300.0,2300.0,performance,,32861568.0,31944380.0,29368580.0,0.0,0.0,9.79,12.67,14.25,,,
6,114,sharded_2key,Sharded-2key,2000,mixed,1,279171.2495238044,2065.0,40084.0,6916.349738888889,10255.06938734612,1.482728574248415,0,100,900,1790638299.439845,2300.0,2300.0,performance,,32861568.0,31942836.0,29367000.0,0.0,0.0,9.01,12.46,14.17,,,
6,115,thread_local,ThreadLocal,1000,mixed,1,288592.43816414237,1954.0,14616.0,3368.88503,3337.9589426038815,0.9908200822762662,0,100,900,1790638308.9973142,2410.685625,3185.485,performance,,32861568.0,31952348.0,29376148.0,0.0,0.0,8.58,12.26,14.09,,,
6,116,hdr_histogram,HdrHistogram,250,read-heavy,1,313057.9022267689,762.0,1744.0,783.7523422222222,348.5618937172857,0.44473473945734737,0,100,900,1790638314.822758,2300.0,2300.0,performance,,32861568.0,31926624.0,29350332.0,0.0,0.0,7.89,12.06,14.02,,,
6,117,global_mutex,GlobalMutex,100,read-heavy,1,298940.67084937147,317.0,647.0,327.95827777777777,127.93801591521563,0.3901045486093982,0,100,900,1790638318.1270883,2300.0,2300.0,performance,,32861568.0,31955592.0,29379328.0,0.0,0.0,7.26,11.86,13.94,,,
6,118,global_mutex,GlobalMutex,2000,write-heavy,1,267711.8225057957,2170.0,43496.0,7200.798373888889,10874.244621648813,1.5101443002598656,0,100,900,1790638320.9507725,2300.0,2300.0,performance,,32861568.0,31970988.0,29394692.0,0.0,0.0,7.26,11.86,13.94,,,
6,119,sharded_n,Sharded-N,100,read-heavy,1,295569.95902996423,319.0,732.0,331.54668888888887,137.93261797866685,0.4160277348596661,0,100,900,1790638330.8126428,2300.0,2300.0,performance,,32861568.0,31940980.0,29364300.0,0.0,0.0,8.57,12.0,13.96,,,
6,120,disabled,Disabled,1000,write-heavy,1,288603.1327085055,1917.0,14560.0,3370.407641111111,3338.4701134351862,0.9905241350374473,0,100,900,1790638333.6410198,2300.0,2300.0,performance,,32861568.0,31955828.0,29379164.0,0.0,0.0,7.88,11.8,13.89,,,
6,121,thread_local,ThreadLocal,250,read-heavy,1,313836.62101533625,758.0,1676.0,782.4486888888889,341.75990387953755,0.4367825120454243,0,100,900,1790638339.4771616,2399.864875,3098.919,performance,,32861568.0,31917708.0,29340984.0,0.0,0.0,7.25,11.6,13.81,,,
6,122,sharded_n,Sharded-N,750,write-heavy,1,284190.5203800872,1928.0,8734.0,2586.7238903703706,1913.573791510035,0.7397673167336183,0,100,900,1790638342.7620237,2399.254375,3094.035,performance,,32861568.0,31937288.0,29360568.0,0.0,0.0,7.25,11.6,13.81,,,
6,123,hdr_histogram,HdrHistogram,250,write-heavy,1,309365.7996158023,766.0,1687.0,791.3806622222222,342.9059726135946,0.4333009245521664,0,100,900,1790638347.7614832,2401.1145,3108.916,performance,,32861568.0,31926840.0,29350004.0,0.0,0.0,6.67,11.41,13.74,,,
6,124,disabled,Disabled,250,write-heavy,1,307114.16532857483,776.0,1754.0,797.7722133333333,348.81729976839836,0.43723921933923254,0,100,900,1790638350.912014,2300.0,2300.0,performance,,32861568.0,31946564.0,29369708.0,0.0,0.0,6.13,11.22,13.66,,,
6,125,sharded_2key,Sharded-2key,2000,read-heavy,1,276528.3859582857,2092.0,39924.0,6971.880132777777,10415.16091001797,1.4938812360028773,0,100,900,1790638354.0615568,2865.849125,3401.889,performance,,32861568.0,31930340.0,29353436.0,0.0,0.0,5.64,11.03,13.59,,,
6,126,hdr_histogram,HdrHistogram,750,write-heavy,1,283456.7720315788,1914.0,9228.0,2587.4570977777776,1988.3637293732736,0.7684624920277783,0,100,900,1790638363.8460581,2812.6995,3157.94,performance,,32861568.0,31930680.0,29353348.0,0.0,0.0,6.25,10.99,13.55,,,
6,127,hdr_histogram,HdrHistogram,3000,read-heavy,1,258891.11565953057,2248.0,79170.0,11133.215713333333,18921.221933435303,1.6995289070681454,0,100,900,1790638368.8464336,2724.30375,3188.17,performance,,32861568.0,31896004.0,29318704.0,0.0,0.0,5.75,10.81,13.48,,,
6,128,global_mutex,GlobalMutex,1000,mixed,1,281555.085788125,2012.0,14573.0,3456.0127733333334,3446.768893433907,0.9973252761185514,0,100,900,1790638383.007853,2300.0,2300.0,performance,,32861568.0,31941276.0,29363384.0,0.0,0.0,6.79,10.8,13.43,,,
6,129,sharded_2key,Sharded-2key,1500,read-heavy,1,298992.6560024104,1914.0,24328.0,4834.300611111111,6237.702354346625,1.2903008844774668,0,100,900,1790638388.9208329,2300.0,2300.0,performance,,32861568.0,31907444.0,29329676.0,0.0,0.0,6.25,10.62,13.36,,,
6,130,sharded_2key,Sharded-2key,250,read-heavy,1,306454.61534563755,777.0,1677.0,800.7959466666666,345.1349569444896,0.43098988997274845,0,100,900,1790638396.519326,2400.627375,3105.019,performance,,32861568.0,31916620.0,29338544.0,0.0,0.0,7.43,10.79,13.4,,,
6,131,thread_local,ThreadLocal,100,write-heavy,1,286654.76176700834,328.0,785.0,342.8995888888889,145.72507789149003,0.4249788644066001,0,100,900,1790638399.838694,2300.0,2300.0,performance,,32861568.0,31936652.0,29358580.0,0.0,0.0,6.83,10.61,13.33,,,
6,132,thread_local,ThreadLocal,250,write-heavy,1,321537.4136804589,747.0,1543.0,764.2864222222222,319.6223551420261,0.4181970866533246,0,100,900,1790638402.5082555,2402.335125,3118.681,performance,,32861568.0,31948400.0,29370292.0,0.0,0.0,6.83,10.61,13.33,,,
6,133,thread_local,ThreadLocal,2000,write-heavy,1,271334.3252638934,2150.0,42921.0,7111.9107394444445,10742.758811259413,1.5105306020894458,0,100,900,1790638405.630573,2400.22375,3101.79,performance,,32861568.0,31958064.0,29379992.0,0.0,0.0,6.93,10.57,13.3,,,
6,134,global_mutex,GlobalMutex,750,read-heavy,1,298037.8197974672,1833.0,8597.0,2460.311622222222,1804.8385270361537,0.7335812710610915,0,100,900,1790638415.397818,2656.750125,3278.691,performance,,32861568.0,31967132.0,29388680.0,0.0,0.0,8.56,10.8,13.35,,,
6,135,sharded_n,Sharded-N,1000,read-heavy,1,288149.69556490006,1979.0,14507.0,3374.6833055555558,3361.308303026005,0.9960366643863937,0,100,900,1790638420.4446504,2300.0,2300.0,performance,,32861568.0,31918912.0,29340504.0,0.0,0.0,9.15,10.89,13.36,,,
6,136,global_mutex,GlobalMutex,3000,read-heavy,1,258193.96630425568,2258.0,78585.0,11193.051121851851,18951.599124463493,1.6931575598243152,0,100,900,1790638426.4496243,2608.176875,3138.178,performance,,32861568.0,31941380.0,29362780.0,0.0,0.0,9.94,11.02,13.39,,,
6,137,disabled,Disabled,2000,read-heavy,1,279131.04964682134,2057.0,42699.0,6918.050151666666,10378.920638778643,1.5002667530934564,0,100,900,1790638440.656832,2767.402625,3157.881,performance,,32861568.0,31946732.0,29367700.0,0.0,0.0,11.07,11.2,13.41,,,
6,138,sharded_2key,Sharded-2key,500,mixed,1,321826.63511552714,1438.0,3851.0,1523.05136,749.8649507217456,0.4923438371255882,0,100,900,1790638450.3796105,2300.0,2300.0,performance,,32861568.0,31948912.0,29369600.0,0.0,0.0,12.91,11.59,13.51,,,
6,139,thread_local,ThreadLocal,1500,mixed,1,279024.5124057238,2057.0,27754.0,5192.934201481481,6895.188541657475,1.3278020236979629,0,100,900,1790638454.2905495,2399.117,3092.936,performance,,32861568.0,31953440.0,29374260.0,0.0,0.0,11.88,11.4,13.44,,,
6,140,global_mutex,GlobalMutex,2000,read-heavy,1,275132.15554279217,2083.0,40324.0,6992.530037777778,10521.904185023443,1.504734928298899,0,100,900,1790638462.0429692,2300.0,2300.0,performance,,32861568.0,31920284.0,29340768.0,0.0,0.0,12.37,11.51,13.47,,,
6,141,sharded_n,Sharded-N,2000,mixed,1,275028.70333242486,2098.0,42109.0,7027.841901666667,10805.794796474513,1.5375694199825265,0,100,900,1790638471.8653996,2387.644125,3001.153,performance,,32861568.0,31943652.0,29363928.0,0.0,0.0,12.22,11.51,13.44,,,
6,142,sharded_n,Sharded-N,3000,read-heavy,1,260322.57481953394,2237.0,77753.0,11078.916418888888,18797.875833573667,1.6967251239051155,0,100,900,1790638481.5565627,2612.131875,3211.278,performance,,32861568.0,31933580.0,29353628.0,0.0,0.0,12.21,11.53,13.43,,,
6,143,hdr_histogram,HdrHistogram,1500,read-heavy,1,280746.61704594846,2057.0,27579.0,5166.120637777778,6889.9865333244825,1.333686728672335,0,100,900,1790638495.664499,2387.93325,3003.466,performance,,32861568.0,31936620.0,29356200.0,0.0,0.0,12.73,11.67,13.44,,,
6,144,disabled,Disabled,250,read-heavy,1,310658.14753845223,766.0,1718.0,790.9812666666667,347.08624217363393,0.43880463014796295,0,100,900,1790638503.5564337,2408.95875,3171.67,performance,,32861568.0,31929828.0,29349352.0,0.0,0.0,11.66,11.48,13.36,,,
7,1,sharded_2key,Sharded-2key,1500,mixed,1,279144.3529664368,2063.0,27272.0,5204.797888888889,6810.800862795055,1.3085620245379042,0,100,900,1790638506.8644753,2411.563375,3192.507,performance,,32861568.0,31946500.0,29366064.0,0.0,0.0,11.66,11.48,13.36,,,
7,2,global_mutex,GlobalMutex,1000,mixed,1,282108.29518130264,2008.0,14888.0,3447.465871111111,3422.858113552542,0.9928620736278274,0,100,900,1790638514.6197867,2300.0,2300.0,performance,,32861568.0,31930288.0,29349472.0,0.0,0.0,10.75,11.3,13.29,,,
7,3,thread_local,ThreadLocal,3000,read-heavy,1,262868.4744455794,2210.0,74477.0,10962.646104074074,18335.901470155666,1.6725798950439028,0,100,900,1790638520.5240252,2300.0,2300.0,performance,,32861568.0,31922816.0,29342020.0,0.0,0.0,10.69,11.27,13.27,,,
7,4,sharded_2key,Sharded-2key,2000,read-heavy,1,277291.62385521486,2057.0,38383.0,6965.954976111111,10321.947889611009,1.4817706868633036,0,100,900,1790638534.5255785,2400.42575,3103.406,performance,,32861568.0,31965400.0,29384044.0,0.0,0.0,10.08,11.13,13.19,,,
7,5,sharded_n,Sharded-N,1000,write-heavy,1,281853.54117909534,2045.0,14967.0,3452.273397777778,3444.149944603232,0.9976469264630736,0,100,900,1790638544.303073,2300.0,2300.0,performance,,32861568.0,31935664.0,29354232.0,0.0,0.0,9.41,10.95,13.11,,,
7,6,hdr_histogram,HdrHistogram,250,read-heavy,1,309396.3702393397,771.0,1704.0,792.5763911111111,336.48167699763246,0.42454163506677195,0,100,900,1790638550.2097394,2601.4,3152.597,performance,,32861568.0,31922396.0,29340888.0,0.0,0.0,9.54,10.96,13.1,,,
7,7,global_mutex,GlobalMutex,2000,read-heavy,1,278655.92140577355,2082.0,40399.0,6929.147666666667,10502.908702403698,1.5157576671267887,0,100,900,1790638553.5209289,2592.370625,3115.793,performance,,32861568.0,31945684.0,29364148.0,0.0,0.0,8.78,10.77,13.03,,,
7,8,hdr_histogram,HdrHistogram,100,write-heavy,1,291419.30806914874,324.0,729.0,337.0112888888889,137.43931970538324,0.4078181480463593,0,100,900,1790638563.2645783,2402.321875,3118.575,performance,,32861568.0,31931328.0,29349420.0,0.0,0.0,9.56,10.89,13.04,,,
7,9,disabled,Disabled,750,mixed,1,300386.8109000062,1806.0,8686.0,2432.99592,1838.6218998978843,0.7557028290856667,0,100,900,1790638565.9309926,2300.0,2300.0,performance,,32861568.0,31971284.0,29389376.0,0.0,0.0,9.56,10.89,13.04,,,
7,10,sharded_n,Sharded-N,750,mixed,1,307134.12496867386,1785.0,8215.0,2393.521134814815,1758.5659710431014,0.7347192157462025,0,100,900,1790638570.7872705,2499.461875,3105.698,performance,,32861568.0,31927052.0,29345148.0,0.0,0.0,10.96,11.16,13.12,,,
7,11,disabled,Disabled,500,write-heavy,1,308250.302072966,1494.0,3897.0,1587.6679044444445,768.9739435356878,0.4843418081218733,0,100,900,1790638575.6000772,2412.54675,3200.374,performance,,32861568.0,31954948.0,29372892.0,0.0,0.0,11.68,11.31,13.16,,,
7,12,sharded_n,Sharded-N,250,mixed,1,296843.47023484163,798.0,1869.0,822.6574133333334,370.0762928262015,0.44985468656592525,0,100,900,1790638579.575768,2410.65075,3185.206,performance,,32861568.0,31943028.0,29360948.0,0.0,0.0,10.75,11.12,13.08,,,
7,13,hdr_histogram,HdrHistogram,500,write-heavy,1,295956.53624400316,1549.0,4207.0,1656.5773177777778,822.0734023330556,0.49624813373385385,0,100,900,1790638582.7485573,2928.198,3191.379,performance,,32861568.0,31957476.0,29375400.0,0.0,0.0,10.75,11.12,13.08,,,
7,14,global_mutex,GlobalMutex,100,read-heavy,1,283877.12398874963,329.0,774.0,345.33402222222225,150.90942884465036,0.4369955438318795,0,100,900,1790638586.7878354,2300.0,2300.0,performance,,32861568.0,31941636.0,29359396.0,0.0,0.0,9.89,10.93,13.01,,,
7,15,disabled,Disabled,3000,read-heavy,1,262321.1335806961,2220.0,78116.0,11000.364033333333,18754.964736078167,1.7049403709956163,0,100,900,1790638589.626993,2300.0,2300.0,performance,,32861568.0,31944416.0,29362152.0,0.0,0.0,9.1,10.75,12.94,,,
7,16,sharded_2key,Sharded-2key,1000,read-heavy,1,292384.7791698721,1902.0,14350.0,3326.4184355555553,3298.3493721302875,0.9915617761357856,0,100,900,1790638603.6262693,2511.177,3164.204,performance,,32861568.0,31969448.0,29386688.0,0.0,0.0,8.85,10.63,12.87,,,
7,17,sharded_2key,Sharded-2key,750,read-heavy,1,298074.5077010594,1815.0,8697.0,2453.7453525925926,1854.6823342412674,0.7558577063759434,0,100,900,1790638609.5772629,2410.1115,3180.892,performance,,32861568.0,31940316.0,29357560.0,0.0,0.0,8.14,10.45,12.8,,,
7,18,sharded_n,Sharded-N,1500,write-heavy,1,278867.5146766961,2073.0,27491.0,5185.239146666667,6803.109053959359,1.3120145207444753,0,100,900,1790638614.6122196,2512.2975,3194.605,performance,,32861568.0,31938744.0,29355896.0,0.0,0.0,7.49,10.28,12.73,,,
7,19,global_mutex,GlobalMutex,100,mixed,1,286062.4955139838,327.0,807.0,342.59445555555556,148.20657348676,0.432600618846637,0,100,900,1790638622.3904617,2688.84275,3108.876,performance,,32861568.0,31918184.0,29335084.0,0.0,0.0,8.25,10.39,12.75,,,
7,20,thread_local,ThreadLocal,750,mixed,1,295337.9651284121,1853.0,8625.0,2474.9599066666665,1838.5875276289125,0.7428756816126225,0,100,900,1790638625.0620127,2300.0,2300.0,performance,,32861568.0,31934296.0,29351216.0,0.0,0.0,9.11,10.54,12.79,,,
7,21,global_mutex,GlobalMutex,3000,read-heavy,1,261098.9660626192,2231.0,76726.0,11062.123654814815,18573.97984442884,1.6790609492368556,0,100,900,1790638629.9578693,2300.0,2300.0,performance,,32861568.0,31925836.0,29342640.0,0.0,0.0,9.58,10.61,12.8,,,
7,22,hdr_histogram,HdrHistogram,750,write-heavy,1,283654.595913149,1939.0,9000.0,2593.432545185185,1936.0510092920479,0.7465206731080809,0,100,900,1790638644.0281048,2828.519125,3220.947,performance,,32861568.0,31953772.0,29370116.0,0.0,0.0,9.39,10.53,12.74,,,
7,23,disabled,Disabled,1500,mixed,1,282797.2983755703,2022.0,27136.0,5110.390854074074,6881.743948690833,1.3466179290776972,0,100,900,1790638649.0313065,2399.756125,3098.049,performance,,32861568.0,31895892.0,29312208.0,0.0,0.0,8.63,10.35,12.67,,,
7,24,sharded_2key,Sharded-2key,500,mixed,1,306307.5295740941,1512.0,3996.0,1602.3287688888888,767.5533892920383,0.4790236586866545,0,100,900,1790638656.7223854,2628.341375,3202.735,performance,,32861568.0,31948884.0,29364984.0,0.0,0.0,8.26,10.25,12.62,,,
7,25,thread_local,ThreadLocal,100,read-heavy,1,291876.39025791973,322.0,738.0,336.2407888888889,137.56543611085914,0.4091277461174342,0,100,900,1790638660.709375,2402.566625,3120.533,performance,,32861568.0,31920548.0,29336632.0,0.0,0.0,13.13,11.22,12.93,,,
7,26,disabled,Disabled,250,mixed,1,304393.2925631122,785.0,1709.0,807.5450577777777,353.3612070599644,0.4375746017595011,0,100,900,1790638663.541208,2400.42375,3103.39,performance,,32861568.0,31945428.0,29361464.0,0.0,0.0,12.08,11.04,12.86,,,
7,27,disabled,Disabled,750,read-heavy,1,313067.74037553876,1783.0,8083.0,2342.9179362962964,1719.2070868932958,0.7337888622812937,0,100,900,1790638666.699916,2691.585625,3167.001,performance,,32861568.0,31949552.0,29365540.0,0.0,0.0,12.08,11.04,12.86,,,
7,28,sharded_2key,Sharded-2key,500,read-heavy,1,304594.5397770903,1489.0,4356.0,1610.1520066666667,844.4145765088292,0.5244315896962638,0,100,900,1790638671.617477,2401.183125,3109.465,performance,,32861568.0,31914036.0,29329896.0,0.0,0.0,12.15,11.07,12.86,,,
7,29,disabled,Disabled,3000,write-heavy,1,255026.81824191657,2297.0,80644.0,11299.576084444445,19115.862353562083,1.6917326995902018,0,100,900,1790638675.764992,2686.135,3180.303,performance,,32861568.0,31918800.0,29334632.0,0.0,0.0,11.9,11.03,12.84,,,
7,30,global_mutex,GlobalMutex,500,read-heavy,1,320994.3765508763,1441.0,3857.0,1530.0015955555555,740.8619612905838,0.48422299914110295,0,100,900,1790638689.9437125,3123.1925,3209.693,performance,,32861568.0,31953292.0,29368640.0,0.0,0.0,11.47,11.0,12.8,,,
7,31,global_mutex,GlobalMutex,2000,mixed,1,270636.39161017485,2145.0,41923.0,7143.156850555555,10605.458304569336,1.4847018659186382,0,100,900,1790638694.0149982,2300.0,2300.0,performance,,32861568.0,31935664.0,29351088.0,0.0,0.0,10.55,10.81,12.73,,,
7,32,sharded_2key,Sharded-2key,3000,write-heavy,1,254822.9088997942,2323.0,78613.0,11322.761623333334,19246.603387743027,1.6998152948906624,0,100,900,1790638703.8002443,2408.810375,3170.483,performance,,32861568.0,31928324.0,29343352.0,0.0,0.0,9.81,10.65,12.65,,,
7,33,hdr_histogram,HdrHistogram,1000,write-heavy,1,287375.64959485456,1912.0,14830.0,3361.2715,3369.1799727373736,1.0023528217632447,0,100,900,1790638717.987855,2300.0,2300.0,performance,,32861568.0,31947732.0,29362424.0,0.0,0.0,9.6,10.58,12.6,,,
7,34,sharded_n,Sharded-N,100,write-heavy,1,284521.0657848048,332.0,726.0,344.4583333333333,137.9176986886282,0.40039007723806425,0,100,900,1790638723.8571439,2400.37275,3102.982,performance,,32861568.0,31929812.0,29344508.0,0.0,0.0,8.83,10.41,12.53,,,
7,35,sharded_2key,Sharded-2key,1500,write-heavy,1,273165.3088069046,2101.0,26904.0,5307.735784444444,6973.624233048454,1.3138604701248098,0,100,900,1790638726.5298939,2815.77925,3217.361,performance,,32861568.0,31957828.0,29372516.0,0.0,0.0,8.83,10.41,12.53,,,
7,36,thread_local,ThreadLocal,250,write-heavy,1,310779.67393527005,770.0,1625.0,790.9677422222222,336.0648711151569,0.42487809954295147,0,100,900,1790638734.395582,2402.343875,3118.751,performance,,32861568.0,31917248.0,29331692.0,0.0,0.0,9.46,10.51,12.54,,,
7,37,global_mutex,GlobalMutex,750,read-heavy,1,294284.56603404944,1851.0,8789.0,2489.0312503703703,1894.558315664824,0.7611629285019671,0,100,900,1790638737.5332778,2685.36625,3128.0,performance,,32861568.0,31943708.0,29358120.0,0.0,0.0,9.46,10.51,12.54,,,
7,38,disabled,Disabled,2000,read-heavy,1,279411.9656154126,2051.0,40926.0,6888.38132,10473.789727188025,1.5205008608884654,0,100,900,1790638742.60601,2396.92725,3075.418,performance,,32861568.0,31915860.0,29330104.0,0.0,0.0,8.7,10.33,12.48,,,
7,39,global_mutex,GlobalMutex,750,mixed,1,292547.8079872526,1908.0,8648.0,2513.2234296296297,1838.3844336461582,0.7314846789873666,0,100,900,1790638752.3277497,2300.0,2300.0,performance,,32861568.0,31918612.0,29332616.0,0.0,0.0,14.16,11.4,12.8,,,
7,40,disabled,Disabled,750,write-heavy,1,288352.63309403416,1916.0,8559.0,2546.7898785185184,1858.331904100499,0.7296761777542091,0,100,900,1790638757.2531207,2404.137625,3133.101,performance,,32861568.0,31948348.0,29362332.0,0.0,0.0,14.15,11.45,12.81,,,
7,41,sharded_n,Sharded-N,3000,read-heavy,1,262776.180729478,2210.0,77273.0,10960.048755555556,18679.08088381338,1.7042881195528545,0,100,900,1790638762.207332,2412.659375,3201.275,performance,,32861568.0,31928560.0,29342392.0,0.0,0.0,14.62,11.59,12.84,,,
7,42,sharded_n,Sharded-N,250,write-heavy,1,302079.6171806502,793.0,1704.0,809.9622133333334,348.8739646588866,0.4307286919264101,0,100,900,1790638776.2151945,2402.541375,3120.331,performance,,32861568.0,31958568.0,29371876.0,0.0,0.0,16.9,12.25,13.04,,,
7,43,disabled,Disabled,250,read-heavy,1,317092.6698169499,764.0,1581.0,774.6177155555556,327.23086695091786,0.4224417546611724,0,100,900,1790638779.3766031,2390.812125,3026.497,performance,,32861568.0,31944300.0,29357676.0,0.0,0.0,15.55,12.04,12.97,,,
7,44,hdr_histogram,HdrHistogram,1000,read-heavy,1,288020.0222302814,1967.0,14424.0,3376.315401111111,3359.0167432258654,0.9948764686262567,0,100,900,1790638782.665233,2402.4455,3119.564,performance,,32861568.0,31966608.0,29380052.0,0.0,0.0,15.55,12.04,12.97,,,
7,45,global_mutex,GlobalMutex,250,read-heavy,1,308268.2256683218,781.0,1629.0,795.9969244444444,333.1712599647358,0.4185584764630445,0,100,900,1790638788.667653,2300.0,2300.0,performance,,32861568.0,31907412.0,29320684.0,0.0,0.0,13.16,11.64,12.83,,,
7,46,sharded_2key,Sharded-2key,250,read-heavy,1,317453.47658984415,756.0,1621.0,772.7739333333334,324.99147137921045,0.420551803523407,0,100,900,1790638791.9803982,2402.749875,3121.999,performance,,32861568.0,31922524.0,29335744.0,0.0,0.0,13.16,11.64,12.83,,,
7,47,sharded_n,Sharded-N,1000,mixed,1,303511.45299203234,1897.0,13062.0,3205.6480666666666,3104.1310631379597,0.9683318313746563,0,100,900,1790638795.273363,3008.848375,3171.789,performance,,32861568.0,31946304.0,29359564.0,0.0,0.0,13.23,11.68,12.84,,,
7,48,disabled,Disabled,500,mixed,1,301364.92231698317,1518.0,4317.0,1628.41184,832.9972899235673,0.5115396912881494,0,100,900,1790638800.9562688,2400.719875,3105.759,performance,,32861568.0,31911488.0,29324512.0,0.0,0.0,14.33,11.94,12.91,,,
7,49,disabled,Disabled,500,read-heavy,1,305836.06492060714,1486.0,4238.0,1601.293851111111,826.2962588586288,0.5160178803442451,0,100,900,1790638804.9604878,2399.223125,3093.785,performance,,32861568.0,31922312.0,29335320.0,0.0,0.0,17.43,12.62,13.13,,,
7,50,hdr_histogram,HdrHistogram,750,mixed,1,299669.0405836885,1825.0,8442.0,2442.0244755555555,1800.1914729897364,0.7371717568801994,0,100,900,1790638809.1047463,2931.189,3282.783,performance,,32861568.0,31921368.0,29334284.0,0.0,0.0,16.03,12.41,13.06,,,
7,51,disabled,Disabled,1000,mixed,1,290639.5671578555,1921.0,14839.0,3343.5003466666667,3455.454108555097,1.033483998887586,0,100,900,1790638813.975118,2412.724625,3201.797,performance,,32861568.0,31942524.0,29355304.0,0.0,0.0,14.75,12.2,12.99,,,
7,52,global_mutex,GlobalMutex,1000,read-heavy,1,287707.54615396546,1994.0,14521.0,3378.103518888889,3360.0828915147854,0.9946654602876022,0,100,900,1790638819.7855804,2697.34775,3128.466,performance,,32861568.0,31915872.0,29328512.0,0.0,0.0,13.57,12.0,12.92,,,
7,53,hdr_histogram,HdrHistogram,500,read-heavy,1,302992.6758287455,1506.0,4344.0,1620.5330888888889,836.8760574114431,0.5164202219315641,0,100,900,1790638825.7895856,2300.0,2300.0,performance,,32861568.0,31931464.0,29343988.0,0.0,0.0,13.76,12.07,12.93,,,
7,54,disabled,Disabled,100,write-heavy,1,298837.09933490615,315.0,701.0,328.57733333333334,134.85680850932224,0.4104263892497826,0,100,900,1790638829.9598076,2300.0,2300.0,performance,,32861568.0,31933632.0,29346088.0,0.0,0.0,15.54,12.47,13.06,,,
7,55,sharded_n,Sharded-N,3000,write-heavy,1,246438.2059507696,2397.0,83231.0,11755.904666296296,19771.87767796293,1.681867813597375,0,100,900,1790638832.61624,2411.375625,3191.005,performance,,32861568.0,31957936.0,29370384.0,0.0,0.0,15.54,12.47,13.06,,,
7,56,sharded_2key,Sharded-2key,1500,read-heavy,1,282197.1495220357,2054.0,28536.0,5130.36578962963,6974.399066920746,1.3594350486701339,0,100,900,1790638847.207496,2409.7865,3178.292,performance,,32861568.0,31956176.0,29368076.0,0.0,0.0,26.07,15.07,13.91,,,
7,57,disabled,Disabled,2000,write-heavy,1,276820.70104720123,2050.0,37701.0,6951.636141666667,10251.255060006415,1.474653570914409,0,100,900,1790638855.069467,2818.593875,3192.237,performance,,32861568.0,31929372.0,29341184.0,0.0,0.0,28.67,16.02,14.23,,,
7,58,thread_local,ThreadLocal,500,read-heavy,1,303056.7003913393,1501.0,4243.0,1617.5704733333334,825.241695705553,0.5101735654243085,0,100,900,1790638864.7052398,2822.445,3189.805,performance,,32861568.0,31930496.0,29342128.0,0.0,0.0,24.78,15.61,14.12,,,
7,59,thread_local,ThreadLocal,250,read-heavy,1,302189.61234274425,788.0,1746.0,811.40068,354.8218605632273,0.43729549322441696,0,100,900,1790638868.8624449,2754.536,3109.642,performance,,32861568.0,31952900.0,29364520.0,0.0,0.0,22.79,15.35,14.04,,,
7,60,disabled,Disabled,100,read-heavy,1,297160.22005414276,317.0,734.0,330.24876666666665,136.34508683425983,0.41285570332463467,0,100,900,1790638872.1861963,2594.794,3115.116,performance,,32861568.0,31946052.0,29357708.0,0.0,0.0,22.79,15.35,14.04,,,
7,61,hdr_histogram,HdrHistogram,100,mixed,1,284648.50748350413,330.0,764.0,345.06413333333336,145.80494134681416,0.4225444700332445,0,100,900,1790638875.0119922,2300.0,2300.0,performance,,32861568.0,31952920.0,29364548.0,0.0,0.0,22.57,15.42,14.07,,,
7,62,global_mutex,GlobalMutex,1500,read-heavy,1,281734.79832373204,2031.0,27099.0,5149.945489629629,6836.937734684221,1.3275747769469917,0,100,900,1790638877.6834295,2407.14575,3157.166,performance,,32861568.0,31972932.0,29384528.0,0.0,0.0,22.57,15.42,14.07,,,
7,63,thread_local,ThreadLocal,2000,write-heavy,1,270112.564197957,2125.0,43991.0,7129.8188994444445,10878.696986009978,1.5258027082367613,0,100,900,1790638885.563378,2389.442125,3015.537,performance,,32861568.0,31923760.0,29334980.0,0.0,0.0,20.46,15.2,14.01,,,
7,64,sharded_n,Sharded-N,750,write-heavy,1,284297.3189954151,1933.0,8908.0,2585.5813911111113,1918.0279749768313,0.7418169010539599,0,100,900,1790638895.3579376,2597.07375,3099.115,performance,,32861568.0,31939224.0,29350152.0,0.0,0.0,23.83,16.12,14.33,,,
7,65,thread_local,ThreadLocal,1500,write-heavy,1,275034.7378907631,2108.0,28251.0,5269.780205925926,6924.647598236596,1.3140296801088125,0,100,900,1790638900.3427198,2300.0,2300.0,performance,,32861568.0,31934852.0,29345744.0,0.0,0.0,22.64,16.0,14.3,,,
7,66,hdr_histogram,HdrHistogram,3000,mixed,1,252678.73235701566,2331.0,79936.0,11405.064604814816,19315.025778955594,1.6935481251725197,0,100,900,1790638908.1729248,2816.2485,3219.914,performance,,32861568.0,31913428.0,29324112.0,0.0,0.0,20.78,15.84,14.26,,,
7,67,sharded_n,Sharded-N,2000,write-heavy,1,271437.662849629,2124.0,41441.0,7112.224491666667,10479.289687269144,1.473419420259813,0,100,900,1790638922.466156,2410.4535,3183.628,performance,,32861568.0,31937244.0,29347552.0,0.0,0.0,19.2,15.66,14.22,,,
7,68,hdr_histogram,HdrHistogram,2000,read-heavy,1,274209.9620548681,2075.0,40590.0,7029.010363333334,10468.405608475005,1.489314294240224,0,100,900,1790638932.2519474,2300.0,2300.0,performance,,32861568.0,31939456.0,29349544.0,0.0,0.0,18.76,15.67,14.24,,,
7,69,thread_local,ThreadLocal,1000,read-heavy,1,292686.56375726865,1952.0,14291.0,3326.9236466666666,3314.528595601912,0.9962743205492036,0,100,900,1790638942.1024368,2413.038625,3204.309,performance,,32861568.0,31915300.0,29325080.0,0.0,0.0,18.53,15.73,14.28,,,
7,70,thread_local,ThreadLocal,750,write-heavy,1,289804.6830983901,1873.0,9155.0,2526.9743555555556,1953.6890978291333,0.7731337255298796,0,100,900,1790638948.0504456,2798.057125,3158.469,performance,,32861568.0,31923804.0,29333552.0,0.0,0.0,16.72,15.44,14.2,,,
7,71,hdr_histogram,HdrHistogram,250,mixed,1,304559.73351169506,783.0,1726.0,806.7258311111111,341.68509300408,0.4235454969050314,0,100,900,1790638952.9877238,2810.181625,3140.704,performance,,32861568.0,31952628.0,29362312.0,0.0,0.0,15.38,15.19,14.12,,,
7,72,sharded_n,Sharded-N,2000,mixed,1,266709.78787053144,2186.0,42169.0,7237.327341666667,10718.832795878774,1.4810484989629278,0,100,900,1790638956.1505592,2400.677625,3105.421,performance,,32861568.0,31958396.0,29368096.0,0.0,0.0,15.38,15.19,14.12,,,
7,73,hdr_histogram,HdrHistogram,250,write-heavy,1,310409.24285598303,772.0,1649.0,790.7311422222223,331.66293594745605,0.4194383125158962,0,100,900,1790638966.0512714,2406.311875,3150.495,performance,,32861568.0,31917984.0,29327336.0,0.0,0.0,17.06,15.54,14.25,,,
7,74,global_mutex,GlobalMutex,2000,write-heavy,1,267981.9236152132,2177.0,43008.0,7197.477634444444,10922.319499100831,1.5175204500574873,0,100,900,1790638969.199206,2411.737875,3193.903,performance,,32861568.0,31934140.0,29343500.0,0.0,0.0,15.69,15.29,14.17,,,
7,75,sharded_n,Sharded-N,1000,read-heavy,1,303663.4381292515,1870.0,13883.0,3201.0331066666668,3185.888625970217,0.9952688772056406,0,100,900,1790638979.0654805,2400.54975,3104.398,performance,,32861568.0,31938612.0,29347568.0,0.0,0.0,18.58,15.96,14.4,,,
7,76,thread_local,ThreadLocal,100,mixed,1,290954.6251315879,324.0,728.0,337.5133222222222,140.17975501280202,0.415331027794234,0,100,900,1790638984.9000099,2300.0,2300.0,performance,,32861568.0,31926208.0,29335172.0,0.0,0.0,17.09,15.69,14.33,,,
7,77,sharded_2key,Sharded-2key,2000,mixed,1,271476.8541623566,2144.0,41986.0,7092.865672777778,10700.897623998313,1.5086846583135025,0,100,900,1790638987.5649068,2300.0,2300.0,performance,,32861568.0,31953976.0,29362912.0,0.0,0.0,17.09,15.69,14.33,,,
7,78,sharded_2key,Sharded-2key,500,write-heavy,1,297104.66375166806,1526.0,4322.0,1646.3301355555554,850.9326487176169,0.516866350399684,0,100,900,1790638997.334204,2405.613125,3144.905,performance,,32861568.0,31918684.0,29327292.0,0.0,0.0,20.06,16.39,14.57,,,
7,79,thread_local,ThreadLocal,1500,mixed,1,278579.1803776083,2043.0,28634.0,5216.021008888889,7064.902954748426,1.3544621355452293,0,100,900,1790639001.3629415,2675.6935,3100.002,performance,,32861568.0,31914604.0,29323252.0,0.0,0.0,19.57,16.35,14.57,,,
7,80,sharded_2key,Sharded-2key,100,read-heavy,1,301366.52036817773,316.0,622.0,325.5348888888889,125.17835409567618,0.3845313002330816,0,100,900,1790639009.1322505,2403.58775,3128.702,performance,,32861568.0,31939756.0,29348160.0,0.0,0.0,20.91,16.78,14.73,,,
7,81,global_mutex,GlobalMutex,100,write-heavy,1,290578.23512582155,327.0,686.0,338.2060666666667,133.60548012346456,0.39504164263009833,0,100,900,1790639011.9584942,2399.020875,3092.167,performance,,32861568.0,31966612.0,29375016.0,0.0,0.0,20.91,16.78,14.73,,,
7,82,global_mutex,GlobalMutex,1000,write-heavy,1,285992.9939673438,2014.0,14869.0,3401.7635644444445,3460.669845266705,1.0173163947776838,0,100,900,1790639014.6231225,2402.06425,3116.514,performance,,32861568.0,31975756.0,29384128.0,0.0,0.0,19.23,16.5,14.65,,,
7,83,sharded_2key,Sharded-2key,100,write-heavy,1,285923.78161522787,330.0,742.0,343.9090111111111,140.45495543199942,0.4084073138363357,0,100,900,1790639020.488144,2525.075375,3207.338,performance,,32861568.0,31926176.0,29334456.0,0.0,0.0,19.46,16.59,14.69,,,
7,84,sharded_n,Sharded-N,100,mixed,1,283858.22061544174,331.0,767.0,345.41485555555556,148.41534289703807,0.4296727268962738,0,100,900,1790639023.1573877,2410.926125,3187.409,performance,,32861568.0,31950780.0,29359032.0,0.0,0.0,17.9,16.31,14.61,,,
7,85,sharded_2key,Sharded-2key,1000,write-heavy,1,289578.35716789943,1963.0,14225.0,3360.4226044444445,3266.3916539960046,0.9720181175057935,0,100,900,1790639025.829726,2300.0,2300.0,performance,,32861568.0,31957480.0,29365696.0,0.0,0.0,17.9,16.31,14.61,,,
7,86,hdr_histogram,HdrHistogram,2000,mixed,1,269636.52524533006,2142.0,45726.0,7150.220817222223,10900.770006200437,1.5245361345966457,0,100,900,1790639031.651907,2300.0,2300.0,performance,,32861568.0,31933728.0,29341804.0,0.0,0.0,17.75,16.31,14.62,,,
7,87,thread_local,ThreadLocal,2000,read-heavy,1,279508.8901220276,2041.0,39822.0,6904.2804,10190.663572292056,1.4759921355876648,0,100,900,1790639041.4611473,2822.083125,3191.657,performance,,32861568.0,31901776.0,29309540.0,0.0,0.0,19.41,16.72,14.77,,,
7,88,disabled,Disabled,1000,read-heavy,1,301852.33395226364,1896.0,13983.0,3212.655121111111,3209.572838568903,0.9990405809444177,0,100,900,1790639051.1967888,2516.104375,3205.569,performance,,32861568.0,31928912.0,29336392.0,0.0,0.0,18.66,16.65,14.77,,,
7,89,sharded_n,Sharded-N,250,read-heavy,1,319664.20312594366,756.0,1529.0,765.9625866666667,318.15395661704866,0.4153648783311967,0,100,900,1790639057.0584571,2410.697625,3185.581,performance,,32861568.0,31926296.0,29333712.0,0.0,0.0,18.13,16.57,14.75,,,
7,90,hdr_histogram,HdrHistogram,1500,mixed,1,278571.84245843807,2048.0,27477.0,5206.081553333333,6974.106021330138,1.339607524370182,0,100,900,1790639060.3452282,2399.793375,3098.347,performance,,32861568.0,31931748.0,29339168.0,0.0,0.0,18.28,16.63,14.78,,,
7,91,sharded_n,Sharded-N,1500,mixed,1,282186.4616400448,2030.0,27377.0,5149.835717037037,6817.914128043885,1.3239090531545303,0,100,900,1790639068.1028323,2300.0,2300.0,performance,,32861568.0,31886516.0,29293660.0,0.0,0.0,16.13,16.23,14.67,,,
7,92,thread_local,ThreadLocal,100,write-heavy,1,283935.27437985863,330.0,806.0,345.67126666666667,150.77536128312758,0.4361813544326823,0,100,900,1790639075.8208172,2482.79775,3032.975,performance,,32861568.0,31948916.0,29355836.0,0.0,0.0,15.56,16.11,14.64,,,
7,93,global_mutex,GlobalMutex,500,write-heavy,1,287171.0521328082,1577.0,4587.0,1710.42376,885.694726359561,0.5178218094675913,0,100,900,1790639078.4927595,2694.877,3171.917,performance,,32861568.0,31956852.0,29363732.0,0.0,0.0,14.31,15.84,14.56,,,
7,94,global_mutex,GlobalMutex,3000,mixed,1,250484.91111862022,2350.0,82395.0,11554.918501851851,19533.920865700187,1.6905286577806309,0,100,900,1790639082.5717707,2300.0,2300.0,performance,,32861568.0,31926916.0,29333896.0,0.0,0.0,14.31,15.84,14.56,,,
7,95,hdr_histogram,HdrHistogram,500,mixed,1,298544.69888455264,1513.0,4413.0,1642.45168,851.6082958549265,0.5184982342098043,0,100,900,1790639096.9415758,2407.5605,3160.484,performance,,32861568.0,31953036.0,29359428.0,0.0,0.0,16.95,16.34,14.74,,,
7,96,global_mutex,GlobalMutex,3000,write-heavy,1,250448.26294507025,2359.0,80315.0,11525.097014444444,19280.621157463043,1.672924846818953,0,100,900,1790639100.968295,2406.540375,3152.323,performance,,32861568.0,31932328.0,29338832.0,0.0,0.0,16.71,16.3,14.74,,,
7,97,sharded_n,Sharded-N,500,read-heavy,1,309684.49545242323,1488.0,3856.0,1578.4493511111111,785.5555009758464,0.497675456246267,0,100,900,1790639115.3570204,2682.303875,3089.766,performance,,32861568.0,31936200.0,29342220.0,0.0,0.0,17.5,16.5,14.83,,,
7,98,sharded_2key,Sharded-2key,3000,read-heavy,1,261639.63532833525,2227.0,81422.0,11039.965681851852,18985.21980807327,1.7196810529295663,0,100,900,1790639119.4907172,2300.0,2300.0,performance,,32861568.0,31943072.0,29349112.0,0.0,0.0,16.1,16.22,14.75,,,
7,99,thread_local,ThreadLocal,1000,write-heavy,1,293568.2739440725,1964.0,14503.0,3313.729187777778,3320.634742793945,1.002083922561215,0,100,900,1790639133.5391757,2404.174375,3133.395,performance,,32861568.0,31949800.0,29355420.0,0.0,0.0,14.29,15.83,14.64,,,
7,100,hdr_histogram,HdrHistogram,1000,mixed,1,287628.5460949248,1964.0,14610.0,3385.8796922222223,3333.6927610374355,0.9845868914643758,0,100,900,1790639139.3261168,2405.466,3143.728,performance,,32861568.0,31934316.0,29339884.0,0.0,0.0,13.15,15.57,14.57,,,
7,101,thread_local,ThreadLocal,1000,mixed,1,289703.1773091678,1951.0,14452.0,3352.5792844444445,3319.420117704657,0.9901093564308406,0,100,900,1790639145.1745565,2411.391,3191.128,performance,,32861568.0,31938352.0,29343784.0,0.0,0.0,13.22,15.54,14.56,,,
7,102,hdr_histogram,HdrHistogram,3000,write-heavy,1,252459.60908368512,2318.0,77872.0,11417.533244444445,19317.183917149123,1.691887687434455,0,100,900,1790639150.9886713,2300.0,2300.0,performance,,32861568.0,31929484.0,29334804.0,0.0,0.0,13.04,15.47,14.54,,,
7,103,sharded_2key,Sharded-2key,1000,mixed,1,280239.30381457537,2046.0,15739.0,3474.891903333333,3524.604445572225,1.014306212573463,0,100,900,1790639165.2852073,2403.9455,3131.564,performance,,32861568.0,31948452.0,29353348.0,0.0,0.0,14.56,15.69,14.63,,,
7,104,hdr_histogram,HdrHistogram,3000,read-heavy,1,258521.66714021837,2244.0,76153.0,11156.756286666667,19085.89919493432,1.7107032460450622,0,100,900,1790639171.2149115,2405.22025,3141.762,performance,,32861568.0,31915144.0,29319928.0,0.0,0.0,14.43,15.65,14.62,,,
7,105,disabled,Disabled,1500,write-heavy,1,278998.1275859062,2017.0,27443.0,5177.132971111111,6865.470928093546,1.3261144665210491,0,100,900,1790639185.4036047,2399.27025,3094.162,performance,,32861568.0,31934768.0,29339092.0,0.0,0.0,17.91,16.31,14.85,,,
7,106,thread_local,ThreadLocal,250,mixed,1,299218.37736610806,798.0,1779.0,820.6182933333333,363.066248626307,0.44243011833375046,0,100,900,1790639193.1701922,2613.787,3201.98,performance,,32861568.0,31918028.0,29322248.0,0.0,0.0,16.11,15.99,14.76,,,
7,107,sharded_n,Sharded-N,1500,read-heavy,1,291688.9624616799,1974.0,26978.0,4973.42183037037,6633.09369918874,1.3337082446301916,0,100,900,1790639196.3389564,2300.0,2300.0,performance,,32861568.0,31940108.0,29344296.0,0.0,0.0,16.11,15.99,14.76,,,
7,108,sharded_2key,Sharded-2key,2000,write-heavy,1,268684.6574567678,2158.0,43998.0,7162.360726111111,10905.253823932066,1.522578133236973,0,100,900,1790639204.0594232,2411.63725,3193.098,performance,,32861568.0,31910376.0,29314372.0,0.0,0.0,15.33,15.84,14.73,,,
7,109,global_mutex,GlobalMutex,250,mixed,1,297640.26354301826,798.0,1823.0,826.9825333333333,366.683504583983,0.4433993340899054,0,100,900,1790639213.900257,2893.16975,3194.545,performance,,32861568.0,31929172.0,29332864.0,0.0,0.0,14.08,15.56,14.65,,,
7,110,global_mutex,GlobalMutex,750,write-heavy,1,293806.5182459469,1871.0,8716.0,2492.204617777778,1872.737861585988,0.7514382439656382,0,100,900,1790639217.0763552,2761.142625,3190.929,performance,,32861568.0,31951756.0,29355576.0,0.0,0.0,14.08,15.56,14.65,,,
7,111,thread_local,ThreadLocal,3000,mixed,1,255512.53672251964,2276.0,73960.0,11256.533944074074,19140.094231629995,1.7003541522393906,0,100,900,1790639221.9942877,2409.065625,3172.525,performance,,32861568.0,31931036.0,29334688.0,0.0,0.0,14.79,15.68,14.7,,,
7,112,hdr_histogram,HdrHistogram,2000,write-heavy,1,265164.65339048294,2214.0,42989.0,7275.00062,11001.61680245604,1.512249603417359,0,100,900,1790639236.1584475,2400.23175,3101.854,performance,,32861568.0,31938684.0,29341892.0,0.0,0.0,18.84,16.52,14.98,,,
7,113,sharded_2key,Sharded-2key,750,mixed,1,290733.4142196189,1876.0,9049.0,2528.1348177777777,1923.019912412823,0.7606476912901153,0,100,900,1790639246.0880835,2404.2415,3133.932,performance,,32861568.0,31927404.0,29330412.0,0.0,0.0,20.25,16.88,15.12,,,
7,114,global_mutex,GlobalMutex,500,mixed,1,296027.9925069631,1543.0,4322.0,1656.3613066666667,840.2928543178764,0.5073125355777105,0,100,900,1790639251.0105708,2397.58475,3080.678,performance,,32861568.0,31944028.0,29347036.0,0.0,0.0,19.59,16.8,15.1,,,
7,115,thread_local,ThreadLocal,500,mixed,1,317146.5473211414,1440.0,3880.0,1542.7647822222223,775.5432020832916,0.5026969833769391,0,100,900,1790639255.0391023,2412.546,3200.368,performance,,32861568.0,31933772.0,29336764.0,0.0,0.0,19.54,16.84,15.12,,,
7,116,disabled,Disabled,3000,mixed,1,257009.2622597102,2290.0,79415.0,11220.734037407407,19089.4521115272,1.7012658929342104,0,100,900,1790639258.9679716,2300.0,2300.0,performance,,32861568.0,31927724.0,29330640.0,0.0,0.0,17.97,16.56,15.04,,,
7,117,sharded_2key,Sharded-2key,100,mixed,1,297972.60729213065,316.0,696.0,328.3137777777778,130.3861260281859,0.3971387582656948,0,100,900,1790639273.040781,2300.0,2300.0,performance,,32861568.0,31946920.0,29349260.0,0.0,0.0,16.71,16.38,15.01,,,
7,118,sharded_n,Sharded-N,3000,mixed,1,253043.95730339712,2324.0,79013.0,11385.80749,19315.77933221798,1.6964786510910856,0,100,900,1790639275.6988726,2300.0,2300.0,performance,,32861568.0,31948948.0,29351260.0,0.0,0.0,16.71,16.38,15.01,,,
7,119,sharded_n,Sharded-N,750,read-heavy,1,290729.84150949266,1873.0,8747.0,2523.141282962963,1875.5252136481147,0.7433294466355277,0,100,900,1790639289.9773507,2411.758,3194.064,performance,,32861568.0,31928540.0,29330568.0,0.0,0.0,14.91,16.01,14.91,,,
7,120,thread_local,ThreadLocal,3000,write-heavy,1,252716.86251186283,2342.0,83145.0,11400.824435555556,19490.65730552393,1.7095831459994026,0,100,900,1790639295.0741444,2788.649125,3135.659,performance,,32861568.0,31951988.0,29354032.0,0.0,0.0,16.04,16.23,14.99,,,
7,121,sharded_n,Sharded-N,2000,read-heavy,1,272030.5657654378,2108.0,41864.0,7084.474395,10639.036100556179,1.5017396503069977,0,100,900,1790639309.3744442,2622.93475,3220.714,performance,,32861568.0,31941128.0,29342700.0,0.0,0.0,15.03,16.02,14.94,,,
7,122,sharded_n,Sharded-N,500,mixed,1,295094.84418459085,1558.0,4215.0,1660.5237288888889,836.5259924770478,0.5037723809203226,0,100,900,1790639319.2741787,2401.661625,3113.293,performance,,32861568.0,31928732.0,29330132.0,0.0,0.0,13.6,15.68,14.84,,,
7,123,disabled,Disabled,2000,mixed,1,275629.2269412954,2101.0,40768.0,6979.174687777778,10629.34593738075,1.5230090107925374,0,100,900,1790639323.3186033,2300.0,2300.0,performance,,32861568.0,31950956.0,29352276.0,0.0,0.0,12.51,15.42,14.76,,,
7,124,thread_local,ThreadLocal,500,write-heavy,1,295429.80878840026,1537.0,4371.0,1658.3177577777778,854.7456542551619,0.5154293561932065,0,100,900,1790639332.9785938,2300.0,2300.0,performance,,32861568.0,31931992.0,29333028.0,0.0,0.0,12.71,15.41,14.76,,,
7,125,thread_local,ThreadLocal,2000,mixed,1,269505.39566661185,2162.0,41374.0,7145.411722222222,10805.957244386263,1.512293156009436,0,100,900,1790639337.0080204,2300.0,2300.0,performance,,32861568.0,31950144.0,29351216.0,0.0,0.0,11.69,15.16,14.68,,,
7,126,sharded_2key,Sharded-2key,250,write-heavy,1,305042.1684938541,790.0,1678.0,805.5170266666667,338.0237085491619,0.4196357089408123,0,100,900,1790639346.818375,2412.4835,3199.868,performance,,32861568.0,31923388.0,29324072.0,0.0,0.0,14.61,15.65,14.85,,,
7,127,global_mutex,GlobalMutex,250,write-heavy,1,297629.21268025314,797.0,1817.0,822.2432266666667,377.00794155010306,0.4585114590465823,0,100,900,1790639349.9713643,2816.08975,3024.103,performance,,32861568.0,31939448.0,29340152.0,0.0,0.0,13.44,15.39,14.77,,,
7,128,sharded_n,Sharded-N,100,read-heavy,1,290611.52068087,325.0,733.0,337.80192222222223,146.38715825082,0.43335205817603234,0,100,900,1790639353.1449094,2300.0,2300.0,performance,,32861568.0,31948176.0,29348916.0,0.0,0.0,12.36,15.14,14.69,,,
7,129,thread_local,ThreadLocal,750,read-heavy,1,293553.3011341429,1838.0,8709.0,2498.2562,1894.5208796239458,0.7583373072881581,0,100,900,1790639355.980294,2920.51975,3249.371,performance,,32861568.0,31959888.0,29360592.0,0.0,0.0,12.36,15.14,14.69,,,
7,130,disabled,Disabled,1000,write-heavy,1,289879.4988026368,2001.0,14178.0,3353.9882944444444,3299.7499373145765,0.9838286981443232,0,100,900,1790639361.0486522,2516.86675,3167.878,performance,,32861568.0,31930856.0,29331492.0,0.0,0.0,12.57,15.13,14.69,,,
7,131,hdr_histogram,HdrHistogram,1500,write-heavy,1,271471.73279980535,2130.0,29635.0,5352.924297037037,7101.48309087836,1.326654870648776,0,100,900,1790639366.8681946,2412.183625,3197.469,performance,,32861568.0,31913932.0,29314364.0,0.0,0.0,12.45,15.06,14.67,,,
7,132,thread_local,ThreadLocal,1500,read-heavy,1,280504.24102278455,2049.0,29055.0,5178.754382222222,6988.270470948653,1.3494114520932272,0,100,900,1790639374.7725723,2404.71325,3137.706,performance,,32861568.0,31920924.0,29321136.0,0.0,0.0,11.64,14.81,14.59,,,
7,133,sharded_2key,Sharded-2key,250,mixed,1,307521.53893159534,781.0,1699.0,798.4610666666666,332.8711869388745,0.4168909428840544,0,100,900,1790639382.6363673,2809.2095,3244.229,performance,,32861568.0,31929072.0,29329136.0,0.0,0.0,15.19,15.5,14.82,,,
7,134,sharded_2key,Sharded-2key,3000,mixed,1,257142.38657228972,2274.0,78562.0,11214.437351111112,18977.399312528996,1.6922292860861843,0,100,900,1790639385.7866895,2300.0,2300.0,performance,,32861568.0,31941960.0,29341976.0,0.0,0.0,14.86,15.42,14.79,,,
7,135,disabled,Disabled,250,write-heavy,1,304974.06312838674,778.0,1806.0,805.4113466666666,354.52894393926294,0.4401836966992605,0,100,900,1790639399.8707216,2583.5855,3101.01,performance,,32861568.0,31953420.0,29352972.0,0.0,0.0,13.81,15.18,14.73,,,
7,136,disabled,Disabled,1500,read-heavy,1,285124.8974913688,1989.0,28838.0,5072.0769059259255,6770.806743041164,1.3349179968329226,0,100,900,1790639403.0234804,2915.940625,3186.989,performance,,32861568.0,31950884.0,29350488.0,0.0,0.0,13.81,15.18,14.73,,,
7,137,global_mutex,GlobalMutex,1500,write-heavy,1,274794.41225005925,2114.0,28181.0,5279.413557037037,7074.677694801718,1.3400499162206636,0,100,900,1790639410.8488214,2300.0,2300.0,performance,,32861568.0,31938916.0,29338288.0,0.0,0.0,13.13,14.98,14.67,,,
7,138,hdr_histogram,HdrHistogram,750,read-heavy,1,297077.8172883304,1841.0,8525.0,2467.202357037037,1818.9114041713433,0.7372364082676005,0,100,900,1790639418.6831808,2408.484,3167.872,performance,,32861568.0,31928164.0,29327420.0,0.0,0.0,14.13,15.16,14.73,,,
7,139,global_mutex,GlobalMutex,1500,mixed,1,277489.11361800844,2063.0,27765.0,5235.557658518518,6901.578667274626,1.318212713414665,0,100,900,1790639423.731251,2411.033375,3188.267,performance,,32861568.0,31912392.0,29311632.0,0.0,0.0,13.08,14.92,14.65,,,
7,140,hdr_histogram,HdrHistogram,1500,read-heavy,1,283928.8282714909,2017.0,26686.0,5105.826162222223,6768.791876211098,1.3256996343301077,0,100,900,1790639431.521216,3093.932,3174.111,performance,,32861568.0,31920988.0,29319868.0,0.0,0.0,12.99,14.87,14.64,,,
7,141,disabled,Disabled,100,mixed,1,303866.88847599004,310.0,659.0,322.51705555555554,126.48593766863074,0.3921837170773834,0,100,900,1790639439.3688672,2616.289125,3162.952,performance,,32861568.0,31909908.0,29308684.0,0.0,0.0,12.47,14.71,14.59,,,
7,142,hdr_histogram,HdrHistogram,100,read-heavy,1,284857.5427428743,328.0,780.0,344.1816111111111,146.5793308934953,0.4258778684320108,0,100,900,1790639442.0196311,2300.0,2300.0,performance,,32861568.0,31938052.0,29336828.0,0.0,0.0,12.47,14.71,14.59,,,
7,143,sharded_n,Sharded-N,500,write-heavy,1,292734.7464960973,1559.0,4384.0,1677.8614511111111,860.3484800144308,0.5127649124095985,0,100,900,1790639444.8580537,2300.0,2300.0,performance,,32861568.0,31949796.0,29348544.0,0.0,0.0,11.47,14.47,14.51,,,
7,144,sharded_2key,Sharded-2key,750,write-heavy,1,289531.6084346355,1869.0,8913.0,2520.42924,1899.7709506499612,0.7537489727939997,0,100,900,1790639448.9166028,2872.05575,3166.981,performance,,32861568.0,31935708.0,29334400.0,0.0,0.0,10.55,14.23,14.43,,,
8,1,sharded_n,Sharded-N,1000,mixed,1,280790.36941821483,2028.0,14504.0,3466.317398888889,3379.8074245342787,0.9750426852479405,0,100,900,1790639453.85957,2412.655625,3201.245,performance,,32861568.0,31932344.0,29330884.0,0.0,0.0,9.71,13.99,14.36,,,
8,2,sharded_2key,Sharded-2key,3000,mixed,1,254077.80072484052,2312.0,78092.0,11335.17439925926,19248.984330496514,1.6981639322421376,0,100,900,1790639459.7879124,2300.0,2300.0,performance,,32861568.0,31941640.0,29340044.0,0.0,0.0,8.93,13.76,14.28,,,
8,3,hdr_histogram,HdrHistogram,750,write-heavy,1,281498.73615387315,1899.0,9318.0,2604.487872592593,2024.8653803383554,0.7774524126782506,0,100,900,1790639474.0229619,2300.0,2300.0,performance,,32861568.0,31962688.0,29360620.0,0.0,0.0,8.91,13.54,14.2,,,
8,4,disabled,Disabled,250,read-heavy,1,311026.3949550402,769.0,1692.0,788.7192577777778,336.55748764544694,0.426713921749166,0,100,900,1790639479.038329,2400.20425,3101.634,performance,,32861568.0,31933680.0,29331680.0,0.0,0.0,8.2,13.31,14.12,,,
8,5,disabled,Disabled,500,write-heavy,1,296482.01008962805,1522.0,4407.0,1655.4809644444445,870.0751857802998,0.5255724496187635,0,100,900,1790639482.3453314,2402.472875,3119.783,performance,,32861568.0,31950632.0,29348600.0,0.0,0.0,8.2,13.31,14.12,,,
8,6,sharded_2key,Sharded-2key,750,write-heavy,1,289039.24267813173,1909.0,8708.0,2532.4986014814813,1868.6106165527992,0.7378525758946853,0,100,900,1790639486.3762321,2406.22575,3149.806,performance,,32861568.0,31939396.0,29337304.0,0.0,0.0,8.02,13.19,14.08,,,
8,7,hdr_histogram,HdrHistogram,100,write-heavy,1,287764.4318922452,330.0,701.0,341.9365222222222,134.8272067304905,0.39430478456719875,0,100,900,1790639491.3281622,2409.8345,3178.676,performance,,32861568.0,31920772.0,29318540.0,0.0,0.0,8.1,13.12,14.05,,,
8,8,sharded_n,Sharded-N,250,write-heavy,1,301721.132800112,795.0,1723.0,813.3678177777778,352.3778536547264,0.43323309080197764,0,100,900,1790639493.999114,2408.1975,3165.58,performance,,32861568.0,31935336.0,29333104.0,0.0,0.0,7.45,12.9,13.97,,,
8,9,sharded_2key,Sharded-2key,250,mixed,1,304106.6957449975,786.0,1705.0,807.8007555555556,344.7360336566987,0.4267587412933409,0,100,900,1790639497.1610825,2399.228625,3093.829,performance,,32861568.0,31951920.0,29349660.0,0.0,0.0,7.45,12.9,13.97,,,
8,10,disabled,Disabled,250,mixed,1,325110.2161200938,745.0,1457.0,753.7110977777778,296.91978832187584,0.3939437659831551,0,100,900,1790639500.3177722,2880.496375,3178.468,performance,,32861568.0,31951000.0,29348688.0,0.0,0.0,7.9,12.9,13.97,,,
8,11,disabled,Disabled,500,read-heavy,1,326311.2186358947,1432.0,3483.0,1497.9139355555556,679.1914735999056,0.4534248981053794,0,100,900,1790639503.42657,2409.676625,3177.413,performance,,32861568.0,31942780.0,29340488.0,0.0,0.0,7.26,12.69,13.89,,,
8,12,disabled,Disabled,500,mixed,1,304572.8793427479,1486.0,4427.0,1611.5647377777777,843.7178986340472,0.523539563044466,0,100,900,1790639507.4881136,2399.912375,3099.299,performance,,32861568.0,31936636.0,29334240.0,0.0,0.0,7.26,12.69,13.89,,,
8,13,sharded_n,Sharded-N,100,read-heavy,1,296309.73095511016,320.0,715.0,332.51776666666666,137.86730935480838,0.4146163699367494,0,100,900,1790639511.4786131,2611.2765,3183.048,performance,,32861568.0,31920712.0,29318180.0,0.0,0.0,12.29,13.64,14.2,,,
8,14,sharded_2key,Sharded-2key,1500,write-heavy,1,275168.5795384499,2109.0,27941.0,5274.425628888889,7008.087007060323,1.3286919752315567,0,100,900,1790639514.3087382,2975.055125,3055.39,performance,,32861568.0,31934128.0,29331596.0,0.0,0.0,11.3,13.41,14.12,,,
8,15,global_mutex,GlobalMutex,1000,read-heavy,1,291539.7748165049,1938.0,13718.0,3339.0135866666665,3183.7043098578874,0.9534864795312725,0,100,900,1790639522.145919,2407.591625,3160.733,performance,,32861568.0,31929012.0,29326100.0,0.0,0.0,11.44,13.41,14.11,,,
8,16,hdr_histogram,HdrHistogram,1500,mixed,1,273067.5330779901,2118.0,29718.0,5306.898072592592,7156.830336953875,1.34859012535312,0,100,900,1790639528.110688,2300.0,2300.0,performance,,32861568.0,31926524.0,29323612.0,0.0,0.0,10.56,13.16,14.02,,,
8,17,sharded_2key,Sharded-2key,1000,read-heavy,1,290797.007144602,1912.0,13404.0,3350.1060644444447,3241.8262623786036,0.9676786943508915,0,100,900,1790639535.9673965,2413.528625,3208.229,performance,,32861568.0,31933080.0,29329864.0,0.0,0.0,11.0,13.21,14.04,,,
8,18,sharded_n,Sharded-N,100,mixed,1,281663.44232441066,333.0,772.0,348.42775555555556,144.34290696276156,0.41426925571016,0,100,900,1790639541.9319756,2664.56825,3128.059,performance,,32861568.0,31938968.0,29335724.0,0.0,0.0,11.96,13.37,14.08,,,
8,19,sharded_2key,Sharded-2key,3000,write-heavy,1,249358.0131568887,2369.0,79280.0,11544.490048148147,19510.118939823504,1.6899940021996143,0,100,900,1790639544.6070945,2409.363,3174.904,performance,,32861568.0,31963200.0,29359972.0,0.0,0.0,11.0,13.15,14.01,,,
8,20,sharded_n,Sharded-N,1500,read-heavy,1,280589.0452050437,2026.0,28505.0,5165.856494814815,6911.4740289664,1.337914445727196,0,100,900,1790639559.046997,2492.958625,3098.517,performance,,32861568.0,31949296.0,29345552.0,0.0,0.0,13.5,13.62,14.15,,,
8,21,sharded_2key,Sharded-2key,750,read-heavy,1,305322.43482776266,1790.0,8267.0,2395.031908148148,1784.1162346935273,0.7449237852004301,0,100,900,1790639566.9444644,2401.06775,3108.542,performance,,32861568.0,31920216.0,29316232.0,0.0,0.0,15.7,14.08,14.3,,,
8,22,disabled,Disabled,100,write-heavy,1,284671.41052805085,330.0,760.0,344.84695555555555,148.28051295794236,0.42998933459934247,0,100,900,1790639571.9234254,2981.617625,3132.099,performance,,32861568.0,31946240.0,29342260.0,0.0,0.0,15.4,14.04,14.28,,,
8,23,sharded_n,Sharded-N,250,mixed,1,307304.3792513,772.0,1721.0,798.57484,362.8716133876632,0.454399005843539,0,100,900,1790639574.5962188,2400.706375,3105.651,performance,,32861568.0,31964836.0,29360824.0,0.0,0.0,14.17,13.81,14.21,,,
8,24,sharded_n,Sharded-N,750,read-heavy,1,292199.78277140897,1875.0,8816.0,2512.893654814815,1893.9852836385073,0.7537068988214237,0,100,900,1790639577.7422762,2870.91125,3101.516,performance,,32861568.0,31969348.0,29365384.0,0.0,0.0,14.17,13.81,14.21,,,
8,25,thread_local,ThreadLocal,750,mixed,1,290810.0137508072,1886.0,8740.0,2519.0051644444443,1890.795855217605,0.7506121392310094,0,100,900,1790639582.8304708,2621.7475,3206.105,performance,,32861568.0,31916316.0,29312188.0,0.0,0.0,13.11,13.6,14.13,,,
8,26,sharded_2key,Sharded-2key,1000,mixed,1,288911.1104477141,1978.0,14597.0,3361.914927777778,3399.178416589829,1.0110840070651883,0,100,900,1790639587.7620733,2826.315625,3233.353,performance,,32861568.0,31930308.0,29326100.0,0.0,0.0,12.06,13.37,14.06,,,
8,27,thread_local,ThreadLocal,2000,write-heavy,1,268706.5935753881,2175.0,44972.0,7178.049684444444,10872.401275790204,1.514673449440144,0,100,900,1790639593.580082,2300.0,2300.0,performance,,32861568.0,31940072.0,29335712.0,0.0,0.0,15.88,14.19,14.32,,,
8,28,global_mutex,GlobalMutex,3000,mixed,1,251520.19788062043,2356.0,79283.0,11482.33528888889,19158.404891818358,1.668511187820597,0,100,900,1790639603.4222357,2410.20975,3181.678,performance,,32861568.0,31918844.0,29314192.0,0.0,0.0,14.69,14.0,14.26,,,
8,29,disabled,Disabled,750,write-heavy,1,285823.9195429329,1930.0,8929.0,2566.2695896296295,1908.1408326627152,0.7435465238623284,0,100,900,1790639617.7446203,2300.0,2300.0,performance,,32861568.0,31939704.0,29334692.0,0.0,0.0,14.61,14.0,14.25,,,
8,30,sharded_2key,Sharded-2key,500,mixed,1,307422.31942673057,1499.0,4144.0,1596.8291111111112,790.3762829146958,0.4949661033952052,0,100,900,1790639622.7177126,2300.0,2300.0,performance,,32861568.0,31935096.0,29329996.0,0.0,0.0,22.65,15.68,14.8,,,
8,31,global_mutex,GlobalMutex,250,read-heavy,1,307547.8260345634,770.0,1772.0,798.8557022222222,360.7261467739575,0.45155357315533345,0,100,900,1790639626.6952767,2498.693875,3105.221,performance,,32861568.0,31939256.0,29334180.0,0.0,0.0,26.2,16.53,15.08,,,
8,32,sharded_n,Sharded-N,2000,mixed,1,273796.7394266995,2099.0,40206.0,7043.646263333333,10437.30129194034,1.4818037280311966,0,100,900,1790639630.020635,2300.0,2300.0,performance,,32861568.0,31950172.0,29345060.0,0.0,0.0,24.1,16.25,15.0,,,
8,33,global_mutex,GlobalMutex,1500,read-heavy,1,280392.76978871506,2047.0,28554.0,5174.637171851852,6949.999697402308,1.343089276907719,0,100,900,1790639639.7170942,2743.51525,3057.724,performance,,32861568.0,31942280.0,29336752.0,0.0,0.0,22.39,16.16,14.98,,,
8,34,hdr_histogram,HdrHistogram,250,read-heavy,1,312134.1306781667,767.0,1612.0,785.2637911111111,336.11729850055417,0.4280310671461931,0,100,900,1790639647.604611,2402.333375,3118.667,performance,,32861568.0,31936612.0,29331032.0,0.0,0.0,21.87,16.16,14.99,,,
8,35,sharded_n,Sharded-N,1000,write-heavy,1,277471.23047408514,2059.0,14483.0,3513.4734855555557,3382.7184847530993,0.9627846911781145,0,100,900,1790639650.907429,2883.530125,3169.101,performance,,32861568.0,31947264.0,29341680.0,0.0,0.0,24.05,16.7,15.17,,,
8,36,sharded_2key,Sharded-2key,100,read-heavy,1,293463.4278881954,321.0,730.0,334.1985888888889,137.466402062164,0.4113314856271506,0,100,900,1790639656.8640716,2300.0,2300.0,performance,,32861568.0,31901052.0,29295288.0,0.0,0.0,23.4,16.69,15.17,,,
8,37,global_mutex,GlobalMutex,750,mixed,1,293417.61297983676,1883.0,8861.0,2499.1153777777777,1863.6590183913552,0.7457274821975316,0,100,900,1790639659.6951463,2670.557125,3097.076,performance,,32861568.0,31937688.0,29331888.0,0.0,0.0,21.53,16.41,15.09,,,
8,38,sharded_2key,Sharded-2key,3000,read-heavy,1,258000.62010850376,2259.0,74453.0,11206.986301851852,18796.74544555938,1.6772346230541382,0,100,900,1790639664.6164231,2400.33825,3102.706,performance,,32861568.0,31941412.0,29335520.0,0.0,0.0,19.8,16.14,15.01,,,
8,39,disabled,Disabled,3000,read-heavy,1,263598.5712491552,2210.0,78017.0,10933.805238518518,18610.638682447086,1.7021190954530616,0,100,900,1790639678.8146038,2300.0,2300.0,performance,,32861568.0,31939124.0,29332732.0,0.0,0.0,17.66,15.87,14.94,,,
8,40,global_mutex,GlobalMutex,1000,write-heavy,1,282165.38259345986,2020.0,14535.0,3445.802941111111,3401.107978221472,0.9870291587611139,0,100,900,1790639692.7821863,2410.13875,3181.11,performance,,32861568.0,31956096.0,29349376.0,0.0,0.0,17.56,15.9,14.96,,,
8,41,thread_local,ThreadLocal,1000,write-heavy,1,285979.44749216875,1973.0,14865.0,3396.2479233333333,3433.374150998061,1.010931542249804,0,100,900,1790639698.6890543,2300.0,2300.0,performance,,32861568.0,31930584.0,29323732.0,0.0,0.0,22.23,17.01,15.34,,,
8,42,hdr_histogram,HdrHistogram,250,write-heavy,1,296802.3578496403,809.0,1756.0,826.9574044444445,358.3612846436459,0.4333491455758781,0,100,900,1790639704.5535946,2411.747375,3193.979,performance,,32861568.0,31930944.0,29324096.0,0.0,0.0,20.45,16.73,15.25,,,
8,43,thread_local,ThreadLocal,1500,read-heavy,1,291117.3466529942,1932.0,26567.0,4971.643497777778,6585.547991280496,1.3246219271804383,0,100,900,1790639707.7273989,2409.86625,3178.93,performance,,32861568.0,31940628.0,29333748.0,0.0,0.0,20.45,16.73,15.25,,,
8,44,sharded_2key,Sharded-2key,1500,read-heavy,1,278169.47158767487,2064.0,26872.0,5223.158875555556,6821.728199122662,1.3060541257989353,0,100,900,1790639715.4460104,2493.910625,3090.445,performance,,32861568.0,31902512.0,29295336.0,0.0,0.0,22.02,17.16,15.41,,,
8,45,disabled,Disabled,1000,read-heavy,1,301007.44472649373,1902.0,13297.0,3241.5921422222223,3089.244750035879,0.9530022947051248,0,100,900,1790639723.387763,2412.512375,3200.099,performance,,32861568.0,31895404.0,29288072.0,0.0,0.0,22.32,17.41,15.51,,,
8,46,hdr_histogram,HdrHistogram,3000,read-heavy,1,257539.212640085,2269.0,76501.0,11209.640294814815,18983.230586765458,1.6934736608405205,0,100,900,1790639729.242135,2977.23625,3193.357,performance,,32861568.0,31922148.0,29314620.0,0.0,0.0,20.53,17.12,15.43,,,
8,47,hdr_histogram,HdrHistogram,500,read-heavy,1,307478.87362368417,1492.0,4078.0,1594.7108533333333,804.4519239254162,0.5044500212962846,0,100,900,1790639743.4748068,2404.5785,3136.628,performance,,32861568.0,31950572.0,29342604.0,0.0,0.0,17.26,16.57,15.27,,,
8,48,global_mutex,GlobalMutex,500,write-heavy,1,296982.55684237723,1534.0,4341.0,1648.1069977777777,840.4236110795684,0.5099326756167847,0,100,900,1790639747.6177628,2300.0,2300.0,performance,,32861568.0,31931168.0,29323284.0,0.0,0.0,17.26,16.57,15.27,,,
8,49,global_mutex,GlobalMutex,100,write-heavy,1,293564.99273211363,324.0,692.0,335.35024444444446,131.2288622813398,0.3913188210097748,0,100,900,1790639751.6505682,2499.9,3106.284,performance,,32861568.0,31931400.0,29323492.0,0.0,0.0,16.92,16.51,15.26,,,
8,50,hdr_histogram,HdrHistogram,250,mixed,1,305426.82256156666,779.0,1778.0,804.0592133333333,363.2205089366158,0.4517335326969731,0,100,900,1790639754.309759,2300.0,2300.0,performance,,32861568.0,31939840.0,29331868.0,0.0,0.0,15.56,16.24,15.18,,,
8,51,disabled,Disabled,2000,read-heavy,1,277815.889873459,2068.0,42042.0,6941.479877777778,10539.163114963289,1.5182876419051525,0,100,900,1790639757.4607365,2742.151125,3224.619,performance,,32861568.0,31950612.0,29342600.0,0.0,0.0,15.56,16.24,15.18,,,
8,52,disabled,Disabled,100,read-heavy,1,302099.28998006677,312.0,694.0,324.8660777777778,133.8930807353589,0.41214854333590184,0,100,900,1790639767.2311985,2703.625625,3167.277,performance,,32861568.0,31950016.0,29341616.0,0.0,0.0,14.96,16.08,15.14,,,
8,53,thread_local,ThreadLocal,100,write-heavy,1,280077.91419031366,337.0,734.0,350.68862222222225,141.56138525487088,0.4036668893271568,0,100,900,1790639770.036763,2300.0,2300.0,performance,,32861568.0,31958636.0,29350204.0,0.0,0.0,13.76,15.82,15.06,,,
8,54,thread_local,ThreadLocal,3000,mixed,1,259195.87947394061,2254.0,76528.0,11121.831128148147,18854.489611359677,1.6952684674056064,0,100,900,1790639772.7120156,2300.0,2300.0,performance,,32861568.0,31959868.0,29351404.0,0.0,0.0,13.76,15.82,15.06,,,
8,55,thread_local,ThreadLocal,1500,mixed,1,283711.15305553307,2034.0,27675.0,5102.78123037037,6812.347293355844,1.3350263289381485,0,100,900,1790639786.690061,2300.0,2300.0,performance,,32861568.0,31941844.0,29333116.0,0.0,0.0,16.0,16.22,15.2,,,
8,56,hdr_histogram,HdrHistogram,2000,read-heavy,1,276603.06220178347,2068.0,40211.0,6964.423669444444,10464.336263542518,1.502541597153762,0,100,900,1790639794.3633683,2400.236625,3101.893,performance,,32861568.0,31937516.0,29328604.0,0.0,0.0,14.5,15.89,15.11,,,
8,57,disabled,Disabled,3000,mixed,1,260549.88772410294,2260.0,79021.0,11046.826102962963,18677.05551651764,1.6907168939237769,0,100,900,1790639804.151612,2300.0,2300.0,performance,,32861568.0,31916776.0,29307588.0,0.0,0.0,13.45,15.63,15.03,,,
8,58,sharded_2key,Sharded-2key,250,read-heavy,1,318581.16533623234,757.0,1549.0,769.5466666666666,318.65233514015506,0.41407798765527115,0,100,900,1790639818.0904799,2411.59875,3192.79,performance,,32861568.0,31946156.0,29336588.0,0.0,0.0,13.68,15.61,15.03,,,
8,59,global_mutex,GlobalMutex,500,mixed,1,308967.0217540426,1484.0,4125.0,1590.8493888888888,805.1799567496196,0.5061321092828207,0,100,900,1790639821.3750987,2400.611625,3104.893,performance,,32861568.0,31945320.0,29335748.0,0.0,0.0,12.58,15.35,14.95,,,
8,60,sharded_2key,Sharded-2key,1000,write-heavy,1,283487.75220932794,1989.0,14384.0,3428.9208733333335,3408.3285527138705,0.9939945185729979,0,100,900,1790639825.348544,2500.495375,3104.833,performance,,32861568.0,31938928.0,29329364.0,0.0,0.0,12.69,15.33,14.94,,,
8,61,disabled,Disabled,750,read-heavy,1,300097.96157779376,1786.0,8718.0,2436.4850962962964,1849.335637395937,0.7590178327817864,0,100,900,1790639831.2397547,2300.0,2300.0,performance,,32861568.0,31904400.0,29294760.0,0.0,0.0,13.68,15.49,15.0,,,
8,62,global_mutex,GlobalMutex,3000,read-heavy,1,257370.63513078017,2292.0,78521.0,11211.964535185185,18905.98456315301,1.6862329972434886,0,100,900,1790639836.244732,2699.588875,3205.502,performance,,32861568.0,31910644.0,29300860.0,0.0,0.0,13.46,15.42,14.98,,,
8,63,hdr_histogram,HdrHistogram,3000,mixed,1,252543.23919233517,2338.0,79742.0,11465.982924814814,19306.618350505832,1.6838171203553969,0,100,900,1790639850.4562087,2778.600125,3129.571,performance,,32861568.0,31950024.0,29339720.0,0.0,0.0,17.98,16.36,15.3,,,
8,64,thread_local,ThreadLocal,2000,mixed,1,273449.6590269153,2099.0,40762.0,7045.393081111111,10678.097896891837,1.5156142139918503,0,100,900,1790639864.7479002,2300.0,2300.0,performance,,32861568.0,31940692.0,29330076.0,0.0,0.0,17.59,16.39,15.32,,,
8,65,hdr_histogram,HdrHistogram,2000,write-heavy,1,269143.7202901004,2149.0,44655.0,7165.739806111111,10975.040430037203,1.5315990709957723,0,100,900,1790639874.459955,2300.0,2300.0,performance,,32861568.0,31935980.0,29325232.0,0.0,0.0,16.21,16.14,15.26,,,
8,66,thread_local,ThreadLocal,1000,read-heavy,1,288974.3061404703,1969.0,14829.0,3363.28135,3403.2331911054544,1.0118788281288016,0,100,900,1790639884.2921674,2608.96975,3153.812,performance,,32861568.0,31921140.0,29310064.0,0.0,0.0,15.19,15.94,15.2,,,
8,67,disabled,Disabled,1500,read-heavy,1,288896.0590608112,1969.0,27009.0,5013.723035555556,6789.369672411963,1.3541573047143105,0,100,900,1790639890.2700186,2629.888125,3275.178,performance,,32861568.0,31910908.0,29299776.0,0.0,0.0,15.74,16.04,15.24,,,
8,68,disabled,Disabled,1000,write-heavy,1,290669.81621407747,1970.0,13976.0,3348.9621711111113,3274.5498651748258,0.977780487764782,0,100,900,1790639898.0182707,2388.41675,3007.334,performance,,32861568.0,31913924.0,29302632.0,0.0,0.0,18.56,16.62,15.43,,,
8,69,sharded_2key,Sharded-2key,100,write-heavy,1,284051.3194382624,331.0,758.0,345.66661111111114,143.08260039792594,0.4139323724035743,0,100,900,1790639903.8320684,2418.8535,3250.828,performance,,32861568.0,31940136.0,29328704.0,0.0,0.0,15.71,16.07,15.26,,,
8,70,hdr_histogram,HdrHistogram,100,read-heavy,1,287745.62090090575,323.0,803.0,339.8809888888889,149.38766284572694,0.4395293285867293,0,100,900,1790639906.4998744,2300.0,2300.0,performance,,32861568.0,31952868.0,29341412.0,0.0,0.0,15.71,16.07,15.26,,,
8,71,sharded_n,Sharded-N,1500,mixed,1,277118.39428757556,2075.0,27705.0,5232.102894814815,7008.687032066264,1.3395545104841309,0,100,900,1790639909.3358636,2300.0,2300.0,performance,,32861568.0,31977080.0,29365576.0,0.0,0.0,14.45,15.8,15.18,,,
8,72,hdr_histogram,HdrHistogram,750,read-heavy,1,291227.24042721046,1861.0,8702.0,2507.244631111111,1881.268853117266,0.7503331863885824,0,100,900,1790639917.1382854,2882.488625,3117.019,performance,,32861568.0,31933320.0,29321492.0,0.0,0.0,14.17,15.72,15.16,,,
8,73,thread_local,ThreadLocal,250,read-heavy,1,319858.09650502034,748.0,1566.0,766.50712,321.67134372453256,0.4196586506913759,0,100,900,1790639922.2291226,2412.215875,3197.727,performance,,32861568.0,31927840.0,29316140.0,0.0,0.0,14.56,15.78,15.18,,,
8,74,hdr_histogram,HdrHistogram,1000,mixed,1,285134.65439382655,1981.0,14993.0,3406.3340422222223,3438.937735832774,1.0095714904076998,0,100,900,1790639925.5127897,2503.983125,3131.545,performance,,32861568.0,31955544.0,29343848.0,0.0,0.0,14.27,15.7,15.16,,,
8,75,hdr_histogram,HdrHistogram,1000,read-heavy,1,288516.96220008354,1974.0,14059.0,3367.37363,3326.1545789725087,0.9877592879328062,0,100,900,1790639931.3879519,2300.0,2300.0,performance,,32861568.0,31893272.0,29281256.0,0.0,0.0,13.93,15.6,15.13,,,
8,76,sharded_n,Sharded-N,3000,write-heavy,1,252429.98119596433,2338.0,79872.0,11413.678522592592,19253.735974578107,1.686900146737676,0,100,900,1790639937.3801708,2511.70625,3197.195,performance,,32861568.0,31906216.0,29294144.0,0.0,0.0,14.26,15.64,15.14,,,
8,77,hdr_histogram,HdrHistogram,3000,write-heavy,1,254435.48470533072,2317.0,76478.0,11331.347054074075,19417.143256704097,1.713577667689814,0,100,900,1790639951.6651754,2412.082375,3196.659,performance,,32861568.0,31956656.0,29344080.0,0.0,0.0,17.38,16.27,15.36,,,
8,78,hdr_histogram,HdrHistogram,500,mixed,1,295962.3782411269,1520.0,4624.0,1654.2714266666667,869.2517994332776,0.525458993863424,0,100,900,1790639965.8617425,2956.149125,3193.384,performance,,32861568.0,31933384.0,29320528.0,0.0,0.0,17.97,16.45,15.43,,,
8,79,thread_local,ThreadLocal,3000,write-heavy,1,252631.03004957674,2340.0,79113.0,11427.188465185185,19266.620727512334,1.686033339365258,0,100,900,1790639969.8977497,3024.677625,3213.077,performance,,32861568.0,31933108.0,29320296.0,0.0,0.0,16.53,16.18,15.35,,,
8,80,global_mutex,GlobalMutex,1500,write-heavy,1,274050.3018817543,2073.0,27516.0,5279.292637777778,6965.74870202259,1.3194473540217873,0,100,900,1790639984.191154,2410.67375,3185.39,performance,,32861568.0,31945656.0,29332304.0,0.0,0.0,14.67,15.8,15.24,,,
8,81,sharded_2key,Sharded-2key,100,mixed,1,295163.5823630117,319.0,691.0,332.7517222222222,132.85160421319725,0.39925143986024125,0,100,900,1790639992.050091,2300.0,2300.0,performance,,32861568.0,31916796.0,29303356.0,0.0,0.0,15.74,16.01,15.31,,,
8,82,thread_local,ThreadLocal,500,read-heavy,1,309363.77021115273,1494.0,4023.0,1585.982728888889,780.6804685910025,0.49223768605471085,0,100,900,1790639994.713858,2300.0,2300.0,performance,,32861568.0,31944116.0,29330628.0,0.0,0.0,14.48,15.74,15.23,,,
8,83,hdr_histogram,HdrHistogram,500,write-heavy,1,293913.2513314404,1548.0,4425.0,1668.0266911111112,857.6571518117121,0.514174716976745,0,100,900,1790639998.8509433,2300.0,2300.0,performance,,32861568.0,31931252.0,29317756.0,0.0,0.0,13.32,15.48,15.14,,,
8,84,sharded_n,Sharded-N,750,mixed,1,291149.6897035303,1875.0,8657.0,2516.010823703704,1868.6928612632428,0.7427205175979433,0,100,900,1790640002.9074626,2904.166375,3195.082,performance,,32861568.0,31935468.0,29321988.0,0.0,0.0,13.32,15.48,15.14,,,
8,85,disabled,Disabled,750,mixed,1,318781.6054074571,1704.0,8186.0,2292.5389362962965,1743.6338424811277,0.7605689111208944,0,100,900,1790640007.8404675,2370.536,2864.288,performance,,32861568.0,31916400.0,29302720.0,0.0,0.0,12.25,15.22,15.06,,,
8,86,sharded_2key,Sharded-2key,250,write-heavy,1,304832.9405271868,787.0,1676.0,804.6842755555556,337.31320710557964,0.419187024467078,0,100,900,1790640012.5624216,2516.137125,3188.819,performance,,32861568.0,31937192.0,29322380.0,0.0,0.0,14.15,15.57,15.18,,,
8,87,global_mutex,GlobalMutex,1000,mixed,1,283335.0167001248,2017.0,14917.0,3431.551951111111,3448.7796759836788,1.0050203887681168,0,100,900,1790640015.7159762,2300.0,2300.0,performance,,32861568.0,31926996.0,29312188.0,0.0,0.0,14.22,15.56,15.18,,,
8,88,disabled,Disabled,1500,mixed,1,281523.79479361075,2010.0,27874.0,5136.429088148148,6811.314475603698,1.3260797255665806,0,100,900,1790640021.6068404,2497.316375,3101.617,performance,,32861568.0,31922692.0,29307596.0,0.0,0.0,14.44,15.58,15.19,,,
8,89,sharded_n,Sharded-N,2000,read-heavy,1,273454.1918622548,2095.0,40616.0,7059.747976111111,10626.298499308645,1.5051951621029653,0,100,900,1790640029.3083558,2707.882,3136.345,performance,,32861568.0,31919168.0,29303764.0,0.0,0.0,14.07,15.48,15.16,,,
8,90,sharded_2key,Sharded-2key,500,write-heavy,1,298182.6655121378,1525.0,4388.0,1643.9366733333334,841.5402442510666,0.5119055118739549,0,100,900,1790640039.1797185,2300.0,2300.0,performance,,32861568.0,31926916.0,29311444.0,0.0,0.0,12.79,15.16,15.06,,,
8,91,thread_local,ThreadLocal,1500,write-heavy,1,277449.7403294343,2085.0,26853.0,5223.083033333333,6883.771131116015,1.3179516938911926,0,100,900,1790640043.2056832,2300.0,2300.0,performance,,32861568.0,31930064.0,29314584.0,0.0,0.0,11.76,14.91,14.98,,,
8,92,hdr_histogram,HdrHistogram,1000,write-heavy,1,281428.3994852003,1993.0,14114.0,3458.6559933333333,3388.5170248310988,0.9797207445211581,0,100,900,1790640050.9938915,2300.0,2300.0,performance,,32861568.0,31912664.0,29296840.0,0.0,0.0,12.1,14.93,14.98,,,
8,93,thread_local,ThreadLocal,100,mixed,1,292993.48181633133,320.0,808.0,334.0203222222222,147.87409075807187,0.44270986200561746,0,100,900,1790640056.916297,2523.729125,3195.415,performance,,32861568.0,31922136.0,29306292.0,0.0,0.0,12.33,14.93,14.98,,,
8,94,thread_local,ThreadLocal,2000,read-heavy,1,282335.95735106815,2026.0,37781.0,6830.358658888889,10150.237520499264,1.4860475163028155,0,100,900,1790640059.581735,2300.0,2300.0,performance,,32861568.0,31937780.0,29321912.0,0.0,0.0,11.35,14.68,14.9,,,
8,95,sharded_2key,Sharded-2key,2000,mixed,1,268165.9070073778,2180.0,42847.0,7196.746037222222,10789.70525747305,1.499247743586854,0,100,900,1790640069.2342265,2888.0095,3109.174,performance,,32861568.0,31929428.0,29313252.0,0.0,0.0,10.71,14.44,14.82,,,
8,96,disabled,Disabled,250,write-heavy,1,298266.28071381117,798.0,1813.0,821.9721466666666,367.0041605364923,0.44649221025894814,0,100,900,1790640079.0922992,2523.614125,3194.979,performance,,32861568.0,31922768.0,29306340.0,0.0,0.0,10.31,14.24,14.75,,,
8,97,hdr_histogram,HdrHistogram,100,mixed,1,281907.9820397051,329.0,885.0,348.00225555555556,155.79192810594054,0.44767505272985136,0,100,900,1790640082.2606082,2300.0,2300.0,performance,,32861568.0,31954340.0,29338004.0,0.0,0.0,10.31,14.24,14.75,,,
8,98,sharded_2key,Sharded-2key,1500,mixed,1,285035.69631557853,2016.0,26381.0,5077.01224962963,6693.642033880762,1.3184214858589451,0,100,900,1790640084.9368186,2300.0,2300.0,performance,,32861568.0,31958180.0,29341820.0,0.0,0.0,9.49,14.01,14.68,,,
8,99,global_mutex,GlobalMutex,750,write-heavy,1,289861.8636020518,1893.0,8845.0,2528.7323037037036,1871.1610328615593,0.7399601097043631,0,100,900,1790640092.5928175,2300.0,2300.0,performance,,32861568.0,31906524.0,29289856.0,0.0,0.0,9.37,13.91,14.64,,,
8,100,thread_local,ThreadLocal,250,mixed,1,308914.3996715721,771.0,1705.0,794.3316844444445,345.07363954532633,0.4344200871033752,0,100,900,1790640097.537596,2510.48825,3235.846,performance,,32861568.0,31946832.0,29330100.0,0.0,0.0,13.34,14.66,14.88,,,
8,101,global_mutex,GlobalMutex,2000,write-heavy,1,274240.5388768084,2102.0,44478.0,7032.902791111111,10662.49457487032,1.5160872958953238,0,100,900,1790640100.6850889,2403.794,3130.352,performance,,32861568.0,31942336.0,29325632.0,0.0,0.0,13.48,14.66,14.88,,,
8,102,global_mutex,GlobalMutex,2000,mixed,1,275930.24411870766,2094.0,42956.0,6981.620894444444,10643.822468505876,1.5245489019570788,0,100,900,1790640110.372681,2300.0,2300.0,performance,,32861568.0,31928336.0,29311284.0,0.0,0.0,14.18,14.77,14.91,,,
8,103,sharded_n,Sharded-N,250,read-heavy,1,306722.25959000573,779.0,1669.0,797.2754088888889,341.2824989782049,0.42806098767529804,0,100,900,1790640120.0325866,2625.979,3180.134,performance,,32861568.0,31936960.0,29319648.0,0.0,0.0,12.51,14.4,14.79,,,
8,104,thread_local,ThreadLocal,3000,read-heavy,1,270820.4168983439,2148.0,73990.0,10658.463966666666,18043.814283640244,1.6929094417423147,0,100,900,1790640123.3549685,2300.0,2300.0,performance,,32861568.0,31951180.0,29333848.0,0.0,0.0,11.51,14.16,14.71,,,
8,105,thread_local,ThreadLocal,500,mixed,1,298811.9364898257,1502.0,4405.0,1640.4878955555555,862.6432204482333,0.5258455260689973,0,100,900,1790640137.070825,2300.0,2300.0,performance,,32861568.0,31924424.0,29306624.0,0.0,0.0,12.26,14.24,14.73,,,
8,106,disabled,Disabled,3000,write-heavy,1,261926.2136247017,2235.0,78795.0,11038.044648518518,18865.78112807811,1.7091597043512774,0,100,900,1790640141.0894566,2400.82925,3106.634,performance,,32861568.0,31946460.0,29328712.0,0.0,0.0,12.56,14.27,14.74,,,
8,107,global_mutex,GlobalMutex,2000,read-heavy,1,299583.144334788,1897.0,36117.0,6440.468145555556,9349.879273598784,1.4517390758389137,0,100,900,1790640154.9434512,2916.187125,3187.647,performance,,32861568.0,31940092.0,29321932.0,0.0,0.0,11.26,13.91,14.61,,,
8,108,sharded_n,Sharded-N,500,write-heavy,1,305552.72845722747,1495.0,4142.0,1602.3183644444443,818.5309200576743,0.5108416268707469,0,100,900,1790640164.2185762,2408.18975,3165.518,performance,,32861568.0,31915052.0,29296736.0,0.0,0.0,10.63,13.69,14.53,,,
8,109,sharded_2key,Sharded-2key,500,read-heavy,1,315506.0805874325,1471.0,3709.0,1553.6076266666666,738.983255939732,0.47565630037827056,0,100,900,1790640168.2057145,2919.335375,3185.03,performance,,32861568.0,31953852.0,29335500.0,0.0,0.0,10.63,13.69,14.53,,,
8,110,thread_local,ThreadLocal,750,read-heavy,1,319722.5192768096,1729.0,7599.0,2292.051573333333,1668.6416502006834,0.7280122618593508,0,100,900,1790640172.3121955,2403.06775,3124.542,performance,,32861568.0,31920320.0,29301900.0,0.0,0.0,9.78,13.47,14.46,,,
8,111,sharded_n,Sharded-N,750,write-heavy,1,302279.481373908,1808.0,8309.0,2420.5931896296297,1779.5177399357408,0.7351577074411341,0,100,900,1790640177.1986084,2837.921875,3195.674,performance,,32861568.0,31926392.0,29307856.0,0.0,0.0,10.2,13.49,14.46,,,
8,112,thread_local,ThreadLocal,1000,mixed,1,308914.08306264604,1851.0,13598.0,3140.218496666667,3154.61603995704,1.0045848858306057,0,100,900,1790640182.0427237,2300.0,2300.0,performance,,32861568.0,31935724.0,29317040.0,0.0,0.0,9.7,13.33,14.4,,,
8,113,disabled,Disabled,1000,mixed,1,293430.12751639023,1901.0,14089.0,3309.742867777778,3264.898551861778,0.9864508157559353,0,100,900,1790640187.6659594,2300.0,2300.0,performance,,32861568.0,31911540.0,29292668.0,0.0,0.0,16.21,14.62,14.81,,,
8,114,sharded_n,Sharded-N,2000,write-heavy,1,271554.5704043869,2162.0,43623.0,7097.361216666666,10723.543420808688,1.5109197761594397,0,100,900,1790640193.4224956,2608.77325,3168.222,performance,,32861568.0,31927972.0,29309008.0,0.0,0.0,15.56,14.55,14.79,,,
8,115,sharded_2key,Sharded-2key,2000,write-heavy,1,272706.128333655,2139.0,42475.0,7061.892494444444,10718.501168722732,1.5177944406764794,0,100,900,1790640203.1834147,2400.1885,3101.508,performance,,32861568.0,31921640.0,29302396.0,0.0,0.0,16.24,14.71,14.84,,,
8,116,disabled,Disabled,2000,write-heavy,1,273202.9732890253,2120.0,41316.0,7057.696414444445,10631.39218312984,1.5063544191800864,0,100,900,1790640212.9146054,2402.296625,3118.373,performance,,32861568.0,31928156.0,29308656.0,0.0,0.0,15.58,14.6,14.8,,,
8,117,global_mutex,GlobalMutex,100,read-heavy,1,289455.69259259984,326.0,699.0,338.0191222222222,139.57138668328804,0.4129097364838736,0,100,900,1790640222.6272292,2412.796375,3202.371,performance,,32861568.0,31935808.0,29316096.0,0.0,0.0,14.23,14.34,14.71,,,
8,118,sharded_n,Sharded-N,1000,read-heavy,1,292569.77929669723,1930.0,14289.0,3316.385763333333,3318.732019167212,1.000707473738375,0,100,900,1790640225.4500778,2400.110875,3100.887,performance,,32861568.0,31956048.0,29336304.0,0.0,0.0,14.37,14.37,14.72,,,
8,119,thread_local,ThreadLocal,250,write-heavy,1,302647.60645665874,785.0,1825.0,810.08004,377.3515660952043,0.46582010105471094,0,100,900,1790640231.3906183,2300.0,2300.0,performance,,32861568.0,31905296.0,29285444.0,0.0,0.0,14.1,14.31,14.7,,,
8,120,global_mutex,GlobalMutex,250,mixed,1,311932.7342928119,765.0,1640.0,785.0298933333333,336.41739973236344,0.4285408779835043,0,100,900,1790640234.550585,2727.71625,3292.396,performance,,32861568.0,31934984.0,29315152.0,0.0,0.0,12.97,14.07,14.62,,,
8,121,disabled,Disabled,2000,mixed,1,280671.2038780113,2057.0,38994.0,6857.846288333333,10192.313699222614,1.486226618488362,0,100,900,1790640237.685056,2530.376625,3271.143,performance,,32861568.0,31937072.0,29317264.0,0.0,0.0,12.97,14.07,14.62,,,
8,122,sharded_2key,Sharded-2key,750,mixed,1,294543.4845529444,1839.0,8939.0,2487.565642962963,1925.0642980523048,0.7738747733142601,0,100,900,1790640247.2048872,2300.0,2300.0,performance,,32861568.0,31925896.0,29305684.0,0.0,0.0,14.54,14.37,14.71,,,
8,123,thread_local,ThreadLocal,500,write-heavy,1,305959.7429184818,1491.0,4105.0,1602.94244,802.6734353420609,0.5007500053102724,0,100,900,1790640252.0955896,2404.65775,3137.262,performance,,32861568.0,31911432.0,29291216.0,0.0,0.0,14.9,14.45,14.74,,,
8,124,global_mutex,GlobalMutex,250,write-heavy,1,310385.0355058823,772.0,1630.0,791.9031822222222,335.87923719881644,0.42414179503140664,0,100,900,1790640256.0723715,2400.13325,3101.066,performance,,32861568.0,31953728.0,29333468.0,0.0,0.0,14.82,14.44,14.73,,,
8,125,hdr_histogram,HdrHistogram,1500,read-heavy,1,284281.1969455873,2030.0,26722.0,5105.234056296296,6700.232145996289,1.312424087145011,0,100,900,1790640259.219482,2411.3085,3190.468,performance,,32861568.0,31955452.0,29335200.0,0.0,0.0,13.64,14.2,14.65,,,
8,126,sharded_n,Sharded-N,3000,mixed,1,257075.05531085262,2268.0,74209.0,11193.017612592592,18601.855945308063,1.6619160792153345,0,100,900,1790640267.041335,2818.59175,3174.948,performance,,32861568.0,31890084.0,29269420.0,0.0,0.0,14.47,14.36,14.7,,,
8,127,global_mutex,GlobalMutex,3000,write-heavy,1,256765.1319624406,2283.0,78018.0,11251.352432222222,19072.816317246296,1.6951576650131899,0,100,900,1790640281.1159809,2831.94525,3253.502,performance,,32861568.0,31946976.0,29325968.0,0.0,0.0,14.4,14.36,14.7,,,
8,128,sharded_n,Sharded-N,100,write-heavy,1,286179.6538056746,329.0,736.0,343.42277777777775,140.55770636900417,0.40928475181094814,0,100,900,1790640295.2175486,2412.802375,3202.419,performance,,32861568.0,31940524.0,29319100.0,0.0,0.0,12.7,13.99,14.57,,,
8,129,hdr_histogram,HdrHistogram,2000,mixed,1,278334.08983585396,2061.0,40656.0,6935.443653888889,10377.975449355803,1.4963679278883038,0,100,900,1790640297.8880334,2300.0,2300.0,performance,,32861568.0,31947520.0,29326096.0,0.0,0.0,12.7,13.99,14.57,,,
8,130,sharded_n,Sharded-N,1500,write-heavy,1,284191.3572198516,2021.0,27940.0,5102.186864444445,6829.282752489033,1.3385011043166966,0,100,900,1790640307.4631271,2300.0,2300.0,performance,,32861568.0,31902836.0,29281216.0,0.0,0.0,13.95,14.22,14.64,,,
8,131,sharded_n,Sharded-N,500,mixed,1,303582.9099927559,1508.0,4113.0,1609.621148888889,790.1980793901358,0.4909217799080265,0,100,900,1790640315.1391034,2488.607875,3070.931,performance,,32861568.0,31934476.0,29312744.0,0.0,0.0,12.77,13.97,14.55,,,
8,132,sharded_2key,Sharded-2key,2000,read-heavy,1,281080.2940832684,2056.0,39777.0,6855.688352777778,10133.154951352466,1.4780652838816293,0,100,900,1790640319.1323934,2522.118375,3194.775,performance,,32861568.0,31934032.0,29312236.0,0.0,0.0,11.74,13.74,14.48,,,
8,133,hdr_histogram,HdrHistogram,1500,write-heavy,1,289931.36640104494,1982.0,26307.0,4979.8721585185185,6645.949364064672,1.3345622442729135,0,100,900,1790640328.8145604,2413.878625,3211.029,performance,,32861568.0,31939384.0,29317316.0,0.0,0.0,13.11,13.99,14.55,,,
8,134,global_mutex,GlobalMutex,1500,mixed,1,279829.37847643346,2042.0,26871.0,5189.170123703704,6863.454893007864,1.3226498128585462,0,100,900,1790640336.3837729,2300.0,2300.0,performance,,32861568.0,31918468.0,29296156.0,0.0,0.0,13.26,14.0,14.55,,,
8,135,global_mutex,GlobalMutex,100,mixed,1,295178.53511282656,322.0,652.0,332.9441777777778,125.54903035636777,0.37708732795491307,0,100,900,1790640344.1133854,2401.604125,3112.833,performance,,32861568.0,31917992.0,29295528.0,0.0,0.0,12.25,13.77,14.47,,,
8,136,sharded_n,Sharded-N,3000,read-heavy,1,265787.9559601158,2204.0,73989.0,10838.89501074074,18518.94807420383,1.708564208422776,0,100,900,1790640346.769382,2623.837125,3200.698,performance,,32861568.0,31939452.0,29316932.0,0.0,0.0,12.25,13.77,14.47,,,
8,137,hdr_histogram,HdrHistogram,750,mixed,1,301898.9883787111,1789.0,8639.0,2425.0800992592594,1830.4353097975597,0.7547937531451708,0,100,900,1790640360.650079,2942.072375,3218.663,performance,,32861568.0,31943040.0,29320124.0,0.0,0.0,14.75,14.25,14.62,,,
8,138,disabled,Disabled,1500,write-heavy,1,285973.6371122738,1989.0,26198.0,5063.3359644444445,6595.905566346187,1.3026798167579026,0,100,900,1790640365.5013447,2958.065625,3201.106,performance,,32861568.0,31917608.0,29294748.0,0.0,0.0,14.69,14.25,14.62,,,
8,139,disabled,Disabled,100,mixed,1,302284.4309549159,312.0,662.0,323.66724444444446,129.74661523398314,0.4008642130490698,0,100,900,1790640373.1331038,2752.472375,3267.927,performance,,32861568.0,31927552.0,29304384.0,0.0,0.0,14.23,14.16,14.59,,,
8,140,sharded_n,Sharded-N,500,read-heavy,1,311078.03379205015,1474.0,4109.0,1573.4260933333333,790.8088981890344,0.5026031419840576,0,100,900,1790640375.784867,2300.0,2300.0,performance,,32861568.0,31944628.0,29321432.0,0.0,0.0,13.09,13.93,14.51,,,
8,141,thread_local,ThreadLocal,750,write-heavy,1,296736.702473442,1824.0,8610.0,2470.82656,1857.9493332168709,0.7519545739450327,0,100,900,1790640379.9021218,2412.600625,3200.805,performance,,32861568.0,31943160.0,29319988.0,0.0,0.0,12.04,13.69,14.43,,,
8,142,thread_local,ThreadLocal,100,read-heavy,1,296160.76630453125,320.0,671.0,331.0314111111111,134.39096096965216,0.4059764616250984,0,100,900,1790640384.788823,3022.85625,3207.145,performance,,32861568.0,31924896.0,29301648.0,0.0,0.0,11.08,13.47,14.35,,,
8,143,global_mutex,GlobalMutex,500,read-heavy,1,309697.1240308297,1471.0,4141.0,1579.282491111111,803.9402082193684,0.509054088007873,0,100,900,1790640387.6070216,2692.270875,3118.63,performance,,32861568.0,31951716.0,29328420.0,0.0,0.0,11.08,13.47,14.35,,,
8,144,global_mutex,GlobalMutex,750,read-heavy,1,298447.4099863179,1839.0,8604.0,2452.1200103703704,1823.227935342923,0.7435312821689918,0,100,900,1790640391.7374501,2862.861875,3128.798,performance,,32861568.0,31951576.0,29328256.0,0.0,0.0,12.19,13.66,14.41,,,
9,1,thread_local,ThreadLocal,250,write-heavy,1,309697.5046965936,771.0,1663.0,792.4510311111111,338.46322973646477,0.42710933098528353,0,100,900,1790640396.7696583,2411.9395,3195.516,performance,,32861568.0,31941644.0,29318208.0,0.0,0.0,12.42,13.68,14.41,,,
9,2,hdr_histogram,HdrHistogram,750,write-heavy,1,294816.04932292947,1836.0,8735.0,2480.6049807407408,1893.3647386366267,0.7632673292751526,0,100,900,1790640399.9169075,2300.0,2300.0,performance,,32861568.0,31936216.0,29312748.0,0.0,0.0,11.42,13.45,14.33,,,
9,3,thread_local,ThreadLocal,1000,read-heavy,1,298113.56320852524,1870.0,14133.0,3266.288067777778,3256.483714041938,0.9969983193360804,0,100,900,1790640404.8237147,2300.0,2300.0,performance,,32861568.0,31921840.0,29298160.0,0.0,0.0,10.51,13.23,14.26,,,
9,4,sharded_2key,Sharded-2key,3000,write-heavy,1,261397.84346521617,2241.0,78890.0,11037.94495074074,18787.551656438372,1.7020878198144633,0,100,900,1790640410.711549,2616.477375,3237.744,performance,,32861568.0,31935296.0,29311504.0,0.0,0.0,11.19,13.33,14.28,,,
9,5,sharded_2key,Sharded-2key,100,mixed,1,289013.45690007345,326.0,717.0,338.18207777777775,136.65964612660343,0.4041007939409599,0,100,900,1790640424.5937896,2636.788875,3247.174,performance,,32861568.0,31955104.0,29330820.0,0.0,0.0,10.14,13.0,14.16,,,
9,6,global_mutex,GlobalMutex,100,read-heavy,1,299194.3145899564,314.0,717.0,327.4232333333333,134.22849279027517,0.40995408732532984,0,100,900,1790640427.2617114,2300.0,2300.0,performance,,32861568.0,31972860.0,29348544.0,0.0,0.0,10.14,13.0,14.16,,,
9,7,global_mutex,GlobalMutex,250,write-heavy,1,303005.6079712313,792.0,1689.0,808.5261822222222,345.0196621922218,0.426726641361125,0,100,900,1790640430.08923,2699.89475,3132.679,performance,,32861568.0,31970060.0,29345252.0,0.0,0.0,9.32,12.78,14.08,,,
9,8,thread_local,ThreadLocal,750,mixed,1,298743.6628690706,1849.0,8460.0,2459.0536355555555,1819.7264639917607,0.7400108877985672,0,100,900,1790640433.2483795,2723.45725,3196.376,performance,,32861568.0,31948272.0,29323456.0,0.0,0.0,9.32,12.78,14.08,,,
9,9,sharded_2key,Sharded-2key,100,write-heavy,1,296894.32405777293,316.0,692.0,329.75646666666665,136.4826217567012,0.41388914411999767,0,100,900,1790640438.1172101,2729.92025,3212.353,performance,,32861568.0,31936872.0,29312024.0,0.0,0.0,8.58,12.57,14.01,,,
9,10,hdr_histogram,HdrHistogram,3000,write-heavy,1,257968.61598475164,2284.0,80674.0,11173.775045925926,19008.70586423766,1.70118923874062,0,100,900,1790640440.777037,2300.0,2300.0,performance,,32861568.0,31937616.0,29312748.0,0.0,0.0,7.89,12.36,13.93,,,
9,11,global_mutex,GlobalMutex,750,write-heavy,1,288807.43547484383,1870.0,9063.0,2532.0594488888887,1936.9163314067591,0.7649568939847409,0,100,900,1790640454.8226967,2300.0,2300.0,performance,,32861568.0,31935612.0,29310316.0,0.0,0.0,8.85,12.37,13.91,,,
9,12,disabled,Disabled,2000,mixed,1,283573.3696993368,2037.0,41835.0,6801.331901666666,10433.748558393776,1.5340743120971623,0,100,900,1790640459.7662718,2412.8775,3203.02,performance,,32861568.0,31929536.0,29304232.0,0.0,0.0,8.14,12.16,13.84,,,
9,13,sharded_n,Sharded-N,250,write-heavy,1,304843.3437289249,783.0,1662.0,802.103528888889,343.7424493830591,0.4285512243777647,0,100,900,1790640469.2221334,2624.91,3204.341,performance,,32861568.0,31961836.0,29336160.0,0.0,0.0,7.7,11.94,13.75,,,
9,14,disabled,Disabled,750,write-heavy,1,295349.53181034693,1841.0,8886.0,2476.6285496296296,1878.4279254056955,0.7584617102498504,0,100,900,1790640472.3678594,2300.0,2300.0,performance,,32861568.0,31959168.0,29333496.0,0.0,0.0,7.7,11.94,13.75,,,
9,15,disabled,Disabled,3000,write-heavy,1,262863.2761422106,2227.0,78997.0,10955.701532962963,18794.043902774414,1.7154578231460433,0,100,900,1790640477.2628992,2300.0,2300.0,performance,,32861568.0,31902328.0,29276652.0,0.0,0.0,8.68,12.08,13.78,,,
9,16,disabled,Disabled,2000,write-heavy,1,280903.16254488466,2075.0,42638.0,6859.899477222222,10361.658693890433,1.5104680073367747,0,100,900,1790640491.086829,2792.024375,3169.36,performance,,32861568.0,31949940.0,29323780.0,0.0,0.0,12.88,12.84,14.0,,,
9,17,global_mutex,GlobalMutex,250,mixed,1,312138.9874171017,760.0,1622.0,784.2877733333333,338.06056557243693,0.43104148383651575,0,100,900,1790640500.6255884,2719.316875,3180.757,performance,,32861568.0,31935260.0,29308852.0,0.0,0.0,13.57,12.99,14.04,,,
9,18,disabled,Disabled,500,mixed,1,305662.8634472051,1494.0,4127.0,1604.3109777777777,795.1945994649811,0.49566113458031086,0,100,900,1790640503.7571366,2618.633875,3165.675,performance,,32861568.0,31936920.0,29310560.0,0.0,0.0,12.49,12.78,13.97,,,
9,19,sharded_n,Sharded-N,750,write-heavy,1,288917.0806899796,1854.0,9024.0,2538.657208888889,1946.9046858001366,0.7669033373167586,0,100,900,1790640507.7378368,2814.6915,3211.47,performance,,32861568.0,31948024.0,29321668.0,0.0,0.0,12.49,12.78,13.97,,,
9,20,global_mutex,GlobalMutex,3000,read-heavy,1,267066.3907498144,2174.0,75790.0,10763.355567037037,18126.502799888072,1.6840940250455723,0,100,900,1790640512.6835816,2401.0495,3108.396,performance,,32861568.0,31911852.0,29285300.0,0.0,0.0,12.69,12.82,13.97,,,
9,21,hdr_histogram,HdrHistogram,3000,mixed,1,260702.08881016626,2243.0,79473.0,11067.475576666666,18744.102676057395,1.6936204237554593,0,100,900,1790640526.525702,2300.0,2300.0,performance,,32861568.0,31927276.0,29300212.0,0.0,0.0,14.45,13.21,14.08,,,
9,22,sharded_2key,Sharded-2key,1500,mixed,1,283653.036667881,2004.0,27520.0,5098.715365185185,6849.458734571755,1.343369504667963,0,100,900,1790640540.4548268,2300.0,2300.0,performance,,32861568.0,31941900.0,29314624.0,0.0,0.0,14.47,13.27,14.09,,,
9,23,sharded_n,Sharded-N,1500,write-heavy,1,278523.83717242384,2070.0,27591.0,5210.0341125925925,6889.864469688373,1.322422141735243,0,100,900,1790640548.1207697,2300.0,2300.0,performance,,32861568.0,31904704.0,29277252.0,0.0,0.0,13.95,13.18,14.06,,,
9,24,disabled,Disabled,750,mixed,1,297618.02708315843,1842.0,8632.0,2460.2687185185187,1847.3002528839436,0.7508530425880952,0,100,900,1790640555.896448,2517.446875,3200.583,performance,,32861568.0,31898616.0,29270920.0,0.0,0.0,13.57,13.11,14.02,,,
9,25,sharded_n,Sharded-N,250,read-heavy,1,317948.296655449,754.0,1562.0,770.5678266666666,322.32026445240416,0.4182892839514229,0,100,900,1790640560.7721534,2735.5255,3198.011,performance,,32861568.0,31948228.0,29320532.0,0.0,0.0,13.92,13.2,14.05,,,
9,26,global_mutex,GlobalMutex,500,mixed,1,301316.010935666,1514.0,4248.0,1627.9155888888888,833.8810232990177,0.5122384901223113,0,100,900,1790640564.0624342,2408.60025,3168.802,performance,,32861568.0,31951472.0,29323780.0,0.0,0.0,12.81,12.98,13.97,,,
9,27,global_mutex,GlobalMutex,1500,write-heavy,1,286025.6464531474,1975.0,25798.0,5069.451312592592,6368.531799513581,1.2562566255827436,0,100,900,1790640568.0746074,2300.0,2300.0,performance,,32861568.0,31923792.0,29296040.0,0.0,0.0,12.81,12.98,13.97,,,
9,28,hdr_histogram,HdrHistogram,1500,read-heavy,1,280307.93577527517,2036.0,28508.0,5139.145873333333,6951.669184991435,1.3526896018000107,0,100,900,1790640575.7108138,2816.303375,3205.593,performance,,32861568.0,31952968.0,29324840.0,0.0,0.0,12.84,12.96,13.95,,,
9,29,hdr_histogram,HdrHistogram,1500,mixed,1,282536.31437993003,2011.0,28769.0,5126.726503703704,6803.896186457616,1.3271424136907388,0,100,900,1790640583.6067479,2300.0,2300.0,performance,,32861568.0,31926880.0,29298668.0,0.0,0.0,11.97,12.78,13.89,,,
9,30,global_mutex,GlobalMutex,2000,write-heavy,1,271314.2819238099,2139.0,40633.0,7094.791773888889,10722.822661665881,1.5113653794786917,0,100,900,1790640591.3053002,2400.8065,3106.452,performance,,32861568.0,31928704.0,29300268.0,0.0,0.0,12.05,12.79,13.88,,,
9,31,hdr_histogram,HdrHistogram,2000,read-heavy,1,279761.1738479075,2049.0,41529.0,6878.435,10453.136267478216,1.5196968885332514,0,100,900,1790640601.073709,2715.478375,3185.504,performance,,32861568.0,31917944.0,29289340.0,0.0,0.0,13.14,13.0,13.94,,,
9,32,thread_local,ThreadLocal,250,mixed,1,306527.9980323355,775.0,1776.0,801.7687511111111,377.75165236906093,0.4711478862771383,0,100,900,1790640610.7840602,2411.718625,3193.749,performance,,32861568.0,31923128.0,29294224.0,0.0,0.0,12.6,12.89,13.89,,,
9,33,sharded_2key,Sharded-2key,500,mixed,1,313471.9921844773,1472.0,3818.0,1556.93864,743.7771143324471,0.4777176795692135,0,100,900,1790640613.9332826,2409.022625,3172.181,performance,,32861568.0,31947608.0,29318652.0,0.0,0.0,11.59,12.68,13.82,,,
9,34,sharded_n,Sharded-N,3000,read-heavy,1,263360.92853235145,2208.0,75129.0,10980.969907407407,18465.56993926544,1.68159735387392,0,100,900,1790640617.8800006,2720.335375,3177.926,performance,,32861568.0,31928232.0,29299320.0,0.0,0.0,11.59,12.68,13.82,,,
9,35,sharded_n,Sharded-N,500,write-heavy,1,302042.75948198134,1522.0,4197.0,1623.1425177777778,804.0533287602015,0.4953682871058173,0,100,900,1790640631.8678155,2412.14475,3197.158,performance,,32861568.0,31938196.0,29308768.0,0.0,0.0,10.93,12.47,13.73,,,
9,36,sharded_2key,Sharded-2key,3000,read-heavy,1,268099.6974675335,2152.0,64324.0,10733.567081851852,18098.149245550787,1.686126253046935,0,100,900,1790640635.8694077,2611.49775,3185.544,performance,,32861568.0,31925088.0,29295732.0,0.0,0.0,10.7,12.39,13.7,,,
9,37,disabled,Disabled,1500,read-heavy,1,305524.60923192004,1876.0,25284.0,4727.889277037037,6324.687674178299,1.337740226890841,0,100,900,1790640649.6834855,2627.606875,3239.644,performance,,32861568.0,31933332.0,29303452.0,0.0,0.0,10.83,12.35,13.66,,,
9,38,sharded_n,Sharded-N,100,write-heavy,1,286877.5541605139,328.0,761.0,342.0127777777778,141.90196496459538,0.4149025246559529,0,100,900,1790640657.167464,2991.197,3195.636,performance,,32861568.0,31927864.0,29297908.0,0.0,0.0,10.85,12.33,13.65,,,
9,39,disabled,Disabled,3000,mixed,1,262723.045717365,2234.0,78480.0,10973.196012592593,18740.66063201976,1.7078580033121982,0,100,900,1790640659.8405113,2411.959,3195.672,performance,,32861568.0,31944680.0,29314672.0,0.0,0.0,9.98,12.12,13.58,,,
9,40,hdr_histogram,HdrHistogram,100,mixed,1,287643.7010401657,325.0,779.0,340.6652111111111,144.10454690938795,0.4230092836288673,0,100,900,1790640673.6713622,2413.15275,3205.222,performance,,32861568.0,31930760.0,29300372.0,0.0,0.0,11.03,12.28,13.6,,,
9,41,sharded_n,Sharded-N,2000,read-heavy,1,280334.00177226565,2023.0,38229.0,6880.7279827777775,10153.625192809994,1.4756614733534248,0,100,900,1790640676.3406475,2300.0,2300.0,performance,,32861568.0,31955536.0,29325120.0,0.0,0.0,11.03,12.28,13.6,,,
9,42,hdr_histogram,HdrHistogram,1000,read-heavy,1,296543.43466728705,1927.0,13867.0,3280.7806344444443,3238.2463420631743,0.9870353135059661,0,100,900,1790640686.0326009,2300.0,2300.0,performance,,32861568.0,31910860.0,29280236.0,0.0,0.0,11.34,12.3,13.6,,,
9,43,global_mutex,GlobalMutex,2000,mixed,1,273262.6651295372,2103.0,42840.0,7052.178378888889,10588.981590343445,1.5015192500011323,0,100,900,1790640691.9474857,2411.748625,3193.989,performance,,32861568.0,31915248.0,29284576.0,0.0,0.0,11.55,12.33,13.6,,,
9,44,sharded_n,Sharded-N,250,mixed,1,301642.379613189,792.0,1711.0,812.9231644444444,353.862328949898,0.435296156423011,0,100,900,1790640701.653186,3027.948375,3217.937,performance,,32861568.0,31948152.0,29317176.0,0.0,0.0,13.34,12.68,13.7,,,
9,45,hdr_histogram,HdrHistogram,100,write-heavy,1,287101.79674620647,327.0,762.0,341.95474444444443,143.3806597328184,0.41929717912164455,0,100,900,1790640704.8127644,2300.0,2300.0,performance,,32861568.0,31960520.0,29329628.0,0.0,0.0,12.27,12.47,13.63,,,
9,46,disabled,Disabled,750,read-heavy,1,304994.31580964016,1795.0,8323.0,2399.829853333333,1781.5623618129775,0.7423702806840285,0,100,900,1790640707.4838827,2300.0,2300.0,performance,,32861568.0,31965828.0,29334900.0,0.0,0.0,12.27,12.47,13.63,,,
9,47,sharded_n,Sharded-N,1500,mixed,1,283120.46864274336,2023.0,27829.0,5108.248819259259,6766.049931069732,1.324534134977957,0,100,900,1790640712.469264,2363.886375,2811.091,performance,,32861568.0,31927232.0,29296176.0,0.0,0.0,12.09,12.43,13.61,,,
9,48,thread_local,ThreadLocal,1500,write-heavy,1,283639.1802112417,2017.0,26588.0,5098.228738518518,6648.552866483394,1.3040907357199867,0,100,900,1790640720.1529434,2300.0,2300.0,performance,,32861568.0,31917440.0,29286160.0,0.0,0.0,11.11,12.22,13.53,,,
9,49,disabled,Disabled,1000,mixed,1,291713.03023919056,1943.0,14584.0,3326.963727777778,3341.0979229940954,1.0042483767100636,0,100,900,1790640727.827175,2724.19175,3198.234,performance,,32861568.0,31949420.0,29317892.0,0.0,0.0,12.54,12.49,13.61,,,
9,50,global_mutex,GlobalMutex,100,write-heavy,1,287051.1695820168,330.0,708.0,341.87174444444446,137.8531037019849,0.4032304685665141,0,100,900,1790640733.616575,2403.986,3131.888,performance,,32861568.0,31913116.0,29281468.0,0.0,0.0,13.05,12.62,13.64,,,
9,51,sharded_n,Sharded-N,500,mixed,1,297451.7402613357,1532.0,4311.0,1646.8998533333333,838.6835057938615,0.509249851529443,0,100,900,1790640736.288047,2300.0,2300.0,performance,,32861568.0,31934108.0,29302428.0,0.0,0.0,13.05,12.62,13.64,,,
9,52,sharded_n,Sharded-N,500,read-heavy,1,306437.96730840905,1497.0,4046.0,1599.6336888888889,783.6668826102895,0.48990396242193873,0,100,900,1790640740.3163064,2491.332125,3265.522,performance,,32861568.0,31917220.0,29285528.0,0.0,0.0,12.08,12.43,13.57,,,
9,53,sharded_2key,Sharded-2key,1000,read-heavy,1,301552.2023681823,1791.0,13967.0,3218.781372222222,3210.0533929729404,0.9972884212253111,0,100,900,1790640744.4598858,2727.301375,3187.605,performance,,32861568.0,31918356.0,29286592.0,0.0,0.0,11.11,12.22,13.5,,,
9,54,global_mutex,GlobalMutex,1500,mixed,1,284529.5130117374,1976.0,25709.0,5103.9319259259255,6486.750445026329,1.2709320067683976,0,100,900,1790640750.3010428,2300.0,2300.0,performance,,32861568.0,31893748.0,29261732.0,0.0,0.0,10.22,12.02,13.43,,,
9,55,hdr_histogram,HdrHistogram,3000,read-heavy,1,266298.921663941,2190.0,73818.0,10830.609497777778,18140.359450601423,1.674915844239741,0,100,900,1790640757.9583611,2412.3965,3199.172,performance,,32861568.0,31919440.0,29287256.0,0.0,0.0,14.77,12.93,13.71,,,
9,56,global_mutex,GlobalMutex,1000,mixed,1,302475.5708789576,1906.0,14372.0,3212.082823333333,3229.9721013131707,1.0055693700828277,0,100,900,1790640771.8092315,2407.9545,3163.636,performance,,32861568.0,31942660.0,29310020.0,0.0,0.0,13.56,12.74,13.64,,,
9,57,disabled,Disabled,250,write-heavy,1,312318.7817983984,771.0,1592.0,787.29836,322.7401691144958,0.4099337500391793,0,100,900,1790640777.496487,2399.225,3093.8,performance,,32861568.0,31931640.0,29299052.0,0.0,0.0,14.08,12.86,13.67,,,
9,58,thread_local,ThreadLocal,1500,read-heavy,1,287157.9943793451,1984.0,26853.0,5052.779337037037,6798.422768664382,1.345481825978768,0,100,900,1790640780.6384785,2506.5025,3143.019,performance,,32861568.0,31946120.0,29313472.0,0.0,0.0,13.59,12.78,13.64,,,
9,59,thread_local,ThreadLocal,750,write-heavy,1,295446.88253728766,1820.0,8614.0,2472.0895096296294,1858.8672138802287,0.7519417102978305,0,100,900,1790640788.4033864,2692.701,3114.313,performance,,32861568.0,31917476.0,29284544.0,0.0,0.0,12.24,12.52,13.55,,,
9,60,thread_local,ThreadLocal,3000,mixed,1,262587.2055428418,2238.0,78640.0,10983.693016296296,18669.406413173165,1.6997385474515467,0,100,900,1790640793.3067555,2745.887,3270.66,performance,,32861568.0,31938708.0,29305744.0,0.0,0.0,12.24,12.52,13.55,,,
9,61,global_mutex,GlobalMutex,100,mixed,1,289748.33309715625,324.0,737.0,338.83805555555557,141.96380205221456,0.4189724256900604,0,100,900,1790640807.1515832,2300.0,2300.0,performance,,32861568.0,31941720.0,29308368.0,0.0,0.0,12.28,12.5,13.52,,,
9,62,thread_local,ThreadLocal,500,read-heavy,1,309859.56784290954,1476.0,4255.0,1581.4834733333332,794.4427152305774,0.5023401942709589,0,100,900,1790640809.8192873,2890.43225,3153.656,performance,,32861568.0,31954932.0,29321564.0,0.0,0.0,11.3,12.29,13.45,,,
9,63,global_mutex,GlobalMutex,750,mixed,1,289344.3890289785,1927.0,8845.0,2526.6873955555557,1848.772132026415,0.7316980071529252,0,100,900,1790640813.9419534,2300.0,2300.0,performance,,32861568.0,31938636.0,29305252.0,0.0,0.0,10.39,12.09,13.38,,,
9,64,global_mutex,GlobalMutex,1000,write-heavy,1,284861.2772107326,1977.0,14802.0,3412.325263333333,3462.273343952687,1.0146375496955298,0,100,900,1790640818.8854024,2922.08875,3192.632,performance,,32861568.0,31919768.0,29286264.0,0.0,0.0,9.56,11.89,13.31,,,
9,65,disabled,Disabled,1500,write-heavy,1,278959.0716382939,2063.0,27663.0,5199.047478518519,6842.844601518987,1.3161727469872755,0,100,900,1790640824.7567008,2300.0,2300.0,performance,,32861568.0,31910832.0,29277200.0,0.0,0.0,8.79,11.69,13.24,,,
9,66,hdr_histogram,HdrHistogram,750,mixed,1,298355.4364573301,1839.0,8549.0,2456.649586666667,1843.0764765109757,0.7502398740602542,0,100,900,1790640832.5161676,2300.0,2300.0,performance,,32861568.0,31929852.0,29295992.0,0.0,0.0,10.57,12.01,13.33,,,
9,67,global_mutex,GlobalMutex,3000,mixed,1,258497.56384858952,2282.0,78249.0,11133.23443,18820.37113735365,1.6904675146909351,0,100,900,1790640837.390603,2508.115375,3160.41,performance,,32861568.0,31919548.0,29285640.0,0.0,0.0,10.61,11.99,13.32,,,
9,68,hdr_histogram,HdrHistogram,250,write-heavy,1,307636.53471359995,772.0,1758.0,798.0721155555556,353.23969678855974,0.4426162622442482,0,100,900,1790640851.4118469,2300.0,2300.0,performance,,32861568.0,31946016.0,29311604.0,0.0,0.0,11.02,12.03,13.31,,,
9,69,thread_local,ThreadLocal,1000,write-heavy,1,287155.31751766586,1991.0,14375.0,3384.557012222222,3323.2238035786786,0.981878512188727,0,100,900,1790640854.5686111,2300.0,2300.0,performance,,32861568.0,31950476.0,29316064.0,0.0,0.0,10.14,11.83,13.24,,,
9,70,disabled,Disabled,1000,read-heavy,1,297708.75108555774,1881.0,13746.0,3272.6352888888887,3228.206519013732,0.9864241609732683,0,100,900,1790640860.4133382,2398.670375,3089.363,performance,,32861568.0,31907200.0,29272720.0,0.0,0.0,16.13,13.04,13.62,,,
9,71,sharded_2key,Sharded-2key,2000,write-heavy,1,267130.7831719435,2199.0,45122.0,7213.940435,10858.365482120618,1.5051920070533016,0,100,900,1790640866.3035738,2831.07675,3177.589,performance,,32861568.0,31920844.0,29286224.0,0.0,0.0,15.88,13.04,13.62,,,
9,72,thread_local,ThreadLocal,100,write-heavy,1,295660.93141839834,319.0,710.0,331.6341111111111,136.88940751118855,0.41277239863098686,0,100,900,1790640876.1795838,2596.02275,3125.374,performance,,32861568.0,31962128.0,29327224.0,0.0,0.0,17.78,13.52,13.77,,,
9,73,thread_local,ThreadLocal,2000,read-heavy,1,281105.6248977393,2052.0,42127.0,6867.453009444444,10350.018385312535,1.5071116425665676,0,100,900,1790640878.8362358,2404.634125,3137.073,performance,,32861568.0,31953004.0,29318072.0,0.0,0.0,16.36,13.3,13.69,,,
9,74,global_mutex,GlobalMutex,1000,read-heavy,1,299050.9397130511,1856.0,14249.0,3249.401428888889,3218.13777559842,0.9903786423516286,0,100,900,1790640888.5154986,2410.802125,3186.417,performance,,32861568.0,31930756.0,29295512.0,0.0,0.0,14.8,13.07,13.62,,,
9,75,hdr_histogram,HdrHistogram,250,mixed,1,321680.0604402807,756.0,1488.0,763.5913955555556,296.608322075788,0.38843853375271314,0,100,900,1790640894.401573,2411.78175,3194.254,performance,,32861568.0,31910160.0,29274964.0,0.0,0.0,13.61,12.85,13.54,,,
9,76,sharded_2key,Sharded-2key,2000,read-heavy,1,280228.5724143355,2023.0,39383.0,6881.182199444444,10273.736923356879,1.4930191681578107,0,100,900,1790640897.5229526,2300.0,2300.0,performance,,32861568.0,31922496.0,29287304.0,0.0,0.0,13.61,12.85,13.54,,,
9,77,disabled,Disabled,500,write-heavy,1,298378.8620897601,1505.0,4589.0,1642.4992622222221,889.9756484913355,0.5418423429227246,0,100,900,1790640907.221655,2300.0,2300.0,performance,,32861568.0,31912272.0,29276652.0,0.0,0.0,15.82,13.34,13.69,,,
9,78,thread_local,ThreadLocal,3000,read-heavy,1,264680.77709579363,2191.0,76780.0,10880.866291851851,18505.438654786525,1.7007321070238997,0,100,900,1790640911.2410393,2300.0,2300.0,performance,,32861568.0,31924580.0,29288992.0,0.0,0.0,15.83,13.38,13.71,,,
9,79,sharded_2key,Sharded-2key,3000,mixed,1,259599.32347981713,2265.0,76967.0,11101.262155185184,18863.022468573636,1.6991781839656028,0,100,900,1790640925.1624863,2905.408625,3176.692,performance,,32861568.0,31969360.0,29333304.0,0.0,0.0,16.48,13.69,13.81,,,
9,80,thread_local,ThreadLocal,1500,mixed,1,282957.0460810094,2033.0,27347.0,5122.256805185185,6853.105130584522,1.3379073699794248,0,100,900,1790640939.1364665,2491.495375,3107.139,performance,,32861568.0,31935036.0,29298628.0,0.0,0.0,15.71,13.69,13.8,,,
9,81,disabled,Disabled,3000,read-heavy,1,264898.93594485923,2195.0,76875.0,10881.810988888888,18504.231222199094,1.7004735003294253,0,100,900,1790640946.806997,2644.40825,3235.758,performance,,32861568.0,31934648.0,29298088.0,0.0,0.0,18.05,14.21,13.97,,,
9,82,thread_local,ThreadLocal,2000,mixed,1,266451.60437925754,2195.0,44325.0,7243.085163888889,10863.499879883328,1.499844283765207,0,100,900,1790640960.7165713,2634.485125,3207.333,performance,,32861568.0,31957128.0,29320172.0,0.0,0.0,21.37,15.17,14.29,,,
9,83,disabled,Disabled,100,mixed,1,304122.8392427082,310.0,673.0,322.9028222222222,131.24345447921914,0.4064487686295204,0,100,900,1790640970.6017148,2489.043875,3105.664,performance,,32861568.0,31931652.0,29294548.0,0.0,0.0,22.96,15.69,14.47,,,
9,84,hdr_histogram,HdrHistogram,100,read-heavy,1,289481.0508261212,323.0,762.0,338.35086666666666,147.2360880731665,0.43515800483590655,0,100,900,1790640973.2534528,2364.831875,2818.655,performance,,32861568.0,31949776.0,29312632.0,0.0,0.0,22.96,15.69,14.47,,,
9,85,sharded_n,Sharded-N,100,mixed,1,287715.0074670196,330.0,703.0,340.63064444444444,140.54458030033052,0.41260110501670616,0,100,900,1790640976.0958188,2300.0,2300.0,performance,,32861568.0,31971564.0,29334396.0,0.0,0.0,21.12,15.43,14.39,,,
9,86,sharded_2key,Sharded-2key,100,read-heavy,1,296773.2321307594,317.0,708.0,330.2553222222222,133.59655268296723,0.4045250558992438,0,100,900,1790640978.7619169,2300.0,2300.0,performance,,32861568.0,31962496.0,29325300.0,0.0,0.0,19.43,15.18,14.32,,,
9,87,sharded_n,Sharded-N,750,read-heavy,1,296150.8261005324,1832.0,8782.0,2477.1039037037035,1881.248527959372,0.7594548315662402,0,100,900,1790640981.5897458,2300.0,2300.0,performance,,32861568.0,31969368.0,29332140.0,0.0,0.0,19.43,15.18,14.32,,,
9,88,sharded_2key,Sharded-2key,750,write-heavy,1,289498.4818152783,1919.0,8732.0,2535.4647822222223,1860.9133056412916,0.7339535215355205,0,100,900,1790640986.6476421,2300.0,2300.0,performance,,32861568.0,31921804.0,29284560.0,0.0,0.0,18.51,15.06,14.28,,,
9,89,global_mutex,GlobalMutex,250,read-heavy,1,305450.4737293845,777.0,1822.0,804.5884666666667,363.32048469541724,0.45156064217601743,0,100,900,1790640991.5872211,2412.638,3201.104,performance,,32861568.0,31957180.0,29319804.0,0.0,0.0,17.83,14.97,14.26,,,
9,90,thread_local,ThreadLocal,500,mixed,1,297480.10375225474,1519.0,4483.0,1646.74512,858.4670005123169,0.5213113979122141,0,100,900,1790640994.904127,2300.0,2300.0,performance,,32861568.0,31968916.0,29331540.0,0.0,0.0,16.4,14.72,14.18,,,
9,91,sharded_2key,Sharded-2key,1500,write-heavy,1,274263.204740047,2088.0,28765.0,5290.801896296296,7075.853335263642,1.3373876916875171,0,100,900,1790640998.931136,2300.0,2300.0,performance,,32861568.0,31945208.0,29307760.0,0.0,0.0,15.17,14.5,14.11,,,
9,92,global_mutex,GlobalMutex,500,read-heavy,1,299695.689396581,1495.0,4511.0,1637.7455777777777,870.3758431151768,0.5314475306330373,0,100,900,1790641006.7751882,2406.84325,3154.746,performance,,32861568.0,31913800.0,29276060.0,0.0,0.0,16.68,14.82,14.22,,,
9,93,sharded_2key,Sharded-2key,750,mixed,1,298093.2681380421,1827.0,8681.0,2456.4728814814816,1861.9549731270101,0.7579790467721663,0,100,900,1790641010.9544613,2379.500875,2936.007,performance,,32861568.0,31912680.0,29274976.0,0.0,0.0,16.38,14.79,14.21,,,
9,94,thread_local,ThreadLocal,2000,write-heavy,1,263813.60820404993,2192.0,41569.0,7299.328993888889,11151.394974788387,1.5277287794706207,0,100,900,1790641015.8261852,2998.331625,3182.03,performance,,32861568.0,31942700.0,29304820.0,0.0,0.0,17.39,15.03,14.29,,,
9,95,hdr_histogram,HdrHistogram,500,write-heavy,1,296171.6452318373,1522.0,4424.0,1658.7413355555555,883.3999489927529,0.5325724572341952,0,100,900,1790641025.800988,2408.420625,3167.365,performance,,32861568.0,31930344.0,29292144.0,0.0,0.0,18.9,15.42,14.43,,,
9,96,sharded_2key,Sharded-2key,1000,write-heavy,1,285305.085401094,1972.0,14666.0,3411.9551488888887,3394.360376189555,0.9948431993002419,0,100,900,1790641029.84085,2300.0,2300.0,performance,,32861568.0,31931308.0,29293164.0,0.0,0.0,17.39,15.17,14.35,,,
9,97,sharded_n,Sharded-N,2000,write-heavy,1,263958.0933056991,2210.0,42818.0,7294.9228,11060.900232900904,1.5162463724634485,0,100,900,1790641035.7138383,2300.0,2300.0,performance,,32861568.0,31922212.0,29283876.0,0.0,0.0,17.04,15.13,14.34,,,
9,98,sharded_n,Sharded-N,1500,read-heavy,1,275497.8273136286,2104.0,28658.0,5268.858058518518,7061.987632751946,1.3403260354175521,0,100,900,1790641045.675167,2408.669625,3169.357,performance,,32861568.0,31948272.0,29309680.0,0.0,0.0,25.0,16.94,14.94,,,
9,99,thread_local,ThreadLocal,100,read-heavy,1,292073.01757938165,324.0,718.0,336.4635333333333,136.36097595199374,0.4052771324163126,0,100,900,1790641053.6716506,2300.0,2300.0,performance,,32861568.0,31919012.0,29280280.0,0.0,0.0,22.41,16.66,14.87,,,
9,100,thread_local,ThreadLocal,1000,mixed,1,279927.9996072498,2045.0,14854.0,3474.651878888889,3442.599469452728,0.990775360941652,0,100,900,1790641056.5009227,2300.0,2300.0,performance,,32861568.0,31936640.0,29297896.0,0.0,0.0,22.41,16.66,14.87,,,
9,101,global_mutex,GlobalMutex,500,write-heavy,1,291381.847089511,1563.0,4405.0,1682.9687133333334,851.50748634996,0.505955624488967,0,100,900,1790641062.423036,2813.764375,3147.348,performance,,32861568.0,31908784.0,29269884.0,0.0,0.0,21.42,16.55,14.85,,,
9,102,thread_local,ThreadLocal,250,read-heavy,1,311998.4841033652,767.0,1635.0,785.7739422222222,336.98949704005406,0.428863161441858,0,100,900,1790641066.4807463,2300.0,2300.0,performance,,32861568.0,31925320.0,29286400.0,0.0,0.0,20.74,16.49,14.84,,,
9,103,sharded_2key,Sharded-2key,250,read-heavy,1,307605.606869852,781.0,1704.0,798.3733644444444,339.6936944927424,0.42548224880864033,0,100,900,1790641069.7733319,2412.110625,3196.885,performance,,32861568.0,31926596.0,29287708.0,0.0,0.0,19.08,16.22,14.76,,,
9,104,sharded_n,Sharded-N,1000,write-heavy,1,284039.2345717524,1980.0,14600.0,3419.3080044444446,3350.9452930617335,0.9800068577344151,0,100,900,1790641073.082766,2300.0,2300.0,performance,,32861568.0,31938276.0,29299344.0,0.0,0.0,19.08,16.22,14.76,,,
9,105,sharded_2key,Sharded-2key,1500,read-heavy,1,288017.5259663011,1966.0,25543.0,5041.387317777778,6549.480922989986,1.2991425792448277,0,100,900,1790641078.9723015,2409.768625,3178.149,performance,,32861568.0,31922940.0,29283688.0,0.0,0.0,16.15,15.68,14.6,,,
9,106,disabled,Disabled,1000,write-heavy,1,289907.1481906889,1914.0,13997.0,3350.7539133333335,3300.497523904466,0.985001468108748,0,100,900,1790641086.735199,2910.42475,3173.812,performance,,32861568.0,31935204.0,29295808.0,0.0,0.0,15.98,15.66,14.6,,,
9,107,sharded_2key,Sharded-2key,2000,mixed,1,275327.8328390895,2079.0,38963.0,6991.724477777778,10496.932736490277,1.501336725989892,0,100,900,1790641092.55141,2376.544375,2912.355,performance,,32861568.0,31896864.0,29257324.0,0.0,0.0,15.5,15.56,14.57,,,
9,108,sharded_n,Sharded-N,1000,mixed,1,288986.3627974377,1962.0,14311.0,3372.781578888889,3328.6888416030597,0.98692689216467,0,100,900,1790641102.2127912,2300.0,2300.0,performance,,32861568.0,31935484.0,29295632.0,0.0,0.0,15.84,15.63,14.6,,,
9,109,hdr_histogram,HdrHistogram,250,read-heavy,1,321075.3381019633,746.0,1606.0,763.9389377777778,321.76884413265935,0.4211970724632165,0,100,900,1790641108.0356014,2300.0,2300.0,performance,,32861568.0,31914640.0,29274736.0,0.0,0.0,15.77,15.62,14.6,,,
9,110,hdr_histogram,HdrHistogram,750,read-heavy,1,307287.90210534004,1766.0,8330.0,2378.0430311111113,1807.1996255924776,0.7599524491144661,0,100,900,1790641111.318463,2587.231875,3199.559,performance,,32861568.0,31930292.0,29290424.0,0.0,0.0,14.59,15.37,14.53,,,
9,111,disabled,Disabled,250,mixed,1,307125.0279207363,780.0,1702.0,800.3485733333333,343.25900714886694,0.42888688577183814,0,100,900,1790641116.2923477,2406.41725,3151.338,performance,,32861568.0,31896316.0,29256292.0,0.0,0.0,15.34,15.52,14.58,,,
9,112,disabled,Disabled,500,read-heavy,1,312209.9131945295,1468.0,4022.0,1567.3974422222223,797.8814737731759,0.5090486001061458,0,100,900,1790641119.4354436,2514.084125,3200.51,performance,,32861568.0,31913372.0,29273352.0,0.0,0.0,14.11,15.26,14.5,,,
9,113,global_mutex,GlobalMutex,750,read-heavy,1,301201.6072663943,1858.0,8348.0,2434.339285925926,1776.2005052398467,0.7296437745999118,0,100,900,1790641123.5563657,2707.746625,3176.766,performance,,32861568.0,31915324.0,29275276.0,0.0,0.0,12.98,15.0,14.43,,,
9,114,thread_local,ThreadLocal,100,mixed,1,295911.1578171437,318.0,684.0,331.19396666666665,133.16004800082067,0.402060609198358,0,100,900,1790641128.5739095,2300.0,2300.0,performance,,32861568.0,31920084.0,29279812.0,0.0,0.0,11.94,14.76,14.35,,,
9,115,sharded_n,Sharded-N,100,read-heavy,1,302269.6348788018,314.0,633.0,324.6586222222222,127.6284037752058,0.3931157068973414,0,100,900,1790641131.2367277,2300.0,2300.0,performance,,32861568.0,31941616.0,29301324.0,0.0,0.0,11.94,14.76,14.35,,,
9,116,sharded_2key,Sharded-2key,500,write-heavy,1,298334.5153479424,1525.0,4391.0,1647.6274266666667,858.4830620347672,0.5210419832422757,0,100,900,1790641134.0612938,2403.85225,3130.818,performance,,32861568.0,31944976.0,29304652.0,0.0,0.0,10.99,14.51,14.27,,,
9,117,thread_local,ThreadLocal,3000,write-heavy,1,252807.5797405258,2335.0,79285.0,11407.975033333334,19263.4549537638,1.6885954691763687,0,100,900,1790641138.0841882,2370.86975,2866.958,performance,,32861568.0,31959592.0,29319252.0,0.0,0.0,10.99,14.51,14.27,,,
9,118,sharded_2key,Sharded-2key,1000,mixed,1,292733.8765178897,1916.0,13880.0,3322.252461111111,3254.176756831194,0.9795091718414591,0,100,900,1790641152.3657076,2300.0,2300.0,performance,,32861568.0,31952460.0,29311596.0,0.0,0.0,16.25,15.58,14.63,,,
9,119,global_mutex,GlobalMutex,1500,read-heavy,1,281481.5124452201,2022.0,26849.0,5166.98475037037,6783.9107317632515,1.3129341500914977,0,100,900,1790641158.1446962,2518.876875,3182.636,performance,,32861568.0,31940212.0,29299328.0,0.0,0.0,16.47,15.63,14.65,,,
9,120,sharded_n,Sharded-N,3000,mixed,1,251931.13401988093,2344.0,79045.0,11435.69002925926,19315.545847208272,1.689058185189322,0,100,900,1790641166.0257306,2713.49075,3166.562,performance,,32861568.0,31924340.0,29283180.0,0.0,0.0,17.86,15.93,14.76,,,
9,121,disabled,Disabled,1500,mixed,1,283293.54489135393,2039.0,26735.0,5124.029602222222,6807.678942754053,1.3285791596132965,0,100,900,1790641180.362053,2300.0,2300.0,performance,,32861568.0,31946580.0,29305004.0,0.0,0.0,15.89,15.6,14.67,,,
9,122,hdr_histogram,HdrHistogram,1000,mixed,1,294199.52932560217,1919.0,14017.0,3302.201557777778,3244.718663607714,0.9825925543416111,0,100,900,1790641188.0549653,2597.765875,3124.215,performance,,32861568.0,31901008.0,29259320.0,0.0,0.0,17.58,15.96,14.79,,,
9,123,hdr_histogram,HdrHistogram,1500,write-heavy,1,275344.65614153806,2095.0,28677.0,5275.474451111111,7098.550314125606,1.3455757164420579,0,100,900,1790641193.8326035,2404.270375,3134.163,performance,,32861568.0,31920260.0,29278452.0,0.0,0.0,20.47,16.68,15.04,,,
9,124,sharded_n,Sharded-N,2000,mixed,1,270390.70915339293,2152.0,44822.0,7116.771842222222,10767.090240016278,1.5129177215064742,0,100,900,1790641201.6708872,2633.573375,3232.226,performance,,32861568.0,31937176.0,29295216.0,0.0,0.0,24.84,17.64,15.36,,,
9,125,thread_local,ThreadLocal,750,read-heavy,1,297175.81159943575,1826.0,8648.0,2472.349848888889,1857.965572855656,0.751497840684098,0,100,900,1790641211.4521613,2367.383625,2839.069,performance,,32861568.0,31926184.0,29283916.0,0.0,0.0,22.88,17.46,15.32,,,
9,126,global_mutex,GlobalMutex,2000,read-heavy,1,269054.1648365005,2169.0,42244.0,7179.515996666667,10773.384759683568,1.5005725684970235,0,100,900,1790641216.4878407,2754.16125,3153.248,performance,,32861568.0,31927624.0,29285368.0,0.0,0.0,22.01,17.37,15.31,,,
9,127,sharded_n,Sharded-N,750,mixed,1,305151.7386030027,1777.0,8523.0,2403.8789451851853,1821.2068518213746,0.7576117156270014,0,100,900,1790641226.4770749,2300.0,2300.0,performance,,32861568.0,31939992.0,29297464.0,0.0,0.0,20.56,17.21,15.27,,,
9,128,sharded_2key,Sharded-2key,750,read-heavy,1,299515.2644959397,1862.0,8843.0,2446.184411851852,1792.543426252949,0.7327916152061191,0,100,900,1790641231.3148592,2300.0,2300.0,performance,,32861568.0,31928248.0,29285688.0,0.0,0.0,20.28,17.2,15.28,,,
9,129,hdr_histogram,HdrHistogram,1000,write-heavy,1,279806.22941077343,2025.0,15340.0,3475.6060244444443,3517.944680237695,1.0121816614125643,0,100,900,1790641236.3503,2412.343625,3198.749,performance,,32861568.0,31898812.0,29256096.0,0.0,0.0,19.53,17.1,15.26,,,
9,130,hdr_histogram,HdrHistogram,500,read-heavy,1,308228.9214939622,1489.0,4035.0,1588.57034,783.8157422771181,0.4934095283921253,0,100,900,1790641242.299412,2411.84775,3194.782,performance,,32861568.0,31883888.0,29240984.0,0.0,0.0,19.41,17.12,15.28,,,
9,131,hdr_histogram,HdrHistogram,2000,mixed,1,269664.19549648865,2142.0,41893.0,7148.183315,10753.64334680506,1.5043883002047855,0,100,900,1790641246.444476,2808.485875,3157.79,performance,,32861568.0,31918912.0,29276064.0,0.0,0.0,18.82,17.03,15.26,,,
9,132,sharded_2key,Sharded-2key,250,mixed,1,302945.6948878071,791.0,1712.0,810.50812,350.08385858802416,0.431931340290612,0,100,900,1790641256.2578955,2300.0,2300.0,performance,,32861568.0,31938580.0,29295316.0,0.0,0.0,17.76,16.86,15.22,,,
9,133,hdr_histogram,HdrHistogram,2000,write-heavy,1,267218.4969719604,2179.0,43572.0,7202.196486111111,10807.894934013315,1.5006387224863302,0,100,900,1790641259.4152186,2819.185375,3155.616,performance,,32861568.0,31950812.0,29307556.0,0.0,0.0,16.34,16.58,15.14,,,
9,134,sharded_2key,Sharded-2key,500,read-heavy,1,301967.58191056707,1509.0,4228.0,1624.9789044444444,825.1250910661977,0.5077758786956655,0,100,900,1790641269.3042624,2397.06625,3076.53,performance,,32861568.0,31911832.0,29268324.0,0.0,0.0,14.49,16.18,15.03,,,
9,135,disabled,Disabled,2000,read-heavy,1,281763.14682286634,2034.0,37840.0,6834.295511111111,10263.274408095356,1.501731142794375,0,100,900,1790641273.4684062,2400.356625,3102.853,performance,,32861568.0,31934692.0,29291224.0,0.0,0.0,13.33,15.92,14.94,,,
9,136,sharded_n,Sharded-N,3000,write-heavy,1,251705.00030995236,2339.0,80462.0,11450.36072037037,19315.630438758737,1.6869014793914683,0,100,900,1790641283.1392827,2674.7495,3183.912,performance,,32861568.0,31926556.0,29282728.0,0.0,0.0,13.94,16.0,14.98,,,
9,137,hdr_histogram,HdrHistogram,500,mixed,1,296039.68198525294,1533.0,4407.0,1654.2439044444445,863.0098319006637,0.5216944306592406,0,100,900,1790641297.4731092,2594.583125,3165.286,performance,,32861568.0,31937464.0,29293224.0,0.0,0.0,13.94,15.88,14.95,,,
9,138,thread_local,ThreadLocal,500,write-heavy,1,296697.3997283627,1547.0,4349.0,1652.1713,849.9919752545375,0.5144696408020993,0,100,900,1790641301.5101612,2399.147625,3093.181,performance,,32861568.0,31928276.0,29284184.0,0.0,0.0,14.02,15.86,14.95,,,
9,139,sharded_n,Sharded-N,1000,read-heavy,1,289953.70668385806,1933.0,14429.0,3345.8356844444443,3323.177838863694,0.9932280459300222,0,100,900,1790641305.5429707,2300.0,2300.0,performance,,32861568.0,31939064.0,29294840.0,0.0,0.0,14.02,15.83,14.95,,,
9,140,disabled,Disabled,250,read-heavy,1,320127.5861807614,746.0,1643.0,767.8871244444445,324.4142201492521,0.4224764419431583,0,100,900,1790641311.534238,2411.57925,3192.634,performance,,32861568.0,31912692.0,29268316.0,0.0,0.0,14.34,15.87,14.96,,,
9,141,global_mutex,GlobalMutex,3000,write-heavy,1,251226.67703402616,2336.0,79888.0,11480.32001148148,19520.279001915962,1.7003253378297565,0,100,900,1790641314.825575,2923.194875,3169.868,performance,,32861568.0,31942276.0,29297936.0,0.0,0.0,13.19,15.6,14.88,,,
9,142,disabled,Disabled,100,read-heavy,1,295111.4048176399,317.0,752.0,332.34046666666666,137.2533989020917,0.41299032970232646,0,100,900,1790641329.1758041,2300.0,2300.0,performance,,32861568.0,31937984.0,29293088.0,0.0,0.0,12.11,15.26,14.78,,,
9,143,disabled,Disabled,100,write-heavy,1,286726.5350609924,327.0,783.0,342.31533333333334,145.77393765236852,0.42584694127744355,0,100,900,1790641332.0011568,2805.094,3205.715,performance,,32861568.0,31951848.0,29306928.0,0.0,0.0,12.11,15.26,14.78,,,
9,144,sharded_2key,Sharded-2key,250,write-heavy,1,302928.06429862237,795.0,1652.0,811.1132622222223,340.12903842439044,0.41933605855800277,0,100,900,1790641334.6670756,2827.008375,3224.404,performance,,32861568.0,31963012.0,29318044.0,0.0,0.0,11.14,15.01,14.7,,,
10,1,disabled,Disabled,2000,mixed,1,275199.62155330833,2105.0,43302.0,7011.564242222223,10771.234903208751,1.5362099712852308,0,100,900,1790641337.8248827,2300.0,2300.0,performance,,32861568.0,31958320.0,29313336.0,0.0,0.0,11.14,15.01,14.7,,,
10,2,thread_local,ThreadLocal,500,read-heavy,1,303913.2257988882,1482.0,4405.0,1609.0414377777777,846.1394389897631,0.5258655365385451,0,100,900,1790641347.4880195,2401.99775,3115.982,performance,,32861568.0,31941060.0,29295892.0,0.0,0.0,11.46,14.95,14.69,,,
10,3,thread_local,ThreadLocal,2000,write-heavy,1,266087.5543047834,2178.0,44659.0,7257.02763,11092.429159239819,1.5285086022526029,0,100,900,1790641351.6557794,2300.0,2300.0,performance,,32861568.0,31943596.0,29298416.0,0.0,0.0,11.83,14.97,14.7,,,
10,4,disabled,Disabled,750,mixed,1,296549.28660126624,1833.0,8533.0,2464.496925925926,1841.2907941266026,0.7471264316691403,0,100,900,1790641361.566291,2366.950125,2835.601,performance,,32861568.0,31938616.0,29293080.0,0.0,0.0,12.64,15.04,14.72,,,
10,5,global_mutex,GlobalMutex,1500,read-heavy,1,289899.875081199,1987.0,27664.0,5005.992128148148,6677.964613571286,1.3339942298394394,0,100,900,1790641366.4542944,2379.78375,2938.27,performance,,32861568.0,31910648.0,29265080.0,0.0,0.0,13.14,15.1,14.75,,,
10,6,sharded_n,Sharded-N,100,mixed,1,284395.9165296721,332.0,748.0,346.2502777777778,143.2798653999647,0.41380433344206935,0,100,900,1790641374.179755,2300.0,2300.0,performance,,32861568.0,31931920.0,29286112.0,0.0,0.0,11.79,14.75,14.64,,,
10,7,sharded_2key,Sharded-2key,750,write-heavy,1,294889.4245938036,1862.0,8574.0,2484.274219259259,1847.8858097229916,0.7438332674377546,0,100,900,1790641376.8472316,2374.980625,2899.845,performance,,32861568.0,31955152.0,29309344.0,0.0,0.0,11.79,14.75,14.64,,,
10,8,thread_local,ThreadLocal,2000,mixed,1,272705.51735539257,2115.0,42211.0,7059.802772222222,10743.757469734099,1.5218211919470201,0,100,900,1790641381.7473035,2500.7935,3106.346,performance,,32861568.0,31911176.0,29265316.0,0.0,0.0,11.56,14.66,14.6,,,
10,9,sharded_2key,Sharded-2key,100,read-heavy,1,291725.3324959736,325.0,719.0,337.08824444444446,134.42718490901314,0.39878929961073767,0,100,900,1790641391.4578342,2300.0,2300.0,performance,,32861568.0,31951536.0,29305284.0,0.0,0.0,11.32,14.5,14.56,,,
10,10,thread_local,ThreadLocal,100,read-heavy,1,290317.2331890274,325.0,730.0,338.74024444444444,139.59394725435757,0.4120973210115631,0,100,900,1790641394.287401,2383.190375,2965.523,performance,,32861568.0,31955864.0,29309596.0,0.0,0.0,10.41,14.26,14.48,,,
10,11,sharded_n,Sharded-N,1000,mixed,1,286458.3343196916,1997.0,14598.0,3395.8280222222224,3358.7176532039116,0.9890717760806904,0,100,900,1790641397.1067414,2814.717125,3186.37,performance,,32861568.0,31959964.0,29313712.0,0.0,0.0,10.41,14.26,14.48,,,
10,12,thread_local,ThreadLocal,1000,read-heavy,1,293022.16111041745,1949.0,14425.0,3316.132978888889,3317.2661722090966,1.0003417213143808,0,100,900,1790641402.960843,2389.24975,3013.998,performance,,32861568.0,31934352.0,29288056.0,0.0,0.0,10.78,14.27,14.48,,,
10,13,hdr_histogram,HdrHistogram,500,write-heavy,1,293695.6911959968,1539.0,4411.0,1670.2409444444445,855.964054410209,0.5124793864366196,0,100,900,1790641408.8871953,2383.94925,2971.594,performance,,32861568.0,31919864.0,29273380.0,0.0,0.0,20.91,16.42,15.18,,,
10,14,hdr_histogram,HdrHistogram,500,mixed,1,296979.7507801896,1515.0,4503.0,1651.4632911111112,875.6631746886616,0.5302347193557732,0,100,900,1790641412.9374108,2411.813875,3194.511,performance,,32861568.0,31935960.0,29289492.0,0.0,0.0,20.91,16.42,15.18,,,
10,15,global_mutex,GlobalMutex,1000,write-heavy,1,292008.6962227307,1964.0,14319.0,3332.682242222222,3325.535942780773,0.99785569132547,0,100,900,1790641416.9732065,2408.3775,3167.02,performance,,32861568.0,31911108.0,29264592.0,0.0,0.0,24.28,17.19,15.44,,,
10,16,thread_local,ThreadLocal,1500,write-heavy,1,276996.9482874826,2094.0,27335.0,5241.813362222222,6917.05099277436,1.3195912396701464,0,100,900,1790641422.7840333,2300.0,2300.0,performance,,32861568.0,31926092.0,29279272.0,0.0,0.0,23.77,17.2,15.45,,,
10,17,global_mutex,GlobalMutex,3000,mixed,1,254089.2893788431,2318.0,81279.0,11329.975458888888,19174.04401604823,1.6923288215073147,0,100,900,1790641430.5806756,2300.0,2300.0,performance,,32861568.0,31914700.0,29267748.0,0.0,0.0,22.12,17.07,15.42,,,
10,18,disabled,Disabled,500,read-heavy,1,300624.75074116327,1518.0,4305.0,1630.4957022222222,827.7997341924467,0.5076982006540885,0,100,900,1790641444.8050292,2409.082875,3172.663,performance,,32861568.0,31953396.0,29306064.0,0.0,0.0,21.38,17.2,15.5,,,
10,19,disabled,Disabled,3000,read-heavy,1,263716.62222527986,2223.0,77103.0,10946.076458518519,18597.06780196908,1.6989711219764376,0,100,900,1790641448.9784584,2406.328125,3150.625,performance,,32861568.0,31945384.0,29298164.0,0.0,0.0,19.67,16.91,15.41,,,
10,20,global_mutex,GlobalMutex,1500,write-heavy,1,274426.12143649085,2107.0,27036.0,5280.2860037037035,6818.290636285622,1.2912729786801567,0,100,900,1790641462.9296923,2620.092125,3176.175,performance,,32861568.0,31936948.0,29289120.0,0.0,0.0,18.64,16.78,15.39,,,
10,21,hdr_histogram,HdrHistogram,100,read-heavy,1,287789.4440334829,327.0,772.0,341.2619111111111,148.3135202172735,0.43460320471857244,0,100,900,1790641470.786724,2300.0,2300.0,performance,,32861568.0,31935712.0,29287872.0,0.0,0.0,21.04,17.34,15.58,,,
10,22,global_mutex,GlobalMutex,250,write-heavy,1,301473.64740464883,793.0,1758.0,813.5158533333333,369.08071297947987,0.45368595027029085,0,100,900,1790641473.623466,2527.293,3212.661,performance,,32861568.0,31951936.0,29304080.0,0.0,0.0,19.35,17.05,15.5,,,
10,23,global_mutex,GlobalMutex,2000,write-heavy,1,267737.05947909504,2180.0,40914.0,7207.312336666667,10905.42242804105,1.5131052906588387,0,100,900,1790641476.7887614,2595.285375,3098.919,performance,,32861568.0,31948420.0,29300576.0,0.0,0.0,19.35,17.05,15.5,,,
10,24,sharded_n,Sharded-N,750,mixed,1,288058.25677894615,1879.0,8667.0,2540.438788148148,1901.4156132625835,0.7484595268082093,0,100,900,1790641486.6667404,2300.0,2300.0,performance,,32861568.0,31949260.0,29300964.0,0.0,0.0,26.29,18.57,16.01,,,
10,25,disabled,Disabled,1500,write-heavy,1,279865.9109515608,2034.0,28731.0,5177.15259925926,6943.212530808946,1.3411257245541444,0,100,900,1790641491.6219835,2300.0,2300.0,performance,,32861568.0,31926356.0,29278108.0,0.0,0.0,24.99,18.43,15.97,,,
10,26,sharded_2key,Sharded-2key,2000,write-heavy,1,269802.4439324718,2160.0,43129.0,7154.97238,10819.824742821003,1.5122105534698098,0,100,900,1790641499.3691275,2300.0,2300.0,performance,,32861568.0,31943352.0,29294776.0,0.0,0.0,22.1,18.04,15.87,,,
10,27,disabled,Disabled,500,write-heavy,1,295798.0928441628,1549.0,4294.0,1658.3256888888889,822.7390887984984,0.4961263606485828,0,100,900,1790641509.1771407,2300.0,2300.0,performance,,32861568.0,31918076.0,29269296.0,0.0,0.0,19.96,17.72,15.79,,,
10,28,global_mutex,GlobalMutex,3000,write-heavy,1,250422.92144098217,2375.0,81487.0,11508.727939259259,19651.40554054377,1.707521947191724,0,100,900,1790641513.21278,2300.0,2300.0,performance,,32861568.0,31927552.0,29278844.0,0.0,0.0,19.96,17.72,15.79,,,
10,29,sharded_n,Sharded-N,1500,mixed,1,279455.4698305362,2023.0,28207.0,5205.133991111111,6797.508742679872,1.3059238732928076,0,100,900,1790641527.56001,2300.0,2300.0,performance,,32861568.0,31951264.0,29302000.0,0.0,0.0,19.38,17.66,15.8,,,
10,30,sharded_2key,Sharded-2key,750,mixed,1,291833.00081261527,1870.0,8753.0,2510.6500755555558,1885.719421626034,0.751088110599707,0,100,900,1790641535.312047,2300.0,2300.0,performance,,32861568.0,31935108.0,29285784.0,0.0,0.0,17.58,17.34,15.72,,,
10,31,sharded_2key,Sharded-2key,1500,write-heavy,1,275214.38793094805,2090.0,28465.0,5280.6753288888885,7002.806524449118,1.3261194995532104,0,100,900,1790641540.2284517,2603.095,3232.176,performance,,32861568.0,31916532.0,29267180.0,0.0,0.0,16.17,17.05,15.64,,,
10,32,sharded_n,Sharded-N,500,read-heavy,1,302811.43255815736,1516.0,4336.0,1621.209111111111,816.6780112893864,0.5037462506793269,0,100,900,1790641548.060892,2935.3135,3207.428,performance,,32861568.0,31937148.0,29287508.0,0.0,0.0,15.67,16.93,15.6,,,
10,33,hdr_histogram,HdrHistogram,1500,write-heavy,1,276731.46657971595,2091.0,28066.0,5245.595474074074,6902.997419244621,1.3159606861341329,0,100,900,1790641552.2272155,2404.2015,3133.612,performance,,32861568.0,31954468.0,29304896.0,0.0,0.0,14.5,16.67,15.53,,,
10,34,sharded_n,Sharded-N,100,write-heavy,1,297212.2550533043,320.0,638.0,329.5370888888889,125.33869332445356,0.38034775917655333,0,100,900,1790641560.0183637,2950.250125,3202.418,performance,,32861568.0,31883732.0,29233788.0,0.0,0.0,13.37,16.37,15.44,,,
10,35,hdr_histogram,HdrHistogram,3000,write-heavy,1,250430.6978560854,2353.0,82744.0,11519.170121851852,19430.54363108924,1.68680064844511,0,100,900,1790641562.6768947,2494.487375,3125.081,performance,,32861568.0,31921244.0,29271256.0,0.0,0.0,13.37,16.37,15.44,,,
10,36,disabled,Disabled,750,read-heavy,1,302988.6849670103,1792.0,8385.0,2418.6444074074075,1814.7641130324919,0.7503228285541045,0,100,900,1790641577.0930758,2300.0,2300.0,performance,,32861568.0,31955700.0,29305388.0,0.0,0.0,13.59,16.27,15.42,,,
10,37,global_mutex,GlobalMutex,100,write-heavy,1,286651.7333429003,328.0,788.0,342.81154444444445,144.76052056235753,0.4222743455065213,0,100,900,1790641582.096591,2823.346625,3198.377,performance,,32861568.0,31921376.0,29271080.0,0.0,0.0,13.46,16.19,15.4,,,
10,38,sharded_2key,Sharded-2key,1000,mixed,1,286442.7769874839,1958.0,14351.0,3388.785521111111,3322.048007903047,0.9803063626209717,0,100,900,1790641584.7683384,2804.655875,3127.002,performance,,32861568.0,31946328.0,29296016.0,0.0,0.0,12.38,15.93,15.32,,,
10,39,disabled,Disabled,250,mixed,1,312551.2597088892,767.0,1597.0,786.13664,333.7821221605167,0.4245853776266129,0,100,900,1790641590.6191554,2401.15175,3109.214,performance,,32861568.0,31931516.0,29281060.0,0.0,0.0,12.11,15.81,15.29,,,
10,40,sharded_2key,Sharded-2key,1000,write-heavy,1,280125.89975948783,2043.0,15085.0,3484.315537777778,3440.332895613586,0.9873769635134012,0,100,900,1790641593.755033,2300.0,2300.0,performance,,32861568.0,31963880.0,29313412.0,0.0,0.0,11.14,15.55,15.2,,,
10,41,sharded_n,Sharded-N,1500,write-heavy,1,275436.4198924143,2073.0,27377.0,5276.5094592592595,6830.40535702859,1.2944931511574458,0,100,900,1790641599.6818638,2300.0,2300.0,performance,,32861568.0,31924240.0,29273548.0,0.0,0.0,10.25,15.29,15.12,,,
10,42,hdr_histogram,HdrHistogram,750,mixed,1,297990.4575120601,1806.0,8286.0,2455.3471777777777,1835.1845649671125,0.7474236562456532,0,100,900,1790641607.478594,2410.628625,3185.029,performance,,32861568.0,31902404.0,29251472.0,0.0,0.0,10.07,15.17,15.08,,,
10,43,disabled,Disabled,100,read-heavy,1,294391.0227956651,318.0,756.0,333.9544222222222,146.9913946653658,0.44015405960863063,0,100,900,1790641612.3642435,2619.007,3215.067,performance,,32861568.0,31923488.0,29272512.0,0.0,0.0,11.18,15.32,15.13,,,
10,44,sharded_2key,Sharded-2key,100,mixed,1,287772.5611433718,327.0,720.0,340.70233333333334,144.82989889328906,0.4250921837731932,0,100,900,1790641615.1888814,2501.16725,3112.434,performance,,32861568.0,31941220.0,29290248.0,0.0,0.0,10.29,15.06,15.05,,,
10,45,thread_local,ThreadLocal,100,mixed,1,288784.1807362854,328.0,704.0,339.95366666666666,136.3520377009531,0.40109006335457414,0,100,900,1790641617.8554163,2412.144,3197.152,performance,,32861568.0,31955104.0,29304096.0,0.0,0.0,10.29,15.06,15.05,,,
10,46,hdr_histogram,HdrHistogram,100,mixed,1,284369.3253311215,330.0,786.0,345.0182111111111,146.1240326794304,0.4235255646617796,0,100,900,1790641620.5214396,2406.399125,3151.193,performance,,32861568.0,31953504.0,29302472.0,0.0,0.0,10.59,15.04,15.04,,,
10,47,thread_local,ThreadLocal,250,write-heavy,1,298162.3933656986,802.0,1779.0,824.7537155555556,366.82141996312635,0.44476479832047167,0,100,900,1790641623.1944325,2508.323125,3166.305,performance,,32861568.0,31975912.0,29324852.0,0.0,0.0,10.59,15.04,15.04,,,
10,48,hdr_histogram,HdrHistogram,2000,mixed,1,282538.91014856315,2012.0,38387.0,6806.2046011111115,10148.695105809877,1.4910946262404607,0,100,900,1790641626.365871,2300.0,2300.0,performance,,32861568.0,31947292.0,29296216.0,0.0,0.0,9.74,14.79,14.96,,,
10,49,disabled,Disabled,750,write-heavy,1,293463.4733727348,1803.0,8851.0,2495.868271111111,1920.5084056108112,0.7694750671900801,0,100,900,1790641635.867246,2608.546125,3189.36,performance,,32861568.0,31916888.0,29265316.0,0.0,0.0,11.81,15.08,15.06,,,
10,50,sharded_n,Sharded-N,250,write-heavy,1,298977.5386745883,789.0,1899.0,819.4234044444445,376.34082652339333,0.45927517383829936,0,100,900,1790641640.7774935,2704.549,3150.775,performance,,32861568.0,31884200.0,29232704.0,0.0,0.0,12.46,15.16,15.08,,,
10,51,disabled,Disabled,3000,write-heavy,1,252451.97319277085,2330.0,75984.0,11435.969525925926,19393.96870957386,1.6958744657028635,0,100,900,1790641643.9464796,2523.070875,3192.465,performance,,32861568.0,31934476.0,29282948.0,0.0,0.0,11.46,14.91,15.0,,,
10,52,thread_local,ThreadLocal,3000,write-heavy,1,252515.45361725747,2332.0,80435.0,11415.57866111111,19393.222511601813,1.6988383232527449,0,100,900,1790641658.2853541,2409.27525,3174.202,performance,,32861568.0,31936528.0,29284528.0,0.0,0.0,11.39,14.78,14.96,,,
10,53,sharded_n,Sharded-N,250,mixed,1,300657.1206124483,797.0,1683.0,816.8026933333333,338.39772159586227,0.4142955506364421,0,100,900,1790641672.591678,2407.4835,3159.868,performance,,32861568.0,31966692.0,29314388.0,0.0,0.0,12.51,14.83,14.97,,,
10,54,disabled,Disabled,100,mixed,1,288091.0091021394,324.0,818.0,340.60571111111113,147.1453755843009,0.4320108876163256,0,100,900,1790641675.7556417,2398.25825,3086.066,performance,,32861568.0,31961248.0,29308988.0,0.0,0.0,12.15,14.72,14.93,,,
10,55,disabled,Disabled,250,read-heavy,1,312695.7192908014,770.0,1651.0,786.40832,333.945268411639,0.42464615380930737,0,100,900,1790641678.4214258,2674.9635,3088.499,performance,,32861568.0,31958220.0,29305912.0,0.0,0.0,12.15,14.72,14.93,,,
10,56,thread_local,ThreadLocal,1000,write-heavy,1,288600.6616479933,1978.0,14787.0,3373.663308888889,3400.518465611323,1.0079602361775926,0,100,900,1790641681.7099195,2607.338375,3197.552,performance,,32861568.0,31955684.0,29303408.0,0.0,0.0,11.17,14.47,14.85,,,
10,57,sharded_2key,Sharded-2key,3000,mixed,1,254646.71780853395,2295.0,82145.0,11310.95990037037,19451.86232431495,1.7197357691700428,0,100,900,1790641687.5456064,2300.0,2300.0,performance,,32861568.0,31920716.0,29268084.0,0.0,0.0,12.28,14.65,14.91,,,
10,58,global_mutex,GlobalMutex,3000,read-heavy,1,262741.87238033616,2219.0,74718.0,10971.47209888889,18398.70571874169,1.6769587119129599,0,100,900,1790641701.7373655,2408.54525,3168.362,performance,,32861568.0,31944468.0,29291516.0,0.0,0.0,14.78,15.09,15.05,,,
10,59,thread_local,ThreadLocal,750,read-heavy,1,296658.46163419547,1817.0,8687.0,2457.1150992592593,1879.3493178223657,0.7648601070372848,0,100,900,1790641715.7580106,2820.41125,3178.805,performance,,32861568.0,31953092.0,29299708.0,0.0,0.0,19.5,16.19,15.41,,,
10,60,hdr_histogram,HdrHistogram,1000,write-heavy,1,282771.5562770958,2025.0,14549.0,3439.8772222222224,3413.3815514697676,0.9922974952183502,0,100,900,1790641720.8170598,2300.0,2300.0,performance,,32861568.0,31938344.0,29285052.0,0.0,0.0,18.82,16.1,15.39,,,
10,61,sharded_2key,Sharded-2key,2000,mixed,1,274056.45008120517,2105.0,43990.0,7034.603061111111,10816.316361393323,1.5375873048457254,0,100,900,1790641726.7189715,2413.337125,3206.697,performance,,32861568.0,31919848.0,29266324.0,0.0,0.0,18.35,16.05,15.38,,,
10,62,thread_local,ThreadLocal,750,write-heavy,1,292358.28509050584,1874.0,8815.0,2508.1712607407408,1873.8903543369674,0.747114195776069,0,100,900,1790641736.4189932,2965.6435,3093.163,performance,,32861568.0,31927952.0,29274176.0,0.0,0.0,18.77,16.22,15.44,,,
10,63,thread_local,ThreadLocal,500,mixed,1,303353.63756079116,1502.0,4182.0,1610.8178777777778,803.8920016264299,0.49905828133435437,0,100,900,1790641741.3437386,2401.989125,3115.913,performance,,32861568.0,31935364.0,29281588.0,0.0,0.0,17.98,16.1,15.4,,,
10,64,disabled,Disabled,500,mixed,1,307289.759578049,1475.0,4175.0,1592.8501022222222,816.4007043479319,0.5125408242802962,0,100,900,1790641745.337013,2300.0,2300.0,performance,,32861568.0,31934636.0,29280816.0,0.0,0.0,16.54,15.83,15.32,,,
10,65,global_mutex,GlobalMutex,2000,read-heavy,1,274592.0711257853,2111.0,42436.0,7004.784139444444,10766.543893712236,1.5370272201658652,0,100,900,1790641749.3102472,2404.13475,3133.078,performance,,32861568.0,31937364.0,29283448.0,0.0,0.0,15.22,15.57,15.24,,,
10,66,hdr_histogram,HdrHistogram,250,read-heavy,1,305593.34175726055,783.0,1723.0,803.4114622222222,348.8988513891303,0.4342716874166596,0,100,900,1790641759.1612036,2405.223125,3141.785,performance,,32861568.0,31906460.0,29252152.0,0.0,0.0,13.69,15.23,15.13,,,
10,67,disabled,Disabled,3000,mixed,1,258059.9908482293,2265.0,81052.0,11168.699158148149,19111.56988879442,1.7111724130246209,0,100,900,1790641762.4918146,2410.367125,3182.937,performance,,32861568.0,31929956.0,29275700.0,0.0,0.0,13.69,15.23,15.13,,,
10,68,global_mutex,GlobalMutex,750,mixed,1,293517.3587855341,1890.0,8829.0,2500.728017777778,1856.9981660923515,0.7425830209806407,0,100,900,1790641776.5235794,3027.8755,3177.923,performance,,32861568.0,31954728.0,29300040.0,0.0,0.0,15.46,15.59,15.25,,,
10,69,thread_local,ThreadLocal,2000,read-heavy,1,275657.5965107874,2084.0,41115.0,7001.903381111111,10465.120864800545,1.494610864387544,0,100,900,1790641781.4338152,2300.0,2300.0,performance,,32861568.0,31951184.0,29296540.0,0.0,0.0,15.59,15.61,15.26,,,
10,70,thread_local,ThreadLocal,1500,mixed,1,284179.7290107152,2034.0,27692.0,5116.795271111111,6768.2529497627675,1.3227523461756645,0,100,900,1790641791.2541018,2401.262125,3110.097,performance,,32861568.0,31938948.0,29284008.0,0.0,0.0,18.09,16.14,15.44,,,
10,71,disabled,Disabled,250,write-heavy,1,312735.7554148643,768.0,1591.0,784.6687288888888,326.65150346836026,0.4162922408427149,0,100,900,1790641798.9285877,2399.662375,3097.299,performance,,32861568.0,31920136.0,29265004.0,0.0,0.0,15.9,15.74,15.31,,,
10,72,sharded_2key,Sharded-2key,1500,read-heavy,1,286275.8957684426,2010.0,26474.0,5068.403981481481,6724.1555579633105,1.3266810582841222,0,100,900,1790641802.061589,2411.01525,3188.122,performance,,32861568.0,31949232.0,29294152.0,0.0,0.0,15.9,15.74,15.31,,,
10,73,hdr_histogram,HdrHistogram,1500,read-heavy,1,280551.13129250106,2062.0,29243.0,5177.327608148148,6959.001933472958,1.344130111164066,0,100,900,1790641809.864498,2401.095625,3108.765,performance,,32861568.0,31900428.0,29245012.0,0.0,0.0,14.86,15.53,15.25,,,
10,74,sharded_n,Sharded-N,2000,mixed,1,277748.5117857078,2071.0,39456.0,6965.348748333334,10527.846518408172,1.511460071676565,0,100,900,1790641817.7420895,2300.0,2300.0,performance,,32861568.0,31936388.0,29280880.0,0.0,0.0,17.2,16.0,15.41,,,
10,75,sharded_n,Sharded-N,500,write-heavy,1,290266.80110397213,1574.0,4449.0,1690.7405911111111,867.5841057177655,0.5131385088161937,0,100,900,1790641827.3810277,2300.0,2300.0,performance,,32861568.0,31921976.0,29266148.0,0.0,0.0,17.17,16.03,15.42,,,
10,76,disabled,Disabled,2000,read-heavy,1,276746.27254285367,2085.0,40736.0,6950.697414444445,10654.518047499218,1.5328703599379476,0,100,900,1790641831.4489813,2706.733375,3143.653,performance,,32861568.0,31927056.0,29271324.0,0.0,0.0,17.31,16.08,15.44,,,
10,77,sharded_n,Sharded-N,3000,write-heavy,1,248517.6197352176,2382.0,80205.0,11578.560985925926,19590.036176025435,1.6919232191148528,0,100,900,1790641841.2164416,2401.061,3108.488,performance,,32861568.0,31940428.0,29284288.0,0.0,0.0,18.25,16.33,15.53,,,
10,78,global_mutex,GlobalMutex,750,read-heavy,1,298098.27318948356,1845.0,8570.0,2455.9161303703704,1838.6409269806186,0.7486578650808152,0,100,900,1790641855.7140958,2616.319625,3206.988,performance,,32861568.0,31958292.0,29301760.0,0.0,0.0,18.56,16.48,15.59,,,
10,79,global_mutex,GlobalMutex,1000,read-heavy,1,296565.258480951,1891.0,13055.0,3277.4889744444445,3080.767577868492,0.9399780142328936,0,100,900,1790641860.7509742,2718.072,3181.493,performance,,32861568.0,31918692.0,29262204.0,0.0,0.0,18.92,16.59,15.63,,,
10,80,global_mutex,GlobalMutex,500,read-heavy,1,308788.64292498794,1474.0,4132.0,1588.4519022222223,808.7754972890231,0.5091595761618953,0,100,900,1790641866.6736546,2300.0,2300.0,performance,,32861568.0,31928316.0,29271640.0,0.0,0.0,18.76,16.59,15.64,,,
10,81,thread_local,ThreadLocal,100,write-heavy,1,291466.2858890656,324.0,731.0,336.7924222222222,135.76754402114312,0.4031193550179138,0,100,900,1790641870.8068323,2605.78625,3135.228,performance,,32861568.0,31917016.0,29260408.0,0.0,0.0,17.58,16.38,15.58,,,
10,82,sharded_2key,Sharded-2key,3000,write-heavy,1,250220.10382064153,2361.0,84648.0,11489.19731962963,19769.281177946734,1.720684276539523,0,100,900,1790641873.4710367,2412.50025,3200.002,performance,,32861568.0,31935144.0,29278500.0,0.0,0.0,17.58,16.38,15.58,,,
10,83,thread_local,ThreadLocal,1500,read-heavy,1,280844.4152611824,2023.0,26960.0,5169.897164444445,6776.364257016238,1.310734825369476,0,100,900,1790641887.8641152,2412.537625,3200.301,performance,,32861568.0,31955720.0,29298544.0,0.0,0.0,19.46,16.8,15.72,,,
10,84,hdr_histogram,HdrHistogram,250,mixed,1,306817.6723613831,785.0,1663.0,800.2178533333333,334.97660596133676,0.41860676385309437,0,100,900,1790641895.7417252,2300.0,2300.0,performance,,32861568.0,31950020.0,29292796.0,0.0,0.0,18.24,16.63,15.68,,,
10,85,sharded_n,Sharded-N,3000,read-heavy,1,255674.31365648072,2273.0,78276.0,11300.829556296296,18960.784041904655,1.6778223180386425,0,100,900,1790641898.8892775,2400.526125,3104.209,performance,,32861568.0,31959008.0,29301816.0,0.0,0.0,16.78,16.35,15.59,,,
10,86,disabled,Disabled,1500,read-heavy,1,285698.19664301624,1992.0,28031.0,5076.460871111111,6789.852124721946,1.3375168837331777,0,100,900,1790641913.2258377,2300.0,2300.0,performance,,32861568.0,31945728.0,29287932.0,0.0,0.0,16.52,16.31,15.59,,,
10,87,thread_local,ThreadLocal,1000,mixed,1,284628.3718211882,1983.0,14183.0,3421.5547955555558,3333.564699121046,0.9742835927839575,0,100,900,1790641921.0290391,2300.0,2300.0,performance,,32861568.0,31926172.0,29268264.0,0.0,0.0,14.78,15.94,15.47,,,
10,88,sharded_2key,Sharded-2key,1500,mixed,1,277769.6261537181,2061.0,27355.0,5195.659362222223,6830.700171910736,1.314693611666873,0,100,900,1790641926.9053352,2823.688375,3202.909,performance,,32861568.0,31914320.0,29256288.0,0.0,0.0,14.71,15.9,15.47,,,
10,89,global_mutex,GlobalMutex,1000,mixed,1,285390.1890052463,2001.0,15246.0,3406.42791,3451.1278098344806,1.0131222209938036,0,100,900,1790641934.6909726,2300.0,2300.0,performance,,32861568.0,31923196.0,29264952.0,0.0,0.0,13.78,15.68,15.4,,,
10,90,sharded_n,Sharded-N,500,mixed,1,296363.88345807197,1512.0,4372.0,1646.0628844444445,867.574481795168,0.527060351092224,0,100,900,1790641940.5580359,2611.139375,3197.695,performance,,32861568.0,31912520.0,29254228.0,0.0,0.0,12.75,15.43,15.32,,,
10,91,disabled,Disabled,1000,read-heavy,1,295429.58535491314,1909.0,14171.0,3299.563791111111,3263.1352598246103,0.9889595917543289,0,100,900,1790641944.5955958,2579.824625,3079.077,performance,,32861568.0,31930768.0,29272484.0,0.0,0.0,11.73,15.18,15.24,,,
10,92,hdr_histogram,HdrHistogram,2000,write-heavy,1,265143.25389143813,2184.0,42310.0,7253.934129444445,10976.282349876641,1.513148886384674,0,100,900,1790641950.5089486,2300.0,2300.0,performance,,32861568.0,31920532.0,29262004.0,0.0,0.0,10.79,14.92,15.15,,,
10,93,sharded_2key,Sharded-2key,250,mixed,1,310194.6056868556,763.0,1714.0,790.50668,348.03299334609727,0.4402657208995341,0,100,900,1790641960.4489024,2300.0,2300.0,performance,,32861568.0,31928472.0,29269676.0,0.0,0.0,10.16,14.66,15.07,,,
10,94,disabled,Disabled,1500,mixed,1,284064.26491494995,1997.0,27783.0,5093.206996296296,6882.138426206755,1.3512387050460237,0,100,900,1790641963.5915537,2399.614875,3096.919,performance,,32861568.0,31934464.0,29275684.0,0.0,0.0,9.35,14.42,14.99,,,
10,95,sharded_n,Sharded-N,1000,read-heavy,1,290927.7489343333,1928.0,14132.0,3347.436092222222,3252.8943119228315,0.9717569573563902,0,100,900,1790641971.2513177,2411.756125,3194.049,performance,,32861568.0,31919600.0,29260512.0,0.0,0.0,9.16,14.29,14.94,,,
10,96,disabled,Disabled,100,write-heavy,1,285254.207805421,330.0,790.0,344.43854444444446,142.93535324305574,0.41498071440756024,0,100,900,1790641977.2215009,2412.38025,3199.042,performance,,32861568.0,31918504.0,29259420.0,0.0,0.0,8.99,14.17,14.9,,,
10,97,sharded_2key,Sharded-2key,250,read-heavy,1,310358.7063994761,762.0,1732.0,790.1919777777778,356.05695247982953,0.45059550399531123,0,100,900,1790641979.8974423,2388.446,3007.568,performance,,32861568.0,31935440.0,29276304.0,0.0,0.0,8.27,13.94,14.82,,,
10,98,global_mutex,GlobalMutex,750,write-heavy,1,287948.1001729959,1887.0,8747.0,2544.1857822222223,1908.975485650083,0.7503286509142764,0,100,900,1790641983.2069378,2300.0,2300.0,performance,,32861568.0,31936832.0,29277712.0,0.0,0.0,8.27,13.94,14.82,,,
10,99,global_mutex,GlobalMutex,100,mixed,1,292124.02848798723,323.0,728.0,335.6698666666667,136.65712463632372,0.40711764208501205,0,100,900,1790641988.1645558,2500.222,3101.195,performance,,32861568.0,31931428.0,29272180.0,0.0,0.0,9.05,14.0,14.84,,,
10,100,sharded_2key,Sharded-2key,2000,read-heavy,1,275540.91840287566,2072.0,40855.0,6999.539257222223,10453.715354389933,1.493486209624961,0,100,900,1790641990.826578,2404.018875,3132.151,performance,,32861568.0,31952400.0,29293136.0,0.0,0.0,9.85,14.09,14.86,,,
10,101,hdr_histogram,HdrHistogram,100,write-heavy,1,283875.7226908148,332.0,760.0,346.54392222222225,142.9461216282074,0.41249063238957284,0,100,900,1790642000.6503558,2641.43675,3278.784,performance,,32861568.0,31921472.0,29261820.0,0.0,0.0,10.1,14.0,14.82,,,
10,102,sharded_2key,Sharded-2key,500,write-heavy,1,297181.12155763,1538.0,4298.0,1650.14504,851.4111532619679,0.5159614049816905,0,100,900,1790642003.3248315,2300.0,2300.0,performance,,32861568.0,31951984.0,29292320.0,0.0,0.0,10.1,14.0,14.82,,,
10,103,hdr_histogram,HdrHistogram,1500,mixed,1,279762.1725441381,2028.0,25607.0,5172.5445851851855,6517.468941148778,1.2600121340308257,0,100,900,1790642007.3586411,2300.0,2300.0,performance,,32861568.0,31915580.0,29255932.0,0.0,0.0,9.29,13.77,14.74,,,
10,104,sharded_n,Sharded-N,2000,write-heavy,1,260754.45829838706,2245.0,44658.0,7413.982579444444,11256.032307519814,1.5182167191392657,0,100,900,1790642015.1092367,2399.64375,3097.15,performance,,32861568.0,31906516.0,29246560.0,0.0,0.0,8.97,13.56,14.66,,,
10,105,thread_local,ThreadLocal,3000,read-heavy,1,259797.12509471277,2256.0,80199.0,11104.49646,18996.510461781192,1.710704355682346,0,100,900,1790642025.1754782,2398.1085,3084.868,performance,,32861568.0,31925540.0,29265336.0,0.0,0.0,8.77,13.37,14.59,,,
10,106,sharded_2key,Sharded-2key,1000,read-heavy,1,295769.38355332974,1927.0,14072.0,3284.6740233333335,3255.5226241750192,0.9911250252076061,0,100,900,1790642039.3113108,2729.945375,3201.315,performance,,32861568.0,31944888.0,29284384.0,0.0,0.0,8.64,13.14,14.5,,,
10,107,global_mutex,GlobalMutex,100,read-heavy,1,292325.09429563046,324.0,709.0,335.80033333333336,134.00189619297603,0.39905230248821283,0,100,900,1790642045.2238822,2300.0,2300.0,performance,,32861568.0,31926412.0,29265836.0,0.0,0.0,7.94,12.92,14.42,,,
10,108,hdr_histogram,HdrHistogram,2000,read-heavy,1,274008.15235722426,2075.0,41988.0,7027.460287777778,10611.085972998093,1.509946059951842,0,100,900,1790642048.055955,2403.5365,3128.292,performance,,32861568.0,31951368.0,29290760.0,0.0,0.0,7.94,12.92,14.42,,,
10,109,thread_local,ThreadLocal,250,mixed,1,300331.34756693465,791.0,1754.0,813.4907822222223,350.7953360911912,0.431222263063534,0,100,900,1790642057.9093466,2400.105,3100.84,performance,,32861568.0,31912600.0,29251632.0,0.0,0.0,15.08,14.33,14.86,,,
10,110,sharded_2key,Sharded-2key,500,read-heavy,1,319539.16283483116,1454.0,3707.0,1534.3266644444445,730.4884767287483,0.47609710086948576,0,100,900,1790642061.074406,2896.62625,3152.362,performance,,32861568.0,31945304.0,29284340.0,0.0,0.0,15.72,14.47,14.91,,,
10,111,disabled,Disabled,2000,write-heavy,1,272755.5325973924,2122.0,44410.0,7060.24453,10681.832031629947,1.5129549672452984,0,100,900,1790642065.156585,2407.4735,3159.788,performance,,32861568.0,31920512.0,29259524.0,0.0,0.0,14.46,14.23,14.83,,,
10,112,global_mutex,GlobalMutex,2000,mixed,1,268221.33594243554,2169.0,42698.0,7184.101201111112,10812.868640073913,1.505110846489964,0,100,900,1790642074.8901105,2411.7915,3194.332,performance,,32861568.0,31946004.0,29284672.0,0.0,0.0,12.97,13.93,14.72,,,
10,113,hdr_histogram,HdrHistogram,3000,read-heavy,1,258244.22481096833,2269.0,76852.0,11174.27363037037,18971.6775047031,1.6977996183251052,0,100,900,1790642084.744813,2300.0,2300.0,performance,,32861568.0,31946196.0,29284696.0,0.0,0.0,14.14,14.17,14.79,,,
10,114,sharded_n,Sharded-N,100,read-heavy,1,292849.2147083987,323.0,715.0,335.5688222222222,135.56542994686177,0.40398696472787005,0,100,900,1790642098.9396894,2300.0,2300.0,performance,,32861568.0,31935668.0,29273724.0,0.0,0.0,13.27,13.99,14.73,,,
10,115,thread_local,ThreadLocal,500,write-heavy,1,294587.6589731418,1541.0,4370.0,1665.2088066666668,858.1561482010424,0.5153444689731477,0,100,900,1790642101.759595,2300.0,2300.0,performance,,32861568.0,31949028.0,29287084.0,0.0,0.0,13.27,13.99,14.73,,,
10,116,sharded_n,Sharded-N,2000,read-heavy,1,274193.64446789125,2096.0,41150.0,7005.186735555556,10557.38474997665,1.507081131241162,0,100,900,1790642105.79951,2524.38625,3200.989,performance,,32861568.0,31951104.0,29289212.0,0.0,0.0,12.37,13.8,14.66,,,
10,117,disabled,Disabled,1000,write-heavy,1,286385.5860744604,1948.0,14574.0,3390.938291111111,3322.7001235732873,0.9798763169130206,0,100,900,1790642115.6401112,2411.462875,3191.703,performance,,32861568.0,31928120.0,29265852.0,0.0,0.0,12.64,13.8,14.65,,,
10,118,sharded_n,Sharded-N,750,read-heavy,1,290636.3483967635,1831.0,8887.0,2521.8217837037037,1926.1994446433862,0.7638126758562813,0,100,900,1790642121.4964833,2401.426625,3111.413,performance,,32861568.0,31925088.0,29262724.0,0.0,0.0,13.47,13.96,14.7,,,
10,119,global_mutex,GlobalMutex,250,read-heavy,1,314728.7441707498,770.0,1513.0,777.1460355555555,304.18699184174676,0.3914154842523178,0,100,900,1790642126.595011,2300.0,2300.0,performance,,32861568.0,31935100.0,29272696.0,0.0,0.0,13.27,13.91,14.68,,,
10,120,disabled,Disabled,1000,mixed,1,285374.83913777035,2015.0,14537.0,3407.51748,3408.8677666653466,1.0003962669812472,0,100,900,1790642129.8990712,2752.607125,3046.836,performance,,32861568.0,31941612.0,29279288.0,0.0,0.0,12.21,13.68,14.6,,,
10,121,sharded_2key,Sharded-2key,100,write-heavy,1,286496.1117750446,330.0,734.0,342.6256,140.36168239466562,0.40966490068070105,0,100,900,1790642135.760472,2398.915375,3091.323,performance,,32861568.0,31938104.0,29275444.0,0.0,0.0,12.19,13.65,14.58,,,
10,122,sharded_n,Sharded-N,250,read-heavy,1,307854.7775512252,771.0,1715.0,795.3597644444444,353.69853799090885,0.4447025783834638,0,100,900,1790642138.4314523,3062.79375,3181.906,performance,,32861568.0,31958688.0,29295996.0,0.0,0.0,12.19,13.65,14.58,,,
10,123,sharded_2key,Sharded-2key,500,mixed,1,303814.4952981112,1512.0,4134.0,1617.6825888888889,812.1037477236785,0.5020167450040214,0,100,900,1790642141.7565928,2713.097125,3142.604,performance,,32861568.0,31963188.0,29300544.0,0.0,0.0,11.22,13.42,14.5,,,
10,124,hdr_histogram,HdrHistogram,1000,mixed,1,282330.1503352714,2008.0,15131.0,3449.0192366666665,3482.9162631906456,1.0098280189810536,0,100,900,1790642145.7484596,2408.378,3167.024,performance,,32861568.0,31960148.0,29297512.0,0.0,0.0,11.76,13.5,14.52,,,
10,125,sharded_n,Sharded-N,1000,write-heavy,1,278539.85663575865,2047.0,14660.0,3490.3602288888887,3419.205398651578,0.9796139006947251,0,100,900,1790642151.6451483,2407.092125,3156.737,performance,,32861568.0,31887540.0,29224652.0,0.0,0.0,11.78,13.47,14.51,,,
10,126,hdr_histogram,HdrHistogram,750,write-heavy,1,291249.98083844804,1838.0,8998.0,2521.238602962963,1916.855145670742,0.7602831177573005,0,100,900,1790642157.5896535,2602.20525,3159.359,performance,,32861568.0,31930124.0,29267108.0,0.0,0.0,11.24,13.33,14.46,,,
10,127,hdr_histogram,HdrHistogram,500,read-heavy,1,302960.0330317459,1500.0,4229.0,1619.9012977777777,826.6106493913111,0.5102845775389382,0,100,900,1790642162.5345562,2399.932,3099.456,performance,,32861568.0,31924972.0,29261860.0,0.0,0.0,15.14,14.11,14.7,,,
10,128,thread_local,ThreadLocal,750,mixed,1,297494.89478817367,1799.0,8462.0,2458.0982637037037,1841.9265798846952,0.7493299218678912,0,100,900,1790642166.7065747,2402.25925,3118.074,performance,,32861568.0,31946448.0,29283360.0,0.0,0.0,15.85,14.27,14.75,,,
10,129,global_mutex,GlobalMutex,500,write-heavy,1,294373.59277647705,1566.0,4081.0,1661.8037622222223,805.5566733651241,0.4847483750355129,0,100,900,1790642171.5902076,2409.10225,3172.818,performance,,32861568.0,31916376.0,29253072.0,0.0,0.0,16.02,14.33,14.77,,,
10,130,sharded_2key,Sharded-2key,750,read-heavy,1,296469.52911127155,1873.0,8334.0,2472.7294992592592,1789.2055022794048,0.7235751030654126,0,100,900,1790642175.6387625,2741.566125,3196.235,performance,,32861568.0,31933016.0,29269688.0,0.0,0.0,16.9,14.54,14.84,,,
10,131,hdr_histogram,HdrHistogram,250,write-heavy,1,302579.3680811445,786.0,1689.0,806.5610888888889,349.4206894920781,0.4332228448727136,0,100,900,1790642180.6982367,2524.874875,3199.9,performance,,32861568.0,31928960.0,29265500.0,0.0,0.0,19.23,15.07,15.0,,,
10,132,sharded_n,Sharded-N,3000,mixed,1,252937.0526410902,2311.0,76943.0,11401.206941111112,19220.416770882417,1.6858229896324712,0,100,900,1790642183.858594,2300.0,2300.0,performance,,32861568.0,31950460.0,29286992.0,0.0,0.0,17.69,14.81,14.92,,,
10,133,sharded_n,Sharded-N,750,write-heavy,1,290767.5624433711,1888.0,8681.0,2520.525659259259,1855.482547039708,0.7361490410635231,0,100,900,1790642198.1431785,2506.269,3150.193,performance,,32861568.0,31962752.0,29298744.0,0.0,0.0,17.06,14.77,14.91,,,
10,134,sharded_n,Sharded-N,1500,read-heavy,1,280823.46104783216,2046.0,28078.0,5164.397082222222,6883.871440119418,1.3329477440486264,0,100,900,1790642203.083163,3015.117125,3210.039,performance,,32861568.0,31924548.0,29260628.0,0.0,0.0,17.37,14.88,14.94,,,
10,135,sharded_2key,Sharded-2key,250,write-heavy,1,299362.0710020281,799.0,1689.0,818.7935822222222,350.36874088998263,0.42790850892977794,0,100,900,1790642210.9603958,2400.3515,3102.812,performance,,32861568.0,31926228.0,29261976.0,0.0,0.0,17.85,15.06,15.0,,,
10,136,thread_local,ThreadLocal,250,read-heavy,1,312573.3692182194,765.0,1644.0,784.1905377777778,333.9548364427419,0.4258593037721367,0,100,900,1790642214.13234,2399.57,3096.56,performance,,32861568.0,31939200.0,29274980.0,0.0,0.0,16.42,14.81,14.92,,,
10,137,hdr_histogram,HdrHistogram,1000,read-heavy,1,286841.4479424958,1965.0,14990.0,3394.094831111111,3467.691791798895,1.0216838256884209,0,100,900,1790642217.4278576,2406.639,3153.112,performance,,32861568.0,31949368.0,29285184.0,0.0,0.0,16.42,14.81,14.92,,,
10,138,thread_local,ThreadLocal,3000,mixed,1,256278.75284585168,2285.0,79913.0,11230.16386037037,18988.428453767883,1.6908416199317724,0,100,900,1790642223.4457624,2300.0,2300.0,performance,,32861568.0,31902764.0,29238372.0,0.0,0.0,16.39,14.83,14.93,,,
10,139,global_mutex,GlobalMutex,250,mixed,1,309441.7068129002,773.0,1656.0,793.0749066666667,341.8313151780592,0.4310202129768463,0,100,900,1790642237.5889008,2300.0,2300.0,performance,,32861568.0,31954468.0,29289584.0,0.0,0.0,14.92,14.57,14.84,,,
10,140,global_mutex,GlobalMutex,1500,mixed,1,275768.07542803657,2100.0,27338.0,5271.637147407408,6852.716883858347,1.2999219582532373,0,100,900,1790642240.731952,2528.3075,3229.41,performance,,32861568.0,31949184.0,29284292.0,0.0,0.0,14.93,14.57,14.84,,,
10,141,hdr_histogram,HdrHistogram,3000,mixed,1,254478.5565952971,2294.0,79784.0,11314.846115925926,19266.38296295669,1.7027525399429675,0,100,900,1790642248.5544565,2408.18075,3165.446,performance,,32861568.0,31921032.0,29255988.0,0.0,0.0,15.18,14.63,14.85,,,
10,142,hdr_histogram,HdrHistogram,750,read-heavy,1,308625.45700246067,1774.0,8450.0,2381.195782222222,1805.7927902020497,0.7583554463198383,0,100,900,1790642262.7734709,2399.45275,3095.622,performance,,32861568.0,31942856.0,29277328.0,0.0,0.0,15.0,14.59,14.84,,,
10,143,global_mutex,GlobalMutex,500,mixed,1,295572.70046242035,1564.0,4087.0,1659.2507733333334,806.3013274102226,0.4859430173959856,0,100,900,1790642267.7464693,2403.050125,3124.401,performance,,32861568.0,31902512.0,29237096.0,0.0,0.0,14.6,14.51,14.81,,,
10,144,sharded_2key,Sharded-2key,3000,read-heavy,1,261034.419903766,2235.0,77808.0,11062.53932925926,18624.12096473763,1.683530373128598,0,100,900,1790642271.7765927,2300.0,2300.0,performance,,32861568.0,31915400.0,29249940.0,0.0,0.0,16.07,14.82,14.91,,,
11,1,sharded_n,Sharded-N,1000,read-heavy,1,288568.18456851353,1932.0,14152.0,3368.729168888889,3306.0206058878075,0.9813850981016189,0,100,900,1790642285.8601575,2300.0,2300.0,performance,,32861568.0,31944600.0,29278608.0,0.0,0.0,17.0,15.08,14.99,,,
11,2,sharded_2key,Sharded-2key,2000,mixed,1,276325.0314188699,2092.0,40018.0,6979.6090816666665,10332.38128512933,1.480366760406308,0,100,900,1790642291.866472,2699.543,3140.039,performance,,32861568.0,31935224.0,29269240.0,0.0,0.0,16.6,15.03,14.97,,,
11,3,global_mutex,GlobalMutex,1500,read-heavy,1,282878.7078702758,2013.0,28108.0,5129.465457777777,6844.754160805978,1.3343991137375375,0,100,900,1790642301.5221183,2399.99875,3099.99,performance,,32861568.0,31944640.0,29278404.0,0.0,0.0,16.36,15.03,14.98,,,
11,4,sharded_2key,Sharded-2key,1000,read-heavy,1,292588.8612706605,1940.0,14922.0,3320.3589877777777,3430.970446085991,1.033313102202314,0,100,900,1790642309.3796117,2411.149625,3189.197,performance,,32861568.0,31912984.0,29246512.0,0.0,0.0,15.54,14.91,14.94,,,
11,5,disabled,Disabled,3000,write-heavy,1,251154.24143065928,2338.0,81546.0,11495.626368148149,19363.725638109645,1.6844428496530008,0,100,900,1790642315.324397,2400.25425,3102.034,performance,,32861568.0,31912068.0,29245528.0,0.0,0.0,14.29,14.66,14.86,,,
11,6,disabled,Disabled,250,write-heavy,1,310141.5368671841,766.0,1708.0,790.1394266666666,339.54853494507785,0.42973242884172896,0,100,900,1790642329.6968846,2300.0,2300.0,performance,,32861568.0,31943024.0,29276024.0,0.0,0.0,12.77,14.31,14.74,,,
11,7,hdr_histogram,HdrHistogram,750,read-heavy,1,298052.19262506155,1817.0,8572.0,2457.847925925926,1847.5281257866905,0.7516852878888695,0,100,900,1790642332.8415022,2403.705375,3129.643,performance,,32861568.0,31936652.0,29269708.0,0.0,0.0,12.77,14.31,14.74,,,
11,8,sharded_n,Sharded-N,1500,write-heavy,1,271495.11168858316,2129.0,28726.0,5337.453948888889,7111.842542975798,1.3324410123400294,0,100,900,1790642337.8824015,2896.928,3216.756,performance,,32861568.0,31887204.0,29220124.0,0.0,0.0,14.79,14.71,14.87,,,
11,9,global_mutex,GlobalMutex,750,mixed,1,289255.12782866525,1914.0,8839.0,2532.732631111111,1885.4949024176367,0.7444508272436436,0,100,900,1790642345.7885973,2402.091375,3116.731,performance,,32861568.0,31914728.0,29247484.0,0.0,0.0,18.86,15.56,15.14,,,
11,10,hdr_histogram,HdrHistogram,3000,read-heavy,1,255945.38647505376,2282.0,66391.0,11306.034455925927,19102.699321223903,1.6896020789332944,0,100,900,1790642350.723561,2412.7175,3201.74,performance,,32861568.0,31917664.0,29250320.0,0.0,0.0,21.27,16.12,15.32,,,
11,11,global_mutex,GlobalMutex,1000,write-heavy,1,281933.73264898517,2008.0,14144.0,3461.2890133333335,3325.934831181727,0.9608948626854895,0,100,900,1790642365.0343795,2400.111375,3100.891,performance,,32861568.0,31943272.0,29275500.0,0.0,0.0,19.65,16.02,15.31,,,
11,12,thread_local,ThreadLocal,1500,read-heavy,1,284775.75306745636,2001.0,27049.0,5082.741662222223,6806.337339175974,1.3391074722062855,0,100,900,1790642370.9500568,2401.368375,3110.947,performance,,32861568.0,31961816.0,29293960.0,0.0,0.0,19.59,16.07,15.33,,,
11,13,sharded_n,Sharded-N,100,mixed,1,289725.948000444,325.0,758.0,339.3349888888889,142.5563040314574,0.42010493671236393,0,100,900,1790642378.751009,2300.0,2300.0,performance,,32861568.0,31905176.0,29237136.0,0.0,0.0,18.06,15.87,15.27,,,
11,14,global_mutex,GlobalMutex,1000,read-heavy,1,292740.6398610152,1925.0,14034.0,3317.616501111111,3279.0741231261322,0.9883825095600801,0,100,900,1790642381.4178648,2300.0,2300.0,performance,,32861568.0,31931396.0,29263312.0,0.0,0.0,18.06,15.87,15.27,,,
11,15,hdr_histogram,HdrHistogram,2000,read-heavy,1,277061.91981207975,2043.0,41101.0,6945.759971111112,10228.98794695077,1.472695283092894,0,100,900,1790642387.363132,2405.962,3147.696,performance,,32861568.0,31899360.0,29231200.0,0.0,0.0,20.21,16.36,15.43,,,
11,16,hdr_histogram,HdrHistogram,3000,mixed,1,252624.32308042492,2325.0,79182.0,11435.919004074074,19540.49144299661,1.7086944596263107,0,100,900,1790642397.1463263,3149.00575,3195.432,performance,,32861568.0,31925076.0,29256540.0,0.0,0.0,19.85,16.41,15.46,,,
11,17,sharded_n,Sharded-N,1500,read-heavy,1,284785.8095391089,1998.0,27675.0,5083.239941481482,6843.033621545845,1.3461952810261169,0,100,900,1790642411.4190633,2300.0,2300.0,performance,,32861568.0,31924736.0,29255896.0,0.0,0.0,21.1,16.83,15.61,,,
11,18,global_mutex,GlobalMutex,100,write-heavy,1,285228.2576687048,334.0,710.0,344.4569666666667,137.7190645187451,0.3998150069411044,0,100,900,1790642419.239367,2627.789125,3217.716,performance,,32861568.0,31929892.0,29260944.0,0.0,0.0,18.52,16.43,15.49,,,
11,19,sharded_n,Sharded-N,250,read-heavy,1,307322.34706206864,775.0,1713.0,798.2285511111111,355.0756651489293,0.44482957250110167,0,100,900,1790642421.9074032,2411.939125,3195.513,performance,,32861568.0,31939692.0,29270716.0,0.0,0.0,18.52,16.43,15.49,,,
11,20,sharded_n,Sharded-N,1500,mixed,1,279307.98247919563,2049.0,26952.0,5187.5476266666665,6795.657957720465,1.3099943261797313,0,100,900,1790642425.222654,2853.694375,3266.455,performance,,32861568.0,31958364.0,29289396.0,0.0,0.0,17.03,16.15,15.41,,,
11,21,hdr_histogram,HdrHistogram,100,mixed,1,282782.2352165477,332.0,791.0,346.9395,146.14756943619082,0.42124799694526227,0,100,900,1790642432.974337,2412.27475,3198.198,performance,,32861568.0,31911820.0,29242520.0,0.0,0.0,17.43,16.25,15.44,,,
11,22,global_mutex,GlobalMutex,500,read-heavy,1,296204.36986739247,1532.0,4348.0,1646.4266533333334,860.6145234843349,0.5227165885233613,0,100,900,1790642435.6491325,2300.0,2300.0,performance,,32861568.0,31943096.0,29273752.0,0.0,0.0,16.04,15.98,15.36,,,
11,23,disabled,Disabled,1500,read-heavy,1,289774.57175007556,1931.0,26706.0,5001.030435555555,6563.618069561241,1.3124531342373447,0,100,900,1790642439.8510153,2300.0,2300.0,performance,,32861568.0,31930336.0,29261056.0,0.0,0.0,14.75,15.72,15.28,,,
11,24,hdr_histogram,HdrHistogram,750,mixed,1,290310.9242557414,1888.0,9083.0,2523.9552014814817,1905.9819636889226,0.7551568120425322,0,100,900,1790642447.57536,2827.401875,3222.432,performance,,32861568.0,31932384.0,29262716.0,0.0,0.0,15.09,15.77,15.3,,,
11,25,global_mutex,GlobalMutex,2000,write-heavy,1,266446.38549244835,2171.0,44109.0,7248.412295555556,10848.930012859246,1.4967319145892664,0,100,900,1790642452.513681,2615.176125,3217.849,performance,,32861568.0,31934048.0,29264448.0,0.0,0.0,14.92,15.72,15.29,,,
11,26,hdr_histogram,HdrHistogram,250,write-heavy,1,315840.01916938357,760.0,1598.0,777.4858222222222,323.4589726927752,0.4160319885554436,0,100,900,1790642462.4107168,2300.0,2300.0,performance,,32861568.0,31916280.0,29246376.0,0.0,0.0,19.19,16.63,15.59,,,
11,27,hdr_histogram,HdrHistogram,2000,write-heavy,1,263603.1068573226,2211.0,44497.0,7319.623218888889,11072.643441039361,1.5127340724950835,0,100,900,1790642465.5386071,2300.0,2300.0,performance,,32861568.0,31928408.0,29258540.0,0.0,0.0,17.66,16.36,15.5,,,
11,28,thread_local,ThreadLocal,1000,write-heavy,1,280353.45025454246,2039.0,14690.0,3457.311262222222,3418.5595442862473,0.9887913713875254,0,100,900,1790642475.5150712,2300.0,2300.0,performance,,32861568.0,31933196.0,29262984.0,0.0,0.0,16.93,16.26,15.48,,,
11,29,thread_local,ThreadLocal,2000,read-heavy,1,280140.801319137,2054.0,39765.0,6888.93408,10308.389071261368,1.4963692425492578,0,100,900,1790642481.443986,2300.0,2300.0,performance,,32861568.0,31906248.0,29235992.0,0.0,0.0,17.1,16.3,15.5,,,
11,30,sharded_n,Sharded-N,1000,mixed,1,305396.3810294711,1895.0,13581.0,3171.9871777777776,3075.1315783614336,0.9694653244203216,0,100,900,1790642491.1684637,2401.441375,3111.531,performance,,32861568.0,31929720.0,29259120.0,0.0,0.0,17.26,16.36,15.53,,,
11,31,thread_local,ThreadLocal,500,mixed,1,307832.9569386801,1489.0,4185.0,1594.652451111111,789.1532272508755,0.4948747463442675,0,100,900,1790642496.8301558,2405.58475,3144.678,performance,,32861568.0,31884228.0,29213116.0,0.0,0.0,17.8,16.49,15.57,,,
11,32,hdr_histogram,HdrHistogram,1500,read-heavy,1,280944.8724464766,2049.0,27636.0,5167.001513333334,6865.243772027848,1.3286707492367165,0,100,900,1790642500.804952,2300.0,2300.0,performance,,32861568.0,31932332.0,29261216.0,0.0,0.0,17.74,16.5,15.58,,,
11,33,global_mutex,GlobalMutex,100,mixed,1,283774.79131856107,330.0,806.0,345.9308555555556,147.0097648527359,0.4249686389398315,0,100,900,1790642508.6977868,2600.781625,3106.743,performance,,32861568.0,31924932.0,29253472.0,0.0,0.0,15.67,16.1,15.46,,,
11,34,sharded_2key,Sharded-2key,3000,write-heavy,1,250197.8226614546,2355.0,81282.0,11547.34657037037,19584.117147505054,1.695984183739357,0,100,900,1790642511.3684635,2504.8525,3123.389,performance,,32861568.0,31943320.0,29271832.0,0.0,0.0,15.67,16.1,15.46,,,
11,35,thread_local,ThreadLocal,500,write-heavy,1,297517.9971661252,1525.0,4308.0,1644.4574022222223,844.0449709600905,0.5132665460470415,0,100,900,1790642525.7926772,2300.0,2300.0,performance,,32861568.0,31935460.0,29263512.0,0.0,0.0,15.57,16.05,15.45,,,
11,36,thread_local,ThreadLocal,750,write-heavy,1,293572.27062430646,1844.0,8947.0,2489.262628148148,1911.821425313439,0.7680272076135702,0,100,900,1790642529.8223846,2513.147375,3190.589,performance,,32861568.0,31939448.0,29267636.0,0.0,0.0,14.32,15.78,15.37,,,
11,37,thread_local,ThreadLocal,1000,read-heavy,1,308339.5613442381,1846.0,13201.0,3155.9566133333333,2981.1599610398516,0.9446137340561026,0,100,900,1790642534.7396128,2712.936625,3172.397,performance,,32861568.0,31930724.0,29258808.0,0.0,0.0,13.17,15.52,15.29,,,
11,38,sharded_n,Sharded-N,3000,read-heavy,1,257107.74325274045,2271.0,78021.0,11224.338304814815,19098.27692954904,1.7015058180629323,0,100,900,1790642540.5360467,2300.0,2300.0,performance,,32861568.0,31909400.0,29237344.0,0.0,0.0,12.12,15.26,15.21,,,
11,39,thread_local,ThreadLocal,1500,write-heavy,1,273638.69750007754,2100.0,27901.0,5302.534489629629,7143.313824951858,1.347150846245755,0,100,900,1790642554.7797322,2300.0,2300.0,performance,,32861568.0,31942660.0,29270136.0,0.0,0.0,13.14,15.36,15.24,,,
11,40,sharded_n,Sharded-N,750,write-heavy,1,285524.49682588974,1930.0,8737.0,2568.667468148148,1881.1016511957646,0.7323258750000535,0,100,900,1790642562.6339648,2400.28075,3102.246,performance,,32861568.0,31917556.0,29244820.0,0.0,0.0,13.53,15.4,15.25,,,
11,41,global_mutex,GlobalMutex,500,write-heavy,1,295885.61874678417,1562.0,4178.0,1657.4444622222222,822.9021940776504,0.49648854778177154,0,100,900,1790642567.6153152,2405.19425,3141.554,performance,,32861568.0,31942404.0,29269744.0,0.0,0.0,19.25,16.56,15.63,,,
11,42,sharded_n,Sharded-N,250,write-heavy,1,304208.8116540303,791.0,1634.0,805.7852977777778,335.9601131970727,0.416935024905015,0,100,900,1790642571.6484933,2412.1805,3197.444,performance,,32861568.0,31925280.0,29252512.0,0.0,0.0,17.79,16.3,15.55,,,
11,43,sharded_2key,Sharded-2key,1500,read-heavy,1,287715.511199078,1966.0,26895.0,5042.55318,6763.467811206989,1.3412784297511342,0,100,900,1790642574.8032136,2409.272625,3174.181,performance,,32861568.0,31957132.0,29284368.0,0.0,0.0,16.37,16.03,15.47,,,
11,44,global_mutex,GlobalMutex,1500,mixed,1,276763.98202919145,2109.0,28908.0,5251.520817777778,6981.565522208763,1.329436893513652,0,100,900,1790642582.5627208,2300.0,2300.0,performance,,32861568.0,31933996.0,29260948.0,0.0,0.0,15.7,15.89,15.43,,,
11,45,sharded_2key,Sharded-2key,250,read-heavy,1,310407.1509198947,770.0,1673.0,788.2623688888889,341.99282943537077,0.43385659766739043,0,100,900,1790642590.3523414,2895.818,3100.757,performance,,32861568.0,31923360.0,29250096.0,0.0,0.0,17.11,16.22,15.54,,,
11,46,hdr_histogram,HdrHistogram,100,read-heavy,1,292127.4884478428,323.0,738.0,335.7828666666667,139.61106705695855,0.4157778163099404,0,100,900,1790642593.6576982,2516.99575,3187.276,performance,,32861568.0,31927116.0,29253872.0,0.0,0.0,17.11,16.22,15.54,,,
11,47,hdr_histogram,HdrHistogram,1000,read-heavy,1,290763.6554163977,1943.0,14098.0,3344.3972833333332,3307.307471955448,0.9889098667904316,0,100,900,1790642596.4928691,2791.775625,3137.312,performance,,32861568.0,31949748.0,29276476.0,0.0,0.0,15.74,15.95,15.46,,,
11,48,sharded_n,Sharded-N,100,read-heavy,1,297824.32086549286,317.0,684.0,329.33597777777777,132.04601028314704,0.4009462044631097,0,100,900,1790642602.47107,2300.0,2300.0,performance,,32861568.0,31897500.0,29224084.0,0.0,0.0,15.28,15.85,15.43,,,
11,49,sharded_n,Sharded-N,500,write-heavy,1,291620.33119324903,1570.0,4368.0,1683.464528888889,843.3053650694978,0.5009344423942759,0,100,900,1790642605.294567,2407.53775,3160.302,performance,,32861568.0,31930140.0,29256696.0,0.0,0.0,14.06,15.59,15.34,,,
11,50,disabled,Disabled,250,mixed,1,308181.53982851584,781.0,1606.0,795.545,324.0247837875985,0.4072991267465681,0,100,900,1790642609.360897,2873.234875,3091.04,performance,,32861568.0,31940296.0,29266856.0,0.0,0.0,12.93,15.33,15.26,,,
11,51,global_mutex,GlobalMutex,1500,write-heavy,1,272389.03598053765,2102.0,27534.0,5326.003177777778,6902.02899328105,1.2959115424637906,0,100,900,1790642612.5056283,2713.350125,3187.552,performance,,32861568.0,31933880.0,29260428.0,0.0,0.0,12.93,15.33,15.26,,,
11,52,sharded_2key,Sharded-2key,1000,mixed,1,290247.0970189205,1962.0,14940.0,3348.561262222222,3382.4753318926123,1.01012795257862,0,100,900,1790642620.396202,2405.433625,3143.469,performance,,32861568.0,31924348.0,29250464.0,0.0,0.0,11.83,15.02,15.16,,,
11,53,disabled,Disabled,1500,write-heavy,1,280466.19683749136,2017.0,26133.0,5172.555784444445,6679.135657213924,1.2912641130522466,0,100,900,1790642626.2094922,2413.0045,3204.036,performance,,32861568.0,31906288.0,29232380.0,0.0,0.0,12.08,15.02,15.16,,,
11,54,thread_local,ThreadLocal,500,read-heavy,1,301830.9321909096,1502.0,4383.0,1621.2886933333334,846.8909684009257,0.5223566733570051,0,100,900,1790642633.9429452,3158.5225,3233.485,performance,,32861568.0,31923452.0,29249316.0,0.0,0.0,11.92,14.9,15.12,,,
11,55,disabled,Disabled,1000,read-heavy,1,312659.0485723871,1854.0,13349.0,3110.7257988888887,3052.334502987097,0.9812290443848672,0,100,900,1790642638.1096337,2899.439375,3120.542,performance,,32861568.0,31919852.0,29245796.0,0.0,0.0,11.92,14.9,15.12,,,
11,56,global_mutex,GlobalMutex,500,mixed,1,307287.7713780456,1502.0,3971.0,1593.5981533333334,778.6607509981218,0.4886180053418078,0,100,900,1790642643.8530514,2300.0,2300.0,performance,,32861568.0,31913564.0,29239268.0,0.0,0.0,10.9,14.59,15.02,,,
11,57,sharded_2key,Sharded-2key,500,write-heavy,1,294242.2172900833,1531.0,4527.0,1664.7454022222223,870.2180676965501,0.5227334261052292,0,100,900,1790642647.8347554,2511.881625,3214.267,performance,,32861568.0,31926368.0,29252040.0,0.0,0.0,10.9,14.59,15.02,,,
11,58,sharded_2key,Sharded-2key,500,mixed,1,298940.55805026286,1528.0,4406.0,1641.2199933333334,848.7712270923272,0.5171587176247254,0,100,900,1790642651.881087,2300.0,2300.0,performance,,32861568.0,31946252.0,29271864.0,0.0,0.0,10.26,14.4,14.95,,,
11,59,thread_local,ThreadLocal,100,read-heavy,1,288286.003701067,324.0,817.0,340.0445222222222,149.57532414498883,0.4398698240086337,0,100,900,1790642655.8944495,3025.2505,3199.22,performance,,32861568.0,31934468.0,29259964.0,0.0,0.0,10.32,14.34,14.93,,,
11,60,thread_local,ThreadLocal,250,write-heavy,1,305260.5915921503,781.0,1668.0,800.2718133333333,350.1155700200361,0.437495816029952,0,100,900,1790642658.7255788,2412.638375,3201.107,performance,,32861568.0,31944580.0,29270048.0,0.0,0.0,9.5,14.1,14.85,,,
11,61,disabled,Disabled,500,write-heavy,1,296843.16476619715,1537.0,4252.0,1649.1633088888889,825.165739004511,0.5003541702370641,0,100,900,1790642661.8826756,2300.0,2300.0,performance,,32861568.0,31932788.0,29258284.0,0.0,0.0,9.5,14.1,14.85,,,
11,62,sharded_2key,Sharded-2key,3000,mixed,1,253953.74626704396,2320.0,77898.0,11369.348025925927,19097.010758609864,1.6796926890673303,0,100,900,1790642665.9142756,2706.447125,3145.062,performance,,32861568.0,31941920.0,29267316.0,0.0,0.0,10.58,14.25,14.89,,,
11,63,sharded_n,Sharded-N,2000,read-heavy,1,272112.2451255894,2108.0,44945.0,7058.149711111111,10724.075276478412,1.5193890347205743,0,100,900,1790642680.14925,3033.022375,3199.136,performance,,32861568.0,31942540.0,29267372.0,0.0,0.0,10.29,14.02,14.81,,,
11,64,thread_local,ThreadLocal,100,mixed,1,290824.02317849366,324.0,746.0,337.90813333333335,139.40403676332127,0.4125501075933102,0,100,900,1790642690.052512,2698.132375,3136.123,performance,,32861568.0,31926596.0,29251244.0,0.0,0.0,9.74,13.79,14.72,,,
11,65,hdr_histogram,HdrHistogram,250,read-heavy,1,305809.79694847896,784.0,1791.0,807.1074711111111,361.4908324755091,0.44788438394438324,0,100,900,1790642692.718019,2300.0,2300.0,performance,,32861568.0,31948112.0,29272772.0,0.0,0.0,9.74,13.79,14.72,,,
11,66,disabled,Disabled,2000,read-heavy,1,278621.093010125,2038.0,40214.0,6931.640491111111,10273.52340756535,1.4821200581218472,0,100,900,1790642696.0431597,2702.0925,3138.944,performance,,32861568.0,31953368.0,29278020.0,0.0,0.0,10.24,13.82,14.73,,,
11,67,disabled,Disabled,750,mixed,1,313937.6608033754,1763.0,7908.0,2333.761620740741,1698.174203213784,0.7276553818186366,0,100,900,1790642705.779191,2411.35,3190.8,performance,,32861568.0,31892908.0,29217240.0,0.0,0.0,11.83,14.04,14.79,,,
11,68,disabled,Disabled,3000,mixed,1,258330.64051546683,2260.0,80077.0,11201.985714444445,19139.09148357367,1.7085445358937292,0,100,900,1790642710.528396,2400.347375,3102.779,performance,,32861568.0,31921392.0,29245748.0,0.0,0.0,10.89,13.81,14.71,,,
11,69,disabled,Disabled,100,mixed,1,292737.33313362143,323.0,727.0,335.2366333333333,136.95143361040485,0.40852168287417134,0,100,900,1790642724.5401587,2412.0465,3196.372,performance,,32861568.0,31967648.0,29291544.0,0.0,0.0,10.69,13.64,14.64,,,
11,70,sharded_n,Sharded-N,500,mixed,1,312446.78315259033,1452.0,4136.0,1565.7320288888889,807.3763161083098,0.5156542123502825,0,100,900,1790642727.2014468,2412.4605,3199.684,performance,,32861568.0,31967344.0,29291212.0,0.0,0.0,10.69,13.64,14.64,,,
11,71,sharded_n,Sharded-N,750,read-heavy,1,290679.4784090331,1914.0,8699.0,2517.5511466666667,1851.2015591927004,0.7353183515829506,0,100,900,1790642731.1547866,2591.09575,3106.06,performance,,32861568.0,31934592.0,29258496.0,0.0,0.0,11.59,13.78,14.68,,,
11,72,global_mutex,GlobalMutex,3000,mixed,1,251117.39736206128,2345.0,80829.0,11490.303655555555,19355.27832012025,1.6844879735412375,0,100,900,1790642736.2605913,2605.646875,3209.956,performance,,32861568.0,31932284.0,29256036.0,0.0,0.0,11.47,13.71,14.66,,,
11,73,global_mutex,GlobalMutex,750,write-heavy,1,288244.41736870445,1927.0,8624.0,2549.063688888889,1869.1413648432608,0.7332658548276605,0,100,900,1790642750.6548994,2300.0,2300.0,performance,,32861568.0,31935124.0,29258432.0,0.0,0.0,10.63,13.43,14.55,,,
11,74,hdr_histogram,HdrHistogram,1000,mixed,1,284485.01467677945,1985.0,14474.0,3406.969878888889,3364.271888418358,0.9874674587717646,0,100,900,1790642755.6060705,2844.888125,3202.009,performance,,32861568.0,31931092.0,29254324.0,0.0,0.0,9.78,13.21,14.47,,,
11,75,sharded_n,Sharded-N,100,write-heavy,1,288387.8257938096,326.0,737.0,340.11438888888887,138.69731120964008,0.4077960702066938,0,100,900,1790642761.4870565,2300.0,2300.0,performance,,32861568.0,31922592.0,29245796.0,0.0,0.0,10.52,13.3,14.5,,,
11,76,sharded_2key,Sharded-2key,2000,read-heavy,1,274850.1034034493,2117.0,42759.0,6990.6991077777775,10569.144549978862,1.5118866349461022,0,100,900,1790642764.154475,2412.95325,3203.626,performance,,32861568.0,31934672.0,29257860.0,0.0,0.0,9.67,13.08,14.42,,,
11,77,global_mutex,GlobalMutex,2000,read-heavy,1,277362.89767059544,2094.0,39896.0,6951.707755,10549.620304604628,1.5175580844889283,0,100,900,1790642773.991139,2412.130875,3197.047,performance,,32861568.0,31922028.0,29244892.0,0.0,0.0,9.14,12.86,14.33,,,
11,78,hdr_histogram,HdrHistogram,1500,write-heavy,1,275907.9842261877,2125.0,27626.0,5270.185721481482,6955.444808526158,1.3197722387990038,0,100,900,1790642783.7775638,2404.14175,3133.134,performance,,32861568.0,31939816.0,29262416.0,0.0,0.0,8.62,12.64,14.24,,,
11,79,global_mutex,GlobalMutex,3000,read-heavy,1,257526.89945389034,2262.0,66051.0,11224.929783333333,18881.989117737412,1.6821476376425273,0,100,900,1790642791.594055,2405.71375,3145.71,performance,,32861568.0,31937616.0,29260020.0,0.0,0.0,9.61,12.77,14.28,,,
11,80,hdr_histogram,HdrHistogram,1000,write-heavy,1,281904.1489753372,2039.0,14463.0,3452.8448911111113,3375.630964051921,0.9776375917557237,0,100,900,1790642805.821579,2403.24125,3125.93,performance,,32861568.0,31951176.0,29273248.0,0.0,0.0,16.21,14.02,14.66,,,
11,81,sharded_n,Sharded-N,3000,write-heavy,1,248384.77610959197,2382.0,75366.0,11613.766082962962,19523.34178693986,1.6810517490601093,0,100,900,1790642811.742108,2824.7695,3171.69,performance,,32861568.0,31932600.0,29254584.0,0.0,0.0,16.27,14.07,14.67,,,
11,82,disabled,Disabled,1500,mixed,1,281168.4204472261,2034.0,28184.0,5149.4499422222225,6870.541154380371,1.3342281664001223,0,100,900,1790642826.2224395,2404.806375,3138.451,performance,,32861568.0,31937648.0,29259236.0,0.0,0.0,15.72,14.06,14.66,,,
11,83,sharded_n,Sharded-N,2000,mixed,1,265914.0210608026,2193.0,42008.0,7268.714612222222,10830.583715241239,1.4900273697676607,0,100,900,1790642833.9398654,2300.0,2300.0,performance,,32861568.0,31898732.0,29220072.0,0.0,0.0,16.11,14.21,14.7,,,
11,84,hdr_histogram,HdrHistogram,750,write-heavy,1,285920.80658518773,1899.0,9210.0,2565.538234074074,1956.695213250547,0.7626840977315374,0,100,900,1790642843.8195975,2300.0,2300.0,performance,,32861568.0,31935632.0,29256776.0,0.0,0.0,14.44,13.92,14.6,,,
11,85,hdr_histogram,HdrHistogram,500,mixed,1,295943.5347206683,1539.0,4358.0,1654.881868888889,852.7580894090072,0.5152984665797088,0,100,900,1790642848.8049784,2300.0,2300.0,performance,,32861568.0,31940120.0,29261292.0,0.0,0.0,13.28,13.69,14.53,,,
11,86,hdr_histogram,HdrHistogram,1500,mixed,1,281649.44069374976,2054.0,27548.0,5149.671791851852,6830.911744714573,1.3264751659557972,0,100,900,1790642852.8431392,2729.353125,3186.194,performance,,32861568.0,31934524.0,29255636.0,0.0,0.0,13.28,13.69,14.53,,,
11,87,hdr_histogram,HdrHistogram,250,mixed,1,297864.5841725944,801.0,1792.0,824.80952,359.7669827274965,0.4361818989765012,0,100,900,1790642860.5734632,2411.76875,3194.15,performance,,32861568.0,31923580.0,29244452.0,0.0,0.0,11.76,13.36,14.41,,,
11,88,disabled,Disabled,100,read-heavy,1,296268.54020132177,317.0,720.0,331.1325444444444,137.18578521345725,0.4142926677401034,0,100,900,1790642863.74639,2400.2585,3102.068,performance,,32861568.0,31928820.0,29249660.0,0.0,0.0,11.76,13.36,14.41,,,
11,89,sharded_n,Sharded-N,3000,mixed,1,249662.8908553847,2362.0,79456.0,11567.036677777778,19522.482681323516,1.68776871943611,0,100,900,1790642866.5764246,2400.36875,3102.95,performance,,32861568.0,31944192.0,29265000.0,0.0,0.0,10.81,13.13,14.33,,,
11,90,global_mutex,GlobalMutex,2000,mixed,1,271920.74911099114,2131.0,43292.0,7069.033515,10696.506073919667,1.5131497185891707,0,100,900,1790642880.9725506,2882.249375,3203.663,performance,,32861568.0,31945632.0,29265956.0,0.0,0.0,12.06,13.32,14.37,,,
11,91,hdr_histogram,HdrHistogram,2000,mixed,1,271249.6304197414,2138.0,42523.0,7095.38618,10805.583346189482,1.5229027810561653,0,100,900,1790642890.7151952,2742.31775,3223.363,performance,,32861568.0,31926812.0,29246960.0,0.0,0.0,11.53,13.17,14.31,,,
11,92,thread_local,ThreadLocal,1000,mixed,1,291393.5404523609,1916.0,14248.0,3323.8346633333335,3321.5342315760463,0.9993078982590006,0,100,900,1790642900.4972878,2906.30925,3166.011,performance,,32861568.0,31936840.0,29256736.0,0.0,0.0,11.38,13.1,14.28,,,
11,93,hdr_histogram,HdrHistogram,500,read-heavy,1,298170.89568676474,1495.0,4505.0,1638.4550977777778,882.7555020879938,0.5387730815969674,0,100,900,1790642906.3057623,2300.0,2300.0,performance,,32861568.0,31905304.0,29225056.0,0.0,0.0,11.83,13.16,14.29,,,
11,94,disabled,Disabled,750,write-heavy,1,299321.49948830943,1825.0,8747.0,2444.629462222222,1862.140006311371,0.7617268936203708,0,100,900,1790642910.499827,2300.0,2300.0,performance,,32861568.0,31919984.0,29239760.0,0.0,0.0,10.88,12.94,14.22,,,
11,95,sharded_2key,Sharded-2key,750,read-heavy,1,304102.10807739635,1804.0,8258.0,2412.586665185185,1781.9836033471622,0.7386195194817513,0,100,900,1790642915.3712468,2406.968875,3155.751,performance,,32861568.0,31915220.0,29234836.0,0.0,0.0,10.01,12.73,14.14,,,
11,96,global_mutex,GlobalMutex,250,mixed,1,303368.94816920086,791.0,1679.0,810.2214577777778,351.90508140935725,0.4343319694032042,0,100,900,1790642920.3660145,2300.0,2300.0,performance,,32861568.0,31952068.0,29271668.0,0.0,0.0,9.21,12.52,14.06,,,
11,97,global_mutex,GlobalMutex,1000,mixed,1,288188.6810488488,1957.0,14630.0,3376.7258544444444,3381.5567147894553,1.0014306344527948,0,100,900,1790642923.5215933,2525.036625,3208.759,performance,,32861568.0,31949392.0,29268976.0,0.0,0.0,9.21,12.52,14.06,,,
11,98,thread_local,ThreadLocal,100,write-heavy,1,290071.5975989111,324.0,763.0,338.8286444444444,139.1396588243956,0.4106490437151026,0,100,900,1790642929.3590326,2300.0,2300.0,performance,,32861568.0,31897452.0,29216780.0,0.0,0.0,7.79,12.11,13.91,,,
11,99,disabled,Disabled,100,write-heavy,1,287267.32766836206,325.0,814.0,342.57264444444445,152.62028174529007,0.4455121686461475,0,100,900,1790642932.0254316,2412.84325,3202.746,performance,,32861568.0,31930228.0,29249516.0,0.0,0.0,7.79,12.11,13.91,,,
11,100,sharded_2key,Sharded-2key,750,write-heavy,1,284473.02388841606,1907.0,9171.0,2581.91416,1964.6377374538217,0.7609229492950385,0,100,900,1790642934.6912045,2411.9705,3195.764,performance,,32861568.0,31942280.0,29261540.0,0.0,0.0,7.17,11.9,13.84,,,
11,101,sharded_2key,Sharded-2key,1500,mixed,1,276382.3637705541,2095.0,29257.0,5246.697539259259,7029.132425829773,1.33972510769549,0,100,900,1790642939.6867344,2300.0,2300.0,performance,,32861568.0,31911848.0,29231024.0,0.0,0.0,6.59,11.71,13.76,,,
11,102,disabled,Disabled,1000,write-heavy,1,283857.5929337672,1998.0,14625.0,3418.2086422222224,3388.8684226984815,0.9914164924980512,0,100,900,1790642947.4897861,2402.32475,3118.598,performance,,32861568.0,31916132.0,29235024.0,0.0,0.0,7.99,11.91,13.82,,,
11,103,disabled,Disabled,2000,mixed,1,268446.89443874714,2167.0,44381.0,7186.419946111111,10921.4971687957,1.5197410185729272,0,100,900,1790642953.3733308,2687.309875,3151.564,performance,,32861568.0,31896108.0,29214932.0,0.0,0.0,8.71,12.0,13.83,,,
11,104,thread_local,ThreadLocal,750,read-heavy,1,300147.12585135235,1843.0,8362.0,2442.8924,1769.0223852450313,0.7241507588484172,0,100,900,1790642963.2101038,2410.7605,3186.084,performance,,32861568.0,31926956.0,29245508.0,0.0,0.0,10.31,12.24,13.89,,,
11,105,global_mutex,GlobalMutex,3000,write-heavy,1,246910.38578875913,2378.0,79288.0,11640.711682962963,19505.080810331907,1.6755917800866957,0,100,900,1790642968.238128,2407.949625,3163.597,performance,,32861568.0,31927236.0,29245824.0,0.0,0.0,10.76,12.3,13.91,,,
11,106,sharded_n,Sharded-N,1000,write-heavy,1,275544.04865102714,2069.0,15314.0,3529.522081111111,3546.284837585161,1.0047492992220557,0,100,900,1790642982.7860193,2300.0,2300.0,performance,,32861568.0,31946920.0,29264996.0,0.0,0.0,13.58,12.87,14.07,,,
11,107,thread_local,ThreadLocal,2000,mixed,1,272645.4794139279,2116.0,44294.0,7081.096406111111,10780.559172779269,1.5224420844596123,0,100,900,1790642988.7737784,2300.0,2300.0,performance,,32861568.0,31930928.0,29248984.0,0.0,0.0,13.77,12.92,14.08,,,
11,108,sharded_2key,Sharded-2key,100,write-heavy,1,288004.5887195112,329.0,736.0,340.5210333333333,140.82727105311875,0.41356408934441374,0,100,900,1790642998.512901,2670.647875,3082.435,performance,,32861568.0,31937488.0,29255172.0,0.0,0.0,14.3,13.05,14.11,,,
11,109,hdr_histogram,HdrHistogram,500,write-heavy,1,292000.7735191335,1556.0,4406.0,1676.4700977777777,856.161213227276,0.5106928029090104,0,100,900,1790643001.179286,2856.534875,3199.605,performance,,32861568.0,31951552.0,29269244.0,0.0,0.0,13.15,12.83,14.03,,,
11,110,thread_local,ThreadLocal,3000,mixed,1,257564.97466434512,2300.0,77482.0,11191.644082962963,19230.443282736243,1.7182858157552332,0,100,900,1790643005.2371461,2404.047625,3132.381,performance,,32861568.0,31934540.0,29252240.0,0.0,0.0,12.1,12.62,13.95,,,
11,111,thread_local,ThreadLocal,1500,mixed,1,279652.10643253085,2006.0,27459.0,5201.427824444444,6804.947037829254,1.308284430257586,0,100,900,1790643019.3142996,2612.526625,3185.426,performance,,32861568.0,31957556.0,29274812.0,0.0,0.0,14.18,13.11,14.1,,,
11,112,sharded_2key,Sharded-2key,3000,read-heavy,1,252478.58250157206,2329.0,82763.0,11440.462703333333,19535.729868997623,1.7075996291046538,0,100,900,1790643027.073098,2720.4595,3182.855,performance,,32861568.0,31914304.0,29231448.0,0.0,0.0,13.92,13.07,14.08,,,
11,113,thread_local,ThreadLocal,2000,write-heavy,1,265049.10500199464,2195.0,44417.0,7258.151250555556,10938.36683845641,1.5070458662072055,0,100,900,1790643041.5275006,2398.3895,3087.116,performance,,32861568.0,31947608.0,29264336.0,0.0,0.0,13.22,12.96,14.02,,,
11,114,global_mutex,GlobalMutex,250,write-heavy,1,298084.9239947499,796.0,1822.0,822.5035244444445,370.90688964648245,0.4509486933773439,0,100,900,1790643051.4649858,2300.0,2300.0,performance,,32861568.0,31942136.0,29258680.0,0.0,0.0,14.06,13.15,14.08,,,
11,115,sharded_n,Sharded-N,250,mixed,1,300529.2937950547,793.0,1726.0,817.54332,365.7350570374514,0.4473586268645084,0,100,900,1790643054.6372826,2595.718375,3130.857,performance,,32861568.0,31950488.0,29266980.0,0.0,0.0,12.93,12.93,14.0,,,
11,116,sharded_n,Sharded-N,500,read-heavy,1,298266.3999239763,1525.0,4310.0,1642.5569488888889,848.1592828351712,0.5163652215583212,0,100,900,1790643057.8042667,2879.615875,3221.708,performance,,32861568.0,31955456.0,29271976.0,0.0,0.0,12.93,12.93,14.0,,,
11,117,sharded_n,Sharded-N,750,mixed,1,291012.1498930637,1857.0,8820.0,2507.596588148148,1886.275437921101,0.7522244394638092,0,100,900,1790643061.9921286,2406.93275,3155.462,performance,,32861568.0,31929968.0,29246508.0,0.0,0.0,13.1,12.97,14.01,,,
11,118,disabled,Disabled,3000,read-heavy,1,263342.0828629826,2206.0,76153.0,10926.074346296296,18769.332267332957,1.7178477532230372,0,100,900,1790643066.9252024,2412.579875,3200.639,performance,,32861568.0,31905552.0,29221840.0,0.0,0.0,13.41,13.04,14.02,,,
11,119,hdr_histogram,HdrHistogram,100,write-heavy,1,289563.4070408835,325.0,718.0,338.6156222222222,143.59112272334937,0.4240534496932196,0,100,900,1790643080.899331,2398.60075,3088.806,performance,,32861568.0,31951576.0,29267420.0,0.0,0.0,16.01,13.6,14.19,,,
11,120,sharded_2key,Sharded-2key,750,mixed,1,292263.26478761603,1882.0,8624.0,2510.0378814814817,1874.1395749993158,0.7466578846583605,0,100,900,1790643083.5671763,2399.991625,3099.933,performance,,32861568.0,31964948.0,29280756.0,0.0,0.0,16.01,13.6,14.19,,,
11,121,thread_local,ThreadLocal,750,mixed,1,294994.0990778911,1864.0,8391.0,2480.9386903703703,1823.6567225458848,0.735067226620436,0,100,900,1790643088.485303,2401.701875,3113.615,performance,,32861568.0,31954092.0,29269956.0,0.0,0.0,14.73,13.37,14.11,,,
11,122,sharded_2key,Sharded-2key,2000,write-heavy,1,263063.7870899167,2202.0,44087.0,7323.194163888889,11049.25233157112,1.50880231826375,0,100,900,1790643093.3797503,2300.0,2300.0,performance,,32861568.0,31916852.0,29232632.0,0.0,0.0,13.55,13.15,14.04,,,
11,123,sharded_2key,Sharded-2key,250,write-heavy,1,314605.2527085848,761.0,1609.0,781.1895733333333,329.0566826027206,0.42122513386684984,0,100,900,1790643103.366242,2412.56175,3200.494,performance,,32861568.0,31917328.0,29232772.0,0.0,0.0,14.29,13.33,14.08,,,
11,124,sharded_n,Sharded-N,2000,write-heavy,1,260821.7779804333,2252.0,44563.0,7406.38604,11142.583456124494,1.5044562079192532,0,100,900,1790643106.4962614,2400.5625,3104.5,performance,,32861568.0,31940312.0,29255772.0,0.0,0.0,14.03,13.29,14.07,,,
11,125,sharded_2key,Sharded-2key,100,mixed,1,293030.14420303167,320.0,809.0,335.3227777777778,141.89835111592592,0.4231694370907412,0,100,900,1790643116.5613425,2409.11675,3172.934,performance,,32861568.0,31931464.0,29246564.0,0.0,0.0,13.74,13.25,14.05,,,
11,126,sharded_2key,Sharded-2key,1000,write-heavy,1,290665.4865957954,1947.0,14220.0,3339.32372,3321.4228119367995,0.9946393612706705,0,100,900,1790643119.2233014,2512.450125,3199.325,performance,,32861568.0,31950604.0,29265724.0,0.0,0.0,12.64,13.03,13.97,,,
11,127,global_mutex,GlobalMutex,750,read-heavy,1,294282.60714220017,1834.0,8772.0,2488.441191111111,1889.6292325553488,0.7593626240014186,0,100,900,1790643125.0335038,2408.137,3165.096,performance,,32861568.0,31942944.0,29257940.0,0.0,0.0,11.63,12.81,13.9,,,
11,128,thread_local,ThreadLocal,3000,read-heavy,1,257766.49836642327,2280.0,71762.0,11211.656075185185,18931.94073655537,1.688594495728203,0,100,900,1790643130.1034212,2412.0215,3196.172,performance,,32861568.0,31932692.0,29247720.0,0.0,0.0,10.69,12.6,13.82,,,
11,129,sharded_2key,Sharded-2key,250,mixed,1,310469.9838178491,765.0,1688.0,790.9120044444444,356.2298854672814,0.45040394312576637,0,100,900,1790643144.322817,2493.2265,3105.505,performance,,32861568.0,31933568.0,29248064.0,0.0,0.0,11.41,12.69,13.83,,,
11,130,global_mutex,GlobalMutex,250,read-heavy,1,320957.669213965,744.0,1564.0,763.8456711111111,321.60245976965314,0.4210306766572903,0,100,900,1790643147.4620116,2300.0,2300.0,performance,,32861568.0,31952628.0,29267132.0,0.0,0.0,11.41,12.69,13.83,,,
11,131,disabled,Disabled,500,read-heavy,1,300424.14742349135,1505.0,4453.0,1633.289171111111,865.3857300116356,0.5298423238935221,0,100,900,1790643150.746206,2411.42525,3191.402,performance,,32861568.0,31945736.0,29260244.0,0.0,0.0,10.49,12.48,13.76,,,
11,132,disabled,Disabled,1000,mixed,1,302052.24636435177,1902.0,14520.0,3213.27654,3313.0614784256923,1.031053952930454,0,100,900,1790643154.9165506,2397.11575,3076.926,performance,,32861568.0,31948440.0,29262888.0,0.0,0.0,9.65,12.27,13.68,,,
11,133,disabled,Disabled,2000,write-heavy,1,268995.1726883979,2156.0,45305.0,7170.158283888889,10814.255803621,1.5082311122643246,0,100,900,1790643160.6102474,2409.89525,3179.162,performance,,32861568.0,31921188.0,29235496.0,0.0,0.0,8.88,12.07,13.61,,,
11,134,thread_local,ThreadLocal,250,read-heavy,1,307048.7205572534,768.0,1810.0,798.5358933333333,364.19743793045785,0.4560814873457801,0,100,900,1790643170.4349208,2300.0,2300.0,performance,,32861568.0,31935824.0,29249828.0,0.0,0.0,8.91,11.98,13.57,,,
11,135,sharded_2key,Sharded-2key,500,read-heavy,1,306044.90594456566,1495.0,4172.0,1603.07226,814.1789288447424,0.5078866057134208,0,100,900,1790643173.7546916,2300.0,2300.0,performance,,32861568.0,31956840.0,29270904.0,0.0,0.0,8.91,11.98,13.57,,,
11,136,disabled,Disabled,750,read-heavy,1,306014.51245671994,1791.0,8430.0,2398.6739274074075,1807.3821518940435,0.7534922238670189,0,100,900,1790643177.8879647,2300.0,2300.0,performance,,32861568.0,31951200.0,29265252.0,0.0,0.0,8.2,11.78,13.49,,,
11,137,sharded_2key,Sharded-2key,100,read-heavy,1,298907.3382468917,313.0,754.0,328.3446222222222,138.1756626629431,0.4208251127360521,0,100,900,1790643182.859369,2739.333625,3216.024,performance,,32861568.0,31920360.0,29234256.0,0.0,0.0,8.75,11.83,13.5,,,
11,138,thread_local,ThreadLocal,3000,write-heavy,1,251792.93411237604,2339.0,77846.0,11457.524826666666,19214.50635435212,1.6770207043000744,0,100,900,1790643185.6842191,2618.202,3200.346,performance,,32861568.0,31944520.0,29258400.0,0.0,0.0,8.04,11.64,13.43,,,
11,139,disabled,Disabled,500,mixed,1,308197.74968372047,1504.0,4006.0,1592.3470133333333,778.3180393597521,0.4887866984034235,0,100,900,1790643200.0122247,2911.491875,3163.168,performance,,32861568.0,31942768.0,29256060.0,0.0,0.0,7.83,11.42,13.33,,,
11,140,sharded_2key,Sharded-2key,1500,write-heavy,1,272545.31591334334,2121.0,29212.0,5320.381882222222,7163.936420594212,1.3465079348029756,0,100,900,1790643203.9799385,2300.0,2300.0,performance,,32861568.0,31953484.0,29266896.0,0.0,0.0,7.2,11.23,13.26,,,
11,141,disabled,Disabled,250,read-heavy,1,310083.56913431623,768.0,1780.0,792.4339377777778,354.6356098336381,0.4475270340239877,0,100,900,1790643211.8562257,2412.255,3198.04,performance,,32861568.0,31916436.0,29229552.0,0.0,0.0,14.31,12.64,13.7,,,
11,142,global_mutex,GlobalMutex,100,read-heavy,1,291493.2023007908,321.0,750.0,336.5909555555556,138.46422128230333,0.41137237646140284,0,100,900,1790643215.1630287,2714.184,3145.318,performance,,32861568.0,31932208.0,29245356.0,0.0,0.0,13.17,12.43,13.63,,,
11,143,hdr_histogram,HdrHistogram,3000,write-heavy,1,248224.57038173245,2363.0,82200.0,11604.234874814814,19680.49964771915,1.6959756382071005,0,100,900,1790643217.997848,2300.0,2300.0,performance,,32861568.0,31937436.0,29250544.0,0.0,0.0,13.17,12.43,13.63,,,
11,144,thread_local,ThreadLocal,250,mixed,1,314842.5567456167,759.0,1561.0,777.4915466666666,327.99005610535926,0.4218567488116732,0,100,900,1790643232.4957662,2300.0,2300.0,performance,,32861568.0,31943296.0,29255936.0,0.0,0.0,15.96,13.1,13.83,,,
12,1,disabled,Disabled,250,read-heavy,1,319155.78602297633,753.0,1595.0,769.6706222222223,325.61860889555356,0.4230622807915094,0,100,900,1790643235.6261742,2800.281875,3156.702,performance,,32861568.0,31943988.0,29256592.0,0.0,0.0,14.68,12.88,13.75,,,
12,2,hdr_histogram,HdrHistogram,1000,read-heavy,1,308243.587385175,1870.0,13318.0,3156.0367744444443,3094.4397863978415,0.9804828040834709,0,100,900,1790643238.9153757,2712.502875,3168.642,performance,,32861568.0,31945472.0,29258080.0,0.0,0.0,13.5,12.66,13.68,,,
12,3,global_mutex,GlobalMutex,100,write-heavy,1,285045.6383245989,331.0,759.0,343.936,144.9476753555737,0.42143792843893546,0,100,900,1790643244.699371,2603.817375,3177.586,performance,,32861568.0,31908044.0,29220532.0,0.0,0.0,12.42,12.45,13.61,,,
12,4,global_mutex,GlobalMutex,1500,read-heavy,1,285359.2465108627,1995.0,27508.0,5078.894936296297,6792.999478071645,1.3374955700551137,0,100,900,1790643247.3710747,2412.276375,3198.211,performance,,32861568.0,31935872.0,29248352.0,0.0,0.0,12.42,12.45,13.61,,,
12,5,global_mutex,GlobalMutex,3000,mixed,1,251453.15870043336,2329.0,79160.0,11467.06687111111,19427.91011798802,1.6942353555932075,0,100,900,1790643255.166177,2507.59,3190.3,performance,,32861568.0,31904932.0,29217184.0,0.0,0.0,12.21,12.42,13.58,,,
12,6,sharded_n,Sharded-N,100,read-heavy,1,283621.6289942509,331.0,807.0,346.50822222222223,145.68711987039725,0.42044347154615386,0,100,900,1790643269.5141685,2411.538875,3192.311,performance,,32861568.0,31954580.0,29266376.0,0.0,0.0,14.88,13.07,13.78,,,
12,7,global_mutex,GlobalMutex,500,read-heavy,1,303727.50061088713,1492.0,4338.0,1612.4337488888889,840.275308457435,0.5211223772985774,0,100,900,1790643272.3553922,2403.46525,3127.722,performance,,32861568.0,31968488.0,29280248.0,0.0,0.0,14.88,13.07,13.78,,,
12,8,thread_local,ThreadLocal,3000,write-heavy,1,249135.5056546763,2373.0,81200.0,11557.76125925926,19511.169569834292,1.688144367422655,0,100,900,1790643276.5107882,2300.0,2300.0,performance,,32861568.0,31931128.0,29243028.0,0.0,0.0,14.49,13.02,13.76,,,
12,9,disabled,Disabled,2000,mixed,1,272992.63666743354,2117.0,43082.0,7040.777187777778,10652.848771515828,1.5130217144221403,0,100,900,1790643290.966013,2714.9635,3220.301,performance,,32861568.0,31957808.0,29269220.0,0.0,0.0,15.59,13.33,13.85,,,
12,10,disabled,Disabled,1000,write-heavy,1,285236.9032723154,2010.0,14517.0,3418.7226433333335,3383.2108563077477,0.9896125568727152,0,100,900,1790643300.6727035,2300.0,2300.0,performance,,32861568.0,31928292.0,29239420.0,0.0,0.0,13.93,13.05,13.75,,,
12,11,hdr_histogram,HdrHistogram,2000,mixed,1,267094.63469487365,2151.0,41234.0,7213.9042688888885,10948.760409882761,1.5177302056947213,0,100,900,1790643306.5240512,2783.688625,3126.637,performance,,32861568.0,31934600.0,29245760.0,0.0,0.0,14.26,13.13,13.78,,,
12,12,global_mutex,GlobalMutex,500,write-heavy,1,290215.48008609767,1572.0,4470.0,1687.242,867.1077945755013,0.5139202287374908,0,100,900,1790643316.3954077,2400.79425,3106.354,performance,,32861568.0,31943396.0,29254276.0,0.0,0.0,14.16,13.15,13.77,,,
12,13,sharded_2key,Sharded-2key,750,mixed,1,288600.0070182391,1904.0,8999.0,2538.7445674074074,1904.6571276503673,0.7502358260466602,0,100,900,1790643320.4540746,2698.519875,3172.897,performance,,32861568.0,31926916.0,29237720.0,0.0,0.0,13.03,12.93,13.7,,,
12,14,thread_local,ThreadLocal,250,read-heavy,1,305912.164541479,761.0,2082.0,799.4211511111112,389.56291275910746,0.4873062367910282,0,100,900,1790643325.4006174,2300.0,2300.0,performance,,32861568.0,31910024.0,29220776.0,0.0,0.0,11.98,12.71,13.63,,,
12,15,sharded_n,Sharded-N,1000,read-heavy,1,285250.9509646284,2012.0,14778.0,3424.890086666667,3399.187981522753,0.9924954948936978,0,100,900,1790643328.724237,2901.731125,3166.534,performance,,32861568.0,31918680.0,29229388.0,0.0,0.0,11.98,12.71,13.63,,,
12,16,hdr_histogram,HdrHistogram,500,write-heavy,1,289797.9435358331,1563.0,4402.0,1690.7625177777777,882.6988316007806,0.5220714454688405,0,100,900,1790643334.7597592,2300.0,2300.0,performance,,32861568.0,31890400.0,29200852.0,0.0,0.0,10.14,12.29,13.48,,,
12,17,disabled,Disabled,500,write-heavy,1,299136.2359423261,1528.0,4292.0,1644.4236622222222,842.1977443895422,0.5121537495096748,0,100,900,1790643338.830078,2708.556,3171.186,performance,,32861568.0,31936860.0,29247300.0,0.0,0.0,10.14,12.29,13.48,,,
12,18,hdr_histogram,HdrHistogram,750,write-heavy,1,284277.08389997564,1897.0,8818.0,2580.8570918518517,1919.4539245181381,0.7437273185633325,0,100,900,1790643342.849334,2404.04325,3132.346,performance,,32861568.0,31915536.0,29225952.0,0.0,0.0,9.33,12.09,13.41,,,
12,19,hdr_histogram,HdrHistogram,100,read-heavy,1,298073.3561642731,317.0,677.0,329.70514444444444,136.2185520042468,0.4131526435044744,0,100,900,1790643347.8470626,2300.0,2300.0,performance,,32861568.0,31911856.0,29222120.0,0.0,0.0,9.7,12.12,13.41,,,
12,20,sharded_2key,Sharded-2key,250,read-heavy,1,307675.8625489399,778.0,1676.0,797.1814711111111,337.6553900618839,0.42356151302821926,0,100,900,1790643350.6704597,2594.457,3108.156,performance,,32861568.0,31950804.0,29261044.0,0.0,0.0,8.93,11.92,13.34,,,
12,21,sharded_n,Sharded-N,750,write-heavy,1,286575.3875601282,1938.0,8692.0,2548.5698933333333,1859.5078975232705,0.7296279777876435,0,100,900,1790643353.9822,2806.19025,3143.057,performance,,32861568.0,31951584.0,29261792.0,0.0,0.0,8.21,11.72,13.27,,,
12,22,hdr_histogram,HdrHistogram,100,write-heavy,1,286203.079688239,331.0,687.0,342.6572777777778,135.21027720438929,0.39459333267708,0,100,900,1790643358.954593,2409.959125,3179.673,performance,,32861568.0,31897748.0,29207792.0,0.0,0.0,7.55,11.53,13.2,,,
12,23,disabled,Disabled,3000,read-heavy,1,260775.19709845752,2220.0,79249.0,11057.062132222221,18633.092727703766,1.6851757279543236,0,100,900,1790643361.6267405,2922.7505,3172.821,performance,,32861568.0,31943592.0,29253676.0,0.0,0.0,7.55,11.53,13.2,,,
12,24,global_mutex,GlobalMutex,250,read-heavy,1,308159.3120148603,769.0,1761.0,793.9459377777778,358.1482931262883,0.4510990938863303,0,100,900,1790643375.7160609,2411.7195,3193.756,performance,,32861568.0,31937256.0,29246880.0,0.0,0.0,8.01,11.45,13.14,,,
12,25,hdr_histogram,HdrHistogram,250,read-heavy,1,311253.92086564115,762.0,1710.0,787.744288888889,352.9711372228291,0.44807831957841787,0,100,900,1790643379.0314007,2807.918625,3159.16,performance,,32861568.0,31946288.0,29255948.0,0.0,0.0,7.37,11.26,13.07,,,
12,26,disabled,Disabled,750,write-heavy,1,288737.1165691078,1876.0,8939.0,2540.583948148148,1930.2501796387676,0.7597663446806165,0,100,900,1790643382.354825,2804.016,3115.864,performance,,32861568.0,31950120.0,29259720.0,0.0,0.0,7.37,11.26,13.07,,,
12,27,sharded_2key,Sharded-2key,750,read-heavy,1,294587.3313236638,1829.0,9021.0,2484.849382222222,1937.130627894751,0.7795766784714968,0,100,900,1790643387.3051326,2412.049625,3196.397,performance,,32861568.0,31927248.0,29236724.0,0.0,0.0,7.98,11.32,13.08,,,
12,28,sharded_n,Sharded-N,100,write-heavy,1,283170.13153167657,333.0,758.0,346.82362222222224,143.0831805076134,0.4125531576852482,0,100,900,1790643392.3773496,2409.8275,3178.62,performance,,32861568.0,31908996.0,29218356.0,0.0,0.0,7.9,11.25,13.05,,,
12,29,sharded_2key,Sharded-2key,3000,mixed,1,250815.63488755992,2335.0,81260.0,11524.141264074075,19681.185683731142,1.7078223212245967,0,100,900,1790643395.0515044,2398.013625,3084.109,performance,,32861568.0,31942352.0,29251700.0,0.0,0.0,7.27,11.06,12.98,,,
12,30,thread_local,ThreadLocal,2000,mixed,1,271983.12052204204,2107.0,40592.0,7080.333643888889,10701.884237413933,1.5114943413225792,0,100,900,1790643409.4100592,2412.37275,3198.982,performance,,32861568.0,31930152.0,29239096.0,0.0,0.0,7.69,10.99,12.93,,,
12,31,disabled,Disabled,1000,read-heavy,1,294080.8122838269,1935.0,14015.0,3309.316481111111,3257.638559191822,0.9843841100679684,0,100,900,1790643419.1629686,2849.361625,3179.599,performance,,32861568.0,31936088.0,29244812.0,0.0,0.0,7.17,10.77,12.84,,,
12,32,global_mutex,GlobalMutex,1000,mixed,1,285193.8856408263,1990.0,14870.0,3408.9973788888888,3402.811034717454,0.9981852892555021,0,100,900,1790643425.0895765,2506.715875,3149.422,performance,,32861568.0,31925200.0,29233816.0,0.0,0.0,6.6,10.59,12.77,,,
12,33,thread_local,ThreadLocal,250,mixed,1,314401.7524468624,763.0,1589.0,781.3945111111111,319.9803173781833,0.4094990594740477,0,100,900,1790643430.9597435,2300.0,2300.0,performance,,32861568.0,31931604.0,29240120.0,0.0,0.0,6.71,10.55,12.74,,,
12,34,thread_local,ThreadLocal,1000,mixed,1,286658.93739043165,1955.0,14188.0,3393.6787377777778,3351.1624040892284,0.987471903803013,0,100,900,1790643434.0878544,2300.0,2300.0,performance,,32861568.0,31925532.0,29234028.0,0.0,0.0,6.17,10.38,12.67,,,
12,35,global_mutex,GlobalMutex,500,mixed,1,299148.66358764784,1525.0,4327.0,1637.7703088888888,833.7326377336012,0.5090656688600185,0,100,900,1790643439.9351733,2411.73075,3193.846,performance,,32861568.0,31937088.0,29245292.0,0.0,0.0,5.68,10.2,12.6,,,
12,36,disabled,Disabled,100,write-heavy,1,292545.09385153785,322.0,704.0,335.44353333333333,136.26953203207756,0.4062368729483459,0,100,900,1790643443.9519427,2300.0,2300.0,performance,,32861568.0,31948684.0,29256916.0,0.0,0.0,5.22,10.03,12.54,,,
12,37,hdr_histogram,HdrHistogram,3000,read-heavy,1,253638.83747278943,2293.0,78397.0,11383.683682592593,19420.394775382745,1.7059851026148523,0,100,900,1790643446.6121264,2409.018375,3172.147,performance,,32861568.0,31963704.0,29271912.0,0.0,0.0,5.22,10.03,12.54,,,
12,38,disabled,Disabled,100,mixed,1,289740.23921552947,327.0,670.0,338.1304333333333,137.3299674087112,0.4061449484297959,0,100,900,1790643461.0225952,2527.41175,3222.644,performance,,32861568.0,31945068.0,29252768.0,0.0,0.0,7.75,10.37,12.61,,,
12,39,disabled,Disabled,750,read-heavy,1,293092.4570242406,1868.0,8944.0,2496.7465911111112,1869.484146445414,0.7487680780665247,0,100,900,1790643463.6871636,2412.042875,3196.343,performance,,32861568.0,31944176.0,29251848.0,0.0,0.0,7.75,10.37,12.61,,,
12,40,thread_local,ThreadLocal,750,mixed,1,291524.63967722974,1853.0,8704.0,2514.834786666667,1898.5186547878163,0.75492778486027,0,100,900,1790643468.7433438,2399.85425,3098.834,performance,,32861568.0,31926032.0,29233792.0,0.0,0.0,7.13,10.2,12.54,,,
12,41,sharded_n,Sharded-N,3000,mixed,1,248965.89103336274,2346.0,81853.0,11589.417597407408,19590.486574303584,1.6903771401494794,0,100,900,1790643473.6760974,2694.950375,3138.26,performance,,32861568.0,31922824.0,29230488.0,0.0,0.0,6.56,10.03,12.47,,,
12,42,thread_local,ThreadLocal,100,read-heavy,1,249035.67368785947,372.0,965.0,394.38972222222225,179.17834995625432,0.45431800034407277,0,100,900,1790643488.1462343,2607.588625,3156.672,performance,,32861568.0,31935524.0,29242548.0,0.0,0.0,8.25,10.23,12.5,,,
12,43,disabled,Disabled,250,write-heavy,1,284560.3567908307,836.0,2037.0,869.7989333333334,398.5968433458497,0.458263200919672,0,100,900,1790643491.0145667,2613.715,3187.56,performance,,32861568.0,31889664.0,29196208.0,0.0,0.0,8.79,10.31,12.51,,,
12,44,sharded_2key,Sharded-2key,1000,write-heavy,1,242793.27584313904,2328.0,16802.0,4006.1418777777776,3967.0909464367205,0.9902522345607193,0,100,900,1790643494.2438335,2808.220375,3194.588,performance,,32861568.0,31868008.0,29174540.0,0.0,0.0,8.17,10.15,12.45,,,
12,45,disabled,Disabled,2000,read-heavy,1,254405.93958222907,2275.0,46608.0,7596.696116666667,11560.889894222108,1.5218312956942233,0,100,900,1790643500.7165911,2411.6095,3192.876,performance,,32861568.0,31837888.0,29144340.0,0.0,0.0,7.59,10.0,12.39,,,
12,46,sharded_2key,Sharded-2key,750,write-heavy,1,283985.71915502654,1927.0,8946.0,2578.4689303703703,1930.0786937509486,0.7485367269768547,0,100,900,1790643511.1915972,2502.846375,3172.69,performance,,32861568.0,31900520.0,28963140.0,0.0,0.0,10.77,10.58,12.55,,,
12,47,disabled,Disabled,2000,write-heavy,1,268243.02194033354,2155.0,44299.0,7207.124597222222,10875.047750290112,1.5089301709147063,0,100,900,1790643516.1894603,2502.707625,3125.352,performance,,32861568.0,31911664.0,28974360.0,0.0,0.0,11.03,10.64,12.56,,,
12,48,hdr_histogram,HdrHistogram,750,mixed,1,288586.0031381449,1882.0,8928.0,2542.2763051851853,1922.9923994669637,0.7564057437599759,0,100,900,1790643526.0622663,2410.9295,3187.436,performance,,32861568.0,31907832.0,28970116.0,0.0,0.0,13.39,11.17,12.71,,,
12,49,global_mutex,GlobalMutex,2000,read-heavy,1,279231.7712217612,2041.0,39648.0,6917.145277777778,10309.87486509869,1.49048118133654,0,100,900,1790643531.0117695,2300.0,2300.0,performance,,32861568.0,31909996.0,28972360.0,0.0,0.0,13.52,11.24,12.72,,,
12,50,sharded_n,Sharded-N,250,mixed,1,303538.22488636326,782.0,1846.0,809.6808177777777,365.9055875222958,0.4519133706619699,0,100,900,1790643540.752044,2645.8535,3279.585,performance,,32861568.0,31934112.0,28996036.0,0.0,0.0,12.55,11.11,12.67,,,
12,51,sharded_2key,Sharded-2key,100,write-heavy,1,288478.6058544406,329.0,685.0,340.1602222222222,135.75812011166335,0.3991005157063143,0,100,900,1790643543.9121313,2412.753625,3202.029,performance,,32861568.0,31946716.0,29008648.0,0.0,0.0,11.54,10.93,12.6,,,
12,52,disabled,Disabled,500,read-heavy,1,303747.9877303309,1495.0,4324.0,1617.70748,823.4887703237321,0.5090467717462319,0,100,900,1790643546.580291,2514.836375,3181.979,performance,,32861568.0,31957376.0,29019276.0,0.0,0.0,11.54,10.93,12.6,,,
12,53,sharded_2key,Sharded-2key,3000,write-heavy,1,249059.1913576062,2356.0,79404.0,11588.599820370371,19668.635672294473,1.697240044282232,0,100,900,1790643550.7368534,2300.0,2300.0,performance,,32861568.0,31908896.0,28970800.0,0.0,0.0,10.62,10.75,12.53,,,
12,54,global_mutex,GlobalMutex,750,mixed,1,294646.6327705326,1867.0,8731.0,2482.6545466666666,1856.5847286163573,0.7478224189946598,0,100,900,1790643565.1923404,2394.6385,3057.108,performance,,32861568.0,31938112.0,28999536.0,0.0,0.0,12.8,11.26,12.67,,,
12,55,thread_local,ThreadLocal,100,write-heavy,1,284564.29904869775,327.0,799.0,343.64984444444445,146.78464076964286,0.4271343146013632,0,100,900,1790643570.0961692,2977.14075,3231.052,performance,,32861568.0,31914568.0,28976012.0,0.0,0.0,11.78,11.07,12.6,,,
12,56,global_mutex,GlobalMutex,750,read-heavy,1,291320.67585364444,1858.0,8934.0,2520.925457777778,1922.2787703036124,0.7625290007575715,0,100,900,1790643572.7666385,2300.0,2300.0,performance,,32861568.0,31941556.0,29002972.0,0.0,0.0,11.78,11.07,12.6,,,
12,57,thread_local,ThreadLocal,500,read-heavy,1,316709.6358594223,1443.0,3856.0,1544.184782222222,758.9976376312284,0.491519956917955,0,100,900,1790643577.8644931,2512.219625,3192.273,performance,,32861568.0,31915212.0,28976536.0,0.0,0.0,12.12,11.15,12.62,,,
12,58,thread_local,ThreadLocal,1000,read-heavy,1,291777.4256205801,1935.0,14063.0,3326.468607777778,3320.773193604785,0.9982878497155584,0,100,900,1790643581.961198,3030.4335,3194.044,performance,,32861568.0,31928916.0,28990232.0,0.0,0.0,12.03,11.15,12.61,,,
12,59,hdr_histogram,HdrHistogram,1000,write-heavy,1,278084.35969051265,2048.0,14948.0,3498.479881111111,3467.1666658892004,0.9910494796923156,0,100,900,1790643587.9207208,2300.0,2300.0,performance,,32861568.0,31882892.0,28943936.0,0.0,0.0,12.91,11.34,12.67,,,
12,60,sharded_2key,Sharded-2key,1000,read-heavy,1,286933.94426271535,1993.0,14805.0,3375.6276177777777,3392.098303671416,1.004879295869869,0,100,900,1790643593.876388,2702.1145,3161.056,performance,,32861568.0,31911768.0,28972752.0,0.0,0.0,12.99,11.39,12.68,,,
12,61,thread_local,ThreadLocal,3000,read-heavy,1,258055.55944911484,2268.0,77265.0,11167.990925925926,19085.499244388462,1.7089465214448234,0,100,900,1790643599.8833542,2411.8735,3194.988,performance,,32861568.0,31916616.0,28977392.0,0.0,0.0,11.0,11.01,12.54,,,
12,62,sharded_n,Sharded-N,500,mixed,1,293834.1357195935,1550.0,4363.0,1662.6450733333334,848.6252260947231,0.5104067246254592,0,100,900,1790643614.0867527,2300.0,2300.0,performance,,32861568.0,31961336.0,29021680.0,0.0,0.0,10.99,11.03,12.52,,,
12,63,sharded_n,Sharded-N,500,write-heavy,1,292632.7357947364,1554.0,4337.0,1673.7810466666667,868.3611325925041,0.5188021063578444,0,100,900,1790643618.1368835,2508.97425,3165.426,performance,,32861568.0,31932172.0,28992596.0,0.0,0.0,10.99,11.03,12.52,,,
12,64,hdr_histogram,HdrHistogram,3000,write-heavy,1,245111.12515930724,2414.0,84156.0,11766.128062222222,19927.412940141687,1.693625365520463,0,100,900,1790643622.1972134,2403.99375,3131.95,performance,,32861568.0,31914976.0,28975336.0,0.0,0.0,11.47,11.13,12.55,,,
12,65,sharded_2key,Sharded-2key,500,write-heavy,1,312000.78487749444,1493.0,3759.0,1572.2092755555555,760.0820033542155,0.48344836477677766,0,100,900,1790643636.8396108,2411.104125,3188.833,performance,,32861568.0,31918628.0,28978500.0,0.0,0.0,13.59,11.61,12.68,,,
12,66,disabled,Disabled,750,mixed,1,305476.9017525954,1773.0,8543.0,2396.431868148148,1834.1234102011288,0.7653559588232545,0,100,900,1790643640.8019757,2300.0,2300.0,performance,,32861568.0,31899376.0,28959300.0,0.0,0.0,12.5,11.42,12.61,,,
12,67,hdr_histogram,HdrHistogram,500,mixed,1,311492.4752094785,1487.0,3871.0,1573.2736111111112,774.172780884523,0.49207764969614537,0,100,900,1790643645.6145048,2411.1095,3188.876,performance,,32861568.0,31888744.0,28948512.0,0.0,0.0,11.5,11.23,12.55,,,
12,68,global_mutex,GlobalMutex,3000,read-heavy,1,258364.34990177117,2264.0,81034.0,11143.407023703703,19103.386394398272,1.7143218724544922,0,100,900,1790643649.573168,2300.0,2300.0,performance,,32861568.0,31894928.0,28954712.0,0.0,0.0,10.58,11.04,12.48,,,
12,69,global_mutex,GlobalMutex,2000,write-heavy,1,263123.4999945961,2210.0,42182.0,7337.719895555556,10922.545341423946,1.4885476001938576,0,100,900,1790643663.7526443,2300.0,2300.0,performance,,32861568.0,31949516.0,29008756.0,0.0,0.0,11.19,11.16,12.5,,,
12,70,disabled,Disabled,3000,mixed,1,251610.99212218134,2340.0,80272.0,11467.452185925926,19501.957777367268,1.7006356304063897,0,100,900,1790643673.7612529,2403.441375,3127.531,performance,,32861568.0,31920096.0,28979180.0,0.0,0.0,11.63,11.24,12.51,,,
12,71,thread_local,ThreadLocal,1500,read-heavy,1,285675.76507320226,1989.0,25774.0,5064.549637037037,6655.710975296023,1.314176274751624,0,100,900,1790643688.095024,2403.317625,3126.541,performance,,32861568.0,31926532.0,28985200.0,0.0,0.0,14.92,11.92,12.71,,,
12,72,thread_local,ThreadLocal,750,read-heavy,1,295558.58505197254,1855.0,8274.0,2482.197500740741,1796.8854199530026,0.7239091246432943,0,100,900,1790643695.9045928,2414.7475,3217.98,performance,,32861568.0,31916024.0,28974568.0,0.0,0.0,13.14,11.65,12.61,,,
12,73,global_mutex,GlobalMutex,1500,write-heavy,1,271158.151280827,2150.0,28601.0,5337.680714074074,7135.5741282243,1.336830453235925,0,100,900,1790643700.9676116,2406.592125,3152.737,performance,,32861568.0,31889104.0,28947604.0,0.0,0.0,14.25,11.9,12.69,,,
12,74,thread_local,ThreadLocal,750,write-heavy,1,288534.30595036235,1918.0,8840.0,2538.0270014814814,1855.735768361158,0.7311725869259623,0,100,900,1790643708.8840194,2405.7775,3146.22,performance,,32861568.0,31908712.0,28966936.0,0.0,0.0,13.91,11.87,12.68,,,
12,75,hdr_histogram,HdrHistogram,1500,read-heavy,1,277015.09326810815,2050.0,27185.0,5246.6193066666665,6881.561559014831,1.3116182358172452,0,100,900,1790643713.8388808,2300.0,2300.0,performance,,32861568.0,31912776.0,28971028.0,0.0,0.0,12.79,11.67,12.61,,,
12,76,hdr_histogram,HdrHistogram,2000,read-heavy,1,269309.893196701,2143.0,43960.0,7145.392133333334,10813.735465031225,1.513385866478206,0,100,900,1790643721.8021038,2872.185625,3100.189,performance,,32861568.0,31913716.0,28971764.0,0.0,0.0,14.91,12.13,12.75,,,
12,77,thread_local,ThreadLocal,2000,read-heavy,1,272892.3925541821,2135.0,44974.0,7074.285555,10825.478583558968,1.5302575078988265,0,100,900,1790643731.7857325,2523.178,3203.553,performance,,32861568.0,31909772.0,28967492.0,0.0,0.0,15.18,12.28,12.79,,,
12,78,hdr_histogram,HdrHistogram,250,mixed,1,298893.53796753945,800.0,1753.0,821.9351244444445,358.38124455593555,0.4360213280800837,0,100,900,1790643741.6734922,2409.812625,3178.501,performance,,32861568.0,31941296.0,28998776.0,0.0,0.0,20.19,13.42,13.15,,,
12,79,sharded_2key,Sharded-2key,3000,read-heavy,1,250159.99575500353,2327.0,65485.0,11507.420672962962,19279.0162238087,1.6753551270707727,0,100,900,1790643744.8365905,2300.0,2300.0,performance,,32861568.0,31935428.0,28992908.0,0.0,0.0,18.58,13.19,13.08,,,
12,80,sharded_2key,Sharded-2key,2000,read-heavy,1,270211.7288180772,2146.0,41953.0,7127.864726111111,10796.33574027671,1.5146661945936057,0,100,900,1790643759.3726177,2782.604125,3084.367,performance,,32861568.0,31923236.0,28980256.0,0.0,0.0,15.8,12.85,12.97,,,
12,81,disabled,Disabled,3000,write-heavy,1,245816.79084316263,2404.0,82201.0,11732.847427407407,19764.34601903894,1.6845310689773663,0,100,900,1790643769.3730195,2912.2775,3167.027,performance,,32861568.0,31909380.0,28966196.0,0.0,0.0,14.77,12.74,12.93,,,
12,82,hdr_histogram,HdrHistogram,100,mixed,1,281340.77372145135,336.0,717.0,348.6166333333333,139.0170629592606,0.3987677284070896,0,100,900,1790643783.991844,2300.0,2300.0,performance,,32861568.0,31936004.0,28992396.0,0.0,0.0,16.52,13.25,13.1,,,
12,83,disabled,Disabled,100,read-heavy,1,288787.71585618315,327.0,719.0,339.9678666666667,140.83295830295378,0.4142537342831826,0,100,900,1790643786.668757,2300.0,2300.0,performance,,32861568.0,31956240.0,29012656.0,0.0,0.0,16.52,13.25,13.1,,,
12,84,sharded_n,Sharded-N,1500,mixed,1,272058.81816528906,2138.0,28701.0,5328.047608148148,7084.555251496497,1.329671912214548,0,100,900,1790643789.5011961,2412.50825,3200.066,performance,,32861568.0,31955384.0,29011764.0,0.0,0.0,15.2,13.03,13.03,,,
12,85,disabled,Disabled,250,mixed,1,309843.683847728,769.0,1719.0,796.0147022222222,360.5181904532585,0.4529039343705654,0,100,900,1790643797.3987074,2300.0,2300.0,performance,,32861568.0,31897512.0,28953836.0,0.0,0.0,15.43,13.11,13.06,,,
12,86,sharded_2key,Sharded-2key,100,mixed,1,288586.6666803478,327.0,705.0,339.9281111111111,137.63701717954473,0.4049003676973212,0,100,900,1790643800.5309727,2300.0,2300.0,performance,,32861568.0,31929260.0,28985588.0,0.0,0.0,14.19,12.9,12.99,,,
12,87,sharded_2key,Sharded-2key,250,mixed,1,310553.6558582023,770.0,1696.0,791.2496977777778,345.18531423879733,0.43625332838451525,0,100,900,1790643803.1976044,2413.14125,3205.13,performance,,32861568.0,31948688.0,29004988.0,0.0,0.0,14.19,12.9,12.99,,,
12,88,global_mutex,GlobalMutex,2000,mixed,1,266468.4221349126,2191.0,40396.0,7224.426421111111,10977.805617497495,1.519540096002406,0,100,900,1790643806.3368015,2300.0,2300.0,performance,,32861568.0,31924736.0,28980988.0,0.0,0.0,14.82,13.05,13.04,,,
12,89,sharded_2key,Sharded-2key,1500,mixed,1,284569.9571629866,2004.0,25303.0,5085.168901481481,6460.373074109575,1.2704343158056068,0,100,900,1790643816.2443776,2381.694,2953.552,performance,,32861568.0,31912904.0,28968800.0,0.0,0.0,15.71,13.31,13.12,,,
12,90,sharded_n,Sharded-N,100,mixed,1,280352.5005312369,335.0,758.0,349.25205555555556,145.23073439212465,0.4158335851770607,0,100,900,1790643823.9133217,2408.746875,3169.975,performance,,32861568.0,31908088.0,28963880.0,0.0,0.0,15.9,13.39,13.15,,,
12,91,thread_local,ThreadLocal,1500,mixed,1,275100.99718719505,2096.0,27511.0,5267.883836296296,6911.176690571375,1.3119455374001627,0,100,900,1790643826.5890498,2717.9075,3164.628,performance,,32861568.0,31927988.0,28983752.0,0.0,0.0,14.62,13.16,13.08,,,
12,92,sharded_2key,Sharded-2key,500,read-heavy,1,310246.8817897724,1491.0,3968.0,1579.29808,754.3511828090651,0.4776496548448062,0,100,900,1790643834.4204752,2400.24025,3101.922,performance,,32861568.0,31918304.0,28973872.0,0.0,0.0,12.96,12.86,12.98,,,
12,93,hdr_histogram,HdrHistogram,1000,mixed,1,290487.0226312136,1942.0,14740.0,3343.666313333333,3420.6469641246463,1.023022826914379,0,100,900,1790643838.5519352,2300.0,2300.0,performance,,32861568.0,31908920.0,28964524.0,0.0,0.0,12.96,12.86,12.98,,,
12,94,hdr_histogram,HdrHistogram,3000,mixed,1,246786.10979349064,2382.0,78317.0,11709.710681851851,19593.603551351265,1.67327819479931,0,100,900,1790643844.3640475,2300.0,2300.0,performance,,32861568.0,31876800.0,28932164.0,0.0,0.0,12.81,12.84,12.97,,,
12,95,thread_local,ThreadLocal,500,mixed,1,292581.32470543165,1543.0,4377.0,1672.9458044444445,868.3591901383371,0.5190599646631732,0,100,900,1790643858.9135885,2409.336,3174.688,performance,,32861568.0,31943796.0,28998716.0,0.0,0.0,13.75,13.03,13.03,,,
12,96,sharded_2key,Sharded-2key,2000,write-heavy,1,263291.2814489045,2225.0,42623.0,7331.059377222222,10971.145174733416,1.4965293022753339,0,100,900,1790643862.9669793,2732.9305,3226.575,performance,,32861568.0,31929700.0,28984708.0,0.0,0.0,12.65,12.82,12.96,,,
12,97,sharded_2key,Sharded-2key,1500,write-heavy,1,268566.481286962,2131.0,29670.0,5398.483673333333,7234.683859161004,1.3401325810982578,0,100,900,1790643872.9514089,2880.727125,3282.704,performance,,32861568.0,31921648.0,28976240.0,0.0,0.0,16.03,13.55,13.2,,,
12,98,thread_local,ThreadLocal,1000,write-heavy,1,283005.4663697597,2011.0,14916.0,3436.2238177777776,3366.987266299759,0.9798509773665459,0,100,900,1790643880.90325,2407.553125,3160.425,performance,,32861568.0,31916624.0,28971108.0,0.0,0.0,14.74,13.36,13.14,,,
12,99,sharded_n,Sharded-N,750,read-heavy,1,296586.3599369771,1846.0,8797.0,2477.582856296296,1902.7168061412133,0.7679730271404759,0,100,900,1790643886.812985,2300.0,2300.0,performance,,32861568.0,31929984.0,28984412.0,0.0,0.0,14.68,13.37,13.15,,,
12,100,global_mutex,GlobalMutex,100,read-heavy,1,283619.75115089584,327.0,855.0,344.8364,156.13404059732417,0.4527771447484203,0,100,900,1790643891.8651676,2631.932,3200.936,performance,,32861568.0,31927304.0,28981660.0,0.0,0.0,15.43,13.55,13.21,,,
12,101,sharded_2key,Sharded-2key,2000,mixed,1,258672.18545230557,2233.0,45303.0,7443.322731666667,11224.139444211209,1.5079474381057723,0,100,900,1790643894.7100534,2300.0,2300.0,performance,,32861568.0,31941968.0,28996288.0,0.0,0.0,14.19,13.32,13.13,,,
12,102,disabled,Disabled,1500,write-heavy,1,266925.88399476215,2182.0,28950.0,5447.455482962963,7283.079345479188,1.3369690433005244,0,100,900,1790643904.8184605,2399.0275,3092.22,performance,,32861568.0,31927720.0,28981704.0,0.0,0.0,13.56,13.23,13.11,,,
12,103,sharded_n,Sharded-N,3000,read-heavy,1,245421.53998336286,2388.0,81018.0,11792.64008888889,19806.732265291783,1.6795842250755901,0,100,900,1790643912.8162599,2390.83375,3026.67,performance,,32861568.0,31927348.0,28981216.0,0.0,0.0,15.03,13.54,13.21,,,
12,104,global_mutex,GlobalMutex,250,mixed,1,297341.9469498198,809.0,1712.0,826.2322977777778,348.99313834517466,0.42239106276022065,0,100,900,1790643927.6041229,2477.695375,3022.358,performance,,32861568.0,31943560.0,28996992.0,0.0,0.0,17.91,14.21,13.43,,,
12,105,sharded_n,Sharded-N,1500,read-heavy,1,272059.0840748843,2118.0,28258.0,5325.198104444445,7059.68925576957,1.3257139203661752,0,100,900,1790643930.7806358,2488.4525,3086.582,performance,,32861568.0,31949616.0,29003084.0,0.0,0.0,16.48,13.97,13.36,,,
12,106,hdr_histogram,HdrHistogram,500,read-heavy,1,303042.8710446458,1513.0,4151.0,1616.4712333333334,810.515409291921,0.5014103514979064,0,100,900,1790643938.8434753,2670.7405,3093.124,performance,,32861568.0,31910616.0,28963852.0,0.0,0.0,17.64,14.26,13.45,,,
12,107,global_mutex,GlobalMutex,1000,write-heavy,1,278672.38666717603,2057.0,14574.0,3490.462121111111,3372.8987616313643,0.9663186834864367,0,100,900,1790643943.021635,2300.0,2300.0,performance,,32861568.0,31914628.0,28967888.0,0.0,0.0,16.23,14.02,13.38,,,
12,108,sharded_n,Sharded-N,3000,write-heavy,1,237261.44617973862,2504.0,82357.0,12160.371350370371,20482.935694825384,1.684400509216483,0,100,900,1790643948.9931617,2662.486625,3092.73,performance,,32861568.0,31931260.0,28984376.0,0.0,0.0,14.84,13.8,13.32,,,
12,109,thread_local,ThreadLocal,2000,write-heavy,1,258971.7536620746,2239.0,42699.0,7435.9247327777775,11137.826602126823,1.4978401479819923,0,100,900,1790643964.0679536,2848.300375,3111.352,performance,,32861568.0,31930772.0,28983340.0,0.0,0.0,16.59,14.3,13.49,,,
12,110,hdr_histogram,HdrHistogram,250,write-heavy,1,299188.19392429834,802.0,1716.0,820.6088533333333,350.7596475606409,0.4274382930867082,0,100,900,1790643974.2052886,3060.3345,3113.139,performance,,32861568.0,31919168.0,28971576.0,0.0,0.0,14.85,14.01,13.41,,,
12,111,sharded_n,Sharded-N,2000,mixed,1,261947.12354660858,2207.0,40334.0,7355.723280555556,10906.38714733333,1.482707645645637,0,100,900,1790643977.3763766,2495.936375,3096.28,performance,,32861568.0,31925908.0,28978332.0,0.0,0.0,14.85,14.01,13.41,,,
12,112,thread_local,ThreadLocal,1500,write-heavy,1,270999.91304034344,2113.0,27518.0,5358.224182222222,6928.059266859694,1.2929767458864352,0,100,900,1790643987.4366002,2660.228,3071.128,performance,,32861568.0,31938628.0,28990868.0,0.0,0.0,15.82,14.25,13.49,,,
12,113,global_mutex,GlobalMutex,750,write-heavy,1,275794.0160488575,1997.0,8735.0,2659.455631111111,1934.8987079838196,0.727554423299563,0,100,900,1790643995.3613753,2575.150875,3105.188,performance,,32861568.0,31896652.0,28948644.0,0.0,0.0,13.91,13.9,13.38,,,
12,114,global_mutex,GlobalMutex,1000,read-heavy,1,286992.1803511668,1929.0,13948.0,3388.06501,3196.685999246932,0.9435137725550704,0,100,900,1790644000.4318237,2300.0,2300.0,performance,,32861568.0,31915876.0,28967828.0,0.0,0.0,12.79,13.67,13.31,,,
12,115,disabled,Disabled,1000,mixed,1,279235.34724918014,2033.0,14627.0,3483.5786722222224,3420.7088706089617,0.9819525242491064,0,100,900,1790644006.4666681,2849.599375,3095.253,performance,,32861568.0,31905256.0,28957056.0,0.0,0.0,13.53,13.81,13.36,,,
12,116,sharded_n,Sharded-N,2000,read-heavy,1,259873.1316724925,2240.0,43384.0,7424.243251666667,11132.862896504133,1.4995283046531267,0,100,900,1790644012.4107518,2300.0,2300.0,performance,,32861568.0,31912416.0,28964032.0,0.0,0.0,13.25,13.74,13.34,,,
12,117,sharded_2key,Sharded-2key,1000,mixed,1,278346.116906579,2052.0,14329.0,3489.3954955555555,3419.7805541863613,0.980049569772798,0,100,900,1790644022.6732867,2746.93625,3078.647,performance,,32861568.0,31912256.0,28963612.0,0.0,0.0,14.12,13.9,13.4,,,
12,118,hdr_histogram,HdrHistogram,2000,write-heavy,1,256028.10415720142,2294.0,44018.0,7526.498018333334,11379.015359979741,1.5118605402223315,0,100,900,1790644028.622237,2647.455,3047.858,performance,,32861568.0,31933256.0,28984536.0,0.0,0.0,14.67,14.02,13.44,,,
12,119,global_mutex,GlobalMutex,1500,mixed,1,266229.53333913453,2140.0,28506.0,5436.679467407407,7206.8645356179295,1.325600410843178,0,100,900,1790644038.8461032,2397.787625,3082.301,performance,,32861568.0,31927892.0,28978876.0,0.0,0.0,18.32,14.85,13.72,,,
12,120,sharded_n,Sharded-N,2000,write-heavy,1,251943.38337862564,2319.0,43928.0,7656.993513333333,11278.88489854841,1.4730174289567017,0,100,900,1790644046.8722193,2827.700875,3086.267,performance,,32861568.0,31894740.0,28945588.0,0.0,0.0,16.95,14.66,13.67,,,
12,121,sharded_n,Sharded-N,500,read-heavy,1,289492.4772156779,1582.0,4277.0,1693.214502222222,857.1611549167443,0.5062330577678031,0,100,900,1790644057.2084365,2477.780375,3017.748,performance,,32861568.0,31928804.0,28979376.0,0.0,0.0,15.79,14.49,13.62,,,
12,122,disabled,Disabled,1500,read-heavy,1,274908.49413173384,2059.0,27626.0,5271.516025185185,6985.459809839787,1.3251329933298255,0,100,900,1790644061.4530199,2300.0,2300.0,performance,,32861568.0,31926840.0,28977416.0,0.0,0.0,16.53,14.67,13.68,,,
12,123,sharded_n,Sharded-N,250,write-heavy,1,294129.62986149575,815.0,1711.0,830.9962755555556,352.1723608579013,0.42379535410367447,0,100,900,1790644069.4669752,2484.202375,3058.966,performance,,32861568.0,31916944.0,28967264.0,0.0,0.0,15.09,14.43,13.62,,,
12,124,disabled,Disabled,500,mixed,1,286790.83898057794,1579.0,4492.0,1709.1980533333333,912.7394572019898,0.5340162045129503,0,100,900,1790644072.6526234,2300.0,2300.0,performance,,32861568.0,31928792.0,28979156.0,0.0,0.0,15.09,14.43,13.62,,,
12,125,thread_local,ThreadLocal,100,mixed,1,280835.40532395215,335.0,755.0,349.09996666666666,146.63512514855202,0.4200376372094145,0,100,900,1790644076.7429378,2300.0,2300.0,performance,,32861568.0,31916880.0,28967264.0,0.0,0.0,15.16,14.45,13.63,,,
12,126,global_mutex,GlobalMutex,100,mixed,1,286311.6700146787,329.0,687.0,341.92685555555556,137.3712085449522,0.4017561250687792,0,100,900,1790644079.420434,2386.180375,2989.443,performance,,32861568.0,31932444.0,28982800.0,0.0,0.0,13.95,14.21,13.56,,,
12,127,thread_local,ThreadLocal,3000,mixed,1,240330.84386174762,2461.0,78522.0,12026.052761851852,20273.590620967363,1.6858058934580544,0,100,900,1790644082.092095,2399.052375,3092.419,performance,,32861568.0,31944256.0,28994560.0,0.0,0.0,13.95,14.21,13.56,,,
12,128,hdr_histogram,HdrHistogram,750,read-heavy,1,283252.5819457934,1934.0,8807.0,2594.1889644444445,1920.436405851331,0.740283931576511,0,100,900,1790644096.96675,2857.30625,3153.645,performance,,32861568.0,31935496.0,28985148.0,0.0,0.0,14.68,14.38,13.62,,,
12,129,sharded_2key,Sharded-2key,1500,read-heavy,1,269091.99261002184,2158.0,30119.0,5370.066487407407,7383.913673857995,1.375013454893525,0,100,900,1790644102.1483867,2387.789875,3002.319,performance,,32861568.0,31927224.0,28976936.0,0.0,0.0,15.27,14.51,13.67,,,
12,130,hdr_histogram,HdrHistogram,1500,write-heavy,1,262625.67980358115,2200.0,28749.0,5518.803497037037,7297.28359735394,1.3222582759599508,0,100,900,1790644110.264165,2399.102,3092.816,performance,,32861568.0,31918852.0,28968320.0,0.0,0.0,14.17,14.31,13.61,,,
12,131,disabled,Disabled,1500,mixed,1,267075.4516935833,2148.0,29940.0,5430.881716296296,7367.176425220214,1.3565341338799062,0,100,900,1790644118.3629618,2300.0,2300.0,performance,,32861568.0,31904620.0,28953904.0,0.0,0.0,13.76,14.22,13.59,,,
12,132,thread_local,ThreadLocal,250,write-heavy,1,304694.41465887264,785.0,1661.0,805.4670977777778,337.4282254691423,0.41892241955019766,0,100,900,1790644126.3584452,2766.203,3099.348,performance,,32861568.0,31911904.0,28960952.0,0.0,0.0,13.9,14.24,13.6,,,
12,133,hdr_histogram,HdrHistogram,1500,mixed,1,267046.1123162198,2169.0,29186.0,5437.032074814815,7255.948292808801,1.3345421165380817,0,100,900,1790644129.5197582,2393.05625,3044.45,performance,,32861568.0,31928452.0,28977592.0,0.0,0.0,12.79,14.01,13.53,,,
12,134,thread_local,ThreadLocal,500,write-heavy,1,292200.2384521474,1573.0,4286.0,1684.3536844444445,842.3505847261121,0.5001031508438485,0,100,900,1790644137.5176654,2300.0,2300.0,performance,,32861568.0,31898536.0,28947372.0,0.0,0.0,13.37,14.11,13.56,,,
12,135,sharded_n,Sharded-N,1500,write-heavy,1,258638.70512922344,2252.0,29869.0,5603.419514074074,7452.879864671968,1.3300592336434236,0,100,900,1790644141.5766625,2300.0,2300.0,performance,,32861568.0,31940492.0,28989300.0,0.0,0.0,13.82,14.19,13.59,,,
12,136,global_mutex,GlobalMutex,250,write-heavy,1,309705.06492103636,777.0,1624.0,791.8004044444444,320.2326474598811,0.4044360746248517,0,100,900,1790644149.75229,2399.557125,3096.457,performance,,32861568.0,31903716.0,28952368.0,0.0,0.0,13.24,14.06,13.56,,,
12,137,sharded_n,Sharded-N,1000,write-heavy,1,269010.72417200037,2094.0,15387.0,3617.079438888889,3555.2034143230776,0.9828933741679672,0,100,900,1790644152.8942661,2392.182375,3037.459,performance,,32861568.0,31931004.0,28979660.0,0.0,0.0,13.24,14.06,13.56,,,
12,138,global_mutex,GlobalMutex,3000,write-heavy,1,235003.1395858052,2543.0,78602.0,12299.043516296297,20596.697514013464,1.6746584794762887,0,100,900,1790644158.9702272,2591.090375,3128.505,performance,,32861568.0,31907444.0,28955872.0,0.0,0.0,12.98,13.99,13.54,,,
12,139,sharded_n,Sharded-N,250,read-heavy,1,305469.5412912696,788.0,1670.0,802.2576444444444,338.2570588189426,0.4216314561305082,0,100,900,1790644174.1681836,2393.971625,3051.773,performance,,32861568.0,31936220.0,28984252.0,0.0,0.0,11.59,13.61,13.42,,,
12,140,sharded_n,Sharded-N,750,mixed,1,271951.03053939366,2057.0,9306.0,2696.491034074074,1966.542519289553,0.7292968878588643,0,100,900,1790644177.4900138,2563.651,3010.789,performance,,32861568.0,31946276.0,28994328.0,0.0,0.0,11.59,13.61,13.42,,,
12,141,sharded_2key,Sharded-2key,100,read-heavy,1,292247.1554326076,323.0,716.0,335.6403222222222,137.45982488123286,0.40954502716220986,0,100,900,1790644182.5941517,2399.456875,3095.655,performance,,32861568.0,31910440.0,28958432.0,0.0,0.0,11.63,13.58,13.41,,,
12,142,sharded_2key,Sharded-2key,250,write-heavy,1,290919.87292852683,816.0,1838.0,843.2426133333333,367.7570315149682,0.4361224464940484,0,100,900,1790644185.4280627,2778.21925,3085.09,performance,,32861568.0,31934172.0,28982136.0,0.0,0.0,10.7,13.36,13.34,,,
12,143,sharded_2key,Sharded-2key,500,mixed,1,290098.97908986156,1577.0,4375.0,1694.6781133333334,849.3119250242677,0.501164155211588,0,100,900,1790644188.622674,2392.423875,3039.391,performance,,32861568.0,31920328.0,28968320.0,0.0,0.0,10.7,13.36,13.34,,,
12,144,sharded_n,Sharded-N,1000,mixed,1,274978.5475944392,2048.0,14574.0,3547.8004277777777,3415.752541388942,0.9627803510719046,0,100,900,1790644192.6993227,2392.53475,3040.278,performance,,32861568.0,31906720.0,28954624.0,0.0,0.0,10.56,13.28,13.32,,,
13,1,global_mutex,GlobalMutex,250,read-heavy,1,307200.93239660916,776.0,1680.0,798.3401377777777,351.7156417954567,0.44055863553907726,0,100,900,1790644198.7005067,2393.755875,3050.047,performance,,32861568.0,31912912.0,28960640.0,0.0,0.0,10.84,13.29,13.32,,,
13,2,global_mutex,GlobalMutex,1000,mixed,1,272611.92277482775,2110.0,15085.0,3568.15752,3480.3719945281628,0.9753975195938555,0,100,900,1790644202.0230534,2501.969375,3114.322,performance,,32861568.0,31941120.0,28988800.0,0.0,0.0,10.05,13.09,13.26,,,
13,3,disabled,Disabled,750,mixed,1,286088.9194267407,1922.0,9005.0,2568.4568577777777,1900.1895487828606,0.7398175846437615,0,100,900,1790644208.0540514,2758.626125,3077.846,performance,,32861568.0,31907816.0,28955332.0,0.0,0.0,16.29,14.33,13.66,,,
13,4,thread_local,ThreadLocal,100,read-heavy,1,289923.8913383681,327.0,705.0,338.6613888888889,136.7383388974776,0.40376122990017016,0,100,900,1790644213.0195801,2389.6115,3016.892,performance,,32861568.0,31912040.0,28959464.0,0.0,0.0,16.11,14.33,13.66,,,
13,5,sharded_n,Sharded-N,750,mixed,1,281675.05693271547,1962.0,9079.0,2608.182617777778,1938.0183192259235,0.7430531535698802,0,100,900,1790644215.8571365,2399.790875,3098.327,performance,,32861568.0,31933780.0,28981164.0,0.0,0.0,14.82,14.09,13.59,,,
13,6,sharded_2key,Sharded-2key,250,write-heavy,1,303863.85704276746,793.0,1600.0,806.4589733333333,321.60328876122526,0.3987844383849358,0,100,900,1790644220.8809314,2988.46775,3016.584,performance,,32861568.0,31937508.0,28984840.0,0.0,0.0,13.63,13.86,13.51,,,
13,7,hdr_histogram,HdrHistogram,250,write-heavy,1,292566.2805105135,815.0,1835.0,838.1301822222222,357.67231481913495,0.4267503096843511,0,100,900,1790644224.0421097,2393.013625,3044.109,performance,,32861568.0,31916560.0,28963856.0,0.0,0.0,12.54,13.62,13.44,,,
13,8,global_mutex,GlobalMutex,2000,write-heavy,1,250027.02670617777,2349.0,46852.0,7710.119982777778,11574.362897788098,1.5011910221425793,0,100,900,1790644227.235915,2300.0,2300.0,performance,,32861568.0,31915528.0,28962824.0,0.0,0.0,12.54,13.62,13.44,,,
13,9,sharded_n,Sharded-N,2000,mixed,1,253131.8661741837,2296.0,44462.0,7604.376007222222,11527.307500005189,1.5158781587150845,0,100,900,1790644237.627069,2645.392375,2997.544,performance,,32861568.0,31926892.0,28973660.0,0.0,0.0,17.18,14.55,13.74,,,
13,10,sharded_2key,Sharded-2key,3000,write-heavy,1,239914.19073376563,2475.0,80757.0,12012.460005555555,20082.019845530856,1.6717658028616345,0,100,900,1790644247.9353828,2387.661125,3001.289,performance,,32861568.0,31922356.0,28968932.0,0.0,0.0,17.61,14.73,13.81,,,
13,11,sharded_n,Sharded-N,1000,write-heavy,1,267622.88505878206,2124.0,15387.0,3633.814838888889,3570.9059169264133,0.9826879120836791,0,100,900,1790644262.8881423,2387.613125,3000.905,performance,,32861568.0,31923656.0,28969880.0,0.0,0.0,20.39,15.47,14.06,,,
13,12,thread_local,ThreadLocal,250,read-heavy,1,300851.8600360129,787.0,1837.0,815.8275466666666,370.0941650634734,0.4536426436881367,0,100,900,1790644268.9830225,2567.066,3038.154,performance,,32861568.0,31916672.0,28962908.0,0.0,0.0,20.52,15.58,14.11,,,
13,13,disabled,Disabled,1500,read-heavy,1,274826.6236141871,2047.0,26354.0,5273.947599259259,6825.016147160683,1.2941001059849886,0,100,900,1790644272.3230305,2840.285375,3074.525,performance,,32861568.0,31935664.0,28981900.0,0.0,0.0,18.87,15.32,14.03,,,
13,14,global_mutex,GlobalMutex,1500,mixed,1,267614.69435129873,2166.0,28099.0,5424.640119259259,7108.056575238043,1.3103277671825824,0,100,900,1790644280.3318532,2300.0,2300.0,performance,,32861568.0,31893792.0,28939780.0,0.0,0.0,16.85,15.01,13.94,,,
13,15,sharded_n,Sharded-N,1500,write-heavy,1,258990.62273151072,2251.0,29236.0,5606.066605185185,7484.289411548479,1.3350339799077808,0,100,900,1790644288.3160996,2397.961125,3083.689,performance,,32861568.0,31924172.0,28969888.0,0.0,0.0,17.03,15.08,13.97,,,
13,16,hdr_histogram,HdrHistogram,500,mixed,1,283042.96841023787,1612.0,4449.0,1734.7662155555556,881.8554246475853,0.5083425171299942,0,100,900,1790644296.4849904,2300.0,2300.0,performance,,32861568.0,31927392.0,28972928.0,0.0,0.0,20.54,15.87,14.24,,,
13,17,sharded_2key,Sharded-2key,3000,mixed,1,240246.08613748578,2482.0,80584.0,12004.451942222222,20196.600453696683,1.6824258659123725,0,100,900,1790644300.6007366,2657.65625,3052.695,performance,,32861568.0,31940144.0,28985716.0,0.0,0.0,18.89,15.61,14.16,,,
13,18,disabled,Disabled,250,write-heavy,1,301259.00032518967,789.0,1727.0,814.8759377777777,354.9839810379782,0.4356294799991809,0,100,900,1790644315.506879,2392.71075,3041.686,performance,,32861568.0,31940608.0,28985680.0,0.0,0.0,16.85,15.33,14.1,,,
13,19,hdr_histogram,HdrHistogram,1000,write-heavy,1,274778.8034143577,2072.0,14847.0,3547.7292233333333,3470.0830392080015,0.9781138358545927,0,100,900,1790644318.6736653,2300.0,2300.0,performance,,32861568.0,31945920.0,28990992.0,0.0,0.0,16.85,15.33,14.1,,,
13,20,thread_local,ThreadLocal,750,write-heavy,1,275823.9157333371,1963.0,9459.0,2660.3189437037036,2032.4500458604273,0.763987359737718,0,100,900,1790644324.683442,2387.773375,3002.187,performance,,32861568.0,31902160.0,28947184.0,0.0,0.0,17.5,15.54,14.18,,,
13,21,sharded_n,Sharded-N,1500,mixed,1,264771.6735452079,2175.0,28051.0,5476.494162962963,7219.2594297053865,1.3182264446712257,0,100,900,1790644329.7617733,2300.0,2300.0,performance,,32861568.0,31920272.0,28965256.0,0.0,0.0,16.1,15.28,14.11,,,
13,22,disabled,Disabled,500,read-heavy,1,297370.6913665635,1539.0,4308.0,1651.2319444444445,836.5093952846408,0.506597148934206,0,100,900,1790644337.8149223,2568.518125,3026.361,performance,,32861568.0,31912576.0,28957304.0,0.0,0.0,18.74,15.84,14.29,,,
13,23,sharded_2key,Sharded-2key,1500,mixed,1,270365.6683227244,2128.0,27648.0,5357.545303703704,6992.510599845653,1.305170596506517,0,100,900,1790644342.008233,2399.9785,3099.828,performance,,32861568.0,31918736.0,28963448.0,0.0,0.0,18.36,15.81,14.29,,,
13,24,thread_local,ThreadLocal,1000,write-heavy,1,289247.7117023783,1971.0,14662.0,3356.772572222222,3339.3205799810057,0.994800960784286,0,100,900,1790644349.9480617,2398.347125,3086.777,performance,,32861568.0,31911100.0,28955508.0,0.0,0.0,17.01,15.62,14.24,,,
13,25,hdr_histogram,HdrHistogram,1500,write-heavy,1,262580.6794965533,2210.0,28780.0,5517.264955555555,7371.434961215986,1.3360668774468394,0,100,900,1790644355.793138,2389.805375,3018.443,performance,,32861568.0,31923584.0,28967960.0,0.0,0.0,15.65,15.36,14.17,,,
13,26,hdr_histogram,HdrHistogram,1000,read-heavy,1,280481.5750592188,2054.0,14851.0,3465.6377044444444,3417.784267999912,0.9861920256744773,0,100,900,1790644363.885337,2387.18025,2997.442,performance,,32861568.0,31915704.0,28959892.0,0.0,0.0,19.28,16.12,14.42,,,
13,27,hdr_histogram,HdrHistogram,750,read-heavy,1,292062.6260828678,1887.0,8799.0,2510.1658696296295,1853.2651248362042,0.7383038496613972,0,100,900,1790644369.9874675,2398.90175,3091.214,performance,,32861568.0,31881620.0,28925612.0,0.0,0.0,16.31,15.59,14.27,,,
13,28,global_mutex,GlobalMutex,1000,write-heavy,1,273114.410749271,2102.0,15317.0,3559.818768888889,3525.3972001828056,0.9903305277766072,0,100,900,1790644375.0944679,2475.8695,3004.217,performance,,32861568.0,31885608.0,28929548.0,0.0,0.0,15.01,15.33,14.19,,,
13,29,thread_local,ThreadLocal,3000,mixed,1,242126.04021051625,2449.0,67510.0,11926.546912962964,19945.25878660462,1.672341452405316,0,100,900,1790644381.1177735,2300.0,2300.0,performance,,32861568.0,31919720.0,28963572.0,0.0,0.0,15.09,15.34,14.2,,,
13,30,sharded_2key,Sharded-2key,750,read-heavy,1,288443.4454149923,1895.0,8831.0,2537.1282385185186,1881.868853824289,0.7417318625262518,0,100,900,1790644395.9072936,2486.5675,3091.938,performance,,32861568.0,31952232.0,28995560.0,0.0,0.0,15.86,15.54,14.29,,,
13,31,sharded_n,Sharded-N,2000,write-heavy,1,254108.68642122473,2260.0,45199.0,7592.781963888889,11276.529618875644,1.4851644196431006,0,100,900,1790644401.0306714,2300.0,2300.0,performance,,32861568.0,31932208.0,28975600.0,0.0,0.0,14.59,15.28,14.21,,,
13,32,disabled,Disabled,1000,write-heavy,1,278160.4412939742,2042.0,14371.0,3498.8137122222224,3400.087008713761,0.9717828065085076,0,100,900,1790644411.3010378,2300.0,2300.0,performance,,32861568.0,31951992.0,28995012.0,0.0,0.0,14.11,15.16,14.18,,,
13,33,sharded_n,Sharded-N,250,read-heavy,1,299025.86980316084,800.0,1735.0,818.2477155555556,359.4198377629375,0.43925553463831746,0,100,900,1790644417.2645833,2392.703875,3041.631,performance,,32861568.0,31924360.0,28967416.0,0.0,0.0,15.55,15.44,14.27,,,
13,34,sharded_2key,Sharded-2key,3000,read-heavy,1,247442.50402057136,2366.0,79039.0,11704.282784074074,19962.04528247783,1.705533406082774,0,100,900,1790644420.6096814,2903.432,3054.463,performance,,32861568.0,31951880.0,28994904.0,0.0,0.0,14.3,15.18,14.2,,,
13,35,sharded_n,Sharded-N,250,write-heavy,1,291443.353324426,822.0,1770.0,843.2404177777778,369.42870334496854,0.438106020010921,0,100,900,1790644435.3284218,2397.746375,3081.971,performance,,32861568.0,31931196.0,28973676.0,0.0,0.0,15.94,15.52,14.33,,,
13,36,disabled,Disabled,500,write-heavy,1,285737.92050370254,1592.0,4525.0,1715.3705577777778,883.7667860821136,0.5152045906786535,0,100,900,1790644438.5216694,2300.0,2300.0,performance,,32861568.0,31944436.0,28986912.0,0.0,0.0,15.94,15.52,14.33,,,
13,37,global_mutex,GlobalMutex,3000,mixed,1,236932.03027966214,2503.0,80774.0,12192.845338888888,20568.696389175253,1.6869480271000994,0,100,900,1790644442.614842,2300.0,2300.0,performance,,32861568.0,31919328.0,28961884.0,0.0,0.0,15.46,15.43,14.3,,,
13,38,hdr_histogram,HdrHistogram,3000,write-heavy,1,235507.7592651167,2513.0,84675.0,12269.79176962963,20718.57120582586,1.688583766931463,0,100,900,1790644457.698197,2398.9825,3091.86,performance,,32861568.0,31932620.0,28974608.0,0.0,0.0,19.67,16.35,14.62,,,
13,39,global_mutex,GlobalMutex,750,write-heavy,1,284134.1553617039,1896.0,9071.0,2572.879065185185,1957.1836841638021,0.7606978931296688,0,100,900,1790644472.8455951,2569.015625,3063.691,performance,,32861568.0,31929660.0,28971312.0,0.0,0.0,20.24,16.67,14.75,,,
13,40,disabled,Disabled,250,mixed,1,306470.45055434556,776.0,1718.0,801.3203466666666,351.4679071029129,0.4386109856874963,0,100,900,1790644477.8434849,2487.824625,3103.778,performance,,32861568.0,31916988.0,28958616.0,0.0,0.0,20.54,16.79,14.8,,,
13,41,disabled,Disabled,1000,mixed,1,276825.20217870973,2000.0,14798.0,3504.281588888889,3525.942980388373,1.0061814072157234,0,100,900,1790644480.9897532,2300.0,2300.0,performance,,32861568.0,31945032.0,28986712.0,0.0,0.0,18.9,16.51,14.72,,,
13,42,disabled,Disabled,750,write-heavy,1,275698.1889480318,1979.0,9299.0,2655.4625451851853,2010.1483601446062,0.7569861468350794,0,100,900,1790644486.959258,2396.726125,3073.809,performance,,32861568.0,31908424.0,28949848.0,0.0,0.0,22.91,17.38,15.02,,,
13,43,sharded_2key,Sharded-2key,100,write-heavy,1,281724.59942291345,333.0,808.0,348.66263333333336,149.99561987019248,0.430202739066654,0,100,900,1790644492.0362833,2387.594625,3000.757,performance,,32861568.0,31923044.0,28964384.0,0.0,0.0,22.03,17.29,15.0,,,
13,44,thread_local,ThreadLocal,500,mixed,1,290728.0126755243,1581.0,4304.0,1690.5701866666666,827.7374127402287,0.4896202590513537,0,100,900,1790644494.7143948,2399.42625,3095.41,performance,,32861568.0,31924336.0,28965692.0,0.0,0.0,20.27,17.0,14.92,,,
13,45,hdr_histogram,HdrHistogram,500,write-heavy,1,279858.2370015675,1620.0,4730.0,1751.1515333333334,913.321538501915,0.5215548289892417,0,100,900,1790644498.7773015,2399.811625,3098.493,performance,,32861568.0,31931652.0,28972968.0,0.0,0.0,20.27,17.0,14.92,,,
13,46,hdr_histogram,HdrHistogram,3000,read-heavy,1,242528.60526495366,2425.0,78913.0,11929.350662962963,20129.3546074277,1.687380577211405,0,100,900,1790644502.909148,2668.745,3130.871,performance,,32861568.0,31894212.0,28935444.0,0.0,0.0,18.65,16.72,14.84,,,
13,47,disabled,Disabled,3000,write-heavy,1,239677.48605470636,2469.0,83328.0,12034.558511481482,20213.617607664346,1.67963100502438,0,100,900,1790644517.872891,2300.0,2300.0,performance,,32861568.0,31942136.0,28982868.0,0.0,0.0,21.7,17.47,15.11,,,
13,48,sharded_n,Sharded-N,500,write-heavy,1,283953.85223892384,1614.0,4306.0,1725.4599222222223,850.3874641022759,0.4928468364579924,0,100,900,1790644532.8101552,2496.6505,3096.51,performance,,32861568.0,31941512.0,28981876.0,0.0,0.0,20.13,17.34,15.11,,,
13,49,hdr_histogram,HdrHistogram,250,mixed,1,292501.0241045856,815.0,1788.0,839.7525466666667,362.9614771023642,0.43222432434782354,0,100,900,1790644536.9152222,2567.306875,3046.536,performance,,32861568.0,31931504.0,28971932.0,0.0,0.0,19.56,17.26,15.09,,,
13,50,sharded_2key,Sharded-2key,2000,write-heavy,1,256865.50008741504,2262.0,45227.0,7516.78024,11395.513543105959,1.5160099376679341,0,100,900,1790644540.1044605,2399.856125,3098.849,performance,,32861568.0,31948508.0,28988928.0,0.0,0.0,17.99,16.98,15.01,,,
13,51,thread_local,ThreadLocal,1500,read-heavy,1,275998.8301010656,2101.0,26879.0,5271.273382222223,6846.002432836669,1.2987378829421639,0,100,900,1790644550.2903066,2924.423875,3090.145,performance,,32861568.0,31919344.0,28959408.0,0.0,0.0,16.4,16.68,14.94,,,
13,52,disabled,Disabled,1000,read-heavy,1,287327.1887703146,1977.0,14757.0,3379.974508888889,3371.081092981696,0.9973687920178675,0,100,900,1790644558.2865984,2846.393875,3073.252,performance,,32861568.0,31924484.0,28964288.0,0.0,0.0,25.34,18.53,15.54,,,
13,53,disabled,Disabled,100,write-heavy,1,275918.4992672647,340.0,827.0,356.39346666666665,152.26147897308422,0.4272285920311041,0,100,900,1790644564.305495,2668.965,3088.009,performance,,32861568.0,31906436.0,28946212.0,0.0,0.0,22.48,18.14,15.45,,,
13,54,sharded_n,Sharded-N,750,read-heavy,1,284133.46405639115,1951.0,8570.0,2576.67130962963,1853.1986459340997,0.7192219818679465,0,100,900,1790644566.9877527,2905.696375,3026.031,performance,,32861568.0,31941556.0,28981316.0,0.0,0.0,22.48,18.14,15.45,,,
13,55,disabled,Disabled,100,mixed,1,284413.65394867404,330.0,768.0,344.2592333333333,145.140825663536,0.42160329080557024,0,100,900,1790644572.155043,2395.680625,3065.445,performance,,32861568.0,31913632.0,28953348.0,0.0,0.0,22.44,18.21,15.49,,,
13,56,global_mutex,GlobalMutex,1500,read-heavy,1,267262.5143600075,2180.0,28828.0,5443.50914,7232.33279633222,1.3286159002081184,0,100,900,1790644574.8253677,2388.863875,3010.911,performance,,32861568.0,31933432.0,28973112.0,0.0,0.0,20.64,17.91,15.41,,,
13,57,sharded_2key,Sharded-2key,750,write-heavy,1,286726.3173513217,1905.0,8731.0,2551.4823096296295,1905.57021201124,0.7468482947419889,0,100,900,1790644582.9858477,2300.0,2300.0,performance,,32861568.0,31923712.0,28963008.0,0.0,0.0,19.79,17.77,15.38,,,
13,58,disabled,Disabled,3000,read-heavy,1,247526.465509065,2371.0,81267.0,11652.131687037037,19798.18537027252,1.6991041555338706,0,100,900,1790644587.9594278,2400.573,3104.584,performance,,32861568.0,31912972.0,28952292.0,0.0,0.0,19.08,17.66,15.35,,,
13,59,disabled,Disabled,2000,write-heavy,1,256705.97793034845,2275.0,44574.0,7515.619527777778,11285.439128358294,1.5015979835923357,0,100,900,1790644602.6706805,2300.0,2300.0,performance,,32861568.0,31947396.0,28986248.0,0.0,0.0,25.26,19.15,15.88,,,
13,60,sharded_n,Sharded-N,1000,mixed,1,282041.5996354849,2044.0,14042.0,3448.5378744444442,3323.472780808982,0.9637338784757844,0,100,900,1790644612.8541894,2398.26975,3086.158,performance,,32861568.0,31907664.0,28946336.0,0.0,0.0,24.3,19.15,15.91,,,
13,61,sharded_2key,Sharded-2key,500,write-heavy,1,293258.5977482373,1563.0,4363.0,1672.9093155555556,845.2281069863868,0.5052444260588599,0,100,900,1790644618.77851,2777.7115,3096.577,performance,,32861568.0,31917440.0,28956016.0,0.0,0.0,23.88,19.14,15.93,,,
13,62,global_mutex,GlobalMutex,2000,read-heavy,1,261274.3630407327,2226.0,41785.0,7411.639882222222,11223.623666231915,1.514323934322987,0,100,900,1790644622.8280349,2840.238625,3039.046,performance,,32861568.0,31914784.0,28953364.0,0.0,0.0,30.45,20.59,16.41,,,
13,63,disabled,Disabled,100,read-heavy,1,290896.0061129016,325.0,681.0,336.50935555555554,137.90582721310588,0.4098127583568431,0,100,900,1790644633.043567,2401.066,3108.528,performance,,32861568.0,31915320.0,28953604.0,0.0,0.0,29.8,20.78,16.52,,,
13,64,thread_local,ThreadLocal,1000,mixed,1,277058.4848672444,2032.0,14921.0,3506.7246566666668,3441.2377247944787,0.9813253282524791,0,100,900,1790644635.883092,2898.6115,3165.618,performance,,32861568.0,31940116.0,28978372.0,0.0,0.0,27.42,20.43,16.43,,,
13,65,sharded_2key,Sharded-2key,250,read-heavy,1,319256.8830357968,746.0,1576.0,767.4526533333334,320.6916936926462,0.4178651181929757,0,100,900,1790644641.8312523,2387.5655,3000.524,performance,,32861568.0,31905004.0,28943120.0,0.0,0.0,26.9,20.44,16.46,,,
13,66,thread_local,ThreadLocal,1500,write-heavy,1,267495.1132194555,2178.0,29029.0,5431.22154,7175.229568492567,1.321107878890274,0,100,900,1790644645.122979,2300.0,2300.0,performance,,32861568.0,31932840.0,28971016.0,0.0,0.0,24.75,20.1,16.37,,,
13,67,thread_local,ThreadLocal,100,mixed,1,277260.4218110669,340.0,761.0,354.0412333333333,146.7645424107768,0.41454081782783914,0,100,900,1790644653.1116624,2399.971625,3099.773,performance,,32861568.0,31912948.0,28950792.0,0.0,0.0,24.77,20.19,16.42,,,
13,68,hdr_histogram,HdrHistogram,750,write-heavy,1,285556.3610200351,1951.0,8581.0,2560.018967407407,1831.5067170857862,0.7154270106602363,0,100,900,1790644655.792177,2388.995375,3011.963,performance,,32861568.0,31931356.0,28969172.0,0.0,0.0,22.79,19.85,16.33,,,
13,69,thread_local,ThreadLocal,750,mixed,1,289205.6843384969,1912.0,8574.0,2531.802777777778,1859.9208744503485,0.7346231273522988,0,100,900,1790644660.787075,2399.67475,3097.398,performance,,32861568.0,31892928.0,28930784.0,0.0,0.0,20.96,19.52,16.24,,,
13,70,sharded_2key,Sharded-2key,750,mixed,1,281770.5783050875,1937.0,8864.0,2597.579568888889,1913.1043667570723,0.7364950008347194,0,100,900,1790644665.73993,2759.2895,3060.277,performance,,32861568.0,31927452.0,28965116.0,0.0,0.0,19.28,19.2,16.15,,,
13,71,disabled,Disabled,2000,read-heavy,1,267134.2017012984,2146.0,44875.0,7203.306419444444,11074.417959786251,1.537407589644141,0,100,900,1790644670.7568552,2300.0,2300.0,performance,,32861568.0,31907644.0,28945256.0,0.0,0.0,17.74,18.88,16.07,,,
13,72,hdr_histogram,HdrHistogram,1500,mixed,1,265596.23012758174,2157.0,27637.0,5474.118400740741,7126.146341187708,1.3017888579507924,0,100,900,1790644680.8163927,2629.563,2993.626,performance,,32861568.0,31920172.0,28957420.0,0.0,0.0,16.19,18.52,15.98,,,
13,73,sharded_2key,Sharded-2key,500,mixed,1,288444.62099961645,1571.0,4590.0,1697.619211111111,880.5774955254502,0.5187132012656137,0,100,900,1790644688.8494225,2400.263625,3102.109,performance,,32861568.0,31902896.0,28939948.0,0.0,0.0,15.85,18.41,15.96,,,
13,74,thread_local,ThreadLocal,2000,mixed,1,268798.64406781906,2159.0,43279.0,7174.464124444445,10871.668024485547,1.5153282302219884,0,100,900,1790644692.9273038,2478.068375,3023.04,performance,,32861568.0,31895312.0,28932420.0,0.0,0.0,14.58,18.1,15.87,,,
13,75,thread_local,ThreadLocal,2000,read-heavy,1,269741.09797599923,2136.0,43565.0,7176.144266666666,10939.731437530956,1.5244581255628078,0,100,900,1790644702.7978084,2498.665875,3113.574,performance,,32861568.0,31922260.0,28959032.0,0.0,0.0,16.64,18.42,16.0,,,
13,76,sharded_2key,Sharded-2key,100,mixed,1,282994.5989128712,333.0,738.0,346.60977777777777,143.88768641091931,0.41512875757120205,0,100,900,1790644712.769453,2583.49325,3073.867,performance,,32861568.0,31923256.0,28959776.0,0.0,0.0,16.38,18.3,15.99,,,
13,77,hdr_histogram,HdrHistogram,250,read-heavy,1,305780.96818737575,780.0,1725.0,800.9535866666666,343.9193481606035,0.4293873626209662,0,100,900,1790644715.4424944,2404.04625,3132.37,performance,,32861568.0,31935808.0,28972284.0,0.0,0.0,15.07,18.0,15.9,,,
13,78,hdr_histogram,HdrHistogram,100,read-heavy,1,280883.4006408504,333.0,780.0,349.95424444444444,150.18406265613714,0.42915342517006966,0,100,900,1790644718.7673686,2399.831875,3098.655,performance,,32861568.0,31939980.0,28976488.0,0.0,0.0,15.07,18.0,15.9,,,
13,79,sharded_2key,Sharded-2key,1500,read-heavy,1,274945.1512274227,2087.0,28689.0,5282.378418518519,7119.668309506229,1.3478148942428458,0,100,900,1790644721.6162083,2766.187,3101.086,performance,,32861568.0,31956776.0,28993252.0,0.0,0.0,14.02,17.73,15.83,,,
13,80,sharded_2key,Sharded-2key,1000,mixed,1,280484.55161070626,2009.0,15015.0,3467.119313333333,3470.842124774042,1.001073747715111,0,100,900,1790644729.6231723,2515.39125,3172.824,performance,,32861568.0,31940212.0,28976428.0,0.0,0.0,12.97,17.39,15.74,,,
13,81,sharded_2key,Sharded-2key,2000,read-heavy,1,265663.1949879061,2172.0,44748.0,7262.1773277777775,11099.837537385816,1.5284448501317938,0,100,900,1790644735.550636,2393.462625,3047.701,performance,,32861568.0,31916480.0,28952636.0,0.0,0.0,11.93,17.1,15.65,,,
13,82,global_mutex,GlobalMutex,100,read-heavy,1,288432.84309150785,330.0,673.0,340.1497444444444,132.76189926230205,0.39030427460452094,0,100,900,1790644745.624657,2831.123875,3101.658,performance,,32861568.0,31936436.0,28972264.0,0.0,0.0,11.94,16.95,15.62,,,
13,83,disabled,Disabled,500,mixed,1,291784.8890420914,1565.0,4331.0,1679.0764133333332,849.7159498112495,0.5060615127839106,0,100,900,1790644748.4464085,2387.643875,3001.151,performance,,32861568.0,31939912.0,28975744.0,0.0,0.0,11.94,16.95,15.62,,,
13,84,global_mutex,GlobalMutex,750,mixed,1,288473.25959853677,1899.0,8656.0,2543.4935007407407,1877.7919674412503,0.7382727602387746,0,100,900,1790644752.5001435,2498.10125,3161.129,performance,,32861568.0,31939264.0,28975120.0,0.0,0.0,11.95,16.87,15.6,,,
13,85,thread_local,ThreadLocal,750,read-heavy,1,286078.571325344,1909.0,8938.0,2556.7074666666667,1899.772511167244,0.7430543133838036,0,100,900,1790644757.4607584,2300.0,2300.0,performance,,32861568.0,31912672.0,28948372.0,0.0,0.0,12.27,16.85,15.6,,,
13,86,sharded_n,Sharded-N,1500,read-heavy,1,269275.37560199393,2120.0,27703.0,5386.790831851852,7089.65167198435,1.3161178693005042,0,100,900,1790644762.5983858,2387.820375,3002.563,performance,,32861568.0,31921704.0,28957356.0,0.0,0.0,11.93,16.7,15.56,,,
13,87,global_mutex,GlobalMutex,500,write-heavy,1,286713.3349622176,1601.0,4421.0,1712.3933466666667,867.9436097803917,0.5068599521657363,0,100,900,1790644770.7174704,2397.96025,3083.682,performance,,32861568.0,31912552.0,28947920.0,0.0,0.0,10.9,16.33,15.45,,,
13,88,sharded_n,Sharded-N,100,mixed,1,279583.6560725388,337.0,735.0,349.9755777777778,142.72990616102115,0.40782818923339165,0,100,900,1790644774.8074791,2398.92175,3091.374,performance,,32861568.0,31919216.0,28954624.0,0.0,0.0,10.03,16.06,15.37,,,
13,89,hdr_histogram,HdrHistogram,2000,write-heavy,1,253972.23696960617,2294.0,43728.0,7609.687352777778,11480.118560053777,1.5086189521128182,0,100,900,1790644777.482837,2732.896,3045.817,performance,,32861568.0,31943380.0,28978776.0,0.0,0.0,10.03,16.06,15.37,,,
13,90,sharded_2key,Sharded-2key,500,read-heavy,1,300625.17510372616,1532.0,4041.0,1628.9266066666667,784.6101448123728,0.48167311013351904,0,100,900,1790644787.7614837,2397.984,3083.872,performance,,32861568.0,31938576.0,28973604.0,0.0,0.0,16.28,17.21,15.75,,,
13,91,hdr_histogram,HdrHistogram,500,read-heavy,1,295998.3158879819,1545.0,4161.0,1652.3500555555556,845.6860916327346,0.5118080692340926,0,100,900,1790644791.9399235,2300.0,2300.0,performance,,32861568.0,31919496.0,28954532.0,0.0,0.0,16.26,17.19,15.75,,,
13,92,global_mutex,GlobalMutex,3000,write-heavy,1,236793.62286975794,2500.0,77952.0,12202.913015185186,20377.15221613576,1.6698596630803342,0,100,900,1790644796.1592,2355.673625,2745.389,performance,,32861568.0,31903920.0,28938920.0,0.0,0.0,15.91,17.1,15.73,,,
13,93,hdr_histogram,HdrHistogram,750,mixed,1,279736.8045507335,1967.0,9118.0,2617.622328888889,1932.1589770653168,0.7381351219927387,0,100,900,1790644811.232394,2387.036875,2996.295,performance,,32861568.0,31937616.0,28972092.0,0.0,0.0,17.25,17.3,15.82,,,
13,94,sharded_n,Sharded-N,100,write-heavy,1,287148.473835374,330.0,707.0,342.33404444444443,137.1349348179929,0.40058807192414014,0,100,900,1790644816.2666154,2672.254125,3072.246,performance,,32861568.0,31906884.0,28941380.0,0.0,0.0,16.83,17.22,15.79,,,
13,95,sharded_2key,Sharded-2key,250,mixed,1,295070.66900557076,814.0,1718.0,832.38692,346.27073741881964,0.41599733140787415,0,100,900,1790644818.9357586,2835.308375,3051.21,performance,,32861568.0,31934236.0,28968700.0,0.0,0.0,16.83,17.22,15.79,,,
13,96,thread_local,ThreadLocal,1500,mixed,1,271284.8971843885,2111.0,27580.0,5350.47911037037,7062.715406798921,1.320015509098965,0,100,900,1790644822.1114295,2398.800625,3090.405,performance,,32861568.0,31935368.0,28969828.0,0.0,0.0,15.48,16.93,15.71,,,
13,97,hdr_histogram,HdrHistogram,100,write-heavy,1,283214.6930725431,333.0,738.0,346.1799888888889,143.87833580785886,0.41561713682427365,0,100,900,1790644830.0125923,2390.094875,3020.759,performance,,32861568.0,31933216.0,28967372.0,0.0,0.0,14.36,16.65,15.63,,,
13,98,sharded_2key,Sharded-2key,1500,write-heavy,1,262682.491911775,2213.0,28121.0,5531.62708,7195.398899269877,1.3007744005891801,0,100,900,1790644832.68923,2398.905875,3091.247,performance,,32861568.0,31946564.0,28980684.0,0.0,0.0,14.36,16.65,15.63,,,
13,99,thread_local,ThreadLocal,250,mixed,1,293079.99828268145,810.0,1891.0,839.09552,376.7884622356556,0.4490412035993895,0,100,900,1790644840.7750933,2701.4965,3198.611,performance,,32861568.0,31927660.0,28961636.0,0.0,0.0,13.03,16.3,15.53,,,
13,100,sharded_n,Sharded-N,3000,write-heavy,1,237103.9163643425,2501.0,76339.0,12158.509474074073,20299.180719040436,1.669545166068665,0,100,900,1790644843.9567173,2300.0,2300.0,performance,,32861568.0,31921940.0,28955908.0,0.0,0.0,13.03,16.3,15.53,,,
13,101,disabled,Disabled,750,read-heavy,1,288166.51678350574,1932.0,8577.0,2543.4792666666667,1846.5651786323376,0.7259996976709532,0,100,900,1790644859.0259154,2646.964625,3011.075,performance,,32861568.0,31943812.0,28977272.0,0.0,0.0,18.62,17.27,15.85,,,
13,102,hdr_histogram,HdrHistogram,1500,read-heavy,1,271658.21680524445,2126.0,27994.0,5341.446628148148,7151.088466552143,1.3387924591191485,0,100,900,1790644864.1512523,2404.26125,3134.09,performance,,32861568.0,31925464.0,28959088.0,0.0,0.0,15.75,16.7,15.68,,,
13,103,thread_local,ThreadLocal,3000,write-heavy,1,237791.3908143051,2503.0,84897.0,12130.252472962962,20386.63274303234,1.680643728436153,0,100,900,1790644872.2299623,2300.0,2300.0,performance,,32861568.0,31909932.0,28943208.0,0.0,0.0,15.45,16.62,15.66,,,
13,104,thread_local,ThreadLocal,250,write-heavy,1,299087.4813030612,793.0,1841.0,820.7504,365.80907347195193,0.44570075564014583,0,100,900,1790644887.2433488,2680.62475,3084.227,performance,,32861568.0,31931408.0,28964264.0,0.0,0.0,21.04,17.75,16.05,,,
13,105,global_mutex,GlobalMutex,500,read-heavy,1,305977.4223421347,1503.0,4157.0,1605.0183222222222,804.3693483302875,0.5011589819215277,0,100,900,1790644890.415851,2300.0,2300.0,performance,,32861568.0,31931808.0,28964688.0,0.0,0.0,19.36,17.45,15.96,,,
13,106,sharded_n,Sharded-N,100,read-heavy,1,282738.0148297974,333.0,746.0,346.1828888888889,142.09889997800067,0.4104734940368726,0,100,900,1790644894.5693407,2398.479875,3087.839,performance,,32861568.0,31933200.0,28966056.0,0.0,0.0,17.81,17.16,15.87,,,
13,107,sharded_n,Sharded-N,250,mixed,1,300321.2849118839,792.0,1733.0,817.15016,349.92477446853036,0.42822579202399025,0,100,900,1790644897.4133353,2579.789125,3083.463,performance,,32861568.0,31941772.0,28974596.0,0.0,0.0,17.81,17.16,15.87,,,
13,108,sharded_2key,Sharded-2key,100,read-heavy,1,285224.2677059453,331.0,796.0,344.8133222222222,144.4605834547081,0.4189530222431702,0,100,900,1790644900.585962,2300.0,2300.0,performance,,32861568.0,31934252.0,28967068.0,0.0,0.0,16.38,16.88,15.79,,,
13,109,global_mutex,GlobalMutex,250,mixed,1,305915.4503536342,791.0,1563.0,802.2633288888889,318.91416487318526,0.3975180634454176,0,100,900,1790644903.4243455,2399.31575,3094.526,performance,,32861568.0,31954144.0,28986932.0,0.0,0.0,16.38,16.88,15.79,,,
13,110,sharded_n,Sharded-N,500,mixed,1,289534.5617136085,1585.0,4372.0,1696.7223711111112,861.9193314418441,0.5079907863048978,0,100,900,1790644906.578795,2300.0,2300.0,performance,,32861568.0,31937804.0,28970580.0,0.0,0.0,16.43,16.88,15.79,,,
13,111,disabled,Disabled,2000,mixed,1,260454.4899566265,2250.0,44808.0,7413.128834444445,11201.578056547176,1.5110459168738628,0,100,900,1790644910.650954,2300.0,2300.0,performance,,32861568.0,31929348.0,28962048.0,0.0,0.0,15.12,16.6,15.71,,,
13,112,global_mutex,GlobalMutex,500,mixed,1,293622.8290695169,1561.0,4177.0,1660.3635822222222,829.660276286842,0.49968590323839124,0,100,900,1790644920.7382073,2400.045125,3100.361,performance,,32861568.0,31914232.0,28946528.0,0.0,0.0,15.0,16.54,15.7,,,
13,113,sharded_n,Sharded-N,750,write-heavy,1,274817.3906736185,2002.0,8997.0,2665.387234074074,1967.2902103723877,0.738087954058879,0,100,900,1790644924.795072,2388.327875,3006.623,performance,,32861568.0,31933960.0,28966308.0,0.0,0.0,13.8,16.27,15.62,,,
13,114,sharded_2key,Sharded-2key,2000,mixed,1,259593.6551787123,2236.0,40786.0,7407.913063888889,10970.889346515216,1.4809689654694587,0,100,900,1790644929.8782575,2394.0465,3052.372,performance,,32861568.0,31933212.0,28965384.0,0.0,0.0,12.69,16.0,15.53,,,
13,115,thread_local,ThreadLocal,100,write-heavy,1,283856.2787594311,333.0,727.0,346.2734111111111,137.2079766551347,0.3962417334177236,0,100,900,1790644939.9938157,2598.0555,3117.691,performance,,32861568.0,31945868.0,28977796.0,0.0,0.0,11.63,15.67,15.43,,,
13,116,global_mutex,GlobalMutex,2000,mixed,1,256407.64233069032,2263.0,43648.0,7535.905373888889,11231.313933641817,1.4903735352831162,0,100,900,1790644942.6674771,2387.859625,3002.877,performance,,32861568.0,31947292.0,28979176.0,0.0,0.0,11.63,15.67,15.43,,,
13,117,global_mutex,GlobalMutex,1500,write-heavy,1,261304.0474493,2222.0,30540.0,5558.722599259259,7454.684657324483,1.3410787324263806,0,100,900,1790644952.8626335,2300.0,2300.0,performance,,32861568.0,31916356.0,28947976.0,0.0,0.0,13.12,15.86,15.5,,,
13,118,global_mutex,GlobalMutex,100,mixed,1,284695.5537396689,334.0,691.0,345.3020111111111,137.2785915755789,0.39756093841980394,0,100,900,1790644960.986131,2399.76325,3098.106,performance,,32861568.0,31917288.0,28948696.0,0.0,0.0,12.43,15.63,15.43,,,
13,119,sharded_n,Sharded-N,500,read-heavy,1,296578.11492672435,1551.0,4286.0,1651.4033222222222,816.8853866210593,0.49466134385742416,0,100,900,1790644963.6583037,2665.982375,3059.534,performance,,32861568.0,31933488.0,28964868.0,0.0,0.0,12.43,15.63,15.43,,,
13,120,thread_local,ThreadLocal,500,read-heavy,1,295789.7674937434,1547.0,4240.0,1652.8312666666666,807.4030370951918,0.4884969527007527,0,100,900,1790644967.8560343,2391.315375,3030.523,performance,,32861568.0,31935068.0,28966480.0,0.0,0.0,12.88,15.67,15.44,,,
13,121,hdr_histogram,HdrHistogram,100,mixed,1,284574.5888779372,332.0,736.0,345.5641888888889,140.19890968489716,0.4057101811842432,0,100,900,1790644972.0635,2661.262375,3113.698,performance,,32861568.0,31898352.0,28929724.0,0.0,0.0,12.73,15.59,15.42,,,
13,122,disabled,Disabled,3000,mixed,1,244568.82768355223,2419.0,79026.0,11801.875325555555,20073.215923803717,1.7008496844851055,0,100,900,1790644974.7385762,2570.9325,3128.405,performance,,32861568.0,31929488.0,28960824.0,0.0,0.0,11.71,15.33,15.33,,,
13,123,global_mutex,GlobalMutex,3000,read-heavy,1,246582.34747616382,2371.0,80144.0,11684.496972962963,19508.316841239495,1.669589789477481,0,100,900,1790644989.4132717,2401.76675,3114.134,performance,,32861568.0,31931896.0,28962724.0,0.0,0.0,13.32,15.55,15.41,,,
13,124,hdr_histogram,HdrHistogram,3000,mixed,1,239382.43319814253,2481.0,83690.0,12044.969422592592,20361.534894442244,1.690459658307673,0,100,900,1790645004.1634312,2398.836625,3090.693,performance,,32861568.0,31945848.0,28976308.0,0.0,0.0,20.21,16.95,15.86,,,
13,125,thread_local,ThreadLocal,3000,read-heavy,1,246072.60301392383,2390.0,82142.0,11731.960872962964,19832.88822193319,1.6905007131109104,0,100,900,1790645019.0890026,2400.00025,3100.002,performance,,32861568.0,31938588.0,28968728.0,0.0,0.0,18.13,16.63,15.78,,,
13,126,hdr_histogram,HdrHistogram,2000,read-heavy,1,262893.45010008226,2191.0,42482.0,7351.254493333333,11039.279430852961,1.5016864728141577,0,100,900,1790645033.8400035,2300.0,2300.0,performance,,32861568.0,31932524.0,28962284.0,0.0,0.0,17.5,16.54,15.76,,,
13,127,sharded_n,Sharded-N,3000,mixed,1,238535.0691439966,2492.0,78096.0,12090.729595925926,20417.689111088832,1.6887061239024603,0,100,900,1790645044.005615,2817.132375,2997.327,performance,,32861568.0,31933672.0,28963300.0,0.0,0.0,15.68,16.18,15.65,,,
13,128,disabled,Disabled,1500,mixed,1,264877.1930798566,2159.0,28541.0,5474.263507407408,7280.647221498014,1.329977486769924,0,100,900,1790645059.0080326,2300.0,2300.0,performance,,32861568.0,31950384.0,28979596.0,0.0,0.0,16.28,16.27,15.69,,,
13,129,thread_local,ThreadLocal,500,write-heavy,1,287092.17961764,1591.0,4503.0,1707.399068888889,864.0961901805464,0.5060891773490703,0,100,900,1790645067.0626276,2384.82725,2978.618,performance,,32861568.0,31910244.0,28939336.0,0.0,0.0,15.14,16.02,15.61,,,
13,130,sharded_2key,Sharded-2key,1000,read-heavy,1,279232.6147772097,2033.0,14764.0,3476.5637633333336,3435.25971985395,0.9881192906872558,0,100,900,1790645071.153922,2300.0,2300.0,performance,,32861568.0,31917784.0,28946912.0,0.0,0.0,13.92,15.75,15.53,,,
13,131,disabled,Disabled,1500,write-heavy,1,264418.33130615065,2191.0,28411.0,5480.8201407407405,7264.629396793691,1.3254639288002372,0,100,900,1790645077.2721672,2630.00875,2999.384,performance,,32861568.0,31911440.0,28940280.0,0.0,0.0,13.45,15.62,15.49,,,
13,132,disabled,Disabled,250,read-heavy,1,302419.4654006648,787.0,1715.0,811.2270311111112,357.2107688828999,0.4403339079981593,0,100,900,1790645085.3303761,3044.14025,3117.212,performance,,32861568.0,31901568.0,28930136.0,0.0,0.0,14.55,15.81,15.55,,,
13,133,hdr_histogram,HdrHistogram,1000,mixed,1,271051.53692939,2122.0,15408.0,3580.196882222222,3586.9783005866134,1.0018941467711078,0,100,900,1790645088.6569045,2300.0,2300.0,performance,,32861568.0,31933532.0,28962108.0,0.0,0.0,14.55,15.81,15.55,,,
13,134,hdr_histogram,HdrHistogram,2000,mixed,1,258476.7181231778,2255.0,45478.0,7463.351148888889,11247.227499595929,1.5069942811508161,0,100,900,1790645094.7185621,2496.703375,3090.43,performance,,32861568.0,31910392.0,28938956.0,0.0,0.0,13.49,15.55,15.47,,,
13,135,global_mutex,GlobalMutex,750,read-heavy,1,288221.5304808705,1915.0,8753.0,2544.9395525925925,1861.647149920064,0.7315093782968474,0,100,900,1790645104.8521028,2399.898375,3099.187,performance,,32861568.0,31916028.0,28944272.0,0.0,0.0,12.15,15.2,15.36,,,
13,136,global_mutex,GlobalMutex,100,write-heavy,1,282081.5906332664,334.0,743.0,348.7826333333333,147.96395537006816,0.42422970993701475,0,100,900,1790645109.973451,2498.38025,3114.97,performance,,32861568.0,31905112.0,28933316.0,0.0,0.0,11.18,14.95,15.27,,,
13,137,sharded_n,Sharded-N,2000,read-heavy,1,262986.02483410167,2205.0,41877.0,7321.21364,11033.801749566383,1.5071000918867303,0,100,900,1790645112.6483722,2368.22175,2845.774,performance,,32861568.0,31930944.0,28959156.0,0.0,0.0,11.18,14.95,15.27,,,
13,138,thread_local,ThreadLocal,1000,read-heavy,1,287841.0639280678,1970.0,14379.0,3375.29111,3345.0308087027925,0.9910347580961075,0,100,900,1790645122.8121681,2870.869625,3093.862,performance,,32861568.0,31914864.0,28942752.0,0.0,0.0,11.58,14.9,15.25,,,
13,139,global_mutex,GlobalMutex,1000,read-heavy,1,279809.0589821283,2028.0,14769.0,3477.660641111111,3461.1800629335644,0.9952610159879541,0,100,900,1790645128.8311586,2399.21325,3093.706,performance,,32861568.0,31928500.0,28956320.0,0.0,0.0,12.25,14.99,15.28,,,
13,140,global_mutex,GlobalMutex,250,write-heavy,1,288097.893174935,825.0,1913.0,851.9051422222223,383.553057592351,0.45022977158212757,0,100,900,1790645134.9326398,2390.859625,3026.877,performance,,32861568.0,31917932.0,28945592.0,0.0,0.0,10.44,14.51,15.12,,,
13,141,sharded_n,Sharded-N,3000,read-heavy,1,242475.15615468085,2454.0,83567.0,11913.048181111111,20187.930210776114,1.6946066114955658,0,100,900,1790645138.1309555,2401.97825,3115.826,performance,,32861568.0,31919796.0,28947460.0,0.0,0.0,10.44,14.51,15.12,,,
13,142,sharded_n,Sharded-N,1000,read-heavy,1,276344.52542580885,2034.0,14808.0,3522.319518888889,3510.6388265129617,0.996683806703711,0,100,900,1790645153.1055913,2958.01375,3097.224,performance,,32861568.0,31939456.0,28966532.0,0.0,0.0,11.27,14.5,15.11,,,
13,143,sharded_2key,Sharded-2key,1000,write-heavy,1,276932.0100680429,2066.0,15084.0,3509.857682222222,3483.4323128486913,0.9924710994672582,0,100,900,1790645159.2515707,2364.898,2819.184,performance,,32861568.0,31916712.0,28943876.0,0.0,0.0,12.41,14.66,15.15,,,
13,144,thread_local,ThreadLocal,2000,write-heavy,1,257100.68715759154,2246.0,43977.0,7496.628995,11389.57972714104,1.519293503084854,0,100,900,1790645165.2327857,2300.0,2300.0,performance,,32861568.0,31913588.0,28940556.0,0.0,0.0,11.41,14.42,15.07,,,
14,1,sharded_2key,Sharded-2key,1000,mixed,1,277846.3169758534,2005.0,14455.0,3500.6335077777776,3431.4794953623714,0.980245286385519,0,100,900,1790645175.4034336,2401.252,3110.016,performance,,32861568.0,31930984.0,28957720.0,0.0,0.0,13.05,14.69,15.16,,,
14,2,thread_local,ThreadLocal,3000,mixed,1,240708.91539993449,2465.0,82738.0,11977.123593333334,20097.17399018944,1.677963313443293,0,100,900,1790645181.3626754,2300.0,2300.0,performance,,32861568.0,31898716.0,28925376.0,0.0,0.0,13.53,14.76,15.18,,,
14,3,sharded_n,Sharded-N,500,write-heavy,1,284737.4412231449,1619.0,4354.0,1724.4890311111112,852.6546520706979,0.49443901160758397,0,100,900,1790645196.2296112,2300.0,2300.0,performance,,32861568.0,31942988.0,28969172.0,0.0,0.0,14.8,15.01,15.25,,,
14,4,disabled,Disabled,100,read-heavy,1,293243.9506656543,320.0,747.0,334.86693333333335,139.6290226380674,0.4169686784185342,0,100,900,1790645200.3331044,2300.0,2300.0,performance,,32861568.0,31933016.0,28959268.0,0.0,0.0,13.61,14.76,15.17,,,
14,5,thread_local,ThreadLocal,500,read-heavy,1,295441.1418867888,1556.0,4223.0,1663.1750822222223,831.7323818439969,0.500087086882454,0,100,900,1790645203.1641374,2590.56475,3127.564,performance,,32861568.0,31935736.0,28961948.0,0.0,0.0,13.61,14.76,15.17,,,
14,6,hdr_histogram,HdrHistogram,1500,mixed,1,267399.9895744111,2169.0,27569.0,5432.534986666667,7118.881433433433,1.3104161226583257,0,100,900,1790645207.3737855,2300.0,2300.0,performance,,32861568.0,31931224.0,28957412.0,0.0,0.0,13.8,14.79,15.18,,,
14,7,hdr_histogram,HdrHistogram,750,read-heavy,1,284459.78950627934,1920.0,8986.0,2578.478394074074,1939.9865204122962,0.7523764887349157,0,100,900,1790645215.3658416,2389.14975,3013.198,performance,,32861568.0,31895960.0,28921860.0,0.0,0.0,12.72,14.53,15.09,,,
14,8,sharded_2key,Sharded-2key,500,read-heavy,1,300025.1559092224,1538.0,4100.0,1629.1942066666666,809.6528928545702,0.49696524179957713,0,100,900,1790645220.5276332,2300.0,2300.0,performance,,32861568.0,31874444.0,28900308.0,0.0,0.0,11.7,14.29,15.01,,,
14,9,sharded_n,Sharded-N,1500,read-heavy,1,277164.1650023833,2089.0,28037.0,5244.903280740741,6988.24779589976,1.332388305721589,0,100,900,1790645224.712469,2397.276125,3078.209,performance,,32861568.0,31931160.0,28956960.0,0.0,0.0,10.76,14.05,14.93,,,
14,10,sharded_n,Sharded-N,1500,mixed,1,265208.89756874176,2189.0,29668.0,5488.03000074074,7361.2124921911845,1.341321474408415,0,100,900,1790645232.7152548,2400.568625,3104.549,performance,,32861568.0,31891316.0,28916828.0,0.0,0.0,11.42,14.13,14.95,,,
14,11,sharded_n,Sharded-N,100,write-heavy,1,278917.4387367376,338.0,757.0,351.43845555555555,142.9887974983253,0.406867248697323,0,100,900,1790645240.743805,2300.0,2300.0,performance,,32861568.0,31894572.0,28919944.0,0.0,0.0,10.7,13.89,14.86,,,
14,12,sharded_2key,Sharded-2key,1000,read-heavy,1,278499.54545160854,2036.0,15007.0,3489.411847777778,3470.213707146922,0.9944981729104054,0,100,900,1790645243.424237,2400.4745,3103.796,performance,,32861568.0,31923896.0,28949276.0,0.0,0.0,10.7,13.89,14.86,,,
14,13,sharded_2key,Sharded-2key,100,read-heavy,1,289440.4566999923,326.0,736.0,338.53215555555556,136.0026503688954,0.4017421923944131,0,100,900,1790645249.5332646,2399.28425,3094.274,performance,,32861568.0,31894800.0,28920008.0,0.0,0.0,11.34,13.94,14.87,,,
14,14,global_mutex,GlobalMutex,2000,write-heavy,1,252753.70041854036,2300.0,45563.0,7622.8939083333335,11531.666332754634,1.5127675226003392,0,100,900,1790645252.3723905,2369.8015,2858.412,performance,,32861568.0,31919512.0,28944684.0,0.0,0.0,11.34,13.94,14.87,,,
14,15,disabled,Disabled,1000,read-heavy,1,286344.5456035774,1984.0,14387.0,3393.7741244444446,3336.4506543552548,0.9831092264873186,0,100,900,1790645262.6734474,2573.733375,3042.766,performance,,32861568.0,31941764.0,28966644.0,0.0,0.0,15.52,14.72,15.11,,,
14,16,sharded_n,Sharded-N,3000,read-heavy,1,244675.18042345313,2383.0,81869.0,11788.891025925926,19865.141680300407,1.6850729756185996,0,100,900,1790645268.7045956,2389.117125,3012.937,performance,,32861568.0,31928316.0,28953092.0,0.0,0.0,16.12,14.86,15.16,,,
14,17,global_mutex,GlobalMutex,1000,read-heavy,1,278077.6879973408,2063.0,14867.0,3493.2169444444444,3428.5098697244766,0.9814763652675861,0,100,900,1790645283.5720868,2400.238375,3101.907,performance,,32861568.0,31948752.0,28973100.0,0.0,0.0,18.47,15.49,15.36,,,
14,18,thread_local,ThreadLocal,1500,mixed,1,265893.75037865486,2182.0,29269.0,5461.547702222222,7180.178246018923,1.3146782995408821,0,100,900,1790645289.6982298,2359.597,2776.776,performance,,32861568.0,31905712.0,28930076.0,0.0,0.0,20.86,16.14,15.58,,,
14,19,global_mutex,GlobalMutex,3000,read-heavy,1,244117.4463363114,2405.0,76647.0,11815.500114814815,19846.891610667994,1.6797335210367483,0,100,900,1790645297.7206345,2300.0,2300.0,performance,,32861568.0,31910932.0,28935004.0,0.0,0.0,20.23,16.09,15.56,,,
14,20,sharded_n,Sharded-N,750,mixed,1,276564.6413190207,1984.0,8979.0,2646.1611866666667,1933.1139025112088,0.7305352040728578,0,100,900,1790645312.6062975,2399.731625,3097.853,performance,,32861568.0,31947144.0,28970840.0,0.0,0.0,18.73,15.94,15.52,,,
14,21,hdr_histogram,HdrHistogram,750,write-heavy,1,284621.97464392637,1986.0,8717.0,2576.2631392592593,1840.8820299463366,0.7145551251708071,0,100,900,1790645317.6741385,2399.727,3097.816,performance,,32861568.0,31911148.0,28934952.0,0.0,0.0,18.19,15.88,15.5,,,
14,22,global_mutex,GlobalMutex,1500,read-heavy,1,271037.1219208072,2123.0,27807.0,5342.938902222222,7079.978297831736,1.3251093503777573,0,100,900,1790645322.6817572,2300.0,2300.0,performance,,32861568.0,31907000.0,28930676.0,0.0,0.0,18.09,15.9,15.51,,,
14,23,thread_local,ThreadLocal,750,read-heavy,1,284198.57489816146,1940.0,8747.0,2576.234128888889,1890.2106633872265,0.7337107455378913,0,100,900,1790645330.766205,2401.394625,3111.157,performance,,32861568.0,31908596.0,28931948.0,0.0,0.0,16.56,15.65,15.43,,,
14,24,global_mutex,GlobalMutex,500,write-heavy,1,282417.0957084425,1619.0,4512.0,1741.13894,893.462244908771,0.5131481608864431,0,100,900,1790645335.9395905,2397.406,3079.248,performance,,32861568.0,31906436.0,28929752.0,0.0,0.0,15.24,15.39,15.35,,,
14,25,disabled,Disabled,250,write-heavy,1,304301.59805823554,779.0,1793.0,806.9044577777778,357.60190708074566,0.4431775083577857,0,100,900,1790645340.0514731,2816.140875,3063.988,performance,,32861568.0,31906464.0,28929708.0,0.0,0.0,14.02,15.13,15.27,,,
14,26,hdr_histogram,HdrHistogram,750,mixed,1,277524.7966802357,1957.0,9087.0,2641.6227762962963,1983.328420490162,0.7507992580495918,0,100,900,1790645343.2093487,2400.0455,3100.364,performance,,32861568.0,31917932.0,28941148.0,0.0,0.0,14.02,15.13,15.27,,,
14,27,disabled,Disabled,500,mixed,1,304294.5125123469,1499.0,4214.0,1607.0755644444444,826.669260459062,0.5143935224631682,0,100,900,1790645348.2718956,2300.0,2300.0,performance,,32861568.0,31874400.0,28897536.0,0.0,0.0,14.34,15.18,15.28,,,
14,28,sharded_2key,Sharded-2key,250,mixed,1,297151.1689534747,805.0,1727.0,824.9496,359.1129559504392,0.435315025245711,0,100,900,1790645352.2696013,2490.272625,3082.05,performance,,32861568.0,31907136.0,28930180.0,0.0,0.0,15.91,15.49,15.38,,,
14,29,sharded_n,Sharded-N,1000,read-heavy,1,274284.10908106767,2092.0,14829.0,3547.3610211111113,3466.5256854591125,0.9772125433044648,0,100,900,1790645355.4426038,2300.0,2300.0,performance,,32861568.0,31931904.0,28954948.0,0.0,0.0,14.64,15.24,15.3,,,
14,30,hdr_histogram,HdrHistogram,2000,mixed,1,255394.56945213585,2271.0,42954.0,7566.233553888889,11359.32448481077,1.5013182455849925,0,100,900,1790645361.6270046,2300.0,2300.0,performance,,32861568.0,31902056.0,28924880.0,0.0,0.0,14.99,15.3,15.32,,,
14,31,disabled,Disabled,1500,read-heavy,1,271617.0366085876,2103.0,27994.0,5352.334455555556,7005.825324400744,1.308928913649803,0,100,900,1790645371.8533952,2733.06925,3007.366,performance,,32861568.0,31916120.0,28938552.0,0.0,0.0,15.2,15.34,15.33,,,
14,32,sharded_n,Sharded-N,2000,mixed,1,251112.16745412545,2328.0,45090.0,7690.186353888889,11591.88552373628,1.5073608089970825,0,100,900,1790645379.9290895,2667.15675,3097.665,performance,,32861568.0,31923416.0,28945772.0,0.0,0.0,14.19,15.13,15.27,,,
14,33,global_mutex,GlobalMutex,1500,write-heavy,1,262777.50641923404,2208.0,29701.0,5516.998382962963,7363.573994362334,1.3347065710770878,0,100,900,1790645390.2848334,2300.0,2300.0,performance,,32861568.0,31929396.0,28951508.0,0.0,0.0,13.55,14.97,15.22,,,
14,34,disabled,Disabled,2000,read-heavy,1,264951.2614699092,2160.0,41911.0,7267.153948888889,10947.133817247744,1.5063852911663589,0,100,900,1790645398.3830085,2300.0,2300.0,performance,,32861568.0,31918824.0,28940692.0,0.0,0.0,14.07,15.06,15.24,,,
14,35,global_mutex,GlobalMutex,3000,write-heavy,1,232334.62588029937,2547.0,85902.0,12448.947592962963,20836.974868269503,1.6737940868228938,0,100,900,1790645408.4844024,2399.61875,3096.95,performance,,32861568.0,31943884.0,28965472.0,0.0,0.0,14.04,15.02,15.23,,,
14,36,thread_local,ThreadLocal,3000,write-heavy,1,233078.3885863763,2550.0,87142.0,12413.489631481481,20875.221726418447,1.681656193877781,0,100,900,1790645423.8064284,2578.586,3092.085,performance,,32861568.0,31949708.0,28971088.0,0.0,0.0,13.96,14.97,15.21,,,
14,37,thread_local,ThreadLocal,500,mixed,1,302817.30134054006,1510.0,4006.0,1613.6186755555555,803.1094974702685,0.4977071160841421,0,100,900,1790645439.0921848,2482.224,3054.987,performance,,32861568.0,31931332.0,28952312.0,0.0,0.0,14.44,15.03,15.23,,,
14,38,sharded_2key,Sharded-2key,750,mixed,1,278793.4466265588,1963.0,9535.0,2621.1491881481484,2013.197029874216,0.7680589258242668,0,100,900,1790645443.1007545,2387.140375,2997.123,performance,,32861568.0,31924900.0,28945884.0,0.0,0.0,13.29,14.78,15.14,,,
14,39,hdr_histogram,HdrHistogram,1000,read-heavy,1,281461.5249327415,2047.0,14727.0,3438.7680555555557,3429.4240625066236,0.9972827498400666,0,100,900,1790645448.1486118,2665.740875,3066.669,performance,,32861568.0,31924544.0,28945408.0,0.0,0.0,14.39,14.99,15.21,,,
14,40,thread_local,ThreadLocal,2000,read-heavy,1,262717.3030705512,2162.0,41167.0,7350.209100555556,11011.67082330394,1.4981438857938938,0,100,900,1790645454.2462113,2399.781375,3098.251,performance,,32861568.0,31899636.0,28920356.0,0.0,0.0,13.95,14.89,15.17,,,
14,41,thread_local,ThreadLocal,1000,write-heavy,1,277243.78152509965,2071.0,15325.0,3497.6714444444447,3463.7539107760563,0.9903028245485259,0,100,900,1790645464.4329734,2300.0,2300.0,performance,,32861568.0,31914440.0,28934820.0,0.0,0.0,11.82,14.37,15.0,,,
14,42,thread_local,ThreadLocal,3000,read-heavy,1,244931.86781804674,2390.0,84786.0,11826.676525925926,20133.69842660183,1.7023969821501088,0,100,900,1790645470.4094756,2729.018125,3043.0,performance,,32861568.0,31909440.0,28929784.0,0.0,0.0,10.87,14.13,14.92,,,
14,43,disabled,Disabled,750,mixed,1,292971.1100450532,1869.0,8577.0,2500.446282962963,1843.6981439885076,0.7373476313211472,0,100,900,1790645485.242502,2388.62,3008.96,performance,,32861568.0,31951796.0,28971612.0,0.0,0.0,11.17,14.05,14.88,,,
14,44,sharded_n,Sharded-N,100,mixed,1,281874.59622834314,336.0,759.0,348.67005555555556,140.3962631035776,0.4026622328661874,0,100,900,1790645490.1630692,2912.3065,3044.795,performance,,32861568.0,31908352.0,28928292.0,0.0,0.0,10.28,13.82,14.8,,,
14,45,sharded_2key,Sharded-2key,500,mixed,1,304345.67026101745,1522.0,3810.0,1610.3374755555556,769.5167376182874,0.4778605412215283,0,100,900,1790645492.8341835,2398.64325,3089.146,performance,,32861568.0,31931988.0,28951916.0,0.0,0.0,10.28,13.82,14.8,,,
14,46,disabled,Disabled,3000,read-heavy,1,248016.80597224258,2372.0,80292.0,11621.888487037037,19717.562419369533,1.6965885055051377,0,100,900,1790645496.8278844,2300.0,2300.0,performance,,32861568.0,31923140.0,28943008.0,0.0,0.0,12.02,14.12,14.9,,,
14,47,disabled,Disabled,100,mixed,1,282267.91986514116,334.0,757.0,347.8407,141.1930790167796,0.40591304875128065,0,100,900,1790645511.5209327,2300.0,2300.0,performance,,32861568.0,31925876.0,28945196.0,0.0,0.0,16.36,14.96,15.16,,,
14,48,sharded_2key,Sharded-2key,750,read-heavy,1,298589.10543195024,1857.0,8546.0,2453.1609733333335,1795.7811624772337,0.7320274462205968,0,100,900,1790645514.1948113,2391.214125,3029.713,performance,,32861568.0,31941320.0,28960616.0,0.0,0.0,16.36,14.96,15.16,,,
14,49,disabled,Disabled,750,read-heavy,1,291479.1363852501,1844.0,8672.0,2509.346755555556,1890.146174897927,0.7532423212189576,0,100,900,1790645519.2460592,2398.5525,3088.42,performance,,32861568.0,31917744.0,28937052.0,0.0,0.0,15.05,14.71,15.07,,,
14,50,global_mutex,GlobalMutex,500,mixed,1,289895.59267858736,1576.0,4374.0,1694.5667888888888,864.7797035373842,0.5103249451173371,0,100,900,1790645524.3402605,2487.991625,3096.712,performance,,32861568.0,31915928.0,28935208.0,0.0,0.0,12.74,14.22,14.91,,,
14,51,sharded_n,Sharded-N,750,write-heavy,1,274325.7382123599,1998.0,9471.0,2673.182797037037,2007.2411116643748,0.7508806034099899,0,100,900,1790645528.4133604,2395.3175,3062.54,performance,,32861568.0,31942428.0,28961708.0,0.0,0.0,12.74,14.22,14.91,,,
14,52,sharded_2key,Sharded-2key,100,mixed,1,286378.3625899007,329.0,726.0,343.2427333333333,139.80633235770418,0.40731039226964216,0,100,900,1790645533.497816,2300.0,2300.0,performance,,32861568.0,31914284.0,28933324.0,0.0,0.0,13.8,14.42,14.97,,,
14,53,disabled,Disabled,1000,mixed,1,280169.86662902933,2023.0,14476.0,3464.412171111111,3423.770777776678,0.9882688920004,0,100,900,1790645536.1632335,2402.38925,3119.114,performance,,32861568.0,31923680.0,28942684.0,0.0,0.0,12.69,14.18,14.89,,,
14,54,global_mutex,GlobalMutex,1000,mixed,1,273670.71702997084,2062.0,14509.0,3546.113388888889,3442.9067282137826,0.9708958373980692,0,100,900,1790645542.1012263,2481.45375,3027.169,performance,,32861568.0,31899300.0,28918144.0,0.0,0.0,17.68,15.19,15.21,,,
14,55,sharded_2key,Sharded-2key,3000,mixed,1,236986.82815070145,2490.0,81267.0,12184.671864444445,20250.9109574787,1.661998877177152,0,100,900,1790645548.1263025,2400.47125,3103.77,performance,,32861568.0,31898824.0,28917560.0,0.0,0.0,18.03,15.3,15.25,,,
14,56,global_mutex,GlobalMutex,1000,write-heavy,1,272715.04848182685,2089.0,14549.0,3556.0007355555554,3457.878570188477,0.9724065958744105,0,100,900,1790645563.1466544,2659.011875,3064.222,performance,,32861568.0,31935424.0,28953788.0,0.0,0.0,17.41,15.3,15.25,,,
14,57,hdr_histogram,HdrHistogram,500,read-heavy,1,288561.3816244567,1577.0,4498.0,1702.45092,885.6195886146305,0.5202027137526117,0,100,900,1790645569.184235,2388.420375,3007.363,performance,,32861568.0,31922960.0,28941296.0,0.0,0.0,18.34,15.53,15.33,,,
14,58,sharded_2key,Sharded-2key,500,write-heavy,1,290370.850396643,1580.0,4322.0,1689.8446711111112,856.2596240878385,0.5067090713875071,0,100,900,1790645573.437453,2396.78925,3074.314,performance,,32861568.0,31906520.0,28924752.0,0.0,0.0,16.87,15.27,15.24,,,
14,59,global_mutex,GlobalMutex,3000,mixed,1,239535.2928872362,2470.0,84317.0,12088.198371111112,20285.67448149815,1.6781387812081008,0,100,900,1790645577.510385,2736.931,3140.062,performance,,32861568.0,31920716.0,28938908.0,0.0,0.0,16.96,15.32,15.26,,,
14,60,sharded_n,Sharded-N,100,read-heavy,1,282605.5439859986,331.0,840.0,347.20331111111113,149.7330453320978,0.43125465841015725,0,100,900,1790645592.4274955,2389.968,3019.744,performance,,32861568.0,31934808.0,28952492.0,0.0,0.0,18.55,15.77,15.41,,,
14,61,thread_local,ThreadLocal,750,write-heavy,1,280992.93747480406,1925.0,8975.0,2606.631934814815,1964.4064429651646,0.7536186512288409,0,100,900,1790645595.271484,2399.095125,3092.761,performance,,32861568.0,31935800.0,28953456.0,0.0,0.0,17.07,15.51,15.33,,,
14,62,global_mutex,GlobalMutex,100,read-heavy,1,288366.41821058793,326.0,750.0,339.48185555555557,143.40965784539813,0.42243688579677097,0,100,900,1790645600.2883625,2389.112375,3012.899,performance,,32861568.0,31913536.0,28931236.0,0.0,0.0,15.7,15.25,15.24,,,
14,63,thread_local,ThreadLocal,250,write-heavy,1,297624.6623319235,801.0,1751.0,822.2859066666666,360.19729034083184,0.4380438572770608,0,100,900,1790645603.1322293,2433.354375,2979.597,performance,,32861568.0,31923944.0,28941604.0,0.0,0.0,15.7,15.25,15.24,,,
14,64,disabled,Disabled,250,mixed,1,299723.97100724466,798.0,1777.0,819.7479377777778,351.53098701143483,0.4288281443737282,0,100,900,1790645606.3122997,2399.547875,3096.383,performance,,32861568.0,31931732.0,28949412.0,0.0,0.0,15.72,15.26,15.25,,,
14,65,sharded_n,Sharded-N,1500,write-heavy,1,260908.31274873044,2211.0,30067.0,5567.557482962963,7481.082253919266,1.3436919648897736,0,100,900,1790645609.4826095,2585.02275,3119.83,performance,,32861568.0,31951292.0,28968908.0,0.0,0.0,14.46,15.01,15.17,,,
14,66,hdr_histogram,HdrHistogram,500,mixed,1,288934.2161324929,1584.0,4332.0,1700.1246977777778,850.9289868227936,0.5005097496289758,0,100,900,1790645617.625312,2390.082875,3020.663,performance,,32861568.0,31924956.0,28942164.0,0.0,0.0,14.83,15.08,15.19,,,
14,67,sharded_2key,Sharded-2key,2000,write-heavy,1,255993.0450717278,2268.0,43048.0,7520.524278333333,11373.307522071187,1.5123024806711602,0,100,900,1790645621.710895,2386.8895,2995.116,performance,,32861568.0,31931536.0,28948756.0,0.0,0.0,14.76,15.06,15.18,,,
14,68,disabled,Disabled,3000,mixed,1,242239.27671224932,2439.0,82405.0,11906.376317037037,20133.024661750238,1.690944761500739,0,100,900,1790645631.9301257,2399.557875,3096.463,performance,,32861568.0,31919428.0,28936420.0,0.0,0.0,15.47,15.2,15.23,,,
14,69,thread_local,ThreadLocal,250,mixed,1,295088.3209967923,816.0,1686.0,831.1422266666667,355.8281186144329,0.4281194086859208,0,100,900,1790645646.719725,2300.0,2300.0,performance,,32861568.0,31931580.0,28948116.0,0.0,0.0,16.56,15.46,15.31,,,
14,70,sharded_2key,Sharded-2key,750,write-heavy,1,278513.75450017414,1975.0,9232.0,2627.1422355555555,1977.3231211580994,0.7526517195746577,0,100,900,1790645649.9057052,2488.327,3054.229,performance,,32861568.0,31933012.0,28949544.0,0.0,0.0,15.23,15.2,15.23,,,
14,71,disabled,Disabled,250,read-heavy,1,314817.0473470316,761.0,1576.0,778.7782488888889,324.74982714836233,0.4169990977684529,0,100,900,1790645654.9545827,2733.67125,3018.288,performance,,32861568.0,31919296.0,28935788.0,0.0,0.0,14.01,14.95,15.15,,,
14,72,sharded_n,Sharded-N,2000,write-heavy,1,253064.8918212794,2316.0,40856.0,7642.669505555556,11259.364081542568,1.4732239923966344,0,100,900,1790645658.2540803,2503.491125,3138.558,performance,,32861568.0,31933736.0,28950196.0,0.0,0.0,14.01,14.95,15.15,,,
14,73,hdr_histogram,HdrHistogram,3000,read-heavy,1,243729.99432894014,2406.0,79647.0,11860.154677407407,19788.51287853689,1.6684869141068064,0,100,900,1790645668.5780861,2399.370875,3094.967,performance,,32861568.0,31950480.0,28966588.0,0.0,0.0,14.63,15.05,15.18,,,
14,74,global_mutex,GlobalMutex,250,write-heavy,1,296385.58724785125,805.0,1813.0,828.5916088888889,366.87486297054716,0.44276922314300643,0,100,900,1790645683.4685953,2564.87925,3030.073,performance,,32861568.0,31926048.0,28941784.0,0.0,0.0,15.42,15.21,15.23,,,
14,75,disabled,Disabled,3000,write-heavy,1,239145.35169535156,2489.0,86122.0,12049.283478148149,20329.735168315656,1.6872152775876204,0,100,900,1790645686.6491148,2399.19175,3093.534,performance,,32861568.0,31934580.0,28950328.0,0.0,0.0,16.11,15.35,15.28,,,
14,76,sharded_2key,Sharded-2key,3000,read-heavy,1,246253.08910659948,2383.0,81984.0,11737.043988888889,19752.300744809676,1.6829025062450642,0,100,900,1790645701.581867,2300.0,2300.0,performance,,32861568.0,31919816.0,28935164.0,0.0,0.0,19.08,16.04,15.5,,,
14,77,hdr_histogram,HdrHistogram,1000,write-heavy,1,293347.6657092387,1969.0,13665.0,3313.1150566666665,3169.4481203280952,0.9566369009583643,0,100,900,1790645716.3277252,2388.84275,3010.742,performance,,32861568.0,31944012.0,28959112.0,0.0,0.0,18.19,16.03,15.51,,,
14,78,global_mutex,GlobalMutex,750,write-heavy,1,278425.7655094507,1963.0,9091.0,2626.9059585185187,1969.7689785180526,0.7498437361758211,0,100,900,1790645722.1189868,2300.0,2300.0,performance,,32861568.0,31904568.0,28919568.0,0.0,0.0,19.7,16.38,15.62,,,
14,79,hdr_histogram,HdrHistogram,250,write-heavy,1,294790.372561497,802.0,1904.0,830.7552933333334,374.4913179912936,0.45078414907075676,0,100,900,1790645727.1656578,2300.0,2300.0,performance,,32861568.0,31905720.0,28920608.0,0.0,0.0,19.24,16.34,15.62,,,
14,80,sharded_n,Sharded-N,1000,write-heavy,1,271742.5776764496,2114.0,15372.0,3582.555858888889,3536.396506733936,0.9871155247892578,0,100,900,1790645730.348474,2388.104875,3004.839,performance,,32861568.0,31912984.0,28927872.0,0.0,0.0,17.7,16.07,15.53,,,
14,81,hdr_histogram,HdrHistogram,1000,mixed,1,272564.8567804144,2112.0,15499.0,3571.7431344444444,3567.311000861313,0.9987591118912248,0,100,900,1790645736.3930192,2389.096625,3012.773,performance,,32861568.0,31902472.0,28917156.0,0.0,0.0,21.49,16.88,15.8,,,
14,82,thread_local,ThreadLocal,1500,write-heavy,1,263039.0059259816,2180.0,28547.0,5522.138014814815,7184.854289865443,1.3011000939472877,0,100,900,1790645742.4259508,2875.192,3212.916,performance,,32861568.0,31902520.0,28917040.0,0.0,0.0,20.65,16.78,15.77,,,
14,83,thread_local,ThreadLocal,100,mixed,1,288238.29328418645,326.0,749.0,339.2934333333333,143.96673374003052,0.42431335120651376,0,100,900,1790645750.5122313,2376.05075,2908.406,performance,,32861568.0,31929824.0,28944036.0,0.0,0.0,18.58,16.47,15.68,,,
14,84,sharded_2key,Sharded-2key,250,write-heavy,1,297671.2972003534,802.0,1746.0,824.3934622222222,356.408979345319,0.43232873097342195,0,100,900,1790645753.1820421,2300.0,2300.0,performance,,32861568.0,31932308.0,28946532.0,0.0,0.0,18.58,16.47,15.68,,,
14,85,hdr_histogram,HdrHistogram,100,write-heavy,1,286434.1182957441,331.0,684.0,341.7199,131.6697643047404,0.38531488597749325,0,100,900,1790645756.3569527,2477.25225,3044.74,performance,,32861568.0,31924204.0,28938488.0,0.0,0.0,20.06,16.81,15.8,,,
14,86,disabled,Disabled,750,write-heavy,1,287350.5288328466,1880.0,9006.0,2543.1212503703705,1920.5606264065052,0.7551982140555831,0,100,900,1790645759.0306814,2300.0,2300.0,performance,,32861568.0,31925432.0,28939688.0,0.0,0.0,20.06,16.81,15.8,,,
14,87,hdr_histogram,HdrHistogram,250,read-heavy,1,301673.1254100701,785.0,1736.0,811.2226133333334,356.0753064755077,0.43893661323417216,0,100,900,1790645764.0007088,2300.0,2300.0,performance,,32861568.0,31912300.0,28926428.0,0.0,0.0,18.45,16.54,15.71,,,
14,88,sharded_2key,Sharded-2key,1500,read-heavy,1,273063.6293063188,2111.0,27530.0,5311.160946666667,7061.421919533447,1.3295439529026625,0,100,900,1790645767.340593,2300.0,2300.0,performance,,32861568.0,31934280.0,28948392.0,0.0,0.0,17.05,16.28,15.63,,,
14,89,thread_local,ThreadLocal,100,write-heavy,1,294232.6468311384,322.0,645.0,332.2433555555556,125.3062747249105,0.3771520863536354,0,100,900,1790645775.3887897,2300.0,2300.0,performance,,32861568.0,31900404.0,28914188.0,0.0,0.0,15.24,15.92,15.52,,,
14,90,disabled,Disabled,100,write-heavy,1,287344.69043427415,328.0,734.0,341.6875777777778,141.9820143619287,0.4155316833153035,0,100,900,1790645778.0502062,2517.744125,3014.05,performance,,32861568.0,31927292.0,28941052.0,0.0,0.0,15.24,15.92,15.52,,,
14,91,disabled,Disabled,1000,write-heavy,1,282658.5173360221,2052.0,14430.0,3444.801663333333,3348.990929183507,0.9721868648724711,0,100,900,1790645780.71936,2397.778625,3082.229,performance,,32861568.0,31939676.0,28953436.0,0.0,0.0,14.02,15.66,15.44,,,
14,92,thread_local,ThreadLocal,750,mixed,1,304566.3237724683,1785.0,8608.0,2402.513266666667,1831.5125933159718,0.762331937445273,0,100,900,1790645786.6298342,2300.0,2300.0,performance,,32861568.0,31936068.0,28949732.0,0.0,0.0,14.02,15.63,15.43,,,
14,93,disabled,Disabled,500,read-heavy,1,299766.2143278871,1527.0,4148.0,1633.2933488888889,808.2704125750977,0.49487155086069196,0,100,900,1790645791.4622536,2497.756375,3100.108,performance,,32861568.0,31928004.0,28941652.0,0.0,0.0,14.34,15.67,15.45,,,
14,94,global_mutex,GlobalMutex,250,mixed,1,305586.45491108054,799.0,1537.0,804.6985422222223,312.3367829691224,0.3881413555274824,0,100,900,1790645795.6490052,2300.0,2300.0,performance,,32861568.0,31915668.0,28929220.0,0.0,0.0,13.19,15.41,15.36,,,
14,95,disabled,Disabled,2000,write-heavy,1,260963.8613317322,2234.0,43904.0,7416.431648333333,11150.375327200487,1.5034690341555657,0,100,900,1790645798.8053806,2716.268875,3080.277,performance,,32861568.0,31938584.0,28952160.0,0.0,0.0,13.19,15.41,15.36,,,
14,96,global_mutex,GlobalMutex,100,mixed,1,297507.87176077894,319.0,635.0,329.1088222222222,125.54940686831537,0.38148295758398537,0,100,900,1790645808.8721092,2690.891,2995.746,performance,,32861568.0,31936328.0,28949552.0,0.0,0.0,14.99,15.72,15.47,,,
14,97,sharded_2key,Sharded-2key,2000,read-heavy,1,269147.7017212565,2138.0,39916.0,7168.553635,10721.426174473369,1.4956191611829055,0,100,900,1790645811.5330262,2643.32375,3010.589,performance,,32861568.0,31933344.0,28946560.0,0.0,0.0,14.83,15.68,15.45,,,
14,98,sharded_n,Sharded-N,750,read-heavy,1,302789.25654715253,1825.0,8055.0,2417.7784548148147,1752.9732822209426,0.725034702302866,0,100,900,1790645821.5306227,2782.57375,3266.178,performance,,32861568.0,31927380.0,28940288.0,0.0,0.0,15.34,15.77,15.49,,,
14,99,global_mutex,GlobalMutex,2000,read-heavy,1,266838.39611020684,2151.0,43031.0,7220.728591111111,10953.309808144299,1.5169258434153146,0,100,900,1790645826.5463862,2648.198625,3019.551,performance,,32861568.0,31923008.0,28935860.0,0.0,0.0,15.23,15.74,15.48,,,
14,100,sharded_n,Sharded-N,250,write-heavy,1,294851.69171544706,807.0,1840.0,831.8350666666666,365.5990493543977,0.439509061356872,0,100,900,1790645836.6110368,2300.0,2300.0,performance,,32861568.0,31928688.0,28941272.0,0.0,0.0,15.99,15.89,15.53,,,
14,101,hdr_histogram,HdrHistogram,3000,write-heavy,1,239284.74223607747,2474.0,85428.0,12079.658334814814,20313.449629351166,1.6816245183695073,0,100,900,1790645839.797099,2593.116,3106.652,performance,,32861568.0,31950288.0,28962936.0,0.0,0.0,14.71,15.63,15.45,,,
14,102,sharded_n,Sharded-N,250,read-heavy,1,299927.20206941664,803.0,1712.0,821.0434933333333,339.3828362129214,0.4133554908706112,0,100,900,1790645854.745643,2834.109875,3069.547,performance,,32861568.0,31924636.0,28936792.0,0.0,0.0,18.25,16.44,15.72,,,
14,103,global_mutex,GlobalMutex,500,read-heavy,1,290965.0052838372,1583.0,4231.0,1683.1960733333333,823.7391011869919,0.4893898662416033,0,100,900,1790645858.0781007,2482.634375,3041.4,performance,,32861568.0,31936984.0,28949192.0,0.0,0.0,18.25,16.44,15.72,,,
14,104,sharded_2key,Sharded-2key,1500,write-heavy,1,263984.25860692665,2194.0,28686.0,5489.338499259259,7210.650084324337,1.3135735909340176,0,100,900,1790645862.3081079,2389.84975,3018.798,performance,,32861568.0,31929968.0,28942208.0,0.0,0.0,18.71,16.57,15.77,,,
14,105,hdr_histogram,HdrHistogram,250,mixed,1,304011.7241189104,781.0,1769.0,807.3464311111111,358.65633976523276,0.4442409428522917,0,100,900,1790645870.3690753,2469.026875,2978.104,performance,,32861568.0,31890380.0,28902204.0,0.0,0.0,16.64,16.2,15.66,,,
14,106,disabled,Disabled,500,write-heavy,1,302144.20786558936,1531.0,3929.0,1622.9975022222222,782.8222763336861,0.48233116518160934,0,100,900,1790645873.532438,2397.1935,3077.548,performance,,32861568.0,31939592.0,28951500.0,0.0,0.0,16.64,16.2,15.66,,,
14,107,global_mutex,GlobalMutex,750,mixed,1,284940.58741170756,1949.0,8812.0,2568.6117362962964,1886.984854393759,0.7346321858338227,0,100,900,1790645877.5439334,2300.0,2300.0,performance,,32861568.0,31937132.0,28949008.0,0.0,0.0,16.35,16.15,15.64,,,
14,108,hdr_histogram,HdrHistogram,100,read-heavy,1,289298.3961975159,327.0,683.0,337.9621888888889,135.52884270294717,0.401017768137088,0,100,900,1790645882.5293665,2396.814625,3074.517,performance,,32861568.0,31893072.0,28904680.0,0.0,0.0,16.4,16.16,15.65,,,
14,109,hdr_histogram,HdrHistogram,3000,mixed,1,242421.1731490867,2445.0,82932.0,11919.694974444445,20196.83807917442,1.69440896956474,0,100,900,1790645885.373728,2591.73,3130.836,performance,,32861568.0,31933452.0,28945032.0,0.0,0.0,15.09,15.89,15.56,,,
14,110,thread_local,ThreadLocal,1500,read-heavy,1,277172.04536249844,2078.0,26890.0,5233.278689629629,6918.0623950959825,1.3219365536188536,0,100,900,1790645900.1564832,2398.9385,3091.508,performance,,32861568.0,31934740.0,28946000.0,0.0,0.0,14.46,15.73,15.52,,,
14,111,hdr_histogram,HdrHistogram,500,write-heavy,1,290381.573441564,1579.0,4385.0,1691.6616266666667,857.0456045557335,0.5066294529861142,0,100,900,1790645908.129459,2395.354875,3062.839,performance,,32861568.0,31909720.0,28920764.0,0.0,0.0,14.42,15.7,15.51,,,
14,112,hdr_histogram,HdrHistogram,2000,write-heavy,1,253679.6324048522,2273.0,41059.0,7613.864215,11406.777207041212,1.4981587384456938,0,100,900,1790645912.2049372,2717.989125,3038.809,performance,,32861568.0,31920432.0,28931488.0,0.0,0.0,14.23,15.64,15.49,,,
14,113,sharded_2key,Sharded-2key,1500,mixed,1,283125.59297745547,2033.0,26793.0,5108.341554074074,6634.493075026607,1.2987567500719241,0,100,900,1790645922.4748874,2300.0,2300.0,performance,,32861568.0,31913520.0,28924260.0,0.0,0.0,14.83,15.72,15.52,,,
14,114,sharded_n,Sharded-N,500,read-heavy,1,296110.0367953833,1542.0,4448.0,1657.00804,863.6321080122063,0.5211997088512657,0,100,900,1790645930.1733792,2398.196625,3085.573,performance,,32861568.0,31914272.0,28924856.0,0.0,0.0,13.58,15.43,15.42,,,
14,115,hdr_histogram,HdrHistogram,100,mixed,1,280798.1957031137,335.0,787.0,350.31665555555554,147.61084729771966,0.4213640572231101,0,100,900,1790645934.3803325,2387.60775,3000.862,performance,,32861568.0,31908488.0,28919052.0,0.0,0.0,12.49,15.17,15.34,,,
14,116,global_mutex,GlobalMutex,250,read-heavy,1,304606.0009510368,781.0,1710.0,805.6308666666666,351.844484731994,0.4367316339153763,0,100,900,1790645937.0570245,2300.0,2300.0,performance,,32861568.0,31945636.0,28956160.0,0.0,0.0,12.49,15.17,15.34,,,
14,117,sharded_n,Sharded-N,1000,mixed,1,277026.78867791995,2059.0,14935.0,3509.850921111111,3476.0098570390987,0.9903582616946879,0,100,900,1790645940.3851328,2392.19775,3037.582,performance,,32861568.0,31939880.0,28950404.0,0.0,0.0,11.49,14.92,15.26,,,
14,118,sharded_n,Sharded-N,250,mixed,1,300149.63980302354,802.0,1663.0,818.1458844444444,337.10478289974515,0.41203505305004806,0,100,900,1790645946.368594,2300.0,2300.0,performance,,32861568.0,31881668.0,28891904.0,0.0,0.0,10.65,14.69,15.18,,,
14,119,sharded_2key,Sharded-2key,250,read-heavy,1,309138.32593891403,776.0,1624.0,792.7465422222223,334.54398659461503,0.4220062387870193,0,100,900,1790645949.5376027,2401.528875,3112.231,performance,,32861568.0,31909468.0,28919736.0,0.0,0.0,9.8,14.45,15.1,,,
14,120,thread_local,ThreadLocal,2000,write-heavy,1,258655.62875344759,2261.0,45501.0,7450.65992,11395.62422541241,1.529478508987216,0,100,900,1790645952.8546002,2750.0275,3059.339,performance,,32861568.0,31930580.0,28940868.0,0.0,0.0,9.8,14.45,15.1,,,
14,121,sharded_n,Sharded-N,3000,mixed,1,241874.32074736847,2444.0,69775.0,11915.292125185186,20079.608140356533,1.68519646261249,0,100,900,1790645962.9677749,2300.0,2300.0,performance,,32861568.0,31917444.0,28927404.0,0.0,0.0,11.61,14.68,15.17,,,
14,122,thread_local,ThreadLocal,1000,mixed,1,279361.08188635507,2051.0,14965.0,3473.2872566666665,3437.122597255853,0.9895877718315989,0,100,900,1790645977.7775562,2397.09225,3076.738,performance,,32861568.0,31935304.0,28944816.0,0.0,0.0,11.77,14.56,15.12,,,
14,123,thread_local,ThreadLocal,100,read-heavy,1,290727.9294675695,325.0,712.0,338.18154444444446,134.81841346171043,0.39865692163416694,0,100,900,1790645983.7229793,2300.0,2300.0,performance,,32861568.0,31928328.0,28937800.0,0.0,0.0,12.75,14.72,15.17,,,
14,124,thread_local,ThreadLocal,250,read-heavy,1,314308.7688239295,767.0,1590.0,780.3363911111111,320.91640405818447,0.41125392550414785,0,100,900,1790645986.5636346,2300.0,2300.0,performance,,32861568.0,31944576.0,28954000.0,0.0,0.0,13.33,14.81,15.2,,,
14,125,disabled,Disabled,1500,write-heavy,1,277665.21401399927,2040.0,27496.0,5212.0101022222225,7015.986899457996,1.3461192058063394,0,100,900,1790645989.8647518,2300.0,2300.0,performance,,32861568.0,31940312.0,28949724.0,0.0,0.0,12.26,14.56,15.12,,,
14,126,disabled,Disabled,2000,mixed,1,263836.9681615236,2203.0,43437.0,7311.696076111111,11196.708996527266,1.5313422330434836,0,100,900,1790645997.670225,2585.71225,3103.889,performance,,32861568.0,31921608.0,28930792.0,0.0,0.0,12.4,14.55,15.11,,,
14,127,global_mutex,GlobalMutex,1500,mixed,1,268722.46539861406,2178.0,28375.0,5392.717351111111,7161.9042544266285,1.3280696517407862,0,100,900,1790646007.6343102,2498.79025,3105.804,performance,,32861568.0,31928200.0,28937172.0,0.0,0.0,14.12,14.86,15.2,,,
14,128,sharded_2key,Sharded-2key,3000,write-heavy,1,238529.7915854109,2489.0,86124.0,12140.586944444445,20477.08375557042,1.6866634083898862,0,100,900,1790646015.591092,2399.23325,3093.866,performance,,32861568.0,31919240.0,28928080.0,0.0,0.0,12.54,14.5,15.08,,,
14,129,thread_local,ThreadLocal,1000,read-heavy,1,292674.63038390025,1895.0,13845.0,3316.2616166666667,3266.4743304678577,0.9849869244487254,0,100,900,1790646030.5650365,2300.0,2300.0,performance,,32861568.0,31940200.0,28948640.0,0.0,0.0,13.37,14.6,15.11,,,
14,130,sharded_n,Sharded-N,500,mixed,1,291124.77270247374,1594.0,4131.0,1684.0222888888889,807.8169251873688,0.4796949128983104,0,100,900,1790646036.5118,2300.0,2300.0,performance,,32861568.0,31919640.0,28927996.0,0.0,0.0,14.62,14.84,15.18,,,
14,131,global_mutex,GlobalMutex,2000,mixed,1,259201.62720145995,2242.0,41171.0,7420.847783333334,11090.283373771688,1.4944766012691475,0,100,900,1790646040.5826504,2300.0,2300.0,performance,,32861568.0,31914216.0,28922536.0,0.0,0.0,13.45,14.6,15.1,,,
14,132,hdr_histogram,HdrHistogram,1500,write-heavy,1,264620.3451235385,2186.0,28328.0,5478.8639,7116.235835994739,1.2988524566187416,0,100,900,1790646050.697768,2300.0,2300.0,performance,,32861568.0,31915772.0,28923740.0,0.0,0.0,13.3,14.54,15.08,,,
14,133,hdr_histogram,HdrHistogram,1500,read-heavy,1,277369.7607530096,2057.0,27920.0,5208.1225888888885,6968.377264622484,1.3379825735071902,0,100,900,1790646058.751343,2891.143125,3193.158,performance,,32861568.0,31910564.0,28918352.0,0.0,0.0,14.64,14.8,15.16,,,
14,134,disabled,Disabled,1500,mixed,1,279291.93619527225,2061.0,26709.0,5191.24308,6787.218290083904,1.3074360390159006,0,100,900,1790646066.7223332,2845.988625,3050.99,performance,,32861568.0,31901732.0,28909364.0,0.0,0.0,19.45,15.79,15.47,,,
14,135,sharded_2key,Sharded-2key,1000,write-heavy,1,272768.843194919,2092.0,14877.0,3568.5540666666666,3537.765743095979,0.9913723253184596,0,100,900,1790646074.490288,2595.44725,3141.486,performance,,32861568.0,31915516.0,28923000.0,0.0,0.0,17.56,15.51,15.39,,,
14,136,global_mutex,GlobalMutex,750,read-heavy,1,294027.8884798828,1855.0,8650.0,2491.258508148148,1872.5458638331897,0.7516465504116343,0,100,900,1790646080.5177517,2300.0,2300.0,performance,,32861568.0,31901284.0,28908572.0,0.0,0.0,16.16,15.25,15.3,,,
14,137,sharded_2key,Sharded-2key,100,write-heavy,1,281590.5053989207,335.0,765.0,349.4357777777778,144.64565827343648,0.413940607894545,0,100,900,1790646085.6065938,2300.0,2300.0,performance,,32861568.0,31915204.0,28922476.0,0.0,0.0,14.86,15.0,15.22,,,
14,138,sharded_n,Sharded-N,2000,read-heavy,1,262972.3376492183,2212.0,42552.0,7353.061417777778,11102.207969039584,1.509875593068943,0,100,900,1790646088.27975,2703.965375,3161.759,performance,,32861568.0,31940028.0,28947256.0,0.0,0.0,14.86,15.0,15.22,,,
14,139,thread_local,ThreadLocal,2000,mixed,1,260418.07428814718,2228.0,39417.0,7398.549344444445,10976.067661117242,1.483543212340558,0,100,900,1790646098.4349334,2300.0,2300.0,performance,,32861568.0,31902816.0,28909680.0,0.0,0.0,19.44,15.94,15.53,,,
14,140,thread_local,ThreadLocal,500,write-heavy,1,288707.8795701967,1577.0,4442.0,1700.111731111111,875.517050493761,0.5149761833132962,0,100,900,1790646108.5040298,2837.186125,3086.379,performance,,32861568.0,31922084.0,28928728.0,0.0,0.0,19.68,16.12,15.59,,,
14,141,hdr_histogram,HdrHistogram,2000,read-heavy,1,262229.6392697275,2219.0,43726.0,7361.218037777778,11205.553187236046,1.522241717298569,0,100,900,1790646112.582299,2400.056,3100.448,performance,,32861568.0,31934868.0,28941548.0,0.0,0.0,19.95,16.24,15.63,,,
14,142,global_mutex,GlobalMutex,100,write-heavy,1,288647.19226493774,326.0,705.0,339.4295333333333,141.25221434993753,0.4161459168351807,0,100,900,1790646122.7663271,2389.351,3014.808,performance,,32861568.0,31914288.0,28920572.0,0.0,0.0,21.45,16.66,15.77,,,
14,143,sharded_n,Sharded-N,3000,write-heavy,1,238099.82063493412,2485.0,80844.0,12132.749904074075,20284.84706909664,1.6719084485772808,0,100,900,1790646125.4340816,2399.719875,3097.759,performance,,32861568.0,31937000.0,28943256.0,0.0,0.0,19.73,16.39,15.69,,,
14,144,sharded_2key,Sharded-2key,2000,mixed,1,264209.63220428216,2188.0,43002.0,7312.423337777778,10977.129984116847,1.501161718497108,0,100,900,1790646140.415732,2300.0,2300.0,performance,,32861568.0,31937396.0,28943336.0,0.0,0.0,19.65,16.56,15.76,,,
15,1,sharded_2key,Sharded-2key,100,read-heavy,1,294078.5538319844,318.0,745.0,334.2829,142.14518686255875,0.42522422433979945,0,100,900,1790646150.3904045,2368.0105,2844.084,performance,,32861568.0,31924840.0,28930484.0,0.0,0.0,17.66,16.24,15.66,,,
15,2,sharded_n,Sharded-N,1500,read-heavy,1,270731.17168902326,2111.0,27856.0,5362.198893333333,7061.641409033675,1.3169301530036883,0,100,900,1790646153.2224307,2402.399625,3119.197,performance,,32861568.0,31939404.0,28945060.0,0.0,0.0,17.66,16.24,15.66,,,
15,3,disabled,Disabled,2000,mixed,1,260971.33605802615,2249.0,42390.0,7391.487056111111,11247.836000126741,1.521728430928833,0,100,900,1790646161.3192985,2399.83475,3098.678,performance,,32861568.0,31881084.0,28886608.0,0.0,0.0,17.82,16.34,15.7,,,
15,4,disabled,Disabled,250,read-heavy,1,318690.156601411,765.0,1470.0,771.6009111111111,293.62939953498966,0.3805456879414011,0,100,900,1790646171.3754897,2397.379375,3079.035,performance,,32861568.0,31918000.0,28923296.0,0.0,0.0,16.11,16.03,15.61,,,
15,5,global_mutex,GlobalMutex,1000,mixed,1,276392.4933971853,2067.0,14769.0,3512.4424577777777,3469.2442232812705,0.987701368772362,0,100,900,1790646174.6696908,2597.994,3113.127,performance,,32861568.0,31923856.0,28929152.0,0.0,0.0,14.82,15.77,15.53,,,
15,6,disabled,Disabled,100,read-heavy,1,294648.7032011306,321.0,676.0,333.0075777777778,130.45711913166053,0.39175420572175995,0,100,900,1790646180.6472425,2404.621375,3136.971,performance,,32861568.0,31928224.0,28933320.0,0.0,0.0,13.63,15.5,15.44,,,
15,7,disabled,Disabled,2000,read-heavy,1,269532.76201913273,2137.0,42139.0,7136.765111666667,10893.473951167882,1.5263881857846238,0,100,900,1790646183.4771798,2402.957375,3123.659,performance,,32861568.0,31939940.0,28945020.0,0.0,0.0,13.63,15.5,15.44,,,
15,8,sharded_n,Sharded-N,2000,read-heavy,1,262351.3756719699,2195.0,41507.0,7334.855608333333,11115.311321185716,1.5154096978483533,0,100,900,1790646193.4944186,2412.25325,3198.026,performance,,32861568.0,31925240.0,28930016.0,0.0,0.0,13.34,15.39,15.41,,,
15,9,hdr_histogram,HdrHistogram,3000,mixed,1,240669.456921973,2451.0,83075.0,12018.018638888889,20118.366510487187,1.674016917013802,0,100,900,1790646203.6954753,2397.4885,3079.908,performance,,32861568.0,31933780.0,28938316.0,0.0,0.0,12.85,15.21,15.35,,,
15,10,sharded_2key,Sharded-2key,2000,mixed,1,257273.34188171942,2271.0,45098.0,7520.275981666667,11299.395614388683,1.5025240618741862,0,100,900,1790646218.54088,2300.0,2300.0,performance,,32861568.0,31923004.0,28927200.0,0.0,0.0,14.48,15.48,15.44,,,
15,11,sharded_2key,Sharded-2key,500,mixed,1,284800.0962112951,1599.0,4485.0,1718.3589,881.010141452196,0.5127043840795983,0,100,900,1790646228.7014067,2399.214625,3093.717,performance,,32861568.0,31918452.0,28922416.0,0.0,0.0,14.59,15.47,15.43,,,
15,12,thread_local,ThreadLocal,250,write-heavy,1,298467.75410098676,796.0,1768.0,820.1428311111111,363.589224323641,0.4433242729575024,0,100,900,1790646232.7998016,2300.0,2300.0,performance,,32861568.0,31940944.0,28944904.0,0.0,0.0,14.39,15.41,15.41,,,
15,13,hdr_histogram,HdrHistogram,2000,read-heavy,1,262922.1598046508,2204.0,41522.0,7342.781395,10947.323958035988,1.490896074543424,0,100,900,1790646235.97191,2300.0,2300.0,performance,,32861568.0,31931872.0,28935880.0,0.0,0.0,13.23,15.16,15.33,,,
15,14,global_mutex,GlobalMutex,500,read-heavy,1,300457.2015171478,1538.0,4046.0,1627.3323044444444,802.8052228909111,0.49332593023462473,0,100,900,1790646246.1540072,2909.41575,3089.819,performance,,32861568.0,31898148.0,28901748.0,0.0,0.0,11.79,14.79,15.21,,,
15,15,global_mutex,GlobalMutex,250,write-heavy,1,287194.80502124503,834.0,1828.0,855.5547333333334,373.7295601530505,0.4368271784283863,0,100,900,1790646250.330961,2592.1105,3107.681,performance,,32861568.0,31911628.0,28915272.0,0.0,0.0,10.84,14.54,15.13,,,
15,16,disabled,Disabled,3000,read-heavy,1,249584.72616550952,2362.0,83593.0,11542.049031111112,19766.08982520655,1.712528665571241,0,100,900,1790646253.5314553,2388.576,3008.608,performance,,32861568.0,31929816.0,28933448.0,0.0,0.0,10.84,14.54,15.13,,,
15,17,global_mutex,GlobalMutex,100,mixed,1,281771.7620550178,335.0,728.0,347.0181333333333,141.22096294525875,0.4069555720006335,0,100,900,1790646268.1390586,2397.36775,3078.942,performance,,32861568.0,31929872.0,28932980.0,0.0,0.0,13.37,14.92,15.24,,,
15,18,thread_local,ThreadLocal,100,read-heavy,1,287028.09165300656,328.0,786.0,342.06315555555557,143.04366297328588,0.4181791012860305,0,100,900,1790646270.8126054,2398.077875,3084.623,performance,,32861568.0,31945220.0,28948288.0,0.0,0.0,12.3,14.67,15.16,,,
15,19,hdr_histogram,HdrHistogram,750,write-heavy,1,276401.38623083575,1955.0,9068.0,2652.906774814815,1990.8333987234853,0.7504347373316406,0,100,900,1790646273.642322,2409.984,3179.872,performance,,32861568.0,31939396.0,28942428.0,0.0,0.0,12.3,14.67,15.16,,,
15,20,hdr_histogram,HdrHistogram,1500,read-heavy,1,270339.9790169317,2146.0,28105.0,5358.461618518519,7126.9785165322655,1.3300419082786483,0,100,900,1790646278.707077,2300.0,2300.0,performance,,32861568.0,31900148.0,28903236.0,0.0,0.0,13.0,14.78,15.19,,,
15,21,sharded_n,Sharded-N,1000,read-heavy,1,282175.46498127235,2015.0,14870.0,3439.816422222222,3392.645305883155,0.9862867343634014,0,100,900,1790646286.8081777,2396.941,3075.528,performance,,32861568.0,31914100.0,28916912.0,0.0,0.0,12.68,14.65,15.15,,,
15,22,thread_local,ThreadLocal,2000,write-heavy,1,253582.0786418804,2318.0,46227.0,7605.411396666666,11435.76382025332,1.5036351386941984,0,100,900,1790646292.8856015,2397.44625,3079.57,performance,,32861568.0,31913616.0,28916284.0,0.0,0.0,13.03,14.69,15.16,,,
15,23,disabled,Disabled,3000,mixed,1,242551.11731491552,2434.0,83305.0,11925.444161851852,20292.314486950207,1.7015982139988568,0,100,900,1790646303.1501822,2404.9555,3139.644,performance,,32861568.0,31935776.0,28938100.0,0.0,0.0,14.25,14.9,15.22,,,
15,24,disabled,Disabled,100,write-heavy,1,281294.3803418135,336.0,718.0,348.5702333333333,140.64520314639967,0.40349172045308423,0,100,900,1790646317.9439652,2300.0,2300.0,performance,,32861568.0,31945776.0,28947844.0,0.0,0.0,16.27,15.3,15.34,,,
15,25,thread_local,ThreadLocal,500,write-heavy,1,293054.67721822753,1560.0,4407.0,1675.876411111111,845.537027125973,0.504534237441399,0,100,900,1790646320.6194487,2410.917,3187.336,performance,,32861568.0,31949540.0,28951568.0,0.0,0.0,14.96,15.05,15.26,,,
15,26,global_mutex,GlobalMutex,3000,mixed,1,238151.7116154432,2496.0,84573.0,12103.807137407408,20399.034557790463,1.6853403500412898,0,100,900,1790646324.673309,2596.247125,3110.921,performance,,32861568.0,31902212.0,28904256.0,0.0,0.0,13.77,14.8,15.18,,,
15,27,disabled,Disabled,1000,read-heavy,1,291379.65537238965,1946.0,14090.0,3337.1765544444443,3239.1466817553164,0.9706249066868902,0,100,900,1790646339.6783333,2369.1285,2853.028,performance,,32861568.0,31931300.0,28932832.0,0.0,0.0,12.78,14.56,15.1,,,
15,28,sharded_2key,Sharded-2key,1000,write-heavy,1,274220.0767174357,2061.0,15025.0,3550.041133333333,3525.81411950237,0.9931755681353993,0,100,900,1790646345.6557386,2488.363375,3129.096,performance,,32861568.0,31913316.0,28914888.0,0.0,0.0,11.75,14.31,15.02,,,
15,29,hdr_histogram,HdrHistogram,2000,mixed,1,261944.43495902413,2212.0,43232.0,7362.402515,11039.90388961479,1.4994974625636575,0,100,900,1790646351.66757,2367.140375,2837.123,performance,,32861568.0,31924152.0,28925608.0,0.0,0.0,12.25,14.38,15.03,,,
15,30,hdr_histogram,HdrHistogram,250,read-heavy,1,313567.4755795636,755.0,1643.0,779.3719422222222,340.0481716791861,0.4363105126797447,0,100,900,1790646361.7001646,2387.786375,3002.291,performance,,32861568.0,31908248.0,28909360.0,0.0,0.0,15.65,15.01,15.23,,,
15,31,hdr_histogram,HdrHistogram,1000,mixed,1,275095.5863859438,2093.0,15136.0,3534.4899944444446,3541.3495223004534,1.0019407404934773,0,100,900,1790646365.0043173,2778.082125,3134.554,performance,,32861568.0,31912092.0,28913220.0,0.0,0.0,14.4,14.76,15.15,,,
15,32,global_mutex,GlobalMutex,2000,read-heavy,1,265915.64630693017,2165.0,43390.0,7259.237141111111,10945.503687554661,1.5078035714754627,0,100,900,1790646371.0052829,2399.947,3099.576,performance,,32861568.0,31890960.0,28891996.0,0.0,0.0,13.25,14.52,15.07,,,
15,33,global_mutex,GlobalMutex,1500,mixed,1,269750.9208475196,2130.0,28909.0,5361.450595555556,7122.433803258707,1.3284527529103674,0,100,900,1790646381.0974514,2398.57825,3088.626,performance,,32861568.0,31913752.0,28914448.0,0.0,0.0,13.79,14.61,15.09,,,
15,34,global_mutex,GlobalMutex,100,read-heavy,1,285008.10981076193,329.0,777.0,344.05965555555554,148.23242161327067,0.4308334883783998,0,100,900,1790646389.0483565,2402.999125,3123.993,performance,,32861568.0,31935448.0,28935964.0,0.0,0.0,18.37,15.55,15.39,,,
15,35,sharded_2key,Sharded-2key,750,write-heavy,1,282159.59883931023,1975.0,8918.0,2598.484442962963,1905.6106658176614,0.7333546563953097,0,100,900,1790646391.8899312,2676.536875,3185.218,performance,,32861568.0,31939024.0,28939516.0,0.0,0.0,16.98,15.3,15.31,,,
15,36,global_mutex,GlobalMutex,2000,mixed,1,256281.41749892724,2267.0,41218.0,7525.906313888889,11370.293195546938,1.510820454217364,0,100,900,1790646396.903915,2300.0,2300.0,performance,,32861568.0,31934412.0,28934920.0,0.0,0.0,16.26,15.18,15.27,,,
15,37,thread_local,ThreadLocal,3000,write-heavy,1,239838.48185100572,2465.0,79564.0,12050.57207037037,20123.16877700468,1.6698932349015196,0,100,900,1790646407.1050496,2399.628375,3097.027,performance,,32861568.0,31934668.0,28934788.0,0.0,0.0,16.57,15.29,15.31,,,
15,38,disabled,Disabled,750,mixed,1,286199.41049332306,1894.0,8967.0,2559.3697674074074,1942.017440884968,0.7587873646144514,0,100,900,1790646422.0240486,2300.0,2300.0,performance,,32861568.0,31944344.0,28944132.0,0.0,0.0,17.75,15.63,15.42,,,
15,39,sharded_2key,Sharded-2key,1500,mixed,1,268233.6227970712,2124.0,28267.0,5409.125061481482,7144.2906564974155,1.320784891325973,0,100,900,1790646426.9981403,2518.014375,3178.223,performance,,32861568.0,31927056.0,28926812.0,0.0,0.0,17.29,15.57,15.4,,,
15,40,global_mutex,GlobalMutex,100,write-heavy,1,283454.64824837155,332.0,773.0,345.6866444444444,143.09353920144474,0.41394002777113775,0,100,900,1790646434.9672616,2409.458375,3175.667,performance,,32861568.0,31908312.0,28907840.0,0.0,0.0,15.37,15.22,15.29,,,
15,41,disabled,Disabled,250,write-heavy,1,308250.52547158825,773.0,1635.0,796.6106266666667,331.67934268291134,0.41636319122528986,0,100,900,1790646437.6407661,2300.0,2300.0,performance,,32861568.0,31920672.0,28920172.0,0.0,0.0,15.37,15.22,15.29,,,
15,42,thread_local,ThreadLocal,1500,write-heavy,1,263828.3860371183,2196.0,30187.0,5499.062027407407,7314.889302076005,1.3302067271870162,0,100,900,1790646440.7893822,2562.487375,3066.653,performance,,32861568.0,31934624.0,28934140.0,0.0,0.0,14.14,14.97,15.21,,,
15,43,thread_local,ThreadLocal,2000,mixed,1,261749.49913033657,2208.0,41264.0,7367.494013333333,11095.116870917494,1.505955329022065,0,100,900,1790646448.8531277,2892.7775,3102.957,performance,,32861568.0,31904416.0,28903672.0,0.0,0.0,14.04,14.94,15.2,,,
15,44,global_mutex,GlobalMutex,3000,write-heavy,1,235834.2611145607,2521.0,83058.0,12228.135304814814,20502.46198513004,1.6766629967741051,0,100,900,1790646458.8781652,2406.376125,3151.009,performance,,32861568.0,31918868.0,28917824.0,0.0,0.0,14.02,14.9,15.18,,,
15,45,hdr_histogram,HdrHistogram,1500,write-heavy,1,264039.82450007484,2208.0,28174.0,5503.051731111111,7169.506341220609,1.302823722460815,0,100,900,1790646474.0216055,2300.0,2300.0,performance,,32861568.0,31923888.0,28922504.0,0.0,0.0,15.61,15.19,15.27,,,
15,46,hdr_histogram,HdrHistogram,100,read-heavy,1,290738.7027581509,325.0,727.0,337.3221,136.9578124454342,0.40601494075079636,0,100,900,1790646482.097386,2683.82825,3120.604,performance,,32861568.0,31909108.0,28907568.0,0.0,0.0,22.83,16.7,15.76,,,
15,47,sharded_2key,Sharded-2key,500,write-heavy,1,285007.3374093989,1615.0,4364.0,1722.8127955555556,858.055597466903,0.4980550409658443,0,100,900,1790646484.9351404,2400.011125,3100.089,performance,,32861568.0,31938100.0,28936516.0,0.0,0.0,21.0,16.42,15.67,,,
15,48,sharded_n,Sharded-N,500,mixed,1,291208.95042435144,1574.0,4366.0,1684.0114555555556,858.3741754867768,0.5097199147042614,0,100,900,1790646489.036333,2800.400625,3198.783,performance,,32861568.0,31936176.0,28934648.0,0.0,0.0,21.0,16.42,15.67,,,
15,49,global_mutex,GlobalMutex,1500,read-heavy,1,284455.56592193583,1941.0,23022.0,5101.151032592593,6089.44882670696,1.1937401554668492,0,100,900,1790646493.0987234,2300.0,2300.0,performance,,32861568.0,31934576.0,28932988.0,0.0,0.0,21.32,16.56,15.72,,,
15,50,disabled,Disabled,100,mixed,1,281913.89135648817,333.0,782.0,348.2564,146.76835498550454,0.42143763900822656,0,100,900,1790646500.94296,2489.964875,3073.854,performance,,32861568.0,31906048.0,28904088.0,0.0,0.0,19.88,16.43,15.69,,,
15,51,thread_local,ThreadLocal,1000,write-heavy,1,280686.1937999565,2029.0,14798.0,3468.3825466666667,3424.78250396546,0.9874292866733777,0,100,900,1790646503.617558,2398.862625,3090.901,performance,,32861568.0,31929400.0,28927424.0,0.0,0.0,19.88,16.43,15.69,,,
15,52,sharded_n,Sharded-N,2000,mixed,1,256767.02057889328,2262.0,46056.0,7495.296231111111,11260.229997163937,1.502306199777071,0,100,900,1790646509.5548723,2881.873875,3195.469,performance,,32861568.0,31927796.0,28925800.0,0.0,0.0,18.22,16.19,15.62,,,
15,53,thread_local,ThreadLocal,750,read-heavy,1,306779.095651385,1780.0,8209.0,2382.5367051851854,1768.749355665934,0.7423807372270708,0,100,900,1790646519.7446167,2300.0,2300.0,performance,,32861568.0,31934128.0,28931752.0,0.0,0.0,16.23,15.84,15.51,,,
15,54,thread_local,ThreadLocal,1500,read-heavy,1,275005.05302432727,2111.0,27824.0,5262.959356296296,7000.181936992845,1.3300847418892259,0,100,900,1790646524.7325907,2400.973375,3107.787,performance,,32861568.0,31909228.0,28906848.0,0.0,0.0,14.93,15.58,15.43,,,
15,55,sharded_n,Sharded-N,1500,mixed,1,267721.0307229222,2151.0,29553.0,5407.09098962963,7150.497455818784,1.3224296520130454,0,100,900,1790646532.7273948,2388.74575,3009.966,performance,,32861568.0,31902304.0,28899632.0,0.0,0.0,14.54,15.48,15.4,,,
15,56,disabled,Disabled,750,write-heavy,1,281379.0885189224,1943.0,9115.0,2600.9431777777777,1950.7871341300554,0.7500306622602921,0,100,900,1790646540.7158303,2637.64825,3036.754,performance,,32861568.0,31918216.0,28915396.0,0.0,0.0,13.19,15.17,15.3,,,
15,57,sharded_2key,Sharded-2key,1000,mixed,1,281575.8641398783,1985.0,14109.0,3457.6587144444443,3297.2631664571695,0.9536115154115069,0,100,900,1790646545.733577,2505.383875,3151.975,performance,,32861568.0,31925856.0,28923064.0,0.0,0.0,12.13,14.92,15.22,,,
15,58,disabled,Disabled,1500,mixed,1,267743.6035258812,2160.0,28656.0,5408.499863703703,7289.928402249514,1.347865135612192,0,100,900,1790646551.6522439,2487.591875,3097.567,performance,,32861568.0,31901584.0,28898620.0,0.0,0.0,12.12,14.87,15.2,,,
15,59,disabled,Disabled,500,read-heavy,1,302329.313935872,1519.0,4088.0,1621.8979355555555,787.6992941718336,0.48566514384397413,0,100,900,1790646559.6364424,2387.6505,3001.204,performance,,32861568.0,31905148.0,28901956.0,0.0,0.0,11.29,14.61,15.11,,,
15,60,sharded_2key,Sharded-2key,1500,read-heavy,1,270513.4455024095,2130.0,27819.0,5364.5661992592595,7079.614542797576,1.319699353094968,0,100,900,1790646563.8131726,2399.662875,3097.303,performance,,32861568.0,31932788.0,28929632.0,0.0,0.0,11.29,14.61,15.11,,,
15,61,hdr_histogram,HdrHistogram,2000,write-heavy,1,246337.23532371703,2363.0,43540.0,7842.174141666666,11907.395013882428,1.5183793166000514,0,100,900,1790646571.9025993,2396.0035,3068.028,performance,,32861568.0,31908436.0,28904944.0,0.0,0.0,11.34,14.51,15.07,,,
15,62,sharded_n,Sharded-N,500,read-heavy,1,293796.4315472367,1569.0,4228.0,1668.0520888888889,819.8868129625203,0.49152350722372073,0,100,900,1790646582.402484,2882.706,3121.456,performance,,32861568.0,31924188.0,28920424.0,0.0,0.0,12.67,14.69,15.12,,,
15,63,global_mutex,GlobalMutex,250,read-heavy,1,300922.87468562135,790.0,1657.0,807.3274311111111,333.57402588148693,0.41318306925654025,0,100,900,1790646586.6237323,2300.0,2300.0,performance,,32861568.0,31905564.0,28901868.0,0.0,0.0,12.29,14.58,15.08,,,
15,64,sharded_2key,Sharded-2key,250,mixed,1,295587.5669358538,802.0,1820.0,831.95336,370.28044436115994,0.4450735608077356,0,100,900,1790646589.961167,3014.964875,3074.124,performance,,32861568.0,31933232.0,28929544.0,0.0,0.0,11.31,14.33,15.0,,,
15,65,sharded_2key,Sharded-2key,2000,write-heavy,1,253235.41301415616,2316.0,42948.0,7614.5788205555555,11391.267787844403,1.495981334790793,0,100,900,1790646593.1417665,2300.0,2300.0,performance,,32861568.0,31939152.0,28935460.0,0.0,0.0,11.31,14.33,15.0,,,
15,66,disabled,Disabled,500,mixed,1,287661.6419748642,1599.0,4322.0,1706.4035422222223,848.0599864146151,0.49698677096637994,0,100,900,1790646603.4253333,2594.755,3096.735,performance,,32861568.0,31901708.0,28897612.0,0.0,0.0,12.14,14.41,15.02,,,
15,67,disabled,Disabled,2000,write-heavy,1,252900.08316088145,2313.0,47452.0,7638.242218333334,11466.593264415842,1.5012083849466946,0,100,900,1790646607.507339,2731.508625,3027.447,performance,,32861568.0,31931232.0,28927152.0,0.0,0.0,12.53,14.45,15.03,,,
15,68,hdr_histogram,HdrHistogram,1000,write-heavy,1,271731.2828812779,2103.0,14739.0,3574.080541111111,3441.992988327267,0.9630429277503689,0,100,900,1790646617.8076205,2388.60425,3008.834,performance,,32861568.0,31914412.0,28910028.0,0.0,0.0,19.97,15.98,15.52,,,
15,69,sharded_2key,Sharded-2key,3000,read-heavy,1,244398.14772515747,2400.0,71011.0,11819.139967777777,20009.20246510543,1.6929491079432186,0,100,900,1790646623.8597107,2300.0,2300.0,performance,,32861568.0,31905228.0,28900712.0,0.0,0.0,19.57,15.97,15.52,,,
15,70,sharded_2key,Sharded-2key,250,write-heavy,1,308539.3100171338,785.0,1582.0,795.1889288888889,317.1762399297111,0.3988690340205049,0,100,900,1790646638.7212586,2777.42825,3097.114,performance,,32861568.0,31932988.0,28928064.0,0.0,0.0,27.35,17.95,16.18,,,
15,71,disabled,Disabled,1000,mixed,1,279314.15788962843,2034.0,15408.0,3482.31853,3500.495266116666,1.0052197224234585,0,100,900,1790646641.86806,2934.229,3173.034,performance,,32861568.0,31947088.0,28942196.0,0.0,0.0,26.45,17.92,16.18,,,
15,72,global_mutex,GlobalMutex,750,write-heavy,1,278983.6017344671,1979.0,8846.0,2626.546557037037,1923.0762889123298,0.7321691228963859,0,100,900,1790646647.8133035,2397.774625,3082.197,performance,,32861568.0,31907680.0,28902648.0,0.0,0.0,25.29,17.82,16.16,,,
15,73,sharded_2key,Sharded-2key,100,mixed,1,284716.14952992275,330.0,732.0,345.1501,143.66538332920436,0.416240306258652,0,100,900,1790646652.8577483,2300.0,2300.0,performance,,32861568.0,31919840.0,28914808.0,0.0,0.0,24.54,17.79,16.16,,,
15,74,hdr_histogram,HdrHistogram,750,mixed,1,281006.3650227196,1921.0,8925.0,2605.47894962963,1967.368048346137,0.7550888287260196,0,100,900,1790646655.5349407,2300.0,2300.0,performance,,32861568.0,31940464.0,28935404.0,0.0,0.0,22.58,17.5,16.07,,,
15,75,disabled,Disabled,750,read-heavy,1,309552.40928382287,1799.0,7944.0,2362.622762962963,1704.463666747289,0.7214286146171396,0,100,900,1790646660.5622246,2740.241375,3030.388,performance,,32861568.0,31923356.0,28918144.0,0.0,0.0,20.77,17.21,15.98,,,
15,76,thread_local,ThreadLocal,500,read-heavy,1,299508.4718547037,1517.0,4438.0,1637.2617244444446,856.9937665032687,0.523431137311943,0,100,900,1790646665.5278642,2300.0,2300.0,performance,,32861568.0,31908876.0,28903576.0,0.0,0.0,19.11,16.92,15.9,,,
15,77,thread_local,ThreadLocal,100,write-heavy,1,277043.4203226586,339.0,780.0,353.07093333333336,145.39936810721076,0.4118134753673976,0,100,900,1790646669.7105064,2399.004875,3092.039,performance,,32861568.0,31929756.0,28924412.0,0.0,0.0,17.58,16.64,15.81,,,
15,78,sharded_n,Sharded-N,750,mixed,1,277205.3793559292,1994.0,8844.0,2637.4122903703706,1932.2730489660416,0.7326397378298004,0,100,900,1790646672.3902678,2395.89525,3067.162,performance,,32861568.0,31928604.0,28923224.0,0.0,0.0,17.58,16.64,15.81,,,
15,79,sharded_n,Sharded-N,3000,mixed,1,234514.4800316438,2520.0,84772.0,12316.463017777778,20789.28109614179,1.6879262387370637,0,100,900,1790646677.4561687,2979.93725,3010.482,performance,,32861568.0,31908656.0,28903128.0,0.0,0.0,17.21,16.58,15.8,,,
15,80,sharded_n,Sharded-N,750,write-heavy,1,277320.7273130732,1969.0,9038.0,2638.7139555555555,1962.0212586615737,0.7435520832149043,0,100,900,1790646692.6490905,2300.0,2300.0,performance,,32861568.0,31945024.0,28939008.0,0.0,0.0,18.6,16.91,15.92,,,
15,81,sharded_n,Sharded-N,100,write-heavy,1,273013.53486440174,345.0,759.0,359.0442777777778,146.53578528769887,0.40812733792792494,0,100,900,1790646697.71157,2397.771875,3082.175,performance,,32861568.0,31915164.0,28909156.0,0.0,0.0,18.39,16.9,15.92,,,
15,82,sharded_n,Sharded-N,3000,write-heavy,1,234611.01536187108,2543.0,81695.0,12332.551237037038,20618.661172211647,1.6718893581637688,0,100,900,1790646700.3966064,2388.257125,3006.057,performance,,32861568.0,31934632.0,28928596.0,0.0,0.0,16.92,16.62,15.83,,,
15,83,thread_local,ThreadLocal,1000,mixed,1,275503.64079775556,2074.0,15010.0,3526.33439,3492.365645122967,0.9903671231595729,0,100,900,1790646715.5954888,2742.590875,3055.582,performance,,32861568.0,31943336.0,28936896.0,0.0,0.0,17.43,16.8,15.91,,,
15,84,sharded_2key,Sharded-2key,1000,read-heavy,1,279804.688816005,2011.0,14562.0,3473.594776666667,3381.698555270815,0.9735443460437152,0,100,900,1790646721.5775654,2397.90675,3083.254,performance,,32861568.0,31933016.0,28926468.0,0.0,0.0,25.24,18.43,16.44,,,
15,85,hdr_histogram,HdrHistogram,500,read-heavy,1,307082.43022750586,1491.0,3987.0,1588.6481955555555,790.6141240718179,0.49766469774973526,0,100,900,1790646727.6667757,2300.0,2300.0,performance,,32861568.0,31901520.0,28894848.0,0.0,0.0,24.1,18.31,16.41,,,
15,86,thread_local,ThreadLocal,1000,read-heavy,1,287700.99865850015,2005.0,14744.0,3374.5565133333334,3409.0424285411277,1.0102193918138682,0,100,900,1790646731.8271205,2399.80025,3098.402,performance,,32861568.0,31922820.0,28916120.0,0.0,0.0,23.85,18.35,16.44,,,
15,87,sharded_n,Sharded-N,1000,mixed,1,275428.3172755615,2069.0,14575.0,3527.0368955555555,3449.343007485146,0.9779719094607963,0,100,900,1790646737.8385797,2920.938125,3038.369,performance,,32861568.0,31902244.0,28895332.0,0.0,0.0,22.42,18.15,16.38,,,
15,88,thread_local,ThreadLocal,500,mixed,1,297245.44449872064,1541.0,4234.0,1650.6951644444443,830.5804102777157,0.5031700753526195,0,100,900,1790646743.8294134,2401.8975,3115.18,performance,,32861568.0,31917016.0,28909972.0,0.0,0.0,21.75,18.08,16.37,,,
15,89,global_mutex,GlobalMutex,750,read-heavy,1,283617.69666442374,1956.0,8978.0,2588.8245807407407,1903.3320478181663,0.7352108991770951,0,100,900,1790646747.8631232,2399.658,3097.264,performance,,32861568.0,31934828.0,28927800.0,0.0,0.0,21.53,18.09,16.38,,,
15,90,global_mutex,GlobalMutex,1000,read-heavy,1,277632.13067669084,2085.0,14536.0,3509.5694555555556,3440.331587160653,0.980271691650011,0,100,900,1790646753.0385625,2564.27075,3038.629,performance,,32861568.0,31926988.0,28919816.0,0.0,0.0,23.41,18.54,16.54,,,
15,91,global_mutex,GlobalMutex,250,mixed,1,299495.4220926752,796.0,1724.0,818.9568044444444,353.0256437792036,0.4310674773850686,0,100,900,1790646759.1776147,2584.508625,3100.836,performance,,32861568.0,31909468.0,28902036.0,0.0,0.0,22.73,18.48,16.53,,,
15,92,sharded_2key,Sharded-2key,750,read-heavy,1,281766.4193801919,1940.0,8912.0,2596.3208637037037,1935.570038354556,0.7455049433271612,0,100,900,1790646762.3498838,2300.0,2300.0,performance,,32861568.0,31904060.0,28896680.0,0.0,0.0,21.71,18.34,16.49,,,
15,93,hdr_histogram,HdrHistogram,250,write-heavy,1,300304.76248638076,793.0,1810.0,817.6342933333333,362.24041206732403,0.44303475896362116,0,100,900,1790646767.53133,2386.589375,2992.715,performance,,32861568.0,31907232.0,28899736.0,0.0,0.0,20.94,18.23,16.47,,,
15,94,sharded_2key,Sharded-2key,3000,mixed,1,238368.1520354789,2472.0,81577.0,12100.210524814815,20269.69316252797,1.6751521075570859,0,100,900,1790646770.703232,2481.57075,3051.128,performance,,32861568.0,31942516.0,28934996.0,0.0,0.0,19.26,17.93,16.38,,,
15,95,hdr_histogram,HdrHistogram,250,mixed,1,297889.6492366989,798.0,1802.0,823.7556844444445,364.3000297998627,0.4422428114053661,0,100,900,1790646785.707749,2300.0,2300.0,performance,,32861568.0,31936160.0,28928120.0,0.0,0.0,15.9,17.26,16.19,,,
15,96,disabled,Disabled,500,write-heavy,1,292328.1818747925,1550.0,4496.0,1671.2789933333333,863.9029638623313,0.5169112801084716,0,100,900,1790646788.87802,2300.0,2300.0,performance,,32861568.0,31933000.0,28925008.0,0.0,0.0,15.9,17.26,16.19,,,
15,97,thread_local,ThreadLocal,3000,mixed,1,238244.2982876206,2499.0,86036.0,12113.643224444444,20417.89004591973,1.6855284300199567,0,100,900,1790646792.9351065,2411.10125,3188.81,performance,,32861568.0,31928280.0,28920320.0,0.0,0.0,15.75,17.21,16.17,,,
15,98,disabled,Disabled,3000,write-heavy,1,233202.08477011658,2554.0,77641.0,12399.205382592592,20696.890811229136,1.669211064144947,0,100,900,1790646807.90521,2489.471375,3116.354,performance,,32861568.0,31938672.0,28930216.0,0.0,0.0,17.54,17.54,16.3,,,
15,99,thread_local,ThreadLocal,3000,read-heavy,1,242087.35474818677,2439.0,80852.0,11907.424966666667,20108.42408921053,1.6887298593525908,0,100,900,1790646823.165871,2300.0,2300.0,performance,,32861568.0,31929548.0,28920688.0,0.0,0.0,19.75,18.02,16.48,,,
15,100,hdr_histogram,HdrHistogram,500,write-heavy,1,281660.4438725867,1614.0,4613.0,1742.1054444444444,905.2527874224846,0.5196314553228256,0,100,900,1790646838.1449351,2498.59125,3117.152,performance,,32861568.0,31947000.0,28937832.0,0.0,0.0,18.01,17.72,16.4,,,
15,101,disabled,Disabled,1500,write-heavy,1,262116.37562486556,2221.0,29402.0,5537.404795555555,7371.144591482995,1.3311550922553539,0,100,900,1790646842.2651556,2406.581625,3152.653,performance,,32861568.0,31899940.0,28890868.0,0.0,0.0,17.77,17.68,16.4,,,
15,102,hdr_histogram,HdrHistogram,100,mixed,1,274090.37399174715,342.0,827.0,358.2109222222222,156.75140283142338,0.437595263312993,0,100,900,1790646850.3599625,2642.185,3006.88,performance,,32861568.0,31904052.0,28894660.0,0.0,0.0,15.77,17.26,16.27,,,
15,103,sharded_n,Sharded-N,100,mixed,1,280957.8012527178,335.0,810.0,349.2316333333333,145.32641061132858,0.4161318641848746,0,100,900,1790646853.046452,2501.146375,3162.377,performance,,32861568.0,31938808.0,28929388.0,0.0,0.0,15.77,17.26,16.27,,,
15,104,sharded_n,Sharded-N,2000,write-heavy,1,248289.106015361,2351.0,43526.0,7792.113998333333,11595.483966772195,1.4881050212114928,0,100,900,1790646855.7212849,2400.05325,3100.426,performance,,32861568.0,31934076.0,28924624.0,0.0,0.0,14.51,16.97,16.19,,,
15,105,thread_local,ThreadLocal,250,read-heavy,1,302338.0372849932,796.0,1692.0,812.0162355555556,342.1137404204348,0.421313916446968,0,100,900,1790646866.1637506,2870.45975,3090.998,performance,,32861568.0,31940900.0,28931176.0,0.0,0.0,15.96,17.23,16.28,,,
15,106,sharded_2key,Sharded-2key,1500,write-heavy,1,261219.182738268,2205.0,30194.0,5549.671346666667,7343.862232753102,1.3232967817389927,0,100,900,1790646869.4972887,2390.986375,3027.891,performance,,32861568.0,31927924.0,28918240.0,0.0,0.0,15.96,17.23,16.28,,,
15,107,sharded_n,Sharded-N,500,write-heavy,1,279869.6419947468,1625.0,4465.0,1748.7414111111111,895.0993048732741,0.5118534388137741,0,100,900,1790646877.6234672,2581.575125,3086.655,performance,,32861568.0,31918900.0,28908924.0,0.0,0.0,15.03,16.98,16.21,,,
15,108,thread_local,ThreadLocal,750,mixed,1,278432.81228080956,1949.0,9164.0,2630.6909703703705,1987.8611355624953,0.7556422088158183,0,100,900,1790646881.7500324,2300.0,2300.0,performance,,32861568.0,31927372.0,28917448.0,0.0,0.0,15.51,17.05,16.23,,,
15,109,hdr_histogram,HdrHistogram,3000,write-heavy,1,235003.60213913032,2522.0,85807.0,12278.119064444445,20681.698261475834,1.684435388916114,0,100,900,1790646886.787273,2610.751125,3177.267,performance,,32861568.0,31901716.0,28891680.0,0.0,0.0,15.39,17.0,16.22,,,
15,110,hdr_histogram,HdrHistogram,3000,read-heavy,1,242107.6206754237,2416.0,82887.0,11935.852096296296,20243.564611607715,1.6960301156789057,0,100,900,1790646901.9946325,2300.0,2300.0,performance,,32861568.0,31941388.0,28930904.0,0.0,0.0,17.11,17.29,16.33,,,
15,111,sharded_n,Sharded-N,250,write-heavy,1,289563.79124682734,818.0,1849.0,845.0555733333333,380.9346882390329,0.45078063533316604,0,100,900,1790646916.9504578,2411.254,3190.032,performance,,32861568.0,31923520.0,28912696.0,0.0,0.0,17.94,17.46,16.4,,,
15,112,sharded_2key,Sharded-2key,250,read-heavy,1,307108.0305169783,783.0,1655.0,798.3314755555556,335.9753398312927,0.42084691649854944,0,100,900,1790646920.1502526,2681.77175,3099.228,performance,,32861568.0,31922148.0,28911376.0,0.0,0.0,16.5,17.17,16.31,,,
15,113,hdr_histogram,HdrHistogram,500,mixed,1,283522.70989121,1585.0,4847.0,1726.6704666666667,920.4204908668119,0.5330608872019925,0,100,900,1790646923.474704,2682.869375,3118.767,performance,,32861568.0,31938708.0,28927936.0,0.0,0.0,16.5,17.17,16.31,,,
15,114,disabled,Disabled,1500,read-heavy,1,276766.0226797356,2080.0,27007.0,5244.820847407407,6893.445269425087,1.3143337913691788,0,100,900,1790646927.5870752,2396.5075,3072.06,performance,,32861568.0,31909644.0,28898776.0,0.0,0.0,15.98,17.05,16.28,,,
15,115,global_mutex,GlobalMutex,1000,write-heavy,1,265808.1862432099,2155.0,15827.0,3655.181762222222,3620.269753898632,0.9904486259248666,0,100,900,1790646935.5687673,2783.610875,3136.071,performance,,32861568.0,31897776.0,28886552.0,0.0,0.0,17.57,17.39,16.4,,,
15,116,sharded_2key,Sharded-2key,2000,read-heavy,1,258470.0880847436,2216.0,45543.0,7455.8022644444445,11395.574546534064,1.528416948619705,0,100,900,1790646941.6921513,2406.737875,3153.903,performance,,32861568.0,31883092.0,28871788.0,0.0,0.0,16.97,17.26,16.36,,,
15,117,sharded_n,Sharded-N,750,read-heavy,1,285725.9114027342,1957.0,8990.0,2569.0742088888887,1897.9128058779072,0.738753594314718,0,100,900,1790646951.9802394,2598.849375,3133.955,performance,,32861568.0,31910700.0,28899048.0,0.0,0.0,16.74,17.2,16.35,,,
15,118,sharded_2key,Sharded-2key,3000,write-heavy,1,238189.48129224443,2503.0,81740.0,12134.956438148149,20284.91840445569,1.671610319150949,0,100,900,1790646957.13182,2846.947125,3092.93,performance,,32861568.0,31892304.0,28880608.0,0.0,0.0,21.73,18.23,16.69,,,
15,119,global_mutex,GlobalMutex,1500,write-heavy,1,264514.1451256054,2178.0,29321.0,5482.924574814815,7169.462814157314,1.3075982929054721,0,100,900,1790646972.1211376,2491.320625,3081.002,performance,,32861568.0,31931664.0,28919468.0,0.0,0.0,19.46,17.91,16.61,,,
15,120,thread_local,ThreadLocal,100,mixed,1,289579.9211769246,327.0,704.0,339.0942888888889,135.26817714551032,0.3989102193043236,0,100,900,1790646980.1599202,2300.0,2300.0,performance,,32861568.0,31900964.0,28888728.0,0.0,0.0,17.06,17.45,16.47,,,
15,121,thread_local,ThreadLocal,1500,mixed,1,272315.235130616,2115.0,26588.0,5322.437411111111,6881.508523870301,1.2929242736616267,0,100,900,1790646982.8276181,2300.0,2300.0,performance,,32861568.0,31931404.0,28919152.0,0.0,0.0,17.06,17.45,16.47,,,
15,122,hdr_histogram,HdrHistogram,750,read-heavy,1,293731.0961683415,1854.0,8518.0,2490.5574177777776,1860.3228690031835,0.7469504038429572,0,100,900,1790646990.722293,2387.266375,2998.131,performance,,32861568.0,31924504.0,28911996.0,0.0,0.0,15.24,17.05,16.35,,,
15,123,sharded_n,Sharded-N,1000,write-heavy,1,265659.51751008164,2172.0,15029.0,3662.4815744444445,3595.053072394927,0.9815893948736805,0,100,900,1790646995.8127432,2300.0,2300.0,performance,,32861568.0,31911912.0,28899416.0,0.0,0.0,14.02,16.77,16.27,,,
15,124,global_mutex,GlobalMutex,3000,read-heavy,1,245962.2785887332,2395.0,78424.0,11723.155274814815,19822.19436233521,1.6908582969057646,0,100,900,1790647001.9382768,2357.435125,2759.481,performance,,32861568.0,31912436.0,28899752.0,0.0,0.0,13.62,16.64,16.23,,,
15,125,sharded_n,Sharded-N,250,mixed,1,294901.0596262982,809.0,1805.0,832.8981555555556,361.4503558572164,0.43396705040861033,0,100,900,1790647016.7154124,2698.470625,3002.524,performance,,32861568.0,31934176.0,28921168.0,0.0,0.0,16.09,17.05,16.37,,,
15,126,thread_local,ThreadLocal,750,write-heavy,1,291632.19232115673,1910.0,8721.0,2511.2869940740743,1860.7097565522927,0.7409387142700299,0,100,900,1790647019.8980753,2399.307625,3094.461,performance,,32861568.0,31939300.0,28926280.0,0.0,0.0,14.81,16.76,16.28,,,
15,127,thread_local,ThreadLocal,2000,read-heavy,1,262927.88000740705,2191.0,42730.0,7334.977724444444,11153.608327138243,1.5206056168334205,0,100,900,1790647024.834605,2388.21925,3005.754,performance,,32861568.0,31916256.0,28903252.0,0.0,0.0,13.7,16.5,16.2,,,
15,128,global_mutex,GlobalMutex,500,write-heavy,1,292171.58759476576,1574.0,4336.0,1683.2838333333334,847.53162214652,0.5034989378280846,0,100,900,1790647035.021045,2400.167625,3101.341,performance,,32861568.0,31917412.0,28903952.0,0.0,0.0,14.61,16.63,16.24,,,
15,129,sharded_n,Sharded-N,100,read-heavy,1,279480.862558805,335.0,787.0,349.80657777777776,150.2073027200797,0.42940102405822156,0,100,900,1790647039.0891294,2483.54975,3070.822,performance,,32861568.0,31931980.0,28918544.0,0.0,0.0,14.61,16.63,16.24,,,
15,130,hdr_histogram,HdrHistogram,1000,read-heavy,1,288844.89043761557,1964.0,14371.0,3365.248161111111,3303.101803975402,0.9815329051052241,0,100,900,1790647041.9434087,2393.042375,3044.339,performance,,32861568.0,31946256.0,28932792.0,0.0,0.0,15.85,16.85,16.32,,,
15,131,sharded_2key,Sharded-2key,100,write-heavy,1,277349.8628920953,339.0,811.0,354.3117888888889,151.5806509414755,0.42781712518465126,0,100,900,1790647047.9577444,2300.0,2300.0,performance,,32861568.0,31875748.0,28862124.0,0.0,0.0,15.38,16.74,16.28,,,
15,132,sharded_n,Sharded-N,3000,read-heavy,1,239551.30260889008,2477.0,68283.0,12057.216195925927,20219.99754823047,1.6770038141194403,0,100,900,1790647050.6392512,2544.77475,3085.825,performance,,32861568.0,31906376.0,28892736.0,0.0,0.0,14.15,16.46,16.19,,,
15,133,disabled,Disabled,250,mixed,1,302648.9197393385,785.0,1795.0,810.0106222222222,362.95491517318123,0.4480866117254527,0,100,900,1790647065.7108207,2300.0,2300.0,performance,,32861568.0,31937068.0,28922996.0,0.0,0.0,17.77,17.22,16.45,,,
15,134,sharded_n,Sharded-N,250,read-heavy,1,307366.12760521995,780.0,1675.0,800.0172266666667,334.3475646524054,0.41792545648734375,0,100,900,1790647068.8723218,2716.188625,3078.069,performance,,32861568.0,31930044.0,28915936.0,0.0,0.0,17.77,17.22,16.45,,,
15,135,hdr_histogram,HdrHistogram,1500,mixed,1,267599.25989275845,2144.0,29161.0,5407.639374814815,7228.90632945871,1.3367951944292265,0,100,900,1790647072.1903837,2389.476125,3015.809,performance,,32861568.0,31941552.0,28927464.0,0.0,0.0,17.71,17.21,16.45,,,
15,136,disabled,Disabled,1000,write-heavy,1,277632.2621402931,2041.0,14614.0,3511.13444,3445.3133329802854,0.9812536067346614,0,100,900,1790647080.1792083,2387.223875,2997.791,performance,,32861568.0,31877284.0,28862904.0,0.0,0.0,16.53,16.99,16.39,,,
15,137,sharded_2key,Sharded-2key,750,mixed,1,281135.7957285201,1926.0,9404.0,2607.1798874074075,2000.1530370898872,0.767171090399462,0,100,900,1790647086.151675,2399.29725,3094.378,performance,,32861568.0,31920836.0,28906456.0,0.0,0.0,15.21,16.71,16.3,,,
15,138,sharded_n,Sharded-N,1500,write-heavy,1,262635.074313032,2218.0,28407.0,5524.879042962963,7321.150606738464,1.3251241429553853,0,100,900,1790647091.17275,2300.0,2300.0,performance,,32861568.0,31910460.0,28895940.0,0.0,0.0,13.99,16.43,16.21,,,
15,139,global_mutex,GlobalMutex,2000,write-heavy,1,259534.17604728168,2254.0,43118.0,7409.558245,11005.219282485225,1.4852733346028546,0,100,900,1790647099.2702818,2399.126875,3093.015,performance,,32861568.0,31876956.0,28862160.0,0.0,0.0,15.35,16.67,16.29,,,
15,140,thread_local,ThreadLocal,250,mixed,1,299225.3709452372,794.0,1764.0,821.7081466666667,365.83027051506656,0.4452070628715196,0,100,900,1790647109.3953965,2411.801625,3194.413,performance,,32861568.0,31919180.0,28904168.0,0.0,0.0,23.63,18.46,16.88,,,
15,141,hdr_histogram,HdrHistogram,100,write-heavy,1,279880.3277743202,335.0,769.0,350.44436666666667,146.67054175531163,0.4185273204714423,0,100,900,1790647112.5616317,2668.3005,3077.914,performance,,32861568.0,31926608.0,28911580.0,0.0,0.0,21.74,18.16,16.79,,,
15,142,global_mutex,GlobalMutex,500,mixed,1,290565.03392076545,1592.0,4214.0,1687.5111955555556,821.1709680279074,0.48661660449462374,0,100,900,1790647115.242673,2300.0,2300.0,performance,,32861568.0,31946720.0,28931652.0,0.0,0.0,20.0,17.85,16.7,,,
15,143,global_mutex,GlobalMutex,750,mixed,1,284671.55975775915,1903.0,8932.0,2572.6968385185187,1925.2556009069538,0.7483414182666029,0,100,900,1790647119.311738,2753.347375,3072.707,performance,,32861568.0,31915328.0,28900284.0,0.0,0.0,20.0,17.85,16.7,,,
15,144,sharded_2key,Sharded-2key,500,read-heavy,1,295894.9664767409,1523.0,4395.0,1656.1130844444444,869.846581071034,0.5252338075469228,0,100,900,1790647124.3078542,2676.183125,3094.97,performance,,32861568.0,31925192.0,28910036.0,0.0,0.0,18.4,17.56,16.61,,,
