{
  "timestamp": "1775643538",
  "runs_per_config": 3,
  "results": [
    {
      "name": "Mixed (50% GET / 50% SET)",
      "concurrency": 100,
      "target": "RustRedis",
      "runs": 3,
      "ops_per_sec_mean": 90411.05592983919,
      "ops_per_sec_stddev": 39952.24536113887,
      "p50_us_mean": 951.0,
      "p50_us_stddev": 246.95748621979453,
      "p99_us_mean": 4952.666666666667,
      "p99_us_stddev": 3063.4309741421193,
      "max_us_mean": 13070.666666666666,
      "max_us_stddev": 13173.929153192426,
      "total_errors": 0,
      "per_run": [
        {
          "name": "Mixed (50% GET / 50% SET)",
          "concurrency": 100,
          "total_ops": 10000,
          "duration_secs": 0.1738735,
          "ops_per_sec": 57513.07703589104,
          "p50_us": 1173.0,
          "p95_us": 4245.0,
          "p99_us": 7280.0,
          "max_us": 9780.0,
          "avg_us": 1654.8814,
          "errors": 0,
          "target": "RustRedis"
        },
        {
          "name": "Mixed (50% GET / 50% SET)",
          "concurrency": 100,
          "total_ops": 10000,
          "duration_secs": 0.126820541,
          "ops_per_sec": 78851.57972950139,
          "p50_us": 995.0,
          "p95_us": 2603.0,
          "p99_us": 6096.0,
          "max_us": 27578.0,
          "avg_us": 1220.0334,
          "errors": 0,
          "target": "RustRedis"
        },
        {
          "name": "Mixed (50% GET / 50% SET)",
          "concurrency": 100,
          "total_ops": 10000,
          "duration_secs": 0.074146292,
          "ops_per_sec": 134868.51102412512,
          "p50_us": 685.0,
          "p95_us": 1225.0,
          "p99_us": 1482.0,
          "max_us": 1854.0,
          "avg_us": 708.7905,
          "errors": 0,
          "target": "RustRedis"
        }
      ]
    },
    {
      "name": "Mixed (50% GET / 50% SET)",
      "concurrency": 500,
      "target": "RustRedis",
      "runs": 3,
      "ops_per_sec_mean": 106670.78138468704,
      "ops_per_sec_stddev": 57129.70483423615,
      "p50_us_mean": 1898.6666666666667,
      "p50_us_stddev": 187.35082955069436,
      "p99_us_mean": 9307.666666666666,
      "p99_us_stddev": 8193.051954756136,
      "max_us_mean": 31745.666666666668,
      "max_us_stddev": 44983.60748465305,
      "total_errors": 0,
      "per_run": [
        {
          "name": "Mixed (50% GET / 50% SET)",
          "concurrency": 500,
          "total_ops": 10000,
          "duration_secs": 0.077259458,
          "ops_per_sec": 129433.9911108359,
          "p50_us": 1950.0,
          "p95_us": 4082.0,
          "p99_us": 5175.0,
          "max_us": 6476.0,
          "avg_us": 2005.3072,
          "errors": 0,
          "target": "RustRedis"
        },
        {
          "name": "Mixed (50% GET / 50% SET)",
          "concurrency": 500,
          "total_ops": 10000,
          "duration_secs": 0.067154709,
          "ops_per_sec": 148909.88508341237,
          "p50_us": 1691.0,
          "p95_us": 3375.0,
          "p99_us": 4004.0,
          "max_us": 5079.0,
          "avg_us": 1804.7119,
          "errors": 0,
          "target": "RustRedis"
        },
        {
          "name": "Mixed (50% GET / 50% SET)",
          "concurrency": 500,
          "total_ops": 10000,
          "duration_secs": 0.239989625,
          "ops_per_sec": 41668.46795981284,
          "p50_us": 2055.0,
          "p95_us": 4094.0,
          "p99_us": 18744.0,
          "max_us": 83682.0,
          "avg_us": 2564.5058,
          "errors": 0,
          "target": "RustRedis"
        }
      ]
    },
    {
      "name": "Mixed (50% GET / 50% SET)",
      "concurrency": 1000,
      "target": "RustRedis",
      "runs": 3,
      "ops_per_sec_mean": 91352.13369526267,
      "ops_per_sec_stddev": 35453.36673680611,
      "p50_us_mean": 2294.3333333333335,
      "p50_us_stddev": 653.8916831810398,
      "p99_us_mean": 20179.666666666668,
      "p99_us_stddev": 26596.987993630657,
      "max_us_mean": 23641.333333333332,
      "max_us_stddev": 30362.65451724097,
      "total_errors": 0,
      "per_run": [
        {
          "name": "Mixed (50% GET / 50% SET)",
          "concurrency": 1000,
          "total_ops": 10000,
          "duration_secs": 0.190223333,
          "ops_per_sec": 52569.786483554046,
          "p50_us": 3022.0,
          "p95_us": 24996.0,
          "p99_us": 50886.0,
          "max_us": 58692.0,
          "avg_us": 5571.1949,
          "errors": 0,
          "target": "RustRedis"
        },
        {
          "name": "Mixed (50% GET / 50% SET)",
          "concurrency": 1000,
          "total_ops": 10000,
          "duration_secs": 0.081902625,
          "ops_per_sec": 122096.20876009772,
          "p50_us": 2105.0,
          "p95_us": 4546.0,
          "p99_us": 5317.0,
          "max_us": 6808.0,
          "avg_us": 2287.7656,
          "errors": 0,
          "target": "RustRedis"
        },
        {
          "name": "Mixed (50% GET / 50% SET)",
          "concurrency": 1000,
          "total_ops": 10000,
          "duration_secs": 0.100613333,
          "ops_per_sec": 99390.40584213626,
          "p50_us": 1756.0,
          "p95_us": 3349.0,
          "p99_us": 4336.0,
          "max_us": 5424.0,
          "avg_us": 1745.7953,
          "errors": 0,
          "target": "RustRedis"
        }
      ]
    }
  ],
  "memory_samples": [
    {
      "elapsed_secs": 0.000746542,
      "rss_bytes": 0,
      "vsize_bytes": 0,
      "label": "idle"
    },
    {
      "elapsed_secs": 0.378988292,
      "rss_bytes": 0,
      "vsize_bytes": 0,
      "label": "mixed_c100"
    },
    {
      "elapsed_secs": 0.764739042,
      "rss_bytes": 0,
      "vsize_bytes": 0,
      "label": "mixed_c500"
    },
    {
      "elapsed_secs": 1.141095959,
      "rss_bytes": 0,
      "vsize_bytes": 0,
      "label": "mixed_c1000"
    }
  ]
}