{
  "timestamp": "1776683123",
  "runs_per_config": 1,
  "results": [
    {
      "name": "Mixed (50% GET / 50% SET)",
      "concurrency": 1000,
      "target": "RustRedis",
      "runs": 1,
      "ops_per_sec_mean": 70221.27360688624,
      "ops_per_sec_stddev": 0.0,
      "p50_us_mean": 5072.0,
      "p50_us_stddev": 0.0,
      "p99_us_mean": 121433.0,
      "p99_us_stddev": 0.0,
      "max_us_mean": 383429.0,
      "max_us_stddev": 0.0,
      "total_errors": 0,
      "per_run": [
        {
          "name": "Mixed (50% GET / 50% SET)",
          "concurrency": 1000,
          "warmup_ops_per_client": 100,
          "measured_ops_per_client": 900,
          "total_ops": 900000,
          "duration_secs": 12.816628833,
          "ops_per_sec": 70221.27360688624,
          "p50_us": 5072.0,
          "p95_us": 55278.0,
          "p99_us": 121433.0,
          "max_us": 383429.0,
          "avg_us": 13697.358065555556,
          "latency_stddev_us": 23840.315795182152,
          "latency_cv": 1.740504678426482,
          "errors": 0,
          "target": "RustRedis"
        }
      ]
    }
  ],
  "memory_samples": [
    {
      "elapsed_secs": 0.005477375,
      "rss_bytes": 0,
      "vsize_bytes": 0,
      "label": "idle"
    },
    {
      "elapsed_secs": 14.485820499999999,
      "rss_bytes": 0,
      "vsize_bytes": 0,
      "label": "mixed_c1000"
    }
  ]
}