{
  "timestamp": "1776687606",
  "runs_per_config": 1,
  "results": [
    {
      "name": "Mixed (50% GET / 50% SET)",
      "concurrency": 1000,
      "target": "RustRedis",
      "runs": 1,
      "ops_per_sec_mean": 74710.61982615058,
      "ops_per_sec_stddev": 0.0,
      "p50_us_mean": 4709.0,
      "p50_us_stddev": 0.0,
      "p99_us_mean": 126370.0,
      "p99_us_stddev": 0.0,
      "max_us_mean": 334191.0,
      "max_us_stddev": 0.0,
      "total_errors": 0,
      "per_run": [
        {
          "name": "Mixed (50% GET / 50% SET)",
          "concurrency": 1000,
          "warmup_ops_per_client": 100,
          "measured_ops_per_client": 900,
          "total_ops": 900000,
          "duration_secs": 12.046480167,
          "ops_per_sec": 74710.61982615058,
          "p50_us": 4709.0,
          "p95_us": 56631.0,
          "p99_us": 126370.0,
          "max_us": 334191.0,
          "avg_us": 13228.612043333333,
          "latency_stddev_us": 23895.317141820284,
          "latency_cv": 1.806335922736696,
          "errors": 0,
          "target": "RustRedis"
        }
      ]
    }
  ],
  "memory_samples": [
    {
      "elapsed_secs": 0.000763958,
      "rss_bytes": 0,
      "vsize_bytes": 0,
      "label": "idle"
    },
    {
      "elapsed_secs": 13.667862458,
      "rss_bytes": 0,
      "vsize_bytes": 0,
      "label": "mixed_c1000"
    }
  ]
}