{
  "timestamp": "1776679800",
  "runs_per_config": 1,
  "results": [
    {
      "name": "Mixed (50% GET / 50% SET)",
      "concurrency": 400,
      "target": "RustRedis",
      "runs": 1,
      "ops_per_sec_mean": 213140.73305166687,
      "ops_per_sec_stddev": 0.0,
      "p50_us_mean": 1767.0,
      "p50_us_stddev": 0.0,
      "p99_us_mean": 4366.0,
      "p99_us_stddev": 0.0,
      "max_us_mean": 7792.0,
      "max_us_stddev": 0.0,
      "total_errors": 0,
      "per_run": [
        {
          "name": "Mixed (50% GET / 50% SET)",
          "concurrency": 400,
          "warmup_ops_per_client": 100,
          "measured_ops_per_client": 900,
          "total_ops": 360000,
          "duration_secs": 1.6890248749999999,
          "ops_per_sec": 213140.73305166687,
          "p50_us": 1767.0,
          "p95_us": 3359.0,
          "p99_us": 4366.0,
          "max_us": 7792.0,
          "avg_us": 1858.6473166666667,
          "latency_stddev_us": 827.5771391590499,
          "latency_cv": 0.4452577590907577,
          "errors": 0,
          "target": "RustRedis"
        }
      ]
    }
  ],
  "memory_samples": [
    {
      "elapsed_secs": 0.001174292,
      "rss_bytes": 0,
      "vsize_bytes": 0,
      "label": "idle"
    },
    {
      "elapsed_secs": 1.9140545420000001,
      "rss_bytes": 0,
      "vsize_bytes": 0,
      "label": "mixed_c400"
    }
  ]
}