{
  "timestamp": "1776683728",
  "runs_per_config": 1,
  "results": [
    {
      "name": "Mixed (50% GET / 50% SET)",
      "concurrency": 300,
      "target": "RustRedis",
      "runs": 1,
      "ops_per_sec_mean": 174485.98599905838,
      "ops_per_sec_stddev": 0.0,
      "p50_us_mean": 1538.0,
      "p50_us_stddev": 0.0,
      "p99_us_mean": 5520.0,
      "p99_us_stddev": 0.0,
      "max_us_mean": 31031.0,
      "max_us_stddev": 0.0,
      "total_errors": 0,
      "per_run": [
        {
          "name": "Mixed (50% GET / 50% SET)",
          "concurrency": 300,
          "warmup_ops_per_client": 100,
          "measured_ops_per_client": 900,
          "total_ops": 270000,
          "duration_secs": 1.5474022079999998,
          "ops_per_sec": 174485.98599905838,
          "p50_us": 1538.0,
          "p95_us": 3370.0,
          "p99_us": 5520.0,
          "max_us": 31031.0,
          "avg_us": 1699.2840185185185,
          "latency_stddev_us": 1034.6985630932452,
          "latency_cv": 0.6089026624256275,
          "errors": 0,
          "target": "RustRedis"
        }
      ]
    }
  ],
  "memory_samples": [
    {
      "elapsed_secs": 0.000322959,
      "rss_bytes": 0,
      "vsize_bytes": 0,
      "label": "idle"
    },
    {
      "elapsed_secs": 1.7527519169999999,
      "rss_bytes": 0,
      "vsize_bytes": 0,
      "label": "mixed_c300"
    }
  ]
}