{
  "timestamp": "1776687697",
  "runs_per_config": 1,
  "results": [
    {
      "name": "Mixed (50% GET / 50% SET)",
      "concurrency": 1000,
      "target": "RustRedis",
      "runs": 1,
      "ops_per_sec_mean": 57824.98111770056,
      "ops_per_sec_stddev": 0.0,
      "p50_us_mean": 5888.0,
      "p50_us_stddev": 0.0,
      "p99_us_mean": 135511.0,
      "p99_us_stddev": 0.0,
      "max_us_mean": 387907.0,
      "max_us_stddev": 0.0,
      "total_errors": 0,
      "per_run": [
        {
          "name": "Mixed (50% GET / 50% SET)",
          "concurrency": 1000,
          "warmup_ops_per_client": 100,
          "measured_ops_per_client": 900,
          "total_ops": 900000,
          "duration_secs": 15.564207417,
          "ops_per_sec": 57824.98111770056,
          "p50_us": 5888.0,
          "p95_us": 66962.0,
          "p99_us": 135511.0,
          "max_us": 387907.0,
          "avg_us": 16520.596193333335,
          "latency_stddev_us": 26829.164627721904,
          "latency_cv": 1.6239828341393912,
          "errors": 0,
          "target": "RustRedis"
        }
      ]
    }
  ],
  "memory_samples": [
    {
      "elapsed_secs": 0.004096709,
      "rss_bytes": 0,
      "vsize_bytes": 0,
      "label": "idle"
    },
    {
      "elapsed_secs": 16.994207667,
      "rss_bytes": 0,
      "vsize_bytes": 0,
      "label": "mixed_c1000"
    }
  ]
}