{
  "timestamp": "1776684943",
  "runs_per_config": 1,
  "results": [
    {
      "name": "Mixed (50% GET / 50% SET)",
      "concurrency": 700,
      "target": "RustRedis",
      "runs": 1,
      "ops_per_sec_mean": 54758.98098579079,
      "ops_per_sec_stddev": 0.0,
      "p50_us_mean": 4911.0,
      "p50_us_stddev": 0.0,
      "p99_us_mean": 108750.0,
      "p99_us_stddev": 0.0,
      "max_us_mean": 293088.0,
      "max_us_stddev": 0.0,
      "total_errors": 0,
      "per_run": [
        {
          "name": "Mixed (50% GET / 50% SET)",
          "concurrency": 700,
          "warmup_ops_per_client": 100,
          "measured_ops_per_client": 900,
          "total_ops": 630000,
          "duration_secs": 11.504962084,
          "ops_per_sec": 54758.98098579079,
          "p50_us": 4911.0,
          "p95_us": 49260.0,
          "p99_us": 108750.0,
          "max_us": 293088.0,
          "avg_us": 12404.652055555556,
          "latency_stddev_us": 20884.58633445046,
          "latency_cv": 1.683609200880171,
          "errors": 0,
          "target": "RustRedis"
        }
      ]
    }
  ],
  "memory_samples": [
    {
      "elapsed_secs": 0.0006555,
      "rss_bytes": 0,
      "vsize_bytes": 0,
      "label": "idle"
    },
    {
      "elapsed_secs": 12.552591207999999,
      "rss_bytes": 0,
      "vsize_bytes": 0,
      "label": "mixed_c700"
    }
  ]
}