{
  "timestamp": "1776687645",
  "runs_per_config": 1,
  "results": [
    {
      "name": "Mixed (50% GET / 50% SET)",
      "concurrency": 1000,
      "target": "RustRedis",
      "runs": 1,
      "ops_per_sec_mean": 58652.14885634397,
      "ops_per_sec_stddev": 0.0,
      "p50_us_mean": 5183.0,
      "p50_us_stddev": 0.0,
      "p99_us_mean": 143572.0,
      "p99_us_stddev": 0.0,
      "max_us_mean": 409798.0,
      "max_us_stddev": 0.0,
      "total_errors": 0,
      "per_run": [
        {
          "name": "Mixed (50% GET / 50% SET)",
          "concurrency": 1000,
          "warmup_ops_per_client": 100,
          "measured_ops_per_client": 900,
          "total_ops": 900000,
          "duration_secs": 15.344706333,
          "ops_per_sec": 58652.14885634397,
          "p50_us": 5183.0,
          "p95_us": 70919.0,
          "p99_us": 143572.0,
          "max_us": 409798.0,
          "avg_us": 16678.450485555557,
          "latency_stddev_us": 28466.560817013895,
          "latency_cv": 1.706786900957465,
          "errors": 0,
          "target": "RustRedis"
        }
      ]
    }
  ],
  "memory_samples": [
    {
      "elapsed_secs": 0.000572084,
      "rss_bytes": 0,
      "vsize_bytes": 0,
      "label": "idle"
    },
    {
      "elapsed_secs": 16.708664375,
      "rss_bytes": 0,
      "vsize_bytes": 0,
      "label": "mixed_c1000"
    }
  ]
}