{
  "timestamp": "1776687677",
  "runs_per_config": 1,
  "results": [
    {
      "name": "Mixed (50% GET / 50% SET)",
      "concurrency": 1000,
      "target": "RustRedis",
      "runs": 1,
      "ops_per_sec_mean": 81237.01864880386,
      "ops_per_sec_stddev": 0.0,
      "p50_us_mean": 4705.0,
      "p50_us_stddev": 0.0,
      "p99_us_mean": 111424.0,
      "p99_us_stddev": 0.0,
      "max_us_mean": 326152.0,
      "max_us_stddev": 0.0,
      "total_errors": 0,
      "per_run": [
        {
          "name": "Mixed (50% GET / 50% SET)",
          "concurrency": 1000,
          "warmup_ops_per_client": 100,
          "measured_ops_per_client": 900,
          "total_ops": 900000,
          "duration_secs": 11.078693125,
          "ops_per_sec": 81237.01864880386,
          "p50_us": 4705.0,
          "p95_us": 51494.0,
          "p99_us": 111424.0,
          "max_us": 326152.0,
          "avg_us": 12091.520582222221,
          "latency_stddev_us": 21446.59095045389,
          "latency_cv": 1.7736884955549868,
          "errors": 0,
          "target": "RustRedis"
        }
      ]
    }
  ],
  "memory_samples": [
    {
      "elapsed_secs": 0.001199167,
      "rss_bytes": 0,
      "vsize_bytes": 0,
      "label": "idle"
    },
    {
      "elapsed_secs": 12.538508042,
      "rss_bytes": 0,
      "vsize_bytes": 0,
      "label": "mixed_c1000"
    }
  ]
}