{
  "timestamp": "1776688053",
  "runs_per_config": 1,
  "results": [
    {
      "name": "Mixed (50% GET / 50% SET)",
      "concurrency": 1000,
      "target": "RustRedis",
      "runs": 1,
      "ops_per_sec_mean": 67940.65266980391,
      "ops_per_sec_stddev": 0.0,
      "p50_us_mean": 5540.0,
      "p50_us_stddev": 0.0,
      "p99_us_mean": 145349.0,
      "p99_us_stddev": 0.0,
      "max_us_mean": 518198.0,
      "max_us_stddev": 0.0,
      "total_errors": 0,
      "per_run": [
        {
          "name": "Mixed (50% GET / 50% SET)",
          "concurrency": 1000,
          "warmup_ops_per_client": 100,
          "measured_ops_per_client": 900,
          "total_ops": 900000,
          "duration_secs": 13.246855374999999,
          "ops_per_sec": 67940.65266980391,
          "p50_us": 5540.0,
          "p95_us": 57752.0,
          "p99_us": 145349.0,
          "max_us": 518198.0,
          "avg_us": 14113.409912222221,
          "latency_stddev_us": 26771.77755607557,
          "latency_cv": 1.8969035635315314,
          "errors": 0,
          "target": "RustRedis"
        }
      ]
    }
  ],
  "memory_samples": [
    {
      "elapsed_secs": 0.001331833,
      "rss_bytes": 0,
      "vsize_bytes": 0,
      "label": "idle"
    },
    {
      "elapsed_secs": 15.213474875,
      "rss_bytes": 0,
      "vsize_bytes": 0,
      "label": "mixed_c1000"
    }
  ]
}