block_id,order_in_block,strategy,strategy_label,concurrency,workload,run_id,throughput,p50,p99,avg_latency,latency_stddev,latency_cv,errors,warmup_ops_per_client,measured_ops_per_client,unix_time,cpu_freq_mean_mhz,cpu_freq_max_mhz,cpu_governor,temp_max_celsius,mem_total_kb,mem_available_kb,mem_free_kb,swap_total_kb,swap_free_kb,load_1m,load_5m,load_15m,ac_online,battery_status,battery_capacity_pct
1,1,sharded_2key,Sharded-2key,1500,read-heavy,1,262213.09974086203,2177.0,29621.0,5541.894705185186,7351.279688191938,1.3264921257550832,0,100,900,1790569184.8919475,2557.03775,2999.311,performance,,32861568.0,32017152.0,30233872.0,0.0,0.0,9.05,15.42,11.92,,,
1,2,sharded_n,Sharded-N,3000,write-heavy,1,228545.7076843887,2611.0,86015.0,12634.966918148148,21139.11242464464,1.6730643270843568,0,100,900,1790569193.160581,2387.250875,2998.007,performance,,32861568.0,32001640.0,30218072.0,0.0,0.0,8.47,15.09,11.85,,,
1,3,hdr_histogram,HdrHistogram,1500,mixed,1,259047.4597251162,2239.0,30107.0,5589.005954814815,7563.288335568089,1.353243921497788,0,100,900,1790569208.6939986,2556.438375,3041.343,performance,,32861568.0,32008676.0,30224784.0,0.0,0.0,9.62,15.02,11.88,,,
1,4,thread_local,ThreadLocal,2000,read-heavy,1,250380.7526195043,2302.0,50256.0,7702.6586472222225,11799.250419589356,1.5318412719541286,0,100,900,1790569216.8718758,2387.602625,3000.821,performance,,32861568.0,31970276.0,30186212.0,0.0,0.0,9.76,14.88,11.87,,,
1,5,disabled,Disabled,3000,mixed,1,235485.18381986793,2503.0,87851.0,12211.141284074074,20854.0923150509,1.707792239063606,0,100,900,1790569227.4333422,2833.756125,3099.883,performance,,32861568.0,31987016.0,30202704.0,0.0,0.0,8.92,14.54,11.79,,,
1,6,sharded_n,Sharded-N,3000,read-heavy,1,236342.7662374161,2503.0,86390.0,12205.91439037037,20918.324039727115,1.713785904989653,0,100,900,1790569242.575429,2827.35275,3061.434,performance,,32861568.0,32014228.0,30229604.0,0.0,0.0,9.24,14.35,11.77,,,
1,7,sharded_2key,Sharded-2key,500,read-heavy,1,290303.461446483,1572.0,4452.0,1687.5911266666667,861.9436373762112,0.5107538335299996,0,100,900,1790569257.8689544,2738.538875,3016.6,performance,,32861568.0,31999624.0,30214676.0,0.0,0.0,11.36,14.61,11.9,,,
1,8,global_mutex,GlobalMutex,1500,read-heavy,1,258875.45762220034,2239.0,30337.0,5591.516651111111,7442.480343753047,1.3310307038563722,0,100,900,1790569262.1135724,2644.7,3000.89,performance,,32861568.0,31992792.0,30207980.0,0.0,0.0,10.45,14.37,11.84,,,
1,9,sharded_2key,Sharded-2key,100,read-heavy,1,288088.484188446,327.0,723.0,341.3446777777778,139.1705884159327,0.4077127826394163,0,100,900,1790569270.4725287,2387.2905,2998.324,performance,,32861568.0,31966648.0,30181428.0,0.0,0.0,11.45,14.51,11.9,,,
1,10,hdr_histogram,HdrHistogram,250,write-heavy,1,290983.84424718574,831.0,1836.0,842.7538755555555,357.1013015406777,0.4237314261002613,0,100,900,1790569273.3160985,2300.0,2300.0,performance,,32861568.0,31992800.0,30207560.0,0.0,0.0,10.54,14.27,11.84,,,
1,11,global_mutex,GlobalMutex,3000,read-heavy,1,234161.960911475,2537.0,88558.0,12312.307242592593,20998.847287504075,1.7055168356148303,0,100,900,1790569276.5159736,2567.61025,3050.54,performance,,32861568.0,31995036.0,30209868.0,0.0,0.0,9.69,14.03,11.77,,,
1,12,thread_local,ThreadLocal,1500,write-heavy,1,248911.21606189694,2349.0,31145.0,5828.686406666667,7857.134637999976,1.3480112138153864,0,100,900,1790569291.8949025,2300.0,2300.0,performance,,32861568.0,32006492.0,30220892.0,0.0,0.0,9.91,13.88,11.76,,,
1,13,global_mutex,GlobalMutex,1000,write-heavy,1,264640.2696238811,2120.0,15384.0,3672.727118888889,3617.4211419916246,0.98494144130316,0,100,900,1790569300.302522,2574.946,3052.765,performance,,32861568.0,31989672.0,30203964.0,0.0,0.0,14.16,14.7,12.04,,,
1,14,hdr_histogram,HdrHistogram,1000,read-heavy,1,278545.6255040421,2054.0,15359.0,3492.9599166666667,3535.3001741404787,1.0121215984391305,0,100,900,1790569306.4506755,2388.010875,3004.087,performance,,32861568.0,31997984.0,30212180.0,0.0,0.0,12.86,14.41,11.97,,,
1,15,disabled,Disabled,750,read-heavy,1,284367.87777874345,1902.0,9362.0,2574.886897777778,1983.610384571506,0.7703679669516493,0,100,900,1790569312.5954814,2387.3205,2998.564,performance,,32861568.0,31979564.0,30193584.0,0.0,0.0,11.83,14.17,11.91,,,
1,16,disabled,Disabled,500,read-heavy,1,297836.7487509886,1528.0,4455.0,1647.7315555555556,847.7908770750861,0.5145200225222619,0,100,900,1790569317.7622664,2476.085125,3016.891,performance,,32861568.0,32000276.0,30214320.0,0.0,0.0,10.89,13.93,11.84,,,
1,17,thread_local,ThreadLocal,1000,read-heavy,1,288350.2694529142,1955.0,14541.0,3360.7282344444443,3338.3586067258466,0.9933438153405774,0,100,900,1790569321.9726822,2387.04475,2996.358,performance,,32861568.0,32008296.0,30222296.0,0.0,0.0,10.01,13.7,11.78,,,
1,18,sharded_2key,Sharded-2key,1000,mixed,1,264113.04969613533,2180.0,15282.0,3678.616827777778,3580.186823829495,0.9732426592503401,0,100,900,1790569327.9914985,2387.86675,3002.934,performance,,32861568.0,31978580.0,30192356.0,0.0,0.0,9.21,13.48,11.71,,,
1,19,sharded_2key,Sharded-2key,3000,mixed,1,231448.2587547143,2570.0,88287.0,12457.36105962963,21166.758943301546,1.6991366664241854,0,100,900,1790569334.1411276,2740.08375,3010.922,performance,,32861568.0,31987248.0,30200908.0,0.0,0.0,9.84,13.53,11.74,,,
1,20,disabled,Disabled,1500,write-heavy,1,256740.54627174407,2273.0,31302.0,5655.522899259259,7763.569520059634,1.3727412404388777,0,100,900,1790569349.5261686,2634.1035,3002.501,performance,,32861568.0,32034200.0,30247448.0,0.0,0.0,12.97,14.05,11.94,,,
1,21,global_mutex,GlobalMutex,250,mixed,1,296741.08925711754,804.0,1778.0,824.9782711111111,363.15397522616325,0.4401982305995213,0,100,900,1790569357.767172,2300.0,2300.0,performance,,32861568.0,31971164.0,30184260.0,0.0,0.0,11.86,13.78,11.88,,,
1,22,hdr_histogram,HdrHistogram,1000,write-heavy,1,266132.1569071339,2148.0,15975.0,3653.8122211111113,3608.1475547989176,0.9875021857860262,0,100,900,1790569360.9474216,2474.266,2998.159,performance,,32861568.0,31997352.0,30210512.0,0.0,0.0,11.86,13.78,11.88,,,
1,23,sharded_n,Sharded-N,250,write-heavy,1,291787.188932778,819.0,1863.0,839.1831022222223,375.9886452068872,0.4480412489374965,0,100,900,1790569367.0789053,2385.264875,2982.119,performance,,32861568.0,31972448.0,30185560.0,0.0,0.0,11.44,13.64,11.85,,,
1,24,hdr_histogram,HdrHistogram,500,read-heavy,1,285753.56004644017,1571.0,4602.0,1713.5623777777778,916.8402690098917,0.5350492523061168,0,100,900,1790569370.275869,2729.852875,3006.905,performance,,32861568.0,32007440.0,30220548.0,0.0,0.0,11.44,13.64,11.85,,,
1,25,sharded_2key,Sharded-2key,100,mixed,1,279883.24005141103,336.0,801.0,350.7741111111111,149.2159542810333,0.4253904423230587,0,100,900,1790569374.5501816,2387.500125,3000.001,performance,,32861568.0,31979176.0,30192188.0,0.0,0.0,12.2,13.76,11.9,,,
1,26,thread_local,ThreadLocal,250,read-heavy,1,296040.9858719018,798.0,1867.0,827.650448888889,366.2879115546401,0.4425635388059988,0,100,900,1790569377.2274709,2387.69225,3001.538,performance,,32861568.0,31990648.0,30203640.0,0.0,0.0,11.22,13.53,11.83,,,
1,27,sharded_2key,Sharded-2key,2000,read-heavy,1,252106.08029392632,2296.0,49031.0,7641.374703888889,11716.128345405552,1.5332487673249315,0,100,900,1790569380.573005,2386.82325,2994.586,performance,,32861568.0,31982704.0,30195736.0,0.0,0.0,11.22,13.53,11.83,,,
1,28,sharded_2key,Sharded-2key,500,write-heavy,1,282929.5737495648,1609.0,4512.0,1735.8469377777778,889.9418842148376,0.5126845373556591,0,100,900,1790569391.0854325,2387.532,3000.256,performance,,32861568.0,31978996.0,30191588.0,0.0,0.0,12.07,13.64,11.89,,,
1,29,global_mutex,GlobalMutex,750,mixed,1,277754.96769399254,1949.0,8999.0,2636.6140755555557,1957.999547739645,0.7426189391509939,0,100,900,1790569395.1962917,2300.0,2300.0,performance,,32861568.0,31964352.0,30177052.0,0.0,0.0,11.1,13.42,11.83,,,
1,30,sharded_n,Sharded-N,750,read-heavy,1,273918.82659544214,1992.0,9553.0,2672.3859496296295,2053.3781410903694,0.7683688583136543,0,100,900,1790569400.2529776,2561.133875,3010.87,performance,,32861568.0,32000976.0,30213472.0,0.0,0.0,11.73,13.51,11.86,,,
1,31,sharded_n,Sharded-N,500,mixed,1,295663.18966646114,1561.0,4185.0,1658.3220088888888,818.8624879827747,0.49378979691129476,0,100,900,1790569405.5222428,2300.0,2300.0,performance,,32861568.0,31984620.0,30197016.0,0.0,0.0,12.48,13.63,11.91,,,
1,32,disabled,Disabled,3000,write-heavy,1,234756.39491881075,2504.0,88417.0,12269.36606962963,20987.44941372979,1.7105569509153402,0,100,900,1790569409.5676687,2646.50375,3002.733,performance,,32861568.0,31995284.0,30207660.0,0.0,0.0,12.6,13.64,11.93,,,
1,33,global_mutex,GlobalMutex,250,write-heavy,1,291633.6008709563,804.0,2047.0,839.0083733333333,397.633790923016,0.47393304234049444,0,100,900,1790569424.7899506,2300.0,2300.0,performance,,32861568.0,32017860.0,30229820.0,0.0,0.0,13.6,13.82,12.01,,,
1,34,sharded_n,Sharded-N,750,mixed,1,273203.2323863566,1994.0,9224.0,2675.3321555555553,1991.212851127616,0.7442862176917706,0,100,900,1790569427.984501,2387.606125,3000.849,performance,,32861568.0,32010856.0,30222804.0,0.0,0.0,12.51,13.59,11.95,,,
1,35,sharded_2key,Sharded-2key,3000,read-heavy,1,238219.70675763942,2462.0,86869.0,12103.307424074073,20640.319890498973,1.7053454206611627,0,100,900,1790569433.1007137,2826.442875,3008.17,performance,,32861568.0,31993604.0,30205484.0,0.0,0.0,11.51,13.36,11.88,,,
1,36,sharded_n,Sharded-N,1000,mixed,1,265990.25415964605,2138.0,16258.0,3662.3532633333334,3701.159371141262,1.0105959488388099,0,100,900,1790569448.2957237,2387.524375,3000.195,performance,,32861568.0,32018932.0,30230440.0,0.0,0.0,11.14,13.21,11.86,,,
1,37,disabled,Disabled,500,write-heavy,1,300749.66666410695,1542.0,3932.0,1629.0220044444445,788.209232562997,0.48385425759291995,0,100,900,1790569454.4326596,2388.0595,3004.476,performance,,32861568.0,32010748.0,30222124.0,0.0,0.0,11.61,13.27,11.88,,,
1,38,thread_local,ThreadLocal,3000,mixed,1,234812.27736982706,2540.0,86329.0,12290.338222222223,21024.31408545869,1.710637551653747,0,100,900,1790569458.449731,2387.8125,3002.5,performance,,32861568.0,31994664.0,30206088.0,0.0,0.0,12.69,13.47,11.96,,,
1,39,hdr_histogram,HdrHistogram,250,read-heavy,1,294102.46445159987,808.0,1962.0,834.7815111111111,383.00939073652194,0.45881393590848546,0,100,900,1790569473.6279001,2387.4355,2999.484,performance,,32861568.0,32019552.0,30230456.0,0.0,0.0,13.2,13.54,12.01,,,
1,40,sharded_2key,Sharded-2key,250,mixed,1,288605.7395793045,819.0,1982.0,851.82184,387.179903717214,0.45453155288577013,0,100,900,1790569476.9811144,2387.228375,2997.827,performance,,32861568.0,32019744.0,30230696.0,0.0,0.0,12.14,13.32,11.94,,,
1,41,sharded_2key,Sharded-2key,1000,read-heavy,1,268789.77024266764,2142.0,15516.0,3613.2003122222222,3576.3177015730876,0.9897922596418545,0,100,900,1790569480.1785235,2387.534875,3000.279,performance,,32861568.0,32038436.0,30249416.0,0.0,0.0,12.14,13.32,11.94,,,
1,42,thread_local,ThreadLocal,3000,read-heavy,1,237697.59017039134,2482.0,88996.0,12140.759735555555,20719.04742389983,1.706569265448999,0,100,900,1790569486.4472148,2300.0,2300.0,performance,,32861568.0,31972808.0,30183592.0,0.0,0.0,11.38,13.13,11.89,,,
1,43,disabled,Disabled,250,write-heavy,1,290372.00608200557,811.0,1837.0,839.4203511111111,376.6108520319128,0.44865585106842637,0,100,900,1790569501.6624203,2387.437625,2999.501,performance,,32861568.0,32012944.0,30223276.0,0.0,0.0,14.02,13.69,12.1,,,
1,44,sharded_n,Sharded-N,3000,mixed,1,231126.5193189811,2578.0,86472.0,12508.371545185186,20872.27831496973,1.6686647210286971,0,100,900,1790569504.8624012,2300.0,2300.0,performance,,32861568.0,32012200.0,30222664.0,0.0,0.0,14.02,13.69,12.1,,,
1,45,thread_local,ThreadLocal,250,write-heavy,1,299414.61448721605,797.0,1755.0,820.7294444444444,364.6649184323313,0.44431806474199875,0,100,900,1790569520.2645507,2935.091875,3097.151,performance,,32861568.0,32015660.0,30225692.0,0.0,0.0,15.9,14.1,12.26,,,
1,46,sharded_2key,Sharded-2key,1500,mixed,1,263125.73446322803,2183.0,28962.0,5507.164282962963,7331.688456176894,1.3313001173504673,0,100,900,1790569523.4303608,2387.05575,2996.446,performance,,32861568.0,32003328.0,30213456.0,0.0,0.0,16.15,14.19,12.3,,,
1,47,sharded_n,Sharded-N,500,read-heavy,1,288966.5425039722,1569.0,4576.0,1698.4071288888888,897.0422598388433,0.5281668008692918,0,100,900,1790569531.5273845,2563.71525,3015.863,performance,,32861568.0,31974412.0,30184268.0,0.0,0.0,14.63,13.93,12.24,,,
1,48,sharded_2key,Sharded-2key,250,read-heavy,1,296275.7935236877,794.0,1888.0,825.79768,374.2969366941218,0.45325501119611017,0,100,900,1790569535.7778468,2387.742,3001.936,performance,,32861568.0,31988212.0,30198088.0,0.0,0.0,14.63,13.93,12.24,,,
1,49,global_mutex,GlobalMutex,1000,mixed,1,262820.92611016304,2171.0,15672.0,3696.9188144444443,3662.214078632188,0.9906125242251306,0,100,900,1790569539.13236,2657.570375,3080.8,performance,,32861568.0,31990984.0,30200896.0,0.0,0.0,15.46,14.11,12.3,,,
1,50,global_mutex,GlobalMutex,1500,mixed,1,254096.40895155718,2308.0,31415.0,5718.331327407407,7582.690225041038,1.326031982214451,0,100,900,1790569545.2936687,2386.87225,2994.978,performance,,32861568.0,31990736.0,30200404.0,0.0,0.0,15.42,14.13,12.32,,,
1,51,sharded_n,Sharded-N,1000,read-heavy,1,272664.85346276086,2087.0,15016.0,3570.85315,3524.32125872144,0.986968970908658,0,100,900,1790569553.575906,2562.97225,3003.779,performance,,32861568.0,31965616.0,30175204.0,0.0,0.0,15.22,14.14,12.34,,,
1,52,hdr_histogram,HdrHistogram,250,mixed,1,294534.7213146371,808.0,1863.0,835.1228088888889,365.8502909052637,0.4380796297397491,0,100,900,1790569559.7885256,2387.51825,3000.146,performance,,32861568.0,31973424.0,30182792.0,0.0,0.0,15.21,14.15,12.36,,,
1,53,thread_local,ThreadLocal,100,read-heavy,1,278420.058479844,334.0,864.0,352.90386666666666,154.99819965607668,0.4392079948573625,0,100,900,1790569562.9770682,2300.0,2300.0,performance,,32861568.0,31994356.0,30203732.0,0.0,0.0,13.99,13.92,12.29,,,
1,54,global_mutex,GlobalMutex,1500,write-heavy,1,249954.19112683125,2341.0,31386.0,5812.84088962963,7778.734889155433,1.338198487942969,0,100,900,1790569565.8392804,2554.1355,3004.485,performance,,32861568.0,32009948.0,30219304.0,0.0,0.0,13.99,13.92,12.29,,,
1,55,hdr_histogram,HdrHistogram,750,write-heavy,1,278166.8359946496,1961.0,9520.0,2628.9706607407406,2019.0667331431075,0.768006567473147,0,100,900,1790569574.2068467,2721.0135,2998.916,performance,,32861568.0,31959716.0,30168824.0,0.0,0.0,24.5,16.16,13.04,,,
1,56,sharded_n,Sharded-N,1500,read-heavy,1,253838.88547123765,2262.0,30713.0,5722.253224444445,7681.424293577173,1.3423775551846429,0,100,900,1790569579.2656887,2475.573625,3004.038,performance,,32861568.0,31956360.0,30165424.0,0.0,0.0,26.7,16.76,13.25,,,
1,57,disabled,Disabled,2000,read-heavy,1,253851.29648288013,2293.0,47057.0,7602.541715555555,11682.495878042311,1.5366565965877919,0,100,900,1790569587.7000635,2300.0,2300.0,performance,,32861568.0,31982620.0,30191512.0,0.0,0.0,23.85,16.48,13.2,,,
1,58,global_mutex,GlobalMutex,750,read-heavy,1,289828.66099861934,1879.0,8586.0,2525.0649614814815,1892.3230905495416,0.7494156068916723,0,100,900,1790569598.1373875,2612.29725,3003.06,performance,,32861568.0,31998656.0,30207276.0,0.0,0.0,20.99,16.12,13.11,,,
1,59,hdr_histogram,HdrHistogram,500,mixed,1,278479.44352252345,1635.0,4501.0,1761.26294,905.6603671328713,0.5142107669243704,0,100,900,1790569603.2699945,2636.127875,3020.613,performance,,32861568.0,32010484.0,30219088.0,0.0,0.0,19.31,15.85,13.04,,,
1,60,thread_local,ThreadLocal,2000,mixed,1,251496.07051801938,2297.0,42945.0,7667.954041111111,11579.756932651493,1.510149496276004,0,100,900,1790569607.4142582,2389.466,3015.728,performance,,32861568.0,31992396.0,30200972.0,0.0,0.0,17.76,15.59,12.97,,,
1,61,hdr_histogram,HdrHistogram,2000,read-heavy,1,248818.93902141348,2340.0,47328.0,7764.352663888889,11847.432378334152,1.5258750975384203,0,100,900,1790569617.7593055,2300.0,2300.0,performance,,32861568.0,31983084.0,30191284.0,0.0,0.0,17.24,15.56,12.99,,,
1,62,hdr_histogram,HdrHistogram,3000,read-heavy,1,235745.21561380182,2500.0,85460.0,12234.639691111111,20621.515391702986,1.6855024677747747,0,100,900,1790569628.3682399,2300.0,2300.0,performance,,32861568.0,31963596.0,30171608.0,0.0,0.0,15.69,15.3,12.93,,,
1,63,disabled,Disabled,3000,read-heavy,1,241163.6266101673,2440.0,85951.0,11959.688977407408,20333.050408933133,1.7001320391645236,0,100,900,1790569643.6784353,2387.74425,3001.954,performance,,32861568.0,32005704.0,30213252.0,0.0,0.0,16.79,15.56,13.06,,,
1,64,disabled,Disabled,1000,write-heavy,1,271690.12104791694,2067.0,15416.0,3567.0590866666666,3580.0945082569856,1.0036543890284981,0,100,900,1790569658.7315788,2387.695625,3001.565,performance,,32861568.0,31994588.0,30201984.0,0.0,0.0,17.14,15.7,13.14,,,
1,65,sharded_n,Sharded-N,100,write-heavy,1,275403.0672300565,342.0,801.0,357.0196555555556,149.08957873751208,0.41759487584938404,0,100,900,1790569664.7947662,2388.210625,3005.685,performance,,32861568.0,32003336.0,30210592.0,0.0,0.0,17.37,15.77,13.18,,,
1,66,global_mutex,GlobalMutex,500,read-heavy,1,290543.26943984244,1565.0,4366.0,1686.02934,866.2535586161989,0.513783205348134,0,100,900,1790569667.4797425,2388.230625,3005.845,performance,,32861568.0,32002584.0,30209820.0,0.0,0.0,15.98,15.5,13.11,,,
1,67,sharded_n,Sharded-N,1500,mixed,1,253310.05721382168,2254.0,29324.0,5723.654314074074,7485.571994923367,1.3078309038540044,0,100,900,1790569671.7371352,2300.0,2300.0,performance,,32861568.0,31985188.0,30192412.0,0.0,0.0,14.7,15.25,13.04,,,
1,68,disabled,Disabled,500,mixed,1,286236.36157363455,1588.0,4400.0,1711.5341577777779,869.6422110737312,0.5081068391897346,0,100,900,1790569680.059434,2387.636,3001.088,performance,,32861568.0,31994512.0,30201396.0,0.0,0.0,14.72,15.24,13.05,,,
1,69,disabled,Disabled,100,read-heavy,1,292266.7703135562,323.0,698.0,336.0518333333333,136.82258916886178,0.4071472778818202,0,100,900,1790569684.155448,2738.795125,3041.885,performance,,32861568.0,32011404.0,30218372.0,0.0,0.0,19.63,16.25,13.39,,,
1,70,global_mutex,GlobalMutex,2000,mixed,1,244280.54263804984,2412.0,49301.0,7890.096475,12015.893427922178,1.5229083023249317,0,100,900,1790569687.004094,2300.0,2300.0,performance,,32861568.0,32012476.0,30219420.0,0.0,0.0,18.06,15.98,13.31,,,
1,71,disabled,Disabled,100,mixed,1,285572.1387825384,328.0,779.0,343.5859,144.08209749066867,0.41934810913564463,0,100,900,1790569697.5877864,2387.770125,3002.161,performance,,32861568.0,31979768.0,30186432.0,0.0,0.0,17.27,15.9,13.32,,,
1,72,sharded_n,Sharded-N,250,mixed,1,291805.4406341071,817.0,1845.0,841.5765955555555,366.7545524543868,0.4357946197544606,0,100,900,1790569700.2596571,2388.044875,3004.359,performance,,32861568.0,32014128.0,30220784.0,0.0,0.0,17.27,15.9,13.32,,,
1,73,sharded_2key,Sharded-2key,2000,write-heavy,1,243357.0506149512,2412.0,47559.0,7946.748430555555,12208.75954598274,1.5363213838555134,0,100,900,1790569703.4547305,2387.801125,3002.409,performance,,32861568.0,32005448.0,30212172.0,0.0,0.0,17.09,15.88,13.33,,,
1,74,thread_local,ThreadLocal,250,mixed,1,292635.56117041834,812.0,1842.0,839.79556,371.9196201999032,0.44286923855599236,0,100,900,1790569714.0805154,2387.811625,3002.493,performance,,32861568.0,31997740.0,30204056.0,0.0,0.0,18.87,16.3,13.49,,,
1,75,thread_local,ThreadLocal,100,write-heavy,1,275430.87212100835,337.0,866.0,356.46156666666667,154.78634930743286,0.4342301212298049,0,100,900,1790569717.2744226,2652.286375,3058.904,performance,,32861568.0,32008528.0,30214904.0,0.0,0.0,17.36,16.03,13.42,,,
1,76,sharded_n,Sharded-N,1500,write-heavy,1,249995.2504606046,2337.0,30726.0,5817.64277037037,7821.28191270802,1.3444073865350263,0,100,900,1790569719.95677,2386.581375,2992.651,performance,,32861568.0,32025220.0,30231580.0,0.0,0.0,17.36,16.03,13.42,,,
1,77,disabled,Disabled,750,mixed,1,278109.92938773235,1950.0,9474.0,2634.189025185185,2013.9588307889032,0.7645460563132218,0,100,900,1790569728.3364851,2387.595375,3000.763,performance,,32861568.0,31977404.0,30183540.0,0.0,0.0,16.97,16.01,13.44,,,
1,78,thread_local,ThreadLocal,500,write-heavy,1,277796.9867534933,1626.0,4832.0,1766.1845844444445,936.5406365594487,0.5302620376193798,0,100,900,1790569733.3838387,2649.97675,3067.201,performance,,32861568.0,31983988.0,30190076.0,0.0,0.0,15.62,15.74,13.37,,,
1,79,sharded_n,Sharded-N,2000,mixed,1,246138.74826389266,2390.0,46838.0,7840.923147222222,11799.00049769365,1.5047973658399705,0,100,900,1790569737.5230186,2300.0,2300.0,performance,,32861568.0,32006528.0,30212596.0,0.0,0.0,14.36,15.48,13.29,,,
1,80,sharded_2key,Sharded-2key,1000,write-heavy,1,267965.64461895113,2116.0,15616.0,3632.3253066666666,3596.0166340104206,0.9900040140706544,0,100,900,1790569748.0404966,2387.602625,3000.821,performance,,32861568.0,32000652.0,30206348.0,0.0,0.0,14.29,15.44,13.31,,,
1,81,thread_local,ThreadLocal,3000,write-heavy,1,231874.9266343438,2561.0,82930.0,12445.350751111111,21100.185602147023,1.6954271538118937,0,100,900,1790569754.1481178,2476.274125,3011.391,performance,,32861568.0,31989496.0,30195088.0,0.0,0.0,15.31,15.63,13.38,,,
1,82,disabled,Disabled,1500,mixed,1,255482.13784284968,2251.0,30811.0,5684.428892592593,7531.678045659972,1.3249665336608465,0,100,900,1790569769.5163429,2562.4875,3000.887,performance,,32861568.0,32003060.0,30208316.0,0.0,0.0,14.27,15.39,13.34,,,
1,83,hdr_histogram,HdrHistogram,100,write-heavy,1,271921.85584636265,341.0,837.0,359.2991333333333,159.59123632633472,0.44417373024464496,0,100,900,1790569777.7625241,2387.34875,2998.79,performance,,32861568.0,31977752.0,30182792.0,0.0,0.0,14.36,15.39,13.36,,,
1,84,sharded_n,Sharded-N,1000,write-heavy,1,276744.215603795,2093.0,15459.0,3515.0310355555557,3538.0499060888933,1.00654869624208,0,100,900,1790569780.4539945,2300.0,2300.0,performance,,32861568.0,32019476.0,30224496.0,0.0,0.0,14.36,15.39,13.36,,,
1,85,sharded_2key,Sharded-2key,750,read-heavy,1,296316.2910855263,1870.0,8527.0,2467.2383348148146,1803.0131981046923,0.7307819324394627,0,100,900,1790569786.4508538,2387.819625,3002.557,performance,,32861568.0,31978304.0,30183260.0,0.0,0.0,15.61,15.63,13.45,,,
1,86,thread_local,ThreadLocal,500,mixed,1,283599.44360889855,1591.0,4572.0,1719.2116822222222,898.561473360516,0.5226590085748205,0,100,900,1790569791.5408847,2738.489375,3016.93,performance,,32861568.0,31979772.0,30184608.0,0.0,0.0,13.21,15.12,13.3,,,
1,87,hdr_histogram,HdrHistogram,750,mixed,1,268158.9012173847,2047.0,9680.0,2727.210248888889,2056.5882471997593,0.7540996327795584,0,100,900,1790569795.651344,2477.818625,3012.186,performance,,32861568.0,32000904.0,30205756.0,0.0,0.0,13.21,15.12,13.3,,,
1,88,disabled,Disabled,1000,read-heavy,1,276685.1176760774,2037.0,16287.0,3512.2282666666665,3647.015546397328,1.0383765716510742,0,100,900,1790569800.8047128,2388.02425,3004.194,performance,,32861568.0,31995828.0,30200512.0,0.0,0.0,13.27,15.1,13.31,,,
1,89,sharded_2key,Sharded-2key,3000,write-heavy,1,228082.29851813026,2607.0,86308.0,12654.896255555555,21270.294674594723,1.6807956576694154,0,100,900,1790569806.9624896,2387.6315,3001.052,performance,,32861568.0,31968848.0,30173404.0,0.0,0.0,12.85,14.96,13.28,,,
1,90,global_mutex,GlobalMutex,100,read-heavy,1,286106.4795682033,328.0,743.0,343.41934444444445,141.46113065561343,0.4119195174763891,0,100,900,1790569822.520686,2661.7015,3036.908,performance,,32861568.0,32014172.0,30218268.0,0.0,0.0,12.08,14.7,13.22,,,
1,91,disabled,Disabled,250,read-heavy,1,298227.88418390363,792.0,1801.0,819.8218222222222,362.13639332052776,0.4417257305238778,0,100,900,1790569825.3674178,2300.0,2300.0,performance,,32861568.0,32003032.0,30207108.0,0.0,0.0,12.08,14.7,13.22,,,
1,92,disabled,Disabled,1000,mixed,1,266448.93564915075,2183.0,15906.0,3662.8117722222223,3698.642639526571,1.0097823392335037,0,100,900,1790569828.720912,2388.70475,3009.638,performance,,32861568.0,31997152.0,30201220.0,0.0,0.0,12.08,14.65,13.22,,,
1,93,sharded_n,Sharded-N,100,mixed,1,279731.5880925138,337.0,754.0,350.66234444444444,142.7316300032068,0.40703438012238524,0,100,900,1790569834.8260515,2401.099875,3108.799,performance,,32861568.0,32006448.0,30210504.0,0.0,0.0,11.83,14.56,13.19,,,
1,94,global_mutex,GlobalMutex,2000,read-heavy,1,252460.5449537501,2291.0,47621.0,7636.378717777778,11596.987448769574,1.5186501190376205,0,100,900,1790569837.5051785,2750.871875,3110.104,performance,,32861568.0,32019968.0,30224004.0,0.0,0.0,10.88,14.32,13.12,,,
1,95,global_mutex,GlobalMutex,500,write-heavy,1,283244.3789045206,1600.0,4505.0,1728.9350288888888,886.7812996531361,0.5129060866000452,0,100,900,1790569847.9896119,2387.103,2996.824,performance,,32861568.0,31999564.0,30203232.0,0.0,0.0,10.68,14.17,13.09,,,
1,96,global_mutex,GlobalMutex,100,write-heavy,1,278223.85391101014,338.0,744.0,352.02834444444443,145.4109279490872,0.4130659654084625,0,100,900,1790569852.102367,2300.0,2300.0,performance,,32861568.0,32006184.0,30210008.0,0.0,0.0,9.83,13.94,13.02,,,
1,97,sharded_n,Sharded-N,500,write-heavy,1,286225.1667427766,1601.0,4373.0,1710.4788555555556,865.9682760649004,0.5062724238024199,0,100,900,1790569854.7822213,2389.61775,3016.942,performance,,32861568.0,32023104.0,30226912.0,0.0,0.0,9.83,13.94,13.02,,,
1,98,global_mutex,GlobalMutex,3000,mixed,1,230703.08620287693,2588.0,90097.0,12512.489125185186,21328.027980986764,1.7045391822205567,0,100,900,1790569858.8829274,2387.99525,3003.962,performance,,32861568.0,32021228.0,30224908.0,0.0,0.0,10.4,13.99,13.04,,,
1,99,hdr_histogram,HdrHistogram,3000,mixed,1,233492.33514784917,2550.0,88208.0,12349.505969259259,20896.168928804786,1.6920651709323533,0,100,900,1790569874.2989013,2737.311125,3018.199,performance,,32861568.0,32006524.0,30209724.0,0.0,0.0,18.97,15.68,13.61,,,
1,100,hdr_histogram,HdrHistogram,2000,write-heavy,1,241886.64832216065,2430.0,49291.0,7989.728818888889,12170.766934437524,1.5233016301709827,0,100,900,1790569889.580253,2300.0,2300.0,performance,,32861568.0,32001696.0,30204640.0,0.0,0.0,22.45,16.61,13.95,,,
1,101,hdr_histogram,HdrHistogram,1000,mixed,1,267715.4867050816,2095.0,15942.0,3630.2532277777777,3671.090585651257,1.011249176107331,0,100,900,1790569900.2488618,2387.4785,2999.828,performance,,32861568.0,32006876.0,30209576.0,0.0,0.0,21.67,16.64,13.98,,,
1,102,disabled,Disabled,750,write-heavy,1,282189.3246632164,1947.0,9138.0,2588.5437614814814,1931.9323433969946,0.746339456239792,0,100,900,1790569906.3423314,2560.385,3020.52,performance,,32861568.0,31992140.0,30194736.0,0.0,0.0,20.89,16.56,13.97,,,
1,103,sharded_2key,Sharded-2key,2000,mixed,1,249500.62007335658,2331.0,48930.0,7732.729265,11879.801834332251,1.536301275683192,0,100,900,1790569911.3712509,2300.0,2300.0,performance,,32861568.0,31992940.0,30195444.0,0.0,0.0,19.22,16.28,13.9,,,
1,104,sharded_2key,Sharded-2key,500,mixed,1,285264.90166603145,1604.0,4397.0,1720.0823177777777,869.7351574779632,0.5056357759677446,0,100,900,1790569921.7790523,2566.8235,3019.818,performance,,32861568.0,32007284.0,30209504.0,0.0,0.0,16.14,15.75,13.76,,,
1,105,sharded_n,Sharded-N,2000,write-heavy,1,242124.96035333246,2444.0,47369.0,7971.167851111111,12155.5825226993,1.5249437409607323,0,100,900,1790569925.8803535,2300.0,2300.0,performance,,32861568.0,32008532.0,30210764.0,0.0,0.0,16.14,15.75,13.76,,,
1,106,global_mutex,GlobalMutex,2000,write-heavy,1,240907.0435100885,2426.0,51761.0,8007.922925555556,12284.591501877394,1.5340546626234095,0,100,900,1790569936.5314345,2387.503875,3000.031,performance,,32861568.0,31976272.0,30178236.0,0.0,0.0,17.76,16.2,13.94,,,
1,107,sharded_2key,Sharded-2key,750,write-heavy,1,272276.72185918177,1996.0,9135.0,2694.3004903703704,2010.605035435822,0.7462437996882209,0,100,900,1790569947.222091,2300.0,2300.0,performance,,32861568.0,31994236.0,30195900.0,0.0,0.0,16.06,15.89,13.87,,,
1,108,global_mutex,GlobalMutex,750,write-heavy,1,275957.9910891766,2005.0,9371.0,2651.8364962962964,1977.260773938826,0.7456194138290122,0,100,900,1790569952.3373625,2300.0,2300.0,performance,,32861568.0,32014412.0,30216064.0,0.0,0.0,14.77,15.63,13.79,,,
1,109,thread_local,ThreadLocal,1000,write-heavy,1,263192.2262388352,2181.0,15587.0,3700.46649,3680.2876360877262,0.9945469432119426,0,100,900,1790569957.4208963,2388.03475,3004.278,performance,,32861568.0,31980112.0,30181700.0,0.0,0.0,13.59,15.37,13.72,,,
1,110,thread_local,ThreadLocal,1000,mixed,1,272252.5867296802,2071.0,15322.0,3572.6074966666665,3542.073722081633,0.991453364352641,0,100,900,1790569963.5794358,2387.6085,3000.868,performance,,32861568.0,31994016.0,30195472.0,0.0,0.0,14.74,15.58,13.8,,,
1,111,global_mutex,GlobalMutex,100,mixed,1,283849.87324021594,329.0,793.0,345.55944444444447,149.02183827585995,0.43124805491987694,0,100,900,1790569969.612541,2387.2055,2997.644,performance,,32861568.0,31978900.0,30180236.0,0.0,0.0,16.77,15.98,13.94,,,
1,112,disabled,Disabled,100,write-heavy,1,282660.0505454587,334.0,750.0,346.86216666666667,138.52119377748764,0.39935515339903305,0,100,900,1790569972.28593,2732.383,3012.608,performance,,32861568.0,32003616.0,30204940.0,0.0,0.0,15.42,15.72,13.86,,,
1,113,global_mutex,GlobalMutex,1000,read-heavy,1,271836.03842303454,2087.0,15137.0,3568.4639166666666,3586.450491960441,1.0050404251559801,0,100,900,1790569974.9613237,2477.273875,3011.224,performance,,32861568.0,32016588.0,30217888.0,0.0,0.0,15.42,15.72,13.86,,,
1,114,hdr_histogram,HdrHistogram,2000,mixed,1,245495.22066494753,2385.0,44457.0,7846.750476666667,11852.65600415486,1.5105177664818417,0,100,900,1790569981.1682026,2387.694875,3001.559,performance,,32861568.0,31982336.0,30183508.0,0.0,0.0,15.23,15.67,13.86,,,
1,115,sharded_n,Sharded-N,100,read-heavy,1,285631.61757678975,329.0,764.0,343.60156666666666,148.01945845579436,0.4307880778651699,0,100,900,1790569991.6759026,2300.0,2300.0,performance,,32861568.0,31974540.0,30175436.0,0.0,0.0,30.78,19.37,15.11,,,
1,116,thread_local,ThreadLocal,2000,write-heavy,1,246751.30494509873,2379.0,47975.0,7827.246967777778,11933.780365434859,1.5246459469801246,0,100,900,1790569994.5243454,2732.3375,3013.227,performance,,32861568.0,31999636.0,30200532.0,0.0,0.0,30.78,19.37,15.11,,,
1,117,sharded_n,Sharded-N,250,read-heavy,1,306203.59293171874,780.0,1651.0,801.3817422222222,335.15893184449305,0.41822631361066603,0,100,900,1790570005.0450761,2388.59025,3008.722,performance,,32861568.0,32008380.0,30209060.0,0.0,0.0,28.04,19.16,15.09,,,
1,118,hdr_histogram,HdrHistogram,3000,write-heavy,1,231150.50055967076,2569.0,84432.0,12488.766759629629,21079.861606621183,1.6879057806382105,0,100,900,1790570008.3586688,2387.7385,3001.908,performance,,32861568.0,32006312.0,30206992.0,0.0,0.0,25.79,18.84,15.01,,,
1,119,sharded_n,Sharded-N,750,write-heavy,1,274852.6026265078,1965.0,9424.0,2655.59869037037,2033.3843885844333,0.7656971649962826,0,100,900,1790570023.759788,2386.390625,2991.125,performance,,32861568.0,32004512.0,30204748.0,0.0,0.0,28.97,19.95,15.43,,,
1,120,global_mutex,GlobalMutex,3000,write-heavy,1,228076.76034366724,2633.0,90054.0,12659.13000888889,21438.002633221542,1.6934815124079121,0,100,900,1790570028.8490229,2753.79175,3059.033,performance,,32861568.0,31999060.0,30199268.0,0.0,0.0,28.17,19.93,15.45,,,
1,121,sharded_2key,Sharded-2key,750,mixed,1,279478.24302040145,1938.0,9177.0,2628.9193185185186,1976.11853159655,0.7516847389254064,0,100,900,1790570044.4078481,2388.14725,3005.178,performance,,32861568.0,32016204.0,30215936.0,0.0,0.0,26.38,19.93,15.53,,,
1,122,sharded_2key,Sharded-2key,100,write-heavy,1,284921.0393100208,332.0,722.0,345.11455555555557,135.03679942352443,0.3912810898576736,0,100,900,1790570049.4481304,2910.388375,3015.008,performance,,32861568.0,31998760.0,30198572.0,0.0,0.0,25.39,19.84,15.52,,,
1,123,hdr_histogram,HdrHistogram,1500,write-heavy,1,248276.95549209253,2325.0,30767.0,5862.073617037037,7842.819647575392,1.3378917018001413,0,100,900,1790570052.1193826,2388.272,3006.176,performance,,32861568.0,32029200.0,30228992.0,0.0,0.0,23.36,19.51,15.44,,,
1,124,global_mutex,GlobalMutex,500,mixed,1,285932.53756634897,1590.0,4422.0,1710.2105422222223,878.1482507624708,0.5134737677510851,0,100,900,1790570060.5412076,2300.0,2300.0,performance,,32861568.0,31964924.0,30164464.0,0.0,0.0,22.61,19.41,15.43,,,
1,125,hdr_histogram,HdrHistogram,100,mixed,1,276151.06391063484,337.0,851.0,354.7672,160.67383713101464,0.4528993580325764,0,100,900,1790570064.6403127,2561.8395,3003.654,performance,,32861568.0,32006868.0,30206376.0,0.0,0.0,22.56,19.46,15.46,,,
1,126,thread_local,ThreadLocal,1500,mixed,1,255104.12864983294,2264.0,30910.0,5683.829597037037,7565.089752309742,1.3309846157691638,0,100,900,1790570067.3219619,2816.81725,3011.967,performance,,32861568.0,32023640.0,30223132.0,0.0,0.0,20.75,19.13,15.38,,,
1,127,hdr_histogram,HdrHistogram,750,read-heavy,1,278538.7517226089,1950.0,9067.0,2623.643228148148,1970.3495225516717,0.7509975066016914,0,100,900,1790570075.5677638,2387.609125,3000.873,performance,,32861568.0,31976156.0,30175356.0,0.0,0.0,20.05,19.02,15.36,,,
1,128,thread_local,ThreadLocal,750,write-heavy,1,277586.1417868255,1894.0,9447.0,2635.0038088888887,2026.261433318791,0.7689785595312714,0,100,900,1790570080.8070703,2660.81075,3087.024,performance,,32861568.0,31988152.0,30187300.0,0.0,0.0,19.48,18.92,15.35,,,
1,129,hdr_histogram,HdrHistogram,500,write-heavy,1,280538.32581632136,1621.0,4582.0,1747.689488888889,902.7233939656561,0.5165239018171194,0,100,900,1790570085.871604,2387.657375,3001.259,performance,,32861568.0,31980964.0,30180020.0,0.0,0.0,19.2,18.87,15.35,,,
1,130,thread_local,ThreadLocal,500,read-heavy,1,286149.0969886436,1572.0,4501.0,1714.8337155555555,887.6112153902396,0.5176077466512138,0,100,900,1790570090.007887,2931.911875,3080.759,performance,,32861568.0,31985876.0,30184904.0,0.0,0.0,19.91,19.02,15.42,,,
1,131,thread_local,ThreadLocal,100,mixed,1,280207.1382077281,337.0,739.0,349.8895777777778,141.83456527737013,0.4053695059401062,0,100,900,1790570094.2762063,2490.406375,3120.88,performance,,32861568.0,32005448.0,30204492.0,0.0,0.0,21.84,19.43,15.58,,,
1,132,sharded_2key,Sharded-2key,1500,write-heavy,1,253352.8435691469,2305.0,31401.0,5731.121162962963,7632.013417247175,1.3316789508078484,0,100,900,1790570096.9560647,2388.30925,3006.474,performance,,32861568.0,32024504.0,30223528.0,0.0,0.0,20.09,19.11,15.49,,,
1,133,thread_local,ThreadLocal,750,read-heavy,1,284428.30774173903,1907.0,9089.0,2572.675611851852,1969.374578831423,0.7654966563832882,0,100,900,1790570105.2675447,2387.341875,2998.735,performance,,32861568.0,31973412.0,30172064.0,0.0,0.0,19.76,19.06,15.49,,,
1,134,thread_local,ThreadLocal,750,mixed,1,284011.4659678464,1954.0,8734.0,2586.2966488888887,1882.8735327701568,0.7280191673213771,0,100,900,1790570110.4244866,2823.066125,3020.669,performance,,32861568.0,31968136.0,30166784.0,0.0,0.0,19.54,19.02,15.5,,,
1,135,hdr_histogram,HdrHistogram,1500,read-heavy,1,262271.2493039452,2223.0,31754.0,5532.634125185185,7515.385105884075,1.3583737756438978,0,100,900,1790570115.4262936,2300.0,2300.0,performance,,32861568.0,31983892.0,30182488.0,0.0,0.0,19.82,19.09,15.54,,,
1,136,disabled,Disabled,1500,read-heavy,1,265042.17383955,2168.0,29376.0,5456.436962222222,7276.593460105175,1.333579680382061,0,100,900,1790570123.7236285,2387.41875,2999.35,performance,,32861568.0,31976808.0,30175164.0,0.0,0.0,19.1,18.96,15.54,,,
1,137,sharded_2key,Sharded-2key,250,write-heavy,1,296703.1536336881,805.0,1735.0,825.3819244444444,352.7064123343656,0.4273250987072057,0,100,900,1790570131.9406013,2387.169625,2997.357,performance,,32861568.0,31989228.0,30187384.0,0.0,0.0,17.19,18.56,15.45,,,
1,138,global_mutex,GlobalMutex,250,read-heavy,1,299052.6554158574,800.0,1822.0,821.5906533333333,359.84931687505326,0.4379910061234062,0,100,900,1790570135.1163669,2559.882,2995.682,performance,,32861568.0,32006252.0,30204472.0,0.0,0.0,17.19,18.56,15.45,,,
1,139,disabled,Disabled,2000,write-heavy,1,248134.5192391856,2373.0,44376.0,7768.868407777778,11815.967583807578,1.5209380521850595,0,100,900,1790570138.462448,2647.359875,3004.876,performance,,32861568.0,31988764.0,30186952.0,0.0,0.0,15.81,18.25,15.36,,,
1,140,thread_local,ThreadLocal,1500,read-heavy,1,261238.21438841172,2173.0,28235.0,5553.674316296297,7415.3606880758925,1.3352170591488952,0,100,900,1790570148.940919,2300.0,2300.0,performance,,32861568.0,31984944.0,30182712.0,0.0,0.0,17.96,18.61,15.51,,,
1,141,sharded_n,Sharded-N,2000,read-heavy,1,247106.09592852293,2358.0,47339.0,7822.807581111111,11790.025362069597,1.5071347773576456,0,100,900,1790570157.224318,2300.0,2300.0,performance,,32861568.0,31984156.0,30181868.0,0.0,0.0,18.36,18.7,15.57,,,
1,142,hdr_histogram,HdrHistogram,100,read-heavy,1,276015.9111396093,336.0,942.0,355.3234888888889,157.44695189481345,0.4431087637554064,0,100,900,1790570167.866118,2300.0,2300.0,performance,,32861568.0,32004976.0,30202388.0,0.0,0.0,17.46,18.51,15.55,,,
1,143,disabled,Disabled,2000,mixed,1,248375.24824262623,2358.0,48292.0,7769.697733888889,11842.55433368326,1.5241975607403486,0,100,900,1790570170.723727,2563.413875,3009.189,performance,,32861568.0,32033144.0,30230516.0,0.0,0.0,17.46,18.51,15.55,,,
1,144,disabled,Disabled,250,mixed,1,308201.5882153838,780.0,1649.0,795.7404044444445,340.70750151794306,0.4281641344526322,0,100,900,1790570181.1589417,2300.0,2300.0,performance,,32861568.0,31978260.0,30175428.0,0.0,0.0,16.61,18.29,15.51,,,
2,1,sharded_2key,Sharded-2key,100,write-heavy,1,280642.4380628454,336.0,710.0,349.9538888888889,139.6049786675471,0.3989239242655537,0,100,900,1790570184.3011022,2300.0,2300.0,performance,,32861568.0,32005176.0,30202352.0,0.0,0.0,16.8,18.31,15.53,,,
2,2,thread_local,ThreadLocal,100,mixed,1,281958.3931480652,333.0,839.0,349.8300888888889,147.9659057436481,0.4229650634501146,0,100,900,1790570186.9779024,2388.310125,3006.481,performance,,32861568.0,32022456.0,30219612.0,0.0,0.0,15.46,18.0,15.44,,,
2,3,thread_local,ThreadLocal,1000,write-heavy,1,266411.2841781601,2139.0,15721.0,3651.263251111111,3612.1446999305676,0.9892862966896075,0,100,900,1790570189.6532462,2300.0,2300.0,performance,,32861568.0,32022376.0,30219520.0,0.0,0.0,15.46,18.0,15.44,,,
2,4,sharded_n,Sharded-N,750,write-heavy,1,290056.3251568704,1904.0,9002.0,2527.2335985185186,1899.0061235193425,0.7514169345613926,0,100,900,1790570195.7707043,2387.545875,3000.367,performance,,32861568.0,31964564.0,30161580.0,0.0,0.0,16.06,18.08,15.48,,,
2,5,sharded_n,Sharded-N,500,mixed,1,284630.95157840603,1614.0,4360.0,1723.6352844444446,855.7250577759472,0.4964652705237241,0,100,900,1790570200.7310655,2300.0,2300.0,performance,,32861568.0,32000204.0,30197184.0,0.0,0.0,16.62,18.17,15.52,,,
2,6,sharded_2key,Sharded-2key,500,write-heavy,1,287949.1210028339,1591.0,4440.0,1700.8801711111112,867.7567185810761,0.5101809835399564,0,100,900,1790570204.8475006,2387.533125,3000.265,performance,,32861568.0,32012800.0,30209724.0,0.0,0.0,16.33,18.08,15.51,,,
2,7,global_mutex,GlobalMutex,3000,write-heavy,1,230289.2164185988,2583.0,87975.0,12536.902224814814,21195.233848441465,1.690627674074769,0,100,900,1790570208.9339824,2300.0,2300.0,performance,,32861568.0,31983904.0,30180760.0,0.0,0.0,16.38,18.06,15.52,,,
2,8,sharded_n,Sharded-N,1000,read-heavy,1,271960.632762863,2100.0,15525.0,3575.8417744444446,3640.967315764468,1.018212646260094,0,100,900,1790570224.3719308,2751.1405,3084.712,performance,,32861568.0,32008596.0,30205044.0,0.0,0.0,17.89,18.29,15.63,,,
2,9,thread_local,ThreadLocal,1500,mixed,1,257624.82573977692,2268.0,30835.0,5635.884371851852,7576.077505628506,1.3442570865127845,0,100,900,1790570230.59504,2847.853625,3074.767,performance,,32861568.0,31990260.0,30186604.0,0.0,0.0,18.06,18.32,15.66,,,
2,10,sharded_n,Sharded-N,1000,write-heavy,1,259810.55120370764,2201.0,15996.0,3749.706731111111,3675.442237636738,0.98019458619038,0,100,900,1790570238.792102,2300.0,2300.0,performance,,32861568.0,31998596.0,30194608.0,0.0,0.0,17.28,18.15,15.63,,,
2,11,hdr_histogram,HdrHistogram,2000,write-heavy,1,239428.02177936252,2456.0,44780.0,8057.519835,12253.753963980014,1.5207848339078913,0,100,900,1790570244.998084,2652.371125,3008.046,performance,,32861568.0,31982848.0,30178836.0,0.0,0.0,20.46,18.79,15.85,,,
2,12,hdr_histogram,HdrHistogram,250,read-heavy,1,309778.7652166376,778.0,1565.0,791.9941333333334,317.09359783722925,0.4003736700708253,0,100,900,1790570255.7493534,2474.979875,3007.764,performance,,32861568.0,32004728.0,30200420.0,0.0,0.0,19.87,18.72,15.86,,,
2,13,sharded_2key,Sharded-2key,3000,mixed,1,233596.4836510214,2556.0,88829.0,12349.433738518519,20969.03194438304,1.6979751775159984,0,100,900,1790570259.0707355,2474.6495,3006.707,performance,,32861568.0,32017304.0,30213052.0,0.0,0.0,19.24,18.61,15.84,,,
2,14,hdr_histogram,HdrHistogram,3000,write-heavy,1,228805.9230213047,2616.0,89674.0,12607.703247037038,21450.719271841343,1.7013978558610603,0,100,900,1790570274.3260381,2300.0,2300.0,performance,,32861568.0,32010752.0,30206016.0,0.0,0.0,19.54,18.69,15.91,,,
2,15,sharded_2key,Sharded-2key,1500,write-heavy,1,251310.8205791643,2312.0,30345.0,5754.319718518518,7632.2977710738205,1.326359699220675,0,100,900,1790570289.8573556,2300.0,2300.0,performance,,32861568.0,32006992.0,30201924.0,0.0,0.0,19.4,18.69,15.95,,,
2,16,thread_local,ThreadLocal,3000,mixed,1,238177.3824499704,2492.0,83859.0,12089.67047037037,20517.423643597605,1.6971036302339386,0,100,900,1790570298.2064981,2740.383875,3086.506,performance,,32861568.0,31991708.0,30186492.0,0.0,0.0,17.3,18.27,15.85,,,
2,17,sharded_n,Sharded-N,500,read-heavy,1,282825.3643244627,1627.0,4274.0,1731.6855222222223,861.2911056703018,0.49737154617140394,0,100,900,1790570313.2290742,2898.081625,3010.243,performance,,32861568.0,32022016.0,30216432.0,0.0,0.0,23.13,19.54,16.3,,,
2,18,sharded_n,Sharded-N,100,read-heavy,1,279377.78816704446,334.0,855.0,351.1274666666667,153.98066566032765,0.4385321009549646,0,100,900,1790570317.5202851,2300.0,2300.0,performance,,32861568.0,31992912.0,30187372.0,0.0,0.0,21.28,19.22,16.22,,,
2,19,sharded_2key,Sharded-2key,250,read-heavy,1,299572.2986320943,793.0,1779.0,819.1146177777778,368.5509309770436,0.4499381685763419,0,100,900,1790570320.379151,2300.0,2300.0,performance,,32861568.0,32016580.0,30211008.0,0.0,0.0,21.28,19.22,16.22,,,
2,20,global_mutex,GlobalMutex,3000,mixed,1,230979.06958805467,2600.0,85248.0,12471.709782592592,21080.82293495383,1.690291331536388,0,100,900,1790570323.7144153,2477.059,3008.628,performance,,32861568.0,32009064.0,30203492.0,0.0,0.0,20.37,19.07,16.18,,,
2,21,disabled,Disabled,750,read-heavy,1,298771.39439655904,1877.0,8400.0,2450.122451851852,1785.3706229173931,0.7286862832377925,0,100,900,1790570339.1116526,2387.738375,3001.907,performance,,32861568.0,32004372.0,30198252.0,0.0,0.0,19.79,19.01,16.21,,,
2,22,sharded_n,Sharded-N,100,mixed,1,299865.07471008395,318.0,612.0,327.0730555555556,122.08076308431748,0.37325227807883804,0,100,900,1790570344.1667452,2387.36575,2998.926,performance,,32861568.0,31986832.0,30180732.0,0.0,0.0,20.44,19.16,16.27,,,
2,23,disabled,Disabled,100,read-heavy,1,286823.3706818367,325.0,816.0,341.8447444444445,147.52867473906906,0.4315663093748249,0,100,900,1790570346.822971,2300.0,2300.0,performance,,32861568.0,31998184.0,30192040.0,0.0,0.0,18.81,18.84,16.19,,,
2,24,global_mutex,GlobalMutex,1500,read-heavy,1,257054.39419882384,2259.0,31448.0,5657.367846666667,7572.89560227245,1.3385899251247053,0,100,900,1790570349.6693664,2300.0,2300.0,performance,,32861568.0,32000388.0,30194212.0,0.0,0.0,18.81,18.84,16.19,,,
2,25,thread_local,ThreadLocal,500,write-heavy,1,285424.59280057455,1586.0,4553.0,1717.965391111111,893.9715923080445,0.5203664735817871,0,100,900,1790570358.0406535,2387.87575,3003.006,performance,,32861568.0,32014388.0,30207976.0,0.0,0.0,16.58,18.37,16.06,,,
2,26,hdr_histogram,HdrHistogram,500,mixed,1,291126.7519957797,1555.0,4391.0,1681.4928377777778,863.9489413754351,0.5137987637920659,0,100,900,1790570362.1392558,2300.0,2300.0,performance,,32861568.0,31989784.0,30183404.0,0.0,0.0,15.25,18.06,15.97,,,
2,27,hdr_histogram,HdrHistogram,100,mixed,1,278470.6815917711,335.0,842.0,352.25184444444443,153.57796383757793,0.4359890977428212,0,100,900,1790570366.2096577,2387.849875,3002.799,performance,,32861568.0,32017688.0,30211224.0,0.0,0.0,15.25,18.06,15.97,,,
2,28,disabled,Disabled,1500,read-heavy,1,265009.6335889765,2142.0,28931.0,5468.698168888889,7214.1422127923,1.31916993587855,0,100,900,1790570368.8899915,2388.108875,3004.871,performance,,32861568.0,32018092.0,30211596.0,0.0,0.0,14.83,17.93,15.94,,,
2,29,global_mutex,GlobalMutex,1500,mixed,1,254305.43064064952,2261.0,30002.0,5706.645415555556,7572.670640825565,1.3269916193116664,0,100,900,1790570377.0942461,2642.453,3010.853,performance,,32861568.0,31989744.0,30182924.0,0.0,0.0,14.24,17.71,15.89,,,
2,30,global_mutex,GlobalMutex,750,mixed,1,276563.7907750673,1985.0,9394.0,2648.170813333333,2014.427349562075,0.7606863346652681,0,100,900,1790570385.3723507,2560.052875,3013.851,performance,,32861568.0,31988748.0,30181720.0,0.0,0.0,14.46,17.7,15.9,,,
2,31,disabled,Disabled,500,mixed,1,290891.43141330674,1529.0,4857.0,1679.754508888889,925.2271104119426,0.5508109104728373,0,100,900,1790570390.4398685,2388.049125,3004.393,performance,,32861568.0,31983372.0,30176300.0,0.0,0.0,14.67,17.69,15.91,,,
2,32,hdr_histogram,HdrHistogram,100,write-heavy,1,273518.5361582129,341.0,809.0,357.78777777777776,154.3872607720178,0.43150512779088795,0,100,900,1790570394.5072584,2889.68075,3067.509,performance,,32861568.0,31990396.0,30183304.0,0.0,0.0,14.61,17.63,15.9,,,
2,33,sharded_n,Sharded-N,500,write-heavy,1,278595.11393202905,1609.0,4902.0,1757.9459377777778,939.5346830168426,0.5344502710956571,0,100,900,1790570397.1943247,2300.0,2300.0,performance,,32861568.0,32002960.0,30195840.0,0.0,0.0,13.44,17.33,15.81,,,
2,34,global_mutex,GlobalMutex,750,write-heavy,1,274410.9069321819,2007.0,9110.0,2666.1501185185184,1975.623778930404,0.7410024533908036,0,100,900,1790570401.3355834,2387.89825,3003.186,performance,,32861568.0,31996896.0,30189668.0,0.0,0.0,13.44,17.33,15.81,,,
2,35,hdr_histogram,HdrHistogram,250,mixed,1,303368.5759484396,791.0,1676.0,807.9181511111111,338.89424768064674,0.4194660649900901,0,100,900,1790570406.433788,2387.711375,3001.691,performance,,32861568.0,32008844.0,30201452.0,0.0,0.0,12.37,17.05,15.73,,,
2,36,sharded_2key,Sharded-2key,2000,write-heavy,1,244284.02268341798,2390.0,49836.0,7882.645755,12004.931034531552,1.5229570638661223,0,100,900,1790570409.5990927,2563.195875,3026.595,performance,,32861568.0,32014860.0,30207472.0,0.0,0.0,11.38,16.76,15.64,,,
2,37,sharded_2key,Sharded-2key,750,read-heavy,1,280131.0309535713,1958.0,9351.0,2628.327351111111,2000.6954965364682,0.7612048383892079,0,100,900,1790570420.1691215,2300.0,2300.0,performance,,32861568.0,31983168.0,30175448.0,0.0,0.0,13.44,17.02,15.74,,,
2,38,disabled,Disabled,250,write-heavy,1,297646.27634765336,803.0,1783.0,826.2771155555556,356.2368345372409,0.4311348188527786,0,100,900,1790570425.3715034,2387.834875,3002.679,performance,,32861568.0,31960816.0,30153072.0,0.0,0.0,13.33,16.94,15.72,,,
2,39,global_mutex,GlobalMutex,100,mixed,1,280847.25713444006,333.0,795.0,349.46764444444443,144.89878166183487,0.41462717354616135,0,100,900,1790570428.5389798,2821.571625,3007.685,performance,,32861568.0,31996592.0,30188820.0,0.0,0.0,12.26,16.66,15.63,,,
2,40,hdr_histogram,HdrHistogram,2000,mixed,1,243666.11208277606,2401.0,47988.0,7914.399662222222,11947.93142947396,1.5096446906143723,0,100,900,1790570431.216094,2300.0,2300.0,performance,,32861568.0,31999168.0,30191360.0,0.0,0.0,12.26,16.66,15.63,,,
2,41,thread_local,ThreadLocal,500,read-heavy,1,290707.9282581336,1558.0,4552.0,1689.5070533333333,877.9924852835042,0.5196737613798406,0,100,900,1790570441.8186238,2387.43125,2999.45,performance,,32861568.0,32007376.0,30199180.0,0.0,0.0,12.5,16.52,15.6,,,
2,42,sharded_n,Sharded-N,2000,read-heavy,1,255087.75561279707,2282.0,43516.0,7561.64487,11514.884836659654,1.5228015907416788,0,100,900,1790570446.0655055,2387.242875,2997.943,performance,,32861568.0,32006604.0,30198452.0,0.0,0.0,12.5,16.52,15.6,,,
2,43,disabled,Disabled,3000,write-heavy,1,237296.34268907565,2509.0,84527.0,12168.676821481482,20508.645262198053,1.68536362359414,0,100,900,1790570456.4618883,2731.770625,3042.988,performance,,32861568.0,32004324.0,30195852.0,0.0,0.0,13.0,16.5,15.61,,,
2,44,hdr_histogram,HdrHistogram,250,write-heavy,1,295397.9616766045,811.0,1814.0,832.3496666666666,356.990842630372,0.428895279143948,0,100,900,1790570471.5154629,2651.163375,3035.559,performance,,32861568.0,32017556.0,30208764.0,0.0,0.0,13.76,16.47,15.61,,,
2,45,sharded_2key,Sharded-2key,100,mixed,1,286521.3809704036,329.0,705.0,341.6466222222222,133.5597766040487,0.3909295977677644,0,100,900,1790570474.697268,2387.903625,3003.229,performance,,32861568.0,32027548.0,30218780.0,0.0,0.0,12.66,16.19,15.53,,,
2,46,hdr_histogram,HdrHistogram,1500,write-heavy,1,253342.65211930271,2294.0,30919.0,5732.751491851852,7776.903525515254,1.356574331988544,0,100,900,1790570477.3680182,2300.0,2300.0,performance,,32861568.0,32025432.0,30216640.0,0.0,0.0,11.64,15.92,15.44,,,
2,47,disabled,Disabled,2000,mixed,1,249535.2178865976,2341.0,43850.0,7743.151681666666,11727.100720287503,1.5145125915657274,0,100,900,1790570485.6711018,2300.0,2300.0,performance,,32861568.0,31967520.0,30158472.0,0.0,0.0,11.59,15.84,15.42,,,
2,48,sharded_2key,Sharded-2key,750,mixed,1,280361.2266417885,1966.0,9269.0,2613.69572,1973.6859046668665,0.755132240361501,0,100,900,1790570496.0638623,2386.223375,2989.787,performance,,32861568.0,32005952.0,30196624.0,0.0,0.0,12.28,15.85,15.43,,,
2,49,thread_local,ThreadLocal,750,mixed,1,280068.0582974086,1965.0,9262.0,2606.10034962963,1955.037954304356,0.7501775419285751,0,100,900,1790570501.101364,2300.0,2300.0,performance,,32861568.0,32002148.0,30192732.0,0.0,0.0,12.09,15.75,15.4,,,
2,50,sharded_n,Sharded-N,250,mixed,1,296100.3859479027,795.0,1809.0,827.1653288888889,382.44294801557106,0.46235369720984,0,100,900,1790570506.1382494,2300.0,2300.0,performance,,32861568.0,31981568.0,30172120.0,0.0,0.0,12.33,15.74,15.39,,,
2,51,disabled,Disabled,750,write-heavy,1,279013.5929358583,1883.0,9720.0,2620.972777777778,2062.4595189591428,0.7869061199131655,0,100,900,1790570509.3140225,2753.573875,3063.962,performance,,32861568.0,32014872.0,30205388.0,0.0,0.0,13.02,15.83,15.42,,,
2,52,thread_local,ThreadLocal,100,write-heavy,1,286119.00240565994,328.0,751.0,341.76947777777775,140.96346859519366,0.4124518945101635,0,100,900,1790570514.3596938,2387.632875,3001.063,performance,,32861568.0,31990232.0,30180700.0,0.0,0.0,13.74,15.93,15.46,,,
2,53,global_mutex,GlobalMutex,500,mixed,1,288993.231729063,1575.0,4391.0,1696.8942755555556,867.5545225068146,0.5112602093155044,0,100,900,1790570517.0319915,2650.0555,3012.001,performance,,32861568.0,32009412.0,30199836.0,0.0,0.0,12.64,15.66,15.38,,,
2,54,hdr_histogram,HdrHistogram,3000,read-heavy,1,236646.4179186295,2499.0,84904.0,12189.118402962962,20480.611348492926,1.6802372962030172,0,100,900,1790570521.1085627,2387.79075,3002.326,performance,,32861568.0,31996528.0,30186844.0,0.0,0.0,12.64,15.66,15.38,,,
2,55,sharded_n,Sharded-N,3000,write-heavy,1,228968.23885460032,2612.0,81094.0,12599.838641851851,21006.056237704815,1.6671686705519164,0,100,900,1790570536.3808875,2464.819875,3003.551,performance,,32861568.0,32006288.0,30196180.0,0.0,0.0,21.68,17.63,16.03,,,
2,56,global_mutex,GlobalMutex,1000,write-heavy,1,262924.8448428125,2188.0,16001.0,3704.88239,3701.8588494858564,0.9991839037799676,0,100,900,1790570551.9053516,2388.00175,3004.014,performance,,32861568.0,32015120.0,30204584.0,0.0,0.0,17.16,16.86,15.81,,,
2,57,thread_local,ThreadLocal,3000,read-heavy,1,239462.30157797493,2458.0,84480.0,12042.528556296296,20553.9696319643,1.7067818885277126,0,100,900,1790570558.0700593,2300.0,2300.0,performance,,32861568.0,31983804.0,30173160.0,0.0,0.0,15.79,16.58,15.72,,,
2,58,sharded_n,Sharded-N,250,read-heavy,1,289889.0887309826,814.0,1945.0,845.0712,382.1934535354905,0.45226183726944014,0,100,900,1790570573.1860726,2836.565625,3104.88,performance,,32861568.0,32003380.0,30192360.0,0.0,0.0,14.43,16.25,15.63,,,
2,59,sharded_2key,Sharded-2key,1000,read-heavy,1,275856.999538266,2084.0,14994.0,3520.288993333333,3490.937341912074,0.9916621472052877,0,100,900,1790570576.582791,2475.920625,3006.464,performance,,32861568.0,32004000.0,30192980.0,0.0,0.0,14.43,16.25,15.63,,,
2,60,global_mutex,GlobalMutex,100,write-heavy,1,280927.845115714,334.0,727.0,347.75834444444445,141.1221596386646,0.4058052434776568,0,100,900,1790570582.7509515,2469.04175,3000.705,performance,,32861568.0,31973028.0,30161880.0,0.0,0.0,12.21,15.72,15.47,,,
2,61,thread_local,ThreadLocal,100,read-heavy,1,286365.5764904171,328.0,751.0,341.83033333333333,139.56824943319702,0.4082968532143052,0,100,900,1790570585.4276874,2387.471375,2999.771,performance,,32861568.0,31984152.0,30173020.0,0.0,0.0,12.21,15.72,15.47,,,
2,62,disabled,Disabled,2000,write-heavy,1,247036.15267292404,2361.0,48142.0,7793.304933333333,11785.146755018332,1.5122142474640239,0,100,900,1790570588.27631,2300.0,2300.0,performance,,32861568.0,32004352.0,30193192.0,0.0,0.0,11.23,15.45,15.38,,,
2,63,sharded_n,Sharded-N,2000,write-heavy,1,242532.31613088172,2431.0,44901.0,7961.762558888889,11927.621221625255,1.4981131543930175,0,100,900,1790570598.767977,2568.236,3053.744,performance,,32861568.0,31994260.0,30182800.0,0.0,0.0,11.73,15.42,15.37,,,
2,64,sharded_n,Sharded-N,750,mixed,1,293220.40119142475,1871.0,8839.0,2494.4119274074073,1881.9442676678486,0.7544641071468363,0,100,900,1790570609.3990927,2300.0,2300.0,performance,,32861568.0,31983924.0,30172184.0,0.0,0.0,15.15,16.03,15.57,,,
2,65,hdr_histogram,HdrHistogram,1500,read-heavy,1,264755.3423886219,2157.0,28576.0,5483.480545925926,7206.144806150215,1.3141552606590683,0,100,900,1790570614.3339329,2300.0,2300.0,performance,,32861568.0,31986572.0,30174832.0,0.0,0.0,14.98,15.98,15.56,,,
2,66,disabled,Disabled,250,mixed,1,300666.4339659914,796.0,1740.0,817.5748622222222,360.32568411010936,0.44072500361706385,0,100,900,1790570622.5912635,2827.93975,3024.753,performance,,32861568.0,31951052.0,30139056.0,0.0,0.0,14.15,15.78,15.5,,,
2,67,thread_local,ThreadLocal,2000,read-heavy,1,254871.6747135967,2260.0,47947.0,7534.845715,11547.216074322245,1.532508628721437,0,100,900,1790570625.7627404,2564.195375,3007.972,performance,,32861568.0,32001704.0,30189692.0,0.0,0.0,14.15,15.78,15.5,,,
2,68,global_mutex,GlobalMutex,750,read-heavy,1,282915.5991045623,1903.0,9319.0,2588.4146355555554,1976.2556238164232,0.7635004054874912,0,100,900,1790570636.1779106,2385.691125,2985.529,performance,,32861568.0,31987312.0,30175096.0,0.0,0.0,14.82,15.89,15.53,,,
2,69,hdr_histogram,HdrHistogram,500,read-heavy,1,288776.88170568075,1564.0,4610.0,1697.1088333333332,897.1080914927882,0.5286096412159709,0,100,900,1790570641.3682647,2300.0,2300.0,performance,,32861568.0,31966408.0,30154116.0,0.0,0.0,13.71,15.64,15.46,,,
2,70,sharded_2key,Sharded-2key,3000,read-heavy,1,239355.90345504493,2464.0,84350.0,12058.068991111111,20550.403380488337,1.704286432233681,0,100,900,1790570645.6316848,2933.043,3065.149,performance,,32861568.0,31965360.0,30153028.0,0.0,0.0,12.61,15.38,15.37,,,
2,71,thread_local,ThreadLocal,1500,read-heavy,1,267945.5053304563,2110.0,28693.0,5404.088312592593,7206.278844452094,1.3334865064399561,0,100,900,1790570660.7552967,2465.788375,3000.793,performance,,32861568.0,32015092.0,30202252.0,0.0,0.0,12.14,15.15,15.3,,,
2,72,sharded_2key,Sharded-2key,500,read-heavy,1,293066.2086334458,1517.0,4886.0,1670.2852644444445,935.9720237218711,0.5603665694992441,0,100,900,1790570668.9174955,2387.6995,3001.596,performance,,32861568.0,31983072.0,30170176.0,0.0,0.0,12.24,15.06,15.27,,,
2,73,thread_local,ThreadLocal,3000,write-heavy,1,228797.70073292777,2591.0,88122.0,12604.010404444445,21158.149821562216,1.6786839380980991,0,100,900,1790570673.1446495,2476.527,3008.992,performance,,32861568.0,32011576.0,30198628.0,0.0,0.0,11.26,14.81,15.18,,,
2,74,sharded_2key,Sharded-2key,250,mixed,1,300762.21164757136,791.0,1743.0,815.8231155555555,351.5748194751985,0.4309449104488596,0,100,900,1790570688.654392,2300.0,2300.0,performance,,32861568.0,32016880.0,30203436.0,0.0,0.0,12.05,14.84,15.19,,,
2,75,disabled,Disabled,1000,read-heavy,1,275795.4955256356,2089.0,15254.0,3526.9409744444442,3494.537968964525,0.9908127168232457,0,100,900,1790570691.8225243,2559.89975,3003.984,performance,,32861568.0,32006276.0,30192860.0,0.0,0.0,11.08,14.6,15.11,,,
2,76,thread_local,ThreadLocal,500,mixed,1,287966.25772653066,1570.0,4491.0,1699.2289822222222,883.6445258798681,0.5200267504408106,0,100,900,1790570697.9846225,2898.868875,3063.359,performance,,32861568.0,31999048.0,30185384.0,0.0,0.0,10.19,14.35,15.03,,,
2,77,disabled,Disabled,2000,read-heavy,1,258689.0591664398,2213.0,46120.0,7448.153441666666,11439.919455565107,1.535940356916869,0,100,900,1790570702.0674992,2826.629125,3023.1,performance,,32861568.0,31993764.0,30180120.0,0.0,0.0,9.38,14.12,14.95,,,
2,78,hdr_histogram,HdrHistogram,1500,mixed,1,253231.60666044903,2275.0,30781.0,5730.174638518519,7757.195725043002,1.3537450801060664,0,100,900,1790570712.3805559,2387.69125,3001.53,performance,,32861568.0,31978756.0,30164752.0,0.0,0.0,13.02,14.78,15.16,,,
2,79,global_mutex,GlobalMutex,500,read-heavy,1,291355.3739793327,1548.0,4450.0,1677.4434066666668,878.3892857680946,0.5236476427622597,0,100,900,1790570720.6750188,2300.0,2300.0,performance,,32861568.0,31976280.0,30162076.0,0.0,0.0,12.7,14.68,15.12,,,
2,80,global_mutex,GlobalMutex,1500,write-heavy,1,273686.2554331922,2112.0,28681.0,5288.968457777778,7062.551867415102,1.3353363560013582,0,100,900,1790570724.9116898,2643.9965,3019.199,performance,,32861568.0,31996884.0,30182692.0,0.0,0.0,12.64,14.64,15.1,,,
2,81,sharded_n,Sharded-N,3000,read-heavy,1,236980.88546882343,2516.0,80787.0,12160.982595925925,20643.775370066145,1.6975417247108022,0,100,900,1790570732.8214555,2387.500125,3000.001,performance,,32861568.0,31996816.0,30182392.0,0.0,0.0,11.88,14.42,15.03,,,
2,82,disabled,Disabled,1500,mixed,1,260722.19077731276,2206.0,31236.0,5548.897212592593,7513.673961115135,1.3540841852438181,0,100,900,1790570748.0857747,2386.757625,2994.061,performance,,32861568.0,32013600.0,30198796.0,0.0,0.0,11.94,14.33,14.99,,,
2,83,hdr_histogram,HdrHistogram,100,read-heavy,1,281536.95125875267,330.0,825.0,347.99364444444444,152.5715974171158,0.4384321376348388,0,100,900,1790570756.2275922,2556.066125,3005.125,performance,,32861568.0,31979096.0,30164156.0,0.0,0.0,12.59,14.42,15.02,,,
2,84,sharded_2key,Sharded-2key,3000,write-heavy,1,231987.439404056,2566.0,85813.0,12430.627683333334,21138.140835802154,1.7004886136316053,0,100,900,1790570759.0801318,2391.676875,3033.415,performance,,32861568.0,32015600.0,30200632.0,0.0,0.0,11.66,14.2,14.94,,,
2,85,global_mutex,GlobalMutex,500,write-heavy,1,287343.4807414989,1601.0,4281.0,1704.1587288888888,849.5140033642356,0.4984946466331329,0,100,900,1790570774.4408917,2300.0,2300.0,performance,,32861568.0,32003064.0,30187740.0,0.0,0.0,12.22,14.2,14.93,,,
2,86,sharded_n,Sharded-N,1500,write-heavy,1,265134.41630270565,2217.0,28728.0,5473.4827118518515,7279.41357263562,1.3299418223927788,0,100,900,1790570778.5291975,2300.0,2300.0,performance,,32861568.0,31998956.0,30183652.0,0.0,0.0,11.24,13.97,14.85,,,
2,87,disabled,Disabled,1000,write-heavy,1,264152.77852151054,2175.0,15663.0,3680.934043333333,3659.76557979395,0.994249159781137,0,100,900,1790570786.5964556,2934.512,3077.254,performance,,32861568.0,31998624.0,30183096.0,0.0,0.0,11.94,14.07,14.88,,,
2,88,hdr_histogram,HdrHistogram,3000,mixed,1,232774.6305073391,2544.0,86602.0,12389.444337777777,21120.95067690278,1.7047536678058253,0,100,900,1790570792.7475052,2387.648125,3001.185,performance,,32861568.0,31991348.0,30175708.0,0.0,0.0,10.1,13.6,14.72,,,
2,89,sharded_n,Sharded-N,1000,mixed,1,271903.1017973527,2101.0,15228.0,3572.6441033333335,3553.6207824479156,0.9946752824140337,0,100,900,1790570808.0478938,2387.99325,3003.946,performance,,32861568.0,32003508.0,30187480.0,0.0,0.0,9.84,13.39,14.63,,,
2,90,hdr_histogram,HdrHistogram,2000,read-heavy,1,249808.1076815679,2333.0,45987.0,7705.932793888889,11797.471065512014,1.5309595062739034,0,100,900,1790570814.0909858,2812.261125,3008.745,performance,,32861568.0,31983592.0,30167416.0,0.0,0.0,9.93,13.35,14.61,,,
2,91,sharded_2key,Sharded-2key,250,write-heavy,1,297722.239486216,803.0,1693.0,825.8645511111112,345.3863848427324,0.4182119021552051,0,100,900,1790570824.654515,2838.632125,3097.795,performance,,32861568.0,32002340.0,30185916.0,0.0,0.0,14.49,14.2,14.88,,,
2,92,thread_local,ThreadLocal,250,read-heavy,1,308288.75885506533,777.0,1666.0,793.9112533333333,338.08778366477094,0.4258508520256743,0,100,900,1790570827.8304412,2387.70575,3001.646,performance,,32861568.0,32023964.0,30207592.0,0.0,0.0,13.33,13.96,14.8,,,
2,93,hdr_histogram,HdrHistogram,1000,mixed,1,270552.7854699651,2090.0,15099.0,3599.8133244444443,3526.9050803494006,0.9797466597503925,0,100,900,1790570831.150184,2300.0,2300.0,performance,,32861568.0,32008056.0,30191652.0,0.0,0.0,13.33,13.96,14.8,,,
2,94,sharded_n,Sharded-N,1500,read-heavy,1,253997.51252258584,2270.0,30425.0,5712.273564444445,7598.113760282504,1.330138284618634,0,100,900,1790570837.2188745,2386.223625,2989.789,performance,,32861568.0,31965916.0,30149288.0,0.0,0.0,12.31,13.73,14.71,,,
2,95,thread_local,ThreadLocal,2000,mixed,1,247818.7569535749,2358.0,48003.0,7782.458843333333,11928.707924780369,1.532768520195751,0,100,900,1790570845.6728597,2822.4905,3012.332,performance,,32861568.0,31986416.0,30169560.0,0.0,0.0,12.92,13.84,14.74,,,
2,96,thread_local,ThreadLocal,250,mixed,1,299915.9003824298,788.0,1774.0,813.0908888888889,361.60207615790046,0.44472528360518176,0,100,900,1790570856.1320832,2300.0,2300.0,performance,,32861568.0,32002272.0,30185096.0,0.0,0.0,18.33,14.97,15.1,,,
2,97,thread_local,ThreadLocal,250,write-heavy,1,300502.521953392,781.0,1756.0,812.0624888888889,360.3876340624463,0.44379298267495354,0,100,900,1790570859.305262,2387.248125,2997.985,performance,,32861568.0,32026616.0,30209472.0,0.0,0.0,18.15,14.99,15.11,,,
2,98,disabled,Disabled,3000,mixed,1,237397.31110257973,2486.0,83022.0,12163.329891481482,20686.332271789095,1.7007129179548643,0,100,900,1790570862.477098,2745.300625,3077.791,performance,,32861568.0,32022612.0,30205480.0,0.0,0.0,16.69,14.74,15.03,,,
2,99,disabled,Disabled,100,mixed,1,280337.04299708334,333.0,825.0,350.19233333333335,151.96784429373807,0.4339553720300503,0,100,900,1790570877.5454035,2387.53125,3000.25,performance,,32861568.0,32011864.0,30194296.0,0.0,0.0,16.49,14.83,15.05,,,
2,100,disabled,Disabled,500,read-heavy,1,304460.5172790007,1502.0,4096.0,1611.2312755555556,816.975004911258,0.5070501158373825,0,100,900,1790570880.2176976,2387.5655,3000.524,performance,,32861568.0,32008252.0,30190664.0,0.0,0.0,16.49,14.83,15.05,,,
2,101,hdr_histogram,HdrHistogram,750,read-heavy,1,275350.36297115206,2002.0,9240.0,2657.216437037037,1980.5314222719069,0.7453406484570462,0,100,900,1790570884.385354,2300.0,2300.0,performance,,32861568.0,32006756.0,30189168.0,0.0,0.0,17.33,15.03,15.12,,,
2,102,sharded_n,Sharded-N,750,read-heavy,1,302493.8873267632,1870.0,8184.0,2417.2899333333335,1717.404526221847,0.7104669169136959,0,100,900,1790570889.6410751,2300.0,2300.0,performance,,32861568.0,31967856.0,30150204.0,0.0,0.0,20.59,15.74,15.35,,,
2,103,disabled,Disabled,3000,read-heavy,1,241767.7566016105,2434.0,84744.0,11911.949444074075,20457.895513631767,1.7174263213322407,0,100,900,1790570894.6642396,2387.354125,2998.833,performance,,32861568.0,31984820.0,30167052.0,0.0,0.0,20.46,15.8,15.37,,,
2,104,sharded_n,Sharded-N,250,write-heavy,1,297656.1680205304,801.0,1722.0,823.6897377777777,357.61108467528413,0.43415750891844135,0,100,900,1790570909.672485,2387.518125,3000.145,performance,,32861568.0,32008580.0,30190328.0,0.0,0.0,26.43,17.33,15.87,,,
2,105,disabled,Disabled,1000,mixed,1,276910.71273194853,2052.0,15577.0,3510.004948888889,3587.1363060309523,1.0219747146414935,0,100,900,1790570912.8504188,2656.468,3034.783,performance,,32861568.0,32014704.0,30196496.0,0.0,0.0,24.31,17.04,15.79,,,
2,106,disabled,Disabled,1500,write-heavy,1,255469.4283502794,2273.0,29056.0,5686.678688888889,7537.981605209879,1.3255508210685827,0,100,900,1790570918.8230898,2300.0,2300.0,performance,,32861568.0,31974948.0,30156536.0,0.0,0.0,24.37,17.17,15.84,,,
2,107,sharded_2key,Sharded-2key,2000,read-heavy,1,259296.86550515427,2217.0,45016.0,7427.465607222222,11425.410712895758,1.5382650445107502,0,100,900,1790570927.0629623,2300.0,2300.0,performance,,32861568.0,31988084.0,30169484.0,0.0,0.0,21.28,16.76,15.72,,,
2,108,global_mutex,GlobalMutex,250,read-heavy,1,309803.8340298082,773.0,1661.0,789.8765466666666,343.6605196500965,0.4350813061868561,0,100,900,1790570937.3493752,2656.74125,3080.446,performance,,32861568.0,32005040.0,30186204.0,0.0,0.0,18.67,16.35,15.6,,,
2,109,sharded_2key,Sharded-2key,750,write-heavy,1,274540.7073879478,2004.0,9114.0,2673.626554074074,1981.5495283408284,0.7411467115036472,0,100,900,1790570940.6701415,2387.500125,3000.001,performance,,32861568.0,32023540.0,30204700.0,0.0,0.0,18.67,16.35,15.6,,,
2,110,thread_local,ThreadLocal,750,read-heavy,1,286505.6579996859,1910.0,8847.0,2556.622728888889,1916.4916042567481,0.7496184644692013,0,100,900,1790570945.7587848,2388.0315,3004.252,performance,,32861568.0,31986740.0,30167836.0,0.0,0.0,17.9,16.23,15.56,,,
2,111,hdr_histogram,HdrHistogram,750,mixed,1,273300.9500832593,1999.0,9405.0,2681.5651037037037,2006.8926175096196,0.7484034658482671,0,100,900,1790570950.9073136,2564.92725,3022.82,performance,,32861568.0,31992772.0,30173792.0,0.0,0.0,17.35,16.14,15.54,,,
2,112,global_mutex,GlobalMutex,250,mixed,1,303551.2988561414,778.0,1780.0,807.3116711111111,365.33998927671144,0.45253896648600456,0,100,900,1790570956.0124698,2559.20825,3000.375,performance,,32861568.0,31977420.0,30158360.0,0.0,0.0,17.4,16.17,15.55,,,
2,113,sharded_n,Sharded-N,3000,mixed,1,234797.0018131147,2539.0,78363.0,12265.957238888888,20661.294864641965,1.684442107717112,0,100,900,1790570959.1719787,2300.0,2300.0,performance,,32861568.0,32018488.0,30199400.0,0.0,0.0,17.05,16.12,15.53,,,
2,114,thread_local,ThreadLocal,2000,write-heavy,1,247379.78887147628,2379.0,43340.0,7785.510504444444,11896.846410052673,1.5280753141699863,0,100,900,1790570974.3787498,2387.4345,2999.476,performance,,32861568.0,32008160.0,30188524.0,0.0,0.0,16.94,16.13,15.55,,,
2,115,hdr_histogram,HdrHistogram,1000,write-heavy,1,264039.940307857,2189.0,15592.0,3675.9732533333336,3652.1805491324094,0.9935275088905097,0,100,900,1790570984.8592281,2300.0,2300.0,performance,,32861568.0,32011548.0,30191636.0,0.0,0.0,21.68,17.14,15.88,,,
2,116,thread_local,ThreadLocal,1500,write-heavy,1,254396.18063639675,2281.0,31167.0,5693.167590370371,7693.1774767647485,1.3513000196546587,0,100,900,1790570991.00932,2300.0,2300.0,performance,,32861568.0,31980084.0,30160112.0,0.0,0.0,21.31,17.14,15.89,,,
2,117,sharded_n,Sharded-N,2000,mixed,1,249794.47587052078,2343.0,46187.0,7730.756898888889,11721.946091341191,1.5162740524185854,0,100,900,1790570999.2839932,2300.0,2300.0,performance,,32861568.0,31974564.0,30154332.0,0.0,0.0,19.75,16.95,15.84,,,
2,118,hdr_histogram,HdrHistogram,750,write-heavy,1,274643.55032835616,1987.0,9203.0,2657.1280592592593,1989.6570588847626,0.7487998374603854,0,100,900,1790571009.7061152,2300.0,2300.0,performance,,32861568.0,32008192.0,30187728.0,0.0,0.0,18.59,16.79,15.8,,,
2,119,global_mutex,GlobalMutex,2000,write-heavy,1,244378.0324181881,2392.0,44339.0,7902.236543888889,11852.128029415595,1.4998447545310842,0,100,900,1790571014.795924,2561.92175,3003.749,performance,,32861568.0,31988484.0,30168048.0,0.0,0.0,19.82,17.08,15.9,,,
2,120,global_mutex,GlobalMutex,2000,read-heavy,1,241406.59958504603,2393.0,48481.0,8012.241833888889,12352.351232761022,1.5416847729826424,0,100,900,1790571025.393776,2386.725625,2993.805,performance,,32861568.0,32002656.0,30181864.0,0.0,0.0,22.22,17.71,16.12,,,
2,121,sharded_n,Sharded-N,1500,mixed,1,253828.49743607634,2281.0,30476.0,5714.3310155555555,7634.998073710241,1.3361140705580836,0,100,900,1790571036.2821414,2737.0865,3003.541,performance,,32861568.0,31831096.0,29971352.0,0.0,0.0,24.41,18.31,16.33,,,
2,122,sharded_2key,Sharded-2key,2000,mixed,1,249477.37459496106,2301.0,46741.0,7714.034640555556,11824.182742748833,1.5328143175018554,0,100,900,1790571044.5700376,2665.456125,3079.873,performance,,32861568.0,31947340.0,30087436.0,0.0,0.0,23.37,18.3,16.35,,,
2,123,sharded_2key,Sharded-2key,500,mixed,1,309006.9536370389,1506.0,3842.0,1586.921031111111,763.3759608368653,0.48104218538358773,0,100,900,1790571054.9829986,2676.54325,3101.65,performance,,32861568.0,31999768.0,30139616.0,0.0,0.0,22.67,18.31,16.37,,,
2,124,sharded_2key,Sharded-2key,1000,mixed,1,271582.19758030475,2110.0,15608.0,3568.4770577777776,3588.066580066257,1.005489602979451,0,100,900,1790571058.9592807,2300.0,2300.0,performance,,32861568.0,31961400.0,30101288.0,0.0,0.0,22.37,18.32,16.39,,,
2,125,disabled,Disabled,100,write-heavy,1,281863.19955639244,330.0,817.0,346.8011222222222,149.95596316835992,0.4323975718633101,0,100,900,1790571065.0091522,2300.0,2300.0,performance,,32861568.0,31969324.0,30109076.0,0.0,0.0,21.22,18.15,16.34,,,
2,126,disabled,Disabled,500,write-heavy,1,283341.16172431415,1604.0,4591.0,1732.8528644444445,887.7744138067059,0.512319558124358,0,100,900,1790571067.684732,2387.726125,3001.809,performance,,32861568.0,31989084.0,30128808.0,0.0,0.0,19.52,17.85,16.25,,,
2,127,sharded_2key,Sharded-2key,1000,write-heavy,1,266270.8583099343,2161.0,16131.0,3656.121902222222,3646.114465894478,0.9972628274999087,0,100,900,1790571071.7969434,2387.95625,3003.65,performance,,32861568.0,31983368.0,30123048.0,0.0,0.0,17.96,17.55,16.17,,,
2,128,sharded_2key,Sharded-2key,1500,mixed,1,256950.94420230325,2277.0,29516.0,5663.363325185185,7589.028604802151,1.3400214976590785,0,100,900,1790571077.9109046,2389.947625,3019.581,performance,,32861568.0,31965500.0,30104936.0,0.0,0.0,16.52,17.26,16.08,,,
2,129,hdr_histogram,HdrHistogram,1000,read-heavy,1,291541.4925844745,1985.0,14115.0,3340.724138888889,3307.606472601119,0.9900866803390763,0,100,900,1790571086.128892,2300.0,2300.0,performance,,32861568.0,31974888.0,30114084.0,0.0,0.0,16.64,17.27,16.09,,,
2,130,disabled,Disabled,250,read-heavy,1,312231.0043166977,765.0,1626.0,784.2162444444444,334.5794107035044,0.4266417752421433,0,100,900,1790571092.1168454,2387.4305,2999.444,performance,,32861568.0,31955952.0,30095052.0,0.0,0.0,14.82,16.87,15.97,,,
2,131,sharded_n,Sharded-N,100,write-heavy,1,279121.8000728638,340.0,700.0,351.38444444444445,135.07267068131924,0.3844013951581595,0,100,900,1790571095.4226174,2658.288125,3082.496,performance,,32861568.0,31974536.0,30113632.0,0.0,0.0,14.82,16.87,15.97,,,
2,132,global_mutex,GlobalMutex,1000,read-heavy,1,277404.2620145467,2055.0,14882.0,3505.3692733333332,3457.668352392333,0.9863920411170717,0,100,900,1790571098.099378,2387.622875,3000.983,performance,,32861568.0,31983180.0,30122228.0,0.0,0.0,13.63,16.59,15.88,,,
2,133,sharded_2key,Sharded-2key,100,read-heavy,1,284260.94702646276,329.0,815.0,344.73203333333333,147.98566079949407,0.42927737050882536,0,100,900,1790571104.2563424,2388.880125,3011.041,performance,,32861568.0,31962996.0,30101920.0,0.0,0.0,14.7,16.76,15.94,,,
2,134,global_mutex,GlobalMutex,1000,mixed,1,267041.4423590504,2127.0,15881.0,3642.2119233333333,3670.489405984514,1.0077638213389026,0,100,900,1790571107.1056476,2387.64875,3001.19,performance,,32861568.0,31986300.0,30125196.0,0.0,0.0,13.52,16.48,15.86,,,
2,135,sharded_2key,Sharded-2key,1500,read-heavy,1,264749.743546778,2174.0,29520.0,5487.419088888889,7393.208427192838,1.3473015833915174,0,100,900,1790571113.2086742,2387.40125,2999.21,performance,,32861568.0,31959416.0,30098212.0,0.0,0.0,12.44,16.21,15.77,,,
2,136,global_mutex,GlobalMutex,3000,read-heavy,1,235726.43306406707,2515.0,86146.0,12233.043138148149,20722.599395932695,1.6939856388890087,0,100,900,1790571121.4444344,2387.84575,3002.766,performance,,32861568.0,31968168.0,30106680.0,0.0,0.0,12.16,16.09,15.74,,,
2,137,thread_local,ThreadLocal,1000,mixed,1,270919.81916754687,2092.0,15792.0,3585.6865188888887,3660.765642054741,1.0209385630256147,0,100,900,1790571136.7524765,2387.590375,3000.723,performance,,32861568.0,31978976.0,30117112.0,0.0,0.0,10.38,15.43,15.53,,,
2,138,global_mutex,GlobalMutex,100,read-heavy,1,281327.37909562024,333.0,803.0,348.9484444444444,146.81023458219735,0.42072184851241196,0,100,900,1790571142.8127372,2387.5405,3000.324,performance,,32861568.0,31983856.0,30121944.0,0.0,0.0,9.55,15.18,15.44,,,
2,139,hdr_histogram,HdrHistogram,500,write-heavy,1,280047.35013213626,1619.0,4689.0,1753.61094,915.6347385290399,0.5221424648098054,0,100,900,1790571145.6667721,2387.447375,2999.579,performance,,32861568.0,31987976.0,30126036.0,0.0,0.0,9.55,15.18,15.44,,,
2,140,thread_local,ThreadLocal,1000,read-heavy,1,281142.16080781125,2042.0,15090.0,3463.3073233333334,3473.350910640538,1.002899998865113,0,100,900,1790571149.803001,2474.461375,3000.001,performance,,32861568.0,31963868.0,30101924.0,0.0,0.0,10.54,15.29,15.48,,,
2,141,disabled,Disabled,750,mixed,1,273781.8107937727,1983.0,9308.0,2674.89632,2009.979336962876,0.7514232689822071,0,100,900,1790571155.9001799,2557.434375,3019.481,performance,,32861568.0,31995220.0,30133084.0,0.0,0.0,11.46,15.4,15.52,,,
2,142,global_mutex,GlobalMutex,2000,mixed,1,245572.93195681478,2385.0,44742.0,7860.265832222222,11911.284337417648,1.5153793257969417,0,100,900,1790571160.9963574,2565.217375,3017.845,performance,,32861568.0,31959768.0,30097516.0,0.0,0.0,11.75,15.39,15.51,,,
2,143,global_mutex,GlobalMutex,250,write-heavy,1,299911.09515471524,801.0,1681.0,817.6628088888889,342.80907225156477,0.41925481815346777,0,100,900,1790571171.5360734,2300.0,2300.0,performance,,32861568.0,31981428.0,30118876.0,0.0,0.0,15.2,16.02,15.72,,,
2,144,thread_local,ThreadLocal,750,write-heavy,1,272429.3681861682,1998.0,9509.0,2686.1435762962965,2037.778049720183,0.7586258857130446,0,100,900,1790571174.7080944,2300.0,2300.0,performance,,32861568.0,31981968.0,30119420.0,0.0,0.0,13.98,15.76,15.63,,,
3,1,global_mutex,GlobalMutex,2000,read-heavy,1,253196.2053837486,2295.0,49503.0,7617.092946666667,11671.07147062778,1.5322212230238288,0,100,900,1790571179.8220398,2300.0,2300.0,performance,,32861568.0,31984160.0,30121572.0,0.0,0.0,13.82,15.69,15.61,,,
3,2,disabled,Disabled,3000,read-heavy,1,241198.0347981686,2449.0,83825.0,11981.262528148149,20431.902394347926,1.7053213170436996,0,100,900,1790571190.2941337,2300.0,2300.0,performance,,32861568.0,31981896.0,30118932.0,0.0,0.0,14.14,15.7,15.62,,,
3,3,sharded_n,Sharded-N,250,write-heavy,1,297595.8815904344,799.0,1811.0,825.0149111111111,373.0125307833895,0.45212822915045836,0,100,900,1790571205.2860212,2300.0,2300.0,performance,,32861568.0,31996400.0,30133048.0,0.0,0.0,17.93,16.46,15.86,,,
3,4,thread_local,ThreadLocal,500,read-heavy,1,293705.7602435236,1543.0,4529.0,1668.31092,864.4412486721602,0.5181535637686531,0,100,900,1790571208.4594023,2476.200125,3008.056,performance,,32861568.0,32001800.0,30138528.0,0.0,0.0,16.49,16.18,15.78,,,
3,5,global_mutex,GlobalMutex,3000,read-heavy,1,237788.6329915095,2487.0,85179.0,12138.520361481482,20611.22525806271,1.6980014568717297,0,100,900,1790571212.6920474,2473.606875,2997.353,performance,,32861568.0,31991260.0,30127936.0,0.0,0.0,15.17,15.91,15.69,,,
3,6,sharded_n,Sharded-N,100,read-heavy,1,281614.52536180994,331.0,829.0,348.7681,151.60171056253327,0.43467768572450655,0,100,900,1790571227.9184804,2577.88225,3097.486,performance,,32861568.0,31987068.0,30123228.0,0.0,0.0,13.83,15.59,15.59,,,
3,7,sharded_n,Sharded-N,500,mixed,1,287073.42417833087,1603.0,4337.0,1704.729908888889,861.0146896929218,0.5050739622760037,0,100,900,1790571230.7890508,2300.0,2300.0,performance,,32861568.0,32015120.0,30151256.0,0.0,0.0,13.83,15.59,15.59,,,
3,8,disabled,Disabled,1000,mixed,1,269118.34612275014,2142.0,15779.0,3613.682064444444,3619.2931160747617,1.001552724210446,0,100,900,1790571234.8728878,2300.0,2300.0,performance,,32861568.0,31964556.0,30100776.0,0.0,0.0,14.8,15.76,15.65,,,
3,9,disabled,Disabled,750,mixed,1,276656.62316916994,1983.0,9427.0,2641.2696814814813,1991.4490826943975,0.7539741574504422,0,100,900,1790571240.9512784,2300.0,2300.0,performance,,32861568.0,31976100.0,30112092.0,0.0,0.0,14.74,15.73,15.64,,,
3,10,disabled,Disabled,2000,mixed,1,254570.50362987124,2296.0,46317.0,7558.740922777778,11419.873283102526,1.510816867487742,0,100,900,1790571246.0143468,2912.497625,3121.038,performance,,32861568.0,31967720.0,30103652.0,0.0,0.0,14.76,15.72,15.63,,,
3,11,sharded_2key,Sharded-2key,1500,write-heavy,1,254308.2619316814,2280.0,32127.0,5701.891321481481,7708.378607483845,1.3518985495993343,0,100,900,1790571256.2636817,2645.563125,3002.496,performance,,32861568.0,31976900.0,30112580.0,0.0,0.0,15.28,15.8,15.66,,,
3,12,hdr_histogram,HdrHistogram,250,write-heavy,1,288132.797040765,830.0,1816.0,852.7056533333333,369.9707933721694,0.4338786683610073,0,100,900,1790571264.5640705,2300.0,2300.0,performance,,32861568.0,31961776.0,30097240.0,0.0,0.0,15.36,15.8,15.66,,,
3,13,thread_local,ThreadLocal,3000,write-heavy,1,229310.33696396954,2613.0,88624.0,12585.38097925926,21257.544393421234,1.6890664198766585,0,100,900,1790571267.7675645,2393.874625,3050.997,performance,,32861568.0,31982620.0,30118124.0,0.0,0.0,14.13,15.54,15.58,,,
3,14,sharded_n,Sharded-N,1500,mixed,1,250612.59948019797,2336.0,30918.0,5803.248518518519,7721.196768356766,1.3304956256341527,0,100,900,1790571283.2655468,2387.6195,3000.956,performance,,32861568.0,31996392.0,30131392.0,0.0,0.0,14.09,15.49,15.56,,,
3,15,sharded_n,Sharded-N,100,mixed,1,269450.2022210295,346.0,891.0,363.2985,160.2750059489754,0.44116616487261967,0,100,900,1790571291.625962,2744.320125,3052.11,performance,,32861568.0,31933112.0,30068056.0,0.0,0.0,14.72,15.6,15.6,,,
3,16,hdr_histogram,HdrHistogram,3000,read-heavy,1,237183.84649019557,2475.0,84490.0,12182.976196296297,20637.91401380524,1.6939960877605011,0,100,900,1790571294.3144748,2641.949875,3008.777,performance,,32861568.0,31949904.0,30084832.0,0.0,0.0,13.54,15.34,15.51,,,
3,17,thread_local,ThreadLocal,2000,write-heavy,1,242084.31265342244,2448.0,49829.0,7971.003843333333,12083.162565472987,1.515889692560984,0,100,900,1790571309.5913305,2387.487875,2999.903,performance,,32861568.0,31968316.0,30102736.0,0.0,0.0,18.62,16.39,15.86,,,
3,18,disabled,Disabled,500,read-heavy,1,292551.91057191545,1548.0,4372.0,1677.8227733333333,864.8456190811731,0.5154570749823493,0,100,900,1790571320.2386303,2387.323875,2998.591,performance,,32861568.0,31976400.0,30110496.0,0.0,0.0,20.63,16.88,16.02,,,
3,19,sharded_2key,Sharded-2key,1500,read-heavy,1,259720.7606700946,2225.0,30881.0,5589.948554074074,7611.570295049842,1.3616530136940823,0,100,900,1790571324.4673843,2387.4725,2999.78,performance,,32861568.0,31960440.0,30094572.0,0.0,0.0,20.34,16.88,16.03,,,
3,20,sharded_n,Sharded-N,1000,mixed,1,279465.12801497313,2057.0,14918.0,3478.9750922222224,3423.7916764306797,0.9841380250422276,0,100,900,1790571332.785901,2390.10725,3020.858,performance,,32861568.0,31964088.0,30097980.0,0.0,0.0,18.83,16.69,15.97,,,
3,21,global_mutex,GlobalMutex,250,mixed,1,299527.84347732435,800.0,1721.0,819.4146533333334,351.04060807577406,0.4284041134092005,0,100,900,1790571338.7554832,2387.640375,3001.123,performance,,32861568.0,31958196.0,30092016.0,0.0,0.0,17.32,16.41,15.89,,,
3,22,sharded_2key,Sharded-2key,1000,read-heavy,1,282066.95015515067,2003.0,14805.0,3442.9595555555557,3462.6050858837507,1.0057060009016066,0,100,900,1790571341.9276137,2476.556375,3012.848,performance,,32861568.0,31971536.0,30105380.0,0.0,0.0,15.93,16.14,15.8,,,
3,23,thread_local,ThreadLocal,100,read-heavy,1,279404.91992450575,332.0,893.0,351.13536666666664,159.1454333863931,0.4532310000475404,0,100,900,1790571348.0244863,2387.70325,3001.626,performance,,32861568.0,31955116.0,30088836.0,0.0,0.0,14.66,15.87,15.72,,,
3,24,sharded_2key,Sharded-2key,1000,mixed,1,276917.14135326125,2031.0,14905.0,3494.071732222222,3495.5133875030333,1.0004126003675071,0,100,900,1790571350.8770044,2300.0,2300.0,performance,,32861568.0,31977988.0,30111672.0,0.0,0.0,14.66,15.87,15.72,,,
3,25,sharded_2key,Sharded-2key,100,read-heavy,1,280876.3011032896,332.0,830.0,348.66977777777777,150.32073029646105,0.4311263547260093,0,100,900,1790571356.8577962,2388.45125,3007.61,performance,,32861568.0,31953544.0,30087032.0,0.0,0.0,13.73,15.64,15.64,,,
3,26,sharded_2key,Sharded-2key,500,mixed,1,285124.5485805186,1578.0,4652.0,1716.6469777777777,905.3023872463805,0.5273666624330102,0,100,900,1790571359.7100449,2300.0,2300.0,performance,,32861568.0,31975284.0,30108744.0,0.0,0.0,13.73,15.64,15.64,,,
3,27,global_mutex,GlobalMutex,1000,read-heavy,1,270211.9452247553,2128.0,15531.0,3604.2478822222224,3604.2388473234773,0.9999974932637709,0,100,900,1790571363.8068588,2388.176125,3005.409,performance,,32861568.0,31965644.0,30099120.0,0.0,0.0,22.56,17.44,16.23,,,
3,28,sharded_n,Sharded-N,2000,mixed,1,241946.37253088085,2399.0,47392.0,7963.288696111111,12137.019719812482,1.524121526039816,0,100,900,1790571370.043447,2643.65675,3033.909,performance,,32861568.0,31965840.0,30099140.0,0.0,0.0,21.56,17.31,16.19,,,
3,29,global_mutex,GlobalMutex,3000,write-heavy,1,228757.44277558796,2629.0,89521.0,12619.375423333333,21268.4954677085,1.6853841615951033,0,100,900,1790571380.6734562,2387.736125,3001.889,performance,,32861568.0,31971772.0,30104796.0,0.0,0.0,25.65,18.35,16.54,,,
3,30,sharded_n,Sharded-N,100,write-heavy,1,272558.4013233546,343.0,800.0,359.27174444444444,153.30692989920735,0.4267158001425124,0,100,900,1790571396.2016413,2387.58625,3000.69,performance,,32861568.0,31979756.0,30112412.0,0.0,0.0,29.07,19.53,16.96,,,
3,31,hdr_histogram,HdrHistogram,2000,mixed,1,245416.34147035817,2382.0,46645.0,7863.871996111111,11938.251242929005,1.5181136275911893,0,100,900,1790571398.891885,2466.193125,2986.445,performance,,32861568.0,31991676.0,30124320.0,0.0,0.0,28.67,19.6,17.0,,,
3,32,disabled,Disabled,500,mixed,1,284792.79225440614,1593.0,4505.0,1716.5452377777779,886.4590480567391,0.516420440631288,0,100,900,1790571409.4283888,2387.429875,2999.439,performance,,32861568.0,31969104.0,30101524.0,0.0,0.0,28.91,19.97,17.15,,,
3,33,disabled,Disabled,1000,write-heavy,1,266418.00055138936,2150.0,15930.0,3652.2722155555557,3688.881113706184,1.0100235951730832,0,100,900,1790571413.5266685,2387.13575,2997.086,performance,,32861568.0,31979540.0,30111996.0,0.0,0.0,26.59,19.64,17.06,,,
3,34,global_mutex,GlobalMutex,500,write-heavy,1,277213.36418129154,1619.0,4871.0,1766.281268888889,945.2741129119325,0.5351775674474396,0,100,900,1790571419.6444857,2561.2515,3001.431,performance,,32861568.0,31959320.0,30091580.0,0.0,0.0,25.58,19.55,17.04,,,
3,35,sharded_2key,Sharded-2key,3000,write-heavy,1,228709.3946554921,2589.0,91164.0,12615.904992222222,21449.94104738391,1.7002300715333478,0,100,900,1790571423.7933795,2387.705,3001.64,performance,,32861568.0,31970276.0,30102564.0,0.0,0.0,24.26,19.37,17.0,,,
3,36,disabled,Disabled,250,read-heavy,1,297858.32556461456,799.0,1842.0,824.0248444444444,366.47102623161857,0.44473298190261784,0,100,900,1790571439.3258421,2387.75275,3002.022,performance,,32861568.0,31985968.0,30117760.0,0.0,0.0,22.04,19.11,16.95,,,
3,37,sharded_n,Sharded-N,750,mixed,1,271543.2924065831,2035.0,9299.0,2693.714922962963,2007.4072505938818,0.7452188921260553,0,100,900,1790571442.6789117,2300.0,2300.0,performance,,32861568.0,31984788.0,30116560.0,0.0,0.0,20.27,18.79,16.86,,,
3,38,hdr_histogram,HdrHistogram,1500,mixed,1,250878.38091587884,2314.0,32226.0,5794.041797777778,7822.491371770981,1.3500923267020934,0,100,900,1790571447.7930381,2300.0,2300.0,performance,,32861568.0,31966012.0,30097676.0,0.0,0.0,18.65,18.48,16.77,,,
3,39,sharded_2key,Sharded-2key,3000,read-heavy,1,233638.26220094212,2547.0,89406.0,12334.171456296297,21044.100905513635,1.7061625079624727,0,100,900,1790571456.1625683,2387.06975,2996.558,performance,,32861568.0,31967324.0,30098784.0,0.0,0.0,18.6,18.47,16.77,,,
3,40,sharded_2key,Sharded-2key,100,write-heavy,1,274209.6785011562,343.0,764.0,358.39064444444443,143.1565393203979,0.3994427352932456,0,100,900,1790571471.6019075,2387.96275,3003.702,performance,,32861568.0,31968656.0,30099700.0,0.0,0.0,17.59,18.27,16.73,,,
3,41,sharded_2key,Sharded-2key,250,mixed,1,301856.5676116693,791.0,1735.0,813.6156088888889,344.2686320604409,0.42313425197261156,0,100,900,1790571474.2863832,2387.55225,3000.418,performance,,32861568.0,31978444.0,30109460.0,0.0,0.0,16.18,17.96,16.64,,,
3,42,global_mutex,GlobalMutex,100,mixed,1,276176.5530052755,343.0,715.0,355.49826666666667,143.08807823341027,0.40250007285570527,0,100,900,1790571477.4492848,2300.0,2300.0,performance,,32861568.0,31991580.0,30122672.0,0.0,0.0,14.88,17.66,16.55,,,
3,43,thread_local,ThreadLocal,1000,mixed,1,270959.8144204902,2090.0,15458.0,3587.50358,3569.3505628892945,0.994939930593545,0,100,900,1790571480.1304307,2387.559625,3000.477,performance,,32861568.0,31998168.0,30129236.0,0.0,0.0,14.88,17.66,16.55,,,
3,44,hdr_histogram,HdrHistogram,100,write-heavy,1,284956.47337361966,331.0,714.0,344.3075,138.65668628402724,0.4027117802662656,0,100,900,1790571486.2090828,2300.0,2300.0,performance,,32861568.0,31954656.0,30085568.0,0.0,0.0,14.97,17.64,16.55,,,
3,45,disabled,Disabled,1500,write-heavy,1,249847.1053236095,2355.0,30640.0,5800.904264444444,7738.472996215539,1.3340114994910464,0,100,900,1790571488.8838594,2388.19875,3005.59,performance,,32861568.0,31983636.0,30114528.0,0.0,0.0,14.73,17.54,16.53,,,
3,46,disabled,Disabled,1500,read-heavy,1,266558.6119929922,2159.0,29994.0,5438.257134074074,7398.593661222273,1.3604714670193632,0,100,900,1790571497.257961,2300.0,2300.0,performance,,32861568.0,31978412.0,30109132.0,0.0,0.0,14.83,17.49,16.52,,,
3,47,sharded_2key,Sharded-2key,250,read-heavy,1,298295.9363385881,803.0,1873.0,822.8049644444444,354.57669284114047,0.43093650155665947,0,100,900,1790571505.4763384,2475.569375,3002.279,performance,,32861568.0,31962888.0,30093416.0,0.0,0.0,15.0,17.48,16.52,,,
3,48,disabled,Disabled,1000,read-heavy,1,280777.33828806796,2024.0,15407.0,3438.217741111111,3533.59846433678,1.0277413271664537,0,100,900,1790571508.824633,2387.464125,2999.713,performance,,32861568.0,31989744.0,30120256.0,0.0,0.0,14.92,17.42,16.51,,,
3,49,sharded_2key,Sharded-2key,2000,mixed,1,245591.0862954271,2394.0,45738.0,7867.833770555556,11864.22531550801,1.507940515966222,0,100,900,1790571514.9335434,2829.369125,3044.953,performance,,32861568.0,31954944.0,30085280.0,0.0,0.0,15.09,17.41,16.51,,,
3,50,thread_local,ThreadLocal,250,read-heavy,1,301822.7996411641,796.0,1717.0,812.2569377777778,345.95018391991084,0.42591225489114626,0,100,900,1790571525.4811482,2300.0,2300.0,performance,,32861568.0,31969456.0,30099516.0,0.0,0.0,16.35,17.63,16.59,,,
3,51,thread_local,ThreadLocal,1500,write-heavy,1,249812.18144081312,2339.0,32961.0,5801.745665925926,8021.969541565105,1.3826820414894632,0,100,900,1790571528.82173,2832.61925,3068.821,performance,,32861568.0,31981116.0,30111240.0,0.0,0.0,16.4,17.62,16.59,,,
3,52,hdr_histogram,HdrHistogram,750,read-heavy,1,279156.4861708073,1951.0,9220.0,2614.9059377777776,1976.536452350378,0.7558728686164886,0,100,900,1790571537.2025585,2387.732,3001.856,performance,,32861568.0,31978756.0,30108528.0,0.0,0.0,15.43,17.38,16.53,,,
3,53,sharded_n,Sharded-N,750,write-heavy,1,263373.4800487234,2132.0,9539.0,2783.6094874074074,2032.2843948738853,0.7300896207128214,0,100,900,1790571542.4279938,2643.680375,3006.372,performance,,32861568.0,31965020.0,30094800.0,0.0,0.0,14.19,17.09,16.44,,,
3,54,global_mutex,GlobalMutex,2000,mixed,1,244883.85887103228,2392.0,47969.0,7880.9413583333335,11854.704367300455,1.5042244102939875,0,100,900,1790571547.6235404,2387.419,2999.352,performance,,32861568.0,31957796.0,30087560.0,0.0,0.0,13.05,16.81,16.35,,,
3,55,hdr_histogram,HdrHistogram,2000,write-heavy,1,239647.18074821468,2447.0,47516.0,8063.677108333333,12068.107194928902,1.4966009963937206,0,100,900,1790571558.1701076,2300.0,2300.0,performance,,32861568.0,31964772.0,30094132.0,0.0,0.0,11.56,16.37,16.21,,,
3,56,hdr_histogram,HdrHistogram,500,read-heavy,1,286094.97385876795,1571.0,4460.0,1712.2556266666666,895.4734691094156,0.5229788444922085,0,100,900,1790571568.9039948,2468.86475,3004.845,performance,,32861568.0,31977392.0,30106596.0,0.0,0.0,19.93,17.96,16.73,,,
3,57,sharded_n,Sharded-N,3000,write-heavy,1,225505.01479739018,2657.0,83736.0,12771.592764074074,21540.147338789444,1.6865670348792303,0,100,900,1790571573.1817343,2473.216875,3002.432,performance,,32861568.0,31967148.0,30096312.0,0.0,0.0,18.34,17.66,16.64,,,
3,58,global_mutex,GlobalMutex,750,write-heavy,1,270292.36119189847,2024.0,9317.0,2713.053922962963,2014.6097511490364,0.7425616328881711,0,100,900,1790571588.902583,2387.7205,3001.764,performance,,32861568.0,31988728.0,30117428.0,0.0,0.0,18.72,17.77,16.69,,,
3,59,global_mutex,GlobalMutex,500,mixed,1,282104.53713497776,1604.0,4770.0,1737.9700355555556,924.0618779958288,0.5316903393564235,0,100,900,1790571594.0352871,2386.395875,2991.167,performance,,32861568.0,31970964.0,30099668.0,0.0,0.0,23.55,18.78,17.02,,,
3,60,hdr_histogram,HdrHistogram,500,write-heavy,1,280680.3324252861,1638.0,4447.0,1746.5021933333333,880.4682276078863,0.5041323343129878,0,100,900,1790571598.1549938,2630.583,2997.205,performance,,32861568.0,31968200.0,30096852.0,0.0,0.0,21.66,18.47,16.93,,,
3,61,thread_local,ThreadLocal,500,write-heavy,1,272095.40979832545,1651.0,4954.0,1804.0833311111112,966.3144988044759,0.5356263106811898,0,100,900,1790571602.2869554,2300.0,2300.0,performance,,32861568.0,31955792.0,30084372.0,0.0,0.0,19.93,18.16,16.84,,,
3,62,thread_local,ThreadLocal,500,mixed,1,292879.3453383323,1546.0,4495.0,1670.6684333333333,868.1451260213314,0.519639390258425,0,100,900,1790571606.4675517,2387.67625,3001.41,performance,,32861568.0,31959688.0,30088192.0,0.0,0.0,19.93,18.16,16.84,,,
3,63,sharded_2key,Sharded-2key,3000,mixed,1,233472.40510587703,2555.0,82999.0,12360.59197925926,20736.125672697526,1.6775997223670345,0,100,900,1790571610.5198936,2388.61375,3008.91,performance,,32861568.0,31955696.0,30084140.0,0.0,0.0,21.13,18.44,16.94,,,
3,64,hdr_histogram,HdrHistogram,100,mixed,1,272690.1447245678,344.0,843.0,359.8461888888889,151.16268226830277,0.42007581832408364,0,100,900,1790571625.7681315,2300.0,2300.0,performance,,32861568.0,31989844.0,30117760.0,0.0,0.0,20.29,18.38,16.94,,,
3,65,disabled,Disabled,1500,mixed,1,255922.44543199296,2263.0,30192.0,5665.912951851852,7559.738985592257,1.3342490521534442,0,100,900,1790571628.4540584,2300.0,2300.0,performance,,32861568.0,32004288.0,30132164.0,0.0,0.0,18.67,18.07,16.85,,,
3,66,hdr_histogram,HdrHistogram,1500,read-heavy,1,267021.1069765308,2150.0,27689.0,5425.884499259259,7004.595174395777,1.290959137694885,0,100,900,1790571636.6846232,2554.2115,3003.089,performance,,32861568.0,31954380.0,30082068.0,0.0,0.0,19.41,18.24,16.91,,,
3,67,sharded_2key,Sharded-2key,1000,write-heavy,1,266384.26375026087,2127.0,15813.0,3646.0684966666668,3633.127671398452,0.9964507454316764,0,100,900,1790571644.877791,2387.13975,2997.118,performance,,32861568.0,31954992.0,30082552.0,0.0,0.0,18.75,18.12,16.88,,,
3,68,thread_local,ThreadLocal,2000,mixed,1,252335.17075631823,2304.0,45900.0,7644.536247777778,11460.812400302257,1.4992161759496985,0,100,900,1790571651.0105312,2387.643125,3001.145,performance,,32861568.0,31966896.0,30094400.0,0.0,0.0,18.85,18.15,16.9,,,
3,69,thread_local,ThreadLocal,100,write-heavy,1,285447.32269155694,329.0,782.0,343.8952444444445,144.00306143529394,0.41874106653590937,0,100,900,1790571661.3340771,2300.0,2300.0,performance,,32861568.0,31999172.0,30126288.0,0.0,0.0,17.8,17.95,16.85,,,
3,70,disabled,Disabled,100,read-heavy,1,286693.1133418575,327.0,792.0,342.0980666666667,148.00576558477607,0.4326413388620224,0,100,900,1790571664.0062773,2569.303625,3047.277,performance,,32861568.0,31998588.0,30125680.0,0.0,0.0,19.02,18.2,16.93,,,
3,71,hdr_histogram,HdrHistogram,1000,write-heavy,1,265139.00610299734,2149.0,15929.0,3662.974721111111,3652.9399540525596,0.9972604869477484,0,100,900,1790571666.8536308,2655.734,3048.83,performance,,32861568.0,32000796.0,30127856.0,0.0,0.0,17.5,17.89,16.84,,,
3,72,sharded_n,Sharded-N,3000,read-heavy,1,237526.38063653698,2462.0,80312.0,12126.663086296296,20765.02183650807,1.7123442523915362,0,100,900,1790571672.9925008,2387.658375,3001.267,performance,,32861568.0,31958732.0,30085760.0,0.0,0.0,16.1,17.6,16.75,,,
3,73,disabled,Disabled,3000,mixed,1,236241.82988047495,2513.0,85502.0,12218.772367777778,20745.59932003237,1.6978464526224217,0,100,900,1790571688.242701,2387.74125,3001.93,performance,,32861568.0,31974620.0,30101228.0,0.0,0.0,15.28,17.35,16.69,,,
3,74,sharded_2key,Sharded-2key,100,mixed,1,275121.0753592666,341.0,795.0,356.0338777777778,146.82238621771492,0.41238318986418376,0,100,900,1790571703.3649898,2558.28125,3015.8,performance,,32861568.0,31985004.0,30111184.0,0.0,0.0,14.7,17.14,16.63,,,
3,75,thread_local,ThreadLocal,3000,mixed,1,235792.1874333183,2526.0,74077.0,12226.297168518518,20794.618858657126,1.7008108482919237,0,100,900,1790571706.050328,2300.0,2300.0,performance,,32861568.0,31995296.0,30121448.0,0.0,0.0,14.7,17.14,16.63,,,
3,76,disabled,Disabled,250,write-heavy,1,297518.60242664925,799.0,1832.0,825.9075155555555,367.81707187670764,0.44534898272392104,0,100,900,1790571721.2223082,2560.04125,3006.28,performance,,32861568.0,31971140.0,30096956.0,0.0,0.0,18.41,17.82,16.86,,,
3,77,disabled,Disabled,250,mixed,1,310687.20231195027,769.0,1675.0,788.8046355555556,339.6222535611542,0.4305530650462748,0,100,900,1790571724.396261,2300.0,2300.0,performance,,32861568.0,31987760.0,30113600.0,0.0,0.0,19.33,18.02,16.93,,,
3,78,global_mutex,GlobalMutex,100,read-heavy,1,286475.20204761776,328.0,751.0,342.51241111111113,137.98104430623007,0.4028497649431716,0,100,900,1790571727.5362961,2481.155125,3049.316,performance,,32861568.0,31972024.0,30097852.0,0.0,0.0,17.79,17.72,16.84,,,
3,79,sharded_2key,Sharded-2key,2000,read-heavy,1,252769.8551977735,2296.0,48178.0,7634.534351111111,11675.92768644524,1.5293568866771756,0,100,900,1790571730.3808901,2386.210875,2989.687,performance,,32861568.0,31978924.0,30104724.0,0.0,0.0,17.79,17.72,16.84,,,
3,80,hdr_histogram,HdrHistogram,3000,mixed,1,228077.86862366417,2584.0,89340.0,12639.003106296297,21261.81334060433,1.6822381608572008,0,100,900,1790571740.8490133,2300.0,2300.0,performance,,32861568.0,31991044.0,30116548.0,0.0,0.0,18.19,17.81,16.88,,,
3,81,global_mutex,GlobalMutex,250,write-heavy,1,275051.23730851704,866.0,1892.0,891.3022044444444,393.6638631147342,0.4416727134205934,0,100,900,1790571756.3990085,2389.3805,3015.044,performance,,32861568.0,31986508.0,30111116.0,0.0,0.0,19.35,18.12,17.0,,,
3,82,global_mutex,GlobalMutex,1500,read-heavy,1,243672.76588624596,2364.0,29758.0,5954.244436296296,7754.269620591877,1.302309588320369,0,100,900,1790571759.6348734,2647.6305,3002.555,performance,,32861568.0,31972408.0,30097016.0,0.0,0.0,18.92,18.06,16.98,,,
3,83,hdr_histogram,HdrHistogram,750,mixed,1,267746.1404072565,2032.0,9559.0,2731.421948148148,2061.424148334934,0.7547073236826483,0,100,900,1790571768.3459744,3004.749375,3060.643,performance,,32861568.0,31943672.0,30068020.0,0.0,0.0,17.19,17.72,16.88,,,
3,84,sharded_2key,Sharded-2key,250,write-heavy,1,275397.43580091343,872.0,1961.0,892.1398755555556,391.0956465432404,0.43837929147567395,0,100,900,1790571773.5159845,2477.354125,3023.155,performance,,32861568.0,31951312.0,30075580.0,0.0,0.0,15.82,17.43,16.79,,,
3,85,thread_local,ThreadLocal,1500,mixed,1,256958.66496258433,2232.0,30313.0,5644.829855555556,7494.28007370028,1.3276361317293777,0,100,900,1790571776.7650726,2300.0,2300.0,performance,,32861568.0,31965116.0,30089416.0,0.0,0.0,15.82,17.43,16.79,,,
3,86,global_mutex,GlobalMutex,1500,write-heavy,1,254213.3549296529,2273.0,30820.0,5708.080917037037,7735.411300431059,1.355168473057732,0,100,900,1790571784.985063,2300.0,2300.0,performance,,32861568.0,31965304.0,30089268.0,0.0,0.0,14.51,17.09,16.69,,,
3,87,sharded_n,Sharded-N,1000,read-heavy,1,271134.39700745087,2108.0,14965.0,3596.3282822222222,3551.411640871585,0.9875104167846205,0,100,900,1790571793.2740238,2722.203375,3005.905,performance,,32861568.0,31967324.0,30091112.0,0.0,0.0,14.12,16.93,16.64,,,
3,88,sharded_n,Sharded-N,2000,read-heavy,1,250762.34675491395,2321.0,42800.0,7670.655987777778,11477.545117191476,1.4962925120719133,0,100,900,1790571799.4777129,2387.972,3003.776,performance,,32861568.0,31946920.0,30070624.0,0.0,0.0,14.51,16.97,16.65,,,
3,89,sharded_2key,Sharded-2key,750,mixed,1,274906.3648456084,1972.0,9473.0,2662.33616,2065.701849818789,0.7758982058143962,0,100,900,1790571810.0216768,2387.37675,2999.014,performance,,32861568.0,31975700.0,30099148.0,0.0,0.0,16.48,17.31,16.77,,,
3,90,sharded_n,Sharded-N,750,read-heavy,1,279607.5756637952,1953.0,9193.0,2622.966657777778,1990.0791927264258,0.7587131109064325,0,100,900,1790571815.1077886,2387.952125,3003.617,performance,,32861568.0,31983956.0,30107428.0,0.0,0.0,20.69,18.17,17.05,,,
3,91,thread_local,ThreadLocal,100,mixed,1,290652.95085295325,326.0,677.0,337.86544444444445,132.45067013429906,0.3920219493061477,0,100,900,1790571820.3103962,2387.493375,2999.947,performance,,32861568.0,31963920.0,30087228.0,0.0,0.0,21.35,18.35,17.12,,,
3,92,global_mutex,GlobalMutex,1500,mixed,1,260531.9643738518,2205.0,30986.0,5567.011912592593,7607.693958043118,1.366566854443853,0,100,900,1790571822.9769554,2831.122875,3132.842,performance,,32861568.0,31987664.0,30110932.0,0.0,0.0,19.64,18.05,17.02,,,
3,93,thread_local,ThreadLocal,750,write-heavy,1,273062.75520108826,2005.0,9405.0,2675.0861718518518,2039.4384127091441,0.762382324042042,0,100,900,1790571831.1352553,2300.0,2300.0,performance,,32861568.0,31982640.0,30105668.0,0.0,0.0,19.67,18.08,17.04,,,
3,94,hdr_histogram,HdrHistogram,1000,mixed,1,269926.25242285576,2129.0,16006.0,3603.939177777778,3616.893412449143,1.0035944653980962,0,100,900,1790571836.2417686,2477.608875,3019.048,performance,,32861568.0,31972400.0,30095456.0,0.0,0.0,19.94,18.16,17.07,,,
3,95,disabled,Disabled,3000,write-heavy,1,232244.89502190895,2566.0,81880.0,12423.282806296296,21004.922529352854,1.690770696993814,0,100,900,1790571842.3099463,2478.252,3071.592,performance,,32861568.0,31957812.0,30080624.0,0.0,0.0,17.68,17.74,16.95,,,
3,96,disabled,Disabled,2000,write-heavy,1,245877.9620019091,2392.0,48615.0,7843.104152777778,11955.036551167943,1.5242735935023697,0,100,900,1790571857.6614685,2387.6705,3001.364,performance,,32861568.0,31979312.0,30101712.0,0.0,0.0,15.38,17.24,16.8,,,
3,97,hdr_histogram,HdrHistogram,750,write-heavy,1,267340.31303178257,2052.0,9519.0,2745.3432755555555,2058.6894499050804,0.749884165027952,0,100,900,1790571868.189247,2736.93225,3004.842,performance,,32861568.0,31983712.0,30105892.0,0.0,0.0,14.42,16.99,16.72,,,
3,98,global_mutex,GlobalMutex,3000,mixed,1,232733.5931811314,2555.0,81231.0,12401.908681851852,20764.501814330903,1.674298879874541,0,100,900,1790571873.345002,2381.211875,2949.695,performance,,32861568.0,31998524.0,30120692.0,0.0,0.0,13.26,16.7,16.63,,,
3,99,thread_local,ThreadLocal,1000,read-heavy,1,277548.2329679732,2034.0,15570.0,3502.59586,3548.078460525167,1.0129853977858487,0,100,900,1790571888.6597066,2720.4125,3003.585,performance,,32861568.0,31992796.0,30114448.0,0.0,0.0,12.57,16.4,16.53,,,
3,100,sharded_n,Sharded-N,1000,write-heavy,1,265308.8822328819,2162.0,16043.0,3667.13783,3726.765694350014,1.0162600554203916,0,100,900,1790571894.800219,2300.0,2300.0,performance,,32861568.0,31959532.0,30081128.0,0.0,0.0,12.44,16.31,16.5,,,
3,101,global_mutex,GlobalMutex,750,mixed,1,280675.0286665777,1947.0,9163.0,2610.3903703703704,1975.5082696476995,0.7567865297355537,0,100,900,1790571900.937601,2387.412,2999.296,performance,,32861568.0,31979728.0,30101148.0,0.0,0.0,12.49,16.26,16.48,,,
3,102,sharded_n,Sharded-N,2000,write-heavy,1,245154.24172690453,2388.0,47191.0,7871.460821111111,11957.501616618758,1.519095614952305,0,100,900,1790571905.9638302,2387.164875,2997.319,performance,,32861568.0,31956280.0,30077688.0,0.0,0.0,12.37,16.17,16.45,,,
3,103,thread_local,ThreadLocal,750,mixed,1,282828.95225573843,1886.0,9644.0,2583.815962962963,2080.971005203971,0.8053866974401844,0,100,900,1790571916.512995,2300.0,2300.0,performance,,32861568.0,31973248.0,30094428.0,0.0,0.0,15.05,16.63,16.6,,,
3,104,hdr_histogram,HdrHistogram,250,read-heavy,1,308263.24832518486,773.0,1713.0,793.5541333333333,342.6078822652759,0.43173851395133883,0,100,900,1790571921.5245185,2387.29625,2998.37,performance,,32861568.0,31958628.0,30079724.0,0.0,0.0,16.89,16.98,16.72,,,
3,105,global_mutex,GlobalMutex,500,read-heavy,1,303536.01426580414,1544.0,3910.0,1616.6309533333333,761.5053338741103,0.4710446328544938,0,100,900,1790571924.8504972,2387.67025,3001.362,performance,,32861568.0,31971328.0,30092440.0,0.0,0.0,15.61,16.71,16.63,,,
3,106,thread_local,ThreadLocal,1500,read-heavy,1,257824.79857860156,2230.0,31470.0,5629.716902222222,7621.447279057907,1.3537887271115687,0,100,900,1790571929.0233727,2387.5895,3000.716,performance,,32861568.0,31973384.0,30094364.0,0.0,0.0,15.97,16.77,16.65,,,
3,107,sharded_n,Sharded-N,500,read-heavy,1,286116.13264351536,1592.0,4390.0,1711.3538711111112,868.3474121137468,0.507403773569031,0,100,900,1790571937.379897,2300.0,2300.0,performance,,32861568.0,31961132.0,30081864.0,0.0,0.0,21.32,17.95,17.04,,,
3,108,hdr_histogram,HdrHistogram,2000,read-heavy,1,251611.54524853625,2318.0,46304.0,7699.4998911111115,11840.261238868256,1.5377961434271274,0,100,900,1790571941.6544383,2387.1975,2997.58,performance,,32861568.0,31980172.0,30100880.0,0.0,0.0,21.32,17.95,17.04,,,
3,109,sharded_2key,Sharded-2key,2000,write-heavy,1,246335.1581952247,2386.0,46040.0,7835.102111666667,11918.386033558025,1.5211526108653062,0,100,900,1790571952.1725445,2475.45675,3003.813,performance,,32861568.0,31964680.0,30085032.0,0.0,0.0,17.41,17.25,16.82,,,
3,110,thread_local,ThreadLocal,250,write-heavy,1,289586.6546402144,818.0,1977.0,845.8738844444445,398.2828610510809,0.4708537151642485,0,100,900,1790571962.7145524,2387.408875,2999.271,performance,,32861568.0,31985940.0,30106064.0,0.0,0.0,16.35,17.04,16.76,,,
3,111,disabled,Disabled,750,read-heavy,1,281660.5691006295,1890.0,9462.0,2591.751734814815,2042.9400790767306,0.7882468261269254,0,100,900,1790571965.908638,2387.85025,3002.802,performance,,32861568.0,31987240.0,30107336.0,0.0,0.0,16.35,17.04,16.76,,,
3,112,thread_local,ThreadLocal,250,mixed,1,306113.7765888845,775.0,1739.0,799.5033111111111,357.3221176885929,0.446930128647002,0,100,900,1790571971.1066535,2388.621875,3008.975,performance,,32861568.0,31977180.0,30097292.0,0.0,0.0,16.32,17.02,16.75,,,
3,113,sharded_n,Sharded-N,3000,mixed,1,232173.4503850505,2561.0,84976.0,12441.577333333333,20965.548278488757,1.685119797657657,0,100,900,1790571974.2626305,2387.398125,2999.185,performance,,32861568.0,31973336.0,30093444.0,0.0,0.0,16.62,17.07,16.77,,,
3,114,global_mutex,GlobalMutex,2000,write-heavy,1,242375.22458939397,2424.0,44925.0,7964.706876666667,12072.425586509293,1.5157400985937801,0,100,900,1790571989.6208389,2387.41825,2999.346,performance,,32861568.0,31982816.0,30102328.0,0.0,0.0,19.4,17.66,16.97,,,
3,115,sharded_n,Sharded-N,1500,read-heavy,1,263529.48703286116,2166.0,29475.0,5510.656293333333,7441.127315112467,1.3503159912394778,0,100,900,1790572000.2712617,2475.164,3002.053,performance,,32861568.0,31971380.0,30090712.0,0.0,0.0,19.02,17.63,16.97,,,
3,116,hdr_histogram,HdrHistogram,1000,read-heavy,1,276490.29721002234,2067.0,15509.0,3513.748326666667,3576.1151637285298,1.0177493751013829,0,100,900,1790572008.5303123,2300.0,2300.0,performance,,32861568.0,31970052.0,30089268.0,0.0,0.0,18.45,17.58,16.96,,,
3,117,sharded_2key,Sharded-2key,1500,mixed,1,261452.93248981822,2170.0,29568.0,5546.1607207407405,7417.222886959919,1.3373616922463223,0,100,900,1790572014.697274,2388.290875,3006.327,performance,,32861568.0,31967048.0,30086084.0,0.0,0.0,17.94,17.48,16.93,,,
3,118,thread_local,ThreadLocal,750,read-heavy,1,294935.2008815516,1851.0,8799.0,2471.5804785185187,1864.132168144093,0.754226772846768,0,100,900,1790572022.844002,2300.0,2300.0,performance,,32861568.0,31976496.0,30095356.0,0.0,0.0,16.51,17.2,16.85,,,
3,119,hdr_histogram,HdrHistogram,100,read-heavy,1,282596.3180017054,330.0,796.0,347.8913777777778,156.47286068784027,0.44977504670377394,0,100,900,1790572027.9280949,2300.0,2300.0,performance,,32861568.0,31967700.0,30086508.0,0.0,0.0,15.18,16.92,16.76,,,
3,120,global_mutex,GlobalMutex,750,read-heavy,1,280637.572810119,1941.0,9161.0,2605.9017437037037,1975.9332230373307,0.7582531566324467,0,100,900,1790572030.7747421,2387.457375,2999.659,performance,,32861568.0,31978540.0,30097308.0,0.0,0.0,15.18,16.92,16.76,,,
3,121,thread_local,ThreadLocal,2000,read-heavy,1,254339.39207383935,2280.0,48921.0,7584.67097,11628.54166858411,1.5331636289272164,0,100,900,1790572035.972491,2733.43875,3035.397,performance,,32861568.0,31963236.0,30081940.0,0.0,0.0,15.49,16.95,16.77,,,
3,122,sharded_n,Sharded-N,250,read-heavy,1,306258.3864520469,777.0,1713.0,799.7012977777778,346.66044913839187,0.4334874159910672,0,100,900,1790572046.3909261,2300.0,2300.0,performance,,32861568.0,31978392.0,30096788.0,0.0,0.0,15.8,16.97,16.78,,,
3,123,hdr_histogram,HdrHistogram,3000,write-heavy,1,229117.505770269,2599.0,86618.0,12597.217177777778,21289.92668061766,1.690049983275221,0,100,900,1790572049.7288835,2476.88975,3011.205,performance,,32861568.0,31983192.0,30101588.0,0.0,0.0,16.86,17.17,16.84,,,
3,124,hdr_histogram,HdrHistogram,1500,write-heavy,1,252508.64269000114,2314.0,31002.0,5755.6110407407405,7646.057470107921,1.328452776948576,0,100,900,1790572065.2511494,2300.0,2300.0,performance,,32861568.0,31961932.0,30079848.0,0.0,0.0,17.73,17.38,16.92,,,
3,125,sharded_n,Sharded-N,250,mixed,1,300037.5430976927,789.0,1797.0,819.4193333333334,368.7138888854473,0.4499697211018298,0,100,900,1790572073.5850976,2300.0,2300.0,performance,,32861568.0,31946300.0,30064092.0,0.0,0.0,20.31,17.98,17.12,,,
3,126,hdr_histogram,HdrHistogram,500,mixed,1,285705.0774849884,1601.0,4400.0,1717.44962,870.221890212132,0.5066942750915349,0,100,900,1790572076.7539113,2300.0,2300.0,performance,,32861568.0,31982100.0,30099928.0,0.0,0.0,20.31,17.98,17.12,,,
3,127,disabled,Disabled,2000,read-heavy,1,256585.05124826045,2238.0,45450.0,7496.71214,11425.06534933362,1.5240101441768337,0,100,900,1790572080.8630064,2300.0,2300.0,performance,,32861568.0,31981996.0,30099776.0,0.0,0.0,18.68,17.69,17.03,,,
3,128,global_mutex,GlobalMutex,100,write-heavy,1,279784.43753095716,335.0,809.0,350.7919888888889,146.70352206434012,0.41820659168703966,0,100,900,1790572091.2158835,2300.0,2300.0,performance,,32861568.0,31971328.0,30088696.0,0.0,0.0,17.92,17.56,17.0,,,
3,129,global_mutex,GlobalMutex,1000,write-heavy,1,262835.0576633132,2158.0,16072.0,3700.9189733333333,3668.7392933982023,0.9913049488067697,0,100,900,1790572093.8956976,2387.56625,3000.53,performance,,32861568.0,31982424.0,30099816.0,0.0,0.0,16.49,17.27,16.91,,,
3,130,sharded_2key,Sharded-2key,750,write-heavy,1,276922.2306487401,1966.0,9342.0,2643.56501037037,2003.7133965798075,0.7579588127091613,0,100,900,1790572100.0436413,2662.00675,3073.892,performance,,32861568.0,31971892.0,30089196.0,0.0,0.0,16.37,17.23,16.89,,,
3,131,global_mutex,GlobalMutex,250,read-heavy,1,302585.56541515305,785.0,1735.0,808.8954088888889,354.562834039392,0.43832964082022036,0,100,900,1790572105.109329,2553.9415,3002.266,performance,,32861568.0,31972640.0,30089896.0,0.0,0.0,16.9,17.33,16.93,,,
3,132,thread_local,ThreadLocal,3000,read-heavy,1,238491.98707665803,2478.0,87400.0,12092.857457777778,20698.974144559073,1.711669406244931,0,100,900,1790572108.4438915,2474.02475,3012.78,performance,,32861568.0,31974280.0,30091508.0,0.0,0.0,15.54,17.04,16.84,,,
3,133,sharded_2key,Sharded-2key,500,read-heavy,1,295931.2440870718,1509.0,4710.0,1656.9645777777778,897.2799410795385,0.5415202914493905,0,100,900,1790572123.6195471,2563.2275,3006.277,performance,,32861568.0,31990468.0,30107172.0,0.0,0.0,14.25,16.71,16.73,,,
3,134,disabled,Disabled,100,mixed,1,279821.45637535455,333.0,897.0,351.3620666666667,156.85941669647474,0.4464324170920976,0,100,900,1790572127.830778,2387.444,2999.552,performance,,32861568.0,31956788.0,30073564.0,0.0,0.0,13.11,16.43,16.64,,,
3,135,disabled,Disabled,500,write-heavy,1,290903.10143167514,1587.0,4218.0,1689.9263688888889,834.7453757086688,0.4939536958983049,0,100,900,1790572130.505494,2387.244625,2997.957,performance,,32861568.0,31976976.0,30093720.0,0.0,0.0,13.11,16.43,16.64,,,
3,136,disabled,Disabled,100,write-heavy,1,277034.8506825557,337.0,878.0,354.9221111111111,154.16870326539242,0.43437334118957927,0,100,900,1790572134.5587113,2387.229375,2997.835,performance,,32861568.0,31945936.0,30062640.0,0.0,0.0,12.62,16.27,16.59,,,
3,137,hdr_histogram,HdrHistogram,250,mixed,1,302951.09672107466,784.0,1702.0,806.6499377777777,351.8151980270508,0.43614358788182495,0,100,900,1790572137.2397964,2387.2635,2998.108,performance,,32861568.0,31976792.0,30093516.0,0.0,0.0,11.61,16.0,16.5,,,
3,138,global_mutex,GlobalMutex,1000,mixed,1,266664.53248127794,2148.0,15031.0,3644.352587777778,3566.460510244954,0.9786266351411623,0,100,900,1790572140.3998358,2387.539625,3000.317,performance,,32861568.0,31975020.0,30091696.0,0.0,0.0,11.61,16.0,16.5,,,
3,139,sharded_2key,Sharded-2key,750,read-heavy,1,286877.04592102836,1891.0,8862.0,2552.5984014814817,1909.4601863913679,0.7480456719251849,0,100,900,1790572146.5211327,2300.0,2300.0,performance,,32861568.0,31954524.0,30070896.0,0.0,0.0,11.88,15.98,16.49,,,
3,140,disabled,Disabled,750,write-heavy,1,274804.786476001,2002.0,9398.0,2661.236277037037,1996.263721782458,0.7501264502545618,0,100,900,1790572151.6739664,2469.500375,3000.001,performance,,32861568.0,31975780.0,30092056.0,0.0,0.0,11.01,15.73,16.41,,,
3,141,sharded_n,Sharded-N,1500,write-heavy,1,259688.8402506781,2249.0,30419.0,5587.611937037037,7469.499246805678,1.3367963507441707,0,100,900,1790572156.7599065,2300.0,2300.0,performance,,32861568.0,31963824.0,30080020.0,0.0,0.0,10.13,15.47,16.32,,,
3,142,sharded_n,Sharded-N,500,write-heavy,1,286859.46914865234,1584.0,4643.0,1708.4237955555554,882.1168907816381,0.5163337651210752,0,100,900,1790572164.9445906,2387.69175,3001.534,performance,,32861568.0,31972788.0,30088784.0,0.0,0.0,10.17,15.3,16.25,,,
3,143,sharded_2key,Sharded-2key,500,write-heavy,1,296448.2919477168,1524.0,4297.0,1654.6208888888889,859.7707176778526,0.5196179520344422,0,100,900,1790572169.0336108,2387.648625,3001.189,performance,,32861568.0,31971904.0,30087852.0,0.0,0.0,10.0,15.17,16.21,,,
3,144,thread_local,ThreadLocal,1000,write-heavy,1,261790.84811197474,2191.0,16542.0,3714.767572222222,3792.508986380937,1.0209276657683886,0,100,900,1790572173.0738785,2386.915,2995.32,performance,,32861568.0,31954612.0,30070528.0,0.0,0.0,9.2,14.92,16.12,,,
4,1,sharded_n,Sharded-N,500,read-heavy,1,284085.9176798138,1605.0,4395.0,1726.5259777777778,871.3948022353106,0.5047099281743147,0,100,900,1790572179.2588596,2478.53775,3026.14,performance,,32861568.0,31940888.0,30056524.0,0.0,0.0,9.58,14.91,16.11,,,
4,2,thread_local,ThreadLocal,100,read-heavy,1,279040.0455671154,332.0,900.0,351.02762222222225,153.92744383814912,0.4385052175201856,0,100,900,1790572183.5512867,2644.811875,2993.39,performance,,32861568.0,31987368.0,30102980.0,0.0,0.0,8.81,14.66,16.02,,,
4,3,hdr_histogram,HdrHistogram,100,read-heavy,1,285232.54243810993,329.0,785.0,344.0235777777778,146.97179754698524,0.4272143162289933,0,100,900,1790572186.448014,2300.0,2300.0,performance,,32861568.0,31992780.0,30108400.0,0.0,0.0,8.81,14.66,16.02,,,
4,4,sharded_n,Sharded-N,750,mixed,1,275174.3648885768,1997.0,9249.0,2662.931317037037,1995.5984483086297,0.7493991435457192,0,100,900,1790572189.297917,2300.0,2300.0,performance,,32861568.0,32010208.0,30125796.0,0.0,0.0,8.99,14.6,15.99,,,
4,5,global_mutex,GlobalMutex,100,read-heavy,1,280984.70302417653,333.0,816.0,349.6577888888889,153.36926352112079,0.43862676134995837,0,100,900,1790572194.3772528,2650.501875,3010.058,performance,,32861568.0,31948456.0,30063912.0,0.0,0.0,9.15,14.54,15.97,,,
4,6,thread_local,ThreadLocal,1500,write-heavy,1,252594.14774442196,2323.0,31413.0,5738.9155785185185,7664.493369317681,1.3355299035948258,0,100,900,1790572197.227905,2300.0,2300.0,performance,,32861568.0,31972136.0,30087552.0,0.0,0.0,8.42,14.3,15.88,,,
4,7,sharded_2key,Sharded-2key,100,read-heavy,1,283794.50329021574,330.0,800.0,346.74025555555556,148.57240115746507,0.4284832775456625,0,100,900,1790572205.5276167,2387.626875,3001.015,performance,,32861568.0,31946212.0,30061360.0,0.0,0.0,9.02,14.32,15.88,,,
4,8,sharded_2key,Sharded-2key,250,read-heavy,1,315381.4166083807,761.0,1591.0,778.80208,321.26822209968896,0.41251587579181725,0,100,900,1790572208.3764126,2563.193625,3003.368,performance,,32861568.0,31977256.0,30092380.0,0.0,0.0,8.3,14.09,15.8,,,
4,9,hdr_histogram,HdrHistogram,2000,write-heavy,1,244171.4609530679,2418.0,48221.0,7896.163090555556,11981.476421182533,1.5173795530532215,0,100,900,1790572211.6767683,2563.275,3004.821,performance,,32861568.0,31994004.0,30109092.0,0.0,0.0,8.3,14.09,15.8,,,
4,10,sharded_n,Sharded-N,1500,mixed,1,253706.01312376553,2281.0,30085.0,5717.573113333333,7555.492935752065,1.321451039800911,0,100,900,1790572222.256903,2389.01125,3012.09,performance,,32861568.0,31950988.0,30065796.0,0.0,0.0,7.64,13.66,15.63,,,
4,11,sharded_2key,Sharded-2key,3000,read-heavy,1,237348.04232552004,2509.0,84699.0,12161.325634814815,20553.227612072475,1.6900482915475723,0,100,900,1790572230.550193,2300.0,2300.0,performance,,32861568.0,31986116.0,30100736.0,0.0,0.0,8.39,13.71,15.64,,,
4,12,sharded_n,Sharded-N,1000,write-heavy,1,259365.37744003037,2192.0,16061.0,3749.36558,3767.505436792291,1.0048381136502276,0,100,900,1790572245.7600524,2562.732125,3002.272,performance,,32861568.0,32008156.0,30122408.0,0.0,0.0,16.15,15.1,16.06,,,
4,13,thread_local,ThreadLocal,1000,mixed,1,271564.0091201417,2107.0,15551.0,3579.2701255555558,3590.118151113082,1.0030307926412352,0,100,900,1790572251.9809313,2300.0,2300.0,performance,,32861568.0,31953968.0,30068124.0,0.0,0.0,15.51,15.01,16.02,,,
4,14,sharded_n,Sharded-N,3000,mixed,1,232701.406475087,2564.0,87605.0,12410.03173111111,21127.396242833303,1.7024449816569243,0,100,900,1790572258.0145884,2387.610375,3000.883,performance,,32861568.0,31990272.0,30104284.0,0.0,0.0,14.26,14.76,15.93,,,
4,15,hdr_histogram,HdrHistogram,750,read-heavy,1,275708.7140181232,2016.0,9048.0,2660.6563466666666,1950.912906118095,0.7332449786543253,0,100,900,1790572273.3287327,2387.22425,2997.794,performance,,32861568.0,31986528.0,30100148.0,0.0,0.0,14.4,14.8,15.93,,,
4,16,sharded_2key,Sharded-2key,1500,mixed,1,255184.18765388348,2260.0,31297.0,5702.18956962963,7689.627441813683,1.3485394247096456,0,100,900,1790572278.5589128,2388.109625,3004.877,performance,,32861568.0,31971144.0,30084776.0,0.0,0.0,13.25,14.55,15.84,,,
4,17,sharded_2key,Sharded-2key,500,write-heavy,1,284048.90984146146,1618.0,4335.0,1727.1922955555556,859.1001921134555,0.4973969570870068,0,100,900,1790572286.7966347,2387.51775,3000.142,performance,,32861568.0,31972172.0,30085500.0,0.0,0.0,13.63,14.61,15.85,,,
4,18,thread_local,ThreadLocal,500,mixed,1,294548.8941696211,1565.0,4204.0,1663.7616377777779,831.143826376392,0.4995570323922835,0,100,900,1790572290.9101498,2300.0,2300.0,performance,,32861568.0,31979188.0,30092608.0,0.0,0.0,12.54,14.37,15.77,,,
4,19,disabled,Disabled,500,mixed,1,287360.64087318274,1568.0,4579.0,1707.3572466666667,892.2044183237484,0.5225645775455783,0,100,900,1790572294.9571943,2394.094375,3052.755,performance,,32861568.0,31975880.0,30089192.0,0.0,0.0,12.41,14.31,15.74,,,
4,20,disabled,Disabled,100,write-heavy,1,287658.1865928196,327.0,739.0,340.8485777777778,142.0275256669147,0.41668803957724604,0,100,900,1790572299.0382323,2300.0,2300.0,performance,,32861568.0,31957460.0,30070684.0,0.0,0.0,13.1,14.42,15.77,,,
4,21,global_mutex,GlobalMutex,3000,write-heavy,1,227884.83766704067,2618.0,87005.0,12675.997725925927,21303.578176076353,1.680623382607953,0,100,900,1790572301.7094443,2720.112375,2999.198,performance,,32861568.0,31985572.0,30098760.0,0.0,0.0,13.1,14.42,15.77,,,
4,22,hdr_histogram,HdrHistogram,500,read-heavy,1,303971.1280603026,1514.0,3995.0,1612.78168,786.5409777586337,0.4876921579110656,0,100,900,1790572317.3001525,2300.0,2300.0,performance,,32861568.0,31984320.0,30097032.0,0.0,0.0,12.22,14.14,15.65,,,
4,23,sharded_2key,Sharded-2key,1500,read-heavy,1,260106.52761486275,2217.0,29958.0,5575.819208888889,7499.540101563102,1.3450113464237587,0,100,900,1790572321.4716187,2749.0235,3068.602,performance,,32861568.0,31954324.0,30067064.0,0.0,0.0,12.22,14.14,15.65,,,
4,24,global_mutex,GlobalMutex,100,write-heavy,1,272698.11634048837,344.0,813.0,360.12466666666666,149.76356293114515,0.4158658842154989,0,100,900,1790572329.7856834,2388.041625,3004.333,performance,,32861568.0,31951800.0,30064236.0,0.0,0.0,20.61,15.9,16.21,,,
4,25,thread_local,ThreadLocal,1000,read-heavy,1,277063.39776950906,2044.0,15261.0,3515.3545222222224,3499.6831176193286,0.9955420130448217,0,100,900,1790572332.4745822,2561.091875,3003.41,performance,,32861568.0,31971968.0,30084404.0,0.0,0.0,18.96,15.64,16.12,,,
4,26,sharded_n,Sharded-N,1000,read-heavy,1,274234.6612985821,2062.0,15137.0,3548.57736,3508.521866222876,0.9887122388175512,0,100,900,1790572338.6243954,2564.249125,3026.112,performance,,32861568.0,31964372.0,30076728.0,0.0,0.0,17.44,15.38,16.03,,,
4,27,global_mutex,GlobalMutex,250,read-heavy,1,311509.79300466384,770.0,1630.0,788.4819244444444,331.6756446973985,0.42065091717998926,0,100,900,1790572344.8083942,2300.0,2300.0,performance,,32861568.0,31985176.0,30097452.0,0.0,0.0,16.84,15.29,16.0,,,
4,28,hdr_histogram,HdrHistogram,2000,mixed,1,247859.39572102396,2364.0,47978.0,7794.543493333334,11878.96574195875,1.5240104506593386,0,100,900,1790572348.126747,2387.25075,2998.006,performance,,32861568.0,31984564.0,30096812.0,0.0,0.0,15.49,15.04,15.91,,,
4,29,sharded_n,Sharded-N,500,mixed,1,284978.292092076,1586.0,4585.0,1720.9456355555556,905.3484920821262,0.5260761719470944,0,100,900,1790572358.5839043,2300.0,2300.0,performance,,32861568.0,31968764.0,30080644.0,0.0,0.0,14.0,14.74,15.81,,,
4,30,global_mutex,GlobalMutex,1000,write-heavy,1,264743.26207703917,2178.0,16041.0,3677.251922222222,3698.0478999493,1.0056553040604599,0,100,900,1790572362.6912584,2300.0,2300.0,performance,,32861568.0,31975580.0,30087464.0,0.0,0.0,12.87,14.49,15.72,,,
4,31,thread_local,ThreadLocal,250,write-heavy,1,303318.4363448758,789.0,1665.0,809.36132,338.42062497750936,0.4181329359519051,0,100,900,1790572368.8315568,2387.553625,3000.429,performance,,32861568.0,31971856.0,30083624.0,0.0,0.0,11.84,14.25,15.64,,,
4,32,hdr_histogram,HdrHistogram,250,read-heavy,1,299558.3300000147,795.0,1804.0,815.9368577777777,362.64919248573943,0.4444574221998288,0,100,900,1790572371.9930873,2300.0,2300.0,performance,,32861568.0,31986148.0,30097920.0,0.0,0.0,10.89,14.01,15.55,,,
4,33,sharded_n,Sharded-N,250,write-heavy,1,289116.8533159027,825.0,1897.0,850.3920177777778,370.1502249246784,0.4352701074169832,0,100,900,1790572375.3464556,2300.0,2300.0,performance,,32861568.0,31983516.0,30095244.0,0.0,0.0,10.89,14.01,15.55,,,
4,34,sharded_2key,Sharded-2key,100,write-heavy,1,282803.93604381446,333.0,731.0,346.17974444444445,136.84962530270147,0.39531378568182907,0,100,900,1790572378.548531,2739.125625,3036.457,performance,,32861568.0,31978292.0,30089996.0,0.0,0.0,10.02,13.78,15.47,,,
4,35,disabled,Disabled,750,read-heavy,1,285937.115631018,1866.0,8976.0,2558.6497407407405,1952.9147037734576,0.7632598837885799,0,100,900,1790572381.2222588,2300.0,2300.0,performance,,32861568.0,31997808.0,30109488.0,0.0,0.0,10.02,13.78,15.47,,,
4,36,thread_local,ThreadLocal,250,read-heavy,1,302928.629574616,789.0,1721.0,808.9399511111111,350.878207101337,0.4337506221807835,0,100,900,1790572386.3793912,2387.466375,2999.731,performance,,32861568.0,31987200.0,30098692.0,0.0,0.0,10.74,13.87,15.49,,,
4,37,hdr_histogram,HdrHistogram,500,write-heavy,1,283433.66435756744,1575.0,4981.0,1728.1029822222222,935.6375061780092,0.5414246233027405,0,100,900,1790572389.71042,2387.28425,2998.274,performance,,32861568.0,31980616.0,30092140.0,0.0,0.0,10.68,13.8,15.46,,,
4,38,thread_local,ThreadLocal,750,mixed,1,280220.14717473486,1947.0,9006.0,2616.348025185185,1958.1566120868983,0.748431245857783,0,100,900,1790572393.8288727,2387.80175,3002.414,performance,,32861568.0,31957628.0,30069068.0,0.0,0.0,9.83,13.57,15.37,,,
4,39,sharded_n,Sharded-N,100,mixed,1,285112.246315439,330.0,728.0,343.60723333333334,140.73310101421032,0.4095754901576392,0,100,900,1790572398.859858,2388.055,3004.44,performance,,32861568.0,31964812.0,30076064.0,0.0,0.0,9.04,13.35,15.29,,,
4,40,disabled,Disabled,100,read-heavy,1,298796.13642253395,315.0,679.0,327.52636666666666,135.41238758148307,0.4134396536059532,0,100,900,1790572401.5313947,2570.662625,3062.145,performance,,32861568.0,31975940.0,30087164.0,0.0,0.0,9.04,13.35,15.29,,,
4,41,hdr_histogram,HdrHistogram,100,mixed,1,282645.28995633434,333.0,755.0,346.9472666666667,140.4430111376528,0.4047964190263673,0,100,900,1790572404.3580718,2300.0,2300.0,performance,,32861568.0,31985316.0,30096512.0,0.0,0.0,8.39,13.14,15.21,,,
4,42,sharded_n,Sharded-N,100,read-heavy,1,278794.62006056594,336.0,780.0,351.66578888888887,153.0351946460613,0.4351722558216028,0,100,900,1790572407.0309255,2300.0,2300.0,performance,,32861568.0,31990356.0,30101520.0,0.0,0.0,7.72,12.92,15.13,,,
4,43,sharded_2key,Sharded-2key,500,mixed,1,281573.80301010015,1594.0,4698.0,1737.6949733333333,923.5265968410899,0.5314664604625834,0,100,900,1790572409.889364,2300.0,2300.0,performance,,32861568.0,31991072.0,30102200.0,0.0,0.0,7.72,12.92,15.13,,,
4,44,sharded_2key,Sharded-2key,750,mixed,1,274992.1470492567,1968.0,9542.0,2663.8504059259258,2036.5655010843093,0.7645194702201834,0,100,900,1790572414.0094848,2387.516125,3000.129,performance,,32861568.0,31978044.0,30089168.0,0.0,0.0,7.58,12.81,15.08,,,
4,45,thread_local,ThreadLocal,1000,write-heavy,1,267986.2326229754,2107.0,15801.0,3622.7572944444446,3596.802632629778,0.9928356608778435,0,100,900,1790572419.0961168,2300.0,2300.0,performance,,32861568.0,31960760.0,30071692.0,0.0,0.0,8.58,12.93,15.11,,,
4,46,hdr_histogram,HdrHistogram,750,mixed,1,272120.17108631355,2019.0,9359.0,2702.1937792592594,2010.5611340240705,0.7440477250211185,0,100,900,1790572425.1811233,2387.912125,3003.297,performance,,32861568.0,31964224.0,30075088.0,0.0,0.0,8.77,12.9,15.09,,,
4,47,global_mutex,GlobalMutex,250,write-heavy,1,296277.25691014325,803.0,1845.0,826.5284755555556,376.0192043204282,0.45493799117772055,0,100,900,1790572430.2931223,2300.0,2300.0,performance,,32861568.0,31953464.0,30064220.0,0.0,0.0,9.11,12.9,15.08,,,
4,48,thread_local,ThreadLocal,1500,mixed,1,259984.15273722482,2223.0,29676.0,5577.119056296297,7452.2417558367715,1.3362170828007611,0,100,900,1790572433.474799,2636.092625,2999.475,performance,,32861568.0,31968032.0,30078764.0,0.0,0.0,8.38,12.68,15.0,,,
4,49,sharded_n,Sharded-N,2000,write-heavy,1,242404.13019436895,2423.0,45723.0,7961.985773888889,12139.839846152945,1.5247251365312926,0,100,900,1790572441.626428,2387.199375,2997.595,performance,,32861568.0,31934844.0,30045284.0,0.0,0.0,9.55,12.86,15.04,,,
4,50,sharded_2key,Sharded-2key,2000,mixed,1,248395.11642731668,2343.0,46492.0,7763.6327,11853.375598338487,1.5267821207382064,0,100,900,1790572452.2799067,2387.02975,2996.238,performance,,32861568.0,31961712.0,30071856.0,0.0,0.0,12.58,13.42,15.19,,,
4,51,sharded_2key,Sharded-2key,1500,write-heavy,1,255562.6547853198,2252.0,31972.0,5669.372285185185,7691.119112174725,1.356608584740965,0,100,900,1790572462.7199082,2742.891625,3069.927,performance,,32861568.0,31971792.0,30081676.0,0.0,0.0,11.68,13.21,15.1,,,
4,52,disabled,Disabled,1500,write-heavy,1,253339.20580368096,2317.0,30860.0,5726.211922222222,7685.919584561775,1.3422345678011567,0,100,900,1790572470.9763215,2670.628875,3064.608,performance,,32861568.0,31957052.0,30066752.0,0.0,0.0,11.62,13.17,15.08,,,
4,53,global_mutex,GlobalMutex,3000,read-heavy,1,237379.01188165363,2505.0,89285.0,12176.075534074074,20792.903992188418,1.7076852007036771,0,100,900,1790572479.2850928,2300.0,2300.0,performance,,32861568.0,31972928.0,30082444.0,0.0,0.0,14.86,13.82,15.27,,,
4,54,sharded_n,Sharded-N,3000,read-heavy,1,235239.62231290631,2515.0,84756.0,12292.434072592592,20616.64824940251,1.6771819256992984,0,100,900,1790572494.5118594,2475.28375,3005.156,performance,,32861568.0,31995732.0,30104848.0,0.0,0.0,24.81,16.09,16.0,,,
4,55,disabled,Disabled,3000,mixed,1,235316.18150744267,2521.0,86208.0,12240.978207407408,20712.864461975158,1.692092258561586,0,100,900,1790572509.8597736,2468.271125,2997.433,performance,,32861568.0,31994528.0,30103360.0,0.0,0.0,28.26,17.33,16.41,,,
4,56,disabled,Disabled,2000,read-heavy,1,255658.83528777485,2258.0,45590.0,7549.2902511111115,11544.156389251559,1.529171088308928,0,100,900,1790572525.0173903,2387.520125,3000.161,performance,,32861568.0,31983360.0,30091808.0,0.0,0.0,26.67,17.49,16.47,,,
4,57,sharded_n,Sharded-N,2000,read-heavy,1,252043.2523712871,2293.0,44932.0,7653.209082777777,11626.964408049003,1.5192273309523812,0,100,900,1790572535.401346,2387.218,2997.744,performance,,32861568.0,31972932.0,30081116.0,0.0,0.0,25.45,17.52,16.49,,,
4,58,global_mutex,GlobalMutex,1500,mixed,1,250989.9373599561,2330.0,31305.0,5780.120734074074,7837.228080711481,1.3558934910322316,0,100,900,1790572545.907795,2386.7405,2993.924,performance,,32861568.0,31981384.0,30089340.0,0.0,0.0,24.34,17.55,16.51,,,
4,59,global_mutex,GlobalMutex,3000,mixed,1,230166.87551818567,2597.0,86237.0,12545.770235555556,20913.475758405286,1.6669742363952347,0,100,900,1790572554.2496674,2387.36825,2998.946,performance,,32861568.0,31960652.0,30068460.0,0.0,0.0,22.45,17.37,16.46,,,
4,60,hdr_histogram,HdrHistogram,500,mixed,1,277908.1853360054,1630.0,4661.0,1761.3384933333334,919.7884234428169,0.5222099141784593,0,100,900,1790572569.6878483,2387.04325,2996.346,performance,,32861568.0,31981784.0,30089232.0,0.0,0.0,21.91,17.51,16.53,,,
4,61,sharded_n,Sharded-N,500,write-heavy,1,275949.4968710326,1664.0,4537.0,1776.1625288888888,893.2085752169934,0.5028867351321483,0,100,900,1790572573.846185,2300.0,2300.0,performance,,32861568.0,31986904.0,30094360.0,0.0,0.0,20.15,17.22,16.44,,,
4,62,thread_local,ThreadLocal,100,write-heavy,1,278824.9902250929,338.0,792.0,352.42324444444444,143.01054218280453,0.4057920254614435,0,100,900,1790572578.0035243,2387.530375,3000.243,performance,,32861568.0,31998060.0,30105508.0,0.0,0.0,18.54,16.93,16.35,,,
4,63,sharded_2key,Sharded-2key,1000,read-heavy,1,270954.25947295746,2122.0,16185.0,3585.8194144444446,3643.680243142849,1.0161360130031447,0,100,900,1790572580.684424,2387.329125,2998.633,performance,,32861568.0,31992464.0,30099884.0,0.0,0.0,18.54,16.93,16.35,,,
4,64,global_mutex,GlobalMutex,500,mixed,1,282688.6248502726,1607.0,4436.0,1733.7035244444444,887.3586608398974,0.5118283768409865,0,100,900,1790572586.9206753,2387.78275,3002.262,performance,,32861568.0,31963320.0,30070508.0,0.0,0.0,18.17,16.89,16.34,,,
4,65,disabled,Disabled,250,read-heavy,1,301079.98474415677,797.0,1788.0,816.4709066666667,358.6621097112305,0.4392833924426144,0,100,900,1790572591.041039,2300.0,2300.0,performance,,32861568.0,31959216.0,30066316.0,0.0,0.0,16.72,16.6,16.25,,,
4,66,sharded_2key,Sharded-2key,3000,write-heavy,1,229809.20556284572,2602.0,90078.0,12567.832929259259,21267.254286266543,1.6921974063447407,0,100,900,1790572594.3764498,2387.616,3000.928,performance,,32861568.0,31963872.0,30071012.0,0.0,0.0,17.22,16.71,16.28,,,
4,67,hdr_histogram,HdrHistogram,1500,mixed,1,254527.35460306998,2238.0,29916.0,5688.048734814814,7535.272037931166,1.3247551821787427,0,100,900,1790572609.840619,2387.48775,2999.902,performance,,32861568.0,31970716.0,30077292.0,0.0,0.0,17.28,16.76,16.31,,,
4,68,hdr_histogram,HdrHistogram,1000,read-heavy,1,269071.11895250925,2109.0,16185.0,3613.9213811111113,3710.038235221863,1.0265962770006913,0,100,900,1790572618.1153183,2300.0,2300.0,performance,,32861568.0,31954616.0,30061112.0,0.0,0.0,16.02,16.52,16.23,,,
4,69,global_mutex,GlobalMutex,1500,read-heavy,1,259363.96437071037,2240.0,29737.0,5592.617554074074,7511.963363100079,1.343192751957053,0,100,900,1790572624.3719091,2387.32075,2998.566,performance,,32861568.0,31981540.0,30087924.0,0.0,0.0,16.42,16.59,16.26,,,
4,70,global_mutex,GlobalMutex,750,read-heavy,1,277086.00485804916,1987.0,9132.0,2639.8960074074075,1978.135907193624,0.7493234209389612,0,100,900,1790572632.700785,2827.65375,3040.952,performance,,32861568.0,31980632.0,30086732.0,0.0,0.0,14.04,16.08,16.09,,,
4,71,sharded_n,Sharded-N,1500,read-heavy,1,259353.18278701397,2247.0,29996.0,5595.894483703703,7566.224883944556,1.352102850755822,0,100,900,1790572637.9280856,2300.0,2300.0,performance,,32861568.0,31964852.0,30070988.0,0.0,0.0,12.92,15.81,16.01,,,
4,72,sharded_2key,Sharded-2key,250,write-heavy,1,287833.2575031286,820.0,1858.0,848.0734755555555,381.71201305791635,0.4500930922381043,0,100,900,1790572646.2632215,2387.8135,3002.508,performance,,32861568.0,31979200.0,30085072.0,0.0,0.0,13.33,15.85,16.02,,,
4,73,hdr_histogram,HdrHistogram,2000,read-heavy,1,243804.17708743058,2391.0,42193.0,7909.781698333333,11949.927589018605,1.5107784316647537,0,100,900,1790572649.468988,2300.0,2300.0,performance,,32861568.0,31982464.0,30088336.0,0.0,0.0,13.3,15.8,16.0,,,
4,74,global_mutex,GlobalMutex,750,write-heavy,1,266170.5694156431,2058.0,9927.0,2751.72488,2089.027306281,0.7591701196091232,0,100,900,1790572660.225289,2655.840375,3080.571,performance,,32861568.0,31967196.0,30072744.0,0.0,0.0,18.83,16.87,16.35,,,
4,75,thread_local,ThreadLocal,3000,read-heavy,1,237313.85239411815,2466.0,80846.0,12175.34624,20438.164120352554,1.6786515732264344,0,100,900,1790572665.3944256,2564.63275,3010.647,performance,,32861568.0,31957608.0,30063140.0,0.0,0.0,21.49,17.45,16.54,,,
4,76,disabled,Disabled,100,mixed,1,279596.6150281646,337.0,794.0,351.84034444444444,146.84736834394943,0.4173693286249514,0,100,900,1790572680.6173153,2391.723875,3033.791,performance,,32861568.0,31985940.0,30090960.0,0.0,0.0,19.64,17.25,16.49,,,
4,77,hdr_histogram,HdrHistogram,1500,write-heavy,1,252607.65105250018,2299.0,29628.0,5759.5891622222225,7665.944873214019,1.3309881412194802,0,100,900,1790572683.2929823,2300.0,2300.0,performance,,32861568.0,31980152.0,30085148.0,0.0,0.0,18.07,16.96,16.4,,,
4,78,global_mutex,GlobalMutex,1500,write-heavy,1,243521.67649442435,2402.0,31016.0,5979.5199859259255,7878.080089782341,1.3175104537362667,0,100,900,1790572691.6176193,2396.78325,3074.266,performance,,32861568.0,31951968.0,30056948.0,0.0,0.0,17.58,16.88,16.37,,,
4,79,sharded_2key,Sharded-2key,100,mixed,1,279047.8745137335,336.0,829.0,351.54046666666665,148.1099940806265,0.4213170548614693,0,100,900,1790572700.1472592,2300.0,2300.0,performance,,32861568.0,31978916.0,30083620.0,0.0,0.0,18.79,17.17,16.48,,,
4,80,thread_local,ThreadLocal,2000,mixed,1,245237.27294454354,2381.0,41023.0,7879.045797222222,11815.412625474843,1.4995994349519324,0,100,900,1790572702.8237827,2395.08225,3060.658,performance,,32861568.0,31994640.0,30099332.0,0.0,0.0,17.37,16.91,16.39,,,
4,81,global_mutex,GlobalMutex,2000,write-heavy,1,239261.0597945371,2470.0,48361.0,8074.656342777777,12262.878065903145,1.5186873032524093,0,100,900,1790572713.365407,2300.0,2300.0,performance,,32861568.0,31978588.0,30083024.0,0.0,0.0,15.8,16.59,16.3,,,
4,82,disabled,Disabled,1000,mixed,1,271500.14923231956,2089.0,15318.0,3588.2508222222223,3545.804241616409,0.9881706762685207,0,100,900,1790572724.1170256,2723.42975,3051.466,performance,,32861568.0,31972792.0,30077008.0,0.0,0.0,19.91,17.46,16.58,,,
4,83,sharded_2key,Sharded-2key,2000,write-heavy,1,244464.61697953308,2403.0,48573.0,7897.276319444444,11955.179946173312,1.5138358419519418,0,100,900,1790572730.1592305,2395.0505,3060.404,performance,,32861568.0,31952200.0,30056404.0,0.0,0.0,19.44,17.4,16.57,,,
4,84,disabled,Disabled,3000,read-heavy,1,238343.0855632232,2479.0,86397.0,12109.626691851852,20595.468117733923,1.70075169464901,0,100,900,1790572740.7379785,2756.647375,3093.404,performance,,32861568.0,31987420.0,30091260.0,0.0,0.0,19.56,17.5,16.61,,,
4,85,hdr_histogram,HdrHistogram,250,mixed,1,293675.6690158523,813.0,1897.0,836.1529733333333,368.49968458197503,0.44070845447448076,0,100,900,1790572755.8880687,2300.0,2300.0,performance,,32861568.0,31985108.0,30088608.0,0.0,0.0,18.02,17.26,16.55,,,
4,86,hdr_histogram,HdrHistogram,100,write-heavy,1,273247.1751593179,343.0,807.0,358.9649444444444,156.12818417390366,0.4349399198730588,0,100,900,1790572759.0771472,2785.951875,3039.786,performance,,32861568.0,31994120.0,30097584.0,0.0,0.0,18.41,17.36,16.58,,,
4,87,disabled,Disabled,500,write-heavy,1,282044.1096454674,1622.0,4354.0,1740.53332,882.1804071134333,0.5068448831036646,0,100,900,1790572761.7646613,2765.98475,3118.978,performance,,32861568.0,32010352.0,30113772.0,0.0,0.0,18.41,17.36,16.58,,,
4,88,disabled,Disabled,500,read-heavy,1,310634.6087581022,1472.0,4091.0,1579.240271111111,800.7184905119741,0.5070276544737616,0,100,900,1790572765.8844225,2467.241375,3002.157,performance,,32861568.0,31958680.0,30062084.0,0.0,0.0,16.94,17.07,16.49,,,
4,89,thread_local,ThreadLocal,250,mixed,1,297188.2908811946,804.0,1733.0,826.34848,361.3951260497608,0.4373398569690124,0,100,900,1790572770.0258913,2300.0,2300.0,performance,,32861568.0,31952596.0,30055976.0,0.0,0.0,16.62,17.0,16.47,,,
4,90,sharded_n,Sharded-N,1500,write-heavy,1,246464.46582288216,2388.0,30288.0,5890.030113333333,7728.042144294912,1.3120547765623216,0,100,900,1790572773.2021887,2486.973875,3117.017,performance,,32861568.0,31964148.0,30067484.0,0.0,0.0,15.29,16.72,16.38,,,
4,91,disabled,Disabled,1000,write-heavy,1,265352.8615636228,2140.0,15342.0,3667.5965633333335,3621.3607028776205,0.9873934170083061,0,100,900,1790572781.675561,2476.230375,3008.862,performance,,32861568.0,31973200.0,30076244.0,0.0,0.0,15.51,16.74,16.39,,,
4,92,thread_local,ThreadLocal,750,write-heavy,1,271289.09099312586,2029.0,9211.0,2702.112902222222,1991.018050531007,0.7368374759224866,0,100,900,1790572787.8075278,2565.47325,3028.584,performance,,32861568.0,31953740.0,30056716.0,0.0,0.0,14.82,16.57,16.34,,,
4,93,sharded_n,Sharded-N,100,write-heavy,1,273954.31576792646,343.0,773.0,357.9379777777778,150.498939004107,0.42046094113417254,0,100,900,1790572792.9187055,2387.061875,2996.495,performance,,32861568.0,31957912.0,30060756.0,0.0,0.0,13.63,16.29,16.25,,,
4,94,hdr_histogram,HdrHistogram,3000,read-heavy,1,232883.9973230264,2551.0,84873.0,12411.482742592592,20970.469628061757,1.6896022870899394,0,100,900,1790572795.6045945,2388.289875,3006.319,performance,,32861568.0,31969724.0,30072596.0,0.0,0.0,13.63,16.29,16.25,,,
4,95,disabled,Disabled,750,write-heavy,1,272616.3379246762,2000.0,9309.0,2685.458,2012.107072080054,0.7492603019969234,0,100,900,1790572811.0783575,2387.407375,2999.259,performance,,32861568.0,31982648.0,30085044.0,0.0,0.0,13.12,16.05,16.17,,,
4,96,disabled,Disabled,2000,write-heavy,1,242493.1294152206,2439.0,49278.0,7951.466495,12059.107033168793,1.5165890519379965,0,100,900,1790572816.1827757,2388.573625,3008.589,performance,,32861568.0,31960216.0,30062620.0,0.0,0.0,13.43,16.06,16.18,,,
4,97,thread_local,ThreadLocal,1500,read-heavy,1,263421.70957636164,2160.0,27626.0,5532.3986933333335,7249.041536729123,1.3102890696334637,0,100,900,1790572826.8248622,2406.241875,3149.935,performance,,32861568.0,31982084.0,30084076.0,0.0,0.0,13.05,15.9,16.12,,,
4,98,sharded_n,Sharded-N,1000,mixed,1,270013.6384428805,2104.0,15736.0,3607.2008744444443,3628.6320646712797,1.005941224504204,0,100,900,1790572835.075608,2387.214375,2997.715,performance,,32861568.0,31975564.0,30077452.0,0.0,0.0,11.69,15.51,15.99,,,
4,99,disabled,Disabled,3000,write-heavy,1,230080.35767143022,2593.0,87878.0,12521.685934074074,21112.96389043634,1.6861119182827957,0,100,900,1790572841.1459193,2387.447375,2999.579,performance,,32861568.0,31965504.0,30067352.0,0.0,0.0,12.35,15.58,16.01,,,
4,100,thread_local,ThreadLocal,500,read-heavy,1,278624.31826016057,1619.0,4717.0,1762.8724377777778,926.0999275283599,0.5253357575297806,0,100,900,1790572856.6053195,2927.89925,3054.972,performance,,32861568.0,31973256.0,30074576.0,0.0,0.0,14.13,15.84,16.09,,,
4,101,sharded_2key,Sharded-2key,3000,mixed,1,230971.01512215644,2561.0,87035.0,12476.35097925926,21095.676688050247,1.690853096640179,0,100,900,1790572860.9145656,2387.8965,3003.172,performance,,32861568.0,31977624.0,30079068.0,0.0,0.0,13.0,15.58,16.01,,,
4,102,sharded_n,Sharded-N,3000,write-heavy,1,223669.10222564315,2662.0,84880.0,12878.2169,21531.490270311406,1.671931016343684,0,100,900,1790572876.3167453,2387.6415,3001.132,performance,,32861568.0,31985820.0,30086692.0,0.0,0.0,18.77,16.67,16.35,,,
4,103,disabled,Disabled,250,mixed,1,291759.9289706433,820.0,1806.0,841.5631644444444,372.8326526740547,0.44302396828428103,0,100,900,1790572892.1457617,2388.248125,3005.985,performance,,32861568.0,31970880.0,30071428.0,0.0,0.0,17.45,16.58,16.33,,,
4,104,hdr_histogram,HdrHistogram,250,write-heavy,1,287431.620480572,836.0,1817.0,854.5331155555556,364.52674956872823,0.42658001537101264,0,100,900,1790572895.3360453,2300.0,2300.0,performance,,32861568.0,31984680.0,30085264.0,0.0,0.0,17.45,16.58,16.33,,,
4,105,sharded_n,Sharded-N,250,read-heavy,1,281701.85999512457,842.0,2024.0,871.2674933333333,390.60962413201435,0.44832342204987236,0,100,900,1790572898.5439029,2471.188875,2993.652,performance,,32861568.0,31972960.0,30073516.0,0.0,0.0,16.06,16.3,16.25,,,
4,106,global_mutex,GlobalMutex,2000,mixed,1,244145.9034034365,2398.0,48614.0,7902.999311111111,11899.0476232518,1.5056369303389032,0,100,900,1790572901.9359262,2300.0,2300.0,performance,,32861568.0,31997836.0,30098380.0,0.0,0.0,16.06,16.3,16.25,,,
4,107,hdr_histogram,HdrHistogram,1000,write-heavy,1,267162.49008859444,2110.0,15475.0,3648.232466666667,3558.5950017836685,0.9754298922280853,0,100,900,1790572912.5153677,2801.036625,2998.452,performance,,32861568.0,31989592.0,30089796.0,0.0,0.0,13.46,15.72,16.05,,,
4,108,disabled,Disabled,1500,read-heavy,1,260389.6715811832,2232.0,28724.0,5565.989334814815,7386.603581603391,1.3270962514068756,0,100,900,1790572918.6334062,2387.410625,2999.285,performance,,32861568.0,31950616.0,30050676.0,0.0,0.0,12.38,15.45,15.97,,,
4,109,sharded_2key,Sharded-2key,1000,mixed,1,271679.8988029325,2079.0,15656.0,3569.3114433333335,3565.644459733985,0.9989726355747977,0,100,900,1790572926.9276922,2387.319125,2998.553,performance,,32861568.0,31949824.0,30049668.0,0.0,0.0,12.75,15.48,15.97,,,
4,110,thread_local,ThreadLocal,2000,write-heavy,1,240639.27311658388,2459.0,43564.0,8024.835538333334,11880.47434522695,1.4804632803346383,0,100,900,1790572932.9773793,2387.370625,2998.965,performance,,32861568.0,31958592.0,30058368.0,0.0,0.0,10.79,14.97,15.8,,,
4,111,global_mutex,GlobalMutex,1000,mixed,1,265535.8138361973,2141.0,15148.0,3662.334341111111,3596.366986574535,0.9819876209017656,0,100,900,1790572943.671498,2476.264875,3007.404,performance,,32861568.0,31962172.0,30061664.0,0.0,0.0,10.01,14.67,15.7,,,
4,112,global_mutex,GlobalMutex,750,mixed,1,276924.1420159308,1979.0,9284.0,2643.205862222222,1986.4865787138665,0.7515444056422332,0,100,900,1790572949.7955997,2477.95425,3014.329,performance,,32861568.0,31962532.0,30061960.0,0.0,0.0,9.37,14.46,15.62,,,
4,113,sharded_2key,Sharded-2key,2000,read-heavy,1,250282.91086873654,2312.0,43563.0,7715.055216666667,11652.17906198165,1.5103170015957499,0,100,900,1790572954.8637671,2389.171375,3013.371,performance,,32861568.0,31951504.0,30050860.0,0.0,0.0,9.58,14.42,15.6,,,
4,114,global_mutex,GlobalMutex,100,mixed,1,280027.80725908803,335.0,765.0,350.2712666666667,147.83439121390873,0.4220568607318691,0,100,900,1790572965.4141583,2894.376,3002.345,performance,,32861568.0,31952776.0,30051876.0,0.0,0.0,11.98,14.8,15.71,,,
4,115,sharded_2key,Sharded-2key,1000,write-heavy,1,275699.0710269257,2058.0,14749.0,3517.341541111111,3470.227413818573,0.9866051883953088,0,100,900,1790572968.0931191,2731.394625,3060.78,performance,,32861568.0,31976520.0,30075600.0,0.0,0.0,11.02,14.55,15.63,,,
4,116,disabled,Disabled,1500,mixed,1,259363.8932642014,2190.0,28842.0,5574.491101481482,7412.998779142935,1.3298072674603159,0,100,900,1790572974.0981057,2300.0,2300.0,performance,,32861568.0,31975248.0,30074184.0,0.0,0.0,10.3,14.34,15.56,,,
4,117,thread_local,ThreadLocal,750,read-heavy,1,278142.21619193413,1926.0,9285.0,2622.9128133333334,1993.7334988264306,0.7601219105307168,0,100,900,1790572982.26957,2387.101,2996.808,performance,,32861568.0,31955624.0,30054392.0,0.0,0.0,9.74,14.1,15.46,,,
4,118,thread_local,ThreadLocal,3000,write-heavy,1,229683.73485713926,2618.0,87562.0,12586.824737407407,21223.378082093073,1.6861582269448994,0,100,900,1790572987.4906807,2388.066625,3004.533,performance,,32861568.0,31969072.0,30067720.0,0.0,0.0,8.96,13.86,15.38,,,
4,119,sharded_n,Sharded-N,250,mixed,1,293969.2702006305,810.0,1788.0,835.1477866666667,356.99340042505696,0.4274613501041871,0,100,900,1790573002.9883504,2300.0,2300.0,performance,,32861568.0,31986332.0,30084536.0,0.0,0.0,10.56,14.0,15.4,,,
4,120,sharded_2key,Sharded-2key,500,read-heavy,1,290291.91008750733,1551.0,4619.0,1694.3851355555555,899.5443612837557,0.5308972218933052,0,100,900,1790573006.1718652,2750.965875,3098.459,performance,,32861568.0,31992420.0,30090608.0,0.0,0.0,10.56,14.0,15.4,,,
4,121,disabled,Disabled,2000,mixed,1,248358.06492303257,2350.0,48559.0,7749.864790555555,11790.887897472056,1.5214314334672174,0,100,900,1790573010.416066,2561.858,3004.836,performance,,32861568.0,31986112.0,30084360.0,0.0,0.0,10.6,13.95,15.38,,,
4,122,global_mutex,GlobalMutex,2000,read-heavy,1,251005.65929867903,2321.0,45212.0,7688.153247777777,11638.451620401172,1.513816289206411,0,100,900,1790573020.8611848,2300.0,2300.0,performance,,32861568.0,31979824.0,30077700.0,0.0,0.0,11.1,13.95,15.36,,,
4,123,disabled,Disabled,750,mixed,1,278030.3305759006,1967.0,9309.0,2636.8227274074075,1979.3879982540002,0.7506716237235204,0,100,900,1790573031.3854687,2387.613375,3000.907,performance,,32861568.0,31975672.0,30073344.0,0.0,0.0,10.43,13.72,15.27,,,
4,124,sharded_n,Sharded-N,750,write-heavy,1,279022.93750097184,1996.0,9038.0,2615.9285985185184,1926.531249134676,0.7364617100886204,0,100,900,1790573036.432699,2387.3255,2998.604,performance,,32861568.0,31962616.0,30060236.0,0.0,0.0,10.72,13.72,15.26,,,
4,125,thread_local,ThreadLocal,500,write-heavy,1,285391.8556130506,1605.0,4443.0,1718.8962622222223,873.5861411421826,0.5082250513552188,0,100,900,1790573041.4848812,2387.076375,2996.611,performance,,32861568.0,31948308.0,30045816.0,0.0,0.0,10.9,13.71,15.25,,,
4,126,thread_local,ThreadLocal,100,mixed,1,279157.90949596977,334.0,800.0,351.56126666666665,155.34939021475273,0.44188426013963444,0,100,900,1790573045.58455,2387.398,2999.184,performance,,32861568.0,31945448.0,30042972.0,0.0,0.0,12.75,14.05,15.35,,,
4,127,global_mutex,GlobalMutex,500,write-heavy,1,275660.6076595787,1646.0,4634.0,1785.0551,919.8687996537676,0.5153167538939093,0,100,900,1790573048.2646255,2476.1855,3005.774,performance,,32861568.0,31978528.0,30076012.0,0.0,0.0,11.73,13.81,15.27,,,
4,128,hdr_histogram,HdrHistogram,3000,mixed,1,229182.65670879433,2603.0,84530.0,12601.780263333334,21226.5683184684,1.6844102876662679,0,100,900,1790573052.418249,2560.827375,3024.843,performance,,32861568.0,31961008.0,30058372.0,0.0,0.0,10.79,13.58,15.19,,,
4,129,sharded_n,Sharded-N,750,read-heavy,1,289167.64779607375,1904.0,8871.0,2527.6300414814814,1889.0362670248232,0.7473547299341446,0,100,900,1790573067.9231348,2475.60025,3004.801,performance,,32861568.0,31964944.0,30061820.0,0.0,0.0,10.8,13.47,15.13,,,
4,130,hdr_histogram,HdrHistogram,3000,write-heavy,1,228975.43012594408,2604.0,85576.0,12599.934546666667,21373.313677167753,1.696303548086454,0,100,900,1790573073.0521338,2573.235,3070.822,performance,,32861568.0,31973276.0,30070180.0,0.0,0.0,9.94,13.25,15.04,,,
4,131,sharded_2key,Sharded-2key,750,read-heavy,1,286444.98996980407,1934.0,8700.0,2559.655457777778,1873.853861553385,0.732072691994341,0,100,900,1790573088.554508,2387.658625,3001.269,performance,,32861568.0,31984512.0,30080920.0,0.0,0.0,10.26,13.16,14.99,,,
4,132,global_mutex,GlobalMutex,500,read-heavy,1,290684.5081755228,1560.0,4545.0,1681.0234733333334,870.6681794679688,0.517939334744389,0,100,900,1790573093.69661,2652.402,3023.223,performance,,32861568.0,31979288.0,30075712.0,0.0,0.0,9.44,12.95,14.91,,,
4,133,disabled,Disabled,250,write-heavy,1,296588.31808188104,802.0,1819.0,825.7232222222223,367.81573708753086,0.4454467637444532,0,100,900,1790573097.9359264,2300.0,2300.0,performance,,32861568.0,31976200.0,30072568.0,0.0,0.0,8.68,12.73,14.83,,,
4,134,hdr_histogram,HdrHistogram,1000,mixed,1,262520.5915354671,2184.0,15102.0,3707.445291111111,3644.055032889031,0.9829019032663642,0,100,900,1790573101.1120672,2300.0,2300.0,performance,,32861568.0,31974560.0,30070852.0,0.0,0.0,8.68,12.73,14.83,,,
4,135,global_mutex,GlobalMutex,250,mixed,1,303360.5681058437,791.0,1676.0,809.0438977777778,339.11183001255455,0.41915133522915377,0,100,900,1790573107.2790103,2300.0,2300.0,performance,,32861568.0,31955944.0,30052044.0,0.0,0.0,8.67,12.61,14.77,,,
4,136,thread_local,ThreadLocal,2000,read-heavy,1,254198.74650728627,2278.0,47489.0,7583.56573,11649.992775755645,1.5362157051885466,0,100,900,1790573110.4369004,2386.4325,2991.46,performance,,32861568.0,31966344.0,30062468.0,0.0,0.0,8.67,12.61,14.77,,,
4,137,hdr_histogram,HdrHistogram,750,write-heavy,1,274431.5743015468,1964.0,9212.0,2669.9110622222224,2003.1227284752401,0.7502582227619221,0,100,900,1790573120.8724916,2387.7285,3001.828,performance,,32861568.0,31968744.0,30064428.0,0.0,0.0,12.77,13.36,14.99,,,
4,138,hdr_histogram,HdrHistogram,1500,read-heavy,1,258071.51544785887,2240.0,31030.0,5611.128614074074,7559.083227536098,1.3471591452343616,0,100,900,1790573125.9677074,2739.303625,3034.807,performance,,32861568.0,31963704.0,30059500.0,0.0,0.0,13.35,13.47,15.02,,,
4,139,thread_local,ThreadLocal,3000,mixed,1,234182.84675375666,2546.0,79752.0,12333.883335185184,20700.219628271236,1.6783213417642107,0,100,900,1790573134.324284,2300.0,2300.0,performance,,32861568.0,31970660.0,30066112.0,0.0,0.0,15.28,13.87,15.13,,,
4,140,disabled,Disabled,1000,read-heavy,1,273183.8861821809,2111.0,16019.0,3559.608942222222,3608.7235043983787,1.0137977409803602,0,100,900,1790573149.5478551,2386.800875,2994.407,performance,,32861568.0,31978464.0,30073548.0,0.0,0.0,16.74,14.24,15.23,,,
4,141,sharded_2key,Sharded-2key,750,write-heavy,1,272460.98246315744,2000.0,9477.0,2689.5945125925928,2049.667248396727,0.7620729588792111,0,100,900,1790573155.7418377,2559.3555,3014.413,performance,,32861568.0,31968664.0,30063760.0,0.0,0.0,16.92,14.32,15.25,,,
4,142,global_mutex,GlobalMutex,1000,read-heavy,1,273530.18020484044,2061.0,15230.0,3553.511307777778,3548.6646202861257,0.9986360849672705,0,100,900,1790573160.8469565,2387.702,3001.616,performance,,32861568.0,31968340.0,30063276.0,0.0,0.0,17.41,14.46,15.29,,,
4,143,sharded_n,Sharded-N,2000,mixed,1,244732.50446098717,2396.0,48367.0,7896.223016666667,12101.096904614995,1.5325171134443698,0,100,900,1790573167.0224912,2387.7,3001.6,performance,,32861568.0,31966660.0,30061492.0,0.0,0.0,17.45,14.52,15.31,,,
4,144,sharded_2key,Sharded-2key,250,mixed,1,310776.21369081846,777.0,1607.0,790.3687911111111,318.6378873235552,0.4031508972863285,0,100,900,1790573177.58898,2730.984625,3011.679,performance,,32861568.0,31959060.0,30053532.0,0.0,0.0,14.25,13.96,15.11,,,
5,1,global_mutex,GlobalMutex,750,read-heavy,1,280875.8275213564,1986.0,9105.0,2605.6145925925925,1927.955594317698,0.7399235480944162,0,100,900,1790573180.7284229,2388.20425,3005.634,performance,,32861568.0,31974836.0,30069316.0,0.0,0.0,14.25,13.96,15.11,,,
5,2,sharded_2key,Sharded-2key,2000,mixed,1,246492.27176758437,2372.0,47434.0,7838.837646666667,11848.110368730411,1.511462655916674,0,100,900,1790573185.9286904,2639.29475,2994.519,performance,,32861568.0,31960220.0,30054704.0,0.0,0.0,14.55,14.02,15.12,,,
5,3,hdr_histogram,HdrHistogram,250,write-heavy,1,292819.014251884,809.0,1837.0,837.8080622222222,380.54097946307996,0.4542102142747635,0,100,900,1790573196.4186876,2387.6265,3001.012,performance,,32861568.0,31975484.0,30069644.0,0.0,0.0,19.77,15.2,15.5,,,
5,4,disabled,Disabled,500,mixed,1,291973.81008419226,1535.0,4574.0,1672.9221488888888,897.8744684645527,0.5367102522140061,0,100,900,1790573199.6090553,2566.143,3059.242,performance,,32861568.0,31975612.0,30069756.0,0.0,0.0,19.87,15.3,15.53,,,
5,5,hdr_histogram,HdrHistogram,500,mixed,1,286466.51550002646,1588.0,4410.0,1706.3564755555556,875.1416670145509,0.5128715362536554,0,100,900,1790573203.66416,2300.0,2300.0,performance,,32861568.0,31970040.0,30064096.0,0.0,0.0,18.28,15.04,15.44,,,
5,6,disabled,Disabled,1500,read-heavy,1,268673.2621461368,2138.0,29178.0,5390.009025925926,7212.310508791173,1.3380887627645859,0,100,900,1790573207.7559798,2571.721375,3044.572,performance,,32861568.0,31953416.0,30047460.0,0.0,0.0,16.81,14.79,15.36,,,
5,7,thread_local,ThreadLocal,1000,read-heavy,1,279653.5908349459,2051.0,15016.0,3475.57662,3489.8668023380815,1.0041116004336805,0,100,900,1790573215.921559,2387.166125,2997.329,performance,,32861568.0,31972080.0,30065792.0,0.0,0.0,16.27,14.71,15.33,,,
5,8,hdr_histogram,HdrHistogram,1500,read-heavy,1,259401.46914397014,2233.0,29944.0,5589.95728,7552.159182387269,1.3510227009082383,0,100,900,1790573222.0303926,2670.75225,3110.412,performance,,32861568.0,31949184.0,30042732.0,0.0,0.0,15.85,14.65,15.31,,,
5,9,hdr_histogram,HdrHistogram,250,mixed,1,303458.52776544983,786.0,1726.0,808.25872,348.51910638496156,0.43119745913160273,0,100,900,1790573230.3498797,2387.382875,2999.063,performance,,32861568.0,31957256.0,30050668.0,0.0,0.0,14.61,14.42,15.22,,,
5,10,hdr_histogram,HdrHistogram,2000,read-heavy,1,254390.9960620206,2283.0,44944.0,7591.607325555556,11488.228419088002,1.5132801166381837,0,100,900,1790573233.5085196,2567.289125,3068.436,performance,,32861568.0,31950428.0,30043860.0,0.0,0.0,13.44,14.18,15.14,,,
5,11,sharded_2key,Sharded-2key,2000,write-heavy,1,243205.9308522572,2405.0,48474.0,7941.853994444445,12136.223398169126,1.5281347915308898,0,100,900,1790573243.9567916,2388.181,3005.448,performance,,32861568.0,31945644.0,30038780.0,0.0,0.0,12.99,14.07,15.1,,,
5,12,disabled,Disabled,3000,mixed,1,234539.8000216253,2535.0,76820.0,12310.020160740742,20753.524495584243,1.6859049964655315,0,100,900,1790573254.5744007,2387.66325,3001.306,performance,,32861568.0,31981512.0,30074324.0,0.0,0.0,14.54,14.35,15.18,,,
5,13,disabled,Disabled,500,write-heavy,1,291442.27158018155,1572.0,4382.0,1683.568168888889,852.644100236716,0.5064505946316619,0,100,900,1790573269.7932746,2300.0,2300.0,performance,,32861568.0,31998336.0,30090808.0,0.0,0.0,13.95,14.23,15.12,,,
5,14,disabled,Disabled,100,mixed,1,275773.9785152583,339.0,884.0,356.23644444444443,159.08497074380548,0.4465712961847591,0,100,900,1790573273.8555455,2649.0935,3011.593,performance,,32861568.0,31983684.0,30076208.0,0.0,0.0,12.83,14.0,15.04,,,
5,15,disabled,Disabled,1000,read-heavy,1,277405.26257978217,2018.0,15119.0,3499.667548888889,3531.906085803615,1.0092118855475176,0,100,900,1790573276.5369067,2387.747,3001.976,performance,,32861568.0,31994668.0,30087164.0,0.0,0.0,12.83,14.0,15.04,,,
5,16,disabled,Disabled,2000,write-heavy,1,246510.80438381,2367.0,48184.0,7835.458722222223,12083.12127887116,1.5421077064195488,0,100,900,1790573282.6806402,2387.541375,3000.331,performance,,32861568.0,31945496.0,30037836.0,0.0,0.0,11.37,13.65,14.92,,,
5,17,sharded_n,Sharded-N,750,read-heavy,1,287459.3869818955,1910.0,8520.0,2546.1167985185184,1864.9247820880603,0.7324584571977154,0,100,900,1790573293.1905603,2648.253,3100.807,performance,,32861568.0,31984600.0,30076680.0,0.0,0.0,12.72,13.89,14.98,,,
5,18,thread_local,ThreadLocal,500,write-heavy,1,282669.52199568105,1589.0,4697.0,1734.270368888889,913.9555388116514,0.5269971483150022,0,100,900,1790573298.341451,2387.558875,3000.471,performance,,32861568.0,31966696.0,30058660.0,0.0,0.0,11.7,13.66,14.9,,,
5,19,sharded_2key,Sharded-2key,100,read-heavy,1,287957.3887567095,327.0,750.0,341.1016111111111,144.0086023759206,0.4221868137966987,0,100,900,1790573302.4533792,2300.0,2300.0,performance,,32861568.0,31980224.0,30072244.0,0.0,0.0,10.76,13.43,14.82,,,
5,20,thread_local,ThreadLocal,750,read-heavy,1,281646.50652864674,1932.0,9062.0,2599.52614962963,1952.825968459521,0.7512238215944671,0,100,900,1790573305.2952254,2300.0,2300.0,performance,,32861568.0,31982236.0,30074228.0,0.0,0.0,10.76,13.43,14.82,,,
5,21,thread_local,ThreadLocal,100,write-heavy,1,263577.8582708762,353.0,891.0,372.9125888888889,164.12609416446804,0.4401194785445289,0,100,900,1790573310.4822314,2300.0,2300.0,performance,,32861568.0,31944276.0,30035984.0,0.0,0.0,14.31,14.12,15.04,,,
5,22,sharded_n,Sharded-N,750,write-heavy,1,265999.07388186146,2072.0,9370.0,2755.873820740741,2045.681567102768,0.7422987045730987,0,100,900,1790573313.1789527,2483.878375,3068.957,performance,,32861568.0,31965676.0,30057352.0,0.0,0.0,13.16,13.88,14.96,,,
5,23,thread_local,ThreadLocal,3000,mixed,1,233577.43110635507,2545.0,89020.0,12333.970894814815,21012.61862412134,1.703637766240799,0,100,900,1790573318.354038,2560.92775,3004.028,performance,,32861568.0,31972520.0,30064148.0,0.0,0.0,12.11,13.65,14.88,,,
5,24,thread_local,ThreadLocal,250,write-heavy,1,291797.6115473243,820.0,1837.0,841.8701644444444,375.776472175036,0.44635917513838175,0,100,900,1790573333.6089253,2300.0,2300.0,performance,,32861568.0,31979164.0,30070300.0,0.0,0.0,14.53,14.15,15.02,,,
5,25,hdr_histogram,HdrHistogram,100,read-heavy,1,281922.6489391951,333.0,824.0,348.05944444444447,148.9421717663443,0.42792165000458054,0,100,900,1790573336.7932577,2300.0,2300.0,performance,,32861568.0,31990416.0,30081492.0,0.0,0.0,14.53,14.15,15.02,,,
5,26,global_mutex,GlobalMutex,750,mixed,1,276973.46143531817,1985.0,9104.0,2649.5170592592594,1981.1481618703629,0.747739349307773,0,100,900,1790573339.6508348,2476.837875,3011.036,performance,,32861568.0,32007904.0,30098952.0,0.0,0.0,13.45,13.93,14.95,,,
5,27,sharded_n,Sharded-N,500,read-heavy,1,294703.4591728172,1562.0,4138.0,1664.6266333333333,813.6545133292452,0.48879099795486386,0,100,900,1790573344.7129343,2300.0,2300.0,performance,,32861568.0,31946416.0,30037592.0,0.0,0.0,13.81,14.0,14.96,,,
5,28,sharded_2key,Sharded-2key,1500,mixed,1,254984.64385297237,2270.0,31467.0,5681.215,7686.053347972795,1.3528890119407195,0,100,900,1790573348.9287875,2644.91325,3001.335,performance,,32861568.0,31956560.0,30047696.0,0.0,0.0,12.71,13.77,14.88,,,
5,29,hdr_histogram,HdrHistogram,2000,write-heavy,1,244938.44514258348,2379.0,45110.0,7887.813835,11781.77537937329,1.4936680334790495,0,100,900,1790573357.171975,2300.0,2300.0,performance,,32861568.0,31964564.0,30055296.0,0.0,0.0,12.73,13.75,14.87,,,
5,30,thread_local,ThreadLocal,500,read-heavy,1,298446.1916339311,1558.0,4039.0,1643.08848,793.8980556626259,0.48317425709334044,0,100,900,1790573367.736023,2300.0,2300.0,performance,,32861568.0,31969564.0,30060084.0,0.0,0.0,11.75,13.49,14.77,,,
5,31,sharded_n,Sharded-N,2000,write-heavy,1,240849.7515783069,2435.0,47376.0,8024.515193333334,12093.357769929222,1.5070515138380236,0,100,900,1790573371.9386759,2480.419125,3022.399,performance,,32861568.0,31978844.0,30069464.0,0.0,0.0,11.75,13.49,14.77,,,
5,32,thread_local,ThreadLocal,1500,write-heavy,1,251649.3680706987,2314.0,31375.0,5773.48752074074,7727.398230440286,1.3384281515600918,0,100,900,1790573382.635724,2560.447125,2999.542,performance,,32861568.0,31967076.0,30057292.0,0.0,0.0,11.65,13.38,14.71,,,
5,33,disabled,Disabled,250,read-heavy,1,302528.0815607533,784.0,1816.0,809.6582666666667,359.1043711610752,0.4435258502818661,0,100,900,1790573390.9471385,2300.0,2300.0,performance,,32861568.0,31957880.0,30047892.0,0.0,0.0,11.12,13.24,14.66,,,
5,34,sharded_2key,Sharded-2key,500,write-heavy,1,285735.83128448203,1598.0,4536.0,1711.7064822222221,875.0516303366161,0.5112159353399075,0,100,900,1790573394.2862475,2472.735625,2999.283,performance,,32861568.0,31984856.0,30074872.0,0.0,0.0,11.11,13.21,14.64,,,
5,35,global_mutex,GlobalMutex,250,write-heavy,1,299874.5780574766,801.0,1753.0,820.9038266666666,351.3080003847079,0.427952689429183,0,100,900,1790573398.383681,2387.23975,2997.918,performance,,32861568.0,31972184.0,30062124.0,0.0,0.0,10.22,12.99,14.56,,,
5,36,sharded_n,Sharded-N,2000,mixed,1,246835.64424547728,2358.0,46129.0,7801.8386011111115,11857.00002510044,1.519769971069615,0,100,900,1790573401.5534012,2387.277375,2998.219,performance,,32861568.0,31953228.0,30043184.0,0.0,0.0,10.22,12.99,14.56,,,
5,37,disabled,Disabled,1500,mixed,1,259756.589446331,2227.0,28999.0,5588.098437037037,7430.894033043629,1.3297714986179974,0,100,900,1790573412.0601344,2300.0,2300.0,performance,,32861568.0,31982140.0,30071708.0,0.0,0.0,12.23,13.33,14.66,,,
5,38,disabled,Disabled,500,read-heavy,1,285716.69335362175,1558.0,4733.0,1714.2398133333334,929.7350993214947,0.5423599965944251,0,100,900,1790573420.2063184,2300.0,2300.0,performance,,32861568.0,31962860.0,30052256.0,0.0,0.0,11.23,13.07,14.56,,,
5,39,hdr_histogram,HdrHistogram,750,write-heavy,1,273164.7097535361,2008.0,9505.0,2679.636688888889,2022.4171295268625,0.7547355721440945,0,100,900,1790573424.4817302,2387.5475,3000.38,performance,,32861568.0,31975540.0,30064952.0,0.0,0.0,11.77,13.16,14.58,,,
5,40,sharded_n,Sharded-N,100,write-heavy,1,272483.9412648875,345.0,794.0,359.98985555555555,150.3910229737398,0.4177646137879312,0,100,900,1790573429.5887327,2475.28275,3005.163,performance,,32861568.0,31933820.0,30023120.0,0.0,0.0,11.95,13.17,14.57,,,
5,41,disabled,Disabled,750,read-heavy,1,287147.2296367312,1901.0,8725.0,2546.5133244444446,1894.4830745675406,0.7439517619570465,0,100,900,1790573432.2740543,2568.2985,3051.302,performance,,32861568.0,31969744.0,30059016.0,0.0,0.0,10.99,12.95,14.49,,,
5,42,sharded_n,Sharded-N,250,read-heavy,1,304706.77714729507,783.0,1687.0,804.8534755555555,346.8727502835491,0.4309762718538525,0,100,900,1790573437.4086654,2387.011875,2996.095,performance,,32861568.0,31962204.0,30051384.0,0.0,0.0,10.11,12.74,14.42,,,
5,43,sharded_2key,Sharded-2key,1000,read-heavy,1,271052.92664224945,2109.0,15243.0,3593.427437777778,3561.165214370411,0.9910218798164133,0,100,900,1790573440.7362309,2300.0,2300.0,performance,,32861568.0,31989784.0,30079016.0,0.0,0.0,10.11,12.74,14.42,,,
5,44,global_mutex,GlobalMutex,3000,mixed,1,232205.6997039217,2563.0,84718.0,12420.664798148147,20917.67058580102,1.6841023347574544,0,100,900,1790573446.9681342,2300.0,2300.0,performance,,32861568.0,31950932.0,30039928.0,0.0,0.0,12.02,13.09,14.52,,,
5,45,sharded_n,Sharded-N,3000,mixed,1,228012.2301260798,2631.0,72358.0,12678.564456296297,21168.62128599716,1.6696386534111611,0,100,900,1790573462.2896726,2737.66775,3012.895,performance,,32861568.0,31982884.0,30071452.0,0.0,0.0,12.82,13.21,14.53,,,
5,46,hdr_histogram,HdrHistogram,750,read-heavy,1,278818.42382874346,1969.0,8988.0,2630.615442962963,1954.1023854423872,0.7428308803818954,0,100,900,1790573477.8526607,2387.64075,3001.126,performance,,32861568.0,31994032.0,30082220.0,0.0,0.0,12.93,13.23,14.52,,,
5,47,sharded_2key,Sharded-2key,2000,read-heavy,1,255384.8694248944,2241.0,43562.0,7554.211837222222,11526.13429569649,1.5257891285101681,0,100,900,1790573483.0760577,2300.0,2300.0,performance,,32861568.0,31950040.0,30038272.0,0.0,0.0,11.89,13.01,14.44,,,
5,48,sharded_n,Sharded-N,2000,read-heavy,1,255940.49567752655,2259.0,40144.0,7545.067671111111,11304.34355297591,1.498242831705603,0,100,900,1790573493.500747,2658.34475,3053.991,performance,,32861568.0,31963184.0,30051040.0,0.0,0.0,12.64,13.15,14.47,,,
5,49,global_mutex,GlobalMutex,250,read-heavy,1,305531.8745720772,785.0,1692.0,802.5970711111111,350.30739293203453,0.43646732032932894,0,100,900,1790573503.9127498,2733.15675,3000.828,performance,,32861568.0,31978088.0,30065720.0,0.0,0.0,12.02,13.01,14.41,,,
5,50,disabled,Disabled,2000,read-heavy,1,254268.73546789814,2300.0,45372.0,7567.006867222222,11444.952752450643,1.5124808201280222,0,100,900,1790573507.245031,2819.743,3069.392,performance,,32861568.0,31986936.0,30074584.0,0.0,0.0,11.06,12.8,14.34,,,
5,51,sharded_2key,Sharded-2key,250,mixed,1,295206.4975091801,812.0,1769.0,831.8340533333334,363.8687210173474,0.43742946031032176,0,100,900,1790573517.668053,2300.0,2300.0,performance,,32861568.0,31967392.0,30054704.0,0.0,0.0,16.8,14.03,14.72,,,
5,52,sharded_2key,Sharded-2key,500,read-heavy,1,290870.54791721416,1551.0,4553.0,1686.1988577777777,889.5318176782266,0.5275367217663346,0,100,900,1790573520.848267,2300.0,2300.0,performance,,32861568.0,31978964.0,30066312.0,0.0,0.0,16.8,14.03,14.72,,,
5,53,global_mutex,GlobalMutex,500,read-heavy,1,291901.43482827,1578.0,4247.0,1685.0024955555555,846.2324732307214,0.5022143738438284,0,100,900,1790573525.091221,2300.0,2300.0,performance,,32861568.0,31957104.0,30044468.0,0.0,0.0,17.14,14.14,14.76,,,
5,54,thread_local,ThreadLocal,3000,read-heavy,1,237334.8447950769,2480.0,85449.0,12163.601371851852,20641.821387795793,1.697015608844568,0,100,900,1790573529.3284953,2398.61875,3088.95,performance,,32861568.0,31945772.0,30033028.0,0.0,0.0,17.29,14.22,14.78,,,
5,55,thread_local,ThreadLocal,1000,write-heavy,1,268986.069063242,2129.0,15375.0,3609.336301111111,3559.017780243769,0.9860587884670509,0,100,900,1790573544.5672517,2300.0,2300.0,performance,,32861568.0,31987780.0,30074560.0,0.0,0.0,22.82,15.55,15.2,,,
5,56,sharded_n,Sharded-N,1500,mixed,1,251118.62003032508,2289.0,31633.0,5782.282437777778,7752.412245505807,1.340718363194514,0,100,900,1790573550.660836,2904.899125,3002.319,performance,,32861568.0,31968852.0,30055516.0,0.0,0.0,22.52,15.61,15.22,,,
5,57,sharded_2key,Sharded-2key,3000,mixed,1,231145.0480013211,2571.0,87700.0,12486.17272037037,21082.123750320203,1.6884376199542797,0,100,900,1790573559.0130336,2570.89925,3054.343,performance,,32861568.0,31975124.0,30061644.0,0.0,0.0,19.35,15.16,15.08,,,
5,58,thread_local,ThreadLocal,500,mixed,1,286547.6782526903,1583.0,4639.0,1710.3586755555555,893.7521076489917,0.5225524449476568,0,100,900,1790573574.4055579,2395.428125,3063.425,performance,,32861568.0,32002468.0,30088528.0,0.0,0.0,18.26,15.12,15.07,,,
5,59,sharded_n,Sharded-N,100,mixed,1,275967.45850602357,341.0,764.0,354.95522222222223,145.1250548407234,0.4088545420804285,0,100,900,1790573578.4949746,2300.0,2300.0,performance,,32861568.0,31965224.0,30051336.0,0.0,0.0,16.8,14.87,14.99,,,
5,60,global_mutex,GlobalMutex,2000,read-heavy,1,250585.34826641754,2321.0,44076.0,7687.318113333334,11840.818867260015,1.5403055646575374,0,100,900,1790573581.1773114,2388.0825,3004.66,performance,,32861568.0,31994724.0,30080808.0,0.0,0.0,16.8,14.87,14.99,,,
5,61,disabled,Disabled,100,read-heavy,1,286175.62353177,330.0,731.0,342.62853333333334,137.08813808333582,0.40010718532296535,0,100,900,1790573591.7249434,2300.0,2300.0,performance,,32861568.0,31965272.0,30051092.0,0.0,0.0,18.96,15.4,15.16,,,
5,62,sharded_2key,Sharded-2key,250,read-heavy,1,302788.7302292988,782.0,1797.0,809.6864266666666,363.43524847902046,0.44885925774403557,0,100,900,1790573594.5683095,2300.0,2300.0,performance,,32861568.0,31978764.0,30064552.0,0.0,0.0,20.65,15.81,15.29,,,
5,63,disabled,Disabled,3000,read-heavy,1,239031.78319206688,2451.0,75410.0,12080.136094074074,20487.9642508459,1.6960044234018437,0,100,900,1790573597.8991222,2300.0,2300.0,performance,,32861568.0,31993628.0,30079448.0,0.0,0.0,18.99,15.54,15.21,,,
5,64,global_mutex,GlobalMutex,1000,write-heavy,1,270874.02944751753,2088.0,15554.0,3587.2841222222223,3572.6639858355534,0.9959244554129122,0,100,900,1790573612.9936101,2558.116375,2998.044,performance,,32861568.0,31981316.0,30066604.0,0.0,0.0,17.31,15.36,15.16,,,
5,65,sharded_2key,Sharded-2key,750,write-heavy,1,290645.6150575076,1904.0,8939.0,2517.320333333333,1873.2741557489837,0.744154063725561,0,100,900,1790573619.066046,2738.764625,3007.881,performance,,32861568.0,31957792.0,30043056.0,0.0,0.0,15.92,15.11,15.08,,,
5,66,disabled,Disabled,100,write-heavy,1,285116.16991816205,329.0,760.0,344.7386,144.54441806326722,0.419287013590202,0,100,900,1790573624.0242345,2300.0,2300.0,performance,,32861568.0,31967876.0,30053072.0,0.0,0.0,14.65,14.86,15.0,,,
5,67,sharded_n,Sharded-N,500,write-heavy,1,283071.20440761134,1612.0,4498.0,1728.3480666666667,885.4149214513143,0.5122897051396289,0,100,900,1790573626.694258,2476.1795,3010.821,performance,,32861568.0,31990064.0,30075248.0,0.0,0.0,14.65,14.86,15.0,,,
5,68,hdr_histogram,HdrHistogram,3000,mixed,1,230115.92567715285,2585.0,88391.0,12524.560345555556,21197.977025762742,1.6925126663855328,0,100,900,1790573630.8118756,2478.2365,3029.293,performance,,32861568.0,31985472.0,30070644.0,0.0,0.0,16.12,15.16,15.09,,,
5,69,global_mutex,GlobalMutex,2000,write-heavy,1,242297.10109136233,2417.0,45491.0,7953.94092,12009.804563740485,1.509918754053366,0,100,900,1790573646.2631168,2743.92625,3027.599,performance,,32861568.0,31988972.0,30073540.0,0.0,0.0,18.43,15.72,15.28,,,
5,70,hdr_histogram,HdrHistogram,3000,read-heavy,1,234853.31161186536,2518.0,77960.0,12308.33084962963,20642.180312085457,1.6770901403504765,0,100,900,1790573656.93589,2300.0,2300.0,performance,,32861568.0,31972808.0,30057284.0,0.0,0.0,17.05,15.52,15.22,,,
5,71,sharded_n,Sharded-N,250,write-heavy,1,294039.50826960173,822.0,1709.0,835.0999288888889,344.96284855403803,0.4130797244983789,0,100,900,1790573672.2821798,2564.139125,3006.609,performance,,32861568.0,31972180.0,30056144.0,0.0,0.0,14.49,15.03,15.06,,,
5,72,sharded_n,Sharded-N,500,mixed,1,287577.3575423059,1620.0,4058.0,1705.2506355555556,827.0723040734644,0.4850150979735665,0,100,900,1790573675.4701545,2300.0,2300.0,performance,,32861568.0,31980616.0,30064624.0,0.0,0.0,14.49,15.03,15.06,,,
5,73,global_mutex,GlobalMutex,250,mixed,1,296790.3579043995,806.0,1781.0,826.8257288888889,353.74914529375377,0.4278400307754472,0,100,900,1790573679.557038,2300.0,2300.0,performance,,32861568.0,31980588.0,30064616.0,0.0,0.0,15.17,15.16,15.1,,,
5,74,sharded_2key,Sharded-2key,1500,write-heavy,1,249934.16683133147,2341.0,31871.0,5814.863683703704,7836.119195987767,1.3476015298430264,0,100,900,1790573682.732442,2475.3975,3002.236,performance,,32861568.0,31984972.0,30068972.0,0.0,0.0,13.95,14.91,15.02,,,
5,75,thread_local,ThreadLocal,2000,read-heavy,1,254650.97544308673,2269.0,44783.0,7567.398308888889,11465.936229601133,1.5151754621047113,0,100,900,1790573691.093455,2387.55975,3000.478,performance,,32861568.0,31959460.0,30043144.0,0.0,0.0,15.24,15.16,15.1,,,
5,76,hdr_histogram,HdrHistogram,1000,mixed,1,273128.5441628382,2017.0,15579.0,3552.304707777778,3566.967311915611,1.0041276313109428,0,100,900,1790573701.5140576,2516.147625,2954.984,performance,,32861568.0,31986072.0,30069504.0,0.0,0.0,14.73,15.06,15.07,,,
5,77,global_mutex,GlobalMutex,1000,mixed,1,272038.99132686376,2055.0,15717.0,3573.8415633333334,3628.4490451837264,1.0152797713280441,0,100,900,1790573707.5500395,2754.49675,3078.395,performance,,32861568.0,31933992.0,30017344.0,0.0,0.0,13.21,14.72,14.96,,,
5,78,thread_local,ThreadLocal,1000,mixed,1,271182.1551215097,2110.0,15589.0,3591.036846666667,3612.1795146043746,1.0058876221104034,0,100,900,1790573713.595061,2300.0,2300.0,performance,,32861568.0,31958564.0,30041820.0,0.0,0.0,12.15,14.48,14.88,,,
5,79,disabled,Disabled,1000,mixed,1,271827.9043233541,2147.0,15247.0,3577.0564766666666,3541.0958811344253,0.989946875100571,0,100,900,1790573719.6452694,2300.0,2300.0,performance,,32861568.0,31970040.0,30053184.0,0.0,0.0,15.02,15.03,15.06,,,
5,80,disabled,Disabled,250,write-heavy,1,294453.37702571263,807.0,1819.0,833.36996,366.88281088807724,0.4402400236361738,0,100,900,1790573725.6803136,2386.002375,2988.019,performance,,32861568.0,31932616.0,30015600.0,0.0,0.0,15.5,15.13,15.09,,,
5,81,hdr_histogram,HdrHistogram,1500,mixed,1,254792.41401268728,2243.0,32083.0,5698.587056296296,7732.376182126808,1.3568935783096274,0,100,900,1790573728.8634923,2560.674375,3005.325,performance,,32861568.0,31973332.0,30056312.0,0.0,0.0,14.26,14.88,15.01,,,
5,82,global_mutex,GlobalMutex,2000,mixed,1,247343.42294388957,2350.0,47167.0,7795.9088016666665,11744.916574040866,1.5065487389398338,0,100,900,1790573737.1423652,2387.192625,2997.541,performance,,32861568.0,31955760.0,30038508.0,0.0,0.0,18.48,15.75,15.29,,,
5,83,disabled,Disabled,3000,write-heavy,1,231292.02014212657,2585.0,82512.0,12452.330580740741,20933.83094439083,1.6811175071731477,0,100,900,1790573747.6019568,2300.0,2300.0,performance,,32861568.0,31954560.0,30037076.0,0.0,0.0,15.79,15.29,15.14,,,
5,84,global_mutex,GlobalMutex,500,mixed,1,284309.3751789155,1606.0,4381.0,1719.1943288888888,868.1227191274813,0.5049590407202814,0,100,900,1790573762.9836607,2387.257125,2998.057,performance,,32861568.0,31976940.0,30059052.0,0.0,0.0,14.41,15.02,15.06,,,
5,85,global_mutex,GlobalMutex,100,write-heavy,1,271280.84845677594,344.0,882.0,361.3240666666667,158.66945873834285,0.4391333801872673,0,100,900,1790573767.0842304,2558.05175,3050.485,performance,,32861568.0,31977368.0,30059540.0,0.0,0.0,14.41,15.02,15.06,,,
5,86,hdr_histogram,HdrHistogram,1000,read-heavy,1,273207.9200526866,2059.0,15391.0,3554.8102622222223,3550.5427476610575,0.9987995098904388,0,100,900,1790573769.77592,2300.0,2300.0,performance,,32861568.0,31977412.0,30059556.0,0.0,0.0,13.26,14.77,14.98,,,
5,87,hdr_histogram,HdrHistogram,1000,write-heavy,1,263958.90210574324,2151.0,16201.0,3686.9411266666666,3707.336259486433,1.005531721858061,0,100,900,1790573775.9861798,2472.46925,2991.213,performance,,32861568.0,31953476.0,30035372.0,0.0,0.0,13.24,14.74,14.97,,,
5,88,global_mutex,GlobalMutex,500,write-heavy,1,281700.0887817268,1615.0,4495.0,1736.4148977777777,891.2320046460026,0.513259823897261,0,100,900,1790573782.150113,2649.3395,3005.782,performance,,32861568.0,31958012.0,30039804.0,0.0,0.0,13.94,14.86,15.01,,,
5,89,thread_local,ThreadLocal,750,write-heavy,1,272762.38622825284,1992.0,9413.0,2687.370297777778,2049.705927863463,0.762718085244297,0,100,900,1790573786.2743068,2300.0,2300.0,performance,,32861568.0,31969464.0,30051220.0,0.0,0.0,12.82,14.62,14.93,,,
5,90,sharded_n,Sharded-N,1500,write-heavy,1,253449.44882903137,2289.0,28760.0,5708.806232592593,7487.414165921002,1.3115551414539206,0,100,900,1790573791.3853934,2387.565375,3000.523,performance,,32861568.0,31967620.0,30049284.0,0.0,0.0,12.68,14.56,14.91,,,
5,91,global_mutex,GlobalMutex,1500,write-heavy,1,257059.49808467308,2226.0,29536.0,5641.736111111111,7458.596360478616,1.3220392116159583,0,100,900,1790573799.6927004,2715.85075,3010.491,performance,,32861568.0,31961952.0,30043320.0,0.0,0.0,14.77,14.94,15.02,,,
5,92,hdr_histogram,HdrHistogram,100,mixed,1,280391.9166175752,333.0,819.0,349.28433333333334,153.18816514063315,0.43857725789962854,0,100,900,1790573807.9271016,2300.0,2300.0,performance,,32861568.0,31953264.0,30034500.0,0.0,0.0,13.6,14.69,14.94,,,
5,93,hdr_histogram,HdrHistogram,250,read-heavy,1,295258.2710574807,796.0,1931.0,828.3688044444444,376.059764317588,0.45397625103687606,0,100,900,1790573810.6003551,2475.806625,3005.987,performance,,32861568.0,31991476.0,30072684.0,0.0,0.0,13.6,14.69,14.94,,,
5,94,hdr_histogram,HdrHistogram,100,write-heavy,1,282948.59968627983,332.0,777.0,346.29125555555555,145.64444714681437,0.42058366998946245,0,100,900,1790573813.964038,2388.351125,3006.809,performance,,32861568.0,31987860.0,30069140.0,0.0,0.0,12.51,14.45,14.86,,,
5,95,sharded_n,Sharded-N,1000,mixed,1,271198.96138752956,2104.0,15868.0,3579.5403444444446,3644.821274389272,1.0182372382102483,0,100,900,1790573816.636171,2300.0,2300.0,performance,,32861568.0,31992836.0,30074092.0,0.0,0.0,12.51,14.45,14.86,,,
5,96,global_mutex,GlobalMutex,3000,write-heavy,1,228805.4723089569,2618.0,83270.0,12625.323565185185,21080.987515025103,1.6697383957078722,0,100,900,1790573822.691016,2300.0,2300.0,performance,,32861568.0,31980404.0,30061352.0,0.0,0.0,11.84,14.25,14.79,,,
5,97,thread_local,ThreadLocal,3000,write-heavy,1,231102.87151579032,2570.0,87980.0,12485.362494444444,21202.436450312383,1.6981834896461145,0,100,900,1790573838.209994,2777.244125,2990.134,performance,,32861568.0,31991832.0,30072368.0,0.0,0.0,13.79,14.58,14.89,,,
5,98,hdr_histogram,HdrHistogram,3000,write-heavy,1,228130.09034855818,2602.0,90263.0,12659.923595925926,21465.619641810692,1.6955568079983134,0,100,900,1790573853.60771,2387.3355,2998.684,performance,,32861568.0,31989524.0,30069692.0,0.0,0.0,13.34,14.46,14.85,,,
5,99,disabled,Disabled,250,mixed,1,302916.6690944877,784.0,1727.0,806.1520933333334,347.1760076541042,0.43065819778322084,0,100,900,1790573869.1930199,2734.2795,3042.676,performance,,32861568.0,31971384.0,30051220.0,0.0,0.0,15.0,14.79,14.96,,,
5,100,disabled,Disabled,750,write-heavy,1,284775.68855011946,1916.0,9142.0,2566.535165925926,1942.739658148559,0.7569503367578754,0,100,900,1790573872.3515923,2563.284,3004.14,performance,,32861568.0,31975520.0,30055364.0,0.0,0.0,13.8,14.55,14.87,,,
5,101,sharded_n,Sharded-N,100,read-heavy,1,274986.09769590583,338.0,876.0,356.83393333333333,156.0802132452181,0.43740294480182496,0,100,900,1790573877.3643425,2642.471875,3064.318,performance,,32861568.0,31957044.0,30036876.0,0.0,0.0,12.69,14.3,14.79,,,
5,102,sharded_n,Sharded-N,250,mixed,1,293233.7500744455,810.0,1771.0,834.5783111111111,368.41010722149974,0.4414326400730676,0,100,900,1790573880.2274714,2387.210875,2997.687,performance,,32861568.0,31993124.0,30072960.0,0.0,0.0,12.69,14.3,14.79,,,
5,103,disabled,Disabled,1500,write-heavy,1,254117.33283825705,2292.0,31147.0,5709.841094814815,7625.795825728103,1.3355530739118455,0,100,900,1790573883.4142458,2300.0,2300.0,performance,,32861568.0,31972328.0,30052148.0,0.0,0.0,11.68,14.07,14.72,,,
5,104,disabled,Disabled,2000,mixed,1,247417.07688320652,2356.0,43710.0,7810.114005,11678.064718820742,1.4952489440415975,0,100,900,1790573891.6905866,2476.5495,3011.572,performance,,32861568.0,31971736.0,30051224.0,0.0,0.0,13.87,14.48,14.85,,,
5,105,sharded_n,Sharded-N,750,mixed,1,274739.1163436124,2007.0,9044.0,2657.1100903703705,1956.7089352383057,0.7364049168792863,0,100,900,1790573902.1653001,2387.500125,3000.001,performance,,32861568.0,31986572.0,30065812.0,0.0,0.0,14.05,14.5,14.85,,,
5,106,sharded_2key,Sharded-2key,250,write-heavy,1,295741.71481196105,813.0,1716.0,831.9264177777778,353.25832433514614,0.4246268862079911,0,100,900,1790573907.2468798,2388.055875,3004.447,performance,,32861568.0,31943160.0,30022368.0,0.0,0.0,12.93,14.26,14.77,,,
5,107,hdr_histogram,HdrHistogram,500,write-heavy,1,281509.95702688576,1610.0,4634.0,1741.7344755555555,910.4001057458221,0.5226974137119463,0,100,900,1790573910.4289136,2300.0,2300.0,performance,,32861568.0,31966328.0,30045488.0,0.0,0.0,11.89,14.02,14.69,,,
5,108,sharded_2key,Sharded-2key,100,mixed,1,279808.9819939252,336.0,797.0,351.20034444444445,147.67241929098483,0.42047914139886267,0,100,900,1790573914.5564706,2387.343,2998.744,performance,,32861568.0,31963940.0,30042980.0,0.0,0.0,12.14,14.04,14.69,,,
5,109,thread_local,ThreadLocal,100,mixed,1,277729.0834689981,338.0,781.0,353.7498444444444,145.8718421001464,0.4123587455684528,0,100,900,1790573917.2371755,2300.0,2300.0,performance,,32861568.0,31980956.0,30059956.0,0.0,0.0,12.14,14.04,14.69,,,
5,110,hdr_histogram,HdrHistogram,500,read-heavy,1,287516.19608282816,1576.0,4549.0,1706.11932,897.7207217042175,0.5261769860880642,0,100,900,1790573919.9181547,2739.224875,3005.318,performance,,32861568.0,31987348.0,30066316.0,0.0,0.0,11.17,13.8,14.61,,,
5,111,thread_local,ThreadLocal,2000,write-heavy,1,244694.92521741972,2419.0,46842.0,7889.846595,11906.976755993835,1.509151871664982,0,100,900,1790573924.1826408,2468.235375,2999.054,performance,,32861568.0,31967576.0,30046520.0,0.0,0.0,10.27,13.57,14.53,,,
5,112,thread_local,ThreadLocal,1500,read-heavy,1,266931.911990792,2145.0,29600.0,5435.384422222222,7384.462841286539,1.3585907210344927,0,100,900,1790573934.7606287,2388.572625,3008.581,performance,,32861568.0,31978556.0,30057156.0,0.0,0.0,12.56,13.97,14.65,,,
5,113,global_mutex,GlobalMutex,1500,mixed,1,257562.64382722534,2253.0,29129.0,5624.090122962963,7414.3654601016115,1.3183226616211248,0,100,900,1790573942.9547303,2387.71575,3001.726,performance,,32861568.0,31956284.0,30034736.0,0.0,0.0,11.07,13.6,14.52,,,
5,114,sharded_n,Sharded-N,3000,write-heavy,1,226788.88368886244,2630.0,89054.0,12732.411006666667,21458.441052728227,1.6853399596896947,0,100,900,1790573951.1732113,2384.53125,2976.25,performance,,32861568.0,31971460.0,30049776.0,0.0,0.0,14.43,14.26,14.73,,,
5,115,sharded_2key,Sharded-2key,1000,write-heavy,1,271906.2349596671,2087.0,15528.0,3573.2823933333334,3590.8314583377382,1.0049111889497304,0,100,900,1790573966.818639,2562.433625,3003.213,performance,,32861568.0,31968104.0,30045904.0,0.0,0.0,13.82,14.13,14.68,,,
5,116,thread_local,ThreadLocal,100,read-heavy,1,280211.92078861076,334.0,782.0,349.43485555555554,149.88799419970394,0.42894402723907354,0,100,900,1790573972.8667927,2731.11275,3091.256,performance,,32861568.0,31951244.0,30029016.0,0.0,0.0,14.34,14.25,14.72,,,
5,117,thread_local,ThreadLocal,750,mixed,1,286188.5935506505,1939.0,8950.0,2567.6266962962964,1893.3255795156724,0.7373835075973942,0,100,900,1790573975.7202792,2387.2995,2998.396,performance,,32861568.0,31969536.0,30047268.0,0.0,0.0,14.34,14.25,14.72,,,
5,118,sharded_2key,Sharded-2key,750,read-heavy,1,289624.9225398681,1884.0,8944.0,2523.8154681481483,1883.435693954584,0.7462652153949102,0,100,900,1790573980.7011592,2300.0,2300.0,performance,,32861568.0,31971988.0,30049684.0,0.0,0.0,14.32,14.25,14.71,,,
5,119,hdr_histogram,HdrHistogram,1500,write-heavy,1,254662.17672650615,2299.0,31241.0,5703.853901481481,7670.80694027084,1.344846321936555,0,100,900,1790573985.8158295,2792.806625,3434.022,performance,,32861568.0,31971616.0,30049208.0,0.0,0.0,14.85,14.36,14.75,,,
5,120,sharded_2key,Sharded-2key,500,mixed,1,281477.0761775879,1601.0,4760.0,1741.5343733333334,920.4685053270667,0.5285388100409817,0,100,900,1790573994.092733,2387.866375,3002.931,performance,,32861568.0,31957932.0,30035332.0,0.0,0.0,13.45,14.08,14.65,,,
5,121,sharded_2key,Sharded-2key,100,write-heavy,1,297160.98143449787,317.0,704.0,328.8822222222222,130.78577710962116,0.39766751825597496,0,100,900,1790573998.2081916,2745.838375,3036.255,performance,,32861568.0,31965824.0,30043168.0,0.0,0.0,12.37,13.85,14.57,,,
5,122,hdr_histogram,HdrHistogram,2000,mixed,1,245598.33851490545,2388.0,46176.0,7856.163237777778,11910.957085439784,1.51612902188231,0,100,900,1790574000.867327,2300.0,2300.0,performance,,32861568.0,31979180.0,30056496.0,0.0,0.0,12.37,13.85,14.57,,,
5,123,sharded_2key,Sharded-2key,750,mixed,1,274901.5439000552,1968.0,9441.0,2665.038413333333,2009.4750854559782,0.7540135539519671,0,100,900,1790574011.3919911,2300.0,2300.0,performance,,32861568.0,31967980.0,30044864.0,0.0,0.0,12.24,13.77,14.54,,,
5,124,thread_local,ThreadLocal,1500,mixed,1,252615.59369260157,2325.0,29945.0,5763.402408888889,7641.655573442954,1.3258931150907036,0,100,900,1790574016.4696546,2918.354625,3011.823,performance,,32861568.0,31983720.0,30060692.0,0.0,0.0,12.38,13.78,14.54,,,
5,125,global_mutex,GlobalMutex,1000,read-heavy,1,273922.7247886715,2055.0,15296.0,3540.5700133333335,3553.7267974011197,1.0037160073147091,0,100,900,1790574024.7707176,2386.88475,2995.078,performance,,32861568.0,31962328.0,30038964.0,0.0,0.0,13.46,13.96,14.59,,,
5,126,sharded_2key,Sharded-2key,3000,read-heavy,1,236590.86052507866,2482.0,85129.0,12183.292151851852,20509.114910216496,1.6833803749095129,0,100,900,1790574030.9612198,2300.0,2300.0,performance,,32861568.0,31981008.0,30057560.0,0.0,0.0,13.99,14.06,14.62,,,
5,127,sharded_n,Sharded-N,1500,read-heavy,1,274265.8435494707,2114.0,28159.0,5281.800496296296,7133.470412723159,1.3505755125975112,0,100,900,1790574046.234484,2387.110125,2996.881,performance,,32861568.0,31987928.0,30064064.0,0.0,0.0,15.09,14.33,14.7,,,
5,128,global_mutex,GlobalMutex,100,read-heavy,1,280384.69340704835,335.0,852.0,349.8737,151.73471824106568,0.4336842644676227,0,100,900,1790574054.2863653,2828.2905,3076.478,performance,,32861568.0,31958744.0,30034772.0,0.0,0.0,13.58,14.04,14.6,,,
5,129,global_mutex,GlobalMutex,100,mixed,1,261096.83979960403,352.0,978.0,375.73465555555555,181.5039463296664,0.4830641614926295,0,100,900,1790574057.1252954,2300.0,2300.0,performance,,32861568.0,31969680.0,30045672.0,0.0,0.0,13.58,14.04,14.6,,,
5,130,thread_local,ThreadLocal,250,mixed,1,296282.05759024236,801.0,1873.0,828.5307022222222,377.28586638152694,0.45536739359157047,0,100,900,1790574059.8272045,2300.0,2300.0,performance,,32861568.0,31981320.0,30057312.0,0.0,0.0,12.49,13.81,14.52,,,
5,131,disabled,Disabled,1000,write-heavy,1,270843.63966735755,2053.0,15419.0,3585.477928888889,3523.0279649270055,0.9825825272946984,0,100,900,1790574063.0064843,2387.3285,2998.628,performance,,32861568.0,31985816.0,30061776.0,0.0,0.0,11.49,13.58,14.44,,,
5,132,disabled,Disabled,750,mixed,1,276185.8745616614,1991.0,9125.0,2661.9179437037037,1969.6610194287903,0.7399405470358976,0,100,900,1790574069.0578365,2823.424625,3046.62,performance,,32861568.0,31956448.0,30032268.0,0.0,0.0,10.57,13.35,14.37,,,
5,133,sharded_n,Sharded-N,3000,read-heavy,1,235134.95800083954,2514.0,84291.0,12271.785514814816,20933.626214335094,1.7058337752940256,0,100,900,1790574074.1278884,2387.182375,2997.459,performance,,32861568.0,31966480.0,30042208.0,0.0,0.0,9.72,13.13,14.29,,,
5,134,sharded_2key,Sharded-2key,1500,read-heavy,1,259447.8035370444,2192.0,30864.0,5577.889335555556,7601.846567478851,1.3628536010963563,0,100,900,1790574089.4859214,2300.0,2300.0,performance,,32861568.0,31984708.0,30059960.0,0.0,0.0,10.65,13.16,14.28,,,
5,135,sharded_n,Sharded-N,1000,read-heavy,1,268361.35374636814,2123.0,15639.0,3625.3139966666668,3617.4457538434135,0.99782963825189,0,100,900,1790574097.814937,2300.0,2300.0,performance,,32861568.0,31965604.0,30040740.0,0.0,0.0,16.01,14.28,14.63,,,
5,136,sharded_n,Sharded-N,1000,write-heavy,1,263753.86054364365,2130.0,15090.0,3692.8751944444443,3589.1322125900533,0.9719072602262698,0,100,900,1790574104.103684,2387.5955,3000.764,performance,,32861568.0,31965404.0,30040372.0,0.0,0.0,14.73,14.04,14.56,,,
5,137,global_mutex,GlobalMutex,3000,read-heavy,1,236325.79145376265,2515.0,82214.0,12195.437371481481,20714.373117880106,1.6985346639817773,0,100,900,1790574110.277347,2473.981375,3000.361,performance,,32861568.0,31959760.0,30034664.0,0.0,0.0,14.83,14.07,14.56,,,
5,138,thread_local,ThreadLocal,2000,mixed,1,245863.15809894275,2388.0,44498.0,7841.736228888889,11839.868250115276,1.5098529081477268,0,100,900,1790574125.5348794,2388.222,3005.776,performance,,32861568.0,31976604.0,30051132.0,0.0,0.0,16.92,14.56,14.72,,,
5,139,global_mutex,GlobalMutex,1500,read-heavy,1,255722.31636324647,2225.0,30050.0,5673.889908148148,7604.239778301314,1.340216306872827,0,100,900,1790574136.0433636,2387.80925,3002.474,performance,,32861568.0,31964712.0,30038960.0,0.0,0.0,16.56,14.56,14.71,,,
5,140,hdr_histogram,HdrHistogram,750,mixed,1,281612.8340822854,1956.0,8826.0,2593.7645614814815,1913.659471141509,0.7377922805948445,0,100,900,1790574144.4660056,2300.0,2300.0,performance,,32861568.0,31974448.0,30048524.0,0.0,0.0,16.63,14.64,14.74,,,
5,141,thread_local,ThreadLocal,250,read-heavy,1,300891.48490216595,797.0,1704.0,815.7383733333334,337.69461585375205,0.4139741697743581,0,100,900,1790574149.4945834,2387.7515,3002.012,performance,,32861568.0,31953712.0,30027756.0,0.0,0.0,16.9,14.73,14.77,,,
5,142,global_mutex,GlobalMutex,750,write-heavy,1,269071.2866775824,2026.0,9630.0,2718.4828474074075,2053.212287606761,0.755278735550931,0,100,900,1790574152.8328404,2836.189375,3076.264,performance,,32861568.0,31973340.0,30047372.0,0.0,0.0,15.55,14.48,14.69,,,
5,143,sharded_2key,Sharded-2key,1000,mixed,1,264115.82545974344,2179.0,15775.0,3683.6445444444444,3686.7571434637885,1.0008449781138733,0,100,900,1790574157.9786053,2387.932875,3003.463,performance,,32861568.0,31956776.0,30030680.0,0.0,0.0,14.3,14.24,14.61,,,
5,144,sharded_2key,Sharded-2key,3000,write-heavy,1,228438.06837065035,2604.0,87172.0,12641.490655925925,21247.43578305981,1.6807698048726314,0,100,900,1790574164.1285925,2387.110125,2996.881,performance,,32861568.0,31956216.0,30029936.0,0.0,0.0,13.16,14.01,14.53,,,
6,1,hdr_histogram,HdrHistogram,1000,read-heavy,1,270389.1911716535,2117.0,15317.0,3596.914551111111,3548.802474792441,0.9866240702593817,0,100,900,1790574179.6921518,2739.25725,3017.186,performance,,32861568.0,31985484.0,30058760.0,0.0,0.0,15.99,14.58,14.71,,,
6,2,sharded_n,Sharded-N,250,write-heavy,1,285107.2252730885,826.0,1984.0,853.0857066666666,386.1715357120064,0.45267612936679813,0,100,900,1790574185.9302208,2300.0,2300.0,performance,,32861568.0,31972044.0,30045352.0,0.0,0.0,16.15,14.64,14.73,,,
6,3,sharded_2key,Sharded-2key,1500,mixed,1,253981.9305891239,2314.0,31393.0,5714.319042222222,7647.490845128343,1.3383030923933739,0,100,900,1790574189.1381602,2300.0,2300.0,performance,,32861568.0,31986116.0,30059364.0,0.0,0.0,14.86,14.39,14.65,,,
6,4,global_mutex,GlobalMutex,1000,mixed,1,262194.4593559775,2219.0,15759.0,3713.4719977777777,3613.3023103456426,0.9730253284548588,0,100,900,1790574197.428322,2385.779125,2986.233,performance,,32861568.0,31956804.0,30029736.0,0.0,0.0,16.26,14.74,14.76,,,
6,5,sharded_n,Sharded-N,2000,read-heavy,1,250125.42344816812,2327.0,43018.0,7702.53037,11681.313335888313,1.5165553103672231,0,100,900,1790574203.6085043,2387.7245,3001.796,performance,,32861568.0,31961324.0,30034132.0,0.0,0.0,14.95,14.49,14.68,,,
6,6,thread_local,ThreadLocal,250,read-heavy,1,302265.52078336145,785.0,1767.0,811.2371422222222,355.77741989044046,0.43856155170097266,0,100,900,1790574214.181207,2300.0,2300.0,performance,,32861568.0,31971756.0,30044384.0,0.0,0.0,13.69,14.24,14.6,,,
6,7,thread_local,ThreadLocal,100,read-heavy,1,289035.3783702886,323.0,769.0,339.04044444444446,143.78307651749856,0.42408827286993195,0,100,900,1790574217.5260725,2388.413625,3007.309,performance,,32861568.0,31984624.0,30057264.0,0.0,0.0,12.59,14.01,14.52,,,
6,8,sharded_2key,Sharded-2key,100,write-heavy,1,279204.28330393287,337.0,756.0,351.57544444444443,143.13462246168237,0.4071234914823534,0,100,900,1790574220.3680634,2389.08175,3012.654,performance,,32861568.0,31979672.0,30052288.0,0.0,0.0,12.59,14.01,14.52,,,
6,9,sharded_n,Sharded-N,750,mixed,1,271867.5441798624,2009.0,9185.0,2697.650016296296,1991.5613686536838,0.7382578750478435,0,100,900,1790574223.0461967,2472.427375,2994.476,performance,,32861568.0,31976360.0,30048932.0,0.0,0.0,11.58,13.77,14.44,,,
6,10,global_mutex,GlobalMutex,750,write-heavy,1,272802.37869415747,2001.0,9344.0,2681.27068,2037.0268658901307,0.7597244400144377,0,100,900,1790574228.1590803,2300.0,2300.0,performance,,32861568.0,31960296.0,30032824.0,0.0,0.0,10.65,13.54,14.36,,,
6,11,global_mutex,GlobalMutex,2000,write-heavy,1,240384.49734324295,2454.0,46738.0,8026.329393888889,12039.805777674588,1.500038833048827,0,100,900,1790574233.2650368,2300.0,2300.0,performance,,32861568.0,31956256.0,30028604.0,0.0,0.0,9.8,13.32,14.28,,,
6,12,disabled,Disabled,1000,read-heavy,1,274116.19398106216,2080.0,15940.0,3549.2723733333332,3597.880960465926,1.0136953668300586,0,100,900,1790574243.97703,2565.088625,3019.958,performance,,32861568.0,31966240.0,30038276.0,0.0,0.0,9.25,13.09,14.2,,,
6,13,global_mutex,GlobalMutex,750,mixed,1,270488.03702099796,2004.0,9660.0,2715.862859259259,2059.166120405295,0.7581995951617838,0,100,900,1790574250.162323,2300.0,2300.0,performance,,32861568.0,31967316.0,30039308.0,0.0,0.0,9.55,13.09,14.19,,,
6,14,hdr_histogram,HdrHistogram,750,read-heavy,1,292403.2523896802,1904.0,8441.0,2500.029677037037,1797.8289798021178,0.7191230553442282,0,100,900,1790574255.2956915,2918.132875,3047.481,performance,,32861568.0,31961368.0,30033200.0,0.0,0.0,10.23,13.17,14.21,,,
6,15,sharded_n,Sharded-N,1000,read-heavy,1,266240.96314384195,2136.0,16379.0,3639.5512733333335,3742.5073743645494,1.0282881304037577,0,100,900,1790574260.412572,2758.06625,3062.594,performance,,32861568.0,31964288.0,30036088.0,0.0,0.0,10.85,13.25,14.23,,,
6,16,hdr_histogram,HdrHistogram,3000,write-heavy,1,226582.53630686936,2650.0,87557.0,12754.749272222221,21318.2540862997,1.671397346298873,0,100,900,1790574266.6992347,2300.0,2300.0,performance,,32861568.0,31950300.0,30021896.0,0.0,0.0,10.94,13.23,14.22,,,
6,17,sharded_2key,Sharded-2key,500,write-heavy,1,279853.63234625943,1639.0,4488.0,1752.3142311111112,883.5599044126542,0.5042245784036147,0,100,900,1790574282.3450701,2300.0,2300.0,performance,,32861568.0,31975644.0,30046864.0,0.0,0.0,11.45,13.24,14.21,,,
6,18,thread_local,ThreadLocal,750,read-heavy,1,278369.21820205497,1950.0,9013.0,2635.405848888889,1962.686664387669,0.7447379177727618,0,100,900,1790574286.476841,2569.257625,3053.098,performance,,32861568.0,31946708.0,30017996.0,0.0,0.0,10.53,13.02,14.13,,,
6,19,disabled,Disabled,250,read-heavy,1,312788.8144206531,768.0,1626.0,785.8071822222222,328.3220797000771,0.41781506599570545,0,100,900,1790574291.680118,2389.014625,3012.117,performance,,32861568.0,31937040.0,30008164.0,0.0,0.0,12.65,13.41,14.25,,,
6,20,sharded_2key,Sharded-2key,3000,write-heavy,1,227584.4545084596,2626.0,86276.0,12683.73440888889,21214.24428457172,1.6725550694048406,0,100,900,1790574294.988635,2387.350625,2998.805,performance,,32861568.0,31970624.0,30041748.0,0.0,0.0,13.72,13.62,14.32,,,
6,21,sharded_n,Sharded-N,750,read-heavy,1,278352.0380782619,1947.0,9401.0,2631.047557037037,2001.7019456167861,0.7608003664787456,0,100,900,1790574310.5843816,2387.746875,3001.975,performance,,32861568.0,31990328.0,30060864.0,0.0,0.0,13.69,13.62,14.31,,,
6,22,hdr_histogram,HdrHistogram,2000,read-heavy,1,252782.56964821875,2260.0,45397.0,7623.368931111111,11561.73956531355,1.5166181342909792,0,100,900,1790574315.8103943,2387.40775,2999.262,performance,,32861568.0,31969964.0,30040508.0,0.0,0.0,14.76,13.85,14.37,,,
6,23,thread_local,ThreadLocal,750,mixed,1,273423.0339277956,2007.0,9279.0,2673.868088888889,2001.4407405939335,0.7485188775432902,0,100,900,1790574326.2973328,2300.0,2300.0,performance,,32861568.0,31958524.0,30028784.0,0.0,0.0,16.3,14.2,14.48,,,
6,24,hdr_histogram,HdrHistogram,250,read-heavy,1,291367.1993512597,807.0,1986.0,840.3446311111111,388.77930662788964,0.4626426970965974,0,100,900,1790574331.3943975,2475.09875,3001.271,performance,,32861568.0,31964884.0,30035096.0,0.0,0.0,16.83,14.35,14.53,,,
6,25,thread_local,ThreadLocal,3000,write-heavy,1,227281.59552126538,2633.0,85195.0,12698.546894074074,21349.058814165423,1.6812206146301836,0,100,900,1790574334.769701,2387.81225,3002.498,performance,,32861568.0,31984796.0,30055076.0,0.0,0.0,15.89,14.19,14.48,,,
6,26,global_mutex,GlobalMutex,1000,write-heavy,1,273372.15806234203,2112.0,14887.0,3552.0527455555557,3499.369098368816,0.9851681123675151,0,100,900,1790574350.3859358,2300.0,2300.0,performance,,32861568.0,31985140.0,30054912.0,0.0,0.0,17.78,14.72,14.65,,,
6,27,disabled,Disabled,1000,mixed,1,274142.49355806794,2098.0,15028.0,3546.6203066666667,3506.208290191899,0.9886054855100208,0,100,900,1790574356.422449,2556.00975,3000.303,performance,,32861568.0,31955028.0,30024760.0,0.0,0.0,17.8,14.77,14.66,,,
6,28,global_mutex,GlobalMutex,250,read-heavy,1,294814.43307113106,806.0,1864.0,830.5709155555555,377.12471926716177,0.4540548100157217,0,100,900,1790574362.4444628,2387.187125,2997.497,performance,,32861568.0,31951220.0,30020744.0,0.0,0.0,16.09,14.51,14.58,,,
6,29,global_mutex,GlobalMutex,250,write-heavy,1,300023.2249978626,802.0,1677.0,819.3691288888889,339.2564118662554,0.4140458798176914,0,100,900,1790574365.8030148,2923.478875,3058.367,performance,,32861568.0,31963008.0,30032532.0,0.0,0.0,16.09,14.51,14.58,,,
6,30,sharded_n,Sharded-N,1500,write-heavy,1,248948.6017701741,2333.0,30464.0,5823.219877037037,7680.891305257799,1.3190110398451895,0,100,900,1790574368.978421,2562.009875,2999.98,performance,,32861568.0,31983564.0,30053060.0,0.0,0.0,14.8,14.27,14.5,,,
6,31,sharded_2key,Sharded-2key,100,read-heavy,1,283607.9903929495,329.0,834.0,346.08613333333335,151.1104806524646,0.43662679922203734,0,100,900,1790574377.374848,2387.790875,3002.327,performance,,32861568.0,31947548.0,30016776.0,0.0,0.0,16.5,14.63,14.62,,,
6,32,disabled,Disabled,250,mixed,1,309641.1959429071,775.0,1591.0,791.71248,336.0506884902452,0.4244605168914922,0,100,900,1790574380.2287827,2654.514,3030.072,performance,,32861568.0,31964188.0,30033388.0,0.0,0.0,15.18,14.39,14.54,,,
6,33,thread_local,ThreadLocal,2000,read-heavy,1,250200.96520301566,2322.0,45238.0,7706.535598888889,11699.233967547918,1.5180925095881848,0,100,900,1790574383.3778958,2300.0,2300.0,performance,,32861568.0,31967936.0,30037184.0,0.0,0.0,13.96,14.15,14.46,,,
6,34,sharded_2key,Sharded-2key,500,mixed,1,280242.9075274893,1645.0,4390.0,1752.157688888889,875.9431826130841,0.499922574416549,0,100,900,1790574393.9366796,2387.6115,3000.892,performance,,32861568.0,31976952.0,30045772.0,0.0,0.0,13.58,14.07,14.43,,,
6,35,thread_local,ThreadLocal,3000,read-heavy,1,235799.91046881757,2512.0,86605.0,12256.849172222222,20851.461921186274,1.701208983499779,0,100,900,1790574398.0663147,2300.0,2300.0,performance,,32861568.0,31987100.0,30055992.0,0.0,0.0,12.5,13.84,14.36,,,
6,36,disabled,Disabled,500,read-heavy,1,287466.6423947721,1575.0,4561.0,1706.5122666666666,887.4714425675975,0.5200498466390148,0,100,900,1790574413.3801324,2480.133,3039.797,performance,,32861568.0,31987980.0,30056416.0,0.0,0.0,11.29,13.52,14.24,,,
6,37,sharded_2key,Sharded-2key,750,mixed,1,295992.021111035,1893.0,8274.0,2464.4583318518517,1761.6095585152482,0.7148059822101084,0,100,900,1790574417.6406395,2387.177,2997.416,performance,,32861568.0,31971780.0,30040280.0,0.0,0.0,10.39,13.29,14.17,,,
6,38,thread_local,ThreadLocal,100,write-heavy,1,276479.92044456175,338.0,842.0,354.4202,151.21047441247003,0.4266418065687848,0,100,900,1790574422.5419998,2821.911125,3074.697,performance,,32861568.0,31937276.0,30005664.0,0.0,0.0,9.55,13.07,14.09,,,
6,39,sharded_2key,Sharded-2key,1000,read-heavy,1,279382.01986089157,2034.0,14812.0,3473.2241466666665,3457.7189197759208,0.9955357828242596,0,100,900,1790574425.2240338,2728.062625,3025.824,performance,,32861568.0,31970944.0,30039304.0,0.0,0.0,9.55,13.07,14.09,,,
6,40,hdr_histogram,HdrHistogram,1500,read-heavy,1,260485.4678933537,2208.0,30203.0,5568.825693333333,7641.838698352162,1.3722531677550112,0,100,900,1790574431.3684666,2735.94375,3035.148,performance,,32861568.0,31956380.0,30024552.0,0.0,0.0,10.87,13.29,14.15,,,
6,41,thread_local,ThreadLocal,1000,write-heavy,1,267350.59336961096,2124.0,15322.0,3632.9817911111113,3630.1880700131364,0.9992310115330579,0,100,900,1790574439.6888475,2389.5765,3016.612,performance,,32861568.0,31971156.0,30039000.0,0.0,0.0,15.1,14.09,14.41,,,
6,42,hdr_histogram,HdrHistogram,500,mixed,1,289670.72340322676,1564.0,4394.0,1689.6431777777777,880.8513582415286,0.5213238924208993,0,100,900,1790574445.79707,2555.7755,2996.672,performance,,32861568.0,31963248.0,30031136.0,0.0,0.0,14.77,14.04,14.39,,,
6,43,disabled,Disabled,3000,read-heavy,1,238809.6085040675,2481.0,82862.0,12056.778313333334,20596.25780021548,1.7082720827203497,0,100,900,1790574449.8777976,2388.20175,3005.614,performance,,32861568.0,31969344.0,30037184.0,0.0,0.0,14.47,13.99,14.37,,,
6,44,disabled,Disabled,500,mixed,1,293145.50070553087,1567.0,4250.0,1675.0441088888888,837.1384651594532,0.4997709975021221,0,100,900,1790574465.0293558,2300.0,2300.0,performance,,32861568.0,31975712.0,30043036.0,0.0,0.0,16.55,14.49,14.53,,,
6,45,thread_local,ThreadLocal,1500,write-heavy,1,250468.50342289006,2324.0,30422.0,5799.884268148148,7786.544364302535,1.3425344376377892,0,100,900,1790574469.0842433,2300.0,2300.0,performance,,32861568.0,31967464.0,30034908.0,0.0,0.0,15.22,14.25,14.45,,,
6,46,disabled,Disabled,2000,mixed,1,249746.6531794409,2331.0,46698.0,7727.592820555556,11693.254295510424,1.5131819917330696,0,100,900,1790574477.4477913,2387.98125,3003.85,performance,,32861568.0,31970416.0,30037548.0,0.0,0.0,15.09,14.27,14.46,,,
6,47,global_mutex,GlobalMutex,100,mixed,1,278764.84192415077,341.0,700.0,352.12013333333334,134.9427249966702,0.3832292227065787,0,100,900,1790574487.837886,2386.18175,2989.454,performance,,32861568.0,31965740.0,30032676.0,0.0,0.0,13.65,14.0,14.37,,,
6,48,disabled,Disabled,2000,write-heavy,1,244680.46298644372,2371.0,49524.0,7868.92583,12114.778518899266,1.5395720814538756,0,100,900,1790574490.5150578,2300.0,2300.0,performance,,32861568.0,31977340.0,30044252.0,0.0,0.0,13.65,14.0,14.37,,,
6,49,sharded_2key,Sharded-2key,500,read-heavy,1,308626.9222316045,1498.0,3765.0,1583.2008044444444,771.7729416442559,0.4874763450585007,0,100,900,1790574501.0882266,2720.784375,2994.861,performance,,32861568.0,31981192.0,30047792.0,0.0,0.0,15.48,14.39,14.49,,,
6,50,hdr_histogram,HdrHistogram,1000,mixed,1,266668.67612378404,2151.0,15432.0,3644.1799544444443,3580.915480876925,0.9826395857618496,0,100,900,1790574505.2434692,2387.41175,2999.294,performance,,32861568.0,31957700.0,30024304.0,0.0,0.0,16.16,14.55,14.54,,,
6,51,sharded_2key,Sharded-2key,3000,read-heavy,1,237493.70833427092,2473.0,83800.0,12148.91434925926,20527.152906171814,1.689628580468459,0,100,900,1790574511.367259,2758.097125,3123.289,performance,,32861568.0,31950776.0,30017172.0,0.0,0.0,18.63,15.09,14.72,,,
6,52,sharded_2key,Sharded-2key,2000,write-heavy,1,241783.997714461,2421.0,44526.0,7988.425578333334,11937.761333794992,1.4943822430008327,0,100,900,1790574526.6135135,2648.5215,3023.732,performance,,32861568.0,31974932.0,30040896.0,0.0,0.0,20.45,15.64,14.9,,,
6,53,hdr_histogram,HdrHistogram,100,mixed,1,272836.3890938177,343.0,883.0,359.80008888888887,151.82989397919152,0.42198403688020947,0,100,900,1790574537.2790444,2300.0,2300.0,performance,,32861568.0,31975572.0,30041412.0,0.0,0.0,20.7,15.86,14.98,,,
6,54,sharded_2key,Sharded-2key,250,write-heavy,1,286822.16409477167,829.0,1879.0,856.655071111111,381.88199074972556,0.4457826768648104,0,100,900,1790574539.9699914,2655.26,3024.82,performance,,32861568.0,31996612.0,30062484.0,0.0,0.0,19.04,15.59,14.9,,,
6,55,global_mutex,GlobalMutex,500,mixed,1,278286.53383231215,1628.0,4671.0,1759.9268644444444,917.3569107892172,0.521247177551778,0,100,900,1790574543.1695871,2758.984875,4548.074,performance,,32861568.0,31978276.0,30044136.0,0.0,0.0,17.52,15.33,14.82,,,
6,56,sharded_2key,Sharded-2key,1500,read-heavy,1,255365.54229901257,2256.0,30428.0,5698.2822985185185,7672.469970727628,1.3464531184638524,0,100,900,1790574547.3119175,2476.0165,3010.665,performance,,32861568.0,31974916.0,30040684.0,0.0,0.0,17.52,15.33,14.82,,,
6,57,sharded_n,Sharded-N,500,write-heavy,1,274426.24260147766,1669.0,4524.0,1786.1133111111112,909.9876787075893,0.5094792547856335,0,100,900,1790574555.7311757,2300.0,2300.0,performance,,32861568.0,31950816.0,30016244.0,0.0,0.0,16.34,15.14,14.76,,,
6,58,sharded_2key,Sharded-2key,250,mixed,1,293054.71767774713,817.0,1770.0,838.3637111111111,358.7924005183583,0.42796747493142195,0,100,900,1790574559.9045155,2387.77975,3002.238,performance,,32861568.0,31961976.0,30027476.0,0.0,0.0,15.76,15.04,14.73,,,
6,59,sharded_n,Sharded-N,100,write-heavy,1,271169.215764256,344.0,877.0,362.5165,158.05086289520509,0.4359825356782521,0,100,900,1790574563.0918896,2386.557,2992.456,performance,,32861568.0,31979368.0,30044824.0,0.0,0.0,14.49,14.79,14.65,,,
6,60,disabled,Disabled,750,mixed,1,283786.9635783611,1919.0,8924.0,2582.818616296296,1957.1982992073686,0.7577761314164395,0,100,900,1790574565.7807941,2387.823375,3002.587,performance,,32861568.0,31978800.0,30044244.0,0.0,0.0,14.49,14.79,14.65,,,
6,61,thread_local,ThreadLocal,1000,mixed,1,275366.7811481826,2046.0,14718.0,3531.005223333333,3439.864111102426,0.9741883383154929,0,100,900,1790574570.787411,2477.765125,3020.643,performance,,32861568.0,31955316.0,30020660.0,0.0,0.0,14.85,14.86,14.67,,,
6,62,thread_local,ThreadLocal,2000,mixed,1,249268.0521306098,2348.0,49341.0,7742.719781666667,11805.897674177879,1.524773982151862,0,100,900,1790574576.806414,2387.269875,2998.159,performance,,32861568.0,31962816.0,30027904.0,0.0,0.0,14.95,14.88,14.68,,,
6,63,thread_local,ThreadLocal,1000,read-heavy,1,276502.18759022217,2002.0,14808.0,3515.7897177777777,3514.463238245512,0.9996227079436639,0,100,900,1790574587.2208877,2300.0,2300.0,performance,,32861568.0,31982856.0,30047708.0,0.0,0.0,14.01,14.69,14.62,,,
6,64,disabled,Disabled,100,mixed,1,279222.97384082817,335.0,799.0,351.27095555555553,150.4787126444127,0.4283835889774087,0,100,900,1790574593.3771894,2300.0,2300.0,performance,,32861568.0,31962008.0,30026752.0,0.0,0.0,11.86,14.2,14.46,,,
6,65,global_mutex,GlobalMutex,100,read-heavy,1,280760.93375571177,333.0,812.0,349.6229666666667,147.80207691300544,0.4227470475471399,0,100,900,1790574596.0545,2475.192125,3002.362,performance,,32861568.0,31989104.0,30053820.0,0.0,0.0,11.86,14.2,14.46,,,
6,66,hdr_histogram,HdrHistogram,2000,write-heavy,1,239965.4637865071,2463.0,45424.0,8055.777227777778,11998.788594824437,1.4894638041194141,0,100,900,1790574598.904798,2935.17375,3112.265,performance,,32861568.0,31991252.0,30055936.0,0.0,0.0,10.91,13.97,14.39,,,
6,67,disabled,Disabled,250,write-heavy,1,300682.8519595315,787.0,1773.0,815.3535822222223,358.4305305501709,0.4396013439632889,0,100,900,1790574609.6325226,2387.502625,3000.021,performance,,32861568.0,31954940.0,30019368.0,0.0,0.0,14.7,14.69,14.62,,,
6,68,hdr_histogram,HdrHistogram,250,mixed,1,298524.1566722758,801.0,1798.0,823.5051777777778,362.9026109839771,0.44068042409067415,0,100,900,1790574612.800337,2646.026,3050.428,performance,,32861568.0,31980664.0,30045060.0,0.0,0.0,13.52,14.44,14.54,,,
6,69,sharded_n,Sharded-N,1000,mixed,1,265506.84137053805,2157.0,16131.0,3671.8156566666667,3711.72962063897,1.0108703616151955,0,100,900,1790574615.975211,2300.0,2300.0,performance,,32861568.0,31967904.0,30032272.0,0.0,0.0,13.52,14.44,14.54,,,
6,70,disabled,Disabled,1500,read-heavy,1,262851.27483065915,2182.0,30748.0,5512.676800740741,7329.858687765701,1.3296369355048685,0,100,900,1790574622.111034,2300.0,2300.0,performance,,32861568.0,31951440.0,30015604.0,0.0,0.0,13.48,14.42,14.53,,,
6,71,disabled,Disabled,3000,mixed,1,234953.29740370426,2534.0,86026.0,12291.713282222223,20735.39563910943,1.6869410441829529,0,100,900,1790574630.3886979,2387.644375,3001.155,performance,,32861568.0,31959452.0,30023372.0,0.0,0.0,14.28,14.54,14.57,,,
6,72,hdr_histogram,HdrHistogram,250,write-heavy,1,292544.6649880887,816.0,1791.0,837.63448,364.53744869935565,0.4351987142403159,0,100,900,1790574645.5729244,2300.0,2300.0,performance,,32861568.0,32000456.0,30064000.0,0.0,0.0,14.7,14.63,14.6,,,
6,73,thread_local,ThreadLocal,3000,mixed,1,234457.20140713992,2532.0,82262.0,12331.151715925926,20750.160388986926,1.6827430938334562,0,100,900,1790574648.7702892,2300.0,2300.0,performance,,32861568.0,31993800.0,30057416.0,0.0,0.0,13.52,14.39,14.52,,,
6,74,disabled,Disabled,1000,write-heavy,1,279114.5041742309,2012.0,14358.0,3476.9210188888887,3354.7443355927226,0.964860667633109,0,100,900,1790574664.0017624,2387.768625,3002.149,performance,,32861568.0,31973432.0,30036600.0,0.0,0.0,12.03,14.02,14.4,,,
6,75,global_mutex,GlobalMutex,2000,read-heavy,1,250057.7746332704,2341.0,42523.0,7739.629238888889,11724.420155551317,1.5148555303709212,0,100,900,1790574669.9683383,2742.824125,3024.375,performance,,32861568.0,31948272.0,30011368.0,0.0,0.0,12.91,14.17,14.44,,,
6,76,hdr_histogram,HdrHistogram,1500,write-heavy,1,252158.3291389908,2291.0,30584.0,5780.498427407408,7541.073578014782,1.3045715127712618,0,100,900,1790574680.546474,2387.60975,3000.878,performance,,32861568.0,31982584.0,30045416.0,0.0,0.0,13.96,14.36,14.5,,,
6,77,global_mutex,GlobalMutex,3000,mixed,1,230600.0763498063,2582.0,82326.0,12517.87183962963,20970.15688231186,1.6752174132286302,0,100,900,1790574688.8848894,2641.760875,3029.787,performance,,32861568.0,31950768.0,30013452.0,0.0,0.0,12.63,14.07,14.4,,,
6,78,sharded_2key,Sharded-2key,250,read-heavy,1,308119.85290407523,783.0,1633.0,796.9278133333333,327.9994573382235,0.41157988446442917,0,100,900,1790574704.3137562,2387.69525,3001.562,performance,,32861568.0,31981516.0,30043712.0,0.0,0.0,18.16,15.34,14.82,,,
6,79,global_mutex,GlobalMutex,3000,write-heavy,1,227951.35461155407,2627.0,90383.0,12665.74465074074,21447.115919372187,1.6933166198102596,0,100,900,1790574707.6368904,2387.571625,3000.573,performance,,32861568.0,31981812.0,30044048.0,0.0,0.0,16.71,15.08,14.74,,,
6,80,global_mutex,GlobalMutex,250,mixed,1,292415.4675716634,815.0,1824.0,839.59952,377.12895332907976,0.44917719025027525,0,100,900,1790574723.2159142,2664.22325,3063.108,performance,,32861568.0,31969748.0,30031568.0,0.0,0.0,16.02,15.03,14.73,,,
6,81,disabled,Disabled,100,write-heavy,1,272850.7699466737,341.0,876.0,359.759,163.48191021384022,0.4544206266246021,0,100,900,1790574726.4052126,2300.0,2300.0,performance,,32861568.0,31972228.0,30034100.0,0.0,0.0,16.02,15.03,14.73,,,
6,82,thread_local,ThreadLocal,500,read-heavy,1,296003.93562096736,1556.0,4201.0,1655.576568888889,820.8655432461914,0.4958185315446333,0,100,900,1790574729.0881464,2812.085375,3026.398,performance,,32861568.0,31982172.0,30044032.0,0.0,0.0,14.73,14.78,14.65,,,
6,83,hdr_histogram,HdrHistogram,100,read-heavy,1,277904.2593826939,337.0,777.0,352.40875555555556,146.23171613783302,0.4149491572855666,0,100,900,1790574733.300559,2387.0685,2996.548,performance,,32861568.0,31994044.0,30055944.0,0.0,0.0,13.55,14.53,14.57,,,
6,84,sharded_n,Sharded-N,750,write-heavy,1,266319.17719191714,2073.0,9436.0,2755.9060740740742,2048.6700830468067,0.743374421327155,0,100,900,1790574736.1606426,2387.547375,3000.379,performance,,32861568.0,31984312.0,30046176.0,0.0,0.0,13.55,14.53,14.57,,,
6,85,hdr_histogram,HdrHistogram,750,mixed,1,280216.98091714847,1925.0,9310.0,2612.437017777778,1991.6096312240109,0.7623569937460684,0,100,900,1790574741.33233,2300.0,2300.0,performance,,32861568.0,31954712.0,30016368.0,0.0,0.0,13.67,14.54,14.57,,,
6,86,thread_local,ThreadLocal,250,write-heavy,1,292062.27729870053,815.0,1765.0,840.1664222222222,352.7731188939902,0.4198848103937704,0,100,900,1790574746.371155,2300.0,2300.0,performance,,32861568.0,31964416.0,30025960.0,0.0,0.0,13.86,14.56,14.58,,,
6,87,thread_local,ThreadLocal,500,write-heavy,1,283959.80552991264,1595.0,4551.0,1724.8189933333333,915.7616532784366,0.5309320321830775,0,100,900,1790574749.5619638,2714.45475,3001.063,performance,,32861568.0,31973484.0,30035108.0,0.0,0.0,13.87,14.55,14.58,,,
6,88,hdr_histogram,HdrHistogram,2000,mixed,1,242845.057455069,2409.0,44696.0,7960.53267,11912.828995792417,1.4964864148710815,0,100,900,1790574753.6714027,2477.62325,3024.005,performance,,32861568.0,31980936.0,30042436.0,0.0,0.0,12.76,14.31,14.5,,,
6,89,sharded_n,Sharded-N,500,read-heavy,1,288254.49006556586,1596.0,4186.0,1698.1819177777777,833.2644499961366,0.49068032186241706,0,100,900,1790574764.3088963,2662.7,3054.647,performance,,32861568.0,31965232.0,30026408.0,0.0,0.0,11.9,14.09,14.42,,,
6,90,global_mutex,GlobalMutex,1500,read-heavy,1,261872.4169479457,2192.0,29823.0,5542.029945185185,7449.148084371903,1.3441190607141318,0,100,900,1790574768.5688703,2388.886,3011.088,performance,,32861568.0,31966720.0,30027888.0,0.0,0.0,10.95,13.85,14.35,,,
6,91,disabled,Disabled,2000,read-heavy,1,252901.30441788855,2283.0,44048.0,7620.543260555555,11579.523165738718,1.5195141304000082,0,100,900,1790574776.8490756,2300.0,2300.0,performance,,32861568.0,31945172.0,30006020.0,0.0,0.0,11.51,13.92,14.37,,,
6,92,thread_local,ThreadLocal,1500,read-heavy,1,260179.03492558005,2197.0,28456.0,5572.696416296296,7308.352913265393,1.3114572134045375,0,100,900,1790574787.314158,2458.964,2965.146,performance,,32861568.0,31960880.0,30021500.0,0.0,0.0,12.21,13.99,14.38,,,
6,93,disabled,Disabled,750,read-heavy,1,275424.1417941652,1955.0,9363.0,2659.858368888889,2034.143074259691,0.7647561607234825,0,100,900,1790574795.6370673,2300.0,2300.0,performance,,32861568.0,31968896.0,30029320.0,0.0,0.0,12.49,13.98,14.37,,,
6,94,sharded_n,Sharded-N,250,read-heavy,1,295123.81441533216,805.0,1811.0,832.6277066666667,365.9051484685628,0.43945829034854456,0,100,900,1790574800.8830361,2300.0,2300.0,performance,,32861568.0,31984336.0,30044728.0,0.0,0.0,13.42,14.15,14.43,,,
6,95,sharded_n,Sharded-N,1500,mixed,1,249757.66485543555,2338.0,31501.0,5811.273963703704,7782.287248175218,1.339170601279883,0,100,900,1790574804.2490642,2387.486375,2999.891,performance,,32861568.0,31983956.0,30044304.0,0.0,0.0,12.34,13.91,14.35,,,
6,96,sharded_n,Sharded-N,100,read-heavy,1,275013.6999602489,340.0,835.0,357.2459666666667,157.9256375831114,0.44206415836309815,0,100,900,1790574812.6374583,2387.814875,3002.519,performance,,32861568.0,31960488.0,30020616.0,0.0,0.0,11.18,13.62,14.25,,,
6,97,sharded_2key,Sharded-2key,100,mixed,1,275302.829977582,341.0,869.0,357.14877777777775,154.40362612125486,0.43232298618512044,0,100,900,1790574815.5013745,2481.427875,3052.838,performance,,32861568.0,31979760.0,30039852.0,0.0,0.0,11.18,13.62,14.25,,,
6,98,global_mutex,GlobalMutex,1500,write-heavy,1,247902.94072920617,2361.0,31113.0,5847.0913503703705,7847.489284728849,1.3421184678826281,0,100,900,1790574818.1876793,2476.143375,3010.425,performance,,32861568.0,31985392.0,30045448.0,0.0,0.0,10.28,13.39,14.17,,,
6,99,disabled,Disabled,3000,write-heavy,1,229013.99473800042,2602.0,87927.0,12584.215826296297,21364.28849983542,1.6977051883671657,0,100,900,1790574826.611279,2300.0,2300.0,performance,,32861568.0,31965244.0,30025076.0,0.0,0.0,10.34,13.35,14.15,,,
6,100,disabled,Disabled,500,write-heavy,1,287469.2666048105,1579.0,4314.0,1704.3608333333334,864.711418786044,0.5073523175810545,0,100,900,1790574842.1078699,2801.444125,3007.956,performance,,32861568.0,31982800.0,30042232.0,0.0,0.0,13.04,13.79,14.29,,,
6,101,sharded_2key,Sharded-2key,2000,mixed,1,244809.20701967442,2375.0,41350.0,7870.772145555556,11838.897243659927,1.5041595696992804,0,100,900,1790574846.2038703,2386.2925,2990.34,performance,,32861568.0,31982976.0,30042500.0,0.0,0.0,12.96,13.76,14.27,,,
6,102,sharded_n,Sharded-N,500,mixed,1,274826.23964424495,1652.0,4715.0,1781.8096244444444,931.2351562624765,0.52263448546184,0,100,900,1790574856.7787066,2652.953375,3022.971,performance,,32861568.0,31980520.0,30039680.0,0.0,0.0,16.68,14.53,14.52,,,
6,103,sharded_n,Sharded-N,100,mixed,1,275208.5917529269,342.0,792.0,357.2572666666667,148.3549448090723,0.4152608180465439,0,100,900,1790574860.9452894,2387.54825,3000.386,performance,,32861568.0,31970996.0,30030224.0,0.0,0.0,16.87,14.6,14.54,,,
6,104,global_mutex,GlobalMutex,500,write-heavy,1,280254.8807782534,1637.0,4334.0,1751.5903355555556,873.9423690013255,0.4989422191143429,0,100,900,1790574863.6304238,2300.0,2300.0,performance,,32861568.0,31977572.0,30036764.0,0.0,0.0,15.51,14.36,14.46,,,
6,105,disabled,Disabled,1500,write-heavy,1,253003.67272125572,2283.0,31820.0,5741.233535555555,7709.351145904024,1.3428039633224957,0,100,900,1790574867.7555907,2387.589875,3000.719,performance,,32861568.0,31963348.0,30022460.0,0.0,0.0,14.27,14.12,14.39,,,
6,106,sharded_2key,Sharded-2key,2000,read-heavy,1,247473.81173349207,2331.0,45543.0,7788.537810555556,11698.978342202536,1.5020763366324403,0,100,900,1790574876.0732317,2300.0,2300.0,performance,,32861568.0,31958092.0,30016892.0,0.0,0.0,14.01,14.07,14.37,,,
6,107,hdr_histogram,HdrHistogram,500,read-heavy,1,290905.1356335757,1573.0,4339.0,1684.3406444444445,851.8634469260594,0.5057548481869202,0,100,900,1790574886.716616,2387.612375,3000.899,performance,,32861568.0,31984292.0,30042940.0,0.0,0.0,16.09,14.53,14.51,,,
6,108,global_mutex,GlobalMutex,750,read-heavy,1,293239.29697907326,1861.0,8471.0,2497.2696074074074,1862.2701208923027,0.7457224944268862,0,100,900,1790574890.9694526,2300.0,2300.0,performance,,32861568.0,31949284.0,30007992.0,0.0,0.0,15.84,14.5,14.5,,,
6,109,disabled,Disabled,1500,mixed,1,256044.00828881367,2283.0,29943.0,5662.730419259259,7480.344579149798,1.3209784018163275,0,100,900,1790574896.0761893,2300.0,2300.0,performance,,32861568.0,31953420.0,30011920.0,0.0,0.0,16.02,14.56,14.52,,,
6,110,thread_local,ThreadLocal,2000,write-heavy,1,238429.4157181835,2443.0,47072.0,8082.652895,12218.487237610867,1.511692682630146,0,100,900,1790574904.3166606,2386.874375,2994.995,performance,,32861568.0,31940332.0,29998592.0,0.0,0.0,14.44,14.27,14.43,,,
6,111,sharded_n,Sharded-N,2000,write-heavy,1,239614.66839940962,2437.0,46372.0,8055.662551666666,12021.93573507286,1.4923584072654081,0,100,900,1790574915.1004457,2387.720125,3001.761,performance,,32861568.0,31983224.0,30041136.0,0.0,0.0,14.6,14.32,14.44,,,
6,112,hdr_histogram,HdrHistogram,1500,mixed,1,251458.70810067854,2301.0,31483.0,5773.200942962963,7691.629660386882,1.3322989683500137,0,100,900,1790574925.8536704,2388.38825,3007.106,performance,,32861568.0,31981784.0,30039428.0,0.0,0.0,17.39,14.94,14.65,,,
6,113,global_mutex,GlobalMutex,2000,mixed,1,241509.2194494212,2428.0,50301.0,7991.5867311111115,12122.537866862334,1.5169125074585628,0,100,900,1790574934.1816697,2388.083875,3004.671,performance,,32861568.0,31961480.0,30019004.0,0.0,0.0,16.71,14.89,14.64,,,
6,114,hdr_histogram,HdrHistogram,750,write-heavy,1,265000.22444144933,2054.0,9601.0,2764.7534962962964,2068.1115565002647,0.7480274676461163,0,100,900,1790574944.831078,2300.0,2300.0,performance,,32861568.0,31963868.0,30021164.0,0.0,0.0,15.85,14.76,14.6,,,
6,115,global_mutex,GlobalMutex,500,read-heavy,1,293796.5192063047,1535.0,4393.0,1667.7949466666666,858.2603939336457,0.5146078633041821,0,100,900,1790574950.0151546,2300.0,2300.0,performance,,32861568.0,31971548.0,30028768.0,0.0,0.0,14.74,14.55,14.53,,,
6,116,thread_local,ThreadLocal,1500,mixed,1,255920.50015821052,2275.0,30334.0,5659.882725185185,7647.886520382109,1.3512446974123264,0,100,900,1790574954.2390661,2832.767,3055.074,performance,,32861568.0,31970056.0,30027328.0,0.0,0.0,13.56,14.31,14.45,,,
6,117,disabled,Disabled,100,read-heavy,1,284864.3752163664,329.0,795.0,344.8226222222222,143.72346196678842,0.41680403982939757,0,100,900,1790574962.4872634,2300.0,2300.0,performance,,32861568.0,31966344.0,30023228.0,0.0,0.0,14.15,14.42,14.49,,,
6,118,sharded_2key,Sharded-2key,3000,mixed,1,230909.24746618266,2566.0,85412.0,12482.105414444444,21155.881830743685,1.6948969046729763,0,100,900,1790574965.3333704,2483.52775,3043.759,performance,,32861568.0,31976880.0,30033740.0,0.0,0.0,13.02,14.18,14.41,,,
6,119,sharded_2key,Sharded-2key,750,read-heavy,1,282127.64031242026,1922.0,9067.0,2597.238946666667,1965.4675899327651,0.7567527017316885,0,100,900,1790574980.751493,2387.466375,2999.731,performance,,32861568.0,31974788.0,30031296.0,0.0,0.0,13.13,14.14,14.39,,,
6,120,thread_local,ThreadLocal,100,mixed,1,280663.74430844333,334.0,746.0,348.8028444444444,146.90033421715185,0.4211557805703314,0,100,900,1790574985.9430666,2300.0,2300.0,performance,,32861568.0,31982744.0,30039264.0,0.0,0.0,14.4,14.39,14.47,,,
6,121,hdr_histogram,HdrHistogram,1000,write-heavy,1,267517.2083424111,2152.0,15327.0,3635.610368888889,3555.300786444952,0.9779102889761861,0,100,900,1790574988.6189227,2571.1745,3122.979,performance,,32861568.0,31990700.0,30047240.0,0.0,0.0,13.24,14.15,14.39,,,
6,122,global_mutex,GlobalMutex,3000,read-heavy,1,234533.00645407324,2531.0,87208.0,12321.802721851851,20757.943494652114,1.6846515045918857,0,100,900,1790574994.7220478,2300.0,2300.0,performance,,32861568.0,31959548.0,30015836.0,0.0,0.0,13.55,14.2,14.41,,,
6,123,hdr_histogram,HdrHistogram,3000,mixed,1,230551.6044394836,2579.0,84985.0,12503.343165185186,20972.852814244332,1.677379604571839,0,100,900,1790575010.0853217,2300.0,2300.0,performance,,32861568.0,31986172.0,30042016.0,0.0,0.0,14.92,14.47,14.49,,,
6,124,thread_local,ThreadLocal,750,write-heavy,1,272866.19017255265,1994.0,9170.0,2677.1775333333335,2004.3536295869108,0.7486816263138535,0,100,900,1790575025.5028841,2386.952625,2995.621,performance,,32861568.0,31974296.0,30029780.0,0.0,0.0,14.81,14.46,14.49,,,
6,125,sharded_n,Sharded-N,2000,mixed,1,245254.82427306467,2400.0,49521.0,7858.859363888889,11910.582507666404,1.5155612228404296,0,100,900,1790575030.6093159,2389.141,3013.128,performance,,32861568.0,31971188.0,30026704.0,0.0,0.0,14.75,14.45,14.48,,,
6,126,sharded_n,Sharded-N,3000,write-heavy,1,225620.02654536266,2645.0,86110.0,12792.899827037038,21390.801491314047,1.6720838731267051,0,100,900,1790575041.168847,2564.808,3017.309,performance,,32861568.0,31966276.0,30021416.0,0.0,0.0,15.37,14.59,14.53,,,
6,127,hdr_histogram,HdrHistogram,3000,read-heavy,1,233884.18704943504,2525.0,84000.0,12339.979893333333,20936.67142332772,1.6966536091877058,0,100,900,1790575056.8836873,2386.984,2995.872,performance,,32861568.0,31971368.0,30026092.0,0.0,0.0,22.52,16.3,15.09,,,
6,128,sharded_2key,Sharded-2key,1000,mixed,1,267743.42385804834,2114.0,15492.0,3639.1656755555555,3620.240684612245,0.994799634688129,0,100,900,1790575072.3015878,2474.95825,3000.001,performance,,32861568.0,31970512.0,30024936.0,0.0,0.0,29.31,18.15,15.72,,,
6,129,thread_local,ThreadLocal,250,mixed,1,308582.27839487005,792.0,1514.0,795.7411066666666,306.09284237907235,0.3846638558881107,0,100,900,1790575078.4022439,2300.0,2300.0,performance,,32861568.0,31948148.0,30002452.0,0.0,0.0,24.8,17.55,15.55,,,
6,130,hdr_histogram,HdrHistogram,100,write-heavy,1,281481.37152999267,336.0,725.0,347.94467777777777,139.6259139807555,0.40128768421608263,0,100,900,1790575081.552189,2300.0,2300.0,performance,,32861568.0,31958788.0,30013140.0,0.0,0.0,24.8,17.55,15.55,,,
6,131,global_mutex,GlobalMutex,1000,read-heavy,1,275362.20995943533,2063.0,15199.0,3536.643401111111,3525.014793922333,0.9967119650273124,0,100,900,1790575084.2311454,2300.0,2300.0,performance,,32861568.0,31974784.0,30029108.0,0.0,0.0,22.82,17.26,15.47,,,
6,132,sharded_n,Sharded-N,3000,mixed,1,229331.02328114308,2609.0,85869.0,12585.792123333333,20935.372974739133,1.6634132178241017,0,100,900,1790575090.4290679,2841.06175,3082.436,performance,,32861568.0,31940536.0,29994704.0,0.0,0.0,29.96,18.83,15.99,,,
6,133,disabled,Disabled,750,write-heavy,1,277575.7049491485,1954.0,9068.0,2629.5218622222224,1971.8258341857409,0.7498799924482623,0,100,900,1790575105.9129615,2300.0,2300.0,performance,,32861568.0,31971492.0,30025264.0,0.0,0.0,31.22,19.62,16.29,,,
6,134,thread_local,ThreadLocal,500,mixed,1,283209.86109246087,1605.0,4690.0,1727.2819111111112,890.0459244886694,0.5152870059966808,0,100,900,1790575110.962093,2388.83725,3010.698,performance,,32861568.0,31972740.0,30026552.0,0.0,0.0,30.8,19.73,16.34,,,
6,135,sharded_n,Sharded-N,1000,write-heavy,1,260393.47793427954,2181.0,16133.0,3735.861018888889,3740.290775211695,1.0011857390573173,0,100,900,1790575115.0733314,2390.834375,3026.675,performance,,32861568.0,31968328.0,30022084.0,0.0,0.0,29.69,19.68,16.34,,,
6,136,sharded_n,Sharded-N,1500,read-heavy,1,254288.7288298895,2268.0,30643.0,5694.685012592593,7705.86131225496,1.3531672595086603,0,100,900,1790575121.2791185,3041.7485,3114.059,performance,,32861568.0,31974116.0,30027548.0,0.0,0.0,28.6,19.62,16.34,,,
6,137,sharded_n,Sharded-N,250,mixed,1,293986.1898850555,810.0,1784.0,835.4713511111111,372.6812414003765,0.44607303518515606,0,100,900,1790575129.7187824,2386.46875,2991.75,performance,,32861568.0,31973376.0,30026696.0,0.0,0.0,29.63,20.11,16.54,,,
6,138,global_mutex,GlobalMutex,100,write-heavy,1,283413.7354482989,333.0,713.0,345.73703333333333,137.66434367852054,0.3981764474325059,0,100,900,1790575132.9042034,2300.0,2300.0,performance,,32861568.0,31996316.0,30049636.0,0.0,0.0,27.34,19.8,16.45,,,
6,139,sharded_2key,Sharded-2key,1000,write-heavy,1,268318.8763609699,2139.0,15604.0,3629.7318811111113,3601.3606375649574,0.9921836530974103,0,100,900,1790575135.5774343,2387.279375,2998.235,performance,,32861568.0,31990304.0,30043596.0,0.0,0.0,27.34,19.8,16.45,,,
6,140,hdr_histogram,HdrHistogram,500,write-heavy,1,283980.6027061943,1614.0,4398.0,1722.8432,860.0194219455467,0.4991861255542853,0,100,900,1790575141.675404,2300.0,2300.0,performance,,32861568.0,31961540.0,30014716.0,0.0,0.0,26.99,19.85,16.49,,,
6,141,sharded_n,Sharded-N,3000,read-heavy,1,230594.1350648572,2579.0,84214.0,12490.70185148148,21017.62232621137,1.6826614369726982,0,100,900,1790575145.7942946,2300.0,2300.0,performance,,32861568.0,31979464.0,30032556.0,0.0,0.0,26.03,19.77,16.48,,,
6,142,sharded_2key,Sharded-2key,750,write-heavy,1,270391.5035352932,2055.0,9690.0,2718.0609244444445,2038.1859623115524,0.7498676515973038,0,100,900,1790575161.3902795,2300.0,2300.0,performance,,32861568.0,31964684.0,30017216.0,0.0,0.0,24.22,19.68,16.51,,,
6,143,global_mutex,GlobalMutex,1500,mixed,1,251988.20504361327,2304.0,30907.0,5755.563971851851,7712.982896296303,1.3400915938068625,0,100,900,1790575166.5200875,2300.0,2300.0,performance,,32861568.0,31959436.0,30012068.0,0.0,0.0,27.41,20.42,16.76,,,
6,144,sharded_2key,Sharded-2key,1500,write-heavy,1,251081.12440149736,2328.0,31119.0,5782.538653333333,7724.6949668222505,1.3358656863226268,0,100,900,1790575174.8658953,2300.0,2300.0,performance,,32861568.0,31966808.0,30019084.0,0.0,0.0,27.11,20.58,16.86,,,
7,1,global_mutex,GlobalMutex,750,mixed,1,270655.33451359376,2032.0,9242.0,2715.7729496296297,2008.2762242099993,0.7394860547837341,0,100,900,1790575183.2116377,2475.814375,3005.269,performance,,32861568.0,31952288.0,30004464.0,0.0,0.0,23.75,20.09,16.73,,,
7,2,hdr_histogram,HdrHistogram,500,mixed,1,286437.04093312303,1591.0,4556.0,1709.0575222222221,885.8123281517305,0.5183045723352498,0,100,900,1790575188.3290749,2300.0,2300.0,performance,,32861568.0,31971308.0,30023392.0,0.0,0.0,21.85,19.75,16.64,,,
7,3,thread_local,ThreadLocal,750,read-heavy,1,281608.45964295324,1915.0,9425.0,2591.455802962963,2011.214316349258,0.7760943922137199,0,100,900,1790575192.4295468,2387.280625,2998.245,performance,,32861568.0,31957956.0,30010096.0,0.0,0.0,21.85,19.75,16.64,,,
7,4,sharded_2key,Sharded-2key,100,read-heavy,1,279626.7309993737,332.0,847.0,350.65094444444446,151.00211459366759,0.43063370279212715,0,100,900,1790575197.619243,2837.932875,3093.921,performance,,32861568.0,31933500.0,29985380.0,0.0,0.0,18.49,19.1,16.46,,,
7,5,global_mutex,GlobalMutex,750,read-heavy,1,288695.9662483467,1896.0,9259.0,2535.7813733333332,1949.8656540044262,0.7689407590534079,0,100,900,1790575200.4675548,2756.802,3076.033,performance,,32861568.0,31953616.0,30005468.0,0.0,0.0,18.49,19.1,16.46,,,
7,6,disabled,Disabled,500,read-heavy,1,296446.09883004497,1556.0,4117.0,1654.8592,813.4787520500133,0.49156976741587033,0,100,900,1790575205.5956407,2387.695125,3001.561,performance,,32861568.0,31964328.0,30016160.0,0.0,0.0,18.37,19.07,16.47,,,
7,7,sharded_n,Sharded-N,100,read-heavy,1,283468.07568358246,333.0,728.0,347.0765,138.78195642921736,0.3998598476970275,0,100,900,1790575209.8110888,2300.0,2300.0,performance,,32861568.0,31968424.0,30020192.0,0.0,0.0,17.78,18.93,16.44,,,
7,8,sharded_2key,Sharded-2key,750,write-heavy,1,276804.922614103,1990.0,8937.0,2640.903665185185,1947.7060014939063,0.7375149753360388,0,100,900,1790575212.660573,2477.16525,3016.658,performance,,32861568.0,31990288.0,30042056.0,0.0,0.0,16.36,18.62,16.35,,,
7,9,hdr_histogram,HdrHistogram,500,write-heavy,1,279089.7923291739,1639.0,4490.0,1761.1067155555556,892.2476415649053,0.5066403038974492,0,100,900,1790575217.7312834,2639.36,3026.84,performance,,32861568.0,31946456.0,29998048.0,0.0,0.0,15.05,18.31,16.26,,,
7,10,disabled,Disabled,1000,write-heavy,1,269895.7507690369,2068.0,15200.0,3596.9498177777778,3579.0830675323805,0.995032805251524,0,100,900,1790575221.8708978,2300.0,2300.0,performance,,32861568.0,31975516.0,30027116.0,0.0,0.0,15.05,18.31,16.26,,,
7,11,thread_local,ThreadLocal,1000,mixed,1,265848.6241410172,2143.0,15583.0,3658.1309866666666,3653.4790107602257,0.9987283189357088,0,100,900,1790575227.9459417,2300.0,2300.0,performance,,32861568.0,31967328.0,30018672.0,0.0,0.0,14.5,18.1,16.21,,,
7,12,sharded_2key,Sharded-2key,500,write-heavy,1,275495.950764495,1661.0,4575.0,1780.2804244444444,910.3779881761452,0.5113677461573158,0,100,900,1790575234.0701125,2562.905875,3003.478,performance,,32861568.0,31973900.0,30025144.0,0.0,0.0,13.34,17.8,16.13,,,
7,13,sharded_2key,Sharded-2key,3000,mixed,1,232185.5999995443,2561.0,82680.0,12453.585920370371,20841.28176547287,1.6735165195578503,0,100,900,1790575238.2271624,2889.104,3007.944,performance,,32861568.0,31961356.0,30012668.0,0.0,0.0,12.27,17.5,16.04,,,
7,14,hdr_histogram,HdrHistogram,750,read-heavy,1,291826.4362002651,1837.0,8931.0,2507.6118592592593,1929.1442518402591,0.7693153327206398,0,100,900,1790575253.5628736,2570.419875,3062.591,performance,,32861568.0,31965768.0,30016500.0,0.0,0.0,12.71,17.37,16.02,,,
7,15,sharded_2key,Sharded-2key,3000,write-heavy,1,225921.99366189385,2649.0,90555.0,12754.752081481482,21494.860903558754,1.6852433325432459,0,100,900,1790575258.6770458,2300.0,2300.0,performance,,32861568.0,31947596.0,29998320.0,0.0,0.0,11.69,17.08,15.94,,,
7,16,global_mutex,GlobalMutex,100,mixed,1,279016.382307379,337.0,776.0,351.8178111111111,148.34788995036212,0.4216611134093802,0,100,900,1790575274.356774,2388.295625,3006.365,performance,,32861568.0,31988512.0,30038776.0,0.0,0.0,11.51,16.8,15.86,,,
7,17,thread_local,ThreadLocal,2000,write-heavy,1,244533.12484406505,2390.0,49009.0,7890.254487222222,12024.985004679367,1.5240300581119512,0,100,900,1790575277.035308,2300.0,2300.0,performance,,32861568.0,31991540.0,30041768.0,0.0,0.0,11.51,16.8,15.86,,,
7,18,sharded_2key,Sharded-2key,250,write-heavy,1,293680.81163153634,806.0,1783.0,832.6978444444444,365.0437418044662,0.4383867980924275,0,100,900,1790575287.6190884,2300.0,2300.0,performance,,32861568.0,31975628.0,30025632.0,0.0,0.0,11.78,16.62,15.82,,,
7,19,global_mutex,GlobalMutex,3000,read-heavy,1,234427.91615997662,2547.0,84533.0,12313.986253333333,20868.413911633776,1.6946919935033062,0,100,900,1790575290.8010483,2300.0,2300.0,performance,,32861568.0,31985664.0,30035684.0,0.0,0.0,11.78,16.62,15.82,,,
7,20,hdr_histogram,HdrHistogram,3000,mixed,1,230852.53613649704,2558.0,85832.0,12510.269427037038,21364.822471011736,1.707782761643674,0,100,900,1790575306.1602821,2300.0,2300.0,performance,,32861568.0,31972188.0,30021768.0,0.0,0.0,14.67,17.03,15.97,,,
7,21,sharded_n,Sharded-N,250,read-heavy,1,293821.05371704674,801.0,1878.0,832.8620266666667,387.9413399370802,0.46579304556569073,0,100,900,1790575321.5710506,2300.0,2300.0,performance,,32861568.0,31971288.0,30020464.0,0.0,0.0,14.8,16.93,15.95,,,
7,22,thread_local,ThreadLocal,250,read-heavy,1,297698.46340953454,799.0,1810.0,826.51024,368.6513657960257,0.44603363389185074,0,100,900,1790575324.9296944,2559.58225,3005.556,performance,,32861568.0,31985260.0,30034448.0,0.0,0.0,14.42,16.82,15.92,,,
7,23,global_mutex,GlobalMutex,750,write-heavy,1,266814.0506900591,2037.0,9384.0,2734.294656296296,2030.060657761232,0.7424439985231968,0,100,900,1790575328.282076,2828.57225,3093.277,performance,,32861568.0,31993332.0,30042448.0,0.0,0.0,13.26,16.54,15.83,,,
7,24,disabled,Disabled,2000,write-heavy,1,242545.86021046163,2429.0,49110.0,7960.158077222222,11993.585414382207,1.5067019144634235,0,100,900,1790575333.4580429,2388.725,3009.8,performance,,32861568.0,31933748.0,29982816.0,0.0,0.0,12.2,16.26,15.75,,,
7,25,disabled,Disabled,750,mixed,1,275782.867563553,1939.0,9556.0,2652.4129614814815,2049.3357556797123,0.772630727356676,0,100,900,1790575344.0740845,2300.0,2300.0,performance,,32861568.0,31950236.0,29998984.0,0.0,0.0,12.54,16.22,15.74,,,
7,26,disabled,Disabled,250,read-heavy,1,302906.0181413457,787.0,1787.0,809.4377022222222,355.98578340308933,0.43979392413495133,0,100,900,1790575349.1434913,2387.563,3000.504,performance,,32861568.0,31966408.0,30015164.0,0.0,0.0,11.53,15.95,15.66,,,
7,27,thread_local,ThreadLocal,250,write-heavy,1,291991.60162594833,812.0,1814.0,839.39208,373.2736010111823,0.4446951667821101,0,100,900,1790575352.4775126,2486.96125,3098.392,performance,,32861568.0,31981416.0,30030192.0,0.0,0.0,11.53,15.95,15.66,,,
7,28,thread_local,ThreadLocal,1500,write-heavy,1,253835.93685423577,2261.0,30313.0,5708.195958518519,7603.58631924987,1.332047178216228,0,100,900,1790575355.6702948,2300.0,2300.0,performance,,32861568.0,31986152.0,30034888.0,0.0,0.0,10.61,15.68,15.57,,,
7,29,sharded_2key,Sharded-2key,2000,mixed,1,246429.09122233366,2360.0,44501.0,7815.396752777778,11840.848294262367,1.5150668185916278,0,100,900,1790575363.9681132,2644.099,3017.727,performance,,32861568.0,31962684.0,30011144.0,0.0,0.0,9.93,15.38,15.47,,,
7,30,hdr_histogram,HdrHistogram,3000,read-heavy,1,235057.81698363248,2488.0,76274.0,12299.542004444444,20658.02283885852,1.6795765916644487,0,100,900,1790575374.4961798,2300.0,2300.0,performance,,32861568.0,31965144.0,30013312.0,0.0,0.0,9.0,15.0,15.35,,,
7,31,hdr_histogram,HdrHistogram,750,write-heavy,1,271455.13427001593,1992.0,9582.0,2690.1967674074076,2022.4453690319017,0.7517834358937877,0,100,900,1790575389.8661487,2300.0,2300.0,performance,,32861568.0,31972396.0,30020168.0,0.0,0.0,9.63,14.84,15.29,,,
7,32,global_mutex,GlobalMutex,1500,mixed,1,251727.48006502722,2309.0,32391.0,5769.0354355555555,7750.470125553999,1.3434603084228816,0,100,900,1790575394.9899673,2300.0,2300.0,performance,,32861568.0,31957112.0,30004900.0,0.0,0.0,10.14,14.86,15.29,,,
7,33,sharded_n,Sharded-N,1500,mixed,1,247830.38463949243,2350.0,31178.0,5851.277191111111,7760.096668303635,1.3262227057183824,0,100,900,1790575403.3228354,2475.269875,3002.158,performance,,32861568.0,31978220.0,30025784.0,0.0,0.0,9.32,14.53,15.18,,,
7,34,sharded_n,Sharded-N,500,read-heavy,1,277647.5203005656,1636.0,4639.0,1768.1639666666667,918.3944386966988,0.5194056976673103,0,100,900,1790575411.7546947,2475.573625,3005.418,performance,,32861568.0,31965132.0,30012548.0,0.0,0.0,9.85,14.56,15.19,,,
7,35,global_mutex,GlobalMutex,1500,read-heavy,1,260649.3717005674,2200.0,30172.0,5576.154671111111,7501.457072156967,1.3452742103838051,0,100,900,1790575416.0778902,2300.0,2300.0,performance,,32861568.0,31970044.0,30017480.0,0.0,0.0,10.35,14.58,15.19,,,
7,36,sharded_n,Sharded-N,2000,write-heavy,1,239902.71004688976,2444.0,46529.0,8038.145167222222,12054.94634754425,1.4997174219621778,0,100,900,1790575424.3904169,2753.091125,3049.076,performance,,32861568.0,31965232.0,30012372.0,0.0,0.0,10.75,14.54,15.17,,,
7,37,sharded_2key,Sharded-2key,500,mixed,1,284598.92373958643,1621.0,4246.0,1722.6001911111111,846.3124842116249,0.491299425472452,0,100,900,1790575435.127079,2300.0,2300.0,performance,,32861568.0,31971564.0,30018400.0,0.0,0.0,12.35,14.76,15.24,,,
7,38,thread_local,ThreadLocal,750,mixed,1,276882.56448857655,1913.0,9330.0,2640.8358562962962,2046.538555521513,0.7749586369187407,0,100,900,1790575439.2314787,2745.078125,3043.923,performance,,32861568.0,31973832.0,30020696.0,0.0,0.0,11.36,14.51,15.15,,,
7,39,hdr_histogram,HdrHistogram,1000,mixed,1,266569.13853638177,2161.0,15960.0,3639.405061111111,3666.3239032104807,1.0073964952093437,0,100,900,1790575444.2923205,2300.0,2300.0,performance,,32861568.0,31955808.0,30002568.0,0.0,0.0,10.45,14.27,15.07,,,
7,40,global_mutex,GlobalMutex,250,mixed,1,286296.1033812633,831.0,1910.0,858.1899911111111,389.5943053997655,0.4539720917688076,0,100,900,1790575450.4127505,2651.871375,3008.56,performance,,32861568.0,31962228.0,30008824.0,0.0,0.0,12.26,14.58,15.17,,,
7,41,sharded_n,Sharded-N,3000,mixed,1,229282.83200853705,2606.0,87436.0,12601.984555925927,21313.72873106523,1.6912993851466602,0,100,900,1790575453.6152964,2300.0,2300.0,performance,,32861568.0,31995808.0,30042428.0,0.0,0.0,11.28,14.34,15.09,,,
7,42,disabled,Disabled,3000,mixed,1,231567.98971559556,2586.0,89656.0,12469.160737037037,20964.653788381478,1.681320357520964,0,100,900,1790575469.1270914,2387.2005,2997.604,performance,,32861568.0,31999244.0,30045400.0,0.0,0.0,10.41,14.01,14.97,,,
7,43,disabled,Disabled,100,read-heavy,1,283882.85826194135,329.0,775.0,345.5968222222222,147.08928435737397,0.4256094816253666,0,100,900,1790575484.490718,2796.865125,3006.501,performance,,32861568.0,31985260.0,30031040.0,0.0,0.0,10.03,13.76,14.87,,,
7,44,hdr_histogram,HdrHistogram,2000,read-heavy,1,249160.63712759104,2342.0,47273.0,7726.030333333333,11637.041973514559,1.5062123071543587,0,100,900,1790575487.3408768,2387.072375,2996.579,performance,,32861568.0,31984584.0,30030328.0,0.0,0.0,10.03,13.76,14.87,,,
7,45,disabled,Disabled,250,mixed,1,304522.2199307113,783.0,1705.0,805.7542044444444,346.30061292105273,0.42978443179185377,0,100,900,1790575497.922307,2387.744,3001.952,performance,,32861568.0,31965816.0,30011288.0,0.0,0.0,8.99,13.35,14.72,,,
7,46,hdr_histogram,HdrHistogram,2000,write-heavy,1,242361.9689443809,2435.0,47987.0,7958.293302222222,12061.255991867705,1.5155581145143016,0,100,900,1790575501.0822244,2300.0,2300.0,performance,,32861568.0,31969136.0,30014660.0,0.0,0.0,8.99,13.35,14.72,,,
7,47,sharded_n,Sharded-N,3000,write-heavy,1,223473.59905806772,2679.0,87057.0,12917.236445925926,21586.304420196182,1.6711240450355358,0,100,900,1790575511.7407837,2658.77425,3058.928,performance,,32861568.0,31977884.0,30023128.0,0.0,0.0,13.81,14.2,14.98,,,
7,48,global_mutex,GlobalMutex,100,read-heavy,1,276779.9637975498,340.0,774.0,353.8652666666667,147.5863875070903,0.41706943689987364,0,100,900,1790575527.5577781,2749.37075,3062.501,performance,,32861568.0,31983024.0,30027980.0,0.0,0.0,13.0,14.01,14.91,,,
7,49,thread_local,ThreadLocal,1000,write-heavy,1,261021.04874520146,2221.0,16491.0,3717.441102222222,3751.667816141254,1.0092070628633691,0,100,900,1790575530.413453,2390.654875,3025.239,performance,,32861568.0,31995808.0,30040732.0,0.0,0.0,11.96,13.78,14.83,,,
7,50,sharded_2key,Sharded-2key,1000,mixed,1,228034.5811918795,2519.0,18840.0,4270.1729911111115,4274.728440391322,1.0010668067288357,0,100,900,1790575536.6071787,2386.769,2994.152,performance,,32861568.0,31930768.0,29975572.0,0.0,0.0,12.2,13.8,14.83,,,
7,51,hdr_histogram,HdrHistogram,250,write-heavy,1,242420.99055479336,964.0,2508.0,1012.1698,482.7665713887623,0.4769620387693471,0,100,900,1790575543.3283372,2475.113,3000.843,performance,,32861568.0,31915176.0,29959396.0,0.0,0.0,11.07,13.51,14.72,,,
7,52,disabled,Disabled,250,write-heavy,1,266822.16762173665,884.0,2302.0,915.95324,435.7627961798204,0.4757478626090349,0,100,900,1790575546.697331,2474.979375,3000.061,performance,,32861568.0,31926452.0,29970708.0,0.0,0.0,11.07,13.51,14.72,,,
7,53,sharded_n,Sharded-N,750,write-heavy,1,242222.82942760718,2244.0,10611.0,3022.2228696296297,2281.101472926717,0.7547760609747036,0,100,900,1790575549.9742627,2387.503875,3000.031,performance,,32861568.0,31907016.0,29769060.0,0.0,0.0,11.46,13.55,14.73,,,
7,54,global_mutex,GlobalMutex,100,write-heavy,1,271463.7987686637,344.0,821.0,360.17726666666664,155.77330983806752,0.43249067682617265,0,100,900,1790575555.3925352,2387.207625,2997.661,performance,,32861568.0,31675952.0,29335200.0,0.0,0.0,12.07,13.64,14.75,,,
7,55,global_mutex,GlobalMutex,3000,mixed,1,221781.84155575145,2688.0,90167.0,13004.50916037037,21763.01930600621,1.6734979411853785,0,100,900,1790575558.0812078,2387.63375,3001.07,performance,,32861568.0,31715024.0,29339584.0,0.0,0.0,11.18,13.43,14.68,,,
7,56,sharded_n,Sharded-N,1000,write-heavy,1,255373.4353879318,2245.0,16428.0,3815.819858888889,3786.773436253056,0.9923878946831911,0,100,900,1790575574.0228739,2648.560625,2997.832,performance,,32861568.0,31807656.0,29256288.0,0.0,0.0,19.17,15.21,15.25,,,
7,57,disabled,Disabled,100,write-heavy,1,274938.49221158674,338.0,844.0,354.808,153.4310347181876,0.43243397758277036,0,100,900,1790575580.30308,2387.251375,2998.011,performance,,32861568.0,31807776.0,29221832.0,0.0,0.0,20.68,15.58,15.37,,,
7,58,disabled,Disabled,1500,read-heavy,1,264435.379892133,2178.0,30024.0,5479.261717777777,7364.468100217456,1.344062116310856,0,100,900,1790575582.9892952,2562.87,3001.56,performance,,32861568.0,31838180.0,29238220.0,0.0,0.0,19.11,15.34,15.29,,,
7,59,sharded_2key,Sharded-2key,100,mixed,1,274680.9308596142,343.0,795.0,357.9953111111111,150.16819838319913,0.4194697352798327,0,100,900,1790575591.2380843,2666.809625,3091.477,performance,,32861568.0,31820912.0,29169160.0,0.0,0.0,18.62,15.3,15.28,,,
7,60,sharded_n,Sharded-N,1000,mixed,1,249483.52412871824,2308.0,16408.0,3892.413898888889,3835.5806471269434,0.9853989700894427,0,100,900,1790575593.9199734,2559.206625,3001.0,performance,,32861568.0,31819620.0,29150160.0,0.0,0.0,17.21,15.07,15.2,,,
7,61,disabled,Disabled,100,mixed,1,261111.70053048007,348.0,1060.0,375.2711111111111,187.56768172594596,0.4998191338805467,0,100,900,1790575600.2893033,2562.505625,3000.143,performance,,32861568.0,31761628.0,29022272.0,0.0,0.0,17.99,15.26,15.26,,,
7,62,sharded_n,Sharded-N,1500,read-heavy,1,219008.66972538168,2711.0,35676.0,6628.5960607407405,8877.914004364571,1.3393354977452754,0,100,900,1790575602.9941127,2561.19825,2998.139,performance,,32861568.0,31697828.0,28913988.0,0.0,0.0,16.63,15.03,15.19,,,
7,63,hdr_histogram,HdrHistogram,2000,mixed,1,218011.00286149554,2730.0,49601.0,8851.037035,13464.68330958577,1.5212548830540251,0,100,900,1790575614.7951162,2475.060375,3000.482,performance,,32861568.0,31709432.0,28821080.0,0.0,0.0,21.34,16.06,15.52,,,
7,64,disabled,Disabled,3000,read-heavy,1,216713.16431010488,2723.0,89266.0,13300.347665185185,22432.883899960234,1.6866389108519513,0,100,900,1790575626.3226416,2474.650125,2999.73,performance,,32861568.0,31708324.0,28825548.0,0.0,0.0,23.01,16.6,15.7,,,
7,65,global_mutex,GlobalMutex,1000,read-heavy,1,236890.7044509502,2402.0,18105.0,4098.41805,4171.033876756773,1.0177180136020465,0,100,900,1790575642.7783043,2387.1875,2997.5,performance,,32861568.0,31746448.0,28852984.0,0.0,0.0,26.04,17.8,16.12,,,
7,66,sharded_2key,Sharded-2key,2000,write-heavy,1,200435.7790971516,2958.0,56107.0,9653.894434444444,14519.108950947035,1.503963923527466,0,100,900,1790575649.5391455,2825.92125,3019.15,performance,,32861568.0,31717640.0,28800596.0,0.0,0.0,24.04,17.52,16.04,,,
7,67,disabled,Disabled,1500,write-heavy,1,216102.42106822573,2674.0,35391.0,6728.45780962963,8927.133981763396,1.3267726772377268,0,100,900,1790575661.8514423,2387.522625,3000.181,performance,,32861568.0,31756052.0,28814808.0,0.0,0.0,23.37,17.58,16.07,,,
7,68,sharded_n,Sharded-N,500,write-heavy,1,227353.034909669,1919.0,6217.0,2153.8085,1284.8884163647162,0.5965657654172672,0,100,900,1790575671.1452808,2740.87825,3020.001,performance,,32861568.0,31724640.0,28724048.0,0.0,0.0,29.7,19.09,16.58,,,
7,69,sharded_n,Sharded-N,2000,read-heavy,1,223323.5879051058,2601.0,50620.0,8677.176950555555,13252.210140924328,1.5272490369204534,0,100,900,1790575675.7111533,2471.55675,3000.061,performance,,32861568.0,31689968.0,28687248.0,0.0,0.0,29.17,19.16,16.61,,,
7,70,sharded_2key,Sharded-2key,3000,read-heavy,1,233653.68885324014,2523.0,88473.0,12358.789895185186,20928.057392137718,1.6933743165494706,0,100,900,1790575687.237341,2570.26225,3060.544,performance,,32861568.0,31929472.0,29289796.0,0.0,0.0,27.98,19.23,16.67,,,
7,71,hdr_histogram,HdrHistogram,1500,read-heavy,1,256482.36678085767,2260.0,28951.0,5639.887345925926,7456.60067979128,1.3221187272787798,0,100,900,1790575702.65056,2882.366375,3000.899,performance,,32861568.0,31943560.0,29303408.0,0.0,0.0,28.41,19.89,16.93,,,
7,72,disabled,Disabled,500,mixed,1,284548.65500329004,1611.0,4367.0,1719.0327133333333,863.0334124188519,0.5020459504492881,0,100,900,1790575711.0454998,2561.724375,3002.561,performance,,32861568.0,31909152.0,29268912.0,0.0,0.0,27.65,19.87,16.95,,,
7,73,global_mutex,GlobalMutex,250,write-heavy,1,295705.87247667427,806.0,1853.0,834.1757511111111,368.0648983829218,0.4412318362079744,0,100,900,1790575715.150278,2389.454375,3015.635,performance,,32861568.0,31919444.0,29279304.0,0.0,0.0,26.4,19.74,16.92,,,
7,74,sharded_2key,Sharded-2key,750,read-heavy,1,291179.03060001595,1863.0,8928.0,2505.62744,1911.8811048832795,0.7630348687765326,0,100,900,1790575718.3378916,2732.47975,3044.599,performance,,32861568.0,31928356.0,29288332.0,0.0,0.0,24.29,19.41,16.83,,,
7,75,sharded_2key,Sharded-2key,2000,read-heavy,1,251235.05793624898,2321.0,46215.0,7664.893243333333,11758.602947067588,1.534085677878792,0,100,900,1790575723.4333556,2300.0,2300.0,performance,,32861568.0,31896544.0,29256172.0,0.0,0.0,22.34,19.09,16.74,,,
7,76,sharded_2key,Sharded-2key,250,mixed,1,292198.12728038477,814.0,1891.0,839.8773777777777,372.2754326203529,0.44324974391541816,0,100,900,1790575733.969575,2485.044875,3081.653,performance,,32861568.0,31910628.0,29269776.0,0.0,0.0,21.63,19.06,16.76,,,
7,77,thread_local,ThreadLocal,750,write-heavy,1,271834.7925345124,2038.0,9432.0,2696.0031703703703,1986.5151609782858,0.7368371012358206,0,100,900,1790575737.1593244,2555.858875,3010.288,performance,,32861568.0,31924492.0,29283824.0,0.0,0.0,21.63,19.06,16.76,,,
7,78,sharded_n,Sharded-N,1500,write-heavy,1,244879.19337477186,2418.0,31661.0,5937.356673333334,7894.09835605746,1.3295644493638914,0,100,900,1790575742.269455,2387.098375,2996.787,performance,,32861568.0,31908648.0,29268076.0,0.0,0.0,22.62,19.31,16.85,,,
7,79,global_mutex,GlobalMutex,3000,write-heavy,1,224175.4294726911,2701.0,86106.0,12881.542388888889,21460.95084794485,1.666023384471119,0,100,900,1790575750.763767,2387.274125,2998.193,performance,,32861568.0,31909260.0,29268160.0,0.0,0.0,21.83,19.25,16.86,,,
7,80,hdr_histogram,HdrHistogram,100,mixed,1,274593.0878256335,339.0,872.0,356.65132222222223,157.9169358626124,0.44277681315931744,0,100,900,1790575766.534526,2651.452,3009.218,performance,,32861568.0,31937312.0,29295784.0,0.0,0.0,20.32,19.04,16.82,,,
7,81,hdr_histogram,HdrHistogram,750,mixed,1,275479.99247196026,1980.0,9280.0,2654.811937777778,1990.0375900312042,0.7495964447474098,0,100,900,1790575769.2167382,2842.920375,3080.367,performance,,32861568.0,31963128.0,29321668.0,0.0,0.0,18.7,18.73,16.73,,,
7,82,sharded_n,Sharded-N,100,write-heavy,1,276066.3267386323,344.0,719.0,355.32331111111114,138.39540493260506,0.3894914873438411,0,100,900,1790575774.2933161,2300.0,2300.0,performance,,32861568.0,31929796.0,29288664.0,0.0,0.0,17.2,18.42,16.64,,,
7,83,hdr_histogram,HdrHistogram,250,mixed,1,296307.29873501556,799.0,1819.0,827.2687111111111,368.53359704970256,0.4454823349413544,0,100,900,1790575776.9775035,2387.152125,2997.217,performance,,32861568.0,31959424.0,29318260.0,0.0,0.0,17.2,18.42,16.64,,,
7,84,thread_local,ThreadLocal,1500,read-heavy,1,257180.0147563225,2276.0,29723.0,5642.483854074074,7467.4412619287405,1.3234315693321803,0,100,900,1790575780.1579957,2661.03925,3069.65,performance,,32861568.0,31947248.0,29306040.0,0.0,0.0,16.78,18.31,16.62,,,
7,85,sharded_n,Sharded-N,2000,mixed,1,245390.44793027872,2357.0,42524.0,7882.4927077777775,11850.08751046783,1.503342654383323,0,100,900,1790575788.5356147,2387.724875,3001.799,performance,,32861568.0,31907808.0,29266128.0,0.0,0.0,15.01,17.89,16.5,,,
7,86,sharded_2key,Sharded-2key,100,write-heavy,1,281299.05767659924,334.0,774.0,349.94193333333334,146.70384273392705,0.4192233875389433,0,100,900,1790575799.0775669,2387.04425,2996.354,performance,,32861568.0,31936764.0,29294848.0,0.0,0.0,16.61,18.16,16.6,,,
7,87,thread_local,ThreadLocal,500,write-heavy,1,276893.1104430923,1630.0,4782.0,1766.7958888888888,938.9441848712501,0.5314389685736352,0,100,900,1790575801.7559116,2387.403375,2999.227,performance,,32861568.0,31942948.0,29301000.0,0.0,0.0,16.61,18.16,16.6,,,
7,88,disabled,Disabled,1500,mixed,1,253408.17766761334,2288.0,30604.0,5730.228712592592,7690.596258437407,1.3421098256578774,0,100,900,1790575805.908713,2387.89725,3003.178,performance,,32861568.0,31932696.0,29290828.0,0.0,0.0,16.48,18.11,16.6,,,
7,89,thread_local,ThreadLocal,3000,read-heavy,1,234651.9703328822,2527.0,84795.0,12303.905494814815,20963.84551655242,1.703836682213394,0,100,900,1790575814.2090433,2300.0,2300.0,performance,,32861568.0,31908424.0,29266316.0,0.0,0.0,16.74,18.13,16.62,,,
7,90,hdr_histogram,HdrHistogram,100,write-heavy,1,284049.3435622826,334.0,698.0,346.0593,138.78796484065919,0.40105255035960363,0,100,900,1790575829.5833623,2300.0,2300.0,performance,,32861568.0,31946048.0,29303356.0,0.0,0.0,15.47,17.8,16.54,,,
7,91,global_mutex,GlobalMutex,1500,write-heavy,1,246540.99108766188,2349.0,31508.0,5889.710566666667,7808.664472032783,1.3258146361599845,0,100,900,1790575832.2600372,2644.84,3045.243,performance,,32861568.0,31933756.0,29291128.0,0.0,0.0,15.47,17.8,16.54,,,
7,92,hdr_histogram,HdrHistogram,1000,write-heavy,1,259809.2865313385,2178.0,16214.0,3738.7407922222224,3734.769378015176,0.9989377669039511,0,100,900,1790575840.7200987,2300.0,2300.0,performance,,32861568.0,31921012.0,29278340.0,0.0,0.0,20.52,18.83,16.89,,,
7,93,sharded_n,Sharded-N,250,mixed,1,299138.5257172874,797.0,1700.0,819.8405866666667,351.2892990389268,0.4284848844422423,0,100,900,1790575846.9234753,2647.014875,3000.509,performance,,32861568.0,31901764.0,29259028.0,0.0,0.0,20.64,18.89,16.92,,,
7,94,thread_local,ThreadLocal,500,mixed,1,282686.0246873537,1596.0,4649.0,1732.1227022222222,913.1857829515159,0.5272061741237769,0,100,900,1790575850.0966825,2387.6925,3001.54,performance,,32861568.0,31932052.0,29289368.0,0.0,0.0,20.59,18.9,16.93,,,
7,95,global_mutex,GlobalMutex,500,mixed,1,295587.90555131936,1540.0,4348.0,1657.9042244444445,830.0660362469181,0.5006718868365687,0,100,900,1790575854.2096825,2387.953125,3003.625,performance,,32861568.0,31938924.0,29296232.0,0.0,0.0,19.02,18.61,16.85,,,
7,96,global_mutex,GlobalMutex,500,write-heavy,1,274228.515127455,1649.0,4703.0,1788.479531111111,927.3323855648506,0.5185032142854528,0,100,900,1790575858.2589128,3022.577,3089.662,performance,,32861568.0,31925552.0,29282724.0,0.0,0.0,17.49,18.3,16.76,,,
7,97,sharded_2key,Sharded-2key,1500,mixed,1,253216.67282336432,2296.0,30770.0,5738.622362222222,7683.024522022054,1.3388273416630403,0,100,900,1790575862.4170165,2477.84325,3024.397,performance,,32861568.0,31941280.0,29298396.0,0.0,0.0,17.49,18.3,16.76,,,
7,98,global_mutex,GlobalMutex,2000,write-heavy,1,238196.4262371485,2465.0,44009.0,8097.486783333334,12135.219412847036,1.4986402247453336,0,100,900,1790575870.7067485,2634.204125,2996.57,performance,,32861568.0,31932212.0,29288848.0,0.0,0.0,15.6,17.86,16.63,,,
7,99,global_mutex,GlobalMutex,500,read-heavy,1,286759.5908784349,1562.0,4692.0,1705.7566044444445,914.5983609620745,0.5361833913344008,0,100,900,1790575881.4830163,2648.2935,3008.123,performance,,32861568.0,31920508.0,29277016.0,0.0,0.0,16.17,17.91,16.66,,,
7,100,sharded_2key,Sharded-2key,1000,write-heavy,1,267828.30500237737,2114.0,15583.0,3625.0440411111113,3608.1355138522617,0.9953356353558488,0,100,900,1790575885.7460573,2562.933375,3010.858,performance,,32861568.0,31918064.0,29274600.0,0.0,0.0,18.24,18.31,16.8,,,
7,101,sharded_2key,Sharded-2key,1000,read-heavy,1,270763.4759428736,2136.0,15823.0,3596.6319722222224,3615.857012033856,1.005345289693278,0,100,900,1790575891.8417838,2477.8115,3019.786,performance,,32861568.0,31911836.0,29268240.0,0.0,0.0,17.18,18.09,16.73,,,
7,102,sharded_n,Sharded-N,100,mixed,1,277910.2114287468,338.0,752.0,352.0009888888889,146.1622219129262,0.4152324184494355,0,100,900,1790575898.082249,2644.476,3000.793,performance,,32861568.0,31915400.0,29271676.0,0.0,0.0,15.86,17.79,16.65,,,
7,103,sharded_n,Sharded-N,250,write-heavy,1,286522.9991533882,835.0,1862.0,856.8282133333333,370.85312902456604,0.4328208656690118,0,100,900,1790575900.7625122,2387.856,3002.848,performance,,32861568.0,31934080.0,29290324.0,0.0,0.0,15.86,17.79,16.65,,,
7,104,thread_local,ThreadLocal,250,mixed,1,296052.47693048243,792.0,1934.0,828.7236888888889,378.76765419026196,0.45704938723073624,0,100,900,1790575903.9739387,2300.0,2300.0,performance,,32861568.0,31935480.0,29291776.0,0.0,0.0,14.59,17.49,16.56,,,
7,105,thread_local,ThreadLocal,100,write-heavy,1,272859.1761604126,344.0,810.0,360.3346666666667,149.65139214481067,0.41531222496348946,0,100,900,1790575907.1534045,2764.227375,3104.767,performance,,32861568.0,31926668.0,29282984.0,0.0,0.0,14.59,17.49,16.56,,,
7,106,sharded_n,Sharded-N,500,mixed,1,273937.27392093756,1669.0,4628.0,1788.3006177777777,905.7195575267978,0.5064694092944425,0,100,900,1790575909.8399096,2568.38875,3025.337,performance,,32861568.0,31944928.0,29301216.0,0.0,0.0,15.02,17.54,16.58,,,
7,107,hdr_histogram,HdrHistogram,250,read-heavy,1,305209.074903779,780.0,1621.0,802.4010577777777,337.12510143981785,0.420145385118851,0,100,900,1790575914.0026968,2576.150875,3075.224,performance,,32861568.0,31914052.0,29270140.0,0.0,0.0,13.82,17.24,16.49,,,
7,108,sharded_2key,Sharded-2key,1500,write-heavy,1,250205.20371278166,2308.0,29639.0,5797.752513333333,7640.987666978024,1.3179223586046018,0,100,900,1790575917.3445652,2478.61375,3027.64,performance,,32861568.0,31950256.0,29306424.0,0.0,0.0,13.82,17.24,16.49,,,
7,109,disabled,Disabled,500,write-heavy,1,275961.791279688,1660.0,4595.0,1782.5146,908.7200281399247,0.5097966816877263,0,100,900,1790575925.7248757,2389.293125,3014.345,performance,,32861568.0,31927984.0,29283616.0,0.0,0.0,20.88,18.69,16.97,,,
7,110,hdr_histogram,HdrHistogram,3000,write-heavy,1,226204.39434539076,2638.0,84493.0,12745.957254814815,21533.371914723564,1.68942759529413,0,100,900,1790575929.877594,2387.546625,3000.373,performance,,32861568.0,31911984.0,29267636.0,0.0,0.0,20.33,18.61,16.96,,,
7,111,sharded_2key,Sharded-2key,1500,read-heavy,1,256475.7843899842,2257.0,30918.0,5655.4822044444445,7599.941951356494,1.3438185598716883,0,100,900,1790575945.5586207,2391.412375,3031.299,performance,,32861568.0,31944664.0,29299864.0,0.0,0.0,19.02,18.39,16.91,,,
7,112,hdr_histogram,HdrHistogram,500,read-heavy,1,284048.27530974854,1608.0,4445.0,1726.1396666666667,886.8517847883707,0.5137775360327373,0,100,900,1790575953.9447918,2720.536875,3011.837,performance,,32861568.0,31914948.0,29270108.0,0.0,0.0,18.6,18.34,16.91,,,
7,113,global_mutex,GlobalMutex,2000,read-heavy,1,247927.77895643943,2350.0,46122.0,7780.5431311111115,11788.576224093013,1.515135386494481,0,100,900,1790575958.2304294,2387.51425,3000.114,performance,,32861568.0,31922976.0,29278132.0,0.0,0.0,17.11,18.03,16.82,,,
7,114,disabled,Disabled,750,write-heavy,1,272178.25531523017,2021.0,9255.0,2688.2150266666667,2007.0148414147661,0.746597582970669,0,100,900,1790575968.8585937,2387.44025,2999.522,performance,,32861568.0,31920144.0,29274860.0,0.0,0.0,16.03,17.78,16.75,,,
7,115,thread_local,ThreadLocal,1500,mixed,1,251116.01033114927,2299.0,31013.0,5782.196171851851,7747.49804426392,1.3398884807781686,0,100,900,1790575973.9724846,2387.286625,2998.293,performance,,32861568.0,31918772.0,29273684.0,0.0,0.0,14.74,17.49,16.66,,,
7,116,hdr_histogram,HdrHistogram,1500,write-heavy,1,245822.63803799226,2368.0,31817.0,5910.32974,7888.349133920727,1.334671580256151,0,100,900,1790575982.33404,2464.972625,2989.721,performance,,32861568.0,31921256.0,29275844.0,0.0,0.0,14.92,17.48,16.66,,,
7,117,global_mutex,GlobalMutex,1000,write-heavy,1,265293.212655617,2200.0,16099.0,3667.2591155555556,3725.2425319214785,1.015811104298568,0,100,900,1790575990.8254898,2388.582625,3008.661,performance,,32861568.0,31920388.0,29274496.0,0.0,0.0,14.55,17.32,16.62,,,
7,118,hdr_histogram,HdrHistogram,1500,mixed,1,254995.59143221885,2264.0,31293.0,5684.768405925926,7703.607669611661,1.3551313122239514,0,100,900,1790575996.9737613,2388.056125,3004.449,performance,,32861568.0,31932512.0,29286632.0,0.0,0.0,16.91,17.76,16.76,,,
7,119,disabled,Disabled,750,read-heavy,1,275723.86520574905,1993.0,9312.0,2658.317459259259,1999.1239659310372,0.7520260452595054,0,100,900,1790576005.2438006,2823.8425,3017.585,performance,,32861568.0,31921532.0,29275280.0,0.0,0.0,19.5,18.31,16.95,,,
7,120,global_mutex,GlobalMutex,1000,mixed,1,281242.9588188607,2066.0,14892.0,3458.81195,3440.557885713449,0.9947224467388143,0,100,900,1790576010.4866045,2387.349625,2998.797,performance,,32861568.0,31914172.0,29268080.0,0.0,0.0,19.94,18.42,17.0,,,
7,121,sharded_2key,Sharded-2key,250,read-heavy,1,301507.39587390824,794.0,1715.0,815.2055777777778,344.98014160752155,0.4231817728086767,0,100,900,1790576016.4361138,2300.0,2300.0,performance,,32861568.0,31924228.0,29277812.0,0.0,0.0,19.46,18.34,16.98,,,
7,122,sharded_2key,Sharded-2key,500,read-heavy,1,284420.37633993506,1615.0,4338.0,1721.4862977777777,858.818405744613,0.4988819294427376,0,100,900,1790576019.77122,2725.71125,3002.145,performance,,32861568.0,31930924.0,29284488.0,0.0,0.0,19.03,18.27,16.96,,,
7,123,disabled,Disabled,1000,read-heavy,1,277165.1056803879,2032.0,15234.0,3505.4958566666664,3525.5575084542966,1.0057229141348085,0,100,900,1790576024.0474215,2579.9805,3141.856,performance,,32861568.0,31958088.0,29311708.0,0.0,0.0,17.5,17.97,16.87,,,
7,124,disabled,Disabled,3000,write-heavy,1,230617.04640291174,2590.0,82617.0,12530.848051851852,21279.163604451376,1.6981423377252323,0,100,900,1790576030.197178,2300.0,2300.0,performance,,32861568.0,31920384.0,29273656.0,0.0,0.0,20.42,18.57,17.07,,,
7,125,thread_local,ThreadLocal,500,read-heavy,1,290201.00421091006,1545.0,4807.0,1689.6750311111111,899.1011941820451,0.5321148609213965,0,100,900,1790576045.632504,2387.507,3000.056,performance,,32861568.0,31943808.0,29296580.0,0.0,0.0,23.01,19.2,17.3,,,
7,126,hdr_histogram,HdrHistogram,1000,read-heavy,1,272266.0659747175,2094.0,15478.0,3575.631807777778,3576.3056024207885,1.000188440722992,0,100,900,1790576049.87359,2387.597,3000.776,performance,,32861568.0,31936132.0,29289168.0,0.0,0.0,21.88,19.03,17.26,,,
7,127,thread_local,ThreadLocal,3000,write-heavy,1,228266.47489938114,2620.0,86463.0,12648.084197777778,21444.772529737158,1.6954957125842762,0,100,900,1790576056.1037433,2388.21925,3005.754,performance,,32861568.0,31922828.0,29275676.0,0.0,0.0,21.97,19.1,17.29,,,
7,128,sharded_n,Sharded-N,3000,read-heavy,1,231375.64610714032,2571.0,83805.0,12469.535207037037,21161.189032412418,1.6970310986788302,0,100,900,1790576071.6708386,2558.288875,3002.374,performance,,32861568.0,31945804.0,29298108.0,0.0,0.0,20.84,18.98,17.28,,,
7,129,global_mutex,GlobalMutex,2000,mixed,1,241841.47521371598,2429.0,48473.0,7997.556208888889,12032.957242511817,1.5045792649931962,0,100,900,1790576087.243659,2923.01625,3069.901,performance,,32861568.0,31937632.0,29289492.0,0.0,0.0,19.7,18.83,17.26,,,
7,130,thread_local,ThreadLocal,3000,mixed,1,228478.1807120426,2612.0,89516.0,12630.598387037036,21484.33731704249,1.70097541372958,0,100,900,1790576097.9055068,2387.827125,3002.617,performance,,32861568.0,31944556.0,29296472.0,0.0,0.0,19.92,18.97,17.33,,,
7,131,disabled,Disabled,2000,mixed,1,245130.785036973,2378.0,46741.0,7866.824356111111,11803.7559641295,1.500447376196991,0,100,900,1790576113.461086,2300.0,2300.0,performance,,32861568.0,31941568.0,29292812.0,0.0,0.0,19.45,18.93,17.35,,,
7,132,thread_local,ThreadLocal,100,mixed,1,281293.8414032692,333.0,829.0,348.4813555555556,146.16228082081963,0.419426401127845,0,100,900,1790576124.0145993,2388.038875,3004.311,performance,,32861568.0,31925604.0,29276800.0,0.0,0.0,18.67,18.8,17.32,,,
7,133,sharded_n,Sharded-N,750,mixed,1,268295.3801509397,2043.0,9573.0,2741.374527407407,2079.62668388928,0.7586072837176464,0,100,900,1790576126.6916995,2385.514625,2984.117,performance,,32861568.0,31951688.0,29302952.0,0.0,0.0,18.67,18.8,17.32,,,
7,134,hdr_histogram,HdrHistogram,100,read-heavy,1,273248.29844261735,338.0,856.0,358.8531111111111,161.55710317705274,0.4502039920368144,0,100,900,1790576131.829212,2469.081625,2987.324,performance,,32861568.0,31923856.0,29275216.0,0.0,0.0,18.14,18.69,17.29,,,
7,135,disabled,Disabled,2000,read-heavy,1,252644.74778447248,2294.0,43918.0,7631.610003333333,11447.267954429888,1.4999807313830178,0,100,900,1790576134.6889446,2300.0,2300.0,performance,,32861568.0,31951636.0,29302968.0,0.0,0.0,16.69,18.38,17.2,,,
7,136,global_mutex,GlobalMutex,250,read-heavy,1,298768.6056721732,801.0,1700.0,819.6453066666667,355.2902299841464,0.4334682662053426,0,100,900,1790576145.187665,2721.092875,3004.13,performance,,32861568.0,31918052.0,29268764.0,0.0,0.0,16.55,18.3,17.19,,,
7,137,thread_local,ThreadLocal,1000,read-heavy,1,271821.2862846994,2037.0,15314.0,3566.0174155555555,3575.4607635618127,1.0026481497160007,0,100,900,1790576148.538091,2300.0,2300.0,performance,,32861568.0,31930188.0,29280944.0,0.0,0.0,15.22,17.99,17.1,,,
7,138,thread_local,ThreadLocal,2000,mixed,1,240979.40139966444,2447.0,48243.0,8013.538351111111,12165.182406035623,1.518078765337021,0,100,900,1790576154.7619004,2388.789125,3010.313,performance,,32861568.0,31928760.0,29279456.0,0.0,0.0,15.29,17.96,17.09,,,
7,139,sharded_n,Sharded-N,1000,read-heavy,1,266848.44714964565,2135.0,15708.0,3651.6773155555557,3675.237494174618,1.006451878570623,0,100,900,1790576165.4373908,2387.316125,2998.529,performance,,32861568.0,31936704.0,29287092.0,0.0,0.0,15.05,17.81,17.05,,,
7,140,sharded_n,Sharded-N,750,read-heavy,1,279714.5019966425,1923.0,9211.0,2616.5731111111113,1981.2592492393703,0.7571962124146575,0,100,900,1790576171.7278647,2657.909125,3093.032,performance,,32861568.0,31927244.0,29277536.0,0.0,0.0,14.88,17.73,17.03,,,
7,141,thread_local,ThreadLocal,100,read-heavy,1,284256.2038940188,330.0,770.0,345.1314222222222,145.43433603000946,0.42138827897382125,0,100,900,1790576176.9453866,2300.0,2300.0,performance,,32861568.0,31936008.0,29286328.0,0.0,0.0,14.41,17.59,16.99,,,
7,142,disabled,Disabled,1000,mixed,1,267268.7274471985,2123.0,15200.0,3637.5934833333336,3570.3989328009457,0.9815277460661125,0,100,900,1790576179.8003206,2300.0,2300.0,performance,,32861568.0,31943144.0,29293440.0,0.0,0.0,14.38,17.53,16.97,,,
7,143,thread_local,ThreadLocal,2000,read-heavy,1,251489.37537369653,2287.0,42140.0,7662.478463333333,11377.284663320826,1.4848047818683823,0,100,900,1790576185.8982651,2300.0,2300.0,performance,,32861568.0,31921468.0,29271480.0,0.0,0.0,15.07,17.62,17.0,,,
7,144,sharded_2key,Sharded-2key,750,mixed,1,275159.34817215847,1982.0,9218.0,2663.4764637037038,1983.3686157770178,0.7446540800360743,0,100,900,1790576196.4245949,2388.115375,3004.923,performance,,32861568.0,31948480.0,29298220.0,0.0,0.0,14.49,17.4,16.94,,,
8,1,hdr_histogram,HdrHistogram,2000,mixed,1,243013.01511001858,2410.0,45523.0,7949.052808333333,11938.129412931263,1.5018304319749907,0,100,900,1790576201.5031636,2300.0,2300.0,performance,,32861568.0,31932208.0,29282044.0,0.0,0.0,14.13,17.28,16.9,,,
8,2,sharded_n,Sharded-N,2000,write-heavy,1,240513.38107112225,2455.0,48373.0,8025.641865,12182.744150537426,1.5179775469008456,0,100,900,1790576212.1431265,2300.0,2300.0,performance,,32861568.0,31940088.0,29289432.0,0.0,0.0,18.15,18.07,17.16,,,
8,3,disabled,Disabled,3000,mixed,1,232722.06203987112,2555.0,86079.0,12402.499431111111,20878.955907899806,1.6834474392738843,0,100,900,1790576222.8396306,2388.724625,3009.797,performance,,32861568.0,31944544.0,29293684.0,0.0,0.0,16.25,17.67,17.05,,,
8,4,sharded_n,Sharded-N,1000,mixed,1,285644.9847950984,2039.0,14999.0,3401.593392222222,3443.048938289019,1.012187096247772,0,100,900,1790576238.1729424,2300.0,2300.0,performance,,32861568.0,31935828.0,29284568.0,0.0,0.0,14.06,17.13,16.88,,,
8,5,hdr_histogram,HdrHistogram,2000,write-heavy,1,241003.65180301387,2449.0,46721.0,8001.538728888889,12072.438044791863,1.5087645581474638,0,100,900,1790576244.0683978,2300.0,2300.0,performance,,32861568.0,31924044.0,29272948.0,0.0,0.0,13.01,16.86,16.79,,,
8,6,thread_local,ThreadLocal,250,write-heavy,1,290443.83026345866,817.0,1839.0,843.6071688888889,375.37582003961444,0.44496518508018396,0,100,900,1790576254.7790492,2300.0,2300.0,performance,,32861568.0,31946224.0,29294456.0,0.0,0.0,14.63,17.1,16.88,,,
8,7,global_mutex,GlobalMutex,250,read-heavy,1,300255.79071049363,802.0,1751.0,819.1381111111111,354.5698585734697,0.43285723587261393,0,100,900,1790576257.9757924,2389.10575,3012.846,performance,,32861568.0,31954836.0,29303280.0,0.0,0.0,13.45,16.82,16.79,,,
8,8,hdr_histogram,HdrHistogram,500,read-heavy,1,297565.11315507896,1542.0,4246.0,1649.709471111111,831.8941634189346,0.5042670712550603,0,100,900,1790576261.3147635,2835.28775,3048.139,performance,,32861568.0,31932772.0,29281264.0,0.0,0.0,13.45,16.82,16.79,,,
8,9,sharded_n,Sharded-N,500,mixed,1,278873.35136302846,1647.0,4439.0,1754.6333133333333,867.3273836910921,0.4943069170637154,0,100,900,1790576265.5300531,2466.200625,2988.581,performance,,32861568.0,31935680.0,29284256.0,0.0,0.0,15.34,17.16,16.89,,,
8,10,sharded_2key,Sharded-2key,750,read-heavy,1,278609.6411573574,1929.0,9345.0,2630.104934814815,2018.486345476813,0.7674546816585226,0,100,900,1790576269.6735795,2387.626875,3001.015,performance,,32861568.0,31950808.0,29299140.0,0.0,0.0,14.11,16.87,16.8,,,
8,11,disabled,Disabled,500,mixed,1,286850.57131053,1611.0,4325.0,1706.462648888889,848.1125416372588,0.4970003546163061,0,100,900,1790576274.9042485,2300.0,2300.0,performance,,32861568.0,31919408.0,29267616.0,0.0,0.0,22.35,18.53,17.34,,,
8,12,sharded_2key,Sharded-2key,100,read-heavy,1,276180.4243628216,340.0,788.0,355.7136222222222,149.34838428018048,0.4198556786978465,0,100,900,1790576278.994256,2300.0,2300.0,performance,,32861568.0,31945060.0,29293288.0,0.0,0.0,20.56,18.23,17.25,,,
8,13,hdr_histogram,HdrHistogram,100,mixed,1,276909.5807761246,341.0,738.0,354.5950555555556,145.1843153177353,0.40943694234616534,0,100,900,1790576281.8502429,2559.543375,3004.471,performance,,32861568.0,31959588.0,29307816.0,0.0,0.0,20.56,18.23,17.25,,,
8,14,sharded_2key,Sharded-2key,500,read-heavy,1,285085.00301611697,1593.0,4496.0,1717.6330644444445,887.1992206873418,0.5165243025723307,0,100,900,1790576284.5324895,2387.620125,3000.961,performance,,32861568.0,31970856.0,29319056.0,0.0,0.0,18.91,17.92,17.16,,,
8,15,hdr_histogram,HdrHistogram,2000,read-heavy,1,250879.01889560503,2294.0,44247.0,7680.048926666666,11550.387806874885,1.5039471645512086,0,100,900,1790576288.8002164,2389.85525,3018.842,performance,,32861568.0,31909436.0,29257592.0,0.0,0.0,17.4,17.62,17.06,,,
8,16,disabled,Disabled,100,read-heavy,1,280143.1953810812,332.0,858.0,349.53134444444447,152.7008983143792,0.4368732611293747,0,100,900,1790576299.3389409,2638.3325,3000.001,performance,,32861568.0,31925744.0,29273316.0,0.0,0.0,16.93,17.53,17.04,,,
8,17,disabled,Disabled,2000,write-heavy,1,245091.2846547319,2398.0,45133.0,7859.329933333333,11933.589949530646,1.5183978851577897,0,100,900,1790576302.194321,2300.0,2300.0,performance,,32861568.0,31951340.0,29298852.0,0.0,0.0,16.93,17.53,17.04,,,
8,18,sharded_n,Sharded-N,2000,read-heavy,1,253028.75504127322,2281.0,44183.0,7615.413782777778,11552.320769448625,1.5169656040981179,0,100,900,1790576312.771751,2393.103125,3044.825,performance,,32861568.0,31929424.0,29276680.0,0.0,0.0,15.43,17.19,16.94,,,
8,19,hdr_histogram,HdrHistogram,1000,read-heavy,1,265808.5247547665,2169.0,15354.0,3655.6239311111112,3541.6986657348007,0.9688356167036899,0,100,900,1790576323.2601798,2563.3275,3006.167,performance,,32861568.0,31934248.0,29281172.0,0.0,0.0,14.02,16.84,16.83,,,
8,20,hdr_histogram,HdrHistogram,750,read-heavy,1,289011.35118585196,1910.0,8832.0,2533.93672,1888.3979977685974,0.7452427611406954,0,100,900,1790576329.5641465,2300.0,2300.0,performance,,32861568.0,31899976.0,29246900.0,0.0,0.0,12.89,16.56,16.73,,,
8,21,global_mutex,GlobalMutex,3000,write-heavy,1,225762.90202462673,2641.0,88844.0,12783.808124074074,21436.300285513145,1.6768321362039973,0,100,900,1790576334.7134275,2562.57375,3002.404,performance,,32861568.0,31923944.0,29270964.0,0.0,0.0,11.86,16.28,16.64,,,
8,22,disabled,Disabled,2000,read-heavy,1,252785.33579639014,2306.0,43380.0,7628.9855,11700.040930151623,1.53362998660197,0,100,900,1790576350.4265873,2474.473875,2998.783,performance,,32861568.0,31949152.0,29295440.0,0.0,0.0,18.47,17.51,17.04,,,
8,23,thread_local,ThreadLocal,1500,read-heavy,1,262370.12154243403,2168.0,28293.0,5520.796543703704,7211.235796323168,1.3061948107012489,0,100,900,1790576360.905867,2477.27825,3018.406,performance,,32861568.0,31940176.0,29286336.0,0.0,0.0,17.53,17.35,16.99,,,
8,24,global_mutex,GlobalMutex,1000,mixed,1,264847.4601459926,2170.0,15905.0,3672.362878888889,3670.912228451735,0.9996049817283871,0,100,900,1790576369.180752,2398.258375,3086.067,performance,,32861568.0,31944280.0,29290356.0,0.0,0.0,17.05,17.27,16.97,,,
8,25,sharded_n,Sharded-N,1500,write-heavy,1,243967.07738528962,2370.0,30189.0,5962.410849629629,7785.831998667573,1.3058194403277679,0,100,900,1790576375.328305,2300.0,2300.0,performance,,32861568.0,31932384.0,29278564.0,0.0,0.0,16.72,17.2,16.95,,,
8,26,hdr_histogram,HdrHistogram,750,write-heavy,1,268288.961392976,2035.0,9348.0,2734.6927896296297,2022.443467244562,0.7395505173063588,0,100,900,1790576383.8387005,2387.4605,2999.684,performance,,32861568.0,31952164.0,29297848.0,0.0,0.0,15.55,16.94,16.87,,,
8,27,sharded_n,Sharded-N,750,write-heavy,1,263078.1101716997,2079.0,9530.0,2785.969736296296,2082.38747195376,0.7474551660859433,0,100,900,1790576388.994952,2483.41975,3060.83,performance,,32861568.0,31932428.0,29278292.0,0.0,0.0,14.31,16.66,16.78,,,
8,28,disabled,Disabled,1000,mixed,1,266988.10222610977,2160.0,16003.0,3636.614771111111,3666.6401030453835,1.0082563960782402,0,100,900,1790576394.200007,2300.0,2300.0,performance,,32861568.0,31924096.0,29269900.0,0.0,0.0,13.16,16.38,16.69,,,
8,29,hdr_histogram,HdrHistogram,1500,read-heavy,1,257782.5123841039,2190.0,29650.0,5612.608581481481,7515.862606962006,1.3391032882214902,0,100,900,1790576400.2855651,2387.111875,2996.895,performance,,32861568.0,31929640.0,29275032.0,0.0,0.0,13.31,16.36,16.68,,,
8,30,global_mutex,GlobalMutex,2000,mixed,1,241317.30399300883,2443.0,46150.0,7994.067490555555,12013.143963030001,1.5027573856766545,0,100,900,1790576408.6561291,2300.0,2300.0,performance,,32861568.0,31906824.0,29251912.0,0.0,0.0,12.37,16.06,16.58,,,
8,31,disabled,Disabled,500,read-heavy,1,303737.5892441363,1517.0,3892.0,1608.8936155555555,786.524266708329,0.4888603317856663,0,100,900,1790576419.344696,2387.679,3001.432,performance,,32861568.0,31933912.0,29278764.0,0.0,0.0,11.42,15.75,16.47,,,
8,32,thread_local,ThreadLocal,3000,mixed,1,228250.09869115808,2617.0,87798.0,12615.484345555555,21372.562382557833,1.6941531372980858,0,100,900,1790576423.5188968,2300.0,2300.0,performance,,32861568.0,31931896.0,29276896.0,0.0,0.0,10.51,15.48,16.38,,,
8,33,sharded_2key,Sharded-2key,3000,read-heavy,1,233677.46234865524,2541.0,79574.0,12336.009941851851,20829.731816483665,1.6885307254670352,0,100,900,1790576439.065156,2300.0,2300.0,performance,,32861568.0,31956192.0,29300480.0,0.0,0.0,9.86,15.11,16.25,,,
8,34,global_mutex,GlobalMutex,3000,mixed,1,227166.9911155519,2646.0,82859.0,12695.66781851852,21164.353100695535,1.667053155709082,0,100,900,1790576454.5036383,2387.878,3003.024,performance,,32861568.0,31945128.0,29289264.0,0.0,0.0,10.66,15.05,16.21,,,
8,35,disabled,Disabled,3000,read-heavy,1,238096.8329030985,2485.0,81954.0,12131.077604444445,20368.015081121826,1.6789947064273687,0,100,900,1790576470.1326382,2387.683625,3001.469,performance,,32861568.0,31950764.0,29294564.0,0.0,0.0,13.5,15.47,16.33,,,
8,36,hdr_histogram,HdrHistogram,250,read-heavy,1,299912.4639493222,801.0,1731.0,818.0724088888888,355.07790772439006,0.43404215062901236,0,100,900,1790576485.3096678,2554.02775,3008.089,performance,,32861568.0,31941908.0,29285204.0,0.0,0.0,13.69,15.42,16.3,,,
8,37,sharded_n,Sharded-N,1500,mixed,1,245872.8754423978,2362.0,31136.0,5913.049778518519,7863.016098464695,1.3297733645047596,0,100,900,1790576488.6599104,2300.0,2300.0,performance,,32861568.0,31964940.0,29308332.0,0.0,0.0,12.59,15.16,16.21,,,
8,38,hdr_histogram,HdrHistogram,250,write-heavy,1,290318.10075591365,818.0,1900.0,841.1149288888889,370.83466286144045,0.4408846521738858,0,100,900,1790576497.1406958,2387.715875,3001.727,performance,,32861568.0,31922628.0,29265820.0,0.0,0.0,12.95,15.19,16.21,,,
8,39,disabled,Disabled,750,write-heavy,1,273122.2039028393,1967.0,9347.0,2679.214034074074,2037.6183257254963,0.7605283862398434,0,100,900,1790576500.3419,2388.18925,3005.514,performance,,32861568.0,31940600.0,29283908.0,0.0,0.0,13.99,15.37,16.26,,,
8,40,thread_local,ThreadLocal,100,mixed,1,271994.23589815287,344.0,822.0,360.7000888888889,153.94369502662457,0.4267913975314983,0,100,900,1790576505.446712,2387.665375,3001.323,performance,,32861568.0,31925088.0,29268424.0,0.0,0.0,13.91,15.33,16.25,,,
8,41,thread_local,ThreadLocal,1000,read-heavy,1,269840.33916812687,2075.0,15975.0,3599.254123333333,3651.327765744712,1.014467898244193,0,100,900,1790576508.133778,2388.068375,3004.547,performance,,32861568.0,31947536.0,29290844.0,0.0,0.0,12.8,15.08,16.16,,,
8,42,thread_local,ThreadLocal,100,write-heavy,1,281268.6419582103,331.0,786.0,348.8603111111111,152.2656275012923,0.43646589380239387,0,100,900,1790576514.3664908,2740.17675,3085.201,performance,,32861568.0,31937972.0,29280992.0,0.0,0.0,11.77,14.83,16.07,,,
8,43,global_mutex,GlobalMutex,750,write-heavy,1,272976.4957458538,2016.0,9232.0,2685.4407466666667,1984.9430494231701,0.739149821826083,0,100,900,1790576517.0415685,2387.53875,3000.31,performance,,32861568.0,31942516.0,29285508.0,0.0,0.0,11.77,14.83,16.07,,,
8,44,sharded_2key,Sharded-2key,3000,write-heavy,1,228353.26937862486,2598.0,88780.0,12624.782056666667,21221.061839603837,1.6809052025098368,0,100,900,1790576522.1459002,2300.0,2300.0,performance,,32861568.0,31929196.0,29272312.0,0.0,0.0,18.36,16.14,16.49,,,
8,45,disabled,Disabled,250,read-heavy,1,308341.77223651705,772.0,1727.0,795.6102888888889,345.9163277588473,0.4347811140576593,0,100,900,1790576537.6979465,2387.84375,3002.75,performance,,32861568.0,31945368.0,29287804.0,0.0,0.0,16.94,15.94,16.42,,,
8,46,sharded_2key,Sharded-2key,250,mixed,1,305529.8549122366,781.0,1676.0,802.3932844444445,332.7343025282633,0.4146773271646205,0,100,900,1790576541.0190237,2300.0,2300.0,performance,,32861568.0,31953068.0,29295496.0,0.0,0.0,15.58,15.67,16.33,,,
8,47,global_mutex,GlobalMutex,1000,write-heavy,1,264217.15638179,2167.0,15585.0,3684.441332222222,3653.586357424688,0.9916256029027541,0,100,900,1790576544.1777813,2387.612,3000.896,performance,,32861568.0,31951384.0,29293832.0,0.0,0.0,14.33,15.41,16.24,,,
8,48,disabled,Disabled,250,write-heavy,1,293847.7764926632,806.0,1892.0,836.4633288888889,382.5369356280564,0.4573266064588834,0,100,900,1790576550.3056998,2388.096,3004.768,performance,,32861568.0,31902212.0,29244444.0,0.0,0.0,13.91,15.31,16.2,,,
8,49,thread_local,ThreadLocal,2000,read-heavy,1,249369.70048759982,2316.0,43213.0,7736.780041666667,11681.771227749714,1.5099009103059897,0,100,900,1790576553.4944906,2387.3545,2998.836,performance,,32861568.0,31930196.0,29272480.0,0.0,0.0,12.79,15.05,16.12,,,
8,50,disabled,Disabled,750,read-heavy,1,283794.06384450226,1915.0,8935.0,2579.968592592593,1935.6637447887288,0.7502663987252626,0,100,900,1790576564.097688,2731.463375,3001.851,performance,,32861568.0,31935988.0,29278020.0,0.0,0.0,12.22,14.87,16.04,,,
8,51,disabled,Disabled,100,mixed,1,285097.5563448992,330.0,771.0,344.4434777777778,142.6236222435764,0.4140697427738547,0,100,900,1790576569.2766914,2728.1985,3019.442,performance,,32861568.0,31937572.0,29279652.0,0.0,0.0,11.25,14.62,15.96,,,
8,52,global_mutex,GlobalMutex,500,mixed,1,281052.6830993557,1581.0,4907.0,1746.4734622222222,944.1403854914225,0.5405981859524468,0,100,900,1790576571.9462774,2300.0,2300.0,performance,,32861568.0,31956316.0,29298364.0,0.0,0.0,11.25,14.62,15.96,,,
8,53,sharded_2key,Sharded-2key,250,read-heavy,1,294403.8638013196,812.0,1825.0,834.3085066666666,363.93894744936995,0.4362162731666542,0,100,900,1790576576.075436,2640.882,3002.323,performance,,32861568.0,31935236.0,29277200.0,0.0,0.0,12.43,14.81,16.01,,,
8,54,sharded_n,Sharded-N,750,read-heavy,1,278645.7018043919,1967.0,9021.0,2632.1602177777777,1955.5461357984543,0.7429434282117674,0,100,900,1790576579.428392,2559.877625,2999.012,performance,,32861568.0,31952816.0,29294852.0,0.0,0.0,11.43,14.56,15.93,,,
8,55,sharded_2key,Sharded-2key,500,mixed,1,284860.48667107587,1598.0,4533.0,1717.8369333333333,881.7812057398896,0.5133090275506299,0,100,900,1790576584.6617823,2387.45975,2999.678,performance,,32861568.0,31916956.0,29258736.0,0.0,0.0,10.52,14.32,15.84,,,
8,56,sharded_2key,Sharded-2key,750,write-heavy,1,272218.3964559165,2009.0,9170.0,2691.0959155555556,1999.1170226811028,0.7428635341926862,0,100,900,1790576588.7578928,2656.9255,3021.84,performance,,32861568.0,31945988.0,29287824.0,0.0,0.0,9.67,14.08,15.75,,,
8,57,sharded_n,Sharded-N,3000,mixed,1,227051.91956762946,2617.0,89537.0,12702.272452962963,21445.078009060166,1.6882867288882497,0,100,900,1790576593.8712702,2473.096375,3000.031,performance,,32861568.0,31905516.0,29247032.0,0.0,0.0,8.9,13.85,15.67,,,
8,58,sharded_2key,Sharded-2key,500,write-heavy,1,280147.255831594,1647.0,4335.0,1747.9944222222223,875.8804572093519,0.5010773753475979,0,100,900,1790576609.4635727,2387.114375,2996.915,performance,,32861568.0,31963392.0,29304188.0,0.0,0.0,10.64,14.03,15.7,,,
8,59,thread_local,ThreadLocal,1500,mixed,1,253921.15538856536,2277.0,31209.0,5706.472397777778,7707.963069326794,1.3507404455909469,0,100,900,1790576613.5972214,2300.0,2300.0,performance,,32861568.0,31933804.0,29274836.0,0.0,0.0,9.79,13.79,15.62,,,
8,60,hdr_histogram,HdrHistogram,3000,mixed,1,228312.7529958614,2615.0,87949.0,12604.542993333333,21253.393346689245,1.6861692929232242,0,100,900,1790576621.8971457,2300.0,2300.0,performance,,32861568.0,31926764.0,29267528.0,0.0,0.0,9.73,13.71,15.58,,,
8,61,thread_local,ThreadLocal,3000,read-heavy,1,235380.2325358821,2510.0,68232.0,12245.55948037037,20518.480104511273,1.6755853529928455,0,100,900,1790576637.4449005,2649.47475,3021.457,performance,,32861568.0,31938196.0,29278512.0,0.0,0.0,10.93,13.79,15.58,,,
8,62,disabled,Disabled,1500,mixed,1,254590.93825036648,2267.0,29920.0,5706.338012592592,7520.876180375593,1.3179864501154204,0,100,900,1790576652.7779071,2387.945875,3003.567,performance,,32861568.0,31951348.0,29291248.0,0.0,0.0,11.85,13.83,15.56,,,
8,63,global_mutex,GlobalMutex,2000,write-heavy,1,243665.74146279253,2398.0,43514.0,7926.796433333333,11919.933940949126,1.5037517414757957,0,100,900,1790576661.0473933,2387.435875,2999.487,performance,,32861568.0,31924828.0,29264704.0,0.0,0.0,11.87,13.75,15.51,,,
8,64,hdr_histogram,HdrHistogram,3000,write-heavy,1,225633.25805262415,2645.0,87016.0,12729.535257407408,21581.82372372083,1.6954133271410843,0,100,900,1790576671.6653512,2825.81025,3008.977,performance,,32861568.0,31948660.0,29288240.0,0.0,0.0,14.69,14.32,15.68,,,
8,65,sharded_2key,Sharded-2key,1000,write-heavy,1,262793.89744951867,2180.0,15749.0,3694.4858355555557,3692.73524020177,0.9995261599497992,0,100,900,1790576687.382761,2387.734125,3001.873,performance,,32861568.0,31952620.0,29291644.0,0.0,0.0,14.58,14.3,15.65,,,
8,66,sharded_2key,Sharded-2key,1500,write-heavy,1,248694.44970220845,2333.0,30579.0,5837.82473037037,7833.242185755342,1.3418083871213407,0,100,900,1790576693.5529923,2300.0,2300.0,performance,,32861568.0,31910844.0,29250280.0,0.0,0.0,17.06,14.88,15.83,,,
8,67,hdr_histogram,HdrHistogram,1500,write-heavy,1,248278.6185438019,2338.0,31349.0,5834.3624851851855,7821.985167726534,1.340675213031139,0,100,900,1790576701.963843,2562.863125,3002.728,performance,,32861568.0,31914788.0,29253652.0,0.0,0.0,19.05,15.33,15.97,,,
8,68,sharded_n,Sharded-N,750,mixed,1,270426.9912386703,2012.0,9371.0,2710.9610444444443,2034.8256891032845,0.7505920062087356,0,100,900,1790576710.3891137,2300.0,2300.0,performance,,32861568.0,31914320.0,29252912.0,0.0,0.0,19.08,15.46,16.0,,,
8,69,disabled,Disabled,1000,write-heavy,1,264490.8391652378,2112.0,15699.0,3677.1924422222223,3673.5241204565627,0.9990024123503738,0,100,900,1790576715.5082624,2550.83225,2994.305,performance,,32861568.0,31945380.0,29284132.0,0.0,0.0,18.27,15.35,15.97,,,
8,70,sharded_2key,Sharded-2key,100,mixed,1,276097.62657461007,339.0,769.0,355.2780333333333,151.26807747994812,0.42577379766686424,0,100,900,1790576721.655401,2387.63825,3001.106,performance,,32861568.0,31934644.0,29273100.0,0.0,0.0,17.61,15.26,15.93,,,
8,71,thread_local,ThreadLocal,750,mixed,1,276640.28291184513,1976.0,9072.0,2647.8524355555555,1985.5754669074227,0.749881466295089,0,100,900,1790576724.3364723,2387.703125,3001.625,performance,,32861568.0,31948088.0,29286516.0,0.0,0.0,16.2,15.01,15.85,,,
8,72,global_mutex,GlobalMutex,1000,read-heavy,1,274154.22202518943,2068.0,15335.0,3549.9935111111113,3509.596386777422,0.9886205075566334,0,100,900,1790576729.396744,2387.73625,3001.89,performance,,32861568.0,31920468.0,29258960.0,0.0,0.0,14.9,14.76,15.76,,,
8,73,hdr_histogram,HdrHistogram,100,write-heavy,1,275992.6471142926,340.0,794.0,354.4637333333333,149.68204747771856,0.42227746706306735,0,100,900,1790576735.596076,2300.0,2300.0,performance,,32861568.0,31919064.0,29257424.0,0.0,0.0,14.67,14.72,15.74,,,
8,74,global_mutex,GlobalMutex,250,mixed,1,299132.4556532711,790.0,1790.0,819.8273288888889,372.33505150272237,0.45416277108906294,0,100,900,1790576738.2837172,2387.053125,2996.425,performance,,32861568.0,31941592.0,29279988.0,0.0,0.0,13.5,14.47,15.66,,,
8,75,sharded_n,Sharded-N,250,mixed,1,295674.1437760388,807.0,1751.0,830.0583333333333,361.4019460732171,0.43539343147355164,0,100,900,1790576741.454442,2474.026375,2999.824,performance,,32861568.0,31937424.0,29275964.0,0.0,0.0,13.5,14.47,15.66,,,
8,76,global_mutex,GlobalMutex,1500,write-heavy,1,249658.40636494837,2332.0,31830.0,5814.0497911111115,7791.483566553959,1.340112975720654,0,100,900,1790576744.636619,2387.574375,3000.595,performance,,32861568.0,31936248.0,29274780.0,0.0,0.0,12.41,14.23,15.57,,,
8,77,thread_local,ThreadLocal,500,write-heavy,1,277725.46784303855,1642.0,4583.0,1764.0643066666667,899.9730662693458,0.510170214809183,0,100,900,1790576753.0255048,2388.059125,3004.473,performance,,32861568.0,31932284.0,29270160.0,0.0,0.0,11.39,13.96,15.47,,,
8,78,sharded_2key,Sharded-2key,1500,mixed,1,250890.8798298521,2347.0,30765.0,5794.465128148148,7656.7199589319225,1.3213851131379457,0,100,900,1790576757.1736488,2387.57675,3000.614,performance,,32861568.0,31930740.0,29268800.0,0.0,0.0,11.39,13.96,15.47,,,
8,79,thread_local,ThreadLocal,500,read-heavy,1,287301.0466587817,1577.0,4543.0,1700.3777555555555,879.0339636594023,0.5169639280373908,0,100,900,1790576765.508358,2461.005625,2971.168,performance,,32861568.0,31913868.0,29251488.0,0.0,0.0,12.12,14.03,15.47,,,
8,80,sharded_2key,Sharded-2key,750,mixed,1,273762.45706631546,1958.0,9401.0,2674.4047822222224,2033.8451186955103,0.7604851487759992,0,100,900,1790576769.7713878,2387.3325,2998.66,performance,,32861568.0,31939452.0,29277224.0,0.0,0.0,11.15,13.79,15.39,,,
8,81,thread_local,ThreadLocal,2000,mixed,1,243276.94946184274,2400.0,48560.0,7934.799451666667,12024.59091456892,1.5154246793273662,0,100,900,1790576774.8727643,2387.00975,2996.078,performance,,32861568.0,31942992.0,29280828.0,0.0,0.0,12.02,13.93,15.43,,,
8,82,sharded_2key,Sharded-2key,1500,read-heavy,1,262045.95833992655,2206.0,28803.0,5527.749520740741,7320.041058780935,1.324235302506981,0,100,900,1790576785.4733758,2480.004,3041.09,performance,,32861568.0,31931532.0,29268880.0,0.0,0.0,15.18,14.57,15.62,,,
8,83,sharded_n,Sharded-N,1500,read-heavy,1,261115.19580274104,2230.0,30343.0,5558.346270370371,7467.8380967932935,1.343535960794988,0,100,900,1790576793.7535148,2387.6075,3000.86,performance,,32861568.0,31922180.0,29259244.0,0.0,0.0,14.25,14.4,15.55,,,
8,84,global_mutex,GlobalMutex,500,read-heavy,1,284229.48549955245,1600.0,4563.0,1724.3919533333333,891.9046733848959,0.5172285057702809,0,100,900,1790576802.0848856,2300.0,2300.0,performance,,32861568.0,31929872.0,29266660.0,0.0,0.0,14.63,14.47,15.57,,,
8,85,thread_local,ThreadLocal,1000,mixed,1,270992.09359971527,2095.0,15149.0,3581.316591111111,3513.085513622133,0.9809480464088741,0,100,900,1790576806.3685431,2387.79625,3002.37,performance,,32861568.0,31947736.0,29284740.0,0.0,0.0,14.26,14.4,15.54,,,
8,86,hdr_histogram,HdrHistogram,1500,mixed,1,252483.75621067118,2291.0,31323.0,5727.0804755555555,7779.797762062251,1.3584229862437147,0,100,900,1790576812.4328816,2387.704375,3001.635,performance,,32861568.0,31906316.0,29243032.0,0.0,0.0,14.64,14.48,15.56,,,
8,87,sharded_n,Sharded-N,100,read-heavy,1,281265.6814406956,336.0,743.0,350.1813666666667,144.93293798276264,0.41387964003442396,0,100,900,1790576820.7622948,2300.0,2300.0,performance,,32861568.0,31919368.0,29255848.0,0.0,0.0,22.62,16.16,16.1,,,
8,88,sharded_n,Sharded-N,3000,read-heavy,1,231908.0976216752,2557.0,85055.0,12459.065743703704,20940.000783943226,1.680703931956169,0,100,900,1790576823.6062229,2560.0105,2997.429,performance,,32861568.0,31950752.0,29287160.0,0.0,0.0,20.81,15.9,16.01,,,
8,89,global_mutex,GlobalMutex,500,write-heavy,1,280067.81868369086,1642.0,4443.0,1754.4073822222222,878.6724215885156,0.5008371661521078,0,100,900,1790576839.156059,2300.0,2300.0,performance,,32861568.0,31952600.0,29288556.0,0.0,0.0,18.31,15.6,15.91,,,
8,90,global_mutex,GlobalMutex,2000,read-heavy,1,249944.89357316232,2317.0,46037.0,7705.907958888889,11615.852668891908,1.5073957190849698,0,100,900,1790576843.2862716,2300.0,2300.0,performance,,32861568.0,31942324.0,29278580.0,0.0,0.0,16.84,15.34,15.83,,,
8,91,sharded_2key,Sharded-2key,250,write-heavy,1,286792.7988959043,829.0,1911.0,855.6929955555555,389.93513977340785,0.4556951404285411,0,100,900,1790576853.8740501,2300.0,2300.0,performance,,32861568.0,31934848.0,29270488.0,0.0,0.0,15.14,15.03,15.72,,,
8,92,disabled,Disabled,250,mixed,1,298217.5501242965,797.0,1757.0,822.2721555555555,361.25065475735715,0.4393322239074041,0,100,900,1790576857.0815008,2653.7655,3092.454,performance,,32861568.0,31956552.0,29292280.0,0.0,0.0,15.14,15.03,15.72,,,
8,93,thread_local,ThreadLocal,1500,write-heavy,1,250911.72180010367,2304.0,29965.0,5794.708127407407,7621.196062065607,1.3151992981353806,0,100,900,1790576860.2501202,2300.0,2300.0,performance,,32861568.0,31958900.0,29294680.0,0.0,0.0,15.61,15.13,15.75,,,
8,94,global_mutex,GlobalMutex,250,write-heavy,1,287409.09058858623,827.0,1802.0,851.9227822222222,376.3690864156734,0.44178779376450383,0,100,900,1790576868.6004782,2387.81275,3002.502,performance,,32861568.0,31925124.0,29260632.0,0.0,0.0,13.65,14.73,15.61,,,
8,95,sharded_2key,Sharded-2key,1000,read-heavy,1,282667.7668246908,1993.0,14539.0,3432.7371633333332,3357.4112873228473,0.9780566141751029,0,100,900,1790576871.80002,2300.0,2300.0,performance,,32861568.0,31931176.0,29266768.0,0.0,0.0,13.65,14.73,15.61,,,
8,96,disabled,Disabled,3000,write-heavy,1,230159.46920876895,2601.0,91448.0,12533.887723333333,21420.020811795835,1.708968620479973,0,100,900,1790576877.8843668,2549.60625,3016.535,performance,,32861568.0,31915364.0,29250612.0,0.0,0.0,12.37,14.43,15.5,,,
8,97,hdr_histogram,HdrHistogram,250,mixed,1,295652.9150620554,807.0,1818.0,831.8165911111112,360.1965093778112,0.4330239541106934,0,100,900,1790576893.3321488,2300.0,2300.0,performance,,32861568.0,31939060.0,29273892.0,0.0,0.0,13.14,14.52,15.52,,,
8,98,disabled,Disabled,1500,write-heavy,1,252087.93442247214,2285.0,31491.0,5766.70218,7685.751983200326,1.3327811534738085,0,100,900,1790576896.515555,2631.7105,2998.474,performance,,32861568.0,31950548.0,29285444.0,0.0,0.0,13.14,14.52,15.52,,,
8,99,disabled,Disabled,1500,read-heavy,1,265679.0051094916,2165.0,30172.0,5461.1607792592595,7306.955325536233,1.337985754473124,0,100,900,1790576904.8466508,2475.610625,3003.024,performance,,32861568.0,31952736.0,29287392.0,0.0,0.0,12.59,14.36,15.46,,,
8,100,hdr_histogram,HdrHistogram,1000,write-heavy,1,261019.48959182305,2205.0,16373.0,3729.2356755555556,3725.3712912993824,0.9989637597104674,0,100,900,1790576913.0612805,2300.0,2300.0,performance,,32861568.0,31924508.0,29259096.0,0.0,0.0,11.54,14.09,15.36,,,
8,101,thread_local,ThreadLocal,3000,write-heavy,1,227540.3738976055,2646.0,84355.0,12683.50221074074,21342.296190471254,1.6826816312924995,0,100,900,1790576919.2598913,2300.0,2300.0,performance,,32861568.0,31905164.0,29239684.0,0.0,0.0,10.61,13.85,15.27,,,
8,102,sharded_2key,Sharded-2key,3000,mixed,1,229565.91228177576,2599.0,89133.0,12593.839224814816,21176.92412638474,1.681530449003817,0,100,900,1790576934.8718724,2546.183875,3001.792,performance,,32861568.0,31954024.0,29287856.0,0.0,0.0,9.55,13.46,15.12,,,
8,103,global_mutex,GlobalMutex,3000,read-heavy,1,232169.2896901929,2579.0,90211.0,12410.35942111111,21070.349986642243,1.6978033650499862,0,100,900,1790576950.3466606,2387.608,3000.864,performance,,32861568.0,31936580.0,29270296.0,0.0,0.0,18.71,15.28,15.69,,,
8,104,disabled,Disabled,750,mixed,1,276892.3633973461,1947.0,9573.0,2637.1844844444445,2017.9868759514234,0.7652050464632312,0,100,900,1790576965.8466692,2387.67625,3001.41,performance,,32861568.0,31952788.0,29286020.0,0.0,0.0,20.71,15.89,15.88,,,
8,105,sharded_2key,Sharded-2key,2000,read-heavy,1,247043.71996422036,2382.0,48857.0,7786.762816666666,11978.650412195366,1.5383350814996506,0,100,900,1790576970.9092858,2388.306375,3006.451,performance,,32861568.0,31946356.0,29279776.0,0.0,0.0,20.65,15.95,15.9,,,
8,106,global_mutex,GlobalMutex,100,mixed,1,274462.43505383964,344.0,789.0,358.23345555555557,153.33353706649152,0.42802684866129775,0,100,900,1790576981.575895,2746.146625,3090.234,performance,,32861568.0,31918856.0,29251820.0,0.0,0.0,19.95,15.96,15.9,,,
8,107,thread_local,ThreadLocal,1000,write-heavy,1,269793.3757215179,2092.0,14980.0,3590.1512444444443,3493.2907651052833,0.9730205017158965,0,100,900,1790576984.2617931,2822.00175,3036.381,performance,,32861568.0,31944572.0,29277476.0,0.0,0.0,18.35,15.69,15.82,,,
8,108,thread_local,ThreadLocal,250,mixed,1,288703.9157625514,819.0,1850.0,850.8123155555555,388.64082437223306,0.4567879628287491,0,100,900,1790576990.3439746,2474.513125,3015.602,performance,,32861568.0,31934808.0,29267616.0,0.0,0.0,18.32,15.73,15.83,,,
8,109,hdr_histogram,HdrHistogram,100,read-heavy,1,276623.98256162414,338.0,835.0,353.8942777777778,150.3593062919641,0.42487069086316165,0,100,900,1790576993.5417883,2653.086125,3029.519,performance,,32861568.0,31935440.0,29268304.0,0.0,0.0,16.85,15.47,15.75,,,
8,110,sharded_2key,Sharded-2key,1000,mixed,1,266945.55991889775,2131.0,16154.0,3648.37741,3697.757897499522,1.0135349175675117,0,100,900,1790576996.3997161,2474.92125,3001.79,performance,,32861568.0,31937148.0,29269972.0,0.0,0.0,16.85,15.47,15.75,,,
8,111,disabled,Disabled,100,write-heavy,1,280958.31259184604,332.0,819.0,348.8664111111111,152.74354205117183,0.43782816913986095,0,100,900,1790577002.510238,2796.895625,3013.9,performance,,32861568.0,31907656.0,29240324.0,0.0,0.0,16.46,15.41,15.72,,,
8,112,sharded_n,Sharded-N,500,read-heavy,1,284060.3724215427,1606.0,4486.0,1728.4936377777778,889.1857886992913,0.51442815250536,0,100,900,1790577005.1840005,2688.060625,3108.824,performance,,32861568.0,31941764.0,29274408.0,0.0,0.0,16.99,15.54,15.76,,,
8,113,sharded_n,Sharded-N,250,write-heavy,1,295323.3306139961,814.0,1715.0,832.7177111111112,353.7943260385842,0.4248670603709265,0,100,900,1790577009.4665632,2810.299875,3014.564,performance,,32861568.0,31929976.0,29262660.0,0.0,0.0,15.63,15.28,15.68,,,
8,114,global_mutex,GlobalMutex,100,write-heavy,1,267345.98449584,347.0,915.0,366.8798,161.21797400867365,0.43942995501162413,0,100,900,1790577012.651762,2387.5975,3000.78,performance,,32861568.0,31938884.0,29271592.0,0.0,0.0,15.63,15.28,15.68,,,
8,115,sharded_2key,Sharded-2key,2000,mixed,1,246723.10797691252,2362.0,44177.0,7815.226791111111,11805.842511011093,1.5106205906191783,0,100,900,1790577015.3446794,2475.724875,3003.188,performance,,32861568.0,31942432.0,29275100.0,0.0,0.0,14.38,15.02,15.6,,,
8,116,disabled,Disabled,2000,mixed,1,248166.59414641347,2331.0,42367.0,7778.513755555556,11645.31162790958,1.4971126868024482,0,100,900,1790577025.8506594,2822.528875,3014.773,performance,,32861568.0,31954632.0,29286756.0,0.0,0.0,14.98,15.14,15.63,,,
8,117,sharded_n,Sharded-N,1000,read-heavy,1,268616.4732600949,2115.0,15260.0,3617.379721111111,3609.679964451898,0.99787145468465,0,100,900,1790577036.314989,2300.0,2300.0,performance,,32861568.0,31924024.0,29255796.0,0.0,0.0,19.87,16.19,15.96,,,
8,118,thread_local,ThreadLocal,750,read-heavy,1,291731.7835598229,1882.0,8610.0,2504.080248888889,1840.3269378110917,0.734931294085995,0,100,900,1790577042.5803397,2466.4535,3002.512,performance,,32861568.0,31913016.0,29244848.0,0.0,0.0,18.84,16.03,15.91,,,
8,119,global_mutex,GlobalMutex,1500,read-heavy,1,255152.16934609905,2228.0,29040.0,5681.276451111111,7555.158362735221,1.329834664401453,0,100,900,1790577047.6854248,2657.503625,3059.776,performance,,32861568.0,31940128.0,29271828.0,0.0,0.0,17.33,15.77,15.83,,,
8,120,hdr_histogram,HdrHistogram,3000,read-heavy,1,231507.25055671664,2547.0,89274.0,12464.858343333333,21274.309515613022,1.7067429833240992,0,100,900,1790577056.111334,2388.81525,3010.522,performance,,32861568.0,31907928.0,29239420.0,0.0,0.0,15.47,15.41,15.71,,,
8,121,sharded_n,Sharded-N,100,mixed,1,289698.121392339,326.0,674.0,337.2064,132.30833422178424,0.39236602336665094,0,100,900,1790577071.6441462,2300.0,2300.0,performance,,32861568.0,31954836.0,29285700.0,0.0,0.0,14.46,15.19,15.64,,,
8,122,sharded_n,Sharded-N,100,write-heavy,1,274555.90825888823,343.0,762.0,357.58056666666664,144.58575367239393,0.4043445509922676,0,100,900,1790577074.3113828,2552.711625,3000.758,performance,,32861568.0,31961040.0,29291916.0,0.0,0.0,13.31,14.94,15.55,,,
8,123,sharded_n,Sharded-N,3000,write-heavy,1,225987.39221193394,2644.0,77746.0,12776.48788037037,21437.92599206397,1.6779201133201027,0,100,900,1790577076.9954994,2387.60775,3000.862,performance,,32861568.0,31967576.0,29298420.0,0.0,0.0,13.31,14.94,15.55,,,
8,124,global_mutex,GlobalMutex,100,read-heavy,1,276747.66573721985,340.0,786.0,355.97942222222224,153.23198628700925,0.43045180906932673,0,100,900,1790577092.6905549,2387.639,3001.112,performance,,32861568.0,31949088.0,29279756.0,0.0,0.0,13.36,14.89,15.53,,,
8,125,sharded_n,Sharded-N,250,read-heavy,1,294251.2679058272,816.0,1725.0,831.9958311111111,351.54606156059856,0.4225334411725561,0,100,900,1790577095.5482764,2568.9705,3048.373,performance,,32861568.0,31963636.0,29294312.0,0.0,0.0,12.29,14.64,15.44,,,
8,126,hdr_histogram,HdrHistogram,500,write-heavy,1,279171.4343202331,1621.0,4682.0,1754.70256,923.4274895055933,0.5262587007940498,0,100,900,1790577098.9079854,2300.0,2300.0,performance,,32861568.0,31942608.0,29273328.0,0.0,0.0,11.31,14.4,15.36,,,
8,127,thread_local,ThreadLocal,100,read-heavy,1,280067.81711493124,334.0,809.0,350.05156666666664,148.29679975643182,0.42364272546634846,0,100,900,1790577103.0496385,2387.677625,3001.421,performance,,32861568.0,31934632.0,29265348.0,0.0,0.0,10.4,14.16,15.28,,,
8,128,sharded_n,Sharded-N,500,write-heavy,1,268572.8666861949,1686.0,4861.0,1826.7480733333334,957.6820920115356,0.5242551537301027,0,100,900,1790577105.9046772,2387.13075,2997.046,performance,,32861568.0,31947156.0,29277812.0,0.0,0.0,10.4,14.16,15.28,,,
8,129,thread_local,ThreadLocal,500,mixed,1,274527.9454459238,1648.0,4767.0,1786.3359422222222,928.4427854163889,0.5197470215268666,0,100,900,1790577110.1096122,2643.3285,3002.852,performance,,32861568.0,31930792.0,29261432.0,0.0,0.0,11.17,14.26,15.3,,,
8,130,sharded_2key,Sharded-2key,100,write-heavy,1,268831.374155495,348.0,855.0,365.3128111111111,157.08769847069493,0.43000873140174706,0,100,900,1790577114.2822158,2300.0,2300.0,performance,,32861568.0,31928176.0,29258876.0,0.0,0.0,10.27,14.02,15.22,,,
8,131,global_mutex,GlobalMutex,750,mixed,1,272701.4413449245,1997.0,9517.0,2684.188562962963,2054.494101534047,0.7654060261944404,0,100,900,1790577116.9732957,2300.0,2300.0,performance,,32861568.0,31937696.0,29268364.0,0.0,0.0,10.27,14.02,15.22,,,
8,132,global_mutex,GlobalMutex,1500,mixed,1,248443.21588648477,2353.0,29981.0,5844.038355555555,7765.664523272296,1.3288181991293697,0,100,900,1790577122.0868628,2476.091375,3012.35,performance,,32861568.0,31916664.0,29246972.0,0.0,0.0,10.57,14.02,15.21,,,
8,133,sharded_n,Sharded-N,1000,write-heavy,1,258552.08293426238,2173.0,16014.0,3764.8859922222223,3732.2766940271085,0.991338569544342,0,100,900,1790577130.4960165,2300.0,2300.0,performance,,32861568.0,31945484.0,29275276.0,0.0,0.0,11.68,14.14,15.24,,,
8,134,hdr_histogram,HdrHistogram,1000,mixed,1,265749.8831920749,2144.0,15821.0,3663.4359577777777,3646.6756394262366,0.995424973018579,0,100,900,1790577136.7252002,2300.0,2300.0,performance,,32861568.0,31932480.0,29262500.0,0.0,0.0,12.43,14.25,15.27,,,
8,135,sharded_n,Sharded-N,2000,mixed,1,240625.37369997817,2444.0,42243.0,8024.818971666667,11946.441127351885,1.4886866818468232,0,100,900,1790577142.8655243,2739.081,3011.726,performance,,32861568.0,31914284.0,29244020.0,0.0,0.0,12.39,14.21,15.25,,,
8,136,sharded_2key,Sharded-2key,2000,write-heavy,1,240405.0644872542,2460.0,45044.0,8031.546795,12030.771145919822,1.497939494470669,0,100,900,1790577153.5665126,2387.122875,2996.983,performance,,32861568.0,31938992.0,29268428.0,0.0,0.0,12.81,14.22,15.24,,,
8,137,disabled,Disabled,1000,read-heavy,1,275933.74263887375,2026.0,15103.0,3523.109606666667,3514.745720390287,0.9976259931679238,0,100,900,1790577164.2823067,2650.888625,3002.781,performance,,32861568.0,31931344.0,29260456.0,0.0,0.0,11.58,13.91,15.13,,,
8,138,global_mutex,GlobalMutex,750,read-heavy,1,286540.3613818766,1903.0,9021.0,2549.9819911111113,1912.928661120206,0.7501734003567139,0,100,900,1790577170.4493942,2387.702375,3001.619,performance,,32861568.0,31923856.0,29253228.0,0.0,0.0,12.97,14.16,15.2,,,
8,139,thread_local,ThreadLocal,250,read-heavy,1,302445.41473892104,795.0,1713.0,812.4207911111112,347.16224454193673,0.4273182670117768,0,100,900,1790577175.6061873,2300.0,2300.0,performance,,32861568.0,31928956.0,29258224.0,0.0,0.0,13.29,14.21,15.21,,,
8,140,disabled,Disabled,500,write-heavy,1,283634.5668577955,1632.0,4281.0,1731.2148266666666,849.3921013017442,0.4906335644878859,0,100,900,1790577178.9498982,2300.0,2300.0,performance,,32861568.0,31951324.0,29280584.0,0.0,0.0,12.23,13.97,15.13,,,
8,141,hdr_histogram,HdrHistogram,500,mixed,1,287653.78193314787,1581.0,4511.0,1700.2028488888889,867.9715260589761,0.5105105703276583,0,100,900,1790577183.063961,2300.0,2300.0,performance,,32861568.0,31956692.0,29286008.0,0.0,0.0,11.25,13.74,15.05,,,
8,142,hdr_histogram,HdrHistogram,750,mixed,1,270358.3070539151,2019.0,9776.0,2697.513731851852,2064.5356929843406,0.7653476119904792,0,100,900,1790577187.1600635,2300.0,2300.0,performance,,32861568.0,31935300.0,29264376.0,0.0,0.0,11.25,13.74,15.05,,,
8,143,thread_local,ThreadLocal,2000,write-heavy,1,243370.18506599794,2416.0,45292.0,7949.199516111111,11971.268711042136,1.505971599628272,0,100,900,1790577192.29364,2472.370125,3002.093,performance,,32861568.0,31889608.0,29218416.0,0.0,0.0,11.55,13.76,15.05,,,
8,144,thread_local,ThreadLocal,750,write-heavy,1,278135.326119076,1984.0,9136.0,2631.96845037037,1938.896063743711,0.7366714686381859,0,100,900,1790577202.9077325,2386.669375,2993.355,performance,,32861568.0,31934944.0,29263324.0,0.0,0.0,12.67,13.94,15.09,,,
9,1,hdr_histogram,HdrHistogram,500,mixed,1,279034.7295051191,1631.0,4693.0,1758.6255622222222,910.9283422089603,0.5179774261087728,0,100,900,1790577207.9587693,2387.712375,3001.699,performance,,32861568.0,31925608.0,29254052.0,0.0,0.0,10.72,13.48,14.93,,,
9,2,hdr_histogram,HdrHistogram,3000,write-heavy,1,224744.4177077766,2659.0,88420.0,12845.161938148149,21669.552127013903,1.686981622447178,0,100,900,1790577212.0965424,2387.099625,2996.797,performance,,32861568.0,31944084.0,29272664.0,0.0,0.0,10.72,13.48,14.93,,,
9,3,global_mutex,GlobalMutex,100,read-heavy,1,278417.70540600317,338.0,750.0,352.10152222222223,143.63449408749347,0.4079348853165175,0,100,900,1790577227.8557138,2476.607,3009.555,performance,,32861568.0,31951400.0,29279264.0,0.0,0.0,17.46,14.87,15.36,,,
9,4,disabled,Disabled,2000,mixed,1,246241.9099722228,2427.0,47149.0,7846.629431666666,11861.006908888647,1.5116053347722966,0,100,900,1790577230.7150548,2469.2955,2996.186,performance,,32861568.0,31940868.0,29268700.0,0.0,0.0,16.06,14.62,15.28,,,
9,5,global_mutex,GlobalMutex,500,read-heavy,1,281218.44939911575,1611.0,4601.0,1737.607088888889,910.7275121547475,0.5241274152127863,0,100,900,1790577241.2163703,2547.031375,2994.384,performance,,32861568.0,31936276.0,29263804.0,0.0,0.0,15.3,14.5,15.23,,,
9,6,sharded_2key,Sharded-2key,100,read-heavy,1,277954.47790037683,335.0,834.0,352.96042222222223,155.78616100111498,0.4413700550908587,0,100,900,1790577245.5095751,2387.3475,2998.78,performance,,32861568.0,31930452.0,29258196.0,0.0,0.0,16.56,14.77,15.32,,,
9,7,global_mutex,GlobalMutex,500,mixed,1,289406.31353481504,1596.0,4257.0,1694.6842911111112,841.8819383021729,0.49677803866949005,0,100,900,1790577248.3622022,2545.862875,2986.865,performance,,32861568.0,31953468.0,29281216.0,0.0,0.0,15.23,14.53,15.23,,,
9,8,global_mutex,GlobalMutex,2000,mixed,1,239746.3052227732,2473.0,46802.0,8075.622238333333,12174.919390318446,1.5076137826911447,0,100,900,1790577252.4384575,2387.11775,2996.942,performance,,32861568.0,31934900.0,29262632.0,0.0,0.0,15.23,14.53,15.23,,,
9,9,disabled,Disabled,100,read-heavy,1,282562.9942956873,331.0,824.0,347.7812,149.01937346697434,0.4284859948351847,0,100,900,1790577263.1739223,2300.0,2300.0,performance,,32861568.0,31933760.0,29261008.0,0.0,0.0,14.4,14.4,15.18,,,
9,10,hdr_histogram,HdrHistogram,3000,read-heavy,1,233700.4186496576,2529.0,86271.0,12335.443161851852,21044.70586057024,1.706035655504647,0,100,900,1790577266.0238683,2474.037,3000.001,performance,,32861568.0,31955112.0,29282332.0,0.0,0.0,14.4,14.4,15.18,,,
9,11,sharded_n,Sharded-N,1000,write-heavy,1,260181.31926285094,2225.0,15564.0,3724.93037,3666.1530065235434,0.9842205470604658,0,100,900,1790577281.442701,2386.8755,2995.004,performance,,32861568.0,31939988.0,29266596.0,0.0,0.0,13.56,14.22,15.11,,,
9,12,hdr_histogram,HdrHistogram,1000,read-heavy,1,278791.2169794668,2045.0,14449.0,3487.544807777778,3427.275066260092,0.9827185757202962,0,100,900,1790577287.6579971,2300.0,2300.0,performance,,32861568.0,31914388.0,29241332.0,0.0,0.0,14.24,14.35,15.15,,,
9,13,global_mutex,GlobalMutex,1000,write-heavy,1,258955.61853626024,2232.0,15561.0,3758.0945477777777,3630.304571255168,0.9659960719726506,0,100,900,1790577293.8035843,2387.5965,3000.772,performance,,32861568.0,31915492.0,29242140.0,0.0,0.0,12.05,13.87,14.98,,,
9,14,disabled,Disabled,3000,write-heavy,1,231024.34024601124,2568.0,86583.0,12507.662394074074,21119.62395590159,1.6885348589123832,0,100,900,1790577300.0332785,2300.0,2300.0,performance,,32861568.0,31906084.0,29232532.0,0.0,0.0,14.69,14.39,15.14,,,
9,15,hdr_histogram,HdrHistogram,2000,read-heavy,1,247817.98760743035,2349.0,45474.0,7803.320814444444,11692.977955571536,1.4984617746238356,0,100,900,1790577315.4435966,2387.799625,3002.397,performance,,32861568.0,31945748.0,29271744.0,0.0,0.0,15.38,14.55,15.19,,,
9,16,disabled,Disabled,3000,mixed,1,230779.3743708979,2583.0,85533.0,12517.281555555555,21106.188244108653,1.6861638967241315,0,100,900,1790577326.075902,2300.0,2300.0,performance,,32861568.0,31932496.0,29258056.0,0.0,0.0,16.37,14.8,15.26,,,
9,17,sharded_2key,Sharded-2key,1000,mixed,1,266555.6711476527,2166.0,15711.0,3640.210698888889,3662.6849188201545,1.0061738788741337,0,100,900,1790577341.4834142,2719.453125,3006.031,performance,,32861568.0,31929736.0,29255056.0,0.0,0.0,20.12,15.7,15.55,,,
9,18,thread_local,ThreadLocal,1000,write-heavy,1,260808.66798094878,2173.0,16101.0,3724.800041111111,3754.664723765222,1.008017794868044,0,100,900,1790577347.6051369,2300.0,2300.0,performance,,32861568.0,31906192.0,29231636.0,0.0,0.0,19.55,15.66,15.54,,,
9,19,thread_local,ThreadLocal,750,read-heavy,1,279496.0106735245,1902.0,9256.0,2621.4813155555557,2001.5170932799779,0.7635061449430196,0,100,900,1790577353.7934773,2553.428125,2999.73,performance,,32861568.0,31920196.0,29245568.0,0.0,0.0,21.25,16.19,15.71,,,
9,20,hdr_histogram,HdrHistogram,250,read-heavy,1,290246.252621925,814.0,1982.0,846.5697333333334,377.78578583921455,0.446254774963072,0,100,900,1790577359.0053928,2300.0,2300.0,performance,,32861568.0,31935344.0,29260680.0,0.0,0.0,19.55,15.92,15.63,,,
9,21,global_mutex,GlobalMutex,750,write-heavy,1,267165.98530131433,2025.0,9623.0,2739.903752592593,2076.0222518897767,0.7576989702376851,0,100,900,1790577362.3772407,2633.2885,2999.194,performance,,32861568.0,31951256.0,29276640.0,0.0,0.0,19.55,15.92,15.63,,,
9,22,sharded_n,Sharded-N,100,write-heavy,1,276946.60801118036,339.0,761.0,354.79078888888887,147.15257500092608,0.4147587243224919,0,100,900,1790577367.542367,2387.823,3002.584,performance,,32861568.0,31931244.0,29256308.0,0.0,0.0,18.71,15.8,15.59,,,
9,23,sharded_n,Sharded-N,2000,write-heavy,1,238852.36923816157,2468.0,48481.0,8092.554695,12145.584333605013,1.5008343831286288,0,100,900,1790577370.2267337,2926.46425,3068.651,performance,,32861568.0,31948568.0,29273604.0,0.0,0.0,18.25,15.76,15.58,,,
9,24,hdr_histogram,HdrHistogram,500,write-heavy,1,295690.78834165103,1538.0,4262.0,1655.5278555555556,855.1611406583165,0.5165489289646201,0,100,900,1790577380.995592,2563.929,3032.931,performance,,32861568.0,31942792.0,29267396.0,0.0,0.0,17.85,15.75,15.58,,,
9,25,sharded_n,Sharded-N,250,mixed,1,295417.34435405466,817.0,1689.0,830.5379066666667,339.7953254766916,0.4091268113702933,0,100,900,1790577385.0447946,2388.472375,3007.779,performance,,32861568.0,31945420.0,29270180.0,0.0,0.0,17.54,15.72,15.57,,,
9,26,sharded_n,Sharded-N,3000,write-heavy,1,221619.80523545895,2726.0,88821.0,13028.798627037037,21763.68841592853,1.6704294109485327,0,100,900,1790577388.2258751,2386.274875,2990.199,performance,,32861568.0,31960396.0,29285176.0,0.0,0.0,16.14,15.46,15.48,,,
9,27,thread_local,ThreadLocal,500,mixed,1,286074.58457485307,1593.0,4510.0,1711.7305622222223,883.9456168846659,0.5164046470824825,0,100,900,1790577404.1627448,2730.4965,3007.453,performance,,32861568.0,31946528.0,29270736.0,0.0,0.0,18.34,16.05,15.68,,,
9,28,sharded_n,Sharded-N,1500,mixed,1,249616.61739668847,2331.0,30079.0,5819.388039259259,7692.898567382733,1.321942877066151,0,100,900,1790577408.2607284,2386.708875,2993.671,performance,,32861568.0,31928536.0,29252904.0,0.0,0.0,16.87,15.79,15.6,,,
9,29,thread_local,ThreadLocal,1500,mixed,1,254717.5591967551,2278.0,30821.0,5698.219763703703,7602.809888898187,1.334243009953085,0,100,900,1790577416.6401973,2300.0,2300.0,performance,,32861568.0,31924436.0,29248264.0,0.0,0.0,16.48,15.72,15.58,,,
9,30,hdr_histogram,HdrHistogram,100,write-heavy,1,274390.28656678234,343.0,806.0,357.85325555555556,154.1526467133091,0.430770558378719,0,100,900,1790577424.9094532,2387.68225,3001.458,performance,,32861568.0,31953284.0,29276996.0,0.0,0.0,15.79,15.62,15.54,,,
9,31,thread_local,ThreadLocal,2000,mixed,1,247176.65171358283,2365.0,43247.0,7817.191205,11802.77457169961,1.509848520034967,0,100,900,1790577427.5963461,2300.0,2300.0,performance,,32861568.0,31966720.0,29290404.0,0.0,0.0,15.79,15.62,15.54,,,
9,32,disabled,Disabled,1000,mixed,1,270833.5914527923,2098.0,15198.0,3592.4528866666665,3561.0348168611386,0.991254423983642,0,100,900,1790577438.0823987,2636.71725,3007.514,performance,,32861568.0,31927764.0,29251252.0,0.0,0.0,19.56,16.48,15.83,,,
9,33,sharded_n,Sharded-N,250,write-heavy,1,286935.38945503207,827.0,1860.0,855.2918222222222,375.0028662533567,0.43845019502118343,0,100,900,1790577444.1442478,2300.0,2300.0,performance,,32861568.0,31922112.0,29245464.0,0.0,0.0,17.99,16.21,15.74,,,
9,34,global_mutex,GlobalMutex,100,write-heavy,1,275344.4155564981,340.0,797.0,356.3954111111111,148.20150955867337,0.4158345055471815,0,100,900,1790577447.3542056,2300.0,2300.0,performance,,32861568.0,31939636.0,29263036.0,0.0,0.0,17.99,16.21,15.74,,,
9,35,global_mutex,GlobalMutex,2000,write-heavy,1,238919.40198108932,2473.0,48256.0,8079.275422222222,12215.731119698856,1.511983498680986,0,100,900,1790577450.0394258,2300.0,2300.0,performance,,32861568.0,31954364.0,29277740.0,0.0,0.0,16.63,15.95,15.66,,,
9,36,thread_local,ThreadLocal,100,read-heavy,1,282489.1217598078,332.0,743.0,346.8206777777778,144.13476578649062,0.4155887322232951,0,100,900,1790577460.8144152,2477.0425,3015.944,performance,,32861568.0,31952096.0,29275140.0,0.0,0.0,20.37,16.77,15.93,,,
9,37,thread_local,ThreadLocal,250,read-heavy,1,298416.30348374654,795.0,1842.0,821.5609022222222,363.3400304546971,0.4422557469226037,0,100,900,1790577463.666458,2387.35375,2998.83,performance,,32861568.0,31954760.0,29277776.0,0.0,0.0,18.74,16.49,15.84,,,
9,38,disabled,Disabled,750,write-heavy,1,273257.8484935048,2020.0,9215.0,2681.359053333333,1982.4785925218102,0.7393558837475686,0,100,900,1790577467.0144672,2812.007875,3010.529,performance,,32861568.0,31960228.0,29283296.0,0.0,0.0,18.74,16.49,15.84,,,
9,39,sharded_n,Sharded-N,3000,read-heavy,1,231599.16854735347,2558.0,80866.0,12467.18707962963,20980.157619341004,1.6828300951399755,0,100,900,1790577472.1168869,2663.4655,3120.423,performance,,32861568.0,31937472.0,29260444.0,0.0,0.0,21.97,17.19,16.08,,,
9,40,disabled,Disabled,1000,write-heavy,1,264236.59272409807,2135.0,16401.0,3674.6722833333333,3743.7914117753585,1.0188096034455967,0,100,900,1790577487.6577146,2387.866875,3002.935,performance,,32861568.0,31947272.0,29269640.0,0.0,0.0,24.5,17.94,16.34,,,
9,41,sharded_n,Sharded-N,2000,mixed,1,240176.7956123346,2445.0,43164.0,8032.301988333334,12066.521495815903,1.5022494813245502,0,100,900,1790577493.8126035,2475.983,3008.434,performance,,32861568.0,31939820.0,29262396.0,0.0,0.0,23.38,17.94,16.36,,,
9,42,sharded_n,Sharded-N,1000,read-heavy,1,266543.6217594184,2153.0,15951.0,3651.5275144444445,3666.6972950611766,1.0041543656885303,0,100,900,1790577504.5476058,2388.357,3006.856,performance,,32861568.0,31927352.0,29249236.0,0.0,0.0,20.45,17.5,16.23,,,
9,43,thread_local,ThreadLocal,100,write-heavy,1,282132.02759454364,335.0,712.0,347.29405555555553,141.678449847332,0.40794953895969616,0,100,900,1790577510.846113,2733.393375,3007.312,performance,,32861568.0,31938244.0,29260308.0,0.0,0.0,19.69,17.39,16.2,,,
9,44,sharded_2key,Sharded-2key,2000,write-heavy,1,236579.57368845807,2493.0,50935.0,8156.192575555556,12383.179459972953,1.51825491431944,0,100,900,1790577513.5223541,2474.38875,3000.001,performance,,32861568.0,31950296.0,29272396.0,0.0,0.0,18.12,17.1,16.11,,,
9,45,global_mutex,GlobalMutex,1500,read-heavy,1,254997.96748203397,2276.0,30860.0,5690.99851037037,7766.058385867561,1.364621405490782,0,100,900,1790577524.3501403,2558.00425,3014.272,performance,,32861568.0,31948252.0,29269836.0,0.0,0.0,16.44,16.78,16.02,,,
9,46,sharded_n,Sharded-N,100,read-heavy,1,281725.83581708826,331.0,818.0,347.7490888888889,150.38628453862333,0.4324563006595656,0,100,900,1790577532.795036,2731.467125,3002.44,performance,,32861568.0,31917428.0,29238768.0,0.0,0.0,16.08,16.7,16.0,,,
9,47,hdr_histogram,HdrHistogram,500,read-heavy,1,287217.2204850279,1572.0,4481.0,1704.9972466666666,898.6745011768384,0.5270826700358494,0,100,900,1790577535.6488492,2389.1435,3013.148,performance,,32861568.0,31940156.0,29261472.0,0.0,0.0,14.79,16.42,15.91,,,
9,48,thread_local,ThreadLocal,250,mixed,1,293066.6174599567,811.0,1856.0,837.4888177777777,374.49836742496757,0.4471682003094378,0,100,900,1790577539.9086506,2737.418125,3005.104,performance,,32861568.0,31933648.0,29255136.0,0.0,0.0,13.61,16.15,15.83,,,
9,49,thread_local,ThreadLocal,3000,write-heavy,1,225554.82421130274,2651.0,89721.0,12776.13891037037,21689.173358227217,1.697631303978869,0,100,900,1790577543.094842,2387.11675,2996.934,performance,,32861568.0,31944928.0,29266404.0,0.0,0.0,12.52,15.88,15.74,,,
9,50,disabled,Disabled,750,read-heavy,1,283248.2026524116,1924.0,8910.0,2585.261745185185,1925.634770622975,0.7448509901209402,0,100,900,1790577558.7809389,2465.186,2990.219,performance,,32861568.0,31947628.0,29268292.0,0.0,0.0,14.37,16.14,15.83,,,
9,51,disabled,Disabled,500,mixed,1,301128.34416652255,1526.0,4150.0,1624.7839444444444,814.0232858598308,0.501004018807046,0,100,900,1790577563.9715815,2656.655,3050.096,performance,,32861568.0,31924068.0,29245136.0,0.0,0.0,13.22,15.88,15.74,,,
9,52,sharded_2key,Sharded-2key,3000,read-heavy,1,233026.44316361262,2537.0,87459.0,12371.585122592593,20793.63120040332,1.6807572347726611,0,100,900,1790577567.9839501,2300.0,2300.0,performance,,32861568.0,31923092.0,29244192.0,0.0,0.0,13.22,15.88,15.74,,,
9,53,hdr_histogram,HdrHistogram,750,write-heavy,1,268695.51305557805,2038.0,9475.0,2730.096511111111,2072.367748591283,0.7590822303010301,0,100,900,1790577583.4499505,2300.0,2300.0,performance,,32861568.0,31945016.0,29265280.0,0.0,0.0,12.52,15.55,15.64,,,
9,54,thread_local,ThreadLocal,3000,read-heavy,1,237932.7526015465,2477.0,85460.0,12135.163864444445,20388.509010958718,1.6801181458040506,0,100,900,1790577588.6120372,2739.369625,3026.232,performance,,32861568.0,31915056.0,29235600.0,0.0,0.0,11.52,15.29,15.55,,,
9,55,sharded_2key,Sharded-2key,500,read-heavy,1,292189.7910398606,1547.0,4510.0,1670.4288866666666,864.628153863643,0.5176084781370158,0,100,900,1790577603.8037865,2557.427375,3011.357,performance,,32861568.0,31943224.0,29263016.0,0.0,0.0,9.94,14.76,15.38,,,
9,56,sharded_n,Sharded-N,3000,mixed,1,230711.27570239606,2576.0,83506.0,12526.256914074074,20924.426154472236,1.6704452334010702,0,100,900,1790577608.0391636,2300.0,2300.0,performance,,32861568.0,31948860.0,29268844.0,0.0,0.0,9.15,14.52,15.29,,,
9,57,sharded_2key,Sharded-2key,750,mixed,1,272228.1497291572,2018.0,9272.0,2692.7185155555558,1990.6664860588482,0.7392776016352895,0,100,900,1790577623.4620667,2300.0,2300.0,performance,,32861568.0,31960944.0,29280248.0,0.0,0.0,9.09,14.26,15.2,,,
9,58,disabled,Disabled,250,read-heavy,1,304791.9574424273,784.0,1757.0,804.3200488888889,351.29506688621836,0.4367603012899002,0,100,900,1790577628.5587084,2653.747125,3030.001,performance,,32861568.0,31940448.0,29259992.0,0.0,0.0,8.36,14.02,15.12,,,
9,59,sharded_n,Sharded-N,1000,mixed,1,260931.23075481053,2225.0,16204.0,3721.645127777778,3735.115821529836,1.0036195535279586,0,100,900,1790577631.889646,2475.561125,3005.495,performance,,32861568.0,31938568.0,29258156.0,0.0,0.0,8.36,14.02,15.12,,,
9,60,sharded_2key,Sharded-2key,750,write-heavy,1,270936.28731627157,2024.0,9255.0,2704.266117037037,2019.624223951416,0.7468289497204671,0,100,900,1790577638.0799923,2824.306375,3013.958,performance,,32861568.0,31915132.0,29234436.0,0.0,0.0,13.48,14.98,15.42,,,
9,61,disabled,Disabled,1500,write-heavy,1,254147.7681499891,2272.0,29046.0,5712.393531111111,7570.058179172316,1.325198997223126,0,100,900,1790577643.197631,2387.713875,3001.711,performance,,32861568.0,31920188.0,29239592.0,0.0,0.0,12.4,14.73,15.34,,,
9,62,hdr_histogram,HdrHistogram,1500,write-heavy,1,257794.13651357387,2242.0,29893.0,5614.325214814815,7453.965783331288,1.327669042694947,0,100,900,1790577651.4857635,2388.03675,3004.294,performance,,32861568.0,31925336.0,29244240.0,0.0,0.0,12.37,14.69,15.32,,,
9,63,disabled,Disabled,3000,read-heavy,1,237027.01931408717,2469.0,83155.0,12167.80496,20544.889401105127,1.6884630768362618,0,100,900,1790577659.7102015,2300.0,2300.0,performance,,32861568.0,31932896.0,29251560.0,0.0,0.0,12.83,14.73,15.32,,,
9,64,thread_local,ThreadLocal,1000,mixed,1,266059.71351089136,2145.0,15407.0,3657.9328433333335,3603.284803893271,0.985060403845396,0,100,900,1790577674.969737,2387.84125,3002.73,performance,,32861568.0,31944128.0,29262360.0,0.0,0.0,14.22,14.98,15.4,,,
9,65,sharded_2key,Sharded-2key,100,mixed,1,275761.2498073425,343.0,806.0,356.5516666666667,146.6844478644654,0.4113974539392572,0,100,900,1790577681.0887785,2387.738375,3001.907,performance,,32861568.0,31919168.0,29237548.0,0.0,0.0,14.12,14.94,15.39,,,
9,66,thread_local,ThreadLocal,1000,read-heavy,1,275470.0978560111,2046.0,15412.0,3530.1118933333332,3566.2357547116753,1.0102330641265402,0,100,900,1790577683.7682025,2300.0,2300.0,performance,,32861568.0,31941108.0,29259456.0,0.0,0.0,12.99,14.69,15.3,,,
9,67,sharded_2key,Sharded-2key,500,write-heavy,1,283166.2208583684,1604.0,4506.0,1729.92232,892.8794120126981,0.5161384425704723,0,100,900,1790577689.9360409,2300.0,2300.0,performance,,32861568.0,31920996.0,29239208.0,0.0,0.0,11.95,14.45,15.22,,,
9,68,disabled,Disabled,500,read-heavy,1,290637.1909041262,1572.0,4383.0,1684.3241177777777,853.1402275276868,0.5065178480334783,0,100,900,1790577694.0541682,2300.0,2300.0,performance,,32861568.0,31930280.0,29248448.0,0.0,0.0,10.99,14.21,15.14,,,
9,69,thread_local,ThreadLocal,3000,mixed,1,229634.4550540384,2593.0,86662.0,12580.403471851852,21351.49771595381,1.697202936593165,0,100,900,1790577698.292548,2387.618,3000.944,performance,,32861568.0,31940880.0,29259044.0,0.0,0.0,10.11,13.97,15.06,,,
9,70,disabled,Disabled,250,write-heavy,1,297533.4646367467,798.0,1773.0,822.9500888888889,361.4767322890117,0.43924502490431916,0,100,900,1790577713.767261,2388.099,3004.792,performance,,32861568.0,31960032.0,29277600.0,0.0,0.0,9.72,13.71,14.95,,,
9,71,global_mutex,GlobalMutex,250,read-heavy,1,293919.42856461636,814.0,1721.0,835.4361688888889,351.0897964484791,0.4202473025741997,0,100,900,1790577716.9432414,2300.0,2300.0,performance,,32861568.0,31972144.0,29289776.0,0.0,0.0,9.72,13.71,14.95,,,
9,72,global_mutex,GlobalMutex,750,read-heavy,1,278119.87758809456,1943.0,9216.0,2624.285408888889,2004.5338727967235,0.7638398879965707,0,100,900,1790577720.3099325,2300.0,2300.0,performance,,32861568.0,31943228.0,29260912.0,0.0,0.0,10.86,13.88,15.0,,,
9,73,thread_local,ThreadLocal,500,read-heavy,1,284376.55384928896,1600.0,4514.0,1723.957057777778,885.7060024401197,0.5137633785274304,0,100,900,1790577725.5373268,2300.0,2300.0,performance,,32861568.0,31915724.0,29233308.0,0.0,0.0,12.39,14.15,15.08,,,
9,74,hdr_histogram,HdrHistogram,1500,read-heavy,1,261444.42107662818,2195.0,29204.0,5549.906574074074,7387.218855556891,1.3310528307027127,0,100,900,1790577729.8103666,2300.0,2300.0,performance,,32861568.0,31933152.0,29250824.0,0.0,0.0,11.4,13.91,15.0,,,
9,75,sharded_n,Sharded-N,500,write-heavy,1,287354.5316533775,1613.0,4182.0,1707.1193044444444,831.1726302731753,0.4868860823664973,0,100,900,1790577738.1414354,2387.60275,3000.822,performance,,32861568.0,31897920.0,29214960.0,0.0,0.0,10.16,13.57,14.88,,,
9,76,thread_local,ThreadLocal,500,write-heavy,1,291081.7995375703,1567.0,4340.0,1681.0361311111112,855.0546156096831,0.5086473751426861,0,100,900,1790577742.23948,2387.55375,3000.43,performance,,32861568.0,31921832.0,29239124.0,0.0,0.0,10.16,13.57,14.88,,,
9,77,disabled,Disabled,100,mixed,1,278036.4306068582,339.0,814.0,353.0000444444444,147.44241999532676,0.41768385674674163,0,100,900,1790577746.3082607,2300.0,2300.0,performance,,32861568.0,31925016.0,29242300.0,0.0,0.0,10.15,13.51,14.85,,,
9,78,thread_local,ThreadLocal,750,write-heavy,1,268503.2415680346,2055.0,9139.0,2735.98472,1985.8297870552901,0.7258190341996099,0,100,900,1790577748.9872465,2731.80325,2996.78,performance,,32861568.0,31942796.0,29260016.0,0.0,0.0,9.34,13.28,14.77,,,
9,79,sharded_n,Sharded-N,250,read-heavy,1,295118.2305672062,810.0,1767.0,831.43372,356.8946070594521,0.4292520239129249,0,100,900,1790577754.1270628,2300.0,2300.0,performance,,32861568.0,31925984.0,29242872.0,0.0,0.0,8.59,13.06,14.69,,,
9,80,global_mutex,GlobalMutex,250,write-heavy,1,290990.5598006552,819.0,1871.0,842.2405955555555,375.8118631097683,0.44620487909618833,0,100,900,1790577757.489695,2388.147875,3005.183,performance,,32861568.0,31954480.0,29271388.0,0.0,0.0,8.59,13.06,14.69,,,
9,81,hdr_histogram,HdrHistogram,1000,mixed,1,267431.9204525322,2138.0,16157.0,3637.853023333333,3688.005000616648,1.0137861472032097,0,100,900,1790577760.6850893,2745.99375,3079.821,performance,,32861568.0,31949896.0,29266820.0,0.0,0.0,9.18,13.11,14.7,,,
9,82,thread_local,ThreadLocal,250,write-heavy,1,298284.21471040254,798.0,1778.0,822.5719911111111,351.30467490239846,0.42708076460014677,0,100,900,1790577766.7924128,2647.659125,3018.346,performance,,32861568.0,31897904.0,29214608.0,0.0,0.0,9.73,13.16,14.71,,,
9,83,global_mutex,GlobalMutex,100,mixed,1,272876.7752972635,348.0,731.0,360.07882222222224,145.5657662069486,0.4042608374149615,0,100,900,1790577769.967885,2481.439375,3038.527,performance,,32861568.0,31941324.0,29258112.0,0.0,0.0,8.95,12.94,14.63,,,
9,84,disabled,Disabled,1500,read-heavy,1,263589.46936397604,2169.0,30819.0,5499.235042222223,7370.17485688087,1.3402181940386033,0,100,900,1790577772.6541536,2300.0,2300.0,performance,,32861568.0,31939572.0,29256344.0,0.0,0.0,8.95,12.94,14.63,,,
9,85,hdr_histogram,HdrHistogram,3000,mixed,1,229390.05240967474,2587.0,87492.0,12599.972044814815,21314.338327309048,1.6916179060953076,0,100,900,1790577780.8893294,2300.0,2300.0,performance,,32861568.0,31931064.0,29247240.0,0.0,0.0,9.01,12.81,14.57,,,
9,86,disabled,Disabled,750,mixed,1,275857.33664876095,1971.0,9424.0,2649.5806874074074,2010.526587147661,0.7588093454572031,0,100,900,1790577796.3738892,2388.054375,3004.435,performance,,32861568.0,31951324.0,29267156.0,0.0,0.0,8.99,12.63,14.48,,,
9,87,sharded_2key,Sharded-2key,3000,mixed,1,237897.83504506233,2476.0,82633.0,12111.260708148147,20230.209369197477,1.6703636274287372,0,100,900,1790577801.4420397,2390.626375,3025.011,performance,,32861568.0,31922292.0,29238272.0,0.0,0.0,10.03,12.78,14.52,,,
9,88,hdr_histogram,HdrHistogram,100,read-heavy,1,277409.90228023514,340.0,725.0,353.46737777777776,140.41902695243843,0.39726163086178434,0,100,900,1790577816.4733665,2387.31025,2998.482,performance,,32861568.0,31949184.0,29264440.0,0.0,0.0,12.47,13.18,14.62,,,
9,89,sharded_n,Sharded-N,2000,read-heavy,1,250132.2030333403,2331.0,43445.0,7703.3368083333335,11706.26387978662,1.5196354736979683,0,100,900,1790577819.321466,2493.672125,3152.32,performance,,32861568.0,31967656.0,29282892.0,0.0,0.0,11.47,12.97,14.54,,,
9,90,sharded_n,Sharded-N,500,read-heavy,1,288836.75295637705,1605.0,4129.0,1698.3910577777779,820.5897660785613,0.4831571400006332,0,100,900,1790577829.8819454,2643.7545,3007.272,performance,,32861568.0,31931640.0,29246688.0,0.0,0.0,10.89,12.8,14.47,,,
9,91,disabled,Disabled,250,mixed,1,296795.43126778887,800.0,1870.0,826.9547555555556,371.883773880154,0.44970268491934506,0,100,900,1790577834.1326716,2387.43675,2999.494,performance,,32861568.0,31930136.0,29245492.0,0.0,0.0,10.01,12.59,14.39,,,
9,92,sharded_2key,Sharded-2key,1000,read-heavy,1,274926.1221884663,2036.0,14661.0,3532.1949777777777,3418.2296523010523,0.9677352676752785,0,100,900,1790577837.3072312,2300.0,2300.0,performance,,32861568.0,31942960.0,29258304.0,0.0,0.0,10.01,12.59,14.39,,,
9,93,sharded_2key,Sharded-2key,250,write-heavy,1,294784.1408998808,812.0,1771.0,832.2404844444444,360.2495015546258,0.43286707182372597,0,100,900,1790577843.471539,2390.63725,3025.098,performance,,32861568.0,31908436.0,29223436.0,0.0,0.0,9.58,12.42,14.32,,,
9,94,disabled,Disabled,2000,read-heavy,1,254085.59153689645,2286.0,45318.0,7584.103139444444,11520.793392113068,1.5190712969334692,0,100,900,1790577846.655487,2387.369625,2998.957,performance,,32861568.0,31921036.0,29236144.0,0.0,0.0,9.58,12.42,14.32,,,
9,95,hdr_histogram,HdrHistogram,2000,write-heavy,1,240859.01897032087,2438.0,49698.0,7998.912193888889,12089.818579833549,1.5114328407142765,0,100,900,1790577857.0593607,2385.485875,2983.887,performance,,32861568.0,31941416.0,29255968.0,0.0,0.0,10.06,12.42,14.3,,,
9,96,sharded_n,Sharded-N,750,read-heavy,1,276066.6277505698,2013.0,9065.0,2657.4656607407405,1955.8341337456834,0.7359771991185449,0,100,900,1790577867.7615871,2731.969,3012.281,performance,,32861568.0,31928924.0,29243152.0,0.0,0.0,10.88,12.52,14.31,,,
9,97,hdr_histogram,HdrHistogram,750,mixed,1,274667.3455152172,1978.0,9290.0,2667.6049155555556,2018.513227090799,0.7566762286724994,0,100,900,1790577873.0143032,2300.0,2300.0,performance,,32861568.0,31934592.0,29249140.0,0.0,0.0,10.09,12.33,14.24,,,
9,98,global_mutex,GlobalMutex,1500,mixed,1,252833.38410805145,2305.0,30044.0,5743.34936962963,7540.158151030086,1.3128503362344341,0,100,900,1790577878.1024191,2300.0,2300.0,performance,,32861568.0,31910176.0,29224616.0,0.0,0.0,8.54,11.93,14.09,,,
9,99,sharded_2key,Sharded-2key,2000,mixed,1,243918.6081509552,2406.0,50218.0,7916.068018888889,11906.996433422973,1.5041553969737436,0,100,900,1790577886.4032736,2732.632375,3029.044,performance,,32861568.0,31929372.0,29243416.0,0.0,0.0,8.9,11.94,14.08,,,
9,100,global_mutex,GlobalMutex,500,write-heavy,1,275677.68221182894,1650.0,4635.0,1778.704897777778,920.5088522335462,0.5175163420214238,0,100,900,1790577896.9906318,2471.447625,2996.415,performance,,32861568.0,31939600.0,29253312.0,0.0,0.0,9.76,12.03,14.09,,,
9,101,sharded_2key,Sharded-2key,1500,write-heavy,1,251208.21031050882,2325.0,31252.0,5788.5003659259255,7679.104244190486,1.326613761552754,0,100,900,1790577901.1482637,2300.0,2300.0,performance,,32861568.0,31931536.0,29245340.0,0.0,0.0,10.1,12.06,14.09,,,
9,102,thread_local,ThreadLocal,2000,read-heavy,1,249890.08359078044,2320.0,47410.0,7703.480075555555,11774.621294386467,1.5284807877610187,0,100,900,1790577909.5032277,2300.0,2300.0,performance,,32861568.0,31927940.0,29241436.0,0.0,0.0,11.27,12.27,14.13,,,
9,103,global_mutex,GlobalMutex,1000,mixed,1,274922.6999386378,2054.0,14740.0,3529.7886411111112,3456.1902740494515,0.9791493557986826,0,100,900,1790577920.0737982,2475.282625,3003.56,performance,,32861568.0,31944132.0,29257332.0,0.0,0.0,14.99,13.07,14.38,,,
9,104,sharded_2key,Sharded-2key,250,read-heavy,1,296201.0840546311,802.0,1939.0,827.7731288888889,367.5042467147439,0.4439673551713873,0,100,900,1790577926.089036,2754.067,3078.163,performance,,32861568.0,31919248.0,29232604.0,0.0,0.0,14.99,13.1,14.38,,,
9,105,sharded_n,Sharded-N,750,write-heavy,1,271293.50878489297,2030.0,9351.0,2699.67228,2007.7868501337452,0.74371502978641,0,100,900,1790577929.4402454,2472.508,3002.137,performance,,32861568.0,31941744.0,29255120.0,0.0,0.0,13.79,12.89,14.3,,,
9,106,hdr_histogram,HdrHistogram,250,mixed,1,284413.9271811862,832.0,2072.0,864.4525377777778,405.71053313189856,0.46932655686898256,0,100,900,1790577934.5699904,2300.0,2300.0,performance,,32861568.0,31930308.0,29243496.0,0.0,0.0,12.68,12.67,14.23,,,
9,107,disabled,Disabled,100,write-heavy,1,281621.77330327785,334.0,734.0,348.31904444444444,145.3950746027123,0.4174192508899761,0,100,900,1790577937.7799938,2300.0,2300.0,performance,,32861568.0,31924024.0,29237184.0,0.0,0.0,12.68,12.67,14.23,,,
9,108,disabled,Disabled,1000,read-heavy,1,277442.6744662946,2036.0,15700.0,3490.9156955555554,3647.6026638412322,1.0448842028712302,0,100,900,1790577940.4525952,2388.297625,3006.381,performance,,32861568.0,31929556.0,29242688.0,0.0,0.0,11.67,12.46,14.15,,,
9,109,sharded_2key,Sharded-2key,500,mixed,1,280201.6327711535,1635.0,4454.0,1748.3040555555556,882.6534446563761,0.5048626649647031,0,100,900,1790577946.5942087,2790.16825,3002.287,performance,,32861568.0,31911736.0,29224644.0,0.0,0.0,12.42,12.6,14.19,,,
9,110,thread_local,ThreadLocal,100,mixed,1,290380.74203436665,324.0,741.0,336.6667444444444,137.53838318702006,0.40852975667074287,0,100,900,1790577950.7227793,2387.68825,3001.506,performance,,32861568.0,31941480.0,29254408.0,0.0,0.0,12.86,12.69,14.21,,,
9,111,thread_local,ThreadLocal,1500,read-heavy,1,258654.92055277602,2248.0,29340.0,5616.7694762962965,7589.801220492636,1.3512751863011048,0,100,900,1790577953.388037,2300.0,2300.0,performance,,32861568.0,31959544.0,29272444.0,0.0,0.0,11.83,12.48,14.13,,,
9,112,sharded_n,Sharded-N,750,mixed,1,276529.2087983394,1992.0,8830.0,2651.324005925926,1908.2615649265847,0.7197391041839715,0,100,900,1790577961.7271373,2300.0,2300.0,performance,,32861568.0,31942492.0,29254928.0,0.0,0.0,11.61,12.42,14.1,,,
9,113,thread_local,ThreadLocal,1500,write-heavy,1,252151.4895420307,2317.0,32190.0,5760.648973333334,7772.523128926555,1.3492443585621001,0,100,900,1790577966.7997792,2387.446375,2999.571,performance,,32861568.0,31942848.0,29255312.0,0.0,0.0,11.8,12.45,14.1,,,
9,114,hdr_histogram,HdrHistogram,250,write-heavy,1,292201.05564527295,816.0,1964.0,841.5723822222222,381.45147830892057,0.45326045194315323,0,100,900,1790577975.1165113,2560.168375,3017.8,performance,,32861568.0,31918804.0,29230892.0,0.0,0.0,16.55,13.49,14.43,,,
9,115,global_mutex,GlobalMutex,3000,read-heavy,1,233833.54405771446,2550.0,82903.0,12354.00204111111,20664.743390567655,1.67271652714646,0,100,900,1790577978.2991705,2300.0,2300.0,performance,,32861568.0,31917492.0,29229648.0,0.0,0.0,15.22,13.27,14.35,,,
9,116,global_mutex,GlobalMutex,3000,write-heavy,1,225963.88083225783,2644.0,90008.0,12763.73633037037,21602.068577976224,1.692456504806958,0,100,900,1790577993.7049177,2388.535,3008.28,performance,,32861568.0,31934192.0,29245736.0,0.0,0.0,16.3,13.64,14.45,,,
9,117,disabled,Disabled,500,write-heavy,1,284144.2632753952,1560.0,4951.0,1722.258291111111,950.8811673443415,0.5521129857536541,0,100,900,1790578009.405771,2938.857875,3110.479,performance,,32861568.0,31949988.0,29261228.0,0.0,0.0,13.69,13.2,14.3,,,
9,118,sharded_2key,Sharded-2key,100,write-heavy,1,272876.7794340266,345.0,791.0,359.9369888888889,148.8127568045982,0.4134411338606161,0,100,900,1790578013.507474,2387.44,2999.52,performance,,32861568.0,31934864.0,29246336.0,0.0,0.0,12.59,12.98,14.22,,,
9,119,sharded_n,Sharded-N,100,mixed,1,275944.6256768688,343.0,759.0,356.0166222222222,142.84161558485889,0.40122175951576355,0,100,900,1790578016.1927905,2387.366875,2998.935,performance,,32861568.0,31949012.0,29260456.0,0.0,0.0,12.59,12.98,14.22,,,
9,120,sharded_n,Sharded-N,500,mixed,1,277302.7002241362,1629.0,4658.0,1768.9732733333333,931.9669025689984,0.5268405784406585,0,100,900,1790578018.8754237,2387.280125,2998.241,performance,,32861568.0,31952376.0,29263788.0,0.0,0.0,11.58,12.76,14.14,,,
9,121,hdr_histogram,HdrHistogram,100,mixed,1,272204.40271385614,342.0,843.0,360.3379111111111,154.2545029740381,0.4280829138915481,0,100,900,1790578023.0261378,2300.0,2300.0,performance,,32861568.0,31956084.0,29267496.0,0.0,0.0,11.58,12.76,14.14,,,
9,122,sharded_2key,Sharded-2key,3000,write-heavy,1,228426.86396292652,2602.0,86288.0,12621.839665925925,21247.94084055948,1.6834266163212868,0,100,900,1790578025.7169225,2300.0,2300.0,performance,,32861568.0,31958140.0,29269520.0,0.0,0.0,10.65,12.55,14.07,,,
9,123,sharded_2key,Sharded-2key,1500,mixed,1,260047.118542259,2222.0,29528.0,5583.1867,7326.310028584334,1.3122093926367058,0,100,900,1790578041.2690303,2300.0,2300.0,performance,,32861568.0,31958056.0,29268660.0,0.0,0.0,12.96,12.99,14.19,,,
9,124,global_mutex,GlobalMutex,1000,read-heavy,1,273367.7046688696,2063.0,14759.0,3567.1273522222223,3477.5159447889405,0.9748785511183232,0,100,900,1790578049.4268618,2656.588625,3038.206,performance,,32861568.0,31918704.0,29229208.0,0.0,0.0,12.08,12.81,14.12,,,
9,125,hdr_histogram,HdrHistogram,750,read-heavy,1,275377.41282201,1987.0,8974.0,2662.2195214814815,1977.5984406729142,0.7428382313012314,0,100,900,1790578055.6243289,2300.0,2300.0,performance,,32861568.0,31941880.0,29252228.0,0.0,0.0,12.23,12.83,14.11,,,
9,126,sharded_2key,Sharded-2key,1000,write-heavy,1,266654.65764700924,2120.0,15908.0,3643.189281111111,3681.4872542753706,1.0105122106509326,0,100,900,1790578060.8848996,2392.54175,3040.334,performance,,32861568.0,31922816.0,29233276.0,0.0,0.0,12.21,12.82,14.1,,,
9,127,sharded_2key,Sharded-2key,250,mixed,1,307307.53890187014,789.0,1560.0,798.2968088888889,313.8708865862021,0.3931756748759449,0,100,900,1790578067.0054922,2476.969875,3015.127,performance,,32861568.0,31936564.0,29246772.0,0.0,0.0,13.16,13.0,14.16,,,
9,128,disabled,Disabled,2000,write-heavy,1,247050.57779009466,2381.0,45127.0,7815.067046111111,11724.930858024729,1.5002981789976098,0,100,900,1790578070.1571443,2561.517875,3016.419,performance,,32861568.0,31940508.0,29250768.0,0.0,0.0,13.46,13.07,14.17,,,
9,129,hdr_histogram,HdrHistogram,1500,mixed,1,255323.10894326586,2285.0,31112.0,5666.734842962963,7553.931780155828,1.333030746892351,0,100,900,1790578080.6597207,2386.12025,2988.962,performance,,32861568.0,31935260.0,29245192.0,0.0,0.0,14.03,13.2,14.2,,,
9,130,global_mutex,GlobalMutex,250,mixed,1,287831.81337795756,828.0,1893.0,852.6613733333334,383.7999189338923,0.4501199783842586,0,100,900,1790578088.9204214,2387.507,3000.056,performance,,32861568.0,31918724.0,29228276.0,0.0,0.0,13.05,13.03,14.14,,,
9,131,global_mutex,GlobalMutex,750,mixed,1,273089.6473521531,2009.0,9498.0,2683.9918118518517,2028.5646224892596,0.7558013454182737,0,100,900,1790578092.1243699,2387.8865,3003.092,performance,,32861568.0,31936840.0,29246504.0,0.0,0.0,13.05,13.03,14.14,,,
9,132,thread_local,ThreadLocal,750,mixed,1,275432.1051395884,2020.0,8995.0,2660.7533022222224,1941.5277318215228,0.7296909977336069,0,100,900,1790578097.228691,2387.771,3002.168,performance,,32861568.0,31937044.0,29246804.0,0.0,0.0,13.37,13.09,14.15,,,
9,133,global_mutex,GlobalMutex,3000,mixed,1,229092.60325709055,2627.0,88630.0,12578.064081481481,21237.775911899207,1.688477318474415,0,100,900,1790578102.3025331,2387.917625,3003.341,performance,,32861568.0,31926044.0,29235764.0,0.0,0.0,13.5,13.12,14.16,,,
9,134,hdr_histogram,HdrHistogram,2000,mixed,1,244340.0565352801,2401.0,45683.0,7887.376062222223,11900.828325880122,1.5088450496079342,0,100,900,1790578117.812953,2300.0,2300.0,performance,,32861568.0,31942544.0,29251400.0,0.0,0.0,13.88,13.22,14.17,,,
9,135,global_mutex,GlobalMutex,1500,write-heavy,1,254267.25551886723,2292.0,30497.0,5701.8996962962965,7599.449046576083,1.3327924816903305,0,100,900,1790578128.3791275,2564.887,3037.416,performance,,32861568.0,31925268.0,29233996.0,0.0,0.0,12.63,12.98,14.08,,,
9,136,sharded_n,Sharded-N,1500,write-heavy,1,246439.5233652828,2402.0,32228.0,5904.836127407408,7817.706244812289,1.3239497381690677,0,100,900,1790578136.6535137,2387.523625,3000.189,performance,,32861568.0,31943064.0,29251640.0,0.0,0.0,15.62,13.59,14.27,,,
9,137,sharded_n,Sharded-N,1500,read-heavy,1,264161.15909711947,2160.0,29885.0,5475.880664444445,7383.680077871761,1.3484004729713868,0,100,900,1790578145.1242297,2475.386875,3006.015,performance,,32861568.0,31933796.0,29242292.0,0.0,0.0,14.58,13.44,14.21,,,
9,138,sharded_2key,Sharded-2key,750,read-heavy,1,282895.0373532868,1929.0,8921.0,2585.9887733333335,1931.3223712698675,0.7468409728555772,0,100,900,1790578153.367531,2387.135125,2997.081,performance,,32861568.0,31935372.0,29243588.0,0.0,0.0,13.96,13.36,14.18,,,
9,139,sharded_2key,Sharded-2key,2000,read-heavy,1,252623.1993737974,2300.0,44786.0,7637.8800622222225,11648.899650502623,1.52514828140852,0,100,900,1790578158.5512795,2482.558625,3043.519,performance,,32861568.0,31922936.0,29231244.0,0.0,0.0,12.84,13.13,14.1,,,
9,140,thread_local,ThreadLocal,2000,write-heavy,1,241507.82104240835,2428.0,43657.0,7999.143609444444,12096.70491508122,1.5122499989622462,0,100,900,1790578169.0370243,2827.5135,3007.228,performance,,32861568.0,31933136.0,29240952.0,0.0,0.0,12.56,13.08,14.07,,,
9,141,sharded_2key,Sharded-2key,1500,read-heavy,1,262701.0769721178,2140.0,28759.0,5515.7663555555555,7305.046575240651,1.3243937658604608,0,100,900,1790578179.7132552,2815.960375,3040.914,performance,,32861568.0,31951180.0,29258856.0,0.0,0.0,13.36,13.25,14.12,,,
9,142,hdr_histogram,HdrHistogram,1000,write-heavy,1,267793.54436107137,2140.0,15368.0,3636.01075,3590.0087035511137,0.9873482094493571,0,100,900,1790578187.9794207,2563.8715,3008.845,performance,,32861568.0,31908368.0,29215812.0,0.0,0.0,13.73,13.33,14.14,,,
9,143,global_mutex,GlobalMutex,2000,read-heavy,1,252168.66879887538,2320.0,47426.0,7643.600618888889,11798.102889971655,1.5435268636113912,0,100,900,1790578194.0917573,2388.10275,3004.822,performance,,32861568.0,31913896.0,29221300.0,0.0,0.0,11.62,12.89,13.99,,,
9,144,disabled,Disabled,1500,mixed,1,256695.4491496877,2280.0,29701.0,5641.002769629629,7569.390817660405,1.341851994544826,0,100,900,1790578204.5757802,2400.422,3103.376,performance,,32861568.0,31926172.0,29233184.0,0.0,0.0,13.37,13.25,14.1,,,
10,1,thread_local,ThreadLocal,100,mixed,1,280936.3626447434,333.0,785.0,347.4185444444444,146.4411424375595,0.4215121638706216,0,100,900,1790578212.7909157,2651.35875,3011.311,performance,,32861568.0,31937404.0,29244128.0,0.0,0.0,14.14,13.41,14.14,,,
10,2,thread_local,ThreadLocal,2000,mixed,1,248192.9018285039,2356.0,48213.0,7775.243127222222,11805.518835036248,1.518347226172705,0,100,900,1790578215.469066,2300.0,2300.0,performance,,32861568.0,31948956.0,29255700.0,0.0,0.0,13.65,13.32,14.11,,,
10,3,sharded_n,Sharded-N,100,mixed,1,274509.483959534,341.0,795.0,357.81693333333334,151.61133356162475,0.42371201426732763,0,100,900,1790578225.9280427,2668.825375,3066.157,performance,,32861568.0,31943324.0,29249704.0,0.0,0.0,14.14,13.44,14.14,,,
10,4,hdr_histogram,HdrHistogram,1500,write-heavy,1,253021.76680286723,2276.0,29818.0,5736.047491851852,7604.735241486863,1.3257796858009827,0,100,900,1790578228.6143837,2831.76,3046.498,performance,,32861568.0,31961484.0,29267836.0,0.0,0.0,13.01,13.22,14.07,,,
10,5,thread_local,ThreadLocal,500,read-heavy,1,291647.9601234644,1566.0,4206.0,1678.5953044444445,848.005634661888,0.5051876604304858,0,100,900,1790578236.9285595,2387.149,2997.192,performance,,32861568.0,31916092.0,29222324.0,0.0,0.0,12.37,13.08,14.02,,,
10,6,thread_local,ThreadLocal,2000,write-heavy,1,243495.19565223082,2387.0,50848.0,7921.345500555555,12179.239599294517,1.537521573631694,0,100,900,1790578241.1685867,2387.781875,3002.255,performance,,32861568.0,31954112.0,29260492.0,0.0,0.0,13.14,13.23,14.06,,,
10,7,hdr_histogram,HdrHistogram,2000,mixed,1,243947.65263932696,2393.0,45828.0,7895.550086111111,12117.124133369558,1.5346776350243823,0,100,900,1790578251.799156,2300.0,2300.0,performance,,32861568.0,31937644.0,29243392.0,0.0,0.0,14.71,13.57,14.16,,,
10,8,sharded_n,Sharded-N,500,write-heavy,1,291753.9715573436,1595.0,4034.0,1682.3729955555555,808.0638250212539,0.48031193270218536,0,100,900,1790578262.3914602,2387.506625,3000.053,performance,,32861568.0,31931288.0,29236928.0,0.0,0.0,17.5,14.19,14.36,,,
10,9,sharded_n,Sharded-N,750,write-heavy,1,265334.9581376968,2064.0,9493.0,2764.5906044444446,2071.2978619069727,0.7492240835142417,0,100,900,1790578266.4649866,2300.0,2300.0,performance,,32861568.0,31937416.0,29243300.0,0.0,0.0,17.38,14.22,14.37,,,
10,10,hdr_histogram,HdrHistogram,1500,mixed,1,252542.91059388217,2276.0,31360.0,5749.2813985185185,7597.627223090248,1.3214916259009366,0,100,900,1790578271.651644,2387.554875,3000.439,performance,,32861568.0,31922128.0,29227792.0,0.0,0.0,17.83,14.37,14.41,,,
10,11,sharded_n,Sharded-N,750,read-heavy,1,278011.9204468519,1954.0,9391.0,2633.2557688888887,2008.0252007619504,0.7625636766797034,0,100,900,1790578279.9643166,2300.0,2300.0,performance,,32861568.0,31927556.0,29232828.0,0.0,0.0,16.05,14.11,14.33,,,
10,12,global_mutex,GlobalMutex,2000,mixed,1,242735.99471887387,2433.0,47444.0,7945.523100555555,12031.525987582698,1.5142522191825794,0,100,900,1790578285.19388,2803.386625,3008.933,performance,,32861568.0,31940668.0,29246192.0,0.0,0.0,17.08,14.36,14.41,,,
10,13,global_mutex,GlobalMutex,1500,read-heavy,1,258357.27263847613,2262.0,30437.0,5621.965485185186,7570.7692587565225,1.3466410063716612,0,100,900,1790578295.8309414,2300.0,2300.0,performance,,32861568.0,31941352.0,29246268.0,0.0,0.0,19.09,14.86,14.57,,,
10,14,sharded_n,Sharded-N,1500,mixed,1,252907.77828376213,2293.0,30006.0,5735.90340962963,7656.209972433579,1.334787116460168,0,100,900,1790578304.1904116,2903.2415,3002.732,performance,,32861568.0,31939804.0,29244592.0,0.0,0.0,20.72,15.38,14.75,,,
10,15,sharded_2key,Sharded-2key,750,mixed,1,283062.7882315934,1949.0,8906.0,2594.0802281481483,1905.732988198395,0.7346468962368417,0,100,900,1790578312.510798,2387.1965,2997.572,performance,,32861568.0,31921368.0,29225840.0,0.0,0.0,19.54,15.23,14.7,,,
10,16,global_mutex,GlobalMutex,1500,mixed,1,255217.65031261728,2284.0,31228.0,5686.485229629629,7540.205685272689,1.3259870343079736,0,100,900,1790578317.5255394,2387.564125,3000.513,performance,,32861568.0,31934424.0,29239052.0,0.0,0.0,19.34,15.26,14.71,,,
10,17,disabled,Disabled,2000,read-heavy,1,254772.91933863246,2234.0,45826.0,7563.741731666667,11513.358888655246,1.5221776862704013,0,100,900,1790578325.777774,2899.18925,3057.766,performance,,32861568.0,31929836.0,29233992.0,0.0,0.0,21.7,15.91,14.93,,,
10,18,hdr_histogram,HdrHistogram,3000,mixed,1,232406.24881953764,2563.0,83703.0,12402.191776666667,20823.371938001703,1.6790074136072095,0,100,900,1790578336.1967757,2562.473125,3003.227,performance,,32861568.0,31940192.0,29244068.0,0.0,0.0,24.22,16.65,15.18,,,
10,19,sharded_n,Sharded-N,1500,read-heavy,1,257468.77234543464,2250.0,30755.0,5611.973837777778,7493.487021437595,1.3352676327523396,0,100,900,1790578351.5263324,2387.2405,2997.924,performance,,32861568.0,31931652.0,29235256.0,0.0,0.0,27.31,17.67,15.54,,,
10,20,sharded_2key,Sharded-2key,750,read-heavy,1,281342.3996431508,1910.0,9219.0,2600.2148474074074,1996.1200599383828,0.7676750488247737,0,100,900,1790578359.910931,2300.0,2300.0,performance,,32861568.0,31921168.0,29224572.0,0.0,0.0,24.37,17.36,15.46,,,
10,21,sharded_n,Sharded-N,100,read-heavy,1,277801.2056794567,335.0,841.0,352.9266777777778,152.48636234967958,0.4320624422891982,0,100,900,1790578365.1001275,2802.475875,3006.746,performance,,32861568.0,31909244.0,29212736.0,0.0,0.0,22.41,17.08,15.38,,,
10,22,thread_local,ThreadLocal,3000,read-heavy,1,237417.4721786301,2464.0,84999.0,12158.956308148148,20553.356994025406,1.690388259743303,0,100,900,1790578367.959689,2387.782125,3002.257,performance,,32861568.0,31938584.0,29242040.0,0.0,0.0,22.41,17.08,15.38,,,
10,23,thread_local,ThreadLocal,1500,mixed,1,257338.6297847509,2256.0,29702.0,5642.906785925926,7548.620285400088,1.3377184085739704,0,100,900,1790578383.2120295,2300.0,2300.0,performance,,32861568.0,31959308.0,29262008.0,0.0,0.0,19.42,16.75,15.31,,,
10,24,disabled,Disabled,250,mixed,1,302961.1581133804,782.0,1695.0,806.4883333333333,354.7582974165434,0.43988025958202753,0,100,900,1790578391.4124544,2388.1765,3005.412,performance,,32861568.0,31912380.0,29214988.0,0.0,0.0,19.79,16.87,15.35,,,
10,25,thread_local,ThreadLocal,2000,read-heavy,1,257575.05951916045,2220.0,45283.0,7468.137623888889,11509.648695314401,1.5411671925404307,0,100,900,1790578394.5742407,2473.5245,2998.992,performance,,32861568.0,31926892.0,29229512.0,0.0,0.0,18.2,16.59,15.27,,,
10,26,hdr_histogram,HdrHistogram,1000,write-heavy,1,268731.51667240995,2100.0,15841.0,3607.184957777778,3622.065591213941,1.00412527597291,0,100,900,1790578404.9212356,2660.49775,3074.502,performance,,32861568.0,31922028.0,29224180.0,0.0,0.0,18.5,16.73,15.33,,,
10,27,sharded_n,Sharded-N,3000,read-heavy,1,232040.46241968015,2541.0,85703.0,12418.078672592592,21007.862261910606,1.6917159905160013,0,100,900,1790578411.018255,2300.0,2300.0,performance,,32861568.0,31909972.0,29212344.0,0.0,0.0,18.78,16.81,15.37,,,
10,28,hdr_histogram,HdrHistogram,3000,read-heavy,1,235535.28245881686,2526.0,86407.0,12262.398787407408,20751.567386011844,1.692292653809481,0,100,900,1790578426.5371332,2300.0,2300.0,performance,,32861568.0,31935816.0,29237412.0,0.0,0.0,18.61,16.89,15.41,,,
10,29,thread_local,ThreadLocal,500,write-heavy,1,279420.04581203416,1637.0,4577.0,1756.4937266666666,898.7714364229319,0.5116849680576705,0,100,900,1790578441.8521671,2387.049375,2996.395,performance,,32861568.0,31944172.0,29245564.0,0.0,0.0,18.17,16.87,15.43,,,
10,30,global_mutex,GlobalMutex,500,write-heavy,1,279030.4512293321,1654.0,4516.0,1759.0776377777777,879.4018129490203,0.499922114898782,0,100,900,1790578445.9829657,2300.0,2300.0,performance,,32861568.0,31943504.0,29244964.0,0.0,0.0,18.72,17.01,15.49,,,
10,31,sharded_n,Sharded-N,250,write-heavy,1,290053.9708322217,822.0,1873.0,847.4703688888889,374.43414170882863,0.44182564424021814,0,100,900,1790578450.1232276,2469.87325,3002.644,performance,,32861568.0,31932980.0,29234588.0,0.0,0.0,17.22,16.73,15.4,,,
10,32,disabled,Disabled,100,write-heavy,1,274940.27953453164,340.0,806.0,356.42782222222223,153.10920139127745,0.4295657966224039,0,100,900,1790578453.3290176,2300.0,2300.0,performance,,32861568.0,31926572.0,29228204.0,0.0,0.0,15.84,16.45,15.32,,,
10,33,hdr_histogram,HdrHistogram,2000,read-heavy,1,251745.5774356176,2294.0,45505.0,7672.787487222222,11490.829920772456,1.4976082603497831,0,100,900,1790578456.0131228,2300.0,2300.0,performance,,32861568.0,31944676.0,29246344.0,0.0,0.0,15.84,16.45,15.32,,,
10,34,thread_local,ThreadLocal,100,write-heavy,1,278972.6806238455,340.0,732.0,351.49192222222223,141.03008085791853,0.4012327793090952,0,100,900,1790578466.5413015,2300.0,2300.0,performance,,32861568.0,31927524.0,29228336.0,0.0,0.0,16.08,16.48,15.34,,,
10,35,hdr_histogram,HdrHistogram,1000,mixed,1,261991.20149358877,2203.0,15784.0,3715.0313511111112,3656.106800075438,0.9841388818917909,0,100,900,1790578469.2203455,2300.0,2300.0,performance,,32861568.0,31936868.0,29237652.0,0.0,0.0,14.79,16.21,15.26,,,
10,36,hdr_histogram,HdrHistogram,500,read-heavy,1,288305.9090837003,1565.0,4530.0,1699.1608133333334,887.4327444356427,0.5222770778798265,0,100,900,1790578475.3922312,2300.0,2300.0,performance,,32861568.0,31897760.0,29198680.0,0.0,0.0,14.89,16.2,15.27,,,
10,37,sharded_2key,Sharded-2key,3000,mixed,1,231362.81873686085,2551.0,85659.0,12460.07090074074,20956.492181242298,1.6818918887529326,0,100,900,1790578479.654159,2300.0,2300.0,performance,,32861568.0,31888732.0,29189616.0,0.0,0.0,13.69,15.94,15.18,,,
10,38,sharded_n,Sharded-N,1500,write-heavy,1,246443.25077386218,2387.0,30761.0,5889.948702962963,7758.449613235539,1.3172355150279356,0,100,900,1790578495.0300732,2300.0,2300.0,performance,,32861568.0,31960812.0,29260884.0,0.0,0.0,15.36,16.25,15.3,,,
10,39,sharded_2key,Sharded-2key,2000,read-heavy,1,251004.73783588505,2319.0,48940.0,7683.438993333333,11779.877628854076,1.5331517096804033,0,100,900,1790578503.4918559,2451.333875,3016.845,performance,,32861568.0,31911860.0,29211880.0,0.0,0.0,13.96,15.93,15.21,,,
10,40,disabled,Disabled,250,write-heavy,1,290687.21681453206,816.0,1860.0,842.8887911111111,375.152408025565,0.4450793651331303,0,100,900,1790578514.0147762,2822.5125,3008.084,performance,,32861568.0,31928528.0,29228252.0,0.0,0.0,15.13,16.14,15.28,,,
10,41,global_mutex,GlobalMutex,1000,mixed,1,268908.535535063,2149.0,15286.0,3607.364221111111,3583.894974303359,0.9934940734094981,0,100,900,1790578517.207726,2387.039875,2996.319,performance,,32861568.0,31925276.0,29225120.0,0.0,0.0,15.13,16.14,15.28,,,
10,42,disabled,Disabled,3000,write-heavy,1,229505.51992332426,2591.0,89017.0,12588.911287037037,21106.48189842752,1.676593107790118,0,100,900,1790578523.2800286,2300.0,2300.0,performance,,32861568.0,31919364.0,29219168.0,0.0,0.0,13.02,15.66,15.14,,,
10,43,hdr_histogram,HdrHistogram,3000,write-heavy,1,227078.29146654473,2633.0,89562.0,12715.07446037037,21352.649127360823,1.6793176629764583,0,100,900,1790578538.7474818,2387.2045,2997.636,performance,,32861568.0,31933984.0,29233124.0,0.0,0.0,12.45,15.41,15.06,,,
10,44,global_mutex,GlobalMutex,3000,read-heavy,1,233624.54050264615,2526.0,83111.0,12354.57346,20723.84172786197,1.6774226803506311,0,100,900,1790578554.3548331,2560.032625,3005.314,performance,,32861568.0,31944044.0,29242868.0,0.0,0.0,11.59,15.09,14.97,,,
10,45,sharded_2key,Sharded-2key,500,read-heavy,1,289725.92580268154,1572.0,4432.0,1692.3907288888888,874.3139000657947,0.5166146830878772,0,100,900,1790578569.781761,2567.989,3027.551,performance,,32861568.0,31938200.0,29236660.0,0.0,0.0,13.92,15.49,15.1,,,
10,46,sharded_n,Sharded-N,500,read-heavy,1,285715.42385940906,1604.0,4427.0,1717.0537955555556,860.8872974329857,0.501374680083593,0,100,900,1790578574.031424,2474.491125,3000.331,performance,,32861568.0,31937744.0,29236380.0,0.0,0.0,12.8,15.24,15.02,,,
10,47,disabled,Disabled,3000,mixed,1,235708.2557583417,2511.0,80902.0,12254.213080740741,20544.459055493862,1.6765221006139053,0,100,900,1790578578.3043814,2825.104625,3062.482,performance,,32861568.0,31917564.0,29216416.0,0.0,0.0,11.78,14.98,14.94,,,
10,48,global_mutex,GlobalMutex,100,read-heavy,1,262434.60042279266,351.0,965.0,373.5120444444444,172.7018252127779,0.46237284120155137,0,100,900,1790578593.437672,2387.626,3001.008,performance,,32861568.0,31944724.0,29242504.0,0.0,0.0,13.58,15.24,15.03,,,
10,49,hdr_histogram,HdrHistogram,1500,read-heavy,1,256849.98558574053,2260.0,29541.0,5650.784117037037,7449.694023110113,1.3183469530625649,0,100,900,1790578596.3133082,2300.0,2300.0,performance,,32861568.0,31940100.0,29237864.0,0.0,0.0,13.58,15.24,15.03,,,
10,50,thread_local,ThreadLocal,3000,write-heavy,1,226893.070878777,2628.0,85297.0,12707.67068925926,21465.732060207534,1.6891948638825476,0,100,900,1790578604.69975,2639.6805,3002.793,performance,,32861568.0,31899072.0,29196976.0,0.0,0.0,13.33,15.15,15.0,,,
10,51,global_mutex,GlobalMutex,1000,write-heavy,1,259757.70278860812,2231.0,16719.0,3748.202912222222,3729.155518485183,0.9949182597145612,0,100,900,1790578620.3191195,2300.0,2300.0,performance,,32861568.0,31935572.0,29232836.0,0.0,0.0,14.48,15.31,15.05,,,
10,52,sharded_n,Sharded-N,1000,write-heavy,1,256683.0212443788,2280.0,16085.0,3792.437657777778,3744.4280309392957,0.9873406945160929,0,100,900,1790578626.5277538,2387.196,2997.568,performance,,32861568.0,31919628.0,29217092.0,0.0,0.0,14.6,15.32,15.06,,,
10,53,disabled,Disabled,750,write-heavy,1,273026.899396446,1997.0,9278.0,2684.2004874074073,2020.2851001011618,0.7526580483011899,0,100,900,1790578632.7890532,2634.40825,3067.96,performance,,32861568.0,31918836.0,29216080.0,0.0,0.0,14.32,15.25,15.04,,,
10,54,disabled,Disabled,3000,read-heavy,1,240120.44505556105,2453.0,78210.0,12004.911586296297,20254.59128589157,1.6871920413818247,0,100,900,1790578637.8911536,2300.0,2300.0,performance,,32861568.0,31926180.0,29223584.0,0.0,0.0,13.81,15.13,15.0,,,
10,55,global_mutex,GlobalMutex,250,write-heavy,1,288035.6485822682,829.0,1768.0,851.8745822222222,361.655117433169,0.42454033138275593,0,100,900,1790578652.9685469,2474.739,3000.807,performance,,32861568.0,31939424.0,29235940.0,0.0,0.0,13.06,14.88,14.92,,,
10,56,thread_local,ThreadLocal,1500,write-heavy,1,250267.2475094867,2320.0,30757.0,5801.27667037037,7690.011133485497,1.3255722094348148,0,100,900,1790578656.1707792,2387.2375,2997.9,performance,,32861568.0,31929344.0,29226016.0,0.0,0.0,12.01,14.63,14.84,,,
10,57,sharded_2key,Sharded-2key,750,write-heavy,1,271449.6183795781,2006.0,9609.0,2694.572251851852,2019.69544944078,0.7495421390362567,0,100,900,1790578664.5390446,2300.0,2300.0,performance,,32861568.0,31911244.0,29207708.0,0.0,0.0,12.01,14.56,14.81,,,
10,58,global_mutex,GlobalMutex,250,mixed,1,295269.74483022245,809.0,1757.0,831.7196666666666,358.34892468981,0.4308530134029255,0,100,900,1790578669.6606896,2387.12925,2997.034,performance,,32861568.0,31926724.0,29223532.0,0.0,0.0,11.04,14.32,14.73,,,
10,59,hdr_histogram,HdrHistogram,2000,write-heavy,1,241832.75377222692,2438.0,45112.0,7980.626449444444,11868.494523279374,1.4871632695081947,0,100,900,1790578672.8390515,2300.0,2300.0,performance,,32861568.0,31958748.0,29255548.0,0.0,0.0,11.04,14.32,14.73,,,
10,60,global_mutex,GlobalMutex,1500,write-heavy,1,249051.47114543506,2358.0,31680.0,5830.316185925926,7871.071785239567,1.350024858727202,0,100,900,1790578683.502585,2399.303125,3094.425,performance,,32861568.0,31927824.0,29223992.0,0.0,0.0,15.58,15.24,15.03,,,
10,61,sharded_n,Sharded-N,3000,mixed,1,229846.70031340246,2595.0,87601.0,12542.738517777778,21279.64807025914,1.6965711307859823,0,100,900,1790578691.8877509,2478.69125,3023.77,performance,,32861568.0,31928652.0,29224620.0,0.0,0.0,15.62,15.26,15.04,,,
10,62,global_mutex,GlobalMutex,500,read-heavy,1,292132.86088776117,1580.0,4287.0,1681.4791244444446,842.2895266376204,0.5009217862968773,0,100,900,1790578707.3742387,2300.0,2300.0,performance,,32861568.0,31937176.0,29232660.0,0.0,0.0,14.71,15.08,14.98,,,
10,63,sharded_2key,Sharded-2key,100,mixed,1,274996.3433888995,344.0,756.0,356.8696111111111,143.3136527453547,0.40158547627282865,0,100,900,1790578711.6087587,2486.685875,3051.74,performance,,32861568.0,31921484.0,29217124.0,0.0,0.0,25.86,17.38,15.73,,,
10,64,sharded_n,Sharded-N,750,mixed,1,274064.3596541963,1990.0,9449.0,2681.017894814815,2028.1018348016362,0.7564671010678661,0,100,900,1790578714.2872207,2300.0,2300.0,performance,,32861568.0,31931548.0,29227132.0,0.0,0.0,23.79,17.1,15.65,,,
10,65,disabled,Disabled,750,mixed,1,286728.93147256144,1939.0,8881.0,2544.7713733333335,1880.254850796842,0.7388698531035196,0,100,900,1790578719.3830044,2389.16425,3013.314,performance,,32861568.0,31931976.0,29227456.0,0.0,0.0,21.89,16.81,15.56,,,
10,66,thread_local,ThreadLocal,1000,write-heavy,1,275563.4388608064,2025.0,15028.0,3541.630707777778,3462.8559168025454,0.9777574802470977,0,100,900,1790578724.3633301,2725.884375,3004.491,performance,,32861568.0,31928532.0,29223912.0,0.0,0.0,20.13,16.53,15.48,,,
10,67,disabled,Disabled,250,read-heavy,1,299972.6940856028,788.0,1787.0,816.6213066666667,370.4547778657168,0.4536432919903365,0,100,900,1790578730.368566,2745.083875,3041.528,performance,,32861568.0,31924644.0,29219888.0,0.0,0.0,20.52,16.67,15.53,,,
10,68,thread_local,ThreadLocal,1000,read-heavy,1,271686.38800221705,2098.0,15099.0,3576.705351111111,3517.2774758700943,0.9833847439452749,0,100,900,1790578733.7156708,2387.984375,3003.875,performance,,32861568.0,31925112.0,29220408.0,0.0,0.0,18.88,16.4,15.45,,,
10,69,disabled,Disabled,1500,write-heavy,1,252983.35005279368,2270.0,29522.0,5737.602290370371,7634.686826808978,1.3306406475092487,0,100,900,1790578739.9301448,2300.0,2300.0,performance,,32861568.0,31907540.0,29202516.0,0.0,0.0,17.37,16.12,15.36,,,
10,70,sharded_2key,Sharded-2key,2000,mixed,1,243177.12026237548,2422.0,48503.0,7931.667826111111,11995.062863665173,1.5123002030137134,0,100,900,1790578748.2436306,2387.0615,2996.492,performance,,32861568.0,31937840.0,29232388.0,0.0,0.0,18.54,16.39,15.45,,,
10,71,hdr_histogram,HdrHistogram,750,mixed,1,279962.2297356619,1990.0,8941.0,2619.051994074074,1927.2941474158672,0.7358747179424487,0,100,900,1790578758.85048,2387.25875,2998.07,performance,,32861568.0,31930344.0,29224804.0,0.0,0.0,17.67,16.3,15.44,,,
10,72,sharded_2key,Sharded-2key,1500,read-heavy,1,263425.1291576872,2183.0,30008.0,5498.982443703704,7360.963101291926,1.3386045830570303,0,100,900,1790578763.8804796,2379.5035,2936.028,performance,,32861568.0,31892952.0,29187540.0,0.0,0.0,16.26,16.03,15.36,,,
10,73,sharded_2key,Sharded-2key,3000,write-heavy,1,227702.03367782992,2618.0,80522.0,12668.290323333333,21457.86366003458,1.6938247476466501,0,100,900,1790578772.137659,2548.87225,3001.914,performance,,32861568.0,31956572.0,29250648.0,0.0,0.0,16.96,16.18,15.41,,,
10,74,hdr_histogram,HdrHistogram,100,mixed,1,272521.1633198105,345.0,806.0,359.94353333333333,152.39309676302827,0.42338056570084676,0,100,900,1790578787.7237453,2812.283125,3002.476,performance,,32861568.0,31956308.0,29249800.0,0.0,0.0,21.56,17.27,15.78,,,
10,75,disabled,Disabled,1000,read-heavy,1,276317.37580204336,2061.0,14858.0,3528.2870877777777,3484.169792181124,0.9874961151122088,0,100,900,1790578790.41091,2897.93425,3014.376,performance,,32861568.0,31969636.0,29263092.0,0.0,0.0,21.28,17.29,15.79,,,
10,76,sharded_n,Sharded-N,1000,read-heavy,1,266632.62506715686,2195.0,15494.0,3655.832888888889,3604.9601593067778,0.9860845035513719,0,100,900,1790578796.5712724,2300.0,2300.0,performance,,32861568.0,31906300.0,29200036.0,0.0,0.0,20.53,17.2,15.77,,,
10,77,global_mutex,GlobalMutex,750,read-heavy,1,276512.3730670003,1959.0,9442.0,2646.5037155555556,2028.9805767008916,0.7666645486930543,0,100,900,1790578802.8505747,2387.853,3002.824,performance,,32861568.0,31922040.0,29215668.0,0.0,0.0,19.45,17.03,15.73,,,
10,78,global_mutex,GlobalMutex,100,write-heavy,1,269721.205373278,345.0,905.0,364.1881333333333,162.55703229311862,0.44635455528237594,0,100,900,1790578808.0963564,2387.34375,2998.75,performance,,32861568.0,31935392.0,29229072.0,0.0,0.0,17.97,16.76,15.65,,,
10,79,sharded_n,Sharded-N,500,mixed,1,291616.2165211785,1571.0,4268.0,1679.4136066666667,842.3541377931657,0.5015763445343799,0,100,900,1790578810.7853343,2300.0,2300.0,performance,,32861568.0,31943436.0,29237084.0,0.0,0.0,16.53,16.48,15.56,,,
10,80,global_mutex,GlobalMutex,1000,read-heavy,1,285348.29925387737,2019.0,15001.0,3402.8024077777777,3411.6263248543214,1.0025931323712405,0,100,900,1790578814.8526347,2660.629875,3059.582,performance,,32861568.0,31904492.0,29198164.0,0.0,0.0,15.21,16.21,15.48,,,
10,81,sharded_2key,Sharded-2key,250,write-heavy,1,293671.73666164576,811.0,1823.0,836.1531066666666,371.1488276274747,0.4438766353533786,0,100,900,1790578820.9170015,2388.82025,3010.562,performance,,32861568.0,31902800.0,29195956.0,0.0,0.0,15.27,16.21,15.48,,,
10,82,sharded_2key,Sharded-2key,500,write-heavy,1,277713.5787983382,1631.0,4536.0,1769.3128222222222,910.4336535757122,0.5145690700597678,0,100,900,1790578824.1040394,2300.0,2300.0,performance,,32861568.0,31927480.0,29220720.0,0.0,0.0,14.05,15.94,15.4,,,
10,83,hdr_histogram,HdrHistogram,750,read-heavy,1,280310.26439366204,1924.0,9052.0,2613.7637422222224,1960.117648410947,0.749921508492751,0,100,900,1790578828.2455444,2387.341625,2998.733,performance,,32861568.0,31936948.0,29230272.0,0.0,0.0,14.05,15.94,15.4,,,
10,84,disabled,Disabled,1000,mixed,1,268475.0540148093,2136.0,15504.0,3625.6218555555556,3607.0868084685962,0.9948877605482883,0,100,900,1790578833.463183,2300.0,2300.0,performance,,32861568.0,31896052.0,29189104.0,0.0,0.0,11.89,15.41,15.23,,,
10,85,global_mutex,GlobalMutex,2000,write-heavy,1,241184.71889123498,2423.0,50673.0,7983.689752777777,12314.818446066094,1.5424971194279413,0,100,900,1790578839.553245,2300.0,2300.0,performance,,32861568.0,31927952.0,29220776.0,0.0,0.0,10.94,15.16,15.15,,,
10,86,global_mutex,GlobalMutex,750,mixed,1,269906.3197269613,2028.0,9411.0,2710.2083792592593,2022.1552624501674,0.746125382064848,0,100,900,1790578850.2544856,2387.30375,2998.43,performance,,32861568.0,31936184.0,29228624.0,0.0,0.0,10.65,14.97,15.09,,,
10,87,hdr_histogram,HdrHistogram,1000,read-heavy,1,266832.8463684289,2151.0,16034.0,3642.974331111111,3715.206699207357,1.0198278553541757,0,100,900,1790578855.3878381,2387.660875,3001.287,performance,,32861568.0,31946784.0,29239432.0,0.0,0.0,11.72,15.12,15.14,,,
10,88,thread_local,ThreadLocal,1000,mixed,1,272713.24477116356,2055.0,14874.0,3570.7278666666666,3488.9125807180785,0.9770872245089447,0,100,900,1790578861.6757052,2386.776,2994.208,performance,,32861568.0,31899644.0,29192044.0,0.0,0.0,11.83,15.08,15.13,,,
10,89,hdr_histogram,HdrHistogram,500,write-heavy,1,279356.5254860059,1617.0,4658.0,1756.07788,926.4597525542448,0.5275732717242841,0,100,900,1790578867.7089598,2300.0,2300.0,performance,,32861568.0,31941748.0,29233852.0,0.0,0.0,13.28,15.33,15.21,,,
10,90,global_mutex,GlobalMutex,750,write-heavy,1,271536.48911504284,2036.0,9448.0,2694.044136296296,2028.4138103423295,0.7529252334859449,0,100,900,1790578871.8547819,2474.902,3006.553,performance,,32861568.0,31933996.0,29226216.0,0.0,0.0,14.78,15.61,15.3,,,
10,91,thread_local,ThreadLocal,1500,read-heavy,1,261637.84160897412,2200.0,29659.0,5535.100297777778,7445.902089700538,1.3452153870978465,0,100,900,1790578876.9751327,2675.483125,3074.498,performance,,32861568.0,31918992.0,29211176.0,0.0,0.0,16.56,15.96,15.41,,,
10,92,global_mutex,GlobalMutex,250,read-heavy,1,297469.80630896095,796.0,1825.0,822.9036844444445,371.8640361124032,0.45189253996772977,0,100,900,1790578885.2715604,2352.124625,2716.997,performance,,32861568.0,31919504.0,29211380.0,0.0,0.0,15.71,15.81,15.37,,,
10,93,disabled,Disabled,1000,write-heavy,1,264556.8217800615,2173.0,15508.0,3677.825391111111,3648.261367632079,0.9919615478346294,0,100,900,1790578888.6262157,2722.0555,3000.001,performance,,32861568.0,31919252.0,29211276.0,0.0,0.0,14.46,15.55,15.29,,,
10,94,disabled,Disabled,500,write-heavy,1,285792.0627086011,1591.0,4602.0,1717.7789177777777,886.5277056165249,0.5160895249333893,0,100,900,1790578894.7846515,2387.99575,3003.966,performance,,32861568.0,31923524.0,29215148.0,0.0,0.0,13.3,15.29,15.21,,,
10,95,disabled,Disabled,2000,write-heavy,1,247130.27715928855,2357.0,46993.0,7816.110287222222,11780.025830687206,1.5071468285120277,0,100,900,1790578898.8826728,2388.065375,3004.523,performance,,32861568.0,31927092.0,29218772.0,0.0,0.0,12.23,15.04,15.12,,,
10,96,global_mutex,GlobalMutex,500,mixed,1,274779.2559320918,1653.0,4700.0,1788.103848888889,927.3493957677172,0.5186216652595225,0,100,900,1790578909.384432,2562.95875,3053.29,performance,,32861568.0,31940552.0,29231712.0,0.0,0.0,14.85,15.54,15.29,,,
10,97,sharded_n,Sharded-N,2000,write-heavy,1,238986.20189065608,2474.0,46818.0,8073.911276666667,12033.976733820125,1.4904767121479172,0,100,900,1790578913.5392148,2554.590875,3001.462,performance,,32861568.0,31941840.0,29233244.0,0.0,0.0,13.66,15.28,15.2,,,
10,98,global_mutex,GlobalMutex,2000,read-heavy,1,248147.45722597497,2342.0,43268.0,7790.548632222222,11695.400960735553,1.5012294400374582,0,100,900,1790578924.305045,2300.0,2300.0,performance,,32861568.0,31933936.0,29224648.0,0.0,0.0,12.51,14.99,15.11,,,
10,99,sharded_2key,Sharded-2key,1000,read-heavy,1,269705.8315259077,2118.0,15252.0,3598.3532088888887,3584.774013240508,0.9962262749485413,0,100,900,1790578934.9164047,2387.738375,3001.907,performance,,32861568.0,31941832.0,29232412.0,0.0,0.0,11.77,14.76,15.03,,,
10,100,thread_local,ThreadLocal,750,read-heavy,1,273909.029273952,1983.0,9601.0,2668.216862222222,2037.2989018731023,0.7635432227110429,0,100,900,1790578941.1748514,2821.555,3031.02,performance,,32861568.0,31922388.0,29212976.0,0.0,0.0,12.99,14.96,15.1,,,
10,101,sharded_n,Sharded-N,2000,read-heavy,1,248733.67825805506,2296.0,43027.0,7773.200083888889,11551.532614181264,1.4860716937061134,0,100,900,1790578946.4315524,2739.3435,3024.314,performance,,32861568.0,31921068.0,29211680.0,0.0,0.0,14.51,15.24,15.19,,,
10,102,disabled,Disabled,100,read-heavy,1,284309.18279931217,332.0,724.0,344.7981555555556,139.05625264359946,0.4032975536645353,0,100,900,1790578957.0469987,2734.206375,3017.303,performance,,32861568.0,31921108.0,29211128.0,0.0,0.0,17.89,15.92,15.41,,,
10,103,sharded_2key,Sharded-2key,2000,write-heavy,1,243493.564927108,2406.0,49496.0,7911.907701666667,12067.68506556198,1.5252560470365304,0,100,900,1790578959.896689,2387.69075,3001.526,performance,,32861568.0,31944896.0,29234888.0,0.0,0.0,16.46,15.65,15.32,,,
10,104,thread_local,ThreadLocal,250,mixed,1,296757.0030682775,803.0,1681.0,823.2412755555556,353.0889500186079,0.4289009316015278,0,100,900,1790578970.5144951,2387.75475,3002.038,performance,,32861568.0,31943728.0,29233512.0,0.0,0.0,15.8,15.53,15.29,,,
10,105,sharded_n,Sharded-N,1000,mixed,1,264328.2831809282,2182.0,15174.0,3684.8643377777776,3583.677534483966,0.9725398836922083,0,100,900,1790578973.688557,2647.88525,3058.195,performance,,32861568.0,31939676.0,29229572.0,0.0,0.0,14.54,15.27,15.21,,,
10,106,thread_local,ThreadLocal,750,mixed,1,275010.75704576186,2012.0,9169.0,2662.0728518518517,1952.7394049384523,0.7335409335548586,0,100,900,1790578979.8428555,2392.912125,3043.297,performance,,32861568.0,31901796.0,29191564.0,0.0,0.0,13.37,15.02,15.12,,,
10,107,sharded_2key,Sharded-2key,100,read-heavy,1,282170.13918825926,334.0,759.0,347.51233333333334,143.8077867227844,0.4138206703151574,0,100,900,1790578984.9244382,2565.94225,3029.423,performance,,32861568.0,31935324.0,29225044.0,0.0,0.0,12.3,14.77,15.04,,,
10,108,disabled,Disabled,750,read-heavy,1,283973.58091209724,1931.0,9135.0,2582.2717037037037,1946.1507235141112,0.7536583856465545,0,100,900,1790578987.7787223,2387.6895,3001.516,performance,,32861568.0,31951604.0,29241300.0,0.0,0.0,12.3,14.77,15.04,,,
10,109,thread_local,ThreadLocal,100,read-heavy,1,279040.42450258555,336.0,820.0,351.62124444444447,152.13685632072273,0.4326725382054101,0,100,900,1790578992.9670541,2300.0,2300.0,performance,,32861568.0,31924492.0,29214180.0,0.0,0.0,19.56,16.24,15.52,,,
10,110,sharded_n,Sharded-N,100,write-heavy,1,268166.4856681938,352.0,854.0,367.26851111111114,152.04253944553528,0.4139819637288133,0,100,900,1790578995.8256133,2476.127375,3007.832,performance,,32861568.0,31944724.0,29234348.0,0.0,0.0,18.08,15.98,15.44,,,
10,111,hdr_histogram,HdrHistogram,250,mixed,1,291513.42842226697,821.0,1783.0,839.1671511111111,357.6039067346128,0.4261414501999063,0,100,900,1790578998.5140994,2300.0,2300.0,performance,,32861568.0,31961156.0,29250752.0,0.0,0.0,16.63,15.72,15.35,,,
10,112,sharded_2key,Sharded-2key,1500,mixed,1,256548.76082477922,2227.0,28915.0,5664.933391851851,7438.5342066210505,1.3130841427580164,0,100,900,1790579001.7087307,2386.809875,2994.479,performance,,32861568.0,31961264.0,29250816.0,0.0,0.0,16.63,15.72,15.35,,,
10,113,sharded_n,Sharded-N,2000,mixed,1,243841.48803598323,2411.0,45013.0,7920.173264444445,11994.989554553567,1.5144857510127903,0,100,900,1790579009.9418902,2388.157875,3005.263,performance,,32861568.0,31925580.0,29214720.0,0.0,0.0,15.25,15.46,15.28,,,
10,114,sharded_2key,Sharded-2key,1500,write-heavy,1,250448.7975201421,2327.0,31408.0,5803.568248148148,7712.340797780774,1.3288963734064285,0,100,900,1790579020.5288448,2476.24575,3006.901,performance,,32861568.0,31952544.0,29241248.0,0.0,0.0,17.46,15.91,15.42,,,
10,115,hdr_histogram,HdrHistogram,100,write-heavy,1,273396.50927215454,346.0,748.0,359.25853333333333,144.9646921459899,0.40351078317042033,0,100,900,1790579028.8827279,2565.649375,3020.348,performance,,32861568.0,31914456.0,29203168.0,0.0,0.0,16.1,15.68,15.35,,,
10,116,hdr_histogram,HdrHistogram,100,read-heavy,1,277199.4123261579,336.0,827.0,353.83185555555553,158.35094630080144,0.44753162784671485,0,100,900,1790579031.5715947,2387.60325,3000.826,performance,,32861568.0,31942672.0,29231380.0,0.0,0.0,16.1,15.68,15.35,,,
10,117,global_mutex,GlobalMutex,100,mixed,1,275261.82943446614,342.0,801.0,356.0221,146.88826892145153,0.4125818844432734,0,100,900,1790579034.4349418,2739.0225,3017.722,performance,,32861568.0,31968632.0,29257340.0,0.0,0.0,14.81,15.42,15.27,,,
10,118,disabled,Disabled,500,read-heavy,1,297692.44455755403,1532.0,4387.0,1647.9530866666666,847.3403908260256,0.5141774955135103,0,100,900,1790579037.113536,2831.0735,3034.81,performance,,32861568.0,31967900.0,29256548.0,0.0,0.0,14.81,15.42,15.27,,,
10,119,sharded_2key,Sharded-2key,500,mixed,1,284872.82925558876,1608.0,4393.0,1720.286388888889,869.6215758188007,0.5055097694404699,0,100,900,1790579041.3174288,2475.913875,3009.234,performance,,32861568.0,31943472.0,29232220.0,0.0,0.0,28.84,18.32,16.21,,,
10,120,thread_local,ThreadLocal,500,mixed,1,282047.78644262213,1614.0,4449.0,1733.6746,876.6872615784115,0.5056815515313032,0,100,900,1790579045.4224105,2387.14925,2997.194,performance,,32861568.0,31945484.0,29234148.0,0.0,0.0,27.17,18.15,16.17,,,
10,121,global_mutex,GlobalMutex,3000,write-heavy,1,225273.06966986237,2664.0,86813.0,12824.522391851851,21406.65797926086,1.6691972866655627,0,100,900,1790579049.538582,2835.875125,3051.907,performance,,32861568.0,31937256.0,29225804.0,0.0,0.0,25.0,17.85,16.08,,,
10,122,hdr_histogram,HdrHistogram,750,write-heavy,1,263915.45030098077,2096.0,9430.0,2770.7409614814815,2051.5234089882447,0.7404241094740664,0,100,900,1790579065.2659786,2300.0,2300.0,performance,,32861568.0,31934816.0,29222552.0,0.0,0.0,21.31,17.39,15.96,,,
10,123,hdr_histogram,HdrHistogram,250,write-heavy,1,289599.38856790995,823.0,1868.0,846.7989333333334,375.37592607843766,0.44328814232300756,0,100,900,1790579070.4703841,2835.679,3085.957,performance,,32861568.0,31920272.0,29208252.0,0.0,0.0,21.36,17.47,15.99,,,
10,124,hdr_histogram,HdrHistogram,250,read-heavy,1,294859.2446542766,804.0,1854.0,830.9794444444444,374.04919681615087,0.45013050481197325,0,100,900,1790579073.6718473,2979.93525,3054.751,performance,,32861568.0,31950944.0,29239004.0,0.0,0.0,19.65,17.18,15.91,,,
10,125,global_mutex,GlobalMutex,3000,mixed,1,227602.31590653668,2619.0,90496.0,12715.81370111111,21431.26110687436,1.6854022566406186,0,100,900,1790579077.0353332,2300.0,2300.0,performance,,32861568.0,31959888.0,29247928.0,0.0,0.0,19.65,17.18,15.91,,,
10,126,sharded_2key,Sharded-2key,3000,read-heavy,1,236059.89190434958,2499.0,81514.0,12212.03589,20667.99962884355,1.6924286675056235,0,100,900,1790579092.6094337,3005.023375,3108.291,performance,,32861568.0,31956552.0,29243724.0,0.0,0.0,19.73,17.32,15.97,,,
10,127,sharded_n,Sharded-N,250,read-heavy,1,304331.3669645112,786.0,1675.0,806.0489422222222,343.4190258605425,0.4260523249540649,0,100,900,1790579107.9048653,2386.475875,2991.807,performance,,32861568.0,31944548.0,29231492.0,0.0,0.0,18.8,17.22,15.96,,,
10,128,hdr_histogram,HdrHistogram,500,mixed,1,287823.3645051175,1590.0,4285.0,1703.9139755555555,856.3316999061602,0.5025674489388211,0,100,900,1790579111.2372026,2300.0,2300.0,performance,,32861568.0,31944236.0,29231232.0,0.0,0.0,17.38,16.95,15.88,,,
10,129,sharded_2key,Sharded-2key,250,read-heavy,1,290794.9472069657,816.0,1938.0,844.9485911111111,380.5499528992832,0.45038237462335823,0,100,900,1790579115.33059,2848.255,3117.42,performance,,32861568.0,31940524.0,29227652.0,0.0,0.0,17.19,16.92,15.88,,,
10,130,sharded_2key,Sharded-2key,1000,mixed,1,275401.0989341067,2069.0,15319.0,3521.0090066666667,3479.825443621515,0.9883034769388052,0,100,900,1790579118.7042708,2300.0,2300.0,performance,,32861568.0,31940276.0,29227388.0,0.0,0.0,15.89,16.65,15.8,,,
10,131,sharded_2key,Sharded-2key,100,write-heavy,1,270180.5119229039,346.0,896.0,363.6023333333333,158.07531599123456,0.4347478041245644,0,100,900,1790579124.7005959,2739.291875,3024.42,performance,,32861568.0,31946456.0,29233216.0,0.0,0.0,14.62,16.38,15.71,,,
10,132,disabled,Disabled,1500,read-heavy,1,261115.55888047168,2176.0,31432.0,5565.189111111111,7596.136035976619,1.364937630027818,0,100,900,1790579127.3888438,2386.71275,2993.702,performance,,32861568.0,31952212.0,29238964.0,0.0,0.0,14.62,16.38,15.71,,,
10,133,thread_local,ThreadLocal,750,write-heavy,1,269678.88601515605,2002.0,9288.0,2713.2479851851854,2059.9871809140727,0.7592329164757396,0,100,900,1790579135.6954875,2475.334,3004.209,performance,,32861568.0,31938076.0,29224456.0,0.0,0.0,18.24,17.08,15.95,,,
10,134,thread_local,ThreadLocal,250,write-heavy,1,295268.7691451286,798.0,1928.0,830.9177733333333,377.58824599530976,0.45442311876488817,0,100,900,1790579140.8339007,2550.883,2998.807,performance,,32861568.0,31926644.0,29213168.0,0.0,0.0,18.3,17.11,15.96,,,
10,135,sharded_2key,Sharded-2key,250,mixed,1,292709.42279102927,820.0,1751.0,839.5673066666667,357.9434033362619,0.42634271307848354,0,100,900,1790579144.0185516,2387.549125,3000.393,performance,,32861568.0,31939840.0,29226480.0,0.0,0.0,16.83,16.83,15.88,,,
10,136,sharded_n,Sharded-N,3000,write-heavy,1,223908.23646300216,2691.0,89286.0,12872.953635555556,21599.667847709414,1.677910793374596,0,100,900,1790579147.2070618,2387.252625,2998.021,performance,,32861568.0,31941432.0,29228052.0,0.0,0.0,16.83,16.83,15.88,,,
10,137,sharded_2key,Sharded-2key,1000,write-heavy,1,265412.96794797445,2094.0,15884.0,3664.0060555555556,3667.5367890792704,1.0009636265525166,0,100,900,1790579162.9844148,2617.19525,3009.902,performance,,32861568.0,31939080.0,29224856.0,0.0,0.0,17.86,17.07,15.97,,,
10,138,disabled,Disabled,2000,mixed,1,248840.02369296004,2341.0,46101.0,7746.055946666666,11753.612556131015,1.5173673721255403,0,100,900,1790579169.109195,2300.0,2300.0,performance,,32861568.0,31922960.0,29208788.0,0.0,0.0,17.18,16.97,15.95,,,
10,139,sharded_n,Sharded-N,250,mixed,1,293330.80576913746,819.0,1763.0,834.5267111111111,359.60330018260606,0.4309068785872901,0,100,900,1790579179.5742555,2627.418125,3011.629,performance,,32861568.0,31952668.0,29238032.0,0.0,0.0,15.86,16.7,15.88,,,
10,140,thread_local,ThreadLocal,3000,mixed,1,233390.18208744487,2558.0,84765.0,12358.308558518518,20866.689811629865,1.6884745766641798,0,100,900,1790579182.7593203,2300.0,2300.0,performance,,32861568.0,31942568.0,29228016.0,0.0,0.0,15.86,16.7,15.88,,,
10,141,disabled,Disabled,100,mixed,1,280167.21587275283,335.0,775.0,350.1967111111111,151.18540333910386,0.43171565734989287,0,100,900,1790579198.032357,2300.0,2300.0,performance,,32861568.0,31932620.0,29217436.0,0.0,0.0,17.08,16.92,15.96,,,
10,142,thread_local,ThreadLocal,250,read-heavy,1,290923.72252687847,818.0,1847.0,842.7848088888888,373.20469835451405,0.4428232384095056,0,100,900,1790579200.7120864,2730.59225,3018.709,performance,,32861568.0,31944128.0,29228884.0,0.0,0.0,15.71,16.64,15.87,,,
10,143,disabled,Disabled,500,mixed,1,294481.3633002935,1558.0,4232.0,1667.5816333333332,837.1014925139833,0.5019853156098265,0,100,900,1790579204.0791485,2392.88525,3043.082,performance,,32861568.0,31947488.0,29232416.0,0.0,0.0,14.45,16.36,15.79,,,
10,144,disabled,Disabled,1500,mixed,1,254849.1465245648,2285.0,31280.0,5692.8079192592595,7704.443313594595,1.353364354263526,0,100,900,1790579208.1241722,2300.0,2300.0,performance,,32861568.0,31943636.0,29228784.0,0.0,0.0,14.45,16.36,15.79,,,
11,1,global_mutex,GlobalMutex,250,mixed,1,293721.051073497,819.0,1769.0,834.11008,363.58249518900686,0.43589270038435074,0,100,900,1790579216.3816626,2399.762875,3098.103,performance,,32861568.0,31924556.0,29209176.0,0.0,0.0,13.83,16.15,15.73,,,
11,2,sharded_2key,Sharded-2key,250,read-heavy,1,304042.0604165059,784.0,1771.0,807.3445066666667,346.12911233477325,0.4287254195409813,0,100,900,1790579219.5685492,2387.093,2996.744,performance,,32861568.0,31939288.0,29224136.0,0.0,0.0,12.72,15.89,15.64,,,
11,3,global_mutex,GlobalMutex,1500,read-heavy,1,263054.64409686974,2216.0,30169.0,5504.6327481481485,7481.9533691933,1.359210270968641,0,100,900,1790579222.9023511,2300.0,2300.0,performance,,32861568.0,31942608.0,29227480.0,0.0,0.0,12.72,15.89,15.64,,,
11,4,disabled,Disabled,100,mixed,1,269260.034114289,345.0,930.0,364.7289,162.55306866549574,0.4456818987074941,0,100,900,1790579231.17009,2568.47675,3090.997,performance,,32861568.0,31908140.0,29192496.0,0.0,0.0,13.0,15.83,15.63,,,
11,5,hdr_histogram,HdrHistogram,250,read-heavy,1,288300.6386143602,829.0,1823.0,850.13776,371.9772362034692,0.4375493640036283,0,100,900,1790579233.8640494,2300.0,2300.0,performance,,32861568.0,31936516.0,29220840.0,0.0,0.0,11.96,15.56,15.54,,,
11,6,hdr_histogram,HdrHistogram,1000,write-heavy,1,275004.5127629423,2058.0,14939.0,3534.696207777778,3496.358540829083,0.9891539004499632,0,100,900,1790579237.2364502,2842.38925,3099.965,performance,,32861568.0,31938868.0,29223244.0,0.0,0.0,11.96,15.56,15.54,,,
11,7,thread_local,ThreadLocal,1000,write-heavy,1,278051.24581222155,2078.0,15192.0,3497.9666533333334,3479.625585064085,0.9947566486227734,0,100,900,1790579243.2601678,2844.658875,3090.91,performance,,32861568.0,31902540.0,29186724.0,0.0,0.0,11.72,15.45,15.51,,,
11,8,global_mutex,GlobalMutex,2000,mixed,1,243226.58922286303,2402.0,46411.0,7930.270456111111,12039.53681697109,1.5181748067234395,0,100,900,1790579249.2327678,2387.385375,2999.083,performance,,32861568.0,31926916.0,29211068.0,0.0,0.0,9.92,14.95,15.34,,,
11,9,sharded_2key,Sharded-2key,500,write-heavy,1,276861.81362246454,1650.0,4542.0,1773.887142222222,911.3864553643008,0.5137792781014068,0,100,900,1790579259.854571,2387.51775,3000.142,performance,,32861568.0,31964128.0,29247652.0,0.0,0.0,9.57,14.71,15.26,,,
11,10,thread_local,ThreadLocal,750,read-heavy,1,287168.77825485513,1890.0,8816.0,2541.5312844444443,1908.8894790855645,0.7510784898730178,0,100,900,1790579264.0021918,2300.0,2300.0,performance,,32861568.0,31925560.0,29209284.0,0.0,0.0,8.81,14.47,15.18,,,
11,11,hdr_histogram,HdrHistogram,500,write-heavy,1,276392.61859657016,1644.0,4595.0,1770.6077977777777,908.2254499631028,0.5129455834900207,0,100,900,1790579269.1469266,2481.061375,3045.28,performance,,32861568.0,31917672.0,29201428.0,0.0,0.0,8.1,14.23,15.1,,,
11,12,hdr_histogram,HdrHistogram,250,mixed,1,297021.5737937057,804.0,1755.0,825.0419422222222,349.17849635212326,0.4232251458775816,0,100,900,1790579273.302026,2300.0,2300.0,performance,,32861568.0,31928032.0,29211836.0,0.0,0.0,8.1,14.23,15.1,,,
11,13,hdr_histogram,HdrHistogram,3000,mixed,1,229722.01830765288,2605.0,90353.0,12564.649005925927,21247.265981900495,1.6910353780578784,0,100,900,1790579276.4810007,2479.06525,3030.781,performance,,32861568.0,31938288.0,29222044.0,0.0,0.0,7.45,13.99,15.02,,,
11,14,sharded_n,Sharded-N,3000,write-heavy,1,226819.43838141268,2625.0,85492.0,12714.486926296297,21265.12282170561,1.6725112814206256,0,100,900,1790579291.9477725,2387.194125,2997.553,performance,,32861568.0,31946336.0,29229208.0,0.0,0.0,12.42,14.76,15.25,,,
11,15,sharded_n,Sharded-N,750,read-heavy,1,274764.41159997054,1979.0,9230.0,2669.7831585185186,2005.5727727699862,0.7512118601732781,0,100,900,1790579307.6113622,2300.0,2300.0,performance,,32861568.0,31955556.0,29238152.0,0.0,0.0,13.22,14.82,15.26,,,
11,16,hdr_histogram,HdrHistogram,500,read-heavy,1,291171.157468231,1562.0,4349.0,1682.7458066666666,861.9318960995406,0.5122175272609548,0,100,900,1790579312.8740094,2640.898125,2996.302,performance,,32861568.0,31913120.0,29195856.0,0.0,0.0,13.2,14.79,15.25,,,
11,17,hdr_histogram,HdrHistogram,250,write-heavy,1,292812.7673425301,822.0,1745.0,838.7022444444444,351.2319701771225,0.4187802912221586,0,100,900,1790579317.1315954,2361.875625,2795.005,performance,,32861568.0,31937988.0,29220808.0,0.0,0.0,12.23,14.56,15.18,,,
11,18,global_mutex,GlobalMutex,100,write-heavy,1,270421.88355800754,344.0,890.0,362.6562777777778,159.53229852385144,0.4398994538338224,0,100,900,1790579320.3250875,2300.0,2300.0,performance,,32861568.0,31933412.0,29216272.0,0.0,0.0,11.25,14.32,15.09,,,
11,19,hdr_histogram,HdrHistogram,1500,read-heavy,1,257025.02786196995,2267.0,29877.0,5631.186241481481,7528.51478008153,1.336932301159496,0,100,900,1790579323.0121932,2300.0,2300.0,performance,,32861568.0,31954240.0,29237104.0,0.0,0.0,11.25,14.32,15.09,,,
11,20,sharded_2key,Sharded-2key,1500,write-heavy,1,246914.14511241464,2358.0,32101.0,5882.53325037037,7859.124084516418,1.3360101422327872,0,100,900,1790579331.4132907,2300.0,2300.0,performance,,32861568.0,31922464.0,29204620.0,0.0,0.0,11.11,14.18,15.04,,,
11,21,sharded_n,Sharded-N,1500,write-heavy,1,248459.98364256523,2335.0,32413.0,5826.908831851852,7796.661049887044,1.3380441113593302,0,100,900,1790579339.8667164,2390.076625,3020.613,performance,,32861568.0,31947376.0,29229448.0,0.0,0.0,10.51,13.96,14.96,,,
11,22,hdr_histogram,HdrHistogram,2000,read-heavy,1,248461.7638337718,2344.0,46371.0,7750.4008605555555,11649.476656461482,1.5030805330018036,0,100,900,1790579348.2853832,2300.0,2300.0,performance,,32861568.0,31920960.0,29202724.0,0.0,0.0,11.11,14.03,14.97,,,
11,23,global_mutex,GlobalMutex,500,read-heavy,1,290642.7480085813,1555.0,4619.0,1686.1339133333333,895.6926106880157,0.5312108389524726,0,100,900,1790579358.903848,2469.37275,3002.537,performance,,32861568.0,31926744.0,29208240.0,0.0,0.0,11.52,13.98,14.94,,,
11,24,sharded_n,Sharded-N,100,read-heavy,1,279650.23287779925,334.0,782.0,347.4952333333333,150.2894565266148,0.43249357720671316,0,100,900,1790579363.1479042,2387.772625,3002.181,performance,,32861568.0,31945384.0,29226964.0,0.0,0.0,11.52,13.98,14.94,,,
11,25,sharded_n,Sharded-N,1000,read-heavy,1,273806.25189724914,2131.0,14953.0,3541.9538855555556,3489.4926133393897,0.9851886066529244,0,100,900,1790579366.002771,2387.142125,2997.137,performance,,32861568.0,31944608.0,29226164.0,0.0,0.0,10.6,13.75,14.86,,,
11,26,disabled,Disabled,2000,write-heavy,1,244185.43114541232,2369.0,47318.0,7901.782518888889,12121.69071358496,1.5340450948388609,0,100,900,1790579372.1996422,2387.5225,3000.18,performance,,32861568.0,31923904.0,29205388.0,0.0,0.0,11.59,13.9,14.91,,,
11,27,disabled,Disabled,3000,write-heavy,1,228598.63551501368,2613.0,86397.0,12616.111567777778,21301.55326296539,1.6884404634919918,0,100,900,1790579382.7942407,2544.500375,3005.829,performance,,32861568.0,31948908.0,29229908.0,0.0,0.0,14.77,14.5,15.09,,,
11,28,disabled,Disabled,3000,mixed,1,232280.53020946396,2568.0,78923.0,12469.867232962963,20864.46263459071,1.673190439384743,0,100,900,1790579398.3222997,2300.0,2300.0,performance,,32861568.0,31951612.0,29232040.0,0.0,0.0,17.43,15.15,15.3,,,
11,29,hdr_histogram,HdrHistogram,1000,mixed,1,268378.53293564124,2142.0,15496.0,3625.710181111111,3547.9382808990595,0.9785498850357041,0,100,900,1790579413.654411,2300.0,2300.0,performance,,32861568.0,31953568.0,29233780.0,0.0,0.0,14.34,14.59,15.11,,,
11,30,global_mutex,GlobalMutex,100,mixed,1,284127.4788445388,335.0,713.0,345.5332333333333,136.13975787292034,0.3939990274150774,0,100,900,1790579419.7298565,2388.57,3008.56,performance,,32861568.0,31919444.0,29199812.0,0.0,0.0,13.19,14.35,15.03,,,
11,31,thread_local,ThreadLocal,250,read-heavy,1,294098.1239411397,808.0,1879.0,835.5383644444445,385.44520367344467,0.4613135914228546,0,100,900,1790579422.4022682,2300.0,2300.0,performance,,32861568.0,31933608.0,29213936.0,0.0,0.0,13.19,14.35,15.03,,,
11,32,sharded_2key,Sharded-2key,100,read-heavy,1,281800.943741341,334.0,783.0,349.07537777777776,144.86896269285938,0.4150076800463518,0,100,900,1790579425.7653494,2300.0,2300.0,performance,,32861568.0,31936480.0,29216888.0,0.0,0.0,13.18,14.32,15.01,,,
11,33,sharded_n,Sharded-N,100,mixed,1,268098.26533034735,349.0,869.0,367.1494333333333,157.7721983443803,0.42972202602077736,0,100,900,1790579428.6184127,2482.2475,3053.961,performance,,32861568.0,31944052.0,29224428.0,0.0,0.0,12.12,14.08,14.93,,,
11,34,hdr_histogram,HdrHistogram,1500,mixed,1,251945.47617044885,2301.0,31685.0,5755.435423703704,7745.835005422568,1.3458295394161532,0,100,900,1790579431.310741,2475.282875,3002.262,performance,,32861568.0,31933456.0,29213800.0,0.0,0.0,12.12,14.08,14.93,,,
11,35,global_mutex,GlobalMutex,2000,write-heavy,1,243819.99466306478,2381.0,42712.0,7915.4364444444445,11901.183612115132,1.5035410486389715,0,100,900,1790579439.6483161,2300.0,2300.0,performance,,32861568.0,31923600.0,29203504.0,0.0,0.0,11.29,13.85,14.85,,,
11,36,hdr_histogram,HdrHistogram,750,read-heavy,1,285539.4827336024,1940.0,8758.0,2565.203025185185,1877.0879560347144,0.731750250411156,0,100,900,1790579450.2482808,2731.749375,3000.001,performance,,32861568.0,31944492.0,29223936.0,0.0,0.0,11.69,13.87,14.84,,,
11,37,thread_local,ThreadLocal,500,mixed,1,284492.4441332499,1591.0,4630.0,1723.483671111111,912.0427821593739,0.5291856241210512,0,100,900,1790579455.4332957,2300.0,2300.0,performance,,32861568.0,31888656.0,29168340.0,0.0,0.0,13.08,14.12,14.92,,,
11,38,sharded_2key,Sharded-2key,2000,write-heavy,1,244546.38712013763,2395.0,48198.0,7886.485278888889,11934.060003991202,1.5132292246759342,0,100,900,1790579459.5323439,2565.169125,3009.114,performance,,32861568.0,31922144.0,29201852.0,0.0,0.0,12.03,13.88,14.84,,,
11,39,thread_local,ThreadLocal,250,write-heavy,1,292048.25610685075,799.0,1981.0,838.8718355555555,395.53573584101156,0.4715091377207366,0,100,900,1790579470.1086051,2386.951,2995.608,performance,,32861568.0,31935828.0,29214892.0,0.0,0.0,11.14,13.64,14.75,,,
11,40,hdr_histogram,HdrHistogram,1500,write-heavy,1,249679.0713529242,2345.0,31202.0,5819.09261925926,7704.931721466585,1.3240778632678618,0,100,900,1790579473.2955563,2387.268625,2998.149,performance,,32861568.0,31950148.0,29229392.0,0.0,0.0,11.14,13.64,14.75,,,
11,41,disabled,Disabled,750,read-heavy,1,278700.75013446476,1931.0,9171.0,2629.8506177777776,1987.0727548940924,0.7555838880967193,0,100,900,1790579481.692859,2386.77475,2994.198,performance,,32861568.0,31916304.0,29195316.0,0.0,0.0,10.31,13.37,14.65,,,
11,42,sharded_n,Sharded-N,100,write-heavy,1,272407.6180715408,347.0,783.0,360.7382,149.56137172383384,0.4145980983545237,0,100,900,1790579486.9178877,2475.92825,3005.166,performance,,32861568.0,31919032.0,29198044.0,0.0,0.0,10.84,13.43,14.66,,,
11,43,global_mutex,GlobalMutex,500,write-heavy,1,276122.9624664934,1659.0,4646.0,1780.5354533333334,901.9390405348609,0.5065549460676811,0,100,900,1790579489.6067064,2646.40275,3006.373,performance,,32861568.0,31944960.0,29223940.0,0.0,0.0,9.97,13.21,14.58,,,
11,44,disabled,Disabled,250,write-heavy,1,295271.5164242471,801.0,1840.0,830.9950533333333,370.6418982786559,0.4460217865219734,0,100,900,1790579493.7669296,2469.830875,3004.518,performance,,32861568.0,31936920.0,29215920.0,0.0,0.0,9.17,12.99,14.5,,,
11,45,thread_local,ThreadLocal,2000,read-heavy,1,253130.46801362548,2271.0,44032.0,7623.882855,11635.158398411226,1.5261460098092268,0,100,900,1790579496.9493575,2300.0,2300.0,performance,,32861568.0,31942516.0,29221536.0,0.0,0.0,9.17,12.99,14.5,,,
11,46,disabled,Disabled,3000,read-heavy,1,238333.9582848414,2477.0,84410.0,12100.866864074074,20543.27349351154,1.6976695739461354,0,100,900,1790579507.4199038,2813.190625,3044.789,performance,,32861568.0,31933948.0,29212216.0,0.0,0.0,12.07,13.5,14.65,,,
11,47,sharded_2key,Sharded-2key,1500,read-heavy,1,263197.39117373346,2174.0,28861.0,5501.10840962963,7331.129602151394,1.3326640844449333,0,100,900,1790579522.6146648,2481.02,3049.736,performance,,32861568.0,31962380.0,29240356.0,0.0,0.0,15.28,14.12,14.84,,,
11,48,sharded_2key,Sharded-2key,100,write-heavy,1,287138.4028605264,330.0,695.0,341.66496666666666,137.96369001861237,0.40379817505027304,0,100,900,1790579530.8615599,2387.79825,3002.386,performance,,32861568.0,31945020.0,29222732.0,0.0,0.0,14.94,14.08,14.82,,,
11,49,sharded_2key,Sharded-2key,500,read-heavy,1,289052.87913586845,1576.0,4427.0,1695.6254088888888,860.3863798283985,0.5074153615049879,0,100,900,1790579533.5308614,2388.01025,3004.082,performance,,32861568.0,31935736.0,29213416.0,0.0,0.0,13.74,13.85,14.74,,,
11,50,sharded_n,Sharded-N,3000,mixed,1,228320.77832058378,2602.0,86754.0,12652.70571,21268.05265902239,1.6809094549803125,0,100,900,1790579537.7846582,2658.676375,3049.349,performance,,32861568.0,31950628.0,29228488.0,0.0,0.0,13.74,13.85,14.74,,,
11,51,thread_local,ThreadLocal,250,mixed,1,308681.0367978664,779.0,1559.0,793.5331288888889,322.6873393389853,0.4066463359769422,0,100,900,1790579553.3375256,2823.062,3000.285,performance,,32861568.0,31941808.0,29218968.0,0.0,0.0,16.75,14.51,14.94,,,
11,52,sharded_2key,Sharded-2key,250,mixed,1,292809.1339459053,818.0,1778.0,838.9562577777778,359.6930333033515,0.4287387214395471,0,100,900,1790579556.4849188,2753.699375,3037.401,performance,,32861568.0,31944152.0,29221372.0,0.0,0.0,15.4,14.27,14.86,,,
11,53,disabled,Disabled,2000,mixed,1,250506.42570379353,2321.0,42467.0,7709.798557777778,11509.391571744516,1.4928264967615326,0,100,900,1790579559.6738772,2641.34175,3002.587,performance,,32861568.0,31938344.0,29215652.0,0.0,0.0,14.17,14.03,14.78,,,
11,54,sharded_n,Sharded-N,250,write-heavy,1,292942.15100526274,813.0,1783.0,836.4209466666666,367.15141375513525,0.43895530739434446,0,100,900,1790579570.0754867,2387.834,3002.672,performance,,32861568.0,31927916.0,29204832.0,0.0,0.0,13.47,13.89,14.73,,,
11,55,global_mutex,GlobalMutex,1500,mixed,1,257314.11919604297,2275.0,29871.0,5636.38227037037,7501.756172665908,1.3309523401387329,0,100,900,1790579573.2649229,2300.0,2300.0,performance,,32861568.0,31952192.0,29229220.0,0.0,0.0,13.47,13.89,14.73,,,
11,56,sharded_2key,Sharded-2key,1000,read-heavy,1,273133.8604540874,2074.0,15434.0,3553.691068888889,3563.008724113749,1.0026219654562638,0,100,900,1790579581.4822602,2665.089,3095.441,performance,,32861568.0,31933196.0,29210040.0,0.0,0.0,12.6,13.68,14.65,,,
11,57,thread_local,ThreadLocal,1500,write-heavy,1,249243.73735941693,2346.0,32004.0,5822.82604962963,7867.96514604563,1.3512279224872403,0,100,900,1790579587.6775198,2387.313125,2998.505,performance,,32861568.0,31945848.0,29222624.0,0.0,0.0,13.11,13.77,14.67,,,
11,58,sharded_n,Sharded-N,1500,mixed,1,252529.95919053568,2285.0,30327.0,5742.1503881481485,7748.603677305971,1.349425416181917,0,100,900,1790579596.0643277,2387.71175,3001.694,performance,,32861568.0,31896284.0,29172788.0,0.0,0.0,13.53,13.85,14.69,,,
11,59,disabled,Disabled,2000,read-heavy,1,256110.99272182854,2264.0,42482.0,7539.498506666667,11364.865248950697,1.5073768154342782,0,100,900,1790579604.387885,2386.642375,2993.139,performance,,32861568.0,31934896.0,29210956.0,0.0,0.0,12.41,13.6,14.6,,,
11,60,sharded_2key,Sharded-2key,3000,mixed,1,233793.19439257443,2545.0,84659.0,12336.975732222223,20856.621212269878,1.6905781177631478,0,100,900,1790579614.753861,2564.886375,3013.582,performance,,32861568.0,31950152.0,29225972.0,0.0,0.0,12.19,13.53,14.57,,,
11,61,global_mutex,GlobalMutex,750,mixed,1,271731.82397735293,1997.0,9171.0,2702.221837037037,2016.9359311885821,0.7463990940877507,0,100,900,1790579630.0168862,2300.0,2300.0,performance,,32861568.0,31946540.0,29222128.0,0.0,0.0,13.01,13.66,14.59,,,
11,62,hdr_histogram,HdrHistogram,100,read-heavy,1,276503.0585677688,338.0,827.0,354.89081111111113,155.59449317758748,0.4384291965476478,0,100,900,1790579635.1293607,2761.046625,3080.609,performance,,32861568.0,31930748.0,29206476.0,0.0,0.0,11.97,13.44,14.52,,,
11,63,sharded_2key,Sharded-2key,750,read-heavy,1,290077.1097842366,1841.0,9177.0,2516.6441896296296,1955.2020423548574,0.7769084125645117,0,100,900,1790579637.9889078,2387.22925,2997.834,performance,,32861568.0,31969288.0,29245020.0,0.0,0.0,11.97,13.44,14.52,,,
11,64,disabled,Disabled,1000,write-heavy,1,268577.4038269408,2120.0,15727.0,3619.731982222222,3654.2156876103218,1.0095265907966284,0,100,900,1790579643.122852,2387.55,3000.4,performance,,32861568.0,31905536.0,29181204.0,0.0,0.0,11.17,13.25,14.45,,,
11,65,global_mutex,GlobalMutex,750,write-heavy,1,285915.7228715728,1891.0,9178.0,2556.9492044444446,1967.7763000123668,0.7695797384601979,0,100,900,1790579649.2043445,2300.0,2300.0,performance,,32861568.0,31917512.0,29192856.0,0.0,0.0,9.45,12.81,14.29,,,
11,66,thread_local,ThreadLocal,750,mixed,1,283844.8839095871,1915.0,8960.0,2586.6126681481483,1933.6369447777065,0.747555661730393,0,100,900,1790579654.1945496,2747.559625,3037.588,performance,,32861568.0,31925304.0,29200708.0,0.0,0.0,8.69,12.6,14.22,,,
11,67,sharded_n,Sharded-N,750,mixed,1,275018.5014215048,1924.0,9580.0,2665.870511111111,2084.1111673471883,0.78177509322407,0,100,900,1790579659.1963577,2300.0,2300.0,performance,,32861568.0,31956056.0,29231240.0,0.0,0.0,8.0,12.39,14.14,,,
11,68,disabled,Disabled,100,write-heavy,1,277399.1886733325,338.0,800.0,353.68556666666666,147.42780695835052,0.4168329749720741,0,100,900,1790579664.2833383,2300.0,2300.0,performance,,32861568.0,31911032.0,29186100.0,0.0,0.0,7.36,12.18,14.06,,,
11,69,sharded_n,Sharded-N,500,read-heavy,1,288379.1052942901,1575.0,4488.0,1700.0467044444445,871.0863449851731,0.5123896553594003,0,100,900,1790579666.963002,2562.52825,3006.494,performance,,32861568.0,31943604.0,29218640.0,0.0,0.0,7.36,12.18,14.06,,,
11,70,sharded_n,Sharded-N,2000,read-heavy,1,250505.35346077065,2313.0,43837.0,7692.988992222222,11664.802156255102,1.5162899840424144,0,100,900,1790579671.2197287,2387.289125,2998.313,performance,,32861568.0,31935368.0,29210524.0,0.0,0.0,8.05,12.24,14.07,,,
11,71,disabled,Disabled,1500,write-heavy,1,253116.753377076,2309.0,30454.0,5730.738671851852,7651.704237701473,1.3352038324980666,0,100,900,1790579681.77434,2300.0,2300.0,performance,,32861568.0,31940584.0,29214992.0,0.0,0.0,11.43,12.84,14.25,,,
11,72,thread_local,ThreadLocal,1000,read-heavy,1,277022.39038764517,2044.0,14871.0,3501.025828888889,3461.1072855061802,0.9885980437352622,0,100,900,1790579690.082802,2477.236875,3013.258,performance,,32861568.0,31933004.0,29207452.0,0.0,0.0,11.74,12.88,14.25,,,
11,73,sharded_n,Sharded-N,250,mixed,1,295252.0521431553,809.0,1831.0,831.7699866666667,362.1512541752056,0.4353983192234831,0,100,900,1790579696.2343643,2560.927875,2996.732,performance,,32861568.0,31930384.0,29204700.0,0.0,0.0,12.32,12.98,14.27,,,
11,74,disabled,Disabled,100,read-heavy,1,292121.80786085373,326.0,683.0,336.3334777777778,130.25635787639976,0.3872833556059582,0,100,900,1790579699.4195542,2387.243875,2997.951,performance,,32861568.0,31952344.0,29226744.0,0.0,0.0,11.33,12.76,14.2,,,
11,75,global_mutex,GlobalMutex,100,read-heavy,1,290089.554513339,328.0,667.0,338.42626666666666,133.04680672431772,0.3931338073571054,0,100,900,1790579702.2562277,2300.0,2300.0,performance,,32861568.0,31957524.0,29231956.0,0.0,0.0,11.33,12.76,14.2,,,
11,76,global_mutex,GlobalMutex,3000,mixed,1,232704.54518859825,2557.0,80859.0,12399.776524074074,20859.366891562593,1.6822373250892295,0,100,900,1790579705.0991843,2300.0,2300.0,performance,,32861568.0,31962308.0,29236676.0,0.0,0.0,10.43,12.55,14.12,,,
11,77,disabled,Disabled,1000,mixed,1,274554.8456429214,2103.0,15378.0,3537.3790022222224,3543.2282211429906,1.0016535460059817,0,100,900,1790579720.3945546,2387.634125,3001.073,performance,,32861568.0,31947188.0,29220816.0,0.0,0.0,10.59,12.5,14.08,,,
11,78,sharded_n,Sharded-N,750,write-heavy,1,268200.033513561,2054.0,9288.0,2726.8376325925924,2014.8537785235137,0.7388975986105389,0,100,900,1790579726.3982477,2465.15825,2982.056,performance,,32861568.0,31912292.0,29186012.0,0.0,0.0,11.18,12.59,14.1,,,
11,79,sharded_n,Sharded-N,250,read-heavy,1,295281.8402959584,814.0,1714.0,827.0210133333334,351.3260434072123,0.42480908918043325,0,100,900,1790579731.5555906,2388.080875,3004.647,performance,,32861568.0,31915516.0,29189232.0,0.0,0.0,15.25,13.41,14.36,,,
11,80,sharded_2key,Sharded-2key,500,mixed,1,290918.3506462464,1564.0,4315.0,1683.568611111111,858.1403415350692,0.5097150991480645,0,100,900,1790579734.912213,2476.61075,3014.435,performance,,32861568.0,31956664.0,29230364.0,0.0,0.0,14.03,13.19,14.28,,,
11,81,hdr_histogram,HdrHistogram,1000,read-heavy,1,270009.32903832576,2127.0,15295.0,3597.999518888889,3578.192236197252,0.994494917915455,0,100,900,1790579738.9799244,2387.962125,3003.697,performance,,32861568.0,31932564.0,29206240.0,0.0,0.0,12.91,12.97,14.2,,,
11,82,global_mutex,GlobalMutex,1000,write-heavy,1,268380.34506809636,2137.0,15169.0,3621.6589166666668,3542.6692344370895,0.9781896407013727,0,100,900,1790579745.230732,2566.6035,3040.269,performance,,32861568.0,31917396.0,29190720.0,0.0,0.0,11.87,12.76,14.13,,,
11,83,hdr_histogram,HdrHistogram,3000,write-heavy,1,226818.36314300547,2639.0,88361.0,12736.006720370371,21451.505951659638,1.6843196162380647,0,100,900,1790579751.3319037,2300.0,2300.0,performance,,32861568.0,31932548.0,29205604.0,0.0,0.0,12.92,12.96,14.19,,,
11,84,sharded_n,Sharded-N,2000,mixed,1,245176.01997938842,2387.0,45591.0,7850.521102222222,11875.485479590201,1.5127002812881614,0,100,900,1790579766.9470172,2300.0,2300.0,performance,,32861568.0,31944984.0,29217508.0,0.0,0.0,14.81,13.37,14.3,,,
11,85,hdr_histogram,HdrHistogram,750,mixed,1,292192.53659512504,1893.0,8696.0,2500.3665155555555,1820.9663968349457,0.7282797883854824,0,100,900,1790579777.5087492,2386.849,2994.792,performance,,32861568.0,31927076.0,29199512.0,0.0,0.0,14.91,13.44,14.31,,,
11,86,global_mutex,GlobalMutex,500,mixed,1,282890.890220818,1595.0,4731.0,1731.23772,909.3692698185157,0.5252711740930157,0,100,900,1790579782.447957,2300.0,2300.0,performance,,32861568.0,31933384.0,29206040.0,0.0,0.0,15.8,13.65,14.38,,,
11,87,thread_local,ThreadLocal,1000,mixed,1,287160.47078806715,2017.0,14242.0,3374.7395933333332,3299.105821570274,0.9775882643174986,0,100,900,1790579786.5619996,2456.235375,2931.764,performance,,32861568.0,31925252.0,29197888.0,0.0,0.0,15.97,13.72,14.4,,,
11,88,global_mutex,GlobalMutex,3000,read-heavy,1,233476.95079080475,2547.0,84256.0,12349.96510888889,21036.194852950346,1.7033404278858684,0,100,900,1790579792.4268332,2571.616125,3064.997,performance,,32861568.0,31920356.0,29192512.0,0.0,0.0,16.7,13.91,14.45,,,
11,89,disabled,Disabled,500,write-heavy,1,295323.32673773525,1547.0,4485.0,1658.8204888888888,864.5083838162057,0.5211584915949952,0,100,900,1790579807.8639038,2300.0,2300.0,performance,,32861568.0,31949112.0,29220796.0,0.0,0.0,16.01,13.88,14.44,,,
11,90,sharded_2key,Sharded-2key,3000,read-heavy,1,239061.9660650597,2471.0,72037.0,12071.166294814815,20260.056019383912,1.6783843022762965,0,100,900,1790579811.907594,2472.157125,2998.108,performance,,32861568.0,31929224.0,29201196.0,0.0,0.0,17.69,14.27,14.56,,,
11,91,thread_local,ThreadLocal,100,mixed,1,276183.5898376149,339.0,777.0,354.97231111111114,149.61132520070123,0.4214732262705157,0,100,900,1790579827.0221276,2569.395375,3051.225,performance,,32861568.0,31952576.0,29223704.0,0.0,0.0,19.36,14.82,14.74,,,
11,92,sharded_2key,Sharded-2key,750,mixed,1,274166.05753704364,1975.0,9227.0,2677.608111111111,2008.832478356852,0.7502339382753285,0,100,900,1790579829.7034178,2300.0,2300.0,performance,,32861568.0,31958908.0,29230016.0,0.0,0.0,17.81,14.58,14.66,,,
11,93,hdr_histogram,HdrHistogram,750,write-heavy,1,275433.85022084805,1968.0,9418.0,2659.2546844444446,2025.7250866331294,0.7617642260753719,0,100,900,1790579834.7861435,2300.0,2300.0,performance,,32861568.0,31932860.0,29204192.0,0.0,0.0,16.38,14.33,14.58,,,
11,94,thread_local,ThreadLocal,2000,write-heavy,1,243830.00129395706,2393.0,49800.0,7923.861843888889,11981.95140396506,1.51213532492441,0,100,900,1790579839.8668523,2725.676375,3031.594,performance,,32861568.0,31920412.0,29191688.0,0.0,0.0,15.07,14.1,14.5,,,
11,95,global_mutex,GlobalMutex,1000,read-heavy,1,270961.90068450733,2052.0,15964.0,3585.0776155555554,3593.4152807658757,1.002325658215639,0,100,900,1790579850.4670296,2300.0,2300.0,performance,,32861568.0,31933572.0,29204288.0,0.0,0.0,14.7,14.06,14.48,,,
11,96,thread_local,ThreadLocal,2000,mixed,1,247595.6793423268,2377.0,47415.0,7771.556917777778,11838.401984303395,1.5232986272316336,0,100,900,1790579856.6932898,2477.95325,3013.182,performance,,32861568.0,31923916.0,29194668.0,0.0,0.0,14.64,14.06,14.48,,,
11,97,disabled,Disabled,1500,read-heavy,1,259073.79731893432,2196.0,29992.0,5602.112557037037,7612.0941051733935,1.3587899257060694,0,100,900,1790579867.1600492,2300.0,2300.0,performance,,32861568.0,31941700.0,29212024.0,0.0,0.0,16.97,14.58,14.65,,,
11,98,thread_local,ThreadLocal,500,read-heavy,1,291923.0392912031,1562.0,4429.0,1681.6720155555556,854.7840110428122,0.508294128186718,0,100,900,1790579875.5106788,2387.934375,3003.475,performance,,32861568.0,31915696.0,29185916.0,0.0,0.0,17.1,14.68,14.68,,,
11,99,disabled,Disabled,1000,read-heavy,1,276171.81667236844,2044.0,15508.0,3520.961798888889,3595.807191478352,1.02125708737115,0,100,900,1790579879.7479017,2630.988125,3017.444,performance,,32861568.0,31945488.0,29215748.0,0.0,0.0,15.73,14.43,14.6,,,
11,100,sharded_2key,Sharded-2key,1500,mixed,1,256443.28859506478,2245.0,31000.0,5664.677057037037,7526.777060980171,1.3287212995893403,0,100,900,1790579885.9093022,2300.0,2300.0,performance,,32861568.0,31916572.0,29186668.0,0.0,0.0,16.95,14.71,14.69,,,
11,101,thread_local,ThreadLocal,500,write-heavy,1,280181.7463277094,1628.0,4584.0,1752.0010533333334,903.7752074458967,0.5158531187674724,0,100,900,1790579894.1354477,2300.0,2300.0,performance,,32861568.0,31941552.0,29211340.0,0.0,0.0,15.45,14.47,14.61,,,
11,102,disabled,Disabled,250,mixed,1,301215.58198808413,786.0,1806.0,816.5847555555556,367.45186608186884,0.4499861938175376,0,100,900,1790579898.2645404,2387.755125,3002.041,performance,,32861568.0,31921796.0,29191832.0,0.0,0.0,15.45,14.47,14.61,,,
11,103,sharded_2key,Sharded-2key,750,write-heavy,1,269565.11932689976,2017.0,9454.0,2720.291557037037,2043.968052212305,0.7513783024193963,0,100,900,1790579901.4271774,2300.0,2300.0,performance,,32861568.0,31937028.0,29207044.0,0.0,0.0,14.21,14.23,14.53,,,
11,104,sharded_2key,Sharded-2key,1000,write-heavy,1,262852.8430218846,2174.0,16144.0,3691.6971022222224,3714.5270731786113,1.0061841397937676,0,100,900,1790579906.5595157,2387.54225,3000.338,performance,,32861568.0,31891000.0,29160688.0,0.0,0.0,14.44,14.28,14.54,,,
11,105,disabled,Disabled,500,read-heavy,1,291387.5823314319,1560.0,4354.0,1681.6899355555556,865.7806979191768,0.5148277810398867,0,100,900,1790579912.716876,2388.015375,3004.123,performance,,32861568.0,31935684.0,29205172.0,0.0,0.0,15.6,14.52,14.62,,,
11,106,sharded_n,Sharded-N,500,write-heavy,1,277631.86252558586,1633.0,4723.0,1765.1774933333334,924.8436443529494,0.5239380446702213,0,100,900,1790579916.9521997,2465.637,2991.958,performance,,32861568.0,31911460.0,29180908.0,0.0,0.0,17.56,14.94,14.76,,,
11,107,thread_local,ThreadLocal,750,write-heavy,1,283770.83171607606,1913.0,8907.0,2579.3316103703705,1946.5589720172827,0.7546757323451609,0,100,900,1790579921.1075869,2388.224625,3005.797,performance,,32861568.0,31923092.0,29192656.0,0.0,0.0,16.87,14.85,14.73,,,
11,108,thread_local,ThreadLocal,3000,mixed,1,233647.60735609304,2536.0,85984.0,12367.711788518518,20832.72781758892,1.6844448006080512,0,100,900,1790579926.1084795,2387.6715,3001.372,performance,,32861568.0,31921084.0,29190420.0,0.0,0.0,17.84,15.08,14.8,,,
11,109,global_mutex,GlobalMutex,1500,write-heavy,1,252740.0608698938,2324.0,29292.0,5744.075196296296,7480.2733008889445,1.3022589442617545,0,100,900,1790579941.3577144,2388.026875,3004.215,performance,,32861568.0,31952252.0,29220892.0,0.0,0.0,20.83,15.88,15.07,,,
11,110,sharded_2key,Sharded-2key,1000,mixed,1,271194.68679419474,2055.0,15713.0,3577.9014655555557,3597.8499986215766,1.0055754841931968,0,100,900,1790579949.666044,2300.0,2300.0,performance,,32861568.0,31923408.0,29191888.0,0.0,0.0,18.58,15.57,14.98,,,
11,111,hdr_histogram,HdrHistogram,500,mixed,1,293035.76628770184,1565.0,4252.0,1671.9022555555555,841.315545601126,0.5032085714374288,0,100,900,1790579955.7119112,2387.944,3003.552,performance,,32861568.0,31918496.0,29187008.0,0.0,0.0,19.98,15.91,15.09,,,
11,112,sharded_n,Sharded-N,3000,read-heavy,1,235167.76208022184,2502.0,86117.0,12290.546108148148,20781.26095948712,1.6908330009607924,0,100,900,1790579959.7737918,2568.9055,3043.881,performance,,32861568.0,31926324.0,29194732.0,0.0,0.0,18.38,15.64,15.01,,,
11,113,sharded_n,Sharded-N,2000,write-heavy,1,243068.31463057082,2426.0,48070.0,7932.284797777777,12065.488095484588,1.5210608800713665,0,100,900,1790579975.1125405,2467.77925,3003.038,performance,,32861568.0,31947948.0,29215884.0,0.0,0.0,16.53,15.38,14.93,,,
11,114,sharded_2key,Sharded-2key,250,write-heavy,1,290031.2022012466,826.0,1820.0,845.3309111111112,365.6093933223269,0.43250446483941585,0,100,900,1790579985.7378857,2727.731625,3056.649,performance,,32861568.0,31937168.0,29204728.0,0.0,0.0,16.87,15.48,14.97,,,
11,115,hdr_histogram,HdrHistogram,100,write-heavy,1,271299.6675686798,346.0,846.0,361.5009111111111,157.71975665178607,0.43629144990815594,0,100,900,1790579988.934115,2397.548625,3080.389,performance,,32861568.0,31952860.0,29220460.0,0.0,0.0,15.52,15.23,14.89,,,
11,116,global_mutex,GlobalMutex,750,read-heavy,1,277334.1623830676,1984.0,9454.0,2647.5346903703703,1998.8153732821556,0.7549723070871401,0,100,900,1790579991.6251266,2300.0,2300.0,performance,,32861568.0,31964488.0,29232056.0,0.0,0.0,15.52,15.23,14.89,,,
11,117,sharded_2key,Sharded-2key,2000,mixed,1,248104.71570594548,2351.0,46918.0,7782.835918333333,11759.538791972818,1.510958076897384,0,100,900,1790579996.8505316,2477.3445,3016.603,performance,,32861568.0,31923516.0,29191240.0,0.0,0.0,16.28,15.39,14.95,,,
11,118,sharded_2key,Sharded-2key,2000,read-heavy,1,251253.54606116444,2289.0,43834.0,7684.147707222222,11501.87896595812,1.4968321021663424,0,100,900,1790580007.2987318,2475.1485,3004.001,performance,,32861568.0,31921416.0,29188668.0,0.0,0.0,16.09,15.38,14.95,,,
11,119,hdr_histogram,HdrHistogram,3000,read-heavy,1,234567.46733087316,2518.0,88363.0,12321.143595925925,20962.865945441303,1.7013733978697259,0,100,900,1790580017.828924,2385.6785,2985.428,performance,,32861568.0,31949476.0,29216520.0,0.0,0.0,17.5,15.71,15.06,,,
11,120,sharded_n,Sharded-N,500,mixed,1,283802.75379904313,1603.0,4484.0,1727.0327177777779,891.2934940253792,0.5160837341704979,0,100,900,1790580033.200897,2389.810625,3018.485,performance,,32861568.0,31956092.0,29222736.0,0.0,0.0,18.29,16.01,15.17,,,
11,121,hdr_histogram,HdrHistogram,2000,mixed,1,245833.8555618347,2374.0,45680.0,7865.323819444445,11858.920305041362,1.5077472431235512,0,100,900,1790580037.3156595,2387.30425,2998.434,performance,,32861568.0,31935420.0,29202152.0,0.0,0.0,16.83,15.74,15.09,,,
11,122,disabled,Disabled,1500,mixed,1,257915.7478112473,2206.0,30388.0,5628.956136296296,7505.5246302316955,1.333377707784046,0,100,900,1790580047.8443756,2300.0,2300.0,performance,,32861568.0,31926064.0,29192408.0,0.0,0.0,19.19,16.26,15.27,,,
11,123,thread_local,ThreadLocal,1500,mixed,1,259564.77547412354,2202.0,30671.0,5605.3316303703705,7399.044162422696,1.3200011436136574,0,100,900,1790580056.018904,2474.843875,3002.835,performance,,32861568.0,31941320.0,29207532.0,0.0,0.0,20.62,16.65,15.4,,,
11,124,thread_local,ThreadLocal,100,write-heavy,1,281332.2773828474,337.0,692.0,349.08504444444446,134.71327653521223,0.385903889837513,0,100,900,1790580064.1780858,2300.0,2300.0,performance,,32861568.0,31927716.0,29193748.0,0.0,0.0,18.26,16.28,15.3,,,
11,125,sharded_2key,Sharded-2key,3000,write-heavy,1,229105.9863392608,2600.0,86832.0,12614.949831851853,21077.868354972532,1.670864223474945,0,100,900,1790580066.851333,2300.0,2300.0,performance,,32861568.0,31945684.0,29211680.0,0.0,0.0,18.26,16.28,15.3,,,
11,126,global_mutex,GlobalMutex,250,read-heavy,1,296494.258997476,806.0,1801.0,825.2059955555555,359.9873257780443,0.43623934837711537,0,100,900,1790580082.3693366,2300.0,2300.0,performance,,32861568.0,31951788.0,29217220.0,0.0,0.0,18.23,16.36,15.33,,,
11,127,thread_local,ThreadLocal,100,read-heavy,1,280620.5768155956,335.0,787.0,350.2385777777778,146.9868625420381,0.41967639166037135,0,100,900,1790580085.7217574,2387.517875,3000.143,performance,,32861568.0,31961052.0,29226644.0,0.0,0.0,18.05,16.35,15.34,,,
11,128,disabled,Disabled,250,read-heavy,1,311748.96427122015,765.0,1651.0,786.9944088888889,329.3947403470119,0.41854775158068147,0,100,900,1790580088.579504,2474.27025,3001.696,performance,,32861568.0,31964352.0,29229948.0,0.0,0.0,16.6,16.08,15.26,,,
11,129,disabled,Disabled,750,mixed,1,276235.11944942665,1993.0,9148.0,2653.378140740741,1950.0546147776597,0.7349327956072123,0,100,900,1790580091.88878,2485.4125,3081.929,performance,,32861568.0,31939532.0,29205144.0,0.0,0.0,16.6,16.08,15.26,,,
11,130,hdr_histogram,HdrHistogram,2000,write-heavy,1,243120.60552195017,2422.0,46315.0,7954.229849444445,12012.712869417117,1.5102295378422002,0,100,900,1790580096.956392,2550.007,3052.192,performance,,32861568.0,31912340.0,29177812.0,0.0,0.0,16.47,16.06,15.25,,,
11,131,global_mutex,GlobalMutex,3000,write-heavy,1,230068.94165466705,2584.0,85612.0,12554.298408518518,21101.406552300894,1.6808112939216797,0,100,900,1790580107.5834448,2562.041875,3001.512,performance,,32861568.0,31938584.0,29203536.0,0.0,0.0,16.4,16.06,15.26,,,
11,132,hdr_histogram,HdrHistogram,100,mixed,1,275128.02738844487,342.0,792.0,357.1335888888889,149.97904003831266,0.4199522103337472,0,100,900,1790580123.0576518,2740.751625,3052.385,performance,,32861568.0,31938716.0,29203488.0,0.0,0.0,15.34,15.84,15.21,,,
11,133,disabled,Disabled,750,write-heavy,1,277800.2757131931,1934.0,9550.0,2641.4080681481482,2033.836207711946,0.7699818260712129,0,100,900,1790580125.7453241,2300.0,2300.0,performance,,32861568.0,31956380.0,29221156.0,0.0,0.0,15.15,15.8,15.19,,,
11,134,sharded_2key,Sharded-2key,100,mixed,1,276150.00899282505,342.0,769.0,355.1412111111111,143.19778994085377,0.40321366673509557,0,100,900,1790580130.7987123,2637.72975,3000.683,performance,,32861568.0,31924700.0,29189508.0,0.0,0.0,15.46,15.85,15.21,,,
11,135,global_mutex,GlobalMutex,1000,mixed,1,261959.26808845947,2172.0,16140.0,3707.231746666667,3726.5362238697417,1.0052072485677304,0,100,900,1790580133.4794705,2387.467625,2999.741,performance,,32861568.0,31936104.0,29200880.0,0.0,0.0,15.46,15.85,15.21,,,
11,136,sharded_n,Sharded-N,1500,read-heavy,1,262089.52154318255,2183.0,29828.0,5536.473899259259,7433.968519123528,1.3427261925895,0,100,900,1790580139.6667154,2748.243375,3059.754,performance,,32861568.0,31935088.0,29199636.0,0.0,0.0,13.08,15.33,15.05,,,
11,137,thread_local,ThreadLocal,1500,read-heavy,1,271238.612262097,2130.0,27324.0,5350.963796296296,7171.807893418964,1.3402833893929496,0,100,900,1790580147.9247842,2387.791625,3002.333,performance,,32861568.0,31906508.0,29170820.0,0.0,0.0,14.2,15.52,15.11,,,
11,138,sharded_n,Sharded-N,1000,write-heavy,1,264063.98304109275,2177.0,15403.0,3677.720068888889,3666.7805844616887,0.9970254711554202,0,100,900,1790580156.0339968,2853.741,3103.015,performance,,32861568.0,31930560.0,29194524.0,0.0,0.0,13.85,15.4,15.08,,,
11,139,sharded_n,Sharded-N,1000,mixed,1,268786.8097152218,2105.0,15206.0,3620.06481,3539.216355432245,0.9776665726137221,0,100,900,1790580162.2022905,2783.746125,3000.001,performance,,32861568.0,31914164.0,29177996.0,0.0,0.0,14.9,15.6,15.14,,,
11,140,global_mutex,GlobalMutex,2000,read-heavy,1,255164.482740344,2249.0,46718.0,7553.1130461111115,11363.379964400818,1.5044631127626915,0,100,900,1790580168.2928965,2387.64325,3001.146,performance,,32861568.0,31921752.0,29185520.0,0.0,0.0,14.59,15.52,15.12,,,
11,141,global_mutex,GlobalMutex,250,write-heavy,1,285975.01540004055,832.0,1944.0,858.3798044444444,392.2095613417291,0.45691844019509836,0,100,900,1790580178.6962786,2300.0,2300.0,performance,,32861568.0,31935852.0,29199344.0,0.0,0.0,13.86,15.31,15.06,,,
11,142,thread_local,ThreadLocal,3000,write-heavy,1,232102.1776457023,2564.0,84170.0,12411.812713703705,20704.11364407326,1.6680974908052024,0,100,900,1790580181.8984318,2737.935875,3007.67,performance,,32861568.0,31940432.0,29203876.0,0.0,0.0,13.86,15.31,15.06,,,
11,143,thread_local,ThreadLocal,3000,read-heavy,1,242495.9211049932,2422.0,83200.0,11886.455632962963,20112.72687579869,1.6920710005447726,0,100,900,1790580197.2141714,2300.0,2300.0,performance,,32861568.0,31953604.0,29216580.0,0.0,0.0,15.51,15.6,15.16,,,
11,144,disabled,Disabled,500,mixed,1,292504.62913438503,1555.0,4510.0,1677.0005755555555,863.8768361340544,0.5151321047387655,0,100,900,1790580212.1967719,2387.706625,3001.653,performance,,32861568.0,31937804.0,29200476.0,0.0,0.0,16.74,15.86,15.25,,,
12,1,hdr_histogram,HdrHistogram,2000,write-heavy,1,244474.00553493548,2403.0,48534.0,7894.439562777778,11946.435689434476,1.51327217016922,0,100,900,1790580216.24845,2554.92725,2997.848,performance,,32861568.0,31939644.0,29202484.0,0.0,0.0,16.2,15.77,15.22,,,
12,2,disabled,Disabled,100,read-heavy,1,280603.79401521495,336.0,787.0,349.7437777777778,147.08117699602246,0.420539796106039,0,100,900,1790580226.787492,2387.285875,2998.287,performance,,32861568.0,31932800.0,29195080.0,0.0,0.0,18.28,16.22,15.38,,,
12,3,thread_local,ThreadLocal,750,write-heavy,1,274391.6755354291,1984.0,9457.0,2674.006574814815,2025.0623733027517,0.757313909537786,0,100,900,1790580229.641299,2822.148,3098.428,performance,,32861568.0,31947324.0,29209568.0,0.0,0.0,16.82,15.95,15.29,,,
12,4,sharded_2key,Sharded-2key,100,mixed,1,275050.30593692727,342.0,811.0,357.1080666666667,148.17282619855453,0.4149243325182644,0,100,900,1790580234.7347238,2478.8575,3028.441,performance,,32861568.0,31936692.0,29199156.0,0.0,0.0,15.47,15.68,15.21,,,
12,5,global_mutex,GlobalMutex,250,mixed,1,294520.63714416494,817.0,1754.0,833.8306088888888,350.33377360422855,0.42014981204763124,0,100,900,1790580237.4174182,2387.75125,3002.01,performance,,32861568.0,31956628.0,29219028.0,0.0,0.0,15.47,15.68,15.21,,,
12,6,disabled,Disabled,500,read-heavy,1,295694.29133941623,1530.0,4415.0,1652.7280777777778,861.0553097752729,0.5209903076935857,0,100,900,1790580240.597567,2387.5785,3000.628,performance,,32861568.0,31946736.0,29209192.0,0.0,0.0,15.83,15.76,15.24,,,
12,7,disabled,Disabled,1000,write-heavy,1,271396.2305570674,2098.0,15200.0,3589.63056,3544.21919473487,0.9873492927737026,0,100,900,1790580244.806719,2386.8325,2994.66,performance,,32861568.0,31930732.0,29193040.0,0.0,0.0,14.57,15.5,15.16,,,
12,8,hdr_histogram,HdrHistogram,1500,mixed,1,255883.1429193362,2270.0,30411.0,5666.57036074074,7496.983998845825,1.3230196612022322,0,100,900,1790580250.8625586,2387.414375,2999.315,performance,,32861568.0,31934048.0,29196100.0,0.0,0.0,19.25,16.45,15.47,,,
12,9,thread_local,ThreadLocal,1000,read-heavy,1,279106.4856525772,2016.0,14824.0,3486.5497422222224,3473.590088184648,0.9962829573659504,0,100,900,1790580259.1042104,2300.0,2300.0,performance,,32861568.0,31918364.0,29180008.0,0.0,0.0,17.76,16.23,15.41,,,
12,10,sharded_n,Sharded-N,3000,read-heavy,1,237433.0010656227,2471.0,82863.0,12128.632882592592,20763.547633036218,1.7119446053014546,0,100,900,1790580265.2304945,2387.30275,2998.422,performance,,32861568.0,31913056.0,29174728.0,0.0,0.0,16.34,15.97,15.33,,,
12,11,hdr_histogram,HdrHistogram,100,write-heavy,1,274136.90963816945,343.0,821.0,357.7667777777778,149.4016447744144,0.4175950760503908,0,100,900,1790580280.4647782,2388.759125,3010.073,performance,,32861568.0,31944840.0,29205944.0,0.0,0.0,14.72,15.64,15.23,,,
12,12,thread_local,ThreadLocal,250,mixed,1,301570.7647017805,797.0,1673.0,815.40556,336.9009169175416,0.41316975679874146,0,100,900,1790580283.1518953,2300.0,2300.0,performance,,32861568.0,31968256.0,29229316.0,0.0,0.0,14.72,15.64,15.23,,,
12,13,sharded_n,Sharded-N,1500,write-heavy,1,252039.36833426022,2327.0,30355.0,5763.664954074074,7689.837810337632,1.3341923709326708,0,100,900,1790580286.317664,2387.876375,3003.011,performance,,32861568.0,31959580.0,29220596.0,0.0,0.0,14.98,15.68,15.24,,,
12,14,disabled,Disabled,100,mixed,1,283032.3947369032,331.0,835.0,347.5572666666667,148.91786279607223,0.42847000215045294,0,100,900,1790580294.6595008,2392.167875,3037.343,performance,,32861568.0,31925024.0,29185952.0,0.0,0.0,14.22,15.5,15.19,,,
12,15,sharded_2key,Sharded-2key,2000,write-heavy,1,243985.39898603797,2402.0,47675.0,7908.691623888889,12093.402025997199,1.529128027886184,0,100,900,1790580297.3341417,2300.0,2300.0,performance,,32861568.0,31948672.0,29209576.0,0.0,0.0,14.22,15.5,15.19,,,
12,16,sharded_2key,Sharded-2key,2000,mixed,1,251339.65130264455,2334.0,44664.0,7690.9187622222225,11384.303287139503,1.480226698409451,0,100,900,1790580307.928194,2300.0,2300.0,performance,,32861568.0,31939112.0,29199680.0,0.0,0.0,15.9,15.83,15.3,,,
12,17,global_mutex,GlobalMutex,1500,write-heavy,1,252870.75831866954,2277.0,28804.0,5756.719259259259,7488.937304269797,1.300903686109826,0,100,900,1790580318.282322,2300.0,2300.0,performance,,32861568.0,31933812.0,29194360.0,0.0,0.0,15.36,15.72,15.27,,,
12,18,sharded_2key,Sharded-2key,1500,read-heavy,1,266791.9417279729,2151.0,28244.0,5441.3675207407405,7193.4501841089195,1.321993075580689,0,100,900,1790580326.5868998,2387.297625,2998.381,performance,,32861568.0,31930880.0,29191020.0,0.0,0.0,14.84,15.58,15.23,,,
12,19,sharded_2key,Sharded-2key,100,read-heavy,1,278574.51637096074,338.0,752.0,352.84374444444444,146.57408530768546,0.4154079181380065,0,100,900,1790580334.773547,2387.40775,2999.262,performance,,32861568.0,31923236.0,29183380.0,0.0,0.0,14.48,15.49,15.21,,,
12,20,sharded_2key,Sharded-2key,1000,write-heavy,1,267374.7899032402,2146.0,15545.0,3630.95476,3576.140359887317,0.9849035849423023,0,100,900,1790580337.6277328,2387.10025,2996.802,performance,,32861568.0,31937076.0,29197220.0,0.0,0.0,14.48,15.49,15.21,,,
12,21,sharded_2key,Sharded-2key,1500,mixed,1,260919.40374782123,2237.0,29532.0,5569.1334214814815,7503.346003997522,1.3473094350829016,0,100,900,1790580343.7294216,2387.660375,3001.283,performance,,32861568.0,31925132.0,29185072.0,0.0,0.0,12.91,15.13,15.09,,,
12,22,sharded_2key,Sharded-2key,750,write-heavy,1,282172.8446423947,1936.0,9134.0,2595.198579259259,1943.4854097967996,0.7488773403812219,0,100,900,1790580351.8661156,2644.7665,2994.444,performance,,32861568.0,31916188.0,29175824.0,0.0,0.0,14.12,15.34,15.16,,,
12,23,disabled,Disabled,2000,write-heavy,1,243773.29074264175,2407.0,46873.0,7905.709184444445,11963.308789611505,1.5132492873822045,0,100,900,1790580356.8886633,2563.604625,3005.455,performance,,32861568.0,31932388.0,29192144.0,0.0,0.0,16.43,15.8,15.31,,,
12,24,global_mutex,GlobalMutex,750,write-heavy,1,270730.08822495164,1982.0,9528.0,2700.684497777778,2074.4821222533615,0.7681319768970871,0,100,900,1790580367.4950104,2750.685125,3082.767,performance,,32861568.0,31927324.0,29186592.0,0.0,0.0,17.49,16.06,15.4,,,
12,25,thread_local,ThreadLocal,750,mixed,1,279861.74801454606,1967.0,8999.0,2614.81932,1934.5599611831842,0.739844602793888,0,100,900,1790580372.6247325,2388.118875,3004.951,performance,,32861568.0,31913964.0,29173360.0,0.0,0.0,17.61,16.11,15.42,,,
12,26,thread_local,ThreadLocal,1500,write-heavy,1,252218.1798164153,2305.0,30465.0,5755.478077037037,7683.727458140856,1.3350285337367658,0,100,900,1790580377.6669118,2387.418,2999.344,performance,,32861568.0,31939348.0,29198536.0,0.0,0.0,17.16,16.04,15.4,,,
12,27,thread_local,ThreadLocal,1000,write-heavy,1,269667.8010629242,2123.0,15569.0,3608.4376144444445,3648.5750989017247,1.0111232308123081,0,100,900,1790580385.9745903,2474.76875,3000.498,performance,,32861568.0,31906656.0,29165600.0,0.0,0.0,21.52,17.05,15.74,,,
12,28,sharded_n,Sharded-N,1000,mixed,1,265813.27225037274,2154.0,15671.0,3660.1729677777776,3630.5243650661996,0.9918996716896746,0,100,900,1790580392.0549164,2390.138875,3021.111,performance,,32861568.0,31920896.0,29179780.0,0.0,0.0,25.0,17.84,16.0,,,
12,29,sharded_n,Sharded-N,1500,mixed,1,249794.19405467832,2337.0,31408.0,5799.743424444445,7819.54812605572,1.3482575958616223,0,100,900,1790580398.1786132,2387.729875,3001.839,performance,,32861568.0,31916728.0,29175416.0,0.0,0.0,24.68,17.9,16.03,,,
12,30,disabled,Disabled,2000,mixed,1,252642.56959058842,2295.0,44938.0,7638.883698888889,11522.954811325724,1.5084605638127193,0,100,900,1790580406.5617883,2388.02075,3004.166,performance,,32861568.0,31942020.0,29200512.0,0.0,0.0,29.2,19.09,16.44,,,
12,31,global_mutex,GlobalMutex,2000,mixed,1,245581.22207586482,2375.0,45827.0,7854.253452777778,11832.722233288629,1.5065368471275655,0,100,900,1790580416.865427,2300.0,2300.0,performance,,32861568.0,31948964.0,29207160.0,0.0,0.0,28.11,19.2,16.5,,,
12,32,global_mutex,GlobalMutex,100,read-heavy,1,279157.03236297873,337.0,760.0,350.67583333333334,145.0941272164481,0.41375570662301536,0,100,900,1790580427.3896072,2642.1065,3009.969,performance,,32861568.0,31940400.0,29198272.0,0.0,0.0,28.62,19.59,16.66,,,
12,33,sharded_2key,Sharded-2key,500,read-heavy,1,301107.0286224653,1537.0,4045.0,1634.4956955555556,794.3389343598903,0.4859841090556676,0,100,900,1790580430.2412505,2300.0,2300.0,performance,,32861568.0,31945088.0,29202956.0,0.0,0.0,26.32,19.26,16.57,,,
12,34,hdr_histogram,HdrHistogram,250,write-heavy,1,288200.0659957657,821.0,1976.0,850.0402088888889,388.6614793763374,0.4572271703292337,0,100,900,1790580434.4359174,2300.0,2300.0,performance,,32861568.0,31921764.0,29179832.0,0.0,0.0,24.22,18.94,16.48,,,
12,35,disabled,Disabled,250,read-heavy,1,302689.98083732964,785.0,1730.0,811.13812,348.0728384777777,0.4291166077582172,0,100,900,1790580437.6381636,2300.0,2300.0,performance,,32861568.0,31941176.0,29199256.0,0.0,0.0,24.22,18.94,16.48,,,
12,36,global_mutex,GlobalMutex,750,read-heavy,1,293253.08725152723,1910.0,8262.0,2492.7972696296297,1746.07438483377,0.7004478086150965,0,100,900,1790580440.97756,2387.558,3000.464,performance,,32861568.0,31931560.0,29189596.0,0.0,0.0,22.84,18.74,16.43,,,
12,37,disabled,Disabled,750,mixed,1,281528.7137785516,1902.0,9422.0,2603.39,2030.5912058045403,0.7799796441580172,0,100,900,1790580446.0821908,2740.160125,3013.554,performance,,32861568.0,31910716.0,29168652.0,0.0,0.0,23.65,18.98,16.52,,,
12,38,sharded_n,Sharded-N,500,mixed,1,281909.55029807327,1612.0,4585.0,1735.7486066666668,894.7077095820684,0.5154592699344094,0,100,900,1790580451.1065917,2731.5675,3010.237,performance,,32861568.0,31922376.0,29180052.0,0.0,0.0,23.2,18.96,16.52,,,
12,39,global_mutex,GlobalMutex,3000,write-heavy,1,226889.63401868593,2647.0,87276.0,12718.584206666666,21358.09450461467,1.679282391621817,0,100,900,1790580455.2355516,2477.89775,3023.257,performance,,32861568.0,31926940.0,29184668.0,0.0,0.0,21.34,18.65,16.44,,,
12,40,global_mutex,GlobalMutex,750,mixed,1,274761.4278272386,1967.0,9169.0,2661.3701748148146,1990.2401747599083,0.7478253846811801,0,100,900,1790580470.8757613,2924.82225,3078.495,performance,,32861568.0,31938696.0,29195748.0,0.0,0.0,22.56,19.1,16.62,,,
12,41,global_mutex,GlobalMutex,100,write-heavy,1,280165.9390482252,335.0,786.0,350.78374444444444,147.36413917035853,0.4200996810834186,0,100,900,1790580475.964611,2387.56675,3000.534,performance,,32861568.0,31937620.0,29194688.0,0.0,0.0,21.96,19.03,16.61,,,
12,42,sharded_2key,Sharded-2key,750,mixed,1,294806.5427667763,1859.0,8616.0,2482.0729748148146,1857.7700672744052,0.7484752004171077,0,100,900,1790580478.6447184,2388.3945,3007.156,performance,,32861568.0,31952668.0,29209704.0,0.0,0.0,20.2,18.71,16.52,,,
12,43,sharded_2key,Sharded-2key,100,write-heavy,1,276513.4949246655,341.0,773.0,355.0507888888889,145.02643971635783,0.4084667440683902,0,100,900,1790580483.5619192,2481.10575,3048.845,performance,,32861568.0,31922112.0,29179152.0,0.0,0.0,20.2,18.71,16.52,,,
12,44,hdr_histogram,HdrHistogram,1000,mixed,1,265262.60083210614,2186.0,16161.0,3661.38498,3644.982515562053,0.9955201475595863,0,100,900,1790580486.2454727,2387.49275,2999.942,performance,,32861568.0,31931592.0,29188604.0,0.0,0.0,18.58,18.4,16.43,,,
12,45,disabled,Disabled,1000,read-heavy,1,275752.78245373134,2054.0,15274.0,3517.2570522222222,3528.400091369701,1.0031681048561516,0,100,900,1790580492.3824859,2387.506125,3000.049,performance,,32861568.0,31927060.0,29183808.0,0.0,0.0,18.86,18.46,16.46,,,
12,46,hdr_histogram,HdrHistogram,750,read-heavy,1,280500.5556934175,1923.0,9141.0,2606.430234074074,1975.4934398747298,0.757930680073053,0,100,900,1790580498.5488997,2739.69775,3062.082,performance,,32861568.0,31916940.0,29173556.0,0.0,0.0,18.95,18.49,16.48,,,
12,47,sharded_n,Sharded-N,750,write-heavy,1,275803.5402841133,2006.0,9352.0,2662.2658296296295,1982.1596305364578,0.7445385838168583,0,100,900,1790580503.7544606,2573.420875,3058.115,performance,,32861568.0,31898112.0,29154728.0,0.0,0.0,16.03,17.88,16.31,,,
12,48,global_mutex,GlobalMutex,1500,mixed,1,251717.25858258468,2301.0,29967.0,5743.773726666666,7730.115043651663,1.345825133703125,0,100,900,1790580508.8352907,2300.0,2300.0,performance,,32861568.0,31933492.0,29189972.0,0.0,0.0,14.75,17.58,16.22,,,
12,49,thread_local,ThreadLocal,500,write-heavy,1,285176.7019199972,1595.0,4538.0,1718.7188,885.173660808825,0.5150194789332757,0,100,900,1790580517.167493,2402.75825,3122.066,performance,,32861568.0,31913484.0,29169496.0,0.0,0.0,16.29,17.85,16.31,,,
12,50,sharded_2key,Sharded-2key,1000,mixed,1,272340.9654855431,2043.0,14838.0,3571.5629377777777,3459.436334473815,0.9686057322081721,0,100,900,1790580521.2686708,2388.026375,3004.211,performance,,32861568.0,31922872.0,29179036.0,0.0,0.0,18.11,18.2,16.44,,,
12,51,sharded_n,Sharded-N,250,write-heavy,1,292843.9641536185,817.0,1882.0,838.1885333333333,373.63573233878657,0.44576574061792607,0,100,900,1790580527.3064642,2475.315,3002.018,performance,,32861568.0,31925712.0,29181636.0,0.0,0.0,20.02,18.6,16.57,,,
12,52,global_mutex,GlobalMutex,250,read-heavy,1,300641.9109663572,791.0,1774.0,814.5156444444444,363.6144023205831,0.4464179476486214,0,100,900,1790580530.4898899,2300.0,2300.0,performance,,32861568.0,31936912.0,29192908.0,0.0,0.0,18.42,18.29,16.48,,,
12,53,sharded_n,Sharded-N,2000,mixed,1,242058.30724926016,2444.0,47933.0,7976.952938333333,12020.800605622222,1.5069413971162016,0,100,900,1790580533.8288908,2651.556125,3006.504,performance,,32861568.0,31918784.0,29174740.0,0.0,0.0,16.94,17.99,16.39,,,
12,54,global_mutex,GlobalMutex,500,mixed,1,278211.40356691106,1635.0,4545.0,1763.5162755555555,901.3672220400122,0.5111193100591357,0,100,900,1790580544.4921446,2300.0,2300.0,performance,,32861568.0,31917640.0,29173040.0,0.0,0.0,17.14,18.02,16.42,,,
12,55,thread_local,ThreadLocal,3000,mixed,1,233978.6770052917,2539.0,85596.0,12338.138316296296,20769.368556750087,1.6833470353722462,0,100,900,1790580548.6369915,2300.0,2300.0,performance,,32861568.0,31931688.0,29187272.0,0.0,0.0,15.77,17.72,16.33,,,
12,56,sharded_2key,Sharded-2key,500,mixed,1,279220.4185026493,1617.0,4625.0,1751.051851111111,912.9293049921548,0.52136052077091,0,100,900,1790580563.8506982,2651.47975,3013.662,performance,,32861568.0,31956744.0,29211824.0,0.0,0.0,15.81,17.67,16.34,,,
12,57,sharded_n,Sharded-N,1000,read-heavy,1,277723.76316307613,2005.0,14324.0,3501.4391144444444,3372.035236689715,0.9630426594536797,0,100,900,1790580567.979801,2639.488375,3000.001,performance,,32861568.0,31943376.0,29198636.0,0.0,0.0,15.81,17.67,16.34,,,
12,58,disabled,Disabled,250,mixed,1,295390.0976309303,803.0,1872.0,831.36248,365.54687560405074,0.4396961426549473,0,100,900,1790580574.1243398,2300.0,2300.0,performance,,32861568.0,31901732.0,29156804.0,0.0,0.0,14.34,17.3,16.24,,,
12,59,global_mutex,GlobalMutex,250,write-heavy,1,289614.5597441068,820.0,1911.0,844.4260355555556,374.42037673480206,0.443402217564819,0,100,900,1790580577.3028688,2387.1695,2997.356,performance,,32861568.0,31932448.0,29187540.0,0.0,0.0,14.34,17.3,16.24,,,
12,60,disabled,Disabled,3000,read-heavy,1,237798.05953258727,2478.0,87610.0,12118.818024814815,20734.013138903047,1.7108940076868495,0,100,900,1790580580.50226,2384.749875,2977.999,performance,,32861568.0,31954320.0,29209488.0,0.0,0.0,13.19,17.01,16.15,,,
12,61,disabled,Disabled,500,write-heavy,1,289979.7759082688,1564.0,4691.0,1692.7143822222222,881.78929493829,0.520932121921634,0,100,900,1790580595.699588,2387.041625,2996.333,performance,,32861568.0,31944772.0,29198948.0,0.0,0.0,14.16,17.03,16.17,,,
12,62,hdr_histogram,HdrHistogram,1500,read-heavy,1,261516.97299724628,2200.0,29573.0,5560.825761481481,7344.109292030403,1.3206868200944728,0,100,900,1790580599.7754424,2387.7225,3001.78,performance,,32861568.0,31944396.0,29198824.0,0.0,0.0,13.03,16.75,16.08,,,
12,63,global_mutex,GlobalMutex,3000,read-heavy,1,233408.42721572533,2540.0,87309.0,12333.463152592592,20959.569804138322,1.6994066909530154,0,100,900,1790580608.080045,2300.0,2300.0,performance,,32861568.0,31930580.0,29184696.0,0.0,0.0,18.87,17.9,16.46,,,
12,64,thread_local,ThreadLocal,2000,write-heavy,1,242933.6063717041,2420.0,47198.0,7945.7953261111115,11923.569231646683,1.5006136884075016,0,100,900,1790580623.524687,2656.176125,3048.956,performance,,32861568.0,31946272.0,29199784.0,0.0,0.0,20.1,18.25,16.6,,,
12,65,disabled,Disabled,500,mixed,1,279389.1302694045,1623.0,4698.0,1754.2244044444444,918.5663608753924,0.5236310466027855,0,100,900,1790580634.1329598,2300.0,2300.0,performance,,32861568.0,31941636.0,29195092.0,0.0,0.0,17.34,17.73,16.46,,,
12,66,sharded_2key,Sharded-2key,750,read-heavy,1,291388.51794363116,1901.0,8540.0,2507.5680533333334,1858.2910853966248,0.7410730420362396,0,100,900,1790580638.2698572,2387.8315,3002.652,performance,,32861568.0,31957680.0,29211212.0,0.0,0.0,17.34,17.73,16.46,,,
12,67,hdr_histogram,HdrHistogram,250,read-heavy,1,292602.08605884586,810.0,1908.0,839.4064444444444,377.15592228175524,0.4493126360631808,0,100,900,1790580643.3871017,2300.0,2300.0,performance,,32861568.0,31917360.0,29170788.0,0.0,0.0,16.03,17.46,16.37,,,
12,68,global_mutex,GlobalMutex,1500,read-heavy,1,258012.9027470825,2216.0,30745.0,5605.120961481482,7594.200649848845,1.3548682895581317,0,100,900,1790580646.7510219,2300.0,2300.0,performance,,32861568.0,31957972.0,29211388.0,0.0,0.0,14.75,17.17,16.28,,,
12,69,disabled,Disabled,1000,mixed,1,277883.68130712153,2061.0,14972.0,3497.9407744444443,3458.173591730897,0.9886312589955548,0,100,900,1790580655.112636,2888.4925,3008.214,performance,,32861568.0,31931008.0,29184044.0,0.0,0.0,13.07,16.73,16.15,,,
12,70,hdr_histogram,HdrHistogram,750,write-heavy,1,289712.4820449402,1879.0,8660.0,2528.168091851852,1889.6941358564202,0.7474558918557677,0,100,900,1790580661.0824137,2848.76175,3092.934,performance,,32861568.0,31933816.0,29186784.0,0.0,0.0,13.7,16.8,16.18,,,
12,71,sharded_n,Sharded-N,250,mixed,1,307100.7386470224,781.0,1696.0,800.1624888888889,347.60087717429604,0.4344128623887093,0,100,900,1790580666.042678,2478.986625,3031.268,performance,,32861568.0,31902884.0,29155752.0,0.0,0.0,15.17,17.05,16.26,,,
12,72,hdr_histogram,HdrHistogram,3000,mixed,1,233756.73555207255,2531.0,85203.0,12332.51601888889,20893.891966783678,1.6942116219254775,0,100,900,1790580669.199336,2300.0,2300.0,performance,,32861568.0,31942392.0,29195376.0,0.0,0.0,13.95,16.77,16.18,,,
12,73,disabled,Disabled,1500,mixed,1,258480.5256191149,2221.0,29682.0,5614.126085185185,7402.375343455616,1.3185267361538862,0,100,900,1790580684.4570947,2300.0,2300.0,performance,,32861568.0,31951844.0,29204020.0,0.0,0.0,13.77,16.61,16.14,,,
12,74,disabled,Disabled,3000,mixed,1,233415.17170964196,2546.0,82177.0,12357.253951481482,20715.672683195895,1.6763977469858782,0,100,900,1790580692.6384256,2300.0,2300.0,performance,,32861568.0,31918116.0,29170420.0,0.0,0.0,26.04,19.11,16.95,,,
12,75,thread_local,ThreadLocal,3000,write-heavy,1,228473.53103366744,2611.0,83012.0,12657.287804074074,21354.09398788284,1.6870987148612893,0,100,900,1790580707.9061966,2300.0,2300.0,performance,,32861568.0,31936532.0,29188288.0,0.0,0.0,24.91,19.22,17.02,,,
12,76,thread_local,ThreadLocal,250,read-heavy,1,305165.65045239194,781.0,1756.0,803.1892622222222,350.53000364680184,0.43642267163404763,0,100,900,1790580723.4433644,2300.0,2300.0,performance,,32861568.0,31931392.0,29182720.0,0.0,0.0,22.65,18.99,16.98,,,
12,77,thread_local,ThreadLocal,250,write-heavy,1,296257.6278241456,800.0,1783.0,828.4706666666667,365.41863664192675,0.4410761314123293,0,100,900,1790580726.7720506,2300.0,2300.0,performance,,32861568.0,31949988.0,29201460.0,0.0,0.0,20.84,18.68,16.89,,,
12,78,hdr_histogram,HdrHistogram,1000,read-heavy,1,271486.3260893893,2132.0,15496.0,3575.93041,3539.756250307631,0.9898839866706554,0,100,900,1790580729.9479249,2300.0,2300.0,performance,,32861568.0,31952852.0,29204280.0,0.0,0.0,19.17,18.37,16.8,,,
12,79,global_mutex,GlobalMutex,1000,mixed,1,270264.6387830357,2098.0,15082.0,3599.3075255555555,3543.796592415244,0.9845773297374074,0,100,900,1790580736.1633074,2300.0,2300.0,performance,,32861568.0,31912872.0,29163920.0,0.0,0.0,19.48,18.44,16.83,,,
12,80,sharded_n,Sharded-N,250,read-heavy,1,297649.9933754356,797.0,1871.0,822.9959022222222,376.7361977852835,0.45776193632074563,0,100,900,1790580742.2292166,2300.0,2300.0,performance,,32861568.0,31905240.0,29156308.0,0.0,0.0,19.04,18.37,16.81,,,
12,81,hdr_histogram,HdrHistogram,750,mixed,1,274738.2977902281,1992.0,9393.0,2664.715204444444,2002.013113590539,0.7513047211392073,0,100,900,1790580745.5812473,2300.0,2300.0,performance,,32861568.0,31923460.0,29174540.0,0.0,0.0,17.51,18.06,16.72,,,
12,82,global_mutex,GlobalMutex,500,read-heavy,1,279883.18452087464,1616.0,4731.0,1752.6037933333334,924.7258926239059,0.5276297450350372,0,100,900,1790580750.6607122,2475.15575,3002.177,performance,,32861568.0,31936584.0,29187500.0,0.0,0.0,16.19,17.78,16.64,,,
12,83,sharded_n,Sharded-N,750,read-heavy,1,279256.0911467886,1938.0,9160.0,2616.6657362962965,1971.074114692748,0.7532769995615346,0,100,900,1790580754.9648776,2387.33425,2998.674,performance,,32861568.0,31928364.0,29179236.0,0.0,0.0,14.89,17.49,16.55,,,
12,84,sharded_2key,Sharded-2key,3000,read-heavy,1,235975.5733367211,2492.0,85074.0,12221.202027407408,20677.624957222703,1.6919469059467984,0,100,900,1790580760.1859083,2716.045,3004.134,performance,,32861568.0,31898404.0,29149136.0,0.0,0.0,13.7,17.19,16.46,,,
12,85,disabled,Disabled,100,write-heavy,1,280338.52658792573,332.0,861.0,349.5840777777778,151.46518534655,0.43327255151143573,0,100,900,1790580775.4970498,2300.0,2300.0,performance,,32861568.0,31920104.0,29170100.0,0.0,0.0,13.06,16.9,16.38,,,
12,86,thread_local,ThreadLocal,100,mixed,1,282475.1086700575,333.0,752.0,347.1943111111111,146.52819874232492,0.4220351372503685,0,100,900,1790580778.1727726,2827.085125,3099.251,performance,,32861568.0,31935400.0,29185352.0,0.0,0.0,13.06,16.9,16.38,,,
12,87,hdr_histogram,HdrHistogram,500,write-heavy,1,279607.6126691877,1623.0,4593.0,1752.453151111111,908.621081161017,0.5184852334482792,0,100,900,1790580780.8474107,2300.0,2300.0,performance,,32861568.0,31945252.0,29195240.0,0.0,0.0,12.17,16.65,16.3,,,
12,88,hdr_histogram,HdrHistogram,2000,read-heavy,1,251514.08643513982,2316.0,47270.0,7665.9300627777775,11625.120865203102,1.5164658130197834,0,100,900,1790580784.989892,2661.63575,3090.458,performance,,32861568.0,31909048.0,29159276.0,0.0,0.0,11.2,16.38,16.21,,,
12,89,disabled,Disabled,750,write-heavy,1,276338.5776940934,1953.0,9344.0,2653.991266666667,2028.5925586395742,0.7643554009080917,0,100,900,1790580795.5075314,2387.80475,3002.438,performance,,32861568.0,31908092.0,29157668.0,0.0,0.0,11.24,16.23,16.17,,,
12,90,thread_local,ThreadLocal,750,read-heavy,1,285601.35706391593,1874.0,8989.0,2557.316685925926,1971.3025792818207,0.7708480494929679,0,100,900,1790580800.5846906,2386.972125,2995.777,performance,,32861568.0,31920112.0,29169848.0,0.0,0.0,10.34,15.96,16.08,,,
12,91,disabled,Disabled,1500,read-heavy,1,264909.87272024085,2148.0,30379.0,5495.180032592592,7479.901418432095,1.3611749522432157,0,100,900,1790580805.7480414,2478.38825,3028.275,performance,,32861568.0,31926596.0,29176284.0,0.0,0.0,10.56,15.91,16.06,,,
12,92,disabled,Disabled,2000,read-heavy,1,255910.65221474553,2274.0,41905.0,7555.718854444444,11412.818167020534,1.5104874052198562,0,100,900,1790580813.9517894,2387.3205,2998.564,performance,,32861568.0,31928260.0,29177676.0,0.0,0.0,9.96,15.62,15.96,,,
12,93,thread_local,ThreadLocal,500,mixed,1,302996.3060286149,1509.0,4026.0,1615.7714911111111,815.369855910894,0.5046319113788744,0,100,900,1790580824.327606,2387.884875,3003.079,performance,,32861568.0,31952500.0,29201652.0,0.0,0.0,10.86,15.64,15.97,,,
12,94,sharded_n,Sharded-N,500,write-heavy,1,280911.32242437144,1624.0,4672.0,1749.6666666666667,906.2248047453472,0.5179414010737362,0,100,900,1790580828.3305671,2387.3675,2998.94,performance,,32861568.0,31920796.0,29170032.0,0.0,0.0,10.86,15.64,15.97,,,
12,95,sharded_n,Sharded-N,2000,write-heavy,1,243554.7052131079,2439.0,46683.0,7920.9553561111115,11827.238963036534,1.493158139555941,0,100,900,1790580832.4565635,2785.772125,3058.844,performance,,32861568.0,31910012.0,29159364.0,0.0,0.0,15.12,16.44,16.23,,,
12,96,sharded_n,Sharded-N,3000,write-heavy,1,228100.66695161656,2611.0,89768.0,12621.32189888889,21379.69512433281,1.6939346999948524,0,100,900,1790580843.0592244,2390.037375,3020.299,performance,,32861568.0,31916628.0,29165376.0,0.0,0.0,15.52,16.49,16.25,,,
12,97,thread_local,ThreadLocal,500,read-heavy,1,295962.5224788715,1554.0,4234.0,1657.192191111111,823.8795585732552,0.4971538986198469,0,100,900,1790580858.6269062,2387.9835,3003.868,performance,,32861568.0,31919796.0,29168052.0,0.0,0.0,14.64,16.26,16.17,,,
12,98,thread_local,ThreadLocal,100,read-heavy,1,284582.7053752437,331.0,753.0,344.6890666666667,139.57034445925117,0.40491665665224996,0,100,900,1790580862.844067,2735.1955,3064.411,performance,,32861568.0,31941060.0,29189444.0,0.0,0.0,13.47,15.99,16.09,,,
12,99,hdr_histogram,HdrHistogram,3000,read-heavy,1,235839.58241602054,2514.0,83520.0,12265.81728925926,20480.545389512386,1.6697252948196508,0,100,900,1790580865.6904616,2387.39375,2999.15,performance,,32861568.0,31946480.0,29194824.0,0.0,0.0,13.35,15.92,16.06,,,
12,100,hdr_histogram,HdrHistogram,3000,write-heavy,1,231205.7503481538,2584.0,83902.0,12482.73024074074,20988.586329992344,1.6814099099482627,0,100,900,1790580880.9990106,2300.0,2300.0,performance,,32861568.0,31928556.0,29176188.0,0.0,0.0,15.61,16.29,16.18,,,
12,101,sharded_n,Sharded-N,750,mixed,1,270742.37070711626,2027.0,9659.0,2706.94116,2053.802296750854,0.7587170076319111,0,100,900,1790580896.409544,2387.154125,2997.233,performance,,32861568.0,31938468.0,29185988.0,0.0,0.0,18.79,16.96,16.4,,,
12,102,thread_local,ThreadLocal,1000,mixed,1,274294.4735688606,2036.0,14966.0,3548.515898888889,3544.8948162413903,0.9989795501131523,0,100,900,1790580901.538577,2468.076375,2999.117,performance,,32861568.0,31925036.0,29172680.0,0.0,0.0,18.57,16.94,16.4,,,
12,103,thread_local,ThreadLocal,2000,read-heavy,1,258255.68413242666,2239.0,45139.0,7459.358133333333,11416.521798725083,1.5304965379941382,0,100,900,1790580907.5530202,2300.0,2300.0,performance,,32861568.0,31918740.0,29166164.0,0.0,0.0,17.96,16.84,16.37,,,
12,104,sharded_n,Sharded-N,1500,read-heavy,1,263402.82568202587,2186.0,29133.0,5500.255287407407,7338.48076266592,1.3342073011532847,0,100,900,1790580917.8836472,2564.261,3017.008,performance,,32861568.0,31925968.0,29172932.0,0.0,0.0,16.92,16.65,16.31,,,
12,105,thread_local,ThreadLocal,1500,mixed,1,257570.2860052576,2242.0,31460.0,5612.973765925926,7698.236806558897,1.3715077118820245,0,100,900,1790580926.1260557,2300.0,2300.0,performance,,32861568.0,31900684.0,29147500.0,0.0,0.0,17.3,16.74,16.35,,,
12,106,hdr_histogram,HdrHistogram,500,read-heavy,1,288163.23649711726,1560.0,4676.0,1702.044208888889,912.9572874024154,0.5363887040269082,0,100,900,1790580934.3092356,2387.60475,3000.838,performance,,32861568.0,31918192.0,29164808.0,0.0,0.0,15.67,16.42,16.25,,,
12,107,hdr_histogram,HdrHistogram,500,mixed,1,291153.9630852593,1569.0,4342.0,1680.984051111111,854.0614864432757,0.5080723317266163,0,100,900,1790580938.5692987,2300.0,2300.0,performance,,32861568.0,31918208.0,29164940.0,0.0,0.0,15.67,16.42,16.25,,,
12,108,hdr_histogram,HdrHistogram,1000,write-heavy,1,266422.444355994,2118.0,15775.0,3641.8138422222223,3616.730288505653,0.9931123459893096,0,100,900,1790580942.6335492,2387.465375,2999.723,performance,,32861568.0,31917192.0,29163920.0,0.0,0.0,14.42,16.15,16.16,,,
12,109,global_mutex,GlobalMutex,2000,write-heavy,1,243536.34716844693,2399.0,48410.0,7916.881425555555,11893.954304345378,1.5023534729157242,0,100,900,1790580948.7560894,2300.0,2300.0,performance,,32861568.0,31871912.0,29118408.0,0.0,0.0,13.16,15.83,16.06,,,
12,110,sharded_n,Sharded-N,2000,read-heavy,1,248405.80756681395,2314.0,44487.0,7745.9378144444445,11620.241553711043,1.5001723267183849,0,100,900,1790580959.350361,2300.0,2300.0,performance,,32861568.0,31938672.0,29184672.0,0.0,0.0,13.57,15.85,16.06,,,
12,111,disabled,Disabled,250,write-heavy,1,294299.9645403859,813.0,1797.0,832.0022444444445,353.6690161884705,0.4250818054278532,0,100,900,1790580969.9749324,2476.3705,3007.299,performance,,32861568.0,31922020.0,29167856.0,0.0,0.0,13.18,15.7,16.01,,,
12,112,global_mutex,GlobalMutex,1000,read-heavy,1,279525.9870491442,2032.0,14597.0,3484.532992222222,3404.576089243002,0.9770537678484632,0,100,900,1790580973.1499894,2300.0,2300.0,performance,,32861568.0,31931292.0,29177116.0,0.0,0.0,13.18,15.7,16.01,,,
12,113,global_mutex,GlobalMutex,100,mixed,1,278940.322698435,335.0,755.0,351.0777777777778,148.71568160268419,0.42359753597625016,0,100,900,1790580979.263885,2737.10425,3008.715,performance,,32861568.0,31911304.0,29157216.0,0.0,0.0,12.4,15.46,15.93,,,
12,114,thread_local,ThreadLocal,1500,read-heavy,1,261501.21024852112,2178.0,30754.0,5539.94924,7568.149003014418,1.3661043946703053,0,100,900,1790580981.9432719,2485.375125,3054.172,performance,,32861568.0,31934744.0,29180632.0,0.0,0.0,12.4,15.46,15.93,,,
12,115,sharded_2key,Sharded-2key,250,read-heavy,1,299193.2700269008,795.0,1852.0,820.7686444444445,359.9206429117785,0.4385165604802055,0,100,900,1790580990.2322714,2387.500125,3000.001,performance,,32861568.0,31921976.0,29167408.0,0.0,0.0,12.34,15.36,15.89,,,
12,116,global_mutex,GlobalMutex,500,write-heavy,1,284729.1544763702,1606.0,4371.0,1719.0886733333334,871.9351578358261,0.5072077847765313,0,100,900,1790580993.5738947,2574.953875,3095.71,performance,,32861568.0,31921564.0,29167072.0,0.0,0.0,12.34,15.36,15.89,,,
12,117,sharded_2key,Sharded-2key,1000,read-heavy,1,278553.6301086792,2039.0,15324.0,3486.017068888889,3528.9992440500328,1.012329880867406,0,100,900,1790580997.677647,2387.797625,3002.381,performance,,32861568.0,31941152.0,29186744.0,0.0,0.0,11.35,15.1,15.81,,,
12,118,sharded_2key,Sharded-2key,3000,mixed,1,234481.2438586779,2527.0,87587.0,12326.51421888889,20793.69537783781,1.686907994311481,0,100,900,1790581003.814548,2475.28975,3002.649,performance,,32861568.0,31923772.0,29169072.0,0.0,0.0,11.3,14.98,15.76,,,
12,119,thread_local,ThreadLocal,3000,read-heavy,1,237608.36485231615,2485.0,86182.0,12129.181202962964,20692.288261866157,1.7059921783352832,0,100,900,1790581019.0539284,2300.0,2300.0,performance,,32861568.0,31946060.0,29190792.0,0.0,0.0,12.18,15.01,15.76,,,
12,120,sharded_n,Sharded-N,100,read-heavy,1,278984.1716377332,337.0,791.0,351.9971777777778,146.31920875621512,0.41568290314131184,0,100,900,1790581034.280076,2300.0,2300.0,performance,,32861568.0,31947344.0,29191848.0,0.0,0.0,10.82,14.58,15.61,,,
12,121,sharded_2key,Sharded-2key,500,write-heavy,1,281854.0055590867,1604.0,4752.0,1740.3326577777777,919.0714146048864,0.5281009986782896,0,100,900,1790581037.1267507,2387.377125,2999.017,performance,,32861568.0,31962032.0,29206544.0,0.0,0.0,10.82,14.58,15.61,,,
12,122,hdr_histogram,HdrHistogram,1500,write-heavy,1,252549.37070671015,2342.0,31297.0,5743.236551851852,7733.363067862449,1.3465165500398724,0,100,900,1790581041.2490566,2300.0,2300.0,performance,,32861568.0,31933008.0,29177584.0,0.0,0.0,10.51,14.46,15.56,,,
12,123,disabled,Disabled,750,read-heavy,1,286390.01899403945,1886.0,9015.0,2557.8167925925927,1937.9491397069835,0.7576575246981181,0,100,900,1790581049.5687907,2387.85575,3002.846,performance,,32861568.0,31920272.0,29164580.0,0.0,0.0,10.15,14.26,15.48,,,
12,124,sharded_2key,Sharded-2key,250,write-heavy,1,291323.0324297135,814.0,1885.0,840.2880844444444,374.88865974467933,0.44614301533567097,0,100,900,1790581054.7154672,2478.780625,3028.728,performance,,32861568.0,31939964.0,29184232.0,0.0,0.0,9.33,14.02,15.4,,,
12,125,sharded_2key,Sharded-2key,1500,write-heavy,1,257501.0874075411,2260.0,30388.0,5637.865438518518,7560.793211616681,1.3410737262298793,0,100,900,1790581057.9069707,2300.0,2300.0,performance,,32861568.0,31955320.0,29199576.0,0.0,0.0,9.33,14.02,15.4,,,
12,126,sharded_n,Sharded-N,3000,mixed,1,231365.42660784372,2552.0,81985.0,12484.588514814815,21146.023643667093,1.6937701726071468,0,100,900,1790581066.1140664,2741.835375,3098.416,performance,,32861568.0,31929084.0,29173064.0,0.0,0.0,12.38,14.52,15.55,,,
12,127,hdr_histogram,HdrHistogram,2000,mixed,1,249151.6691912963,2347.0,44743.0,7745.396365,11615.02414831027,1.4996035839813695,0,100,900,1790581081.4973319,2300.0,2300.0,performance,,32861568.0,31944964.0,29188388.0,0.0,0.0,14.31,14.85,15.64,,,
12,128,sharded_n,Sharded-N,100,mixed,1,278711.87374084553,340.0,721.0,351.37674444444445,140.17789667929586,0.3989390273990063,0,100,900,1790581091.935317,2300.0,2300.0,performance,,32861568.0,31922544.0,29165832.0,0.0,0.0,15.35,15.05,15.7,,,
12,129,sharded_n,Sharded-N,1000,write-heavy,1,266995.65586587094,2153.0,15202.0,3643.7164377777776,3549.2039452658764,0.9740615127093857,0,100,900,1790581094.6161897,2300.0,2300.0,performance,,32861568.0,31933224.0,29176480.0,0.0,0.0,14.12,14.8,15.61,,,
12,130,global_mutex,GlobalMutex,1000,write-heavy,1,265208.2440990469,2176.0,15841.0,3680.177988888889,3636.2919993378573,0.9880750361304449,0,100,900,1790581100.7292557,2300.0,2300.0,performance,,32861568.0,31914212.0,29157424.0,0.0,0.0,13.07,14.57,15.53,,,
12,131,sharded_n,Sharded-N,500,read-heavy,1,291200.54634710005,1597.0,4022.0,1681.853291111111,816.5874076211198,0.48552832279541097,0,100,900,1790581106.886642,2387.519875,3000.159,performance,,32861568.0,31929080.0,29172124.0,0.0,0.0,13.7,14.68,15.56,,,
12,132,thread_local,ThreadLocal,100,write-heavy,1,278108.2527845311,338.0,766.0,353.4533,144.374817279643,0.4084692865497167,0,100,900,1790581111.122959,2300.0,2300.0,performance,,32861568.0,31918692.0,29161852.0,0.0,0.0,13.89,14.7,15.57,,,
12,133,disabled,Disabled,3000,write-heavy,1,230662.43810191093,2595.0,86631.0,12527.373498148148,21035.559823639982,1.6791676105729227,0,100,900,1790581113.8019164,2472.393625,2991.485,performance,,32861568.0,31947608.0,29190724.0,0.0,0.0,12.78,14.46,15.48,,,
12,134,hdr_histogram,HdrHistogram,250,mixed,1,290129.5321980436,818.0,1901.0,846.6363377777777,379.85200849952633,0.4486601762175115,0,100,900,1790581129.2409484,2300.0,2300.0,performance,,32861568.0,31945052.0,29187360.0,0.0,0.0,17.05,15.38,15.77,,,
12,135,hdr_histogram,HdrHistogram,100,read-heavy,1,280660.61708943435,333.0,794.0,348.82404444444444,146.84538600307235,0.4209726604051795,0,100,900,1790581132.4420416,2300.0,2300.0,performance,,32861568.0,31944464.0,29186920.0,0.0,0.0,17.05,15.38,15.77,,,
12,136,thread_local,ThreadLocal,2000,mixed,1,249700.44169770542,2364.0,47205.0,7727.058857777778,11789.55363638396,1.5257491696878978,0,100,900,1790581135.291095,2563.9495,3040.36,performance,,32861568.0,31955372.0,29197808.0,0.0,0.0,15.68,15.13,15.69,,,
12,137,sharded_n,Sharded-N,100,write-heavy,1,272056.1473104235,345.0,816.0,361.32784444444445,155.10381089286693,0.4292606099354038,0,100,900,1790581145.6884336,2300.0,2300.0,performance,,32861568.0,31936472.0,29178508.0,0.0,0.0,14.75,14.95,15.63,,,
12,138,global_mutex,GlobalMutex,3000,mixed,1,234653.7535860156,2536.0,73023.0,12300.80966037037,20709.752728982352,1.683608908745507,0,100,900,1790581148.3752587,2300.0,2300.0,performance,,32861568.0,31960432.0,29202468.0,0.0,0.0,14.75,14.95,15.63,,,
12,139,sharded_2key,Sharded-2key,250,mixed,1,299398.5279181163,801.0,1734.0,820.2865955555556,349.9337161538385,0.4265993349761358,0,100,900,1790581163.5566945,2650.462375,3001.911,performance,,32861568.0,31935608.0,29177316.0,0.0,0.0,17.0,15.45,15.78,,,
12,140,sharded_2key,Sharded-2key,2000,read-heavy,1,251114.62615319446,2322.0,46730.0,7673.8463038888885,11729.988216808684,1.5285669991675828,0,100,900,1790581166.7267902,2734.23875,3064.945,performance,,32861568.0,31957112.0,29198844.0,0.0,0.0,15.64,15.19,15.69,,,
12,141,sharded_2key,Sharded-2key,3000,write-heavy,1,229203.004012194,2614.0,87171.0,12600.861482592592,21136.124737626713,1.677355533732763,0,100,900,1790581177.2398791,2910.325125,3164.704,performance,,32861568.0,31919752.0,29161044.0,0.0,0.0,16.47,15.39,15.75,,,
12,142,disabled,Disabled,1500,write-heavy,1,257151.6096040229,2263.0,30979.0,5641.722925185185,7550.924102067161,1.3384074691720718,0,100,900,1790581192.726257,2300.0,2300.0,performance,,32861568.0,31938156.0,29179020.0,0.0,0.0,16.28,15.41,15.75,,,
12,143,global_mutex,GlobalMutex,2000,read-heavy,1,251338.8065254436,2334.0,46787.0,7668.018825555556,11647.731774733717,1.519001457836122,0,100,900,1790581200.9389687,2300.0,2300.0,performance,,32861568.0,31918260.0,29159088.0,0.0,0.0,16.03,15.38,15.74,,,
12,144,hdr_histogram,HdrHistogram,100,mixed,1,276592.15356002987,340.0,807.0,354.5761777777778,146.9351375289934,0.4143965295409144,0,100,900,1790581211.456063,2572.568125,3076.473,performance,,32861568.0,31956428.0,29196912.0,0.0,0.0,17.24,15.65,15.82,,,
13,1,global_mutex,GlobalMutex,250,read-heavy,1,294071.45323860884,809.0,1826.0,832.5472355555555,367.2983728921519,0.44117421475437985,0,100,900,1790581214.1397717,2891.7105,3007.458,performance,,32861568.0,31954576.0,29194996.0,0.0,0.0,15.86,15.39,15.74,,,
13,2,global_mutex,GlobalMutex,100,write-heavy,1,269834.84272748145,345.0,841.0,363.60165555555557,162.9838426104564,0.4482483512387465,0,100,900,1790581217.5029795,2300.0,2300.0,performance,,32861568.0,31952724.0,29193188.0,0.0,0.0,15.86,15.39,15.74,,,
13,3,disabled,Disabled,1000,write-heavy,1,269039.50228811277,2113.0,14976.0,3615.718357777778,3563.9704822773583,0.9856880789984362,0,100,900,1790581220.1944501,2300.0,2300.0,performance,,32861568.0,31950748.0,29191180.0,0.0,0.0,14.59,15.13,15.65,,,
13,4,sharded_n,Sharded-N,3000,write-heavy,1,226037.75818430397,2657.0,85523.0,12779.658696666667,21296.958132375905,1.6664731537729418,0,100,900,1790581226.2768729,2387.660625,3001.285,performance,,32861568.0,31925856.0,29166344.0,0.0,0.0,16.15,15.45,15.75,,,
13,5,hdr_histogram,HdrHistogram,250,mixed,1,297185.50821071654,804.0,1766.0,825.5254311111111,362.31864704541977,0.43889459172415696,0,100,900,1790581241.9319081,2565.447,3037.467,performance,,32861568.0,31958612.0,29198356.0,0.0,0.0,18.19,15.94,15.91,,,
13,6,disabled,Disabled,2000,mixed,1,251248.3364674909,2321.0,43774.0,7699.381542222222,11592.168388241975,1.505597342419298,0,100,900,1790581245.1124918,2656.83275,3056.767,performance,,32861568.0,31956004.0,29196004.0,0.0,0.0,16.74,15.68,15.82,,,
13,7,disabled,Disabled,500,write-heavy,1,281193.1993252278,1618.0,4513.0,1742.8120066666668,895.3018478935626,0.5137110855725241,0,100,900,1790581255.4876783,2655.393,3036.827,performance,,32861568.0,31928884.0,29168420.0,0.0,0.0,15.34,15.42,15.74,,,
13,8,disabled,Disabled,1000,mixed,1,271724.1461443913,2062.0,16016.0,3580.1099022222224,3671.6504851561335,1.0255692102851621,0,100,900,1790581259.6112878,2383.73275,2969.862,performance,,32861568.0,31939636.0,29179320.0,0.0,0.0,14.11,15.17,15.65,,,
13,9,sharded_2key,Sharded-2key,1000,read-heavy,1,271883.37400508724,2073.0,15699.0,3572.556397777778,3627.1028387222495,1.0152681819042524,0,100,900,1790581265.6527932,2474.59375,2999.347,performance,,32861568.0,31918196.0,29157724.0,0.0,0.0,12.98,14.92,15.57,,,
13,10,thread_local,ThreadLocal,500,read-heavy,1,292618.80400986783,1546.0,4483.0,1670.6942533333333,863.1026061723262,0.5166131411838416,0,100,900,1790581271.8626473,2475.260125,3003.905,performance,,32861568.0,31911988.0,29151400.0,0.0,0.0,12.58,14.8,15.53,,,
13,11,thread_local,ThreadLocal,750,mixed,1,274590.37619595474,1963.0,9529.0,2663.3783614814815,2031.4643168578416,0.7627396641188663,0,100,900,1790581276.094961,2730.3305,3081.512,performance,,32861568.0,31943148.0,29182740.0,0.0,0.0,13.42,14.94,15.57,,,
13,12,global_mutex,GlobalMutex,1500,mixed,1,252773.51006113747,2284.0,29488.0,5748.332383703703,7684.787607019814,1.3368725212908503,0,100,900,1790581281.1783404,2300.0,2300.0,performance,,32861568.0,31909756.0,29149092.0,0.0,0.0,14.58,15.15,15.64,,,
13,13,thread_local,ThreadLocal,100,mixed,1,275350.7537985409,344.0,758.0,356.21773333333334,144.47692829577468,0.405586007590979,0,100,900,1790581289.494938,2300.0,2300.0,performance,,32861568.0,31935832.0,29174760.0,0.0,0.0,16.03,15.47,15.74,,,
13,14,global_mutex,GlobalMutex,3000,mixed,1,229604.24237295915,2610.0,87612.0,12578.22296111111,21262.866473747625,1.6904507528199633,0,100,900,1790581292.1780539,2300.0,2300.0,performance,,32861568.0,31944832.0,29183700.0,0.0,0.0,16.03,15.47,15.74,,,
13,15,disabled,Disabled,500,read-heavy,1,291461.32606335694,1580.0,4274.0,1683.9853866666667,842.6709461893205,0.5004027664737221,0,100,900,1790581307.6680386,2580.09625,3056.981,performance,,32861568.0,31937864.0,29176232.0,0.0,0.0,19.6,16.24,15.98,,,
13,16,global_mutex,GlobalMutex,750,read-heavy,1,282043.23696749384,1962.0,9010.0,2608.4144207407408,1920.3702981666697,0.7362213162513189,0,100,900,1790581311.9081507,2471.46825,2999.181,performance,,32861568.0,31940608.0,29179072.0,0.0,0.0,18.91,16.16,15.95,,,
13,17,disabled,Disabled,500,mixed,1,295761.094808723,1526.0,4538.0,1661.6377866666667,870.4400819388884,0.5238446603245809,0,100,900,1790581317.0862844,2300.0,2300.0,performance,,32861568.0,31919540.0,29158160.0,0.0,0.0,19.8,16.39,16.03,,,
13,18,hdr_histogram,HdrHistogram,3000,read-heavy,1,234439.7830790093,2536.0,88882.0,12315.252204074073,21031.704586554286,1.707777010006882,0,100,900,1790581321.13036,2300.0,2300.0,performance,,32861568.0,31935832.0,29174508.0,0.0,0.0,20.22,16.53,16.08,,,
13,19,disabled,Disabled,1500,mixed,1,260368.2914033524,2229.0,31273.0,5566.260757777778,7488.82659827924,1.3453962945977775,0,100,900,1790581336.5069604,2300.0,2300.0,performance,,32861568.0,31943500.0,29181312.0,0.0,0.0,25.27,17.73,16.48,,,
13,20,sharded_n,Sharded-N,1000,mixed,1,266731.71055758157,2124.0,15332.0,3624.5250822222224,3556.9204323762815,0.981347997789412,0,100,900,1790581344.636127,2478.01825,3016.43,performance,,32861568.0,31918000.0,29155696.0,0.0,0.0,22.86,17.48,16.41,,,
13,21,sharded_n,Sharded-N,500,read-heavy,1,285880.80393135507,1573.0,4616.0,1714.076128888889,904.5541078639661,0.5277210811227637,0,100,900,1790581350.7401645,2300.0,2300.0,performance,,32861568.0,31909964.0,29147632.0,0.0,0.0,21.03,17.19,16.32,,,
13,22,sharded_2key,Sharded-2key,3000,read-heavy,1,237575.99439022894,2469.0,81065.0,12139.035578148148,20368.65879565336,1.6779470382572736,0,100,900,1790581355.0019114,2300.0,2300.0,performance,,32861568.0,31931332.0,29169060.0,0.0,0.0,19.34,16.9,16.23,,,
13,23,hdr_histogram,HdrHistogram,2000,read-heavy,1,251975.37209343532,2304.0,46372.0,7654.060883333334,11741.098871114382,1.5339698821419812,0,100,900,1790581370.2291217,2300.0,2300.0,performance,,32861568.0,31955388.0,29192388.0,0.0,0.0,17.99,16.75,16.19,,,
13,24,global_mutex,GlobalMutex,100,mixed,1,277530.06163998175,338.0,783.0,353.30016666666666,143.79189167781448,0.4069963879000373,0,100,900,1790581380.721592,2387.161,2997.288,performance,,32861568.0,31920860.0,29157576.0,0.0,0.0,16.18,16.41,16.09,,,
13,25,global_mutex,GlobalMutex,500,mixed,1,290380.4990027811,1597.0,4208.0,1686.7191266666666,844.251371733089,0.5005287237131876,0,100,900,1790581383.4018807,2718.344375,3019.865,performance,,32861568.0,31929372.0,29166060.0,0.0,0.0,16.18,16.41,16.09,,,
13,26,sharded_2key,Sharded-2key,100,read-heavy,1,282200.67498826917,335.0,706.0,347.38915555555553,138.7438692169879,0.3993903292551098,0,100,900,1790581387.4746778,2387.001,2996.008,performance,,32861568.0,31928812.0,29165580.0,0.0,0.0,15.52,16.27,16.04,,,
13,27,disabled,Disabled,2000,write-heavy,1,257154.2559093499,2293.0,43234.0,7487.960043888889,11208.244141027313,1.4968354632413725,0,100,900,1790581390.321854,2388.519625,3008.157,performance,,32861568.0,31934304.0,29171080.0,0.0,0.0,14.28,16.0,15.96,,,
13,28,disabled,Disabled,1500,read-heavy,1,267886.8221657357,2140.0,28716.0,5410.6605992592595,7133.510115159799,1.318417591400282,0,100,900,1790581400.5400865,2300.0,2300.0,performance,,32861568.0,31945920.0,29182232.0,0.0,0.0,13.19,15.72,15.87,,,
13,29,sharded_n,Sharded-N,250,read-heavy,1,306490.2840237017,787.0,1645.0,802.5214177777777,322.51602501012275,0.4018784020782721,0,100,900,1790581408.6994665,2387.578875,3000.631,performance,,32861568.0,31918836.0,29155128.0,0.0,0.0,13.25,15.69,15.86,,,
13,30,global_mutex,GlobalMutex,2000,read-heavy,1,250013.63598677554,2323.0,45766.0,7705.365765,11780.343049526506,1.5288492991515383,0,100,900,1790581412.0379097,2386.178375,2989.427,performance,,32861568.0,31945708.0,29182144.0,0.0,0.0,12.19,15.43,15.77,,,
13,31,global_mutex,GlobalMutex,750,write-heavy,1,269779.6350374175,2012.0,9545.0,2713.087306666667,2046.071261111706,0.7541486984528836,0,100,900,1790581422.6110625,2300.0,2300.0,performance,,32861568.0,31939968.0,29175968.0,0.0,0.0,12.34,15.35,15.74,,,
13,32,global_mutex,GlobalMutex,1000,write-heavy,1,258890.44985862853,2235.0,15595.0,3766.1449144444446,3666.1001959699365,0.9734357756413454,0,100,900,1790581427.7470489,2300.0,2300.0,performance,,32861568.0,31908840.0,29144828.0,0.0,0.0,12.88,15.41,15.76,,,
13,33,thread_local,ThreadLocal,3000,read-heavy,1,238527.44515627637,2493.0,80746.0,12111.011568148147,20225.708188518165,1.6700263289081152,0,100,900,1790581433.9737332,2965.978125,3051.594,performance,,32861568.0,31923444.0,29159276.0,0.0,0.0,12.37,15.23,15.7,,,
13,34,hdr_histogram,HdrHistogram,1000,write-heavy,1,284363.96123688115,2050.0,14467.0,3410.518177777778,3335.217655567687,0.9779210904956516,0,100,900,1790581449.1471376,2300.0,2300.0,performance,,32861568.0,31957876.0,29193100.0,0.0,0.0,11.75,14.97,15.61,,,
13,35,sharded_2key,Sharded-2key,500,read-heavy,1,286942.0325138685,1578.0,4569.0,1706.4302866666667,888.1505721072097,0.5204728133618157,0,100,900,1790581455.062284,2300.0,2300.0,performance,,32861568.0,31916148.0,29151440.0,0.0,0.0,10.8,14.72,15.52,,,
13,36,sharded_n,Sharded-N,1000,write-heavy,1,262476.0857819514,2182.0,16189.0,3704.6024744444444,3677.1202504784274,0.992581599738272,0,100,900,1790581459.3271039,2300.0,2300.0,performance,,32861568.0,31931940.0,29167440.0,0.0,0.0,9.94,14.48,15.44,,,
13,37,disabled,Disabled,750,write-heavy,1,276412.36417124065,1975.0,9168.0,2648.1475881481483,1985.9117081796066,0.7499248595764091,0,100,900,1790581465.4975,2387.962,3003.696,performance,,32861568.0,31909196.0,29144312.0,0.0,0.0,9.14,14.24,15.35,,,
13,38,thread_local,ThreadLocal,3000,mixed,1,231579.07752940527,2592.0,86083.0,12477.588991851851,20829.121837360508,1.6693226432576356,0,100,900,1790581470.5624452,2466.820375,3000.099,performance,,32861568.0,31926076.0,29161320.0,0.0,0.0,8.41,14.0,15.27,,,
13,39,global_mutex,GlobalMutex,2000,mixed,1,246195.59527061807,2391.0,47595.0,7855.2168972222225,11884.179185986579,1.5129027424041068,0,100,900,1790581485.937725,2387.66725,3001.338,performance,,32861568.0,31948224.0,29182516.0,0.0,0.0,10.7,14.22,15.32,,,
13,40,thread_local,ThreadLocal,1500,write-heavy,1,251199.4761028384,2310.0,29758.0,5785.994974074074,7659.377209807004,1.3237787526825022,0,100,900,1790581496.4497979,2657.76725,3039.831,performance,,32861568.0,31932804.0,29166960.0,0.0,0.0,16.91,15.39,15.69,,,
13,41,global_mutex,GlobalMutex,1500,read-heavy,1,257982.61049065946,2231.0,30276.0,5622.330478518518,7574.969798958458,1.3473007017108785,0,100,900,1790581504.7903888,2300.0,2300.0,performance,,32861568.0,31944336.0,29178440.0,0.0,0.0,15.71,15.19,15.62,,,
13,42,hdr_histogram,HdrHistogram,750,write-heavy,1,268314.33632520656,2049.0,9437.0,2733.104977777778,2032.2163286576713,0.743555898943193,0,100,900,1790581513.1661496,2546.148,2972.607,performance,,32861568.0,31939336.0,29173288.0,0.0,0.0,16.05,15.27,15.65,,,
13,43,sharded_n,Sharded-N,250,write-heavy,1,295237.86016002594,815.0,1696.0,830.0540044444444,348.7333422400851,0.42013331707675156,0,100,900,1790581518.3171344,2300.0,2300.0,performance,,32861568.0,31915376.0,29149324.0,0.0,0.0,15.73,15.22,15.63,,,
13,44,sharded_2key,Sharded-2key,3000,mixed,1,231612.69320959947,2568.0,84183.0,12479.565756296297,20871.563822679433,1.6724591408278076,0,100,900,1790581521.4988878,2300.0,2300.0,performance,,32861568.0,31933844.0,29167812.0,0.0,0.0,16.23,15.33,15.66,,,
13,45,hdr_histogram,HdrHistogram,500,mixed,1,295633.9341847779,1536.0,4288.0,1654.2696066666667,847.7285716040659,0.5124488585099672,0,100,900,1790581536.8616576,2387.005875,2996.047,performance,,32861568.0,31935808.0,29169060.0,0.0,0.0,18.13,15.78,15.8,,,
13,46,hdr_histogram,HdrHistogram,100,write-heavy,1,276172.0037903687,341.0,785.0,355.4282888888889,147.91587159530044,0.4161623489725678,0,100,900,1790581540.9116664,2387.579375,3000.635,performance,,32861568.0,31920008.0,29153460.0,0.0,0.0,18.36,15.86,15.83,,,
13,47,sharded_n,Sharded-N,100,mixed,1,277447.1318710071,340.0,773.0,353.9459,144.6746974097855,0.40874805276678017,0,100,900,1790581543.5954113,2300.0,2300.0,performance,,32861568.0,31947864.0,29181276.0,0.0,0.0,18.36,15.86,15.83,,,
13,48,sharded_2key,Sharded-2key,100,mixed,1,272944.51753982867,342.0,848.0,359.7864,157.19612210280363,0.4369151310410944,0,100,900,1790581546.2777812,2386.704125,2993.633,performance,,32861568.0,31951256.0,29184640.0,0.0,0.0,16.89,15.6,15.74,,,
13,49,disabled,Disabled,2000,read-heavy,1,256202.46923695432,2244.0,43965.0,7518.788809444444,11231.403155016167,1.4937782453615749,0,100,900,1790581548.961462,2300.0,2300.0,performance,,32861568.0,31962304.0,29195620.0,0.0,0.0,15.54,15.34,15.66,,,
13,50,disabled,Disabled,3000,write-heavy,1,230988.9951601822,2575.0,73915.0,12491.244030740741,20999.280340905978,1.6811200140856348,0,100,900,1790581559.304681,2475.605625,3004.844,performance,,32861568.0,31933940.0,29166736.0,0.0,0.0,13.96,15.01,15.55,,,
13,51,sharded_2key,Sharded-2key,250,read-heavy,1,308498.95916907274,773.0,1681.0,796.1131288888889,350.7270443703877,0.440549253169442,0,100,900,1790581574.7050354,2300.0,2300.0,performance,,32861568.0,31945308.0,29177804.0,0.0,0.0,14.9,15.19,15.6,,,
13,52,disabled,Disabled,100,write-heavy,1,277267.1449748785,340.0,787.0,354.46402222222224,146.17642008696706,0.41238718437643146,0,100,900,1790581578.0304527,2300.0,2300.0,performance,,32861568.0,31948384.0,29180996.0,0.0,0.0,14.9,15.19,15.6,,,
13,53,sharded_n,Sharded-N,750,write-heavy,1,267472.8643806072,2051.0,9477.0,2742.3682637037036,2047.9299003160113,0.7467742124284144,0,100,900,1790581580.7105556,2387.55925,3000.474,performance,,32861568.0,31950344.0,29182924.0,0.0,0.0,13.7,14.94,15.52,,,
13,54,hdr_histogram,HdrHistogram,250,read-heavy,1,296491.065791888,799.0,1923.0,828.5004266666666,377.2586176677086,0.4553511447007285,0,100,900,1790581585.8706548,2573.148375,3053.394,performance,,32861568.0,31915324.0,29147964.0,0.0,0.0,15.01,15.19,15.59,,,
13,55,disabled,Disabled,3000,read-heavy,1,238039.84439721526,2469.0,83447.0,12114.528766666666,20556.792021545767,1.69687095697095,0,100,900,1790581589.2239137,2300.0,2300.0,performance,,32861568.0,31937280.0,29169932.0,0.0,0.0,13.81,14.93,15.51,,,
13,56,hdr_histogram,HdrHistogram,100,mixed,1,276330.2566957945,336.0,815.0,354.02653333333336,157.12538287849972,0.4438237478956371,0,100,900,1790581604.424919,2388.8585,3010.868,performance,,32861568.0,31951392.0,29183200.0,0.0,0.0,13.54,14.85,15.47,,,
13,57,global_mutex,GlobalMutex,3000,read-heavy,1,232700.46956448487,2558.0,89227.0,12424.435952592592,21144.73185780488,1.7018665425525925,0,100,900,1790581607.1083531,2300.0,2300.0,performance,,32861568.0,31954984.0,29186752.0,0.0,0.0,13.54,14.85,15.47,,,
13,58,sharded_2key,Sharded-2key,500,mixed,1,291741.914280947,1588.0,4230.0,1678.89808,829.8978176350547,0.4943110171613602,0,100,900,1790581622.5669577,3033.721375,3084.597,performance,,32861568.0,31939848.0,29171388.0,0.0,0.0,15.6,15.23,15.59,,,
13,59,global_mutex,GlobalMutex,500,write-heavy,1,286937.06135158293,1605.0,4349.0,1706.6979888888889,849.3000566620397,0.4976276190581084,0,100,900,1790581626.6291065,2803.115,3098.822,performance,,32861568.0,31928796.0,29160496.0,0.0,0.0,14.91,15.1,15.54,,,
13,60,hdr_histogram,HdrHistogram,3000,write-heavy,1,230549.2052878467,2562.0,80948.0,12526.083037407407,21208.725176012213,1.69316498323341,0,100,900,1790581630.724373,2386.845125,2994.761,performance,,32861568.0,31925548.0,29157332.0,0.0,0.0,13.71,14.85,15.46,,,
13,61,thread_local,ThreadLocal,750,write-heavy,1,272092.1469925461,1985.0,9509.0,2690.635925925926,2057.108656314871,0.7645436666080938,0,100,900,1790581646.186073,2300.0,2300.0,performance,,32861568.0,31949556.0,29180512.0,0.0,0.0,14.29,14.92,15.47,,,
13,62,sharded_n,Sharded-N,750,read-heavy,1,277147.8277225732,1987.0,9115.0,2633.7031377777776,1952.3475660312956,0.7412937084771882,0,100,900,1790581651.2960215,2387.81975,3002.558,performance,,32861568.0,31928520.0,29159652.0,0.0,0.0,14.19,14.89,15.46,,,
13,63,sharded_n,Sharded-N,1500,mixed,1,255530.33229946715,2266.0,30548.0,5677.8232896296295,7549.084961649921,1.3295737779367127,0,100,900,1790581656.530931,2300.0,2300.0,performance,,32861568.0,31944856.0,29175924.0,0.0,0.0,14.73,14.99,15.49,,,
13,64,sharded_2key,Sharded-2key,1500,mixed,1,259071.78077457982,2231.0,29964.0,5596.85332962963,7414.759586511018,1.3248086290304284,0,100,900,1790581664.7869685,2650.63625,3020.481,performance,,32861568.0,31942036.0,29172672.0,0.0,0.0,14.53,14.95,15.47,,,
13,65,sharded_2key,Sharded-2key,750,read-heavy,1,279351.9762865648,1950.0,9156.0,2607.816402962963,1957.7365944231024,0.7507187209186776,0,100,900,1790581672.9694898,2387.955125,3003.641,performance,,32861568.0,31929968.0,29160408.0,0.0,0.0,15.05,15.05,15.5,,,
13,66,global_mutex,GlobalMutex,750,mixed,1,272126.9695384445,2019.0,9442.0,2691.8463585185186,2021.5610179591433,0.7509942057286387,0,100,900,1790581678.1745095,2387.36275,2998.902,performance,,32861568.0,31931856.0,29162416.0,0.0,0.0,15.44,15.13,15.53,,,
13,67,sharded_2key,Sharded-2key,2000,write-heavy,1,242324.87701867096,2440.0,49569.0,7965.29206,11914.652272196392,1.4958211428340762,0,100,900,1790581683.2657397,2387.729875,3001.839,performance,,32861568.0,31923932.0,29154200.0,0.0,0.0,15.49,15.15,15.53,,,
13,68,disabled,Disabled,250,write-heavy,1,301246.1686407703,785.0,1771.0,813.3909866666667,355.78275313572766,0.43740680554348205,0,100,900,1790581693.9060426,2464.175875,2974.513,performance,,32861568.0,31942608.0,29172544.0,0.0,0.0,13.83,14.81,15.41,,,
13,69,hdr_histogram,HdrHistogram,500,read-heavy,1,283988.0765422511,1603.0,4531.0,1725.9503066666666,884.5776629134017,0.5125162987002734,0,100,900,1790581697.0688713,2479.7265,3042.858,performance,,32861568.0,31942456.0,29172500.0,0.0,0.0,13.83,14.81,15.41,,,
13,70,global_mutex,GlobalMutex,1500,write-heavy,1,252793.83921744593,2308.0,29879.0,5733.9683748148145,7627.738265021926,1.330272119833286,0,100,900,1790581701.3567355,2387.458625,2999.669,performance,,32861568.0,31945252.0,29175324.0,0.0,0.0,15.44,15.13,15.51,,,
13,71,hdr_histogram,HdrHistogram,2000,mixed,1,240941.3843315079,2433.0,46681.0,8013.808787777778,12277.640269979318,1.532060546378958,0,100,900,1790581709.6831741,2565.373125,3074.809,performance,,32861568.0,31920500.0,29150004.0,0.0,0.0,14.76,15.01,15.47,,,
13,72,sharded_n,Sharded-N,2000,mixed,1,243189.16497285763,2421.0,47733.0,7945.367947777778,11966.654283720414,1.506117068759206,0,100,900,1790581720.3573968,2475.043625,3001.749,performance,,32861568.0,31961564.0,29190960.0,0.0,0.0,13.52,14.74,15.38,,,
13,73,disabled,Disabled,100,read-heavy,1,285912.1232887385,329.0,734.0,342.4853,140.49962517532344,0.4102354909110652,0,100,900,1790581730.966999,2388.652,3009.216,performance,,32861568.0,31921876.0,29151024.0,0.0,0.0,17.11,15.5,15.62,,,
13,74,hdr_histogram,HdrHistogram,3000,mixed,1,230741.63477968535,2569.0,82834.0,12517.876086296295,21088.169131244213,1.684644342687661,0,100,900,1790581733.8150432,2300.0,2300.0,performance,,32861568.0,31944452.0,29173728.0,0.0,0.0,17.11,15.5,15.62,,,
13,75,hdr_histogram,HdrHistogram,500,write-heavy,1,280962.15023825003,1616.0,4549.0,1742.2749866666666,903.6236849999586,0.518645846330365,0,100,900,1790581749.246838,2830.799625,3072.428,performance,,32861568.0,31939808.0,29168392.0,0.0,0.0,14.02,14.9,15.42,,,
13,76,thread_local,ThreadLocal,100,write-heavy,1,275086.0985102575,341.0,840.0,356.7705555555556,151.4865895113047,0.4246050778361263,0,100,900,1790581753.3710656,2300.0,2300.0,performance,,32861568.0,31915372.0,29144288.0,0.0,0.0,14.02,14.9,15.42,,,
13,77,thread_local,ThreadLocal,250,write-heavy,1,293303.462717738,811.0,1796.0,835.2511422222223,362.6595637151569,0.434192239175256,0,100,900,1790581756.0548987,2300.0,2300.0,performance,,32861568.0,31937248.0,29166132.0,0.0,0.0,14.1,14.9,15.42,,,
13,78,sharded_n,Sharded-N,2000,write-heavy,1,242365.85679943717,2419.0,48785.0,7960.226538888889,12042.772147567182,1.5128680181064478,0,100,900,1790581759.2463455,2389.0515,3012.412,performance,,32861568.0,31936656.0,29165512.0,0.0,0.0,12.97,14.65,15.33,,,
13,79,sharded_n,Sharded-N,2000,read-heavy,1,249315.47316935225,2335.0,45021.0,7727.817378333333,11708.184108036035,1.5150699783437627,0,100,900,1790581769.8865864,2387.683625,3001.469,performance,,32861568.0,31956600.0,29184944.0,0.0,0.0,12.45,14.5,15.28,,,
13,80,sharded_n,Sharded-N,1500,read-heavy,1,261312.8863414605,2202.0,29098.0,5559.040027407407,7308.661263886764,1.3147344195856303,0,100,900,1790581780.4840646,2678.30475,3116.14,performance,,32861568.0,31942416.0,29170520.0,0.0,0.0,13.7,14.72,15.34,,,
13,81,sharded_n,Sharded-N,3000,read-heavy,1,233657.22391166183,2540.0,86599.0,12388.193795185185,21008.308587901538,1.6958330597045277,0,100,900,1790581788.7886982,2663.626625,3109.498,performance,,32861568.0,31923948.0,29151992.0,0.0,0.0,13.25,14.61,15.3,,,
13,82,sharded_2key,Sharded-2key,1500,write-heavy,1,253129.29739190242,2303.0,29809.0,5735.250417777777,7702.488890280015,1.3430082959245009,0,100,900,1790581804.2003596,2387.700625,3001.605,performance,,32861568.0,31941000.0,29168480.0,0.0,0.0,12.71,14.42,15.23,,,
13,83,disabled,Disabled,750,read-heavy,1,280768.27230474027,1945.0,9279.0,2609.4477466666667,1981.961829590088,0.759533059101055,0,100,900,1790581812.4999216,2300.0,2300.0,performance,,32861568.0,31922168.0,29149564.0,0.0,0.0,13.06,14.46,15.24,,,
13,84,sharded_2key,Sharded-2key,2000,read-heavy,1,256672.4530248536,2255.0,43499.0,7524.660380555556,11505.0775234692,1.5289829628988203,0,100,900,1790581817.7052338,2300.0,2300.0,performance,,32861568.0,31941504.0,29168844.0,0.0,0.0,13.05,14.44,15.22,,,
13,85,hdr_histogram,HdrHistogram,100,read-heavy,1,277451.8737297656,339.0,792.0,353.8167555555556,147.20335996926488,0.41604406139027894,0,100,900,1790581828.0747976,2731.776,3009.235,performance,,32861568.0,31947460.0,29174312.0,0.0,0.0,13.65,14.52,15.24,,,
13,86,disabled,Disabled,1000,read-heavy,1,275224.45863446844,1987.0,14832.0,3531.0297277777777,3467.7707105679206,0.9820848245167088,0,100,900,1790581830.9352527,2300.0,2300.0,performance,,32861568.0,31979728.0,29206516.0,0.0,0.0,13.92,14.56,15.25,,,
13,87,sharded_2key,Sharded-2key,1500,read-heavy,1,262709.71038340346,2174.0,29124.0,5500.997329629629,7332.961165927844,1.333023945754498,0,100,900,1790581837.1093872,2300.0,2300.0,performance,,32861568.0,31908540.0,29135484.0,0.0,0.0,13.85,14.54,15.24,,,
13,88,sharded_2key,Sharded-2key,1000,write-heavy,1,265960.94469793286,2160.0,15368.0,3657.10556,3627.4206927372416,0.9918829613267279,0,100,900,1790581845.3734987,2744.431875,3106.767,performance,,32861568.0,31925044.0,29151640.0,0.0,0.0,15.55,14.91,15.36,,,
13,89,disabled,Disabled,750,mixed,1,287811.7348381124,1871.0,8962.0,2540.5695066666667,1944.454782176183,0.7653617730488267,0,100,900,1790581851.4946957,2387.767875,3002.143,performance,,32861568.0,31918316.0,29144944.0,0.0,0.0,16.23,15.06,15.4,,,
13,90,global_mutex,GlobalMutex,500,read-heavy,1,285769.3227085493,1575.0,4607.0,1716.2902955555555,903.0545804821666,0.5261665714830904,0,100,900,1790581856.4722614,2300.0,2300.0,performance,,32861568.0,31925252.0,29151772.0,0.0,0.0,16.29,15.09,15.41,,,
13,91,thread_local,ThreadLocal,750,read-heavy,1,287508.7101455889,1839.0,8807.0,2545.0953837037036,1942.6145531018271,0.7632777009224986,0,100,900,1790581860.7375515,2648.41375,3001.607,performance,,32861568.0,31922344.0,29148916.0,0.0,0.0,14.98,14.84,15.33,,,
13,92,sharded_n,Sharded-N,100,read-heavy,1,281386.45308442734,332.0,796.0,347.3790333333333,147.47157409333923,0.4245264104694264,0,100,900,1790581865.8842657,2666.73075,3106.263,performance,,32861568.0,31930028.0,29156412.0,0.0,0.0,14.82,14.81,15.32,,,
13,93,thread_local,ThreadLocal,500,mixed,1,284429.1181169575,1606.0,4554.0,1722.8975755555555,884.0716256513169,0.5131306922677887,0,100,900,1790581868.7367406,2562.9945,3002.958,performance,,32861568.0,31951644.0,29177992.0,0.0,0.0,14.82,14.81,15.32,,,
13,94,global_mutex,GlobalMutex,250,mixed,1,301972.92034618434,796.0,1645.0,812.7864444444444,335.6430042827078,0.4129534966741804,0,100,900,1790581872.8389719,2300.0,2300.0,performance,,32861568.0,31927340.0,29153776.0,0.0,0.0,13.64,14.56,15.23,,,
13,95,disabled,Disabled,250,read-heavy,1,307281.40112769353,782.0,1674.0,798.8624533333333,335.2712293982859,0.4196858019792184,0,100,900,1790581875.9964552,2387.813875,3002.511,performance,,32861568.0,31916924.0,29143412.0,0.0,0.0,13.83,14.59,15.24,,,
13,96,hdr_histogram,HdrHistogram,1500,write-heavy,1,249380.927641256,2326.0,31096.0,5818.745500740741,7796.171705651612,1.3398372045416216,0,100,900,1790581879.3245633,2473.872375,2997.398,performance,,32861568.0,31924672.0,29151140.0,0.0,0.0,12.72,14.35,15.16,,,
13,97,disabled,Disabled,250,mixed,1,298755.39696645364,798.0,1712.0,820.1643422222222,349.92892827844634,0.4266570859814747,0,100,900,1790581887.7179651,2461.542625,2983.906,performance,,32861568.0,31934384.0,29160188.0,0.0,0.0,13.06,14.39,15.17,,,
13,98,thread_local,ThreadLocal,1500,read-heavy,1,265197.69537898764,2135.0,29131.0,5472.14015037037,7454.267448257217,1.3622215885228546,0,100,900,1790581890.8894868,2558.856875,3001.1,performance,,32861568.0,31942972.0,29168888.0,0.0,0.0,16.42,15.06,15.38,,,
13,99,disabled,Disabled,3000,mixed,1,234899.52401017502,2509.0,79810.0,12277.130046296295,20808.765477034023,1.6949209952623667,0,100,900,1790581899.1137154,2475.18875,3002.6,performance,,32861568.0,31914112.0,29139580.0,0.0,0.0,14.48,14.7,15.26,,,
13,100,thread_local,ThreadLocal,250,read-heavy,1,302524.45118246024,789.0,1706.0,810.6707688888889,339.463342965586,0.41874378106769145,0,100,900,1790581914.2823915,2463.00475,2972.665,performance,,32861568.0,31947956.0,29173056.0,0.0,0.0,13.16,14.41,15.16,,,
13,101,thread_local,ThreadLocal,1500,mixed,1,259053.4493105801,2201.0,29126.0,5593.746807407408,7490.986953198393,1.339171616290999,0,100,900,1790581917.621166,2388.681625,3009.453,performance,,32861568.0,31927872.0,29153096.0,0.0,0.0,13.16,14.41,15.16,,,
13,102,thread_local,ThreadLocal,2000,read-heavy,1,255074.47252928762,2267.0,44599.0,7552.1672616666665,11437.208002895288,1.5144272639389667,0,100,900,1790581925.7946432,2387.608375,3000.867,performance,,32861568.0,31921508.0,29146432.0,0.0,0.0,12.39,14.22,15.09,,,
13,103,global_mutex,GlobalMutex,3000,write-heavy,1,226404.14972570402,2627.0,83952.0,12755.566633333334,21411.002308383242,1.6785614409657972,0,100,900,1790581936.2254481,2385.744375,2985.955,performance,,32861568.0,31953880.0,29178472.0,0.0,0.0,12.77,14.23,15.08,,,
13,104,hdr_histogram,HdrHistogram,750,read-heavy,1,279749.72333156446,1957.0,9194.0,2619.0651674074074,1972.3125337367355,0.7530597398953278,0,100,900,1790581951.8706973,2734.414375,3006.982,performance,,32861568.0,31944168.0,29168348.0,0.0,0.0,12.84,14.17,15.05,,,
13,105,thread_local,ThreadLocal,2000,mixed,1,245026.97858929922,2379.0,45889.0,7864.253358333333,11864.313738472689,1.5086382899783746,0,100,900,1790581957.0748756,2387.996,3003.968,performance,,32861568.0,31918532.0,29142884.0,0.0,0.0,12.05,13.98,14.98,,,
13,106,sharded_2key,Sharded-2key,2000,mixed,1,248341.8986118443,2351.0,43890.0,7799.807249444444,11872.20632702918,1.522115348154892,0,100,900,1790581967.6265283,2917.5845,3045.426,performance,,32861568.0,31919020.0,29142944.0,0.0,0.0,12.94,14.1,15.01,,,
13,107,thread_local,ThreadLocal,250,mixed,1,296281.01590162073,806.0,1719.0,829.1461866666667,356.2987111486856,0.4297176021288569,0,100,900,1790581978.0956476,2387.907375,3003.259,performance,,32861568.0,31929480.0,29153076.0,0.0,0.0,15.16,14.56,15.15,,,
13,108,hdr_histogram,HdrHistogram,250,write-heavy,1,288961.6640480811,824.0,1893.0,849.7063822222223,383.10108080054533,0.45086289666158297,0,100,900,1790581981.2727153,2386.91825,2995.346,performance,,32861568.0,31942064.0,29165712.0,0.0,0.0,15.07,14.55,15.14,,,
13,109,sharded_n,Sharded-N,500,mixed,1,287553.68833441345,1595.0,4349.0,1706.203791111111,847.2957230194596,0.49659702283728085,0,100,900,1790581984.476793,2386.669625,2993.357,performance,,32861568.0,31952352.0,29176140.0,0.0,0.0,13.86,14.3,15.06,,,
13,110,hdr_histogram,HdrHistogram,1000,read-heavy,1,272019.69024562347,2062.0,15741.0,3564.8295155555556,3599.725120109697,1.0097888564942223,0,100,900,1790581988.5649245,2300.0,2300.0,performance,,32861568.0,31928540.0,29152416.0,0.0,0.0,13.86,14.3,15.06,,,
13,111,hdr_histogram,HdrHistogram,1000,mixed,1,264107.21662055916,2150.0,16049.0,3681.9698388888887,3665.9113215828343,0.995638607047661,0,100,900,1790581994.7844932,2387.416625,2999.333,performance,,32861568.0,31877072.0,29100464.0,0.0,0.0,11.89,13.87,14.91,,,
13,112,thread_local,ThreadLocal,1000,read-heavy,1,276733.65052542306,2013.0,15248.0,3517.6518133333334,3536.8376190536865,1.0054541514449018,0,100,900,1790582000.9368706,2387.71475,3001.718,performance,,32861568.0,31892424.0,29115948.0,0.0,0.0,12.29,13.92,14.92,,,
13,113,sharded_2key,Sharded-2key,500,write-heavy,1,285315.6329297061,1592.0,4586.0,1721.3326977777779,897.9503625273352,0.521659969444942,0,100,900,1790582007.0924575,2387.2285,2997.828,performance,,32861568.0,31896548.0,29119764.0,0.0,0.0,12.43,13.92,14.91,,,
13,114,thread_local,ThreadLocal,100,read-heavy,1,290742.58926537266,325.0,660.0,337.02543333333335,131.70924054763418,0.39079911342289647,0,100,900,1790582011.1917233,2386.7305,2993.844,performance,,32861568.0,31932572.0,29155908.0,0.0,0.0,12.0,13.8,14.87,,,
13,115,sharded_n,Sharded-N,1000,read-heavy,1,274786.7923248308,2044.0,15449.0,3529.7531833333333,3504.007429029514,0.9927060751937601,0,100,900,1790582014.0369525,2478.800625,3024.988,performance,,32861568.0,31951696.0,29175052.0,0.0,0.0,11.04,13.57,14.79,,,
13,116,global_mutex,GlobalMutex,1000,read-heavy,1,275900.18293730234,2072.0,14871.0,3527.338747777778,3488.925955982939,0.9891099793522697,0,100,900,1790582020.2256272,2744.088375,3041.294,performance,,32861568.0,31899940.0,29122912.0,0.0,0.0,10.15,13.35,14.71,,,
13,117,disabled,Disabled,1500,write-heavy,1,259548.1865916138,2211.0,28977.0,5587.231437037037,7351.611217586681,1.315787845990019,0,100,900,1790582026.381893,2641.7665,3008.344,performance,,32861568.0,31901196.0,29124160.0,0.0,0.0,10.38,13.34,14.7,,,
13,118,thread_local,ThreadLocal,500,write-heavy,1,284495.4175713007,1597.0,4581.0,1720.645791111111,876.5065967008443,0.5094055971478233,0,100,900,1790582034.5457733,2477.94225,3021.379,performance,,32861568.0,31921192.0,29143716.0,0.0,0.0,10.26,13.23,14.65,,,
13,119,thread_local,ThreadLocal,2000,write-heavy,1,242246.30313468262,2442.0,45496.0,7963.829806666667,11896.066667682844,1.4937620411883277,0,100,900,1790582038.6520767,2300.0,2300.0,performance,,32861568.0,31913556.0,29136280.0,0.0,0.0,10.26,13.23,14.65,,,
13,120,global_mutex,GlobalMutex,100,read-heavy,1,286715.835097987,330.0,720.0,342.35755555555556,143.9751178617248,0.42054020869523784,0,100,900,1790582049.311894,2475.135375,3001.538,performance,,32861568.0,31914600.0,29136736.0,0.0,0.0,10.2,13.07,14.58,,,
13,121,hdr_histogram,HdrHistogram,1500,read-heavy,1,260343.69259078067,2191.0,29381.0,5568.719503703704,7506.219168787667,1.3479255264689396,0,100,900,1790582052.1599767,2300.0,2300.0,performance,,32861568.0,31944788.0,29166896.0,0.0,0.0,10.2,13.07,14.58,,,
13,122,sharded_2key,Sharded-2key,3000,write-heavy,1,228333.93771311105,2630.0,85410.0,12655.25896,21177.8846905996,1.6734453840523862,0,100,900,1790582060.4500575,2300.0,2300.0,performance,,32861568.0,31909760.0,29131752.0,0.0,0.0,10.4,13.03,14.55,,,
13,123,thread_local,ThreadLocal,1000,mixed,1,268098.4153929663,2144.0,15765.0,3623.9350133333332,3631.068443790081,1.001968421185949,0,100,900,1790582076.014948,2704.792625,2997.576,performance,,32861568.0,31961784.0,29183328.0,0.0,0.0,13.66,13.61,14.71,,,
13,124,global_mutex,GlobalMutex,2000,write-heavy,1,238842.18898681502,2483.0,50314.0,8097.812961111111,12312.450126616284,1.520466104335272,0,100,900,1790582082.0946236,2387.240625,2997.925,performance,,32861568.0,31906744.0,29128472.0,0.0,0.0,13.53,13.58,14.7,,,
13,125,sharded_n,Sharded-N,3000,mixed,1,229193.64880552833,2577.0,86023.0,12601.587217407407,21237.772129820973,1.6853251708232302,0,100,900,1790582092.8467662,2388.318,3006.544,performance,,32861568.0,31928360.0,29149540.0,0.0,0.0,14.2,13.73,14.73,,,
13,126,hdr_histogram,HdrHistogram,750,mixed,1,277525.0129069585,1976.0,9185.0,2637.0468385185186,1964.6767600261403,0.7450291482611234,0,100,900,1790582108.3401165,2300.0,2300.0,performance,,32861568.0,31949136.0,29169908.0,0.0,0.0,23.42,15.89,15.43,,,
13,127,sharded_n,Sharded-N,750,mixed,1,279211.43565921293,1961.0,9189.0,2614.1583155555554,1943.6782711085675,0.7435197247017158,0,100,900,1790582113.4102027,2656.9975,3058.94,performance,,32861568.0,31921184.0,29142124.0,0.0,0.0,26.19,16.59,15.66,,,
13,128,disabled,Disabled,100,mixed,1,281452.4179403663,334.0,796.0,349.0450333333333,148.6512095724619,0.42587974437814735,0,100,900,1790582118.4582438,2820.036125,3015.141,performance,,32861568.0,31926084.0,29146900.0,0.0,0.0,25.85,16.68,15.69,,,
13,129,hdr_histogram,HdrHistogram,2000,write-heavy,1,238572.24603941897,2489.0,50199.0,8084.519408888889,12270.033096759604,1.5177195422734422,0,100,900,1790582121.1352847,2388.02175,3004.174,performance,,32861568.0,31936440.0,29157208.0,0.0,0.0,25.54,16.77,15.73,,,
13,130,sharded_2key,Sharded-2key,750,mixed,1,273484.26612604025,1991.0,9374.0,2678.999585185185,2032.3015678962283,0.7586046594164538,0,100,900,1790582131.9133344,2481.10375,3051.147,performance,,32861568.0,31923528.0,29143952.0,0.0,0.0,22.74,16.46,15.64,,,
13,131,sharded_2key,Sharded-2key,750,write-heavy,1,270838.4612750739,2047.0,9278.0,2705.260522962963,2002.5322836547884,0.7402363900470094,0,100,900,1790582137.0104594,2300.0,2300.0,performance,,32861568.0,31947976.0,29168460.0,0.0,0.0,21.88,16.38,15.62,,,
13,132,sharded_n,Sharded-N,250,mixed,1,294649.5846944224,809.0,1767.0,830.2394222222222,355.855297828376,0.42861768340979556,0,100,900,1790582142.137921,2300.0,2300.0,performance,,32861568.0,31919712.0,29140128.0,0.0,0.0,21.81,16.46,15.65,,,
13,133,sharded_2key,Sharded-2key,100,write-heavy,1,281864.430988153,335.0,735.0,348.2940222222222,138.93914645829656,0.3989133823538583,0,100,900,1790582145.3243306,2300.0,2300.0,performance,,32861568.0,31948040.0,29168476.0,0.0,0.0,20.06,16.19,15.56,,,
13,134,sharded_n,Sharded-N,100,write-heavy,1,266256.67241439875,348.0,885.0,368.2198111111111,169.880145388205,0.46135525645833136,0,100,900,1790582148.0013196,2300.0,2300.0,performance,,32861568.0,31958540.0,29178940.0,0.0,0.0,20.06,16.19,15.56,,,
13,135,hdr_histogram,HdrHistogram,1500,mixed,1,261273.33829658487,2209.0,30517.0,5545.601088148148,7412.5718423658955,1.336657960885028,0,100,900,1790582150.6993177,2300.0,2300.0,performance,,32861568.0,31951272.0,29171636.0,0.0,0.0,18.45,15.92,15.48,,,
13,136,sharded_2key,Sharded-2key,250,write-heavy,1,297129.8508316765,802.0,1715.0,824.00064,344.1385893520621,0.4176435947332057,0,100,900,1790582158.8318017,2386.41125,2991.29,performance,,32861568.0,31922564.0,29142432.0,0.0,0.0,17.94,15.85,15.46,,,
13,137,sharded_n,Sharded-N,1500,write-heavy,1,249303.90181697454,2345.0,30949.0,5822.31652,7625.111363635973,1.3096353208286198,0,100,900,1790582162.0088902,2300.0,2300.0,performance,,32861568.0,31925492.0,29145336.0,0.0,0.0,16.5,15.59,15.38,,,
13,138,global_mutex,GlobalMutex,250,write-heavy,1,290447.02239082684,823.0,1815.0,846.2524133333334,366.053912939712,0.4325587817207509,0,100,900,1790582170.4035728,2387.177875,2997.423,performance,,32861568.0,31921308.0,29140840.0,0.0,0.0,16.84,15.71,15.42,,,
13,139,sharded_n,Sharded-N,500,write-heavy,1,275347.03050930274,1668.0,4456.0,1779.1393177777777,896.6385202935294,0.5039731916067539,0,100,900,1790582173.6001725,2300.0,2300.0,performance,,32861568.0,31942176.0,29161856.0,0.0,0.0,16.84,15.71,15.42,,,
13,140,sharded_2key,Sharded-2key,250,mixed,1,296966.25725653383,810.0,1786.0,828.2854044444445,350.27354014332474,0.4228899100042256,0,100,900,1790582177.7605226,2387.575125,3000.601,performance,,32861568.0,31924420.0,29144216.0,0.0,0.0,22.62,16.93,15.82,,,
13,141,thread_local,ThreadLocal,1000,write-heavy,1,261009.1595735562,2236.0,16114.0,3727.32586,3681.4193963045564,0.9876838072602958,0,100,900,1790582180.9407122,2387.40125,2999.21,performance,,32861568.0,31934424.0,29154236.0,0.0,0.0,23.13,17.13,15.89,,,
13,142,thread_local,ThreadLocal,3000,write-heavy,1,230219.92751761942,2589.0,87623.0,12552.975413333334,21230.06359335812,1.6912375667372284,0,100,900,1790582187.130427,2387.543125,3000.345,performance,,32861568.0,31919472.0,29138712.0,0.0,0.0,23.2,17.24,15.93,,,
13,143,sharded_2key,Sharded-2key,1000,mixed,1,269088.6805408587,2104.0,15721.0,3614.3068533333335,3656.3358902032273,1.0116285192639722,0,100,900,1790582202.579985,2300.0,2300.0,performance,,32861568.0,31955040.0,29173764.0,0.0,0.0,20.64,16.97,15.86,,,
13,144,global_mutex,GlobalMutex,1000,mixed,1,270445.9423710648,2109.0,16146.0,3588.4197788888887,3683.7600615700735,1.0265688767078154,0,100,900,1790582208.661399,2300.0,2300.0,performance,,32861568.0,31928924.0,29147820.0,0.0,0.0,20.19,16.94,15.86,,,
14,1,global_mutex,GlobalMutex,250,write-heavy,1,287541.8410439667,828.0,1976.0,853.6961911111111,383.3808230200293,0.4490834409382191,0,100,900,1790582214.7218533,2478.3035,3028.111,performance,,32861568.0,31934564.0,29153328.0,0.0,0.0,17.08,16.38,15.69,,,
14,2,sharded_n,Sharded-N,1500,mixed,1,253586.1159532253,2313.0,29523.0,5731.302031851852,7590.236135956396,1.3243476078862135,0,100,900,1790582217.9248717,2635.97425,3007.035,performance,,32861568.0,31962032.0,29180780.0,0.0,0.0,17.08,16.38,15.69,,,
14,3,disabled,Disabled,250,mixed,1,301409.64185626234,789.0,1737.0,814.1560577777777,355.06377448832785,0.4361126728670019,0,100,900,1790582226.2121332,2300.0,2300.0,performance,,32861568.0,31925468.0,29143708.0,0.0,0.0,17.07,16.4,15.7,,,
14,4,hdr_histogram,HdrHistogram,500,read-heavy,1,283651.8951076219,1571.0,4823.0,1726.676231111111,931.0629214521231,0.539222643293692,0,100,900,1790582229.3793452,2300.0,2300.0,performance,,32861568.0,31942536.0,29160724.0,0.0,0.0,15.7,16.13,15.62,,,
14,5,global_mutex,GlobalMutex,2000,read-heavy,1,248664.79074519535,2331.0,45103.0,7765.733026666667,11688.819255311653,1.5051791267062031,0,100,900,1790582233.6737309,2551.476125,3004.871,performance,,32861568.0,31926836.0,29145240.0,0.0,0.0,15.7,16.13,15.62,,,
14,6,disabled,Disabled,100,mixed,1,287803.93322512566,327.0,711.0,340.9381,143.23122306017947,0.4201091724866756,0,100,900,1790582244.281841,2566.613,3016.829,performance,,32861568.0,31936620.0,29154504.0,0.0,0.0,13.55,15.63,15.46,,,
14,7,sharded_n,Sharded-N,2000,write-heavy,1,242498.4284906182,2428.0,47857.0,7968.762140555556,12087.71539999148,1.5168874646757577,0,100,900,1790582246.950908,2479.229875,3030.553,performance,,32861568.0,31946600.0,29164544.0,0.0,0.0,13.55,15.63,15.46,,,
14,8,sharded_2key,Sharded-2key,250,read-heavy,1,297102.1178364598,801.0,1865.0,826.6724311111111,372.94491303734765,0.4511398941126912,0,100,900,1790582257.6087687,2387.787,3002.296,performance,,32861568.0,31918320.0,29135968.0,0.0,0.0,13.86,15.63,15.46,,,
14,9,sharded_n,Sharded-N,100,write-heavy,1,276844.79714006773,341.0,767.0,355.1884333333333,150.78690600572415,0.42452651002915776,0,100,900,1790582260.9569035,2384.974875,2979.799,performance,,32861568.0,31942000.0,29159728.0,0.0,0.0,13.31,15.48,15.42,,,
14,10,sharded_2key,Sharded-2key,100,write-heavy,1,273327.2525510832,346.0,748.0,358.72,143.45199376929045,0.39989962580645194,0,100,900,1790582263.640501,2657.53275,3029.36,performance,,32861568.0,31940648.0,29158444.0,0.0,0.0,13.31,15.48,15.42,,,
14,11,thread_local,ThreadLocal,3000,mixed,1,232556.34139963728,2552.0,85643.0,12417.56909851852,20903.57764878844,1.6833872622687758,0,100,900,1790582266.3235114,2567.035375,3032.638,performance,,32861568.0,31957680.0,29175448.0,0.0,0.0,12.4,15.26,15.34,,,
14,12,thread_local,ThreadLocal,500,mixed,1,283965.98574902565,1591.0,4540.0,1726.6459555555555,905.4508532547345,0.5243986761393722,0,100,900,1790582281.6136832,2651.494875,3045.859,performance,,32861568.0,31940552.0,29157716.0,0.0,0.0,13.12,15.28,15.35,,,
14,13,disabled,Disabled,750,read-heavy,1,288345.8010163245,1851.0,9041.0,2530.342922962963,1933.8085237279745,0.7642476069858299,0,100,900,1790582285.7230525,2381.633125,2953.065,performance,,32861568.0,31940872.0,29158100.0,0.0,0.0,12.07,15.03,15.27,,,
14,14,sharded_n,Sharded-N,3000,read-heavy,1,233576.6488221123,2546.0,85496.0,12318.836831111112,20776.562663621655,1.6865685412076108,0,100,900,1790582290.8600533,2300.0,2300.0,performance,,32861568.0,31930500.0,29147696.0,0.0,0.0,11.1,14.78,15.19,,,
14,15,sharded_n,Sharded-N,100,mixed,1,269726.80558660073,344.0,910.0,364.04085555555554,163.65499489038547,0.4495511764486841,0,100,900,1790582306.2987883,2388.445125,3007.561,performance,,32861568.0,31927556.0,29144068.0,0.0,0.0,13.65,15.15,15.3,,,
14,16,sharded_n,Sharded-N,250,write-heavy,1,291720.71635685913,817.0,1787.0,840.8039688888889,362.0449283794379,0.4305937433405261,0,100,900,1790582308.9920194,2300.0,2300.0,performance,,32861568.0,31946940.0,29163420.0,0.0,0.0,12.56,14.9,15.22,,,
14,17,sharded_2key,Sharded-2key,100,read-heavy,1,268730.1599695403,348.0,860.0,365.7854111111111,160.8279197798595,0.43967833296393105,0,100,900,1790582312.1833453,2387.7955,3002.364,performance,,32861568.0,31955080.0,29171604.0,0.0,0.0,12.56,14.9,15.22,,,
14,18,disabled,Disabled,500,read-heavy,1,290268.865736111,1561.0,4568.0,1687.5403177777778,889.7129668852505,0.527224717248155,0,100,900,1790582315.0594652,2387.70475,3001.638,performance,,32861568.0,31959396.0,29175944.0,0.0,0.0,11.55,14.65,15.14,,,
14,19,sharded_n,Sharded-N,1000,read-heavy,1,269547.7453533284,2109.0,15097.0,3603.551051111111,3522.2181013890504,0.9774297773034233,0,100,900,1790582319.2967222,2479.808875,3035.818,performance,,32861568.0,31910972.0,29127648.0,0.0,0.0,10.63,14.41,15.05,,,
14,20,sharded_n,Sharded-N,500,write-heavy,1,276349.76136802003,1651.0,4567.0,1776.0346066666666,900.3652050357279,0.5069525118801427,0,100,900,1790582325.544327,2801.93425,3032.788,performance,,32861568.0,31914328.0,29130776.0,0.0,0.0,9.78,14.17,14.97,,,
14,21,sharded_n,Sharded-N,750,mixed,1,275762.35183399654,1992.0,9174.0,2656.1545585185186,1975.3302236709376,0.7436804523802585,0,100,900,1790582329.7044423,2300.0,2300.0,performance,,32861568.0,31941796.0,29158300.0,0.0,0.0,8.99,13.93,14.89,,,
14,22,sharded_n,Sharded-N,750,read-heavy,1,275949.63190710667,1979.0,9227.0,2654.930002962963,1993.0074667587623,0.7506817371962802,0,100,900,1790582334.779733,2387.854875,3002.839,performance,,32861568.0,31945052.0,29161424.0,0.0,0.0,8.27,13.7,14.81,,,
14,23,sharded_n,Sharded-N,1000,mixed,1,267353.30377989315,2114.0,16008.0,3633.6388677777777,3605.9617793060625,0.9923830932355031,0,100,900,1790582340.0289724,2826.611,3075.907,performance,,32861568.0,31920228.0,29136464.0,0.0,0.0,7.61,13.47,14.73,,,
14,24,hdr_histogram,HdrHistogram,750,read-heavy,1,280972.01881125727,1972.0,9247.0,2613.192594074074,1966.0815383001557,0.7523676374862804,0,100,900,1790582346.135505,2387.956,3003.648,performance,,32861568.0,31932948.0,29148952.0,0.0,0.0,11.01,14.08,14.92,,,
14,25,global_mutex,GlobalMutex,250,mixed,1,297388.9912717679,803.0,1782.0,824.7181822222223,364.98675781488066,0.44255936837892357,0,100,900,1790582351.3367798,2387.89825,3003.186,performance,,32861568.0,31903540.0,29119572.0,0.0,0.0,11.49,14.13,14.93,,,
14,26,hdr_histogram,HdrHistogram,1500,write-heavy,1,259139.98364416687,2228.0,29541.0,5588.97714,7417.805396962895,1.3272205648998048,0,100,900,1790582354.5205455,2804.4515,3034.347,performance,,32861568.0,31920856.0,29136928.0,0.0,0.0,10.57,13.89,14.85,,,
14,27,thread_local,ThreadLocal,250,mixed,1,303496.8559735545,790.0,1697.0,808.30148,342.7156432490943,0.4239948233783938,0,100,900,1790582362.7136447,2387.375,2999.0,performance,,32861568.0,31923884.0,29139460.0,0.0,0.0,14.04,14.56,15.06,,,
14,28,sharded_2key,Sharded-2key,3000,mixed,1,230549.71463190333,2586.0,87770.0,12545.045250370371,21022.464003126235,1.6757583239889535,0,100,900,1790582365.8698797,2638.93025,3005.045,performance,,32861568.0,31938192.0,29153792.0,0.0,0.0,12.92,14.32,14.98,,,
14,29,global_mutex,GlobalMutex,100,mixed,1,284182.6898734672,333.0,700.0,344.57175555555557,135.39647044500384,0.39294129092706137,0,100,900,1790582381.2847135,2475.0655,3003.377,performance,,32861568.0,31957260.0,29172152.0,0.0,0.0,16.57,15.07,15.22,,,
14,30,sharded_2key,Sharded-2key,1000,read-heavy,1,274352.73754118156,2036.0,15644.0,3536.0143377777777,3567.859364975855,1.0090059100886142,0,100,900,1790582383.956213,2300.0,2300.0,performance,,32861568.0,31968700.0,29183564.0,0.0,0.0,16.57,15.07,15.22,,,
14,31,sharded_2key,Sharded-2key,1500,mixed,1,256970.57305765475,2246.0,31406.0,5640.3243088888885,7633.693319618238,1.3534138999042826,0,100,900,1790582390.138626,2644.538,3007.144,performance,,32861568.0,31904452.0,29119364.0,0.0,0.0,14.02,14.57,15.05,,,
14,32,disabled,Disabled,2000,read-heavy,1,258644.9981972228,2224.0,43071.0,7450.302845,11240.711093479087,1.5087589494463143,0,100,900,1790582398.3504732,2660.6585,3060.157,performance,,32861568.0,31926356.0,29141076.0,0.0,0.0,14.74,14.71,15.1,,,
14,33,global_mutex,GlobalMutex,1500,read-heavy,1,260045.11516924293,2234.0,31055.0,5591.635997777777,7386.5812879396135,1.321005389276981,0,100,900,1790582408.63918,2466.496125,3001.115,performance,,32861568.0,31927376.0,29141856.0,0.0,0.0,15.86,14.95,15.17,,,
14,34,global_mutex,GlobalMutex,500,write-heavy,1,279518.57216864615,1632.0,4449.0,1752.9951777777778,898.6892987555647,0.5126593102753468,0,100,900,1790582416.9500976,2300.0,2300.0,performance,,32861568.0,31927372.0,29141532.0,0.0,0.0,14.94,14.77,15.11,,,
14,35,hdr_histogram,HdrHistogram,100,write-heavy,1,276745.79952458024,342.0,693.0,354.14862222222223,141.30215671581564,0.39899112363947287,0,100,900,1790582421.0859249,2718.632125,3003.26,performance,,32861568.0,31932364.0,29146768.0,0.0,0.0,14.86,14.76,15.1,,,
14,36,disabled,Disabled,1500,mixed,1,257024.6710305252,2249.0,29710.0,5644.8812148148145,7419.9493704709075,1.3144562459520817,0,100,900,1790582423.770944,2300.0,2300.0,performance,,32861568.0,31941960.0,29156328.0,0.0,0.0,14.86,14.76,15.1,,,
14,37,sharded_2key,Sharded-2key,3000,read-heavy,1,233819.05008864444,2526.0,85102.0,12368.716075925926,20865.92046357471,1.6869916275455195,0,100,900,1790582431.9711342,2300.0,2300.0,performance,,32861568.0,31931416.0,29145408.0,0.0,0.0,13.54,14.47,15.01,,,
14,38,disabled,Disabled,1000,read-heavy,1,280286.95399651345,2035.0,15097.0,3462.8302344444446,3467.4866995464326,1.0013446992161703,0,100,900,1790582447.4044845,2387.46575,2999.726,performance,,32861568.0,31950928.0,29164476.0,0.0,0.0,14.41,14.63,15.05,,,
14,39,sharded_2key,Sharded-2key,2000,mixed,1,244987.22119433447,2401.0,46033.0,7889.260151666666,11847.071951566759,1.5016708441366298,0,100,900,1790582453.5142958,2300.0,2300.0,performance,,32861568.0,31932852.0,29146512.0,0.0,0.0,16.14,14.98,15.16,,,
14,40,thread_local,ThreadLocal,3000,write-heavy,1,231555.44593686442,2545.0,81377.0,12470.579525185185,20933.49675361669,1.6786306291010828,0,100,900,1790582464.072574,2656.325625,3045.994,performance,,32861568.0,31932984.0,29146080.0,0.0,0.0,14.36,14.66,15.05,,,
14,41,disabled,Disabled,3000,read-heavy,1,239098.76777753525,2491.0,82303.0,12037.910613333333,20595.31982843184,1.7108716362804868,0,100,900,1790582479.4544218,2300.0,2300.0,performance,,32861568.0,31950524.0,29163284.0,0.0,0.0,13.56,14.49,14.99,,,
14,42,disabled,Disabled,750,write-heavy,1,278872.95721195,1972.0,9088.0,2623.7675437037037,1942.4472410658962,0.7403274904162975,0,100,900,1790582494.5907362,2731.14575,3050.928,performance,,32861568.0,31931168.0,29143612.0,0.0,0.0,12.6,14.25,14.91,,,
14,43,sharded_2key,Sharded-2key,500,mixed,1,295738.3652051621,1554.0,4281.0,1656.08312,828.7211779681032,0.5004103767255977,0,100,900,1790582499.637883,2389.7305,3017.844,performance,,32861568.0,31905116.0,29117604.0,0.0,0.0,11.59,14.01,14.83,,,
14,44,global_mutex,GlobalMutex,750,read-heavy,1,278177.4687742525,1926.0,9593.0,2628.4717822222224,2059.240331002086,0.7834363469031104,0,100,900,1790582503.6791158,2300.0,2300.0,performance,,32861568.0,31911332.0,29123896.0,0.0,0.0,11.59,14.01,14.83,,,
14,45,thread_local,ThreadLocal,100,write-heavy,1,277492.6335418037,339.0,756.0,352.68225555555557,144.28182320670615,0.4090986176195032,0,100,900,1790582508.9177446,2386.756125,2994.049,performance,,32861568.0,31935516.0,29147820.0,0.0,0.0,10.82,13.81,14.76,,,
14,46,global_mutex,GlobalMutex,1500,write-heavy,1,253227.77904639477,2280.0,30737.0,5730.216689629629,7633.556722932674,1.3321584743466424,0,100,900,1790582511.596936,2300.0,2300.0,performance,,32861568.0,31946316.0,29158592.0,0.0,0.0,9.95,13.58,14.68,,,
14,47,disabled,Disabled,100,write-heavy,1,284271.6450187018,330.0,792.0,344.4541222222222,151.46846108331872,0.4397347899515044,0,100,900,1790582519.889858,2718.573625,2995.172,performance,,32861568.0,31904640.0,29116668.0,0.0,0.0,8.5,13.15,14.53,,,
14,48,sharded_n,Sharded-N,750,write-heavy,1,269315.6151587586,2054.0,9431.0,2721.423397037037,1996.620840047598,0.7336678453714438,0,100,900,1790582522.5602403,2300.0,2300.0,performance,,32861568.0,31931224.0,29143192.0,0.0,0.0,8.5,13.15,14.53,,,
14,49,hdr_histogram,HdrHistogram,1000,mixed,1,268609.67147859174,2132.0,15607.0,3624.20481,3599.1767201671573,0.9930941844777137,0,100,900,1790582527.7032535,2300.0,2300.0,performance,,32861568.0,31927808.0,29139932.0,0.0,0.0,9.9,13.36,14.59,,,
14,50,global_mutex,GlobalMutex,500,mixed,1,292690.6698538573,1553.0,4441.0,1674.0062777777778,859.9746298992317,0.5137224640763218,0,100,900,1790582533.8083441,2300.0,2300.0,performance,,32861568.0,31903980.0,29115804.0,0.0,0.0,10.15,13.36,14.58,,,
14,51,global_mutex,GlobalMutex,3000,write-heavy,1,226345.56487314944,2654.0,88532.0,12770.151321481482,21342.81867510103,1.6713050721019194,0,100,900,1790582537.8676305,2651.93775,3013.433,performance,,32861568.0,31914648.0,29126464.0,0.0,0.0,9.34,13.13,14.5,,,
14,52,global_mutex,GlobalMutex,250,read-heavy,1,292014.52220664994,818.0,1887.0,839.8690355555556,369.6057741510141,0.4400754861816375,0,100,900,1790582553.5545104,2933.75175,3073.326,performance,,32861568.0,31960772.0,29171932.0,0.0,0.0,12.03,13.52,14.6,,,
14,53,thread_local,ThreadLocal,250,read-heavy,1,304049.1670800091,782.0,1771.0,806.9178711111111,353.95048378291295,0.4386449928237797,0,100,900,1790582556.921619,2387.857125,3002.857,performance,,32861568.0,31952380.0,29163656.0,0.0,0.0,11.15,13.32,14.53,,,
14,54,thread_local,ThreadLocal,100,mixed,1,282162.8647629475,334.0,748.0,347.6428222222222,140.3925692175994,0.40384141493321807,0,100,900,1790582560.2554874,2650.367,3001.851,performance,,32861568.0,31960208.0,29171468.0,0.0,0.0,10.26,13.1,14.45,,,
14,55,disabled,Disabled,3000,write-heavy,1,231929.53376785264,2562.0,86803.0,12455.211154074073,21086.340123111,1.6929733155277502,0,100,900,1790582562.929999,2653.0935,3034.205,performance,,32861568.0,31969672.0,29180904.0,0.0,0.0,10.26,13.1,14.45,,,
14,56,sharded_2key,Sharded-2key,2000,write-heavy,1,243878.7117737179,2412.0,47608.0,7908.1892216666665,12065.597712627316,1.525709283684093,0,100,900,1790582578.2776492,2387.01575,2996.126,performance,,32861568.0,31958628.0,29169296.0,0.0,0.0,13.35,13.65,14.61,,,
14,57,disabled,Disabled,500,write-heavy,1,279344.9904262698,1642.0,4375.0,1754.3301288888888,878.3923406919342,0.5006995697259484,0,100,900,1790582588.8675413,2649.799875,3001.195,performance,,32861568.0,31924976.0,29135356.0,0.0,0.0,16.48,14.3,14.82,,,
14,58,hdr_histogram,HdrHistogram,500,write-heavy,1,279452.4330531673,1611.0,4783.0,1754.4126022222222,936.9118668958091,0.534031655785573,0,100,900,1790582592.9983466,2300.0,2300.0,performance,,32861568.0,31946788.0,29157276.0,0.0,0.0,15.16,14.06,14.74,,,
14,59,sharded_2key,Sharded-2key,750,mixed,1,276951.884918445,1994.0,8990.0,2645.917805925926,1944.0016375869984,0.7347173193487408,0,100,900,1790582597.135739,2386.87675,2995.014,performance,,32861568.0,31937824.0,29148400.0,0.0,0.0,15.63,14.18,14.77,,,
14,60,thread_local,ThreadLocal,1000,mixed,1,271589.5236400508,2082.0,15203.0,3586.0737611111113,3536.4261097900335,0.9861554294115538,0,100,900,1790582602.194773,2388.10025,3004.802,performance,,32861568.0,31929064.0,29139472.0,0.0,0.0,15.66,14.21,14.78,,,
14,61,global_mutex,GlobalMutex,3000,read-heavy,1,233680.56628854363,2541.0,85499.0,12331.213712592593,20999.05444634269,1.7029187017412994,0,100,900,1790582608.2398407,2388.576,3008.608,performance,,32861568.0,31907144.0,29117328.0,0.0,0.0,18.97,14.92,15.0,,,
14,62,disabled,Disabled,750,mixed,1,283537.84096592607,1952.0,8950.0,2574.8573466666667,1885.2419527547545,0.7321733591165088,0,100,900,1790582623.6581204,2300.0,2300.0,performance,,32861568.0,31941684.0,29151156.0,0.0,0.0,18.35,14.97,15.02,,,
14,63,sharded_2key,Sharded-2key,2000,read-heavy,1,251832.54179061315,2299.0,44412.0,7638.204515,11389.43669448067,1.4911143937183082,0,100,900,1790582628.6616054,2647.490875,3003.731,performance,,32861568.0,31922632.0,29132464.0,0.0,0.0,18.49,15.06,15.05,,,
14,64,global_mutex,GlobalMutex,1000,mixed,1,268204.24552784,2099.0,15571.0,3629.177743333333,3601.5083951143015,0.9923758630257613,0,100,900,1790582639.1784942,2387.21175,2997.694,performance,,32861568.0,31933724.0,29142972.0,0.0,0.0,14.97,14.45,14.85,,,
14,65,global_mutex,GlobalMutex,500,read-heavy,1,292884.0106090477,1559.0,4342.0,1672.8308044444445,845.8041174122935,0.5056124714855363,0,100,900,1790582645.2714806,2406.598375,3152.787,performance,,32861568.0,31919504.0,29128820.0,0.0,0.0,13.77,14.21,14.77,,,
14,66,hdr_histogram,HdrHistogram,100,mixed,1,281023.70917098643,336.0,706.0,349.1669111111111,141.02089016063374,0.40387816162728657,0,100,900,1790582649.5046132,2387.6235,3000.988,performance,,32861568.0,31916268.0,29125596.0,0.0,0.0,12.67,13.97,14.69,,,
14,67,hdr_histogram,HdrHistogram,1000,write-heavy,1,269942.93155380024,2127.0,15444.0,3608.6200744444445,3542.554214150545,0.9816922095064079,0,100,900,1790582652.1817951,2575.437875,3104.893,performance,,32861568.0,31932896.0,29142192.0,0.0,0.0,12.67,13.97,14.69,,,
14,68,sharded_2key,Sharded-2key,500,write-heavy,1,284134.83734127914,1588.0,4744.0,1725.5388377777779,924.7026587254147,0.5358921158310677,0,100,900,1790582658.2560723,2300.0,2300.0,performance,,32861568.0,31886188.0,29095132.0,0.0,0.0,13.42,14.11,14.73,,,
14,69,disabled,Disabled,250,read-heavy,1,300301.6966981799,782.0,1897.0,817.3244888888889,385.9121141125065,0.472165118455137,0,100,900,1790582662.3628368,2643.751875,3003.621,performance,,32861568.0,31945168.0,29154192.0,0.0,0.0,13.22,14.05,14.71,,,
14,70,hdr_histogram,HdrHistogram,3000,write-heavy,1,228462.7738423547,2601.0,87884.0,12656.70323,21354.544182802445,1.6872122064287705,0,100,900,1790582665.7107935,2387.67025,3001.362,performance,,32861568.0,31955344.0,29164420.0,0.0,0.0,12.16,13.82,14.63,,,
14,71,thread_local,ThreadLocal,1000,write-heavy,1,264045.52832834993,2163.0,15961.0,3680.8337344444444,3689.1418301964204,1.002257123345244,0,100,900,1790582681.264491,2387.700625,3001.605,performance,,32861568.0,31931532.0,29139872.0,0.0,0.0,16.2,14.67,14.9,,,
14,72,disabled,Disabled,100,read-heavy,1,281507.4262253332,333.0,778.0,347.89933333333335,145.68829858603155,0.4187656733634582,0,100,900,1790582687.4132855,2553.821,3003.094,performance,,32861568.0,31926648.0,29135208.0,0.0,0.0,16.91,14.84,14.95,,,
14,73,thread_local,ThreadLocal,1000,read-heavy,1,279406.36391326634,2022.0,14680.0,3480.3785233333333,3414.727509398287,0.9811368178791745,0,100,900,1790582690.2603729,2300.0,2300.0,performance,,32861568.0,31951276.0,29159804.0,0.0,0.0,15.55,14.6,14.87,,,
14,74,hdr_histogram,HdrHistogram,2000,write-heavy,1,239517.46967044938,2458.0,45941.0,8061.360288888889,12156.246874616892,1.5079647155049074,0,100,900,1790582696.3839407,2467.0635,2989.09,performance,,32861568.0,31931888.0,29140192.0,0.0,0.0,15.19,14.54,14.85,,,
14,75,hdr_histogram,HdrHistogram,1000,read-heavy,1,280563.3780340219,2024.0,15055.0,3463.877461111111,3505.754278769595,1.0120895782626937,0,100,900,1790582707.1159673,2300.0,2300.0,performance,,32861568.0,31936852.0,29144748.0,0.0,0.0,18.04,15.15,15.04,,,
14,76,thread_local,ThreadLocal,2000,read-heavy,1,252118.03764646454,2316.0,41362.0,7650.57275,11665.594177299721,1.524800110854409,0,100,900,1790582713.233378,2300.0,2300.0,performance,,32861568.0,31897984.0,29105904.0,0.0,0.0,19.63,15.53,15.17,,,
14,77,global_mutex,GlobalMutex,1000,write-heavy,1,272233.2733622287,2038.0,14862.0,3564.2880555555557,3496.8739124623294,0.9810862247824921,0,100,900,1790582723.7256522,2650.931375,3004.779,performance,,32861568.0,31950544.0,29158004.0,0.0,0.0,21.77,16.13,15.37,,,
14,78,sharded_2key,Sharded-2key,750,read-heavy,1,299963.8077001354,1839.0,8204.0,2432.5547392592593,1781.8718351477503,0.7325104781363936,0,100,900,1790582729.7899945,2476.555375,3023.765,performance,,32861568.0,31909884.0,29117436.0,0.0,0.0,23.72,16.78,15.59,,,
14,79,disabled,Disabled,1000,write-heavy,1,266589.53974565974,2146.0,15523.0,3641.390928888889,3595.431790677468,0.9873786860271427,0,100,900,1790582734.834592,2387.757,3002.056,performance,,32861568.0,31926824.0,29134276.0,0.0,0.0,21.82,16.5,15.51,,,
14,80,global_mutex,GlobalMutex,100,read-heavy,1,280114.32635914127,335.0,785.0,349.93764444444446,146.60457651498763,0.4189448572980331,0,100,900,1790582740.9410825,2300.0,2300.0,performance,,32861568.0,31909160.0,29116484.0,0.0,0.0,20.08,16.22,15.42,,,
14,81,disabled,Disabled,1500,write-heavy,1,254211.52166747436,2279.0,30279.0,5705.685521481481,7633.454403644696,1.337868057204574,0,100,900,1790582743.7920325,2386.91225,2995.298,performance,,32861568.0,31924516.0,29131784.0,0.0,0.0,20.08,16.22,15.42,,,
14,82,sharded_2key,Sharded-2key,3000,write-heavy,1,230186.43807580596,2606.0,87086.0,12543.468808148149,21110.94245686738,1.6830226773596997,0,100,900,1790582752.0794075,2381.095875,2948.767,performance,,32861568.0,31932020.0,29138900.0,0.0,0.0,18.27,15.96,15.34,,,
14,83,thread_local,ThreadLocal,500,write-heavy,1,281317.0644057458,1620.0,4615.0,1744.9703288888888,896.2712883571878,0.5136312483478669,0,100,900,1790582767.5147443,2387.487625,2999.901,performance,,32861568.0,31930608.0,29137048.0,0.0,0.0,17.78,15.97,15.36,,,
14,84,global_mutex,GlobalMutex,1000,read-heavy,1,274834.8269410137,2060.0,15477.0,3530.7821544444446,3575.8144783480384,1.0127542062732215,0,100,900,1790582771.6416004,2396.841125,3074.729,performance,,32861568.0,31942280.0,29148952.0,0.0,0.0,17.72,15.99,15.37,,,
14,85,global_mutex,GlobalMutex,2000,mixed,1,247237.4134049775,2386.0,42621.0,7777.027825555556,11744.240814255108,1.5101194283583719,0,100,900,1790582777.817495,2396.657125,3073.257,performance,,32861568.0,31927752.0,29134164.0,0.0,0.0,17.66,16.01,15.38,,,
14,86,hdr_histogram,HdrHistogram,2000,mixed,1,251972.9018010514,2241.0,41035.0,7651.727957222222,11392.508871283178,1.488880542404824,0,100,900,1790582788.290229,2466.65075,2985.241,performance,,32861568.0,31948556.0,29154476.0,0.0,0.0,20.66,16.67,15.6,,,
14,87,hdr_histogram,HdrHistogram,500,mixed,1,299658.03484539094,1530.0,4145.0,1633.1236155555555,814.7009219806323,0.4988605358593676,0,100,900,1790582798.6475742,2389.072125,3012.577,performance,,32861568.0,31945172.0,29150892.0,0.0,0.0,31.38,19.06,16.39,,,
14,88,hdr_histogram,HdrHistogram,100,read-heavy,1,278398.9924777582,338.0,828.0,353.1705888888889,151.42956018707076,0.4287717181192346,0,100,900,1790582802.6754699,2387.614,3000.912,performance,,32861568.0,31907152.0,29112892.0,0.0,0.0,29.98,18.98,16.37,,,
14,89,global_mutex,GlobalMutex,750,mixed,1,274712.2518886696,1954.0,9274.0,2662.1014844444444,2045.4661382785562,0.7683651995353685,0,100,900,1790582805.5397239,2387.697125,3001.577,performance,,32861568.0,31936820.0,29142504.0,0.0,0.0,27.58,18.66,16.28,,,
14,90,disabled,Disabled,3000,mixed,1,236175.24000607454,2525.0,87788.0,12223.142344444444,20785.81286100736,1.7005293954099083,0,100,900,1790582810.62453,2628.286125,3005.172,performance,,32861568.0,31886428.0,29092180.0,0.0,0.0,25.37,18.35,16.2,,,
14,91,sharded_n,Sharded-N,1000,write-heavy,1,261168.8019081645,2210.0,16096.0,3728.852088888889,3725.735266764824,0.9991641336127672,0,100,900,1790582825.725687,2387.470875,2999.767,performance,,32861568.0,31952716.0,29157920.0,0.0,0.0,21.67,17.89,16.08,,,
14,92,sharded_2key,Sharded-2key,1500,read-heavy,1,262691.541208908,2201.0,29311.0,5527.285878518518,7499.535708390462,1.3568206662761881,0,100,900,1790582831.9325452,2387.154875,2997.239,performance,,32861568.0,31904320.0,29109600.0,0.0,0.0,21.13,17.84,16.07,,,
14,93,hdr_histogram,HdrHistogram,250,write-heavy,1,299204.28575006104,794.0,1757.0,814.9959333333334,361.43320704133714,0.44347854051623953,0,100,900,1790582840.2021184,2646.388125,3015.001,performance,,32861568.0,31928556.0,29133484.0,0.0,0.0,19.36,17.58,16.01,,,
14,94,sharded_n,Sharded-N,500,read-heavy,1,293474.06916667556,1551.0,4439.0,1670.4102822222221,871.8205137945238,0.5219199876060998,0,100,900,1790582843.380395,2300.0,2300.0,performance,,32861568.0,31946036.0,29151004.0,0.0,0.0,19.36,17.58,16.01,,,
14,95,thread_local,ThreadLocal,750,read-heavy,1,282507.38682004396,1905.0,9249.0,2591.3028266666665,1982.589757033274,0.7650938117424071,0,100,900,1790582847.6060596,2300.0,2300.0,performance,,32861568.0,31944428.0,29149360.0,0.0,0.0,18.37,17.41,15.96,,,
14,96,sharded_2key,Sharded-2key,250,mixed,1,293583.14459677605,819.0,1723.0,835.13772,346.67995033817857,0.41511710228844484,0,100,900,1790582852.799741,2911.5605,3088.855,performance,,32861568.0,31934632.0,29139392.0,0.0,0.0,17.94,17.33,15.94,,,
14,97,sharded_2key,Sharded-2key,1500,write-heavy,1,252539.7535317399,2307.0,30778.0,5742.487684444444,7763.9212247369005,1.352013561259909,0,100,900,1790582855.9853,2300.0,2300.0,performance,,32861568.0,31937008.0,29141848.0,0.0,0.0,16.5,17.04,15.86,,,
14,98,sharded_n,Sharded-N,2000,read-heavy,1,251726.8467983538,2301.0,44094.0,7656.471805555556,11650.831183554768,1.521697131451708,0,100,900,1790582864.3113449,2724.188125,3082.514,performance,,32861568.0,31941812.0,29146272.0,0.0,0.0,14.85,16.68,15.75,,,
14,99,disabled,Disabled,2000,write-heavy,1,245569.14090807305,2381.0,42936.0,7862.536180555556,11920.026626992825,1.516053643921111,0,100,900,1790582874.8180056,2382.174375,2957.395,performance,,32861568.0,31923752.0,29127836.0,0.0,0.0,13.52,16.34,15.65,,,
14,100,global_mutex,GlobalMutex,1500,mixed,1,253305.39604478522,2286.0,31681.0,5724.620272592592,7651.200660000903,1.3365429138823546,0,100,900,1790582885.3481126,2389.538125,3016.305,performance,,32861568.0,31940480.0,29144300.0,0.0,0.0,12.25,15.98,15.54,,,
14,101,thread_local,ThreadLocal,1500,read-heavy,1,262496.74571846967,2194.0,29402.0,5535.648868148148,7459.424063154114,1.3475247872160525,0,100,900,1790582893.6496165,2477.238875,3021.117,performance,,32861568.0,31917256.0,29120832.0,0.0,0.0,14.15,16.31,15.65,,,
14,102,sharded_n,Sharded-N,100,read-heavy,1,278057.7046481071,336.0,836.0,352.30462222222224,154.59445519461346,0.43880904604510224,0,100,900,1790582901.9266794,2386.865375,2994.923,performance,,32861568.0,31923972.0,29127464.0,0.0,0.0,15.09,16.42,15.69,,,
14,103,thread_local,ThreadLocal,1500,mixed,1,256503.32210021117,2251.0,31534.0,5661.173780740741,7622.702537695154,1.3464879957629132,0,100,900,1790582904.7874675,2387.584,3000.672,performance,,32861568.0,31945120.0,29148576.0,0.0,0.0,13.89,16.15,15.61,,,
14,104,sharded_n,Sharded-N,500,mixed,1,284535.84879109426,1606.0,4492.0,1722.2922222222223,886.0951488430229,0.5144859492541404,0,100,900,1790582913.0044713,2657.272125,3093.483,performance,,32861568.0,31919264.0,29122564.0,0.0,0.0,15.02,16.35,15.68,,,
14,105,thread_local,ThreadLocal,750,write-heavy,1,282615.90303124633,1935.0,9171.0,2587.895594074074,1971.0035088481593,0.7616240444017476,0,100,900,1790582917.105335,2300.0,2300.0,performance,,32861568.0,31946496.0,29149848.0,0.0,0.0,15.74,16.48,15.72,,,
14,106,sharded_n,Sharded-N,250,mixed,1,297556.96605786204,807.0,1690.0,823.7694133333333,346.6326013318115,0.4207883853433979,0,100,900,1790582922.128699,2388.106875,3004.855,performance,,32861568.0,31919216.0,29122440.0,0.0,0.0,16.16,16.55,15.75,,,
14,107,sharded_2key,Sharded-2key,500,read-heavy,1,301728.48076917266,1506.0,4265.0,1621.6417711111112,833.5020431503015,0.5139865400600807,0,100,900,1790582925.299964,2479.490375,3093.365,performance,,32861568.0,31940688.0,29143968.0,0.0,0.0,14.86,16.28,15.67,,,
14,108,sharded_n,Sharded-N,1500,write-heavy,1,250245.3169207709,2311.0,29672.0,5801.129221481481,7727.660911145001,1.3320959792672098,0,100,900,1790582929.4933488,2300.0,2300.0,performance,,32861568.0,31924436.0,29127692.0,0.0,0.0,13.67,16.01,15.58,,,
14,109,hdr_histogram,HdrHistogram,750,mixed,1,287218.9975332173,1873.0,9433.0,2545.0209614814817,2022.8520790741443,0.7948272763524203,0,100,900,1790582937.879788,2387.702625,3001.621,performance,,32861568.0,31916104.0,29118856.0,0.0,0.0,13.7,15.97,15.57,,,
14,110,hdr_histogram,HdrHistogram,3000,mixed,1,230150.14195532043,2573.0,87745.0,12542.546357407407,21266.741798015573,1.6955681240480973,0,100,900,1790582942.867212,2475.054875,3022.16,performance,,32861568.0,31932252.0,29135224.0,0.0,0.0,13.8,15.96,15.57,,,
14,111,sharded_2key,Sharded-2key,250,write-heavy,1,298109.96098595194,804.0,1745.0,821.5677866666666,356.99577912290664,0.4345299133152965,0,100,900,1790582958.3237684,2835.449875,3078.06,performance,,32861568.0,31946244.0,29148460.0,0.0,0.0,14.31,15.96,15.58,,,
14,112,thread_local,ThreadLocal,250,write-heavy,1,300261.03172775847,794.0,1732.0,817.8775866666666,347.95858826749065,0.425440914312895,0,100,900,1790582961.494782,2387.3365,2998.692,performance,,32861568.0,31952464.0,29154728.0,0.0,0.0,14.53,15.98,15.58,,,
14,113,hdr_histogram,HdrHistogram,1500,read-heavy,1,259373.59086771056,2203.0,29472.0,5583.816517777777,7489.482565582236,1.3412837871260976,0,100,900,1790582964.6549075,2300.0,2300.0,performance,,32861568.0,31951512.0,29153864.0,0.0,0.0,13.36,15.71,15.5,,,
14,114,sharded_2key,Sharded-2key,750,write-heavy,1,274985.9961446377,2028.0,9168.0,2661.9224918518516,1960.279989691057,0.7364151269210417,0,100,900,1790582972.9833975,2300.0,2300.0,performance,,32861568.0,31889444.0,29091536.0,0.0,0.0,13.33,15.66,15.49,,,
14,115,sharded_2key,Sharded-2key,100,mixed,1,281302.8392220624,335.0,755.0,349.2499222222222,144.31071366563125,0.4132018491153983,0,100,900,1790582978.0757096,2386.982125,2995.857,performance,,32861568.0,31911952.0,29114144.0,0.0,0.0,14.03,15.77,15.52,,,
14,116,hdr_histogram,HdrHistogram,1500,mixed,1,255911.39876952578,2247.0,29659.0,5685.545663703704,7540.509756497387,1.3262596419963169,0,100,900,1790582980.7500508,2819.741875,3020.394,performance,,32861568.0,31940016.0,29142216.0,0.0,0.0,12.9,15.51,15.44,,,
14,117,sharded_n,Sharded-N,3000,mixed,1,230219.16785567414,2597.0,87109.0,12542.069384814815,21009.081067380514,1.6750888886659365,0,100,900,1790582988.9978838,2467.050375,2994.129,performance,,32861568.0,31925392.0,29126984.0,0.0,0.0,13.15,15.52,15.44,,,
14,118,thread_local,ThreadLocal,100,read-heavy,1,280136.28318914614,336.0,802.0,350.56384444444444,147.1811889947681,0.41984132513155564,0,100,900,1790583004.4300582,2755.382,3078.789,performance,,32861568.0,31964968.0,29166156.0,0.0,0.0,14.49,15.65,15.48,,,
14,119,thread_local,ThreadLocal,3000,read-heavy,1,237462.99613471612,2499.0,85619.0,12157.113327407407,20510.63133895881,1.6871300601203536,0,100,900,1790583007.2822945,2300.0,2300.0,performance,,32861568.0,31956732.0,29157880.0,0.0,0.0,14.49,15.65,15.48,,,
14,120,sharded_n,Sharded-N,2000,mixed,1,247961.22318362756,2351.0,45145.0,7785.186953888889,11744.678130189677,1.508592947061204,0,100,900,1790583022.4915423,2387.781125,3002.249,performance,,32861568.0,31939996.0,29140808.0,0.0,0.0,16.74,16.1,15.64,,,
14,121,thread_local,ThreadLocal,1500,write-heavy,1,257352.66961754113,2218.0,29043.0,5632.482525925926,7419.351246889455,1.3172435445185486,0,100,900,1790583032.947339,2649.17825,3000.716,performance,,32861568.0,31931428.0,29131772.0,0.0,0.0,15.93,15.95,15.59,,,
14,122,sharded_n,Sharded-N,3000,write-heavy,1,226017.9246306031,2642.0,88419.0,12761.340308888888,21503.853846621874,1.685078003259846,0,100,900,1790583041.1667633,2475.772125,3004.16,performance,,32861568.0,31924112.0,29124500.0,0.0,0.0,15.25,15.81,15.55,,,
14,123,hdr_histogram,HdrHistogram,250,mixed,1,298197.83897457446,793.0,1782.0,820.2822844444445,359.86260126194554,0.4387058066305442,0,100,900,1790583056.8161526,2300.0,2300.0,performance,,32861568.0,31948436.0,29148428.0,0.0,0.0,16.82,16.11,15.65,,,
14,124,hdr_histogram,HdrHistogram,250,read-heavy,1,295425.3708264928,808.0,1822.0,831.4845288888889,357.4232516935985,0.4298615780274619,0,100,900,1790583059.990357,2300.0,2300.0,performance,,32861568.0,31955948.0,29155892.0,0.0,0.0,15.47,15.85,15.57,,,
14,125,disabled,Disabled,1000,mixed,1,274164.09062493284,2088.0,14729.0,3547.630251111111,3458.382915174071,0.9748431122693556,0,100,900,1790583063.3580186,2300.0,2300.0,performance,,32861568.0,31937880.0,29137940.0,0.0,0.0,15.47,15.85,15.57,,,
14,126,thread_local,ThreadLocal,2000,mixed,1,248828.39451112083,2346.0,47038.0,7761.709866111111,11814.018589013807,1.522089693225424,0,100,900,1790583069.3826914,2387.51375,3000.11,performance,,32861568.0,31925560.0,29125392.0,0.0,0.0,14.79,15.7,15.52,,,
14,127,thread_local,ThreadLocal,2000,write-heavy,1,244628.93289142064,2419.0,45785.0,7885.341433333333,11987.166634479869,1.5201835882219485,0,100,900,1790583079.802336,2818.452625,3006.51,performance,,32861568.0,31946792.0,29146332.0,0.0,0.0,15.46,15.84,15.57,,,
14,128,global_mutex,GlobalMutex,3000,mixed,1,230874.6940137302,2582.0,89284.0,12520.976098518518,21044.782760629267,1.6807621542476456,0,100,900,1790583090.3714833,2387.710125,3001.681,performance,,32861568.0,31938276.0,29137440.0,0.0,0.0,13.97,15.51,15.47,,,
14,129,hdr_histogram,HdrHistogram,3000,read-heavy,1,238065.50858369202,2488.0,84637.0,12122.838188888889,20706.426803940274,1.708051075276961,0,100,900,1790583105.7705057,2387.92925,3003.434,performance,,32861568.0,31949844.0,29148792.0,0.0,0.0,12.49,15.12,15.34,,,
14,130,sharded_2key,Sharded-2key,1000,write-heavy,1,264655.58634907275,2151.0,15910.0,3677.537878888889,3679.834737672379,1.0006245642761902,0,100,900,1790583120.9689052,2822.25675,3077.554,performance,,32861568.0,31951400.0,29149896.0,0.0,0.0,11.82,14.87,15.26,,,
14,131,disabled,Disabled,1500,read-heavy,1,266424.4669594872,2155.0,29174.0,5432.032048888889,7252.324816513292,1.33510346611389,0,100,900,1790583127.1157794,2644.729,3000.311,performance,,32861568.0,31929460.0,29127980.0,0.0,0.0,15.12,15.5,15.46,,,
14,132,disabled,Disabled,250,write-heavy,1,296701.609351463,804.0,1806.0,829.7406533333333,365.1281016841104,0.44005087640008256,0,100,900,1790583135.2905846,2563.102,3010.807,performance,,32861568.0,31910848.0,29109144.0,0.0,0.0,13.97,15.25,15.38,,,
14,133,sharded_2key,Sharded-2key,1000,mixed,1,270857.2353056185,2065.0,15562.0,3593.1156288888888,3579.643072858844,0.9962504529713087,0,100,900,1790583138.4690464,2564.21825,3034.638,performance,,32861568.0,31932808.0,29131188.0,0.0,0.0,13.97,15.25,15.38,,,
14,134,disabled,Disabled,2000,mixed,1,249868.06185496363,2341.0,45725.0,7736.4210205555555,11592.882429365338,1.498481325998575,0,100,900,1790583144.5321221,2640.00625,3046.578,performance,,32861568.0,31911168.0,29109324.0,0.0,0.0,14.26,15.29,15.39,,,
14,135,sharded_n,Sharded-N,250,read-heavy,1,283785.60952233756,831.0,2020.0,864.1509733333334,396.5651982295712,0.4589073095640686,0,100,900,1790583154.9254138,2300.0,2300.0,performance,,32861568.0,31940604.0,29138264.0,0.0,0.0,12.87,14.96,15.28,,,
14,136,thread_local,ThreadLocal,750,mixed,1,276431.49055300973,1980.0,9176.0,2653.2268148148146,1993.208980678054,0.7512395734690224,0,100,900,1790583158.3139174,2300.0,2300.0,performance,,32861568.0,31957864.0,29155792.0,0.0,0.0,12.87,14.96,15.28,,,
14,137,global_mutex,GlobalMutex,2000,write-heavy,1,241551.1758203713,2452.0,44433.0,7981.960739444445,12046.165414638283,1.5091737240838285,0,100,900,1790583163.3830135,2300.0,2300.0,performance,,32861568.0,31922716.0,29120648.0,0.0,0.0,13.04,14.96,15.28,,,
14,138,sharded_n,Sharded-N,1500,read-heavy,1,257556.26649509213,2244.0,30507.0,5633.71507037037,7456.917294405775,1.3236234352042842,0,100,900,1790583174.0544312,2378.93925,2931.514,performance,,32861568.0,31924664.0,29122112.0,0.0,0.0,12.98,14.88,15.25,,,
14,139,hdr_histogram,HdrHistogram,2000,read-heavy,1,254290.81311924447,2268.0,42787.0,7589.086758888889,11463.106735626068,1.5104724850061368,0,100,900,1790583182.438912,2389.456,3015.648,performance,,32861568.0,31918304.0,29115628.0,0.0,0.0,12.58,14.72,15.19,,,
14,140,global_mutex,GlobalMutex,750,write-heavy,1,272486.6080411312,2037.0,9161.0,2691.0865318518518,1983.3615506100268,0.737011436508952,0,100,900,1790583192.8884413,2387.360875,2998.887,performance,,32861568.0,31918916.0,29115812.0,0.0,0.0,15.7,15.3,15.38,,,
14,141,disabled,Disabled,500,mixed,1,298528.9244903811,1519.0,4382.0,1640.8137222222222,845.5580640141413,0.5153284937603806,0,100,900,1790583197.9945512,2387.835375,3002.683,performance,,32861568.0,31934148.0,29131200.0,0.0,0.0,15.41,15.24,15.36,,,
14,142,global_mutex,GlobalMutex,100,write-heavy,1,270250.53711168206,345.0,911.0,363.0130222222222,160.2299165561834,0.4413888944680805,0,100,900,1790583202.0231812,2561.964625,3014.287,performance,,32861568.0,31933068.0,29130304.0,0.0,0.0,15.29,15.22,15.35,,,
14,143,thread_local,ThreadLocal,500,read-heavy,1,291285.75080693676,1554.0,4558.0,1681.6142133333333,885.9872353874532,0.5268671187258994,0,100,900,1790583204.7127273,2649.93975,3007.764,performance,,32861568.0,31929356.0,29126564.0,0.0,0.0,14.07,14.97,15.27,,,
14,144,hdr_histogram,HdrHistogram,750,write-heavy,1,269539.58401887317,2043.0,9295.0,2717.073019259259,2025.785966012827,0.7455765640649238,0,100,900,1790583208.9507,2476.51875,3008.3,performance,,32861568.0,31908380.0,29105512.0,0.0,0.0,14.07,14.97,15.27,,,
15,1,sharded_2key,Sharded-2key,1500,read-heavy,1,265404.86045149167,2192.0,29147.0,5467.0976222222225,7325.047033562268,1.3398420038793528,0,100,900,1790583214.0940382,2638.12,2997.27,performance,,32861568.0,31909056.0,29105988.0,0.0,0.0,12.94,14.72,15.18,,,
15,2,disabled,Disabled,100,mixed,1,277473.6674946039,340.0,776.0,354.5217222222222,144.47990063883728,0.4075346913390938,0,100,900,1790583222.313357,2569.73825,3031.31,performance,,32861568.0,31931364.0,29127772.0,0.0,0.0,12.31,14.52,15.11,,,
15,3,sharded_2key,Sharded-2key,750,mixed,1,279321.57259162655,1987.0,9007.0,2622.2068962962962,1935.8094167652744,0.7382367194211428,0,100,900,1790583224.991335,2300.0,2300.0,performance,,32861568.0,31946212.0,29142564.0,0.0,0.0,11.33,14.28,15.03,,,
15,4,global_mutex,GlobalMutex,100,mixed,1,278034.8974142208,339.0,751.0,353.45054444444446,149.06643480435542,0.4217462305473567,0,100,900,1790583230.0342536,2300.0,2300.0,performance,,32861568.0,31941412.0,29137952.0,0.0,0.0,10.42,14.04,14.95,,,
15,5,disabled,Disabled,100,read-heavy,1,304852.9541775525,311.0,618.0,319.9529333333333,120.00561357114853,0.37507270935417336,0,100,900,1790583232.716214,2300.0,2300.0,performance,,32861568.0,31965508.0,29161980.0,0.0,0.0,10.42,14.04,14.95,,,
15,6,global_mutex,GlobalMutex,1500,mixed,1,255120.63675815982,2263.0,31449.0,5687.187648148149,7612.8393233555025,1.3385947140032175,0,100,900,1790583235.5384555,2741.2645,3020.059,performance,,32861568.0,31956316.0,29152836.0,0.0,0.0,9.58,13.81,14.87,,,
15,7,global_mutex,GlobalMutex,1000,write-heavy,1,262706.0733210257,2171.0,15884.0,3700.8262233333335,3653.063190110267,0.9870939540684387,0,100,900,1790583243.7944746,2387.131875,2997.055,performance,,32861568.0,31930496.0,29126536.0,0.0,0.0,9.7,13.76,14.85,,,
15,8,thread_local,ThreadLocal,1500,read-heavy,1,263407.5403371464,2145.0,28719.0,5507.431567407408,7368.313257102959,1.3378855764106299,0,100,900,1790583249.9596221,2913.589,3072.279,performance,,32861568.0,31919808.0,29115880.0,0.0,0.0,16.68,15.18,15.3,,,
15,9,thread_local,ThreadLocal,1000,read-heavy,1,284734.92646629096,1982.0,15003.0,3406.9321966666666,3447.372329214029,1.0118699552010249,0,100,900,1790583258.20035,2300.0,2300.0,performance,,32861568.0,31939064.0,29134704.0,0.0,0.0,16.7,15.21,15.31,,,
15,10,hdr_histogram,HdrHistogram,500,write-heavy,1,283907.0846306389,1613.0,4487.0,1723.6625444444444,878.753255465404,0.5098174571917938,0,100,900,1790583264.2807746,2388.598,3008.784,performance,,32861568.0,31900748.0,29096444.0,0.0,0.0,19.44,15.89,15.53,,,
15,11,global_mutex,GlobalMutex,2000,write-heavy,1,242618.07027833236,2433.0,45729.0,7965.791024444445,12057.449216808802,1.5136537199894369,0,100,900,1790583268.3955822,2387.743625,3001.949,performance,,32861568.0,31933464.0,29129248.0,0.0,0.0,19.44,15.89,15.53,,,
15,12,hdr_histogram,HdrHistogram,100,read-heavy,1,278488.7630279209,336.0,797.0,352.6130444444444,148.56681033509514,0.4213310105108787,0,100,900,1790583279.0267265,2386.945875,2995.567,performance,,32861568.0,31922076.0,29117332.0,0.0,0.0,22.94,16.74,15.81,,,
15,13,disabled,Disabled,500,mixed,1,284923.4168214199,1578.0,4604.0,1722.5835311111111,903.4575370131836,0.5244782158287732,0,100,900,1790583281.8661835,2300.0,2300.0,performance,,32861568.0,31940732.0,29135956.0,0.0,0.0,21.11,16.46,15.73,,,
15,14,sharded_2key,Sharded-2key,500,mixed,1,287002.9856091473,1598.0,4450.0,1709.53778,859.3214783473716,0.5026630522007952,0,100,900,1790583285.9619548,2388.615875,3008.927,performance,,32861568.0,31947588.0,29143060.0,0.0,0.0,19.42,16.19,15.64,,,
15,15,global_mutex,GlobalMutex,100,read-heavy,1,284144.6418472342,331.0,761.0,345.2167333333333,140.1034000444869,0.4058418567711962,0,100,900,1790583290.0482078,2300.0,2300.0,performance,,32861568.0,31935540.0,29130868.0,0.0,0.0,17.86,15.92,15.56,,,
15,16,hdr_histogram,HdrHistogram,250,read-heavy,1,295643.47229442437,798.0,1963.0,830.6326622222222,380.7671713195379,0.45840621087648714,0,100,900,1790583292.896938,2300.0,2300.0,performance,,32861568.0,31932300.0,29127564.0,0.0,0.0,17.86,15.92,15.56,,,
15,17,global_mutex,GlobalMutex,250,read-heavy,1,303418.5238645931,779.0,1820.0,807.7957555555555,359.15191273667796,0.4446073283582357,0,100,900,1790583296.2529132,2722.84025,3058.487,performance,,32861568.0,31947084.0,29142336.0,0.0,0.0,17.55,15.88,15.55,,,
15,18,hdr_histogram,HdrHistogram,100,write-heavy,1,275132.8080585397,339.0,790.0,356.24361111111114,154.8510944491107,0.4346775341910993,0,100,900,1790583299.5823362,2300.0,2300.0,performance,,32861568.0,31931832.0,29127040.0,0.0,0.0,16.15,15.62,15.47,,,
15,19,sharded_n,Sharded-N,3000,read-heavy,1,235936.18630403778,2512.0,77735.0,12244.352251851851,20535.60034048342,1.6771487717839537,0,100,900,1790583302.2791953,2300.0,2300.0,performance,,32861568.0,31932768.0,29127924.0,0.0,0.0,16.15,15.62,15.47,,,
15,20,sharded_n,Sharded-N,3000,write-heavy,1,227559.68733645862,2619.0,84708.0,12678.304241111111,21191.96238556144,1.671513948753781,0,100,900,1790583317.581838,2387.940125,3003.521,performance,,32861568.0,31946956.0,29141248.0,0.0,0.0,17.1,15.88,15.55,,,
15,21,sharded_n,Sharded-N,1000,read-heavy,1,266985.3652381422,2132.0,16023.0,3641.6487133333335,3652.4061419882223,1.0029539995484744,0,100,900,1790583333.1668887,2657.301875,3077.487,performance,,32861568.0,31955768.0,29149752.0,0.0,0.0,15.91,15.67,15.49,,,
15,22,sharded_2key,Sharded-2key,1000,mixed,1,266935.3250097669,2115.0,15834.0,3631.6620555555555,3681.5498243160937,1.0137368973206695,0,100,900,1790583339.453481,2746.581375,3064.134,performance,,32861568.0,31932048.0,29126240.0,0.0,0.0,14.86,15.47,15.43,,,
15,23,sharded_2key,Sharded-2key,250,mixed,1,306874.0867444227,785.0,1614.0,800.87932,325.5525289488646,0.40649386345606303,0,100,900,1790583345.560886,2387.710625,3001.685,performance,,32861568.0,31933264.0,29127264.0,0.0,0.0,13.67,15.21,15.34,,,
15,24,sharded_n,Sharded-N,750,read-heavy,1,279243.0842584322,1962.0,9243.0,2623.7026607407406,1979.3440092671026,0.7544086602817567,0,100,900,1790583348.7147918,2386.78225,2994.258,performance,,32861568.0,31927912.0,29121996.0,0.0,0.0,13.67,15.21,15.34,,,
15,25,thread_local,ThreadLocal,750,mixed,1,296265.86880808085,1836.0,8728.0,2468.0693155555555,1890.6825878829368,0.7660573290897826,0,100,900,1790583353.929513,2650.854,3099.085,performance,,32861568.0,31912392.0,29106252.0,0.0,0.0,12.66,14.97,15.27,,,
15,26,global_mutex,GlobalMutex,1500,read-heavy,1,260927.7047504077,2204.0,29925.0,5568.281505925926,7471.659080702064,1.3418249549255923,0,100,900,1790583358.8296006,2386.938625,2995.509,performance,,32861568.0,31915576.0,29109448.0,0.0,0.0,11.64,14.72,15.18,,,
15,27,sharded_2key,Sharded-2key,250,read-heavy,1,301985.9716859402,784.0,1838.0,813.1692044444444,364.60199661691234,0.4483716237950842,0,100,900,1790583367.1283298,2300.0,2300.0,performance,,32861568.0,31916560.0,29109776.0,0.0,0.0,14.17,15.14,15.31,,,
15,28,hdr_histogram,HdrHistogram,3000,read-heavy,1,238861.33356382852,2465.0,83200.0,12109.983495925926,20511.340890812196,1.6937546527386003,0,100,900,1790583370.4700475,2300.0,2300.0,performance,,32861568.0,31946640.0,29139976.0,0.0,0.0,13.03,14.88,15.23,,,
15,29,global_mutex,GlobalMutex,500,read-heavy,1,288829.51300066215,1591.0,4301.0,1700.03516,849.3281732575424,0.49959447500929477,0,100,900,1790583385.603669,2387.824,3002.592,performance,,32861568.0,31942044.0,29134916.0,0.0,0.0,12.92,14.8,15.2,,,
15,30,sharded_n,Sharded-N,500,mixed,1,281174.3351077527,1611.0,4556.0,1739.5143955555557,894.622075999322,0.5142941491516677,0,100,900,1790583389.8568873,2387.848125,3002.785,performance,,32861568.0,31944960.0,29137864.0,0.0,0.0,11.89,14.55,15.12,,,
15,31,thread_local,ThreadLocal,1500,write-heavy,1,253858.25805958666,2300.0,31854.0,5728.191758518518,7790.764570077469,1.360073981198631,0,100,900,1790583393.979098,2390.959375,3027.675,performance,,32861568.0,31952460.0,29145484.0,0.0,0.0,11.89,14.55,15.12,,,
15,32,sharded_n,Sharded-N,2000,mixed,1,250211.69149733646,2340.0,45451.0,7713.670147222222,11752.80844262079,1.5236337849957333,0,100,900,1790583402.2469099,2300.0,2300.0,performance,,32861568.0,31907656.0,29100108.0,0.0,0.0,12.7,14.62,15.13,,,
15,33,hdr_histogram,HdrHistogram,2000,mixed,1,249145.00272710243,2330.0,48117.0,7746.388155555555,11853.959394403197,1.530256315119166,0,100,900,1790583412.6755555,2807.317,3078.757,performance,,32861568.0,31949724.0,29141976.0,0.0,0.0,13.01,14.62,15.12,,,
15,34,global_mutex,GlobalMutex,750,write-heavy,1,271864.62890436064,2027.0,9408.0,2696.187597037037,2019.6217348268565,0.7490657315708709,0,100,900,1790583423.088306,2300.0,2300.0,performance,,32861568.0,31927836.0,29119948.0,0.0,0.0,15.51,15.11,15.28,,,
15,35,global_mutex,GlobalMutex,750,mixed,1,278268.7933699306,1949.0,9085.0,2635.0961244444443,1990.5310972386621,0.7553922146420085,0,100,900,1790583428.2144191,2474.93125,3001.678,performance,,32861568.0,31937032.0,29129216.0,0.0,0.0,15.31,15.07,15.27,,,
15,36,sharded_2key,Sharded-2key,1500,mixed,1,258853.48452801487,2220.0,28988.0,5597.897299259259,7444.226834228564,1.3298255463196191,0,100,900,1790583433.2728589,2387.938375,3003.507,performance,,32861568.0,31921680.0,29113764.0,0.0,0.0,15.21,15.06,15.26,,,
15,37,thread_local,ThreadLocal,500,write-heavy,1,283749.28390981414,1609.0,4451.0,1727.0139977777778,877.610735895325,0.5081665446977175,0,100,900,1790583441.4620311,2300.0,2300.0,performance,,32861568.0,31915468.0,29106992.0,0.0,0.0,15.9,15.2,15.3,,,
15,38,thread_local,ThreadLocal,750,write-heavy,1,276656.0310429281,1943.0,9104.0,2650.527105185185,2002.0628366294525,0.7553451661418018,0,100,900,1790583445.5707254,2560.51825,3005.087,performance,,32861568.0,31930496.0,29122316.0,0.0,0.0,14.63,14.95,15.22,,,
15,39,hdr_histogram,HdrHistogram,1000,mixed,1,266857.8891231119,2151.0,14945.0,3643.931792222222,3575.0478127195047,0.9810962489337076,0,100,900,1790583450.6398504,2388.038375,3004.307,performance,,32861568.0,31916420.0,29108080.0,0.0,0.0,13.46,14.7,15.14,,,
15,40,sharded_2key,Sharded-2key,100,read-heavy,1,281294.72410304035,333.0,795.0,349.0652111111111,146.91381532287508,0.42087784931426714,0,100,900,1790583456.7515888,2398.80125,3090.41,performance,,32861568.0,31913348.0,29104680.0,0.0,0.0,14.3,14.86,15.19,,,
15,41,thread_local,ThreadLocal,750,read-heavy,1,280653.5288093061,1926.0,9170.0,2610.2186725925926,1982.1899597970535,0.759396130527351,0,100,900,1790583459.6092956,2300.0,2300.0,performance,,32861568.0,31933632.0,29124936.0,0.0,0.0,13.16,14.61,15.11,,,
15,42,sharded_n,Sharded-N,500,write-heavy,1,276916.68773084733,1645.0,4656.0,1770.1601955555554,897.9927003968419,0.5072945955125895,0,100,900,1790583464.8085916,2387.500125,3000.001,performance,,32861568.0,31907712.0,29099068.0,0.0,0.0,12.1,14.37,15.02,,,
15,43,hdr_histogram,HdrHistogram,750,read-heavy,1,276609.8089098547,1949.0,9257.0,2645.1065555555556,2023.2606856541677,0.7649070625925009,0,100,900,1790583468.967505,2387.364875,2998.919,performance,,32861568.0,31946016.0,29137428.0,0.0,0.0,12.1,14.37,15.02,,,
15,44,sharded_2key,Sharded-2key,750,write-heavy,1,271308.57955628284,1992.0,9542.0,2696.5128814814816,2042.8292564880496,0.7575818645322792,0,100,900,1790583474.1920033,2726.10925,3007.507,performance,,32861568.0,31888008.0,29079264.0,0.0,0.0,11.21,14.15,14.95,,,
15,45,sharded_2key,Sharded-2key,500,read-heavy,1,295180.4119128774,1541.0,4398.0,1663.775291111111,865.5576743257188,0.5202371251394637,0,100,900,1790583479.3134627,2387.500125,3000.001,performance,,32861568.0,31912156.0,29103144.0,0.0,0.0,9.49,13.68,14.79,,,
15,46,sharded_2key,Sharded-2key,3000,write-heavy,1,228871.93012083857,2616.0,87068.0,12636.357656666667,21232.871272531287,1.6802999605926228,0,100,900,1790583483.5347145,2387.100625,2996.805,performance,,32861568.0,31901144.0,29092284.0,0.0,0.0,9.49,13.68,14.79,,,
15,47,sharded_n,Sharded-N,2000,write-heavy,1,239451.07526730542,2472.0,47375.0,8053.5327705555555,12011.55840156112,1.4914645216912092,0,100,900,1790583499.0802493,2381.821875,2954.575,performance,,32861568.0,31946816.0,29137132.0,0.0,0.0,12.61,14.19,14.94,,,
15,48,global_mutex,GlobalMutex,750,read-heavy,1,282333.3047733327,1925.0,8815.0,2592.150146666667,1928.191657371275,0.7438580129514494,0,100,900,1790583509.7965152,2387.58775,3000.702,performance,,32861568.0,31942404.0,29132568.0,0.0,0.0,11.73,13.92,14.84,,,
15,49,disabled,Disabled,100,write-heavy,1,278599.5751548403,338.0,814.0,353.00365555555555,145.5174788712474,0.41222654944530995,0,100,900,1790583514.9933283,2300.0,2300.0,performance,,32861568.0,31928336.0,29118632.0,0.0,0.0,10.79,13.69,14.76,,,
15,50,global_mutex,GlobalMutex,3000,mixed,1,229919.31950208807,2600.0,83080.0,12567.672992592592,20964.04064854962,1.668092467150113,0,100,900,1790583517.6750028,2390.20525,3021.642,performance,,32861568.0,31949636.0,29139956.0,0.0,0.0,10.79,13.69,14.76,,,
15,51,sharded_n,Sharded-N,1500,write-heavy,1,254251.59550969856,2276.0,29909.0,5711.3797022222225,7470.613913160362,1.3080226324741893,0,100,900,1790583533.1364062,2300.0,2300.0,performance,,32861568.0,31935276.0,29124988.0,0.0,0.0,12.38,13.89,14.81,,,
15,52,sharded_2key,Sharded-2key,500,write-heavy,1,285491.51695550204,1588.0,4535.0,1720.0727444444444,900.0818253976144,0.5232812555775519,0,100,900,1790583541.4116507,2386.915,2995.32,performance,,32861568.0,31917976.0,29107464.0,0.0,0.0,18.01,15.09,15.19,,,
15,53,sharded_n,Sharded-N,1500,read-heavy,1,259119.96443499794,2226.0,28969.0,5590.897471111111,7382.504949919263,1.3204507841658013,0,100,900,1790583545.5154564,2300.0,2300.0,performance,,32861568.0,31924704.0,29114372.0,0.0,0.0,16.56,14.83,15.11,,,
15,54,disabled,Disabled,1000,write-heavy,1,268853.4151942992,2160.0,15759.0,3621.9331322222224,3639.380771847074,1.0048172174879846,0,100,900,1790583553.8360834,2300.0,2300.0,performance,,32861568.0,31928044.0,29117176.0,0.0,0.0,17.24,15.0,15.16,,,
15,55,hdr_histogram,HdrHistogram,3000,write-heavy,1,229726.6622188136,2576.0,83827.0,12541.852335555555,21268.23918206296,1.6957813417854166,0,100,900,1790583559.913588,2387.6215,3000.972,performance,,32861568.0,31947200.0,29136360.0,0.0,0.0,19.08,15.51,15.32,,,
15,56,sharded_n,Sharded-N,2000,read-heavy,1,250726.05299177647,2316.0,42996.0,7684.163411666666,11544.70364172287,1.5024021514423866,0,100,900,1790583575.3980532,2300.0,2300.0,performance,,32861568.0,31954212.0,29143016.0,0.0,0.0,17.75,15.4,15.29,,,
15,57,global_mutex,GlobalMutex,250,mixed,1,301429.02597971493,795.0,1738.0,813.4230977777778,345.58663169540966,0.4248547067811711,0,100,900,1790583585.9304216,2474.915875,3003.335,performance,,32861568.0,31916728.0,29105044.0,0.0,0.0,16.43,15.2,15.23,,,
15,58,disabled,Disabled,1000,mixed,1,274807.6609883095,2076.0,14901.0,3537.709282222222,3537.508675181556,0.9999432946506729,0,100,900,1790583589.0953407,2300.0,2300.0,performance,,32861568.0,31931920.0,29120252.0,0.0,0.0,16.43,15.2,15.23,,,
15,59,sharded_2key,Sharded-2key,1000,write-heavy,1,259308.63464322715,2227.0,15728.0,3738.5791022222224,3717.500913990374,0.9943619788011655,0,100,900,1790583595.0986087,2387.608,3000.864,performance,,32861568.0,31927644.0,29116040.0,0.0,0.0,13.9,14.7,15.06,,,
15,60,hdr_histogram,HdrHistogram,500,read-heavy,1,302469.2791413743,1511.0,4088.0,1618.18838,811.1112760532694,0.5012465087984808,0,100,900,1790583601.321207,2300.0,2300.0,performance,,32861568.0,31930784.0,29119036.0,0.0,0.0,16.87,15.3,15.26,,,
15,61,disabled,Disabled,500,read-heavy,1,285476.06002042815,1594.0,4478.0,1718.727851111111,873.1978529675653,0.5080489342178673,0,100,900,1790583605.508703,2725.566875,3006.253,performance,,32861568.0,31922092.0,29110412.0,0.0,0.0,15.52,15.05,15.18,,,
15,62,sharded_2key,Sharded-2key,3000,mixed,1,231590.37891510944,2565.0,82646.0,12463.063507407407,20985.409357479373,1.6838082663228604,0,100,900,1790583609.7743754,2386.945375,2995.563,performance,,32861568.0,31920248.0,29108488.0,0.0,0.0,14.28,14.8,15.09,,,
15,63,hdr_histogram,HdrHistogram,100,mixed,1,277065.49540779024,340.0,741.0,353.7773666666667,150.80768168810795,0.42627849008272134,0,100,900,1790583625.1509254,2466.621875,3001.885,performance,,32861568.0,31954932.0,29142348.0,0.0,0.0,15.49,15.09,15.19,,,
15,64,global_mutex,GlobalMutex,100,write-heavy,1,269003.2640885954,346.0,888.0,364.60212222222225,157.77813083684933,0.43274057176410163,0,100,900,1790583627.8340783,2386.648875,2993.191,performance,,32861568.0,31969332.0,29156720.0,0.0,0.0,15.49,15.09,15.19,,,
15,65,hdr_histogram,HdrHistogram,2000,read-heavy,1,249045.25175219515,2337.0,43490.0,7739.0588661111115,11754.40078183119,1.5188411130070385,0,100,900,1790583630.5250618,2648.685875,3004.214,performance,,32861568.0,31959404.0,29146752.0,0.0,0.0,14.25,14.84,15.11,,,
15,66,sharded_n,Sharded-N,1000,write-heavy,1,262724.7659195461,2182.0,16602.0,3703.3163855555554,3790.421523571081,1.0235208469779333,0,100,900,1790583641.135995,2563.42975,3007.723,performance,,32861568.0,31915260.0,29102556.0,0.0,0.0,13.09,14.58,15.02,,,
15,67,disabled,Disabled,750,read-heavy,1,279608.1587170337,1957.0,9510.0,2613.2971037037037,1976.953662881175,0.7564978586167379,0,100,900,1790583647.317914,2475.731875,3005.382,performance,,32861568.0,31923668.0,29111008.0,0.0,0.0,16.21,15.2,15.22,,,
15,68,sharded_n,Sharded-N,750,mixed,1,298870.74862304295,1832.0,8748.0,2449.8721348148147,1876.3814844608758,0.7659099664002306,0,100,900,1790583652.524517,2387.679,3001.432,performance,,32861568.0,31939124.0,29126364.0,0.0,0.0,15.95,15.16,15.2,,,
15,69,global_mutex,GlobalMutex,3000,read-heavy,1,235285.9170665458,2523.0,86961.0,12271.06297074074,20735.675199076257,1.6898026885298065,0,100,900,1790583657.4006028,2387.9685,3003.748,performance,,32861568.0,31898976.0,29086152.0,0.0,0.0,15.71,15.13,15.19,,,
15,70,disabled,Disabled,1500,mixed,1,259876.8776773595,2227.0,30336.0,5578.948274074074,7400.335882194249,1.326475084306543,0,100,900,1790583672.7094386,2388.085,3004.68,performance,,32861568.0,31966832.0,29153320.0,0.0,0.0,15.91,15.2,15.22,,,
15,71,sharded_2key,Sharded-2key,3000,read-heavy,1,237096.98758211193,2472.0,83056.0,12161.451247407407,20670.596836010714,1.6996817579988488,0,100,900,1790583680.8579433,2648.879625,3006.231,performance,,32861568.0,31927884.0,29114140.0,0.0,0.0,14.42,14.91,15.12,,,
15,72,disabled,Disabled,3000,mixed,1,233353.57233930135,2554.0,86696.0,12369.250546296296,20927.471639424853,1.691894877631946,0,100,900,1790583696.090887,2300.0,2300.0,performance,,32861568.0,31936612.0,29122504.0,0.0,0.0,16.19,15.29,15.24,,,
15,73,disabled,Disabled,2000,write-heavy,1,251630.10191328774,2314.0,46218.0,7653.254487222222,11539.14653156471,1.50774373840963,0,100,900,1790583711.3626342,2559.183125,2998.899,performance,,32861568.0,31937616.0,29123012.0,0.0,0.0,19.66,16.11,15.51,,,
15,74,hdr_histogram,HdrHistogram,1000,read-heavy,1,291492.41068173357,1991.0,14512.0,3327.4808755555555,3283.543846228536,0.9867957079333525,0,100,900,1790583721.7206588,2388.02125,3004.17,performance,,32861568.0,31941716.0,29127092.0,0.0,0.0,20.81,16.47,15.63,,,
15,75,thread_local,ThreadLocal,3000,read-heavy,1,239225.8488008646,2463.0,84936.0,12044.876324074074,20358.58826826606,1.6902280870726238,0,100,900,1790583727.7116084,2387.687,3001.496,performance,,32861568.0,31926448.0,29111888.0,0.0,0.0,20.5,16.48,15.64,,,
15,76,thread_local,ThreadLocal,250,write-heavy,1,305634.83832686575,786.0,1649.0,802.9888755555555,332.4490384038413,0.4140145007287097,0,100,900,1790583742.8041883,2300.0,2300.0,performance,,32861568.0,31949020.0,29133632.0,0.0,0.0,23.68,17.32,15.93,,,
15,77,sharded_n,Sharded-N,250,mixed,1,292974.34092700604,811.0,1905.0,837.6650844444445,386.41053704983347,0.46129478741030294,0,100,900,1790583745.9609144,2480.98575,3026.978,performance,,32861568.0,31936520.0,29121184.0,0.0,0.0,21.78,17.03,15.84,,,
15,78,hdr_histogram,HdrHistogram,1500,read-heavy,1,263307.32272035215,2164.0,28555.0,5507.242286666667,7379.585595683809,1.3399783796602134,0,100,900,1790583749.15127,2300.0,2300.0,performance,,32861568.0,31959828.0,29144652.0,0.0,0.0,21.78,17.03,15.84,,,
15,79,thread_local,ThreadLocal,100,read-heavy,1,287871.1405867845,327.0,762.0,340.80743333333334,140.1501846711187,0.41122983527780654,0,100,900,1790583757.3961728,2478.009625,3097.079,performance,,32861568.0,31920764.0,29105436.0,0.0,0.0,19.23,16.63,15.72,,,
15,80,hdr_histogram,HdrHistogram,750,write-heavy,1,269986.341390989,2030.0,9474.0,2717.4577955555555,2038.922881936246,0.7503052615098332,0,100,900,1790583760.2347429,2477.39475,3018.178,performance,,32861568.0,31934352.0,29119024.0,0.0,0.0,17.69,16.36,15.64,,,
15,81,sharded_n,Sharded-N,100,write-heavy,1,281830.87103964214,334.0,732.0,348.48001111111114,141.16797096745032,0.40509632250453415,0,100,900,1790583765.3679063,2300.0,2300.0,performance,,32861568.0,31911032.0,29095684.0,0.0,0.0,16.27,16.09,15.56,,,
15,82,sharded_2key,Sharded-2key,100,write-heavy,1,278287.94657910365,336.0,804.0,353.3102222222222,154.81364546018295,0.4381804876361871,0,100,900,1790583768.044361,2300.0,2300.0,performance,,32861568.0,31939084.0,29123712.0,0.0,0.0,16.27,16.09,15.56,,,
15,83,thread_local,ThreadLocal,2000,read-heavy,1,255301.32173374842,2288.0,48779.0,7544.725242777778,11625.624322437567,1.54089432661133,0,100,900,1790583770.7265832,2387.4015,2999.212,performance,,32861568.0,31939184.0,29123776.0,0.0,0.0,14.97,15.82,15.47,,,
15,84,global_mutex,GlobalMutex,1000,read-heavy,1,274489.0639823858,2037.0,15097.0,3542.845081111111,3507.9104789652592,0.9901393932429877,0,100,900,1790583781.1300082,2300.0,2300.0,performance,,32861568.0,31923772.0,29107872.0,0.0,0.0,13.92,15.58,15.4,,,
15,85,disabled,Disabled,3000,read-heavy,1,239053.1854482626,2455.0,81922.0,12086.53760925926,20287.313405650686,1.678504966559569,0,100,900,1790583787.300905,2387.198375,2997.587,performance,,32861568.0,31916900.0,29100972.0,0.0,0.0,14.25,15.62,15.41,,,
15,86,sharded_n,Sharded-N,1000,mixed,1,271103.1282258015,2091.0,15789.0,3574.2159744444443,3584.039641992888,1.0027484817981573,0,100,900,1790583802.4364357,2300.0,2300.0,performance,,32861568.0,31968672.0,29152140.0,0.0,0.0,15.13,15.75,15.46,,,
15,87,thread_local,ThreadLocal,500,read-heavy,1,293193.46331975615,1556.0,4290.0,1671.7212644444444,852.7575953164226,0.5101075241749801,0,100,900,1790583808.4931614,2300.0,2300.0,performance,,32861568.0,31926500.0,29110232.0,0.0,0.0,15.2,15.75,15.46,,,
15,88,sharded_2key,Sharded-2key,2000,read-heavy,1,252769.54872664183,2294.0,47236.0,7605.048787222222,11482.408411349666,1.5098402038711534,0,100,900,1790583812.7258928,2300.0,2300.0,performance,,32861568.0,31921964.0,29105652.0,0.0,0.0,14.86,15.67,15.44,,,
15,89,hdr_histogram,HdrHistogram,250,write-heavy,1,297520.20558228355,797.0,1776.0,823.0302577777778,365.832592287724,0.4444947057906352,0,100,900,1790583823.2061563,2672.501375,3078.404,performance,,32861568.0,31921692.0,29104668.0,0.0,0.0,16.37,15.95,15.53,,,
15,90,sharded_n,Sharded-N,1500,mixed,1,253476.57490853648,2270.0,30808.0,5749.67589037037,7665.814880898306,1.3332603484201795,0,100,900,1790583826.3897567,2387.682,3001.456,performance,,32861568.0,31948664.0,29131580.0,0.0,0.0,16.18,15.92,15.52,,,
15,91,global_mutex,GlobalMutex,3000,write-heavy,1,229028.5816607832,2580.0,74971.0,12600.085164074075,20924.734243887535,1.6606819693210544,0,100,900,1790583834.6947145,2821.963875,3001.214,performance,,32861568.0,31923536.0,29106344.0,0.0,0.0,15.39,15.77,15.48,,,
15,92,global_mutex,GlobalMutex,1500,write-heavy,1,250555.38040662126,2315.0,30769.0,5792.659459259259,7716.468048584974,1.3321114598322552,0,100,900,1790583850.21156,2387.9685,3003.748,performance,,32861568.0,31954556.0,29137108.0,0.0,0.0,15.04,15.71,15.46,,,
15,93,sharded_n,Sharded-N,250,write-heavy,1,292142.36104524834,819.0,1818.0,840.3292488888889,373.38267357607367,0.44432902230854465,0,100,900,1790583858.577898,2475.446125,3003.568,performance,,32861568.0,31914680.0,29097120.0,0.0,0.0,14.96,15.68,15.45,,,
15,94,global_mutex,GlobalMutex,250,write-heavy,1,296192.8777373736,803.0,1752.0,828.4740488888889,354.97163905076076,0.42846440335316754,0,100,900,1790583861.772144,2300.0,2300.0,performance,,32861568.0,31930368.0,29112768.0,0.0,0.0,14.72,15.62,15.43,,,
15,95,thread_local,ThreadLocal,100,write-heavy,1,284213.8073398159,331.0,737.0,344.86117777777775,140.10900708967964,0.4062765429049347,0,100,900,1790583864.9554667,2907.549125,3065.59,performance,,32861568.0,31934504.0,29116988.0,0.0,0.0,13.54,15.36,15.35,,,
15,96,disabled,Disabled,2000,read-heavy,1,252483.03954299315,2291.0,46138.0,7625.3913811111115,11514.495005537021,1.5100201983152792,0,100,900,1790583867.628374,2300.0,2300.0,performance,,32861568.0,31949744.0,29132160.0,0.0,0.0,13.54,15.36,15.35,,,
15,97,thread_local,ThreadLocal,2000,mixed,1,249920.92564392855,2358.0,45630.0,7742.025723333333,11624.155535029508,1.5014359226417968,0,100,900,1790583878.102358,2300.0,2300.0,performance,,32861568.0,31928516.0,29110496.0,0.0,0.0,13.6,15.31,15.34,,,
15,98,sharded_n,Sharded-N,750,write-heavy,1,273297.22763575445,2032.0,9201.0,2691.84308,1985.0763666117175,0.7374413394898626,0,100,900,1790583888.4986725,2387.35525,2998.842,performance,,32861568.0,31937588.0,29119344.0,0.0,0.0,13.03,15.14,15.28,,,
15,99,sharded_2key,Sharded-2key,2000,write-heavy,1,244323.8987097449,2395.0,47437.0,7899.455605555556,12048.837116677634,1.5252743629831766,0,100,900,1790583893.6028938,2300.0,2300.0,performance,,32861568.0,31906076.0,29087856.0,0.0,0.0,13.43,15.18,15.29,,,
15,100,global_mutex,GlobalMutex,500,write-heavy,1,279419.5700724197,1641.0,4461.0,1754.9193066666667,884.7823372227908,0.5041726613079244,0,100,900,1790583904.1779165,2388.123,3004.984,performance,,32861568.0,31940280.0,29121612.0,0.0,0.0,15.01,15.47,15.39,,,
15,101,hdr_histogram,HdrHistogram,2000,write-heavy,1,241361.48124038777,2437.0,48793.0,7999.627451666666,11956.1592213426,1.4945895035213943,0,100,900,1790583908.3151307,2558.20125,2999.564,performance,,32861568.0,31933532.0,29114948.0,0.0,0.0,13.81,15.22,15.31,,,
15,102,hdr_histogram,HdrHistogram,1500,write-heavy,1,252123.4022496916,2311.0,29027.0,5768.541632592593,7581.649442290285,1.31430956473531,0,100,900,1790583918.9942932,2300.0,2300.0,performance,,32861568.0,31915788.0,29096784.0,0.0,0.0,13.8,15.17,15.29,,,
15,103,sharded_2key,Sharded-2key,1500,write-heavy,1,252471.02882273955,2309.0,30834.0,5747.563335555556,7674.442657846435,1.3352515161287264,0,100,900,1790583927.3390627,2300.0,2300.0,performance,,32861568.0,31917252.0,29098140.0,0.0,0.0,13.92,15.14,15.28,,,
15,104,disabled,Disabled,250,write-heavy,1,304460.02022215334,783.0,1763.0,807.9671288888889,345.70633578712363,0.4278717826832098,0,100,900,1790583935.6484735,2387.86,3002.88,performance,,32861568.0,31931136.0,29111836.0,0.0,0.0,13.7,15.07,15.25,,,
15,105,thread_local,ThreadLocal,3000,mixed,1,233342.8461824671,2542.0,84533.0,12351.657234814815,21092.827258075104,1.707692081886965,0,100,900,1790583938.8084278,2387.525625,3000.205,performance,,32861568.0,31945020.0,29125768.0,0.0,0.0,13.7,15.07,15.25,,,
15,106,thread_local,ThreadLocal,250,read-heavy,1,308760.4482597362,782.0,1627.0,793.3171777777778,331.5166479405811,0.41788663756055056,0,100,900,1790583954.0517168,3007.973875,3068.614,performance,,32861568.0,31953344.0,29133568.0,0.0,0.0,18.58,16.11,15.6,,,
15,107,disabled,Disabled,750,mixed,1,273795.1227124125,1989.0,9484.0,2672.214668148148,2015.0718319179448,0.7540830667299626,0,100,900,1790583957.3556876,2567.27125,3039.849,performance,,32861568.0,31939116.0,29119308.0,0.0,0.0,17.09,15.85,15.51,,,
15,108,thread_local,ThreadLocal,1500,mixed,1,260322.71281501473,2207.0,30493.0,5572.026536296296,7487.721863376736,1.3438058513543611,0,100,900,1790583962.4490116,2300.0,2300.0,performance,,32861568.0,31916060.0,29096412.0,0.0,0.0,17.16,15.88,15.52,,,
15,109,sharded_2key,Sharded-2key,750,read-heavy,1,278962.6921321137,1991.0,9175.0,2628.755536296296,1969.4834100297778,0.7492075177156338,0,100,900,1790583970.5910883,2624.857625,2976.602,performance,,32861568.0,31932196.0,29112076.0,0.0,0.0,15.7,15.62,15.44,,,
15,110,sharded_n,Sharded-N,500,read-heavy,1,302343.87615298235,1525.0,4010.0,1621.31138,795.4199954253435,0.490602857191654,0,100,900,1790583975.7930148,2300.0,2300.0,performance,,32861568.0,31934708.0,29114720.0,0.0,0.0,14.45,15.36,15.36,,,
15,111,hdr_histogram,HdrHistogram,750,mixed,1,276962.21955326747,1966.0,9444.0,2644.811985185185,2016.823770965267,0.7625584662586337,0,100,900,1790583979.981667,2386.960125,2995.681,performance,,32861568.0,31919360.0,29099372.0,0.0,0.0,13.29,15.11,15.28,,,
15,112,global_mutex,GlobalMutex,1000,mixed,1,266976.2425085747,2188.0,15374.0,3648.932598888889,3579.7589177452023,0.981042762706894,0,100,900,1790583985.0474792,2474.748625,3000.001,performance,,32861568.0,31915612.0,29095524.0,0.0,0.0,12.22,14.85,15.2,,,
15,113,disabled,Disabled,1500,read-heavy,1,264388.68746844743,2159.0,29545.0,5478.728761481481,7404.385024449537,1.3514786635371498,0,100,900,1790583991.1562443,2300.0,2300.0,performance,,32861568.0,31906996.0,29086548.0,0.0,0.0,11.24,14.61,15.11,,,
15,114,sharded_2key,Sharded-2key,2000,mixed,1,250123.54911765616,2334.0,47703.0,7712.024293888889,11723.923730970473,1.520213537224029,0,100,900,1790583999.3886855,2554.848625,2998.213,performance,,32861568.0,31920552.0,29099748.0,0.0,0.0,10.1,14.26,14.99,,,
15,115,disabled,Disabled,750,write-heavy,1,281026.7690791552,1937.0,9217.0,2605.8242014814814,1956.638370273795,0.7508712096393123,0,100,900,1790584009.762695,2387.566125,3000.529,performance,,32861568.0,31926492.0,29105460.0,0.0,0.0,10.17,14.15,14.95,,,
15,116,thread_local,ThreadLocal,500,mixed,1,288142.95634187845,1575.0,4353.0,1698.7221577777777,854.7646563499544,0.5031809660198548,0,100,900,1790584014.7889552,2737.695,3013.502,performance,,32861568.0,31945368.0,29124516.0,0.0,0.0,9.36,13.91,14.87,,,
15,117,sharded_n,Sharded-N,3000,mixed,1,231074.77602782712,2575.0,72960.0,12490.762627777778,21146.86977099553,1.6930006918847158,0,100,900,1790584018.872734,2396.831625,3074.653,performance,,32861568.0,31949432.0,29128596.0,0.0,0.0,9.36,13.91,14.87,,,
15,118,thread_local,ThreadLocal,250,mixed,1,297137.72812684695,797.0,1820.0,825.8943511111111,360.0290810387419,0.43592631497525,0,100,900,1790584034.3039556,2300.0,2300.0,performance,,32861568.0,31936180.0,29114376.0,0.0,0.0,11.66,14.19,14.95,,,
15,119,hdr_histogram,HdrHistogram,1000,write-heavy,1,262256.87588872644,2172.0,15723.0,3713.354621111111,3654.8217413329894,0.9842371963492655,0,100,900,1790584037.4789128,2387.962375,3003.699,performance,,32861568.0,31936840.0,29115224.0,0.0,0.0,10.73,13.96,14.87,,,
15,120,sharded_2key,Sharded-2key,100,mixed,1,281720.0040472522,334.0,733.0,348.55156666666664,143.67350620824973,0.4122015791874213,0,100,900,1790584043.6435149,2737.616375,3035.326,performance,,32861568.0,31892972.0,29071380.0,0.0,0.0,11.15,13.99,14.87,,,
15,121,thread_local,ThreadLocal,100,mixed,1,277477.07826601097,333.0,923.0,353.6443888888889,160.3386261129649,0.4533894249438848,0,100,900,1790584046.315616,2387.406125,2999.249,performance,,32861568.0,31926920.0,29105300.0,0.0,0.0,12.5,14.23,14.94,,,
15,122,thread_local,ThreadLocal,1000,write-heavy,1,272584.2341504023,2078.0,15091.0,3566.4922055555558,3500.659228386669,0.9815412530367126,0,100,900,1790584048.995383,2634.3205,2974.489,performance,,32861568.0,31927256.0,29105636.0,0.0,0.0,12.5,14.23,14.94,,,
15,123,disabled,Disabled,250,read-heavy,1,305637.17905832786,780.0,1669.0,802.6009022222222,340.893416158437,0.4247358995169074,0,100,900,1790584055.0351367,2389.0285,3012.228,performance,,32861568.0,31926640.0,29104796.0,0.0,0.0,12.49,14.18,14.92,,,
15,124,disabled,Disabled,1500,write-heavy,1,255998.27452156783,2273.0,30696.0,5673.540179259259,7524.675262270367,1.3262751341355254,0,100,900,1790584058.3645287,2476.168625,3006.35,performance,,32861568.0,31936600.0,29114840.0,0.0,0.0,12.49,14.18,14.92,,,
15,125,disabled,Disabled,3000,write-heavy,1,230613.2164146146,2598.0,88589.0,12549.196378518518,20976.943897600257,1.6715766703203563,0,100,900,1790584066.6008992,2386.081875,2988.655,performance,,32861568.0,31897304.0,29075072.0,0.0,0.0,13.94,14.45,15.0,,,
15,126,disabled,Disabled,250,mixed,1,245282.78070194402,934.0,2751.0,999.8529466666666,510.35726621862995,0.5104323269937555,0,100,900,1790584082.0196137,2474.9965,3000.151,performance,,32861568.0,31883252.0,29034444.0,0.0,0.0,20.36,15.9,15.47,,,
15,127,hdr_histogram,HdrHistogram,500,mixed,1,254522.82852522496,1705.0,5807.0,1925.9218466666666,1155.711484170353,0.6000822339549381,0,100,900,1790584085.364223,2648.976375,3000.001,performance,,32861568.0,31870232.0,29046788.0,0.0,0.0,18.81,15.65,15.39,,,
15,128,thread_local,ThreadLocal,1000,mixed,1,272887.60436610307,2083.0,15479.0,3563.5017955555554,3614.295965776946,1.014254004385445,0,100,900,1790584089.6797402,2387.781375,3002.251,performance,,32861568.0,31912196.0,29088804.0,0.0,0.0,17.3,15.39,15.31,,,
15,129,global_mutex,GlobalMutex,2000,read-heavy,1,250925.5966366785,2326.0,43569.0,7661.687381111111,11608.078816761554,1.5150812398558253,0,100,900,1790584095.7006824,2653.912875,3020.286,performance,,32861568.0,31900276.0,29076540.0,0.0,0.0,15.92,15.14,15.23,,,
15,130,sharded_2key,Sharded-2key,250,write-heavy,1,287415.075647303,827.0,1974.0,855.3378888888889,383.8438730590356,0.4487628550603096,0,100,900,1790584106.2532852,2300.0,2300.0,performance,,32861568.0,31932660.0,29108600.0,0.0,0.0,15.24,15.03,15.19,,,
15,131,sharded_n,Sharded-N,100,mixed,1,277940.3797626643,336.0,806.0,352.41892222222225,149.16684033962667,0.4232656958344808,0,100,900,1790584109.4535732,2648.17375,3010.093,performance,,32861568.0,31944188.0,29120228.0,0.0,0.0,14.02,14.78,15.11,,,
15,132,hdr_histogram,HdrHistogram,1500,mixed,1,259988.31890971196,2235.0,30672.0,5576.864632592593,7544.138834561724,1.3527563122963193,0,100,900,1790584112.1363778,2300.0,2300.0,performance,,32861568.0,31954800.0,29130844.0,0.0,0.0,14.02,14.78,15.11,,,
15,133,hdr_histogram,HdrHistogram,3000,mixed,1,229938.53851277317,2579.0,89451.0,12522.584472962963,21197.26201663301,1.6927226214683728,0,100,900,1790584120.30261,2392.74175,3041.934,performance,,32861568.0,31915420.0,29091048.0,0.0,0.0,13.19,14.59,15.05,,,
15,134,disabled,Disabled,1000,read-heavy,1,277035.0280565378,2048.0,14821.0,3512.66172,3454.4902471138853,0.9834394890476061,0,100,900,1790584135.7585182,2387.827875,3002.623,performance,,32861568.0,31932488.0,29107752.0,0.0,0.0,13.97,14.72,15.08,,,
15,135,hdr_histogram,HdrHistogram,250,mixed,1,283153.22965259606,831.0,2024.0,866.6726177777778,397.2814079281861,0.45839847686298135,0,100,900,1790584141.905438,2392.91275,3043.302,performance,,32861568.0,31919248.0,29094560.0,0.0,0.0,14.13,14.74,15.09,,,
15,136,global_mutex,GlobalMutex,2000,mixed,1,242762.8411690853,2413.0,50671.0,7946.31136,11999.911943691633,1.5101235529350858,0,100,900,1790584145.1236684,2387.53025,3000.242,performance,,32861568.0,31948616.0,29123980.0,0.0,0.0,13.0,14.49,15.01,,,
15,137,sharded_n,Sharded-N,100,read-heavy,1,273485.53374567174,342.0,857.0,358.0981777777778,154.6958187791451,0.4319927561182495,0,100,900,1790584155.7452283,2475.6965,3003.144,performance,,32861568.0,31920200.0,29095096.0,0.0,0.0,12.18,14.28,14.93,,,
15,138,sharded_2key,Sharded-2key,1000,read-heavy,1,274925.18074633734,2033.0,14818.0,3538.756046666667,3496.607036506867,0.9880893145489636,0,100,900,1790584158.605555,2389.209,3013.672,performance,,32861568.0,31940004.0,29114868.0,0.0,0.0,12.18,14.28,14.93,,,
15,139,sharded_n,Sharded-N,250,read-heavy,1,296221.44584234257,801.0,1769.0,827.9938622222222,364.55961505013937,0.44029265394759237,0,100,900,1790584164.78942,2387.527125,3000.217,performance,,32861568.0,31898908.0,29073836.0,0.0,0.0,11.19,14.0,14.83,,,
15,140,disabled,Disabled,2000,mixed,1,248365.93730314964,2355.0,48532.0,7786.845093888889,11858.827868330947,1.5229310106140095,0,100,900,1790584168.142065,2300.0,2300.0,performance,,32861568.0,31927356.0,29102308.0,0.0,0.0,11.19,14.0,14.83,,,
15,141,global_mutex,GlobalMutex,500,mixed,1,278299.99655495526,1650.0,4397.0,1762.6936777777778,882.229949580655,0.5005010006576296,0,100,900,1790584178.588842,2389.29,3014.32,performance,,32861568.0,31924792.0,29099188.0,0.0,0.0,29.71,17.99,16.13,,,
15,142,disabled,Disabled,500,write-heavy,1,281250.3445316721,1588.0,4820.0,1743.30228,941.1768542083952,0.5398816172077714,0,100,900,1790584182.7290413,2469.7745,3014.852,performance,,32861568.0,31937260.0,29111900.0,0.0,0.0,28.29,17.89,16.11,,,
15,143,thread_local,ThreadLocal,2000,write-heavy,1,247297.1988902784,2369.0,47832.0,7807.7818005555555,11847.4125197308,1.517385196252258,0,100,900,1790584186.842206,2561.773875,3004.287,performance,,32861568.0,31931200.0,29105724.0,0.0,0.0,26.75,17.74,16.07,,,
15,144,thread_local,ThreadLocal,3000,write-heavy,1,228879.94203110575,2571.0,87063.0,12612.252648888889,21333.670930107433,1.691503613510857,0,100,900,1790584197.3081076,2563.773,3011.055,performance,,32861568.0,31950088.0,29124028.0,0.0,0.0,25.03,17.68,16.07,,,
