{
  "timestamp": "1776685424",
  "runs_per_config": 1,
  "results": [
    {
      "name": "Mixed (50% GET / 50% SET)",
      "concurrency": 1000,
      "target": "RustRedis",
      "runs": 1,
      "ops_per_sec_mean": 58900.05473042169,
      "ops_per_sec_stddev": 0.0,
      "p50_us_mean": 5745.0,
      "p50_us_stddev": 0.0,
      "p99_us_mean": 144603.0,
      "p99_us_stddev": 0.0,
      "max_us_mean": 376837.0,
      "max_us_stddev": 0.0,
      "total_errors": 0,
      "per_run": [
        {
          "name": "Mixed (50% GET / 50% SET)",
          "concurrency": 1000,
          "warmup_ops_per_client": 100,
          "measured_ops_per_client": 900,
          "total_ops": 900000,
          "duration_secs": 15.280121625,
          "ops_per_sec": 58900.05473042169,
          "p50_us": 5745.0,
          "p95_us": 65183.0,
          "p99_us": 144603.0,
          "max_us": 376837.0,
          "avg_us": 16407.934077777776,
          "latency_stddev_us": 28304.041968282603,
          "latency_cv": 1.7250216775685625,
          "errors": 0,
          "target": "RustRedis"
        }
      ]
    }
  ],
  "memory_samples": [
    {
      "elapsed_secs": 0.002150958,
      "rss_bytes": 0,
      "vsize_bytes": 0,
      "label": "idle"
    },
    {
      "elapsed_secs": 16.874277958,
      "rss_bytes": 0,
      "vsize_bytes": 0,
      "label": "mixed_c1000"
    }
  ]
}