{
  "timestamp": "1776687812",
  "runs_per_config": 1,
  "results": [
    {
      "name": "Mixed (50% GET / 50% SET)",
      "concurrency": 1000,
      "target": "RustRedis",
      "runs": 1,
      "ops_per_sec_mean": 76642.00900666778,
      "ops_per_sec_stddev": 0.0,
      "p50_us_mean": 5086.0,
      "p50_us_stddev": 0.0,
      "p99_us_mean": 116547.0,
      "p99_us_stddev": 0.0,
      "max_us_mean": 381593.0,
      "max_us_stddev": 0.0,
      "total_errors": 0,
      "per_run": [
        {
          "name": "Mixed (50% GET / 50% SET)",
          "concurrency": 1000,
          "warmup_ops_per_client": 100,
          "measured_ops_per_client": 900,
          "total_ops": 900000,
          "duration_secs": 11.742907208,
          "ops_per_sec": 76642.00900666778,
          "p50_us": 5086.0,
          "p95_us": 51975.0,
          "p99_us": 116547.0,
          "max_us": 381593.0,
          "avg_us": 12586.675897777777,
          "latency_stddev_us": 21805.420188726923,
          "latency_cv": 1.7324208842603748,
          "errors": 0,
          "target": "RustRedis"
        }
      ]
    }
  ],
  "memory_samples": [
    {
      "elapsed_secs": 0.005374709,
      "rss_bytes": 0,
      "vsize_bytes": 0,
      "label": "idle"
    },
    {
      "elapsed_secs": 13.397058584,
      "rss_bytes": 0,
      "vsize_bytes": 0,
      "label": "mixed_c1000"
    }
  ]
}