block_id,order_in_block,strategy,strategy_label,concurrency,run_id,throughput,p50,p99,avg_latency,latency_stddev,latency_cv,errors,warmup_ops_per_client,measured_ops_per_client,unix_time,cpu_freq_mean_mhz,cpu_freq_max_mhz,cpu_governor,temp_max_celsius,mem_total_kb,mem_available_kb,mem_free_kb,swap_total_kb,swap_free_kb,load_1m,load_5m,load_15m,ac_online,battery_status,battery_capacity_pct
1,1,global_mutex,GlobalMutex,200,1,188724.748719052,1004.0,2539.0,1044.0086722222222,483.60811747778723,0.4632223183054642,0,100,900,1790543212.809205,3180.42325,3599.963,performance,,16372440.0,15708184.0,13816312.0,0.0,0.0,6.81,4.69,2.05,,,
1,2,global_mutex,GlobalMutex,100,1,190785.1331829678,489.0,1310.0,516.4350333333333,243.3907193789483,0.47129010169581503,0,100,900,1790543216.1916807,2629.08625,3616.345,performance,,16372440.0,15710120.0,13818176.0,0.0,0.0,6.34,4.63,2.05,,,
1,3,sharded_n,Sharded-N,600,1,181615.6880309353,2806.0,8960.0,3240.1160944444446,1936.130109962889,0.5975496104237157,0,100,900,1790543219.0289633,2300.0,2300.0,performance,,16372440.0,15697612.0,13805664.0,0.0,0.0,6.34,4.63,2.05,,,
1,4,sharded_n,Sharded-N,700,1,182844.06037042793,3059.0,11580.0,3747.061741269841,2526.403791344626,0.6742359656151418,0,100,900,1790543224.6719577,3217.4785,3600.346,performance,,16372440.0,15700648.0,13808560.0,0.0,0.0,6.48,4.69,2.08,,,
1,5,disabled,Disabled,1000,1,183420.24953550915,3295.0,21005.0,5306.563843333333,5137.820055924535,0.9682009314519429,0,100,900,1790543230.844919,2608.779,3535.116,performance,,16372440.0,15694416.0,13802292.0,0.0,0.0,6.22,4.7,2.11,,,
1,6,thread_local,ThreadLocal,400,1,187215.58656626195,1929.0,5256.0,2098.769691666667,1105.4153957815233,0.5266968549101236,0,100,900,1790543238.647681,2767.46275,3501.927,performance,,16372440.0,15699584.0,13807248.0,0.0,0.0,6.2,4.72,2.13,,,
1,7,sharded_2key,Sharded-2key,600,1,185302.60247155678,2728.0,8819.0,3168.0860925925926,1949.4285539429907,0.6153332002248975,0,100,900,1790543243.118474,2460.09625,2940.385,performance,,16372440.0,15700432.0,13808096.0,0.0,0.0,6.66,4.84,2.18,,,
1,8,thread_local,ThreadLocal,600,1,185813.76485907254,2749.0,8641.0,3154.658335185185,1869.6305863521495,0.5926570765205856,0,100,900,1790543248.7029345,3124.40575,3493.3,performance,,16372440.0,15695464.0,13803028.0,0.0,0.0,6.93,4.92,2.23,,,
1,9,global_mutex,GlobalMutex,500,1,187194.67378738566,2408.0,6683.0,2626.6294044444444,1432.5055345626085,0.5453778641702202,0,100,900,1790543254.2811987,2300.0,2300.0,performance,,16372440.0,15695852.0,13803360.0,0.0,0.0,7.18,5.01,2.27,,,
1,10,global_mutex,GlobalMutex,600,1,189061.79650247755,2739.0,8946.0,3128.7195925925926,1888.3823085893791,0.6035639349273176,0,100,900,1790543259.2857873,2300.0,2300.0,performance,,16372440.0,15690668.0,13797872.0,0.0,0.0,8.93,5.41,2.41,,,
1,11,thread_local,ThreadLocal,700,1,186122.04059780925,3011.0,11303.0,3690.3990619047618,2488.142783793882,0.6742205225116366,0,100,900,1790543264.8164845,2539.2075,3256.83,performance,,16372440.0,15706304.0,13813420.0,0.0,0.0,8.77,5.43,2.44,,,
1,12,global_mutex,GlobalMutex,300,1,187698.80418642107,1492.0,3710.0,1569.081425925926,761.1452147693353,0.48508968508130684,0,100,900,1790543270.9258096,2930.628,3563.193,performance,,16372440.0,15682660.0,13789652.0,0.0,0.0,8.16,5.42,2.46,,,
1,13,thread_local,ThreadLocal,500,1,187571.10969262244,2423.0,6626.0,2635.986791111111,1414.0422745991093,0.5364375418600135,0,100,900,1790543274.8476844,2569.98875,3379.955,performance,,16372440.0,15701028.0,13808032.0,0.0,0.0,8.16,5.42,2.46,,,
1,14,sharded_n,Sharded-N,400,1,185133.1501040034,1977.0,5313.0,2121.446261111111,1094.9541842787285,0.5161357156910702,0,100,900,1790543279.8580036,2300.0,2300.0,performance,,16372440.0,15695264.0,13802176.0,0.0,0.0,8.71,5.58,2.53,,,
1,15,thread_local,ThreadLocal,200,1,194268.68461881348,956.0,2590.0,1011.7612888888889,495.6426533675534,0.48988102115654736,0,100,900,1790543284.3442807,2628.24,3612.96,performance,,16372440.0,15699552.0,13806440.0,0.0,0.0,12.25,6.37,2.8,,,
1,16,thread_local,ThreadLocal,100,1,190176.2995575929,484.0,1423.0,516.7342666666667,265.43886193980916,0.5136854260742062,0,100,900,1790543287.692178,2300.0,2300.0,performance,,16372440.0,15696272.0,13803160.0,0.0,0.0,12.15,6.44,2.85,,,
1,17,global_mutex,GlobalMutex,1000,1,183673.36435657815,3260.0,22014.0,5354.6892333333335,5278.986249935283,0.985862301228091,0,100,900,1790543290.533394,3072.92525,3564.171,performance,,16372440.0,15711944.0,13818808.0,0.0,0.0,11.18,6.34,2.83,,,
1,18,sharded_n,Sharded-N,500,1,185659.27102353532,2402.0,6903.0,2647.0651022222223,1456.7053932497827,0.5503096210315614,0,100,900,1790543298.376671,2300.0,2300.0,performance,,16372440.0,15699972.0,13806656.0,0.0,0.0,11.25,6.43,2.88,,,
1,19,sharded_2key,Sharded-2key,200,1,187057.02713642112,1000.0,2660.0,1050.2069277777778,506.30267701774943,0.48209801671093366,0,100,900,1790543303.4069242,2300.0,2300.0,performance,,16372440.0,15697076.0,13803736.0,0.0,0.0,10.99,6.46,2.91,,,
1,20,disabled,Disabled,500,1,188101.76977393488,2303.0,7306.0,2605.7961044444446,1552.7999241746743,0.5959023123590597,0,100,900,1790543306.789266,2300.0,2300.0,performance,,16372440.0,15701368.0,13807980.0,0.0,0.0,10.11,6.35,2.89,,,
1,21,sharded_2key,Sharded-2key,400,1,187972.91577205263,1969.0,5192.0,2105.4266444444443,1085.4013590359382,0.5155256118278779,0,100,900,1790543311.7802184,2300.0,2300.0,performance,,16372440.0,15697652.0,13804168.0,0.0,0.0,9.3,6.24,2.88,,,
1,22,sharded_n,Sharded-N,200,1,186399.811036156,1006.0,2597.0,1057.9915777777778,501.1921351514918,0.4737203449239205,0,100,900,1790543316.2502394,2300.0,2300.0,performance,,16372440.0,15701180.0,13807660.0,0.0,0.0,8.55,6.14,2.86,,,
1,23,hdr_histogram,HdrHistogram,200,1,190827.87312062507,989.0,2678.0,1035.2187111111111,493.4658100409479,0.47667783121047513,0,100,900,1790543319.634469,2584.17225,3436.689,performance,,16372440.0,15710656.0,13817100.0,0.0,0.0,8.55,6.14,2.86,,,
1,24,disabled,Disabled,700,1,184231.5892117183,3016.0,11362.0,3707.9451063492065,2496.507770973222,0.673286065292172,0,100,900,1790543323.006485,3543.3995,3616.564,performance,,16372440.0,15696724.0,13803152.0,0.0,0.0,8.99,6.27,2.92,,,
1,25,sharded_2key,Sharded-2key,1000,1,182468.365742764,3263.0,21641.0,5342.921683333333,5197.431857144298,0.9727696128051297,0,100,900,1790543329.1451116,2300.0,2300.0,performance,,16372440.0,15689524.0,13795864.0,0.0,0.0,9.15,6.35,2.97,,,
1,26,thread_local,ThreadLocal,1000,1,182483.85138810767,3272.0,21979.0,5367.999576666667,5253.563286564067,0.9786817624576527,0,100,900,1790543336.9726703,2626.8375,3607.35,performance,,16372440.0,15692132.0,13798312.0,0.0,0.0,8.33,6.27,2.98,,,
1,27,hdr_histogram,HdrHistogram,1000,1,183576.16495391485,3301.0,21823.0,5317.4882566666665,5194.342336489977,0.9768413366926955,0,100,900,1790543344.8297765,2625.6495,3602.598,performance,,16372440.0,15688804.0,13794848.0,0.0,0.0,8.39,6.32,3.01,,,
1,28,thread_local,ThreadLocal,300,1,190162.87597527434,1482.0,3711.0,1552.3306,746.2557914650647,0.48073251372166775,0,100,900,1790543352.6386547,3181.069,3435.371,performance,,16372440.0,15682600.0,13788536.0,0.0,0.0,8.87,6.49,3.1,,,
1,29,disabled,Disabled,600,1,185002.8407134802,2756.0,9222.0,3180.628672222222,1995.9611094974389,0.6275366649772773,0,100,900,1790543356.5356941,2300.0,2300.0,performance,,16372440.0,15699192.0,13805128.0,0.0,0.0,8.16,6.38,3.08,,,
1,30,sharded_n,Sharded-N,100,1,184542.81329601197,503.0,1396.0,532.6832555555555,274.3072582998467,0.5149537843342968,0,100,900,1790543362.1062968,2590.31875,3461.275,performance,,16372440.0,15698796.0,13804620.0,0.0,0.0,7.5,6.27,3.07,,,
1,31,disabled,Disabled,100,1,191626.85111378485,488.0,1290.0,513.5577111111111,249.54376103283676,0.48591181795894905,0,100,900,1790543364.958679,2300.0,2300.0,performance,,16372440.0,15700408.0,13806220.0,0.0,0.0,7.5,6.27,3.07,,,
1,32,sharded_2key,Sharded-2key,500,1,186315.13588018756,2397.0,6924.0,2639.2040688888887,1467.3931479204841,0.5559983652716405,0,100,900,1790543367.7951896,2300.0,2300.0,performance,,16372440.0,15706656.0,13812444.0,0.0,0.0,7.3,6.25,3.08,,,
1,33,global_mutex,GlobalMutex,400,1,188750.99123631665,1930.0,5209.0,2076.774786111111,1101.4940431327207,0.5303868529699054,0,100,900,1790543372.815015,2973.173,3665.75,performance,,16372440.0,15701580.0,13807312.0,0.0,0.0,8.0,6.41,3.15,,,
1,34,hdr_histogram,HdrHistogram,100,1,184889.3872739821,504.0,1399.0,532.5984444444445,265.9314596182733,0.4993094936573979,0,100,900,1790543377.26266,2976.8695,3669.304,performance,,16372440.0,15707416.0,13813108.0,0.0,0.0,7.36,6.31,3.13,,,
1,35,disabled,Disabled,200,1,191140.9871222912,971.0,2774.0,1029.0828166666668,510.54574254423363,0.49611725536138845,0,100,900,1790543380.1207397,2300.0,2300.0,performance,,16372440.0,15710388.0,13816052.0,0.0,0.0,7.36,6.31,3.13,,,
1,36,sharded_2key,Sharded-2key,100,1,182339.478969315,507.0,1538.0,541.8734444444444,286.4986033315178,0.5287186634976188,0,100,900,1790543383.4866493,2504.16275,3116.651,performance,,16372440.0,15704124.0,13809796.0,0.0,0.0,7.65,6.39,3.17,,,
1,37,global_mutex,GlobalMutex,700,1,182552.55248773374,3007.0,11894.0,3749.4122253968253,2585.0319840325,0.6894499267172227,0,100,900,1790543386.353639,2556.67425,3326.697,performance,,16372440.0,15699232.0,13804872.0,0.0,0.0,7.04,6.28,3.16,,,
1,38,hdr_histogram,HdrHistogram,400,1,187992.89111984184,1927.0,5375.0,2091.642986111111,1109.6552324314937,0.5305184679220143,0,100,900,1790543392.5241203,2300.0,2300.0,performance,,16372440.0,15694016.0,13799456.0,0.0,0.0,6.55,6.19,3.14,,,
1,39,hdr_histogram,HdrHistogram,600,1,186123.6843107619,2765.0,8707.0,3140.222588888889,1905.056676300017,0.606662942633658,0,100,900,1790543396.9844036,2576.63925,3406.557,performance,,16372440.0,15697940.0,13803428.0,0.0,0.0,6.03,6.09,3.13,,,
1,40,sharded_n,Sharded-N,300,1,187702.73746603885,1490.0,3801.0,1567.2817296296296,773.7730802144912,0.49370388589762004,0,100,900,1790543402.5518107,3178.7635,3519.783,performance,,16372440.0,15689788.0,13795124.0,0.0,0.0,6.83,6.25,3.2,,,
1,41,disabled,Disabled,300,1,189585.16201534017,1469.0,3760.0,1547.4973555555555,758.0377135621557,0.4898475017361294,0,100,900,1790543406.4843466,3191.065,3692.392,performance,,16372440.0,15690876.0,13796212.0,0.0,0.0,6.28,6.15,3.18,,,
1,42,disabled,Disabled,400,1,187274.7133967294,1974.0,5180.0,2097.5760472222223,1078.9575521635309,0.5143830439865923,0,100,900,1790543410.3948736,2300.0,2300.0,performance,,16372440.0,15697960.0,13803216.0,0.0,0.0,6.28,6.15,3.18,,,
1,43,hdr_histogram,HdrHistogram,500,1,187015.9631801675,2401.0,6916.0,2628.89034,1487.8890976679315,0.5659760983670135,0,100,900,1790543414.8549426,2780.7375,3312.564,performance,,16372440.0,15703044.0,13808280.0,0.0,0.0,5.78,6.05,3.16,,,
1,44,sharded_2key,Sharded-2key,700,1,183340.21263158208,3084.0,11704.0,3748.8224142857143,2521.3053927507526,0.6725593037276886,0,100,900,1790543419.8730278,2300.0,2300.0,performance,,16372440.0,15684544.0,13789688.0,0.0,0.0,6.28,6.15,3.21,,,
1,45,sharded_n,Sharded-N,1000,1,183554.38866540883,3235.0,21603.0,5307.400735555556,5201.268341549535,0.9800029431930748,0,100,900,1790543426.037869,2951.383,3637.471,performance,,16372440.0,15687540.0,13792568.0,0.0,0.0,5.83,6.06,3.21,,,
1,46,hdr_histogram,HdrHistogram,300,1,184995.191317217,1465.0,4323.0,1595.7363407407408,871.5523441327927,0.5461756568934302,0,100,900,1790543433.841144,3279.95675,3612.228,performance,,16372440.0,15692444.0,13797408.0,0.0,0.0,5.76,6.04,3.22,,,
1,47,sharded_2key,Sharded-2key,300,1,187882.51536245915,1492.0,3871.0,1577.8504888888888,777.1929218606307,0.4925643635652225,0,100,900,1790543437.7864513,2857.516,3584.654,performance,,16372440.0,15695624.0,13800560.0,0.0,0.0,13.95,7.73,3.79,,,
1,48,hdr_histogram,HdrHistogram,700,1,181121.74107198484,3120.0,11495.0,3797.8491365079367,2507.1030155321478,0.6601376003675044,0,100,900,1790543441.7134013,2457.444,2929.776,performance,,16372440.0,15699492.0,13804348.0,0.0,0.0,12.83,7.6,3.77,,,
2,1,global_mutex,GlobalMutex,1000,1,181560.0253227335,3335.0,21809.0,5361.735746666666,5199.933038895626,0.9698227000702839,0,100,900,1790543447.9356415,3243.43425,3601.652,performance,,16372440.0,15684996.0,13789728.0,0.0,0.0,12.28,7.58,3.78,,,
2,2,hdr_histogram,HdrHistogram,100,1,188545.11578968263,490.0,1511.0,520.9545777777778,270.78370372203705,0.5197837110427399,0,100,900,1790543455.8033404,3524.341,3598.321,performance,,16372440.0,15687204.0,13791808.0,0.0,0.0,11.5,7.57,3.82,,,
2,3,thread_local,ThreadLocal,100,1,151728.12492759724,603.0,1740.0,646.1080444444444,373.8454313064302,0.5786113244076398,0,100,900,1790543458.649542,2550.4755,3301.902,performance,,16372440.0,15705728.0,13802888.0,0.0,0.0,11.5,7.57,3.82,,,
2,4,disabled,Disabled,100,1,190156.1618814365,492.0,1251.0,518.8249777777778,243.7175255468735,0.4697490213188274,0,100,900,1790543461.6235452,3178.79525,3592.291,performance,,16372440.0,15496180.0,13562140.0,0.0,0.0,10.66,7.46,3.8,,,
2,5,thread_local,ThreadLocal,400,1,187964.97738381897,1965.0,4999.0,2085.3428805555554,1050.9996688380509,0.5039936974575876,0,100,900,1790543464.4662642,3276.27575,3604.019,performance,,16372440.0,15491360.0,13557300.0,0.0,0.0,10.66,7.46,3.8,,,
2,6,hdr_histogram,HdrHistogram,600,1,183473.53634061982,2845.0,8727.0,3204.588448148148,1909.5531403798864,0.595880928636365,0,100,900,1790543468.918296,2454.90975,2919.639,performance,,16372440.0,15490952.0,13556760.0,0.0,0.0,10.61,7.51,3.84,,,
2,7,global_mutex,GlobalMutex,300,1,189871.6908505079,1469.0,3801.0,1555.423737037037,767.0220298696886,0.49312737847938903,0,100,900,1790543474.5336635,2577.8145,3411.258,performance,,16372440.0,15649952.0,13715716.0,0.0,0.0,10.64,7.56,3.87,,,
2,8,sharded_2key,Sharded-2key,1000,1,182901.11188496076,3269.0,21482.0,5322.535942222222,5167.238914255504,0.9708227375723686,0,100,900,1790543478.4376647,2578.25275,3413.011,performance,,16372440.0,15679560.0,13745276.0,0.0,0.0,10.83,7.65,3.92,,,
2,9,disabled,Disabled,600,1,184987.7270903043,2697.0,9352.0,3180.2255111111112,2055.595294342397,0.6463677771153439,0,100,900,1790543486.2629375,2300.0,2300.0,performance,,16372440.0,15665640.0,13731152.0,0.0,0.0,10.05,7.6,3.95,,,
2,10,sharded_n,Sharded-N,600,1,185252.10223416652,2796.0,8726.0,3180.780209259259,1858.831241223577,0.5843947456075446,0,100,900,1790543491.835302,2526.04725,3204.189,performance,,16372440.0,15681056.0,13746504.0,0.0,0.0,9.24,7.47,3.92,,,
2,11,sharded_2key,Sharded-2key,700,1,181735.29012328017,3034.0,11697.0,3777.4962142857144,2582.245001126242,0.6835863902022515,0,100,900,1790543497.4114542,2556.38,3325.52,performance,,16372440.0,15682952.0,13748276.0,0.0,0.0,8.5,7.35,3.9,,,
2,12,sharded_n,Sharded-N,400,1,185897.1201867943,1958.0,5355.0,2111.983458333333,1107.1175482502974,0.524207490301073,0,100,900,1790543503.5808458,2300.0,2300.0,performance,,16372440.0,15684452.0,13749712.0,0.0,0.0,8.62,7.39,3.94,,,
2,13,sharded_n,Sharded-N,200,1,190764.654087131,999.0,2468.0,1038.9820944444446,474.53258430717705,0.45672835638319154,0,100,900,1790543508.0656312,2589.67675,3458.707,performance,,16372440.0,15682832.0,13748064.0,0.0,0.0,9.05,7.5,3.99,,,
2,14,sharded_n,Sharded-N,100,1,185190.42386408907,501.0,1472.0,530.8349666666667,266.2819383834136,0.5016284817398307,0,100,900,1790543511.4454627,2551.82875,3307.315,performance,,16372440.0,15690664.0,13755892.0,0.0,0.0,8.33,7.38,3.97,,,
2,15,global_mutex,GlobalMutex,600,1,185137.50408764323,2778.0,9061.0,3174.775611111111,1902.6290735016469,0.5992956059139445,0,100,900,1790543514.2990298,2713.9625,3146.077,performance,,16372440.0,15693276.0,13758508.0,0.0,0.0,8.33,7.38,3.97,,,
2,16,disabled,Disabled,700,1,187651.70953776833,2966.0,11233.0,3655.1057285714287,2474.6368890585027,0.6770356517226375,0,100,900,1790543519.8774917,2585.352,3441.408,performance,,16372440.0,15698116.0,13763128.0,0.0,0.0,8.54,7.44,4.01,,,
2,17,thread_local,ThreadLocal,600,1,187878.8176462993,2748.0,8743.0,3135.95372962963,1859.8229421131575,0.5930645355321652,0,100,900,1790543525.9486978,2889.30725,3498.187,performance,,16372440.0,15692608.0,13757564.0,0.0,0.0,7.97,7.36,4.02,,,
2,18,sharded_n,Sharded-N,1000,1,181897.51607071984,3247.0,21937.0,5337.465365555556,5219.573856089395,0.9779124544344674,0,100,900,1790543531.4767652,2300.0,2300.0,performance,,16372440.0,15690928.0,13755824.0,0.0,0.0,7.33,7.23,3.99,,,
2,19,global_mutex,GlobalMutex,500,1,185374.44341390306,2398.0,6932.0,2652.116911111111,1483.2877950627753,0.5592844677580024,0,100,900,1790543539.3387356,2300.0,2300.0,performance,,16372440.0,15682860.0,13747612.0,0.0,0.0,7.46,7.26,4.02,,,
2,20,global_mutex,GlobalMutex,100,1,184140.03062027742,500.0,1483.0,533.8519333333334,278.9589315641899,0.522539891955416,0,100,900,1790543544.3662715,2518.4995,3173.998,performance,,16372440.0,15690036.0,13754752.0,0.0,0.0,7.66,7.31,4.05,,,
2,21,sharded_2key,Sharded-2key,400,1,186857.50157549683,1933.0,5267.0,2105.4320027777776,1097.9639451431228,0.5214910496727212,0,100,900,1790543547.2244134,2553.7235,3314.894,performance,,16372440.0,15684368.0,13749092.0,0.0,0.0,7.05,7.19,4.03,,,
2,22,hdr_histogram,HdrHistogram,500,1,186292.37944382074,2397.0,6962.0,2653.9478422222223,1493.426086104793,0.5627187024347498,0,100,900,1790543551.695591,2544.05075,3276.203,performance,,16372440.0,15694940.0,13759580.0,0.0,0.0,6.49,7.07,4.01,,,
2,23,sharded_2key,Sharded-2key,600,1,185478.27049346818,2757.0,8984.0,3170.9969666666666,1926.1506133185794,0.6074274537522935,0,100,900,1790543556.7313862,3470.35225,3597.425,performance,,16372440.0,15675356.0,13739896.0,0.0,0.0,5.97,6.95,3.99,,,
2,24,sharded_n,Sharded-N,500,1,182437.98394632258,2445.0,6901.0,2686.782131111111,1473.105302694617,0.5482786585622477,0,100,900,1790543562.3137863,3171.8395,3582.84,performance,,16372440.0,15681244.0,13745732.0,0.0,0.0,5.49,6.83,3.97,,,
2,25,sharded_n,Sharded-N,700,1,181285.596232534,3032.0,12054.0,3790.635776190476,2709.543024603972,0.7147990956089736,0,100,900,1790543567.3814647,2555.02275,3320.091,performance,,16372440.0,15668972.0,13733324.0,0.0,0.0,5.05,6.72,3.95,,,
2,26,disabled,Disabled,1000,1,184054.72003433673,3211.0,21647.0,5289.69712,5189.782699493518,0.981111504451037,0,100,900,1790543573.5723703,2542.15675,3268.627,performance,,16372440.0,15666208.0,13730428.0,0.0,0.0,5.45,6.78,3.98,,,
2,27,disabled,Disabled,200,1,187421.20929499494,1011.0,2488.0,1049.3022777777778,483.8580893409221,0.4611236433848607,0,100,900,1790543581.3409078,3242.468,3561.081,performance,,16372440.0,15665060.0,13729168.0,0.0,0.0,5.42,6.73,3.99,,,
2,28,global_mutex,GlobalMutex,200,1,187878.4370774839,996.0,2690.0,1047.8302222222221,516.0121821675913,0.4924578154209378,0,100,900,1790543584.7272449,2300.0,2300.0,performance,,16372440.0,15672884.0,13736964.0,0.0,0.0,5.42,6.73,3.99,,,
2,29,hdr_histogram,HdrHistogram,400,1,185384.99855322458,1985.0,5188.0,2118.9411638888887,1082.2068343030692,0.5107300064513811,0,100,900,1790543588.106358,2576.48325,3405.933,performance,,16372440.0,15672020.0,13736056.0,0.0,0.0,11.8,8.03,4.43,,,
2,30,sharded_2key,Sharded-2key,100,1,187216.87659794284,499.0,1446.0,526.1512222222223,254.1857633540177,0.4831040062597464,0,100,900,1790543592.594229,2300.0,2300.0,performance,,16372440.0,15667132.0,13731104.0,0.0,0.0,11.89,8.11,4.48,,,
2,31,disabled,Disabled,500,1,192373.59506196989,2274.0,7166.0,2544.58838,1503.6094048066063,0.5909047673976277,0,100,900,1790543595.4410381,2300.0,2300.0,performance,,16372440.0,15673340.0,13737336.0,0.0,0.0,11.89,8.11,4.48,,,
2,32,disabled,Disabled,300,1,190072.55962942084,1417.0,4400.0,1553.761262962963,865.9720381206023,0.5573391863748919,0,100,900,1790543600.3829079,2300.0,2300.0,performance,,16372440.0,15667644.0,13731476.0,0.0,0.0,10.94,7.98,4.45,,,
2,33,hdr_histogram,HdrHistogram,200,1,186099.31132057836,1004.0,2794.0,1058.060538888889,517.6962511760763,0.48928793027261896,0,100,900,1790543604.289267,3157.0435,3558.342,performance,,16372440.0,15673912.0,13737712.0,0.0,0.0,10.06,7.85,4.43,,,
2,34,thread_local,ThreadLocal,1000,1,183179.18942944898,3279.0,22109.0,5327.182411111111,5205.738088372498,0.9772028976358474,0,100,900,1790543607.687351,3580.73175,3737.125,performance,,16372440.0,15677936.0,13741720.0,0.0,0.0,10.7,8.02,4.5,,,
2,35,hdr_histogram,HdrHistogram,700,1,185701.2839883747,3024.0,11094.0,3692.3884126984126,2428.5149695223836,0.657708425573683,0,100,900,1790543615.5018003,2300.0,2300.0,performance,,16372440.0,15663664.0,13727224.0,0.0,0.0,10.64,8.05,4.53,,,
2,36,sharded_2key,Sharded-2key,200,1,189169.27679369543,988.0,2617.0,1041.0239888888889,497.93786187820547,0.47831545400761327,0,100,900,1790543621.6201704,2300.0,2300.0,performance,,16372440.0,15666740.0,13730280.0,0.0,0.0,9.01,7.78,4.48,,,
2,37,global_mutex,GlobalMutex,700,1,183944.61699936973,3001.0,11604.0,3723.5730492063494,2526.708205857364,0.6785708706308078,0,100,900,1790543624.9923027,2851.39075,3596.576,performance,,16372440.0,15673676.0,13737180.0,0.0,0.0,9.01,7.78,4.48,,,
2,38,sharded_2key,Sharded-2key,300,1,189483.1958680469,1500.0,3680.0,1565.7068444444444,756.4233362256431,0.4831193903952325,0,100,900,1790543631.1453419,2522.55275,3190.211,performance,,16372440.0,15675128.0,13738496.0,0.0,0.0,8.29,7.67,4.48,,,
2,39,sharded_n,Sharded-N,300,1,188448.61972881414,1507.0,3637.0,1568.7894,745.9743137483813,0.4755095322217127,0,100,900,1790543635.0701048,2300.0,2300.0,performance,,16372440.0,15671884.0,13735260.0,0.0,0.0,8.29,7.67,4.48,,,
2,40,hdr_histogram,HdrHistogram,300,1,188299.56296557141,1474.0,3848.0,1569.9286185185185,773.486182888258,0.4926887590712037,0,100,900,1790543638.9911125,2857.0415,3553.686,performance,,16372440.0,15665824.0,13729136.0,0.0,0.0,10.02,8.04,4.62,,,
2,41,thread_local,ThreadLocal,200,1,188309.28859104635,992.0,2775.0,1047.0676777777778,518.4095167056481,0.4951060258166728,0,100,900,1790543642.9083595,2529.10275,3216.411,performance,,16372440.0,15664816.0,13728052.0,0.0,0.0,14.03,8.91,4.92,,,
2,42,thread_local,ThreadLocal,700,1,186765.02980371445,3039.0,11683.0,3700.849242857143,2517.796659186984,0.6803294308857568,0,100,900,1790543646.286628,2580.6295,3422.518,performance,,16372440.0,15657176.0,13720372.0,0.0,0.0,12.98,8.78,4.9,,,
2,43,hdr_histogram,HdrHistogram,1000,1,181293.6257061893,3271.0,21922.0,5385.666814444445,5326.461633167051,0.9890068986223574,0,100,900,1790543652.4444268,3260.388,3416.743,performance,,16372440.0,15670984.0,13734076.0,0.0,0.0,11.94,8.63,4.87,,,
2,44,thread_local,ThreadLocal,300,1,188432.70919651072,1485.0,3784.0,1568.1599888888888,771.6704151941361,0.4920865349592926,0,100,900,1790543660.316745,2300.0,2300.0,performance,,16372440.0,15667092.0,13730004.0,0.0,0.0,11.79,8.65,4.9,,,
2,45,global_mutex,GlobalMutex,400,1,188048.2861195626,1944.0,5156.0,2087.817377777778,1076.0573409766207,0.5153982107965545,0,100,900,1790543664.2320874,2300.0,2300.0,performance,,16372440.0,15672048.0,13734996.0,0.0,0.0,10.84,8.51,4.87,,,
2,46,thread_local,ThreadLocal,500,1,188564.0638696822,2340.0,7096.0,2614.9435644444443,1508.4514852543111,0.5768581417070804,0,100,900,1790543668.693672,2300.0,2300.0,performance,,16372440.0,15672364.0,13735192.0,0.0,0.0,10.53,8.48,4.88,,,
2,47,sharded_2key,Sharded-2key,500,1,188817.27791752556,2397.0,6609.0,2598.130268888889,1387.977596298787,0.534221710481194,0,100,900,1790543673.6943324,2438.88225,2855.529,performance,,16372440.0,15663956.0,13726696.0,0.0,0.0,10.09,8.43,4.88,,,
2,48,disabled,Disabled,400,1,189286.9018732389,1953.0,5080.0,2072.1598194444446,1062.8690162066184,0.5129281082631832,0,100,900,1790543678.6842997,2300.0,2300.0,performance,,16372440.0,15669128.0,13731780.0,0.0,0.0,10.89,8.62,4.96,,,
3,1,disabled,Disabled,1000,1,183074.22031371607,3294.0,21736.0,5330.608937777778,5204.399981127821,0.9763237262153072,0,100,900,1790543683.1317284,3148.699,3514.747,performance,,16372440.0,15671524.0,13734160.0,0.0,0.0,11.78,8.84,5.06,,,
3,2,hdr_histogram,HdrHistogram,300,1,187845.20574355611,1487.0,3769.0,1568.1308814814815,765.7309235329749,0.4883080440387447,0,100,900,1790543690.9546425,2956.86975,3658.047,performance,,16372440.0,15651488.0,13713908.0,0.0,0.0,13.65,9.37,5.27,,,
3,3,sharded_n,Sharded-N,200,1,189255.4766302974,982.0,2689.0,1037.3599666666667,510.0709722115819,0.49170103782834934,0,100,900,1790543694.8684192,2538.68025,3254.721,performance,,16372440.0,15661924.0,13724284.0,0.0,0.0,13.65,9.37,5.27,,,
3,4,disabled,Disabled,700,1,186084.90097732426,2989.0,11530.0,3680.3810285714285,2479.521468571573,0.6737132512429075,0,100,900,1790543698.2429152,3294.04,3377.511,performance,,16372440.0,15667440.0,13729780.0,0.0,0.0,14.48,9.61,5.37,,,
3,5,disabled,Disabled,500,1,184317.16435857682,2433.0,6947.0,2656.7454444444443,1470.8913559260016,0.5536440681593345,0,100,900,1790543704.3456655,2915.475,3536.624,performance,,16372440.0,15663592.0,13725744.0,0.0,0.0,14.12,9.62,5.4,,,
3,6,sharded_n,Sharded-N,700,1,180502.22748960066,3096.0,11571.0,3802.5606285714284,2567.691621785661,0.6752533023386161,0,100,900,1790543709.388077,2300.0,2300.0,performance,,16372440.0,15668384.0,13730544.0,0.0,0.0,15.47,9.97,5.53,,,
3,7,sharded_2key,Sharded-2key,300,1,192092.78590391605,1434.0,3823.0,1527.1288444444444,772.5515778483153,0.5058850015562129,0,100,900,1790543715.610162,2300.0,2300.0,performance,,16372440.0,15676356.0,13738420.0,0.0,0.0,20.16,11.21,5.99,,,
3,8,global_mutex,GlobalMutex,400,1,186017.20781323573,1959.0,5329.0,2114.7591333333335,1109.433998256884,0.5246148276509239,0,100,900,1790543719.505951,2300.0,2300.0,performance,,16372440.0,15662324.0,13724356.0,0.0,0.0,20.16,11.21,5.99,,,
3,9,hdr_histogram,HdrHistogram,700,1,183267.7768835238,3075.0,11409.0,3738.1525333333334,2529.244686308629,0.6766028576295912,0,100,900,1790543723.991225,2300.0,2300.0,performance,,16372440.0,15663908.0,13725856.0,0.0,0.0,19.11,11.14,5.99,,,
3,10,thread_local,ThreadLocal,100,1,196305.79197098318,472.0,1307.0,500.9614555555556,252.4895876022789,0.5040100087586047,0,100,900,1790543730.1481473,3323.6305,3486.647,performance,,16372440.0,15665872.0,13727636.0,0.0,0.0,18.22,11.09,6.0,,,
3,11,sharded_2key,Sharded-2key,400,1,188660.41038874586,1941.0,5065.0,2077.35985,1066.5928029361462,0.5134367081062755,0,100,900,1790543732.973773,2300.0,2300.0,performance,,16372440.0,15667204.0,13728940.0,0.0,0.0,17.4,11.04,6.01,,,
3,12,disabled,Disabled,100,1,190360.32408938243,486.0,1431.0,515.1651666666667,261.846406194715,0.5082766132830182,0,100,900,1790543737.4234984,3252.529,3606.545,performance,,16372440.0,15672620.0,13734380.0,0.0,0.0,16.01,10.85,5.98,,,
3,13,sharded_2key,Sharded-2key,500,1,185886.02860145044,2445.0,6524.0,2640.6258666666668,1397.4649303976996,0.5292173147427952,0,100,900,1790543740.2612867,2514.542,3158.168,performance,,16372440.0,15677408.0,13739144.0,0.0,0.0,16.01,10.85,5.98,,,
3,14,sharded_2key,Sharded-2key,700,1,183786.21140489087,2990.0,11795.0,3734.2949365079367,2571.846860724685,0.688710159334577,0,100,900,1790543745.2873936,2556.7505,3327.002,performance,,16372440.0,15668664.0,13730272.0,0.0,0.0,21.61,12.1,6.41,,,
3,15,disabled,Disabled,300,1,192057.60526304078,1445.0,3778.0,1538.5533,764.3439806175135,0.49679395612587063,0,100,900,1790543751.4329991,2300.0,2300.0,performance,,16372440.0,15661344.0,13722824.0,0.0,0.0,18.29,11.7,6.34,,,
3,16,hdr_histogram,HdrHistogram,200,1,187775.36592374963,996.0,2648.0,1048.9955277777779,511.4653475836771,0.48757628992678353,0,100,900,1790543755.3181486,2968.7225,3344.114,performance,,16372440.0,15670232.0,13731724.0,0.0,0.0,18.29,11.7,6.34,,,
3,17,thread_local,ThreadLocal,1000,1,182749.57321410897,3254.0,21693.0,5344.041185555556,5229.02622642642,0.9784779055520735,0,100,900,1790543758.701968,2300.0,2300.0,performance,,16372440.0,15679048.0,13740492.0,0.0,0.0,16.82,11.51,6.31,,,
3,18,hdr_histogram,HdrHistogram,400,1,188534.9423377348,1962.0,5095.0,2081.122386111111,1051.8345886867203,0.5054169786968804,0,100,900,1790543766.5444307,2817.831,3454.129,performance,,16372440.0,15674488.0,13735728.0,0.0,0.0,15.64,11.44,6.34,,,
3,19,hdr_histogram,HdrHistogram,1000,1,184951.68360851763,3248.0,21391.0,5257.021524444444,5100.759035915481,0.9702754710433724,0,100,900,1790543771.0068219,2601.082,3504.328,performance,,16372440.0,15662096.0,13723284.0,0.0,0.0,14.38,11.25,6.31,,,
3,20,sharded_n,Sharded-N,300,1,187674.44913496802,1484.0,3864.0,1569.7264444444445,788.5526759137724,0.502350380032526,0,100,900,1790543778.7748132,2300.0,2300.0,performance,,16372440.0,15655884.0,13716904.0,0.0,0.0,13.79,11.18,6.31,,,
3,21,sharded_n,Sharded-N,500,1,182866.45352990917,2475.0,6710.0,2685.8594866666667,1441.689491950985,0.5367702588716654,0,100,900,1790543782.6946733,2542.80125,3271.205,performance,,16372440.0,15672192.0,13733192.0,0.0,0.0,14.61,11.39,6.41,,,
3,22,global_mutex,GlobalMutex,100,1,186651.6112647458,499.0,1291.0,527.6225444444444,256.51917720265766,0.48617933388869367,0,100,900,1790543787.7648222,2893.7205,3538.059,performance,,16372440.0,15669340.0,13730264.0,0.0,0.0,14.16,11.35,6.42,,,
3,23,sharded_n,Sharded-N,600,1,183682.89650631664,2856.0,8656.0,3207.9432074074075,1861.665189332722,0.5803298465614922,0,100,900,1790543790.6159267,2300.0,2300.0,performance,,16372440.0,15667064.0,13727972.0,0.0,0.0,13.03,11.16,6.39,,,
3,24,global_mutex,GlobalMutex,1000,1,182591.4468944565,3295.0,21381.0,5309.41247,5146.551087324019,0.9693259125004502,0,100,900,1790543796.2246764,2300.0,2300.0,performance,,16372440.0,15672348.0,13733124.0,0.0,0.0,11.98,10.98,6.35,,,
3,25,global_mutex,GlobalMutex,300,1,188941.8633821931,1475.0,3910.0,1560.9354888888888,776.9963960442348,0.4977761102717444,0,100,900,1790543804.0427632,2300.0,2300.0,performance,,16372440.0,15664248.0,13724876.0,0.0,0.0,11.66,10.93,6.36,,,
3,26,disabled,Disabled,400,1,184982.77824722067,1968.0,5463.0,2120.9300555555556,1132.9872660225665,0.534193602026066,0,100,900,1790543807.9510574,2300.0,2300.0,performance,,16372440.0,15676832.0,13737476.0,0.0,0.0,11.29,10.86,6.37,,,
3,27,global_mutex,GlobalMutex,700,1,185555.8442745586,2953.0,11491.0,3696.1087,2586.9011523733075,0.6998985588203365,0,100,900,1790543812.4388514,2300.0,2300.0,performance,,16372440.0,15669612.0,13730176.0,0.0,0.0,10.39,10.68,6.33,,,
3,28,sharded_n,Sharded-N,1000,1,182026.21884824403,3277.0,21314.0,5372.644914444444,5242.752716642897,0.9758234166095121,0,100,900,1790543818.5590236,2300.0,2300.0,performance,,16372440.0,15669636.0,13730000.0,0.0,0.0,10.76,10.75,6.38,,,
3,29,sharded_n,Sharded-N,100,1,186124.97383703286,499.0,1393.0,530.2350555555555,257.5460155292629,0.4857204608235836,0,100,900,1790543826.41609,2625.0,3600.0,performance,,16372440.0,15673600.0,13733912.0,0.0,0.0,9.91,10.58,6.37,,,
3,30,hdr_histogram,HdrHistogram,100,1,191839.06104482414,489.0,1238.0,512.4562555555556,236.41995037482465,0.4613465984887256,0,100,900,1790543829.2658813,2300.0,2300.0,performance,,16372440.0,15680784.0,13741088.0,0.0,0.0,9.91,10.58,6.37,,,
3,31,sharded_2key,Sharded-2key,600,1,184774.69299689893,2719.0,9381.0,3179.042551851852,2097.8652581518986,0.6599047429956082,0,100,900,1790543832.1005325,2576.07125,3404.285,performance,,16372440.0,15680440.0,13740736.0,0.0,0.0,9.12,10.4,6.33,,,
3,32,thread_local,ThreadLocal,300,1,187669.5435328011,1486.0,3781.0,1574.4158,769.6352749150261,0.4888386377442516,0,100,900,1790543837.6771758,3289.6805,3650.535,performance,,16372440.0,15669944.0,13730064.0,0.0,0.0,9.27,10.41,6.36,,,
3,33,sharded_2key,Sharded-2key,1000,1,183151.18067932432,3246.0,21840.0,5344.281808888889,5270.69298694389,0.9862303627359991,0,100,900,1790543841.6013355,2839.40375,3560.31,performance,,16372440.0,15673040.0,13733148.0,0.0,0.0,8.53,10.24,6.32,,,
3,34,global_mutex,GlobalMutex,500,1,189503.15598071684,2383.0,6623.0,2590.6449955555554,1402.6584834854327,0.5414321475508215,0,100,900,1790543849.4504697,2593.93425,3475.737,performance,,16372440.0,15676144.0,13736040.0,0.0,0.0,9.69,10.45,6.41,,,
3,35,thread_local,ThreadLocal,500,1,188596.1424685838,2403.0,6691.0,2618.5413066666665,1418.0265116871271,0.5415329932267661,0,100,900,1790543854.4285793,2530.2825,3221.13,performance,,16372440.0,15669848.0,13729716.0,0.0,0.0,10.67,10.64,6.5,,,
3,36,hdr_histogram,HdrHistogram,500,1,183651.1954961283,2406.0,7263.0,2670.32828,1506.560197081899,0.5641853881283462,0,100,900,1790543859.4211326,2300.0,2300.0,performance,,16372440.0,15674724.0,13734528.0,0.0,0.0,10.46,10.6,6.51,,,
3,37,hdr_histogram,HdrHistogram,600,1,185792.3058262463,2807.0,8511.0,3160.291374074074,1826.227321438416,0.5778667550783915,0,100,900,1790543864.4719007,2300.0,2300.0,performance,,16372440.0,15668948.0,13728648.0,0.0,0.0,10.74,10.66,6.55,,,
3,38,global_mutex,GlobalMutex,600,1,184486.188086393,2834.0,8566.0,3182.042188888889,1826.65935140733,0.5740525244403394,0,100,900,1790543870.0468302,2300.0,2300.0,performance,,16372440.0,15673200.0,13732788.0,0.0,0.0,10.28,10.56,6.54,,,
3,39,disabled,Disabled,600,1,188744.09728001637,2729.0,8527.0,3115.964362962963,1820.5209639504046,0.5842560285956786,0,100,900,1790543875.6410687,2595.12125,3480.485,performance,,16372440.0,15670964.0,13730496.0,0.0,0.0,9.36,10.36,6.52,,,
3,40,thread_local,ThreadLocal,200,1,190187.74067954812,990.0,2553.0,1035.3922777777777,487.7687181873817,0.4710955728144513,0,100,900,1790543881.1526563,3099.67875,3539.842,performance,,16372440.0,15664988.0,13724420.0,0.0,0.0,8.61,10.19,6.48,,,
3,41,thread_local,ThreadLocal,400,1,188113.44716091256,1956.0,4999.0,2086.141702777778,1046.8679283844403,0.5018201433730486,0,100,900,1790543884.5203047,2418.62325,2774.493,performance,,16372440.0,15680680.0,13740112.0,0.0,0.0,8.61,10.19,6.48,,,
3,42,thread_local,ThreadLocal,700,1,185744.11445007482,2925.0,12286.0,3696.780612698413,2655.5117377665783,0.7183308981455151,0,100,900,1790543888.9794343,2526.486,3205.944,performance,,16372440.0,15673488.0,13732812.0,0.0,0.0,8.4,10.12,6.48,,,
3,43,disabled,Disabled,200,1,188999.19119686118,994.0,2579.0,1043.6701666666668,487.8600723752954,0.46744660138504357,0,100,900,1790543895.0951874,2906.50325,3538.828,performance,,16372440.0,15670168.0,13729384.0,0.0,0.0,8.21,10.05,6.47,,,
3,44,sharded_n,Sharded-N,400,1,185788.4506058831,1941.0,5511.0,2109.2042472222224,1123.938836344232,0.5328733989723545,0,100,900,1790543898.4690692,2300.0,2300.0,performance,,16372440.0,15673360.0,13732588.0,0.0,0.0,9.72,10.33,6.59,,,
3,45,sharded_2key,Sharded-2key,200,1,188452.73102651152,989.0,2587.0,1044.502061111111,503.11886591887395,0.481682980485142,0,100,900,1790543902.9534483,2874.0535,3586.776,performance,,16372440.0,15669764.0,13728844.0,0.0,0.0,9.74,10.32,6.6,,,
3,46,sharded_2key,Sharded-2key,100,1,185270.898898603,503.0,1545.0,534.0973,275.2063253364129,0.5152737625455378,0,100,900,1790543906.342917,2300.0,2300.0,performance,,16372440.0,15669256.0,13728340.0,0.0,0.0,8.96,10.15,6.57,,,
3,47,thread_local,ThreadLocal,600,1,185948.15796140785,2717.0,9553.0,3166.6669685185184,1991.7583154983804,0.6289762502023373,0,100,900,1790543909.208377,2425.73875,2802.955,performance,,16372440.0,15677496.0,13736572.0,0.0,0.0,8.96,10.15,6.57,,,
3,48,global_mutex,GlobalMutex,200,1,191258.2673896344,982.0,2523.0,1025.1543055555555,489.60541137522677,0.4775919183306731,0,100,900,1790543914.7686718,2567.233,3368.932,performance,,16372440.0,15658928.0,13717832.0,0.0,0.0,8.96,10.13,6.58,,,
4,1,sharded_2key,Sharded-2key,400,1,186579.30092283024,1984.0,5127.0,2101.2470444444443,1062.5561706517835,0.5056788412676703,0,100,900,1790543918.1403954,2576.46425,3405.857,performance,,16372440.0,15666800.0,13725764.0,0.0,0.0,9.04,10.13,6.6,,,
4,2,global_mutex,GlobalMutex,600,1,183765.29940807747,2829.0,8732.0,3207.5603833333334,1874.7805199014374,0.584487989577033,0,100,900,1790543922.607778,2799.4795,3511.274,performance,,16372440.0,15670256.0,13729104.0,0.0,0.0,8.32,9.96,6.56,,,
4,3,disabled,Disabled,300,1,188128.55618843634,1482.0,3822.0,1567.015037037037,768.6791666050339,0.49053719871028,0,100,900,1790543928.206299,2865.396,3621.55,performance,,16372440.0,15671456.0,13730172.0,0.0,0.0,11.74,10.64,6.8,,,
4,4,sharded_n,Sharded-N,1000,1,182338.10743871715,3293.0,21878.0,5353.326194444445,5209.401063037258,0.9731148212943667,0,100,900,1790543932.1277406,2300.0,2300.0,performance,,16372440.0,15675176.0,13733888.0,0.0,0.0,10.8,10.47,6.77,,,
4,5,global_mutex,GlobalMutex,300,1,193671.60416449554,1424.0,3956.0,1530.8952037037036,795.5483480918689,0.519662185998881,0,100,900,1790543939.9559333,2300.0,2300.0,performance,,16372440.0,15670472.0,13729052.0,0.0,0.0,10.25,10.36,6.75,,,
4,6,sharded_2key,Sharded-2key,200,1,193215.2603035596,958.0,2562.0,1018.1172111111111,498.2508417843148,0.48938455842481454,0,100,900,1790543943.8364244,2435.59225,2842.369,performance,,16372440.0,15667776.0,13726312.0,0.0,0.0,10.07,10.32,6.76,,,
4,7,hdr_histogram,HdrHistogram,400,1,189127.68963530834,1924.0,5302.0,2075.619941666667,1099.0629527218036,0.5295106925207539,0,100,900,1790543947.1918142,2300.0,2300.0,performance,,16372440.0,15677748.0,13736252.0,0.0,0.0,9.27,10.15,6.72,,,
4,8,disabled,Disabled,700,1,190797.28653223364,2915.0,11113.0,3590.76413015873,2487.0859939948755,0.6926341869982235,0,100,900,1790543951.6391008,2874.84425,3524.834,performance,,16372440.0,15673124.0,13731496.0,0.0,0.0,8.52,9.98,6.69,,,
4,9,thread_local,ThreadLocal,600,1,184156.06909561768,2779.0,8814.0,3201.1080296296295,1893.4939629609105,0.5915120469020813,0,100,900,1790543957.6581292,2300.0,2300.0,performance,,16372440.0,15685140.0,13743420.0,0.0,0.0,8.56,9.96,6.7,,,
4,10,thread_local,ThreadLocal,1000,1,188976.79217401228,3049.0,22211.0,5147.046735555556,5197.717251720444,1.0098445805465217,0,100,900,1790543963.2378566,2578.79925,3415.197,performance,,16372440.0,15677664.0,13735836.0,0.0,0.0,8.44,9.91,6.7,,,
4,11,disabled,Disabled,500,1,188526.28240881165,2371.0,7014.0,2607.9501777777778,1434.722080607669,0.5501340067125781,0,100,900,1790543970.910926,2300.0,2300.0,performance,,16372440.0,15668168.0,13726220.0,0.0,0.0,8.69,9.93,6.74,,,
4,12,sharded_n,Sharded-N,100,1,188470.80684369165,493.0,1403.0,524.2111777777778,255.15810148942515,0.48674677745538475,0,100,900,1790543975.897831,2300.0,2300.0,performance,,16372440.0,15676920.0,13734900.0,0.0,0.0,7.99,9.77,6.7,,,
4,13,disabled,Disabled,1000,1,184628.64049730182,3277.0,21913.0,5281.089456666667,5205.8691166458775,0.9857566624011957,0,100,900,1790543978.740586,2500.61225,3102.449,performance,,16372440.0,15676908.0,13734904.0,0.0,0.0,7.99,9.77,6.7,,,
4,14,sharded_2key,Sharded-2key,700,1,180916.6348064336,3107.0,11680.0,3792.8772825396827,2566.3523274263807,0.6766241394733368,0,100,900,1790543986.4931235,2300.0,2300.0,performance,,16372440.0,15665316.0,13723112.0,0.0,0.0,7.43,9.59,6.68,,,
4,15,disabled,Disabled,600,1,188790.53882283956,2763.0,8576.0,3119.287687037037,1854.6602103525458,0.5945781205305429,0,100,900,1790543992.6939077,2300.0,2300.0,performance,,16372440.0,15679292.0,13736980.0,0.0,0.0,9.07,9.9,6.8,,,
4,16,sharded_2key,Sharded-2key,1000,1,185487.09088236364,3180.0,21347.0,5253.011593333334,5136.249044252507,0.977772265108074,0,100,900,1790543998.2090552,2636.338,3645.352,performance,,16372440.0,15675168.0,13732772.0,0.0,0.0,14.19,10.94,7.15,,,
4,17,hdr_histogram,HdrHistogram,1000,1,181262.83215855857,3294.0,22045.0,5377.572692222222,5265.841076831804,0.979222667589037,0,100,900,1790544005.973399,2501.32325,3105.293,performance,,16372440.0,15671348.0,13728888.0,0.0,0.0,12.53,10.7,7.11,,,
4,18,thread_local,ThreadLocal,300,1,186313.84918164686,1481.0,3904.0,1585.0723074074074,807.6861109417092,0.5095578966127957,0,100,900,1790544013.8518353,2922.8285,3584.146,performance,,16372440.0,15664888.0,13722232.0,0.0,0.0,12.4,10.7,7.13,,,
4,19,disabled,Disabled,400,1,186145.91296823538,1944.0,5559.0,2111.5722055555557,1141.0153322261679,0.5403629244712312,0,100,900,1790544017.7835405,2542.0685,3268.274,performance,,16372440.0,15680136.0,13737464.0,0.0,0.0,12.61,10.77,7.18,,,
4,20,sharded_n,Sharded-N,200,1,189953.3674508225,994.0,2510.0,1037.2972833333333,487.4492024918908,0.4699223745438558,0,100,900,1790544022.2542932,2300.0,2300.0,performance,,16372440.0,15670036.0,13727264.0,0.0,0.0,11.6,10.59,7.14,,,
4,21,sharded_n,Sharded-N,500,1,183337.4727132117,2435.0,6740.0,2678.2865155555555,1448.86779189117,0.5409681837533473,0,100,900,1790544025.6258643,2300.0,2300.0,performance,,16372440.0,15673396.0,13730592.0,0.0,0.0,11.6,10.59,7.14,,,
4,22,hdr_histogram,HdrHistogram,700,1,183284.45822452125,2993.0,11760.0,3741.5092222222224,2576.7453365255656,0.6886914299773235,0,100,900,1790544030.6847003,2300.0,2300.0,performance,,16372440.0,15672552.0,13729640.0,0.0,0.0,9.82,10.25,7.06,,,
4,23,hdr_histogram,HdrHistogram,600,1,182517.74770215555,2927.0,8365.0,3233.5142037037035,1792.3569736763338,0.5543062008582946,0,100,900,1790544036.8509257,2300.0,2300.0,performance,,16372440.0,15665868.0,13722900.0,0.0,0.0,9.03,10.07,7.02,,,
4,24,global_mutex,GlobalMutex,500,1,186490.6154256741,2391.0,6974.0,2637.137166666667,1454.2108858649767,0.5514354369754284,0,100,900,1790544042.4776616,2549.675,3298.7,performance,,16372440.0,15668980.0,13725932.0,0.0,0.0,8.31,9.91,6.98,,,
4,25,thread_local,ThreadLocal,100,1,186658.65555370165,494.0,1484.0,525.6385777777778,270.8489426641886,0.5152759978334284,0,100,900,1790544047.5007164,2627.161,3608.644,performance,,16372440.0,15680356.0,13737188.0,0.0,0.0,7.64,9.74,6.95,,,
4,26,thread_local,ThreadLocal,400,1,186588.83153641172,1982.0,5145.0,2105.0813527777777,1065.5595535257269,0.5061845007175892,0,100,900,1790544050.3493364,2551.3175,3305.27,performance,,16372440.0,15683840.0,13740672.0,0.0,0.0,7.64,9.74,6.95,,,
4,27,global_mutex,GlobalMutex,400,1,187421.53734000798,1983.0,4995.0,2098.652636111111,1045.680573240154,0.4982628164601088,0,100,900,1790544054.823774,2300.0,2300.0,performance,,16372440.0,15673024.0,13729808.0,0.0,0.0,7.03,9.58,6.91,,,
4,28,sharded_2key,Sharded-2key,100,1,187795.23602046838,493.0,1469.0,524.2794666666666,269.95035856514335,0.5148978278349703,0,100,900,1790544059.2860363,2300.0,2300.0,performance,,16372440.0,15672480.0,13729156.0,0.0,0.0,6.95,9.52,6.9,,,
4,29,hdr_histogram,HdrHistogram,500,1,182246.91617897293,2445.0,6973.0,2685.0694533333335,1490.2750476778324,0.5550229048368771,0,100,900,1790544062.135319,2469.13275,2976.531,performance,,16372440.0,15672664.0,13729320.0,0.0,0.0,6.39,9.36,6.87,,,
4,30,global_mutex,GlobalMutex,700,1,185177.82575462866,2873.0,11995.0,3705.2805634920633,2670.5276334955443,0.7207356063149749,0,100,900,1790544067.2079875,2300.0,2300.0,performance,,16372440.0,15672660.0,13729200.0,0.0,0.0,5.88,9.21,6.83,,,
4,31,disabled,Disabled,100,1,190180.0015255817,493.0,1284.0,517.3042555555555,245.0791201801593,0.4737620414836104,0,100,900,1790544073.3292508,2515.83775,3163.351,performance,,16372440.0,15670792.0,13727228.0,0.0,0.0,6.21,9.22,6.85,,,
4,32,sharded_n,Sharded-N,700,1,180537.91814324536,3027.0,11845.0,3795.9307,2657.9531828501154,0.7002111979678963,0,100,900,1790544076.168384,3441.468,3616.969,performance,,16372440.0,15672652.0,13729116.0,0.0,0.0,5.71,9.07,6.81,,,
4,33,disabled,Disabled,200,1,189568.5962180054,974.0,2928.0,1039.5901833333332,531.5384351899999,0.5112961277545729,0,100,900,1790544082.3803697,2520.49725,3181.989,performance,,16372440.0,15669812.0,13726160.0,0.0,0.0,5.25,8.92,6.77,,,
4,34,sharded_2key,Sharded-2key,500,1,185146.0416547736,2466.0,6625.0,2650.54118,1402.8795494806297,0.5292804201897476,0,100,900,1790544085.7498941,2300.0,2300.0,performance,,16372440.0,15668384.0,13724720.0,0.0,0.0,4.83,8.77,6.74,,,
4,35,thread_local,ThreadLocal,700,1,188201.72064576208,2986.0,11266.0,3647.82393015873,2431.467290506813,0.6665528098558778,0,100,900,1790544090.7862968,2509.38825,3137.553,performance,,16372440.0,15668588.0,13724776.0,0.0,0.0,4.45,8.62,6.7,,,
4,36,global_mutex,GlobalMutex,200,1,191323.05393396041,983.0,2620.0,1030.1039055555555,491.3230437976679,0.47696454808865874,0,100,900,1790544096.8537729,3567.99675,3650.499,performance,,16372440.0,15664128.0,13720180.0,0.0,0.0,4.09,8.48,6.66,,,
4,37,hdr_histogram,HdrHistogram,300,1,186264.80846447003,1482.0,3991.0,1581.3373925925926,800.0328795639048,0.5059216858536786,0,100,900,1790544100.2174776,2542.861,3271.444,performance,,16372440.0,15665336.0,13721452.0,0.0,0.0,4.09,8.48,6.66,,,
4,38,hdr_histogram,HdrHistogram,200,1,187550.6054513855,1004.0,2601.0,1049.538461111111,487.89556988162633,0.4648667847437508,0,100,900,1790544104.1555052,2554.771,3319.084,performance,,16372440.0,15674008.0,13730036.0,0.0,0.0,4.24,8.44,6.66,,,
4,39,sharded_2key,Sharded-2key,600,1,187318.02950998663,2810.0,8348.0,3145.7691148148147,1777.0176165331109,0.5648913037401095,0,100,900,1790544107.5426462,3172.325,3604.118,performance,,16372440.0,15680672.0,13736648.0,0.0,0.0,3.9,8.3,6.62,,,
4,40,sharded_n,Sharded-N,300,1,187476.59953538384,1468.0,3870.0,1572.3806,797.8319384120477,0.5074038298437717,0,100,900,1790544113.0858188,3156.85675,3650.503,performance,,16372440.0,15672872.0,13728748.0,0.0,0.0,4.47,8.34,6.65,,,
4,41,hdr_histogram,HdrHistogram,100,1,186957.56715707443,498.0,1262.0,523.1612111111111,251.07364019260416,0.47991639070366804,0,100,900,1790544117.0110838,2300.0,2300.0,performance,,16372440.0,15666416.0,13722248.0,0.0,0.0,4.11,8.2,6.61,,,
4,42,thread_local,ThreadLocal,200,1,190623.9191723066,980.0,2567.0,1030.9692388888889,491.7542547232966,0.4769824706441068,0,100,900,1790544119.8596518,2911.89625,3544.568,performance,,16372440.0,15677744.0,13733588.0,0.0,0.0,4.11,8.2,6.61,,,
4,43,sharded_2key,Sharded-2key,300,1,184448.14330830477,1507.0,3871.0,1600.135737037037,785.454749785916,0.49086757554727106,0,100,900,1790544123.2292829,2520.2935,3181.174,performance,,16372440.0,15678100.0,13733876.0,0.0,0.0,4.66,8.25,6.63,,,
4,44,sharded_n,Sharded-N,600,1,184407.4714643149,2747.0,9009.0,3193.4506962962964,1956.0269235690903,0.6125120158697466,0,100,900,1790544127.1659863,2913.1605,3532.222,performance,,16372440.0,15667728.0,13723460.0,0.0,0.0,4.29,8.11,6.6,,,
4,45,thread_local,ThreadLocal,500,1,185975.38379978624,2393.0,6961.0,2638.854408888889,1491.76843570345,0.5653091093917422,0,100,900,1790544132.7579644,2537.66,3250.64,performance,,16372440.0,15668940.0,13724496.0,0.0,0.0,5.07,8.21,6.64,,,
4,46,sharded_n,Sharded-N,400,1,186383.15138558322,1980.0,5122.0,2092.90055,1072.139946539369,0.5122746737963106,0,100,900,1790544137.7826705,2300.0,2300.0,performance,,16372440.0,15674200.0,13729756.0,0.0,0.0,5.38,8.22,6.65,,,
4,47,global_mutex,GlobalMutex,1000,1,184296.19487156265,3232.0,21476.0,5299.732221111111,5144.0891509765015,0.9706318991901861,0,100,900,1790544142.2606459,2557.595,3330.38,performance,,16372440.0,15675828.0,13731296.0,0.0,0.0,4.95,8.09,6.62,,,
4,48,global_mutex,GlobalMutex,100,1,186495.07517274574,505.0,1302.0,528.7209888888889,243.00972327318215,0.45961807527987286,0,100,900,1790544150.047027,2553.12075,3312.483,performance,,16372440.0,15671368.0,13726668.0,0.0,0.0,5.52,8.15,6.64,,,
5,1,sharded_2key,Sharded-2key,400,1,188582.0616721949,1940.0,5210.0,2083.344061111111,1078.6258861570454,0.5177377593510797,0,100,900,1790544152.8981931,3198.3225,3560.909,performance,,16372440.0,15669700.0,13724992.0,0.0,0.0,5.72,8.15,6.65,,,
5,2,global_mutex,GlobalMutex,500,1,187068.32487488523,2372.0,6726.0,2617.862728888889,1441.2144824939874,0.550530960462426,0,100,900,1790544157.3463702,2619.72425,3578.897,performance,,16372440.0,15665676.0,13720888.0,0.0,0.0,5.26,8.01,6.62,,,
5,3,hdr_histogram,HdrHistogram,400,1,184174.84122862483,2021.0,5143.0,2133.739088888889,1060.0478742918388,0.49680295018817977,0,100,900,1790544162.3513796,2441.54125,2866.165,performance,,16372440.0,15667176.0,13722264.0,0.0,0.0,4.84,7.88,6.58,,,
5,4,hdr_histogram,HdrHistogram,600,1,180593.62968131268,2927.0,8779.0,3261.933122222222,1861.1002239828176,0.5705513124422753,0,100,900,1790544166.8577642,2600.0,3500.0,performance,,16372440.0,15668836.0,13723892.0,0.0,0.0,4.45,7.75,6.54,,,
5,5,sharded_n,Sharded-N,100,1,187459.70163172382,496.0,1442.0,525.5960111111111,258.70876127824744,0.49221979583014064,0,100,900,1790544172.518668,2505.35275,3121.411,performance,,16372440.0,15658864.0,13713860.0,0.0,0.0,4.09,7.62,6.51,,,
5,6,disabled,Disabled,100,1,191699.36346034665,486.0,1333.0,514.0592111111112,248.23971896406667,0.48290102306991045,0,100,900,1790544175.3674903,2548.558,3294.232,performance,,16372440.0,15672184.0,13727164.0,0.0,0.0,4.09,7.62,6.51,,,
5,7,thread_local,ThreadLocal,100,1,188390.79409545573,497.0,1314.0,523.1997333333334,252.447858808178,0.48250762132430625,0,100,900,1790544178.2013438,2524.20375,3196.815,performance,,16372440.0,15673368.0,13728300.0,0.0,0.0,3.76,7.49,6.47,,,
5,8,sharded_2key,Sharded-2key,600,1,184128.70939675407,2870.0,8514.0,3201.394011111111,1827.4712895030145,0.5708361055091599,0,100,900,1790544181.052181,2934.47275,3578.701,performance,,16372440.0,15679900.0,13734812.0,0.0,0.0,3.54,7.39,6.44,,,
5,9,disabled,Disabled,300,1,191111.4019024452,1472.0,3635.0,1543.1868222222222,737.3175236637483,0.4777888931179409,0,100,900,1790544186.6412578,2559.79475,3339.179,performance,,16372440.0,15680740.0,13735460.0,0.0,0.0,3.26,7.26,6.41,,,
5,10,global_mutex,GlobalMutex,100,1,182056.7747612314,515.0,1358.0,538.7244777777778,255.04741820691362,0.4734283083979709,0,100,900,1790544190.5326731,2607.62525,3530.501,performance,,16372440.0,15667752.0,13722536.0,0.0,0.0,3.26,7.26,6.41,,,
5,11,hdr_histogram,HdrHistogram,700,1,181952.07685953318,3018.0,11886.0,3765.263761904762,2590.8302110345508,0.6880873093798635,0,100,900,1790544193.3931057,2300.0,2300.0,performance,,16372440.0,15676256.0,13731024.0,0.0,0.0,3.0,7.14,6.38,,,
5,12,disabled,Disabled,400,1,188043.59043693353,1926.0,5381.0,2084.037513888889,1106.7656143898612,0.5310679903859297,0,100,900,1790544199.5851157,2300.0,2300.0,performance,,16372440.0,15666180.0,13720724.0,0.0,0.0,3.4,7.16,6.38,,,
5,13,global_mutex,GlobalMutex,700,1,182853.39382686286,3057.0,11496.0,3752.0009968253967,2517.333337068242,0.670930881734355,0,100,900,1790544204.0423872,2424.5665,2798.266,performance,,16372440.0,15671856.0,13726428.0,0.0,0.0,3.61,7.14,6.38,,,
5,14,hdr_histogram,HdrHistogram,500,1,185442.80140913583,2423.0,6762.0,2652.917913333333,1423.125671035025,0.5364378836912066,0,100,900,1790544210.210517,2853.31675,3540.32,performance,,16372440.0,15667944.0,13722360.0,0.0,0.0,3.88,7.13,6.39,,,
5,15,thread_local,ThreadLocal,600,1,189684.9435868161,2642.0,9082.0,3101.3286,1961.3802219017125,0.6324322491662807,0,100,900,1790544215.2487044,2623.70525,3594.821,performance,,16372440.0,15663824.0,13718168.0,0.0,0.0,5.33,7.38,6.47,,,
5,16,thread_local,ThreadLocal,700,1,184480.9024434209,2966.0,11557.0,3716.3899714285712,2553.548659462744,0.6871046039555333,0,100,900,1790544220.7486315,2608.8115,3535.246,performance,,16372440.0,15669804.0,13724088.0,0.0,0.0,5.03,7.25,6.44,,,
5,17,sharded_n,Sharded-N,500,1,183271.01073644753,2356.0,7329.0,2672.278942222222,1552.481257364113,0.5809577858189817,0,100,900,1790544226.8870769,3291.65725,3654.313,performance,,16372440.0,15671404.0,13725576.0,0.0,0.0,4.62,7.13,6.4,,,
5,18,thread_local,ThreadLocal,400,1,187592.22727593308,1923.0,5295.0,2090.1644083333335,1105.421847370224,0.5288683717716116,0,100,900,1790544231.944192,2300.0,2300.0,performance,,16372440.0,15670816.0,13724892.0,0.0,0.0,4.25,7.01,6.37,,,
5,19,disabled,Disabled,1000,1,187322.13903390337,3100.0,21697.0,5207.836926666667,5128.466745091745,0.9847594725617256,0,100,900,1790544236.4065793,2569.041,3376.164,performance,,16372440.0,15675680.0,13729716.0,0.0,0.0,3.91,6.9,6.33,,,
5,20,sharded_2key,Sharded-2key,700,1,184472.27164870434,2946.0,11629.0,3724.0061523809522,2581.319213340385,0.6931565383397695,0,100,900,1790544244.0975752,3038.46525,3396.48,performance,,16372440.0,15666276.0,13720100.0,0.0,0.0,4.8,7.03,6.38,,,
5,21,global_mutex,GlobalMutex,400,1,188050.6516812278,1934.0,5237.0,2088.8729083333333,1089.60452956591,0.5216231802418665,0,100,900,1790544250.2386467,3187.062,3649.586,performance,,16372440.0,15667912.0,13721660.0,0.0,0.0,8.26,7.71,6.6,,,
5,22,sharded_n,Sharded-N,300,1,189782.29712812966,1450.0,4046.0,1555.9588111111111,799.3440487323885,0.5137308539430915,0,100,900,1790544254.7002804,2527.706,3210.824,performance,,16372440.0,15679132.0,13732852.0,0.0,0.0,8.32,7.73,6.62,,,
5,23,sharded_n,Sharded-N,200,1,185386.72038586077,1018.0,2532.0,1061.2055944444444,494.19409254061577,0.4656911866350772,0,100,900,1790544258.6093283,2536.875,3247.5,performance,,16372440.0,15675216.0,13728892.0,0.0,0.0,8.53,7.79,6.64,,,
5,24,disabled,Disabled,200,1,187738.14936255672,975.0,2863.0,1047.642,535.271670848044,0.5109299463443084,0,100,900,1790544262.010344,3479.113,3680.943,performance,,16372440.0,15663796.0,13717452.0,0.0,0.0,7.85,7.66,6.6,,,
5,25,hdr_histogram,HdrHistogram,300,1,186200.928105699,1494.0,3856.0,1582.1516962962962,788.9475090951228,0.4986547819289341,0,100,900,1790544265.3967206,2300.0,2300.0,performance,,16372440.0,15667572.0,13721208.0,0.0,0.0,7.85,7.66,6.6,,,
5,26,disabled,Disabled,600,1,188423.48949567293,2850.0,8387.0,3142.376885185185,1762.8545516782012,0.560993991519357,0,100,900,1790544269.331319,2543.94825,3275.793,performance,,16372440.0,15672940.0,13726488.0,0.0,0.0,7.22,7.53,6.57,,,
5,27,thread_local,ThreadLocal,300,1,189326.46129700827,1461.0,3904.0,1554.8054,785.0665425601934,0.50492913297072,0,100,900,1790544274.8787758,3599.76225,3623.505,performance,,16372440.0,15679592.0,13733008.0,0.0,0.0,7.92,7.67,6.62,,,
5,28,thread_local,ThreadLocal,1000,1,184451.25376033163,3244.0,21905.0,5294.201667777777,5209.040495914073,0.9839142561602776,0,100,900,1790544278.78731,2300.0,2300.0,performance,,16372440.0,15669844.0,13723268.0,0.0,0.0,8.01,7.69,6.63,,,
5,29,hdr_histogram,HdrHistogram,100,1,181875.17745712626,514.0,1373.0,540.795,259.86102425680303,0.48051669164249494,0,100,900,1790544286.558692,2794.2,3293.921,performance,,16372440.0,15660444.0,13713620.0,0.0,0.0,7.44,7.59,6.61,,,
5,30,disabled,Disabled,500,1,187044.99597942416,2377.0,6782.0,2623.9098955555555,1446.3955087561699,0.5512367292817909,0,100,900,1790544289.4183798,2558.593,3334.372,performance,,16372440.0,15665068.0,13718244.0,0.0,0.0,7.44,7.59,6.61,,,
5,31,thread_local,ThreadLocal,500,1,186449.9693193468,2423.0,6734.0,2639.386268888889,1419.490971549685,0.5378110010958164,0,100,900,1790544294.4280977,3278.002,3609.406,performance,,16372440.0,15676424.0,13729512.0,0.0,0.0,7.25,7.54,6.6,,,
5,32,sharded_2key,Sharded-2key,500,1,185314.84510158258,2451.0,6734.0,2640.14702,1402.064068653364,0.5310553003420863,0,100,900,1790544299.4440975,2562.256,3349.024,performance,,16372440.0,15670708.0,13723724.0,0.0,0.0,7.71,7.64,6.64,,,
5,33,global_mutex,GlobalMutex,300,1,183768.21127659734,1522.0,3818.0,1607.0223222222223,783.9731699594493,0.48784211589255067,0,100,900,1790544304.46565,2595.197,3480.788,performance,,16372440.0,15667896.0,13720852.0,0.0,0.0,8.37,7.77,6.69,,,
5,34,sharded_2key,Sharded-2key,200,1,194075.0816176556,964.0,2635.0,1019.8247666666666,502.5995190068631,0.4928292932614565,0,100,900,1790544308.4131114,2300.0,2300.0,performance,,16372440.0,15678932.0,13731852.0,0.0,0.0,8.66,7.85,6.72,,,
5,35,hdr_histogram,HdrHistogram,200,1,186741.3957594714,996.0,2654.0,1053.5449444444444,513.3628233725558,0.4872718777491381,0,100,900,1790544311.7714386,2558.501,3334.004,performance,,16372440.0,15679920.0,13732800.0,0.0,0.0,7.97,7.71,6.68,,,
5,36,global_mutex,GlobalMutex,600,1,184380.56144057144,2842.0,8845.0,3196.004,1853.651916893015,0.5799904871498957,0,100,900,1790544315.1666849,2300.0,2300.0,performance,,16372440.0,15672836.0,13725688.0,0.0,0.0,7.97,7.71,6.68,,,
5,37,global_mutex,GlobalMutex,1000,1,181151.944964416,3316.0,21770.0,5361.964891111111,5230.292218784054,0.9754432050561652,0,100,900,1790544320.765067,3215.89425,3604.082,performance,,16372440.0,15685056.0,13737756.0,0.0,0.0,8.07,7.75,6.7,,,
5,38,sharded_n,Sharded-N,400,1,184659.57734543493,2014.0,5137.0,2134.1397,1076.1827057157789,0.5042700371094633,0,100,900,1790544328.6250098,2300.0,2300.0,performance,,16372440.0,15669988.0,13722560.0,0.0,0.0,8.7,7.89,6.75,,,
5,39,sharded_n,Sharded-N,1000,1,182864.63421862427,3302.0,22079.0,5325.995374444445,5202.868622345093,0.976881926580307,0,100,900,1790544333.1264887,2741.8935,3332.089,performance,,16372440.0,15676892.0,13729400.0,0.0,0.0,11.53,8.49,6.95,,,
5,40,hdr_histogram,HdrHistogram,1000,1,182208.68237421702,3266.0,21726.0,5363.223771111111,5216.1190910754385,0.9725715938186191,0,100,900,1790544340.9443479,2500.50475,3102.019,performance,,16372440.0,15666632.0,13718996.0,0.0,0.0,10.72,8.42,6.95,,,
5,41,sharded_2key,Sharded-2key,100,1,184085.01322447302,507.0,1280.0,534.1333888888889,252.95875302325265,0.4735872317389869,0,100,900,1790544348.7811966,2300.0,2300.0,performance,,16372440.0,15665156.0,13717376.0,0.0,0.0,10.98,8.52,6.99,,,
5,42,sharded_2key,Sharded-2key,1000,1,184396.73672382018,3223.0,21513.0,5283.054945555556,5159.831537240649,0.9766757284213804,0,100,900,1790544351.6420784,2625.0,3600.0,performance,,16372440.0,15671876.0,13724076.0,0.0,0.0,10.1,8.37,6.95,,,
5,43,sharded_n,Sharded-N,600,1,183001.88818704872,2880.0,8713.0,3203.11205,1825.0456181049724,0.569772642859925,0,100,900,1790544359.4112015,2300.0,2300.0,performance,,16372440.0,15674856.0,13726948.0,0.0,0.0,11.93,8.78,7.09,,,
5,44,disabled,Disabled,700,1,186654.4886641658,2997.0,11584.0,3677.759857142857,2490.858557171908,0.6772760196221682,0,100,900,1790544365.0274746,2532.5895,3230.358,performance,,16372440.0,15669836.0,13721832.0,0.0,0.0,11.62,8.77,7.1,,,
5,45,sharded_n,Sharded-N,700,1,184620.5425752113,3032.0,11643.0,3736.3176555555556,2518.683402424533,0.6741084764780334,0,100,900,1790544371.1223242,2461.242,2944.968,performance,,16372440.0,15670496.0,13722336.0,0.0,0.0,10.27,8.58,7.05,,,
5,46,sharded_2key,Sharded-2key,300,1,186495.44397466988,1518.0,3735.0,1582.5475962962962,774.3970399706062,0.48933570262465453,0,100,900,1790544377.2717378,2300.0,2300.0,performance,,16372440.0,15669644.0,13721428.0,0.0,0.0,9.45,8.44,7.01,,,
5,47,thread_local,ThreadLocal,200,1,192321.38411084574,973.0,2706.0,1027.35785,512.7596557694968,0.49910521029210686,0,100,900,1790544381.2048035,2300.0,2300.0,performance,,16372440.0,15669848.0,13721628.0,0.0,0.0,8.69,8.3,6.97,,,
5,48,global_mutex,GlobalMutex,200,1,187088.40006311616,992.0,2691.0,1049.7359555555556,520.2375081076678,0.4955889196272606,0,100,900,1790544384.571452,2848.24425,3525.845,performance,,16372440.0,15667704.0,13719416.0,0.0,0.0,8.69,8.3,6.97,,,
6,1,sharded_2key,Sharded-2key,300,1,186228.66514147643,1486.0,4023.0,1582.0028333333332,814.3344559446411,0.5147490502458906,0,100,900,1790544387.9612029,2300.0,2300.0,performance,,16372440.0,15671068.0,13722756.0,0.0,0.0,9.36,8.44,7.03,,,
6,2,sharded_2key,Sharded-2key,200,1,188306.09524024333,1007.0,2508.0,1044.4723,484.5195429098059,0.46388931799321625,0,100,900,1790544391.8941288,2300.0,2300.0,performance,,16372440.0,15673452.0,13725060.0,0.0,0.0,8.61,8.3,6.99,,,
6,3,disabled,Disabled,700,1,186581.47826278096,3008.0,11284.0,3661.514547619048,2446.7835540694005,0.668243570317222,0,100,900,1790544395.2756832,2889.27025,3649.971,performance,,16372440.0,15673328.0,13724884.0,0.0,0.0,8.61,8.3,6.99,,,
6,4,disabled,Disabled,600,1,187460.80012415847,2702.0,8804.0,3145.4169407407408,1954.3079404911798,0.621319201018528,0,100,900,1790544401.3646483,2917.89625,3548.875,performance,,16372440.0,15664956.0,13716376.0,0.0,0.0,8.02,8.19,6.97,,,
6,5,hdr_histogram,HdrHistogram,700,1,183679.47377871646,3030.0,11719.0,3753.5788333333335,2568.3878174094248,0.6842503998054011,0,100,900,1790544406.906448,2544.3435,3277.374,performance,,16372440.0,15675616.0,13726988.0,0.0,0.0,7.38,8.05,6.93,,,
6,6,global_mutex,GlobalMutex,700,1,185981.9700487639,2928.0,11755.0,3679.3806507936506,2570.918918324173,0.6987368696874622,0,100,900,1790544413.0763335,2481.26275,3025.051,performance,,16372440.0,15653184.0,13704468.0,0.0,0.0,7.75,8.12,6.96,,,
6,7,sharded_n,Sharded-N,700,1,184557.88919475835,3090.0,11415.0,3741.5111984126984,2450.382997804583,0.6549179911165668,0,100,900,1790544419.1844969,2482.5775,3030.31,performance,,16372440.0,15666120.0,13717256.0,0.0,0.0,7.85,8.13,6.97,,,
6,8,hdr_histogram,HdrHistogram,400,1,184549.45134270898,2011.0,5259.0,2130.3877222222222,1079.984876464405,0.5069428748574768,0,100,900,1790544425.3210938,2300.0,2300.0,performance,,16372440.0,15665700.0,13716740.0,0.0,0.0,10.18,8.61,7.13,,,
6,9,thread_local,ThreadLocal,500,1,189187.49729619536,2407.0,6746.0,2597.1830422222224,1391.7815186106625,0.5358811820285933,0,100,900,1790544429.8188357,2300.0,2300.0,performance,,16372440.0,15663140.0,13714148.0,0.0,0.0,9.85,8.57,7.13,,,
6,10,thread_local,ThreadLocal,300,1,190415.98812752083,1483.0,3682.0,1550.934288888889,738.804914561986,0.4763611971537983,0,100,900,1790544434.7943425,2544.9845,3279.938,performance,,16372440.0,15667404.0,13718348.0,0.0,0.0,9.7,8.56,7.13,,,
6,11,sharded_2key,Sharded-2key,400,1,186295.96404185265,1979.0,5170.0,2110.8365222222224,1081.3820296938188,0.5123002270945046,0,100,900,1790544438.6986828,3234.22075,3565.141,performance,,16372440.0,15683044.0,13733916.0,0.0,0.0,9.81,8.6,7.15,,,
6,12,disabled,Disabled,200,1,187998.78270370423,1001.0,2431.0,1038.5976222222223,485.23822950245204,0.4672052189607542,0,100,900,1790544443.1756513,2656.17825,3017.398,performance,,16372440.0,15678912.0,13729716.0,0.0,0.0,10.06,8.67,7.18,,,
6,13,thread_local,ThreadLocal,100,1,190128.55700822573,490.0,1365.0,515.0707,255.78398969497687,0.496599767167841,0,100,900,1790544446.5570688,2300.0,2300.0,performance,,16372440.0,15671212.0,13721980.0,0.0,0.0,9.25,8.53,7.14,,,
6,14,disabled,Disabled,300,1,192217.4694799665,1454.0,3669.0,1534.1015962962963,744.8414502551083,0.48552289630187545,0,100,900,1790544449.3967035,2300.0,2300.0,performance,,16372440.0,15669976.0,13720736.0,0.0,0.0,9.25,8.53,7.14,,,
6,15,thread_local,ThreadLocal,200,1,192036.40989847793,972.0,2616.0,1025.5746444444444,498.42049480816416,0.48599143661372346,0,100,900,1790544453.284734,2300.0,2300.0,performance,,16372440.0,15679944.0,13730600.0,0.0,0.0,9.23,8.54,7.15,,,
6,16,hdr_histogram,HdrHistogram,1000,1,183666.60681618185,3211.0,21765.0,5307.617732222222,5254.945623554477,0.9900761299465906,0,100,900,1790544456.6476507,2938.4135,3587.1,performance,,16372440.0,15683904.0,13734552.0,0.0,0.0,8.49,8.4,7.12,,,
6,17,sharded_2key,Sharded-2key,500,1,191920.94781277483,2234.0,7355.0,2557.3370755555557,1618.3876284908847,0.6328409516134302,0,100,900,1790544464.4540994,2300.0,2300.0,performance,,16372440.0,15662632.0,13713064.0,0.0,0.0,8.29,8.36,7.11,,,
6,18,sharded_2key,Sharded-2key,1000,1,186451.45674939567,3162.0,21565.0,5256.07232,5174.490093353888,0.9844784809494189,0,100,900,1790544469.407138,2300.0,2300.0,performance,,16372440.0,15670636.0,13721028.0,0.0,0.0,11.55,9.03,7.33,,,
6,19,hdr_histogram,HdrHistogram,600,1,185830.8670872973,2799.0,8855.0,3167.7687962962964,1899.674434482927,0.5996884736992154,0,100,900,1790544477.1784308,2493.4395,3073.758,performance,,16372440.0,15661552.0,13711776.0,0.0,0.0,10.44,8.88,7.3,,,
6,20,hdr_histogram,HdrHistogram,300,1,188879.11727050733,1469.0,3753.0,1562.5073592592591,773.1646987760413,0.49482307663662906,0,100,900,1790544482.7531033,2608.87025,3535.481,performance,,16372440.0,15658776.0,13708932.0,0.0,0.0,10.49,8.92,7.32,,,
6,21,hdr_histogram,HdrHistogram,500,1,185279.12787899078,2487.0,6439.0,2650.983693333333,1362.614836988512,0.5140034774318688,0,100,900,1790544486.6737661,2300.0,2300.0,performance,,16372440.0,15672808.0,13722940.0,0.0,0.0,9.65,8.77,7.28,,,
6,22,sharded_2key,Sharded-2key,700,1,181007.31480899418,3072.0,11659.0,3792.677153968254,2555.5804448608606,0.673819663818992,0,100,900,1790544491.7121255,2300.0,2300.0,performance,,16372440.0,15646848.0,13696868.0,0.0,0.0,8.87,8.62,7.25,,,
6,23,thread_local,ThreadLocal,1000,1,186075.28604088412,3189.0,21406.0,5243.45053,5187.117340647831,0.9892564659416804,0,100,900,1790544497.906675,2300.0,2300.0,performance,,16372440.0,15664400.0,13714300.0,0.0,0.0,9.28,8.71,7.28,,,
6,24,sharded_n,Sharded-N,500,1,188631.45738169673,2425.0,6428.0,2606.01194,1329.3641544287484,0.5101143759259785,0,100,900,1790544505.6722808,2522.741,3190.964,performance,,16372440.0,15665868.0,13715604.0,0.0,0.0,10.3,8.93,7.36,,,
6,25,global_mutex,GlobalMutex,100,1,186288.55119185685,497.0,1377.0,528.9529444444445,266.4189332771423,0.5036722757200268,0,100,900,1790544510.6628187,3105.90275,3539.019,performance,,16372440.0,15676004.0,13725736.0,0.0,0.0,9.48,8.78,7.32,,,
6,26,sharded_n,Sharded-N,200,1,189920.7903373898,981.0,2613.0,1033.3483944444445,500.26535808655433,0.48412070970073,0,100,900,1790544513.5133312,2393.688,2674.752,performance,,16372440.0,15679728.0,13729448.0,0.0,0.0,8.72,8.64,7.28,,,
6,27,thread_local,ThreadLocal,400,1,187921.88845674877,1943.0,5221.0,2088.0372916666665,1089.4881529451468,0.5217761949431085,0,100,900,1790544516.8886874,2623.33475,3593.339,performance,,16372440.0,15666348.0,13716008.0,0.0,0.0,8.02,8.49,7.24,,,
6,28,disabled,Disabled,1000,1,187306.57801829823,3129.0,21679.0,5204.015318888889,5111.397568073369,0.9822026367833032,0,100,900,1790544521.3524997,3223.08225,3701.408,performance,,16372440.0,15678032.0,13727592.0,0.0,0.0,7.38,8.35,7.2,,,
6,29,disabled,Disabled,400,1,186467.27189505895,1997.0,5013.0,2107.100066666667,1050.5532913097252,0.49857778846338846,0,100,900,1790544529.049579,2473.84975,2995.399,performance,,16372440.0,15671336.0,13720764.0,0.0,0.0,8.07,8.48,7.25,,,
6,30,sharded_n,Sharded-N,300,1,186821.064875766,1487.0,3992.0,1581.9141666666667,804.593650992597,0.5086202955549718,0,100,900,1790544533.5246565,2608.65775,3534.631,performance,,16372440.0,15669084.0,13718476.0,0.0,0.0,8.3,8.52,7.27,,,
6,31,disabled,Disabled,500,1,186108.68666405938,2405.0,6778.0,2634.2988133333333,1452.7904265667235,0.5514903697384361,0,100,900,1790544537.456005,2300.0,2300.0,performance,,16372440.0,15670052.0,13719360.0,0.0,0.0,7.64,8.38,7.23,,,
6,32,global_mutex,GlobalMutex,600,1,184326.3139440331,2706.0,8900.0,3195.364974074074,1965.0159344308647,0.6149582130286293,0,100,900,1790544542.473852,2300.0,2300.0,performance,,16372440.0,15671852.0,13721068.0,0.0,0.0,7.03,8.24,7.19,,,
6,33,hdr_histogram,HdrHistogram,200,1,187928.79949090842,994.0,2627.0,1047.2167166666666,510.51193142837127,0.48749406240701687,0,100,900,1790544548.066969,3276.7005,3758.849,performance,,16372440.0,15670076.0,13719236.0,0.0,0.0,7.02,8.22,7.19,,,
6,34,global_mutex,GlobalMutex,400,1,186182.41748007637,1973.0,5281.0,2111.0830666666666,1082.6803960808659,0.5128554215492733,0,100,900,1790544551.4511626,2300.0,2300.0,performance,,16372440.0,15671200.0,13720336.0,0.0,0.0,6.46,8.08,7.15,,,
6,35,sharded_n,Sharded-N,600,1,184977.62113677946,2773.0,8837.0,3180.7757055555558,1952.2029728399107,0.6137505921685031,0,100,900,1790544555.9304562,2428.09375,2812.375,performance,,16372440.0,15673364.0,13722412.0,0.0,0.0,5.94,7.95,7.11,,,
6,36,sharded_n,Sharded-N,100,1,188827.1495910667,485.0,1411.0,518.7672333333334,271.18728799518084,0.5227533093265544,0,100,900,1790544561.5168192,2300.0,2300.0,performance,,16372440.0,15662792.0,13711724.0,0.0,0.0,5.47,7.82,7.08,,,
6,37,sharded_2key,Sharded-2key,600,1,185127.02082740385,2708.0,9123.0,3156.683501851852,1996.9774480743574,0.6326188377462743,0,100,900,1790544564.364464,3190.93275,3572.425,performance,,16372440.0,15667408.0,13716312.0,0.0,0.0,5.47,7.82,7.08,,,
6,38,hdr_histogram,HdrHistogram,100,1,188902.96738394228,492.0,1350.0,520.2668333333334,255.61722653573852,0.4913194733133514,0,100,900,1790544569.9452171,2300.0,2300.0,performance,,16372440.0,15662780.0,13711576.0,0.0,0.0,5.99,7.89,7.1,,,
6,39,sharded_n,Sharded-N,400,1,188193.12380246542,1964.0,5070.0,2091.8763583333334,1047.9210276172612,0.5009478803289188,0,100,900,1790544572.79099,2300.0,2300.0,performance,,16372440.0,15672824.0,13721652.0,0.0,0.0,6.07,7.87,7.1,,,
6,40,global_mutex,GlobalMutex,200,1,188022.76871327788,1000.0,2605.0,1044.8700111111111,493.4243182769772,0.47223512305829457,0,100,900,1790544577.2597282,2300.0,2300.0,performance,,16372440.0,15677020.0,13725756.0,0.0,0.0,5.59,7.74,7.06,,,
6,41,sharded_2key,Sharded-2key,100,1,181664.72980441575,513.0,1306.0,540.5710222222223,258.70364004653123,0.47857474672436523,0,100,900,1790544580.6397052,2300.0,2300.0,performance,,16372440.0,15668864.0,13717580.0,0.0,0.0,5.59,7.74,7.06,,,
6,42,global_mutex,GlobalMutex,300,1,186094.86474797886,1483.0,4063.0,1585.7360185185184,824.691986008945,0.5200688994750952,0,100,900,1790544583.5010412,2300.0,2300.0,performance,,16372440.0,15676432.0,13725108.0,0.0,0.0,5.14,7.61,7.02,,,
6,43,global_mutex,GlobalMutex,500,1,184929.17623503922,2388.0,7265.0,2650.8220244444447,1586.734196281814,0.5985819423747845,0,100,900,1790544587.4495482,2597.94375,3491.775,performance,,16372440.0,15673212.0,13721824.0,0.0,0.0,4.73,7.48,6.99,,,
6,44,thread_local,ThreadLocal,700,1,186673.19679929886,2981.0,11409.0,3669.1289095238094,2476.1400220110813,0.6748577341024636,0,100,900,1790544592.492475,2557.6835,3330.734,performance,,16372440.0,15667548.0,13716060.0,0.0,0.0,4.35,7.36,6.95,,,
6,45,global_mutex,GlobalMutex,1000,1,184178.4604526952,3258.0,21236.0,5280.340323333333,5095.903996786731,0.9650711288945535,0,100,900,1790544598.5847907,2300.0,2300.0,performance,,16372440.0,15673908.0,13722328.0,0.0,0.0,4.88,7.42,6.97,,,
6,46,disabled,Disabled,100,1,187946.56966373883,498.0,1300.0,523.9026666666666,247.37446763711694,0.47217638576080984,0,100,900,1790544606.3757482,2300.0,2300.0,performance,,16372440.0,15665656.0,13713884.0,0.0,0.0,4.72,7.31,6.94,,,
6,47,sharded_n,Sharded-N,1000,1,182306.3465054141,3276.0,21703.0,5357.045421111111,5210.969938529204,0.9727320806341775,0,100,900,1790544609.2203836,2840.55775,3592.118,performance,,16372440.0,15673672.0,13721920.0,0.0,0.0,4.72,7.31,6.94,,,
6,48,thread_local,ThreadLocal,600,1,185457.87523267663,2683.0,9435.0,3163.719761111111,2029.168737018585,0.6413870033501111,0,100,900,1790544617.061708,3171.0175,3605.905,performance,,16372440.0,15669120.0,13717184.0,0.0,0.0,4.36,7.15,6.89,,,
7,1,thread_local,ThreadLocal,600,1,185624.25076831708,2751.0,8899.0,3169.663577777778,1905.031879827245,0.6010202133700402,0,100,900,1790544622.6405003,2573.68275,3394.731,performance,,16372440.0,15658780.0,13706752.0,0.0,0.0,4.01,7.03,6.85,,,
7,2,sharded_2key,Sharded-2key,400,1,188524.41397602242,1965.0,5090.0,2085.0193805555555,1077.6994243317922,0.5168774134102476,0,100,900,1790544628.2128155,2946.059,3622.649,performance,,16372440.0,15670408.0,13718292.0,0.0,0.0,5.13,7.21,6.91,,,
7,3,sharded_2key,Sharded-2key,200,1,189281.34169143095,985.0,2639.0,1043.2406666666666,512.7679591702947,0.4915145426689285,0,100,900,1790544632.6729097,2543.43975,3273.759,performance,,16372440.0,15671512.0,13719344.0,0.0,0.0,4.72,7.09,6.88,,,
7,4,hdr_histogram,HdrHistogram,300,1,188508.44688197813,1471.0,3904.0,1567.015825925926,788.7953846860324,0.5033742299443243,0,100,900,1790544636.0502045,2300.0,2300.0,performance,,16372440.0,15674356.0,13722164.0,0.0,0.0,4.34,6.97,6.84,,,
7,5,sharded_2key,Sharded-2key,700,1,183104.44041599755,2935.0,12197.0,3754.1614793650792,2697.342059578108,0.7184938832290972,0,100,900,1790544639.968021,2300.0,2300.0,performance,,16372440.0,15664568.0,13712304.0,0.0,0.0,4.34,6.97,6.84,,,
7,6,global_mutex,GlobalMutex,300,1,189835.19676757738,1473.0,3782.0,1551.0342444444445,753.5923543952727,0.4858644205274767,0,100,900,1790544646.139474,2618.243,2979.933,performance,,16372440.0,15669648.0,13717220.0,0.0,0.0,4.56,6.94,6.83,,,
7,7,sharded_2key,Sharded-2key,100,1,183509.50963304524,511.0,1383.0,537.2007111111111,271.1708883097957,0.5047850509149987,0,100,900,1790544650.044928,3064.96675,3091.514,performance,,16372440.0,15687020.0,13734572.0,0.0,0.0,4.56,6.94,6.83,,,
7,8,thread_local,ThreadLocal,100,1,192579.22860853627,486.0,1253.0,511.01664444444447,252.72894155562776,0.49456107604945804,0,100,900,1790544652.9026701,3121.64675,3602.122,performance,,16372440.0,15682308.0,13729852.0,0.0,0.0,4.84,6.96,6.84,,,
7,9,hdr_histogram,HdrHistogram,500,1,186469.47551123975,2463.0,6527.0,2640.131048888889,1369.950533084443,0.5188948986683797,0,100,900,1790544655.7358236,2300.0,2300.0,performance,,16372440.0,15687452.0,13734980.0,0.0,0.0,4.84,6.96,6.84,,,
7,10,disabled,Disabled,500,1,186808.19453639805,2408.0,6819.0,2632.055246666667,1433.3652044125881,0.5445802120711013,0,100,900,1790544660.750531,3196.168,3554.123,performance,,16372440.0,15665224.0,13712640.0,0.0,0.0,4.45,6.84,6.8,,,
7,11,sharded_2key,Sharded-2key,600,1,185629.66057488343,2781.0,8795.0,3178.2977277777777,1901.952084114324,0.5984184764981545,0,100,900,1790544665.7609127,2300.0,2300.0,performance,,16372440.0,15670504.0,13717840.0,0.0,0.0,4.09,6.73,6.76,,,
7,12,sharded_n,Sharded-N,100,1,187639.84406661944,500.0,1316.0,523.0400111111111,255.84367346976413,0.4891474228257739,0,100,900,1790544671.3293743,2520.22675,3180.907,performance,,16372440.0,15672792.0,13720012.0,0.0,0.0,3.46,6.51,6.69,,,
7,13,global_mutex,GlobalMutex,400,1,187794.50952203505,1937.0,5473.0,2092.5247194444446,1110.747713440186,0.5308170092896606,0,100,900,1790544674.1754699,3520.96025,3612.39,performance,,16372440.0,15674728.0,13721920.0,0.0,0.0,3.46,6.51,6.69,,,
7,14,disabled,Disabled,600,1,186722.59177032084,2783.0,8664.0,3153.7208277777777,1832.2770688611417,0.5809889869523512,0,100,900,1790544678.633979,3011.0015,3377.554,performance,,16372440.0,15676852.0,13724012.0,0.0,0.0,4.15,6.6,6.72,,,
7,15,global_mutex,GlobalMutex,600,1,185252.07458884004,2771.0,9093.0,3179.7860425925924,1904.2074293331586,0.5988476595049743,0,100,900,1790544684.195303,2509.3105,3137.242,performance,,16372440.0,15673496.0,13720524.0,0.0,0.0,4.29,6.59,6.71,,,
7,16,thread_local,ThreadLocal,1000,1,184453.30763173517,3198.0,21392.0,5268.000534444444,5200.370537591675,0.9871621127578527,0,100,900,1790544689.7729647,2300.0,2300.0,performance,,16372440.0,15662184.0,13709164.0,0.0,0.0,4.67,6.63,6.73,,,
7,17,global_mutex,GlobalMutex,500,1,187254.80341090666,2355.0,7231.0,2625.5251044444444,1551.6888239281598,0.5910013281920204,0,100,900,1790544697.5326638,2583.919,3435.676,performance,,16372440.0,15661968.0,13708764.0,0.0,0.0,4.54,6.54,6.7,,,
7,18,global_mutex,GlobalMutex,700,1,182273.17738397687,3031.0,11667.0,3763.651250793651,2571.9422339443877,0.6833635909815065,0,100,900,1790544702.540527,2583.1085,3432.434,performance,,16372440.0,15677352.0,13724092.0,0.0,0.0,4.26,6.45,6.67,,,
7,19,sharded_2key,Sharded-2key,300,1,186305.23102238507,1495.0,3863.0,1584.2918407407408,784.7193315830849,0.4953123606419552,0,100,900,1790544708.713289,2455.0075,2920.03,performance,,16372440.0,15677152.0,13723792.0,0.0,0.0,10.48,7.7,7.07,,,
7,20,disabled,Disabled,1000,1,184755.41895244422,3202.0,21924.0,5268.657392222222,5205.561751424642,0.9880243416680075,0,100,900,1790544712.655121,2300.0,2300.0,performance,,16372440.0,15671008.0,13717636.0,0.0,0.0,9.64,7.57,7.03,,,
7,21,thread_local,ThreadLocal,700,1,184678.40354321382,3019.0,11208.0,3715.5819206349206,2454.2738561221126,0.6605355254023642,0,100,900,1790544720.4156675,2575.6335,3402.534,performance,,16372440.0,15668248.0,13714672.0,0.0,0.0,9.59,7.6,7.04,,,
7,22,hdr_histogram,HdrHistogram,600,1,186282.82144714775,2805.0,8644.0,3161.793651851852,1833.6762131139485,0.5799480975110348,0,100,900,1790544726.5461767,2300.0,2300.0,performance,,16372440.0,15667140.0,13713492.0,0.0,0.0,10.25,7.82,7.12,,,
7,23,disabled,Disabled,200,1,189012.6660033666,993.0,2575.0,1042.6521777777778,494.22932716938146,0.4740116960410909,0,100,900,1790544732.1141243,2300.0,2300.0,performance,,16372440.0,15668052.0,13714332.0,0.0,0.0,9.43,7.69,7.09,,,
7,24,disabled,Disabled,400,1,188453.05430704693,1911.0,5572.0,2091.2799277777776,1149.230139606111,0.5495343422663165,0,100,900,1790544735.4862895,2551.226,3304.904,performance,,16372440.0,15673320.0,13719580.0,0.0,0.0,9.43,7.69,7.09,,,
7,25,hdr_histogram,HdrHistogram,1000,1,181500.76945920204,3266.0,22048.0,5358.930858888889,5332.425568225221,0.9950539965225146,0,100,900,1790544739.9401803,2300.0,2300.0,performance,,16372440.0,15678864.0,13725036.0,0.0,0.0,8.68,7.56,7.05,,,
7,26,hdr_histogram,HdrHistogram,100,1,183636.36434865015,508.0,1405.0,536.4027,259.67187563082445,0.48409874825541416,0,100,900,1790544747.8074229,2540.21375,3260.855,performance,,16372440.0,15653056.0,13699080.0,0.0,0.0,11.86,8.27,7.28,,,
7,27,sharded_n,Sharded-N,400,1,185227.1884991846,1991.0,5183.0,2115.619941666667,1074.81317802006,0.5080369856853078,0,100,900,1790544750.668575,3156.78825,3552.983,performance,,16372440.0,15670904.0,13716916.0,0.0,0.0,11.86,8.27,7.28,,,
7,28,sharded_n,Sharded-N,700,1,185082.2044021002,2959.0,11632.0,3697.3891015873014,2651.2405117413987,0.7170574799939807,0,100,900,1790544755.1688194,2300.0,2300.0,performance,,16372440.0,15668640.0,13714576.0,0.0,0.0,10.91,8.13,7.24,,,
7,29,sharded_n,Sharded-N,300,1,187783.19022175873,1506.0,3761.0,1572.3278407407408,753.0228616542001,0.47892229733682185,0,100,900,1790544761.2848275,3523.70225,3553.867,performance,,16372440.0,15678692.0,13724468.0,0.0,0.0,10.04,8.05,7.22,,,
7,30,sharded_2key,Sharded-2key,500,1,184824.68441006474,2435.0,6802.0,2663.43398,1468.4996305948732,0.5513557466120761,0,100,900,1790544765.2116606,2530.9335,3223.734,performance,,16372440.0,15671924.0,13717720.0,0.0,0.0,10.04,8.05,7.22,,,
7,31,disabled,Disabled,300,1,198263.2756806687,1401.0,3630.0,1488.6205814814814,728.7857926943876,0.48957121899328904,0,100,900,1790544770.243248,2450.69775,2902.791,performance,,16372440.0,15676340.0,13721996.0,0.0,0.0,9.96,8.06,7.23,,,
7,32,global_mutex,GlobalMutex,1000,1,184383.77181978198,3180.0,21551.0,5290.3815233333335,5210.348233696673,0.9848719247782656,0,100,900,1790544774.0746434,2565.45725,3361.829,performance,,16372440.0,15671196.0,13716860.0,0.0,0.0,10.04,8.11,7.26,,,
7,33,global_mutex,GlobalMutex,100,1,187235.6034341681,499.0,1331.0,526.9814111111111,248.64047860288434,0.47182020724154133,0,100,900,1790544781.860728,2300.0,2300.0,performance,,16372440.0,15645812.0,13691272.0,0.0,0.0,9.09,7.97,7.22,,,
7,34,hdr_histogram,HdrHistogram,200,1,192871.7583345756,965.0,2600.0,1016.6638833333334,490.9138782699116,0.4828674317222261,0,100,900,1790544784.7048059,3491.36425,3766.005,performance,,16372440.0,15661664.0,13707116.0,0.0,0.0,9.09,7.97,7.22,,,
7,35,disabled,Disabled,700,1,186517.45397456893,2925.0,11648.0,3674.979441269841,2562.1470761438436,0.6971867780731114,0,100,900,1790544788.06166,2903.67475,3512.345,performance,,16372440.0,15671036.0,13716512.0,0.0,0.0,9.0,7.97,7.22,,,
7,36,global_mutex,GlobalMutex,200,1,191270.5862021503,989.0,2375.0,1028.3812833333334,465.1439521507745,0.45230690181669275,0,100,900,1790544794.157717,2300.0,2300.0,performance,,16372440.0,15668552.0,13713824.0,0.0,0.0,9.96,8.19,7.3,,,
7,37,hdr_histogram,HdrHistogram,700,1,179539.13944405413,3115.0,11434.0,3820.749153968254,2557.781515215294,0.6694450256067624,0,100,900,1790544797.526836,2300.0,2300.0,performance,,16372440.0,15669940.0,13715228.0,0.0,0.0,9.16,8.05,7.26,,,
7,38,thread_local,ThreadLocal,200,1,191588.55953227213,967.0,2660.0,1027.8186444444445,514.1649920635547,0.5002487499547846,0,100,900,1790544803.7536645,2559.2005,3336.802,performance,,16372440.0,15667936.0,13713108.0,0.0,0.0,12.35,8.73,7.48,,,
7,39,sharded_n,Sharded-N,1000,1,182150.8972119008,3239.0,21698.0,5362.172725555555,5314.230937654548,0.9910592607969301,0,100,900,1790544807.1153672,2433.645,2834.58,performance,,16372440.0,15675516.0,13720700.0,0.0,0.0,11.36,8.59,7.44,,,
7,40,disabled,Disabled,100,1,191384.89364712752,487.0,1298.0,514.1185111111112,253.44405952688066,0.49296816599569276,0,100,900,1790544814.9659173,2300.0,2300.0,performance,,16372440.0,15660584.0,13705544.0,0.0,0.0,11.66,8.7,7.48,,,
7,41,sharded_2key,Sharded-2key,1000,1,184461.34172459398,3223.0,21836.0,5289.311455555556,5189.35395024098,0.9811019815803083,0,100,900,1790544817.804979,2300.0,2300.0,performance,,16372440.0,15672764.0,13717736.0,0.0,0.0,12.96,9.02,7.6,,,
7,42,thread_local,ThreadLocal,400,1,186332.4925226259,1979.0,5151.0,2105.3846166666667,1086.30666474294,0.5159658981753302,0,100,900,1790544825.575434,2549.75625,3299.025,performance,,16372440.0,15655904.0,13700724.0,0.0,0.0,13.45,9.18,7.66,,,
7,43,sharded_n,Sharded-N,500,1,185354.35795513584,2458.0,6662.0,2651.666011111111,1409.301308050141,0.5314776831414038,0,100,900,1790544830.0466533,2832.51325,3502.988,performance,,16372440.0,15664400.0,13709160.0,0.0,0.0,12.37,9.03,7.62,,,
7,44,sharded_n,Sharded-N,600,1,184439.74519981194,2681.0,9202.0,3189.0838981481484,2095.3140444859787,0.6570269429734023,0,100,900,1790544835.0842972,2533.95725,3235.829,performance,,16372440.0,15676640.0,13721340.0,0.0,0.0,12.02,9.01,7.62,,,
7,45,hdr_histogram,HdrHistogram,400,1,189783.60843444412,1904.0,5330.0,2057.4521555555557,1095.0453450888178,0.5322336862764774,0,100,900,1790544840.69166,2591.15125,3464.605,performance,,16372440.0,15662512.0,13707120.0,0.0,0.0,18.91,10.49,8.1,,,
7,46,thread_local,ThreadLocal,500,1,188051.54067315476,2410.0,6870.0,2608.741233333333,1422.914248567867,0.5454409315828272,0,100,900,1790544845.1465824,2518.4195,3173.678,performance,,16372440.0,15664300.0,13708876.0,0.0,0.0,17.39,10.32,8.06,,,
7,47,thread_local,ThreadLocal,300,1,194758.6887910229,1369.0,4415.0,1513.108574074074,860.7683626903463,0.5688741557869247,0,100,900,1790544850.1403115,2625.23775,3600.951,performance,,16372440.0,15677964.0,13722480.0,0.0,0.0,17.44,10.44,8.11,,,
7,48,sharded_n,Sharded-N,200,1,186203.2052337004,995.0,2586.0,1052.25635,505.39646177709795,0.4802978492618247,0,100,900,1790544854.0093057,2300.0,2300.0,performance,,16372440.0,15673648.0,13718104.0,0.0,0.0,19.33,10.95,8.29,,,
8,1,sharded_n,Sharded-N,500,1,180925.5142640186,2560.0,6467.0,2715.2115577777777,1376.9849643059442,0.5071372653676076,0,100,900,1790544857.4022825,2570.314,3381.256,performance,,16372440.0,15680604.0,13725000.0,0.0,0.0,17.78,10.77,8.25,,,
8,2,thread_local,ThreadLocal,700,1,184619.5468191106,2942.0,11697.0,3715.2393920634922,2592.5710137049655,0.6978207162755716,0,100,900,1790544862.4935453,2610.626,3542.504,performance,,16372440.0,15687476.0,13731728.0,0.0,0.0,16.36,10.59,8.2,,,
8,3,disabled,Disabled,300,1,192788.76687831292,1418.0,4077.0,1528.8643111111112,805.1412631686843,0.526627024594186,0,100,900,1790544868.6193416,2895.0295,3000.906,performance,,16372440.0,15666580.0,13710724.0,0.0,0.0,15.77,10.56,8.2,,,
8,4,disabled,Disabled,200,1,188283.7627391578,995.0,2571.0,1043.9175333333333,499.7814624156288,0.4787556932967459,0,100,900,1790544872.5077112,2300.0,2300.0,performance,,16372440.0,15674496.0,13718592.0,0.0,0.0,14.5,10.39,8.16,,,
8,5,sharded_2key,Sharded-2key,1000,1,184655.53452393305,3208.0,21118.0,5286.631044444444,5118.662755356369,0.9682277261878172,0,100,900,1790544875.887945,2300.0,2300.0,performance,,16372440.0,15672644.0,13716764.0,0.0,0.0,13.42,10.23,8.12,,,
8,6,sharded_2key,Sharded-2key,600,1,184823.46531776534,2807.0,8742.0,3192.125433333333,1919.9726596649728,0.6014715586097967,0,100,900,1790544883.671532,2539.895,3259.58,performance,,16372440.0,15663228.0,13707108.0,0.0,0.0,12.91,10.18,8.12,,,
8,7,global_mutex,GlobalMutex,400,1,185338.52850614296,1939.0,5562.0,2114.073608333333,1157.9568268583653,0.5477372321824029,0,100,900,1790544889.2643325,2542.785,3271.14,performance,,16372440.0,15678920.0,13722744.0,0.0,0.0,15.4,10.74,8.31,,,
8,8,disabled,Disabled,100,1,189539.576147809,496.0,1333.0,520.6127333333334,248.87665695185743,0.47804565854233316,0,100,900,1790544893.7528389,2300.0,2300.0,performance,,16372440.0,15675412.0,13719204.0,0.0,0.0,16.65,11.07,8.43,,,
8,9,sharded_n,Sharded-N,400,1,188984.27670188728,1862.0,5803.0,2077.09875,1190.8996001216242,0.5733476081104107,0,100,900,1790544896.5938096,2300.0,2300.0,performance,,16372440.0,15678728.0,13722524.0,0.0,0.0,15.31,10.89,8.39,,,
8,10,global_mutex,GlobalMutex,500,1,185047.8281422264,2419.0,6675.0,2648.1213933333333,1484.56497681742,0.5606106202513315,0,100,900,1790544901.0420418,2300.0,2300.0,performance,,16372440.0,15676360.0,13720072.0,0.0,0.0,14.09,10.71,8.34,,,
8,11,hdr_histogram,HdrHistogram,1000,1,183161.24073667062,3268.0,22350.0,5314.486961111111,5240.53070009916,0.9860840262563202,0,100,900,1790544906.0945768,2775.835,3260.473,performance,,16372440.0,15673672.0,13717272.0,0.0,0.0,12.96,10.53,8.29,,,
8,12,hdr_histogram,HdrHistogram,700,1,185641.67588344682,3027.0,11582.0,3716.478377777778,2503.1862233836764,0.6735371415992,0,100,900,1790544913.907282,2509.52425,3138.097,performance,,16372440.0,15665968.0,13709404.0,0.0,0.0,12.56,10.49,8.29,,,
8,13,global_mutex,GlobalMutex,700,1,183018.06329457482,2995.0,11575.0,3737.4574825396826,2588.82297495738,0.6926695452862301,0,100,900,1790544920.0398088,2300.0,2300.0,performance,,16372440.0,15658076.0,13701440.0,0.0,0.0,12.92,10.6,8.34,,,
8,14,disabled,Disabled,500,1,188377.3008758306,2389.0,6844.0,2607.68882,1432.1216216590396,0.5491919168710627,0,100,900,1790544926.1943786,2587.584,3450.336,performance,,16372440.0,15661980.0,13705236.0,0.0,0.0,11.89,10.46,8.32,,,
8,15,hdr_histogram,HdrHistogram,500,1,188824.01931086965,2369.0,6659.0,2616.729531111111,1430.180128225617,0.5465525233776592,0,100,900,1790544931.1823027,2564.50075,3358.003,performance,,16372440.0,15670196.0,13713432.0,0.0,0.0,10.94,10.29,8.27,,,
8,16,global_mutex,GlobalMutex,100,1,189150.98387136462,495.0,1316.0,521.3752666666667,250.09115643278716,0.47967591180860353,0,100,900,1790544936.1757874,2300.0,2300.0,performance,,16372440.0,15660876.0,13704008.0,0.0,0.0,10.06,10.12,8.23,,,
8,17,sharded_n,Sharded-N,1000,1,184925.8583649682,3219.0,21490.0,5276.144748888889,5096.165862165104,0.9658881825102151,0,100,900,1790544939.0203032,2518.78625,3175.145,performance,,16372440.0,15675200.0,13718312.0,0.0,0.0,10.06,10.12,8.23,,,
8,18,thread_local,ThreadLocal,500,1,184095.08304525513,2479.0,6671.0,2667.1861,1413.3811268131976,0.5299147017949732,0,100,900,1790544946.7831032,2605.37375,3521.495,performance,,16372440.0,15661072.0,13703980.0,0.0,0.0,10.65,10.26,8.3,,,
8,19,hdr_histogram,HdrHistogram,300,1,193079.69727351776,1405.0,4030.0,1522.5062518518519,812.9008879026773,0.5339228570745974,0,100,900,1790544951.8271408,2300.0,2300.0,performance,,16372440.0,15663580.0,13706496.0,0.0,0.0,9.8,10.09,8.25,,,
8,20,sharded_n,Sharded-N,100,1,188705.00213118186,496.0,1258.0,521.8309444444444,241.75659579813797,0.46328528112781564,0,100,900,1790544955.713294,2300.0,2300.0,performance,,16372440.0,15670668.0,13713504.0,0.0,0.0,9.8,10.09,8.25,,,
8,21,disabled,Disabled,600,1,188358.87835570963,2641.0,9404.0,3118.9902944444443,2145.2983244955367,0.687818211014234,0,100,900,1790544958.5610957,2300.0,2300.0,performance,,16372440.0,15669360.0,13712152.0,0.0,0.0,9.01,9.92,8.21,,,
8,22,sharded_n,Sharded-N,600,1,184927.06460989968,2777.0,8790.0,3190.2682407407406,1901.0915875401254,0.595903367391676,0,100,900,1790544964.0984883,2827.5915,3519.887,performance,,16372440.0,15669472.0,13712164.0,0.0,0.0,9.01,9.9,8.21,,,
8,23,thread_local,ThreadLocal,300,1,192524.4612756459,1452.0,3713.0,1535.7028962962963,746.580486393998,0.48614903845955487,0,100,900,1790544969.6939173,2300.0,2300.0,performance,,16372440.0,15668384.0,13710956.0,0.0,0.0,8.93,9.87,8.21,,,
8,24,disabled,Disabled,1000,1,183774.53559352466,3200.0,21097.0,5320.138391111112,5203.224792759385,0.9780243313694498,0,100,900,1790544973.5765352,2739.2655,3192.424,performance,,16372440.0,15676328.0,13718868.0,0.0,0.0,8.86,9.84,8.21,,,
8,25,sharded_2key,Sharded-2key,700,1,185106.18200817268,2957.0,11646.0,3708.422187301587,2543.641913651602,0.6859094744825882,0,100,900,1790544981.3739173,2911.14875,3588.727,performance,,16372440.0,15669304.0,13711672.0,0.0,0.0,8.16,9.66,8.17,,,
8,26,global_mutex,GlobalMutex,300,1,186510.01790655742,1486.0,3933.0,1580.7312148148148,796.842632086628,0.5040974864154747,0,100,900,1790544987.4978204,2300.0,2300.0,performance,,16372440.0,15664032.0,13706312.0,0.0,0.0,7.5,9.5,8.12,,,
8,27,thread_local,ThreadLocal,100,1,185659.59549572412,494.0,1464.0,530.3923333333333,277.8392618316772,0.5238372509752414,0,100,900,1790544991.4278939,2621.2435,3584.974,performance,,16372440.0,15670188.0,13712444.0,0.0,0.0,6.9,9.34,8.08,,,
8,28,sharded_2key,Sharded-2key,300,1,190497.20671934984,1444.0,3932.0,1545.3904814814814,792.3429895801861,0.5127137762752428,0,100,900,1790544994.276018,2300.0,2300.0,performance,,16372440.0,15675116.0,13717384.0,0.0,0.0,6.9,9.34,8.08,,,
8,29,global_mutex,GlobalMutex,200,1,192516.30449727617,984.0,2443.0,1023.6747777777778,471.68846352166736,0.4607796086815991,0,100,900,1790544998.1675339,2893.5455,3605.806,performance,,16372440.0,15670360.0,13712512.0,0.0,0.0,7.15,9.35,8.09,,,
8,30,disabled,Disabled,700,1,185604.31344141613,2956.0,11483.0,3699.0310365079367,2549.3846189869514,0.6892033599679372,0,100,900,1790545001.5283308,2573.6715,3394.686,performance,,16372440.0,15672620.0,13714728.0,0.0,0.0,6.58,9.2,8.05,,,
8,31,sharded_n,Sharded-N,200,1,187434.18170611814,1009.0,2516.0,1050.6256722222222,496.4770738729133,0.47255372393746475,0,100,900,1790545007.6367824,2628.1605,3612.642,performance,,16372440.0,15663608.0,13705596.0,0.0,0.0,6.05,9.05,8.0,,,
8,32,sharded_n,Sharded-N,300,1,190185.91002360385,1475.0,3724.0,1551.1100148148148,753.9837688095859,0.4860930311894112,0,100,900,1790545011.0206482,3554.4265,3633.527,performance,,16372440.0,15673552.0,13715532.0,0.0,0.0,5.57,8.9,7.96,,,
8,33,thread_local,ThreadLocal,600,1,186526.09737577641,2740.0,8827.0,3154.3230222222223,1914.4657215011464,0.6069339468449253,0,100,900,1790545014.917452,3139.845,3186.794,performance,,16372440.0,15674552.0,13716464.0,0.0,0.0,5.57,8.9,7.96,,,
8,34,thread_local,ThreadLocal,200,1,189656.44474694226,978.0,2803.0,1043.2933888888888,531.7097984669737,0.509645516907997,0,100,900,1790545020.4746706,2619.69775,3578.791,performance,,16372440.0,15673960.0,13715720.0,0.0,0.0,5.52,8.83,7.94,,,
8,35,sharded_2key,Sharded-2key,100,1,185123.79379275354,503.0,1375.0,531.6282888888888,257.9123275573656,0.48513657558819195,0,100,900,1790545023.857326,2504.76675,3119.067,performance,,16372440.0,15672668.0,13714476.0,0.0,0.0,7.8,9.25,8.08,,,
8,36,hdr_histogram,HdrHistogram,200,1,188811.90920124238,978.0,2746.0,1042.3101277777778,527.0850683049545,0.5056892898361339,0,100,900,1790545026.7073226,2521.16375,3184.655,performance,,16372440.0,15680248.0,13722044.0,0.0,0.0,7.18,9.09,8.04,,,
8,37,global_mutex,GlobalMutex,600,1,184303.98189814345,2738.0,9269.0,3192.664661111111,1986.7393593403463,0.6222825038721485,0,100,900,1790545030.0834217,2564.9195,3359.678,performance,,16372440.0,15663556.0,13705276.0,0.0,0.0,7.18,9.09,8.04,,,
8,38,sharded_2key,Sharded-2key,400,1,188235.72078528084,1943.0,5198.0,2082.9864361111113,1082.2407977585372,0.5195620955550034,0,100,900,1790545035.6690195,2300.0,2300.0,performance,,16372440.0,15668196.0,13709792.0,0.0,0.0,7.48,9.13,8.06,,,
8,39,global_mutex,GlobalMutex,1000,1,182718.4104735252,3295.0,21368.0,5344.5083933333335,5180.869704854846,0.9693819007408411,0,100,900,1790545040.1261868,2300.0,2300.0,performance,,16372440.0,15673192.0,13714716.0,0.0,0.0,6.88,8.97,8.01,,,
8,40,sharded_2key,Sharded-2key,500,1,185462.5463312745,2434.0,6663.0,2640.748257777778,1451.0701611540674,0.5494920452490086,0,100,900,1790545047.948953,3583.5975,3597.512,performance,,16372440.0,15653412.0,13694780.0,0.0,0.0,8.65,9.27,8.12,,,
8,41,sharded_n,Sharded-N,700,1,184812.08766169928,3061.0,11495.0,3710.632619047619,2466.0804539915675,0.6645983871678782,0,100,900,1790545052.9742088,2300.0,2300.0,performance,,16372440.0,15671712.0,13713068.0,0.0,0.0,11.56,9.87,8.32,,,
8,42,disabled,Disabled,400,1,189913.61490135486,1958.0,5118.0,2073.0728194444446,1053.080610282157,0.5079805207056685,0,100,900,1790545059.1031017,2300.0,2300.0,performance,,16372440.0,15657784.0,13698948.0,0.0,0.0,12.0,9.99,8.37,,,
8,43,hdr_histogram,HdrHistogram,600,1,184760.63407732395,2777.0,8818.0,3176.3594222222223,1878.0328670160259,0.5912532611634138,0,100,900,1790545063.540028,2300.0,2300.0,performance,,16372440.0,15666984.0,13708148.0,0.0,0.0,11.52,9.92,8.35,,,
8,44,hdr_histogram,HdrHistogram,100,1,178083.63382456667,525.0,1485.0,553.7035666666667,269.753191336066,0.48717979723338,0,100,900,1790545069.1346912,2475.65825,3002.633,performance,,16372440.0,15674428.0,13715488.0,0.0,0.0,11.16,9.87,8.35,,,
8,45,hdr_histogram,HdrHistogram,400,1,187511.6168329743,1946.0,5362.0,2093.5153972222224,1100.2236723310948,0.5255388490530927,0,100,900,1790545072.0049953,2933.87025,3579.965,performance,,16372440.0,15671240.0,13712312.0,0.0,0.0,10.26,9.71,8.3,,,
8,46,thread_local,ThreadLocal,1000,1,181539.0739271677,3285.0,21764.0,5374.98709,5252.608368783324,0.9772318111341407,0,100,900,1790545076.473365,2550.4965,3301.986,performance,,16372440.0,15661624.0,13702572.0,0.0,0.0,9.44,9.55,8.26,,,
8,47,thread_local,ThreadLocal,400,1,188011.34846735522,1946.0,5224.0,2093.7748194444443,1095.6138902492282,0.5232720730398004,0,100,900,1790545084.3372207,2300.0,2300.0,performance,,16372440.0,15665008.0,13705828.0,0.0,0.0,9.24,9.5,8.25,,,
8,48,sharded_2key,Sharded-2key,200,1,187607.33777949173,994.0,2587.0,1043.8321944444444,504.21224311030943,0.4830395592259585,0,100,900,1790545088.7940867,2300.0,2300.0,performance,,16372440.0,15674832.0,13715612.0,0.0,0.0,11.15,9.89,8.38,,,
9,1,global_mutex,GlobalMutex,700,1,183432.49876678622,3058.0,11463.0,3742.0787111111113,2464.2925883586663,0.6585357440616101,0,100,900,1790545092.184806,2300.0,2300.0,performance,,16372440.0,15672420.0,13713204.0,0.0,0.0,10.25,9.73,8.34,,,
9,2,global_mutex,GlobalMutex,500,1,185540.90856728452,2437.0,6691.0,2646.705711111111,1408.595529302286,0.5322070842212921,0,100,900,1790545098.3289635,2300.0,2300.0,performance,,16372440.0,15670324.0,13710920.0,0.0,0.0,9.99,9.68,8.33,,,
9,3,global_mutex,GlobalMutex,400,1,185574.22589433385,1965.0,5310.0,2112.6457583333336,1106.2194418215956,0.5236180450310289,0,100,900,1790545103.3650818,2892.61,3503.06,performance,,16372440.0,15678964.0,13719532.0,0.0,0.0,9.67,9.62,8.32,,,
9,4,global_mutex,GlobalMutex,200,1,187010.42871032225,1013.0,2499.0,1054.2257555555555,485.53702819319653,0.4605626694609908,0,100,900,1790545107.8434236,3441.7525,3560.736,performance,,16372440.0,15675476.0,13715940.0,0.0,0.0,8.9,9.46,8.27,,,
9,5,thread_local,ThreadLocal,300,1,191538.13478258898,1441.0,4046.0,1536.268437037037,793.0397153246864,0.5162116829362208,0,100,900,1790545111.2321017,2300.0,2300.0,performance,,16372440.0,15671640.0,13712072.0,0.0,0.0,8.18,9.3,8.23,,,
9,6,sharded_n,Sharded-N,500,1,186544.2716702629,2403.0,6694.0,2633.9044444444444,1425.5602094623537,0.5412345965963999,0,100,900,1790545115.1265264,2390.49875,2661.995,performance,,16372440.0,15671516.0,13711888.0,0.0,0.0,8.18,9.3,8.23,,,
9,7,disabled,Disabled,300,1,188082.76989105123,1483.0,3919.0,1568.5201111111112,790.6894410730661,0.5040990137595086,0,100,900,1790545120.1483462,2606.12525,3524.501,performance,,16372440.0,15674212.0,13714480.0,0.0,0.0,9.29,9.52,8.3,,,
9,8,global_mutex,GlobalMutex,600,1,183872.7513636423,2734.0,9289.0,3198.4766833333333,1995.066057472752,0.6237550731161087,0,100,900,1790545124.0629823,2300.0,2300.0,performance,,16372440.0,15668172.0,13708448.0,0.0,0.0,10.39,9.74,8.38,,,
9,9,thread_local,ThreadLocal,100,1,184537.11740826754,501.0,1436.0,532.5715333333334,273.6130165347318,0.5137582454364473,0,100,900,1790545129.6695065,2530.11975,3220.479,performance,,16372440.0,15664400.0,13704552.0,0.0,0.0,10.36,9.74,8.39,,,
9,10,thread_local,ThreadLocal,600,1,185861.32446296993,2779.0,8556.0,3170.839024074074,1846.9928691436437,0.5824934205491524,0,100,900,1790545132.5244272,2424.96525,2799.861,performance,,16372440.0,15672692.0,13712852.0,0.0,0.0,9.53,9.58,8.34,,,
9,11,sharded_n,Sharded-N,300,1,187218.4855438782,1475.0,4053.0,1575.7921185185185,802.1984751927321,0.5090763342228918,0,100,900,1790545138.0995574,3271.7735,3611.674,performance,,16372440.0,15667088.0,13707080.0,0.0,0.0,9.41,9.56,8.34,,,
9,12,disabled,Disabled,600,1,187225.2767454046,2808.0,8708.0,3165.6545074074074,1839.498034152681,0.5810798461576858,0,100,900,1790545142.033015,2300.0,2300.0,performance,,16372440.0,15672152.0,13712168.0,0.0,0.0,8.65,9.4,8.3,,,
9,13,sharded_2key,Sharded-2key,1000,1,187696.59360766195,3169.0,21670.0,5223.188346666667,5129.613874705887,0.9820847984506441,0,100,900,1790545147.587259,2712.6585,3140.337,performance,,16372440.0,15666424.0,13706316.0,0.0,0.0,7.96,9.24,8.25,,,
9,14,sharded_2key,Sharded-2key,200,1,189358.5348868121,991.0,2524.0,1038.234538888889,489.9918751792881,0.47194719191645645,0,100,900,1790545155.2944403,2554.41475,3317.659,performance,,16372440.0,15662064.0,13701800.0,0.0,0.0,7.96,9.22,8.25,,,
9,15,sharded_2key,Sharded-2key,700,1,184343.59695121582,3000.0,11391.0,3717.720373015873,2522.500548766914,0.6785073366668032,0,100,900,1790545158.6689014,2300.0,2300.0,performance,,16372440.0,15667636.0,13707360.0,0.0,0.0,7.81,9.17,8.24,,,
9,16,sharded_n,Sharded-N,700,1,184278.87254771643,3070.0,11344.0,3727.0052111111113,2449.836023012858,0.6573202569476693,0,100,900,1790545164.8088,2300.0,2300.0,performance,,16372440.0,15666824.0,13706408.0,0.0,0.0,7.74,9.13,8.23,,,
9,17,thread_local,ThreadLocal,400,1,191415.47298776935,1879.0,5259.0,2052.3556444444444,1091.8548781459638,0.5320008162822676,0,100,900,1790545170.954694,3231.53875,3574.069,performance,,16372440.0,15650504.0,13690012.0,0.0,0.0,7.29,8.99,8.2,,,
9,18,hdr_histogram,HdrHistogram,100,1,188598.18127732797,487.0,1408.0,522.5198666666666,260.65355122060396,0.4988395041960841,0,100,900,1790545175.3741307,2300.0,2300.0,performance,,16372440.0,15672644.0,13712108.0,0.0,0.0,7.29,8.99,8.2,,,
9,19,sharded_n,Sharded-N,400,1,187034.35090241305,1996.0,5197.0,2114.439475,1052.1776431512262,0.49761539906514757,0,100,900,1790545178.2178342,2300.0,2300.0,performance,,16372440.0,15674036.0,13713472.0,0.0,0.0,7.34,8.98,8.2,,,
9,20,hdr_histogram,HdrHistogram,300,1,189902.57203980268,1460.0,3911.0,1557.370951851852,770.2519402878091,0.4945847611783894,0,100,900,1790545182.6956956,2300.0,2300.0,performance,,16372440.0,15666568.0,13705868.0,0.0,0.0,6.76,8.83,8.15,,,
9,21,sharded_n,Sharded-N,200,1,185833.39923020086,1009.0,2725.0,1060.9861055555555,509.8835871904851,0.4805751786197982,0,100,900,1790545186.6135752,2591.8955,3467.582,performance,,16372440.0,15674904.0,13714172.0,0.0,0.0,6.21,8.68,8.11,,,
9,22,hdr_histogram,HdrHistogram,500,1,187587.3766368093,2437.0,6556.0,2618.6001822222224,1386.488137301482,0.5294768352627497,0,100,900,1790545190.0077786,2300.0,2300.0,performance,,16372440.0,15672032.0,13711296.0,0.0,0.0,6.21,8.68,8.11,,,
9,23,hdr_histogram,HdrHistogram,600,1,186721.4326345487,2741.0,8894.0,3150.192577777778,1895.5512301028232,0.6017255082989215,0,100,900,1790545195.0172598,2509.5515,3138.206,performance,,16372440.0,15658100.0,13697252.0,0.0,0.0,6.52,8.7,8.12,,,
9,24,sharded_n,Sharded-N,600,1,182797.7604262924,2858.0,8868.0,3223.691138888889,1904.835145379075,0.5908863669971856,0,100,900,1790545200.5813842,2527.67225,3210.689,performance,,16372440.0,15678308.0,13717336.0,0.0,0.0,6.48,8.66,8.11,,,
9,25,hdr_histogram,HdrHistogram,400,1,188880.43650684413,1927.0,5313.0,2082.425491666667,1100.651817613716,0.5285431925503422,0,100,900,1790545206.20993,2300.0,2300.0,performance,,16372440.0,15677772.0,13716716.0,0.0,0.0,5.48,8.37,8.02,,,
9,26,sharded_n,Sharded-N,100,1,186865.359302076,498.0,1335.0,528.0361555555555,262.3622938339533,0.49686426028520264,0,100,900,1790545210.6628687,2300.0,2300.0,performance,,16372440.0,15670404.0,13709300.0,0.0,0.0,5.48,8.37,8.02,,,
9,27,sharded_2key,Sharded-2key,600,1,187274.6484489403,2740.0,9104.0,3158.256312962963,1984.1428278019446,0.6282399625572165,0,100,900,1790545213.5122159,2807.53575,3326.872,performance,,16372440.0,15670196.0,13709080.0,0.0,0.0,5.04,8.23,7.98,,,
9,28,thread_local,ThreadLocal,700,1,182733.35703690498,3061.0,11583.0,3772.538746031746,2545.2333462423217,0.6746738781462746,0,100,900,1790545219.068542,3441.50325,3559.297,performance,,16372440.0,15667960.0,13706748.0,0.0,0.0,5.36,8.24,7.98,,,
9,29,disabled,Disabled,100,1,188024.25549665093,499.0,1361.0,524.2927111111111,247.35700898158393,0.4717918135031304,0,100,900,1790545225.260624,2784.102,3283.681,performance,,16372440.0,15659776.0,13698480.0,0.0,0.0,8.45,8.84,8.18,,,
9,30,disabled,Disabled,400,1,191003.81365058638,1886.0,5500.0,2070.0186722222224,1133.5362263642737,0.5475971021784992,0,100,900,1790545228.1073313,2603.786,3515.144,performance,,16372440.0,15675280.0,13713988.0,0.0,0.0,8.34,8.81,8.17,,,
9,31,hdr_histogram,HdrHistogram,200,1,188576.2942888124,1003.0,2529.0,1044.4899277777777,489.1278776206307,0.46829353219449715,0,100,900,1790545232.5494878,3164.87,3253.837,performance,,16372440.0,15662856.0,13701468.0,0.0,0.0,7.67,8.66,8.12,,,
9,32,global_mutex,GlobalMutex,1000,1,182776.58546620066,3227.0,21904.0,5340.614693333333,5298.940932486724,0.9921968231674473,0,100,900,1790545235.9241362,2300.0,2300.0,performance,,16372440.0,15663716.0,13702336.0,0.0,0.0,7.05,8.52,8.08,,,
9,33,disabled,Disabled,200,1,192881.83207608043,961.0,2753.0,1020.5202777777778,511.82414751305345,0.5015325600659012,0,100,900,1790545243.753978,2300.0,2300.0,performance,,16372440.0,15648016.0,13686432.0,0.0,0.0,7.21,8.53,8.09,,,
9,34,disabled,Disabled,500,1,187245.25127526294,2450.0,6548.0,2624.3965755555555,1373.4758399189125,0.5233491968065699,0,100,900,1790545247.1164932,3159.71675,3671.315,performance,,16372440.0,15670444.0,13708852.0,0.0,0.0,6.63,8.38,8.04,,,
9,35,sharded_n,Sharded-N,1000,1,184120.44890706154,3232.0,21394.0,5281.937733333333,5144.535985074285,0.9739864884449638,0,100,900,1790545252.117158,2300.0,2300.0,performance,,16372440.0,15679020.0,13717288.0,0.0,0.0,6.1,8.24,8.0,,,
9,36,sharded_2key,Sharded-2key,500,1,184977.25643795132,2373.0,7066.0,2659.0757777777776,1509.9766692557637,0.567857705250382,0,100,900,1790545259.916789,3253.94775,3588.873,performance,,16372440.0,15656524.0,13694664.0,0.0,0.0,6.09,8.21,7.99,,,
9,37,thread_local,ThreadLocal,200,1,190847.32288387694,990.0,2500.0,1029.6446722222222,472.0366278700587,0.45844614225147157,0,100,900,1790545264.9509983,2300.0,2300.0,performance,,16372440.0,15667880.0,13705892.0,0.0,0.0,6.09,8.17,7.98,,,
9,38,hdr_histogram,HdrHistogram,700,1,182961.50977121902,2981.0,11558.0,3747.0663444444444,2572.178932361287,0.6864513984853526,0,100,900,1790545268.3169153,3230.803,3618.911,performance,,16372440.0,15671020.0,13709068.0,0.0,0.0,6.16,8.15,7.97,,,
9,39,disabled,Disabled,1000,1,186100.76926390664,3169.0,21543.0,5250.936522222222,5163.192350447796,0.9832898052750993,0,100,900,1790545274.4839678,2300.0,2300.0,performance,,16372440.0,15673684.0,13711612.0,0.0,0.0,6.31,8.15,7.97,,,
9,40,sharded_2key,Sharded-2key,100,1,189127.9805592575,493.0,1346.0,520.1200222222222,251.31612052712367,0.4831887060478291,0,100,900,1790545282.2193134,2526.78825,3207.153,performance,,16372440.0,15670796.0,13708528.0,0.0,0.0,5.93,8.01,7.93,,,
9,41,sharded_2key,Sharded-2key,400,1,185336.5732273679,1994.0,5122.0,2118.339361111111,1080.7661971025561,0.5101950220741179,0,100,900,1790545285.0614383,2819.21525,3457.311,performance,,16372440.0,15668056.0,13705828.0,0.0,0.0,5.93,8.01,7.93,,,
9,42,hdr_histogram,HdrHistogram,1000,1,184327.06743833757,3137.0,22147.0,5278.253054444444,5325.3245927783155,1.0089180147007608,0,100,900,1790545289.5460446,2972.12825,3661.873,performance,,16372440.0,15674364.0,13712068.0,0.0,0.0,6.33,8.06,7.95,,,
9,43,sharded_2key,Sharded-2key,300,1,190312.14462973588,1454.0,4040.0,1546.2459703703703,794.0720913981393,0.5135483659226198,0,100,900,1790545297.3210027,2300.0,2300.0,performance,,16372440.0,15660392.0,13697912.0,0.0,0.0,6.46,8.04,7.94,,,
9,44,thread_local,ThreadLocal,500,1,185004.25072344393,2442.0,7108.0,2659.17252,1490.6411423095064,0.5605657892063003,0,100,900,1790545301.2244375,2535.36,3241.44,performance,,16372440.0,15672632.0,13710156.0,0.0,0.0,5.95,7.9,7.9,,,
9,45,thread_local,ThreadLocal,1000,1,182272.7804429861,3321.0,21356.0,5359.475456666667,5204.009593716638,0.9709923360584394,0,100,900,1790545306.2688358,2300.0,2300.0,performance,,16372440.0,15677548.0,13714928.0,0.0,0.0,5.47,7.77,7.86,,,
9,46,global_mutex,GlobalMutex,100,1,186969.66987986924,500.0,1359.0,526.6268333333334,255.43221848936338,0.48503456778413945,0,100,900,1790545314.1087718,2300.0,2300.0,performance,,16372440.0,15667064.0,13704344.0,0.0,0.0,5.75,7.79,7.86,,,
9,47,global_mutex,GlobalMutex,300,1,189567.9518964947,1455.0,4022.0,1553.8830888888888,804.639064116485,0.5178247127278062,0,100,900,1790545316.9562137,2300.0,2300.0,performance,,16372440.0,15673740.0,13711024.0,0.0,0.0,5.29,7.66,7.82,,,
9,48,disabled,Disabled,700,1,185310.81017232325,2993.0,11500.0,3701.051920634921,2498.5286443217583,0.6750860830650363,0,100,900,1790545320.8658862,2300.0,2300.0,performance,,16372440.0,15665316.0,13702500.0,0.0,0.0,5.29,7.66,7.82,,,
10,1,sharded_2key,Sharded-2key,700,1,188357.94769181754,2925.0,11295.0,3638.6221174603174,2453.5672872078435,0.6743122006086145,0,100,900,1790545326.9801946,2827.3765,3605.215,performance,,16372440.0,15663608.0,13700612.0,0.0,0.0,4.48,7.41,7.74,,,
10,2,global_mutex,GlobalMutex,200,1,187967.51691987255,980.0,2840.0,1045.3426444444444,524.7375907939357,0.5019766423791231,0,100,900,1790545333.0525236,2545.26125,3281.045,performance,,16372440.0,15651124.0,13688044.0,0.0,0.0,6.28,7.74,7.84,,,
10,3,sharded_n,Sharded-N,300,1,189155.89222327695,1470.0,3864.0,1560.1254925925925,773.5448451185434,0.4958221942986641,0,100,900,1790545336.4302168,3299.3005,3519.457,performance,,16372440.0,15661048.0,13697976.0,0.0,0.0,5.78,7.61,7.8,,,
10,4,global_mutex,GlobalMutex,1000,1,185440.7790886034,3183.0,21473.0,5263.752598888889,5118.532504130521,0.9724112993477273,0,100,900,1790545340.3423133,2551.3415,3305.366,performance,,16372440.0,15672904.0,13709792.0,0.0,0.0,5.78,7.61,7.8,,,
10,5,thread_local,ThreadLocal,100,1,185565.2089876208,493.0,1444.0,524.8396666666666,267.4219176771679,0.5095306903451173,0,100,900,1790545348.0924723,2472.6445,2990.578,performance,,16372440.0,15660084.0,13696776.0,0.0,0.0,5.9,7.57,7.78,,,
10,6,sharded_2key,Sharded-2key,200,1,193553.59556159412,983.0,2402.0,1021.0119888888889,471.71651046762094,0.4620087869692539,0,100,900,1790545350.9451387,3281.483,3678.966,performance,,16372440.0,15667060.0,13703764.0,0.0,0.0,5.43,7.45,7.74,,,
10,7,disabled,Disabled,100,1,192914.56649598666,485.0,1341.0,509.2783,243.06820548453535,0.47727972207835156,0,100,900,1790545354.3021173,2300.0,2300.0,performance,,16372440.0,15678848.0,13715552.0,0.0,0.0,5.43,7.45,7.74,,,
10,8,hdr_histogram,HdrHistogram,600,1,184835.98937030815,2828.0,8848.0,3184.4715407407407,1874.292263804064,0.5885724647952371,0,100,900,1790545357.1330333,2882.14175,3319.051,performance,,16372440.0,15674156.0,13710836.0,0.0,0.0,4.99,7.32,7.7,,,
10,9,sharded_n,Sharded-N,400,1,187814.97598585978,1943.0,5448.0,2100.2585027777777,1116.8440086106266,0.5317650218454069,0,100,900,1790545362.716786,2300.0,2300.0,performance,,16372440.0,15657452.0,13693952.0,0.0,0.0,4.59,7.2,7.66,,,
10,10,global_mutex,GlobalMutex,600,1,181815.53073960464,2846.0,8925.0,3240.443796296296,1917.3937311008115,0.5917071400196231,0,100,900,1790545367.194849,2300.0,2300.0,performance,,16372440.0,15668804.0,13705304.0,0.0,0.0,4.22,7.08,7.62,,,
10,11,sharded_2key,Sharded-2key,400,1,187635.91495454067,1971.0,5064.0,2093.1957361111113,1064.3305765389048,0.5084715959322057,0,100,900,1790545372.8213632,2522.7315,3190.926,performance,,16372440.0,15669156.0,13705476.0,0.0,0.0,3.89,6.96,7.58,,,
10,12,thread_local,ThreadLocal,1000,1,184975.47202221816,3201.0,22095.0,5268.404146666667,5232.514527727543,0.9931877627569953,0,100,900,1790545377.2826207,2536.6185,3246.474,performance,,16372440.0,15669528.0,13705840.0,0.0,0.0,3.57,6.85,7.53,,,
10,13,thread_local,ThreadLocal,600,1,183496.9202600697,2781.0,9037.0,3203.124477777778,1934.4541973210623,0.6039272625031179,0,100,900,1790545385.0418408,2300.0,2300.0,performance,,16372440.0,15682744.0,13718884.0,0.0,0.0,4.01,6.88,7.54,,,
10,14,thread_local,ThreadLocal,300,1,189383.00204733125,1473.0,3764.0,1555.311048148148,767.2137544802384,0.49328637856313806,0,100,900,1790545390.6468127,2300.0,2300.0,performance,,16372440.0,15657508.0,13693556.0,0.0,0.0,4.81,7.0,7.58,,,
10,15,hdr_histogram,HdrHistogram,1000,1,181190.56715988473,3162.0,21706.0,5369.264455555555,5322.053800089415,0.9912072396774401,0,100,900,1790545394.5558178,3205.627,3532.258,performance,,16372440.0,15681408.0,13717452.0,0.0,0.0,4.42,6.89,7.54,,,
10,16,sharded_n,Sharded-N,500,1,183588.13485012125,2475.0,6850.0,2673.358057777778,1450.0573234491478,0.5424104411417692,0,100,900,1790545402.431309,2897.89575,3544.637,performance,,16372440.0,15663144.0,13699032.0,0.0,0.0,4.55,6.84,7.52,,,
10,17,hdr_histogram,HdrHistogram,100,1,182947.46031288727,506.0,1499.0,538.7379,271.5357837684052,0.5040220555643203,0,100,900,1790545407.4869688,2763.262,3279.531,performance,,16372440.0,15665200.0,13701040.0,0.0,0.0,4.19,6.72,7.47,,,
10,18,global_mutex,GlobalMutex,100,1,183647.77818796076,506.0,1371.0,535.3351666666666,259.34582546936315,0.48445505099956976,0,100,900,1790545410.3491225,2300.0,2300.0,performance,,16372440.0,15668240.0,13704084.0,0.0,0.0,4.19,6.72,7.47,,,
10,19,hdr_histogram,HdrHistogram,400,1,185849.7056259142,1986.0,5244.0,2117.5708666666665,1078.2009117935322,0.5091687502722219,0,100,900,1790545413.2078319,2300.0,2300.0,performance,,16372440.0,15671632.0,13707472.0,0.0,0.0,4.65,6.78,7.49,,,
10,20,disabled,Disabled,400,1,187540.3532140847,1962.0,5237.0,2096.3839694444446,1090.4346733362986,0.5201502631339386,0,100,900,1790545417.688819,2300.0,2300.0,performance,,16372440.0,15664104.0,13699816.0,0.0,0.0,4.28,6.67,7.45,,,
10,21,sharded_n,Sharded-N,200,1,186237.18616768243,1008.0,2560.0,1055.5556166666668,496.5492483708509,0.47041505016940843,0,100,900,1790545422.1543953,2591.29325,3465.173,performance,,16372440.0,15675996.0,13711660.0,0.0,0.0,3.94,6.56,7.41,,,
10,22,sharded_2key,Sharded-2key,1000,1,182936.46786358097,3233.0,22024.0,5338.6399155555555,5249.152836109244,0.9832378506769923,0,100,900,1790545425.5447128,2767.0145,3361.572,performance,,16372440.0,15678872.0,13714484.0,0.0,0.0,3.94,6.56,7.41,,,
10,23,sharded_2key,Sharded-2key,600,1,187706.10880267454,2754.0,8842.0,3142.0421574074076,1870.6724378884064,0.5953683445902438,0,100,900,1790545433.3578522,2974.5365,3700.699,performance,,16372440.0,15660200.0,13695632.0,0.0,0.0,6.36,7.0,7.54,,,
10,24,disabled,Disabled,500,1,188369.98362989494,2379.0,6562.0,2611.34502,1404.5579835700314,0.5378676401673002,0,100,900,1790545438.8953521,2800.03475,3323.674,performance,,16372440.0,15668740.0,13704144.0,0.0,0.0,6.49,7.01,7.55,,,
10,25,disabled,Disabled,300,1,191155.2689285034,1445.0,3967.0,1545.7691962962963,783.4543046653833,0.5068378296983538,0,100,900,1790545443.8854098,2485.84525,3043.381,performance,,16372440.0,15674908.0,13710200.0,0.0,0.0,7.57,7.23,7.61,,,
10,26,hdr_histogram,HdrHistogram,300,1,186918.23943590536,1489.0,3793.0,1578.9658444444444,776.6948032238643,0.49190095273855816,0,100,900,1790545447.7825937,2525.587,3202.348,performance,,16372440.0,15674060.0,13709308.0,0.0,0.0,6.96,7.11,7.57,,,
10,27,global_mutex,GlobalMutex,400,1,186826.05264975296,1983.0,5025.0,2100.766488888889,1065.5639858345367,0.5072262869149828,0,100,900,1790545451.713383,2852.85125,3566.769,performance,,16372440.0,15664588.0,13699728.0,0.0,0.0,6.41,6.99,7.53,,,
10,28,sharded_n,Sharded-N,700,1,183576.58585443432,3063.0,11335.0,3735.356350793651,2507.226191681257,0.671214726581186,0,100,900,1790545456.1820583,2300.0,2300.0,performance,,16372440.0,15677220.0,13712352.0,0.0,0.0,5.89,6.87,7.49,,,
10,29,disabled,Disabled,600,1,185875.36431661763,2760.0,9108.0,3165.6537037037037,1938.8814193603018,0.6124742630856554,0,100,900,1790545462.3468595,2300.0,2300.0,performance,,16372440.0,15666408.0,13701408.0,0.0,0.0,5.42,6.76,7.45,,,
10,30,sharded_2key,Sharded-2key,500,1,187795.8821150595,2365.0,7008.0,2616.4257133333335,1481.9811534960131,0.5664143820112382,0,100,900,1790545467.9099061,2300.0,2300.0,performance,,16372440.0,15666620.0,13701504.0,0.0,0.0,4.99,6.65,7.41,,,
10,31,hdr_histogram,HdrHistogram,200,1,187437.0592212543,1007.0,2508.0,1046.9139388888889,484.0892551209173,0.462396417832292,0,100,900,1790545472.9041493,3259.3825,3598.996,performance,,16372440.0,15672960.0,13707808.0,0.0,0.0,4.59,6.54,7.37,,,
10,32,thread_local,ThreadLocal,500,1,188317.45452692776,2389.0,6863.0,2611.113528888889,1411.8091419350128,0.540692362210609,0,100,900,1790545476.2902436,2530.2455,3220.982,performance,,16372440.0,15673316.0,13708156.0,0.0,0.0,4.22,6.43,7.33,,,
10,33,hdr_histogram,HdrHistogram,500,1,185477.10554073902,2448.0,6762.0,2652.9915266666667,1431.0544072190141,0.5394116011433526,0,100,900,1790545481.2752595,2452.49025,2909.961,performance,,16372440.0,15668800.0,13703536.0,0.0,0.0,3.88,6.32,7.29,,,
10,34,global_mutex,GlobalMutex,300,1,187497.47529441252,1486.0,3872.0,1576.1416,788.2981055982675,0.5001442164830036,0,100,900,1790545486.2977407,2481.15525,3024.621,performance,,16372440.0,15665956.0,13700588.0,0.0,0.0,3.57,6.22,7.25,,,
10,35,disabled,Disabled,700,1,187052.2868997454,2956.0,11331.0,3665.3381904761904,2481.9213150819023,0.6771329645735795,0,100,900,1790545490.219553,2551.18075,3304.723,performance,,16372440.0,15665456.0,13700108.0,0.0,0.0,3.57,6.22,7.25,,,
10,36,thread_local,ThreadLocal,700,1,185070.46048545456,2992.0,11382.0,3701.2698936507936,2517.101497136891,0.6800642940021098,0,100,900,1790545496.2987802,2300.0,2300.0,performance,,16372440.0,15664112.0,13698592.0,0.0,0.0,6.26,6.73,7.41,,,
10,37,global_mutex,GlobalMutex,700,1,181796.80156991823,3094.0,11302.0,3775.402426984127,2502.9204117288136,0.6629546015650046,0,100,900,1790545502.4191108,2300.0,2300.0,performance,,16372440.0,15671532.0,13705904.0,0.0,0.0,5.76,6.62,7.37,,,
10,38,sharded_2key,Sharded-2key,100,1,188518.75851298348,484.0,1499.0,521.4821222222222,280.43590278806585,0.5377670505616338,0,100,900,1790545508.6029873,2300.0,2300.0,performance,,16372440.0,15667944.0,13702224.0,0.0,0.0,6.26,6.71,7.39,,,
10,39,disabled,Disabled,200,1,195932.35675726645,969.0,2252.0,1003.8747888888889,447.9721873625683,0.4462430895972534,0,100,900,1790545511.445589,2474.20475,2996.819,performance,,16372440.0,15675444.0,13709716.0,0.0,0.0,5.76,6.6,7.35,,,
10,40,sharded_n,Sharded-N,600,1,184328.3941282825,2776.0,9224.0,3194.708551851852,2056.833925129837,0.6438252165248589,0,100,900,1790545514.7918205,3142.08925,3523.119,performance,,16372440.0,15674036.0,13708284.0,0.0,0.0,5.76,6.6,7.35,,,
10,41,hdr_histogram,HdrHistogram,700,1,183132.32713603615,2982.0,11714.0,3730.1622174603176,2635.440576438682,0.7065217067779489,0,100,900,1790545520.3947625,2300.0,2300.0,performance,,16372440.0,15670832.0,13704964.0,0.0,0.0,6.02,6.64,7.36,,,
10,42,global_mutex,GlobalMutex,500,1,185869.51152130569,2417.0,6843.0,2638.9174733333334,1449.371507206507,0.5492295692656662,0,100,900,1790545526.552454,2583.82325,3435.293,performance,,16372440.0,15660148.0,13694180.0,0.0,0.0,5.68,6.55,7.33,,,
10,43,sharded_n,Sharded-N,1000,1,184539.51926446008,3282.0,22019.0,5287.717798888889,5196.775306385712,0.9828011826723645,0,100,900,1790545531.5771184,2300.0,2300.0,performance,,16372440.0,15665296.0,13699260.0,0.0,0.0,5.23,6.44,7.29,,,
10,44,disabled,Disabled,1000,1,184466.68811817485,3261.0,21472.0,5311.457288888889,5201.204846731951,0.979242524949306,0,100,900,1790545539.3573482,2618.1615,3572.646,performance,,16372440.0,15672588.0,13706352.0,0.0,0.0,6.01,6.58,7.33,,,
10,45,thread_local,ThreadLocal,400,1,189711.41198027122,1944.0,5238.0,2084.49165,1100.3832850676563,0.5278904739520814,0,100,900,1790545547.1538045,2841.6165,3127.1,performance,,16372440.0,15659576.0,13693244.0,0.0,0.0,5.82,6.53,7.3,,,
10,46,thread_local,ThreadLocal,200,1,192144.41123049197,966.0,2621.0,1020.4107277777778,491.5042006255754,0.4816729060620125,0,100,900,1790545551.6088862,2897.83875,3521.74,performance,,16372440.0,15669868.0,13703456.0,0.0,0.0,5.36,6.42,7.26,,,
10,47,sharded_n,Sharded-N,100,1,187695.40186223702,502.0,1323.0,525.4590666666667,247.42049484189454,0.4708654023451263,0,100,900,1790545554.9685583,2618.02575,3572.103,performance,,16372440.0,15672232.0,13705792.0,0.0,0.0,5.36,6.42,7.26,,,
10,48,sharded_2key,Sharded-2key,300,1,186599.33090207123,1475.0,4013.0,1579.7850740740741,810.7056568600348,0.5131746527831936,0,100,900,1790545557.8140275,2300.0,2300.0,performance,,16372440.0,15678412.0,13711988.0,0.0,0.0,4.93,6.31,7.22,,,
11,1,thread_local,ThreadLocal,400,1,187116.1159874111,1936.0,5353.0,2101.991072222222,1110.009597569402,0.5280753149897547,0,100,900,1790545561.7474551,2559.6345,3338.538,performance,,16372440.0,15670500.0,13703988.0,0.0,0.0,4.53,6.21,7.19,,,
11,2,disabled,Disabled,600,1,189787.46068497395,2753.0,8386.0,3097.627696296296,1796.3764769169234,0.5799200720812174,0,100,900,1790545566.2177086,2300.0,2300.0,performance,,16372440.0,15670528.0,13703912.0,0.0,0.0,4.17,6.1,7.15,,,
11,3,global_mutex,GlobalMutex,500,1,189911.67570905085,2305.0,6962.0,2587.984368888889,1486.8257569263783,0.5745111040082224,0,100,900,1790545571.7130144,3246.64975,3652.665,performance,,16372440.0,15662932.0,13696224.0,0.0,0.0,3.83,6.0,7.11,,,
11,4,disabled,Disabled,100,1,184073.98206586827,512.0,1295.0,535.2626555555555,248.11891730204252,0.4635461015760887,0,100,900,1790545576.686174,2300.0,2300.0,performance,,16372440.0,15678020.0,13711200.0,0.0,0.0,3.53,5.9,7.07,,,
11,5,sharded_n,Sharded-N,400,1,186396.0383965898,1961.0,5312.0,2109.188175,1093.6803869532523,0.5185314425315571,0,100,900,1790545579.5385406,2548.94825,3295.793,performance,,16372440.0,15677044.0,13710264.0,0.0,0.0,3.53,5.9,7.07,,,
11,6,sharded_n,Sharded-N,700,1,184884.08205614076,2935.0,11685.0,3709.0288968253967,2609.5003783845505,0.7035535313887832,0,100,900,1790545584.0240514,2300.0,2300.0,performance,,16372440.0,15668524.0,13701704.0,0.0,0.0,4.21,6.0,7.1,,,
11,7,sharded_n,Sharded-N,1000,1,183522.20562927952,3265.0,21581.0,5313.1407944444445,5195.026886942509,0.9777694753307802,0,100,900,1790545590.1534767,3531.3025,3607.253,performance,,16372440.0,15654396.0,13687476.0,0.0,0.0,5.87,6.32,7.19,,,
11,8,disabled,Disabled,700,1,185400.16245027093,3019.0,11387.0,3702.925333333333,2509.620098087591,0.6777398602926887,0,100,900,1790545597.9549446,2300.0,2300.0,performance,,16372440.0,15648912.0,13681820.0,0.0,0.0,6.82,6.52,7.25,,,
11,9,disabled,Disabled,300,1,190488.0777385401,1450.0,3930.0,1548.5683407407407,784.8334081698335,0.506812252014927,0,100,900,1790545604.0683658,2407.40125,2729.605,performance,,16372440.0,15660796.0,13693604.0,0.0,0.0,10.52,7.29,7.49,,,
11,10,global_mutex,GlobalMutex,300,1,186956.46406863083,1491.0,3883.0,1579.2918814814814,789.7855467305797,0.5000883978392316,0,100,900,1790545607.9695404,2625.134,3600.536,performance,,16372440.0,15657684.0,13690476.0,0.0,0.0,13.12,7.89,7.69,,,
11,11,thread_local,ThreadLocal,300,1,189420.92244154506,1477.0,3762.0,1560.0780148148149,759.2654729816562,0.48668429768993504,0,100,900,1790545611.896437,2593.21975,3472.879,performance,,16372440.0,15655304.0,13688020.0,0.0,0.0,12.07,7.75,7.64,,,
11,12,sharded_n,Sharded-N,300,1,185390.51662620777,1500.0,3906.0,1591.5102,786.1908998880699,0.493990487706626,0,100,900,1790545615.7994688,2448.21225,2892.849,performance,,16372440.0,15658752.0,13691360.0,0.0,0.0,12.07,7.75,7.64,,,
11,13,sharded_2key,Sharded-2key,1000,1,182750.62594353463,3286.0,21477.0,5324.641054444444,5168.176128635527,0.9706149345638393,0,100,900,1790545619.741339,2512.368,3149.472,performance,,16372440.0,15667648.0,13700216.0,0.0,0.0,11.1,7.63,7.6,,,
11,14,sharded_2key,Sharded-2key,300,1,188935.25069929328,1461.0,3950.0,1560.4502370370371,803.007225441379,0.5145997010235448,0,100,900,1790545627.5625772,2535.5245,3242.098,performance,,16372440.0,15662868.0,13695252.0,0.0,0.0,9.83,7.47,7.55,,,
11,15,disabled,Disabled,1000,1,184697.55616031023,3203.0,21762.0,5301.0787644444445,5247.210443376986,0.9898382341668331,0,100,900,1790545631.4752474,2300.0,2300.0,performance,,16372440.0,15666656.0,13699076.0,0.0,0.0,9.05,7.35,7.51,,,
11,16,sharded_n,Sharded-N,200,1,185313.7265645312,1009.0,2646.0,1064.6186555555555,520.4538105769029,0.4888640715255096,0,100,900,1790545639.254138,2300.0,2300.0,performance,,16372440.0,15667376.0,13699612.0,0.0,0.0,8.8,7.33,7.5,,,
11,17,global_mutex,GlobalMutex,400,1,189508.34947677757,1874.0,5781.0,2078.236136111111,1173.547944587127,0.5646846016175634,0,100,900,1790545642.6555638,2537.8005,3251.202,performance,,16372440.0,15671836.0,13704084.0,0.0,0.0,8.1,7.2,7.46,,,
11,18,thread_local,ThreadLocal,600,1,183856.93353033322,2794.0,8923.0,3200.5518796296296,1922.5512656555481,0.6006936734542254,0,100,900,1790545647.1051683,2624.0215,3596.086,performance,,16372440.0,15668924.0,13701076.0,0.0,0.0,7.45,7.08,7.42,,,
11,19,global_mutex,GlobalMutex,600,1,188791.79989333978,2636.0,9237.0,3096.7619611111113,1976.3432444354694,0.6381966935961594,0,100,900,1790545652.6927464,2300.0,2300.0,performance,,16372440.0,15669284.0,13701324.0,0.0,0.0,6.85,6.97,7.38,,,
11,20,thread_local,ThreadLocal,100,1,187384.9038977886,500.0,1366.0,525.5971888888889,255.1274462325453,0.4854048910951827,0,100,900,1790545658.211087,2300.0,2300.0,performance,,16372440.0,15680016.0,13711960.0,0.0,0.0,16.47,8.96,8.02,,,
11,21,sharded_2key,Sharded-2key,400,1,187559.1114030735,1966.0,5129.0,2090.2201194444447,1069.0004778583505,0.5114296183037784,0,100,900,1790545661.0541341,2300.0,2300.0,performance,,16372440.0,15675708.0,13707628.0,0.0,0.0,15.15,8.81,7.98,,,
11,22,global_mutex,GlobalMutex,200,1,190439.47475307435,991.0,2559.0,1037.9975444444444,493.8242244591314,0.4757470064377034,0,100,900,1790545665.5161357,2300.0,2300.0,performance,,16372440.0,15678024.0,13709864.0,0.0,0.0,15.15,8.81,7.98,,,
11,23,hdr_histogram,HdrHistogram,700,1,185736.0938903738,2912.0,11676.0,3678.3788349206347,2601.0425430087967,0.7071165477345177,0,100,900,1790545668.8868577,2625.0,3600.0,performance,,16372440.0,15672404.0,13704232.0,0.0,0.0,14.82,8.85,8.0,,,
11,24,sharded_n,Sharded-N,100,1,190062.26182057286,493.0,1307.0,520.2193,254.83881872228707,0.48986805895568863,0,100,900,1790545674.998083,2300.0,2300.0,performance,,16372440.0,15662012.0,13693720.0,0.0,0.0,15.56,9.1,8.08,,,
11,25,sharded_2key,Sharded-2key,100,1,188076.98924867713,495.0,1307.0,521.6185111111112,259.68825365874477,0.4978509161907944,0,100,900,1790545677.842985,2300.0,2300.0,performance,,16372440.0,15675176.0,13706876.0,0.0,0.0,14.31,8.95,8.04,,,
11,26,thread_local,ThreadLocal,1000,1,183207.19995990448,3289.0,21122.0,5329.32137,5165.389147548511,0.9692395689675797,0,100,900,1790545680.686503,2606.3035,3525.214,performance,,16372440.0,15677304.0,13708984.0,0.0,0.0,14.31,8.95,8.04,,,
11,27,hdr_histogram,HdrHistogram,600,1,184248.6108897564,2795.0,8816.0,3200.45122962963,1894.441866429441,0.5919296157025564,0,100,900,1790545688.5006146,2589.49975,3457.999,performance,,16372440.0,15666612.0,13698076.0,0.0,0.0,13.79,9.0,8.07,,,
11,28,global_mutex,GlobalMutex,1000,1,181602.81973132375,3313.0,22390.0,5360.777657777778,5239.637181102714,0.9774024433751127,0,100,900,1790545694.0999966,2600.2375,3500.95,performance,,16372440.0,15672688.0,13704116.0,0.0,0.0,14.05,9.13,8.12,,,
11,29,sharded_n,Sharded-N,600,1,183107.5109769189,2842.0,8921.0,3216.6373592592595,1862.4163945641903,0.5789948280004666,0,100,900,1790545701.946392,2917.3175,3594.979,performance,,16372440.0,15670480.0,13701740.0,0.0,0.0,12.92,9.06,8.1,,,
11,30,global_mutex,GlobalMutex,700,1,186741.19493924011,2889.0,12725.0,3671.5788444444443,2735.3863540977795,0.7450163730616216,0,100,900,1790545707.5602758,2426.80825,2807.233,performance,,16372440.0,15668460.0,13699648.0,0.0,0.0,11.89,8.91,8.06,,,
11,31,hdr_histogram,HdrHistogram,1000,1,183012.25031052032,3308.0,21357.0,5321.372542222222,5150.346465834449,0.9678605331555395,0,100,900,1790545713.655359,2837.266,3527.77,performance,,16372440.0,15671908.0,13702992.0,0.0,0.0,12.22,9.03,8.1,,,
11,32,hdr_histogram,HdrHistogram,500,1,182358.94099063403,2476.0,6747.0,2694.1091688888887,1462.6774714052394,0.5429169271594442,0,100,900,1790545721.4663277,2574.1845,3396.738,performance,,16372440.0,15659280.0,13690200.0,0.0,0.0,10.93,8.86,8.06,,,
11,33,sharded_2key,Sharded-2key,600,1,186395.90193200874,2746.0,8794.0,3160.121922222222,1872.779297213777,0.5926288109468967,0,100,900,1790545726.5372903,2300.0,2300.0,performance,,16372440.0,15663684.0,13694536.0,0.0,0.0,10.05,8.71,8.01,,,
11,34,sharded_n,Sharded-N,500,1,186799.7466694895,2412.0,6767.0,2628.43326,1400.3105157429711,0.5327548304357446,0,100,900,1790545732.1024208,2540.823,3263.292,performance,,16372440.0,15680028.0,13710784.0,0.0,0.0,9.25,8.57,7.97,,,
11,35,hdr_histogram,HdrHistogram,200,1,191237.40174611413,988.0,2634.0,1030.8618222222221,485.04995880553696,0.4705285891371143,0,100,900,1790545737.1147933,2300.0,2300.0,performance,,16372440.0,15670432.0,13701128.0,0.0,0.0,8.51,8.43,7.93,,,
11,36,thread_local,ThreadLocal,700,1,186388.0281620417,2924.0,11956.0,3698.202265079365,2641.062293490398,0.7141476058324029,0,100,900,1790545740.4820158,3174.5665,3599.522,performance,,16372440.0,15682504.0,13713216.0,0.0,0.0,8.51,8.43,7.93,,,
11,37,global_mutex,GlobalMutex,100,1,187027.21740388504,496.0,1430.0,525.3752555555556,267.0414160681627,0.5082870067524993,0,100,900,1790545746.6106758,2300.0,2300.0,performance,,16372440.0,15667712.0,13698272.0,0.0,0.0,7.86,8.3,7.89,,,
11,38,sharded_2key,Sharded-2key,200,1,187875.81248891292,987.0,2645.0,1045.3317111111112,517.5786688131592,0.4951334234977057,0,100,900,1790545749.458581,2560.757,3343.028,performance,,16372440.0,15671520.0,13702060.0,0.0,0.0,7.86,8.3,7.89,,,
11,39,hdr_histogram,HdrHistogram,300,1,187070.3368503222,1483.0,3956.0,1576.422825925926,795.6646754064287,0.504727958971977,0,100,900,1790545752.8414109,2533.89825,3235.593,performance,,16372440.0,15666788.0,13697324.0,0.0,0.0,7.23,8.16,7.85,,,
11,40,thread_local,ThreadLocal,500,1,188838.50550270936,2362.0,6983.0,2602.6998,1439.0535215875152,0.552907992534335,0,100,900,1790545756.7740028,2300.0,2300.0,performance,,16372440.0,15665424.0,13695896.0,0.0,0.0,6.65,8.02,7.81,,,
11,41,thread_local,ThreadLocal,200,1,191991.31462011268,987.0,2489.0,1031.7118888888888,486.8319510644881,0.47186812162142094,0,100,900,1790545761.7557945,2300.0,2300.0,performance,,16372440.0,15658700.0,13689020.0,0.0,0.0,6.12,7.89,7.76,,,
11,42,disabled,Disabled,200,1,190747.02096866106,986.0,2558.0,1033.9808555555555,487.03306379451016,0.4710271579765647,0,100,900,1790545765.1177113,2300.0,2300.0,performance,,16372440.0,15664032.0,13694368.0,0.0,0.0,6.12,7.89,7.76,,,
11,43,sharded_2key,Sharded-2key,700,1,186390.18071912634,3038.0,11321.0,3682.1412095238097,2449.357023961147,0.6651991014429097,0,100,900,1790545768.4838958,2300.0,2300.0,performance,,16372440.0,15671732.0,13702008.0,0.0,0.0,6.51,7.94,7.78,,,
11,44,disabled,Disabled,400,1,191645.3448044954,1936.0,5012.0,2051.4967555555554,1033.0951012474009,0.5035811528581402,0,100,900,1790545774.5880926,2518.12125,3172.485,performance,,16372440.0,15671272.0,13701396.0,0.0,0.0,6.63,7.94,7.78,,,
11,45,hdr_histogram,HdrHistogram,400,1,185458.09822475366,2016.0,5064.0,2121.6771166666667,1066.7662082392776,0.5027938510810057,0,100,900,1790545779.0065043,2564.76225,3359.049,performance,,16372440.0,15670304.0,13700396.0,0.0,0.0,6.74,7.94,7.78,,,
11,46,hdr_histogram,HdrHistogram,100,1,179696.7936467504,511.0,1498.0,547.4914888888889,281.9899076954628,0.5150580665057453,0,100,900,1790545783.489015,2300.0,2300.0,performance,,16372440.0,15666840.0,13696864.0,0.0,0.0,8.84,8.36,7.92,,,
11,47,disabled,Disabled,500,1,186646.1123893531,2363.0,6819.0,2605.832393333333,1517.2245283776658,0.5822417943146604,0,100,900,1790545786.3565655,3097.8415,3588.883,performance,,16372440.0,15671044.0,13701052.0,0.0,0.0,8.13,8.22,7.88,,,
11,48,sharded_2key,Sharded-2key,500,1,183769.2475193108,2440.0,7122.0,2677.0342155555554,1484.7649441885671,0.5546305443393218,0,100,900,1790545791.3679743,3113.225,3552.884,performance,,16372440.0,15668528.0,13698428.0,0.0,0.0,7.48,8.08,7.83,,,
12,1,hdr_histogram,HdrHistogram,700,1,183671.82897877292,3072.0,11232.0,3732.7997825396824,2438.9902566449564,0.6533943417092525,0,100,900,1790545796.4196873,3255.489,3623.341,performance,,16372440.0,15667992.0,13697792.0,0.0,0.0,6.88,7.95,7.79,,,
12,2,disabled,Disabled,1000,1,182165.58103911317,3278.0,21857.0,5347.345063333333,5188.295757709267,0.9702563975692039,0,100,900,1790545802.5693538,2893.3225,3551.093,performance,,16372440.0,15668416.0,13698104.0,0.0,0.0,6.33,7.82,7.75,,,
12,3,hdr_histogram,HdrHistogram,1000,1,182236.29612438747,3232.0,22198.0,5358.394135555555,5291.835934537192,0.9875787037432134,0,100,900,1790545810.3986773,3141.88675,3739.908,performance,,16372440.0,15662700.0,13692240.0,0.0,0.0,7.11,7.95,7.79,,,
12,4,global_mutex,GlobalMutex,700,1,184968.53776776037,2951.0,11848.0,3696.8940904761903,2615.558924008431,0.7075017190096256,0,100,900,1790545818.2470257,2300.0,2300.0,performance,,16372440.0,15659812.0,13689224.0,0.0,0.0,7.41,7.99,7.81,,,
12,5,global_mutex,GlobalMutex,500,1,185178.44872852296,2466.0,6623.0,2657.692308888889,1394.0516165142694,0.5245346166867171,0,100,900,1790545824.3792033,2949.92775,3600.0,performance,,16372440.0,15664496.0,13693808.0,0.0,0.0,7.46,7.99,7.81,,,
12,6,disabled,Disabled,400,1,189682.9703168265,1920.0,5184.0,2066.4929944444443,1089.7635311602578,0.5273492501982712,0,100,900,1790545829.415799,2300.0,2300.0,performance,,16372440.0,15671008.0,13700260.0,0.0,0.0,9.98,8.5,7.98,,,
12,7,hdr_histogram,HdrHistogram,200,1,189980.05324484405,989.0,2557.0,1037.980711111111,487.272942906346,0.46944315794148284,0,100,900,1790545833.8568242,3074.13375,3432.518,performance,,16372440.0,15672664.0,13701884.0,0.0,0.0,10.71,8.68,8.04,,,
12,8,sharded_n,Sharded-N,100,1,183811.65110941697,502.0,1428.0,535.1839,271.714699846674,0.5077034265168926,0,100,900,1790545837.2304554,2789.4365,3626.257,performance,,16372440.0,15663232.0,13692372.0,0.0,0.0,9.85,8.53,7.99,,,
12,9,thread_local,ThreadLocal,600,1,188748.7693951616,2702.0,8723.0,3120.620185185185,1861.7400801013239,0.5965929749925154,0,100,900,1790545840.0893588,2531.03275,3224.131,performance,,16372440.0,15665328.0,13694500.0,0.0,0.0,9.85,8.53,7.99,,,
12,10,sharded_n,Sharded-N,400,1,185157.38157559535,1995.0,5195.0,2123.9661555555554,1084.7382013065926,0.5107135057069038,0,100,900,1790545845.613363,2554.35475,3317.419,performance,,16372440.0,15671404.0,13700396.0,0.0,0.0,10.1,8.61,8.02,,,
12,11,thread_local,ThreadLocal,300,1,189139.34769568525,1457.0,3838.0,1560.477025925926,784.2728022336447,0.5025852923200121,0,100,900,1790545850.1005795,2575.458,3401.832,performance,,16372440.0,15663300.0,13692272.0,0.0,0.0,15.78,9.81,8.41,,,
12,12,global_mutex,GlobalMutex,1000,1,182430.2120348774,3256.0,21420.0,5337.25381,5197.373926558866,0.9737917872335297,0,100,900,1790545854.0218396,2300.0,2300.0,performance,,16372440.0,15667528.0,13696444.0,0.0,0.0,15.08,9.76,8.41,,,
12,13,global_mutex,GlobalMutex,200,1,189498.64277755818,989.0,2574.0,1034.4092722222222,492.74531579187624,0.4763543106427412,0,100,900,1790545861.8513563,2526.549,3206.196,performance,,16372440.0,15649740.0,13678440.0,0.0,0.0,13.94,9.7,8.4,,,
12,14,hdr_histogram,HdrHistogram,600,1,183869.21968606042,2769.0,9263.0,3198.589361111111,1968.578337284796,0.6154520368319366,0,100,900,1790545865.219967,2758.29025,3237.066,performance,,16372440.0,15663616.0,13692352.0,0.0,0.0,13.94,9.7,8.4,,,
12,15,hdr_histogram,HdrHistogram,100,1,189144.2606112846,494.0,1364.0,520.0434888888889,254.03821727361796,0.48849417923948873,0,100,900,1790545870.8153048,2909.8765,3595.341,performance,,16372440.0,15651260.0,13679800.0,0.0,0.0,13.3,9.64,8.39,,,
12,16,global_mutex,GlobalMutex,600,1,187379.66952578467,2793.0,8616.0,3149.796316666667,1813.8794389857487,0.5758719792095388,0,100,900,1790545873.6621916,2300.0,2300.0,performance,,16372440.0,15673320.0,13701872.0,0.0,0.0,12.23,9.48,8.34,,,
12,17,disabled,Disabled,300,1,188951.39523900682,1474.0,3695.0,1557.7090185185184,757.0955120029461,0.48603141087479396,0,100,900,1790545879.2003133,2532.13925,3228.557,performance,,16372440.0,15668728.0,13697244.0,0.0,0.0,11.9,9.46,8.34,,,
12,18,disabled,Disabled,100,1,187555.15098288644,501.0,1247.0,523.7847,241.85683156820178,0.46174856113246865,0,100,900,1790545883.1160903,2300.0,2300.0,performance,,16372440.0,15669104.0,13697596.0,0.0,0.0,12.38,9.6,8.39,,,
12,19,sharded_n,Sharded-N,200,1,189417.60144708987,944.0,3187.0,1038.5687222222223,581.3394795904862,0.5597506136585704,0,100,900,1790545885.9626253,2929.659,3695.724,performance,,16372440.0,15666112.0,13694576.0,0.0,0.0,12.38,9.6,8.39,,,
12,20,disabled,Disabled,500,1,188517.0383465034,2416.0,6616.0,2609.000231111111,1413.3747764554573,0.5417304144329396,0,100,900,1790545889.3419547,2300.0,2300.0,performance,,16372440.0,15669932.0,13698320.0,0.0,0.0,11.39,9.44,8.35,,,
12,21,disabled,Disabled,600,1,188671.3241857791,2718.0,8945.0,3123.4460648148147,1882.931296770673,0.6028377816353649,0,100,900,1790545894.3353574,2535.7685,3243.074,performance,,16372440.0,15662092.0,13690372.0,0.0,0.0,12.32,9.66,8.43,,,
12,22,thread_local,ThreadLocal,400,1,186535.82092163665,1999.0,5042.0,2102.757386111111,1054.1626451988323,0.5013239530920994,0,100,900,1790545899.8521802,2691.33275,3146.788,performance,,16372440.0,15672952.0,13701116.0,0.0,0.0,12.7,9.79,8.47,,,
12,23,disabled,Disabled,700,1,183543.6707820109,3035.0,11351.0,3737.086457142857,2506.2572990247572,0.6706447195607257,0,100,900,1790545904.3226833,2624.77575,3599.103,performance,,16372440.0,15663532.0,13691680.0,0.0,0.0,12.32,9.76,8.47,,,
12,24,sharded_n,Sharded-N,300,1,191328.575680439,1460.0,3849.0,1542.5661555555555,774.9022695221456,0.5023462149297995,0,100,900,1790545910.4862669,2300.0,2300.0,performance,,16372440.0,15662128.0,13690116.0,0.0,0.0,16.38,10.64,8.76,,,
12,25,thread_local,ThreadLocal,200,1,189183.84360936793,984.0,2720.0,1040.461911111111,508.3085608414973,0.4885412482795009,0,100,900,1790545914.3819883,2869.838,3601.268,performance,,16372440.0,15666128.0,13694080.0,0.0,0.0,15.71,10.6,8.76,,,
12,26,sharded_n,Sharded-N,1000,1,181649.51415261044,3284.0,22380.0,5359.874156666667,5268.806716426694,0.9830094070162633,0,100,900,1790545917.7603443,2864.2875,3431.424,performance,,16372440.0,15674632.0,13702572.0,0.0,0.0,14.45,10.42,8.71,,,
12,27,sharded_2key,Sharded-2key,200,1,191093.00452047808,987.0,2477.0,1031.6808611111112,483.15561986578416,0.46831887464252253,0,100,900,1790545925.6137185,3090.7425,3366.84,performance,,16372440.0,15659696.0,13687460.0,0.0,0.0,14.01,10.4,8.71,,,
12,28,hdr_histogram,HdrHistogram,500,1,186933.13997401355,2391.0,6849.0,2627.5697777777777,1446.5231973469774,0.5505175198697672,0,100,900,1790545928.9817185,2300.0,2300.0,performance,,16372440.0,15657488.0,13685264.0,0.0,0.0,14.17,10.49,8.75,,,
12,29,sharded_2key,Sharded-2key,600,1,183671.24240517753,2863.0,8590.0,3205.965498148148,1831.9683974643528,0.571424863593369,0,100,900,1790545933.9923313,2551.95825,3307.833,performance,,16372440.0,15663924.0,13691624.0,0.0,0.0,13.76,10.47,8.75,,,
12,30,sharded_n,Sharded-N,500,1,185132.93023473737,2447.0,6620.0,2651.0777177777777,1416.4760911952424,0.5343019865832451,0,100,900,1790545939.5967321,2300.0,2300.0,performance,,16372440.0,15656936.0,13684528.0,0.0,0.0,13.54,10.47,8.77,,,
12,31,global_mutex,GlobalMutex,300,1,189874.4695085769,1455.0,3903.0,1551.402448148148,786.6225170934187,0.5070396260057349,0,100,900,1790545944.6374793,2535.32175,3241.287,performance,,16372440.0,15663392.0,13690936.0,0.0,0.0,13.33,10.48,8.78,,,
12,32,thread_local,ThreadLocal,700,1,184662.21598151347,3040.0,11710.0,3708.236192063492,2524.4895857223933,0.6807790698783971,0,100,900,1790545948.5456798,2926.12225,3203.898,performance,,16372440.0,15669012.0,13696504.0,0.0,0.0,13.15,10.49,8.79,,,
12,33,sharded_2key,Sharded-2key,1000,1,186015.4708273421,3233.0,21572.0,5268.408834444444,5151.957365140288,0.9778962732461448,0,100,900,1790545954.688503,2698.068,3197.993,performance,,16372440.0,15660976.0,13688304.0,0.0,0.0,14.34,10.78,8.89,,,
12,34,global_mutex,GlobalMutex,100,1,191247.5271694737,488.0,1351.0,515.2864555555556,255.60021042759712,0.4960351813478622,0,100,900,1790545962.453109,2300.0,2300.0,performance,,16372440.0,15671816.0,13699000.0,0.0,0.0,12.79,10.57,8.85,,,
12,35,sharded_n,Sharded-N,700,1,179323.15178281628,3153.0,11557.0,3825.91906031746,2535.320999733157,0.6626697950904339,0,100,900,1790545965.2921531,2300.0,2300.0,performance,,16372440.0,15668064.0,13695232.0,0.0,0.0,12.79,10.57,8.85,,,
12,36,thread_local,ThreadLocal,1000,1,183947.950513047,3273.0,21787.0,5282.042867777778,5168.364942222977,0.978478416703455,0,100,900,1790545971.52994,2965.008,3650.274,performance,,16372440.0,15664996.0,13692060.0,0.0,0.0,12.01,10.49,8.84,,,
12,37,sharded_n,Sharded-N,600,1,183081.0224993873,2907.0,8966.0,3223.569874074074,1885.29418685967,0.584846694970803,0,100,900,1790545979.3047538,2300.0,2300.0,performance,,16372440.0,15669404.0,13696332.0,0.0,0.0,11.68,10.45,8.83,,,
12,38,hdr_histogram,HdrHistogram,300,1,189872.10917955698,1463.0,3814.0,1555.5760074074074,771.5065218621764,0.4959619576210897,0,100,900,1790545984.916197,2300.0,2300.0,performance,,16372440.0,15667384.0,13694284.0,0.0,0.0,11.39,10.41,8.83,,,
12,39,disabled,Disabled,200,1,190739.2451252771,984.0,2550.0,1034.0658333333333,487.4693360397493,0.4714103496373935,0,100,900,1790545988.8215568,2594.29575,3477.183,performance,,16372440.0,15668664.0,13695532.0,0.0,0.0,10.96,10.33,8.81,,,
12,40,thread_local,ThreadLocal,100,1,189577.88739255484,489.0,1279.0,518.1976333333333,253.5469537877366,0.4892862056447124,0,100,900,1790545992.1910994,3612.932,3638.272,performance,,16372440.0,15670388.0,13697196.0,0.0,0.0,10.08,10.16,8.77,,,
12,41,sharded_2key,Sharded-2key,700,1,184746.8494448224,2963.0,11765.0,3712.7713650793653,2574.5700543329112,0.693436196623402,0,100,900,1790545995.0329432,2300.0,2300.0,performance,,16372440.0,15672764.0,13699528.0,0.0,0.0,10.08,10.16,8.77,,,
12,42,global_mutex,GlobalMutex,400,1,187319.0682193209,1953.0,5271.0,2086.488511111111,1095.327021971293,0.5249619234126538,0,100,900,1790546001.1768968,2300.0,2300.0,performance,,16372440.0,15666968.0,13693576.0,0.0,0.0,9.05,9.94,8.71,,,
12,43,thread_local,ThreadLocal,500,1,185502.748638335,2394.0,7057.0,2647.6799666666666,1475.7158037934223,0.5573618497598466,0,100,900,1790546005.6415417,2948.23525,3601.216,performance,,16372440.0,15664572.0,13691156.0,0.0,0.0,9.05,9.94,8.71,,,
12,44,sharded_2key,Sharded-2key,400,1,190495.07539195288,1894.0,5427.0,2059.6802055555554,1110.9602702843295,0.5393848361933795,0,100,900,1790546010.6578348,2300.0,2300.0,performance,,16372440.0,15671996.0,13698444.0,0.0,0.0,9.36,9.99,8.73,,,
12,45,hdr_histogram,HdrHistogram,400,1,184544.3997539765,1985.0,5243.0,2118.6931027777778,1100.9157957552927,0.5196202292403289,0,100,900,1790546015.0951793,2300.0,2300.0,performance,,16372440.0,15663672.0,13690088.0,0.0,0.0,9.25,9.96,8.73,,,
12,46,sharded_2key,Sharded-2key,100,1,187920.14128136894,497.0,1258.0,523.6262555555555,251.26818914947626,0.4798617076274879,0,100,900,1790546019.5918484,2300.0,2300.0,performance,,16372440.0,15667192.0,13693564.0,0.0,0.0,9.63,10.02,8.76,,,
12,47,sharded_2key,Sharded-2key,300,1,186215.2933203608,1492.0,3832.0,1581.5052703703705,779.3287481183402,0.492776573508244,0,100,900,1790546022.4392471,2300.0,2300.0,performance,,16372440.0,15676152.0,13702520.0,0.0,0.0,8.86,9.86,8.71,,,
12,48,sharded_2key,Sharded-2key,500,1,186939.21895207418,2353.0,7211.0,2625.4415222222224,1533.5446608809002,0.584109243302772,0,100,900,1790546026.3744376,3247.24475,3632.345,performance,,16372440.0,15678008.0,13704252.0,0.0,0.0,8.15,9.69,8.66,,,
13,1,sharded_n,Sharded-N,700,1,184473.30222387862,3061.0,11464.0,3719.848815873016,2478.7693842877698,0.6663629375770811,0,100,900,1790546031.380159,2300.0,2300.0,performance,,16372440.0,15663308.0,13689484.0,0.0,0.0,7.5,9.53,8.61,,,
13,2,thread_local,ThreadLocal,500,1,184899.83300134705,2380.0,7251.0,2658.099722222222,1555.257996841982,0.5851014481660441,0,100,900,1790546037.5134032,3278.78225,3608.366,performance,,16372440.0,15652232.0,13678284.0,0.0,0.0,6.9,9.37,8.57,,,
13,3,hdr_histogram,HdrHistogram,1000,1,182590.2369329786,3281.0,22094.0,5337.724058888889,5274.009497726974,0.9880633467637182,0,100,900,1790546042.552004,2938.579,3599.4,performance,,16372440.0,15666248.0,13692252.0,0.0,0.0,6.35,9.22,8.52,,,
13,4,disabled,Disabled,1000,1,185565.0363181611,3119.0,22568.0,5258.479341111111,5344.583576594754,1.0163743603232354,0,100,900,1790546050.3948817,2300.0,2300.0,performance,,16372440.0,15666112.0,13691936.0,0.0,0.0,6.48,9.2,8.52,,,
13,5,disabled,Disabled,200,1,187556.626666906,992.0,2695.0,1049.383288888889,506.70138164198977,0.4828563471584313,0,100,900,1790546058.1614604,2589.27975,3457.119,performance,,16372440.0,15657060.0,13682760.0,0.0,0.0,7.19,9.26,8.55,,,
13,6,sharded_2key,Sharded-2key,400,1,188845.0059665134,1962.0,5076.0,2086.5898194444444,1040.0114300913824,0.49842638950873724,0,100,900,1790546061.5479262,2300.0,2300.0,performance,,16372440.0,15665156.0,13690864.0,0.0,0.0,6.62,9.1,8.5,,,
13,7,hdr_histogram,HdrHistogram,100,1,188889.68304174766,495.0,1269.0,517.6382666666667,247.88418460551424,0.47887530843066384,0,100,900,1790546065.9936495,3259.6545,3661.488,performance,,16372440.0,15672576.0,13698192.0,0.0,0.0,6.62,9.1,8.5,,,
13,8,hdr_histogram,HdrHistogram,300,1,185258.51846096438,1508.0,3927.0,1595.3684037037037,793.0225180796348,0.4970779891582441,0,100,900,1790546068.8393223,2545.641,3282.564,performance,,16372440.0,15677312.0,13702932.0,0.0,0.0,6.09,8.95,8.45,,,
13,9,thread_local,ThreadLocal,100,1,186412.77506300135,497.0,1411.0,528.6142777777778,262.62568425852066,0.49681912747904416,0,100,900,1790546072.7841992,2300.0,2300.0,performance,,16372440.0,15654636.0,13680176.0,0.0,0.0,5.6,8.8,8.41,,,
13,10,global_mutex,GlobalMutex,1000,1,183975.21983634427,3215.0,21767.0,5298.7585688888885,5235.101648287083,0.9879864463016751,0,100,900,1790546075.634672,3260.626,3827.891,performance,,16372440.0,15661280.0,13686792.0,0.0,0.0,5.6,8.8,8.41,,,
13,11,thread_local,ThreadLocal,200,1,188550.79712772023,992.0,2587.0,1040.8154166666666,498.02851424737463,0.47849840257206155,0,100,900,1790546083.4302158,2300.0,2300.0,performance,,16372440.0,15670628.0,13695956.0,0.0,0.0,11.06,9.91,8.77,,,
13,12,sharded_n,Sharded-N,400,1,185593.85913967717,1988.0,5107.0,2115.945147222222,1068.8161894719826,0.5051247150121575,0,100,900,1790546086.802957,2300.0,2300.0,performance,,16372440.0,15657880.0,13683216.0,0.0,0.0,10.18,9.74,8.73,,,
13,13,sharded_n,Sharded-N,500,1,183889.90848555655,2476.0,6680.0,2676.266831111111,1401.8887612080164,0.5238224921787755,0,100,900,1790546091.2946537,2563.60525,3354.421,performance,,16372440.0,15674144.0,13699400.0,0.0,0.0,9.36,9.58,8.68,,,
13,14,disabled,Disabled,600,1,190229.3770857143,2663.0,8684.0,3094.095116666667,1891.9359709553974,0.6114666484440916,0,100,900,1790546096.3431184,2300.0,2300.0,performance,,16372440.0,15667656.0,13692812.0,0.0,0.0,8.61,9.42,8.63,,,
13,15,hdr_histogram,HdrHistogram,200,1,187937.05368715015,987.0,2760.0,1049.0864722222223,512.6912165846194,0.4887025332607842,0,100,900,1790546101.8303351,2537.2,3248.8,performance,,16372440.0,15671996.0,13697112.0,0.0,0.0,7.92,9.26,8.59,,,
13,16,thread_local,ThreadLocal,700,1,183761.7933418652,3010.0,11666.0,3729.7804365079364,2554.0706290965627,0.6847777429729484,0,100,900,1790546105.2125247,3086.62725,3614.302,performance,,16372440.0,15672260.0,13697336.0,0.0,0.0,7.92,9.26,8.59,,,
13,17,disabled,Disabled,400,1,191167.59877173416,1937.0,5078.0,2067.066402777778,1059.5207782818193,0.5125722022563027,0,100,900,1790546111.3591816,2949.24375,3306.322,performance,,16372440.0,15671392.0,13696272.0,0.0,0.0,9.14,9.5,8.67,,,
13,18,global_mutex,GlobalMutex,500,1,186217.94431012752,2409.0,6757.0,2631.4252,1423.8882663358722,0.5411091549689013,0,100,900,1790546115.7869263,2300.0,2300.0,performance,,16372440.0,15672116.0,13696996.0,0.0,0.0,9.14,9.5,8.67,,,
13,19,global_mutex,GlobalMutex,400,1,185135.29227149428,2005.0,5147.0,2127.4672944444446,1077.592740039708,0.506514362337638,0,100,900,1790546120.8044622,2613.157,3552.628,performance,,16372440.0,15660164.0,13684940.0,0.0,0.0,8.4,9.34,8.62,,,
13,20,sharded_n,Sharded-N,300,1,186719.52677106048,1485.0,3951.0,1575.218637037037,803.4621431143631,0.5100638884172063,0,100,900,1790546125.2966228,2794.218,3595.871,performance,,16372440.0,15668232.0,13692968.0,0.0,0.0,7.73,9.18,8.58,,,
13,21,sharded_2key,Sharded-2key,500,1,185797.01966435937,2405.0,6729.0,2644.142411111111,1438.7133979549767,0.5441134304677661,0,100,900,1790546129.2250385,2300.0,2300.0,performance,,16372440.0,15675312.0,13700012.0,0.0,0.0,13.28,10.31,8.94,,,
13,22,global_mutex,GlobalMutex,700,1,185154.29315469714,2932.0,11852.0,3690.746615873016,2604.5755198196366,0.7057042357278016,0,100,900,1790546134.2532814,3160.171,3579.364,performance,,16372440.0,15665040.0,13689644.0,0.0,0.0,15.26,10.77,9.1,,,
13,23,sharded_n,Sharded-N,1000,1,183641.08222162785,3245.0,22053.0,5339.72154,5280.849750872673,0.9889747454644748,0,100,900,1790546140.3730102,2300.0,2300.0,performance,,16372440.0,15668688.0,13693168.0,0.0,0.0,17.4,11.29,9.28,,,
13,24,thread_local,ThreadLocal,400,1,184990.36207150746,2004.0,5165.0,2126.0980222222224,1087.1684849674273,0.5113444787607234,0,100,900,1790546148.202324,2514.1245,3156.498,performance,,16372440.0,15667896.0,13692220.0,0.0,0.0,20.83,12.19,9.59,,,
13,25,sharded_2key,Sharded-2key,200,1,188709.5808426613,984.0,2690.0,1043.9445555555556,513.3330035574593,0.4917243936238348,0,100,900,1790546152.6993024,2499.2995,3097.198,performance,,16372440.0,15675852.0,13700136.0,0.0,0.0,19.16,11.99,9.54,,,
13,26,sharded_2key,Sharded-2key,1000,1,182198.14924901485,3286.0,21706.0,5357.29977,5205.748273496903,0.9717112159092234,0,100,900,1790546156.0764625,3508.308,3600.462,performance,,16372440.0,15676844.0,13701140.0,0.0,0.0,17.62,11.79,9.49,,,
13,27,sharded_2key,Sharded-2key,600,1,188491.05474702895,2698.0,9153.0,3144.566316666667,1943.8174348894534,0.6181511976983705,0,100,900,1790546163.924238,2516.932,3167.728,performance,,16372440.0,15664804.0,13688888.0,0.0,0.0,17.25,11.81,9.51,,,
13,28,hdr_histogram,HdrHistogram,500,1,188012.26251907382,2375.0,7070.0,2615.590366666667,1463.0099666216142,0.5593421604798492,0,100,900,1790546169.4605443,2556.53575,3326.143,performance,,16372440.0,15667312.0,13691316.0,0.0,0.0,16.27,11.7,9.48,,,
13,29,sharded_n,Sharded-N,200,1,188215.31996979256,995.0,2509.0,1043.530061111111,492.2106682253962,0.47167847536783847,0,100,900,1790546174.4725516,3130.15625,3530.848,performance,,16372440.0,15667724.0,13691660.0,0.0,0.0,17.93,12.12,9.63,,,
13,30,disabled,Disabled,300,1,190764.14852100483,1455.0,3841.0,1546.3122148148148,777.7912833387658,0.5029975679471131,0,100,900,1790546177.8552876,3188.37175,3553.986,performance,,16372440.0,15680032.0,13703964.0,0.0,0.0,16.5,11.92,9.58,,,
13,31,disabled,Disabled,700,1,185487.46405129656,3011.0,11453.0,3705.5240063492065,2573.761915945915,0.6945743467147748,0,100,900,1790546181.7534027,2526.66825,3206.673,performance,,16372440.0,15663380.0,13687236.0,0.0,0.0,15.17,11.72,9.53,,,
13,32,sharded_n,Sharded-N,100,1,183323.01377534957,503.0,1392.0,530.9321333333334,266.34805330110237,0.5016612040957068,0,100,900,1790546187.8556466,2467.72025,2970.881,performance,,16372440.0,15663936.0,13687720.0,0.0,0.0,13.96,11.52,9.48,,,
13,33,hdr_histogram,HdrHistogram,600,1,184637.96662775433,2799.0,8879.0,3181.1328222222223,1907.737040173026,0.5997036737498911,0,100,900,1790546190.7124345,2561.2085,3344.834,performance,,16372440.0,15679088.0,13702832.0,0.0,0.0,13.96,11.52,9.48,,,
13,34,global_mutex,GlobalMutex,600,1,183944.42114682376,2754.0,9524.0,3195.865796296296,2020.4951791646947,0.6322215349299887,0,100,900,1790546196.3095586,2535.674,3242.696,performance,,16372440.0,15673548.0,13697144.0,0.0,0.0,15.05,11.86,9.61,,,
13,35,disabled,Disabled,500,1,185990.857626833,2431.0,6691.0,2640.195802222222,1414.5277125688128,0.535766215285329,0,100,900,1790546201.903222,2300.0,2300.0,performance,,16372440.0,15671516.0,13695032.0,0.0,0.0,13.85,11.66,9.56,,,
13,36,sharded_2key,Sharded-2key,300,1,188398.1121169446,1471.0,3857.0,1567.4761592592592,783.7431279911975,0.5000032206943232,0,100,900,1790546206.9146457,3234.73325,3614.646,performance,,16372440.0,15659620.0,13683080.0,0.0,0.0,12.82,11.49,9.51,,,
13,37,thread_local,ThreadLocal,600,1,186518.05600613865,2827.0,8539.0,3156.8916944444445,1817.3716454745665,0.5756838755896536,0,100,900,1790546210.838631,2585.378,3441.512,performance,,16372440.0,15669316.0,13692740.0,0.0,0.0,12.82,11.49,9.51,,,
13,38,disabled,Disabled,100,1,187281.2738101478,499.0,1308.0,526.3852555555555,253.49933453663917,0.48158517333296474,0,100,900,1790546216.3977127,3562.60475,3605.744,performance,,16372440.0,15669404.0,13692696.0,0.0,0.0,10.85,11.11,9.41,,,
13,39,hdr_histogram,HdrHistogram,700,1,181028.69238943144,3089.0,11677.0,3790.2134793650794,2554.830058895723,0.6740596731041381,0,100,900,1790546219.248216,2300.0,2300.0,performance,,16372440.0,15674940.0,13698204.0,0.0,0.0,10.85,11.11,9.41,,,
13,40,global_mutex,GlobalMutex,100,1,189281.97623708643,492.0,1415.0,522.9419888888889,264.6081211817885,0.5059989956897697,0,100,900,1790546225.4557924,2300.0,2300.0,performance,,16372440.0,15663696.0,13686888.0,0.0,0.0,10.7,11.07,9.41,,,
13,41,thread_local,ThreadLocal,1000,1,184468.4495733892,3148.0,21154.0,5265.62314,5158.341655929784,0.9796260611103635,0,100,900,1790546228.298412,2463.56175,2954.247,performance,,16372440.0,15673184.0,13696380.0,0.0,0.0,10.64,11.06,9.41,,,
13,42,global_mutex,GlobalMutex,300,1,188093.78530296116,1484.0,3778.0,1567.366262962963,768.6441855601674,0.49040495749035434,0,100,900,1790546236.0878234,2300.0,2300.0,performance,,16372440.0,15665752.0,13688716.0,0.0,0.0,10.59,11.04,9.41,,,
13,43,global_mutex,GlobalMutex,200,1,185986.46846769293,1012.0,2592.0,1055.2251944444445,498.1151628860407,0.47204631343955794,0,100,900,1790546240.010721,2689.7135,3130.91,performance,,16372440.0,15671072.0,13694060.0,0.0,0.0,9.74,10.85,9.36,,,
13,44,sharded_2key,Sharded-2key,700,1,181564.12456202615,3088.0,11665.0,3780.7019365079364,2542.8373754614636,0.6725834033375738,0,100,900,1790546243.4079998,3505.895,3579.281,performance,,16372440.0,15670732.0,13693680.0,0.0,0.0,12.41,11.39,9.54,,,
13,45,sharded_n,Sharded-N,600,1,182531.3435158459,2721.0,9809.0,3220.0541925925927,2080.4843603065524,0.6461022814747948,0,100,900,1790546249.613762,3109.905,3519.777,performance,,16372440.0,15664336.0,13687132.0,0.0,0.0,11.89,11.3,9.52,,,
13,46,hdr_histogram,HdrHistogram,400,1,186242.81906666572,1991.0,5173.0,2109.2328361111113,1071.3755743643947,0.5079456170138801,0,100,900,1790546255.240327,2804.24375,3347.118,performance,,16372440.0,15680904.0,13703612.0,0.0,0.0,11.66,11.26,9.52,,,
13,47,thread_local,ThreadLocal,300,1,185141.3032677681,1495.0,3949.0,1593.844562962963,801.0799137961156,0.5026085556968649,0,100,900,1790546259.715394,2551.96025,3307.841,performance,,16372440.0,15662108.0,13684744.0,0.0,0.0,11.53,11.24,9.52,,,
13,48,sharded_2key,Sharded-2key,100,1,186887.63928891497,498.0,1393.0,528.1635666666666,257.17922307405775,0.48693101778519327,0,100,900,1790546263.6578832,2300.0,2300.0,performance,,16372440.0,15668660.0,13691272.0,0.0,0.0,11.97,11.33,9.56,,,
14,1,thread_local,ThreadLocal,600,1,186201.39134707054,2816.0,8778.0,3183.3861833333335,1867.892246424328,0.5867626919422174,0,100,900,1790546266.5093281,2521.7545,3187.018,performance,,16372440.0,15674324.0,13696904.0,0.0,0.0,11.01,11.15,9.51,,,
14,2,global_mutex,GlobalMutex,500,1,182679.76416976142,2504.0,6543.0,2682.7721533333333,1401.0998973350922,0.5222582527533065,0,100,900,1790546272.0942762,2300.0,2300.0,performance,,16372440.0,15660748.0,13683184.0,0.0,0.0,10.13,10.96,9.46,,,
14,3,thread_local,ThreadLocal,500,1,187441.0435437707,2388.0,6801.0,2614.05452,1466.5159654588006,0.5610120042403708,0,100,900,1790546277.1676865,2529.4425,3217.77,performance,,16372440.0,15665288.0,13687644.0,0.0,0.0,9.32,10.78,9.41,,,
14,4,sharded_n,Sharded-N,500,1,182638.46814707373,2533.0,6575.0,2694.6233688888888,1385.5063426350423,0.5141743958104049,0,100,900,1790546282.1628659,2300.0,2300.0,performance,,16372440.0,15667088.0,13689376.0,0.0,0.0,8.57,10.6,9.36,,,
14,5,sharded_2key,Sharded-2key,500,1,186119.12213193663,2396.0,6752.0,2644.23766,1444.1296190195778,0.5461421417844786,0,100,900,1790546287.2282946,2542.5095,3270.038,performance,,16372440.0,15661920.0,13684196.0,0.0,0.0,7.88,10.42,9.31,,,
14,6,disabled,Disabled,700,1,184868.36080979352,3039.0,11552.0,3716.5470317460317,2496.395871397682,0.6716976403295714,0,100,900,1790546292.2532241,2300.0,2300.0,performance,,16372440.0,15668852.0,13691008.0,0.0,0.0,7.25,10.25,9.26,,,
14,7,thread_local,ThreadLocal,300,1,189810.26589722946,1466.0,3849.0,1553.213,782.8930987049962,0.5040474800977047,0,100,900,1790546298.373974,2300.0,2300.0,performance,,16372440.0,15677500.0,13699544.0,0.0,0.0,7.79,10.31,9.29,,,
14,8,global_mutex,GlobalMutex,200,1,188769.17182968705,981.0,2742.0,1042.7019555555555,509.1272333614518,0.4882768567267018,0,100,900,1790546302.2772894,3116.241,3467.753,performance,,16372440.0,15669084.0,13691104.0,0.0,0.0,7.17,10.14,9.23,,,
14,9,sharded_n,Sharded-N,1000,1,185043.2428541123,3145.0,21542.0,5279.105766666667,5188.5885248962395,0.9828536790564093,0,100,900,1790546305.656645,2864.7465,3528.989,performance,,16372440.0,15680140.0,13702128.0,0.0,0.0,7.17,10.14,9.23,,,
14,10,sharded_n,Sharded-N,700,1,184422.65313400637,3093.0,11301.0,3737.3718714285715,2449.3671828884853,0.6553715464102962,0,100,900,1790546313.411435,2518.3335,3173.334,performance,,16372440.0,15671148.0,13692992.0,0.0,0.0,7.22,10.05,9.22,,,
14,11,hdr_histogram,HdrHistogram,300,1,185518.52520209696,1502.0,3936.0,1588.5808296296295,798.0284529304898,0.5023530676223422,0,100,900,1790546319.5660481,3212.16275,3589.243,performance,,16372440.0,15674024.0,13695724.0,0.0,0.0,7.2,10.0,9.2,,,
14,12,disabled,Disabled,100,1,189211.23587784098,495.0,1250.0,514.4556555555556,237.8634608352566,0.4623595022556224,0,100,900,1790546323.5086837,2639.47825,3657.913,performance,,16372440.0,15663032.0,13684732.0,0.0,0.0,7.11,9.94,9.19,,,
14,13,thread_local,ThreadLocal,400,1,187435.077565498,1970.0,5039.0,2097.2804805555556,1066.941374256247,0.5087261261181534,0,100,900,1790546326.3519626,2300.0,2300.0,performance,,16372440.0,15675036.0,13696692.0,0.0,0.0,6.54,9.77,9.14,,,
14,14,sharded_2key,Sharded-2key,700,1,187696.78572326122,2823.0,12076.0,3656.454738095238,2691.483839227559,0.7360911133907916,0,100,900,1790546330.8194327,2549.494,3297.976,performance,,16372440.0,15667592.0,13689104.0,0.0,0.0,6.54,9.77,9.14,,,
14,15,sharded_2key,Sharded-2key,100,1,188976.75650147127,493.0,1358.0,521.1349333333334,259.29229880721726,0.49755309464423525,0,100,900,1790546336.8933275,2719.06325,3487.955,performance,,16372440.0,15683268.0,13704640.0,0.0,0.0,5.53,9.45,9.04,,,
14,16,sharded_n,Sharded-N,400,1,187623.4125243653,1959.0,5216.0,2091.0188194444445,1098.511625917481,0.5253475557954762,0,100,900,1790546339.7380273,2300.0,2300.0,performance,,16372440.0,15672680.0,13694044.0,0.0,0.0,5.53,9.45,9.04,,,
14,17,sharded_n,Sharded-N,600,1,183352.91168367537,2843.0,9270.0,3194.6141925925926,1957.6363004069058,0.612792713732416,0,100,900,1790546344.1998332,3124.1835,3652.147,performance,,16372440.0,15666944.0,13688292.0,0.0,0.0,6.21,9.52,9.06,,,
14,18,disabled,Disabled,300,1,189374.50579171942,1456.0,3972.0,1555.2754037037037,798.4870196810876,0.5134055471973553,0,100,900,1790546349.810841,2300.0,2300.0,performance,,16372440.0,15668360.0,13689644.0,0.0,0.0,6.27,9.48,9.05,,,
14,19,hdr_histogram,HdrHistogram,200,1,188266.2266770595,998.0,2565.0,1045.7458166666668,494.03155180685565,0.47242029940085245,0,100,900,1790546353.7095816,2462.14075,2948.563,performance,,16372440.0,15666668.0,13687896.0,0.0,0.0,6.81,9.54,9.08,,,
14,20,sharded_2key,Sharded-2key,300,1,190897.37931630472,1449.0,3913.0,1545.2651,781.5214726647715,0.5057523609798549,0,100,900,1790546357.0956368,2572.1985,3388.794,performance,,16372440.0,15663592.0,13684808.0,0.0,0.0,6.27,9.38,9.03,,,
14,21,global_mutex,GlobalMutex,700,1,182168.60881960284,2953.0,12146.0,3758.0169111111113,2689.24394441026,0.7156018740786206,0,100,900,1790546360.9922328,2300.0,2300.0,performance,,16372440.0,15666688.0,13687800.0,0.0,0.0,6.27,9.38,9.03,,,
14,22,sharded_2key,Sharded-2key,400,1,184263.02599029214,1987.0,5255.0,2130.899511111111,1105.9287274240983,0.5189961899458299,0,100,900,1790546367.16903,2300.0,2300.0,performance,,16372440.0,15658008.0,13679028.0,0.0,0.0,5.3,9.07,8.93,,,
14,23,disabled,Disabled,600,1,187760.36704019635,2721.0,8749.0,3138.0757092592594,1941.9420233433843,0.6188321134552163,0,100,900,1790546371.6583278,3489.784,3587.452,performance,,16372440.0,15663396.0,13684332.0,0.0,0.0,4.88,8.92,8.88,,,
14,24,thread_local,ThreadLocal,100,1,189190.77271027537,494.0,1316.0,520.1528111111111,248.93584913131994,0.478582147041678,0,100,900,1790546377.1988225,2626.584,3020.498,performance,,16372440.0,15676788.0,13697592.0,0.0,0.0,4.49,8.77,8.83,,,
14,25,sharded_n,Sharded-N,200,1,182291.93295741422,1021.0,2658.0,1077.498661111111,526.9928197545338,0.48908907154566816,0,100,900,1790546380.0464468,3273.129,3605.107,performance,,16372440.0,15673824.0,13694664.0,0.0,0.0,4.49,8.77,8.83,,,
14,26,hdr_histogram,HdrHistogram,500,1,186771.03932613897,2406.0,6760.0,2621.4166822222223,1423.2307014659025,0.5429242558490945,0,100,900,1790546383.4621394,2300.0,2300.0,performance,,16372440.0,15671348.0,13692136.0,0.0,0.0,5.01,8.81,8.84,,,
14,27,hdr_histogram,HdrHistogram,600,1,185185.7933261855,2709.0,9477.0,3180.862161111111,2021.5045239347146,0.6355209441796686,0,100,900,1790546388.4951942,2300.0,2300.0,performance,,16372440.0,15664900.0,13685596.0,0.0,0.0,5.33,8.81,8.85,,,
14,28,global_mutex,GlobalMutex,300,1,187951.96692015312,1487.0,3761.0,1570.4950555555556,772.542595683982,0.4919102374446499,0,100,900,1790546394.0905042,2478.57675,3014.307,performance,,16372440.0,15654976.0,13675552.0,0.0,0.0,6.34,8.97,8.89,,,
14,29,global_mutex,GlobalMutex,100,1,186682.85027209853,495.0,1326.0,526.5342444444444,261.6552793688662,0.49693876918669044,0,100,900,1790546398.0082726,2828.17225,3405.103,performance,,16372440.0,15665968.0,13686500.0,0.0,0.0,5.84,8.82,8.85,,,
14,30,disabled,Disabled,1000,1,184319.2273243619,3237.0,21640.0,5282.623905555555,5176.687786044449,0.979946306720852,0,100,900,1790546400.856193,3239.7685,3756.441,performance,,16372440.0,15674308.0,13694820.0,0.0,0.0,5.84,8.82,8.85,,,
14,31,global_mutex,GlobalMutex,600,1,185475.99723743394,2800.0,8902.0,3173.9039129629627,1905.1064103408708,0.6002407327329515,0,100,900,1790546408.6219342,2300.0,2300.0,performance,,16372440.0,15656692.0,13677032.0,0.0,0.0,5.66,8.68,8.8,,,
14,32,sharded_2key,Sharded-2key,200,1,191927.52796071934,958.0,2723.0,1023.1462111111111,515.56094543875,0.503897624640435,0,100,900,1790546414.1970594,2300.0,2300.0,performance,,16372440.0,15664304.0,13684560.0,0.0,0.0,5.85,8.67,8.8,,,
14,33,hdr_histogram,HdrHistogram,700,1,181934.63384552934,3082.0,11636.0,3777.750650793651,2505.705143163569,0.6632796536312306,0,100,900,1790546417.553344,2585.723,3442.892,performance,,16372440.0,15673996.0,13694244.0,0.0,0.0,5.38,8.52,8.75,,,
14,34,global_mutex,GlobalMutex,400,1,188701.55459354082,1933.0,5317.0,2082.213258333333,1093.3967325913768,0.5251127511629451,0,100,900,1790546423.738923,2300.0,2300.0,performance,,16372440.0,15659696.0,13679812.0,0.0,0.0,7.35,8.88,8.86,,,
14,35,disabled,Disabled,200,1,189583.5390907181,977.0,2766.0,1038.8199444444444,525.8223178535038,0.5061727209470462,0,100,900,1790546428.1915162,2553.6035,3314.414,performance,,16372440.0,15661896.0,13682000.0,0.0,0.0,8.2,9.03,8.91,,,
14,36,sharded_2key,Sharded-2key,600,1,183536.1403435608,2846.0,8602.0,3210.391616666667,1868.477220483649,0.582009126482731,0,100,900,1790546431.5688376,3564.11275,3595.553,performance,,16372440.0,15671340.0,13691416.0,0.0,0.0,7.55,8.88,8.86,,,
14,37,thread_local,ThreadLocal,1000,1,184299.0400953847,3150.0,21446.0,5283.049395555556,5235.71270270476,0.9910398920572996,0,100,900,1790546437.1695282,2545.47175,3281.887,performance,,16372440.0,15666924.0,13686852.0,0.0,0.0,6.94,8.73,8.82,,,
14,38,sharded_n,Sharded-N,100,1,189314.5475974867,486.0,1314.0,515.3761888888889,258.2895390375066,0.5011670011266116,0,100,900,1790546444.9348295,3336.05225,3495.569,performance,,16372440.0,15646756.0,13666464.0,0.0,0.0,7.27,8.77,8.83,,,
14,39,hdr_histogram,HdrHistogram,400,1,180309.54505915873,2037.0,5459.0,2177.487522222222,1146.0828182017037,0.5263326685023093,0,100,900,1790546447.7781112,2300.0,2300.0,performance,,16372440.0,15656540.0,13676216.0,0.0,0.0,6.68,8.62,8.78,,,
14,40,thread_local,ThreadLocal,700,1,188879.79908686678,2951.0,11239.0,3630.302238095238,2425.6075473608453,0.6681558141102663,0,100,900,1790546452.3118484,2300.0,2300.0,performance,,16372440.0,15657040.0,13676780.0,0.0,0.0,6.15,8.48,8.73,,,
14,41,hdr_histogram,HdrHistogram,100,1,184157.60808863267,498.0,1486.0,532.3057777777777,281.8554113069056,0.5294990643978545,0,100,900,1790546458.3556397,2585.46575,3441.863,performance,,16372440.0,15667600.0,13687148.0,0.0,0.0,6.38,8.49,8.73,,,
14,42,sharded_2key,Sharded-2key,1000,1,183711.22200638533,3228.0,21683.0,5311.082665555556,5226.06978276538,0.9839933045400485,0,100,900,1790546461.2140296,2902.714,3176.064,performance,,16372440.0,15675724.0,13695276.0,0.0,0.0,5.87,8.35,8.69,,,
14,43,thread_local,ThreadLocal,200,1,192595.78968270132,976.0,2535.0,1021.3811666666667,478.7781828240977,0.4687556403517959,0,100,900,1790546469.0065677,2529.47,3217.88,performance,,16372440.0,15656172.0,13675564.0,0.0,0.0,6.6,8.46,8.72,,,
14,44,global_mutex,GlobalMutex,1000,1,181425.91297163043,3253.0,21834.0,5358.894017777778,5227.8497553373345,0.9755463978190813,0,100,900,1790546472.3615873,2572.75325,3391.013,performance,,16372440.0,15672516.0,13691912.0,0.0,0.0,6.07,8.32,8.67,,,
14,45,hdr_histogram,HdrHistogram,1000,1,183088.59015884632,3197.0,21724.0,5331.010092222222,5274.194449627493,0.9893424244914446,0,100,900,1790546480.21123,2606.01875,3524.075,performance,,16372440.0,15658188.0,13677380.0,0.0,0.0,6.46,8.36,8.69,,,
14,46,disabled,Disabled,500,1,187060.74559397774,2384.0,7087.0,2626.8683288888888,1490.7943263642705,0.5675177206140537,0,100,900,1790546488.0216305,2573.7935,3395.174,performance,,16372440.0,15650824.0,13669888.0,0.0,0.0,6.72,8.37,8.68,,,
14,47,sharded_n,Sharded-N,300,1,190923.30754069996,1445.0,3820.0,1538.4398333333334,770.325550756505,0.5007186722976632,0,100,900,1790546493.0211082,2904.0025,3693.344,performance,,16372440.0,15650184.0,13669232.0,0.0,0.0,6.18,8.23,8.64,,,
14,48,disabled,Disabled,400,1,194307.57164219208,1863.0,5272.0,2014.2884333333334,1078.9363450869628,0.5356414340827501,0,100,900,1790546496.928781,2300.0,2300.0,performance,,16372440.0,15669212.0,13688196.0,0.0,0.0,5.69,8.09,8.59,,,
15,1,hdr_histogram,HdrHistogram,300,1,188205.31024809973,1440.0,4101.0,1563.3281407407408,827.9644059544913,0.5296165177210862,0,100,900,1790546501.323081,2300.0,2300.0,performance,,16372440.0,15683208.0,13702152.0,0.0,0.0,5.23,7.95,8.54,,,
15,2,sharded_2key,Sharded-2key,600,1,186697.7597910037,2720.0,8794.0,3150.841724074074,1895.545114167873,0.6015995978740918,0,100,900,1790546505.2381744,2300.0,2300.0,performance,,16372440.0,15652948.0,13671840.0,0.0,0.0,5.23,7.95,8.54,,,
15,3,disabled,Disabled,200,1,193040.4996179836,965.0,2482.0,1019.5720777777777,485.5227465732186,0.47620247470041194,0,100,900,1790546510.7878425,2617.34725,3569.389,performance,,16372440.0,15666152.0,13684892.0,0.0,0.0,6.34,8.14,8.6,,,
15,4,global_mutex,GlobalMutex,400,1,189020.81540694047,1918.0,5339.0,2076.6837694444444,1121.0777916558002,0.5398403975371328,0,100,900,1790546514.1493242,2566.13975,3364.559,performance,,16372440.0,15671416.0,13690204.0,0.0,0.0,6.55,8.15,8.6,,,
15,5,hdr_histogram,HdrHistogram,400,1,181842.2085006157,1999.0,5579.0,2164.5071194444445,1149.324020219726,0.530986481816109,0,100,900,1790546518.5969741,2300.0,2300.0,performance,,16372440.0,15671688.0,13690376.0,0.0,0.0,6.5,8.12,8.59,,,
15,6,thread_local,ThreadLocal,300,1,190995.9870993274,1426.0,3960.0,1542.8746888888888,810.3296397382603,0.5252076824993639,0,100,900,1790546523.1318958,2300.0,2300.0,performance,,16372440.0,15667932.0,13686572.0,0.0,0.0,5.98,7.98,8.54,,,
15,7,disabled,Disabled,500,1,187798.4999251773,2389.0,6696.0,2613.789026666667,1407.0407783242986,0.5383145938594288,0,100,900,1790546527.0311286,3219.88075,3606.486,performance,,16372440.0,15672384.0,13690940.0,0.0,0.0,5.5,7.85,8.5,,,
15,8,sharded_2key,Sharded-2key,400,1,190094.88829248145,1926.0,5200.0,2064.736425,1058.6021877112812,0.5127057259675559,0,100,900,1790546532.0191364,2300.0,2300.0,performance,,16372440.0,15681064.0,13699548.0,0.0,0.0,5.06,7.72,8.45,,,
15,9,thread_local,ThreadLocal,400,1,185507.03875231527,1990.0,5124.0,2121.0326305555554,1071.8087649204565,0.505324033906881,0,100,900,1790546536.4583097,2300.0,2300.0,performance,,16372440.0,15666864.0,13685300.0,0.0,0.0,4.66,7.59,8.41,,,
15,10,thread_local,ThreadLocal,600,1,185001.94399528857,2713.0,9164.0,3174.134712962963,2011.1864332767905,0.6336172264722205,0,100,900,1790546540.9416935,2579.95425,3419.817,performance,,16372440.0,15665584.0,13683900.0,0.0,0.0,4.66,7.59,8.41,,,
15,11,global_mutex,GlobalMutex,500,1,184720.08206333316,2441.0,6823.0,2656.6905444444446,1445.043731814339,0.5439262524708237,0,100,900,1790546546.519853,2300.0,2300.0,performance,,16372440.0,15665792.0,13684016.0,0.0,0.0,3.94,7.34,8.32,,,
15,12,sharded_n,Sharded-N,600,1,183473.44270894004,2908.0,8482.0,3206.9061833333335,1804.9976118895368,0.5628470272283986,0,100,900,1790546551.559387,3155.90825,3598.271,performance,,16372440.0,15667368.0,13685496.0,0.0,0.0,3.62,7.22,8.27,,,
15,13,global_mutex,GlobalMutex,1000,1,181936.43815067023,3383.0,21674.0,5331.397596666667,5132.418041868688,0.9626777873549731,0,100,900,1790546557.176027,2300.0,2300.0,performance,,16372440.0,15677684.0,13695764.0,0.0,0.0,3.33,7.1,8.23,,,
15,14,global_mutex,GlobalMutex,200,1,187425.0208156571,998.0,2683.0,1050.1016944444445,508.00067820477676,0.4837633163457889,0,100,900,1790546565.0178897,2626.078,3604.312,performance,,16372440.0,15668844.0,13686744.0,0.0,0.0,4.35,7.25,8.27,,,
15,15,global_mutex,GlobalMutex,600,1,184226.50651978818,2838.0,8821.0,3206.0749796296295,1911.8096407385299,0.5963084621805648,0,100,900,1790546568.402249,2300.0,2300.0,performance,,16372440.0,15669584.0,13687512.0,0.0,0.0,4.08,7.14,8.23,,,
15,16,global_mutex,GlobalMutex,300,1,185809.3562806622,1492.0,3982.0,1584.6041962962963,811.3506058155392,0.5120209877721599,0,100,900,1790546574.0063322,2580.47775,3421.911,performance,,16372440.0,15669568.0,13687372.0,0.0,0.0,4.47,7.17,8.23,,,
15,17,thread_local,ThreadLocal,200,1,194499.07221025068,935.0,2843.0,1007.2966611111111,523.1405417795931,0.5193510134368324,0,100,900,1790546577.9429343,2300.0,2300.0,performance,,16372440.0,15677136.0,13694904.0,0.0,0.0,4.12,7.05,8.19,,,
15,18,disabled,Disabled,100,1,192750.12839889177,485.0,1259.0,508.79016666666666,242.26157357899834,0.4761522321985357,0,100,900,1790546581.2924194,2525.53275,3202.131,performance,,16372440.0,15665512.0,13683276.0,0.0,0.0,3.79,6.94,8.14,,,
15,19,sharded_n,Sharded-N,1000,1,184696.80298211065,3134.0,21979.0,5271.290231111111,5273.88081025335,1.0004914506750073,0,100,900,1790546584.122048,2300.0,2300.0,performance,,16372440.0,15667752.0,13685496.0,0.0,0.0,3.79,6.94,8.14,,,
15,20,hdr_histogram,HdrHistogram,700,1,185109.352869805,3020.0,11352.0,3703.1472396825397,2472.0927681724734,0.6675653459527034,0,100,900,1790546591.9053347,2517.4315,3169.726,performance,,16372440.0,15654692.0,13672196.0,0.0,0.0,3.87,6.86,8.11,,,
15,21,disabled,Disabled,400,1,187689.68966016057,1944.0,5209.0,2093.103827777778,1085.3871648817458,0.5185539056770478,0,100,900,1790546598.033565,2548.82875,3295.315,performance,,16372440.0,15656588.0,13674036.0,0.0,0.0,3.56,6.74,8.06,,,
15,22,disabled,Disabled,300,1,188992.1797492918,1471.0,3883.0,1558.183825925926,783.4144389627842,0.5027740796226354,0,100,900,1790546602.5045342,2529.4875,3217.95,performance,,16372440.0,15664348.0,13681752.0,0.0,0.0,3.27,6.63,8.02,,,
15,23,disabled,Disabled,600,1,187821.62372677866,2777.0,8648.0,3135.310375925926,1824.5336126386192,0.5819307800108289,0,100,900,1790546606.4157677,2627.513,3610.052,performance,,16372440.0,15671216.0,13688540.0,0.0,0.0,3.01,6.52,7.97,,,
15,24,hdr_histogram,HdrHistogram,1000,1,183212.00866514468,3270.0,21863.0,5333.342035555555,5166.897912213473,0.9687917777947755,0,100,900,1790546611.9440687,3521.069,3577.589,performance,,16372440.0,15670764.0,13688000.0,0.0,0.0,2.77,6.41,7.93,,,
15,25,sharded_2key,Sharded-2key,200,1,189446.86471643278,1002.0,2441.0,1037.0215611111112,473.90967605009405,0.45699115025373827,0,100,900,1790546619.7756617,2875.76325,3476.714,performance,,16372440.0,15659744.0,13676804.0,0.0,0.0,3.59,6.52,7.96,,,
15,26,global_mutex,GlobalMutex,700,1,186365.90456577955,3009.0,11620.0,3695.1143920634922,2490.4870109343833,0.6739945632761861,0,100,900,1790546623.1471672,2300.0,2300.0,performance,,16372440.0,15682772.0,13699832.0,0.0,0.0,3.54,6.46,7.93,,,
15,27,disabled,Disabled,700,1,185229.10833169916,2992.0,11333.0,3671.8432396825397,2474.0376476995684,0.6737862937507836,0,100,900,1790546629.2716289,2582.409,3429.636,performance,,16372440.0,15658996.0,13675908.0,0.0,0.0,3.34,6.37,7.89,,,
15,28,hdr_histogram,HdrHistogram,500,1,184344.21197290643,2438.0,7020.0,2659.3099933333333,1457.031629502669,0.5478983770810191,0,100,900,1790546635.394904,2300.0,2300.0,performance,,16372440.0,15668696.0,13685532.0,0.0,0.0,3.95,6.45,7.91,,,
15,29,hdr_histogram,HdrHistogram,100,1,178895.92056973418,515.0,1564.0,550.9282,280.6900046691912,0.5094856365479045,0,100,900,1790546640.4305925,2571.36975,3385.479,performance,,16372440.0,15662616.0,13679392.0,0.0,0.0,4.84,6.59,7.95,,,
15,30,sharded_n,Sharded-N,400,1,183292.63358590522,2006.0,5314.0,2147.689411111111,1106.7061020996227,0.5153008141559288,0,100,900,1790546643.2999806,2300.0,2300.0,performance,,16372440.0,15672840.0,13689588.0,0.0,0.0,5.25,6.65,7.96,,,
15,31,thread_local,ThreadLocal,100,1,191046.41368181695,490.0,1270.0,510.4685111111111,239.6962704262424,0.4695613249571606,0,100,900,1790546647.804472,2748.06925,3529.855,performance,,16372440.0,15676392.0,13693064.0,0.0,0.0,4.83,6.54,7.92,,,
15,32,sharded_2key,Sharded-2key,100,1,188013.5244729517,493.0,1434.0,523.3884222222222,258.97209171990175,0.49479904545910347,0,100,900,1790546650.6424165,2538.37075,3253.483,performance,,16372440.0,15676428.0,13693076.0,0.0,0.0,4.83,6.54,7.92,,,
15,33,global_mutex,GlobalMutex,100,1,190545.40019497747,491.0,1332.0,516.2491777777777,252.35366180356357,0.4888214309412238,0,100,900,1790546653.4885201,2536.53575,3246.143,performance,,16372440.0,15677048.0,13693684.0,0.0,0.0,5.32,6.61,7.93,,,
15,34,sharded_2key,Sharded-2key,300,1,190127.76910004907,1469.0,3824.0,1552.4971814814814,772.1783982209166,0.4973782931342007,0,100,900,1790546656.3256955,2916.40475,3600.0,performance,,16372440.0,15675548.0,13692152.0,0.0,0.0,4.9,6.5,7.89,,,
15,35,sharded_n,Sharded-N,500,1,184426.4026724953,2446.0,6805.0,2663.615513333333,1446.4430256175242,0.5430374685749594,0,100,900,1790546660.2317336,2916.08125,3567.237,performance,,16372440.0,15675668.0,13692208.0,0.0,0.0,4.9,6.5,7.89,,,
15,36,thread_local,ThreadLocal,1000,1,186696.118679153,3175.0,21690.0,5199.504588888889,5116.281423765673,0.9839940202570336,0,100,900,1790546665.266712,2828.094,3465.227,performance,,16372440.0,15669576.0,13685980.0,0.0,0.0,5.31,6.56,7.9,,,
15,37,hdr_histogram,HdrHistogram,200,1,188370.13364531336,1000.0,2537.0,1044.7798777777778,484.30982401260945,0.46355202116136185,0,100,900,1790546672.983459,2530.0695,3220.278,performance,,16372440.0,15661980.0,13678280.0,0.0,0.0,12.59,8.14,8.41,,,
15,38,sharded_2key,Sharded-2key,500,1,185705.3386550948,2386.0,6985.0,2649.027993333333,1490.4435236445363,0.5626378911040033,0,100,900,1790546676.362476,3163.28625,3611.586,performance,,16372440.0,15666572.0,13682836.0,0.0,0.0,11.58,8.0,8.36,,,
15,39,thread_local,ThreadLocal,700,1,183507.5073381477,3081.0,11463.0,3741.767361904762,2470.9351749723523,0.6603657940173258,0,100,900,1790546681.3862653,2300.0,2300.0,performance,,16372440.0,15662848.0,13679028.0,0.0,0.0,10.66,7.87,8.32,,,
15,40,disabled,Disabled,1000,1,183306.3617744389,3216.0,21792.0,5312.66152,5216.060396753667,0.9818168119910013,0,100,900,1790546687.5362053,2926.1275,3564.728,performance,,16372440.0,15670864.0,13686880.0,0.0,0.0,9.8,7.74,8.27,,,
15,41,hdr_histogram,HdrHistogram,600,1,184310.065634381,2712.0,9189.0,3184.670574074074,2044.8303225494114,0.6420853507411626,0,100,900,1790546695.3409624,2300.0,2300.0,performance,,16372440.0,15670116.0,13686036.0,0.0,0.0,9.82,7.78,8.28,,,
15,42,sharded_2key,Sharded-2key,700,1,189088.30580824538,2850.0,11809.0,3647.072538095238,2771.002706645779,0.7597882075833333,0,100,900,1790546700.936217,2898.973,3575.924,performance,,16372440.0,15660240.0,13676076.0,0.0,0.0,14.64,8.81,8.61,,,
15,43,sharded_n,Sharded-N,700,1,182584.38324493112,3118.0,11285.0,3770.6752952380953,2548.1897984574434,0.6757913633336441,0,100,900,1790546707.0559747,2300.0,2300.0,performance,,16372440.0,15662492.0,13678188.0,0.0,0.0,12.39,8.52,8.52,,,
15,44,sharded_n,Sharded-N,100,1,182783.3922303057,515.0,1305.0,539.8973777777778,263.1327391476178,0.4873754716695873,0,100,900,1790546713.2432592,2300.0,2300.0,performance,,16372440.0,15670612.0,13686252.0,0.0,0.0,12.36,8.58,8.54,,,
15,45,sharded_n,Sharded-N,300,1,187238.96768463668,1453.0,4158.0,1580.3517962962962,836.0916577409715,0.5290541382623991,0,100,900,1790546716.1046555,2609.365,3537.46,performance,,16372440.0,15684132.0,13699784.0,0.0,0.0,12.36,8.58,8.54,,,
15,46,sharded_n,Sharded-N,200,1,188274.60703692725,998.0,2634.0,1045.86295,501.8218653914826,0.4798160843076836,0,100,900,1790546720.04085,2300.0,2300.0,performance,,16372440.0,15665496.0,13681064.0,0.0,0.0,11.37,8.43,8.49,,,
15,47,thread_local,ThreadLocal,500,1,185151.5954094328,2371.0,7292.0,2654.1419822222224,1539.1975566679077,0.5799228402164041,0,100,900,1790546723.419063,2300.0,2300.0,performance,,16372440.0,15665636.0,13681196.0,0.0,0.0,13.5,8.93,8.65,,,
15,48,sharded_2key,Sharded-2key,1000,1,185186.926628173,3167.0,21988.0,5294.66246,5282.971484027623,0.99779193176889,0,100,900,1790546728.456816,3540.17575,3565.258,performance,,16372440.0,15677364.0,13692752.0,0.0,0.0,12.74,8.84,8.63,,,
16,1,sharded_2key,Sharded-2key,500,1,188864.7737625326,2348.0,6651.0,2596.925802222222,1456.2875237969347,0.5607736357160343,0,100,900,1790546736.2631965,2300.0,2300.0,performance,,16372440.0,15670716.0,13685968.0,0.0,0.0,11.29,8.67,8.57,,,
16,2,sharded_2key,Sharded-2key,1000,1,182273.71132955444,3269.0,22225.0,5360.961998888889,5242.974867391731,0.9779914255087777,0,100,900,1790546741.2481658,2300.0,2300.0,performance,,16372440.0,15674424.0,13689628.0,0.0,0.0,10.47,8.54,8.53,,,
16,3,thread_local,ThreadLocal,100,1,180952.30966291545,508.0,1567.0,540.7022,280.19789417926125,0.5182111228311282,0,100,900,1790546749.0842855,2826.71075,3401.078,performance,,16372440.0,15657192.0,13672256.0,0.0,0.0,13.4,9.18,8.74,,,
16,4,global_mutex,GlobalMutex,700,1,179424.85521579735,3174.0,12202.0,3847.589985714286,2597.6056542711185,0.6751253808009083,0,100,900,1790546751.9477785,3208.93275,3557.729,performance,,16372440.0,15653248.0,13668348.0,0.0,0.0,12.32,9.03,8.69,,,
16,5,global_mutex,GlobalMutex,300,1,187651.55677983325,1464.0,3988.0,1571.1110740740742,805.5702552260173,0.5127392127261121,0,100,900,1790546758.2265477,2527.40225,3209.609,performance,,16372440.0,15643400.0,13658256.0,0.0,0.0,12.94,9.21,8.75,,,
16,6,sharded_n,Sharded-N,600,1,182946.1900198512,2724.0,9081.0,3211.25215,1970.0352523227434,0.6134788426136962,0,100,900,1790546762.1567354,2300.0,2300.0,performance,,16372440.0,15673700.0,13688544.0,0.0,0.0,11.9,9.05,8.7,,,
16,7,thread_local,ThreadLocal,200,1,190611.60136120828,981.0,2545.0,1031.4909222222223,497.30138037338867,0.48211900818478665,0,100,900,1790546767.764838,2300.0,2300.0,performance,,16372440.0,15671028.0,13685724.0,0.0,0.0,10.95,8.9,8.66,,,
16,8,global_mutex,GlobalMutex,100,1,186553.3293006722,494.0,1447.0,526.5756555555555,268.8699860926372,0.5106008666674309,0,100,900,1790546771.137972,2733.1455,3269.431,performance,,16372440.0,15667108.0,13681768.0,0.0,0.0,10.95,8.9,8.66,,,
16,9,sharded_n,Sharded-N,400,1,185629.67429442098,1972.0,5211.0,2112.766991666667,1119.9315645637987,0.5300781245547267,0,100,900,1790546773.988226,2300.0,2300.0,performance,,16372440.0,15670896.0,13685552.0,0.0,0.0,10.07,8.76,8.61,,,
16,10,sharded_n,Sharded-N,100,1,184148.9638095356,505.0,1410.0,533.1810111111112,266.52955050153116,0.49988567662247124,0,100,900,1790546778.4693758,2537.279,3249.116,performance,,16372440.0,15675720.0,13690304.0,0.0,0.0,10.71,8.91,8.66,,,
16,11,global_mutex,GlobalMutex,500,1,185414.35427498093,2403.0,6948.0,2646.3229266666667,1477.5331828952908,0.5583344224570527,0,100,900,1790546781.3244438,2986.90475,3445.96,performance,,16372440.0,15677900.0,13692516.0,0.0,0.0,9.85,8.76,8.61,,,
16,12,thread_local,ThreadLocal,1000,1,190149.35271401453,3075.0,20753.0,5122.310278888889,4950.602830139362,0.9664785146934181,0,100,900,1790546786.3504794,2429.47925,2817.917,performance,,16372440.0,15672100.0,13686556.0,0.0,0.0,9.06,8.62,8.57,,,
16,13,hdr_histogram,HdrHistogram,300,1,190896.97319344807,1446.0,3955.0,1546.6184148148147,792.5053823554308,0.5124117072214751,0,100,900,1790546793.985054,2300.0,2300.0,performance,,16372440.0,15657700.0,13672028.0,0.0,0.0,8.98,8.61,8.56,,,
16,14,global_mutex,GlobalMutex,600,1,185708.67616264045,2716.0,8866.0,3161.7645333333335,1930.1446200844769,0.6104643782722161,0,100,900,1790546797.8855155,2863.17775,3568.699,performance,,16372440.0,15676488.0,13690780.0,0.0,0.0,8.26,8.46,8.52,,,
16,15,hdr_histogram,HdrHistogram,700,1,184146.24113222986,3101.0,11098.0,3715.946096825397,2424.4758766857954,0.6524518422797012,0,100,900,1790546803.4490933,2300.0,2300.0,performance,,16372440.0,15656036.0,13670252.0,0.0,0.0,8.24,8.46,8.52,,,
16,16,disabled,Disabled,1000,1,185007.72585068407,3295.0,21591.0,5271.379503333334,5106.422018626545,0.9687069609383125,0,100,900,1790546809.6081505,2300.0,2300.0,performance,,16372440.0,15658432.0,13672524.0,0.0,0.0,8.38,8.48,8.52,,,
16,17,hdr_histogram,HdrHistogram,200,1,187718.27078813798,993.0,2676.0,1047.6907444444444,507.0248064999492,0.48394510420993325,0,100,900,1790546817.3769734,2300.0,2300.0,performance,,16372440.0,15666464.0,13680408.0,0.0,0.0,8.05,8.41,8.5,,,
16,18,global_mutex,GlobalMutex,200,1,192185.20934749267,965.0,2827.0,1025.2970833333334,519.124575879609,0.5063162514730737,0,100,900,1790546820.756288,2300.0,2300.0,performance,,16372440.0,15667200.0,13681208.0,0.0,0.0,8.05,8.41,8.5,,,
16,19,hdr_histogram,HdrHistogram,600,1,188359.37650940934,2814.0,8390.0,3131.139727777778,1771.9147669044926,0.5659008926318501,0,100,900,1790546824.1165712,2420.31875,2781.275,performance,,16372440.0,15662600.0,13676556.0,0.0,0.0,8.12,8.42,8.5,,,
16,20,disabled,Disabled,100,1,190936.27294406408,489.0,1282.0,516.1637,243.83942213568156,0.4724071493901675,0,100,900,1790546829.6422353,2300.0,2300.0,performance,,16372440.0,15660204.0,13674016.0,0.0,0.0,8.03,8.4,8.5,,,
16,21,thread_local,ThreadLocal,500,1,185100.59406135298,2428.0,6856.0,2649.196302222222,1466.8461735673518,0.5536947837111652,0,100,900,1790546832.479218,2300.0,2300.0,performance,,16372440.0,15668972.0,13682740.0,0.0,0.0,7.39,8.26,8.45,,,
16,22,thread_local,ThreadLocal,300,1,188638.68506562422,1475.0,3772.0,1565.5518222222222,773.9555750245711,0.4943659890644693,0,100,900,1790546837.5099306,2300.0,2300.0,performance,,16372440.0,15670700.0,13684396.0,0.0,0.0,6.8,8.12,8.4,,,
16,23,disabled,Disabled,600,1,188133.36488692195,2772.0,8639.0,3136.885977777778,1818.5336762979912,0.5797257819317585,0,100,900,1790546841.4211226,2300.0,2300.0,performance,,16372440.0,15665824.0,13679484.0,0.0,0.0,6.25,7.99,8.36,,,
16,24,thread_local,ThreadLocal,400,1,187573.73406252416,1954.0,5252.0,2091.292411111111,1097.1673522666183,0.5246360319758868,0,100,900,1790546846.9468405,2300.0,2300.0,performance,,16372440.0,15666892.0,13680428.0,0.0,0.0,5.75,7.86,8.31,,,
16,25,disabled,Disabled,500,1,188623.74569185934,2403.0,6631.0,2600.1016066666666,1382.2643390240682,0.531619354982105,0,100,900,1790546851.4089718,2779.6425,3268.021,performance,,16372440.0,15666660.0,13680100.0,0.0,0.0,5.29,7.72,8.27,,,
16,26,sharded_n,Sharded-N,1000,1,182802.38646939374,3289.0,21780.0,5338.902325555556,5214.117275368995,0.9766272086325206,0,100,900,1790546856.3970127,3550.515,3616.089,performance,,16372440.0,15662176.0,13675592.0,0.0,0.0,4.87,7.6,8.22,,,
16,27,disabled,Disabled,400,1,192973.97733211555,1859.0,5239.0,2033.4140333333332,1090.9578043200156,0.5365153315734874,0,100,900,1790546864.2355258,2545.5715,3282.286,performance,,16372440.0,15672160.0,13685388.0,0.0,0.0,5.12,7.6,8.22,,,
16,28,hdr_histogram,HdrHistogram,500,1,183411.31009479318,2460.0,6722.0,2678.086051111111,1432.3384280572086,0.5348365962561008,0,100,900,1790546868.6421378,2300.0,2300.0,performance,,16372440.0,15666328.0,13679552.0,0.0,0.0,5.67,7.68,8.24,,,
16,29,global_mutex,GlobalMutex,400,1,192041.2785302605,1886.0,5285.0,2046.6335722222223,1091.4699659324588,0.5333001377219407,0,100,900,1790546873.6994023,2817.33025,3457.379,performance,,16372440.0,15666896.0,13680004.0,0.0,0.0,6.02,7.72,8.25,,,
16,30,hdr_histogram,HdrHistogram,400,1,185838.79293421438,1958.0,5204.0,2107.640213888889,1095.2720568390694,0.5196674696285759,0,100,900,1790546878.1161377,2300.0,2300.0,performance,,16372440.0,15672220.0,13685284.0,0.0,0.0,5.54,7.59,8.21,,,
16,31,sharded_n,Sharded-N,500,1,184862.77089528047,2420.0,6901.0,2658.1208955555558,1437.1594338780983,0.5406674452922983,0,100,900,1790546882.5997934,2613.3475,3553.39,performance,,16372440.0,15671304.0,13684300.0,0.0,0.0,5.09,7.46,8.16,,,
16,32,thread_local,ThreadLocal,700,1,186517.12016872497,2968.0,11484.0,3697.6255666666666,2500.9488970236735,0.6763661847130258,0,100,900,1790546887.6450672,3537.923,3578.796,performance,,16372440.0,15677732.0,13690652.0,0.0,0.0,4.68,7.34,8.12,,,
16,33,sharded_n,Sharded-N,300,1,188083.53583120822,1433.0,4406.0,1565.8689074074075,864.5004472719027,0.5520899247582908,0,100,900,1790546893.7570019,2959.70225,3670.372,performance,,16372440.0,15669944.0,13682744.0,0.0,0.0,11.6,8.73,8.57,,,
16,34,sharded_2key,Sharded-2key,400,1,185525.33185221453,1982.0,5397.0,2123.04715,1105.7824243298685,0.5208468518138509,0,100,900,1790546897.6854227,2548.373,3293.492,performance,,16372440.0,15676712.0,13689504.0,0.0,0.0,10.67,8.58,8.52,,,
16,35,disabled,Disabled,700,1,184272.77177226168,3014.0,11516.0,3720.154907936508,2533.636142271193,0.6810566239771311,0,100,900,1790546902.1645336,2544.52875,3278.115,performance,,16372440.0,15668936.0,13681644.0,0.0,0.0,9.81,8.44,8.47,,,
16,36,sharded_n,Sharded-N,700,1,183813.15849229545,2908.0,12013.0,3730.8695984126985,2676.280429163863,0.7173342188916195,0,100,900,1790546908.3116784,2974.52775,3653.684,performance,,16372440.0,15674560.0,13687116.0,0.0,0.0,9.99,8.5,8.49,,,
16,37,disabled,Disabled,200,1,189693.00786525066,971.0,2723.0,1035.106461111111,515.2646881651398,0.4977890753498349,0,100,900,1790546914.460565,2843.9305,3495.808,performance,,16372440.0,15668144.0,13680632.0,0.0,0.0,9.83,8.49,8.49,,,
16,38,sharded_2key,Sharded-2key,300,1,189143.83581069222,1479.0,3807.0,1556.6759037037036,773.0408356416401,0.49659716181280344,0,100,900,1790546917.8314831,3476.952,3626.864,performance,,16372440.0,15672404.0,13684924.0,0.0,0.0,9.04,8.35,8.44,,,
16,39,hdr_histogram,HdrHistogram,100,1,186436.82458728843,502.0,1266.0,528.3916666666667,244.37732700859104,0.4624927727385135,0,100,900,1790546921.7434,3142.90675,3542.385,performance,,16372440.0,15675152.0,13687560.0,0.0,0.0,8.32,8.21,8.4,,,
16,40,disabled,Disabled,300,1,192167.00826440126,1463.0,3788.0,1530.5059740740742,758.649284860199,0.49568528167240045,0,100,900,1790546924.5942433,2533.28075,3233.123,performance,,16372440.0,15675132.0,13687508.0,0.0,0.0,8.32,8.21,8.4,,,
16,41,thread_local,ThreadLocal,600,1,184711.03474612682,2718.0,9144.0,3190.540385185185,1969.88509259568,0.617414247988384,0,100,900,1790546928.4795163,2595.91625,3483.665,performance,,16372440.0,15666120.0,13678476.0,0.0,0.0,8.13,8.17,8.39,,,
16,42,sharded_2key,Sharded-2key,700,1,187578.86423967406,2939.0,11423.0,3656.938587301587,2497.443828453814,0.682932942086033,0,100,900,1790546934.0637538,2300.0,2300.0,performance,,16372440.0,15671596.0,13683848.0,0.0,0.0,14.93,9.58,8.84,,,
16,43,sharded_2key,Sharded-2key,100,1,185504.46241187077,503.0,1311.0,530.2592333333333,256.5607672929331,0.48384026371428224,0,100,900,1790546940.139707,2300.0,2300.0,performance,,16372440.0,15666268.0,13678388.0,0.0,0.0,14.37,9.56,8.84,,,
16,44,hdr_histogram,HdrHistogram,1000,1,182878.4981611009,3290.0,21564.0,5334.264115555556,5235.086325399547,0.9814074091556901,0,100,900,1790546942.9941342,2300.0,2300.0,performance,,16372440.0,15671632.0,13683728.0,0.0,0.0,13.22,9.4,8.79,,,
16,45,global_mutex,GlobalMutex,1000,1,181662.79381337675,3285.0,21469.0,5363.167616666667,5231.75181844536,0.9754966080469093,0,100,900,1790546950.8101976,2300.0,2300.0,performance,,16372440.0,15655016.0,13666944.0,0.0,0.0,13.28,9.47,8.82,,,
16,46,sharded_2key,Sharded-2key,200,1,184979.3402894958,1028.0,2480.0,1063.35485,488.39560709836087,0.45929691964856406,0,100,900,1790546958.674231,2498.617,3094.468,performance,,16372440.0,15660068.0,13671876.0,0.0,0.0,14.42,9.85,8.95,,,
16,47,sharded_2key,Sharded-2key,600,1,186546.22413342283,2666.0,9533.0,3154.227983333333,2091.363433628848,0.6630349628116391,0,100,900,1790546962.0766196,2604.1695,3516.678,performance,,16372440.0,15674400.0,13686200.0,0.0,0.0,13.26,9.69,8.9,,,
16,48,sharded_n,Sharded-N,200,1,188388.18770520517,999.0,2500.0,1038.3652555555554,486.0042278052185,0.468047467117139,0,100,900,1790546967.6261375,2300.0,2300.0,performance,,16372440.0,15664896.0,13676608.0,0.0,0.0,12.2,9.53,8.85,,,
17,1,sharded_2key,Sharded-2key,500,1,188597.3171850577,2400.0,6534.0,2605.3873533333335,1380.443388308214,0.5298419010678295,0,100,900,1790546971.0119047,2300.0,2300.0,performance,,16372440.0,15666040.0,13677748.0,0.0,0.0,12.2,9.53,8.85,,,
17,2,sharded_n,Sharded-N,600,1,186467.13606662687,2798.0,8684.0,3156.1855074074074,1836.9307591648344,0.5820097566678673,0,100,900,1790546975.995237,2528.49725,3213.989,performance,,16372440.0,15658092.0,13669644.0,0.0,0.0,11.22,9.37,8.8,,,
17,3,disabled,Disabled,700,1,190257.80908277485,2792.0,12166.0,3581.871377777778,2955.705134679141,0.825184609647509,0,100,900,1790546981.5499418,2300.0,2300.0,performance,,16372440.0,15674716.0,13686148.0,0.0,0.0,9.5,9.06,8.71,,,
17,4,hdr_histogram,HdrHistogram,500,1,180871.04180174234,2461.0,7324.0,2706.651084444444,1539.7452591368685,0.5688746761583088,0,100,900,1790546987.5831327,2300.0,2300.0,performance,,16372440.0,15677304.0,13688692.0,0.0,0.0,8.74,8.91,8.66,,,
17,5,thread_local,ThreadLocal,100,1,185355.2734388797,502.0,1335.0,529.6418111111111,253.91152026564242,0.4794023336884472,0,100,900,1790546992.6801162,3541.502,3617.43,performance,,16372440.0,15672588.0,13683900.0,0.0,0.0,8.04,8.76,8.61,,,
17,6,global_mutex,GlobalMutex,200,1,190717.3660063572,982.0,2608.0,1031.8511611111112,489.10785381793715,0.4740100823177436,0,100,900,1790546995.5326855,3249.79175,3612.545,performance,,16372440.0,15673404.0,13684696.0,0.0,0.0,8.04,8.76,8.61,,,
17,7,disabled,Disabled,400,1,186480.90912389595,1969.0,5288.0,2108.715491666667,1088.5750923933983,0.5162266302378329,0,100,900,1790546998.898848,2300.0,2300.0,performance,,16372440.0,15669756.0,13681012.0,0.0,0.0,9.24,9.0,8.69,,,
17,8,sharded_n,Sharded-N,100,1,181724.00362864067,512.0,1446.0,544.0423555555556,279.0383967797543,0.512898295381452,0,100,900,1790547003.3696249,2580.84175,3423.367,performance,,16372440.0,15676152.0,13687376.0,0.0,0.0,10.02,9.16,8.75,,,
17,9,hdr_histogram,HdrHistogram,200,1,189112.3450630924,997.0,2547.0,1042.7448166666666,489.59909931460976,0.4695291613912856,0,100,900,1790547006.234451,2519.95675,3179.827,performance,,16372440.0,15684560.0,13695752.0,0.0,0.0,10.02,9.16,8.75,,,
17,10,global_mutex,GlobalMutex,100,1,190290.16080133858,500.0,1154.0,517.7236111111112,226.70647370190053,0.43789093028875975,0,100,900,1790547009.610834,3272.1875,3597.406,performance,,16372440.0,15662872.0,13673992.0,0.0,0.0,9.22,9.01,8.7,,,
17,11,global_mutex,GlobalMutex,700,1,182531.14425335213,3164.0,11557.0,3753.6577063492064,2486.215333764214,0.6623447123478655,0,100,900,1790547012.4527378,2300.0,2300.0,performance,,16372440.0,15670716.0,13681824.0,0.0,0.0,8.48,8.86,8.65,,,
17,12,hdr_histogram,HdrHistogram,1000,1,182691.18470950393,3192.0,21877.0,5334.432564444444,5256.6680825621725,0.9854221642240648,0,100,900,1790547018.630228,2712.64775,3554.54,performance,,16372440.0,15662444.0,13673372.0,0.0,0.0,9.4,9.05,8.71,,,
17,13,hdr_histogram,HdrHistogram,700,1,183270.0902093958,3021.0,11615.0,3741.758011111111,2512.241172481717,0.671406639612087,0,100,900,1790547026.4647105,2300.0,2300.0,performance,,16372440.0,15669952.0,13680736.0,0.0,0.0,8.84,8.94,8.68,,,
17,14,sharded_n,Sharded-N,500,1,184889.19432401186,2480.0,6578.0,2658.399791111111,1400.8394194944315,0.5269483635149299,0,100,900,1790547032.6331482,2300.0,2300.0,performance,,16372440.0,15670332.0,13681028.0,0.0,0.0,8.13,8.8,8.64,,,
17,15,global_mutex,GlobalMutex,500,1,185684.33363463808,2378.0,6819.0,2643.4224022222224,1453.2557714629804,0.5497629778128856,0,100,900,1790547037.6816366,2565.15625,3360.625,performance,,16372440.0,15676376.0,13686968.0,0.0,0.0,7.48,8.65,8.59,,,
17,16,thread_local,ThreadLocal,500,1,184227.3999726913,2382.0,7040.0,2667.074051111111,1503.2049430854918,0.5636157505485279,0,100,900,1790547042.7061932,2300.0,2300.0,performance,,16372440.0,15669960.0,13680480.0,0.0,0.0,6.88,8.5,8.54,,,
17,17,disabled,Disabled,1000,1,185731.27200361606,3169.0,21505.0,5227.390738888889,5223.564860124663,0.9992681092814119,0,100,900,1790547047.7586834,3053.39425,3425.684,performance,,16372440.0,15683320.0,13693784.0,0.0,0.0,6.33,8.36,8.5,,,
17,18,hdr_histogram,HdrHistogram,400,1,187489.00601575922,1944.0,5394.0,2097.6452444444444,1119.0467179193877,0.5334775843928576,0,100,900,1790547055.512996,2300.0,2300.0,performance,,16372440.0,15660176.0,13670508.0,0.0,0.0,6.38,8.34,8.49,,,
17,19,global_mutex,GlobalMutex,300,1,189599.90718873878,1477.0,3660.0,1553.956211111111,763.4508754249425,0.49129497341437905,0,100,900,1790547059.9752047,2300.0,2300.0,performance,,16372440.0,15653992.0,13664252.0,0.0,0.0,6.83,8.4,8.51,,,
17,20,sharded_n,Sharded-N,700,1,183246.942202342,2931.0,12154.0,3744.5083380952383,2678.9841268488044,0.7154434935005523,0,100,900,1790547063.885186,2300.0,2300.0,performance,,16372440.0,15663296.0,13673484.0,0.0,0.0,7.81,8.58,8.57,,,
17,21,hdr_histogram,HdrHistogram,100,1,178129.87183343945,530.0,1313.0,553.4501444444444,263.7374397585438,0.4765333289835611,0,100,900,1790547070.0513175,2882.39375,3602.35,performance,,16372440.0,15656280.0,13666372.0,0.0,0.0,8.14,8.63,8.58,,,
17,22,sharded_2key,Sharded-2key,300,1,188221.1152201043,1489.0,3791.0,1569.3984037037037,774.8461024391611,0.49372173478102316,0,100,900,1790547072.925402,2377.35425,2609.417,performance,,16372440.0,15663864.0,13673952.0,0.0,0.0,7.49,8.49,8.54,,,
17,23,thread_local,ThreadLocal,1000,1,184229.47295960304,3248.0,22132.0,5281.820711111111,5185.0543383204085,0.9816793529952389,0,100,900,1790547076.8364232,2566.5795,3366.318,performance,,16372440.0,15665148.0,13675156.0,0.0,0.0,6.89,8.35,8.49,,,
17,24,thread_local,ThreadLocal,700,1,186693.79214067277,2969.0,11066.0,3683.152015873016,2452.716005709219,0.6659285294603441,0,100,900,1790547084.6157863,2935.468,3609.446,performance,,16372440.0,15667820.0,13677644.0,0.0,0.0,7.06,8.36,8.5,,,
17,25,sharded_2key,Sharded-2key,100,1,188424.12809901295,493.0,1412.0,518.7631111111111,259.1442708283057,0.4995425952189591,0,100,900,1790547090.7125204,2583.531,3434.124,performance,,16372440.0,15670444.0,13680216.0,0.0,0.0,7.62,8.45,8.53,,,
17,26,disabled,Disabled,600,1,189297.2864382272,2706.0,8667.0,3115.3516055555556,1850.8993966233709,0.5941221508746211,0,100,900,1790547093.5577106,3577.87325,3659.825,performance,,16372440.0,15676112.0,13685868.0,0.0,0.0,8.45,8.61,8.58,,,
17,27,thread_local,ThreadLocal,400,1,186110.71097451856,1957.0,5352.0,2111.000377777778,1109.2780640050098,0.5254750665524428,0,100,900,1790547099.0720208,2300.0,2300.0,performance,,16372440.0,15677776.0,13687432.0,0.0,0.0,8.57,8.64,8.58,,,
17,28,global_mutex,GlobalMutex,1000,1,182553.8330133092,3201.0,21827.0,5346.2200088888885,5276.15467932336,0.9868944170930051,0,100,900,1790547103.5426528,3088.198,3510.725,performance,,16372440.0,15667480.0,13677104.0,0.0,0.0,12.85,9.52,8.87,,,
17,29,sharded_n,Sharded-N,300,1,185305.24620812142,1465.0,4227.0,1593.170025925926,841.8081369523006,0.5283856231622577,0,100,900,1790547111.3920722,2300.0,2300.0,performance,,16372440.0,15674004.0,13683396.0,0.0,0.0,12.05,9.47,8.86,,,
17,30,hdr_histogram,HdrHistogram,300,1,188802.86168077885,1471.0,3898.0,1571.0342777777778,787.5940106568427,0.5013219773733336,0,100,900,1790547115.335001,2938.664,3607.904,performance,,16372440.0,15673368.0,13682812.0,0.0,0.0,12.05,9.47,8.86,,,
17,31,sharded_2key,Sharded-2key,1000,1,182104.38151561221,3290.0,22249.0,5355.574636666666,5275.334927086194,0.985017534994076,0,100,900,1790547119.257296,2516.598,3166.392,performance,,16372440.0,15665664.0,13675028.0,0.0,0.0,11.57,9.41,8.85,,,
17,32,sharded_n,Sharded-N,200,1,188365.48978339962,987.0,2755.0,1045.093661111111,509.26052433487314,0.48728697080933703,0,100,900,1790547127.0967844,2300.0,2300.0,performance,,16372440.0,15664276.0,13673432.0,0.0,0.0,10.38,9.23,8.79,,,
17,33,disabled,Disabled,200,1,190130.84224664344,984.0,2595.0,1035.9528722222221,491.4755379434204,0.474418818772283,0,100,900,1790547130.4785168,2560.42525,3341.701,performance,,16372440.0,15666520.0,13675676.0,0.0,0.0,10.38,9.23,8.79,,,
17,34,sharded_2key,Sharded-2key,600,1,183168.87309714657,2832.0,8778.0,3221.2816203703705,1889.719020161048,0.5866357688849867,0,100,900,1790547133.8452518,2499.984,3099.936,performance,,16372440.0,15669960.0,13679088.0,0.0,0.0,10.11,9.2,8.78,,,
17,35,thread_local,ThreadLocal,200,1,189555.17976873016,991.0,2616.0,1038.6106111111112,496.5207684400156,0.478062483791529,0,100,900,1790547139.4508462,2300.0,2300.0,performance,,16372440.0,15670520.0,13679568.0,0.0,0.0,9.86,9.16,8.77,,,
17,36,disabled,Disabled,300,1,195549.9694381109,1383.0,3982.0,1508.5971703703703,808.4417308915621,0.5358897303864653,0,100,900,1790547142.825112,2544.82425,3279.297,performance,,16372440.0,15667984.0,13677016.0,0.0,0.0,9.07,9.01,8.73,,,
17,37,hdr_histogram,HdrHistogram,600,1,181233.47253723093,2868.0,9064.0,3250.2256962962965,1945.7463854588207,0.5986496222942429,0,100,900,1790547146.6957376,2597.794,3491.176,performance,,16372440.0,15668428.0,13677412.0,0.0,0.0,8.34,8.86,8.68,,,
17,38,sharded_2key,Sharded-2key,700,1,184369.16703511038,3004.0,11659.0,3707.0056063492066,2535.641652873759,0.6840134389143671,0,100,900,1790547152.34814,2300.0,2300.0,performance,,16372440.0,15665624.0,13674428.0,0.0,0.0,7.67,8.71,8.63,,,
17,39,disabled,Disabled,500,1,189118.92966674193,2347.0,6721.0,2597.015142222222,1424.3172162941244,0.5484439397898004,0,100,900,1790547158.4717748,2300.0,2300.0,performance,,16372440.0,15676244.0,13684980.0,0.0,0.0,7.7,8.7,8.63,,,
17,40,thread_local,ThreadLocal,600,1,183368.7458960483,2795.0,9114.0,3212.224651851852,1940.2947816632811,0.6040345841143765,0,100,900,1790547163.449226,3580.196,3750.427,performance,,16372440.0,15671272.0,13679920.0,0.0,0.0,7.56,8.65,8.62,,,
17,41,sharded_2key,Sharded-2key,200,1,186250.2405150241,1007.0,2650.0,1057.7096833333333,511.2177300844697,0.48332518661773594,0,100,900,1790547169.0668137,2541.02025,3264.081,performance,,16372440.0,15671100.0,13679676.0,0.0,0.0,8.0,8.72,8.64,,,
17,42,sharded_2key,Sharded-2key,400,1,189275.75476825004,1944.0,5256.0,2089.2208555555558,1101.126598764017,0.5270513147693093,0,100,900,1790547172.4520051,2300.0,2300.0,performance,,16372440.0,15680924.0,13689500.0,0.0,0.0,7.36,8.58,8.59,,,
17,43,sharded_n,Sharded-N,400,1,186864.43308914386,1982.0,5283.0,2108.98635,1067.62050657379,0.5062244744134023,0,100,900,1790547176.9069684,2527.56125,3210.245,performance,,16372440.0,15674684.0,13683212.0,0.0,0.0,6.77,8.44,8.55,,,
17,44,global_mutex,GlobalMutex,400,1,187694.6166376871,1957.0,5092.0,2089.6977527777776,1064.959986363013,0.5096239324310854,0,100,900,1790547181.3854268,2469.685,2978.74,performance,,16372440.0,15671168.0,13679624.0,0.0,0.0,6.23,8.3,8.5,,,
17,45,sharded_n,Sharded-N,1000,1,181564.1611956343,3320.0,21725.0,5378.321762222222,5149.959835074481,0.9575403002565273,0,100,900,1790547185.838501,2530.58275,3222.331,performance,,16372440.0,15670248.0,13678584.0,0.0,0.0,6.23,8.3,8.5,,,
17,46,global_mutex,GlobalMutex,600,1,182422.94089286253,2795.0,9189.0,3233.635238888889,1989.618311742147,0.6152884183764031,0,100,900,1790547193.6930962,2300.0,2300.0,performance,,16372440.0,15654024.0,13662208.0,0.0,0.0,8.56,8.74,8.64,,,
17,47,thread_local,ThreadLocal,300,1,187947.33214003668,1489.0,3763.0,1568.993525925926,775.8400235788066,0.4944826162497722,0,100,900,1790547199.3157187,2300.0,2300.0,performance,,16372440.0,15674792.0,13682924.0,0.0,0.0,9.63,8.96,8.72,,,
17,48,disabled,Disabled,100,1,186872.13958838873,499.0,1337.0,525.5175888888889,255.87465056141951,0.4869002598037105,0,100,900,1790547203.2331932,2300.0,2300.0,performance,,16372440.0,15665796.0,13673888.0,0.0,0.0,8.86,8.81,8.67,,,
18,1,disabled,Disabled,1000,1,183695.823819912,3312.0,21569.0,5311.648007777778,5160.293922541821,0.9715052494038892,0,100,900,1790547206.0818424,2596.17825,3484.713,performance,,16372440.0,15679640.0,13687744.0,0.0,0.0,8.86,8.81,8.67,,,
18,2,sharded_2key,Sharded-2key,1000,1,183425.3663281385,3255.0,21341.0,5326.629476666667,5193.2245166805105,0.9749550892228307,0,100,900,1790547213.8610198,2300.0,2300.0,performance,,16372440.0,15659816.0,13667688.0,0.0,0.0,8.14,8.66,8.62,,,
18,3,global_mutex,GlobalMutex,100,1,188889.24220505045,489.0,1386.0,521.0028333333333,261.1236735905952,0.5011943446064341,0,100,900,1790547221.6618018,2300.0,2300.0,performance,,16372440.0,15651096.0,13658788.0,0.0,0.0,7.55,8.52,8.57,,,
18,4,disabled,Disabled,100,1,188440.47855498045,497.0,1320.0,522.9711444444445,253.23792592714221,0.4842292516849251,0,100,900,1790547224.5048218,2300.0,2300.0,performance,,16372440.0,15672232.0,13679972.0,0.0,0.0,7.55,8.52,8.57,,,
18,5,disabled,Disabled,700,1,185082.8053964067,2976.0,11707.0,3707.824711111111,2551.0963301365573,0.688030456912317,0,100,900,1790547227.3483746,3244.057,3332.941,performance,,16372440.0,15664232.0,13671972.0,0.0,0.0,6.95,8.38,8.53,,,
18,6,sharded_2key,Sharded-2key,300,1,187286.454943593,1482.0,3930.0,1577.0256333333334,792.2544975569299,0.5023726189423785,0,100,900,1790547233.464276,2300.0,2300.0,performance,,16372440.0,15666100.0,13673640.0,0.0,0.0,7.03,8.37,8.52,,,
18,7,hdr_histogram,HdrHistogram,100,1,186344.46940443493,501.0,1298.0,524.6389666666666,257.13455457585377,0.4901171489597458,0,100,900,1790547237.3867269,2300.0,2300.0,performance,,16372440.0,15665216.0,13672776.0,0.0,0.0,6.47,8.23,8.48,,,
18,8,disabled,Disabled,400,1,190146.0022451109,1897.0,5402.0,2055.918727777778,1130.0920631133004,0.5496774010784005,0,100,900,1790547240.2372346,2300.0,2300.0,performance,,16372440.0,15671476.0,13679012.0,0.0,0.0,6.47,8.23,8.48,,,
18,9,hdr_histogram,HdrHistogram,600,1,183491.7007614408,2807.0,8712.0,3205.0428759259257,1881.3909880194149,0.587009616049485,0,100,900,1790547244.6715488,2755.165,3216.816,performance,,16372440.0,15665024.0,13672496.0,0.0,0.0,6.59,8.23,8.48,,,
18,10,sharded_n,Sharded-N,400,1,189063.70364895926,1942.0,5280.0,2079.7355194444444,1079.3102888878639,0.5189651659054118,0,100,900,1790547250.2833817,2524.80275,3199.211,performance,,16372440.0,15661888.0,13669232.0,0.0,0.0,6.78,8.24,8.48,,,
18,11,hdr_histogram,HdrHistogram,300,1,187821.95317498813,1429.0,4372.0,1568.2840444444444,880.7927208252985,0.561628312132267,0,100,900,1790547254.7339256,2625.989,3603.956,performance,,16372440.0,15661340.0,13668640.0,0.0,0.0,6.8,8.22,8.47,,,
18,12,sharded_n,Sharded-N,300,1,187756.48970745,1461.0,4017.0,1567.2198074074074,802.5350886881425,0.5120756417797871,0,100,900,1790547258.6584508,2543.17075,3272.683,performance,,16372440.0,15664096.0,13671364.0,0.0,0.0,6.82,8.2,8.46,,,
18,13,sharded_n,Sharded-N,500,1,185169.90447697745,2426.0,6895.0,2646.0107577777776,1436.6752513376005,0.542958960810944,0,100,900,1790547262.5843751,2533.0305,3232.122,performance,,16372440.0,15659940.0,13667132.0,0.0,0.0,6.27,8.06,8.42,,,
18,14,sharded_n,Sharded-N,600,1,182550.70765264594,2865.0,8819.0,3215.3465203703704,1866.761077687187,0.5805785055702668,0,100,900,1790547267.6193027,2510.6435,3142.574,performance,,16372440.0,15678920.0,13686048.0,0.0,0.0,5.77,7.93,8.37,,,
18,15,thread_local,ThreadLocal,400,1,189723.74579920204,1872.0,5984.0,2081.761952777778,1194.37327481192,0.5737319164749938,0,100,900,1790547273.234516,2583.93375,3435.735,performance,,16372440.0,15670192.0,13677208.0,0.0,0.0,5.31,7.8,8.33,,,
18,16,thread_local,ThreadLocal,300,1,192990.87740199544,1364.0,4333.0,1523.5330407407407,878.2172094409116,0.5764346331563134,0,100,900,1790547277.6848066,2300.0,2300.0,performance,,16372440.0,15675516.0,13682516.0,0.0,0.0,4.88,7.67,8.28,,,
18,17,disabled,Disabled,300,1,190812.7714168122,1435.0,4039.0,1545.243248148148,808.2536307307009,0.5230591569963687,0,100,900,1790547281.5693507,2598.61325,3494.453,performance,,16372440.0,15674240.0,13681180.0,0.0,0.0,4.49,7.54,8.24,,,
18,18,sharded_2key,Sharded-2key,100,1,184046.39132234518,509.0,1346.0,533.9797222222222,255.61505669985462,0.478698059237308,0,100,900,1790547285.4633536,2525.57875,3202.315,performance,,16372440.0,15675336.0,13682228.0,0.0,0.0,4.49,7.54,8.24,,,
18,19,global_mutex,GlobalMutex,600,1,183653.80337617936,2863.0,8729.0,3214.184125925926,1861.7531471933612,0.579230396969569,0,100,900,1790547288.3202841,2589.8605,3459.442,performance,,16372440.0,15675340.0,13682196.0,0.0,0.0,4.37,7.46,8.21,,,
18,20,global_mutex,GlobalMutex,1000,1,185593.41110594157,3137.0,21498.0,5258.794763333333,5177.670428797282,0.9845735880202653,0,100,900,1790547293.9326546,2568.32575,3373.303,performance,,16372440.0,15680448.0,13687196.0,0.0,0.0,5.7,7.69,8.28,,,
18,21,sharded_2key,Sharded-2key,600,1,185677.5645177805,2754.0,8719.0,3165.8621074074076,1889.5098577270192,0.5968389631708816,0,100,900,1790547301.6745415,2872.52525,3603.761,performance,,16372440.0,15657760.0,13664360.0,0.0,0.0,5.56,7.6,8.24,,,
18,22,thread_local,ThreadLocal,100,1,188668.69961243382,496.0,1408.0,522.6652444444444,257.90345068292856,0.4934390672122486,0,100,900,1790547307.2420022,2300.0,2300.0,performance,,16372440.0,15670248.0,13676744.0,0.0,0.0,5.12,7.47,8.2,,,
18,23,sharded_2key,Sharded-2key,400,1,186976.59126673406,1962.0,5094.0,2104.566913888889,1097.2606026283718,0.5213712119995354,0,100,900,1790547310.0843983,2841.391,3578.919,performance,,16372440.0,15676824.0,13683360.0,0.0,0.0,5.12,7.47,8.2,,,
18,24,disabled,Disabled,200,1,188132.28832062506,994.0,2777.0,1047.3641611111111,508.9045959077785,0.4858907864174958,0,100,900,1790547314.5522308,2300.0,2300.0,performance,,16372440.0,15667848.0,13674352.0,0.0,0.0,9.67,8.38,8.49,,,
18,25,disabled,Disabled,600,1,185691.1802786228,2792.0,8917.0,3170.1735,1904.4873836871943,0.6007517833604988,0,100,900,1790547317.9424984,2549.649,3298.596,performance,,16372440.0,15672148.0,13678596.0,0.0,0.0,8.9,8.24,8.44,,,
18,26,hdr_histogram,HdrHistogram,700,1,184273.92877833653,3025.0,11570.0,3723.2105714285713,2516.1915145280655,0.675812303992954,0,100,900,1790547323.5100453,2300.0,2300.0,performance,,16372440.0,15670492.0,13676868.0,0.0,0.0,11.71,8.83,8.63,,,
18,27,thread_local,ThreadLocal,700,1,183253.05018659047,3000.0,11662.0,3740.2885936507937,2567.772179432242,0.6865171269915057,0,100,900,1790547329.6599846,2620.02425,3580.097,performance,,16372440.0,15660312.0,13666556.0,0.0,0.0,11.33,8.8,8.62,,,
18,28,sharded_n,Sharded-N,1000,1,180650.61325590135,3286.0,22241.0,5394.168913333333,5350.974059928328,0.9919923061181425,0,100,900,1790547335.8153515,2536.7415,3246.966,performance,,16372440.0,15667400.0,13673528.0,0.0,0.0,11.3,8.84,8.64,,,
18,29,thread_local,ThreadLocal,200,1,191822.7202042344,977.0,2569.0,1027.8101333333334,498.33909602561334,0.48485520804258786,0,100,900,1790547343.7080815,2300.0,2300.0,performance,,16372440.0,15677988.0,13683972.0,0.0,0.0,11.12,8.88,8.65,,,
18,30,global_mutex,GlobalMutex,500,1,183076.04763355115,2462.0,6569.0,2681.625522222222,1427.0454061361822,0.5321568557244382,0,100,900,1790547347.0770917,2300.0,2300.0,performance,,16372440.0,15665608.0,13671612.0,0.0,0.0,10.23,8.73,8.6,,,
18,31,hdr_histogram,HdrHistogram,1000,1,183522.933652724,3211.0,21991.0,5339.451187777778,5283.993934654557,0.9896136791642248,0,100,900,1790547352.1415572,2867.2375,3515.183,performance,,16372440.0,15680292.0,13686184.0,0.0,0.0,9.41,8.59,8.56,,,
18,32,hdr_histogram,HdrHistogram,500,1,185508.8894179923,2424.0,6931.0,2655.3941577777778,1444.831046366942,0.5441117064052288,0,100,900,1790547359.9912107,2300.0,2300.0,performance,,16372440.0,15650996.0,13656744.0,0.0,0.0,9.38,8.59,8.56,,,
18,33,disabled,Disabled,500,1,187449.8939404126,2371.0,6822.0,2621.7134,1489.9555204193632,0.5683136533609521,0,100,900,1790547365.0221272,2300.0,2300.0,performance,,16372440.0,15646900.0,13652616.0,0.0,0.0,9.59,8.65,8.58,,,
18,34,sharded_2key,Sharded-2key,500,1,185600.3641871793,2400.0,7069.0,2647.1411644444443,1471.844401352433,0.5560128115273101,0,100,900,1790547370.0233285,2920.15275,3623.717,performance,,16372440.0,15663840.0,13669468.0,0.0,0.0,9.38,8.62,8.57,,,
18,35,sharded_2key,Sharded-2key,700,1,183418.1802107081,2968.0,11945.0,3737.672346031746,2626.6060526884266,0.7027384450852336,0,100,900,1790547375.0532722,2923.69675,3146.226,performance,,16372440.0,15656420.0,13662000.0,0.0,0.0,9.51,8.66,8.58,,,
18,36,global_mutex,GlobalMutex,200,1,189203.16908749178,1007.0,2431.0,1041.7682777777777,472.3613795610032,0.45342269450612305,0,100,900,1790547381.211963,2733.097,3268.402,performance,,16372440.0,15665224.0,13670660.0,0.0,0.0,9.55,8.68,8.59,,,
18,37,global_mutex,GlobalMutex,300,1,186340.49111789415,1481.0,4014.0,1587.5878407407408,808.5540169597598,0.5092971842002157,0,100,900,1790547384.5894558,3494.79575,3637.089,performance,,16372440.0,15671004.0,13676444.0,0.0,0.0,8.79,8.54,8.54,,,
18,38,global_mutex,GlobalMutex,700,1,185726.74827811104,2799.0,12368.0,3681.8595634920634,2984.1739641431673,0.8105072756530737,0,100,900,1790547388.5172677,2300.0,2300.0,performance,,16372440.0,15670924.0,13676296.0,0.0,0.0,8.96,8.58,8.56,,,
18,39,thread_local,ThreadLocal,500,1,188943.8373210557,2364.0,6873.0,2598.124517777778,1422.030283009326,0.5473295345465635,0,100,900,1790547394.6410542,2300.0,2300.0,performance,,16372440.0,15664820.0,13670064.0,0.0,0.0,9.13,8.62,8.57,,,
18,40,thread_local,ThreadLocal,1000,1,183384.0253983941,3303.0,21301.0,5347.118597777778,5145.646392209957,0.9623213508577216,0,100,900,1790547399.6258082,2300.0,2300.0,performance,,16372440.0,15670112.0,13675276.0,0.0,0.0,8.88,8.58,8.56,,,
18,41,sharded_n,Sharded-N,700,1,181091.12488818725,3060.0,11838.0,3788.979153968254,2579.7865850640037,0.6808658692044148,0,100,900,1790547407.4495292,2550.09075,3300.363,performance,,16372440.0,15663004.0,13667992.0,0.0,0.0,8.32,8.47,8.52,,,
18,42,thread_local,ThreadLocal,600,1,188563.12551445453,2722.0,8829.0,3118.0113277777778,1932.0290109257924,0.61963501983258,0,100,900,1790547413.6487808,2300.0,2300.0,performance,,16372440.0,15666440.0,13671368.0,0.0,0.0,8.54,8.52,8.54,,,
18,43,global_mutex,GlobalMutex,400,1,188766.0989593532,1981.0,4899.0,2085.8046972222223,1029.9068782468098,0.49376956510760184,0,100,900,1790547419.1654918,2992.70675,3425.06,performance,,16372440.0,15676224.0,13681096.0,0.0,0.0,8.65,8.54,8.55,,,
18,44,sharded_2key,Sharded-2key,200,1,193614.42043989676,958.0,2648.0,1017.5422222222222,496.88303245699035,0.48831686941878616,0,100,900,1790547423.6134512,3464.27175,3504.341,performance,,16372440.0,15667292.0,13672092.0,0.0,0.0,10.6,8.95,8.68,,,
18,45,hdr_histogram,HdrHistogram,400,1,185519.17466823236,1986.0,5186.0,2121.220286111111,1075.4862870069599,0.5070130122971231,0,100,900,1790547426.9756742,3200.4975,3550.75,performance,,16372440.0,15661052.0,13665892.0,0.0,0.0,9.75,8.8,8.63,,,
18,46,hdr_histogram,HdrHistogram,200,1,190205.73100962868,985.0,2555.0,1029.204638888889,488.7529594259992,0.47488413961449716,0,100,900,1790547431.4615636,2845.4285,3553.245,performance,,16372440.0,15669760.0,13674520.0,0.0,0.0,8.97,8.65,8.58,,,
18,47,sharded_n,Sharded-N,200,1,192298.40897873064,990.0,2396.0,1026.708761111111,486.12823388281305,0.4734821132301646,0,100,900,1790547434.8406422,2600.70375,3502.815,performance,,16372440.0,15673516.0,13678220.0,0.0,0.0,8.97,8.65,8.58,,,
18,48,sharded_n,Sharded-N,100,1,184126.20980970067,505.0,1365.0,533.6749555555556,263.0565163585069,0.49291523542577537,0,100,900,1790547438.2099073,3478.5845,3601.229,performance,,16372440.0,15660228.0,13664900.0,0.0,0.0,8.25,8.51,8.54,,,
19,1,global_mutex,GlobalMutex,400,1,186381.34653568777,1985.0,5088.0,2108.826022222222,1066.227380033941,0.5056023440522516,0,100,900,1790547441.0699902,2300.0,2300.0,performance,,16372440.0,15659688.0,13664344.0,0.0,0.0,8.25,8.51,8.54,,,
19,2,hdr_histogram,HdrHistogram,1000,1,180609.27201405328,3377.0,21716.0,5400.559463333333,5203.941168571917,0.9635929765987505,0,100,900,1790547445.5473845,3142.9125,3568.585,performance,,16372440.0,15672212.0,13676760.0,0.0,0.0,7.59,8.37,8.49,,,
19,3,disabled,Disabled,400,1,190754.67827742774,1898.0,5290.0,2058.779122222222,1094.596482090972,0.5316726162005554,0,100,900,1790547453.4176195,2563.48625,3353.945,performance,,16372440.0,15681412.0,13685780.0,0.0,0.0,7.74,8.37,8.49,,,
19,4,global_mutex,GlobalMutex,100,1,189422.662518504,500.0,1184.0,519.0291,240.89710814656047,0.4641302542507934,0,100,900,1790547457.8460846,2300.0,2300.0,performance,,16372440.0,15674468.0,13678824.0,0.0,0.0,7.12,8.23,8.45,,,
19,5,disabled,Disabled,100,1,184781.9571160867,502.0,1382.0,531.7380333333333,268.800226235302,0.505512506882873,0,100,900,1790547460.688392,2925.7085,3593.862,performance,,16372440.0,15672704.0,13677104.0,0.0,0.0,7.12,8.23,8.45,,,
19,6,global_mutex,GlobalMutex,600,1,183136.8970291895,2909.0,8440.0,3216.032562962963,1780.8474365130528,0.5537404866548802,0,100,900,1790547463.5412967,2435.3315,2841.326,performance,,16372440.0,15673584.0,13677948.0,0.0,0.0,7.27,8.25,8.45,,,
19,7,hdr_histogram,HdrHistogram,700,1,183599.40758136526,2983.0,11904.0,3728.003074603175,2612.0255787860633,0.7006500602374366,0,100,900,1790547469.160148,2300.0,2300.0,performance,,16372440.0,15667156.0,13671352.0,0.0,0.0,7.65,8.31,8.47,,,
19,8,global_mutex,GlobalMutex,1000,1,182442.14556597217,3254.0,22025.0,5340.170982222222,5222.139357695226,0.9778974072328525,0,100,900,1790547475.321132,2757.78925,3218.59,performance,,16372440.0,15657776.0,13661880.0,0.0,0.0,7.44,8.25,8.45,,,
19,9,sharded_n,Sharded-N,300,1,184901.57850251577,1500.0,3904.0,1591.2045296296296,794.4249134301724,0.49926008796310023,0,100,900,1790547483.148804,2592.618,3470.472,performance,,16372440.0,15656944.0,13660908.0,0.0,0.0,7.11,8.16,8.42,,,
19,10,thread_local,ThreadLocal,300,1,189199.81966229988,1445.0,4036.0,1555.5996185185186,816.0852716695932,0.5246113858312689,0,100,900,1790547487.088904,2938.04675,3599.121,performance,,16372440.0,15669932.0,13673928.0,0.0,0.0,6.54,8.02,8.37,,,
19,11,disabled,Disabled,1000,1,183318.95966373882,3237.0,21644.0,5301.591913333334,5227.890371957042,0.98609822434825,0,100,900,1790547490.9967096,2300.0,2300.0,performance,,16372440.0,15667864.0,13671780.0,0.0,0.0,6.54,8.02,8.37,,,
19,12,sharded_2key,Sharded-2key,700,1,185253.3298220829,2983.0,11441.0,3680.658153968254,2528.98743882708,0.6871019619413677,0,100,900,1790547498.8003366,2419.624,2778.496,performance,,16372440.0,15649572.0,13653312.0,0.0,0.0,8.49,8.4,8.49,,,
19,13,sharded_2key,Sharded-2key,100,1,190387.375672046,490.0,1292.0,516.8183555555555,251.57128463117158,0.48676925253698516,0,100,900,1790547504.9277267,2300.0,2300.0,performance,,16372440.0,15666384.0,13670024.0,0.0,0.0,8.85,8.48,8.52,,,
19,14,sharded_2key,Sharded-2key,200,1,185798.4126550024,1010.0,2693.0,1058.909111111111,509.81745268332173,0.4814553461990438,0,100,900,1790547507.767148,2300.0,2300.0,performance,,16372440.0,15662424.0,13666096.0,0.0,0.0,8.14,8.34,8.47,,,
19,15,disabled,Disabled,700,1,184901.55050043372,3050.0,11442.0,3702.938803174603,2462.238989340957,0.6649418530033578,0,100,900,1790547511.1599839,2300.0,2300.0,performance,,16372440.0,15664132.0,13667780.0,0.0,0.0,8.14,8.34,8.47,,,
19,16,disabled,Disabled,300,1,194046.70557446373,1437.0,3852.0,1525.0753,782.2417121045005,0.5129200585076032,0,100,900,1790547517.273977,2300.0,2300.0,performance,,16372440.0,15666420.0,13669928.0,0.0,0.0,6.89,8.06,8.38,,,
19,17,hdr_histogram,HdrHistogram,500,1,185483.66328254843,2422.0,6602.0,2643.4403244444443,1422.9545672197296,0.5382964593758262,0,100,900,1790547521.1487777,2300.0,2300.0,performance,,16372440.0,15670416.0,13673868.0,0.0,0.0,6.89,8.06,8.38,,,
19,18,global_mutex,GlobalMutex,500,1,184833.01652557254,2441.0,6699.0,2659.5551866666665,1412.748647151099,0.5311973424103889,0,100,900,1790547526.1750445,3242.07,3567.683,performance,,16372440.0,15671052.0,13674400.0,0.0,0.0,6.34,7.93,8.33,,,
19,19,sharded_n,Sharded-N,600,1,184081.71328892175,2820.0,8622.0,3178.6352814814813,1837.5401833960213,0.5780909165960023,0,100,900,1790547531.215481,2554.92725,3319.709,performance,,16372440.0,15672056.0,13675296.0,0.0,0.0,5.83,7.8,8.29,,,
19,20,sharded_2key,Sharded-2key,500,1,184557.35970577726,2453.0,6806.0,2661.351328888889,1441.9376121884618,0.5418065614021991,0,100,900,1790547536.8230956,2300.0,2300.0,performance,,16372440.0,15658280.0,13661384.0,0.0,0.0,4.93,7.54,8.2,,,
19,21,global_mutex,GlobalMutex,200,1,186817.92231676544,996.0,2766.0,1053.6602611111111,513.5494307916938,0.4873956527981259,0,100,900,1790547541.8755891,2548.74175,3294.967,performance,,16372440.0,15671772.0,13674920.0,0.0,0.0,4.54,7.41,8.15,,,
19,22,sharded_n,Sharded-N,100,1,187901.37024506266,495.0,1342.0,524.7273333333334,256.9225924925553,0.4896306637210093,0,100,900,1790547545.2588055,2300.0,2300.0,performance,,16372440.0,15668024.0,13671108.0,0.0,0.0,4.54,7.41,8.15,,,
19,23,thread_local,ThreadLocal,700,1,189514.42034942965,2889.0,11629.0,3633.6541603174605,2556.240807572692,0.7034903969367744,0,100,900,1790547548.1053479,2539.3275,3257.31,performance,,16372440.0,15674680.0,13677764.0,0.0,0.0,4.17,7.29,8.11,,,
19,24,hdr_histogram,HdrHistogram,400,1,183077.22199664847,1990.0,5498.0,2151.54205,1146.4422345495784,0.5328467712492899,0,100,900,1790547554.1652741,2300.0,2300.0,performance,,16372440.0,15670632.0,13673560.0,0.0,0.0,4.56,7.32,8.12,,,
19,25,disabled,Disabled,600,1,184490.40873107992,2895.0,8562.0,3190.120624074074,1807.576885001792,0.566617096344574,0,100,900,1790547558.6778505,2300.0,2300.0,performance,,16372440.0,15669120.0,13672028.0,0.0,0.0,5.32,7.43,8.15,,,
19,26,sharded_n,Sharded-N,500,1,186545.64553563486,2381.0,7269.0,2631.7724,1501.7305645789693,0.5706156674410634,0,100,900,1790547564.2609844,2916.57425,3546.809,performance,,16372440.0,15679416.0,13682200.0,0.0,0.0,5.93,7.52,8.17,,,
19,27,hdr_histogram,HdrHistogram,100,1,187495.97078971105,502.0,1290.0,526.0392555555555,246.35654897050935,0.46832350697920755,0,100,900,1790547569.2868347,2300.0,2300.0,performance,,16372440.0,15675516.0,13678260.0,0.0,0.0,6.5,7.61,8.2,,,
19,28,sharded_n,Sharded-N,1000,1,181825.64790987707,3347.0,21251.0,5366.358807777778,5171.19060310187,0.9636311674886444,0,100,900,1790547572.1350892,2300.0,2300.0,performance,,16372440.0,15669544.0,13672284.0,0.0,0.0,5.98,7.49,8.16,,,
19,29,hdr_histogram,HdrHistogram,200,1,188880.5364982906,978.0,2733.0,1043.5151444444443,515.0735026804382,0.4935946597638097,0,100,900,1790547579.9910924,2300.0,2300.0,performance,,16372440.0,15660220.0,13662760.0,0.0,0.0,6.14,7.5,8.15,,,
19,30,disabled,Disabled,500,1,188782.41847622558,2292.0,7180.0,2597.5318866666667,1502.145027417753,0.5782970500298303,0,100,900,1790547583.366518,3220.7925,3608.591,performance,,16372440.0,15652344.0,13654888.0,0.0,0.0,11.73,8.63,8.52,,,
19,31,global_mutex,GlobalMutex,300,1,185506.60770036376,1498.0,3863.0,1582.6711962962963,791.6350995271871,0.5001892379034507,0,100,900,1790547588.3629942,2300.0,2300.0,performance,,16372440.0,15654668.0,13657096.0,0.0,0.0,11.84,8.71,8.54,,,
19,32,thread_local,ThreadLocal,400,1,186759.15115405124,1959.0,5165.0,2100.1893416666667,1088.7998666345777,0.5184293839766507,0,100,900,1790547592.3074987,2578.7115,3414.846,performance,,16372440.0,15664468.0,13666904.0,0.0,0.0,10.89,8.56,8.5,,,
19,33,sharded_2key,Sharded-2key,600,1,185522.3975279586,2701.0,9047.0,3166.9085537037035,2050.0699588768084,0.6473410659361316,0,100,900,1790547596.7766523,2901.092,3553.788,performance,,16372440.0,15675176.0,13677476.0,0.0,0.0,10.02,8.42,8.45,,,
19,34,hdr_histogram,HdrHistogram,600,1,182707.5802339048,2841.0,8730.0,3221.9015425925927,1864.3905663645257,0.5786615580016428,0,100,900,1790547602.350393,2559.94,3339.76,performance,,16372440.0,15663180.0,13665396.0,0.0,0.0,9.21,8.28,8.41,,,
19,35,disabled,Disabled,200,1,190178.2594286847,990.0,2559.0,1032.6501277777777,493.90965734775193,0.47829331935553626,0,100,900,1790547607.9689047,2300.0,2300.0,performance,,16372440.0,15668528.0,13670720.0,0.0,0.0,8.48,8.14,8.36,,,
19,36,global_mutex,GlobalMutex,700,1,186935.29029712957,2852.0,12065.0,3668.7605126984126,2645.858000073537,0.7211858040108157,0,100,900,1790547611.3355246,2575.61225,3402.449,performance,,16372440.0,15661368.0,13663508.0,0.0,0.0,8.48,8.14,8.36,,,
19,37,sharded_2key,Sharded-2key,1000,1,184432.0033637053,3229.0,21914.0,5313.7827988888885,5273.93156734617,0.9925004026225814,0,100,900,1790547617.4281812,3185.4485,3602.941,performance,,16372440.0,15666284.0,13668268.0,0.0,0.0,7.17,7.87,8.27,,,
19,38,thread_local,ThreadLocal,500,1,189073.60231855194,2382.0,6653.0,2601.42772,1426.7584431576086,0.548452079674775,0,100,900,1790547625.2361019,2300.0,2300.0,performance,,16372440.0,15650104.0,13651932.0,0.0,0.0,9.64,8.37,8.43,,,
19,39,sharded_n,Sharded-N,400,1,186338.97638114032,1955.0,5329.0,2106.8440694444444,1113.4698421762089,0.5285013059698437,0,100,900,1790547630.2082558,2954.621,3616.103,performance,,16372440.0,15664024.0,13665788.0,0.0,0.0,9.19,8.3,8.41,,,
19,40,sharded_2key,Sharded-2key,300,1,188431.99629984325,1499.0,3658.0,1568.0993925925925,744.0400447514066,0.4744852579282361,0,100,900,1790547634.6910703,2300.0,2300.0,performance,,16372440.0,15665144.0,13666848.0,0.0,0.0,9.17,8.31,8.41,,,
19,41,thread_local,ThreadLocal,100,1,190476.25820108227,496.0,1294.0,519.2508888888889,238.49569805407393,0.4593072504207269,0,100,900,1790547638.6128843,2640.06375,3660.255,performance,,16372440.0,15665392.0,13667060.0,0.0,0.0,12.2,8.95,8.62,,,
19,42,sharded_2key,Sharded-2key,400,1,187714.3216535334,1968.0,5206.0,2090.690397222222,1086.630353965272,0.5197471397051491,0,100,900,1790547641.4513056,2300.0,2300.0,performance,,16372440.0,15668972.0,13670652.0,0.0,0.0,11.23,8.81,8.57,,,
19,43,sharded_n,Sharded-N,200,1,188453.22448110365,978.0,2825.0,1045.510438888889,527.3024406155969,0.5043492833758646,0,100,900,1790547645.9084866,2900.59525,3510.077,performance,,16372440.0,15659372.0,13660908.0,0.0,0.0,11.23,8.81,8.57,,,
19,44,thread_local,ThreadLocal,1000,1,184227.04677386055,3218.0,21374.0,5280.375724444444,5191.993421470526,0.983262118533579,0,100,900,1790547649.2841473,2300.0,2300.0,performance,,16372440.0,15667544.0,13669052.0,0.0,0.0,11.77,8.96,8.62,,,
19,45,hdr_histogram,HdrHistogram,300,1,186583.04127167395,1465.0,4059.0,1576.9064222222223,813.2690477559064,0.5157370382256571,0,100,900,1790547657.072676,2616.12675,3564.507,performance,,16372440.0,15654532.0,13655828.0,0.0,0.0,11.58,9.02,8.65,,,
19,46,thread_local,ThreadLocal,200,1,191391.45194355116,968.0,2533.0,1015.3397444444445,487.6209916494781,0.48025401774879395,0,100,900,1790547661.0010319,2300.0,2300.0,performance,,16372440.0,15657080.0,13658404.0,0.0,0.0,11.58,9.02,8.65,,,
19,47,sharded_n,Sharded-N,700,1,182847.3190884717,3159.0,11109.0,3748.751084126984,2401.8514576742286,0.640707105852982,0,100,900,1790547664.3634105,2522.75,3191.0,performance,,16372440.0,15665432.0,13666704.0,0.0,0.0,11.37,9.02,8.65,,,
19,48,thread_local,ThreadLocal,600,1,188154.18990565455,2664.0,8977.0,3128.0544537037035,1930.5594773007253,0.6171757895758142,0,100,900,1790547670.5384781,2866.73175,3552.466,performance,,16372440.0,15669584.0,13670672.0,0.0,0.0,11.26,9.04,8.66,,,
20,1,disabled,Disabled,500,1,188408.771338697,2409.0,6824.0,2621.451048888889,1421.1208141401517,0.5421122834784569,0,100,900,1790547676.0692782,2300.0,2300.0,performance,,16372440.0,15661384.0,13662404.0,0.0,0.0,17.25,10.32,9.07,,,
20,2,sharded_2key,Sharded-2key,700,1,184274.4406123619,3008.0,11653.0,3743.609861904762,2591.1876420158874,0.6921628421764766,0,100,900,1790547681.0748448,2300.0,2300.0,performance,,16372440.0,15668708.0,13669616.0,0.0,0.0,15.87,10.15,9.02,,,
20,3,global_mutex,GlobalMutex,700,1,181781.96324406617,3079.0,11550.0,3784.8959285714286,2525.6252123826407,0.6672905305842618,0,100,900,1790547687.2331755,2300.0,2300.0,performance,,16372440.0,15660388.0,13661268.0,0.0,0.0,13.43,9.81,8.93,,,
20,4,sharded_2key,Sharded-2key,400,1,190900.53408189391,1929.0,5115.0,2058.383086111111,1087.4811470632285,0.5283181514660612,0,100,900,1790547693.4304297,2781.05475,3563.261,performance,,16372440.0,15667560.0,13668316.0,0.0,0.0,14.35,10.06,9.01,,,
20,5,global_mutex,GlobalMutex,1000,1,182418.38536629514,3282.0,21506.0,5331.818823333333,5182.182869061103,0.9719352890204395,0,100,900,1790547697.8583174,2300.0,2300.0,performance,,16372440.0,15665064.0,13665768.0,0.0,0.0,13.2,9.9,8.96,,,
20,6,disabled,Disabled,400,1,192562.43162609517,1893.0,5398.0,2044.520125,1117.9240796131528,0.5467904502104878,0,100,900,1790547705.6848657,2300.0,2300.0,performance,,16372440.0,15660724.0,13661268.0,0.0,0.0,12.95,9.9,8.97,,,
20,7,thread_local,ThreadLocal,1000,1,189108.97254768756,3094.0,20870.0,5158.526272222222,5011.068387147823,0.9714147263592637,0,100,900,1790547710.088474,2954.817,3269.424,performance,,16372440.0,15670360.0,13670828.0,0.0,0.0,13.11,9.98,9.0,,,
20,8,thread_local,ThreadLocal,600,1,183644.63611799382,2813.0,8899.0,3209.8966444444445,1921.4513476520929,0.5986022481370735,0,100,900,1790547717.7496674,2613.9365,3555.746,performance,,16372440.0,15662420.0,13662804.0,0.0,0.0,12.05,9.87,8.98,,,
20,9,thread_local,ThreadLocal,400,1,192678.6925570446,1897.0,5205.0,2044.6490194444445,1064.2177866905192,0.5204892265469013,0,100,900,1790547723.3486836,2566.396,3365.584,performance,,16372440.0,15668176.0,13668452.0,0.0,0.0,11.09,9.7,8.93,,,
20,10,thread_local,ThreadLocal,100,1,190828.1935756022,492.0,1260.0,516.5214666666667,257.17734094742997,0.4979025220521908,0,100,900,1790547727.7643368,2505.26975,3121.079,performance,,16372440.0,15672624.0,13672856.0,0.0,0.0,10.2,9.54,8.88,,,
20,11,hdr_histogram,HdrHistogram,200,1,188916.62258375992,983.0,2615.0,1037.7572555555555,507.2258695075086,0.4887712100224913,0,100,900,1790547730.6012588,2413.21225,2752.849,performance,,16372440.0,15673684.0,13673888.0,0.0,0.0,10.2,9.54,8.88,,,
20,12,sharded_n,Sharded-N,300,1,185431.61871917575,1505.0,3869.0,1592.4309037037037,780.7366746024096,0.4902797809227129,0,100,900,1790547733.9828694,3540.3295,3563.65,performance,,16372440.0,15667092.0,13667264.0,0.0,0.0,10.1,9.53,8.88,,,
20,13,disabled,Disabled,100,1,186024.4148115268,503.0,1354.0,531.6946777777778,258.2922130696619,0.4857904806367374,0,100,900,1790547737.923445,3080.5535,3594.531,performance,,16372440.0,15664260.0,13664376.0,0.0,0.0,9.29,9.37,8.83,,,
20,14,sharded_n,Sharded-N,500,1,184875.62783624555,2400.0,7114.0,2661.3574422222223,1491.847879614123,0.5605590049446482,0,100,900,1790547740.7761848,2300.0,2300.0,performance,,16372440.0,15672912.0,13673012.0,0.0,0.0,9.29,9.37,8.83,,,
20,15,sharded_n,Sharded-N,100,1,189011.72522896755,500.0,1220.0,521.7994555555556,233.9951468419351,0.4484388482023278,0,100,900,1790547745.8185332,2912.51475,3651.165,performance,,16372440.0,15672208.0,13672168.0,0.0,0.0,10.79,9.68,8.94,,,
20,16,global_mutex,GlobalMutex,500,1,185433.04323223798,2463.0,6700.0,2649.677131111111,1400.348162590694,0.5284976596388083,0,100,900,1790547748.662152,2573.646,3394.584,performance,,16372440.0,15677816.0,13677784.0,0.0,0.0,10.65,9.67,8.94,,,
20,17,disabled,Disabled,1000,1,185565.97389461836,3258.0,21834.0,5264.279027777778,5167.187845129021,0.9815566040218537,0,100,900,1790547753.6983802,2585.22875,3440.915,performance,,16372440.0,15669208.0,13669120.0,0.0,0.0,10.52,9.66,8.94,,,
20,18,disabled,Disabled,700,1,185186.39689864637,2975.0,11484.0,3709.057261904762,2530.41819316765,0.6822267801463303,0,100,900,1790547761.447326,3045.72975,3482.806,performance,,16372440.0,15669012.0,13668688.0,0.0,0.0,9.56,9.49,8.89,,,
20,19,hdr_histogram,HdrHistogram,1000,1,178993.8755686239,3357.0,22006.0,5455.158112222222,5297.488203704817,0.9710970964958564,0,100,900,1790547767.556724,2300.0,2300.0,performance,,16372440.0,15672424.0,13672032.0,0.0,0.0,8.8,9.33,8.84,,,
20,20,thread_local,ThreadLocal,700,1,184143.6110043359,3024.0,11858.0,3729.787711111111,2559.2422475619896,0.6861629791792054,0,100,900,1790547775.5017996,2300.0,2300.0,performance,,16372440.0,15661928.0,13661400.0,0.0,0.0,9.05,9.37,8.86,,,
20,21,hdr_histogram,HdrHistogram,700,1,181855.11325898638,3109.0,11687.0,3781.639007936508,2519.518246077691,0.6662503324061313,0,100,900,1790547781.6318164,3274.66325,3608.088,performance,,16372440.0,15668036.0,13667456.0,0.0,0.0,8.91,9.34,8.85,,,
20,22,sharded_n,Sharded-N,400,1,183907.36991191117,2007.0,5184.0,2134.209,1088.8001162167998,0.5101656474210351,0,100,900,1790547787.8217144,2300.0,2300.0,performance,,16372440.0,15659268.0,13658588.0,0.0,0.0,8.28,9.2,8.81,,,
20,23,sharded_2key,Sharded-2key,300,1,188173.66603672467,1486.0,3876.0,1568.6951851851852,773.4768507206044,0.49307020128916573,0,100,900,1790547792.3278399,2949.07325,3598.941,performance,,16372440.0,15668748.0,13668036.0,0.0,0.0,7.62,9.05,8.76,,,
20,24,disabled,Disabled,300,1,188456.53575125322,1485.0,3779.0,1566.467762962963,762.485217049445,0.4867544899916801,0,100,900,1790547796.239807,2300.0,2300.0,performance,,16372440.0,15674560.0,13673844.0,0.0,0.0,7.62,9.05,8.76,,,
20,25,sharded_n,Sharded-N,700,1,184431.33387212147,3010.0,11506.0,3701.6013492063494,2503.1341571690905,0.676230074777172,0,100,900,1790547800.1519172,2300.0,2300.0,performance,,16372440.0,15662368.0,13661556.0,0.0,0.0,7.01,8.9,8.72,,,
20,26,hdr_histogram,HdrHistogram,500,1,184136.48847960084,2378.0,7098.0,2661.9156222222223,1511.5218131365168,0.5678323537072401,0,100,900,1790547806.2852552,2300.0,2300.0,performance,,16372440.0,15668668.0,13667720.0,0.0,0.0,10.53,9.6,8.94,,,
20,27,hdr_histogram,HdrHistogram,600,1,185727.79952447768,2793.0,8713.0,3170.760366666667,1866.835507914557,0.5887658769612759,0,100,900,1790547811.3339279,2300.0,2300.0,performance,,16372440.0,15671924.0,13670952.0,0.0,0.0,9.69,9.44,8.9,,,
20,28,disabled,Disabled,200,1,192415.73333081283,973.0,2487.0,1022.7367722222223,488.2780570903388,0.4774229991060151,0,100,900,1790547816.8991938,3205.45875,3559.977,performance,,16372440.0,15665664.0,13664580.0,0.0,0.0,8.2,9.13,8.8,,,
20,29,global_mutex,GlobalMutex,600,1,187366.6690975757,2669.0,9329.0,3138.7998592592594,2019.9423017449024,0.6435396942516743,0,100,900,1790547820.259183,2300.0,2300.0,performance,,16372440.0,15676340.0,13675288.0,0.0,0.0,8.2,9.13,8.8,,,
20,30,thread_local,ThreadLocal,300,1,189387.96535675216,1465.0,3887.0,1559.0270814814814,785.8067567044442,0.5040366303051793,0,100,900,1790547825.7999089,2300.0,2300.0,performance,,16372440.0,15676268.0,13675080.0,0.0,0.0,8.82,9.24,8.84,,,
20,31,sharded_n,Sharded-N,600,1,183817.66177629275,2842.0,8726.0,3207.907990740741,1862.7309867813335,0.5806684581222071,0,100,900,1790547829.7085874,2419.34525,2777.381,performance,,16372440.0,15651904.0,13650692.0,0.0,0.0,9.32,9.34,8.87,,,
20,32,thread_local,ThreadLocal,200,1,191630.17502038475,975.0,2554.0,1023.5041444444445,485.5021868430073,0.4743529271261883,0,100,900,1790547835.3162093,2300.0,2300.0,performance,,16372440.0,15665192.0,13663880.0,0.0,0.0,9.21,9.32,8.87,,,
20,33,sharded_2key,Sharded-2key,1000,1,184500.7825692943,3235.0,21847.0,5287.042238888889,5222.623051571369,0.9878156473115186,0,100,900,1790547838.6775281,2459.467,2937.868,performance,,16372440.0,15672312.0,13670996.0,0.0,0.0,9.19,9.31,8.87,,,
20,34,sharded_2key,Sharded-2key,200,1,186261.64739223724,1006.0,2564.0,1055.8451444444445,507.8282082612263,0.4809684553963933,0,100,900,1790547846.4677644,2624.84575,3599.383,performance,,16372440.0,15664344.0,13662804.0,0.0,0.0,8.89,9.25,8.85,,,
20,35,global_mutex,GlobalMutex,400,1,189151.33827393336,1939.0,5130.0,2081.73475,1068.7082264903831,0.5133738707538907,0,100,900,1790547849.8496842,2607.0475,3528.19,performance,,16372440.0,15686936.0,13685464.0,0.0,0.0,8.89,9.25,8.85,,,
20,36,disabled,Disabled,600,1,187569.15368593961,2721.0,8640.0,3129.957516666667,1861.7620326107235,0.5948202244589752,0,100,900,1790547854.290007,2300.0,2300.0,performance,,16372440.0,15675896.0,13674372.0,0.0,0.0,10.9,9.66,8.99,,,
20,37,hdr_histogram,HdrHistogram,400,1,186820.89534215082,1871.0,5790.0,2103.1147083333335,1222.29223517678,0.5811819157241387,0,100,900,1790547859.8217373,2542.782,3271.128,performance,,16372440.0,15669612.0,13667936.0,0.0,0.0,11.14,9.73,9.02,,,
20,38,sharded_2key,Sharded-2key,500,1,186543.14002128065,2461.0,6755.0,2650.2411933333333,1405.6465651055373,0.5303843924248983,0,100,900,1790547864.2932742,2300.0,2300.0,performance,,16372440.0,15662568.0,13660896.0,0.0,0.0,10.65,9.66,8.99,,,
20,39,sharded_n,Sharded-N,200,1,191249.15581427317,983.0,2565.0,1030.7618333333332,489.2413192942716,0.4746405071209676,0,100,900,1790547869.318057,2300.0,2300.0,performance,,16372440.0,15671768.0,13669968.0,0.0,0.0,11.16,9.78,9.04,,,
20,40,global_mutex,GlobalMutex,300,1,190678.53934925285,1431.0,3887.0,1538.9679444444444,786.5520117096842,0.5110905750500369,0,100,900,1790547872.684806,2300.0,2300.0,performance,,16372440.0,15677968.0,13676168.0,0.0,0.0,10.27,9.61,8.99,,,
20,41,hdr_histogram,HdrHistogram,300,1,185395.5025226395,1496.0,3926.0,1582.3880111111112,801.9745284930264,0.5068128188925679,0,100,900,1790547876.5885067,2584.23625,3436.945,performance,,16372440.0,15672132.0,13670260.0,0.0,0.0,9.44,9.45,8.94,,,
20,42,sharded_2key,Sharded-2key,600,1,186369.55906742843,2817.0,8496.0,3160.1405425925927,1804.78496769188,0.571109083082497,0,100,900,1790547880.5308046,2927.45125,3177.269,performance,,16372440.0,15665860.0,13663964.0,0.0,0.0,9.44,9.45,8.94,,,
20,43,thread_local,ThreadLocal,500,1,184159.57776088448,2410.0,6795.0,2658.5971622222223,1458.8185765911974,0.5487174203450309,0,100,900,1790547886.095142,2300.0,2300.0,performance,,16372440.0,15659828.0,13657820.0,0.0,0.0,9.49,9.46,8.95,,,
20,44,global_mutex,GlobalMutex,100,1,190766.69241783855,490.0,1322.0,516.3059222222222,246.74601578772388,0.47790661537583995,0,100,900,1790547891.1383386,2512.50325,3150.013,performance,,16372440.0,15668340.0,13666276.0,0.0,0.0,12.49,10.09,9.15,,,
20,45,sharded_n,Sharded-N,1000,1,181850.73107848119,3223.0,22410.0,5359.951914444445,5344.16299098236,0.9970542788976267,0,100,900,1790547893.9778259,2300.0,2300.0,performance,,16372440.0,15675676.0,13673608.0,0.0,0.0,11.49,9.92,9.1,,,
20,46,sharded_2key,Sharded-2key,100,1,189873.26910763115,493.0,1253.0,518.5075111111111,250.89658821515224,0.48388226368699133,0,100,900,1790547901.8257556,2924.71725,3569.179,performance,,16372440.0,15655856.0,13653592.0,0.0,0.0,11.64,10.02,9.14,,,
20,47,global_mutex,GlobalMutex,200,1,185290.37178420453,1014.0,2577.0,1063.4224388888888,503.33287149619144,0.47331413471216205,0,100,900,1790547904.6685865,2563.907,3355.628,performance,,16372440.0,15663768.0,13661504.0,0.0,0.0,11.64,10.02,9.14,,,
20,48,hdr_histogram,HdrHistogram,100,1,184101.70761841076,508.0,1341.0,533.6058888888889,253.14515184742075,0.4744047191355723,0,100,900,1790547908.06429,2300.0,2300.0,performance,,16372440.0,15666560.0,13664296.0,0.0,0.0,10.79,9.87,9.1,,,
21,1,sharded_n,Sharded-N,400,1,189248.51493299627,1911.0,5470.0,2078.5920277777777,1116.292566793478,0.5370426480404171,0,100,900,1790547910.9219518,2912.83675,3582.464,performance,,16372440.0,15675796.0,13673520.0,0.0,0.0,10.79,9.87,9.1,,,
21,2,thread_local,ThreadLocal,200,1,193181.67696650015,980.0,2471.0,1016.8500777777778,480.9544928543602,0.4729846644703389,0,100,900,1790547915.3690398,2941.10875,3608.832,performance,,16372440.0,15667756.0,13665372.0,0.0,0.0,11.13,9.95,9.13,,,
21,3,hdr_histogram,HdrHistogram,600,1,184672.55633457363,2799.0,8678.0,3185.655201851852,1867.7931443114633,0.5863136547940585,0,100,900,1790547918.7280369,2897.18325,3508.916,performance,,16372440.0,15670976.0,13668592.0,0.0,0.0,10.8,9.9,9.12,,,
21,4,sharded_2key,Sharded-2key,200,1,186556.283856202,1001.0,2669.0,1056.9170055555555,512.3799194842696,0.4847872792196615,0,100,900,1790547924.3181992,2625.45925,3601.837,performance,,16372440.0,15668132.0,13665632.0,0.0,0.0,15.06,10.8,9.41,,,
21,5,disabled,Disabled,100,1,191935.72415523202,484.0,1315.0,512.3422222222222,251.2990957403158,0.4904907010207679,0,100,900,1790547927.7071383,2300.0,2300.0,performance,,16372440.0,15668024.0,13665508.0,0.0,0.0,13.85,10.62,9.36,,,
21,6,hdr_histogram,HdrHistogram,500,1,186229.05267163887,2419.0,6678.0,2635.966271111111,1408.1513809217925,0.5342069040694627,0,100,900,1790547930.543454,2467.748,2970.992,performance,,16372440.0,15670260.0,13667724.0,0.0,0.0,13.85,10.62,9.36,,,
21,7,global_mutex,GlobalMutex,700,1,186490.3993670826,2959.0,11604.0,3679.4632714285713,2524.1730649342467,0.6860166493669668,0,100,900,1790547935.5652213,2300.0,2300.0,performance,,16372440.0,15674152.0,13671480.0,0.0,0.0,14.66,10.85,9.44,,,
21,8,sharded_2key,Sharded-2key,600,1,186446.5114361995,2781.0,8619.0,3158.269911111111,1833.5441132650094,0.5805533297880643,0,100,900,1790547941.6603706,2585.20825,3440.833,performance,,16372440.0,15664556.0,13661764.0,0.0,0.0,13.59,10.75,9.43,,,
21,9,sharded_2key,Sharded-2key,100,1,187762.33958501046,496.0,1379.0,525.0033,257.1641142539489,0.48983332915040523,0,100,900,1790547947.2155626,2523.5625,3194.25,performance,,16372440.0,15673976.0,13671092.0,0.0,0.0,12.5,10.57,9.38,,,
21,10,sharded_2key,Sharded-2key,1000,1,183308.05237952727,3240.0,22172.0,5319.102878888889,5266.349080859679,0.9900822000945713,0,100,900,1790547950.0605237,2497.9305,3091.722,performance,,16372440.0,15670928.0,13668096.0,0.0,0.0,12.5,10.57,9.38,,,
21,11,sharded_n,Sharded-N,600,1,183979.34581358772,2746.0,9258.0,3205.5030555555554,2003.9419224841185,0.6251567656474467,0,100,900,1790547957.8754594,2448.4135,2893.654,performance,,16372440.0,15639848.0,13636740.0,0.0,0.0,11.31,10.39,9.33,,,
21,12,disabled,Disabled,300,1,191199.51828428564,1461.0,3692.0,1542.4488666666666,764.2198839002156,0.495458812551592,0,100,900,1790547963.4949274,2300.0,2300.0,performance,,16372440.0,15663352.0,13660224.0,0.0,0.0,11.29,10.4,9.34,,,
21,13,hdr_histogram,HdrHistogram,400,1,188817.3080434403,1911.0,5462.0,2083.7229305555556,1111.5464787556573,0.5334425524891163,0,100,900,1790547967.3976681,2300.0,2300.0,performance,,16372440.0,15661388.0,13658248.0,0.0,0.0,10.38,10.22,9.29,,,
21,14,hdr_histogram,HdrHistogram,1000,1,184846.5203065132,3180.0,21466.0,5272.015297777778,5182.25087164459,0.9829734131896346,0,100,900,1790547971.8506224,2480.36875,3021.475,performance,,16372440.0,15660604.0,13657364.0,0.0,0.0,9.55,10.05,9.24,,,
21,15,thread_local,ThreadLocal,100,1,184195.81262501676,501.0,1422.0,533.1239,269.28006926178483,0.5050984757235322,0,100,900,1790547979.6273665,2422.5265,2790.106,performance,,16372440.0,15649852.0,13646444.0,0.0,0.0,9.59,10.05,9.24,,,
21,16,sharded_2key,Sharded-2key,500,1,185987.33785804707,2382.0,7004.0,2637.0188066666665,1519.6796906703653,0.5762870127541192,0,100,900,1790547982.4905074,2597.88025,3491.521,performance,,16372440.0,15655472.0,13652040.0,0.0,0.0,8.82,9.88,9.19,,,
21,17,thread_local,ThreadLocal,300,1,190044.95815445468,1478.0,3712.0,1554.669837037037,768.9112485279478,0.4945816984481895,0,100,900,1790547987.5067542,2300.0,2300.0,performance,,16372440.0,15664032.0,13660536.0,0.0,0.0,8.11,9.72,9.14,,,
21,18,sharded_n,Sharded-N,500,1,184260.71513084654,2450.0,6679.0,2667.740411111111,1422.589818143798,0.5332564638668464,0,100,900,1790547991.417805,2300.0,2300.0,performance,,16372440.0,15667296.0,13663740.0,0.0,0.0,8.11,9.72,9.14,,,
21,19,thread_local,ThreadLocal,1000,1,183377.94351925474,3254.0,21883.0,5307.254553333333,5262.656238969009,0.9915967259689261,0,100,900,1790547996.4589646,2300.0,2300.0,performance,,16372440.0,15658388.0,13654748.0,0.0,0.0,6.87,9.4,9.04,,,
21,20,hdr_histogram,HdrHistogram,200,1,185147.26923402253,1016.0,2482.0,1055.1587722222223,492.07891757042376,0.4663553301405802,0,100,900,1790548004.2682593,2300.0,2300.0,performance,,16372440.0,15664596.0,13660788.0,0.0,0.0,7.2,9.43,9.05,,,
21,21,global_mutex,GlobalMutex,100,1,189943.2390930234,490.0,1328.0,518.3167,246.30243186844265,0.4751967896624644,0,100,900,1790548007.6688163,2300.0,2300.0,performance,,16372440.0,15678116.0,13674328.0,0.0,0.0,6.62,9.27,9.01,,,
21,22,disabled,Disabled,200,1,194470.20913621236,959.0,2581.0,1011.3682277777777,498.83470807562475,0.4932275845481977,0,100,900,1790548010.5073838,2494.11625,3076.465,performance,,16372440.0,15670652.0,13666856.0,0.0,0.0,6.62,9.27,9.01,,,
21,23,disabled,Disabled,400,1,192787.3018013193,1905.0,5096.0,2043.3830916666666,1052.5247343359165,0.5150892843482592,0,100,900,1790548013.856288,3043.52425,3460.298,performance,,16372440.0,15675040.0,13671192.0,0.0,0.0,6.73,9.25,9.0,,,
21,24,global_mutex,GlobalMutex,1000,1,185142.47967225368,3247.0,21244.0,5257.6477911111115,5060.411397334328,0.9624858108391661,0,100,900,1790548018.2674067,2578.93325,3415.733,performance,,16372440.0,15658708.0,13654780.0,0.0,0.0,6.19,9.09,8.95,,,
21,25,disabled,Disabled,600,1,188443.695338724,2706.0,8796.0,3118.899509259259,1921.8962323132098,0.6162097325058291,0,100,900,1790548026.0335467,3304.36275,3761.991,performance,,16372440.0,15648016.0,13643888.0,0.0,0.0,6.18,9.04,8.93,,,
21,26,hdr_histogram,HdrHistogram,700,1,182169.76099244368,3050.0,11579.0,3769.1670904761904,2545.5972476992733,0.6753739451167888,0,100,900,1790548031.55143,2566.246,3364.984,performance,,16372440.0,15660696.0,13656472.0,0.0,0.0,5.52,8.81,8.86,,,
21,27,global_mutex,GlobalMutex,500,1,182442.18865174233,2523.0,6617.0,2693.1791866666667,1397.3715562796717,0.5188557683787802,0,100,900,1790548037.7356203,2605.65475,3522.619,performance,,16372440.0,15665256.0,13660944.0,0.0,0.0,5.08,8.66,8.81,,,
21,28,sharded_n,Sharded-N,200,1,185762.14865876015,1011.0,2614.0,1061.2187777777779,498.2494195069068,0.46950678779945376,0,100,900,1790548042.7928405,2300.0,2300.0,performance,,16372440.0,15665940.0,13661568.0,0.0,0.0,4.67,8.52,8.77,,,
21,29,sharded_n,Sharded-N,100,1,181593.56745060725,507.0,1492.0,541.9189777777777,275.39210696343685,0.5081794848608635,0,100,900,1790548046.191699,2300.0,2300.0,performance,,16372440.0,15671156.0,13666736.0,0.0,0.0,4.67,8.52,8.77,,,
21,30,hdr_histogram,HdrHistogram,300,1,188845.74850758546,1477.0,3839.0,1563.242874074074,773.9220861174016,0.49507475706601517,0,100,900,1790548049.0602813,2535.238,3240.952,performance,,16372440.0,15665340.0,13660892.0,0.0,0.0,4.3,8.38,8.72,,,
21,31,sharded_2key,Sharded-2key,300,1,189632.24138324527,1457.0,3925.0,1556.5672,785.8259842267445,0.5048455243222036,0,100,900,1790548052.967876,2300.0,2300.0,performance,,16372440.0,15659444.0,13654932.0,0.0,0.0,3.95,8.24,8.67,,,
21,32,global_mutex,GlobalMutex,400,1,186541.66512450253,1995.0,5080.0,2110.371991666667,1047.6005341147193,0.49640562813164346,0,100,900,1790548056.872985,2626.62725,3606.509,performance,,16372440.0,15658716.0,13654180.0,0.0,0.0,3.64,8.1,8.62,,,
21,33,sharded_2key,Sharded-2key,700,1,185473.9215763014,2847.0,12089.0,3704.123715873016,2710.2528924950775,0.7316853054559234,0,100,900,1790548061.3411953,2300.0,2300.0,performance,,16372440.0,15660252.0,13655616.0,0.0,0.0,3.64,8.1,8.62,,,
21,34,thread_local,ThreadLocal,400,1,190770.66649948375,1911.0,5167.0,2058.806125,1064.7491329392803,0.5171682364891353,0,100,900,1790548067.4522138,2300.0,2300.0,performance,,16372440.0,15659472.0,13654688.0,0.0,0.0,3.08,7.83,8.53,,,
21,35,global_mutex,GlobalMutex,600,1,185589.4830272735,2779.0,8748.0,3155.312322222222,1845.7671062178815,0.5849712857958687,0,100,900,1790548071.8779075,2300.0,2300.0,performance,,16372440.0,15664712.0,13659916.0,0.0,0.0,2.83,7.7,8.49,,,
21,36,thread_local,ThreadLocal,600,1,184455.86592129918,2833.0,8629.0,3190.6062333333334,1835.108381837443,0.5751597808170279,0,100,900,1790548077.4382267,2751.15,3303.767,performance,,16372440.0,15668616.0,13663720.0,0.0,0.0,2.6,7.58,8.44,,,
21,37,disabled,Disabled,700,1,187626.480574109,3010.0,11387.0,3662.3579714285715,2452.645069710107,0.6696901528589262,0,100,900,1790548083.014268,2959.466,3660.764,performance,,16372440.0,15667996.0,13663012.0,0.0,0.0,2.39,7.45,8.39,,,
21,38,sharded_n,Sharded-N,1000,1,182554.78999011463,3215.0,21533.0,5342.448324444445,5179.870134028933,0.9695685984136462,0,100,900,1790548089.0781672,2300.0,2300.0,performance,,16372440.0,15658996.0,13653876.0,0.0,0.0,3.24,7.54,8.42,,,
21,39,hdr_histogram,HdrHistogram,100,1,186519.50504305426,503.0,1342.0,527.6974,248.58558351387515,0.4710760058963246,0,100,900,1790548096.9254227,2414.214,2756.856,performance,,16372440.0,15664800.0,13659604.0,0.0,0.0,3.48,7.46,8.38,,,
21,40,sharded_n,Sharded-N,700,1,185950.77694681194,2924.0,12015.0,3694.4487349206347,2694.857135367278,0.729434166969208,0,100,900,1790548099.7787316,2300.0,2300.0,performance,,16372440.0,15668836.0,13663628.0,0.0,0.0,3.48,7.46,8.38,,,
21,41,thread_local,ThreadLocal,500,1,185917.76352862266,2481.0,6504.0,2644.7183622222224,1364.5935801294333,0.5159693370839059,0,100,900,1790548105.888521,2605.442,3521.768,performance,,16372440.0,15662160.0,13656764.0,0.0,0.0,3.92,7.48,8.39,,,
21,42,sharded_2key,Sharded-2key,400,1,191247.33982122084,1916.0,5102.0,2057.4391833333334,1059.5280420993583,0.5149741730799439,0,100,900,1790548110.9072473,2775.57925,3341.057,performance,,16372440.0,15669520.0,13664096.0,0.0,0.0,5.21,7.69,8.45,,,
21,43,global_mutex,GlobalMutex,200,1,194950.08364842375,971.0,2428.0,1009.9101388888889,463.8972714595761,0.4593450977430126,0,100,900,1790548115.3250542,2565.26875,3361.075,performance,,16372440.0,15673524.0,13668052.0,0.0,0.0,8.8,8.39,8.67,,,
21,44,thread_local,ThreadLocal,700,1,185570.03053668255,2990.0,11337.0,3697.2143825396824,2482.173398144443,0.6713631240500028,0,100,900,1790548118.6725464,2576.46525,3405.861,performance,,16372440.0,15677320.0,13671828.0,0.0,0.0,8.65,8.37,8.66,,,
21,45,disabled,Disabled,1000,1,185069.57766548044,3174.0,21642.0,5261.2951111111115,5200.092266995869,0.9883673424845547,0,100,900,1790548124.784942,2300.0,2300.0,performance,,16372440.0,15670348.0,13664672.0,0.0,0.0,9.64,8.58,8.73,,,
21,46,disabled,Disabled,500,1,186578.16795918264,2430.0,6669.0,2633.12034,1405.5445275951217,0.5337942616003345,0,100,900,1790548132.5611043,2300.0,2300.0,performance,,16372440.0,15662316.0,13656484.0,0.0,0.0,8.97,8.48,8.69,,,
21,47,sharded_n,Sharded-N,300,1,183392.58791999094,1507.0,4060.0,1603.5485185185184,817.7710051104522,0.5099758414955675,0,100,900,1790548137.5677166,3022.5785,3553.275,performance,,16372440.0,15664468.0,13658592.0,0.0,0.0,8.25,8.34,8.65,,,
21,48,global_mutex,GlobalMutex,300,1,190927.2705988001,1445.0,3819.0,1541.677,766.9886355156339,0.4975028073426755,0,100,900,1790548141.521035,2300.0,2300.0,performance,,16372440.0,15675256.0,13669348.0,0.0,0.0,7.59,8.2,8.6,,,
22,1,hdr_histogram,HdrHistogram,100,1,187298.05991425196,500.0,1255.0,525.1770666666666,246.27351237796904,0.46893424715036247,0,100,900,1790548145.421151,2623.1025,3592.41,performance,,16372440.0,15663092.0,13657152.0,0.0,0.0,7.59,8.2,8.6,,,
22,2,disabled,Disabled,500,1,190328.71677750073,2367.0,6540.0,2577.049613333333,1373.629571032349,0.5330241078500627,0,100,900,1790548148.2670329,2300.0,2300.0,performance,,16372440.0,15667928.0,13661964.0,0.0,0.0,6.98,8.06,8.55,,,
22,3,disabled,Disabled,300,1,191496.85995860875,1459.0,3717.0,1540.9438407407408,764.8997079526212,0.49638389649873893,0,100,900,1790548153.2348802,2300.0,2300.0,performance,,16372440.0,15659420.0,13653332.0,0.0,0.0,6.42,7.93,8.51,,,
22,4,thread_local,ThreadLocal,500,1,186340.61995235225,2392.0,6803.0,2637.4723755555556,1456.625994527445,0.5522810430272743,0,100,900,1790548157.1281724,3266.55425,3695.575,performance,,16372440.0,15671816.0,13665672.0,0.0,0.0,5.91,7.8,8.46,,,
22,5,thread_local,ThreadLocal,100,1,188759.20716552433,494.0,1315.0,520.6647333333333,254.72629902071083,0.4892328646688525,0,100,900,1790548162.1501765,2300.0,2300.0,performance,,16372440.0,15655648.0,13649424.0,0.0,0.0,5.43,7.67,8.42,,,
22,6,sharded_2key,Sharded-2key,100,1,186613.44500978573,494.0,1478.0,526.3889111111112,272.2615526716559,0.5172250914195008,0,100,900,1790548164.9934974,3253.04425,3594.274,performance,,16372440.0,15665048.0,13658832.0,0.0,0.0,5.43,7.67,8.42,,,
22,7,sharded_n,Sharded-N,200,1,186219.19639385946,1008.0,2625.0,1057.1145722222223,502.66725142839033,0.47550877136401987,0,100,900,1790548167.8393579,2521.0545,3184.218,performance,,16372440.0,15665616.0,13659400.0,0.0,0.0,5.0,7.54,8.37,,,
22,8,sharded_n,Sharded-N,700,1,182328.16822782453,2973.0,11831.0,3751.264507936508,2655.4816170834565,0.7078897293073533,0,100,900,1790548171.2279773,2300.0,2300.0,performance,,16372440.0,15668012.0,13661728.0,0.0,0.0,5.0,7.54,8.37,,,
22,9,sharded_n,Sharded-N,600,1,183547.89603115426,2763.0,8794.0,3207.4548833333333,1922.9937503114122,0.5995388307108312,0,100,900,1790548177.4104607,2886.49275,3701.18,performance,,16372440.0,15663568.0,13657120.0,0.0,0.0,4.23,7.29,8.28,,,
22,10,hdr_histogram,HdrHistogram,1000,1,181796.0226458918,3331.0,21889.0,5369.442135555556,5229.2951438376285,0.9738991522434152,0,100,900,1790548183.012655,2828.732,3473.904,performance,,16372440.0,15652036.0,13645496.0,0.0,0.0,3.89,7.17,8.23,,,
22,11,hdr_histogram,HdrHistogram,300,1,188395.91888554822,1457.0,4082.0,1566.4712666666667,818.0147614923566,0.5222022126413022,0,100,900,1790548190.8821201,2300.0,2300.0,performance,,16372440.0,15656332.0,13649620.0,0.0,0.0,4.22,7.18,8.23,,,
22,12,sharded_2key,Sharded-2key,600,1,186209.4401726769,2798.0,9023.0,3177.959609259259,1906.2754348506157,0.5998425622832078,0,100,900,1790548194.8016355,2488.0055,3052.022,performance,,16372440.0,15665916.0,13659256.0,0.0,0.0,4.6,7.21,8.24,,,
22,13,thread_local,ThreadLocal,700,1,185178.8145876182,3115.0,11213.0,3706.732857142857,2391.127786136629,0.645076912281104,0,100,900,1790548200.3760653,2300.0,2300.0,performance,,16372440.0,15678348.0,13671488.0,0.0,0.0,4.88,7.23,8.24,,,
22,14,thread_local,ThreadLocal,200,1,191592.85180396267,965.0,2691.0,1027.892,501.914689601709,0.48829516097188125,0,100,900,1790548206.502554,2511.33125,3145.325,performance,,16372440.0,15653352.0,13646436.0,0.0,0.0,5.38,7.27,8.24,,,
22,15,global_mutex,GlobalMutex,1000,1,181827.67755742828,3296.0,21647.0,5371.412846666667,5220.465586946646,0.9718980342734791,0,100,900,1790548209.8645566,2844.10625,3608.215,performance,,16372440.0,15669592.0,13662680.0,0.0,0.0,5.38,7.27,8.24,,,
22,16,global_mutex,GlobalMutex,500,1,184667.21591101334,2470.0,6613.0,2677.766531111111,1431.9602792107273,0.5347591967312216,0,100,900,1790548217.720076,3058.5625,3346.493,performance,,16372440.0,15646808.0,13639704.0,0.0,0.0,5.21,7.17,8.2,,,
22,17,sharded_2key,Sharded-2key,500,1,184358.22285760715,2454.0,6787.0,2665.14942,1453.983172358081,0.5455540921822241,0,100,900,1790548222.7688127,2300.0,2300.0,performance,,16372440.0,15669044.0,13661916.0,0.0,0.0,4.8,7.05,8.15,,,
22,18,global_mutex,GlobalMutex,300,1,185948.83778057687,1483.0,3925.0,1582.6393037037037,790.8889193385793,0.4997278391151638,0,100,900,1790548227.8099906,2300.0,2300.0,performance,,16372440.0,15663264.0,13656016.0,0.0,0.0,4.41,6.94,8.11,,,
22,19,sharded_2key,Sharded-2key,400,1,187133.85448510773,1942.0,5424.0,2096.611933333333,1129.9878695269838,0.5389589993082096,0,100,900,1790548231.754099,2300.0,2300.0,performance,,16372440.0,15669992.0,13662752.0,0.0,0.0,4.06,6.82,8.07,,,
22,20,disabled,Disabled,600,1,188875.2642162518,2736.0,8848.0,3123.7121796296296,1841.5136917773013,0.5895273270649554,0,100,900,1790548236.2141054,2558.46225,3333.849,performance,,16372440.0,15666504.0,13659152.0,0.0,0.0,4.06,6.82,8.07,,,
22,21,thread_local,ThreadLocal,300,1,189036.83666317636,1451.0,4043.0,1562.9546296296296,795.1530655223963,0.508749934545971,0,100,900,1790548241.7329533,2975.23925,3672.028,performance,,16372440.0,15665352.0,13657912.0,0.0,0.0,3.43,6.6,7.98,,,
22,22,global_mutex,GlobalMutex,100,1,193269.07670528183,478.0,1324.0,506.5806333333333,257.36839979853113,0.5080502152343062,0,100,900,1790548245.6335418,2542.11725,3268.469,performance,,16372440.0,15667404.0,13659924.0,0.0,0.0,3.43,6.6,7.98,,,
22,23,hdr_histogram,HdrHistogram,700,1,183057.9807971963,3115.0,11390.0,3739.5742476190476,2447.2427054719083,0.654417466648789,0,100,900,1790548248.4643238,2820.98375,3417.134,performance,,16372440.0,15672360.0,13664848.0,0.0,0.0,3.16,6.49,7.94,,,
22,24,thread_local,ThreadLocal,1000,1,186677.35973942387,3105.0,22492.0,5219.1716144444445,5270.769101405476,1.0098861449235033,0,100,900,1790548254.629943,3144.85025,3598.943,performance,,16372440.0,15655680.0,13648012.0,0.0,0.0,3.55,6.51,7.94,,,
22,25,sharded_2key,Sharded-2key,300,1,184015.18169957894,1494.0,4033.0,1606.2720925925926,836.0867852589005,0.5205137965818856,0,100,900,1790548262.346184,2980.737,3762.97,performance,,16372440.0,15664996.0,13657192.0,0.0,0.0,3.52,6.41,7.89,,,
22,26,disabled,Disabled,700,1,186442.7244822296,2927.0,11863.0,3683.3852888888887,2636.694504169489,0.7158345645032591,0,100,900,1790548266.301748,3191.413,3508.145,performance,,16372440.0,15666652.0,13658860.0,0.0,0.0,3.52,6.41,7.89,,,
22,27,global_mutex,GlobalMutex,600,1,183450.50433117044,2813.0,8756.0,3217.6991333333335,1916.9980067582346,0.5957667038845691,0,100,900,1790548272.4024363,2804.10175,3472.979,performance,,16372440.0,15664128.0,13656196.0,0.0,0.0,2.98,6.2,7.8,,,
22,28,sharded_n,Sharded-N,400,1,182892.38676584675,1989.0,5459.0,2149.50745,1134.6819198091962,0.5278799660867406,0,100,900,1790548278.0189784,2300.0,2300.0,performance,,16372440.0,15662124.0,13654120.0,0.0,0.0,2.74,6.1,7.76,,,
22,29,global_mutex,GlobalMutex,200,1,186899.83988882566,980.0,2856.0,1049.9266,535.9975134559531,0.5105095093847066,0,100,900,1790548282.5342064,2367.49775,2569.991,performance,,16372440.0,15675936.0,13667868.0,0.0,0.0,2.52,6.0,7.72,,,
22,30,sharded_n,Sharded-N,500,1,186895.43066089813,2266.0,7655.0,2620.7365577777778,1679.6384805756063,0.6409032131027453,0,100,900,1790548285.918547,2434.30175,2837.207,performance,,16372440.0,15670144.0,13662040.0,0.0,0.0,2.52,6.0,7.72,,,
22,31,sharded_2key,Sharded-2key,1000,1,183757.56667567047,3240.0,21681.0,5315.141103333333,5199.29318048025,0.9782041679419516,0,100,900,1790548290.929339,2450.3205,2901.282,performance,,16372440.0,15663120.0,13654900.0,0.0,0.0,2.96,6.03,7.72,,,
22,32,sharded_n,Sharded-N,300,1,190877.37445462393,1416.0,4174.0,1544.4165962962963,834.3423139413893,0.5402313831269661,0,100,900,1790548298.7166727,2949.50325,3611.535,performance,,16372440.0,15659460.0,13651120.0,0.0,0.0,3.89,6.13,7.74,,,
22,33,sharded_2key,Sharded-2key,700,1,185478.5000236999,3029.0,11352.0,3699.489423809524,2441.121176168133,0.6598535355871906,0,100,900,1790548302.6228092,2300.0,2300.0,performance,,16372440.0,15669756.0,13661404.0,0.0,0.0,3.58,6.03,7.69,,,
22,34,global_mutex,GlobalMutex,400,1,184821.85100074628,1978.0,5365.0,2124.3798305555556,1111.1287920255627,0.5230367828030954,0,100,900,1790548308.7436244,2508.064,3132.256,performance,,16372440.0,15653716.0,13645172.0,0.0,0.0,3.85,6.04,7.69,,,
22,35,disabled,Disabled,400,1,192528.26243496645,1893.0,5063.0,2040.1407472222222,1048.6564892888102,0.5140118350739383,0,100,900,1790548313.2432146,2300.0,2300.0,performance,,16372440.0,15677272.0,13668720.0,0.0,0.0,3.54,5.94,7.65,,,
22,36,hdr_histogram,HdrHistogram,400,1,184780.733522692,1987.0,5281.0,2127.149975,1091.9529663698072,0.5133408453580276,0,100,900,1790548317.6582067,2300.0,2300.0,performance,,16372440.0,15670996.0,13662404.0,0.0,0.0,3.26,5.84,7.61,,,
22,37,disabled,Disabled,100,1,189781.16085517601,487.0,1393.0,515.7676777777777,264.1695626115191,0.5121871222130722,0,100,900,1790548322.1514761,2471.32225,2985.289,performance,,16372440.0,15664556.0,13655828.0,0.0,0.0,3.0,5.75,7.57,,,
22,38,sharded_n,Sharded-N,1000,1,182785.69419234406,3292.0,22160.0,5364.62248,5269.318169090397,0.9822346658567476,0,100,900,1790548324.9918368,2300.0,2300.0,performance,,16372440.0,15675068.0,13666356.0,0.0,0.0,3.0,5.75,7.57,,,
22,39,hdr_histogram,HdrHistogram,200,1,190317.0387084937,967.0,2845.0,1034.527,526.79695088867,0.5092152750857832,0,100,900,1790548332.8531823,2300.0,2300.0,performance,,16372440.0,15649320.0,13640384.0,0.0,0.0,2.98,5.65,7.52,,,
22,40,thread_local,ThreadLocal,600,1,185168.06133055876,2765.0,9090.0,3173.131324074074,1970.246976340825,0.6209156744925289,0,100,900,1790548336.2242808,2534.16325,3236.653,performance,,16372440.0,15663976.0,13655032.0,0.0,0.0,2.98,5.65,7.52,,,
22,41,thread_local,ThreadLocal,400,1,185784.18800292187,1929.0,5597.0,2115.914775,1162.4873470960617,0.5494017815987232,0,100,900,1790548341.7964954,2403.0,2712.0,performance,,16372440.0,15667180.0,13658156.0,0.0,0.0,2.52,5.47,7.43,,,
22,42,hdr_histogram,HdrHistogram,500,1,183886.5876381447,2433.0,6942.0,2666.459482222222,1473.77276751984,0.5527077299864316,0,100,900,1790548346.2742116,2300.0,2300.0,performance,,16372440.0,15670472.0,13661384.0,0.0,0.0,2.52,5.47,7.43,,,
22,43,hdr_histogram,HdrHistogram,600,1,182672.1213364953,2791.0,8947.0,3224.9169185185187,1943.3493253579104,0.6026044622106599,0,100,900,1790548351.3218238,2300.0,2300.0,performance,,16372440.0,15656376.0,13647196.0,0.0,0.0,2.32,5.38,7.39,,,
22,44,sharded_2key,Sharded-2key,200,1,189765.29754202385,987.0,2513.0,1035.7672444444445,486.13463375989636,0.46934737159084894,0,100,900,1790548356.9428954,2948.99375,3598.416,performance,,16372440.0,15658312.0,13649068.0,0.0,0.0,1.96,5.2,7.32,,,
22,45,sharded_n,Sharded-N,100,1,184931.10468749495,500.0,1303.0,529.3000111111111,251.56750166832512,0.4752833863355349,0,100,900,1790548360.318068,2300.0,2300.0,performance,,16372440.0,15663988.0,13654748.0,0.0,0.0,1.96,5.2,7.32,,,
22,46,global_mutex,GlobalMutex,700,1,183966.0113881829,3038.0,11626.0,3721.5788126984125,2561.454735634981,0.6882709904987184,0,100,900,1790548363.1703675,2419.05125,2776.205,performance,,16372440.0,15670816.0,13661556.0,0.0,0.0,1.8,5.11,7.28,,,
22,47,disabled,Disabled,200,1,190913.58602732653,994.0,2479.0,1027.1812833333333,467.6765760112133,0.45530091289586544,0,100,900,1790548369.3100667,2300.0,2300.0,performance,,16372440.0,15669716.0,13660268.0,0.0,0.0,2.46,5.19,7.29,,,
22,48,disabled,Disabled,1000,1,184389.3970082348,3273.0,21800.0,5295.699645555555,5201.358136057648,0.982185260529818,0,100,900,1790548372.670854,2300.0,2300.0,performance,,16372440.0,15663972.0,13654552.0,0.0,0.0,2.26,5.11,7.25,,,
23,1,hdr_histogram,HdrHistogram,600,1,184348.8763293327,2881.0,8349.0,3203.9092703703705,1798.9052552063347,0.561471971707358,0,100,900,1790548380.440217,2300.0,2300.0,performance,,16372440.0,15668456.0,13658844.0,0.0,0.0,2.8,5.17,7.26,,,
23,2,thread_local,ThreadLocal,200,1,191346.51053976337,971.0,2621.0,1029.119411111111,504.99965446648633,0.4907104549910807,0,100,900,1790548386.0196636,2300.0,2300.0,performance,,16372440.0,15658536.0,13648836.0,0.0,0.0,3.86,5.35,7.31,,,
23,3,global_mutex,GlobalMutex,400,1,186708.23262152963,1980.0,5284.0,2115.9137444444445,1097.8172965662366,0.5188383975711071,0,100,900,1790548389.3808415,2300.0,2300.0,performance,,16372440.0,15671880.0,13662144.0,0.0,0.0,4.43,5.45,7.33,,,
23,4,global_mutex,GlobalMutex,700,1,183251.79461347594,3005.0,11914.0,3732.4149031746033,2640.446995829416,0.7074366232927602,0,100,900,1790548393.8639872,2951.029,3604.116,performance,,16372440.0,15665312.0,13655516.0,0.0,0.0,7.04,5.97,7.49,,,
23,5,hdr_histogram,HdrHistogram,100,1,187883.01126114404,493.0,1311.0,520.7683666666667,262.69031637065194,0.5044283278035486,0,100,900,1790548400.0211034,2977.547,3320.396,performance,,16372440.0,15652464.0,13642560.0,0.0,0.0,7.44,6.07,7.51,,,
23,6,thread_local,ThreadLocal,1000,1,184323.89484588534,3188.0,21980.0,5279.851567777778,5190.600419608282,0.983095898241878,0,100,900,1790548402.86823,2555.4245,3321.698,performance,,16372440.0,15667796.0,13657864.0,0.0,0.0,6.84,5.97,7.47,,,
23,7,hdr_histogram,HdrHistogram,500,1,186324.895388374,2408.0,6695.0,2618.5697066666667,1418.106475486389,0.5415576571729233,0,100,900,1790548410.6415548,2558.348,3333.392,performance,,16372440.0,15650312.0,13640208.0,0.0,0.0,7.66,6.15,7.52,,,
23,8,global_mutex,GlobalMutex,600,1,186395.59200824038,2797.0,8683.0,3154.16317037037,1844.546156825005,0.5847973161795601,0,100,900,1790548415.663317,2549.17,3296.68,performance,,16372440.0,15674768.0,13664660.0,0.0,0.0,7.76,6.2,7.53,,,
23,9,sharded_n,Sharded-N,300,1,191518.82069247394,1457.0,3735.0,1541.5405814814815,760.6295622527964,0.4934216921631744,0,100,900,1790548421.2215805,2557.72,3330.88,performance,,16372440.0,15654596.0,13644344.0,0.0,0.0,8.1,6.3,7.56,,,
23,10,disabled,Disabled,700,1,186348.8786080574,2984.0,11323.0,3678.1478714285713,2468.4662030129534,0.6711166297004301,0,100,900,1790548425.1295264,2597.82675,3491.307,performance,,16372440.0,15660796.0,13650568.0,0.0,0.0,7.45,6.19,7.51,,,
23,11,global_mutex,GlobalMutex,100,1,186406.40835903998,504.0,1274.0,528.6892666666666,242.41460005696175,0.45851999528070947,0,100,900,1790548431.226477,2531.03475,3224.139,performance,,16372440.0,15662272.0,13651852.0,0.0,0.0,13.42,7.45,7.91,,,
23,12,sharded_2key,Sharded-2key,100,1,187233.59935399916,505.0,1285.0,527.8138777777777,247.9631353645395,0.4697927542347379,0,100,900,1790548434.0768929,2300.0,2300.0,performance,,16372440.0,15668724.0,13658292.0,0.0,0.0,12.35,7.33,7.87,,,
23,13,sharded_n,Sharded-N,600,1,183139.67746470336,2732.0,9477.0,3212.1796814814816,2058.6197438787167,0.6408793865881331,0,100,900,1790548436.9271646,2300.0,2300.0,performance,,16372440.0,15663356.0,13652888.0,0.0,0.0,11.36,7.2,7.83,,,
23,14,hdr_histogram,HdrHistogram,1000,1,184042.09364469032,3231.0,21496.0,5327.662255555556,5224.676540187676,0.9806696238560377,0,100,900,1790548442.5359862,2300.0,2300.0,performance,,16372440.0,15658648.0,13648100.0,0.0,0.0,10.45,7.09,7.79,,,
23,15,thread_local,ThreadLocal,300,1,188641.42893819942,1470.0,3835.0,1564.951437037037,771.1689050629689,0.49277497487273014,0,100,900,1790548450.3436384,3227.51825,3590.382,performance,,16372440.0,15654436.0,13643760.0,0.0,0.0,10.49,7.15,7.8,,,
23,16,global_mutex,GlobalMutex,300,1,185835.46976155957,1497.0,4012.0,1589.6554777777778,806.8550155920128,0.5075659643685417,0,100,900,1790548454.2583637,2517.41975,3169.679,performance,,16372440.0,15662724.0,13652032.0,0.0,0.0,10.13,7.13,7.79,,,
23,17,thread_local,ThreadLocal,100,1,183651.5627547113,513.0,1419.0,536.9931444444444,253.97185803144276,0.47295176979250597,0,100,900,1790548458.1947107,2600.0,3500.0,performance,,16372440.0,15668468.0,13657708.0,0.0,0.0,9.32,7.01,7.75,,,
23,18,sharded_2key,Sharded-2key,1000,1,184832.38340691157,3238.0,21145.0,5277.340733333333,5112.826131353773,0.9688262308058991,0,100,900,1790548461.0541806,2300.0,2300.0,performance,,16372440.0,15662572.0,13651792.0,0.0,0.0,9.32,7.01,7.75,,,
23,19,sharded_2key,Sharded-2key,200,1,188606.1305546766,1014.0,2368.0,1044.2197611111112,465.1637877807714,0.4454654136077733,0,100,900,1790548468.8263886,2588.107,3452.428,performance,,16372440.0,15634488.0,13623492.0,0.0,0.0,10.37,7.32,7.85,,,
23,20,disabled,Disabled,400,1,190357.2232547427,1931.0,5125.0,2075.0969805555555,1072.6112747119096,0.5168969377155301,0,100,900,1790548472.207489,2876.1555,3617.252,performance,,16372440.0,15663504.0,13652532.0,0.0,0.0,9.54,7.2,7.8,,,
23,21,hdr_histogram,HdrHistogram,700,1,185633.58217530738,2905.0,11372.0,3675.3592015873014,2536.8631637233357,0.6902354367507056,0,100,900,1790548476.6506665,2919.49175,3565.108,performance,,16372440.0,15662200.0,13651160.0,0.0,0.0,8.77,7.08,7.76,,,
23,22,thread_local,ThreadLocal,700,1,184114.86351662633,3006.0,11454.0,3713.5392015873017,2507.2084752518376,0.6751533615641288,0,100,900,1790548482.7711525,2980.558,3720.785,performance,,16372440.0,15662076.0,13650860.0,0.0,0.0,8.07,6.96,7.72,,,
23,23,sharded_2key,Sharded-2key,700,1,184852.43900397883,3016.0,11191.0,3708.3616444444447,2480.0107003773896,0.6687618248054995,0,100,900,1790548488.9103568,2863.68125,3489.979,performance,,16372440.0,15652868.0,13641548.0,0.0,0.0,8.46,7.06,7.75,,,
23,24,disabled,Disabled,100,1,190221.6746806389,488.0,1359.0,518.6845555555556,264.403241987322,0.5097573065466033,0,100,900,1790548495.0410504,2573.02575,3392.103,performance,,16372440.0,15646144.0,13634712.0,0.0,0.0,11.95,7.81,7.99,,,
23,25,sharded_2key,Sharded-2key,600,1,181395.806568669,2819.0,9013.0,3238.252325925926,1943.0292128089027,0.6000240306330437,0,100,900,1790548497.8813438,2530.085,3220.34,performance,,16372440.0,15662184.0,13650760.0,0.0,0.0,10.99,7.68,7.94,,,
23,26,sharded_n,Sharded-N,100,1,181642.76481326314,512.0,1427.0,542.563,276.7022622670249,0.5099910282622016,0,100,900,1790548503.518287,2300.0,2300.0,performance,,16372440.0,15666680.0,13655176.0,0.0,0.0,10.11,7.55,7.9,,,
23,27,disabled,Disabled,300,1,191174.12682051308,1460.0,3810.0,1540.244151851852,770.5249743567198,0.5002615808865818,0,100,900,1790548506.3810985,2300.0,2300.0,performance,,16372440.0,15672952.0,13661432.0,0.0,0.0,10.11,7.55,7.9,,,
23,28,sharded_2key,Sharded-2key,500,1,185612.55404252844,2418.0,6954.0,2653.384826666667,1472.5404911635771,0.5549668017863305,0,100,900,1790548510.2730882,2300.0,2300.0,performance,,16372440.0,15666932.0,13655364.0,0.0,0.0,9.3,7.43,7.86,,,
23,29,thread_local,ThreadLocal,400,1,186654.09346718976,1983.0,5054.0,2106.349277777778,1072.2313987972152,0.5090472933949641,0,100,900,1790548515.297628,2580.98275,3423.931,performance,,16372440.0,15663408.0,13651172.0,0.0,0.0,9.12,7.42,7.85,,,
23,30,sharded_n,Sharded-N,700,1,183903.77465834026,3038.0,11406.0,3733.9675365079365,2463.9373683815274,0.6598711275047237,0,100,900,1790548519.773962,2300.0,2300.0,performance,,16372440.0,15666104.0,13653804.0,0.0,0.0,9.43,7.51,7.88,,,
23,31,sharded_2key,Sharded-2key,400,1,191512.945197037,1925.0,5065.0,2043.348825,1068.7802095713948,0.5230532332488042,0,100,900,1790548525.919863,2623.96175,3595.847,performance,,16372440.0,15660828.0,13648380.0,0.0,0.0,9.23,7.5,7.88,,,
23,32,disabled,Disabled,600,1,189173.2545143202,2653.0,9449.0,3109.530185185185,2044.74662360179,0.6575741355860216,0,100,900,1790548530.3458545,2300.0,2300.0,performance,,16372440.0,15658312.0,13645800.0,0.0,0.0,9.14,7.51,7.88,,,
23,33,disabled,Disabled,200,1,190161.29383749748,999.0,2411.0,1035.9174944444444,468.25661219727647,0.45202114522489006,0,100,900,1790548535.8607469,2300.0,2300.0,performance,,16372440.0,15675204.0,13662576.0,0.0,0.0,11.77,8.08,8.06,,,
23,34,sharded_n,Sharded-N,1000,1,181804.42818464106,3271.0,21737.0,5355.053218888889,5181.850511620107,0.9676562117706237,0,100,900,1790548539.2286694,2300.0,2300.0,performance,,16372440.0,15672096.0,13659488.0,0.0,0.0,11.63,8.12,8.07,,,
23,35,sharded_n,Sharded-N,400,1,187758.04174420788,1975.0,5206.0,2094.8184944444442,1098.777814607802,0.5245217270717304,0,100,900,1790548547.1022909,2544.55275,3278.211,performance,,16372440.0,15660832.0,13647976.0,0.0,0.0,10.43,7.98,8.03,,,
23,36,thread_local,ThreadLocal,600,1,186192.90775015598,2771.0,8989.0,3154.8535203703705,1913.8775358853031,0.6066454507404894,0,100,900,1790548551.5636334,2779.4175,3329.908,performance,,16372440.0,15667192.0,13654392.0,0.0,0.0,9.59,7.85,7.98,,,
23,37,global_mutex,GlobalMutex,1000,1,183029.36324761127,3321.0,21796.0,5324.074904444445,5212.635709209291,0.9790688152899341,0,100,900,1790548557.1222572,2938.7275,3422.475,performance,,16372440.0,15664080.0,13651072.0,0.0,0.0,8.82,7.72,7.94,,,
23,38,disabled,Disabled,1000,1,187160.73677381207,3240.0,21525.0,5233.980085555556,5136.358472382613,0.981348493579035,0,100,900,1790548564.9254065,2659.304,3369.005,performance,,16372440.0,15654704.0,13641572.0,0.0,0.0,10.6,8.1,8.06,,,
23,39,global_mutex,GlobalMutex,500,1,186638.81475818672,2322.0,7589.0,2630.3610066666665,1602.5572515064493,0.6092537288397897,0,100,900,1790548572.6612236,2763.716,3383.107,performance,,16372440.0,15668420.0,13655184.0,0.0,0.0,10.15,8.1,8.06,,,
23,40,sharded_2key,Sharded-2key,300,1,185727.12790007243,1497.0,3922.0,1590.947037037037,796.270052889254,0.500500666805489,0,100,900,1790548577.6770334,3206.247,3543.721,performance,,16372440.0,15665940.0,13652668.0,0.0,0.0,9.33,7.96,8.02,,,
23,41,disabled,Disabled,500,1,191473.62558479572,2337.0,6592.0,2569.7915955555554,1393.2503303808733,0.5421647159211254,0,100,900,1790548581.607411,3449.57525,3626.008,performance,,16372440.0,15667404.0,13654028.0,0.0,0.0,8.59,7.83,7.98,,,
23,42,global_mutex,GlobalMutex,200,1,189289.19538913225,996.0,2489.0,1036.1679444444444,480.70369161076167,0.46392449620558135,0,100,900,1790548586.559543,3604.072,3757.097,performance,,16372440.0,15669652.0,13656212.0,0.0,0.0,7.9,7.7,7.93,,,
23,43,thread_local,ThreadLocal,500,1,188928.44189788218,2341.0,6818.0,2603.777866666667,1442.471465743194,0.5539917533709713,0,100,900,1790548589.9343703,2550.94575,3303.783,performance,,16372440.0,15667904.0,13654412.0,0.0,0.0,7.9,7.7,7.93,,,
23,44,sharded_n,Sharded-N,200,1,190818.89515414461,986.0,2540.0,1032.0986722222221,489.0192546670119,0.47381056465667143,0,100,900,1790548594.916502,2889.65375,3552.914,performance,,16372440.0,15666360.0,13652772.0,0.0,0.0,7.75,7.67,7.92,,,
23,45,sharded_n,Sharded-N,500,1,183897.9774429662,2466.0,6910.0,2683.3134755555557,1446.5505065424975,0.5390911347929642,0,100,900,1790548598.2854311,2519.65,3178.6,performance,,16372440.0,15671404.0,13657852.0,0.0,0.0,7.13,7.54,7.88,,,
23,46,hdr_histogram,HdrHistogram,200,1,188062.62087000132,980.0,2891.0,1049.031438888889,531.3947794745188,0.5065575346696573,0,100,900,1790548603.3462029,2300.0,2300.0,performance,,16372440.0,15668784.0,13655068.0,0.0,0.0,6.56,7.42,7.84,,,
23,47,hdr_histogram,HdrHistogram,400,1,183780.8615466684,1983.0,5320.0,2141.3197583333335,1115.4103475165457,0.5208985454767904,0,100,900,1790548606.7264,2525.61575,3202.463,performance,,16372440.0,15674508.0,13660840.0,0.0,0.0,6.03,7.3,7.8,,,
23,48,hdr_histogram,HdrHistogram,300,1,184460.0885182154,1511.0,3927.0,1604.7616333333333,801.8292241841785,0.4996562776233986,0,100,900,1790548611.2376797,2300.0,2300.0,performance,,16372440.0,15673104.0,13659344.0,0.0,0.0,6.03,7.3,7.8,,,
24,1,sharded_2key,Sharded-2key,500,1,186076.07731833827,2457.0,6515.0,2644.493002222222,1379.2682511380797,0.5215624507151473,0,100,900,1790548615.1865625,2575.18575,3400.743,performance,,16372440.0,15675612.0,13661760.0,0.0,0.0,11.71,8.45,8.17,,,
24,2,sharded_2key,Sharded-2key,200,1,190644.6483239973,985.0,2568.0,1030.926761111111,490.05463573541175,0.47535349184964526,0,100,900,1790548620.201401,2552.49625,3309.985,performance,,16372440.0,15676776.0,13662792.0,0.0,0.0,12.06,8.58,8.21,,,
24,3,thread_local,ThreadLocal,400,1,192028.71366949758,1914.0,4987.0,2046.5409694444445,1037.6400843670601,0.5070214082490314,0,100,900,1790548623.5751743,2300.0,2300.0,performance,,16372440.0,15667000.0,13652996.0,0.0,0.0,12.21,8.67,8.24,,,
24,4,sharded_n,Sharded-N,700,1,184135.9665939828,3005.0,11534.0,3729.302996825397,2538.8080424217237,0.6807727997920542,0,100,900,1790548628.0027378,2300.0,2300.0,performance,,16372440.0,15667900.0,13653800.0,0.0,0.0,11.23,8.52,8.2,,,
24,5,hdr_histogram,HdrHistogram,500,1,185138.48876318708,2382.0,6861.0,2650.64004,1472.662925543022,0.555587670645397,0,100,900,1790548634.1374948,2476.88225,3007.529,performance,,16372440.0,15655472.0,13641292.0,0.0,0.0,11.14,8.55,8.21,,,
24,6,sharded_n,Sharded-N,600,1,183817.62467104627,2856.0,8753.0,3201.8855685185185,1873.0091570198242,0.5849706733543408,0,100,900,1790548639.1800084,2300.0,2300.0,performance,,16372440.0,15659516.0,13645248.0,0.0,0.0,11.77,8.72,8.26,,,
24,7,sharded_2key,Sharded-2key,400,1,187265.3242649344,1968.0,5074.0,2095.3669666666665,1055.3220677297174,0.5036454637864869,0,100,900,1790548644.7888126,2300.0,2300.0,performance,,16372440.0,15664616.0,13650288.0,0.0,0.0,11.78,8.78,8.29,,,
24,8,sharded_n,Sharded-N,400,1,187135.0237405677,1966.0,5182.0,2100.98435,1080.2501463475587,0.514163823422844,0,100,900,1790548649.257428,2570.41125,3381.645,performance,,16372440.0,15667276.0,13652864.0,0.0,0.0,14.85,9.46,8.51,,,
24,9,thread_local,ThreadLocal,300,1,189117.30730978696,1479.0,3809.0,1558.6609814814815,775.5080687826954,0.4975476245293494,0,100,900,1790548653.7321727,2300.0,2300.0,performance,,16372440.0,15667668.0,13653216.0,0.0,0.0,15.58,9.7,8.59,,,
24,10,hdr_histogram,HdrHistogram,1000,1,180888.99364746673,3294.0,21801.0,5395.693324444444,5254.991111151005,0.9739232375094397,0,100,900,1790548657.647725,2300.0,2300.0,performance,,16372440.0,15668844.0,13654352.0,0.0,0.0,14.33,9.54,8.55,,,
24,11,disabled,Disabled,500,1,192529.18009796753,2275.0,6686.0,2539.423317777778,1419.009093093363,0.5587918655228867,0,100,900,1790548665.5166538,2594.87775,3479.511,performance,,16372440.0,15654280.0,13639604.0,0.0,0.0,14.3,9.62,8.58,,,
24,12,thread_local,ThreadLocal,600,1,186480.95867846863,2764.0,9145.0,3154.990146296296,1955.5579146604753,0.6198301179977194,0,100,900,1790548670.441963,2300.0,2300.0,performance,,16372440.0,15666400.0,13651648.0,0.0,0.0,13.48,9.52,8.55,,,
24,13,global_mutex,GlobalMutex,200,1,195178.24020083545,969.0,2369.0,1008.3128055555555,465.2921997896366,0.46145620409260996,0,100,900,1790548675.995871,2300.0,2300.0,performance,,16372440.0,15663556.0,13648744.0,0.0,0.0,13.52,9.6,8.58,,,
24,14,disabled,Disabled,100,1,189134.77341096196,496.0,1195.0,519.0521888888888,244.87641241895778,0.4717760904604862,0,100,900,1790548679.3433597,2557.153,3328.612,performance,,16372440.0,15668604.0,13653796.0,0.0,0.0,13.24,9.61,8.59,,,
24,15,hdr_histogram,HdrHistogram,100,1,186118.373903868,502.0,1323.0,529.5714,251.88777012860152,0.47564458754494954,0,100,900,1790548682.186449,2546.9655,3287.862,performance,,16372440.0,15672124.0,13657256.0,0.0,0.0,12.18,9.45,8.54,,,
24,16,global_mutex,GlobalMutex,100,1,189292.22469883057,491.0,1348.0,519.5290222222222,252.99815779438762,0.4869759858885626,0,100,900,1790548685.0351498,2300.0,2300.0,performance,,16372440.0,15666164.0,13651252.0,0.0,0.0,12.18,9.45,8.54,,,
24,17,global_mutex,GlobalMutex,300,1,189128.47775512768,1436.0,4136.0,1559.1791222222223,810.3601174686552,0.5197351002966794,0,100,900,1790548687.8752074,2300.0,2300.0,performance,,16372440.0,15669296.0,13654360.0,0.0,0.0,11.2,9.29,8.5,,,
24,18,hdr_histogram,HdrHistogram,600,1,183840.5347863962,2704.0,9307.0,3198.9271166666667,2169.8876489488653,0.6783173138404988,0,100,900,1790548691.7893732,2534.66925,3238.677,performance,,16372440.0,15662760.0,13647700.0,0.0,0.0,10.31,9.13,8.45,,,
24,19,disabled,Disabled,1000,1,184505.7672978797,3237.0,21592.0,5309.493058888889,5227.256949679873,0.984511495109436,0,100,900,1790548697.3884768,2907.7225,3562.081,performance,,16372440.0,15662224.0,13647048.0,0.0,0.0,9.48,8.98,8.4,,,
24,20,sharded_n,Sharded-N,200,1,190395.5014670989,992.0,2454.0,1033.576711111111,485.9221528937007,0.4701365149484907,0,100,900,1790548705.196802,2300.0,2300.0,performance,,16372440.0,15664956.0,13649632.0,0.0,0.0,9.92,9.08,8.44,,,
24,21,disabled,Disabled,400,1,188874.03023888334,1939.0,5230.0,2085.4388416666666,1076.564201803788,0.5162290930303217,0,100,900,1790548708.5737174,2300.0,2300.0,performance,,16372440.0,15664520.0,13649228.0,0.0,0.0,9.29,8.96,8.41,,,
24,22,sharded_2key,Sharded-2key,1000,1,183808.36041658302,3329.0,21417.0,5301.486706666667,5119.230455538279,0.965621671577673,0,100,900,1790548713.0232084,2300.0,2300.0,performance,,16372440.0,15669756.0,13654416.0,0.0,0.0,8.54,8.82,8.36,,,
24,23,hdr_histogram,HdrHistogram,400,1,184283.66334236632,1962.0,5522.0,2132.2465055555554,1182.623589537679,0.5546373678917331,0,100,900,1790548720.8266551,2577.23525,3408.941,performance,,16372440.0,15651024.0,13635480.0,0.0,0.0,8.42,8.79,8.35,,,
24,24,sharded_n,Sharded-N,100,1,184226.5388879308,509.0,1249.0,534.3513888888889,251.07667611096306,0.4698718508677275,0,100,900,1790548725.3242826,2848.926,3607.464,performance,,16372440.0,15667068.0,13651488.0,0.0,0.0,8.71,8.84,8.37,,,
24,25,hdr_histogram,HdrHistogram,300,1,182732.38566802122,1502.0,4162.0,1616.6565074074074,840.5787814559196,0.5199489054133926,0,100,900,1790548728.1805074,2571.455,3385.82,performance,,16372440.0,15666316.0,13650732.0,0.0,0.0,8.01,8.69,8.33,,,
24,26,disabled,Disabled,300,1,188194.6600778666,1482.0,3820.0,1570.4177333333334,778.4867229303151,0.49571951870278275,0,100,900,1790548732.150759,2300.0,2300.0,performance,,16372440.0,15668228.0,13652600.0,0.0,0.0,7.37,8.55,8.28,,,
24,27,thread_local,ThreadLocal,100,1,189494.46556989572,495.0,1294.0,520.3385111111111,251.0262686809251,0.48242877150279184,0,100,900,1790548736.0746758,2605.82175,3523.287,performance,,16372440.0,15664720.0,13649052.0,0.0,0.0,7.37,8.55,8.28,,,
24,28,sharded_2key,Sharded-2key,600,1,183976.73193940002,2684.0,9153.0,3204.713475925926,2028.7569347280864,0.6330540779911455,0,100,900,1790548738.9176228,2564.7365,3358.946,performance,,16372440.0,15667504.0,13651800.0,0.0,0.0,7.34,8.52,8.27,,,
24,29,sharded_2key,Sharded-2key,100,1,191213.18476947042,489.0,1349.0,514.7126111111111,249.31040236271087,0.48436816386628656,0,100,900,1790548744.5153542,2537.4825,3249.93,performance,,16372440.0,15660308.0,13644488.0,0.0,0.0,7.39,8.51,8.27,,,
24,30,hdr_histogram,HdrHistogram,700,1,183783.67765442608,2982.0,11890.0,3717.9190825396827,2583.6343942469475,0.6949141003042181,0,100,900,1790548747.3527076,2720.227,3195.066,performance,,16372440.0,15668496.0,13652624.0,0.0,0.0,6.8,8.37,8.23,,,
24,31,sharded_n,Sharded-N,500,1,185252.5028953134,2428.0,6731.0,2650.6929244444445,1418.4432539609713,0.5351216811574887,0,100,900,1790548753.496913,2300.0,2300.0,performance,,16372440.0,15676012.0,13660000.0,0.0,0.0,6.25,8.23,8.18,,,
24,32,disabled,Disabled,200,1,187498.46016889586,1005.0,2451.0,1045.8685944444444,478.6410805844495,0.4576493482326039,0,100,900,1790548758.5301678,2907.59,3539.275,performance,,16372440.0,15669464.0,13653404.0,0.0,0.0,5.75,8.1,8.14,,,
24,33,hdr_histogram,HdrHistogram,200,1,185687.15889829842,1023.0,2523.0,1057.9952611111112,486.8480727085361,0.4601609200000066,0,100,900,1790548761.9193442,3107.58,3500.511,performance,,16372440.0,15665928.0,13649896.0,0.0,0.0,5.29,7.96,8.1,,,
24,34,thread_local,ThreadLocal,500,1,188466.81520858797,2349.0,6736.0,2607.36788,1440.6716357848345,0.5525386911588535,0,100,900,1790548765.3083873,2742.223,3225.184,performance,,16372440.0,15666604.0,13650508.0,0.0,0.0,5.29,7.96,8.1,,,
24,35,thread_local,ThreadLocal,700,1,184448.80137626958,3082.0,11474.0,3716.585731746032,2451.9948611051673,0.6597439257652301,0,100,900,1790548770.2989962,2300.0,2300.0,performance,,16372440.0,15663432.0,13647216.0,0.0,0.0,5.27,7.91,8.08,,,
24,36,global_mutex,GlobalMutex,500,1,187074.12606380595,2409.0,6690.0,2622.8903622222224,1409.0927409192877,0.5372289902828593,0,100,900,1790548776.428681,3226.3795,3567.911,performance,,16372440.0,15662856.0,13646512.0,0.0,0.0,6.45,8.11,8.14,,,
24,37,global_mutex,GlobalMutex,400,1,187189.70352553134,1958.0,5305.0,2095.9373805555556,1114.6249649946724,0.5318026079096058,0,100,900,1790548781.4353466,3155.925,3568.644,performance,,16372440.0,15668884.0,13652536.0,0.0,0.0,5.93,7.98,8.1,,,
24,38,global_mutex,GlobalMutex,700,1,182358.35431480053,3055.0,11697.0,3745.5887333333335,2520.560082529131,0.672940961215994,0,100,900,1790548785.9056716,2300.0,2300.0,performance,,16372440.0,15664400.0,13647960.0,0.0,0.0,5.46,7.85,8.05,,,
24,39,sharded_2key,Sharded-2key,300,1,189841.5545120848,1444.0,4058.0,1554.311988888889,799.09137073863,0.5141125954447963,0,100,900,1790548792.0724304,2526.20775,3204.831,performance,,16372440.0,15654480.0,13637896.0,0.0,0.0,5.94,7.88,8.06,,,
24,40,sharded_n,Sharded-N,1000,1,180881.3185030828,3324.0,21879.0,5375.282142222222,5258.8711142243765,0.978343271121817,0,100,900,1790548795.9814577,2560.18975,3340.759,performance,,16372440.0,15670800.0,13654216.0,0.0,0.0,5.94,7.88,8.06,,,
24,41,thread_local,ThreadLocal,1000,1,184490.8346069537,3225.0,21521.0,5266.68968,5163.15808863434,0.9803421888024243,0,100,900,1790548803.8548071,2300.0,2300.0,performance,,16372440.0,15647144.0,13630340.0,0.0,0.0,14.95,9.81,8.69,,,
24,42,disabled,Disabled,600,1,190145.37541789707,2678.0,8522.0,3095.5424351851852,1851.0077804823723,0.5979591038530341,0,100,900,1790548811.6243331,2581.74625,3426.985,performance,,16372440.0,15658320.0,13641400.0,0.0,0.0,13.38,9.65,8.65,,,
24,43,thread_local,ThreadLocal,200,1,193419.8082635458,969.0,2428.0,1014.0920555555556,467.7300162131066,0.46123033274022396,0,100,900,1790548817.1171377,2300.0,2300.0,performance,,16372440.0,15665292.0,13648292.0,0.0,0.0,12.31,9.49,8.61,,,
24,44,global_mutex,GlobalMutex,1000,1,181553.47443174737,3327.0,22271.0,5370.736731111111,5295.684941980775,0.9860257925703967,0,100,900,1790548820.4678776,2300.0,2300.0,performance,,16372440.0,15674424.0,13657400.0,0.0,0.0,12.31,9.49,8.61,,,
24,45,sharded_2key,Sharded-2key,700,1,184148.4556327655,3067.0,11521.0,3724.2346587301586,2505.9303630683153,0.6728712319977053,0,100,900,1790548828.312718,2300.0,2300.0,performance,,16372440.0,15661380.0,13644124.0,0.0,0.0,11.89,9.5,8.62,,,
24,46,global_mutex,GlobalMutex,600,1,185079.20556970587,2712.0,9122.0,3183.498196296296,1997.3433361614582,0.6274052042765977,0,100,900,1790548834.446205,2300.0,2300.0,performance,,16372440.0,15660764.0,13643516.0,0.0,0.0,12.38,9.65,8.67,,,
24,47,sharded_n,Sharded-N,300,1,184349.81197793977,1492.0,4081.0,1602.555314814815,842.4822735628421,0.5257118214731927,0,100,900,1790548840.0233538,2603.5295,3514.118,performance,,16372440.0,15662736.0,13645424.0,0.0,0.0,13.39,9.9,8.76,,,
24,48,disabled,Disabled,700,1,187343.92416707627,2976.0,11409.0,3652.929049206349,2466.6584356006506,0.675254953593081,0,100,900,1790548843.978113,2300.0,2300.0,performance,,16372440.0,15679748.0,13662372.0,0.0,0.0,12.88,9.85,8.75,,,
25,1,hdr_histogram,HdrHistogram,500,1,188289.77597353584,2355.0,6976.0,2606.420831111111,1437.087250719534,0.5513642438573156,0,100,900,1790548850.06816,2300.0,2300.0,performance,,16372440.0,15651220.0,13633712.0,0.0,0.0,12.65,9.86,8.76,,,
25,2,disabled,Disabled,500,1,188242.93753880428,2355.0,6861.0,2607.067988888889,1463.8372550802471,0.5614879478859017,0,100,900,1790548855.070734,2300.0,2300.0,performance,,16372440.0,15658864.0,13641280.0,0.0,0.0,12.28,9.82,8.75,,,
25,3,global_mutex,GlobalMutex,400,1,187532.65236497443,1942.0,5349.0,2095.2459444444444,1088.2463324773591,0.5193883493070826,0,100,900,1790548860.0619857,2300.0,2300.0,performance,,16372440.0,15662968.0,13645300.0,0.0,0.0,11.93,9.79,8.75,,,
25,4,hdr_histogram,HdrHistogram,1000,1,183511.67130426728,3251.0,22257.0,5318.094402222222,5228.2904448716845,0.9831135082308783,0,100,900,1790548864.528223,2300.0,2300.0,performance,,16372440.0,15669624.0,13651900.0,0.0,0.0,11.3,9.7,8.72,,,
25,5,thread_local,ThreadLocal,1000,1,183987.47322351596,3217.0,21324.0,5293.300436666666,5166.852708223611,0.9761117416334142,0,100,900,1790548872.3299308,2300.0,2300.0,performance,,16372440.0,15655380.0,13637472.0,0.0,0.0,10.74,9.64,8.72,,,
25,6,global_mutex,GlobalMutex,1000,1,182955.47042658296,3244.0,21916.0,5314.930842222222,5283.998486226392,0.9941801018839039,0,100,900,1790548880.1225705,2508.17525,3132.701,performance,,16372440.0,15662648.0,13644576.0,0.0,0.0,10.52,9.61,8.71,,,
25,7,hdr_histogram,HdrHistogram,600,1,184350.2929907371,2821.0,9199.0,3190.5575092592594,1936.0819427807837,0.6068161871905193,0,100,900,1790548887.9473653,2830.268,3558.015,performance,,16372440.0,15655528.0,13637328.0,0.0,0.0,10.08,9.56,8.7,,,
25,8,disabled,Disabled,200,1,193640.33856494195,976.0,2479.0,1017.1745277777778,471.3377851364358,0.46337946169982047,0,100,900,1790548893.5451226,2300.0,2300.0,performance,,16372440.0,15659616.0,13641436.0,0.0,0.0,9.27,9.4,8.66,,,
25,9,disabled,Disabled,700,1,187380.24506230894,2962.0,11332.0,3662.960992063492,2469.8975543308034,0.6742898872475875,0,100,900,1790548896.9005415,2844.5725,3427.007,performance,,16372440.0,15671324.0,13653060.0,0.0,0.0,8.53,9.24,8.61,,,
25,10,thread_local,ThreadLocal,700,1,184778.7718804987,3019.0,11399.0,3720.9509904761903,2510.2314824021078,0.6746209473941123,0,100,900,1790548902.9756706,2591.32275,3465.291,performance,,16372440.0,15655616.0,13637248.0,0.0,0.0,7.85,9.09,8.56,,,
25,11,sharded_2key,Sharded-2key,700,1,185034.68916247695,3072.0,11390.0,3706.978903174603,2470.3021250411466,0.6663922804970958,0,100,900,1790548909.1169176,2300.0,2300.0,performance,,16372440.0,15663592.0,13645120.0,0.0,0.0,9.62,9.44,8.68,,,
25,12,disabled,Disabled,1000,1,185198.4205846563,3179.0,22075.0,5262.2394677777775,5232.4213895284665,0.9943335763353425,0,100,900,1790548915.254837,3259.592,3591.804,performance,,16372440.0,15663684.0,13645060.0,0.0,0.0,9.41,9.39,8.67,,,
25,13,hdr_histogram,HdrHistogram,200,1,185639.20195006556,978.0,2811.0,1056.8636166666668,546.1667568154267,0.5167807351889254,0,100,900,1790548922.994267,2300.0,2300.0,performance,,16372440.0,15664648.0,13645892.0,0.0,0.0,8.55,9.22,8.62,,,
25,14,sharded_2key,Sharded-2key,100,1,187493.87637187526,495.0,1372.0,525.6808333333333,253.23107789167895,0.48172020327609233,0,100,900,1790548926.3878758,2300.0,2300.0,performance,,16372440.0,15660320.0,13641556.0,0.0,0.0,8.55,9.22,8.62,,,
25,15,sharded_n,Sharded-N,200,1,194663.1273795499,966.0,2481.0,1009.7304166666667,480.06326270725714,0.47543706199526736,0,100,900,1790548929.234152,2300.0,2300.0,performance,,16372440.0,15666668.0,13647904.0,0.0,0.0,7.87,9.06,8.57,,,
25,16,disabled,Disabled,300,1,189111.96597097433,1433.0,4190.0,1559.158262962963,835.9207930797567,0.5361359477973748,0,100,900,1790548932.5898428,2300.0,2300.0,performance,,16372440.0,15664536.0,13645736.0,0.0,0.0,7.24,8.91,8.53,,,
25,17,sharded_n,Sharded-N,1000,1,181358.34787370023,3276.0,21733.0,5390.669212222222,5271.397768498938,0.977874464370238,0,100,900,1790548936.5012715,2529.9235,3219.694,performance,,16372440.0,15669764.0,13650888.0,0.0,0.0,7.24,8.91,8.53,,,
25,18,thread_local,ThreadLocal,500,1,186139.18119722852,2412.0,6700.0,2625.2777444444446,1429.7362509675565,0.5446038058232632,0,100,900,1790548944.3750422,2300.0,2300.0,performance,,16372440.0,15664052.0,13644976.0,0.0,0.0,7.01,8.8,8.49,,,
25,19,sharded_n,Sharded-N,100,1,186502.4898786964,502.0,1316.0,529.3445666666667,248.30954886716228,0.4690886891137681,0,100,900,1790548949.3962348,2300.0,2300.0,performance,,16372440.0,15668364.0,13649232.0,0.0,0.0,7.57,8.89,8.52,,,
25,20,sharded_2key,Sharded-2key,300,1,190630.86250798183,1468.0,3798.0,1552.397637037037,762.0483312332356,0.49088475339843274,0,100,900,1790548952.2438798,3237.63575,3602.363,performance,,16372440.0,15681088.0,13661940.0,0.0,0.0,6.96,8.74,8.48,,,
25,21,thread_local,ThreadLocal,600,1,188422.23649657134,2702.0,9011.0,3144.652712962963,1953.066449983264,0.6210754026771499,0,100,900,1790548956.1534305,3468.956,3605.073,performance,,16372440.0,15669612.0,13650428.0,0.0,0.0,6.96,8.74,8.48,,,
25,22,sharded_2key,Sharded-2key,500,1,184295.4644741214,2421.0,6930.0,2662.166108888889,1492.233341323488,0.5605335205571763,0,100,900,1790548961.7069845,2300.0,2300.0,performance,,16372440.0,15664812.0,13645496.0,0.0,0.0,6.41,8.57,8.42,,,
25,23,global_mutex,GlobalMutex,600,1,185400.20033356847,2784.0,9331.0,3169.2323314814817,1940.4696475258654,0.612283810262272,0,100,900,1790548966.7491248,2300.0,2300.0,performance,,16372440.0,15665208.0,13645832.0,0.0,0.0,5.89,8.42,8.38,,,
25,24,thread_local,ThreadLocal,100,1,188573.54131346667,498.0,1201.0,521.3101777777778,243.41145089040504,0.46692249886240583,0,100,900,1790548972.3304389,2623.9345,3595.738,performance,,16372440.0,15670124.0,13650652.0,0.0,0.0,5.42,8.28,8.33,,,
25,25,disabled,Disabled,400,1,187875.80327239068,1951.0,5040.0,2086.3303111111113,1059.739247322091,0.5079441360163667,0,100,900,1790548975.1728537,2300.0,2300.0,performance,,16372440.0,15664024.0,13644544.0,0.0,0.0,5.42,8.28,8.33,,,
25,26,sharded_n,Sharded-N,700,1,184070.888309973,3017.0,11257.0,3728.5057587301585,2482.992690042789,0.6659484658777725,0,100,900,1790548979.6352425,2300.0,2300.0,performance,,16372440.0,15673220.0,13653636.0,0.0,0.0,6.03,8.36,8.36,,,
25,27,global_mutex,GlobalMutex,500,1,185740.9525369449,2386.0,6959.0,2642.90456,1472.1844313129213,0.5570327637230008,0,100,900,1790548985.7826447,2628.741,3614.964,performance,,16372440.0,15671604.0,13651928.0,0.0,0.0,7.07,8.54,8.42,,,
25,28,hdr_histogram,HdrHistogram,100,1,186676.24091771085,499.0,1336.0,526.5079555555556,262.1348074509469,0.49787435248599426,0,100,900,1790548990.816207,2300.0,2300.0,performance,,16372440.0,15659772.0,13640076.0,0.0,0.0,7.38,8.58,8.43,,,
25,29,sharded_2key,Sharded-2key,200,1,188001.9088920043,998.0,2629.0,1044.2096111111111,493.5057133141183,0.4726117324173967,0,100,900,1790548993.6709397,2300.0,2300.0,performance,,16372440.0,15665084.0,13645360.0,0.0,0.0,8.23,8.74,8.48,,,
25,30,sharded_2key,Sharded-2key,400,1,186451.08069866445,1995.0,5084.0,2112.474008333333,1050.1082468754798,0.49709877742068787,0,100,900,1790548997.0506628,2488.362,3053.448,performance,,16372440.0,15677756.0,13658004.0,0.0,0.0,7.57,8.59,8.44,,,
25,31,thread_local,ThreadLocal,300,1,192814.61718014962,1439.0,3819.0,1533.0188481481482,764.1635093911627,0.4984697417870986,0,100,900,1790549001.5219724,2300.0,2300.0,performance,,16372440.0,15656412.0,13636568.0,0.0,0.0,7.57,8.59,8.44,,,
25,32,sharded_n,Sharded-N,300,1,186178.5943238102,1504.0,3853.0,1582.3949222222222,791.6425446120544,0.5002812720735468,0,100,900,1790549005.4116929,2300.0,2300.0,performance,,16372440.0,15662284.0,13642360.0,0.0,0.0,6.97,8.45,8.39,,,
25,33,sharded_2key,Sharded-2key,600,1,186270.68983103347,2782.0,8586.0,3153.474333333333,1835.3464378466351,0.5820077298382859,0,100,900,1790549009.3487635,2951.245,3606.284,performance,,16372440.0,15670276.0,13650348.0,0.0,0.0,7.13,8.46,8.39,,,
25,34,sharded_n,Sharded-N,400,1,180485.36449092557,1996.0,5675.0,2176.5819916666665,1162.719100876558,0.5341949466310861,0,100,900,1790549014.9171658,3237.8485,3598.011,performance,,16372440.0,15666088.0,13645980.0,0.0,0.0,7.44,8.5,8.41,,,
25,35,hdr_histogram,HdrHistogram,300,1,187588.64384121815,1461.0,4166.0,1578.6365555555556,837.1556050117463,0.5303029389922708,0,100,900,1790549019.4600782,2647.364,3689.456,performance,,16372440.0,15664840.0,13644712.0,0.0,0.0,7.72,8.54,8.42,,,
25,36,thread_local,ThreadLocal,200,1,188103.75249962846,999.0,2518.0,1041.725438888889,493.8006583801832,0.47402188709807663,0,100,900,1790549023.3906872,2931.64425,3581.858,performance,,16372440.0,15653460.0,13633284.0,0.0,0.0,7.11,8.4,8.38,,,
25,37,global_mutex,GlobalMutex,700,1,184279.82641488547,3018.0,11391.0,3726.785042857143,2506.0884786120655,0.6724531868064949,0,100,900,1790549026.7784984,2568.50375,3374.015,performance,,16372440.0,15658996.0,13638776.0,0.0,0.0,6.54,8.26,8.33,,,
25,38,global_mutex,GlobalMutex,300,1,190135.1663221557,1455.0,3833.0,1550.4986148148148,777.4667274004704,0.5014301334885926,0,100,900,1790549032.9204872,2605.56675,3522.267,performance,,16372440.0,15657972.0,13637580.0,0.0,0.0,6.01,8.12,8.29,,,
25,39,global_mutex,GlobalMutex,200,1,188752.43334656104,996.0,2589.0,1043.9767111111112,488.82530201691776,0.46823391442962153,0,100,900,1790549036.8199759,2300.0,2300.0,performance,,16372440.0,15663188.0,13642780.0,0.0,0.0,5.53,7.99,8.24,,,
25,40,disabled,Disabled,100,1,186847.59049651632,499.0,1236.0,522.8651777777778,249.2889180812741,0.4767747570048048,0,100,900,1790549040.1995282,2553.5515,3314.206,performance,,16372440.0,15667032.0,13646608.0,0.0,0.0,5.53,7.99,8.24,,,
25,41,hdr_histogram,HdrHistogram,700,1,183968.5474826321,3049.0,11187.0,3730.8468031746033,2487.0679165729107,0.6666229003176029,0,100,900,1790549043.0502074,2300.0,2300.0,performance,,16372440.0,15673524.0,13653124.0,0.0,0.0,5.09,7.85,8.2,,,
25,42,disabled,Disabled,600,1,189181.54243905074,2647.0,9238.0,3113.1513814814816,1977.7056901533088,0.6352745009181536,0,100,900,1790549049.171816,2731.491,3190.297,performance,,16372440.0,15662448.0,13641896.0,0.0,0.0,5.72,7.94,8.22,,,
25,43,hdr_histogram,HdrHistogram,400,1,186085.1127967343,1959.0,5278.0,2103.5053,1088.3269807822535,0.5173873252338625,0,100,900,1790549054.6789105,2300.0,2300.0,performance,,16372440.0,15658680.0,13637992.0,0.0,0.0,5.98,7.96,8.23,,,
25,44,sharded_n,Sharded-N,500,1,183391.85121424656,2460.0,6727.0,2696.6513666666665,1451.7276917543752,0.5383445964499509,0,100,900,1790549059.1572692,3241.5835,3561.976,performance,,16372440.0,15671156.0,13650468.0,0.0,0.0,6.07,7.94,8.22,,,
25,45,thread_local,ThreadLocal,400,1,189014.89085299688,1923.0,5196.0,2076.4253166666667,1082.4880320770255,0.5213228828353762,0,100,900,1790549064.2278798,2300.0,2300.0,performance,,16372440.0,15661200.0,13640432.0,0.0,0.0,6.54,8.01,8.24,,,
25,46,sharded_n,Sharded-N,600,1,184910.53223233717,2736.0,8810.0,3180.29205,1937.6294807452516,0.6092614924296816,0,100,900,1790549068.6808112,3358.45,3566.295,performance,,16372440.0,15662676.0,13641804.0,0.0,0.0,11.7,9.05,8.58,,,
25,47,sharded_2key,Sharded-2key,1000,1,186068.5881129696,3115.0,21446.0,5240.253996666666,5177.19835735883,0.9879670643163584,0,100,900,1790549074.2791603,2300.0,2300.0,performance,,16372440.0,15662420.0,13641464.0,0.0,0.0,11.33,9.02,8.57,,,
25,48,global_mutex,GlobalMutex,100,1,189587.41271026875,493.0,1282.0,519.3153222222222,246.79509211507917,0.47523167823935714,0,100,900,1790549082.024406,2881.6625,3600.393,performance,,16372440.0,15675384.0,13654204.0,0.0,0.0,10.91,9.02,8.57,,,
26,1,thread_local,ThreadLocal,200,1,189869.1210313782,995.0,2461.0,1035.3922944444444,477.8191562078897,0.46148610412855245,0,100,900,1790549084.8653467,3397.621,3525.233,performance,,16372440.0,15654984.0,13633904.0,0.0,0.0,10.91,9.02,8.57,,,
26,2,thread_local,ThreadLocal,300,1,187242.65616393113,1468.0,3928.0,1572.4268777777777,796.4138904731931,0.5064870753155275,0,100,900,1790549088.229066,2300.0,2300.0,performance,,16372440.0,15664008.0,13642884.0,0.0,0.0,10.04,8.87,8.53,,,
26,3,global_mutex,GlobalMutex,500,1,187860.99274435258,2364.0,6740.0,2612.680566666667,1427.8164416570826,0.5464948374759536,0,100,900,1790549092.1578836,3637.284,3808.536,performance,,16372440.0,15670692.0,13649496.0,0.0,0.0,9.23,8.72,8.48,,,
26,4,disabled,Disabled,1000,1,183820.7286611732,3269.0,21427.0,5314.128827777778,5146.544957677252,0.9684644698065017,0,100,900,1790549097.1561403,3499.958,3543.715,performance,,16372440.0,15663280.0,13641976.0,0.0,0.0,8.49,8.58,8.44,,,
26,5,hdr_histogram,HdrHistogram,300,1,180501.70617700156,1552.0,3965.0,1634.7920111111112,811.6414208502786,0.49647992853759676,0,100,900,1790549104.932496,3397.58225,3683.574,performance,,16372440.0,15655756.0,13634324.0,0.0,0.0,11.5,9.2,8.64,,,
26,6,global_mutex,GlobalMutex,300,1,190661.06701421138,1473.0,3791.0,1546.864185185185,762.768308080315,0.49310619211795836,0,100,900,1790549108.9143229,2574.50475,3398.019,performance,,16372440.0,15647984.0,13626472.0,0.0,0.0,11.22,9.18,8.63,,,
26,7,hdr_histogram,HdrHistogram,600,1,184934.66169530925,2835.0,8787.0,3174.1582777777776,1848.22911229604,0.5822737716752997,0,100,900,1790549112.8143702,2540.58275,3262.331,performance,,16372440.0,15660468.0,13638916.0,0.0,0.0,10.32,9.02,8.59,,,
26,8,disabled,Disabled,200,1,189135.50296307824,999.0,2436.0,1040.9576777777777,480.6436003125853,0.4617321247283144,0,100,900,1790549118.4078214,2300.0,2300.0,performance,,16372440.0,15654192.0,13632560.0,0.0,0.0,9.49,8.87,8.54,,,
26,9,global_mutex,GlobalMutex,1000,1,182463.64737625007,3289.0,21674.0,5339.757805555556,5240.09250285942,0.9813352391015857,0,100,900,1790549121.7803009,2863.341,3478.771,performance,,16372440.0,15668144.0,13646512.0,0.0,0.0,8.73,8.73,8.5,,,
26,10,sharded_n,Sharded-N,400,1,186278.42296976878,1946.0,5474.0,2121.8619055555555,1122.8872435632345,0.5291990212102117,0,100,900,1790549129.6083422,2862.58675,3528.734,performance,,16372440.0,15659612.0,13637776.0,0.0,0.0,9.15,8.81,8.53,,,
26,11,thread_local,ThreadLocal,700,1,186571.08466922113,2928.0,11916.0,3668.923538095238,2670.1301149505516,0.7277693544785016,0,100,900,1790549134.1037703,3595.5785,3601.212,performance,,16372440.0,15661840.0,13639960.0,0.0,0.0,9.78,8.95,8.57,,,
26,12,sharded_n,Sharded-N,500,1,185613.71975309355,2426.0,7016.0,2645.89276,1445.0443791540067,0.5461462388044808,0,100,900,1790549140.2020946,2300.0,2300.0,performance,,16372440.0,15656016.0,13633980.0,0.0,0.0,9.64,8.93,8.57,,,
26,13,hdr_histogram,HdrHistogram,100,1,188489.49958192924,495.0,1259.0,522.0294777777777,247.3793843776375,0.4738801062168068,0,100,900,1790549145.223093,2300.0,2300.0,performance,,16372440.0,15666148.0,13644088.0,0.0,0.0,11.19,9.27,8.68,,,
26,14,sharded_2key,Sharded-2key,200,1,191411.73324830228,985.0,2491.0,1032.6992555555555,485.2130282851928,0.469849305763434,0,100,900,1790549148.0699027,2300.0,2300.0,performance,,16372440.0,15656312.0,13634260.0,0.0,0.0,10.29,9.11,8.63,,,
26,15,sharded_n,Sharded-N,1000,1,181476.1439775759,3290.0,21730.0,5364.089965555556,5210.545753492685,0.9713755337720239,0,100,900,1790549151.4475849,2450.121,2900.484,performance,,16372440.0,15677440.0,13655288.0,0.0,0.0,10.29,9.11,8.63,,,
26,16,sharded_2key,Sharded-2key,1000,1,183304.67183521236,3299.0,22034.0,5315.951935555556,5239.97637104493,0.9857080038661625,0,100,900,1790549159.3131566,2300.0,2300.0,performance,,16372440.0,15659768.0,13637408.0,0.0,0.0,13.68,9.84,8.87,,,
26,17,thread_local,ThreadLocal,500,1,189199.62206543016,2393.0,6616.0,2593.39338,1385.9953032367637,0.5344331152864914,0,100,900,1790549167.1039436,2300.0,2300.0,performance,,16372440.0,15655016.0,13632476.0,0.0,0.0,12.01,9.62,8.81,,,
26,18,disabled,Disabled,700,1,184889.95966927515,2972.0,11626.0,3708.6717190476193,2557.7810226390147,0.6896757697647741,0,100,900,1790549172.088813,2300.0,2300.0,performance,,16372440.0,15660392.0,13637916.0,0.0,0.0,11.05,9.46,8.76,,,
26,19,thread_local,ThreadLocal,600,1,184969.4987608662,2813.0,8658.0,3178.07347037037,1841.971133072373,0.5795873349830742,0,100,900,1790549178.215931,2300.0,2300.0,performance,,16372440.0,15657316.0,13634676.0,0.0,0.0,10.17,9.3,8.71,,,
26,20,disabled,Disabled,500,1,187992.77645693938,2378.0,6632.0,2603.392822222222,1403.322919988237,0.5390361792541084,0,100,900,1790549183.8028245,2300.0,2300.0,performance,,16372440.0,15665772.0,13643048.0,0.0,0.0,10.07,9.29,8.72,,,
26,21,hdr_histogram,HdrHistogram,400,1,186351.35547990128,1940.0,5625.0,2107.8562916666665,1158.1199118254538,0.5494302037591646,0,100,900,1790549188.7977624,3550.99775,3584.76,performance,,16372440.0,15669656.0,13646904.0,0.0,0.0,10.07,9.31,8.72,,,
26,22,global_mutex,GlobalMutex,400,1,186848.62690443147,1958.0,5452.0,2106.231788888889,1122.9541123163467,0.5331578975497016,0,100,900,1790549193.283049,2971.1355,3748.017,performance,,16372440.0,15655804.0,13632972.0,0.0,0.0,9.26,9.15,8.68,,,
26,23,sharded_n,Sharded-N,700,1,183279.13828367868,3070.0,11336.0,3739.1702936507936,2476.240252527906,0.6622432406281749,0,100,900,1790549197.7531638,2300.0,2300.0,performance,,16372440.0,15665852.0,13642916.0,0.0,0.0,8.52,9.0,8.63,,,
26,24,global_mutex,GlobalMutex,600,1,184033.70403343442,2799.0,9029.0,3202.300612962963,1921.6270275571517,0.6000770258040034,0,100,900,1790549203.915365,2476.064,3004.256,performance,,16372440.0,15668856.0,13645808.0,0.0,0.0,8.56,9.0,8.63,,,
26,25,global_mutex,GlobalMutex,200,1,181849.93630711033,1020.0,2840.0,1081.433,540.6613152665657,0.4999489707328754,0,100,900,1790549209.5056276,2543.55775,3274.231,performance,,16372440.0,15654716.0,13631596.0,0.0,0.0,8.91,9.07,8.66,,,
26,26,thread_local,ThreadLocal,400,1,187841.86583659277,1968.0,5048.0,2096.7482111111112,1057.0994375912658,0.5041613637677013,0,100,900,1790549212.9241545,3536.3925,3609.377,performance,,16372440.0,15664072.0,13640924.0,0.0,0.0,8.2,8.92,8.61,,,
26,27,thread_local,ThreadLocal,100,1,187524.9529297262,499.0,1318.0,524.8030222222222,250.81383599878436,0.47791995354131156,0,100,900,1790549217.3847866,2300.0,2300.0,performance,,16372440.0,15661324.0,13638096.0,0.0,0.0,7.54,8.77,8.56,,,
26,28,sharded_n,Sharded-N,600,1,184252.36015868484,2866.0,8625.0,3191.981964814815,1822.9937935022472,0.5711165707065671,0,100,900,1790549220.2313886,3053.37925,3465.928,performance,,16372440.0,15664504.0,13641280.0,0.0,0.0,7.54,8.77,8.56,,,
26,29,sharded_2key,Sharded-2key,400,1,193795.598284078,1867.0,5314.0,2026.6847444444445,1103.8165802040987,0.5446414807383757,0,100,900,1790549225.8218114,2300.0,2300.0,performance,,16372440.0,15659936.0,13636500.0,0.0,0.0,7.34,8.7,8.54,,,
26,30,sharded_2key,Sharded-2key,500,1,188809.7554942785,2434.0,6492.0,2606.6780355555557,1344.5664493388497,0.5158160812339393,0,100,900,1790549230.2218277,2300.0,2300.0,performance,,16372440.0,15665940.0,13642548.0,0.0,0.0,7.31,8.68,8.53,,,
26,31,hdr_histogram,HdrHistogram,500,1,186906.03737826183,2413.0,6769.0,2624.538897777778,1416.2657396358043,0.5396245949469334,0,100,900,1790549235.1924949,2588.5335,3454.134,performance,,16372440.0,15667260.0,13643744.0,0.0,0.0,7.45,8.68,8.54,,,
26,32,disabled,Disabled,100,1,188236.50001233892,491.0,1391.0,522.5290111111111,259.268284564576,0.49617969347436847,0,100,900,1790549240.2144353,2517.47075,3169.883,performance,,16372440.0,15665596.0,13642028.0,0.0,0.0,7.73,8.72,8.55,,,
26,33,hdr_histogram,HdrHistogram,1000,1,185897.94882748,3121.0,21667.0,5231.512141111111,5205.807828018157,0.9950866379739501,0,100,900,1790549243.0613682,2538.2245,3252.898,performance,,16372440.0,15666872.0,13643256.0,0.0,0.0,7.11,8.58,8.5,,,
26,34,sharded_2key,Sharded-2key,300,1,188473.71805202946,1483.0,3812.0,1565.6702074074074,775.4467422016185,0.4952810231253492,0,100,900,1790549250.8247268,3442.68925,3638.292,performance,,16372440.0,15645168.0,13621344.0,0.0,0.0,7.02,8.53,8.49,,,
26,35,sharded_n,Sharded-N,300,1,187401.42086619014,1483.0,3867.0,1573.4981814814814,784.7553468251045,0.4987329226438895,0,100,900,1790549254.7409728,2300.0,2300.0,performance,,16372440.0,15658656.0,13634888.0,0.0,0.0,7.18,8.54,8.49,,,
26,36,disabled,Disabled,300,1,192150.29521266805,1439.0,3960.0,1541.9603851851853,789.1306680642908,0.5117710387673275,0,100,900,1790549258.676792,2300.0,2300.0,performance,,16372440.0,15655904.0,13632060.0,0.0,0.0,6.61,8.4,8.45,,,
26,37,global_mutex,GlobalMutex,700,1,184062.1288615423,3070.0,11428.0,3731.2961777777778,2465.9128781273316,0.6608729944337837,0,100,900,1790549262.5779808,2300.0,2300.0,performance,,16372440.0,15665792.0,13641900.0,0.0,0.0,6.08,8.26,8.4,,,
26,38,disabled,Disabled,600,1,186178.16861831266,2845.0,8615.0,3167.567111111111,1802.8659089849823,0.5691642341723196,0,100,900,1790549268.724582,2539.84775,3259.391,performance,,16372440.0,15673796.0,13649772.0,0.0,0.0,6.31,8.27,8.41,,,
26,39,hdr_histogram,HdrHistogram,200,1,189296.09657567146,977.0,2692.0,1036.4467166666666,515.6173404667496,0.4974856229223583,0,100,900,1790549274.2914982,2607.906,3531.624,performance,,16372440.0,15671288.0,13647232.0,0.0,0.0,6.61,8.3,8.41,,,
26,40,sharded_n,Sharded-N,100,1,188595.71596365335,499.0,1320.0,523.0704222222222,247.00833307537889,0.47222768212735877,0,100,900,1790549277.6676831,2624.26375,3597.055,performance,,16372440.0,15661236.0,13637140.0,0.0,0.0,6.08,8.16,8.37,,,
26,41,global_mutex,GlobalMutex,100,1,188704.38569183717,490.0,1313.0,521.3325666666667,256.3118986863138,0.4916475874989722,0,100,900,1790549280.5131469,2300.0,2300.0,performance,,16372440.0,15671136.0,13647020.0,0.0,0.0,6.08,8.16,8.37,,,
26,42,sharded_2key,Sharded-2key,700,1,186098.90075606425,2967.0,11454.0,3666.453788888889,2503.7942854955586,0.6828926340441694,0,100,900,1790549283.3559864,2935.77625,3571.657,performance,,16372440.0,15672340.0,13648204.0,0.0,0.0,5.59,8.03,8.32,,,
26,43,thread_local,ThreadLocal,1000,1,185143.64931222863,3245.0,21900.0,5276.440348888889,5116.264966737049,0.9696432876028684,0,100,900,1790549289.4672306,2927.69225,3602.314,performance,,16372440.0,15666452.0,13642072.0,0.0,0.0,5.78,8.03,8.32,,,
26,44,sharded_2key,Sharded-2key,100,1,188055.53839200517,493.0,1431.0,523.2938333333333,266.19048555398945,0.5086826341108984,0,100,900,1790549297.2179506,2300.0,2300.0,performance,,16372440.0,15665964.0,13641536.0,0.0,0.0,5.63,7.92,8.29,,,
26,45,disabled,Disabled,400,1,187435.05072862742,1960.0,5243.0,2094.675838888889,1086.7357220077365,0.5188085439435777,0,100,900,1790549300.0658138,2300.0,2300.0,performance,,16372440.0,15661416.0,13637000.0,0.0,0.0,5.63,7.92,8.29,,,
26,46,sharded_n,Sharded-N,200,1,186997.6205685157,965.0,2977.0,1052.408138888889,564.6625962807057,0.5365433574818843,0,100,900,1790549304.5338354,2300.0,2300.0,performance,,16372440.0,15660720.0,13636152.0,0.0,0.0,5.74,7.91,8.28,,,
26,47,hdr_histogram,HdrHistogram,700,1,183355.95113877647,3025.0,11300.0,3745.295452380952,2510.532665332297,0.6703163201013436,0,100,900,1790549307.92159,2607.10775,3528.431,performance,,16372440.0,15668716.0,13644152.0,0.0,0.0,5.28,7.78,8.23,,,
26,48,sharded_2key,Sharded-2key,600,1,185311.71915368197,2775.0,8944.0,3172.8344166666666,1931.9825468740357,0.6089137638968718,0,100,900,1790549314.0893762,2504.60475,3118.419,performance,,16372440.0,15643324.0,13618616.0,0.0,0.0,5.5,7.78,8.23,,,
27,1,global_mutex,GlobalMutex,1000,1,183087.92744253753,3255.0,22050.0,5335.241935555556,5254.130111634813,0.9847969736142254,0,100,900,1790549319.6696966,2501.91625,3107.665,performance,,16372440.0,15662744.0,13637952.0,0.0,0.0,6.82,8.02,8.31,,,
27,2,thread_local,ThreadLocal,600,1,185491.57745023878,2746.0,8937.0,3174.7732796296295,1904.3959961528021,0.5998525968364486,0,100,900,1790549327.4775155,2840.734,3569.009,performance,,16372440.0,15652404.0,13627492.0,0.0,0.0,6.58,7.93,8.28,,,
27,3,sharded_n,Sharded-N,300,1,189916.39305001608,1459.0,3741.0,1550.5547555555556,773.2305798977158,0.49867995769080165,0,100,900,1790549333.0380943,2564.17225,3356.689,performance,,16372440.0,15663916.0,13638896.0,0.0,0.0,6.06,7.8,8.23,,,
27,4,hdr_histogram,HdrHistogram,200,1,190576.08077767925,984.0,2565.0,1031.8179388888889,496.32198485004466,0.4810170148665064,0,100,900,1790549336.940008,2300.0,2300.0,performance,,16372440.0,15656772.0,13631732.0,0.0,0.0,5.57,7.67,8.19,,,
27,5,disabled,Disabled,500,1,186405.658050969,2449.0,6600.0,2636.290568888889,1397.5468239847844,0.5301186600890527,0,100,900,1790549340.3121285,2300.0,2300.0,performance,,16372440.0,15659636.0,13634556.0,0.0,0.0,5.57,7.67,8.19,,,
27,6,global_mutex,GlobalMutex,300,1,186593.9004083543,1495.0,3790.0,1581.1216814814816,764.8012005577967,0.4837079963644495,0,100,900,1790549345.3294094,2621.44025,3585.761,performance,,16372440.0,15659604.0,13634444.0,0.0,0.0,5.92,7.71,8.2,,,
27,7,hdr_histogram,HdrHistogram,500,1,184159.1149387582,2468.0,6718.0,2664.833971111111,1421.759513056185,0.5335264892556806,0,100,900,1790549349.2602043,3306.5255,3689.729,performance,,16372440.0,15666640.0,13641408.0,0.0,0.0,6.33,7.77,8.21,,,
27,8,global_mutex,GlobalMutex,500,1,187659.3811453834,2454.0,6410.0,2634.34968,1358.1797770644343,0.515565487518891,0,100,900,1790549354.3051126,2300.0,2300.0,performance,,16372440.0,15663456.0,13638112.0,0.0,0.0,6.63,7.8,8.22,,,
27,9,disabled,Disabled,600,1,188337.8012210008,2727.0,8531.0,3119.6764,1837.7402141296986,0.5890803976110146,0,100,900,1790549359.3176613,3161.6905,3550.39,performance,,16372440.0,15666448.0,13641068.0,0.0,0.0,6.5,7.76,8.2,,,
27,10,sharded_2key,Sharded-2key,400,1,188530.0035291193,1939.0,5269.0,2088.4017222222224,1095.106243565511,0.5243752827402539,0,100,900,1790549364.8420656,2300.0,2300.0,performance,,16372440.0,15663584.0,13638120.0,0.0,0.0,6.7,7.78,8.21,,,
27,11,disabled,Disabled,1000,1,184229.6656287022,3262.0,21712.0,5278.859567777778,5176.452904032008,0.9806006084399628,0,100,900,1790549369.2921329,2882.1535,3541.174,performance,,16372440.0,15664548.0,13639008.0,0.0,0.0,6.72,7.76,8.2,,,
27,12,thread_local,ThreadLocal,300,1,190171.61952579048,1439.0,3899.0,1544.3517259259258,793.1331259751273,0.5135702655427146,0,100,900,1790549377.0623577,2556.62025,3326.481,performance,,16372440.0,15661720.0,13635984.0,0.0,0.0,7.01,7.8,8.21,,,
27,13,disabled,Disabled,100,1,191933.02141501856,487.0,1324.0,512.4770111111111,244.7070272333668,0.4774985451597387,0,100,900,1790549380.9789476,2300.0,2300.0,performance,,16372440.0,15662828.0,13637124.0,0.0,0.0,7.01,7.8,8.21,,,
27,14,sharded_n,Sharded-N,700,1,185024.33725255975,2797.0,12682.0,3695.8034714285714,2904.6151063745906,0.7859225007037087,0,100,900,1790549383.8138182,2876.24575,3490.624,performance,,16372440.0,15664536.0,13638800.0,0.0,0.0,10.45,8.5,8.43,,,
27,15,global_mutex,GlobalMutex,600,1,186566.0252780885,2784.0,8842.0,3159.711146296296,1868.337395676024,0.5913000616736831,0,100,900,1790549389.9383595,2514.705,3158.82,performance,,16372440.0,15670032.0,13644092.0,0.0,0.0,10.66,8.58,8.46,,,
27,16,disabled,Disabled,700,1,187351.07301504217,2971.0,11286.0,3666.9929174603176,2456.6645754695096,0.6699398201104092,0,100,900,1790549395.4947698,2976.3995,3706.772,performance,,16372440.0,15668432.0,13642448.0,0.0,0.0,10.05,8.48,8.43,,,
27,17,disabled,Disabled,200,1,191686.91015328674,976.0,2548.0,1026.9848833333333,491.78209137501716,0.4788601072479439,0,100,900,1790549401.5819783,2740.26725,3270.813,performance,,16372440.0,15669684.0,13643560.0,0.0,0.0,9.96,8.49,8.43,,,
27,18,global_mutex,GlobalMutex,100,1,182962.69032747226,507.0,1382.0,538.1260333333333,265.2508390061367,0.49291582747462326,0,100,900,1790549404.9400141,3007.31875,3390.679,performance,,16372440.0,15663072.0,13636960.0,0.0,0.0,9.16,8.35,8.39,,,
27,19,sharded_n,Sharded-N,200,1,187826.52761388826,968.0,2918.0,1048.0151611111112,543.9863809100427,0.519063465010664,0,100,900,1790549407.799979,2300.0,2300.0,performance,,16372440.0,15671604.0,13645480.0,0.0,0.0,8.43,8.21,8.34,,,
27,20,sharded_2key,Sharded-2key,300,1,188059.0828062234,1469.0,3957.0,1566.1737925925927,795.4609918530249,0.5079008444754045,0,100,900,1790549411.182508,2463.3265,2953.306,performance,,16372440.0,15675488.0,13649332.0,0.0,0.0,8.43,8.21,8.34,,,
27,21,thread_local,ThreadLocal,700,1,184769.12514324186,2995.0,11444.0,3711.1689206349206,2515.2691534712026,0.6777565794663103,0,100,900,1790549415.0993493,2597.20575,3488.823,performance,,16372440.0,15652092.0,13625844.0,0.0,0.0,8.48,8.23,8.35,,,
27,22,thread_local,ThreadLocal,100,1,185676.8567377244,502.0,1269.0,527.5490222222222,254.5113930600522,0.4824412184254661,0,100,900,1790549421.2325718,2549.37825,3297.513,performance,,16372440.0,15656608.0,13630220.0,0.0,0.0,8.6,8.26,8.36,,,
27,23,sharded_n,Sharded-N,400,1,183621.89308957933,2024.0,5080.0,2145.048152777778,1067.9633342722298,0.4978738276291126,0,100,900,1790549424.0830965,2300.0,2300.0,performance,,16372440.0,15662748.0,13636368.0,0.0,0.0,8.63,8.27,8.36,,,
27,24,global_mutex,GlobalMutex,700,1,186269.18335169228,2916.0,11497.0,3664.192814285714,2555.874688729281,0.697527345931307,0,100,900,1790549428.5961242,2300.0,2300.0,performance,,16372440.0,15666580.0,13640164.0,0.0,0.0,7.94,8.13,8.31,,,
27,25,global_mutex,GlobalMutex,200,1,189331.70834836658,978.0,2762.0,1038.725438888889,518.1079984896603,0.49879205716177866,0,100,900,1790549434.6991627,2877.95675,3470.607,performance,,16372440.0,15668808.0,13642200.0,0.0,0.0,7.78,8.1,8.3,,,
27,26,sharded_2key,Sharded-2key,1000,1,182461.0031749137,3282.0,21715.0,5339.871372222222,5229.073978292125,0.9792509245622544,0,100,900,1790549438.078588,2624.68675,3598.747,performance,,16372440.0,15670972.0,13644340.0,0.0,0.0,7.16,7.96,8.26,,,
27,27,sharded_2key,Sharded-2key,200,1,191699.39428838238,976.0,2625.0,1024.9524833333332,498.7811359326729,0.4866383018172172,0,100,900,1790549445.9041522,2300.0,2300.0,performance,,16372440.0,15647876.0,13621096.0,0.0,0.0,8.11,8.14,8.31,,,
27,28,sharded_n,Sharded-N,600,1,184968.15759294425,2799.0,8853.0,3186.2593722222223,1867.0723984328206,0.5859762750986123,0,100,900,1790549449.2631617,2300.0,2300.0,performance,,16372440.0,15654168.0,13627424.0,0.0,0.0,8.18,8.16,8.32,,,
27,29,sharded_n,Sharded-N,100,1,187434.61343510318,509.0,1121.0,520.0167777777777,223.5160812038186,0.42982474942247967,0,100,900,1790549454.8532813,2300.0,2300.0,performance,,16372440.0,15666960.0,13640076.0,0.0,0.0,8.49,8.22,8.34,,,
27,30,disabled,Disabled,400,1,191211.7082659724,1924.0,5036.0,2051.82415,1051.3308408713187,0.5123883744478389,0,100,900,1790549457.699904,3341.3255,3710.799,performance,,16372440.0,15661192.0,13634292.0,0.0,0.0,7.81,8.09,8.29,,,
27,31,hdr_histogram,HdrHistogram,100,1,189759.05466323305,494.0,1335.0,519.4456111111111,255.09742654007977,0.4910955470283367,0,100,900,1790549462.1131616,2300.0,2300.0,performance,,16372440.0,15664592.0,13637608.0,0.0,0.0,7.18,7.95,8.25,,,
27,32,sharded_2key,Sharded-2key,500,1,186562.72256310927,2382.0,6926.0,2628.6360222222224,1461.7485375800725,0.5560863220402515,0,100,900,1790549464.9555702,3139.71975,3554.135,performance,,16372440.0,15678080.0,13651104.0,0.0,0.0,7.18,7.95,8.25,,,
27,33,thread_local,ThreadLocal,500,1,189618.73551732392,2337.0,6914.0,2574.933646666667,1493.2907986986756,0.5799337006729427,0,100,900,1790549469.9718425,2869.21925,3125.566,performance,,16372440.0,15665564.0,13638448.0,0.0,0.0,7.33,7.97,8.25,,,
27,34,hdr_histogram,HdrHistogram,400,1,183067.9467485366,2021.0,5220.0,2147.6372944444443,1087.6354629206965,0.5064334958860214,0,100,900,1790549474.9422073,3596.821,3615.591,performance,,16372440.0,15663108.0,13635940.0,0.0,0.0,7.46,7.99,8.26,,,
27,35,global_mutex,GlobalMutex,400,1,190197.87694187535,1928.0,5252.0,2068.264633333333,1071.1071763930959,0.5178772383042872,0,100,900,1790549479.45123,2300.0,2300.0,performance,,16372440.0,15665528.0,13638324.0,0.0,0.0,7.5,7.99,8.26,,,
27,36,sharded_2key,Sharded-2key,600,1,185094.01159472694,2732.0,9345.0,3184.6165370370372,1966.6173221549573,0.6175366168212815,0,100,900,1790549483.886198,2300.0,2300.0,performance,,16372440.0,15661480.0,13634156.0,0.0,0.0,7.79,8.04,8.27,,,
27,37,sharded_2key,Sharded-2key,100,1,190984.39895130042,488.0,1267.0,515.6172222222223,248.30571884575292,0.481569870330548,0,100,900,1790549489.468542,3138.1595,3532.948,performance,,16372440.0,15660060.0,13632668.0,0.0,0.0,8.6,8.2,8.32,,,
27,38,sharded_n,Sharded-N,1000,1,182027.96084260134,3325.0,21787.0,5354.859068888889,5225.466349585734,0.9758363912778001,0,100,900,1790549492.3081634,2300.0,2300.0,performance,,16372440.0,15663200.0,13635780.0,0.0,0.0,7.91,8.07,8.28,,,
27,39,sharded_2key,Sharded-2key,700,1,183999.42248714596,3064.0,11522.0,3719.4271396825397,2480.68654885793,0.6669539301876637,0,100,900,1790549500.1652303,2300.0,2300.0,performance,,16372440.0,15655732.0,13628164.0,0.0,0.0,7.84,8.05,8.27,,,
27,40,hdr_histogram,HdrHistogram,300,1,185300.3426122352,1489.0,4077.0,1594.7134962962964,825.507508469934,0.517652550371691,0,100,900,1790549506.3081667,2300.0,2300.0,performance,,16372440.0,15663560.0,13635880.0,0.0,0.0,9.78,8.45,8.4,,,
27,41,hdr_histogram,HdrHistogram,600,1,183137.69383526678,2810.0,8625.0,3211.1690351851853,1867.8342182980364,0.581667983787817,0,100,900,1790549510.2510636,2300.0,2300.0,performance,,16372440.0,15662744.0,13635016.0,0.0,0.0,9.63,8.44,8.4,,,
27,42,sharded_n,Sharded-N,500,1,182635.1553570425,2471.0,6931.0,2685.38556,1458.972269489462,0.543300854529605,0,100,900,1790549515.8619077,2300.0,2300.0,performance,,16372440.0,15662132.0,13634292.0,0.0,0.0,9.42,8.42,8.39,,,
27,43,hdr_histogram,HdrHistogram,1000,1,181895.0679815021,3325.0,21729.0,5350.519195555556,5158.880266602774,0.964183115329823,0,100,900,1790549520.9342787,2868.05225,3627.561,performance,,16372440.0,15656996.0,13629088.0,0.0,0.0,9.39,8.43,8.39,,,
27,44,thread_local,ThreadLocal,1000,1,184565.01063395612,3154.0,21951.0,5287.281512222222,5280.360407422983,0.9986909899192544,0,100,900,1790549528.7785897,2559.929,3339.716,performance,,16372440.0,15647348.0,13619260.0,0.0,0.0,11.24,8.86,8.53,,,
27,45,thread_local,ThreadLocal,400,1,185249.47752198766,1981.0,5210.0,2123.2041972222223,1078.9351309782696,0.5081636200558737,0,100,900,1790549536.560006,2300.0,2300.0,performance,,16372440.0,15661696.0,13633464.0,0.0,0.0,12.26,9.11,8.62,,,
27,46,thread_local,ThreadLocal,200,1,186098.2067283178,1016.0,2549.0,1056.7485333333334,491.8065854204757,0.4653960425846587,0,100,900,1790549541.0469918,2300.0,2300.0,performance,,16372440.0,15659084.0,13630872.0,0.0,0.0,11.28,8.96,8.57,,,
27,47,hdr_histogram,HdrHistogram,700,1,183444.61741411538,3072.0,11525.0,3755.8777825396824,2513.3759051090087,0.6691846888078163,0,100,900,1790549544.4331734,3169.42725,3589.016,performance,,16372440.0,15665256.0,13637044.0,0.0,0.0,11.09,8.96,8.57,,,
27,48,disabled,Disabled,300,1,193233.71271378113,1446.0,3710.0,1518.0057777777777,745.7397626885243,0.49126279596920863,0,100,900,1790549550.6022158,2300.0,2300.0,performance,,16372440.0,15663916.0,13635524.0,0.0,0.0,10.77,8.92,8.56,,,
28,1,thread_local,ThreadLocal,300,1,190562.43331999902,1466.0,3778.0,1549.237737037037,768.819128808131,0.49625639140350425,0,100,900,1790549554.488377,2542.95675,3271.827,performance,,16372440.0,15664556.0,13636184.0,0.0,0.0,11.18,9.04,8.6,,,
28,2,sharded_n,Sharded-N,300,1,187856.26863072373,1478.0,3848.0,1564.2444481481482,790.2517168527836,0.50519707312264,0,100,900,1790549558.3894734,2550.54275,3302.171,performance,,16372440.0,15673348.0,13644896.0,0.0,0.0,10.29,8.89,8.56,,,
28,3,sharded_n,Sharded-N,600,1,184701.63017333852,2843.0,8627.0,3189.633635185185,1833.6961585865265,0.5748924071902274,0,100,900,1790549562.3145635,3169.6075,3515.588,performance,,16372440.0,15674080.0,13645528.0,0.0,0.0,9.46,8.74,8.51,,,
28,4,disabled,Disabled,200,1,186288.69289761392,1006.0,2624.0,1056.5160555555556,505.30418909978886,0.4782740275859613,0,100,900,1790549567.9043767,2441.68325,2866.733,performance,,16372440.0,15658328.0,13629692.0,0.0,0.0,8.71,8.6,8.47,,,
28,5,global_mutex,GlobalMutex,600,1,187796.26974259928,2692.0,8899.0,3130.453916666667,1919.9496368991934,0.6133134963837997,0,100,900,1790549571.2925808,2525.5225,3202.09,performance,,16372440.0,15677124.0,13648536.0,0.0,0.0,8.71,8.6,8.47,,,
28,6,disabled,Disabled,300,1,189605.66558751152,1478.0,3752.0,1558.848948148148,771.1345881810022,0.4946820467095802,0,100,900,1790549576.820732,2300.0,2300.0,performance,,16372440.0,15665564.0,13636752.0,0.0,0.0,7.81,8.41,8.41,,,
28,7,hdr_histogram,HdrHistogram,400,1,186742.44145145544,1963.0,5346.0,2109.352188888889,1084.5530384294643,0.5141640377279801,0,100,900,1790549580.729582,2539.0955,3256.382,performance,,16372440.0,15667448.0,13638656.0,0.0,0.0,7.81,8.41,8.41,,,
28,8,disabled,Disabled,1000,1,184871.96350257203,3266.0,21596.0,5263.191922222222,5174.130899965811,0.9830785151724416,0,100,900,1790549585.2096698,2300.0,2300.0,performance,,16372440.0,15662072.0,13633184.0,0.0,0.0,7.82,8.41,8.4,,,
28,9,hdr_histogram,HdrHistogram,700,1,183868.25266027942,2964.0,11715.0,3725.1866047619046,2616.9044820824615,0.7024895017976478,0,100,900,1790549592.952489,2545.74825,3282.993,performance,,16372440.0,15660976.0,13631912.0,0.0,0.0,7.65,8.36,8.39,,,
28,10,thread_local,ThreadLocal,200,1,186839.28898047004,1004.0,2582.0,1055.9301222222223,495.81180794971374,0.469549828644219,0,100,900,1790549599.1111534,3522.92525,3656.636,performance,,16372440.0,15656324.0,13627148.0,0.0,0.0,8.16,8.45,8.42,,,
28,11,disabled,Disabled,100,1,186698.97543605938,496.0,1384.0,525.5663111111111,262.91317074465496,0.5002473811322201,0,100,900,1790549602.502679,3260.2745,3591.244,performance,,16372440.0,15665284.0,13636120.0,0.0,0.0,7.51,8.31,8.37,,,
28,12,sharded_n,Sharded-N,400,1,183845.67153135574,1978.0,5605.0,2135.591302777778,1164.5617723980258,0.5453111608402191,0,100,900,1790549605.3490365,2300.0,2300.0,performance,,16372440.0,15670628.0,13641452.0,0.0,0.0,7.51,8.31,8.37,,,
28,13,global_mutex,GlobalMutex,300,1,186846.11967753476,1489.0,3918.0,1577.2052555555556,790.8584770363594,0.5014302826158077,0,100,900,1790549609.8527284,3130.16125,3603.234,performance,,16372440.0,15664464.0,13635228.0,0.0,0.0,7.71,8.34,8.38,,,
28,14,global_mutex,GlobalMutex,700,1,184550.861578114,3048.0,11441.0,3715.7452,2483.2778737339854,0.6683122065888656,0,100,900,1790549613.7758179,2300.0,2300.0,performance,,16372440.0,15673112.0,13643824.0,0.0,0.0,7.89,8.37,8.39,,,
28,15,sharded_n,Sharded-N,700,1,181800.52397663987,3049.0,11576.0,3767.9609142857144,2533.527237714487,0.6723868148708658,0,100,900,1790549619.9121523,2300.0,2300.0,performance,,16372440.0,15658748.0,13629316.0,0.0,0.0,7.9,8.36,8.39,,,
28,16,thread_local,ThreadLocal,400,1,189807.45142317738,1918.0,5242.0,2068.336775,1093.3280929816656,0.5286025497379001,0,100,900,1790549626.0998552,2300.0,2300.0,performance,,16372440.0,15661436.0,13631904.0,0.0,0.0,9.19,8.62,8.47,,,
28,17,disabled,Disabled,600,1,185383.4941556659,2871.0,8555.0,3185.30527037037,1818.6650762110712,0.5709547192001496,0,100,900,1790549630.5344996,2799.531,3396.145,performance,,16372440.0,15668152.0,13638572.0,0.0,0.0,8.69,8.53,8.44,,,
28,18,sharded_n,Sharded-N,200,1,182513.54459631006,1008.0,2894.0,1074.7442833333334,546.3064864737642,0.5083129958871588,0,100,900,1790549636.1088054,2300.0,2300.0,performance,,16372440.0,15681088.0,13651416.0,0.0,0.0,9.52,8.7,8.5,,,
28,19,sharded_2key,Sharded-2key,500,1,186909.74269289165,2390.0,7008.0,2630.0097622222224,1461.5730897130645,0.5557291500234245,0,100,900,1790549639.5192778,2606.36825,3525.473,performance,,16372440.0,15667056.0,13637408.0,0.0,0.0,9.24,8.66,8.49,,,
28,20,global_mutex,GlobalMutex,400,1,187002.55722464735,1959.0,5336.0,2105.773436111111,1103.3628922141124,0.5239703727347682,0,100,900,1790549644.5280924,3079.23425,3482.641,performance,,16372440.0,15677896.0,13648128.0,0.0,0.0,11.22,9.08,8.62,,,
28,21,thread_local,ThreadLocal,1000,1,185707.5142405598,3166.0,21631.0,5256.583085555556,5234.585206879336,0.9958151753109985,0,100,900,1790549649.0024056,2540.7505,3263.002,performance,,16372440.0,15668468.0,13638652.0,0.0,0.0,11.12,9.09,8.63,,,
28,22,sharded_n,Sharded-N,1000,1,182307.78018985892,3303.0,21759.0,5341.80848,5227.728183749999,0.9786438812478726,0,100,900,1790549656.7340798,2300.0,2300.0,performance,,16372440.0,15658288.0,13628240.0,0.0,0.0,11.11,9.12,8.64,,,
28,23,hdr_histogram,HdrHistogram,500,1,187392.46842368404,2415.0,6509.0,2627.3614022222223,1397.1426662835322,0.531766457824123,0,100,900,1790549664.5776556,2604.6475,3518.59,performance,,16372440.0,15664964.0,13634820.0,0.0,0.0,10.28,9.01,8.61,,,
28,24,hdr_histogram,HdrHistogram,300,1,187803.89696257995,1478.0,3802.0,1568.9305851851852,783.3012687950545,0.4992580782040139,0,100,900,1790549669.5780375,2948.01175,3597.365,performance,,16372440.0,15659868.0,13629652.0,0.0,0.0,10.18,9.01,8.61,,,
28,25,thread_local,ThreadLocal,100,1,192509.87662831298,487.0,1353.0,511.3816111111111,242.2859806799207,0.47378704164486996,0,100,900,1790549673.4959214,2300.0,2300.0,performance,,16372440.0,15665420.0,13635160.0,0.0,0.0,9.37,8.86,8.57,,,
28,26,global_mutex,GlobalMutex,1000,1,183508.5620026116,3205.0,21405.0,5323.730127777778,5196.558517797989,0.976112310930969,0,100,900,1790549676.3336606,2614.27225,3557.089,performance,,16372440.0,15670808.0,13640508.0,0.0,0.0,9.37,8.86,8.57,,,
28,27,global_mutex,GlobalMutex,100,1,188241.83912644943,492.0,1494.0,524.2134777777778,268.2979885057746,0.51181055024211,0,100,900,1790549684.1219194,2571.00825,3384.033,performance,,16372440.0,15660700.0,13630240.0,0.0,0.0,9.77,8.96,8.6,,,
28,28,disabled,Disabled,400,1,189690.8960608115,1978.0,4957.0,2077.424952777778,1024.0482511951138,0.49294115285648843,0,100,900,1790549686.9636292,2564.479,3357.916,performance,,16372440.0,15667284.0,13636828.0,0.0,0.0,8.99,8.81,8.56,,,
28,29,thread_local,ThreadLocal,600,1,184787.2426263138,2839.0,8652.0,3203.336262962963,1857.0904141322935,0.5797363316502265,0,100,900,1790549691.4061792,2300.0,2300.0,performance,,16372440.0,15660084.0,13629524.0,0.0,0.0,8.99,8.81,8.56,,,
28,30,hdr_histogram,HdrHistogram,200,1,185280.18607565569,1005.0,2761.0,1062.8492722222222,523.5712332223834,0.4926109909523599,0,100,900,1790549696.9913983,2564.25625,3357.025,performance,,16372440.0,15665960.0,13635320.0,0.0,0.0,9.3,8.9,8.59,,,
28,31,hdr_histogram,HdrHistogram,600,1,181017.4916575332,2874.0,8778.0,3245.4431296296298,1899.3534707685615,0.5852370215420524,0,100,900,1790549700.3890915,2300.0,2300.0,performance,,16372440.0,15658856.0,13628188.0,0.0,0.0,9.3,8.9,8.59,,,
28,32,global_mutex,GlobalMutex,500,1,184886.97497252317,2430.0,6848.0,2659.551068888889,1509.9767452103144,0.5677562513740918,0,100,900,1790549706.034082,2934.148,3574.789,performance,,16372440.0,15664756.0,13633984.0,0.0,0.0,8.88,8.81,8.56,,,
28,33,global_mutex,GlobalMutex,200,1,191696.42320545012,975.0,2616.0,1027.389561111111,506.8390276693452,0.49332701718441063,0,100,900,1790549711.0665739,2537.41975,3249.679,performance,,16372440.0,15663216.0,13632352.0,0.0,0.0,9.45,8.93,8.6,,,
28,34,thread_local,ThreadLocal,700,1,184455.06492139754,2962.0,11718.0,3716.3613746031747,2537.0261058215724,0.6826639957995125,0,100,900,1790549714.4249747,2300.0,2300.0,performance,,16372440.0,15666344.0,13635484.0,0.0,0.0,9.89,9.04,8.64,,,
28,35,sharded_2key,Sharded-2key,400,1,188248.6647435929,1925.0,5302.0,2080.327061111111,1092.0059694436643,0.5249203309696984,0,100,900,1790549720.5663483,2517.96225,3171.849,performance,,16372440.0,15663320.0,13632300.0,0.0,0.0,10.46,9.17,8.68,,,
28,36,sharded_2key,Sharded-2key,600,1,186850.1387209686,2647.0,9201.0,3137.6550666666667,1988.8572899004319,0.6338674097829763,0,100,900,1790549725.0246785,2619.18375,3576.735,performance,,16372440.0,15664652.0,13633628.0,0.0,0.0,10.18,9.13,8.67,,,
28,37,disabled,Disabled,700,1,187122.56737710774,2948.0,11406.0,3666.5169476190476,2505.9967110895027,0.6834815567174289,0,100,900,1790549730.5868177,2605.2475,3520.99,performance,,16372440.0,15660524.0,13629364.0,0.0,0.0,10.81,9.28,8.72,,,
28,38,sharded_2key,Sharded-2key,200,1,192396.37532026903,975.0,2510.0,1023.2564111111111,489.93410961199356,0.47879896406414374,0,100,900,1790549736.6733527,2601.48075,3505.923,performance,,16372440.0,15665660.0,13634388.0,0.0,0.0,10.74,9.29,8.73,,,
28,39,sharded_n,Sharded-N,500,1,185517.27844381452,2467.0,6542.0,2661.45728,1396.6991957305095,0.5247873810435573,0,100,900,1790549740.0337095,2300.0,2300.0,performance,,16372440.0,15667884.0,13636608.0,0.0,0.0,9.88,9.14,8.68,,,
28,40,sharded_2key,Sharded-2key,1000,1,185478.9532774974,3191.0,21658.0,5260.002501111111,5138.197096152513,0.9768430899162371,0,100,900,1790549745.074503,2411.50175,2746.007,performance,,16372440.0,15657808.0,13626376.0,0.0,0.0,11.82,9.55,8.82,,,
28,41,disabled,Disabled,500,1,188840.734040098,2381.0,6681.0,2601.45272,1415.7069061890359,0.5441985915427422,0,100,900,1790549752.8128905,3209.84,3328.623,performance,,16372440.0,15664784.0,13633256.0,0.0,0.0,10.81,9.41,8.79,,,
28,42,thread_local,ThreadLocal,500,1,183767.98508786017,2501.0,6675.0,2679.26924,1413.816642960856,0.5276874088849898,0,100,900,1790549757.8079813,2300.0,2300.0,performance,,16372440.0,15665712.0,13634060.0,0.0,0.0,9.94,9.26,8.74,,,
28,43,hdr_histogram,HdrHistogram,1000,1,184687.52140182082,3176.0,21916.0,5307.9917866666665,5284.668595019652,0.9956060234106614,0,100,900,1790549762.8499458,2300.0,2300.0,performance,,16372440.0,15664460.0,13632784.0,0.0,0.0,9.15,9.1,8.69,,,
28,44,sharded_n,Sharded-N,100,1,185381.29876424168,506.0,1295.0,529.6885555555556,244.22341068252413,0.4610698270163195,0,100,900,1790549770.647194,2300.0,2300.0,performance,,16372440.0,15654572.0,13622700.0,0.0,0.0,14.82,10.28,9.07,,,
28,45,sharded_2key,Sharded-2key,300,1,186807.91313532225,1470.0,4090.0,1585.8122444444443,833.5608174162899,0.5256365123528922,0,100,900,1790549773.498399,2567.4455,3369.782,performance,,16372440.0,15659728.0,13627832.0,0.0,0.0,13.63,10.11,9.02,,,
28,46,hdr_histogram,HdrHistogram,100,1,189831.16667035327,491.0,1255.0,517.6710666666667,245.1516555475143,0.4735664620510263,0,100,900,1790549777.4249537,2300.0,2300.0,performance,,16372440.0,15672576.0,13640680.0,0.0,0.0,12.54,9.94,8.98,,,
28,47,sharded_2key,Sharded-2key,100,1,187128.88171341576,498.0,1243.0,525.2608777777778,252.88378754019436,0.4814441703902836,0,100,900,1790549780.2692528,2622.36975,3589.479,performance,,16372440.0,15678368.0,13646480.0,0.0,0.0,12.54,9.94,8.98,,,
28,48,sharded_2key,Sharded-2key,700,1,183668.20469663286,3091.0,11687.0,3734.142831746032,2476.753757393504,0.6632723677137464,0,100,900,1790549783.1150277,3182.33425,3546.921,performance,,16372440.0,15673836.0,13641912.0,0.0,0.0,11.54,9.78,8.93,,,
29,1,sharded_n,Sharded-N,1000,1,184327.04539138774,3253.0,21605.0,5286.770097777778,5276.830400928518,0.9981198923604722,0,100,900,1790549789.2644815,2557.975,3331.9,performance,,16372440.0,15658872.0,13626764.0,0.0,0.0,11.25,9.75,8.92,,,
29,2,disabled,Disabled,200,1,192529.1232199876,974.0,2516.0,1024.4580555555556,476.38059571798703,0.46500741844393967,0,100,900,1790549797.0423865,2537.49075,3249.963,performance,,16372440.0,15657684.0,13625428.0,0.0,0.0,10.19,9.57,8.87,,,
29,3,hdr_histogram,HdrHistogram,600,1,185729.18316016335,2772.0,9093.0,3165.384285185185,1938.5566764560324,0.612423801283458,0,100,900,1790549800.403928,2826.52375,3521.258,performance,,16372440.0,15663076.0,13630864.0,0.0,0.0,10.19,9.57,8.87,,,
29,4,thread_local,ThreadLocal,500,1,184103.31847467087,2449.0,6748.0,2662.94728,1430.8697049971468,0.5373255849800928,0,100,900,1790549805.971159,2632.35225,3629.409,performance,,16372440.0,15655996.0,13623656.0,0.0,0.0,10.33,9.61,8.89,,,
29,5,thread_local,ThreadLocal,100,1,186963.11710243515,490.0,1484.0,523.4278555555555,270.3018911981868,0.5164071577950202,0,100,900,1790549811.0188465,2300.0,2300.0,performance,,16372440.0,15657232.0,13624824.0,0.0,0.0,10.3,9.62,8.9,,,
29,6,disabled,Disabled,100,1,189847.21840485756,490.0,1320.0,519.3232777777778,255.54600409913672,0.49207500421055017,0,100,900,1790549813.8674653,2567.16875,3368.675,performance,,16372440.0,15667760.0,13635348.0,0.0,0.0,11.8,9.94,9.01,,,
29,7,disabled,Disabled,500,1,188061.01405736775,2377.0,6818.0,2613.540857777778,1450.981485136526,0.5551784204247168,0,100,900,1790549816.707627,3266.1395,3600.0,performance,,16372440.0,15667160.0,13634716.0,0.0,0.0,11.8,9.94,9.01,,,
29,8,global_mutex,GlobalMutex,700,1,188397.70119672854,2878.0,11438.0,3643.209392063492,2520.324650573863,0.6917869327149396,0,100,900,1790549821.7042506,2624.9145,3599.658,performance,,16372440.0,15654052.0,13621480.0,0.0,0.0,10.86,9.78,8.96,,,
29,9,thread_local,ThreadLocal,200,1,192127.66088938434,984.0,2390.0,1024.298811111111,467.4074238335298,0.45631940480972366,0,100,900,1790549827.7695124,2541.703,3266.812,performance,,16372440.0,15644772.0,13612124.0,0.0,0.0,9.19,9.45,8.86,,,
29,10,thread_local,ThreadLocal,1000,1,185509.22257997305,3103.0,22130.0,5242.803734444445,5237.779292319869,0.9990416497776626,0,100,900,1790549831.125839,2300.0,2300.0,performance,,16372440.0,15666000.0,13633336.0,0.0,0.0,9.19,9.45,8.86,,,
29,11,hdr_histogram,HdrHistogram,500,1,182993.42764343147,2467.0,6742.0,2686.356493333333,1447.0207346664906,0.538655512869393,0,100,900,1790549838.868807,2300.0,2300.0,performance,,16372440.0,15648212.0,13615352.0,0.0,0.0,10.67,9.77,8.97,,,
29,12,global_mutex,GlobalMutex,400,1,189546.87045196106,1932.0,5060.0,2068.2885194444443,1059.415783317426,0.5122185678437127,0,100,900,1790549843.9295616,2531.672,3226.688,performance,,16372440.0,15646360.0,13613416.0,0.0,0.0,12.14,10.09,9.08,,,
29,13,sharded_n,Sharded-N,400,1,186504.0528159584,1982.0,5325.0,2119.743608333333,1089.057378854872,0.5137684456617623,0,100,900,1790549848.367845,2300.0,2300.0,performance,,16372440.0,15656736.0,13623756.0,0.0,0.0,11.17,9.92,9.03,,,
29,14,sharded_2key,Sharded-2key,500,1,185891.6885792381,2479.0,6740.0,2641.519122222222,1405.3639763004435,0.5320286968500753,0,100,900,1790549852.8556175,2543.95775,3275.831,performance,,16372440.0,15655836.0,13622780.0,0.0,0.0,10.27,9.75,8.98,,,
29,15,sharded_n,Sharded-N,300,1,182314.12029998982,1530.0,4035.0,1613.7021296296296,816.3781414862061,0.5059038632325397,0,100,900,1790549857.8835824,2564.66725,3358.669,performance,,16372440.0,15670292.0,13637160.0,0.0,0.0,9.45,9.59,8.93,,,
29,16,sharded_2key,Sharded-2key,100,1,188215.42801612493,500.0,1318.0,523.8141222222222,245.2073519854896,0.46811901700020064,0,100,900,1790549861.8453856,3043.60025,3443.862,performance,,16372440.0,15650344.0,13617188.0,0.0,0.0,8.69,9.43,8.88,,,
29,17,sharded_2key,Sharded-2key,600,1,183735.7939439546,2885.0,8509.0,3202.812287037037,1814.3203261765057,0.5664772592261275,0,100,900,1790549864.688252,2359.109,2536.436,performance,,16372440.0,15660036.0,13626856.0,0.0,0.0,8.69,9.43,8.88,,,
29,18,disabled,Disabled,700,1,185748.28717833653,3014.0,11315.0,3697.2221476190475,2483.6390013833716,0.6717581206157157,0,100,900,1790549870.2910733,2300.0,2300.0,performance,,16372440.0,15662368.0,13629016.0,0.0,0.0,11.12,9.92,9.05,,,
29,19,sharded_2key,Sharded-2key,400,1,188935.2216132371,1942.0,5229.0,2077.8423944444444,1078.5998048258232,0.5190960621987935,0,100,900,1790549876.3945003,3510.98925,3672.064,performance,,16372440.0,15658500.0,13625072.0,0.0,0.0,11.51,10.03,9.08,,,
29,20,thread_local,ThreadLocal,700,1,184869.22287056796,3055.0,11239.0,3733.335619047619,2457.2095828655074,0.6581807352997495,0,100,900,1790549880.8451302,2300.0,2300.0,performance,,16372440.0,15663340.0,13629844.0,0.0,0.0,11.31,10.01,9.08,,,
29,21,sharded_n,Sharded-N,100,1,187355.84529003644,493.0,1403.0,517.3055888888889,253.3145002347191,0.48968057889884514,0,100,900,1790549886.9866655,2586.18675,3444.747,performance,,16372440.0,15649948.0,13616388.0,0.0,0.0,10.6,9.91,9.06,,,
29,22,sharded_n,Sharded-N,200,1,186819.76452267493,970.0,3104.0,1053.9574222222222,579.4381521892857,0.5497737764088858,0,100,900,1790549889.835659,2578.15375,3412.615,performance,,16372440.0,15663564.0,13629992.0,0.0,0.0,10.6,9.91,9.06,,,
29,23,hdr_histogram,HdrHistogram,300,1,184523.5091930856,1500.0,4065.0,1606.4602111111112,818.1782202578227,0.5093050015175465,0,100,900,1790549893.223936,2300.0,2300.0,performance,,16372440.0,15662784.0,13629116.0,0.0,0.0,9.75,9.74,9.01,,,
29,24,thread_local,ThreadLocal,600,1,182485.01055619688,2845.0,8900.0,3229.78225,1891.9636067174215,0.5857867373930306,0,100,900,1790549897.1884599,2750.226,3214.881,performance,,16372440.0,15666580.0,13632840.0,0.0,0.0,8.97,9.58,8.96,,,
29,25,hdr_histogram,HdrHistogram,200,1,184868.42815884962,1011.0,2621.0,1062.0591,505.3340093979385,0.4758059220978743,0,100,900,1790549902.802051,2300.0,2300.0,performance,,16372440.0,15659672.0,13625836.0,0.0,0.0,8.25,9.42,8.91,,,
29,26,sharded_2key,Sharded-2key,700,1,185155.27803604712,2904.0,12449.0,3699.8805793650795,2703.77936170405,0.7307747652136476,0,100,900,1790549906.2026558,2582.34825,3429.393,performance,,16372440.0,15667476.0,13633640.0,0.0,0.0,8.25,9.42,8.91,,,
29,27,hdr_histogram,HdrHistogram,700,1,184386.14867708247,2987.0,11376.0,3713.997404761905,2501.9359624829667,0.6736504337011942,0,100,900,1790549912.3258884,2300.0,2300.0,performance,,16372440.0,15658068.0,13624068.0,0.0,0.0,8.02,9.34,8.89,,,
29,28,disabled,Disabled,400,1,185624.38585011786,1980.0,5383.0,2121.1601444444445,1118.7436154909344,0.5274206280091812,0,100,900,1790549918.4711049,2300.0,2300.0,performance,,16372440.0,15658772.0,13624696.0,0.0,0.0,7.37,9.18,8.85,,,
29,29,sharded_2key,Sharded-2key,300,1,190405.31859430304,1407.0,4304.0,1547.0107925925927,861.7033158403228,0.5570118320869747,0,100,900,1790549922.9486883,2300.0,2300.0,performance,,16372440.0,15667216.0,13633116.0,0.0,0.0,6.78,9.03,8.8,,,
29,30,global_mutex,GlobalMutex,200,1,189099.99038300483,963.0,3055.0,1041.7707222222223,553.5102035055367,0.531316720367062,0,100,900,1790549926.8519962,2300.0,2300.0,performance,,16372440.0,15663116.0,13628968.0,0.0,0.0,6.24,8.88,8.75,,,
29,31,global_mutex,GlobalMutex,1000,1,185464.84132276996,3182.0,21707.0,5263.693657777778,5186.046163652331,0.9852484777470452,0,100,900,1790549930.230684,2300.0,2300.0,performance,,16372440.0,15664116.0,13629924.0,0.0,0.0,6.24,8.88,8.75,,,
29,32,disabled,Disabled,300,1,187095.93644187503,1507.0,3786.0,1575.3630481481482,775.6435941058837,0.49235863124862483,0,100,900,1790549937.9692867,3552.9425,3691.689,performance,,16372440.0,15659444.0,13625064.0,0.0,0.0,12.2,10.12,9.16,,,
29,33,sharded_2key,Sharded-2key,1000,1,186180.12811218455,3165.0,22037.0,5243.239683333333,5221.291555601441,0.9958140140337932,0,100,900,1790549941.893331,2450.4215,2901.686,performance,,16372440.0,15668640.0,13634236.0,0.0,0.0,11.23,9.95,9.11,,,
29,34,hdr_histogram,HdrHistogram,100,1,188669.80348662677,498.0,1294.0,521.2181444444444,245.89601743242528,0.4717717908583569,0,100,900,1790549949.627897,2948.4925,3600.615,performance,,16372440.0,15653472.0,13618900.0,0.0,0.0,12.09,10.16,9.18,,,
29,35,sharded_n,Sharded-N,500,1,187897.12385947668,2339.0,7274.0,2622.879082222222,1535.3497481712918,0.5853681012509634,0,100,900,1790549952.4757018,2300.0,2300.0,performance,,16372440.0,15678908.0,13644300.0,0.0,0.0,11.12,9.99,9.13,,,
29,36,sharded_2key,Sharded-2key,200,1,191281.12879202285,980.0,2572.0,1028.6390944444445,487.2374443614592,0.47367190980098833,0,100,900,1790549957.473811,3202.5385,3541.186,performance,,16372440.0,15658232.0,13623532.0,0.0,0.0,10.23,9.82,9.08,,,
29,37,sharded_n,Sharded-N,600,1,184151.51425408138,2735.0,9387.0,3199.9085314814815,1984.9640766464317,0.6203190050958864,0,100,900,1790549960.8375833,3156.431,3561.773,performance,,16372440.0,15662524.0,13627868.0,0.0,0.0,10.23,9.82,9.08,,,
29,38,thread_local,ThreadLocal,400,1,186781.52375865885,1967.0,5203.0,2098.7456944444443,1073.199648599942,0.5113528768353361,0,100,900,1790549966.4290118,2300.0,2300.0,performance,,16372440.0,15666628.0,13631836.0,0.0,0.0,10.45,9.87,9.1,,,
29,39,global_mutex,GlobalMutex,500,1,187137.09532357924,2426.0,6728.0,2627.6139044444444,1405.5270845328719,0.5349062440853699,0,100,900,1790549970.8970547,2300.0,2300.0,performance,,16372440.0,15673568.0,13638732.0,0.0,0.0,10.82,9.96,9.13,,,
29,40,disabled,Disabled,1000,1,186472.1280637485,3160.0,21788.0,5230.648823333333,5156.040800395038,0.9857363731616856,0,100,900,1790549975.901689,2300.0,2300.0,performance,,16372440.0,15672124.0,13637172.0,0.0,0.0,19.08,11.69,9.7,,,
29,41,global_mutex,GlobalMutex,300,1,184763.91661220134,1512.0,3769.0,1593.7619074074073,777.8934351644255,0.48808635188792693,0,100,900,1790549983.6225863,2587.419,3449.676,performance,,16372440.0,15654432.0,13619320.0,0.0,0.0,16.96,11.48,9.65,,,
29,42,hdr_histogram,HdrHistogram,1000,1,180174.39944959842,3398.0,22236.0,5414.6064633333335,5253.9553832156735,0.9703300542328315,0,100,900,1790549987.5789971,2300.0,2300.0,performance,,16372440.0,15677640.0,13642488.0,0.0,0.0,15.6,11.29,9.6,,,
29,43,global_mutex,GlobalMutex,600,1,186191.83472376436,2710.0,9134.0,3161.699087037037,1967.3403825031373,0.6222415000115701,0,100,900,1790549995.471799,2300.0,2300.0,performance,,16372440.0,15663216.0,13627936.0,0.0,0.0,14.99,11.24,9.59,,,
29,44,thread_local,ThreadLocal,300,1,193128.94867693182,1445.0,3674.0,1524.1285444444445,739.0922307527072,0.4849277532703854,0,100,900,1790550001.033683,3232.7975,3590.357,performance,,16372440.0,15662440.0,13627060.0,0.0,0.0,16.19,11.55,9.7,,,
29,45,disabled,Disabled,600,1,183922.63977260274,2844.0,8689.0,3200.6895074074073,1849.6247250398665,0.5778832094644764,0,100,900,1790550004.9156663,3059.902,3519.334,performance,,16372440.0,15663952.0,13628588.0,0.0,0.0,15.54,11.49,9.69,,,
29,46,hdr_histogram,HdrHistogram,400,1,183760.93237238488,2026.0,5074.0,2142.5742,1048.324919700088,0.4892829007742593,0,100,900,1790550010.5099292,2300.0,2300.0,performance,,16372440.0,15661384.0,13625848.0,0.0,0.0,16.21,11.7,9.77,,,
29,47,sharded_n,Sharded-N,700,1,183944.5065234445,3026.0,11507.0,3713.2917396825396,2524.107660241599,0.6797493537250032,0,100,900,1790550015.0149512,2300.0,2300.0,performance,,16372440.0,15655544.0,13619972.0,0.0,0.0,15.4,11.6,9.75,,,
29,48,global_mutex,GlobalMutex,100,1,188664.02875783152,496.0,1366.0,522.0225555555555,247.8036526692957,0.4746991294381408,0,100,900,1790550021.1765409,2531.92825,3227.713,performance,,16372440.0,15665096.0,13629420.0,0.0,0.0,15.2,11.62,9.77,,,
30,1,thread_local,ThreadLocal,700,1,185206.4799017791,2976.0,11570.0,3708.6425063492065,2537.981693804628,0.6843425025355223,0,100,900,1790550024.0204577,2599.81975,3499.279,performance,,16372440.0,15679020.0,13643292.0,0.0,0.0,15.35,11.71,9.8,,,
30,2,sharded_2key,Sharded-2key,300,1,191971.65331209463,1458.0,3795.0,1536.656274074074,754.6985784284416,0.4911303790974283,0,100,900,1790550030.1299064,2300.0,2300.0,performance,,16372440.0,15665208.0,13629412.0,0.0,0.0,20.2,12.78,10.16,,,
30,3,disabled,Disabled,700,1,187800.9768880975,2955.0,11224.0,3646.2096825396825,2502.393281683429,0.6862998838674701,0,100,900,1790550034.0192041,2300.0,2300.0,performance,,16372440.0,15678656.0,13642836.0,0.0,0.0,19.47,12.75,10.16,,,
30,4,thread_local,ThreadLocal,500,1,186917.32131028178,2447.0,6569.0,2629.4890333333333,1379.3044185502968,0.524552261319679,0,100,900,1790550040.0912194,3490.42825,3591.342,performance,,16372440.0,15657968.0,13621968.0,0.0,0.0,18.95,12.76,10.18,,,
30,5,hdr_histogram,HdrHistogram,400,1,188106.5215566978,1954.0,5210.0,2090.3125194444447,1077.2039537240319,0.5153315323444204,0,100,900,1790550045.0996537,2613.435,3553.74,performance,,16372440.0,15668776.0,13632736.0,0.0,0.0,18.95,12.86,10.23,,,
30,6,sharded_2key,Sharded-2key,400,1,186541.82016813057,1992.0,5157.0,2104.5486111111113,1077.3804478245281,0.5119294665546915,0,100,900,1790550049.5586464,2537.8055,3251.222,performance,,16372440.0,15665068.0,13628980.0,0.0,0.0,18.32,12.83,10.23,,,
30,7,sharded_n,Sharded-N,200,1,191337.4529952308,984.0,2531.0,1028.203188888889,484.52276712292377,0.4712325076977396,0,100,900,1790550054.034827,3254.51875,3601.475,performance,,16372440.0,15670160.0,13634016.0,0.0,0.0,17.65,12.78,10.23,,,
30,8,sharded_2key,Sharded-2key,700,1,186208.31156978125,2988.0,11291.0,3687.3786968253967,2460.192043935947,0.6671926716000228,0,100,900,1790550057.4015403,2428.942,2815.768,performance,,16372440.0,15669572.0,13633380.0,0.0,0.0,16.24,12.57,10.18,,,
30,9,disabled,Disabled,600,1,190253.4543482943,2684.0,8667.0,3092.5014925925925,1861.9363663599584,0.602080991980058,0,100,900,1790550063.5124645,2438.80075,2855.203,performance,,16372440.0,15665408.0,13629088.0,0.0,0.0,14.94,12.36,10.12,,,
30,10,global_mutex,GlobalMutex,100,1,190248.9579261301,492.0,1378.0,518.6353777777778,255.27921550148784,0.4922132705163599,0,100,900,1790550069.0237975,2300.0,2300.0,performance,,16372440.0,15662296.0,13625868.0,0.0,0.0,16.46,12.72,10.25,,,
30,11,sharded_n,Sharded-N,400,1,184362.6296900455,1952.0,5706.0,2132.237088888889,1192.7323268147322,0.5593807241371391,0,100,900,1790550071.86215,2300.0,2300.0,performance,,16372440.0,15669944.0,13633508.0,0.0,0.0,15.14,12.51,10.19,,,
30,12,global_mutex,GlobalMutex,700,1,187600.81606438366,2877.0,12088.0,3653.3905571428572,2700.9165835007248,0.7392904046954627,0,100,900,1790550076.3571784,2300.0,2300.0,performance,,16372440.0,15672672.0,13636184.0,0.0,0.0,15.14,12.51,10.19,,,
30,13,sharded_2key,Sharded-2key,600,1,186494.35290229836,2726.0,8844.0,3164.2402685185184,1900.8605870491542,0.6007320638578206,0,100,900,1790550082.4329782,3177.73525,3598.535,performance,,16372440.0,15669560.0,13632964.0,0.0,0.0,13.7,12.29,10.15,,,
30,14,sharded_2key,Sharded-2key,100,1,187790.88534277887,500.0,1329.0,522.7900777777778,247.39339442432515,0.473217463261582,0,100,900,1790550087.9860883,2300.0,2300.0,performance,,16372440.0,15672344.0,13635608.0,0.0,0.0,12.6,12.09,10.09,,,
30,15,sharded_n,Sharded-N,300,1,187702.06609705376,1488.0,3765.0,1570.6576925925926,768.6077915388998,0.48935410634904414,0,100,900,1790550090.8331919,2300.0,2300.0,performance,,16372440.0,15672616.0,13635896.0,0.0,0.0,12.6,12.09,10.09,,,
30,16,hdr_histogram,HdrHistogram,300,1,190808.81756040064,1462.0,3728.0,1545.8132185185186,749.1991468741696,0.4846634366292905,0,100,900,1790550094.757843,2300.0,2300.0,performance,,16372440.0,15676324.0,13639568.0,0.0,0.0,12.72,12.12,10.12,,,
30,17,disabled,Disabled,400,1,191797.0388391241,1920.0,5210.0,2063.968638888889,1085.7337649587464,0.5260417937082791,0,100,900,1790550098.6589317,2914.04275,3537.423,performance,,16372440.0,15663128.0,13626280.0,0.0,0.0,11.7,11.92,10.06,,,
30,18,disabled,Disabled,100,1,183910.89272033176,509.0,1372.0,536.7724222222222,261.07041358633774,0.4863707649240135,0,100,900,1790550103.084704,2300.0,2300.0,performance,,16372440.0,15664260.0,13627348.0,0.0,0.0,10.76,11.72,10.01,,,
30,19,disabled,Disabled,500,1,187131.76095122666,2391.0,6798.0,2607.977713333333,1437.4758768529664,0.5511841107781884,0,100,900,1790550105.943029,2300.0,2300.0,performance,,16372440.0,15664836.0,13627928.0,0.0,0.0,10.76,11.72,10.01,,,
30,20,hdr_histogram,HdrHistogram,500,1,184593.51973069823,2450.0,6751.0,2651.66794,1424.3962129461047,0.5371699040665343,0,100,900,1790550110.946671,2300.0,2300.0,performance,,16372440.0,15664056.0,13627028.0,0.0,0.0,10.14,11.57,9.97,,,
30,21,sharded_2key,Sharded-2key,500,1,187566.35245686074,2353.0,7048.0,2618.175711111111,1487.5676423343057,0.5681695220153907,0,100,900,1790550115.9941928,2300.0,2300.0,performance,,16372440.0,15657648.0,13620572.0,0.0,0.0,10.37,11.6,9.99,,,
30,22,sharded_2key,Sharded-2key,1000,1,189975.64501887737,2994.0,21608.0,5110.483737777778,5156.030030071981,1.0089123250618166,0,100,900,1790550120.9908442,2300.0,2300.0,performance,,16372440.0,15667152.0,13630016.0,0.0,0.0,11.06,11.72,10.03,,,
30,23,global_mutex,GlobalMutex,400,1,188154.01856669044,1938.0,5261.0,2084.1404194444444,1092.3623895767378,0.5241308979881123,0,100,900,1790550128.614507,2555.5575,3322.23,performance,,16372440.0,15662840.0,13625548.0,0.0,0.0,9.95,11.47,9.97,,,
30,24,thread_local,ThreadLocal,400,1,187545.5081129035,1954.0,5118.0,2095.4707944444444,1068.7617685806376,0.5100341991948354,0,100,900,1790550133.075516,3581.0405,3740.716,performance,,16372440.0,15665704.0,13628364.0,0.0,0.0,9.15,11.28,9.91,,,
30,25,disabled,Disabled,1000,1,183376.07310371427,3270.0,20923.0,5319.204717777778,5150.319246768213,0.9682498644120393,0,100,900,1790550137.544055,2300.0,2300.0,performance,,16372440.0,15660960.0,13623572.0,0.0,0.0,8.42,11.09,9.86,,,
30,26,hdr_histogram,HdrHistogram,100,1,187034.02498875986,497.0,1403.0,524.1824666666666,264.17420572929416,0.5039737544241163,0,100,900,1790550145.3437343,2891.1795,3621.531,performance,,16372440.0,15665216.0,13627584.0,0.0,0.0,8.54,11.07,9.86,,,
30,27,sharded_2key,Sharded-2key,200,1,189521.47993179475,984.0,2637.0,1041.1466333333333,510.8163705238293,0.4906286532266838,0,100,900,1790550148.1933177,2567.75,3371.0,performance,,16372440.0,15675012.0,13637436.0,0.0,0.0,7.86,10.89,9.81,,,
30,28,thread_local,ThreadLocal,300,1,188666.28914309287,1472.0,3816.0,1560.5686148148147,776.9639904422984,0.4978723672041149,0,100,900,1790550151.5741756,3618.59475,3746.5,performance,,16372440.0,15669884.0,13632244.0,0.0,0.0,7.86,10.89,9.81,,,
30,29,sharded_n,Sharded-N,700,1,185332.16034353687,2981.0,11491.0,3691.712746031746,2495.5483409683375,0.6759865982668407,0,100,900,1790550155.4876783,2300.0,2300.0,performance,,16372440.0,15660020.0,13622328.0,0.0,0.0,7.23,10.7,9.76,,,
30,30,global_mutex,GlobalMutex,300,1,189748.299667595,1464.0,3862.0,1553.1297518518518,782.1330988501823,0.5035851627448493,0,100,900,1790550161.6032805,2557.016,3328.064,performance,,16372440.0,15672896.0,13635040.0,0.0,0.0,6.97,10.59,9.72,,,
30,31,disabled,Disabled,300,1,191991.4908006004,1424.0,3886.0,1535.5305407407407,802.047933136386,0.522326265649837,0,100,900,1790550165.5053186,2625.32625,3601.305,performance,,16372440.0,15663836.0,13625960.0,0.0,0.0,6.41,10.42,9.67,,,
30,32,sharded_n,Sharded-N,1000,1,183643.30661177394,3222.0,21918.0,5299.639392222222,5216.780328851412,0.9843651506756451,0,100,900,1790550169.392443,2534.068,3236.272,performance,,16372440.0,15664280.0,13626332.0,0.0,0.0,7.26,10.53,9.71,,,
30,33,sharded_n,Sharded-N,500,1,184016.3666871795,2454.0,6796.0,2669.7385222222224,1463.6669829418029,0.5482435717050985,0,100,900,1790550177.211628,2897.23225,3502.79,performance,,16372440.0,15662184.0,13624092.0,0.0,0.0,7.18,10.41,9.68,,,
30,34,thread_local,ThreadLocal,200,1,190618.30237112657,982.0,2632.0,1032.8507333333334,491.8527702510343,0.47620895680024455,0,100,900,1790550182.259897,2300.0,2300.0,performance,,16372440.0,15671192.0,13633028.0,0.0,0.0,6.6,10.24,9.63,,,
30,35,global_mutex,GlobalMutex,600,1,188323.46146747028,2691.0,8761.0,3117.704685185185,2009.728953417567,0.6446181265876352,0,100,900,1790550185.6290476,2300.0,2300.0,performance,,16372440.0,15671200.0,13633032.0,0.0,0.0,6.6,10.24,9.63,,,
30,36,thread_local,ThreadLocal,600,1,187057.96727951345,2761.0,8853.0,3149.4803962962965,1864.5432546446311,0.5920161487073498,0,100,900,1790550191.1554284,2495.47325,3081.893,performance,,16372440.0,15662464.0,13624172.0,0.0,0.0,6.71,10.2,9.62,,,
30,37,thread_local,ThreadLocal,100,1,185500.58771223703,504.0,1397.0,531.7120888888888,254.9962533218507,0.47957580549788276,0,100,900,1790550196.697639,2544.38,3277.52,performance,,16372440.0,15657960.0,13619592.0,0.0,0.0,6.98,10.19,9.62,,,
30,38,global_mutex,GlobalMutex,1000,1,182586.43160252506,3321.0,21459.0,5331.374578888889,5166.751384990738,0.9691218106208437,0,100,900,1790550199.5501359,2300.0,2300.0,performance,,16372440.0,15672124.0,13633728.0,0.0,0.0,6.42,10.03,9.57,,,
30,39,disabled,Disabled,200,1,191324.56225506158,973.0,2561.0,1026.6533777777777,499.99729505291475,0.4870166561329336,0,100,900,1790550207.3938875,2300.0,2300.0,performance,,16372440.0,15662436.0,13623800.0,0.0,0.0,5.87,9.79,9.5,,,
30,40,global_mutex,GlobalMutex,500,1,190952.0879379175,2310.0,7000.0,2571.288217777778,1472.6641163116008,0.5727339728505204,0,100,900,1790550210.7587833,3169.51525,3756.047,performance,,16372440.0,15673632.0,13634996.0,0.0,0.0,5.87,9.79,9.5,,,
30,41,hdr_histogram,HdrHistogram,600,1,186988.6796502762,2799.0,8733.0,3160.775425925926,1855.2127997560037,0.5869486280293175,0,100,900,1790550215.7253752,2541.2185,3264.874,performance,,16372440.0,15662124.0,13623452.0,0.0,0.0,8.12,10.2,9.63,,,
30,42,sharded_n,Sharded-N,600,1,182356.57092839418,2874.0,8586.0,3229.51322037037,1851.1443693029282,0.573196095816147,0,100,900,1790550221.2800305,2300.0,2300.0,performance,,16372440.0,15664740.0,13625944.0,0.0,0.0,8.03,10.14,9.62,,,
30,43,sharded_n,Sharded-N,100,1,187683.51537730664,499.0,1314.0,525.4452888888889,254.91618053481912,0.48514314606163295,0,100,900,1790550226.9077392,2300.0,2300.0,performance,,16372440.0,15673052.0,13634196.0,0.0,0.0,8.05,10.09,9.61,,,
30,44,hdr_histogram,HdrHistogram,1000,1,182498.09957682458,3291.0,22383.0,5346.8532655555555,5285.355583669609,0.9884983412052627,0,100,900,1790550229.7575588,3196.6975,3246.633,performance,,16372440.0,15669672.0,13630800.0,0.0,0.0,8.05,10.09,9.61,,,
30,45,hdr_histogram,HdrHistogram,700,1,180519.85147493685,3058.0,11448.0,3790.2587317460316,2548.614180966102,0.6724116640428001,0,100,900,1790550237.6113868,2596.1815,3484.726,performance,,16372440.0,15653168.0,13614136.0,0.0,0.0,8.95,10.23,9.66,,,
30,46,hdr_histogram,HdrHistogram,200,1,186165.74467805814,1011.0,2585.0,1056.290788888889,493.8860645768789,0.4675663839655338,0,100,900,1790550243.8304424,2496.18525,3084.741,performance,,16372440.0,15659512.0,13620392.0,0.0,0.0,8.23,10.06,9.61,,,
30,47,thread_local,ThreadLocal,1000,1,183257.64709024466,3295.0,22734.0,5332.42231,5316.8230990767,0.9970746482524374,0,100,900,1790550247.2232845,2466.08375,2964.335,performance,,16372440.0,15656448.0,13617328.0,0.0,0.0,7.57,9.89,9.56,,,
30,48,global_mutex,GlobalMutex,200,1,189628.86529576176,992.0,2506.0,1036.5661222222222,489.52501149215243,0.472256425323542,0,100,900,1790550255.0254283,2558.1585,3332.634,performance,,16372440.0,15658468.0,13619180.0,0.0,0.0,8.09,9.96,9.58,,,
