{
  "timestamp": "1776686367",
  "runs_per_config": 1,
  "results": [
    {
      "name": "Mixed (50% GET / 50% SET)",
      "concurrency": 400,
      "target": "RustRedis",
      "runs": 1,
      "ops_per_sec_mean": 97761.19729767683,
      "ops_per_sec_stddev": 0.0,
      "p50_us_mean": 2383.0,
      "p50_us_stddev": 0.0,
      "p99_us_mean": 34731.0,
      "p99_us_stddev": 0.0,
      "max_us_mean": 243742.0,
      "max_us_stddev": 0.0,
      "total_errors": 0,
      "per_run": [
        {
          "name": "Mixed (50% GET / 50% SET)",
          "concurrency": 400,
          "warmup_ops_per_client": 100,
          "measured_ops_per_client": 900,
          "total_ops": 360000,
          "duration_secs": 3.682442625,
          "ops_per_sec": 97761.19729767683,
          "p50_us": 2383.0,
          "p95_us": 13902.0,
          "p99_us": 34731.0,
          "max_us": 243742.0,
          "avg_us": 4053.5019722222223,
          "latency_stddev_us": 6773.2242945484295,
          "latency_cv": 1.670956210448121,
          "errors": 0,
          "target": "RustRedis"
        }
      ]
    }
  ],
  "memory_samples": [
    {
      "elapsed_secs": 0.004361292,
      "rss_bytes": 0,
      "vsize_bytes": 0,
      "label": "idle"
    },
    {
      "elapsed_secs": 4.3209254999999995,
      "rss_bytes": 0,
      "vsize_bytes": 0,
      "label": "mixed_c400"
    }
  ]
}