{
  "timestamp": "1776679288",
  "runs_per_config": 1,
  "results": [
    {
      "name": "Mixed (50% GET / 50% SET)",
      "concurrency": 1000,
      "target": "RustRedis",
      "runs": 1,
      "ops_per_sec_mean": 68587.44058508935,
      "ops_per_sec_stddev": 0.0,
      "p50_us_mean": 4648.0,
      "p50_us_stddev": 0.0,
      "p99_us_mean": 131978.0,
      "p99_us_stddev": 0.0,
      "max_us_mean": 473349.0,
      "max_us_stddev": 0.0,
      "total_errors": 0,
      "per_run": [
        {
          "name": "Mixed (50% GET / 50% SET)",
          "concurrency": 1000,
          "warmup_ops_per_client": 100,
          "measured_ops_per_client": 900,
          "total_ops": 900000,
          "duration_secs": 13.121935916,
          "ops_per_sec": 68587.44058508935,
          "p50_us": 4648.0,
          "p95_us": 58171.0,
          "p99_us": 131978.0,
          "max_us": 473349.0,
          "avg_us": 13964.427078888888,
          "latency_stddev_us": 25745.647076036163,
          "latency_cv": 1.8436593875704261,
          "errors": 0,
          "target": "RustRedis"
        }
      ]
    }
  ],
  "memory_samples": [
    {
      "elapsed_secs": 0.003180166,
      "rss_bytes": 0,
      "vsize_bytes": 0,
      "label": "idle"
    },
    {
      "elapsed_secs": 14.458477875,
      "rss_bytes": 0,
      "vsize_bytes": 0,
      "label": "mixed_c1000"
    }
  ]
}