{
  "timestamp": "1776679271",
  "runs_per_config": 1,
  "results": [
    {
      "name": "Mixed (50% GET / 50% SET)",
      "concurrency": 1000,
      "target": "RustRedis",
      "runs": 1,
      "ops_per_sec_mean": 70980.70967253624,
      "ops_per_sec_stddev": 0.0,
      "p50_us_mean": 4664.0,
      "p50_us_stddev": 0.0,
      "p99_us_mean": 136164.0,
      "p99_us_stddev": 0.0,
      "max_us_mean": 338058.0,
      "max_us_stddev": 0.0,
      "total_errors": 0,
      "per_run": [
        {
          "name": "Mixed (50% GET / 50% SET)",
          "concurrency": 1000,
          "warmup_ops_per_client": 100,
          "measured_ops_per_client": 900,
          "total_ops": 900000,
          "duration_secs": 12.679501292,
          "ops_per_sec": 70980.70967253624,
          "p50_us": 4664.0,
          "p95_us": 60091.0,
          "p99_us": 136164.0,
          "max_us": 338058.0,
          "avg_us": 13932.579734444444,
          "latency_stddev_us": 26266.26366069985,
          "latency_cv": 1.8852405054437829,
          "errors": 0,
          "target": "RustRedis"
        }
      ]
    }
  ],
  "memory_samples": [
    {
      "elapsed_secs": 0.003588417,
      "rss_bytes": 0,
      "vsize_bytes": 0,
      "label": "idle"
    },
    {
      "elapsed_secs": 14.259006167,
      "rss_bytes": 0,
      "vsize_bytes": 0,
      "label": "mixed_c1000"
    }
  ]
}