{
  "timestamp": "1776687661",
  "runs_per_config": 1,
  "results": [
    {
      "name": "Mixed (50% GET / 50% SET)",
      "concurrency": 1000,
      "target": "RustRedis",
      "runs": 1,
      "ops_per_sec_mean": 80254.06266168835,
      "ops_per_sec_stddev": 0.0,
      "p50_us_mean": 5810.0,
      "p50_us_stddev": 0.0,
      "p99_us_mean": 101357.0,
      "p99_us_stddev": 0.0,
      "max_us_mean": 264407.0,
      "max_us_stddev": 0.0,
      "total_errors": 0,
      "per_run": [
        {
          "name": "Mixed (50% GET / 50% SET)",
          "concurrency": 1000,
          "warmup_ops_per_client": 100,
          "measured_ops_per_client": 900,
          "total_ops": 900000,
          "duration_secs": 11.214385542,
          "ops_per_sec": 80254.06266168835,
          "p50_us": 5810.0,
          "p95_us": 45007.0,
          "p99_us": 101357.0,
          "max_us": 264407.0,
          "avg_us": 12086.924592222222,
          "latency_stddev_us": 18673.027037947148,
          "latency_cv": 1.5448948072335122,
          "errors": 0,
          "target": "RustRedis"
        }
      ]
    }
  ],
  "memory_samples": [
    {
      "elapsed_secs": 0.001365375,
      "rss_bytes": 0,
      "vsize_bytes": 0,
      "label": "idle"
    },
    {
      "elapsed_secs": 12.744154708,
      "rss_bytes": 0,
      "vsize_bytes": 0,
      "label": "mixed_c1000"
    }
  ]
}