{
  "timestamp": "1776682882",
  "runs_per_config": 1,
  "results": [
    {
      "name": "Mixed (50% GET / 50% SET)",
      "concurrency": 1000,
      "target": "RustRedis",
      "runs": 1,
      "ops_per_sec_mean": 70035.67692320643,
      "ops_per_sec_stddev": 0.0,
      "p50_us_mean": 4734.0,
      "p50_us_stddev": 0.0,
      "p99_us_mean": 131471.0,
      "p99_us_stddev": 0.0,
      "max_us_mean": 380515.0,
      "max_us_stddev": 0.0,
      "total_errors": 0,
      "per_run": [
        {
          "name": "Mixed (50% GET / 50% SET)",
          "concurrency": 1000,
          "warmup_ops_per_client": 100,
          "measured_ops_per_client": 900,
          "total_ops": 900000,
          "duration_secs": 12.850593291,
          "ops_per_sec": 70035.67692320643,
          "p50_us": 4734.0,
          "p95_us": 57958.0,
          "p99_us": 131471.0,
          "max_us": 380515.0,
          "avg_us": 13756.728516666666,
          "latency_stddev_us": 25212.917353264595,
          "latency_cv": 1.8327698567808786,
          "errors": 0,
          "target": "RustRedis"
        }
      ]
    }
  ],
  "memory_samples": [
    {
      "elapsed_secs": 0.002104875,
      "rss_bytes": 0,
      "vsize_bytes": 0,
      "label": "idle"
    },
    {
      "elapsed_secs": 13.869457792,
      "rss_bytes": 0,
      "vsize_bytes": 0,
      "label": "mixed_c1000"
    }
  ]
}