block_id,order_in_block,strategy,strategy_label,concurrency,workload,run_id,metric_cardinality,achieved_metric_entries,throughput,p50,p99,avg_latency,latency_stddev,latency_cv,errors,warmup_ops_per_client,measured_ops_per_client,unix_time,cpu_freq_mean_mhz,cpu_freq_max_mhz,cpu_governor,temp_max_celsius,mem_total_kb,mem_available_kb,mem_free_kb,swap_total_kb,swap_free_kb,load_1m,load_5m,load_15m,ac_online,battery_status,battery_capacity_pct
1,1,global_mutex,GlobalMutex,1000,mixed,1,,4,274324.2863913716,2094.0,15303.0,3535.505652222222,3525.321564489577,0.9971194819823739,0,100,900,1790692542.305487,2654.182375,3032.899,performance,,32861572.0,31862420.0,30132488.0,0.0,0.0,3.03,0.9,0.32,,,
1,2,hdr_histogram,HdrHistogram,1000,mixed,1,,4,275544.9427917248,2055.0,15271.0,3528.462682222222,3516.9996725695614,0.9967512736607883,0,100,900,1790692548.3063605,2300.0,2300.0,performance,,32861572.0,31961160.0,30230572.0,0.0,0.0,2.87,0.9,0.32,,,
1,3,sharded_bucketed,Sharded-Bucketed-10000,100,mixed,1,10000,12982,277175.0998751197,339.0,791.0,353.8648111111111,151.90176695276915,0.42926496838102685,0,100,900,1790692554.307545,2300.0,2300.0,performance,,32861572.0,31961908.0,30231300.0,0.0,0.0,12.41,2.91,0.97,,,
1,4,sharded_bucketed,Sharded-Bucketed-10000,1000,mixed,1,10000,13042,289226.9814687347,1960.0,15002.0,3355.3820955555557,3486.2879181237254,1.0390136857264525,0,100,900,1790692556.9898849,2658.84325,3089.143,performance,,32861572.0,32021392.0,30290752.0,0.0,0.0,12.41,2.91,0.97,,,
1,5,sharded_bucketed,Sharded-Bucketed-10,1000,mixed,1,10,22,272546.07550694485,2098.0,15209.0,3568.6255366666664,3532.4477162237586,0.9898622536684809,0,100,900,1790692562.8472257,2300.0,2300.0,performance,,32861572.0,31967184.0,30236280.0,0.0,0.0,10.5,2.82,0.96,,,
1,6,hdr_histogram,HdrHistogram,3000,mixed,1,,4,239860.04198531495,2471.0,85027.0,12025.07371074074,20527.882419043934,1.7070899449629588,0,100,900,1790692568.8834555,2300.0,2300.0,performance,,32861572.0,31987424.0,30256552.0,0.0,0.0,9.66,2.77,0.96,,,
1,7,sharded_bucketed,Sharded-Bucketed-1000,100,mixed,1,1000,2002,283375.829684678,333.0,747.0,346.5431888888889,139.7216030481543,0.403186695130669,0,100,900,1790692583.7950523,2398.69,3089.52,performance,,32861572.0,32001948.0,30270484.0,0.0,0.0,12.02,3.66,1.28,,,
1,8,sharded_n,Sharded-N,3000,mixed,1,,10002,238049.55869404742,2481.0,84280.0,12129.340418518519,20473.09107016943,1.6878981349152389,0,100,900,1790692586.470648,2367.636125,2841.089,performance,,32861572.0,32018492.0,30287000.0,0.0,0.0,12.02,3.66,1.28,,,
1,9,sharded_bucketed,Sharded-Bucketed-100,100,mixed,1,100,202,286482.6631387621,329.0,774.0,343.47402222222223,142.3995594132718,0.414586111904386,0,100,900,1790692601.482161,2300.0,2300.0,performance,,32861572.0,32012228.0,30280388.0,0.0,0.0,20.2,5.8,2.02,,,
1,10,hdr_histogram,HdrHistogram,100,mixed,1,,4,281107.1755933005,330.0,875.0,348.84725555555553,159.50154203239353,0.4572245860968001,0,100,900,1790692604.1520858,2855.451875,3068.658,performance,,32861572.0,32022552.0,30290680.0,0.0,0.0,19.94,5.98,2.1,,,
1,11,global_mutex,GlobalMutex,3000,mixed,1,,4,238613.5277824642,2474.0,85501.0,12105.173638148148,20519.507754864528,1.695102306521198,0,100,900,1790692606.8309681,2391.937125,3035.497,performance,,32861572.0,32033884.0,30301984.0,0.0,0.0,19.94,5.98,2.1,,,
1,12,sharded_2key,Sharded-2key,100,mixed,1,,4,294798.4928486013,320.0,713.0,332.95615555555554,139.1128887465006,0.41781143380389874,0,100,900,1790692621.8081203,2300.0,2300.0,performance,,32861572.0,32002112.0,30269464.0,0.0,0.0,17.59,6.14,2.21,,,
1,13,sharded_bucketed,Sharded-Bucketed-1,1000,mixed,1,1,4,275549.36017994257,2054.0,14973.0,3527.0548222222224,3463.978976127006,0.9821165677103154,0,100,900,1790692624.4706976,2387.95375,3003.63,performance,,32861572.0,32011976.0,30279408.0,0.0,0.0,16.18,6.03,2.19,,,
1,14,sharded_bucketed,Sharded-Bucketed-1,100,mixed,1,1,4,279082.8250565807,336.0,811.0,352.0375222222222,150.54768417321742,0.4276466986328373,0,100,900,1790692630.4657629,2401.0335,3108.268,performance,,32861572.0,31974976.0,30242284.0,0.0,0.0,15.53,6.07,2.23,,,
1,15,sharded_bucketed,Sharded-Bucketed-1,3000,mixed,1,1,4,239696.51038336058,2472.0,83646.0,12040.481961481482,20463.229772554376,1.6995357692505977,0,100,900,1790692633.1448834,2387.09225,2996.738,performance,,32861572.0,31998244.0,30265532.0,0.0,0.0,14.28,5.96,2.21,,,
1,16,sharded_n,Sharded-N,100,mixed,1,,10000,286605.7195782574,328.0,741.0,343.0411111111111,138.28378077517814,0.4031113948041872,0,100,900,1790692648.0543833,2674.271625,3097.069,performance,,32861572.0,32029248.0,30296072.0,0.0,0.0,14.11,6.35,2.4,,,
1,17,sharded_bucketed,Sharded-Bucketed-10,3000,mixed,1,10,22,241152.2886347927,2444.0,78527.0,11953.920687407408,20014.807084344633,1.6743299213477956,0,100,900,1790692650.7272687,2300.0,2300.0,performance,,32861572.0,32030696.0,30297480.0,0.0,0.0,14.11,6.35,2.4,,,
1,18,thread_local_owned,ThreadLocal-Owned,100,mixed,1,,4,280149.31261101656,333.0,820.0,349.7673111111111,150.60827444739758,0.43059562647223376,0,100,900,1790692665.5762427,2555.314625,3015.299,performance,,32861572.0,32013160.0,30279620.0,0.0,0.0,17.03,7.41,2.81,,,
1,19,thread_local,ThreadLocal,3000,mixed,1,,4,242839.66269159643,2439.0,83519.0,11845.019827037037,20102.93236965923,1.6971632520000486,0,100,900,1790692668.2503178,2300.0,2300.0,performance,,32861572.0,32028584.0,30295024.0,0.0,0.0,15.75,7.3,2.8,,,
1,20,thread_local,ThreadLocal,1000,mixed,1,,4,293858.6352560971,1926.0,13754.0,3304.4355744444442,3191.6282960279095,0.9658618617687832,0,100,900,1790692683.0032244,2300.0,2300.0,performance,,32861572.0,32016352.0,30282464.0,0.0,0.0,14.68,7.49,2.94,,,
1,21,disabled,Disabled,1000,mixed,1,,,279285.20917802124,2034.0,15338.0,3481.433358888889,3490.5805868660204,1.0026274315875605,0,100,900,1790692688.7788393,2395.488375,3063.907,performance,,32861572.0,31996656.0,30262596.0,0.0,0.0,13.5,7.37,2.92,,,
1,22,disabled,Disabled,3000,mixed,1,,,244651.5376559406,2413.0,85141.0,11789.712841481482,20141.147692998697,1.708366265048724,0,100,900,1790692694.716412,2714.40875,3190.689,performance,,32861572.0,31991764.0,30257640.0,0.0,0.0,14.42,7.66,3.04,,,
1,23,sharded_bucketed,Sharded-Bucketed-100,3000,mixed,1,100,202,239460.5560306039,2484.0,87369.0,12051.638162962963,20509.586795589315,1.701809041912599,0,100,900,1790692709.382719,2383.65925,2969.274,performance,,32861572.0,32014424.0,30279916.0,0.0,0.0,15.14,8.15,3.28,,,
1,24,sharded_bucketed,Sharded-Bucketed-1000,1000,mixed,1,1000,2002,274073.88668197545,2080.0,15475.0,3551.22579,3567.2791095487496,1.0045205009475755,0,100,900,1790692724.3000476,2386.948625,2995.589,performance,,32861572.0,32005064.0,30270228.0,0.0,0.0,15.94,8.66,3.52,,,
1,25,sharded_2key,Sharded-2key,3000,mixed,1,,4,241511.28736477648,2462.0,80106.0,11955.793778148149,20294.767541685513,1.6974839076581163,0,100,900,1790692730.304795,2766.664375,3122.628,performance,,32861572.0,32002656.0,30267760.0,0.0,0.0,15.3,8.65,3.54,,,
1,26,global_mutex,GlobalMutex,100,mixed,1,,4,283913.36555260024,329.0,803.0,345.7041888888889,144.9414272363591,0.41926430715869634,0,100,900,1790692745.157254,2492.68,3075.527,performance,,32861572.0,32026064.0,30290692.0,0.0,0.0,15.69,9.07,3.77,,,
1,27,sharded_bucketed,Sharded-Bucketed-10000,3000,mixed,1,10000,13042,240035.1723644748,2461.0,81760.0,12005.042495555555,20281.014533756184,1.6893746557968883,0,100,900,1790692747.8286417,2476.31275,3009.263,performance,,32861572.0,32031392.0,30296008.0,0.0,0.0,14.43,8.92,3.74,,,
1,28,sharded_bucketed,Sharded-Bucketed-10,100,mixed,1,10,22,290703.92793333344,323.0,732.0,337.7879888888889,143.6950235694322,0.4254000387701733,0,100,900,1790692762.763438,2566.592375,3014.321,performance,,32861572.0,32004232.0,30268568.0,0.0,0.0,13.79,9.06,3.88,,,
1,29,thread_local_owned,ThreadLocal-Owned,1000,mixed,1,,4,283976.7496308054,2016.0,14833.0,3425.1081233333334,3375.6761199793236,0.9855677539003054,0,100,900,1790692765.4289603,2530.571125,3000.593,performance,,32861572.0,32021068.0,30285384.0,0.0,0.0,13.79,9.06,3.88,,,
1,30,thread_local,ThreadLocal,100,mixed,1,,4,281791.4393551665,331.0,807.0,347.1425,153.39597538407585,0.44188186518238437,0,100,900,1790692771.3289511,2890.682625,3064.473,performance,,32861572.0,31982156.0,30246372.0,0.0,0.0,13.97,9.18,3.94,,,
1,31,sharded_bucketed,Sharded-Bucketed-100,1000,mixed,1,100,202,276239.00341483095,2031.0,15036.0,3516.072887777778,3486.837811414139,0.991685304230961,0,100,900,1790692774.0033395,2300.0,2300.0,performance,,32861572.0,31994548.0,30258740.0,0.0,0.0,12.85,9.03,3.92,,,
1,32,sharded_n,Sharded-N,1000,mixed,1,,10002,276520.01819647965,2094.0,14958.0,3525.457862222222,3485.876720883284,0.9887727657269492,0,100,900,1790692779.9919772,2410.076,3180.608,performance,,32861572.0,31989000.0,30253024.0,0.0,0.0,13.02,9.13,3.98,,,
1,33,sharded_2key,Sharded-2key,1000,mixed,1,,4,277823.1232276218,2043.0,14884.0,3501.5560822222224,3439.853437720002,0.9823785074254583,0,100,900,1790692785.9825213,2300.0,2300.0,performance,,32861572.0,31972512.0,30236376.0,0.0,0.0,13.26,9.24,4.05,,,
1,34,thread_local_owned,ThreadLocal-Owned,3000,mixed,1,,4,246215.37233101926,2379.0,80748.0,11713.18222074074,19810.23393933225,1.691276850816332,0,100,900,1790692791.9487545,2387.951,3003.608,performance,,32861572.0,31996348.0,30260084.0,0.0,0.0,13.24,9.3,4.09,,,
1,35,sharded_bucketed,Sharded-Bucketed-1000,3000,mixed,1,1000,2002,238367.97278100485,2471.0,85033.0,12126.558331851851,20457.583978388775,1.6870066030733957,0,100,900,1790692806.5722723,2300.0,2300.0,performance,,32861572.0,32021180.0,30284488.0,0.0,0.0,12.37,9.29,4.17,,,
1,36,disabled,Disabled,100,mixed,1,,,289404.00951826636,322.0,842.0,338.4060777777778,150.18982637017936,0.443815392904394,0,100,900,1790692821.5718975,2474.3135,2997.91,performance,,32861572.0,32006156.0,30268836.0,0.0,0.0,16.27,10.31,4.59,,,
2,1,sharded_bucketed,Sharded-Bucketed-100,100,mixed,1,100,202,283748.8054805842,331.0,778.0,346.43785555555553,145.43723412964087,0.4198075695175242,0,100,900,1790692824.238586,2300.0,2300.0,performance,,32861572.0,32022588.0,30285248.0,0.0,0.0,16.49,10.45,4.66,,,
2,2,sharded_bucketed,Sharded-Bucketed-100,1000,mixed,1,100,202,276174.1402416703,2005.0,14954.0,3522.890781111111,3504.0040559718045,0.9946388558962507,0,100,900,1790692826.912096,2300.0,2300.0,performance,,32861572.0,32030628.0,30293252.0,0.0,0.0,16.49,10.45,4.66,,,
2,3,global_mutex,GlobalMutex,3000,mixed,1,,4,240525.51650419348,2477.0,82702.0,12004.650583333334,20304.750889768657,1.6914070716859326,0,100,900,1790692832.892631,2670.1005,3081.32,performance,,32861572.0,32004160.0,30266744.0,0.0,0.0,13.95,10.11,4.61,,,
2,4,sharded_2key,Sharded-2key,1000,mixed,1,,4,281801.3775949894,2018.0,14877.0,3450.03917,3404.914834067814,0.9869206308367258,0,100,900,1790692847.7690282,2756.159,3096.315,performance,,32861572.0,32021044.0,30283236.0,0.0,0.0,12.13,9.9,4.64,,,
2,5,thread_local,ThreadLocal,1000,mixed,1,,4,282198.72689832095,2031.0,15568.0,3441.4712822222223,3527.651146232573,1.0250415758096063,0,100,900,1790692853.6824167,2562.37275,3000.001,performance,,32861572.0,31980220.0,30242296.0,0.0,0.0,11.16,9.74,4.61,,,
2,6,sharded_2key,Sharded-2key,100,mixed,1,,4,284452.50856770953,330.0,784.0,345.1797666666667,144.941330680323,0.41990100427957583,0,100,900,1790692859.5944555,2300.0,2300.0,performance,,32861572.0,31998808.0,30260784.0,0.0,0.0,11.07,9.74,4.64,,,
2,7,sharded_bucketed,Sharded-Bucketed-10,1000,mixed,1,10,22,275570.43629923865,2072.0,15753.0,3509.4013122222223,3579.8467829958686,1.0200733585322104,0,100,900,1790692862.265088,2479.814375,3026.805,performance,,32861572.0,32016984.0,30278932.0,0.0,0.0,10.18,9.58,4.62,,,
2,8,thread_local_owned,ThreadLocal-Owned,100,mixed,1,,4,281960.85061936884,332.0,820.0,348.51863333333336,150.43059064323435,0.4316285450923313,0,100,900,1790692868.2609282,2477.266125,3010.71,performance,,32861572.0,31988104.0,30250012.0,0.0,0.0,9.37,9.42,4.59,,,
2,9,sharded_bucketed,Sharded-Bucketed-10,3000,mixed,1,10,22,238826.35001891208,2497.0,83451.0,12070.91199962963,20346.34933216422,1.685568524796511,0,100,900,1790692870.9363866,2300.0,2300.0,performance,,32861572.0,31999376.0,30261256.0,0.0,0.0,9.37,9.42,4.59,,,
2,10,sharded_bucketed,Sharded-Bucketed-1,3000,mixed,1,1,4,239125.53555861278,2486.0,87040.0,12088.501886296297,20578.273161483547,1.7023013566975886,0,100,900,1790692885.9135787,2387.26425,2998.114,performance,,32861572.0,32001948.0,30263352.0,0.0,0.0,12.61,10.14,4.9,,,
2,11,sharded_bucketed,Sharded-Bucketed-1,100,mixed,1,1,4,272846.91279129643,341.0,887.0,359.7919,157.8368046063886,0.43868915505432055,0,100,900,1790692900.8801098,2300.0,2300.0,performance,,32861572.0,32009776.0,30270860.0,0.0,0.0,14.54,10.7,5.17,,,
2,12,disabled,Disabled,100,mixed,1,,,281769.06616841216,329.0,871.0,348.3996,157.14162127325176,0.4510384663852994,0,100,900,1790692903.565949,2388.437625,3007.501,performance,,32861572.0,32018216.0,30279276.0,0.0,0.0,13.37,10.52,5.14,,,
2,13,sharded_2key,Sharded-2key,3000,mixed,1,,4,241243.67349567934,2441.0,80036.0,11983.520295185184,20286.498812396043,1.6928663959076269,0,100,900,1790692906.2361195,2484.160375,3053.949,performance,,32861572.0,32021512.0,30282564.0,0.0,0.0,13.37,10.52,5.14,,,
2,14,sharded_n,Sharded-N,3000,mixed,1,,10002,241152.966738849,2443.0,82389.0,11949.41609962963,20103.52735357086,1.682385748889769,0,100,900,1790692921.0895708,2387.751375,3002.011,performance,,32861572.0,32017256.0,30277916.0,0.0,0.0,13.38,10.66,5.27,,,
2,15,sharded_bucketed,Sharded-Bucketed-10,100,mixed,1,10,22,277110.64160563005,337.0,843.0,354.2242888888889,151.73363816612158,0.428354697646712,0,100,900,1790692935.9564269,2651.411625,3063.634,performance,,32861572.0,32027892.0,30288188.0,0.0,0.0,15.68,11.28,5.57,,,
2,16,global_mutex,GlobalMutex,1000,mixed,1,,4,276766.21324222983,2053.0,15151.0,3505.417497777778,3506.4784808455374,1.0003026695303576,0,100,900,1790692938.6364353,2300.0,2300.0,performance,,32861572.0,32039464.0,30299736.0,0.0,0.0,14.42,11.1,5.54,,,
2,17,sharded_bucketed,Sharded-Bucketed-1000,1000,mixed,1,1000,2002,271498.53551517957,2133.0,15250.0,3585.2014755555556,3538.9301210052786,0.9870937923947197,0,100,900,1790692944.6104946,2722.79875,2998.539,performance,,32861572.0,31996628.0,30256916.0,0.0,0.0,13.67,11.0,5.53,,,
2,18,disabled,Disabled,3000,mixed,1,,,244447.29962310655,2427.0,78265.0,11822.657871851852,19996.56928969227,1.6913768043056878,0,100,900,1790692950.6461282,2869.11325,3095.441,performance,,32861572.0,31996088.0,30256168.0,0.0,0.0,17.54,11.84,5.84,,,
2,19,sharded_bucketed,Sharded-Bucketed-1000,3000,mixed,1,1000,2002,236740.72428759164,2510.0,85692.0,12194.917447777778,20569.299581650204,1.6867108506255981,0,100,900,1790692965.3116326,2585.194875,3080.99,performance,,32861572.0,32019404.0,30279148.0,0.0,0.0,22.01,13.08,6.34,,,
2,20,sharded_n,Sharded-N,100,mixed,1,,10002,278277.6735574639,335.0,864.0,353.6521666666667,158.36376174837042,0.44779525385358515,0,100,900,1790692980.381024,2689.348375,3221.588,performance,,32861572.0,32006708.0,30266040.0,0.0,0.0,22.72,13.69,6.65,,,
2,21,hdr_histogram,HdrHistogram,1000,mixed,1,,4,275976.7808186553,2064.0,15703.0,3523.9936033333333,3547.874020918288,1.0067765212633661,0,100,900,1790692983.0636258,2387.72125,3001.77,performance,,32861572.0,32020344.0,30279644.0,0.0,0.0,20.9,13.47,6.61,,,
2,22,sharded_bucketed,Sharded-Bucketed-1000,100,mixed,1,1000,2002,289180.9437199678,327.0,700.0,338.97481111111114,135.11549085021852,0.39860038687632626,0,100,900,1790692989.049847,2388.715,3009.72,performance,,32861572.0,31989388.0,30248652.0,0.0,0.0,19.22,13.24,6.58,,,
2,23,sharded_bucketed,Sharded-Bucketed-1,1000,mixed,1,1,4,275604.52753759536,2087.0,15309.0,3526.648743333333,3593.1923217180984,1.0188687854186094,0,100,900,1790692991.7193017,2300.0,2300.0,performance,,32861572.0,32017556.0,30276796.0,0.0,0.0,19.22,13.24,6.58,,,
2,24,thread_local,ThreadLocal,100,mixed,1,,4,283586.2455251272,329.0,814.0,345.03544444444447,145.36739947125008,0.421311496577727,0,100,900,1790692997.7083402,2300.0,2300.0,performance,,32861572.0,31996404.0,30255492.0,0.0,0.0,19.58,13.54,6.75,,,
2,25,global_mutex,GlobalMutex,100,mixed,1,,4,284507.5698881702,329.0,785.0,345.2241,145.92397788401226,0.42269348485233865,0,100,900,1790693000.379247,2300.0,2300.0,performance,,32861572.0,32020404.0,30279464.0,0.0,0.0,19.58,13.54,6.75,,,
2,26,sharded_bucketed,Sharded-Bucketed-10000,100,mixed,1,10000,13005,284372.61930747394,331.0,725.0,345.65985555555557,149.5239813385251,0.43257548985029043,0,100,900,1790693003.0481303,3002.004625,3061.772,performance,,32861572.0,32028076.0,30287124.0,0.0,0.0,18.01,13.32,6.71,,,
2,27,thread_local_owned,ThreadLocal-Owned,1000,mixed,1,,4,278601.52164845576,2004.0,15609.0,3485.392521111111,3541.96091440307,1.0162301356158088,0,100,900,1790693005.724983,2411.97775,3195.822,performance,,32861572.0,32034688.0,30293720.0,0.0,0.0,18.01,13.32,6.71,,,
2,28,hdr_histogram,HdrHistogram,3000,mixed,1,,4,242653.11565345444,2413.0,84664.0,11891.707434444445,20236.778553212265,1.7017555018715178,0,100,900,1790693011.677517,2651.105125,3009.149,performance,,32861572.0,31998592.0,30257452.0,0.0,0.0,17.69,13.33,6.75,,,
2,29,thread_local,ThreadLocal,3000,mixed,1,,4,243356.50228021282,2435.0,84971.0,11848.34582037037,20188.56260043877,1.703914023654628,0,100,900,1790693026.4417825,2770.218875,3166.347,performance,,32861572.0,32021592.0,30279964.0,0.0,0.0,27.05,15.73,7.65,,,
2,30,hdr_histogram,HdrHistogram,100,mixed,1,,4,276404.9537111534,335.0,855.0,354.66074444444445,158.78666021893648,0.4477142246674822,0,100,900,1790693041.2028027,2647.543,3011.416,performance,,32861572.0,32017196.0,30275276.0,0.0,0.0,25.05,15.83,7.81,,,
2,31,sharded_bucketed,Sharded-Bucketed-10000,1000,mixed,1,10000,13042,272932.1942713612,2083.0,15427.0,3561.1481388888888,3556.9210898760116,0.9988130094991791,0,100,900,1790693043.8850813,2653.98725,3055.558,performance,,32861572.0,32041208.0,30299256.0,0.0,0.0,23.04,15.57,7.77,,,
2,32,sharded_n,Sharded-N,1000,mixed,1,,10002,277583.39846087556,2036.0,15164.0,3495.6038233333334,3536.9560122742314,1.0118297699141048,0,100,900,1790693049.916342,2300.0,2300.0,performance,,32861572.0,31996812.0,30254788.0,0.0,0.0,22.48,15.57,7.81,,,
2,33,thread_local_owned,ThreadLocal-Owned,3000,mixed,1,,4,243239.89707305917,2427.0,83784.0,11840.550681481482,20229.784026854166,1.7085171603119247,0,100,900,1790693055.895514,2300.0,2300.0,performance,,32861572.0,31975788.0,30233684.0,0.0,0.0,21.56,15.5,7.83,,,
2,34,disabled,Disabled,1000,mixed,1,,,280679.4647816098,2034.0,14755.0,3461.9958544444444,3410.0142442505567,0.9849850743965638,0,100,900,1790693070.648067,2476.482125,3007.353,performance,,32861572.0,32022828.0,30280236.0,0.0,0.0,24.62,16.5,8.28,,,
2,35,sharded_bucketed,Sharded-Bucketed-100,3000,mixed,1,100,202,239340.61672856114,2486.0,80349.0,12031.516736296297,20260.589548598942,1.683959719515449,0,100,900,1790693076.5845058,2390.01225,3020.098,performance,,32861572.0,31994064.0,30251448.0,0.0,0.0,24.65,16.64,8.37,,,
2,36,sharded_bucketed,Sharded-Bucketed-10000,3000,mixed,1,10000,13042,240508.90172139416,2442.0,76047.0,11994.03902037037,20158.124135784496,1.6806785521998429,0,100,900,1790693091.5320852,2390.421125,3023.369,performance,,32861572.0,32026328.0,30283224.0,0.0,0.0,25.59,17.28,8.72,,,
3,1,sharded_2key,Sharded-2key,3000,mixed,1,,4,242450.29239386733,2444.0,83291.0,11894.434225925927,20152.246667320207,1.6942585317252825,0,100,900,1790693106.4502919,2566.17125,3055.024,performance,,32861572.0,32008424.0,30265028.0,0.0,0.0,30.27,18.66,9.3,,,
3,2,global_mutex,GlobalMutex,100,mixed,1,,4,286646.2381536634,330.0,712.0,342.10595555555557,139.69112964837532,0.40832709100760006,0,100,900,1790693121.2058651,2388.0345,3004.276,performance,,32861572.0,32024420.0,30280664.0,0.0,0.0,27.88,18.7,9.47,,,
3,3,sharded_bucketed,Sharded-Bucketed-10,100,mixed,1,10,22,279688.6868511735,335.0,808.0,350.6303222222222,153.98555953231437,0.43916783510446517,0,100,900,1790693123.8760486,2388.134625,3005.077,performance,,32861572.0,32030540.0,30286772.0,0.0,0.0,25.65,18.39,9.42,,,
3,4,thread_local_owned,ThreadLocal-Owned,100,mixed,1,,4,284037.7891827787,330.0,800.0,345.4969888888889,150.18574318125061,0.4346947962245484,0,100,900,1790693126.5538027,2388.0965,3004.772,performance,,32861572.0,32015540.0,30271768.0,0.0,0.0,25.65,18.39,9.42,,,
3,5,sharded_bucketed,Sharded-Bucketed-1000,1000,mixed,1,1000,2002,277096.9239522197,2044.0,15366.0,3502.2179166666665,3498.679971840985,0.9989897987761285,0,100,900,1790693129.2271168,2300.0,2300.0,performance,,32861572.0,32020320.0,30276516.0,0.0,0.0,24.87,18.35,9.45,,,
3,6,sharded_bucketed,Sharded-Bucketed-10,3000,mixed,1,10,22,244542.33139661764,2390.0,74801.0,11787.243398148148,19863.10460960063,1.6851356961646562,0,100,900,1790693135.202628,2387.77375,3002.19,performance,,32861572.0,31994472.0,30250544.0,0.0,0.0,23.28,18.13,9.43,,,
3,7,hdr_histogram,HdrHistogram,100,mixed,1,,4,275840.8463415049,337.0,883.0,355.0853222222222,156.30690862887246,0.44019535262866,0,100,900,1790693149.9077444,2485.224375,3070.122,performance,,32861572.0,32010124.0,30265764.0,0.0,0.0,22.64,18.24,9.6,,,
3,8,sharded_bucketed,Sharded-Bucketed-1,1000,mixed,1,1,4,284871.04201760795,1995.0,15034.0,3411.8350622222224,3385.386277152057,0.9922479297539845,0,100,900,1790693152.5929785,2386.89725,2995.178,performance,,32861572.0,32028232.0,30283848.0,0.0,0.0,20.83,17.94,9.55,,,
3,9,sharded_bucketed,Sharded-Bucketed-100,3000,mixed,1,100,202,241526.22361499703,2444.0,85320.0,11951.63049925926,20313.90310988258,1.6996763003291977,0,100,900,1790693158.471617,2364.58,2816.64,performance,,32861572.0,31989536.0,30245112.0,0.0,0.0,19.16,17.64,9.5,,,
3,10,thread_local,ThreadLocal,3000,mixed,1,,4,241284.07550173785,2454.0,86750.0,11967.957045555555,20570.68694638422,1.7188135676024499,0,100,900,1790693173.3067315,2802.88925,3153.599,performance,,32861572.0,32000776.0,30255952.0,0.0,0.0,17.03,17.26,9.51,,,
3,11,sharded_bucketed,Sharded-Bucketed-1,100,mixed,1,1,4,276451.8710884652,337.0,816.0,354.42816666666664,149.43988512206928,0.42163659431338263,0,100,900,1790693188.1697624,2392.037375,3036.299,performance,,32861572.0,32029964.0,30284808.0,0.0,0.0,15.24,16.87,9.5,,,
3,12,sharded_2key,Sharded-2key,1000,mixed,1,,4,275721.9217733883,2086.0,15326.0,3535.05072,3536.7614357815055,1.0004839296284567,0,100,900,1790693190.8525662,2300.0,2300.0,performance,,32861572.0,32027996.0,30282820.0,0.0,0.0,15.24,16.87,9.5,,,
3,13,thread_local,ThreadLocal,100,mixed,1,,4,292898.5420669152,323.0,686.0,334.8852777777778,132.09013817581956,0.3944339955830234,0,100,900,1790693196.8474789,2300.0,2300.0,performance,,32861572.0,32021156.0,30275900.0,0.0,0.0,14.9,16.77,9.51,,,
3,14,global_mutex,GlobalMutex,3000,mixed,1,,4,239939.5080081818,2472.0,87037.0,12029.840375925925,20442.77839960214,1.6993391234444104,0,100,900,1790693199.5123644,2300.0,2300.0,performance,,32861572.0,32015648.0,30270368.0,0.0,0.0,13.71,16.49,9.46,,,
3,15,sharded_bucketed,Sharded-Bucketed-1000,3000,mixed,1,1000,2002,241687.27368299634,2436.0,79186.0,11942.982312222222,20075.331815611265,1.680931218918959,0,100,900,1790693214.4251266,2300.0,2300.0,performance,,32861572.0,32020324.0,30274588.0,0.0,0.0,14.73,16.57,9.6,,,
3,16,sharded_bucketed,Sharded-Bucketed-10000,3000,mixed,1,10000,13042,240505.51192964017,2463.0,81957.0,11991.648894814814,20156.065545633766,1.6808418694070708,0,100,900,1790693229.2630405,2397.675375,3081.403,performance,,32861572.0,32020048.0,30273904.0,0.0,0.0,18.89,17.35,9.96,,,
3,17,disabled,Disabled,1000,mixed,1,,,281790.26590969367,1989.0,14639.0,3456.033338888889,3411.5609254136375,0.9871319489384471,0,100,900,1790693244.1589751,2387.545625,3000.365,performance,,32861572.0,32009608.0,30263140.0,0.0,0.0,17.94,17.25,10.05,,,
3,18,sharded_2key,Sharded-2key,100,mixed,1,,4,291473.58161182556,325.0,689.0,336.23044444444446,128.54000056679186,0.3822973281886453,0,100,900,1790693250.0679605,2355.142125,2741.137,performance,,32861572.0,32007560.0,30261052.0,0.0,0.0,17.31,17.13,10.05,,,
3,19,sharded_bucketed,Sharded-Bucketed-10,1000,mixed,1,10,22,277675.0102564819,2064.0,14935.0,3504.5371566666668,3506.072425688058,1.0004380803948592,0,100,900,1790693252.7329895,2831.624,3067.231,performance,,32861572.0,32020124.0,30273600.0,0.0,0.0,15.92,16.84,10.0,,,
3,20,sharded_bucketed,Sharded-Bucketed-10000,1000,mixed,1,10000,13042,275090.6686923414,2080.0,15182.0,3533.6367455555555,3503.646239453271,0.9915128497177857,0,100,900,1790693258.6929882,2371.41925,2871.354,performance,,32861572.0,31987560.0,30240936.0,0.0,0.0,14.64,16.56,9.94,,,
3,21,sharded_bucketed,Sharded-Bucketed-1,3000,mixed,1,1,4,242190.680473104,2433.0,81199.0,11963.601961481481,20015.60536861373,1.6730417338404286,0,100,900,1790693264.679868,2391.26,3030.08,performance,,32861572.0,31993684.0,30246948.0,0.0,0.0,13.87,16.37,9.91,,,
3,22,sharded_n,Sharded-N,3000,mixed,1,,10002,240923.4456256464,2466.0,83803.0,11969.78690851852,20360.64005927962,1.7010027174994733,0,100,900,1790693279.4671555,2300.0,2300.0,performance,,32861572.0,32014900.0,30267720.0,0.0,0.0,14.89,16.47,10.05,,,
3,23,sharded_bucketed,Sharded-Bucketed-10000,100,mixed,1,10000,12985,278374.3477518915,339.0,790.0,352.7772111111111,146.84502796115854,0.41625429119600377,0,100,900,1790693294.3375492,2714.03625,3205.857,performance,,32861572.0,32016764.0,30269200.0,0.0,0.0,18.45,17.24,10.41,,,
3,24,sharded_bucketed,Sharded-Bucketed-100,100,mixed,1,100,202,282028.52829494927,332.0,772.0,348.1372777777778,149.59329987552644,0.42969629920244995,0,100,900,1790693297.0251002,2390.96775,3027.742,performance,,32861572.0,32024724.0,30277140.0,0.0,0.0,18.45,17.24,10.41,,,
3,25,sharded_n,Sharded-N,1000,mixed,1,,10002,278080.0220096012,2024.0,15150.0,3492.0862888888887,3453.1629016175943,0.9888538300456261,0,100,900,1790693299.6994953,2343.573375,2648.587,performance,,32861572.0,32023868.0,30276240.0,0.0,0.0,16.97,16.96,10.35,,,
3,26,disabled,Disabled,100,mixed,1,,,292766.4352416308,322.0,734.0,335.75638888888886,141.70237296644336,0.42203924528547576,0,100,900,1790693305.652618,2387.493375,2999.947,performance,,32861572.0,31992212.0,30244512.0,0.0,0.0,16.74,16.91,10.37,,,
3,27,hdr_histogram,HdrHistogram,1000,mixed,1,,4,280011.7999834856,2044.0,15493.0,3466.855108888889,3491.5571283083877,1.007125195211119,0,100,900,1790693308.3140779,2300.0,2300.0,performance,,32861572.0,32012428.0,30264700.0,0.0,0.0,15.4,16.63,10.32,,,
3,28,sharded_bucketed,Sharded-Bucketed-100,1000,mixed,1,100,202,287294.5663493458,2000.0,14828.0,3379.3071255555556,3408.4556631138526,1.0086255958619046,0,100,900,1790693314.2497022,2387.53425,3000.274,performance,,32861572.0,31972472.0,30224588.0,0.0,0.0,15.68,16.67,10.37,,,
3,29,thread_local_owned,ThreadLocal-Owned,1000,mixed,1,,4,279660.68683104176,2035.0,14703.0,3477.77957,3455.994852162904,0.9937360268531636,0,100,900,1790693320.11095,2475.21975,3008.603,performance,,32861572.0,31985488.0,30237480.0,0.0,0.0,15.23,16.56,10.36,,,
3,30,sharded_bucketed,Sharded-Bucketed-1000,100,mixed,1,1000,2002,279538.2787978378,336.0,797.0,351.5210777777778,150.56201169598694,0.4283157432487397,0,100,900,1790693326.051722,2409.8665,3178.932,performance,,32861572.0,32002928.0,30254796.0,0.0,0.0,15.45,16.58,10.4,,,
3,31,thread_local,ThreadLocal,1000,mixed,1,,4,287690.6378335557,1930.0,13843.0,3389.332231111111,3269.067334551972,0.9645166397512726,0,100,900,1790693328.7288113,2388.45075,3007.606,performance,,32861572.0,32010872.0,30262696.0,0.0,0.0,14.21,16.3,10.35,,,
3,32,thread_local_owned,ThreadLocal-Owned,3000,mixed,1,,4,244294.57266168334,2419.0,84336.0,11786.790923703704,20016.605147834358,1.6982234840171953,0,100,900,1790693334.5826688,2477.505,3022.395,performance,,32861572.0,31980980.0,30232668.0,0.0,0.0,14.68,16.37,10.4,,,
3,33,sharded_n,Sharded-N,100,mixed,1,,10001,277545.1991839665,334.0,877.0,352.65506666666664,157.8242050992646,0.4475313699333341,0,100,900,1790693349.2888465,2473.87425,3001.981,performance,,32861572.0,32016020.0,30267260.0,0.0,0.0,16.34,16.63,10.58,,,
3,34,global_mutex,GlobalMutex,1000,mixed,1,,4,277130.697955184,2055.0,15120.0,3508.333272222222,3525.814417964325,1.0049827494669656,0,100,900,1790693351.9711144,2740.4335,3080.281,performance,,32861572.0,32038424.0,30289648.0,0.0,0.0,16.34,16.63,10.58,,,
3,35,disabled,Disabled,3000,mixed,1,,,244142.94737358222,2424.0,85514.0,11812.72568888889,20108.32590231922,1.702259616612719,0,100,900,1790693357.943174,2842.535625,3068.093,performance,,32861572.0,31989920.0,30241108.0,0.0,0.0,13.82,16.08,10.47,,,
3,36,hdr_histogram,HdrHistogram,3000,mixed,1,,4,243888.69689875323,2406.0,85034.0,11800.114131481481,20096.559545453445,1.7030817940851866,0,100,900,1790693372.6428332,2411.481375,3191.851,performance,,32861572.0,32023576.0,30274340.0,0.0,0.0,18.29,17.05,10.88,,,
4,1,sharded_bucketed,Sharded-Bucketed-10000,3000,mixed,1,10000,13042,239013.7849323759,2474.0,84585.0,12073.653292222221,20442.656699359915,1.6931624757296087,0,100,900,1790693387.3573816,2300.0,2300.0,performance,,32861572.0,32014600.0,30265028.0,0.0,0.0,15.78,16.57,10.82,,,
4,2,thread_local,ThreadLocal,1000,mixed,1,,4,282773.28217447706,1997.0,15427.0,3436.0457444444446,3500.102073871113,1.0186424553660958,0,100,900,1790693402.3230813,2387.58925,3000.714,performance,,32861572.0,32019576.0,30269716.0,0.0,0.0,14.76,16.33,10.84,,,
4,3,disabled,Disabled,100,mixed,1,,,288770.5312599057,325.0,760.0,339.9679222222222,143.11983260649373,0.42098040212435844,0,100,900,1790693408.2210872,2300.0,2300.0,performance,,32861572.0,31981916.0,30231924.0,0.0,0.0,13.58,16.05,10.78,,,
4,4,sharded_bucketed,Sharded-Bucketed-100,3000,mixed,1,100,202,239788.941950951,2462.0,81360.0,12027.735328518518,20211.675662879265,1.680422383003067,0,100,900,1790693410.8869245,2387.8565,3002.852,performance,,32861572.0,31997408.0,30247388.0,0.0,0.0,13.58,16.05,10.78,,,
4,5,disabled,Disabled,3000,mixed,1,,,243498.24812173223,2432.0,83937.0,11821.610331111111,20262.257566519278,1.7140014768711151,0,100,900,1790693425.803158,2647.06075,3046.209,performance,,32861572.0,32036256.0,30285840.0,0.0,0.0,18.7,17.03,11.18,,,
4,6,disabled,Disabled,1000,mixed,1,,,280105.6451929031,2038.0,15161.0,3462.3774744444445,3478.6655540621705,1.0047043049863704,0,100,900,1790693440.4977527,2823.321125,3005.622,performance,,32861572.0,32020208.0,30269348.0,0.0,0.0,18.39,17.04,11.28,,,
4,7,sharded_2key,Sharded-2key,3000,mixed,1,,4,244504.07456300847,2400.0,82584.0,11778.98832962963,20041.846991332808,1.7014913700965513,0,100,900,1790693446.423664,2359.417625,2775.341,performance,,32861572.0,31995340.0,30244500.0,0.0,0.0,17.79,16.94,11.28,,,
4,8,sharded_n,Sharded-N,100,mixed,1,,10002,279627.2114411226,336.0,776.0,350.7592666666667,151.3189537110036,0.43140400864962725,0,100,900,1790693461.0828533,2373.976375,2891.811,performance,,32861572.0,32007908.0,30256572.0,0.0,0.0,18.92,17.22,11.46,,,
4,9,sharded_bucketed,Sharded-Bucketed-10,1000,mixed,1,10,22,277827.3197910944,2028.0,15409.0,3505.042497777778,3565.855845630318,1.0173502455080348,0,100,900,1790693463.7628284,2387.7845,3002.276,performance,,32861572.0,32024356.0,30272992.0,0.0,0.0,17.41,16.94,11.4,,,
4,10,thread_local_owned,ThreadLocal-Owned,3000,mixed,1,,4,246762.48023493538,2396.0,81134.0,11683.165997037037,19946.778125740115,1.7073093141703892,0,100,900,1790693469.7295897,2491.906,3112.877,performance,,32861572.0,32003428.0,30252084.0,0.0,0.0,17.46,16.95,11.43,,,
4,11,hdr_histogram,HdrHistogram,100,mixed,1,,4,281250.66709142603,335.0,778.0,349.4591111111111,144.2267968974867,0.4127143700415055,0,100,900,1790693484.3112962,2300.0,2300.0,performance,,32861572.0,32005928.0,30254076.0,0.0,0.0,19.55,17.45,11.68,,,
4,12,sharded_n,Sharded-N,3000,mixed,1,,10002,239042.79752614629,2488.0,86585.0,12075.72955962963,20443.21817154866,1.692917853998021,0,100,900,1790693486.982275,2300.0,2300.0,performance,,32861572.0,32027760.0,30275876.0,0.0,0.0,19.55,17.45,11.68,,,
4,13,sharded_bucketed,Sharded-Bucketed-1000,3000,mixed,1,1000,2002,242579.65874116242,2433.0,77200.0,11912.103636666667,19965.305863721445,1.676052062061163,0,100,900,1790693501.9359465,2653.0605,3011.318,performance,,32861572.0,32015588.0,30263452.0,0.0,0.0,18.79,17.36,11.75,,,
4,14,sharded_bucketed,Sharded-Bucketed-10,100,mixed,1,10,22,280230.8398429531,333.0,844.0,349.51287777777776,157.50681620071938,0.45064667488693533,0,100,900,1790693516.7364469,2485.6745,3065.537,performance,,32861572.0,32023724.0,30271128.0,0.0,0.0,18.51,17.34,11.83,,,
4,15,sharded_bucketed,Sharded-Bucketed-10000,1000,mixed,1,10000,13042,272398.20966421976,2079.0,15674.0,3571.139776666667,3586.391733845056,1.004270893365206,0,100,900,1790693519.4130816,2386.46825,2991.746,performance,,32861572.0,32039584.0,30286964.0,0.0,0.0,17.99,17.25,11.83,,,
4,16,sharded_n,Sharded-N,1000,mixed,1,,10002,282899.4494837065,2046.0,14875.0,3436.9178344444445,3360.869175498228,0.9778730063942569,0,100,900,1790693525.4432147,2748.0545,3063.889,performance,,32861572.0,31977496.0,30224880.0,0.0,0.0,17.27,17.11,11.81,,,
4,17,global_mutex,GlobalMutex,3000,mixed,1,,4,238990.30786286847,2477.0,80329.0,12061.90936962963,20534.789729484735,1.7024493469656432,0,100,900,1790693531.3713465,2300.0,2300.0,performance,,32861572.0,31989724.0,30236936.0,0.0,0.0,18.21,17.31,11.91,,,
4,18,sharded_bucketed,Sharded-Bucketed-100,100,mixed,1,100,202,281630.6255506231,332.0,829.0,348.6883888888889,149.80207907358925,0.4296159087801583,0,100,900,1790693546.3205328,2300.0,2300.0,performance,,32861572.0,32015904.0,30262688.0,0.0,0.0,18.65,17.44,12.04,,,
4,19,hdr_histogram,HdrHistogram,1000,mixed,1,,4,276980.8631422672,2031.0,15097.0,3509.259541111111,3502.667021820694,0.9981213930707645,0,100,900,1790693548.9957519,2654.276625,3015.621,performance,,32861572.0,32028904.0,30275652.0,0.0,0.0,17.16,17.15,11.97,,,
4,20,sharded_2key,Sharded-2key,100,mixed,1,,4,280820.6620654139,333.0,819.0,349.6293777777778,149.84580323674382,0.42858470357712575,0,100,900,1790693554.9746368,2910.124875,3034.604,performance,,32861572.0,31974456.0,30221120.0,0.0,0.0,16.59,17.04,11.96,,,
4,21,sharded_bucketed,Sharded-Bucketed-1000,100,mixed,1,1000,2002,278348.54951967753,337.0,840.0,353.03593333333333,152.75852712912044,0.4326996566235857,0,100,900,1790693557.649213,2390.50425,3024.034,performance,,32861572.0,32003392.0,30250008.0,0.0,0.0,15.26,16.75,11.9,,,
4,22,thread_local,ThreadLocal,3000,mixed,1,,4,243393.7561878806,2423.0,82140.0,11878.591397777778,20124.30191777108,1.694165683780982,0,100,900,1790693560.3281877,2300.0,2300.0,performance,,32861572.0,32026236.0,30272796.0,0.0,0.0,15.26,16.75,11.9,,,
4,23,sharded_bucketed,Sharded-Bucketed-1000,1000,mixed,1,1000,2002,279613.7727268249,2025.0,14861.0,3477.6224322222224,3446.348551994807,0.9910071087828154,0,100,900,1790693575.0614476,2300.0,2300.0,performance,,32861572.0,32012556.0,30258764.0,0.0,0.0,15.91,16.8,11.99,,,
4,24,global_mutex,GlobalMutex,100,mixed,1,,4,284693.26089960727,327.0,833.0,344.13353333333333,147.3730660608944,0.42824384079463257,0,100,900,1790693580.9991424,2300.0,2300.0,performance,,32861572.0,31995076.0,30241300.0,0.0,0.0,17.92,17.2,12.15,,,
4,25,thread_local_owned,ThreadLocal-Owned,1000,mixed,1,,4,281789.13252945733,2021.0,15172.0,3449.0411788888887,3489.512476596554,1.0117340720532375,0,100,900,1790693583.6704705,2755.345375,3054.855,performance,,32861572.0,32016228.0,30262440.0,0.0,0.0,16.48,16.92,12.08,,,
4,26,sharded_bucketed,Sharded-Bucketed-1,100,mixed,1,1,4,282875.9888637381,336.0,671.0,346.6009888888889,132.5134927275855,0.3823228928237877,0,100,900,1790693589.5907433,2395.165,3061.32,performance,,32861572.0,31998324.0,30244320.0,0.0,0.0,16.2,16.85,12.09,,,
4,27,sharded_bucketed,Sharded-Bucketed-10,3000,mixed,1,10,22,239960.12182722063,2460.0,83678.0,12015.137696296297,20323.889506584957,1.6915236446145647,0,100,900,1790693592.2593956,2300.0,2300.0,performance,,32861572.0,32014704.0,30260660.0,0.0,0.0,14.91,16.57,12.02,,,
4,28,sharded_bucketed,Sharded-Bucketed-100,1000,mixed,1,100,202,279553.88620621955,2005.0,15240.0,3464.977516666667,3494.4464693787336,1.008504803442539,0,100,900,1790693607.1727388,2560.94925,2998.244,performance,,32861572.0,32027640.0,30273196.0,0.0,0.0,15.28,16.6,12.08,,,
4,29,sharded_2key,Sharded-2key,1000,mixed,1,,4,280796.91504827974,2067.0,15147.0,3459.7953955555554,3423.3297435871386,0.9894601709640806,0,100,900,1790693613.1182106,2300.0,2300.0,performance,,32861572.0,31969640.0,30215136.0,0.0,0.0,12.93,16.06,11.95,,,
4,30,global_mutex,GlobalMutex,1000,mixed,1,,4,284618.55460683827,2002.0,14965.0,3412.32506,3411.07869321257,0.9996347455868023,0,100,900,1790693619.0484958,2300.0,2300.0,performance,,32861572.0,32005408.0,30250784.0,0.0,0.0,11.9,15.79,11.89,,,
4,31,sharded_bucketed,Sharded-Bucketed-10000,100,mixed,1,10000,12995,279223.8028761113,336.0,833.0,351.15906666666666,150.2329649705329,0.4278202650343061,0,100,900,1790693624.928401,2300.0,2300.0,performance,,32861572.0,32009112.0,30254424.0,0.0,0.0,13.59,16.07,12.0,,,
4,32,sharded_bucketed,Sharded-Bucketed-1,1000,mixed,1,1,4,275011.3005810226,2097.0,15473.0,3537.833168888889,3555.259749408335,1.0049257779232477,0,100,900,1790693627.6122713,2300.0,2300.0,performance,,32861572.0,32034224.0,30279504.0,0.0,0.0,12.5,15.81,11.94,,,
4,33,sharded_bucketed,Sharded-Bucketed-1,3000,mixed,1,1,4,238491.7783119443,2482.0,85404.0,12148.007692962963,20585.454119365982,1.6945539251914221,0,100,900,1790693633.6057,2387.741125,3001.929,performance,,32861572.0,31965776.0,30210892.0,0.0,0.0,11.5,15.54,11.87,,,
4,34,thread_local,ThreadLocal,100,mixed,1,,4,288500.2169088881,327.0,725.0,340.4271888888889,139.15991521949667,0.4087802612761247,0,100,900,1790693648.6163986,2300.0,2300.0,performance,,32861572.0,32025352.0,30270064.0,0.0,0.0,10.63,15.17,11.81,,,
4,35,hdr_histogram,HdrHistogram,3000,mixed,1,,4,239032.13790254635,2477.0,84852.0,12066.366725555556,20511.801680236113,1.699915322214916,0,100,900,1790693651.2833142,2749.9405,3085.877,performance,,32861572.0,32023576.0,30268252.0,0.0,0.0,10.63,15.17,11.81,,,
4,36,thread_local_owned,ThreadLocal-Owned,100,mixed,1,,4,284733.0783519089,328.0,769.0,343.84046666666666,154.81324844836874,0.45024731948857893,0,100,900,1790693666.2321622,2300.0,2300.0,performance,,32861572.0,31996424.0,30240756.0,0.0,0.0,15.4,15.97,12.12,,,
5,1,hdr_histogram,HdrHistogram,3000,mixed,1,,4,240562.615078289,2457.0,84401.0,11985.153141111112,20387.14344154384,1.7010332034567397,0,100,900,1790693668.905778,2395.358875,3062.871,performance,,32861572.0,32018244.0,30262536.0,0.0,0.0,14.17,15.71,12.06,,,
5,2,thread_local_owned,ThreadLocal-Owned,1000,mixed,1,,4,277619.47289932397,2050.0,15471.0,3502.391886666667,3579.017559577476,1.021878097994264,0,100,900,1790693683.7753348,2995.559875,3090.738,performance,,32861572.0,32023764.0,30267660.0,0.0,0.0,13.69,15.55,12.07,,,
5,3,hdr_histogram,HdrHistogram,1000,mixed,1,,4,279882.7891928336,1987.0,14852.0,3470.3941433333334,3399.5729692214622,0.9795927577137256,0,100,900,1790693689.7365458,2745.15775,3101.229,performance,,32861572.0,32003800.0,30247648.0,0.0,0.0,13.87,15.56,12.09,,,
5,4,sharded_n,Sharded-N,1000,mixed,1,,10002,276364.83118873957,2054.0,15247.0,3512.424073333333,3530.1977705118347,1.005060236693354,0,100,900,1790693695.6798792,2388.276,3006.208,performance,,32861572.0,31999004.0,30242696.0,0.0,0.0,15.41,15.85,12.2,,,
5,5,thread_local,ThreadLocal,100,mixed,1,,4,280692.1909349122,333.0,780.0,348.4066,151.18690339956217,0.4339381154075788,0,100,900,1790693701.669806,2387.245375,2997.963,performance,,32861572.0,32011852.0,30255468.0,0.0,0.0,17.22,16.22,12.34,,,
5,6,sharded_2key,Sharded-2key,3000,mixed,1,,4,242990.58084919868,2435.0,82140.0,11896.706342962963,20052.320487945766,1.6855354675377812,0,100,900,1790693704.3457062,2403.942625,3131.541,performance,,32861572.0,32017516.0,30261108.0,0.0,0.0,17.2,16.23,12.37,,,
5,7,sharded_bucketed,Sharded-Bucketed-10000,100,mixed,1,10000,12998,284293.95402250974,330.0,785.0,345.26671111111114,143.73184912309375,0.41629223002862575,0,100,900,1790693719.1154976,2300.0,2300.0,performance,,32861572.0,32016360.0,30259504.0,0.0,0.0,16.2,16.07,12.38,,,
5,8,thread_local_owned,ThreadLocal-Owned,100,mixed,1,,4,281518.52116293897,330.0,816.0,348.22925555555554,156.16655150340554,0.44845902235945584,0,100,900,1790693721.7929595,2644.647,3052.94,performance,,32861572.0,32007380.0,30250472.0,0.0,0.0,16.2,16.07,12.38,,,
5,9,sharded_2key,Sharded-2key,100,mixed,1,,4,284609.09168943734,329.0,851.0,345.17515555555553,151.91791525911324,0.44011833648514787,0,100,900,1790693724.4686632,2401.86775,3114.942,performance,,32861572.0,32020600.0,30263660.0,0.0,0.0,16.82,16.2,12.44,,,
5,10,sharded_bucketed,Sharded-Bucketed-1000,1000,mixed,1,1000,2002,277317.9495247622,2010.0,15201.0,3506.786432222222,3458.002213507526,0.9860886256812104,0,100,900,1790693727.1394038,2300.0,2300.0,performance,,32861572.0,32029524.0,30272560.0,0.0,0.0,16.82,16.2,12.44,,,
5,11,sharded_2key,Sharded-2key,1000,mixed,1,,4,282957.09056139964,1991.0,14413.0,3435.085931111111,3372.3995853541687,0.9817511564443845,0,100,900,1790693733.1095603,2572.346875,3053.386,performance,,32861572.0,31997968.0,30240896.0,0.0,0.0,14.23,15.67,12.3,,,
5,12,global_mutex,GlobalMutex,100,mixed,1,,4,285663.9635132211,328.0,771.0,343.40644444444445,144.31547038104512,0.4202468320433403,0,100,900,1790693739.0078828,2389.471875,3015.775,performance,,32861572.0,31995768.0,30238576.0,0.0,0.0,13.09,15.41,12.24,,,
5,13,sharded_bucketed,Sharded-Bucketed-10,3000,mixed,1,10,22,240514.97278679622,2469.0,86232.0,12000.252338148148,20345.965497074176,1.6954614722888335,0,100,900,1790693741.6809597,2923.816125,3059.647,performance,,32861572.0,32007076.0,30249852.0,0.0,0.0,13.09,15.41,12.24,,,
5,14,sharded_bucketed,Sharded-Bucketed-1,100,mixed,1,1,4,279720.51792827324,336.0,749.0,349.9989444444444,142.96894445293563,0.408483930372622,0,100,900,1790693756.5737746,2387.154625,2997.237,performance,,32861572.0,32029052.0,30271444.0,0.0,0.0,12.23,15.11,12.19,,,
5,15,sharded_bucketed,Sharded-Bucketed-10,100,mixed,1,10,22,286012.7477343508,328.0,769.0,343.13575555555553,147.92431889850238,0.4310956130438952,0,100,900,1790693759.249914,2392.76,3042.08,performance,,32861572.0,32033236.0,30275580.0,0.0,0.0,12.85,15.19,12.23,,,
5,16,sharded_bucketed,Sharded-Bucketed-100,100,mixed,1,100,202,282519.1315599212,335.0,707.0,347.8364111111111,139.3656703014226,0.40066440961784283,0,100,900,1790693761.9179237,2387.849625,3002.797,performance,,32861572.0,32025112.0,30267476.0,0.0,0.0,12.85,15.19,12.23,,,
5,17,disabled,Disabled,1000,mixed,1,,,278626.12087550195,2037.0,15469.0,3481.173778888889,3533.9947086096163,1.0151733102326155,0,100,900,1790693764.595428,2663.975,3037.23,performance,,32861572.0,32023220.0,30265552.0,0.0,0.0,12.7,15.12,12.23,,,
5,18,disabled,Disabled,3000,mixed,1,,,246389.12219723288,2380.0,84072.0,11708.02300148148,20123.429879681833,1.718772663594486,0,100,900,1790693770.5304809,2696.6125,3154.078,performance,,32861572.0,32007540.0,30249632.0,0.0,0.0,12.33,15.0,12.2,,,
5,19,global_mutex,GlobalMutex,1000,mixed,1,,4,282672.7603744384,2046.0,14793.0,3441.3114311111112,3386.987445644145,0.984214161794294,0,100,900,1790693785.0902328,2300.0,2300.0,performance,,32861572.0,32020140.0,30261912.0,0.0,0.0,12.84,14.97,12.24,,,
5,20,sharded_n,Sharded-N,3000,mixed,1,,10002,238561.2229507109,2504.0,69801.0,12087.735178148148,20225.68649304606,1.6732403709182397,0,100,900,1790693790.9963999,2300.0,2300.0,performance,,32861572.0,31997640.0,30239376.0,0.0,0.0,13.01,14.97,12.25,,,
5,21,sharded_bucketed,Sharded-Bucketed-100,1000,mixed,1,100,202,278786.02490399213,2036.0,14715.0,3494.7513544444446,3416.0914288879235,0.9774919822388836,0,100,900,1790693805.973387,2300.0,2300.0,performance,,32861572.0,32011564.0,30252888.0,0.0,0.0,13.55,14.99,12.3,,,
5,22,thread_local_owned,ThreadLocal-Owned,3000,mixed,1,,4,242567.60720885705,2436.0,84546.0,11887.901054814814,20324.83836158665,1.7097079011567584,0,100,900,1790693811.9182577,2300.0,2300.0,performance,,32861572.0,32000204.0,30241472.0,0.0,0.0,13.58,14.97,12.31,,,
5,23,sharded_bucketed,Sharded-Bucketed-1000,100,mixed,1,1000,2002,277479.31794029765,339.0,789.0,353.4958555555556,151.79843555112203,0.4294206938085737,0,100,900,1790693826.7084575,2300.0,2300.0,performance,,32861572.0,32016788.0,30257648.0,0.0,0.0,21.79,16.77,12.95,,,
5,24,sharded_bucketed,Sharded-Bucketed-10,1000,mixed,1,10,22,279187.15763395187,2055.0,15764.0,3480.9464866666667,3527.2584892045593,1.013304428182187,0,100,900,1790693829.3877785,2387.73725,3001.898,performance,,32861572.0,32031056.0,30271884.0,0.0,0.0,21.0,16.69,12.94,,,
5,25,global_mutex,GlobalMutex,3000,mixed,1,,4,242721.68609857696,2427.0,84294.0,11885.49432925926,20414.83553735089,1.7176261223813316,0,100,900,1790693835.3381104,2390.8385,3026.708,performance,,32861572.0,31985292.0,30226072.0,0.0,0.0,20.6,16.68,12.96,,,
5,26,sharded_bucketed,Sharded-Bucketed-1,3000,mixed,1,1,4,238905.56139130172,2484.0,84817.0,12101.746907037037,20244.557956086992,1.6728624480086423,0,100,900,1790693850.1076124,2477.79975,3020.091,performance,,32861572.0,31999536.0,30239932.0,0.0,0.0,21.34,17.05,13.14,,,
5,27,sharded_bucketed,Sharded-Bucketed-100,3000,mixed,1,100,202,243443.57765671366,2429.0,83545.0,11864.245761481481,20087.793446929205,1.6931369975617274,0,100,900,1790693865.0692878,2300.0,2300.0,performance,,32861572.0,32018944.0,30258908.0,0.0,0.0,22.8,17.58,13.38,,,
5,28,sharded_n,Sharded-N,100,mixed,1,,10002,283716.8899867457,329.0,810.0,345.2291,153.42893829704394,0.4444264353643535,0,100,900,1790693879.8266983,2387.819625,3002.557,performance,,32861572.0,32015972.0,30255636.0,0.0,0.0,22.08,17.68,13.48,,,
5,29,sharded_bucketed,Sharded-Bucketed-10000,3000,mixed,1,10000,13042,242018.25341967813,2431.0,81202.0,11936.695292222223,20244.797461909162,1.696013592229365,0,100,900,1790693882.504047,2388.34975,3006.798,performance,,32861572.0,32013652.0,30253332.0,0.0,0.0,20.31,17.38,13.4,,,
5,30,sharded_bucketed,Sharded-Bucketed-1000,3000,mixed,1,1000,2002,239988.48375262634,2484.0,82098.0,12022.461148518518,20298.243187380125,1.6883600567826664,0,100,900,1790693897.3307712,2708.0255,3014.157,performance,,32861572.0,32024556.0,30263828.0,0.0,0.0,20.26,17.57,13.53,,,
5,31,thread_local,ThreadLocal,3000,mixed,1,,4,244211.3442480367,2405.0,81578.0,11816.934029259259,20182.680505111075,1.7079456020603867,0,100,900,1790693912.262475,2300.0,2300.0,performance,,32861572.0,32029568.0,30268508.0,0.0,0.0,18.88,17.42,13.55,,,
5,32,disabled,Disabled,100,mixed,1,,,283071.12659317267,329.0,868.0,346.85465555555555,155.96341979727856,0.4496506455923812,0,100,900,1790693926.931634,2793.61875,3005.835,performance,,32861572.0,32011580.0,30250184.0,0.0,0.0,18.84,17.47,13.61,,,
5,33,sharded_bucketed,Sharded-Bucketed-1,1000,mixed,1,1,4,278233.4805087148,2081.0,14663.0,3497.4798744444442,3453.071414227444,0.987302726016671,0,100,900,1790693929.60683,2387.908375,3003.267,performance,,32861572.0,32024536.0,30263104.0,0.0,0.0,18.45,17.41,13.61,,,
5,34,sharded_bucketed,Sharded-Bucketed-10000,1000,mixed,1,10000,13042,272841.22031558387,2079.0,15936.0,3553.7205022222224,3625.0198022256677,1.0200632829618592,0,100,900,1790693935.5639393,2362.503,2800.024,performance,,32861572.0,31978400.0,30216820.0,0.0,0.0,18.65,17.47,13.65,,,
5,35,thread_local,ThreadLocal,1000,mixed,1,,4,280743.5901500041,2014.0,14614.0,3460.84442,3350.5452404222287,0.9681294024832902,0,100,900,1790693941.586342,2300.0,2300.0,performance,,32861572.0,31977340.0,30215696.0,0.0,0.0,18.44,17.44,13.66,,,
5,36,hdr_histogram,HdrHistogram,100,mixed,1,,4,276450.9981406121,340.0,780.0,354.8704666666667,151.04847321828146,0.425643967042664,0,100,900,1790693947.5016656,2387.975625,3003.805,performance,,32861572.0,31973596.0,30211764.0,0.0,0.0,16.64,17.1,13.59,,,
6,1,sharded_bucketed,Sharded-Bucketed-100,3000,mixed,1,100,202,240240.87590193987,2466.0,82623.0,11984.170484814815,20195.69020563307,1.6851971716543168,0,100,900,1790693950.1824706,2300.0,2300.0,performance,,32861572.0,32004624.0,30242760.0,0.0,0.0,16.64,17.1,13.59,,,
6,2,sharded_2key,Sharded-2key,100,mixed,1,,4,285420.8115054068,330.0,726.0,343.2085333333333,137.6003417348973,0.40092342809336906,0,100,900,1790693965.0732098,2300.0,2300.0,performance,,32861572.0,32006936.0,30244688.0,0.0,0.0,17.58,17.31,13.72,,,
6,3,sharded_bucketed,Sharded-Bucketed-1000,100,mixed,1,1000,2002,280156.4931758361,337.0,754.0,349.9747777777778,144.53873330129866,0.41299757147949645,0,100,900,1790693967.7452145,2300.0,2300.0,performance,,32861572.0,32025616.0,30263340.0,0.0,0.0,16.17,17.03,13.64,,,
6,4,thread_local,ThreadLocal,1000,mixed,1,,4,283688.6743699296,2022.0,15298.0,3418.219528888889,3505.2991216469554,1.0254751317234363,0,100,900,1790693970.42384,2386.973125,2995.785,performance,,32861572.0,32030044.0,30267768.0,0.0,0.0,16.17,17.03,13.64,,,
6,5,sharded_bucketed,Sharded-Bucketed-10,100,mixed,1,10,22,276040.89947105106,338.0,863.0,355.67411111111113,154.0260078215491,0.4330537506381284,0,100,900,1790693976.3163362,2912.141375,3063.861,performance,,32861572.0,31983460.0,30221064.0,0.0,0.0,20.48,17.91,13.95,,,
6,6,sharded_bucketed,Sharded-Bucketed-100,1000,mixed,1,100,202,276769.2731722232,2030.0,15606.0,3503.5180266666666,3511.8656395486255,1.0023826373429283,0,100,900,1790693978.9980955,2389.702875,3017.623,performance,,32861572.0,32015188.0,30252764.0,0.0,0.0,18.84,17.61,13.87,,,
6,7,sharded_2key,Sharded-2key,1000,mixed,1,,4,276890.068389441,2034.0,15729.0,3502.14992,3564.029427003391,1.0176690057298836,0,100,900,1790693984.986972,2389.916875,3019.335,performance,,32861572.0,31993156.0,30230668.0,0.0,0.0,18.62,17.58,13.88,,,
6,8,sharded_bucketed,Sharded-Bucketed-100,100,mixed,1,100,202,291983.9703784987,323.0,706.0,335.9328222222222,133.1686544588263,0.39641453781712993,0,100,900,1790693990.9602003,2300.0,2300.0,performance,,32861572.0,31983300.0,30220548.0,0.0,0.0,19.29,17.74,13.95,,,
6,9,sharded_bucketed,Sharded-Bucketed-1,100,mixed,1,1,4,287431.2219003046,329.0,746.0,341.86367777777775,139.02685203978194,0.406673364492831,0,100,900,1790693993.62666,2387.756875,3002.055,performance,,32861572.0,31992372.0,30229624.0,0.0,0.0,17.74,17.44,13.88,,,
6,10,global_mutex,GlobalMutex,1000,mixed,1,,4,279612.2192221201,2061.0,14793.0,3481.3571055555553,3421.8154200378253,0.982896989963278,0,100,900,1790693996.295063,2387.61075,3000.886,performance,,32861572.0,32011672.0,30248936.0,0.0,0.0,17.74,17.44,13.88,,,
6,11,sharded_bucketed,Sharded-Bucketed-10000,100,mixed,1,10000,12999,281724.36396248545,333.0,795.0,348.15764444444443,151.46266757779276,0.43504047661938294,0,100,900,1790694002.2402022,2919.276875,3083.453,performance,,32861572.0,31980940.0,30218052.0,0.0,0.0,18.16,17.54,13.93,,,
6,12,sharded_n,Sharded-N,1000,mixed,1,,10002,275041.36458626564,2084.0,15531.0,3531.0073711111113,3602.070351260712,1.0201254125751766,0,100,900,1790694004.9209707,2455.96275,3029.322,performance,,32861572.0,32006868.0,30243912.0,0.0,0.0,16.71,17.24,13.85,,,
6,13,thread_local,ThreadLocal,3000,mixed,1,,4,245022.71483803898,2401.0,83340.0,11732.510164814816,20077.45017939083,1.7112663784091195,0,100,900,1790694010.9275575,2480.166125,3028.887,performance,,32861572.0,31995388.0,30232312.0,0.0,0.0,16.41,17.17,13.85,,,
6,14,sharded_bucketed,Sharded-Bucketed-10,1000,mixed,1,10,22,273804.5071930414,2077.0,15287.0,3559.9834555555553,3532.5907724716844,0.9923053903407548,0,100,900,1790694025.5921452,2300.0,2300.0,performance,,32861572.0,32019528.0,30255992.0,0.0,0.0,18.66,17.69,14.07,,,
6,15,global_mutex,GlobalMutex,100,mixed,1,,4,278915.0089626859,339.0,735.0,351.44897777777777,142.27521381472886,0.40482466249963,0,100,900,1790694031.602074,2787.87225,3097.752,performance,,32861572.0,31981048.0,30217464.0,0.0,0.0,18.13,17.6,14.06,,,
6,16,sharded_bucketed,Sharded-Bucketed-10,3000,mixed,1,10,22,241307.68301301534,2456.0,83166.0,11941.50605925926,20269.30361082809,1.697382516932325,0,100,900,1790694034.2782855,2300.0,2300.0,performance,,32861572.0,31999732.0,30236124.0,0.0,0.0,16.68,17.3,13.99,,,
6,17,sharded_bucketed,Sharded-Bucketed-10000,1000,mixed,1,10000,13042,276141.00642334635,2080.0,15125.0,3526.463311111111,3499.158986402295,0.9922573064569291,0,100,900,1790694049.133506,2300.0,2300.0,performance,,32861572.0,32005776.0,30241736.0,0.0,0.0,15.04,16.92,13.92,,,
6,18,thread_local_owned,ThreadLocal-Owned,1000,mixed,1,,4,286415.26169908536,2019.0,15001.0,3395.5714733333334,3358.6013499211854,0.9891122529145718,0,100,900,1790694055.121282,2300.0,2300.0,performance,,32861572.0,32010096.0,30246024.0,0.0,0.0,14.88,16.86,13.91,,,
6,19,sharded_n,Sharded-N,100,mixed,1,,10001,277776.6418084864,337.0,839.0,353.45414444444447,154.083383358317,0.4359359927735567,0,100,900,1790694060.9785671,2600.046625,3003.573,performance,,32861572.0,31999184.0,30235008.0,0.0,0.0,15.85,17.03,13.98,,,
6,20,disabled,Disabled,100,mixed,1,,,285946.72409027594,327.0,822.0,343.31896666666665,152.39524251592536,0.44388821274732576,0,100,900,1790694063.6633062,2300.0,2300.0,performance,,32861572.0,32012032.0,30247808.0,0.0,0.0,14.58,16.74,13.91,,,
6,21,sharded_bucketed,Sharded-Bucketed-1000,3000,mixed,1,1000,2002,241584.08637435082,2455.0,83248.0,11949.024784444444,20138.44557536106,1.6853631102663558,0,100,900,1790694066.3336427,2399.298875,3094.391,performance,,32861572.0,32021568.0,30257372.0,0.0,0.0,14.58,16.74,13.91,,,
6,22,disabled,Disabled,3000,mixed,1,,,246277.1052320919,2386.0,82985.0,11689.37004037037,19978.27707187025,1.7090978387093005,0,100,900,1790694081.1869411,2390.137125,3021.097,performance,,32861572.0,32021188.0,30256568.0,0.0,0.0,19.07,17.57,14.22,,,
6,23,hdr_histogram,HdrHistogram,100,mixed,1,,4,287299.6562932061,328.0,736.0,341.8572111111111,140.90748513117785,0.4121822812313876,0,100,900,1790694095.794439,2727.425625,3028.804,performance,,32861572.0,32009264.0,30244268.0,0.0,0.0,17.92,17.39,14.22,,,
6,24,global_mutex,GlobalMutex,3000,mixed,1,,4,242581.55550118015,2450.0,85574.0,11907.668105555556,20334.47269625485,1.7076788264503058,0,100,900,1790694098.4638374,2641.297,3033.668,performance,,32861572.0,32025512.0,30260488.0,0.0,0.0,16.49,17.11,14.14,,,
6,25,hdr_histogram,HdrHistogram,3000,mixed,1,,4,240940.941905857,2449.0,84621.0,11969.49357037037,20362.636430589588,1.7012111925099191,0,100,900,1790694113.246522,2581.754125,3089.823,performance,,32861572.0,32020292.0,30254904.0,0.0,0.0,16.04,17.0,14.15,,,
6,26,thread_local_owned,ThreadLocal-Owned,100,mixed,1,,4,280795.5490760561,333.0,830.0,349.76934444444447,147.6816091265616,0.4222257080909461,0,100,900,1790694128.091853,2403.0495,3124.396,performance,,32861572.0,32027588.0,30261940.0,0.0,0.0,14.39,16.6,14.07,,,
6,27,disabled,Disabled,1000,mixed,1,,,284299.0261187446,2002.0,14834.0,3417.348882222222,3428.406176969167,1.0032356353208383,0,100,900,1790694130.7684724,2300.0,2300.0,performance,,32861572.0,32028548.0,30262868.0,0.0,0.0,14.39,16.6,14.07,,,
6,28,sharded_bucketed,Sharded-Bucketed-10000,3000,mixed,1,10000,13042,238654.27470597316,2451.0,85138.0,12104.03945962963,20440.177030918807,1.688707071642697,0,100,900,1790694136.6524584,2300.0,2300.0,performance,,32861572.0,31999136.0,30233348.0,0.0,0.0,19.24,17.57,14.4,,,
6,29,sharded_bucketed,Sharded-Bucketed-1000,1000,mixed,1,1000,2002,271343.8058589772,2119.0,15491.0,3585.209461111111,3563.799638872666,0.9940282924970834,0,100,900,1790694151.649781,2366.5055,2832.044,performance,,32861572.0,32020832.0,30254536.0,0.0,0.0,21.6,18.18,14.65,,,
6,30,sharded_bucketed,Sharded-Bucketed-1,1000,mixed,1,1,4,276382.3235116706,2024.0,15565.0,3513.31292,3575.7317875430317,1.01776638431143,0,100,900,1790694157.6910753,2395.68825,3065.506,performance,,32861572.0,31984016.0,30217672.0,0.0,0.0,18.8,17.69,14.53,,,
6,31,thread_local,ThreadLocal,100,mixed,1,,4,290483.0528539789,324.0,718.0,336.9006777777778,142.90227936212165,0.42416738459748976,0,100,900,1790694163.675253,2300.0,2300.0,performance,,32861572.0,31993856.0,30227404.0,0.0,0.0,17.29,17.4,14.45,,,
6,32,sharded_n,Sharded-N,3000,mixed,1,,10002,240799.0611188956,2457.0,83335.0,11982.397159259259,20139.20604105546,1.6807326425074403,0,100,900,1790694166.3382998,2753.572,3121.676,performance,,32861572.0,32015496.0,30249028.0,0.0,0.0,17.29,17.4,14.45,,,
6,33,hdr_histogram,HdrHistogram,1000,mixed,1,,4,287254.8468632394,1986.0,14659.0,3388.844902222222,3375.747766941471,0.9961352213929405,0,100,900,1790694181.2093382,2300.0,2300.0,performance,,32861572.0,32008172.0,30241296.0,0.0,0.0,17.69,17.48,14.52,,,
6,34,thread_local_owned,ThreadLocal-Owned,3000,mixed,1,,4,245762.13012091487,2397.0,80644.0,11736.177747407408,19815.92785491861,1.688448171236676,0,100,900,1790694187.068224,2300.0,2300.0,performance,,32861572.0,31997944.0,30230960.0,0.0,0.0,17.31,17.41,14.52,,,
6,35,sharded_bucketed,Sharded-Bucketed-1,3000,mixed,1,1,4,245740.18703424887,2401.0,81027.0,11741.480121481482,20009.17578036805,1.704144245303495,0,100,900,1790694201.691876,2481.408375,3049.2,performance,,32861572.0,32010176.0,30242824.0,0.0,0.0,15.19,16.92,14.4,,,
6,36,sharded_2key,Sharded-2key,3000,mixed,1,,4,242904.5207888709,2432.0,81062.0,11878.495304074075,20119.616301073846,1.6937849269657277,0,100,900,1790694216.3470454,2743.442125,3040.504,performance,,32861572.0,32014384.0,30246660.0,0.0,0.0,16.32,17.06,14.49,,,
7,1,sharded_2key,Sharded-2key,100,mixed,1,,4,286499.970500053,327.0,790.0,343.0579666666667,148.31485142849303,0.4323317510145555,0,100,900,1790694231.1023762,2300.0,2300.0,performance,,32861572.0,32002284.0,30234124.0,0.0,0.0,17.08,17.21,14.58,,,
7,2,thread_local_owned,ThreadLocal-Owned,3000,mixed,1,,4,245570.08454963367,2416.0,85218.0,11724.838401851852,20001.843704299637,1.7059376870508078,0,100,900,1790694233.7701087,2394.091375,3052.731,performance,,32861572.0,32020612.0,30252412.0,0.0,0.0,15.71,16.92,14.5,,,
7,3,sharded_bucketed,Sharded-Bucketed-100,1000,mixed,1,100,202,275521.8431926391,2074.0,15028.0,3536.7049344444445,3477.0577660814324,0.9831348191413708,0,100,900,1790694248.430253,2300.0,2300.0,performance,,32861572.0,32011812.0,30243412.0,0.0,0.0,17.91,17.37,14.68,,,
7,4,sharded_bucketed,Sharded-Bucketed-10,3000,mixed,1,10,22,243896.20076766273,2418.0,79917.0,11841.943478148149,19964.267013544788,1.685894469128712,0,100,900,1790694254.4201984,2300.0,2300.0,performance,,32861572.0,31968456.0,30199996.0,0.0,0.0,18.72,17.54,14.76,,,
7,5,hdr_histogram,HdrHistogram,100,mixed,1,,4,282563.6596459686,332.0,810.0,346.88733333333334,147.8138151145236,0.4261147667000148,0,100,900,1790694269.122409,2300.0,2300.0,performance,,32861572.0,32007636.0,30238732.0,0.0,0.0,17.28,17.3,14.72,,,
7,6,sharded_bucketed,Sharded-Bucketed-1000,3000,mixed,1,1000,2002,239870.42187017485,2473.0,85250.0,12033.658278888888,20286.054092460254,1.6857761473955815,0,100,900,1790694271.801074,2412.930375,3203.443,performance,,32861572.0,32030704.0,30261784.0,0.0,0.0,17.28,17.3,14.72,,,
7,7,sharded_bucketed,Sharded-Bucketed-1,100,mixed,1,1,4,281143.0048794899,334.0,734.0,348.1526111111111,140.12259002691619,0.4024746204824435,0,100,900,1790694286.7100244,2643.518,3013.735,performance,,32861572.0,32032768.0,30263452.0,0.0,0.0,15.99,17.03,14.68,,,
7,8,thread_local,ThreadLocal,1000,mixed,1,,4,279279.58998131764,2030.0,15383.0,3487.393198888889,3525.751320162711,1.0109990812868601,0,100,900,1790694289.3850815,2300.0,2300.0,performance,,32861572.0,32020696.0,30251360.0,0.0,0.0,16.95,17.22,14.75,,,
7,9,sharded_bucketed,Sharded-Bucketed-1,3000,mixed,1,1,4,241328.6735820911,2458.0,83336.0,11954.413183703704,20166.772526518707,1.6869730213115035,0,100,900,1790694295.3246014,2859.927625,3075.863,performance,,32861572.0,31975188.0,30205824.0,0.0,0.0,16.47,17.11,14.73,,,
7,10,thread_local_owned,ThreadLocal-Owned,100,mixed,1,,4,284247.87708525505,332.0,807.0,345.76135555555555,148.66214816858752,0.4299559386262907,0,100,900,1790694310.16306,2388.26325,3006.106,performance,,32861572.0,32012940.0,30243096.0,0.0,0.0,17.26,17.25,14.81,,,
7,11,sharded_bucketed,Sharded-Bucketed-10000,1000,mixed,1,10000,13042,275173.4195861115,2072.0,15173.0,3527.543217777778,3501.772538449043,0.9926944398019397,0,100,900,1790694312.8347626,2825.8205,3099.467,performance,,32861572.0,32024384.0,30254508.0,0.0,0.0,15.88,16.97,14.73,,,
7,12,sharded_bucketed,Sharded-Bucketed-1000,100,mixed,1,1000,2002,286042.46086753206,329.0,732.0,342.00837777777775,138.21432748064575,0.4041255608377273,0,100,900,1790694318.8174424,2300.0,2300.0,performance,,32861572.0,31979880.0,30209872.0,0.0,0.0,14.61,16.69,14.65,,,
7,13,thread_local,ThreadLocal,3000,mixed,1,,4,243409.81114267916,2442.0,82008.0,11863.073785925926,20160.121754731128,1.699401193866688,0,100,900,1790694321.4900906,2388.55925,3008.474,performance,,32861572.0,31997832.0,30227780.0,0.0,0.0,14.61,16.69,14.65,,,
7,14,sharded_bucketed,Sharded-Bucketed-10,1000,mixed,1,10,22,273903.3748915775,2110.0,15285.0,3533.140168888889,3501.3348547617775,0.9909980038699926,0,100,900,1790694336.224325,2778.220375,3132.478,performance,,32861572.0,32007932.0,30237472.0,0.0,0.0,19.63,17.68,15.01,,,
7,15,thread_local,ThreadLocal,100,mixed,1,,4,295911.9215666645,314.0,752.0,330.94185555555555,141.88883125612276,0.4287424780946263,0,100,900,1790694342.2357435,2480.559,3047.307,performance,,32861572.0,31989300.0,30218860.0,0.0,0.0,19.34,17.66,15.02,,,
7,16,disabled,Disabled,3000,mixed,1,,,247556.26233866825,2375.0,82122.0,11641.051932962962,19719.99566985493,1.6940046125913688,0,100,900,1790694344.8969758,2999.286625,3122.113,performance,,32861572.0,32011212.0,30240740.0,0.0,0.0,17.79,17.36,14.94,,,
7,17,sharded_n,Sharded-N,1000,mixed,1,,10002,279399.4555072104,1998.0,14866.0,3479.0687911111113,3439.4475250892847,0.9886115313031298,0,100,900,1790694359.4502094,2300.0,2300.0,performance,,32861572.0,32027940.0,30257060.0,0.0,0.0,16.78,17.16,14.91,,,
7,18,sharded_2key,Sharded-2key,3000,mixed,1,,4,243904.91881253003,2427.0,84366.0,11814.218144074073,20114.681378857018,1.7025825267113759,0,100,900,1790694365.4078267,2388.82825,3010.626,performance,,32861572.0,31989688.0,30218772.0,0.0,0.0,16.24,17.04,14.88,,,
7,19,sharded_bucketed,Sharded-Bucketed-10,100,mixed,1,10,22,282099.64269039844,332.0,765.0,347.6349222222222,145.98923782621108,0.4199498626115845,0,100,900,1790694380.1376076,2387.757625,3002.061,performance,,32861572.0,32011956.0,30240632.0,0.0,0.0,18.33,17.48,15.06,,,
7,20,hdr_histogram,HdrHistogram,1000,mixed,1,,4,285777.0388138173,2035.0,14391.0,3402.4330844444444,3348.9140255218695,0.9842703566552835,0,100,900,1790694382.8145008,2581.28625,3136.745,performance,,32861572.0,32028544.0,30257176.0,0.0,0.0,16.86,17.19,14.98,,,
7,21,hdr_histogram,HdrHistogram,3000,mixed,1,,4,242628.7210002995,2448.0,80473.0,11904.68285851852,20136.7861458262,1.6915012676223555,0,100,900,1790694388.6850853,2300.0,2300.0,performance,,32861572.0,31979976.0,30208476.0,0.0,0.0,15.51,16.9,14.9,,,
7,22,sharded_bucketed,Sharded-Bucketed-1000,1000,mixed,1,1000,2002,277255.6491691079,2029.0,15454.0,3507.5306077777777,3508.05918883832,1.0001506989160323,0,100,900,1790694403.4452877,2300.0,2300.0,performance,,32861572.0,32016872.0,30245000.0,0.0,0.0,15.79,16.93,14.95,,,
7,23,sharded_bucketed,Sharded-Bucketed-10000,3000,mixed,1,10000,13042,241054.67434608375,2447.0,83779.0,11981.031555555555,20486.387850631134,1.7099018357172826,0,100,900,1790694409.4185054,2362.47125,2799.77,performance,,32861572.0,31988556.0,30216656.0,0.0,0.0,16.13,16.98,14.97,,,
7,24,sharded_bucketed,Sharded-Bucketed-100,100,mixed,1,100,202,285491.75803058496,331.0,734.0,343.63396666666665,138.72887212368428,0.40371117404192663,0,100,900,1790694424.281715,2388.860125,3010.881,performance,,32861572.0,32021928.0,30249568.0,0.0,0.0,19.52,17.73,15.25,,,
7,25,sharded_2key,Sharded-2key,1000,mixed,1,,4,283129.0491075715,2019.0,15018.0,3432.6666633333334,3451.213441174807,1.0054030232645612,0,100,900,1790694426.951653,2598.11975,3170.248,performance,,32861572.0,32028480.0,30256092.0,0.0,0.0,19.52,17.73,15.25,,,
7,26,disabled,Disabled,1000,mixed,1,,,291132.1104803039,1981.0,14245.0,3336.2562911111113,3285.4572653222453,0.9847736440619951,0,100,900,1790694432.8449864,2412.614,3200.912,performance,,32861572.0,32001536.0,30229016.0,0.0,0.0,17.26,17.31,15.14,,,
7,27,thread_local_owned,ThreadLocal-Owned,1000,mixed,1,,4,279022.4822588298,2035.0,14855.0,3491.1601622222224,3460.758539477267,0.9912918281223729,0,100,900,1790694438.6409142,2400.84525,3106.762,performance,,32861572.0,32009396.0,30236756.0,0.0,0.0,15.88,17.02,15.06,,,
7,28,global_mutex,GlobalMutex,3000,mixed,1,,4,241364.38748449038,2456.0,78784.0,11910.80490037037,20271.896086640463,1.7019753288050332,0,100,900,1790694444.5870178,2837.119625,3067.101,performance,,32861572.0,31974000.0,30201340.0,0.0,0.0,17.17,17.27,15.15,,,
7,29,global_mutex,GlobalMutex,1000,mixed,1,,4,278149.1017635714,2053.0,15627.0,3496.954491111111,3521.772299015218,1.007096977660759,0,100,900,1790694459.4099731,2388.293875,3006.351,performance,,32861572.0,32032916.0,30259780.0,0.0,0.0,16.61,17.15,15.15,,,
7,30,sharded_bucketed,Sharded-Bucketed-100,3000,mixed,1,100,202,237980.65811020118,2487.0,82417.0,12131.867993333333,20462.394042509208,1.6866647455901795,0,100,900,1790694465.3737957,2376.24275,2909.942,performance,,32861572.0,31994888.0,30221692.0,0.0,0.0,16.8,17.18,15.17,,,
7,31,sharded_bucketed,Sharded-Bucketed-1,1000,mixed,1,1,4,283269.8859305312,1984.0,14665.0,3425.8658088888888,3356.644799723148,0.9797945941180366,0,100,900,1790694480.3964946,2300.0,2300.0,performance,,32861572.0,32023904.0,30250344.0,0.0,0.0,20.47,17.92,15.44,,,
7,32,global_mutex,GlobalMutex,100,mixed,1,,4,280144.16330701445,332.0,865.0,350.2037888888889,156.73494998289013,0.44755355297603105,0,100,900,1790694486.297942,2386.82975,2994.638,performance,,32861572.0,31992320.0,30218636.0,0.0,0.0,20.03,17.87,15.44,,,
7,33,sharded_bucketed,Sharded-Bucketed-10000,100,mixed,1,10000,12982,281903.8115816566,335.0,762.0,348.76124444444446,144.47062105728423,0.4142393209068203,0,100,900,1790694488.978789,2387.940875,3003.527,performance,,32861572.0,32014820.0,30241104.0,0.0,0.0,18.43,17.58,15.35,,,
7,34,sharded_n,Sharded-N,3000,mixed,1,,10002,239862.48792305033,2480.0,76714.0,11995.343575925926,20233.555337832848,1.6867841433438067,0,100,900,1790694491.6582103,2300.0,2300.0,performance,,32861572.0,32022088.0,30248336.0,0.0,0.0,18.43,17.58,15.35,,,
7,35,sharded_n,Sharded-N,100,mixed,1,,10002,280563.80231287447,330.0,888.0,349.60501111111114,158.2752174250214,0.4527258259885712,0,100,900,1790694506.595502,2300.0,2300.0,performance,,32861572.0,32007572.0,30233288.0,0.0,0.0,24.88,18.97,15.84,,,
7,36,disabled,Disabled,100,mixed,1,,,282838.81255856744,329.0,855.0,346.7142888888889,153.07518077494814,0.4415023714929844,0,100,900,1790694509.2771282,2635.805375,3018.52,performance,,32861572.0,32030364.0,30256092.0,0.0,0.0,22.89,18.66,15.76,,,
8,1,global_mutex,GlobalMutex,1000,mixed,1,,4,278142.22642105457,2056.0,15078.0,3501.9082188888888,3459.637215956696,0.987929151682449,0,100,900,1790694511.9493165,2300.0,2300.0,performance,,32861572.0,32024396.0,30250092.0,0.0,0.0,22.89,18.66,15.76,,,
8,2,sharded_bucketed,Sharded-Bucketed-1000,1000,mixed,1,1000,2002,273036.19216319243,2085.0,15375.0,3551.455801111111,3573.451318684553,1.0061933806318413,0,100,900,1790694517.9072106,2764.704625,3174.174,performance,,32861572.0,31985620.0,30211356.0,0.0,0.0,19.81,18.14,15.62,,,
8,3,sharded_n,Sharded-N,3000,mixed,1,,10002,240918.8917430991,2461.0,83320.0,11978.719065555555,20140.154802912562,1.6813279193453137,0,100,900,1790694523.9211776,2300.0,2300.0,performance,,32861572.0,31978428.0,30203956.0,0.0,0.0,18.22,17.84,15.54,,,
8,4,sharded_bucketed,Sharded-Bucketed-1000,3000,mixed,1,1000,2002,239962.43237744673,2450.0,82746.0,12022.627738148149,20386.575006631643,1.6956837931481856,0,100,900,1790694538.8112414,2643.036625,3032.796,performance,,32861572.0,32015544.0,30240640.0,0.0,0.0,16.04,17.39,15.43,,,
8,5,thread_local,ThreadLocal,1000,mixed,1,,4,289761.782328123,1939.0,14383.0,3356.80656,3277.9690453009366,0.9765141323189432,0,100,900,1790694553.7223632,2300.0,2300.0,performance,,32861572.0,32020024.0,30244760.0,0.0,0.0,17.97,17.81,15.6,,,
8,6,sharded_bucketed,Sharded-Bucketed-100,3000,mixed,1,100,202,243068.30332836424,2424.0,81244.0,11869.034901481482,20073.898927737806,1.6912831661849945,0,100,900,1790694559.5489075,2368.640125,2849.121,performance,,32861572.0,31992772.0,30217484.0,0.0,0.0,18.3,17.88,15.63,,,
8,7,disabled,Disabled,100,mixed,1,,,269912.1762460053,341.0,944.0,364.12143333333336,171.686921920048,0.4715100683537021,0,100,900,1790694574.3227031,2544.95525,3001.844,performance,,32861572.0,31998636.0,30204168.0,0.0,0.0,18.3,17.95,15.7,,,
8,8,sharded_bucketed,Sharded-Bucketed-10,100,mixed,1,10,22,283134.94791100296,333.0,725.0,345.5831777777778,138.43309892644328,0.4005782336299386,0,100,900,1790694577.016525,2554.387375,2998.144,performance,,32861572.0,31807768.0,29993440.0,0.0,0.0,18.3,17.95,15.7,,,
8,9,sharded_bucketed,Sharded-Bucketed-10000,1000,mixed,1,10000,13042,280084.1439739729,2022.0,14048.0,3475.1135455555554,3284.0354011517593,0.9450152802494259,0,100,900,1790694579.68482,2381.6945,2953.556,performance,,32861572.0,31816532.0,30002172.0,0.0,0.0,17.63,17.82,15.67,,,
8,10,sharded_2key,Sharded-2key,3000,mixed,1,,4,242768.6996572992,2449.0,83205.0,11873.632325555556,20078.339658193083,1.6910023072702511,0,100,900,1790694585.6254506,2680.2895,3069.99,performance,,32861572.0,31810244.0,29995732.0,0.0,0.0,18.14,17.92,15.71,,,
8,11,sharded_bucketed,Sharded-Bucketed-100,100,mixed,1,100,202,279475.63452388725,336.0,807.0,351.39826666666664,149.4053760186997,0.42517391288222933,0,100,900,1790694600.4019141,2499.0145,3188.413,performance,,32861572.0,31996532.0,30181580.0,0.0,0.0,20.01,18.36,15.89,,,
8,12,sharded_bucketed,Sharded-Bucketed-10,3000,mixed,1,10,22,239608.1099886852,2479.0,81543.0,12028.817087777777,20224.574320474963,1.681343574591779,0,100,900,1790694603.0829406,2763.3105,3102.779,performance,,32861572.0,32002016.0,30187032.0,0.0,0.0,18.41,18.06,15.81,,,
8,13,hdr_histogram,HdrHistogram,100,mixed,1,,4,282742.6257118246,330.0,831.0,346.7256222222222,148.98584217958168,0.42969377695454586,0,100,900,1790694618.0185883,2349.997,2699.976,performance,,32861572.0,31999932.0,30184620.0,0.0,0.0,16.42,17.66,15.71,,,
8,14,sharded_bucketed,Sharded-Bucketed-10000,3000,mixed,1,10000,13042,240693.14553171373,2452.0,82406.0,11984.368034444444,20193.9184917191,1.6850215575555985,0,100,900,1790694620.6963391,2300.0,2300.0,performance,,32861572.0,32021868.0,30206556.0,0.0,0.0,16.42,17.66,15.71,,,
8,15,sharded_2key,Sharded-2key,100,mixed,1,,4,280854.8661664619,332.0,853.0,348.9745888888889,153.37668703384426,0.4395067489646885,0,100,900,1790694635.5974972,2300.0,2300.0,performance,,32861572.0,32003168.0,30187448.0,0.0,0.0,19.31,18.21,15.92,,,
8,16,hdr_histogram,HdrHistogram,3000,mixed,1,,4,243073.1749503378,2417.0,81377.0,11841.851582222222,19915.3966334354,1.6817806316145463,0,100,900,1790694638.2729926,2656.2305,3090.665,performance,,32861572.0,32012764.0,30197020.0,0.0,0.0,17.84,17.92,15.84,,,
8,17,global_mutex,GlobalMutex,100,mixed,1,,4,281160.45478828205,332.0,812.0,348.33734444444445,153.31548383508957,0.44013507675902236,0,100,900,1790694653.032484,2300.0,2300.0,performance,,32861572.0,31999412.0,30183360.0,0.0,0.0,20.56,18.6,16.1,,,
8,18,thread_local_owned,ThreadLocal-Owned,1000,mixed,1,,4,281223.7903821486,2002.0,15438.0,3456.553438888889,3532.8800675236294,1.022081715206832,0,100,900,1790694655.707924,2477.797375,3011.533,performance,,32861572.0,32005548.0,30189464.0,0.0,0.0,20.56,18.6,16.1,,,
8,19,sharded_bucketed,Sharded-Bucketed-1,1000,mixed,1,1,4,276492.08089722536,2059.0,15072.0,3521.5622433333333,3552.7074158151313,1.0088441351677822,0,100,900,1790694661.639088,2300.0,2300.0,performance,,32861572.0,31975200.0,30158980.0,0.0,0.0,19.95,18.51,16.09,,,
8,20,thread_local_owned,ThreadLocal-Owned,3000,mixed,1,,4,245131.57272973508,2387.0,83802.0,11768.536451851853,20165.288832970604,1.7134916406531986,0,100,900,1790694667.6217518,2655.3525,3027.157,performance,,32861572.0,31957888.0,30141596.0,0.0,0.0,18.51,18.26,16.03,,,
8,21,hdr_histogram,HdrHistogram,1000,mixed,1,,4,288518.3295032744,1995.0,14871.0,3371.5291766666664,3388.820378972198,1.0051285934065761,0,100,900,1790694682.292391,2568.50175,3058.824,performance,,32861572.0,31992276.0,30175620.0,0.0,0.0,17.99,18.15,16.02,,,
8,22,disabled,Disabled,1000,mixed,1,,,279877.9925130653,1997.0,15004.0,3463.5804922222223,3475.9051648544564,1.00355836183392,0,100,900,1790694688.1421652,2300.0,2300.0,performance,,32861572.0,31965736.0,30148932.0,0.0,0.0,15.23,17.56,15.85,,,
8,23,sharded_bucketed,Sharded-Bucketed-1,100,mixed,1,1,4,286214.7954330791,328.0,740.0,342.0826333333333,139.20772213757044,0.40694179877270525,0,100,900,1790694694.0629535,2387.2605,2998.084,performance,,32861572.0,31957320.0,30140488.0,0.0,0.0,14.01,17.26,15.76,,,
8,24,thread_local,ThreadLocal,100,mixed,1,,4,285326.28273066954,328.0,777.0,342.92336666666665,145.38343206853187,0.42395312247663075,0,100,900,1790694696.7342649,2300.0,2300.0,performance,,32861572.0,31978196.0,30161332.0,0.0,0.0,14.01,17.26,15.76,,,
8,25,disabled,Disabled,3000,mixed,1,,,246030.23782588937,2398.0,84793.0,11739.186152592592,19930.866005226682,1.6978064532033137,0,100,900,1790694699.4055238,2387.779,3002.232,performance,,32861572.0,31998308.0,30181400.0,0.0,0.0,12.88,16.98,15.68,,,
8,26,thread_local_owned,ThreadLocal-Owned,100,mixed,1,,4,285657.0336967988,327.0,796.0,342.2548444444445,146.52002680733753,0.4281021267797452,0,100,900,1790694714.018468,2300.0,2300.0,performance,,32861572.0,31981128.0,30163684.0,0.0,0.0,13.0,16.84,15.65,,,
8,27,sharded_bucketed,Sharded-Bucketed-1,3000,mixed,1,1,4,239925.89017684324,2468.0,83323.0,12039.82846037037,20465.13235369223,1.699786041059814,0,100,900,1790694716.6918023,2387.593125,3000.745,performance,,32861572.0,31997524.0,30180048.0,0.0,0.0,13.0,16.84,15.65,,,
8,28,sharded_bucketed,Sharded-Bucketed-10000,100,mixed,1,10000,12991,281542.71292005514,331.0,807.0,348.18415555555555,154.51517547712072,0.4437742872893784,0,100,900,1790694731.5827513,2388.361625,3006.893,performance,,32861572.0,31995728.0,30177940.0,0.0,0.0,12.19,16.47,15.55,,,
8,29,sharded_bucketed,Sharded-Bucketed-100,1000,mixed,1,100,202,293297.3970849635,1936.0,14887.0,3307.8659755555555,3382.87414751537,1.022675698626882,0,100,900,1790694734.2632575,2661.0155,3105.469,performance,,32861572.0,31997720.0,30179892.0,0.0,0.0,11.21,16.2,15.47,,,
8,30,thread_local,ThreadLocal,3000,mixed,1,,4,245318.2265317898,2396.0,81257.0,11774.695712222223,19950.9999938464,1.6943962274232793,0,100,900,1790694740.0592008,2300.0,2300.0,performance,,32861572.0,31976948.0,30159112.0,0.0,0.0,11.28,16.13,15.45,,,
8,31,sharded_n,Sharded-N,1000,mixed,1,,10002,273807.2480837608,2071.0,15422.0,3554.7884822222222,3558.7781849673534,1.0011223460312995,0,100,900,1790694754.7067432,2387.56925,3000.554,performance,,32861572.0,31993488.0,30175120.0,0.0,0.0,11.97,16.04,15.43,,,
8,32,sharded_bucketed,Sharded-Bucketed-1000,100,mixed,1,1000,2002,288221.1915489345,327.0,709.0,339.97706666666664,137.18455242916036,0.4035111949585238,0,100,900,1790694760.7102344,2401.045,3108.36,performance,,32861572.0,31970820.0,30152392.0,0.0,0.0,13.74,16.34,15.53,,,
8,33,sharded_bucketed,Sharded-Bucketed-10,1000,mixed,1,10,22,278307.67757151485,2053.0,15455.0,3496.7241966666666,3541.181732186517,1.0127140526445382,0,100,900,1790694763.3808558,2472.2385,3003.508,performance,,32861572.0,31982404.0,30163992.0,0.0,0.0,12.64,16.07,15.45,,,
8,34,global_mutex,GlobalMutex,3000,mixed,1,,4,243174.4254285371,2440.0,81865.0,11827.473798148148,19876.15440436902,1.6805071601579933,0,100,900,1790694769.3291798,2922.123,3055.18,performance,,32861572.0,31971188.0,30152652.0,0.0,0.0,11.63,15.8,15.36,,,
8,35,sharded_2key,Sharded-2key,1000,mixed,1,,4,280650.7793636594,2009.0,14809.0,3466.6097955555556,3419.6254733008027,0.9864466077736842,0,100,900,1790694784.0748007,2387.53525,3000.282,performance,,32861572.0,31992124.0,30173200.0,0.0,0.0,13.54,16.07,15.46,,,
8,36,sharded_n,Sharded-N,100,mixed,1,,10002,276564.2072078041,337.0,872.0,354.4272888888889,160.2107373866911,0.45202709387570983,0,100,900,1790694790.0035264,2387.282625,2998.261,performance,,32861572.0,31966568.0,30147528.0,0.0,0.0,15.5,16.44,15.58,,,
9,1,sharded_bucketed,Sharded-Bucketed-10,100,mixed,1,10,22,282811.3750882961,334.0,762.0,347.0495111111111,139.28886941124262,0.40135157939078037,0,100,900,1790694792.6903286,2387.0585,2996.468,performance,,32861572.0,32003388.0,30184320.0,0.0,0.0,14.26,16.16,15.5,,,
9,2,hdr_histogram,HdrHistogram,1000,mixed,1,,4,282133.4375560166,2031.0,15730.0,3440.0451955555554,3534.750408237937,1.027530223383326,0,100,900,1790694795.3636596,2410.1595,3181.276,performance,,32861572.0,32004624.0,30185568.0,0.0,0.0,14.26,16.16,15.5,,,
9,3,sharded_2key,Sharded-2key,100,mixed,1,,4,289690.9553069751,325.0,760.0,339.4200777777778,137.9256431158337,0.4063567600916502,0,100,900,1790694801.290077,2387.908875,3003.271,performance,,32861572.0,31950740.0,30131556.0,0.0,0.0,14.32,16.14,15.5,,,
9,4,sharded_n,Sharded-N,100,mixed,1,,10002,285998.56829116715,330.0,769.0,344.7048111111111,144.47090889636192,0.41911486071424053,0,100,900,1790694803.9547648,2479.432875,3031.806,performance,,32861572.0,31979528.0,30160332.0,0.0,0.0,13.17,15.88,15.41,,,
9,5,sharded_n,Sharded-N,3000,mixed,1,,10002,240375.38205513617,2474.0,80925.0,11988.674744074075,20408.286612943743,1.7022971303005303,0,100,900,1790694806.6307158,2397.649625,3081.197,performance,,32861572.0,31993740.0,30174516.0,0.0,0.0,13.17,15.88,15.41,,,
9,6,thread_local_owned,ThreadLocal-Owned,100,mixed,1,,4,281575.2361162439,333.0,765.0,348.07331111111114,147.24796049352187,0.4230372045000535,0,100,900,1790694821.5480804,2300.0,2300.0,performance,,32861572.0,31985612.0,30165900.0,0.0,0.0,14.02,15.95,15.44,,,
9,7,thread_local_owned,ThreadLocal-Owned,3000,mixed,1,,4,241789.0586486158,2440.0,83308.0,11926.94819925926,20100.614407297675,1.6853107828996905,0,100,900,1790694824.2215705,2741.463,3101.368,performance,,32861572.0,32001556.0,30181852.0,0.0,0.0,12.9,15.68,15.36,,,
9,8,sharded_bucketed,Sharded-Bucketed-10,3000,mixed,1,10,22,239474.47063465143,2478.0,85030.0,12061.278638518519,20427.995058532913,1.6936840339045574,0,100,900,1790694839.013335,2300.0,2300.0,performance,,32861572.0,31978596.0,30158516.0,0.0,0.0,12.22,15.41,15.28,,,
9,9,thread_local,ThreadLocal,100,mixed,1,,4,285523.85852272506,328.0,846.0,344.08402222222225,147.79671498728356,0.42953669871898603,0,100,900,1790694853.959984,2383.8045,2970.436,performance,,32861572.0,31988856.0,30168420.0,0.0,0.0,13.3,15.52,15.32,,,
9,10,disabled,Disabled,100,mixed,1,,,285620.2259868484,328.0,802.0,343.6594111111111,147.3918909761892,0.42888943590878353,0,100,900,1790694856.629944,2951.78275,3180.984,performance,,32861572.0,31993488.0,30173024.0,0.0,0.0,13.3,15.52,15.32,,,
9,11,sharded_bucketed,Sharded-Bucketed-10,1000,mixed,1,10,22,276230.3706229074,2034.0,15256.0,3507.082122222222,3503.193893846947,0.9988913209785885,0,100,900,1790694859.2985463,2673.097125,3120.112,performance,,32861572.0,31993828.0,30173332.0,0.0,0.0,12.24,15.26,15.24,,,
9,12,sharded_bucketed,Sharded-Bucketed-10000,3000,mixed,1,10000,13042,240345.96774444275,2452.0,86583.0,12008.375692222222,20446.16989093287,1.702659078544301,0,100,900,1790694865.2907767,2388.04825,3004.386,performance,,32861572.0,31966740.0,30146216.0,0.0,0.0,13.34,15.44,15.29,,,
9,13,sharded_bucketed,Sharded-Bucketed-10000,100,mixed,1,10000,12989,279419.9208911909,337.0,797.0,351.97474444444447,144.46183674499562,0.41043239330427983,0,100,900,1790694880.1921248,2638.95475,2998.762,performance,,32861572.0,31995752.0,30174852.0,0.0,0.0,16.53,16.05,15.5,,,
9,14,sharded_2key,Sharded-2key,3000,mixed,1,,4,242177.6917481253,2442.0,77799.0,11910.979480740742,20260.231612280044,1.7009710784104268,0,100,900,1790694882.8721483,2387.028125,2996.225,performance,,32861572.0,32002232.0,30181304.0,0.0,0.0,15.21,15.79,15.41,,,
9,15,sharded_bucketed,Sharded-Bucketed-1,1000,mixed,1,1,4,276755.905966882,2073.0,15643.0,3520.6578955555556,3562.531574571603,1.011893708578987,0,100,900,1790694897.6585798,2406.54775,3152.382,performance,,32861572.0,31995500.0,30174164.0,0.0,0.0,16.35,16.05,15.51,,,
9,16,sharded_bucketed,Sharded-Bucketed-100,1000,mixed,1,100,202,277147.30538086395,2085.0,14936.0,3510.531651111111,3525.415302482469,1.0042397143369004,0,100,900,1790694903.6434689,2575.505,3050.509,performance,,32861572.0,31977536.0,30156156.0,0.0,0.0,15.04,15.78,15.42,,,
9,17,sharded_bucketed,Sharded-Bucketed-10000,1000,mixed,1,10000,13042,276854.18325032835,2105.0,15432.0,3517.0889711111113,3497.947429352439,0.9945575611206033,0,100,900,1790694909.6138213,2387.631375,3001.051,performance,,32861572.0,31948000.0,30126508.0,0.0,0.0,15.28,15.82,15.44,,,
9,18,sharded_bucketed,Sharded-Bucketed-1000,100,mixed,1,1000,2002,287816.63823661883,328.0,741.0,341.4002,143.1061673091207,0.41917423396096637,0,100,900,1790694915.6056821,2393.296375,3046.371,performance,,32861572.0,31978828.0,30157172.0,0.0,0.0,14.86,15.72,15.41,,,
9,19,sharded_bucketed,Sharded-Bucketed-100,3000,mixed,1,100,202,236823.22025248615,2509.0,82356.0,12168.371047407407,20597.301885676214,1.6926917995375128,0,100,900,1790694918.2777016,2387.475,2999.8,performance,,32861572.0,31996964.0,30175296.0,0.0,0.0,13.67,15.46,15.33,,,
9,20,thread_local,ThreadLocal,3000,mixed,1,,4,243225.64935155574,2447.0,84059.0,11872.899925555555,20113.993852200867,1.6941096091365981,0,100,900,1790694933.3313453,2300.0,2300.0,performance,,32861572.0,31992236.0,30170084.0,0.0,0.0,12.68,15.17,15.23,,,
9,21,hdr_histogram,HdrHistogram,3000,mixed,1,,4,241463.75487031878,2446.0,85569.0,11957.924576666666,20347.6066480691,1.7016001830094418,0,100,900,1790694948.0716496,2738.73825,3019.551,performance,,32861572.0,31990436.0,30168000.0,0.0,0.0,14.72,15.56,15.36,,,
9,22,sharded_n,Sharded-N,1000,mixed,1,,10002,276228.3950619501,2078.0,15261.0,3512.863952222222,3521.765656128597,1.0025340303602546,0,100,900,1790694962.914171,2601.443375,3196.98,performance,,32861572.0,31987228.0,30164376.0,0.0,0.0,13.82,15.35,15.3,,,
9,23,thread_local_owned,ThreadLocal-Owned,1000,mixed,1,,4,283981.3881904986,2038.0,14427.0,3422.04286,3381.287092255627,0.9880902228838908,0,100,900,1790694968.9020367,2388.752875,3010.023,performance,,32861572.0,31969380.0,30146468.0,0.0,0.0,12.72,15.09,15.22,,,
9,24,global_mutex,GlobalMutex,3000,mixed,1,,4,238042.8351272023,2479.0,82787.0,12144.802805555555,20543.085730330262,1.6915124979166374,0,100,900,1790694974.7927794,2579.324625,3112.468,performance,,32861572.0,31973180.0,30150240.0,0.0,0.0,13.14,15.14,15.23,,,
9,25,disabled,Disabled,1000,mixed,1,,,280402.7673321732,2014.0,14742.0,3473.2550455555556,3433.4242286005406,0.9885321358689212,0,100,900,1790694989.7716727,2752.477,3066.707,performance,,32861572.0,31989852.0,30166408.0,0.0,0.0,17.51,15.96,15.5,,,
9,26,global_mutex,GlobalMutex,1000,mixed,1,,4,279718.9811461006,2059.0,15167.0,3479.7497533333335,3450.875550691541,0.9917022186396786,0,100,900,1790694995.7083213,2804.992875,3083.612,performance,,32861572.0,31970072.0,30146604.0,0.0,0.0,17.07,15.89,15.48,,,
9,27,sharded_2key,Sharded-2key,1000,mixed,1,,4,282618.3682794813,2018.0,15052.0,3437.594688888889,3483.9247261099854,1.013477457761628,0,100,900,1790695001.6589375,2928.54425,3109.886,performance,,32861572.0,31977856.0,30154232.0,0.0,0.0,16.82,15.86,15.47,,,
9,28,sharded_bucketed,Sharded-Bucketed-1000,3000,mixed,1,1000,2002,240404.74887566615,2477.0,83721.0,12010.970050740741,20267.36601601399,1.6874045918351166,0,100,900,1790695007.5588946,2387.576375,3000.611,performance,,32861572.0,31945292.0,30121560.0,0.0,0.0,17.55,16.08,15.54,,,
9,29,sharded_bucketed,Sharded-Bucketed-1000,1000,mixed,1,1000,2002,274417.9544266834,2064.0,15519.0,3547.9673233333333,3611.6882334823863,1.0179598356867579,0,100,900,1790695022.4627182,2826.288375,3037.339,performance,,32861572.0,31997716.0,30173524.0,0.0,0.0,21.57,16.98,15.84,,,
9,30,sharded_bucketed,Sharded-Bucketed-1,100,mixed,1,1,4,281403.2381333255,334.0,791.0,348.6181111111111,146.15057617516004,0.4192282945637874,0,100,900,1790695028.4740949,2394.22825,3053.826,performance,,32861572.0,31988144.0,30163960.0,0.0,0.0,18.25,16.42,15.67,,,
9,31,global_mutex,GlobalMutex,100,mixed,1,,4,282296.0480058858,332.0,814.0,347.6153444444444,146.69647486732933,0.4220080534758276,0,100,900,1790695031.1485937,2759.809375,3071.292,performance,,32861572.0,31998988.0,30174776.0,0.0,0.0,18.25,16.42,15.67,,,
9,32,sharded_bucketed,Sharded-Bucketed-1,3000,mixed,1,1,4,241615.86691125965,2446.0,86619.0,11948.963135925926,20340.069150706662,1.7022455353931016,0,100,900,1790695033.8209333,2388.06325,3004.506,performance,,32861572.0,32002160.0,30177912.0,0.0,0.0,16.79,16.15,15.59,,,
9,33,sharded_bucketed,Sharded-Bucketed-100,100,mixed,1,100,202,283910.43328665855,328.0,853.0,345.4850666666667,150.05533551672508,0.43433233443199015,0,100,900,1790695048.652722,2475.005125,3000.981,performance,,32861572.0,32007552.0,30182908.0,0.0,0.0,14.59,15.71,15.46,,,
9,34,thread_local,ThreadLocal,1000,mixed,1,,4,278558.9655315899,2046.0,14676.0,3485.277148888889,3383.115649118744,0.9706876970163724,0,100,900,1790695051.3250809,2557.621625,3008.532,performance,,32861572.0,32008100.0,30183412.0,0.0,0.0,14.59,15.71,15.46,,,
9,35,hdr_histogram,HdrHistogram,100,mixed,1,,4,284121.4171661861,329.0,815.0,346.1170333333333,152.40926936207427,0.44034027419648597,0,100,900,1790695057.277102,2389.469625,3015.757,performance,,32861572.0,31964680.0,30139844.0,0.0,0.0,14.38,15.65,15.44,,,
9,36,disabled,Disabled,3000,mixed,1,,,246645.68477891522,2399.0,84513.0,11681.303627037038,19989.231495998494,1.7112158141093334,0,100,900,1790695059.9546819,2388.142375,3005.139,performance,,32861572.0,31986980.0,30162116.0,0.0,0.0,13.23,15.39,15.35,,,
10,1,disabled,Disabled,3000,mixed,1,,,248205.6727456515,2361.0,83481.0,11628.293505555555,19956.88158774714,1.7162347663664064,0,100,900,1790695074.5499704,2399.224625,3093.797,performance,,32861572.0,32005660.0,30180456.0,0.0,0.0,15.71,15.85,15.51,,,
10,2,thread_local_owned,ThreadLocal-Owned,100,mixed,1,,4,281619.5702420898,334.0,788.0,348.8641333333333,145.12543968793995,0.4159941530855946,0,100,900,1790695089.0351915,2300.0,2300.0,performance,,32861572.0,31999872.0,30174208.0,0.0,0.0,14.71,15.64,15.45,,,
10,3,global_mutex,GlobalMutex,3000,mixed,1,,4,243222.59430234536,2413.0,82430.0,11858.46308,20180.071058523587,1.7017442245579422,0,100,900,1790695091.7105844,2387.5515,3000.412,performance,,32861572.0,32010520.0,30184852.0,0.0,0.0,14.71,15.64,15.45,,,
10,4,sharded_2key,Sharded-2key,100,mixed,1,,4,280513.9323182031,333.0,883.0,350.1676111111111,155.5472018219827,0.44420785043030797,0,100,900,1790695106.4518917,2730.709,3047.167,performance,,32861572.0,31982672.0,30156724.0,0.0,0.0,14.54,15.58,15.43,,,
10,5,sharded_bucketed,Sharded-Bucketed-10000,1000,mixed,1,10000,13042,279206.0169479883,2038.0,14881.0,3486.6323055555554,3447.61460154342,0.9888093436322595,0,100,900,1790695109.126789,2387.83625,3002.69,performance,,32861572.0,31998736.0,30172776.0,0.0,0.0,13.38,15.32,15.35,,,
10,6,sharded_bucketed,Sharded-Bucketed-10000,100,mixed,1,10000,12989,279899.7191458228,339.0,686.0,349.63002222222224,135.95626586787137,0.3888575271761376,0,100,900,1790695115.0882509,2474.9495,3009.079,performance,,32861572.0,31963288.0,30137152.0,0.0,0.0,13.35,15.28,15.33,,,
10,7,sharded_bucketed,Sharded-Bucketed-1,1000,mixed,1,1,4,278726.01512275625,2013.0,15112.0,3487.1605611111113,3525.411096042642,1.0109689629316474,0,100,900,1790695117.7684474,2300.0,2300.0,performance,,32861572.0,32000464.0,30174292.0,0.0,0.0,12.28,15.03,15.25,,,
10,8,sharded_n,Sharded-N,1000,mixed,1,,10002,294167.6777708202,1951.0,14140.0,3306.931758888889,3250.3012032927813,0.9828751967911381,0,100,900,1790695123.7336924,2387.1635,2997.308,performance,,32861572.0,31969104.0,30142820.0,0.0,0.0,11.3,14.78,15.17,,,
10,9,thread_local_owned,ThreadLocal-Owned,1000,mixed,1,,4,281314.0164329539,2036.0,14750.0,3464.4721633333334,3418.6706542442316,0.9867796573533343,0,100,900,1790695129.5274658,2300.0,2300.0,performance,,32861572.0,31950608.0,30124244.0,0.0,0.0,10.47,14.55,15.09,,,
10,10,sharded_bucketed,Sharded-Bucketed-1000,100,mixed,1,1000,2002,296376.475524279,320.0,642.0,330.6657333333333,126.99596677310383,0.3840614674308673,0,100,900,1790695135.4485452,2388.379625,3007.037,performance,,32861572.0,31964112.0,30137636.0,0.0,0.0,10.91,14.57,15.1,,,
10,11,disabled,Disabled,100,mixed,1,,,284044.9078029049,331.0,719.0,345.1350888888889,141.042197014881,0.4086579474400745,0,100,900,1790695138.1112533,2300.0,2300.0,performance,,32861572.0,31975816.0,30149304.0,0.0,0.0,10.04,14.33,15.02,,,
10,12,thread_local,ThreadLocal,3000,mixed,1,,4,245239.7396321838,2410.0,85340.0,11807.469376296296,20075.9898651561,1.7002788002532538,0,100,900,1790695140.7825058,2494.02675,3119.812,performance,,32861572.0,31988372.0,30161836.0,0.0,0.0,10.04,14.33,15.02,,,
10,13,sharded_bucketed,Sharded-Bucketed-1,3000,mixed,1,1,4,243127.68509258665,2437.0,82504.0,11892.028445555556,20287.108719368454,1.7059418258413617,0,100,900,1790695155.4070623,2386.486125,2991.889,performance,,32861572.0,31985076.0,30158116.0,0.0,0.0,16.15,15.5,15.39,,,
10,14,hdr_histogram,HdrHistogram,1000,mixed,1,,4,289801.19249539217,1972.0,15350.0,3348.4159066666666,3436.0424903752137,1.026169563803016,0,100,900,1790695170.1620834,2300.0,2300.0,performance,,32861572.0,31979024.0,30151608.0,0.0,0.0,18.01,15.95,15.54,,,
10,15,sharded_bucketed,Sharded-Bucketed-10,3000,mixed,1,10,22,241905.84015272983,2467.0,85713.0,11941.944171481482,20105.838118700325,1.6836318969498294,0,100,900,1790695175.99166,2402.164625,3117.317,performance,,32861572.0,31959376.0,30131888.0,0.0,0.0,18.33,16.05,15.57,,,
10,16,sharded_n,Sharded-N,100,mixed,1,,10002,279248.2689966058,332.0,879.0,351.48974444444445,160.8026358967841,0.45748884124896605,0,100,900,1790695190.8124115,2300.0,2300.0,performance,,32861572.0,31987040.0,30159168.0,0.0,0.0,19.9,16.53,15.74,,,
10,17,sharded_n,Sharded-N,3000,mixed,1,,10002,244221.6365268382,2410.0,82791.0,11804.28103925926,20007.56682363112,1.6949415857762933,0,100,900,1790695193.4961238,2300.0,2300.0,performance,,32861572.0,31995320.0,30167420.0,0.0,0.0,18.31,16.25,15.65,,,
10,18,sharded_bucketed,Sharded-Bucketed-1000,1000,mixed,1,1000,2002,276045.30212578626,2063.0,15516.0,3507.981153333333,3536.0154429878958,1.0079915736228868,0,100,900,1790695208.2003667,2300.0,2300.0,performance,,32861572.0,31989600.0,30161376.0,0.0,0.0,16.74,16.03,15.59,,,
10,19,sharded_2key,Sharded-2key,3000,mixed,1,,4,243033.13984583848,2437.0,86423.0,11870.547837777778,20179.678444685374,1.69997869689417,0,100,900,1790695214.188568,2817.444375,3004.631,performance,,32861572.0,31962012.0,30133724.0,0.0,0.0,15.4,15.76,15.51,,,
10,20,hdr_histogram,HdrHistogram,100,mixed,1,,4,281108.6172993937,331.0,802.0,347.59898888888887,148.3454516578348,0.42677181579850304,0,100,900,1790695228.9557788,2773.643875,3144.448,performance,,32861572.0,31975132.0,30146420.0,0.0,0.0,15.28,15.75,15.51,,,
10,21,thread_local,ThreadLocal,100,mixed,1,,4,282473.6741911355,329.0,872.0,347.10212222222225,155.80701703714968,0.4488794710894872,0,100,900,1790695231.634563,2387.302375,2998.419,performance,,32861572.0,32004052.0,30175296.0,0.0,0.0,15.28,15.75,15.51,,,
10,22,thread_local,ThreadLocal,1000,mixed,1,,4,279209.17160309386,2026.0,15433.0,3484.826362222222,3529.00944075996,1.0126787030242628,0,100,900,1790695234.3082695,2398.3085,3086.468,performance,,32861572.0,31988164.0,30159376.0,0.0,0.0,14.05,15.49,15.42,,,
10,23,hdr_histogram,HdrHistogram,3000,mixed,1,,4,241669.35882901293,2438.0,83949.0,11934.404152592593,20176.89167192915,1.6906492702902125,0,100,900,1790695240.245607,2387.726,3001.808,performance,,32861572.0,31944384.0,30115604.0,0.0,0.0,13.89,15.43,15.41,,,
10,24,sharded_bucketed,Sharded-Bucketed-100,1000,mixed,1,100,202,278302.103321116,2038.0,15286.0,3499.4465133333333,3494.383842525232,0.9985532938455233,0,100,900,1790695255.0611093,2300.0,2300.0,performance,,32861572.0,31970804.0,30141528.0,0.0,0.0,17.08,16.02,15.6,,,
10,25,global_mutex,GlobalMutex,100,mixed,1,,4,278116.35869297176,334.0,910.0,352.3198111111111,156.98293939576226,0.44556943562351803,0,100,900,1790695261.0189116,2387.103,2996.824,performance,,32861572.0,31975184.0,30145840.0,0.0,0.0,17.15,16.05,15.61,,,
10,26,sharded_bucketed,Sharded-Bucketed-10,1000,mixed,1,10,22,283645.27407244145,2013.0,14538.0,3424.837412222222,3386.5421038094755,0.9888183572522065,0,100,900,1790695263.6972048,2379.329,2934.632,performance,,32861572.0,31977284.0,30147908.0,0.0,0.0,15.78,15.79,15.53,,,
10,27,sharded_bucketed,Sharded-Bucketed-100,3000,mixed,1,100,202,241288.0115127704,2449.0,82390.0,11951.297040740741,20423.607166314327,1.7089029832236913,0,100,900,1790695269.5925038,2300.0,2300.0,performance,,32861572.0,31966952.0,30137520.0,0.0,0.0,16.83,16.01,15.6,,,
10,28,global_mutex,GlobalMutex,1000,mixed,1,,4,281907.5713460977,1991.0,15282.0,3447.8482144444442,3474.9240000095347,1.0078529517197592,0,100,900,1790695284.4307065,2411.411125,3191.289,performance,,32861572.0,31998100.0,30168268.0,0.0,0.0,15.34,15.73,15.52,,,
10,29,sharded_bucketed,Sharded-Bucketed-1000,3000,mixed,1,1000,2002,239002.91176167462,2488.0,84815.0,12067.26337074074,20474.153528897306,1.6966691535498089,0,100,900,1790695290.345802,2387.65575,3001.246,performance,,32861572.0,31962304.0,30132424.0,0.0,0.0,15.87,15.83,15.55,,,
10,30,disabled,Disabled,1000,mixed,1,,,289338.76397974597,1952.0,14225.0,3361.2191944444444,3281.7812020461233,0.9763663159696281,0,100,900,1790695305.2870238,2389.25525,3014.042,performance,,32861572.0,31988800.0,30158492.0,0.0,0.0,20.84,16.85,15.89,,,
10,31,sharded_bucketed,Sharded-Bucketed-10000,3000,mixed,1,10000,13042,239892.28891669412,2471.0,80753.0,12032.295558148147,20271.769688739783,1.6847798984635105,0,100,900,1790695311.1105022,2300.0,2300.0,performance,,32861572.0,31959564.0,30129232.0,0.0,0.0,21.89,17.14,15.98,,,
10,32,sharded_2key,Sharded-2key,1000,mixed,1,,4,302254.4677139636,1906.0,13691.0,3215.0349,3197.2354746302794,0.9944636913988957,0,100,900,1790695326.0492036,2300.0,2300.0,performance,,32861572.0,31982632.0,30151844.0,0.0,0.0,22.43,17.52,16.13,,,
10,33,sharded_bucketed,Sharded-Bucketed-100,100,mixed,1,100,202,277846.4401505246,338.0,814.0,352.5594111111111,149.44724185428905,0.4238923629447234,0,100,900,1790695331.7429671,2390.2795,3022.236,performance,,32861572.0,31964820.0,30133976.0,0.0,0.0,22.48,17.61,16.16,,,
10,34,sharded_bucketed,Sharded-Bucketed-10,100,mixed,1,10,22,283715.6512593317,331.0,767.0,345.44905555555556,147.4516093275952,0.4268403892158908,0,100,900,1790695334.4233642,2565.221,3012.044,performance,,32861572.0,31985576.0,30154688.0,0.0,0.0,20.68,17.31,16.08,,,
10,35,thread_local_owned,ThreadLocal-Owned,3000,mixed,1,,4,246304.4416127301,2378.0,83558.0,11728.933801481482,19890.625885785474,1.695859676799701,0,100,900,1790695337.0965717,2837.37325,3067.687,performance,,32861572.0,31983428.0,30152512.0,0.0,0.0,20.68,17.31,16.08,,,
10,36,sharded_bucketed,Sharded-Bucketed-1,100,mixed,1,1,4,282591.64356728556,332.0,785.0,347.52824444444445,142.57152640937008,0.4102444295924311,0,100,900,1790695351.6990745,2389.138125,3013.105,performance,,32861572.0,31982256.0,30150980.0,0.0,0.0,25.2,18.42,16.46,,,
11,1,sharded_bucketed,Sharded-Bucketed-1,100,mixed,1,1,4,281881.35786534677,334.0,808.0,348.18342222222225,144.98451199178513,0.41640268530433133,0,100,900,1790695354.3727393,2388.687875,3009.503,performance,,32861572.0,31978952.0,30147656.0,0.0,0.0,23.18,18.12,16.37,,,
11,2,thread_local_owned,ThreadLocal-Owned,3000,mixed,1,,4,243871.7259690255,2424.0,85262.0,11827.891476666666,20125.719439901637,1.7015475226167245,0,100,900,1790695357.0499234,2659.788125,3086.099,performance,,32861572.0,31987788.0,30156456.0,0.0,0.0,23.18,18.12,16.37,,,
11,3,disabled,Disabled,1000,mixed,1,,,287795.7130250535,1962.0,14318.0,3365.5140255555557,3345.819758475854,0.9941482142311231,0,100,900,1790695371.7628813,2756.203,3066.719,performance,,32861572.0,32002656.0,30170928.0,0.0,0.0,22.29,18.16,16.41,,,
11,4,sharded_bucketed,Sharded-Bucketed-10,100,mixed,1,10,22,283314.3737255811,331.0,782.0,347.1414111111111,148.8970284602334,0.4289232678511388,0,100,900,1790695377.6066644,2389.566375,3016.531,performance,,32861572.0,31948884.0,30117064.0,0.0,0.0,23.21,18.53,16.55,,,
11,5,thread_local_owned,ThreadLocal-Owned,1000,mixed,1,,4,283815.6161853295,2023.0,14260.0,3427.7984255555557,3360.802457938277,0.9804551028678354,0,100,900,1790695380.2805955,2387.769,3002.152,performance,,32861572.0,31979472.0,30147624.0,0.0,0.0,23.21,18.53,16.55,,,
11,6,disabled,Disabled,3000,mixed,1,,,246747.8037447495,2378.0,83328.0,11671.364456666666,19981.60199144658,1.71201936719859,0,100,900,1790695386.1700876,2300.0,2300.0,performance,,32861572.0,31962040.0,30130036.0,0.0,0.0,24.8,18.93,16.69,,,
11,7,sharded_2key,Sharded-2key,1000,mixed,1,,4,288704.038750087,1959.0,14452.0,3361.839218888889,3385.910730847118,1.0071602210548858,0,100,900,1790695400.7567308,2477.584875,3011.018,performance,,32861572.0,31995876.0,30163512.0,0.0,0.0,25.59,19.45,16.9,,,
11,8,sharded_bucketed,Sharded-Bucketed-1,3000,mixed,1,1,4,239484.61454882636,2478.0,82091.0,12052.733453333334,20273.067579027404,1.682030691006498,0,100,900,1790695406.6024988,2692.1665,3128.568,performance,,32861572.0,31978632.0,30146168.0,0.0,0.0,25.23,19.47,16.92,,,
11,9,sharded_bucketed,Sharded-Bucketed-10,1000,mixed,1,10,22,276066.4943218102,2067.0,15533.0,3525.2417122222223,3551.74327441073,1.0075176581783385,0,100,900,1790695421.5407686,2397.36325,3078.906,performance,,32861572.0,31982380.0,30149456.0,0.0,0.0,23.53,19.38,16.93,,,
11,10,global_mutex,GlobalMutex,3000,mixed,1,,4,239269.93175743637,2479.0,83944.0,12042.713654814816,20440.455601021007,1.6973297038287278,0,100,900,1790695427.5257206,2387.190125,2997.521,performance,,32861572.0,31966548.0,30133608.0,0.0,0.0,23.25,19.39,16.95,,,
11,11,global_mutex,GlobalMutex,100,mixed,1,,4,280186.35219189734,333.0,817.0,349.59125555555556,151.05116443601136,0.4320793556348178,0,100,900,1790695442.4729896,2389.216,3013.728,performance,,32861572.0,31983904.0,30150524.0,0.0,0.0,20.32,18.92,16.83,,,
11,12,sharded_bucketed,Sharded-Bucketed-10000,100,mixed,1,10000,12994,291779.61604195123,323.0,706.0,335.9815111111111,135.28035621582524,0.4026422637616128,0,100,900,1790695445.1507185,2387.56575,3000.526,performance,,32861572.0,31991340.0,30157912.0,0.0,0.0,18.69,18.61,16.74,,,
11,13,thread_local,ThreadLocal,100,mixed,1,,4,287022.63786133414,324.0,796.0,340.92844444444444,148.02123591898456,0.43417097731516846,0,100,900,1790695447.8198974,2399.01375,3092.11,performance,,32861572.0,32022440.0,30188988.0,0.0,0.0,17.19,18.3,16.65,,,
11,14,sharded_bucketed,Sharded-Bucketed-1,1000,mixed,1,1,4,281875.5774798658,1998.0,15019.0,3444.9908533333332,3430.277025147746,0.9957289209719236,0,100,900,1790695450.4901655,2881.532,3104.53,performance,,32861572.0,32019084.0,30185592.0,0.0,0.0,17.19,18.3,16.65,,,
11,15,hdr_histogram,HdrHistogram,100,mixed,1,,4,294155.61043584096,322.0,681.0,333.98918888888886,134.4173185144894,0.4024600884886942,0,100,900,1790695456.3980641,2405.6785,3145.428,performance,,32861572.0,31952884.0,30119388.0,0.0,0.0,17.66,18.38,16.68,,,
11,16,sharded_bucketed,Sharded-Bucketed-1000,100,mixed,1,1000,2002,279772.1012522714,335.0,784.0,350.9621888888889,147.54497197079027,0.42040133279856406,0,100,900,1790695459.061172,2864.95975,3141.866,performance,,32861572.0,31974108.0,30140580.0,0.0,0.0,16.25,18.07,16.6,,,
11,17,sharded_n,Sharded-N,3000,mixed,1,,10002,241041.3672479631,2464.0,81395.0,11969.15126037037,20355.95803039718,1.700701878319089,0,100,900,1790695461.739865,2387.917,3003.336,performance,,32861572.0,31992644.0,30159080.0,0.0,0.0,16.25,18.07,16.6,,,
11,18,thread_local_owned,ThreadLocal-Owned,100,mixed,1,,4,280101.98102312814,335.0,816.0,350.60277777777776,150.41983001035277,0.42903205434867725,0,100,900,1790695476.5980818,2750.408875,3050.98,performance,,32861572.0,32000224.0,30166204.0,0.0,0.0,16.12,17.94,16.58,,,
11,19,sharded_2key,Sharded-2key,3000,mixed,1,,4,244001.9306462983,2417.0,83064.0,11826.97292037037,20171.15250236146,1.7055211539056931,0,100,900,1790695479.273151,2300.0,2300.0,performance,,32861572.0,32013352.0,30179308.0,0.0,0.0,14.83,17.64,16.49,,,
11,20,sharded_bucketed,Sharded-Bucketed-100,100,mixed,1,100,202,284131.74675134104,332.0,742.0,345.70177777777775,141.77348903710043,0.4101034421877765,0,100,900,1790695493.9742754,2300.0,2300.0,performance,,32861572.0,31982356.0,30147908.0,0.0,0.0,16.83,18.02,16.63,,,
11,21,sharded_bucketed,Sharded-Bucketed-10000,3000,mixed,1,10000,13042,240068.1414534155,2469.0,80066.0,12033.748878148148,20278.229593067168,1.6851132426313145,0,100,900,1790695496.6441007,2834.112375,3061.519,performance,,32861572.0,31990488.0,30156012.0,0.0,0.0,16.83,18.02,16.63,,,
11,22,sharded_bucketed,Sharded-Bucketed-10,3000,mixed,1,10,22,242255.5679039938,2440.0,84873.0,11918.244596296296,20254.40657910007,1.6994454523440736,0,100,900,1790695511.532925,2389.516875,3016.135,performance,,32861572.0,31972180.0,30137376.0,0.0,0.0,20.34,18.7,16.87,,,
11,23,sharded_bucketed,Sharded-Bucketed-10000,1000,mixed,1,10000,13042,277749.48076354776,2065.0,15433.0,3489.740032222222,3558.7286847726673,1.0197689948000264,0,100,900,1790695526.3362741,2856.27125,3084.16,performance,,32861572.0,32001224.0,30166016.0,0.0,0.0,19.04,18.5,16.84,,,
11,24,thread_local,ThreadLocal,1000,mixed,1,,4,280205.5704256553,1991.0,15432.0,3469.5144677777776,3552.511450345607,1.0239217859843626,0,100,900,1790695532.305318,2300.0,2300.0,performance,,32861572.0,31958860.0,30123604.0,0.0,0.0,19.51,18.6,16.88,,,
11,25,thread_local,ThreadLocal,3000,mixed,1,,4,244511.96777872148,2434.0,82656.0,11774.831837037036,20102.39039427329,1.7072337569223208,0,100,900,1790695538.2252553,2644.66625,3024.335,performance,,32861572.0,31958456.0,30123148.0,0.0,0.0,16.51,17.99,16.7,,,
11,26,sharded_bucketed,Sharded-Bucketed-1000,3000,mixed,1,1000,2002,241438.0783126106,2459.0,84505.0,11974.049834074074,20014.653569567723,1.6715024446125841,0,100,900,1790695552.9185705,2466.076375,2983.919,performance,,32861572.0,31985940.0,30150108.0,0.0,0.0,19.67,18.67,16.94,,,
11,27,global_mutex,GlobalMutex,1000,mixed,1,,4,281549.6426385644,2023.0,14887.0,3454.2733877777778,3421.8997528323107,0.9906279465140152,0,100,900,1790695567.7799838,2388.84,3010.72,performance,,32861572.0,31998648.0,30162608.0,0.0,0.0,17.83,18.32,16.86,,,
11,28,sharded_bucketed,Sharded-Bucketed-100,1000,mixed,1,100,202,275163.34224156203,2085.0,15398.0,3535.024246666667,3485.9365109457312,0.9861138899493482,0,100,900,1790695573.7031114,2300.0,2300.0,performance,,32861572.0,31940716.0,30104512.0,0.0,0.0,16.41,18.02,16.77,,,
11,29,hdr_histogram,HdrHistogram,3000,mixed,1,,4,241190.90084751084,2462.0,80770.0,11961.251138518519,20262.342786566638,1.6939986086669747,0,100,900,1790695579.7046692,2391.734,3033.872,performance,,32861572.0,31979384.0,30143140.0,0.0,0.0,17.26,18.17,16.82,,,
11,30,sharded_2key,Sharded-2key,100,mixed,1,,4,293086.05502216535,322.0,688.0,334.2278888888889,134.38938410890768,0.4020890792676617,0,100,900,1790695594.5437908,2398.362375,3086.899,performance,,32861572.0,31988480.0,30151788.0,0.0,0.0,16.39,17.96,16.78,,,
11,31,hdr_histogram,HdrHistogram,1000,mixed,1,,4,295263.724494946,1952.0,14752.0,3284.3919077777778,3390.437085010055,1.032287613722696,0,100,900,1790695597.2031727,2300.0,2300.0,performance,,32861572.0,31996484.0,30159760.0,0.0,0.0,16.39,17.96,16.78,,,
11,32,sharded_bucketed,Sharded-Bucketed-100,3000,mixed,1,100,202,244469.76530078668,2412.0,81482.0,11813.078797777778,19895.241808238956,1.6841707525037044,0,100,900,1790695602.9755626,2300.0,2300.0,performance,,32861572.0,31950116.0,30113328.0,0.0,0.0,15.42,17.71,16.71,,,
11,33,sharded_n,Sharded-N,1000,mixed,1,,10002,282995.11092992657,1991.0,14616.0,3445.7615766666668,3346.1874001516576,0.9711024183480116,0,100,900,1790695617.6780515,2387.712,3001.696,performance,,32861572.0,31994556.0,30157348.0,0.0,0.0,13.77,17.24,16.58,,,
11,34,sharded_bucketed,Sharded-Bucketed-1000,1000,mixed,1,1000,2002,281610.8978300903,1981.0,15012.0,3452.0225244444446,3428.2329137024635,0.9931085007199338,0,100,900,1790695623.5886915,2511.426375,3195.077,performance,,32861572.0,31968916.0,30131556.0,0.0,0.0,12.67,16.96,16.49,,,
11,35,sharded_n,Sharded-N,100,mixed,1,,10002,294004.71754089673,324.0,665.0,333.4533,129.3181926238457,0.38781500325186674,0,100,900,1790695629.496962,2752.77225,3073.35,performance,,32861572.0,31963460.0,30126108.0,0.0,0.0,11.66,16.68,16.4,,,
11,36,disabled,Disabled,100,mixed,1,,,295425.2096566242,319.0,711.0,332.01646666666664,138.09899858555133,0.41594020914690977,0,100,900,1790695632.1645653,2394.610125,3056.881,performance,,32861572.0,31990904.0,30153536.0,0.0,0.0,11.66,16.68,16.4,,,
12,1,sharded_bucketed,Sharded-Bucketed-10000,1000,mixed,1,10000,13042,288478.73123915354,1962.0,14660.0,3372.40115,3354.5530513716017,0.9947075991750274,0,100,900,1790695634.825232,2300.0,2300.0,performance,,32861572.0,31999612.0,30162216.0,0.0,0.0,11.84,16.63,16.38,,,
12,2,sharded_bucketed,Sharded-Bucketed-1,3000,mixed,1,1,4,242379.81171838913,2429.0,84325.0,11927.812582962963,20209.516821929075,1.6943187765035181,0,100,900,1790695640.671858,2400.516375,3104.131,performance,,32861572.0,31946764.0,30109136.0,0.0,0.0,12.1,16.6,16.38,,,
12,3,disabled,Disabled,1000,mixed,1,,,293106.6656549493,1920.0,14318.0,3312.9152844444443,3330.3424426285296,1.005260369399095,0,100,900,1790695655.4907703,2387.43825,2999.506,performance,,32861572.0,31991168.0,30153156.0,0.0,0.0,14.89,16.97,16.5,,,
12,4,sharded_n,Sharded-N,1000,mixed,1,,10002,291669.8971403325,1972.0,14146.0,3331.1820155555556,3344.0875650611674,1.003874165219837,0,100,900,1790695661.2861514,2300.0,2300.0,performance,,32861572.0,31967532.0,30129432.0,0.0,0.0,16.02,17.17,16.57,,,
12,5,sharded_n,Sharded-N,3000,mixed,1,,10002,241552.11183906582,2449.0,81530.0,11960.503255925925,20001.71076227713,1.6723134749674622,0,100,900,1790695667.0942817,2300.0,2300.0,performance,,32861572.0,31965888.0,30127632.0,0.0,0.0,16.18,17.19,16.57,,,
12,6,disabled,Disabled,100,mixed,1,,,284166.5872815731,326.0,850.0,345.45823333333334,152.95582094485346,0.44276212342366167,0,100,900,1790695681.9257889,2387.818125,3002.545,performance,,32861572.0,31997880.0,30159180.0,0.0,0.0,17.38,17.38,16.65,,,
12,7,sharded_bucketed,Sharded-Bucketed-1000,100,mixed,1,1000,2002,277042.0157488412,338.0,825.0,354.62154444444445,153.8028388604688,0.4337097992774767,0,100,900,1790695684.595671,2387.76925,3002.154,performance,,32861572.0,31995284.0,30156556.0,0.0,0.0,15.98,17.09,16.56,,,
12,8,global_mutex,GlobalMutex,100,mixed,1,,4,279432.09165551444,335.0,821.0,351.4718888888889,150.3956498237002,0.42790235742365423,0,100,900,1790695687.273934,2387.77775,3002.222,performance,,32861572.0,32006144.0,30167384.0,0.0,0.0,15.98,17.09,16.56,,,
12,9,thread_local_owned,ThreadLocal-Owned,1000,mixed,1,,4,302591.2358115953,1908.0,13765.0,3194.768591111111,3158.8414162358604,0.9887543733291945,0,100,900,1790695689.9509556,2410.481625,3183.853,performance,,32861572.0,32011436.0,30172640.0,0.0,0.0,15.75,17.02,16.54,,,
12,10,global_mutex,GlobalMutex,1000,mixed,1,,4,284834.03758849786,1945.0,14794.0,3417.2971155555556,3389.0712394191582,0.9917402920548193,0,100,900,1790695695.644531,2387.54375,3000.35,performance,,32861572.0,31954016.0,30115200.0,0.0,0.0,16.49,17.16,16.58,,,
12,11,thread_local,ThreadLocal,3000,mixed,1,,4,244924.6721013055,2399.0,85760.0,11753.01006,20029.903004311087,1.7042360129070702,0,100,900,1790695701.5222065,2300.0,2300.0,performance,,32861572.0,31959244.0,30120208.0,0.0,0.0,16.45,17.14,16.58,,,
12,12,global_mutex,GlobalMutex,3000,mixed,1,,4,242290.1694539702,2452.0,80267.0,11883.08250037037,19957.29812769219,1.6794714777979671,0,100,900,1790695716.1854107,2648.60925,3003.897,performance,,32861572.0,31986540.0,30147172.0,0.0,0.0,17.4,17.31,16.64,,,
12,13,sharded_2key,Sharded-2key,1000,mixed,1,,4,278839.72527374316,2073.0,14818.0,3491.756428888889,3425.048204663675,0.9808955104447417,0,100,900,1790695730.9716923,2382.733375,2961.867,performance,,32861572.0,31993984.0,30154244.0,0.0,0.0,19.07,17.69,16.78,,,
12,14,sharded_bucketed,Sharded-Bucketed-1000,1000,mixed,1,1000,2002,279143.45153222466,2009.0,15214.0,3475.3397155555554,3494.9948893281476,1.0056556122224876,0,100,900,1790695736.9228146,2399.5175,3096.14,performance,,32861572.0,31968824.0,30129052.0,0.0,0.0,19.62,17.82,16.83,,,
12,15,hdr_histogram,HdrHistogram,100,mixed,1,,4,288525.7807611016,327.0,720.0,340.07562222222225,138.1097272144273,0.40611475268926966,0,100,900,1790695742.878967,2400.795625,3106.365,performance,,32861572.0,31957784.0,30117928.0,0.0,0.0,17.93,17.53,16.74,,,
12,16,sharded_bucketed,Sharded-Bucketed-1000,3000,mixed,1,1000,2002,243424.94895869275,2415.0,82692.0,11856.098004444444,20044.456283149924,1.690645292881009,0,100,900,1790695745.5459352,2387.01475,2996.118,performance,,32861572.0,31991508.0,30151620.0,0.0,0.0,17.93,17.53,16.74,,,
12,17,sharded_bucketed,Sharded-Bucketed-1,1000,mixed,1,1,4,277751.91718831775,2023.0,15766.0,3500.76887,3585.3784253440945,1.0241688493259753,0,100,900,1790695760.3001251,2300.0,2300.0,performance,,32861572.0,31974872.0,30134420.0,0.0,0.0,23.71,18.88,17.2,,,
12,18,thread_local,ThreadLocal,1000,mixed,1,,4,284964.412627778,1995.0,15067.0,3409.652467777778,3441.890072493623,1.0094548066175366,0,100,900,1790695766.2625356,2545.776375,3006.357,performance,,32861572.0,31972116.0,30131708.0,0.0,0.0,24.37,19.1,17.28,,,
12,19,sharded_2key,Sharded-2key,100,mixed,1,,4,286355.4974895898,327.0,776.0,342.27597777777777,143.30093038468917,0.4186707209634417,0,100,900,1790695772.1334584,2300.0,2300.0,performance,,32861572.0,31956080.0,30115496.0,0.0,0.0,23.54,19.01,17.26,,,
12,20,hdr_histogram,HdrHistogram,3000,mixed,1,,4,241860.38195297212,2450.0,82697.0,11956.678612962964,20192.128770304073,1.6887740671069436,0,100,900,1790695774.8054783,2300.0,2300.0,performance,,32861572.0,31988968.0,30148360.0,0.0,0.0,22.78,18.93,17.24,,,
12,21,sharded_bucketed,Sharded-Bucketed-100,3000,mixed,1,100,202,242339.82693846792,2433.0,83613.0,11916.653204074075,20128.37114768011,1.6890959905419256,0,100,900,1790695789.5987618,2360.073,2780.584,performance,,32861572.0,31979688.0,30138760.0,0.0,0.0,19.88,18.49,17.13,,,
12,22,sharded_bucketed,Sharded-Bucketed-10000,100,mixed,1,10000,12990,287433.639836279,330.0,695.0,341.5933111111111,136.73296669368568,0.4002799886476996,0,100,900,1790695804.3909464,2367.1045,2836.836,performance,,32861572.0,31973112.0,30131840.0,0.0,0.0,17.9,18.13,17.03,,,
12,23,sharded_bucketed,Sharded-Bucketed-100,100,mixed,1,100,202,278562.6348796409,335.0,877.0,351.88033333333334,154.67064693869236,0.43955467892595784,0,100,900,1790695807.0658662,2406.03075,3148.246,performance,,32861572.0,32001492.0,30160168.0,0.0,0.0,17.9,18.13,17.03,,,
12,24,sharded_bucketed,Sharded-Bucketed-10,3000,mixed,1,10,22,243741.51453525142,2422.0,83977.0,11831.007505185185,20119.822076112716,1.7006009054845739,0,100,900,1790695809.7449324,2388.3455,3006.764,performance,,32861572.0,32009100.0,30167752.0,0.0,0.0,18.87,18.33,17.1,,,
12,25,hdr_histogram,HdrHistogram,1000,mixed,1,,4,277382.3689539983,2056.0,15823.0,3501.0329633333336,3612.7793039067915,1.0319181058115672,0,100,900,1790695824.4722314,2867.648875,3116.471,performance,,32861572.0,31995708.0,30153936.0,0.0,0.0,17.02,17.97,17.0,,,
12,26,thread_local,ThreadLocal,100,mixed,1,,4,283587.15160640964,329.0,899.0,346.49947777777777,156.16793576145992,0.4507017925770609,0,100,900,1790695830.4419622,2488.452625,3094.404,performance,,32861572.0,31936324.0,30094528.0,0.0,0.0,16.53,17.85,16.97,,,
12,27,thread_local_owned,ThreadLocal-Owned,100,mixed,1,,4,281578.0216765581,329.0,833.0,348.0509,158.90039525727653,0.4565435551445967,0,100,900,1790695833.1131587,2300.0,2300.0,performance,,32861572.0,31968276.0,30126444.0,0.0,0.0,15.21,17.55,16.88,,,
12,28,sharded_n,Sharded-N,100,mixed,1,,10001,278050.18972754694,335.0,883.0,353.5700111111111,160.50983965229955,0.45396904321124265,0,100,900,1790695835.78819,2565.42475,3076.46,performance,,32861572.0,31990756.0,30148880.0,0.0,0.0,15.21,17.55,16.88,,,
12,29,sharded_2key,Sharded-2key,3000,mixed,1,,4,243515.23532569438,2428.0,83037.0,11840.89348111111,20019.309843229745,1.6906925034977343,0,100,900,1790695838.4715981,2300.0,2300.0,performance,,32861572.0,31989024.0,30147120.0,0.0,0.0,13.99,17.26,16.79,,,
12,30,sharded_bucketed,Sharded-Bucketed-10000,3000,mixed,1,10000,13042,240627.49724358504,2463.0,84210.0,12017.031031481481,20226.916130326914,1.6831874759528938,0,100,900,1790695853.2318313,2379.5585,2936.468,performance,,32861572.0,31995236.0,30152916.0,0.0,0.0,13.69,17.05,16.73,,,
12,31,disabled,Disabled,3000,mixed,1,,,247140.02096332275,2379.0,82154.0,11672.78654074074,19973.835956952862,1.7111454824638082,0,100,900,1790695868.1351726,2300.0,2300.0,performance,,32861572.0,31990132.0,30147584.0,0.0,0.0,14.05,17.01,16.72,,,
12,32,sharded_bucketed,Sharded-Bucketed-10,1000,mixed,1,10,22,278344.8206436685,2031.0,15474.0,3486.6324044444445,3571.0923054294826,1.0242239190106122,0,100,900,1790695882.677079,2837.57925,3085.374,performance,,32861572.0,31988740.0,30145740.0,0.0,0.0,15.91,17.31,16.83,,,
12,33,thread_local_owned,ThreadLocal-Owned,3000,mixed,1,,4,246134.49838345085,2396.0,80014.0,11710.00386037037,19772.59916917553,1.6885220026349463,0,100,900,1790695888.6302779,2300.0,2300.0,performance,,32861572.0,31959004.0,30115968.0,0.0,0.0,14.64,17.02,16.73,,,
12,34,sharded_bucketed,Sharded-Bucketed-10,100,mixed,1,10,22,280826.5276376488,335.0,779.0,349.7523888888889,146.95147996396102,0.42015861687408035,0,100,900,1790695903.2223806,2300.0,2300.0,performance,,32861572.0,31983916.0,30140476.0,0.0,0.0,13.88,16.75,16.65,,,
12,35,sharded_bucketed,Sharded-Bucketed-1,100,mixed,1,1,4,286205.2039604657,328.0,735.0,342.5115666666667,137.4440258925348,0.4012828741234767,0,100,900,1790695905.8971348,2300.0,2300.0,performance,,32861572.0,31993668.0,30150252.0,0.0,0.0,13.88,16.75,16.65,,,
12,36,sharded_bucketed,Sharded-Bucketed-100,1000,mixed,1,100,202,281501.27102546836,2032.0,14989.0,3452.7796422222223,3479.047697608698,1.0076077995436654,0,100,900,1790695908.5681164,2300.0,2300.0,performance,,32861572.0,31991688.0,30148220.0,0.0,0.0,12.77,16.47,16.56,,,
13,1,global_mutex,GlobalMutex,1000,mixed,1,,4,280207.33441072615,2035.0,15021.0,3467.870018888889,3486.8727790010807,1.0054796633116834,0,100,900,1790695914.4938905,2387.488125,2999.905,performance,,32861572.0,31966100.0,30122516.0,0.0,0.0,11.75,16.2,16.47,,,
13,2,sharded_2key,Sharded-2key,1000,mixed,1,,4,286842.30491630547,1979.0,14349.0,3389.315981111111,3370.8913525874377,0.994563909465404,0,100,900,1790695920.4174364,2300.0,2300.0,performance,,32861572.0,31939496.0,30095724.0,0.0,0.0,11.53,16.08,16.43,,,
13,3,disabled,Disabled,3000,mixed,1,,,247904.73595915717,2366.0,81707.0,11618.936312222222,19880.014590418905,1.711001253144547,0,100,900,1790695926.272362,2657.41375,3072.181,performance,,32861572.0,31959428.0,30115580.0,0.0,0.0,11.32,15.96,16.39,,,
13,4,thread_local_owned,ThreadLocal-Owned,3000,mixed,1,,4,247021.47190668772,2393.0,83371.0,11650.926188148149,19813.880332208304,1.7006270585049181,0,100,900,1790695940.797417,2645.553625,3063.228,performance,,32861572.0,31976068.0,30131832.0,0.0,0.0,11.44,15.75,16.32,,,
13,5,thread_local,ThreadLocal,3000,mixed,1,,4,243840.82826673437,2424.0,81435.0,11853.859419629629,20033.382430253718,1.6900303707903814,0,100,900,1790695955.3570948,2300.0,2300.0,performance,,32861572.0,31984288.0,30139596.0,0.0,0.0,15.76,16.55,16.57,,,
13,6,sharded_bucketed,Sharded-Bucketed-1000,3000,mixed,1,1000,2002,240492.87691879255,2462.0,83713.0,12007.209234814814,20391.463134698206,1.6982683266294143,0,100,900,1790695970.039721,2884.981,3158.345,performance,,32861572.0,31966272.0,30121328.0,0.0,0.0,18.95,17.19,16.78,,,
13,7,sharded_bucketed,Sharded-Bucketed-1000,1000,mixed,1,1000,2002,280979.35462700593,2013.0,14966.0,3449.6452944444445,3463.1611473814373,1.003918041358849,0,100,900,1790695984.941233,2300.0,2300.0,performance,,32861572.0,31981912.0,30136540.0,0.0,0.0,18.55,17.18,16.78,,,
13,8,thread_local,ThreadLocal,100,mixed,1,,4,290931.118450161,323.0,745.0,337.79265555555554,139.36635951203704,0.4125796023682817,0,100,900,1790695990.8585644,2470.505625,2997.896,performance,,32861572.0,31956204.0,30110744.0,0.0,0.0,21.55,17.82,16.99,,,
13,9,sharded_bucketed,Sharded-Bucketed-10,3000,mixed,1,10,22,242477.30860772388,2440.0,80447.0,11893.603232222222,20115.886635777802,1.6913197996448814,0,100,900,1790695993.519936,2387.788375,3002.307,performance,,32861572.0,31970328.0,30124820.0,0.0,0.0,19.82,17.53,16.9,,,
13,10,disabled,Disabled,1000,mixed,1,,,288803.1029292898,1948.0,14789.0,3370.203218888889,3418.7325263305556,1.0143995196401439,0,100,900,1790696008.303468,2300.0,2300.0,performance,,32861572.0,31999212.0,30153380.0,0.0,0.0,18.24,17.3,16.84,,,
13,11,sharded_bucketed,Sharded-Bucketed-100,3000,mixed,1,100,202,242989.19191364045,2436.0,81473.0,11886.985252592593,20026.24347251094,1.6847201411428645,0,100,900,1790696014.137137,2548.382875,2989.568,performance,,32861572.0,31958980.0,30113008.0,0.0,0.0,16.78,17.01,16.75,,,
13,12,sharded_bucketed,Sharded-Bucketed-1000,100,mixed,1,1000,2002,280215.28840976424,333.0,853.0,350.715,155.06940332459098,0.4421521843222873,0,100,900,1790696028.8950753,2479.791875,3032.622,performance,,32861572.0,31981432.0,30135072.0,0.0,0.0,15.46,16.73,16.66,,,
13,13,hdr_histogram,HdrHistogram,1000,mixed,1,,4,278836.95164286025,2045.0,15347.0,3488.2820055555558,3540.8766908888215,1.0150775325072634,0,100,900,1790696031.5738304,2388.1415,3005.132,performance,,32861572.0,31991288.0,30144912.0,0.0,0.0,15.46,16.73,16.66,,,
13,14,sharded_n,Sharded-N,1000,mixed,1,,10002,281157.65675493894,2028.0,15244.0,3458.789062222222,3465.3529234128964,1.0018977338810182,0,100,900,1790696037.5181496,2300.0,2300.0,performance,,32861572.0,31952804.0,30106368.0,0.0,0.0,16.31,16.89,16.71,,,
13,15,hdr_histogram,HdrHistogram,100,mixed,1,,4,280545.4871590091,335.0,796.0,350.6546222222222,145.09379780324997,0.41377979529754755,0,100,900,1790696043.4464989,2841.31775,3098.444,performance,,32861572.0,31961068.0,30114476.0,0.0,0.0,13.8,16.33,16.53,,,
13,16,sharded_n,Sharded-N,3000,mixed,1,,10002,244249.62004572077,2409.0,78364.0,11811.136740740742,19678.650375865596,1.6661097748523264,0,100,900,1790696046.1338713,2823.376,3054.729,performance,,32861572.0,31991840.0,30145224.0,0.0,0.0,13.8,16.33,16.53,,,
13,17,sharded_bucketed,Sharded-Bucketed-10,100,mixed,1,10,22,287051.10091672157,327.0,754.0,341.4072,147.32361970932897,0.43151878375537767,0,100,900,1790696060.8535519,2480.019375,3038.613,performance,,32861572.0,31978116.0,30131096.0,0.0,0.0,25.36,18.92,17.38,,,
13,18,sharded_2key,Sharded-2key,100,mixed,1,,4,280242.4914613694,335.0,793.0,351.1682333333333,151.64194227256903,0.4318213547767818,0,100,900,1790696063.520504,2300.0,2300.0,performance,,32861572.0,31995712.0,30148676.0,0.0,0.0,23.33,18.6,17.29,,,
13,19,sharded_n,Sharded-N,100,mixed,1,,10001,279258.1398294469,337.0,777.0,351.53117777777777,147.73940035096214,0.4202739605769943,0,100,900,1790696066.1963203,2300.0,2300.0,performance,,32861572.0,32006492.0,30159420.0,0.0,0.0,23.33,18.6,17.29,,,
13,20,thread_local,ThreadLocal,1000,mixed,1,,4,284302.57307449885,2006.0,14539.0,3418.411756666667,3368.6397227627244,0.9854400120737721,0,100,900,1790696068.8744364,2600.948375,3138.55,performance,,32861572.0,32005076.0,30157972.0,0.0,0.0,21.46,18.29,17.2,,,
13,21,sharded_bucketed,Sharded-Bucketed-1,3000,mixed,1,1,4,241685.93820210436,2454.0,84345.0,11944.759037037036,20234.276055564518,1.6939877977298856,0,100,900,1790696074.7559068,2398.35575,3086.846,performance,,32861572.0,31956676.0,30109532.0,0.0,0.0,21.18,18.29,17.2,,,
13,22,sharded_bucketed,Sharded-Bucketed-1,1000,mixed,1,1,4,278921.18945399515,2034.0,14728.0,3494.186632222222,3439.2120632102633,0.984266848111374,0,100,900,1790696089.5911396,2708.735,3168.79,performance,,32861572.0,31979596.0,30132000.0,0.0,0.0,21.11,18.43,17.27,,,
13,23,sharded_bucketed,Sharded-Bucketed-10,1000,mixed,1,10,22,280445.91686029354,2022.0,14604.0,3471.1136511111113,3446.8788124463003,0.9930181373758669,0,100,900,1790696095.5385034,2300.0,2300.0,performance,,32861572.0,31965896.0,30118232.0,0.0,0.0,21.1,18.48,17.29,,,
13,24,thread_local_owned,ThreadLocal-Owned,1000,mixed,1,,4,286257.309378027,1971.0,14576.0,3385.6536544444443,3388.0065872795,1.0006949715107352,0,100,900,1790696101.470251,2300.0,2300.0,performance,,32861572.0,31952020.0,30104232.0,0.0,0.0,20.69,18.43,17.28,,,
13,25,hdr_histogram,HdrHistogram,3000,mixed,1,,4,244551.2390728533,2422.0,75078.0,11812.159872222222,20031.172284978555,1.6958094456615316,0,100,900,1790696107.3370578,2925.75875,3086.04,performance,,32861572.0,31949504.0,30101524.0,0.0,0.0,20.4,18.41,17.28,,,
13,26,sharded_bucketed,Sharded-Bucketed-1,100,mixed,1,1,4,292064.1270016323,326.0,681.0,336.35614444444445,127.90641281606239,0.3802707782470391,0,100,900,1790696122.0378702,2387.987625,3003.901,performance,,32861572.0,31981680.0,30133224.0,0.0,0.0,20.54,18.55,17.34,,,
13,27,global_mutex,GlobalMutex,100,mixed,1,,4,302868.79340236005,311.0,666.0,323.5971777777778,128.554903551684,0.3972683088106715,0,100,900,1790696124.6988938,2399.51575,3096.126,performance,,32861572.0,31995956.0,30147504.0,0.0,0.0,18.97,18.26,17.25,,,
13,28,disabled,Disabled,100,mixed,1,,,286876.95703874127,329.0,743.0,342.8830111111111,141.07794418572357,0.41144629396644944,0,100,900,1790696127.3515766,2483.03125,3066.164,performance,,32861572.0,32005604.0,30157168.0,0.0,0.0,18.97,18.26,17.25,,,
13,29,sharded_bucketed,Sharded-Bucketed-10000,1000,mixed,1,10000,13042,278619.90204602823,2008.0,15526.0,3489.669856666667,3501.8202853207154,1.0034818275519206,0,100,900,1790696130.0189543,2558.154875,3001.662,performance,,32861572.0,32001068.0,30152648.0,0.0,0.0,18.73,18.22,17.25,,,
13,30,sharded_2key,Sharded-2key,3000,mixed,1,,4,244076.4227397965,2413.0,81407.0,11826.724984074073,20014.039706558975,1.6922723521101557,0,100,900,1790696135.9746535,2387.56325,3000.506,performance,,32861572.0,31953384.0,30104824.0,0.0,0.0,18.59,18.2,17.25,,,
13,31,thread_local_owned,ThreadLocal-Owned,100,mixed,1,,4,284323.4835464844,331.0,758.0,345.2714222222222,143.03370093704842,0.41426452272377656,0,100,900,1790696150.6831393,2300.0,2300.0,performance,,32861572.0,31994200.0,30145228.0,0.0,0.0,22.25,19.08,17.55,,,
13,32,sharded_bucketed,Sharded-Bucketed-10000,3000,mixed,1,10000,13042,242297.7890844994,2416.0,83189.0,11881.504061851852,20216.780215504416,1.7015337545029148,0,100,900,1790696153.3545134,2300.0,2300.0,performance,,32861572.0,32008396.0,30159400.0,0.0,0.0,20.46,18.76,17.46,,,
13,33,global_mutex,GlobalMutex,3000,mixed,1,,4,247499.80234872035,2366.0,81404.0,11639.080948148148,19784.60036972288,1.6998421488657776,0,100,900,1790696168.1710784,2388.31225,3006.498,performance,,32861572.0,31986100.0,30136808.0,0.0,0.0,20.38,18.85,17.51,,,
13,34,sharded_bucketed,Sharded-Bucketed-100,1000,mixed,1,100,202,279269.529932466,2035.0,15353.0,3484.5654611111113,3527.443799348281,1.0123052181730279,0,100,900,1790696182.7036731,2902.033625,3030.102,performance,,32861572.0,31996296.0,30146644.0,0.0,0.0,21.4,19.13,17.61,,,
13,35,sharded_bucketed,Sharded-Bucketed-100,100,mixed,1,100,202,283525.48784978455,330.0,758.0,345.0176777777778,141.85973013499796,0.411166555431888,0,100,900,1790696188.650148,2300.0,2300.0,performance,,32861572.0,31958616.0,30108924.0,0.0,0.0,18.11,18.5,17.42,,,
13,36,sharded_bucketed,Sharded-Bucketed-10000,100,mixed,1,10000,12993,276511.71342483326,336.0,881.0,354.4481777777778,157.08551337690514,0.44318330076277135,0,100,900,1790696191.322431,2300.0,2300.0,performance,,32861572.0,31984428.0,30134708.0,0.0,0.0,18.11,18.5,17.42,,,
14,1,hdr_histogram,HdrHistogram,3000,mixed,1,,4,244090.45652291694,2420.0,83423.0,11815.581865555556,20134.92252263937,1.704099108426993,0,100,900,1790696194.0047185,2387.40775,2999.262,performance,,32861572.0,32010732.0,30160972.0,0.0,0.0,16.66,18.19,17.33,,,
14,2,sharded_bucketed,Sharded-Bucketed-10,1000,mixed,1,10,22,274310.8670351807,2057.0,15392.0,3546.8023255555554,3530.8733946379907,0.9955089318615833,0,100,900,1790696208.7078853,2486.162375,3092.025,performance,,32861572.0,31986256.0,30136180.0,0.0,0.0,18.21,18.51,17.45,,,
14,3,sharded_bucketed,Sharded-Bucketed-1,1000,mixed,1,1,4,278610.8154308257,2024.0,15641.0,3497.2989377777776,3602.7601065043987,1.030155034100011,0,100,900,1790696214.6988218,2492.110875,3074.815,performance,,32861572.0,31957252.0,30106960.0,0.0,0.0,16.75,18.21,17.36,,,
14,4,sharded_2key,Sharded-2key,1000,mixed,1,,4,283204.64313483774,2003.0,14468.0,3433.481838888889,3378.9248446030497,0.9841103006085815,0,100,900,1790696220.6589491,2387.0635,2996.508,performance,,32861572.0,31968148.0,30117740.0,0.0,0.0,20.61,18.98,17.61,,,
14,5,hdr_histogram,HdrHistogram,1000,mixed,1,,4,281670.98959809594,2013.0,14567.0,3451.2040566666665,3386.7678034350715,0.9813293412462459,0,100,900,1790696226.5603719,2300.0,2300.0,performance,,32861572.0,31976960.0,30126452.0,0.0,0.0,20.4,18.97,17.62,,,
14,6,sharded_bucketed,Sharded-Bucketed-10000,1000,mixed,1,10000,13042,294332.0789436467,1965.0,13912.0,3307.4610233333333,3202.6947544112745,0.9683242619692392,0,100,900,1790696232.4863884,2300.0,2300.0,performance,,32861572.0,31952788.0,30102200.0,0.0,0.0,20.13,18.93,17.61,,,
14,7,global_mutex,GlobalMutex,100,mixed,1,,4,284702.62341225264,332.0,740.0,344.47625555555555,142.26719397014918,0.41299564679924644,0,100,900,1790696238.278048,2394.636,3057.088,performance,,32861572.0,31962904.0,30112176.0,0.0,0.0,17.03,18.31,17.42,,,
14,8,sharded_bucketed,Sharded-Bucketed-1000,1000,mixed,1,1000,2002,278496.48204497114,2054.0,14576.0,3490.8823877777777,3387.7885562907213,0.9704676869527296,0,100,900,1790696240.9500546,2612.747125,3023.001,performance,,32861572.0,31988480.0,30137716.0,0.0,0.0,17.03,18.31,17.42,,,
14,9,sharded_bucketed,Sharded-Bucketed-10000,3000,mixed,1,10000,13042,238480.13222137705,2498.0,84532.0,12115.772118148148,20597.2342660171,1.7000348029957264,0,100,900,1790696246.9074175,2580.00125,3104.22,performance,,32861572.0,31968604.0,30117664.0,0.0,0.0,16.95,18.27,17.42,,,
14,10,thread_local,ThreadLocal,100,mixed,1,,4,293441.28694845183,320.0,738.0,334.6216888888889,139.02748265098165,0.4154766031832016,0,100,900,1790696261.87194,2882.302375,3105.624,performance,,32861572.0,31990364.0,30139004.0,0.0,0.0,17.86,18.42,17.48,,,
14,11,sharded_bucketed,Sharded-Bucketed-1000,3000,mixed,1,1000,2002,242814.96020075522,2414.0,78464.0,11887.473227037037,20054.972562131214,1.6870677375338186,0,100,900,1790696264.5335445,2365.63875,2825.11,performance,,32861572.0,32009812.0,30158416.0,0.0,0.0,16.43,18.11,17.39,,,
14,12,sharded_bucketed,Sharded-Bucketed-100,100,mixed,1,100,202,277717.4642303377,340.0,783.0,354.1552111111111,149.3964739343837,0.4218389825909203,0,100,900,1790696279.3063185,2395.611125,3064.889,performance,,32861572.0,31976728.0,30125008.0,0.0,0.0,14.69,17.66,17.25,,,
14,13,thread_local_owned,ThreadLocal-Owned,3000,mixed,1,,4,242582.8190798888,2458.0,81329.0,11885.315953703705,20109.57015664438,1.6919676544549773,0,100,900,1790696281.9847367,2388.25075,3006.006,performance,,32861572.0,31989772.0,30138004.0,0.0,0.0,14.69,17.66,17.25,,,
14,14,thread_local_owned,ThreadLocal-Owned,1000,mixed,1,,4,284541.98124265997,2006.0,15501.0,3415.0452811111113,3477.549430687931,1.0183025829620869,0,100,900,1790696296.7500894,2385.470375,2983.763,performance,,32861572.0,31987848.0,30135772.0,0.0,0.0,26.01,20.07,18.05,,,
14,15,sharded_bucketed,Sharded-Bucketed-10,100,mixed,1,10,22,294174.6544537074,324.0,654.0,334.4164222222222,123.96611333233218,0.3706938568045435,0,100,900,1790696302.6313481,2300.0,2300.0,performance,,32861572.0,31968848.0,30116700.0,0.0,0.0,27.93,20.56,18.22,,,
14,16,sharded_bucketed,Sharded-Bucketed-1,3000,mixed,1,1,4,243660.93390645934,2437.0,80613.0,11852.532780740741,20052.40997324128,1.691824890442368,0,100,900,1790696305.2923837,2825.926,3135.403,performance,,32861572.0,31991416.0,30139240.0,0.0,0.0,25.7,20.22,18.12,,,
14,17,sharded_n,Sharded-N,1000,mixed,1,,10002,275240.5605940099,2068.0,15007.0,3527.0707188888887,3484.386396372401,0.9878980814623604,0,100,900,1790696320.0413754,2300.0,2300.0,performance,,32861572.0,31971300.0,30118704.0,0.0,0.0,24.05,20.12,18.12,,,
14,18,disabled,Disabled,3000,mixed,1,,,246920.28092043175,2401.0,80748.0,11697.476181111111,19862.689445615943,1.6980320488012517,0,100,900,1790696326.0459018,2389.95725,3019.658,performance,,32861572.0,31984336.0,30131672.0,0.0,0.0,29.97,21.41,18.55,,,
14,19,thread_local,ThreadLocal,1000,mixed,1,,4,289039.3909218334,1963.0,14672.0,3356.525526666667,3341.227622026165,0.9954423392526098,0,100,900,1790696340.595944,2356.86225,2754.898,performance,,32861572.0,31974316.0,30121200.0,0.0,0.0,32.36,22.38,18.91,,,
14,20,sharded_bucketed,Sharded-Bucketed-10,3000,mixed,1,10,22,243829.11573269282,2426.0,82435.0,11845.159544074075,20093.106915454286,1.6963137423933234,0,100,900,1790696346.4307008,2387.71925,3001.754,performance,,32861572.0,31965084.0,30111856.0,0.0,0.0,31.29,22.32,18.91,,,
14,21,sharded_2key,Sharded-2key,100,mixed,1,,4,287988.3735637732,327.0,771.0,341.0159777777778,142.0907409135524,0.4166688664838616,0,100,900,1790696361.1571937,2300.0,2300.0,performance,,32861572.0,31982524.0,30128904.0,0.0,0.0,30.55,22.64,19.07,,,
14,22,thread_local_owned,ThreadLocal-Owned,100,mixed,1,,4,288349.2421430606,325.0,768.0,339.93982222222223,145.54031469208354,0.4281355262842442,0,100,900,1790696363.8260374,2388.9875,3011.9,performance,,32861572.0,31999020.0,30145376.0,0.0,0.0,28.1,22.26,18.97,,,
14,23,hdr_histogram,HdrHistogram,100,mixed,1,,4,290008.97149197955,327.0,680.0,338.10982222222225,134.75624453733624,0.3985576155453061,0,100,900,1790696366.4919329,2364.8435,2818.748,performance,,32861572.0,31995056.0,30141384.0,0.0,0.0,28.1,22.26,18.97,,,
14,24,sharded_bucketed,Sharded-Bucketed-1000,100,mixed,1,1000,2002,277599.7866207649,335.0,856.0,353.4450111111111,158.9682394121251,0.4497679537543419,0,100,900,1790696369.16181,2476.69925,3012.774,performance,,32861572.0,31982092.0,30128372.0,0.0,0.0,25.85,21.89,18.87,,,
14,25,global_mutex,GlobalMutex,1000,mixed,1,,4,282622.76696187636,1996.0,14529.0,3440.7250955555555,3369.953042829566,0.9794310644528368,0,100,900,1790696371.838169,2383.449375,2967.595,performance,,32861572.0,31999000.0,30145252.0,0.0,0.0,25.85,21.89,18.87,,,
14,26,sharded_bucketed,Sharded-Bucketed-100,3000,mixed,1,100,202,240429.92126946984,2475.0,83662.0,11997.37501925926,20343.771601699766,1.6956852285639252,0,100,900,1790696377.7445683,2558.169,3019.869,performance,,32861572.0,31951604.0,30097808.0,0.0,0.0,25.54,21.9,18.88,,,
14,27,disabled,Disabled,100,mixed,1,,,288235.7150171467,326.0,767.0,340.97475555555553,142.83464497182524,0.4189009381034749,0,100,900,1790696392.6255262,2300.0,2300.0,performance,,32861572.0,31979684.0,30125532.0,0.0,0.0,29.79,22.91,19.26,,,
14,28,disabled,Disabled,1000,mixed,1,,,283864.3601528817,1998.0,14773.0,3428.269158888889,3475.329686853587,1.0137271975400994,0,100,900,1790696395.29201,2387.253625,2998.029,performance,,32861572.0,31982492.0,30128312.0,0.0,0.0,27.41,22.53,19.15,,,
14,29,sharded_bucketed,Sharded-Bucketed-1,100,mixed,1,1,4,280785.47990894876,332.0,868.0,349.5495,153.16276622927913,0.4381718933349329,0,100,900,1790696401.1723254,2300.0,2300.0,performance,,32861572.0,31965656.0,30111368.0,0.0,0.0,26.01,22.32,19.11,,,
14,30,sharded_n,Sharded-N,100,mixed,1,,9999,279631.64235605096,333.0,854.0,351.33435555555553,149.96876419970854,0.4268548231287173,0,100,900,1790696403.8479888,2361.843375,2794.747,performance,,32861572.0,31993700.0,30139412.0,0.0,0.0,23.93,21.95,19.0,,,
14,31,sharded_n,Sharded-N,3000,mixed,1,,10002,245566.06298662993,2416.0,81501.0,11734.255294444445,19937.760535698886,1.6991074452878463,0,100,900,1790696406.5317173,2411.488,3191.904,performance,,32861572.0,31997856.0,30143508.0,0.0,0.0,23.93,21.95,19.0,,,
14,32,thread_local,ThreadLocal,3000,mixed,1,,4,242860.51939448813,2419.0,82571.0,11886.712238148148,20039.58296783298,1.68588105494131,0,100,900,1790696421.1877968,2391.011125,3028.089,performance,,32861572.0,31975744.0,30120944.0,0.0,0.0,21.51,21.52,18.91,,,
14,33,sharded_bucketed,Sharded-Bucketed-100,1000,mixed,1,100,202,280022.88580997515,2001.0,14697.0,3469.9737333333333,3414.428303820236,0.9839925504393547,0,100,900,1790696435.963468,2666.205375,3084.071,performance,,32861572.0,31978604.0,30123484.0,0.0,0.0,20.19,21.21,18.85,,,
14,34,sharded_2key,Sharded-2key,3000,mixed,1,,4,243846.53270210561,2431.0,85073.0,11808.311454814815,20065.534255345523,1.6992721044094616,0,100,900,1790696441.9042635,2300.0,2300.0,performance,,32861572.0,31966148.0,30110892.0,0.0,0.0,21.7,21.5,18.96,,,
14,35,global_mutex,GlobalMutex,3000,mixed,1,,4,243740.76515835288,2402.0,80773.0,11847.707413703703,20045.200288661414,1.6919054116306116,0,100,900,1790696456.6058056,2702.603125,3015.723,performance,,32861572.0,32002840.0,30147148.0,0.0,0.0,21.34,21.42,18.97,,,
14,36,sharded_bucketed,Sharded-Bucketed-10000,100,mixed,1,10000,12985,280501.54998611484,335.0,748.0,350.55145555555555,147.71043467548327,0.4213659145741988,0,100,900,1790696471.3446076,2658.871375,3131.344,performance,,32861572.0,31986316.0,30130392.0,0.0,0.0,22.78,21.76,19.12,,,
15,1,thread_local,ThreadLocal,3000,mixed,1,,4,246346.3986291477,2398.0,82694.0,11716.971262222221,19942.14371559127,1.7019879343639424,0,100,900,1790696474.0241077,2387.66725,3001.338,performance,,32861572.0,32009032.0,30153076.0,0.0,0.0,20.96,21.4,19.02,,,
15,2,thread_local_owned,ThreadLocal-Owned,3000,mixed,1,,4,242956.34946370474,2420.0,86522.0,11860.07700148148,20231.487228353428,1.7058478815800477,0,100,900,1790696488.6080444,2848.8815,3095.426,performance,,32861572.0,31991020.0,30134696.0,0.0,0.0,20.52,21.33,19.04,,,
15,3,sharded_n,Sharded-N,3000,mixed,1,,10002,239592.47056471283,2479.0,85536.0,12057.530697037037,20538.332016220484,1.7033613707711714,0,100,900,1790696503.3447094,2983.772125,3039.683,performance,,32861572.0,31998744.0,30142104.0,0.0,0.0,19.54,21.1,19.0,,,
15,4,disabled,Disabled,100,mixed,1,,,286600.9425954712,325.0,786.0,342.0978777777778,146.53910553175274,0.4283543250360138,0,100,900,1790696518.2615733,2617.593,3067.907,performance,,32861572.0,31974436.0,30117468.0,0.0,0.0,18.04,20.7,18.9,,,
15,5,thread_local,ThreadLocal,1000,mixed,1,,4,279651.6084104774,2051.0,15177.0,3472.088732222222,3468.688147302662,0.9990205938897813,0,100,900,1790696520.9315612,2300.0,2300.0,performance,,32861572.0,31995740.0,30138744.0,0.0,0.0,18.04,20.7,18.9,,,
15,6,thread_local,ThreadLocal,100,mixed,1,,4,290738.9929746508,325.0,751.0,337.87426666666664,141.43632644472365,0.41860638822861024,0,100,900,1790696526.8574476,2300.0,2300.0,performance,,32861572.0,31974264.0,30117160.0,0.0,0.0,17.39,20.53,18.86,,,
15,7,hdr_histogram,HdrHistogram,3000,mixed,1,,4,242149.40360124744,2429.0,83018.0,11911.299433703703,20250.608559659227,1.7001174953556262,0,100,900,1790696529.5242825,2474.766875,3000.547,performance,,32861572.0,31977948.0,30120796.0,0.0,0.0,16.0,20.19,18.75,,,
15,8,global_mutex,GlobalMutex,1000,mixed,1,,4,293573.1536687901,1959.0,14491.0,3305.8366633333335,3324.038542724132,1.005505982673822,0,100,900,1790696544.3190296,2739.0915,3015.844,performance,,32861572.0,31987964.0,30130404.0,0.0,0.0,16.46,20.11,18.75,,,
15,9,sharded_bucketed,Sharded-Bucketed-10000,3000,mixed,1,10000,13042,240212.116843601,2475.0,81089.0,12018.21036111111,20324.01966681663,1.6911020073822065,0,100,900,1790696550.1042671,2300.0,2300.0,performance,,32861572.0,31967996.0,30110352.0,0.0,0.0,16.99,20.15,18.78,,,
15,10,sharded_n,Sharded-N,100,mixed,1,,10002,286142.88051300915,329.0,762.0,342.6595,138.52826299901363,0.40427381408953683,0,100,900,1790696564.99158,2634.243625,2997.569,performance,,32861572.0,31964896.0,30106952.0,0.0,0.0,20.6,20.76,18.99,,,
15,11,sharded_2key,Sharded-2key,3000,mixed,1,,4,242308.16509752016,2438.0,83805.0,11896.943476296296,20149.24524461686,1.693648901061236,0,100,900,1790696567.664875,2387.73625,3001.89,performance,,32861572.0,31996748.0,30138772.0,0.0,0.0,20.6,20.76,18.99,,,
15,12,sharded_bucketed,Sharded-Bucketed-1000,100,mixed,1,1000,2002,276771.9934788828,338.0,819.0,354.4220222222222,155.37505935141493,0.438389969046548,0,100,900,1790696582.4528384,2475.18075,3002.33,performance,,32861572.0,32005580.0,30147164.0,0.0,0.0,18.41,20.25,18.86,,,
15,13,sharded_bucketed,Sharded-Bucketed-10,3000,mixed,1,10,22,241365.1432281678,2446.0,80092.0,11969.782526296296,20099.25161648583,1.6791659808630597,0,100,900,1790696585.1324694,2762.201,3078.985,performance,,32861572.0,32016456.0,30158000.0,0.0,0.0,18.38,20.21,18.85,,,
15,14,sharded_bucketed,Sharded-Bucketed-10000,100,mixed,1,10000,12995,279630.1844826587,337.0,757.0,351.5870444444444,144.9974209098545,0.41240831595194366,0,100,900,1790696599.9776642,2351.503375,2712.027,performance,,32861572.0,31976900.0,30118112.0,0.0,0.0,18.63,20.16,18.85,,,
15,15,hdr_histogram,HdrHistogram,100,mixed,1,,4,279427.9481498964,335.0,759.0,350.3361777777778,146.25276037186381,0.4174640520986491,0,100,900,1790696602.659041,2604.46725,2980.323,performance,,32861572.0,31989868.0,30131036.0,0.0,0.0,18.63,20.16,18.85,,,
15,16,sharded_n,Sharded-N,1000,mixed,1,,10002,276783.75854211074,2071.0,15347.0,3517.9441177777776,3554.9152617930536,1.010509303950692,0,100,900,1790696605.3392031,2300.0,2300.0,performance,,32861572.0,32000348.0,30141484.0,0.0,0.0,17.14,19.82,18.75,,,
15,17,sharded_bucketed,Sharded-Bucketed-100,1000,mixed,1,100,202,275828.2426580135,2062.0,15392.0,3518.2296466666667,3533.2935721083304,1.0042816777056995,0,100,900,1790696611.3207126,2555.70525,3002.214,performance,,32861572.0,31948820.0,30089908.0,0.0,0.0,16.17,19.58,18.68,,,
15,18,disabled,Disabled,3000,mixed,1,,,246585.00533268158,2407.0,79001.0,11684.752914444445,19952.569106122675,1.7075730443095403,0,100,900,1790696617.3002443,2467.1335,2982.411,performance,,32861572.0,31966516.0,30107464.0,0.0,0.0,15.91,19.47,18.65,,,
15,19,sharded_bucketed,Sharded-Bucketed-100,100,mixed,1,100,202,282795.486169274,333.0,728.0,346.9981222222222,146.9844001207277,0.42358845972831216,0,100,900,1790696631.8950622,2649.69925,3008.935,performance,,32861572.0,31998244.0,30138744.0,0.0,0.0,18.46,19.87,18.79,,,
15,20,sharded_bucketed,Sharded-Bucketed-1000,1000,mixed,1,1000,2002,276769.0458369801,2067.0,15582.0,3510.855396666667,3521.432091758523,1.0030125692735445,0,100,900,1790696634.5647876,2387.710125,3001.681,performance,,32861572.0,32000056.0,30140580.0,0.0,0.0,16.98,19.54,18.69,,,
15,21,global_mutex,GlobalMutex,3000,mixed,1,,4,241902.5786608641,2445.0,84295.0,11934.75009,20380.409861328357,1.7076528379429483,0,100,900,1790696640.5450447,2388.26375,3006.11,performance,,32861572.0,31951980.0,30092432.0,0.0,0.0,16.34,19.36,18.64,,,
15,22,sharded_bucketed,Sharded-Bucketed-10000,1000,mixed,1,10000,13042,279851.8603679628,2047.0,14979.0,3472.0039522222223,3456.293111296398,0.9954749933634813,0,100,900,1790696655.3364918,2848.9925,3095.603,performance,,32861572.0,31981948.0,30122064.0,0.0,0.0,15.38,19.0,18.53,,,
15,23,disabled,Disabled,1000,mixed,1,,,284127.1349418678,2006.0,15548.0,3428.089301111111,3520.4075033881595,1.0269299292311687,0,100,900,1790696661.2830865,2300.0,2300.0,performance,,32861572.0,31954436.0,30094428.0,0.0,0.0,16.15,19.1,18.57,,,
15,24,sharded_bucketed,Sharded-Bucketed-1,3000,mixed,1,1,4,241567.4624871384,2450.0,83005.0,11901.523358518518,20168.823338087655,1.6946421672694374,0,100,900,1790696667.1689358,2549.594,2999.112,performance,,32861572.0,31977576.0,30117436.0,0.0,0.0,16.38,19.1,18.57,,,
15,25,sharded_bucketed,Sharded-Bucketed-10,100,mixed,1,10,22,282262.4108767023,331.0,896.0,347.69125555555553,155.8219067605605,0.4481617074653827,0,100,900,1790696681.994766,2387.871625,3002.973,performance,,32861572.0,31977324.0,30116728.0,0.0,0.0,16.17,18.9,18.51,,,
15,26,sharded_bucketed,Sharded-Bucketed-1,100,mixed,1,1,4,282590.5504037187,333.0,816.0,349.3138222222222,150.40146848451656,0.43056260278425507,0,100,900,1790696684.6668468,2389.052875,3012.423,performance,,32861572.0,31991604.0,30131008.0,0.0,0.0,14.87,18.59,18.41,,,
15,27,global_mutex,GlobalMutex,100,mixed,1,,4,282711.31446459173,329.0,856.0,346.7951777777778,156.20759538795903,0.4504318554511591,0,100,900,1790696687.342048,2389.062,3012.496,performance,,32861572.0,31991808.0,30131184.0,0.0,0.0,14.87,18.59,18.41,,,
15,28,sharded_bucketed,Sharded-Bucketed-10,1000,mixed,1,10,22,277017.75733072095,2048.0,15492.0,3515.030351111111,3538.788221137437,1.0067589373783974,0,100,900,1790696690.0144951,2300.0,2300.0,performance,,32861572.0,31997112.0,30136444.0,0.0,0.0,15.45,18.64,18.43,,,
15,29,sharded_bucketed,Sharded-Bucketed-1000,3000,mixed,1,1000,2002,239715.3058352755,2473.0,81429.0,12026.838895555555,20277.217880246728,1.6859972979051088,0,100,900,1790696695.9883258,2668.91175,3082.911,performance,,32861572.0,31953444.0,30092692.0,0.0,0.0,15.41,18.58,18.41,,,
15,30,thread_local_owned,ThreadLocal-Owned,100,mixed,1,,4,284596.05271093297,329.0,790.0,344.27171111111113,148.1507906093613,0.43033100260028845,0,100,900,1790696710.9060934,2388.458125,3007.665,performance,,32861572.0,31987596.0,30126400.0,0.0,0.0,14.46,18.23,18.3,,,
15,31,sharded_2key,Sharded-2key,100,mixed,1,,4,286369.9583709719,330.0,724.0,342.6180444444444,139.2114000643834,0.4063166033479494,0,100,900,1790696713.5799189,2361.05125,2788.41,performance,,32861572.0,31995456.0,30134232.0,0.0,0.0,13.31,17.92,18.2,,,
15,32,sharded_bucketed,Sharded-Bucketed-1,1000,mixed,1,1,4,284373.8702477825,1995.0,14669.0,3418.6584255555554,3346.7601260520805,0.978968855453352,0,100,900,1790696716.2503037,2300.0,2300.0,performance,,32861572.0,31995900.0,30134648.0,0.0,0.0,13.31,17.92,18.2,,,
15,33,sharded_2key,Sharded-2key,1000,mixed,1,,4,282972.30527662,1999.0,15243.0,3431.4160044444443,3486.2630382346197,1.0159837902834097,0,100,900,1790696722.1330378,2374.380125,2895.041,performance,,32861572.0,31951932.0,30090616.0,0.0,0.0,20.49,19.34,18.66,,,
15,34,sharded_bucketed,Sharded-Bucketed-100,3000,mixed,1,100,202,241363.0581371063,2474.0,82397.0,11939.558191111111,20439.400597771506,1.711905940790041,0,100,900,1790696728.0387194,2388.19725,3005.578,performance,,32861572.0,31982832.0,30121436.0,0.0,0.0,18.3,18.91,18.52,,,
15,35,hdr_histogram,HdrHistogram,1000,mixed,1,,4,285800.905889921,1982.0,15114.0,3378.6830277777776,3442.82205688986,1.0189834407622036,0,100,900,1790696742.8684728,2484.279625,3047.651,performance,,32861572.0,31977208.0,30115368.0,0.0,0.0,15.71,18.32,18.34,,,
15,36,thread_local_owned,ThreadLocal-Owned,1000,mixed,1,,4,280928.97140279977,2008.0,15396.0,3459.691438888889,3496.2240758066046,1.0105595072748592,0,100,900,1790696748.7285507,2571.032625,3062.31,performance,,32861572.0,31964660.0,30102728.0,0.0,0.0,14.45,18.02,18.24,,,
