{
  "timestamp": "1776679253",
  "runs_per_config": 1,
  "results": [
    {
      "name": "Mixed (50% GET / 50% SET)",
      "concurrency": 1000,
      "target": "RustRedis",
      "runs": 1,
      "ops_per_sec_mean": 66509.53276688095,
      "ops_per_sec_stddev": 0.0,
      "p50_us_mean": 5012.0,
      "p50_us_stddev": 0.0,
      "p99_us_mean": 134104.0,
      "p99_us_stddev": 0.0,
      "max_us_mean": 330178.0,
      "max_us_stddev": 0.0,
      "total_errors": 0,
      "per_run": [
        {
          "name": "Mixed (50% GET / 50% SET)",
          "concurrency": 1000,
          "warmup_ops_per_client": 100,
          "measured_ops_per_client": 900,
          "total_ops": 900000,
          "duration_secs": 13.531894791,
          "ops_per_sec": 66509.53276688095,
          "p50_us": 5012.0,
          "p95_us": 62677.0,
          "p99_us": 134104.0,
          "max_us": 330178.0,
          "avg_us": 14826.046382222223,
          "latency_stddev_us": 25651.642677442527,
          "latency_cv": 1.7301741823903356,
          "errors": 0,
          "target": "RustRedis"
        }
      ]
    }
  ],
  "memory_samples": [
    {
      "elapsed_secs": 0.00445125,
      "rss_bytes": 0,
      "vsize_bytes": 0,
      "label": "idle"
    },
    {
      "elapsed_secs": 14.840373208,
      "rss_bytes": 0,
      "vsize_bytes": 0,
      "label": "mixed_c1000"
    }
  ]
}