{
  "timestamp": "1776680600",
  "runs_per_config": 1,
  "results": [
    {
      "name": "Mixed (50% GET / 50% SET)",
      "concurrency": 1000,
      "target": "RustRedis",
      "runs": 1,
      "ops_per_sec_mean": 213107.17871653562,
      "ops_per_sec_stddev": 0.0,
      "p50_us_mean": 4586.0,
      "p50_us_stddev": 0.0,
      "p99_us_mean": 10051.0,
      "p99_us_stddev": 0.0,
      "max_us_mean": 26451.0,
      "max_us_stddev": 0.0,
      "total_errors": 0,
      "per_run": [
        {
          "name": "Mixed (50% GET / 50% SET)",
          "concurrency": 1000,
          "warmup_ops_per_client": 100,
          "measured_ops_per_client": 900,
          "total_ops": 900000,
          "duration_secs": 4.2232270419999995,
          "ops_per_sec": 213107.17871653562,
          "p50_us": 4586.0,
          "p95_us": 7151.0,
          "p99_us": 10051.0,
          "max_us": 26451.0,
          "avg_us": 4657.277702222223,
          "latency_stddev_us": 1552.1013307906308,
          "latency_cv": 0.3332636424171238,
          "errors": 0,
          "target": "RustRedis"
        }
      ]
    }
  ],
  "memory_samples": [
    {
      "elapsed_secs": 0.001190041,
      "rss_bytes": 0,
      "vsize_bytes": 0,
      "label": "idle"
    },
    {
      "elapsed_secs": 4.754754375,
      "rss_bytes": 0,
      "vsize_bytes": 0,
      "label": "mixed_c1000"
    }
  ]
}