{
  "timestamp": "1776686792",
  "runs_per_config": 1,
  "results": [
    {
      "name": "Mixed (50% GET / 50% SET)",
      "concurrency": 500,
      "target": "RustRedis",
      "runs": 1,
      "ops_per_sec_mean": 58257.45165400188,
      "ops_per_sec_stddev": 0.0,
      "p50_us_mean": 3636.0,
      "p50_us_stddev": 0.0,
      "p99_us_mean": 68175.0,
      "p99_us_stddev": 0.0,
      "max_us_mean": 291491.0,
      "max_us_stddev": 0.0,
      "total_errors": 0,
      "per_run": [
        {
          "name": "Mixed (50% GET / 50% SET)",
          "concurrency": 500,
          "warmup_ops_per_client": 100,
          "measured_ops_per_client": 900,
          "total_ops": 450000,
          "duration_secs": 7.7243337499999996,
          "ops_per_sec": 58257.45165400188,
          "p50_us": 3636.0,
          "p95_us": 30944.0,
          "p99_us": 68175.0,
          "max_us": 291491.0,
          "avg_us": 8361.378124444445,
          "latency_stddev_us": 13453.881770098009,
          "latency_cv": 1.6090507533400094,
          "errors": 0,
          "target": "RustRedis"
        }
      ]
    }
  ],
  "memory_samples": [
    {
      "elapsed_secs": 0.000415667,
      "rss_bytes": 0,
      "vsize_bytes": 0,
      "label": "idle"
    },
    {
      "elapsed_secs": 8.437398292,
      "rss_bytes": 0,
      "vsize_bytes": 0,
      "label": "mixed_c500"
    }
  ]
}