{
  "timestamp": "1776685363",
  "runs_per_config": 1,
  "results": [
    {
      "name": "Mixed (50% GET / 50% SET)",
      "concurrency": 1000,
      "target": "RustRedis",
      "runs": 1,
      "ops_per_sec_mean": 68772.73247425912,
      "ops_per_sec_stddev": 0.0,
      "p50_us_mean": 5020.0,
      "p50_us_stddev": 0.0,
      "p99_us_mean": 135065.0,
      "p99_us_stddev": 0.0,
      "max_us_mean": 444772.0,
      "max_us_stddev": 0.0,
      "total_errors": 0,
      "per_run": [
        {
          "name": "Mixed (50% GET / 50% SET)",
          "concurrency": 1000,
          "warmup_ops_per_client": 100,
          "measured_ops_per_client": 900,
          "total_ops": 900000,
          "duration_secs": 13.086581958,
          "ops_per_sec": 68772.73247425912,
          "p50_us": 5020.0,
          "p95_us": 58883.0,
          "p99_us": 135065.0,
          "max_us": 444772.0,
          "avg_us": 14353.664216666666,
          "latency_stddev_us": 25970.594810349477,
          "latency_cv": 1.8093355409689664,
          "errors": 0,
          "target": "RustRedis"
        }
      ]
    }
  ],
  "memory_samples": [
    {
      "elapsed_secs": 0.000679209,
      "rss_bytes": 0,
      "vsize_bytes": 0,
      "label": "idle"
    },
    {
      "elapsed_secs": 14.836135542,
      "rss_bytes": 0,
      "vsize_bytes": 0,
      "label": "mixed_c1000"
    }
  ]
}