block_id,order_in_block,strategy,strategy_label,concurrency,workload,run_id,throughput,p50,p99,avg_latency,latency_stddev,latency_cv,errors,warmup_ops_per_client,measured_ops_per_client,unix_time,cpu_freq_mean_mhz,cpu_freq_max_mhz,cpu_governor,temp_max_celsius,mem_total_kb,mem_available_kb,mem_free_kb,swap_total_kb,swap_free_kb,load_1m,load_5m,load_15m,ac_online,battery_status,battery_capacity_pct
1,1,global_mutex,GlobalMutex,2000,mixed,1,248892.01784380217,2363.0,43203.0,7755.6766777777775,11696.536972038111,1.5081259131845994,0,100,900,1790603459.1876001,2496.216,3123.579,performance,,32861568.0,32014296.0,30229612.0,0.0,0.0,8.76,4.94,1.94,,,
1,2,global_mutex,GlobalMutex,1000,mixed,1,272538.8732112248,2108.0,14574.0,3572.6176044444446,3417.886474478739,0.9566897028741012,0,100,900,1790603469.6107235,2300.0,2300.0,performance,,32861568.0,31983488.0,30198456.0,0.0,0.0,9.42,5.21,2.06,,,
1,3,thread_local,ThreadLocal,750,read-heavy,1,283382.95608895324,1908.0,8963.0,2589.82993037037,1932.3187761678364,0.7461180186034442,0,100,900,1790603475.6469994,2300.0,2300.0,performance,,32861568.0,31993960.0,30208852.0,0.0,0.0,9.71,5.34,2.12,,,
1,4,sharded_2key,Sharded-2key,750,read-heavy,1,281442.1666005386,1971.0,9000.0,2601.1569525925925,1930.594713079469,0.7422061598994367,0,100,900,1790603480.8139515,2300.0,2300.0,performance,,32861568.0,31958960.0,30173724.0,0.0,0.0,8.93,5.25,2.11,,,
1,5,disabled,Disabled,750,read-heavy,1,285062.0986243828,1913.0,8902.0,2571.1196725925925,1904.9103969002556,0.7408874885156304,0,100,900,1790603486.0008729,2300.0,2300.0,performance,,32861568.0,31978668.0,30193340.0,0.0,0.0,7.56,5.08,2.09,,,
1,6,sharded_n,Sharded-N,250,read-heavy,1,296579.7677753528,805.0,1757.0,826.6354711111111,354.72983062830315,0.42912485977827414,0,100,900,1790603491.156697,2731.541625,3015.295,performance,,32861568.0,31985080.0,30199676.0,0.0,0.0,6.95,4.99,2.08,,,
1,7,thread_local,ThreadLocal,3000,read-heavy,1,239849.32085761367,2456.0,81900.0,12021.614418148149,20115.538595282338,1.6732809667323372,0,100,900,1790603494.5222929,2400.249125,3101.993,performance,,32861568.0,32003096.0,30217760.0,0.0,0.0,6.95,4.99,2.08,,,
1,8,sharded_n,Sharded-N,1000,mixed,1,270660.051223768,2117.0,14298.0,3591.374818888889,3400.3396062174743,0.946807219434,0,100,900,1790603509.608429,2388.08125,3004.65,performance,,32861568.0,32006700.0,30220800.0,0.0,0.0,17.17,7.41,2.92,,,
1,9,sharded_n,Sharded-N,750,write-heavy,1,281429.21330219565,1952.0,9037.0,2606.4168903703703,1929.1123925570853,0.7401396145353246,0,100,900,1790603515.6693099,2483.331625,3064.097,performance,,32861568.0,32018700.0,30232828.0,0.0,0.0,16.83,7.5,2.97,,,
1,10,hdr_histogram,HdrHistogram,250,read-heavy,1,300169.77962939575,795.0,1794.0,819.14576,359.9807033579037,0.4394586664989924,0,100,900,1790603520.6893773,2409.467125,3175.737,performance,,32861568.0,32011668.0,30225628.0,0.0,0.0,15.49,7.38,2.96,,,
1,11,hdr_histogram,HdrHistogram,2000,mixed,1,248098.23865020674,2326.0,48142.0,7795.52908,11861.34904347292,1.521557924003398,0,100,900,1790603524.0379446,2300.0,2300.0,performance,,32861568.0,32005204.0,30219164.0,0.0,0.0,14.25,7.26,2.94,,,
1,12,thread_local,ThreadLocal,250,read-heavy,1,301622.0538313513,784.0,1735.0,812.8871288888889,363.96060044914617,0.4477381760818787,0,100,900,1790603534.509606,2389.62075,3016.966,performance,,32861568.0,32010620.0,30224292.0,0.0,0.0,14.39,7.53,3.07,,,
1,13,thread_local,ThreadLocal,1000,mixed,1,269414.82561047754,2133.0,15816.0,3607.0874433333333,3587.663519231871,0.9946150670293946,0,100,900,1790603537.8499236,2300.0,2300.0,performance,,32861568.0,32015256.0,30228968.0,0.0,0.0,13.24,7.4,3.06,,,
1,14,global_mutex,GlobalMutex,100,write-heavy,1,282749.626261544,337.0,703.0,347.09753333333333,136.1757775693189,0.3923271256397642,0,100,900,1790603543.92624,2397.640125,3081.121,performance,,32861568.0,31979164.0,30192704.0,0.0,0.0,12.26,7.29,3.05,,,
1,15,hdr_histogram,HdrHistogram,1000,mixed,1,271548.4777407656,2093.0,15144.0,3583.1721655555557,3506.2785747049143,0.9785403582920723,0,100,900,1790603546.6024585,2406.754125,3154.033,performance,,32861568.0,31997016.0,30210540.0,0.0,0.0,11.28,7.17,3.03,,,
1,16,sharded_2key,Sharded-2key,1000,write-heavy,1,267912.655635165,2158.0,15451.0,3632.666998888889,3589.5963163031233,0.9881435092732311,0,100,900,1790603552.648851,2300.0,2300.0,performance,,32861568.0,31960540.0,30173876.0,0.0,0.0,10.37,7.05,3.01,,,
1,17,global_mutex,GlobalMutex,250,read-heavy,1,306852.77946906694,778.0,1682.0,800.1996844444444,341.3492019661262,0.4265800257133507,0,100,900,1790603558.7423317,2868.807,3129.936,performance,,32861568.0,32009840.0,30223056.0,0.0,0.0,10.74,7.19,3.08,,,
1,18,sharded_n,Sharded-N,750,mixed,1,269047.3041417476,2053.0,9313.0,2726.9791125925926,2004.672910837596,0.7351258766818034,0,100,900,1790603562.0644786,2849.57325,3245.012,performance,,32861568.0,32021952.0,30235196.0,0.0,0.0,9.88,7.07,3.06,,,
1,19,thread_local,ThreadLocal,750,write-heavy,1,278731.36192807544,1960.0,8895.0,2627.3524874074074,1934.804436907978,0.7364083982569027,0,100,900,1790603567.1996856,2300.0,2300.0,performance,,32861568.0,31990372.0,30203488.0,0.0,0.0,9.09,6.95,3.04,,,
1,20,sharded_2key,Sharded-2key,500,mixed,1,287255.8411766131,1586.0,4487.0,1708.0563133333333,863.6795508627557,0.5056505128787318,0,100,900,1790603572.2433476,2593.139,3155.57,performance,,32861568.0,31977528.0,30190572.0,0.0,0.0,8.36,6.83,3.03,,,
1,21,global_mutex,GlobalMutex,1000,read-heavy,1,277065.9406471805,2037.0,13933.0,3502.763588888889,3370.711891664543,0.9623007108891886,0,100,900,1790603576.3329701,2807.394,3182.224,performance,,32861568.0,32003040.0,30216044.0,0.0,0.0,7.69,6.72,3.01,,,
1,22,disabled,Disabled,3000,read-heavy,1,239503.64011687564,2432.0,80709.0,12059.693921481481,20366.837125156955,1.6888353268135827,0,100,900,1790603582.4740977,2668.8775,3085.664,performance,,32861568.0,31948760.0,30161540.0,0.0,0.0,7.08,6.61,2.99,,,
1,23,sharded_2key,Sharded-2key,1500,mixed,1,259172.1446257451,2236.0,28258.0,5597.229592592593,7421.390139837292,1.325904184752186,0,100,900,1790603597.6151173,2399.7315,3097.852,performance,,32861568.0,32021356.0,30233648.0,0.0,0.0,7.9,6.83,3.13,,,
1,24,thread_local,ThreadLocal,1500,read-heavy,1,267127.3335444208,2149.0,28168.0,5421.978077037037,7242.456162074872,1.3357590272723265,0,100,900,1790603605.7696254,2300.0,2300.0,performance,,32861568.0,32009904.0,30221964.0,0.0,0.0,8.55,6.99,3.2,,,
1,25,sharded_n,Sharded-N,250,write-heavy,1,295054.9096137707,823.0,1620.0,829.2163155555555,331.1858936126801,0.39939625812933177,0,100,900,1790603613.940845,2300.0,2300.0,performance,,32861568.0,31998088.0,30209972.0,0.0,0.0,8.52,7.02,3.25,,,
1,26,sharded_n,Sharded-N,1500,write-heavy,1,250987.00672931655,2331.0,29905.0,5779.167831111111,7590.547995564384,1.3134326978188855,0,100,900,1790603617.1211135,2406.29575,3150.366,performance,,32861568.0,32015068.0,30226956.0,0.0,0.0,7.84,6.91,3.23,,,
1,27,sharded_2key,Sharded-2key,1000,read-heavy,1,277877.3293893821,2034.0,14812.0,3497.62089,3440.119522644058,0.9835598627854885,0,100,900,1790603625.48167,2852.705875,3082.834,performance,,32861568.0,31977324.0,30188992.0,0.0,0.0,10.57,7.49,3.44,,,
1,28,sharded_n,Sharded-N,2000,read-heavy,1,253607.36826790049,2261.0,39406.0,7610.351476666667,11316.139205935691,1.4869404180123569,0,100,900,1790603631.621191,2398.597125,3088.777,performance,,32861568.0,31993164.0,30204772.0,0.0,0.0,9.02,7.26,3.41,,,
1,29,thread_local,ThreadLocal,3000,mixed,1,235718.04431707502,2518.0,84611.0,12256.68477925926,20563.27797994822,1.6777194119200456,0,100,900,1790603642.075578,2674.454625,3119.64,performance,,32861568.0,32004288.0,30215564.0,0.0,0.0,8.66,7.25,3.45,,,
1,30,global_mutex,GlobalMutex,100,mixed,1,275894.7044549711,344.0,734.0,355.3340111111111,143.42447307328592,0.40363283161328967,0,100,900,1790603657.2178628,2300.0,2300.0,performance,,32861568.0,32023744.0,30234672.0,0.0,0.0,10.15,7.66,3.64,,,
1,31,thread_local,ThreadLocal,2000,read-heavy,1,256399.75150790173,2231.0,42376.0,7523.333667222222,11541.453417498606,1.53408767017507,0,100,900,1790603659.8984163,2388.1785,3005.428,performance,,32861568.0,32026512.0,30237412.0,0.0,0.0,10.15,7.66,3.64,,,
1,32,thread_local,ThreadLocal,500,read-heavy,1,289653.8004802199,1579.0,4343.0,1690.1384622222222,854.4199909155058,0.5055325406843296,0,100,900,1790603670.2550657,2403.654125,3129.233,performance,,32861568.0,32013132.0,30223856.0,0.0,0.0,10.77,7.87,3.75,,,
1,33,hdr_histogram,HdrHistogram,750,read-heavy,1,276508.9184051832,1981.0,9116.0,2651.186208888889,1981.985883494327,0.7475845630341358,0,100,900,1790603674.4940257,2300.0,2300.0,performance,,32861568.0,32009756.0,30220524.0,0.0,0.0,10.87,7.94,3.8,,,
1,34,disabled,Disabled,500,write-heavy,1,283504.2003698823,1605.0,4568.0,1728.3462622222223,881.7733193089274,0.5101832535427171,0,100,900,1790603679.7365046,2591.60975,3094.078,performance,,32861568.0,32012480.0,30223076.0,0.0,0.0,23.05,10.51,4.65,,,
1,35,global_mutex,GlobalMutex,1500,read-heavy,1,266757.95664045436,2186.0,27606.0,5438.9486,7168.823440862933,1.3180531694789197,0,100,900,1790603683.8399165,2300.0,2300.0,performance,,32861568.0,32006092.0,30216660.0,0.0,0.0,22.16,10.54,4.69,,,
1,36,thread_local,ThreadLocal,100,mixed,1,282111.4661522224,332.0,849.0,349.8645888888889,154.04863668217484,0.4403093127298405,0,100,900,1790603692.0207124,2300.0,2300.0,performance,,32861568.0,31965508.0,30175784.0,0.0,0.0,20.08,10.48,4.74,,,
1,37,disabled,Disabled,1000,read-heavy,1,278343.3307051723,2030.0,15307.0,3490.3075577777777,3542.5121502468696,1.0149570178572829,0,100,900,1790603694.6937482,2300.0,2300.0,performance,,32861568.0,32009072.0,30219320.0,0.0,0.0,20.08,10.48,4.74,,,
1,38,hdr_histogram,HdrHistogram,100,read-heavy,1,283554.8007648821,332.0,741.0,345.5755555555556,142.07547804927324,0.4111271059692555,0,100,900,1790603700.8117485,2737.780875,3007.378,performance,,32861568.0,31995348.0,30205484.0,0.0,0.0,19.19,10.46,4.76,,,
1,39,global_mutex,GlobalMutex,750,read-heavy,1,287606.7770198616,1911.0,8626.0,2534.654108148148,1858.1363550005465,0.7330926728926045,0,100,900,1790603703.664926,2300.0,2300.0,performance,,32861568.0,32008976.0,30219084.0,0.0,0.0,17.66,10.28,4.74,,,
1,40,hdr_histogram,HdrHistogram,3000,read-heavy,1,238290.8600349213,2476.0,82645.0,12120.808233703703,20230.28959339279,1.6690545055518222,0,100,900,1790603708.812813,2651.402125,3079.261,performance,,32861568.0,32002620.0,30212644.0,0.0,0.0,19.21,10.73,4.91,,,
1,41,sharded_n,Sharded-N,2000,mixed,1,245595.30650668783,2353.0,42391.0,7859.457407777778,11828.870911724016,1.5050493053143945,0,100,900,1790603723.9889867,2567.89625,3036.893,performance,,32861568.0,32007532.0,30217068.0,0.0,0.0,18.55,10.99,5.09,,,
1,42,sharded_n,Sharded-N,2000,write-heavy,1,241607.62874863629,2438.0,42685.0,7992.457176666667,11934.227133145627,1.4931862466509849,0,100,900,1790603734.5137765,2629.040625,3002.84,performance,,32861568.0,32031712.0,30241012.0,0.0,0.0,19.21,11.38,5.28,,,
1,43,sharded_2key,Sharded-2key,750,write-heavy,1,275226.41677524796,1986.0,9165.0,2655.2960696296295,1970.7843180581965,0.7422088785500627,0,100,900,1790603745.1786437,2300.0,2300.0,performance,,32861568.0,32037572.0,30246660.0,0.0,0.0,21.72,12.18,5.6,,,
1,44,hdr_histogram,HdrHistogram,1500,mixed,1,260435.78819983825,2205.0,29542.0,5572.491211111111,7377.57219241091,1.3239271113968936,0,100,900,1790603750.2650723,2300.0,2300.0,performance,,32861568.0,31971704.0,30180864.0,0.0,0.0,21.26,12.24,5.66,,,
1,45,sharded_2key,Sharded-2key,3000,read-heavy,1,237749.49646684123,2474.0,80825.0,12167.53372148148,20274.11817669597,1.666247132802477,0,100,900,1790603758.4145913,2856.0545,3097.027,performance,,32861568.0,31993372.0,30202224.0,0.0,0.0,23.68,13.06,6.0,,,
1,46,thread_local,ThreadLocal,500,write-heavy,1,282764.9183519126,1612.0,4566.0,1737.2180511111112,896.2397986587514,0.5159051842027104,0,100,900,1790603773.6095407,2399.165875,3093.327,performance,,32861568.0,32015336.0,30223768.0,0.0,0.0,25.43,14.0,6.42,,,
1,47,disabled,Disabled,100,read-heavy,1,289173.16767575033,324.0,768.0,339.3276333333333,144.86142285752967,0.4269072383952511,0,100,900,1790603777.7265875,2490.64825,3115.741,performance,,32861568.0,32003548.0,30212096.0,0.0,0.0,23.4,13.76,6.38,,,
1,48,global_mutex,GlobalMutex,500,mixed,1,289196.4126850778,1578.0,4434.0,1696.2507844444444,859.8601477484755,0.5069180545906699,0,100,900,1790603780.5674324,2388.9805,3011.844,performance,,32861568.0,32029380.0,30237892.0,0.0,0.0,23.4,13.76,6.38,,,
1,49,disabled,Disabled,2000,write-heavy,1,250493.1587542045,2349.0,46671.0,7718.242675555555,11772.47702019728,1.525279459984057,0,100,900,1790603784.646293,2389.537125,3016.297,performance,,32861568.0,32025372.0,30233748.0,0.0,0.0,24.16,14.08,6.53,,,
1,50,sharded_n,Sharded-N,250,mixed,1,301727.47912934935,805.0,1617.0,815.0396133333334,328.9678410609434,0.40362190460355296,0,100,900,1790603795.027429,2853.343125,3082.302,performance,,32861568.0,31989048.0,30197016.0,0.0,0.0,25.34,14.65,6.79,,,
1,51,hdr_histogram,HdrHistogram,750,write-heavy,1,271030.2081540828,2024.0,9323.0,2702.5388103703704,2013.2362188915831,0.7449425744289971,0,100,900,1790603798.1883914,2632.66575,2981.045,performance,,32861568.0,32016412.0,30224388.0,0.0,0.0,24.52,14.65,6.83,,,
1,52,hdr_histogram,HdrHistogram,1000,read-heavy,1,295990.12966055813,1958.0,13759.0,3283.3185633333333,3203.3233002050542,0.9756358508669761,0,100,900,1790603803.3210707,2300.0,2300.0,performance,,32861568.0,31981980.0,30189836.0,0.0,0.0,24.79,14.87,6.95,,,
1,53,thread_local,ThreadLocal,2000,mixed,1,254431.5161238705,2274.0,40251.0,7590.708845555556,11427.555678072991,1.5054662101503145,0,100,900,1790603809.2720454,2300.0,2300.0,performance,,32861568.0,31961572.0,30169300.0,0.0,0.0,24.65,15.01,7.03,,,
1,54,disabled,Disabled,500,mixed,1,294270.2350230234,1560.0,4258.0,1666.0228866666666,833.5103966649748,0.5002994876814927,0,100,900,1790603819.534969,2802.73125,3003.557,performance,,32861568.0,32015872.0,30223272.0,0.0,0.0,23.84,15.16,7.17,,,
1,55,thread_local,ThreadLocal,1000,write-heavy,1,271309.8341481748,2099.0,14898.0,3584.638252222222,3442.1236345515986,0.9602429568500324,0,100,900,1790603823.5821779,2397.5305,3080.244,performance,,32861568.0,32009316.0,30216756.0,0.0,0.0,24.02,15.34,7.27,,,
1,56,sharded_2key,Sharded-2key,1500,write-heavy,1,260788.51043495498,2207.0,28498.0,5577.438731851852,7364.448999030106,1.3203998023273527,0,100,900,1790603829.6411595,2405.028375,3140.227,performance,,32861568.0,31993500.0,30200872.0,0.0,0.0,22.81,15.23,7.28,,,
1,57,global_mutex,GlobalMutex,750,write-heavy,1,268144.37592043384,2053.0,9400.0,2738.058165925926,2023.415009526554,0.7389963568733384,0,100,900,1790603837.7780974,2300.0,2300.0,performance,,32861568.0,32003964.0,30211036.0,0.0,0.0,20.34,14.96,7.28,,,
1,58,sharded_2key,Sharded-2key,250,write-heavy,1,295946.5958606675,808.0,1705.0,828.8815644444444,350.90678280705873,0.42334972553316835,0,100,900,1790603842.9311364,2300.0,2300.0,performance,,32861568.0,31989828.0,30196840.0,0.0,0.0,18.71,14.71,7.24,,,
1,59,sharded_2key,Sharded-2key,1500,read-heavy,1,266455.0416776453,2167.0,28636.0,5447.687084444445,7167.748367427023,1.3157415718487417,0,100,900,1790603846.1132917,2906.16775,3091.076,performance,,32861568.0,32020352.0,30227376.0,0.0,0.0,17.21,14.47,7.2,,,
1,60,global_mutex,GlobalMutex,500,read-heavy,1,293464.6609516167,1563.0,4309.0,1670.4934866666667,840.5338264460538,0.5031649827760002,0,100,900,1790603854.2894738,3039.36725,3094.54,performance,,32861568.0,31978792.0,30185544.0,0.0,0.0,16.87,14.44,7.23,,,
1,61,hdr_histogram,HdrHistogram,1500,write-heavy,1,253217.3222760499,2300.0,30681.0,5731.267251111111,7611.578560938188,1.3280795027421806,0,100,900,1790603858.513951,2389.789875,3018.319,performance,,32861568.0,31997100.0,30203832.0,0.0,0.0,17.92,14.7,7.35,,,
1,62,sharded_2key,Sharded-2key,100,read-heavy,1,286427.86572941445,328.0,809.0,342.3058111111111,143.99876572793937,0.4206728634273695,0,100,900,1790603866.820242,2390.27475,3022.198,performance,,32861568.0,32004084.0,30210576.0,0.0,0.0,16.35,14.48,7.36,,,
1,63,thread_local,ThreadLocal,1000,read-heavy,1,277967.133450285,2009.0,14491.0,3497.72885,3418.5454580127407,0.9773614835846239,0,100,900,1790603869.6641257,2388.57425,3008.594,performance,,32861568.0,32009420.0,30215876.0,0.0,0.0,16.35,14.48,7.36,,,
1,64,disabled,Disabled,250,mixed,1,305081.6171765821,785.0,1675.0,805.3140044444444,347.1349752535476,0.431055430971951,0,100,900,1790603875.8015943,2300.0,2300.0,performance,,32861568.0,31993208.0,30199604.0,0.0,0.0,16.8,14.6,7.44,,,
1,65,hdr_histogram,HdrHistogram,500,read-heavy,1,291401.5937465477,1567.0,4477.0,1682.8697044444446,868.1615508723246,0.5158816208881278,0,100,900,1790603878.9605608,2400.63725,3105.098,performance,,32861568.0,32005404.0,30211788.0,0.0,0.0,15.45,14.36,7.4,,,
1,66,sharded_n,Sharded-N,1500,read-heavy,1,262601.50791991025,2172.0,28692.0,5530.708723703704,7239.5255100632685,1.3089688630746106,0,100,900,1790603883.2057087,2483.57575,3037.587,performance,,32861568.0,32013196.0,30219428.0,0.0,0.0,16.38,14.57,7.5,,,
1,67,global_mutex,GlobalMutex,750,mixed,1,274521.93977695564,1955.0,9553.0,2662.874582222222,2047.6147076098164,0.7689489851606307,0,100,900,1790603891.4763856,2852.371125,3095.542,performance,,32861568.0,31999132.0,30205008.0,0.0,0.0,14.6,14.25,7.48,,,
1,68,hdr_histogram,HdrHistogram,100,write-heavy,1,269404.08758739976,346.0,883.0,364.78863333333334,166.26639490374828,0.455788310574411,0,100,900,1790603896.5561874,2399.813375,3098.507,performance,,32861568.0,31987308.0,30193236.0,0.0,0.0,13.43,14.02,7.44,,,
1,69,sharded_n,Sharded-N,3000,write-heavy,1,229506.29160170816,2589.0,77274.0,12584.680754444444,20980.90894040868,1.6671784807094927,0,100,900,1790603899.2486331,2300.0,2300.0,performance,,32861568.0,32021168.0,30227100.0,0.0,0.0,13.43,14.02,7.44,,,
1,70,disabled,Disabled,2000,mixed,1,250344.17348263413,2319.0,43527.0,7705.380828333334,11650.629100767997,1.5120121069068584,0,100,900,1790603914.7513568,2399.06525,3092.522,performance,,32861568.0,32020980.0,30226468.0,0.0,0.0,16.82,14.76,7.79,,,
1,71,sharded_n,Sharded-N,100,write-heavy,1,275968.07031028636,341.0,801.0,355.6069444444444,146.59624866808008,0.4122423674743012,0,100,900,1790603925.1289968,2300.0,2300.0,performance,,32861568.0,32017268.0,30222508.0,0.0,0.0,17.64,15.01,7.94,,,
1,72,thread_local,ThreadLocal,1500,write-heavy,1,263118.6595901921,2186.0,28055.0,5505.724693333334,7251.935082295483,1.3171626781623438,0,100,900,1790603927.8124733,2398.245,3085.96,performance,,32861568.0,32017968.0,30223200.0,0.0,0.0,16.23,14.76,7.9,,,
1,73,sharded_2key,Sharded-2key,750,mixed,1,281095.89151993993,1931.0,8762.0,2597.37184,1918.4089373629324,0.7385961870453376,0,100,900,1790603935.8976755,2300.0,2300.0,performance,,32861568.0,32014204.0,30219172.0,0.0,0.0,16.13,14.77,7.94,,,
1,74,disabled,Disabled,100,write-heavy,1,281115.1956003748,332.0,797.0,348.37463333333335,147.93320841672931,0.4246382895369515,0,100,900,1790603940.92358,2399.956875,3099.655,performance,,32861568.0,31993864.0,30198844.0,0.0,0.0,14.84,14.52,7.9,,,
1,75,sharded_2key,Sharded-2key,1000,mixed,1,275460.0225455397,2081.0,15072.0,3533.327398888889,3476.0487582564638,0.9837890367446738,0,100,900,1790603943.6027725,2650.4795,3038.865,performance,,32861568.0,31999824.0,30204780.0,0.0,0.0,13.65,14.28,7.85,,,
1,76,global_mutex,GlobalMutex,3000,read-heavy,1,236782.32152795146,2512.0,84404.0,12204.198773333334,20667.541265637392,1.6934779291531046,0,100,900,1790603949.6055925,2385.325375,2982.603,performance,,32861568.0,31995544.0,30200296.0,0.0,0.0,13.76,14.29,7.89,,,
1,77,hdr_histogram,HdrHistogram,2000,write-heavy,1,244192.81058149473,2397.0,50147.0,7894.336925,12052.588397600864,1.5267385357511662,0,100,900,1790603964.8428519,2300.0,2300.0,performance,,32861568.0,32007520.0,30211868.0,0.0,0.0,20.77,15.82,8.49,,,
1,78,sharded_2key,Sharded-2key,2000,mixed,1,247711.6067018173,2368.0,48102.0,7783.815815,11765.171883115941,1.511491556678868,0,100,900,1790603975.423961,2300.0,2300.0,performance,,32861568.0,31992948.0,30197128.0,0.0,0.0,19.48,15.7,8.54,,,
1,79,global_mutex,GlobalMutex,250,write-heavy,1,309822.44002981496,789.0,1527.0,792.8777822222222,306.9996596662899,0.387196698595656,0,100,900,1790603985.8840268,2300.0,2300.0,performance,,32861568.0,32024240.0,30228168.0,0.0,0.0,19.43,15.81,8.65,,,
1,80,sharded_n,Sharded-N,100,mixed,1,281648.20038676116,336.0,709.0,347.5845888888889,138.59340332851565,0.39873287757536136,0,100,900,1790603989.030399,2398.05175,3084.414,performance,,32861568.0,32005588.0,30209512.0,0.0,0.0,17.87,15.55,8.6,,,
1,81,thread_local,ThreadLocal,500,mixed,1,288958.7302996197,1583.0,4381.0,1697.0218444444445,848.2273145368071,0.49983287917810626,0,100,900,1790603991.707417,2734.9055,3060.673,performance,,32861568.0,32016368.0,30220264.0,0.0,0.0,16.44,15.29,8.56,,,
1,82,disabled,Disabled,250,write-heavy,1,298212.5189329164,798.0,1786.0,821.0514222222222,362.8085256689645,0.4418828295638325,0,100,900,1790603995.7866726,2656.581125,3083.614,performance,,32861568.0,32017008.0,30220844.0,0.0,0.0,16.44,15.29,8.56,,,
1,83,thread_local,ThreadLocal,2000,write-heavy,1,249895.83817377812,2337.0,43234.0,7714.480166111111,11662.353475616408,1.511748455436814,0,100,900,1790603998.9639106,2300.0,2300.0,performance,,32861568.0,32028328.0,30232116.0,0.0,0.0,15.13,15.04,8.51,,,
1,84,sharded_2key,Sharded-2key,2000,read-heavy,1,259491.2312104695,2211.0,42769.0,7424.365513888889,11250.39835439602,1.5153346549748534,0,100,900,1790604009.3677802,2300.0,2300.0,performance,,32861568.0,32005508.0,30208968.0,0.0,0.0,16.62,15.38,8.69,,,
1,85,global_mutex,GlobalMutex,3000,mixed,1,231957.90912605665,2567.0,83563.0,12461.621938518518,20930.298041937232,1.6795805670562256,0,100,900,1790604019.6601875,2790.803625,3193.368,performance,,32861568.0,32002268.0,30205372.0,0.0,0.0,16.45,15.38,8.77,,,
1,86,disabled,Disabled,1000,write-heavy,1,273612.2779416487,2093.0,14686.0,3545.100751111111,3457.9658807079727,0.9754210454030598,0,100,900,1790604034.992106,2300.0,2300.0,performance,,32861568.0,32017316.0,30220124.0,0.0,0.0,16.08,15.35,8.86,,,
1,87,sharded_n,Sharded-N,3000,mixed,1,233080.0347824438,2560.0,82676.0,12411.952124444444,20714.862113929117,1.668944732161244,0,100,900,1790604041.0165668,2386.71675,2993.734,performance,,32861568.0,31997964.0,30200788.0,0.0,0.0,14.34,15.01,8.82,,,
1,88,hdr_histogram,HdrHistogram,250,mixed,1,297551.4345657543,805.0,1712.0,824.0331733333334,343.8663031433283,0.4172966747835398,0,100,900,1790604056.30573,2300.0,2300.0,performance,,32861568.0,32005292.0,30207684.0,0.0,0.0,16.12,15.42,9.06,,,
1,89,global_mutex,GlobalMutex,3000,write-heavy,1,227690.9245105494,2635.0,85157.0,12687.019991851852,21365.54222941767,1.684047336816647,0,100,900,1790604059.4837189,2300.0,2300.0,performance,,32861568.0,32022116.0,30224520.0,0.0,0.0,16.12,15.42,9.06,,,
1,90,sharded_n,Sharded-N,1000,read-heavy,1,271800.8673921285,2082.0,14762.0,3563.576328888889,3485.8015002646102,0.9781750630697088,0,100,900,1790604075.0821896,3007.72925,3031.147,performance,,32861568.0,32012288.0,30214188.0,0.0,0.0,15.65,15.36,9.14,,,
1,91,hdr_histogram,HdrHistogram,750,mixed,1,277247.8912255333,1980.0,8905.0,2636.6999407407407,1927.0347244332377,0.7308509757435147,0,100,900,1790604081.3044443,2387.213125,2997.705,performance,,32861568.0,31990288.0,30192164.0,0.0,0.0,14.5,15.13,9.13,,,
1,92,thread_local,ThreadLocal,100,read-heavy,1,281437.1539483935,334.0,756.0,348.35625555555555,147.59818914891687,0.42369897711045423,0,100,900,1790604086.370419,2396.997375,3075.979,performance,,32861568.0,31961112.0,30162948.0,0.0,0.0,13.34,14.88,9.08,,,
1,93,hdr_histogram,HdrHistogram,3000,write-heavy,1,227845.7839492213,2628.0,85559.0,12684.76168,21215.76127167034,1.6725392093980864,0,100,900,1790604089.2195673,2389.068625,3012.549,performance,,32861568.0,31983228.0,30185040.0,0.0,0.0,13.34,14.88,9.08,,,
1,94,sharded_2key,Sharded-2key,500,write-heavy,1,280507.58355898754,1626.0,4558.0,1748.93098,891.5322396551592,0.5097583894678103,0,100,900,1790604104.7767098,2300.0,2300.0,performance,,32861568.0,32010004.0,30211296.0,0.0,0.0,15.5,15.27,9.3,,,
1,95,sharded_2key,Sharded-2key,2000,write-heavy,1,248110.4869498817,2361.0,45348.0,7780.591345,11756.051690106427,1.5109457840452136,0,100,900,1790604108.904601,2300.0,2300.0,performance,,32861568.0,31992220.0,30193556.0,0.0,0.0,15.54,15.28,9.34,,,
1,96,disabled,Disabled,1500,write-heavy,1,258124.05486933244,2246.0,29479.0,5610.3324414814815,7410.7891635480555,1.3209180099122861,0,100,900,1790604119.3731172,2376.20075,2909.606,performance,,32861568.0,31993004.0,30194000.0,0.0,0.0,19.38,16.13,9.68,,,
1,97,sharded_n,Sharded-N,500,read-heavy,1,294773.801016817,1566.0,4157.0,1663.8098,822.5715019628824,0.49439034555685535,0,100,900,1790604127.5538187,2300.0,2300.0,performance,,32861568.0,31991332.0,30192188.0,0.0,0.0,19.72,16.33,9.82,,,
1,98,global_mutex,GlobalMutex,2000,read-heavy,1,253297.82767246143,2297.0,46515.0,7611.045801666667,11511.277117014864,1.5124435480987546,0,100,900,1790604131.779069,2864.951,3143.992,performance,,32861568.0,32007964.0,30208800.0,0.0,0.0,18.14,16.06,9.76,,,
1,99,thread_local,ThreadLocal,100,write-heavy,1,274430.99690547946,341.0,912.0,357.952,157.36454140480276,0.439624702208125,0,100,900,1790604142.2302036,2742.4015,3041.998,performance,,32861568.0,31993364.0,30193876.0,0.0,0.0,18.59,16.25,9.89,,,
1,100,hdr_histogram,HdrHistogram,3000,mixed,1,234288.556735474,2516.0,78522.0,12334.864001481481,20589.69660432307,1.669227694918253,0,100,900,1790604144.915391,2398.013,3084.104,performance,,32861568.0,32016252.0,30216740.0,0.0,0.0,18.59,16.25,9.89,,,
1,101,disabled,Disabled,100,mixed,1,281570.4844052578,333.0,809.0,349.00208888888886,146.453299502917,0.41963444966526564,0,100,900,1790604160.145141,2386.95325,2995.626,performance,,32861568.0,32025780.0,30225852.0,0.0,0.0,17.4,16.1,9.95,,,
1,102,global_mutex,GlobalMutex,250,mixed,1,285735.05311936553,836.0,1851.0,858.9770977777778,370.45494487994796,0.43127453087903717,0,100,900,1790604162.8202226,2400.156125,3101.249,performance,,32861568.0,32028876.0,30228912.0,0.0,0.0,16.01,15.83,9.9,,,
1,103,thread_local,ThreadLocal,250,write-heavy,1,295038.05355575593,810.0,1818.0,832.6337777777778,364.80366253644695,0.4381321924148622,0,100,900,1790604166.0256236,2394.48825,3055.906,performance,,32861568.0,32043236.0,30243284.0,0.0,0.0,14.72,15.57,9.84,,,
1,104,sharded_n,Sharded-N,100,read-heavy,1,278892.4108937508,338.0,748.0,352.8987333333333,145.7913223360815,0.4131250938732419,0,100,900,1790604169.2057157,2652.630375,3033.878,performance,,32861568.0,32043316.0,30243384.0,0.0,0.0,14.72,15.57,9.84,,,
1,105,disabled,Disabled,2000,read-heavy,1,259903.9725024554,2234.0,42400.0,7413.896603333334,11247.22232653437,1.5170460188880364,0,100,900,1790604172.0561852,2390.30775,3022.462,performance,,32861568.0,32045204.0,30245244.0,0.0,0.0,13.54,15.31,9.79,,,
1,106,sharded_n,Sharded-N,750,read-heavy,1,278206.4796518884,1953.0,9247.0,2633.8893362962963,1981.4678444166318,0.7522973031216711,0,100,900,1790604182.3238378,2830.4585,3011.598,performance,,32861568.0,31984956.0,30184680.0,0.0,0.0,14.19,15.41,9.88,,,
1,107,sharded_2key,Sharded-2key,250,mixed,1,302185.26807681774,798.0,1667.0,815.1268133333333,339.40051994557246,0.41637756775249146,0,100,900,1790604187.5467799,2300.0,2300.0,performance,,32861568.0,31985936.0,30185652.0,0.0,0.0,13.05,15.16,9.83,,,
1,108,disabled,Disabled,3000,mixed,1,236724.27917946875,2496.0,83322.0,12190.83969111111,20445.89535845285,1.6771523436044256,0,100,900,1790604190.7076983,2300.0,2300.0,performance,,32861568.0,32010304.0,30210004.0,0.0,0.0,13.05,15.16,9.83,,,
1,109,global_mutex,GlobalMutex,2000,write-heavy,1,245180.1847600368,2393.0,48002.0,7875.620352222222,11954.947261304718,1.5179689632869942,0,100,900,1790604205.7932606,2399.67025,3097.362,performance,,32861568.0,32011760.0,30210972.0,0.0,0.0,14.38,15.33,9.97,,,
1,110,global_mutex,GlobalMutex,1500,mixed,1,258670.80667798215,2255.0,29777.0,5609.718634074074,7573.162688369751,1.3500075819078505,0,100,900,1790604216.3421855,3001.078375,3093.292,performance,,32861568.0,32012960.0,30211880.0,0.0,0.0,12.0,14.76,9.87,,,
1,111,disabled,Disabled,750,write-heavy,1,280186.00590072974,1953.0,9151.0,2614.2469303703706,1967.7072713246284,0.7526860789106313,0,100,900,1790604224.5265706,2845.282375,3107.062,performance,,32861568.0,32002236.0,30201032.0,0.0,0.0,12.56,14.83,9.92,,,
1,112,sharded_n,Sharded-N,1500,mixed,1,258422.90677261268,2232.0,28907.0,5615.535882962963,7423.177003053873,1.3219000212562317,0,100,900,1790604229.5616376,2300.0,2300.0,performance,,32861568.0,31992032.0,30190812.0,0.0,0.0,15.4,15.38,10.12,,,
1,113,hdr_histogram,HdrHistogram,250,write-heavy,1,288417.17398392997,813.0,2004.0,848.7284844444445,402.7007851095443,0.4744753975980219,0,100,900,1790604237.7492373,2399.048625,3092.389,performance,,32861568.0,31994196.0,30192656.0,0.0,0.0,14.21,15.14,10.1,,,
1,114,sharded_2key,Sharded-2key,3000,write-heavy,1,229106.02895300952,2614.0,70702.0,12583.704277037037,21049.63885011289,1.672769669939291,0,100,900,1790604240.955184,2408.537125,3168.297,performance,,32861568.0,32029264.0,30227716.0,0.0,0.0,14.21,15.14,10.1,,,
1,115,sharded_2key,Sharded-2key,3000,mixed,1,234729.71131423226,2520.0,85250.0,12316.994604444444,20877.807336207054,1.6950407146134123,0,100,900,1790604256.4687924,2617.812125,2979.677,performance,,32861568.0,32015792.0,30213904.0,0.0,0.0,12.58,14.71,10.07,,,
1,116,disabled,Disabled,750,mixed,1,285481.4289350413,1893.0,8550.0,2554.5481066666666,1874.5484181434092,0.7338082274713693,0,100,900,1790604271.673783,2300.0,2300.0,performance,,32861568.0,32022792.0,30220512.0,0.0,0.0,15.16,15.24,10.32,,,
1,117,thread_local,ThreadLocal,250,mixed,1,289903.93131312594,825.0,1809.0,848.0751955555555,363.0609037857358,0.42809989690584277,0,100,900,1790604276.6580212,2300.0,2300.0,performance,,32861568.0,32016184.0,30213940.0,0.0,0.0,13.95,14.99,10.26,,,
1,118,sharded_2key,Sharded-2key,500,read-heavy,1,299226.1214562817,1537.0,4067.0,1640.7150044444445,805.9924170578854,0.4912446188854103,0,100,900,1790604279.8477619,2300.0,2300.0,performance,,32861568.0,32018248.0,30216004.0,0.0,0.0,13.95,14.99,10.26,,,
1,119,global_mutex,GlobalMutex,500,write-heavy,1,275409.09802938974,1656.0,4552.0,1781.3609666666666,919.5146065597089,0.5161865695756941,0,100,900,1790604284.0425,2477.651625,3017.065,performance,,32861568.0,32004240.0,30201852.0,0.0,0.0,13.95,14.97,10.29,,,
1,120,hdr_histogram,HdrHistogram,1500,read-heavy,1,260965.34030413226,2191.0,29124.0,5558.05363037037,7424.959353566341,1.3358919951752186,0,100,900,1790604288.2035658,2378.480375,2927.843,performance,,32861568.0,32028432.0,30225956.0,0.0,0.0,21.88,16.6,10.84,,,
1,121,hdr_histogram,HdrHistogram,1000,write-heavy,1,267374.933358469,2143.0,15832.0,3634.225228888889,3644.788334030275,1.0029065631533838,0,100,900,1790604296.4950476,2300.0,2300.0,performance,,32861568.0,31988228.0,30185492.0,0.0,0.0,19.92,16.36,10.82,,,
1,122,sharded_n,Sharded-N,1000,write-heavy,1,264963.8764325347,2176.0,15789.0,3672.543943333333,3661.9540040401575,0.9971164567513483,0,100,900,1790604302.6159635,2475.55475,3004.622,performance,,32861568.0,31986648.0,30183868.0,0.0,0.0,18.32,16.09,10.76,,,
1,123,disabled,Disabled,1500,read-heavy,1,269006.0486362733,2135.0,29881.0,5385.060854074074,7335.768276826363,1.3622442671704404,0,100,900,1790604308.7515833,2371.36825,2870.946,performance,,32861568.0,31991324.0,30188440.0,0.0,0.0,17.18,15.89,10.73,,,
1,124,thread_local,ThreadLocal,1500,mixed,1,264260.38561427087,2171.0,27698.0,5499.4701022222225,7185.791619750568,1.3066334548935794,0,100,900,1790604316.8694618,2475.5215,3009.007,performance,,32861568.0,31992932.0,30189768.0,0.0,0.0,21.16,16.84,11.09,,,
1,125,sharded_2key,Sharded-2key,250,read-heavy,1,296002.3279306993,806.0,1754.0,829.1954133333334,360.7261648609045,0.43503154872842253,0,100,900,1790604324.9269853,2683.982,3089.965,performance,,32861568.0,31990744.0,30187308.0,0.0,0.0,21.07,16.89,11.14,,,
1,126,hdr_histogram,HdrHistogram,2000,read-heavy,1,253083.07140329794,2307.0,42123.0,7644.855240555556,11497.989381059338,1.504016625463764,0,100,900,1790604328.2750275,2401.2145,3109.716,performance,,32861568.0,32011760.0,30208364.0,0.0,0.0,21.47,17.04,11.22,,,
1,127,thread_local,ThreadLocal,750,mixed,1,282784.0179910896,1928.0,9151.0,2588.6173066666665,1948.2112134207448,0.7526068872379729,0,100,900,1790604338.7284458,2732.60475,3028.796,performance,,32861568.0,31994308.0,30190564.0,0.0,0.0,22.71,17.44,11.41,,,
1,128,global_mutex,GlobalMutex,100,read-heavy,1,290308.0324668246,325.0,708.0,337.0961111111111,135.6045964169137,0.4022727997957138,0,100,900,1790604343.745057,2567.9435,3017.16,performance,,32861568.0,32009888.0,30206180.0,0.0,0.0,22.17,17.41,11.44,,,
1,129,disabled,Disabled,250,read-heavy,1,299931.02426248835,792.0,1751.0,816.58028,357.2568014083934,0.4375035867978509,0,100,900,1790604346.5812652,2758.10275,3098.168,performance,,32861568.0,32014256.0,30210528.0,0.0,0.0,20.39,17.12,11.38,,,
1,130,global_mutex,GlobalMutex,1000,write-heavy,1,270115.63101829163,2140.0,15347.0,3594.166711111111,3528.2566162287844,0.9816619260652072,0,100,900,1790604349.9207973,2300.0,2300.0,performance,,32861568.0,32010748.0,30207052.0,0.0,0.0,20.39,17.12,11.38,,,
1,131,sharded_n,Sharded-N,500,write-heavy,1,280692.08168211434,1629.0,4514.0,1746.5867755555555,890.4175022049924,0.5098043307477624,0,100,900,1790604355.9796934,2300.0,2300.0,performance,,32861568.0,31998128.0,30194188.0,0.0,0.0,22.13,17.54,11.54,,,
1,132,sharded_2key,Sharded-2key,100,mixed,1,287119.31547820196,328.0,766.0,343.6788222222222,141.41590490831348,0.4114769248623477,0,100,900,1790604360.1097157,2300.0,2300.0,performance,,32861568.0,32004868.0,30200904.0,0.0,0.0,20.35,17.25,11.48,,,
1,133,sharded_n,Sharded-N,500,mixed,1,284557.75681025966,1604.0,4485.0,1723.8612444444445,878.3195030476613,0.5095070765574992,0,100,900,1790604362.7791758,2387.2465,2997.972,performance,,32861568.0,32015016.0,30211024.0,0.0,0.0,18.72,16.96,11.42,,,
1,134,disabled,Disabled,500,read-heavy,1,294832.4728213009,1560.0,4164.0,1661.964628888889,830.317586594018,0.49960003489913574,0,100,900,1790604366.8875415,2386.954125,2995.633,performance,,32861568.0,32008292.0,30204284.0,0.0,0.0,17.22,16.68,11.35,,,
1,135,disabled,Disabled,1000,mixed,1,273846.0561846923,2104.0,15301.0,3557.4549022222222,3520.55180592097,0.9896265455738594,0,100,900,1790604371.0972993,2529.783625,3037.649,performance,,32861568.0,31998720.0,30194528.0,0.0,0.0,15.84,16.4,11.29,,,
1,136,sharded_n,Sharded-N,3000,read-heavy,1,235732.96312320113,2504.0,78940.0,12251.240325925926,20450.951353875804,1.6692963985530305,0,100,900,1790604377.1017063,2655.3185,3056.852,performance,,32861568.0,31991004.0,30186644.0,0.0,0.0,14.58,16.13,11.23,,,
1,137,hdr_histogram,HdrHistogram,500,mixed,1,286053.37483778794,1617.0,4290.0,1720.1865,855.0167068628278,0.4970488414266871,0,100,900,1790604392.4043329,2686.09625,3198.252,performance,,32861568.0,32017512.0,30212700.0,0.0,0.0,13.0,15.72,11.18,,,
1,138,thread_local,ThreadLocal,3000,write-heavy,1,231758.84852019712,2577.0,86173.0,12467.031045925925,20768.366118333168,1.665863030406106,0,100,900,1790604396.5005949,2300.0,2300.0,performance,,32861568.0,32010648.0,30205888.0,0.0,0.0,11.96,15.46,11.12,,,
1,139,hdr_histogram,HdrHistogram,500,write-heavy,1,279543.08702304703,1631.0,4471.0,1758.1543288888888,884.5530296071621,0.503114553183837,0,100,900,1790604411.8533406,2865.080375,3102.348,performance,,32861568.0,32016908.0,30211732.0,0.0,0.0,10.72,15.03,11.05,,,
1,140,global_mutex,GlobalMutex,1500,write-heavy,1,263478.99797841,2185.0,29539.0,5490.685773333334,7316.526328993999,1.332534155301373,0,100,900,1790604415.9903464,2396.82625,3074.61,performance,,32861568.0,32000424.0,30195260.0,0.0,0.0,10.72,15.03,11.05,,,
1,141,hdr_histogram,HdrHistogram,100,mixed,1,280545.3673513876,338.0,718.0,349.9426555555556,139.9392199822077,0.3998918615967109,0,100,900,1790604424.0719914,2300.0,2300.0,performance,,32861568.0,31977292.0,30171816.0,0.0,0.0,11.96,15.13,11.12,,,
1,142,disabled,Disabled,3000,write-heavy,1,233519.34554935142,2551.0,83020.0,12335.807451851852,20886.82914795684,1.6931870272360088,0,100,900,1790604426.751275,2388.31175,3006.494,performance,,32861568.0,32017848.0,30212360.0,0.0,0.0,11.0,14.88,11.06,,,
1,143,sharded_2key,Sharded-2key,100,write-heavy,1,275445.8683588004,340.0,839.0,356.96332222222225,156.2882556170656,0.4378272104935494,0,100,900,1790604442.0163047,2411.406625,3191.253,performance,,32861568.0,32005912.0,30200028.0,0.0,0.0,11.36,14.8,11.1,,,
1,144,disabled,Disabled,1500,mixed,1,264296.3915257159,2171.0,28705.0,5488.4897503703705,7334.007419212113,1.3362523668222581,0,100,900,1790604444.6984894,2778.884625,3093.428,performance,,32861568.0,32018892.0,30212980.0,0.0,0.0,11.36,14.8,11.1,,,
2,1,global_mutex,GlobalMutex,1500,read-heavy,1,262838.44432439306,2163.0,29298.0,5526.0473296296295,7297.452944925547,1.3205556358154902,0,100,900,1790604452.7601366,2668.231125,3072.698,performance,,32861568.0,31997008.0,30190964.0,0.0,0.0,10.27,14.46,11.03,,,
2,2,sharded_2key,Sharded-2key,750,read-heavy,1,293386.999144254,1864.0,8554.0,2497.300582222222,1851.8367044464474,0.7415353672798934,0,100,900,1790604461.0149412,2300.0,2300.0,performance,,32861568.0,31997428.0,30191208.0,0.0,0.0,10.57,14.45,11.04,,,
2,3,disabled,Disabled,500,write-heavy,1,288463.3520824085,1581.0,4491.0,1698.3388977777777,873.7840201397898,0.514493321258265,0,100,900,1790604466.1095095,2386.936,2995.488,performance,,32861568.0,31998672.0,30192420.0,0.0,0.0,8.95,13.97,10.92,,,
2,4,global_mutex,GlobalMutex,500,read-heavy,1,288750.4356786886,1594.0,4234.0,1696.181188888889,835.8772763199019,0.4927995203551673,0,100,900,1790604470.192752,2842.645125,3098.464,performance,,32861568.0,32000112.0,30193840.0,0.0,0.0,8.95,13.97,10.92,,,
2,5,thread_local,ThreadLocal,100,write-heavy,1,281526.78217612527,333.0,771.0,348.1275,148.90526192905395,0.42773197155942566,0,100,900,1790604474.4397016,2300.0,2300.0,performance,,32861568.0,31982732.0,30176340.0,0.0,0.0,9.03,13.91,10.92,,,
2,6,global_mutex,GlobalMutex,2000,write-heavy,1,247056.17252948423,2386.0,46537.0,7802.4275894444445,11866.67331253989,1.520895026131839,0,100,900,1790604477.118053,2550.939125,2993.499,performance,,32861568.0,32007928.0,30201488.0,0.0,0.0,8.31,13.67,10.86,,,
2,7,thread_local,ThreadLocal,500,read-heavy,1,299041.86190002266,1557.0,4147.0,1645.4857488888888,797.2118991298694,0.48448423188604656,0,100,900,1790604487.6015115,2398.202125,3085.617,performance,,32861568.0,31983020.0,30176116.0,0.0,0.0,8.65,13.58,10.86,,,
2,8,thread_local,ThreadLocal,2000,mixed,1,253635.66827112128,2280.0,43899.0,7602.618785,11292.81486584202,1.485384863452945,0,100,900,1790604491.8014276,2809.233,3008.484,performance,,32861568.0,32022720.0,30215992.0,0.0,0.0,7.96,13.36,10.8,,,
2,9,thread_local,ThreadLocal,250,mixed,1,303419.65726419445,794.0,1633.0,807.51072,330.25519568719255,0.4089793330386903,0,100,900,1790604502.0684903,2383.723,2969.784,performance,,32861568.0,31991164.0,30184048.0,0.0,0.0,7.25,13.03,10.72,,,
2,10,hdr_histogram,HdrHistogram,500,write-heavy,1,284641.4525613111,1604.0,4534.0,1723.8236044444445,885.1801405413408,0.5134980970553641,0,100,900,1790604505.2286313,2727.163125,3043.605,performance,,32861568.0,31998068.0,30190948.0,0.0,0.0,7.25,13.03,10.72,,,
2,11,sharded_2key,Sharded-2key,500,write-heavy,1,287131.0929827287,1598.0,4360.0,1711.5537666666667,862.5583165907715,0.5039621502926229,0,100,900,1790604509.3295586,2753.69,3056.93,performance,,32861568.0,31987148.0,30180044.0,0.0,0.0,7.63,13.01,10.73,,,
2,12,disabled,Disabled,1000,write-heavy,1,274430.8015955336,2093.0,14957.0,3545.4475044444443,3435.7163496971243,0.9690501256583929,0,100,900,1790604513.420608,2746.796125,3075.66,performance,,32861568.0,31996872.0,30189688.0,0.0,0.0,8.54,13.11,10.78,,,
2,13,global_mutex,GlobalMutex,2000,read-heavy,1,252941.5803141396,2302.0,45232.0,7606.812203333333,11591.040276580414,1.5237710576713301,0,100,900,1790604519.4406643,2485.9305,3066.042,performance,,32861568.0,31967324.0,30160032.0,0.0,0.0,9.22,13.18,10.81,,,
2,14,hdr_histogram,HdrHistogram,500,read-heavy,1,293699.4641326007,1569.0,4230.0,1671.3746066666668,834.6413682223506,0.4993742066519314,0,100,900,1790604529.913461,2399.125875,3093.007,performance,,32861568.0,31987408.0,30179796.0,0.0,0.0,9.66,13.14,10.82,,,
2,15,hdr_histogram,HdrHistogram,3000,read-heavy,1,238513.31721496437,2480.0,80142.0,12110.847477037038,20552.471062326058,1.697029964360041,0,100,900,1790604534.139287,2380.962625,2947.701,performance,,32861568.0,32004068.0,30196484.0,0.0,0.0,10.89,13.34,10.9,,,
2,16,hdr_histogram,HdrHistogram,750,read-heavy,1,279827.38242244447,1930.0,9092.0,2618.142739259259,1970.7274714018706,0.7527196442923662,0,100,900,1790604549.3158898,2300.0,2300.0,performance,,32861568.0,32026292.0,30218176.0,0.0,0.0,14.36,14.0,11.16,,,
2,17,hdr_histogram,HdrHistogram,100,read-heavy,1,280000.92375415866,335.0,753.0,350.42321111111113,145.39047545230966,0.4148996722885736,0,100,900,1790604554.5227268,2300.0,2300.0,performance,,32861568.0,31985896.0,30177804.0,0.0,0.0,14.49,14.04,11.18,,,
2,18,sharded_2key,Sharded-2key,100,mixed,1,277377.4724310678,337.0,840.0,353.82065555555556,154.0467467506578,0.4353808754007861,0,100,900,1790604557.3777971,2300.0,2300.0,performance,,32861568.0,32026092.0,30217968.0,0.0,0.0,13.33,13.8,11.12,,,
2,19,global_mutex,GlobalMutex,1500,write-heavy,1,258731.84839119547,2227.0,28482.0,5599.12431037037,7411.0701469525875,1.3236123608161794,0,100,900,1790604560.0598803,2300.0,2300.0,performance,,32861568.0,32031864.0,30223708.0,0.0,0.0,13.33,13.8,11.12,,,
2,20,disabled,Disabled,100,read-heavy,1,282125.84823448135,330.0,850.0,347.31303333333335,149.89567396563157,0.4315866655708522,0,100,900,1790604568.2534025,2379.072125,2932.577,performance,,32861568.0,32001552.0,30193064.0,0.0,0.0,13.49,13.82,11.16,,,
2,21,hdr_histogram,HdrHistogram,100,mixed,1,274366.4467955949,341.0,831.0,358.7895555555556,154.8761947426928,0.4316630524622713,0,100,900,1790604571.0957236,2387.805125,3002.441,performance,,32861568.0,32023324.0,30214812.0,0.0,0.0,12.41,13.59,11.1,,,
2,22,disabled,Disabled,2000,mixed,1,249088.6092723856,2342.0,43149.0,7740.716167222222,11610.214886745827,1.4998889813204694,0,100,900,1790604573.78272,2395.359875,3062.879,performance,,32861568.0,32022892.0,30214344.0,0.0,0.0,12.41,13.59,11.1,,,
2,23,disabled,Disabled,750,mixed,1,279457.4040635121,1947.0,9253.0,2623.5339096296298,1957.614703097274,0.7461747286405895,0,100,900,1790604584.1977568,2300.0,2300.0,performance,,32861568.0,32007008.0,30198220.0,0.0,0.0,15.35,14.17,11.31,,,
2,24,disabled,Disabled,1500,write-heavy,1,259736.37221512894,2195.0,28968.0,5589.521335555555,7435.975855165801,1.3303421543209337,0,100,900,1790604589.232478,2387.93025,3003.442,performance,,32861568.0,31980340.0,30171532.0,0.0,0.0,15.17,14.15,11.32,,,
2,25,sharded_2key,Sharded-2key,2000,mixed,1,249809.52578790952,2334.0,45321.0,7710.322140555556,11709.456440722237,1.5186727904832429,0,100,900,1790604597.39541,2483.089,3058.688,performance,,32861568.0,31977804.0,30168700.0,0.0,0.0,13.79,13.9,11.27,,,
2,26,thread_local,ThreadLocal,3000,read-heavy,1,240572.54808038883,2445.0,80371.0,12008.216511111112,20180.189024305502,1.6805317430471816,0,100,900,1790604607.7888865,2392.978125,3043.825,performance,,32861568.0,31989660.0,30180420.0,0.0,0.0,14.62,14.09,11.36,,,
2,27,thread_local,ThreadLocal,2000,read-heavy,1,259882.07480090816,2210.0,40509.0,7421.9065294444445,11106.405131513127,1.4964355974373178,0,100,900,1790604622.8482113,2393.51975,3048.158,performance,,32861568.0,32004440.0,30194708.0,0.0,0.0,12.57,13.68,11.27,,,
2,28,thread_local,ThreadLocal,3000,mixed,1,234616.12813093944,2534.0,82359.0,12312.144223703704,20699.839111165897,1.6812537877288631,0,100,900,1790604633.1223183,2361.754375,2794.035,performance,,32861568.0,31986324.0,30176512.0,0.0,0.0,11.9,13.5,11.24,,,
2,29,thread_local,ThreadLocal,1500,mixed,1,259622.433064878,2225.0,28502.0,5583.312697777777,7321.955894250323,1.3113999323671313,0,100,900,1790604648.3288872,2300.0,2300.0,performance,,32861568.0,32020424.0,30210212.0,0.0,0.0,16.58,14.41,11.57,,,
2,30,sharded_n,Sharded-N,500,read-heavy,1,284612.08196705516,1623.0,4213.0,1720.8615666666667,844.4076586599193,0.4906888938751471,0,100,900,1790604656.4771802,2391.09525,3028.762,performance,,32861568.0,31986384.0,30176020.0,0.0,0.0,14.84,14.11,11.51,,,
2,31,hdr_histogram,HdrHistogram,3000,mixed,1,230184.07507092066,2574.0,79440.0,12558.48485037037,21085.13754584865,1.6789555266475331,0,100,900,1790604660.7502518,2570.02075,3056.659,performance,,32861568.0,32016080.0,30205724.0,0.0,0.0,14.84,14.11,11.51,,,
2,32,hdr_histogram,HdrHistogram,250,read-heavy,1,300578.83628742036,793.0,1764.0,817.4134977777778,355.7236848500809,0.4351820539019139,0,100,900,1790604676.1897757,2300.0,2300.0,performance,,32861568.0,32005364.0,30194484.0,0.0,0.0,23.26,16.22,12.26,,,
2,33,sharded_2key,Sharded-2key,500,mixed,1,287052.3652789573,1618.0,4216.0,1709.0258466666667,829.4311093947932,0.4853239118720993,0,100,900,1790604679.5315087,2374.392875,2895.143,performance,,32861568.0,32012808.0,30201908.0,0.0,0.0,23.26,16.22,12.26,,,
2,34,thread_local,ThreadLocal,750,write-heavy,1,281527.5526181815,1925.0,8825.0,2607.19368,1940.6360911961874,0.7443390593046342,0,100,900,1790604683.615092,2300.0,2300.0,performance,,32861568.0,32015780.0,30204984.0,0.0,0.0,22.2,16.12,12.25,,,
2,35,sharded_2key,Sharded-2key,2000,write-heavy,1,245896.18246455406,2379.0,41400.0,7839.258722777778,11641.604402499694,1.4850389321472204,0,100,900,1790604688.64508,2300.0,2300.0,performance,,32861568.0,31976620.0,30165644.0,0.0,0.0,23.06,16.4,12.36,,,
2,36,disabled,Disabled,750,write-heavy,1,275016.7492737804,2013.0,9158.0,2663.1649955555554,1956.1643022567341,0.7345261392070318,0,100,900,1790604699.1834981,2398.650125,3089.201,performance,,32861568.0,31997916.0,30186624.0,0.0,0.0,22.53,16.52,12.44,,,
2,37,disabled,Disabled,250,write-heavy,1,294942.1031535388,813.0,1764.0,833.2120977777778,363.0306536890349,0.4357001712496224,0,100,900,1790604704.2641764,2392.101,3036.808,performance,,32861568.0,31999432.0,30188120.0,0.0,0.0,21.6,16.42,12.44,,,
2,38,sharded_n,Sharded-N,750,mixed,1,272162.6552989898,2018.0,9142.0,2696.5173703703704,1974.1307714162776,0.7321038585207141,0,100,900,1790604707.4476829,2486.194875,3103.562,performance,,32861568.0,32011372.0,30200028.0,0.0,0.0,19.87,16.15,12.37,,,
2,39,disabled,Disabled,500,mixed,1,283040.4774419359,1591.0,4592.0,1726.8058466666666,901.3409241118776,0.5219700442014241,0,100,900,1790604712.5604448,2386.787,2994.296,performance,,32861568.0,32001096.0,30189588.0,0.0,0.0,18.28,15.88,12.3,,,
2,40,thread_local,ThreadLocal,100,mixed,1,285096.8744924682,329.0,730.0,343.0199333333333,141.31834610452069,0.4119828977028955,0,100,900,1790604716.668952,2495.668875,3110.006,performance,,32861568.0,32005436.0,30193936.0,0.0,0.0,16.82,15.62,12.24,,,
2,41,hdr_histogram,HdrHistogram,1000,read-heavy,1,270290.6704789167,2074.0,15883.0,3606.326087777778,3615.724196133563,1.002606006258734,0,100,900,1790604719.3404496,2398.875,3091.0,performance,,32861568.0,32002408.0,30190876.0,0.0,0.0,16.82,15.62,12.24,,,
2,42,disabled,Disabled,250,read-heavy,1,307773.4963414301,785.0,1584.0,798.2837688888889,329.0304864563646,0.4121723368049107,0,100,900,1790604725.578601,2386.455,2991.64,performance,,32861568.0,31984528.0,30172728.0,0.0,0.0,16.11,15.49,12.21,,,
2,43,sharded_n,Sharded-N,1500,mixed,1,258287.34054983544,2258.0,28458.0,5627.225684444445,7394.141666150162,1.313994156408205,0,100,900,1790604728.893644,2300.0,2300.0,performance,,32861568.0,32000596.0,30188784.0,0.0,0.0,15.7,15.42,12.21,,,
2,44,global_mutex,GlobalMutex,1000,read-heavy,1,275107.07152704295,2070.0,14949.0,3525.782747777778,3461.049943641515,0.9816401608473856,0,100,900,1790604737.0711322,2300.0,2300.0,performance,,32861568.0,31995312.0,30183300.0,0.0,0.0,16.45,15.61,12.31,,,
2,45,thread_local,ThreadLocal,750,mixed,1,285065.43840576126,1917.0,9036.0,2571.1486755555557,1942.3977647054685,0.7554591390113872,0,100,900,1790604743.2424345,2831.668625,3055.283,performance,,32861568.0,31981132.0,30169016.0,0.0,0.0,16.82,15.7,12.35,,,
2,46,global_mutex,GlobalMutex,100,read-heavy,1,289900.57051433733,323.0,736.0,337.9716222222222,148.20603813433743,0.4385162196750631,0,100,900,1790604748.2409663,2300.0,2300.0,performance,,32861568.0,31995528.0,30183320.0,0.0,0.0,16.59,15.67,12.36,,,
2,47,sharded_n,Sharded-N,2000,read-heavy,1,248915.79880344574,2338.0,43939.0,7741.318438333334,11752.098319561655,1.5181003614794875,0,100,900,1790604751.0809035,2740.14525,3078.878,performance,,32861568.0,32018068.0,30205832.0,0.0,0.0,16.59,15.67,12.36,,,
2,48,global_mutex,GlobalMutex,2000,mixed,1,249095.52756605347,2360.0,44324.0,7748.869697777778,11538.523293370767,1.4890588877342699,0,100,900,1790604761.674061,2300.0,2300.0,performance,,32861568.0,32000856.0,30188276.0,0.0,0.0,14.54,15.26,12.28,,,
2,49,sharded_2key,Sharded-2key,1500,mixed,1,260952.62555565717,2193.0,29424.0,5572.25148,7364.768855414014,1.3216863743224336,0,100,900,1790604772.1049812,2300.0,2300.0,performance,,32861568.0,32002988.0,30190228.0,0.0,0.0,13.48,15.02,12.23,,,
2,50,sharded_2key,Sharded-2key,1000,write-heavy,1,271129.8370193301,2131.0,15331.0,3583.101363333333,3500.0256557053226,0.9768145806651906,0,100,900,1790604780.2528718,2300.0,2300.0,performance,,32861568.0,31972488.0,30159484.0,0.0,0.0,14.0,15.11,12.28,,,
2,51,global_mutex,GlobalMutex,250,write-heavy,1,289783.9541617114,821.0,1793.0,844.7343644444444,377.27875644617785,0.44662413691942365,0,100,900,1790604786.313373,2817.378125,3054.912,performance,,32861568.0,31992444.0,30179344.0,0.0,0.0,12.81,14.82,12.21,,,
2,52,thread_local,ThreadLocal,500,write-heavy,1,278921.46148454177,1645.0,4480.0,1766.7405088888888,890.4365645222875,0.5039996309827566,0,100,900,1790604789.5110438,2300.0,2300.0,performance,,32861568.0,32018960.0,30205880.0,0.0,0.0,12.81,14.82,12.21,,,
2,53,disabled,Disabled,3000,read-heavy,1,241868.8224611586,2441.0,65489.0,11935.865115925926,19964.602289134215,1.6726564932855692,0,100,900,1790604793.6516073,2300.0,2300.0,performance,,32861568.0,32012500.0,30199356.0,0.0,0.0,12.98,14.82,12.23,,,
2,54,disabled,Disabled,1000,read-heavy,1,283831.1459839288,2016.0,14409.0,3422.4823544444444,3335.3334851241375,0.9745363568618155,0,100,900,1790604808.665591,2394.992625,3059.941,performance,,32861568.0,32014012.0,30200356.0,0.0,0.0,13.07,14.75,12.25,,,
2,55,sharded_n,Sharded-N,250,write-heavy,1,286753.57388371,840.0,1813.0,856.6554577777778,357.4306747831461,0.417239710011707,0,100,900,1790604814.732261,2395.97925,3067.834,performance,,32861568.0,32001964.0,30188252.0,0.0,0.0,12.74,14.65,12.23,,,
2,56,hdr_histogram,HdrHistogram,1500,read-heavy,1,262447.7998543404,2193.0,28511.0,5532.917575555555,7307.007254361423,1.320642708766131,0,100,900,1790604817.9384649,2998.61575,3044.863,performance,,32861568.0,32013100.0,30199444.0,0.0,0.0,11.72,14.41,12.16,,,
2,57,sharded_2key,Sharded-2key,250,write-heavy,1,303928.5196647203,786.0,1686.0,806.0947733333334,340.918433714524,0.4229259945511998,0,100,900,1790604826.2260025,2300.0,2300.0,performance,,32861568.0,31972188.0,30158176.0,0.0,0.0,10.66,14.1,12.09,,,
2,58,hdr_histogram,HdrHistogram,1000,write-heavy,1,267259.0739218005,2139.0,15757.0,3640.7750111111113,3579.476114420981,0.9831632285700009,0,100,900,1790604829.3926218,2859.07875,3078.147,performance,,32861568.0,31988632.0,30174640.0,0.0,0.0,10.66,14.1,12.09,,,
2,59,global_mutex,GlobalMutex,100,write-heavy,1,283527.3474743606,335.0,696.0,346.4833111111111,138.55471989007998,0.39988858177832387,0,100,900,1790604835.5073538,2397.4665,3079.732,performance,,32861568.0,31974676.0,30160524.0,0.0,0.0,10.92,14.1,12.1,,,
2,60,hdr_histogram,HdrHistogram,250,write-heavy,1,290783.8888361263,811.0,1837.0,839.3050355555556,378.3411517519388,0.4507790799819352,0,100,900,1790604838.1821115,2300.0,2300.0,performance,,32861568.0,31994664.0,30180480.0,0.0,0.0,11.73,14.21,12.15,,,
2,61,sharded_n,Sharded-N,100,read-heavy,1,278900.6991352572,334.0,884.0,352.71382222222223,164.13706711776595,0.465354791268582,0,100,900,1790604841.3811865,2394.329125,3054.633,performance,,32861568.0,32002072.0,30187956.0,0.0,0.0,10.79,13.98,12.08,,,
2,62,hdr_histogram,HdrHistogram,750,write-heavy,1,273599.876032261,1994.0,9411.0,2677.6847970370372,2005.7764828924783,0.7490711696581869,0,100,900,1790604844.2303457,2388.150625,3005.205,performance,,32861568.0,32020576.0,30206428.0,0.0,0.0,10.79,13.98,12.08,,,
2,63,disabled,Disabled,500,read-heavy,1,297129.80256859,1546.0,4261.0,1649.4249222222222,808.2746875873208,0.4900342396296255,0,100,900,1790604849.3298645,2300.0,2300.0,performance,,32861568.0,31970832.0,30156532.0,0.0,0.0,11.13,13.99,12.1,,,
2,64,sharded_n,Sharded-N,100,write-heavy,1,279597.69036277494,338.0,707.0,351.0702111111111,141.58631007344277,0.40329912818673114,0,100,900,1790604853.5298834,2776.293625,3082.36,performance,,32861568.0,32007804.0,30193476.0,0.0,0.0,11.68,14.06,12.13,,,
2,65,global_mutex,GlobalMutex,3000,mixed,1,234568.6561563018,2525.0,83013.0,12297.382197037037,20638.431103421954,1.6782784150918422,0,100,900,1790604856.2113597,2397.424625,3079.397,performance,,32861568.0,32010756.0,30196408.0,0.0,0.0,10.74,13.83,12.06,,,
2,66,sharded_2key,Sharded-2key,100,write-heavy,1,274523.00255690725,342.0,813.0,357.11816666666664,152.25006200979797,0.4263296472170453,0,100,900,1790604871.4267757,2763.3065,3069.074,performance,,32861568.0,32024688.0,30209820.0,0.0,0.0,11.18,13.78,12.08,,,
2,67,sharded_n,Sharded-N,500,mixed,1,291363.8767935758,1576.0,4312.0,1682.6935866666668,847.4006998447762,0.5035977474208096,0,100,900,1790604874.1106167,2396.914375,3075.315,performance,,32861568.0,32018204.0,30203296.0,0.0,0.0,11.18,13.78,12.08,,,
2,68,hdr_histogram,HdrHistogram,500,mixed,1,287405.3964022803,1589.0,4521.0,1711.2304577777777,875.7741951928904,0.511780392414345,0,100,900,1790604878.176689,2400.646875,3105.175,performance,,32861568.0,31988928.0,30174064.0,0.0,0.0,11.72,13.85,12.11,,,
2,69,hdr_histogram,HdrHistogram,750,mixed,1,276219.7711844685,1984.0,9073.0,2651.6714933333333,1965.6637538215475,0.7412923353301857,0,100,900,1790604882.2666118,2300.0,2300.0,performance,,32861568.0,31974748.0,30159892.0,0.0,0.0,10.79,13.62,12.04,,,
2,70,global_mutex,GlobalMutex,250,read-heavy,1,300790.1227133063,795.0,1699.0,813.8460044444445,346.8103173821205,0.426137519245872,0,100,900,1790604887.3380055,2300.0,2300.0,performance,,32861568.0,31977240.0,30162188.0,0.0,0.0,9.92,13.4,11.98,,,
2,71,hdr_histogram,HdrHistogram,250,mixed,1,294598.0463600933,810.0,1769.0,834.4849377777778,362.2589914199266,0.434110880880148,0,100,900,1790604890.6853244,2387.732375,3001.859,performance,,32861568.0,32005400.0,30190336.0,0.0,0.0,9.92,13.4,11.98,,,
2,72,global_mutex,GlobalMutex,1000,mixed,1,271151.6399632906,2136.0,14950.0,3588.6656911111113,3522.826584458857,0.9816535970972906,0,100,900,1790604893.8699934,2300.0,2300.0,performance,,32861568.0,32008152.0,30193060.0,0.0,0.0,10.89,13.54,12.03,,,
2,73,sharded_n,Sharded-N,2000,write-heavy,1,244205.2764324573,2403.0,47560.0,7902.732941111111,12049.921054294184,1.5247789776127731,0,100,900,1790604899.9146075,2766.8315,3162.25,performance,,32861568.0,31955084.0,30139756.0,0.0,0.0,10.98,13.51,12.03,,,
2,74,disabled,Disabled,3000,write-heavy,1,233695.04384191165,2557.0,78968.0,12363.468946296296,20750.899018430147,1.6784042657094602,0,100,900,1790604910.4987369,2300.0,2300.0,performance,,32861568.0,32017804.0,30202216.0,0.0,0.0,13.79,14.03,12.22,,,
2,75,thread_local,ThreadLocal,1000,mixed,1,277713.84376523556,2061.0,14802.0,3505.234648888889,3423.9922933968614,0.9768225629294803,0,100,900,1790604925.7561576,2921.528625,3102.986,performance,,32861568.0,32027116.0,30211144.0,0.0,0.0,18.31,15.06,12.59,,,
2,76,sharded_2key,Sharded-2key,1500,read-heavy,1,264794.42207921564,2146.0,27247.0,5480.346366666667,7133.403112942098,1.3016336259930368,0,100,900,1790604931.7225473,2664.13975,3040.257,performance,,32861568.0,31979404.0,30163300.0,0.0,0.0,16.75,14.84,12.54,,,
2,77,global_mutex,GlobalMutex,1500,mixed,1,259181.34513032768,2233.0,28327.0,5603.575107407408,7304.638806754638,1.3035675736903358,0,100,900,1790604939.9332514,2848.58175,3092.113,performance,,32861568.0,31988836.0,30172612.0,0.0,0.0,16.61,14.84,12.56,,,
2,78,thread_local,ThreadLocal,1500,write-heavy,1,255493.5625407643,2269.0,29126.0,5674.544357777778,7572.258155675293,1.3344257579547203,0,100,900,1790604948.1060035,2387.77925,3002.234,performance,,32861568.0,31993116.0,30176692.0,0.0,0.0,17.0,15.01,12.63,,,
2,79,sharded_n,Sharded-N,1000,write-heavy,1,269385.34354245476,2140.0,14405.0,3606.67376,3521.7799121430626,0.9764620108426614,0,100,900,1790604956.3221698,2397.996625,3083.973,performance,,32861568.0,31978548.0,30161968.0,0.0,0.0,15.57,14.77,12.58,,,
2,80,disabled,Disabled,750,read-heavy,1,287763.1327881608,1920.0,8518.0,2547.8511437037037,1835.3466538099308,0.7203508173330585,0,100,900,1790604962.4022377,2389.67425,3017.394,performance,,32861568.0,31997268.0,30180608.0,0.0,0.0,14.32,14.53,12.52,,,
2,81,global_mutex,GlobalMutex,3000,write-heavy,1,229931.49715371276,2591.0,88066.0,12561.02284962963,20972.97329333811,1.6696867400377757,0,100,900,1790604967.5341394,2393.23175,3045.854,performance,,32861568.0,31983660.0,30166872.0,0.0,0.0,13.17,14.29,12.45,,,
2,82,global_mutex,GlobalMutex,500,write-heavy,1,284562.46448522113,1605.0,4410.0,1717.4391844444444,873.437209512234,0.5085695129255902,0,100,900,1790604982.9929147,2300.0,2300.0,performance,,32861568.0,32006804.0,30189536.0,0.0,0.0,12.87,14.19,12.45,,,
2,83,thread_local,ThreadLocal,250,write-heavy,1,293042.78832885646,817.0,1751.0,837.4163644444444,355.71098193430225,0.4247719498176832,0,100,900,1790604987.098954,2556.826125,3002.635,performance,,32861568.0,32013256.0,30196052.0,0.0,0.0,11.84,13.95,12.38,,,
2,84,sharded_n,Sharded-N,2000,mixed,1,246513.12116944452,2367.0,41405.0,7828.777195555555,11597.344387043595,1.4813736676051374,0,100,900,1790604990.2856567,2398.959375,3091.675,performance,,32861568.0,32006780.0,30189604.0,0.0,0.0,11.84,13.95,12.38,,,
2,85,sharded_2key,Sharded-2key,750,mixed,1,280276.5740000424,1963.0,9237.0,2615.3208977777776,1961.0053629978108,0.7498144356449968,0,100,900,1790605000.7881925,2892.650625,3008.6,performance,,32861568.0,31981124.0,30163480.0,0.0,0.0,11.68,13.85,12.37,,,
2,86,thread_local,ThreadLocal,3000,write-heavy,1,231483.870683191,2559.0,84937.0,12462.003137777778,20912.28771057413,1.6780839708810416,0,100,900,1790605005.8265026,2961.771375,3157.864,performance,,32861568.0,31995712.0,30178060.0,0.0,0.0,11.79,13.84,12.37,,,
2,87,thread_local,ThreadLocal,1000,write-heavy,1,269330.61933377024,2112.0,14924.0,3604.37141,3570.1914303600875,0.9905170761411869,0,100,900,1790605021.1973438,2720.106125,3062.93,performance,,32861568.0,32018532.0,30200468.0,0.0,0.0,16.66,14.99,12.79,,,
2,88,thread_local,ThreadLocal,500,mixed,1,287396.26423061045,1578.0,4614.0,1708.5612644444445,885.8505463541605,0.5184774844127135,0,100,900,1790605027.2551563,2562.102625,3011.249,performance,,32861568.0,31995016.0,30176880.0,0.0,0.0,15.33,14.74,12.72,,,
2,89,disabled,Disabled,1500,mixed,1,271086.93755215785,2097.0,28539.0,5336.385032592592,7241.482650102172,1.3570015292888302,0,100,900,1790605031.3425512,2400.80575,3106.446,performance,,32861568.0,32012104.0,30193996.0,0.0,0.0,14.1,14.49,12.65,,,
2,90,disabled,Disabled,100,mixed,1,292892.13849317556,321.0,709.0,334.7121222222222,134.43693621358048,0.40164943928838365,0,100,900,1790605039.2733138,2662.045625,3039.16,performance,,32861568.0,31990724.0,30172224.0,0.0,0.0,14.09,14.48,12.66,,,
2,91,sharded_2key,Sharded-2key,100,read-heavy,1,281836.2184536454,334.0,799.0,348.29117777777776,152.02477228423342,0.43648757701589175,0,100,900,1790605041.9340506,2300.0,2300.0,performance,,32861568.0,31988264.0,30169740.0,0.0,0.0,12.96,14.24,12.59,,,
2,92,global_mutex,GlobalMutex,750,mixed,1,278808.4270903669,1963.0,8871.0,2625.65756,1946.47966076427,0.7413303586947073,0,100,900,1790605044.7826066,2300.0,2300.0,performance,,32861568.0,32011792.0,30193236.0,0.0,0.0,12.96,14.24,12.59,,,
2,93,disabled,Disabled,100,write-heavy,1,280480.63810367364,335.0,749.0,349.1605222222222,142.13007942235546,0.4070622833239354,0,100,900,1790605049.8164768,2464.426375,3007.512,performance,,32861568.0,31993552.0,30175072.0,0.0,0.0,12.33,14.09,12.55,,,
2,94,sharded_n,Sharded-N,1500,write-heavy,1,260406.0543664615,2183.0,28177.0,5571.51120962963,7223.3688539730065,1.2964828719160353,0,100,900,1790605052.4909506,2389.94575,3019.566,performance,,32861568.0,31997560.0,30179072.0,0.0,0.0,11.34,13.86,12.48,,,
2,95,sharded_n,Sharded-N,750,write-heavy,1,272059.2234446158,2021.0,9101.0,2692.901226666667,1977.564771023325,0.7343621635432944,0,100,900,1790605060.6357415,2300.0,2300.0,performance,,32861568.0,31996600.0,30177788.0,0.0,0.0,11.87,13.92,12.51,,,
2,96,sharded_2key,Sharded-2key,3000,mixed,1,236716.21563441324,2485.0,85612.0,12179.589668148148,20716.634222928467,1.7009303915308618,0,100,900,1790605065.7518253,2300.0,2300.0,performance,,32861568.0,31999048.0,30180256.0,0.0,0.0,12.52,14.03,12.55,,,
2,97,global_mutex,GlobalMutex,100,mixed,1,279970.0094881525,336.0,753.0,349.5559,142.01236230531163,0.40626509895931273,0,100,900,1790605080.8456225,2300.0,2300.0,performance,,32861568.0,32018752.0,30199428.0,0.0,0.0,19.54,15.5,13.06,,,
2,98,disabled,Disabled,2000,write-heavy,1,247644.50674532077,2383.0,46763.0,7787.882387777778,11840.684177811663,1.520398432877506,0,100,900,1790605083.525275,2776.64325,3107.416,performance,,32861568.0,32036468.0,30217108.0,0.0,0.0,18.69,15.39,13.03,,,
2,99,hdr_histogram,HdrHistogram,1000,mixed,1,270733.100782544,2093.0,15177.0,3597.3467144444444,3489.146636219473,0.9699222547021906,0,100,900,1790605093.9872332,2721.76675,3010.193,performance,,32861568.0,32002720.0,30183140.0,0.0,0.0,19.23,15.61,13.13,,,
2,100,hdr_histogram,HdrHistogram,3000,write-heavy,1,230950.11536066895,2582.0,80309.0,12507.467165925926,20939.424004128537,1.6741538255781938,0,100,900,1790605100.0299976,2300.0,2300.0,performance,,32861568.0,31994492.0,30174876.0,0.0,0.0,18.33,15.48,13.1,,,
2,101,sharded_n,Sharded-N,100,mixed,1,276797.1316731152,340.0,807.0,355.37766666666664,149.6196699470454,0.4210159612741902,0,100,900,1790605115.441324,2366.25925,2830.074,performance,,32861568.0,32007552.0,30187456.0,0.0,0.0,18.26,15.62,13.19,,,
2,102,sharded_n,Sharded-N,3000,mixed,1,232354.0814174243,2562.0,77758.0,12463.316902592593,20973.860752574223,1.682847424686063,0,100,900,1790605118.121748,2300.0,2300.0,performance,,32861568.0,32024492.0,30204364.0,0.0,0.0,16.79,15.36,13.12,,,
2,103,sharded_n,Sharded-N,3000,read-heavy,1,237799.65890693336,2484.0,77019.0,12127.964456666667,20412.202247738074,1.6830691020468496,0,100,900,1790605133.4624937,2747.2515,3141.046,performance,,32861568.0,32013504.0,30193084.0,0.0,0.0,19.05,15.9,13.33,,,
2,104,hdr_histogram,HdrHistogram,100,write-heavy,1,274829.6269305991,343.0,803.0,357.5784,150.46851415138562,0.4207986672332155,0,100,900,1790605148.655457,2377.637875,2921.103,performance,,32861568.0,32027208.0,30206404.0,0.0,0.0,27.09,17.86,14.01,,,
2,105,sharded_2key,Sharded-2key,3000,read-heavy,1,239042.25563587135,2471.0,85740.0,12079.257102592592,20454.777274590102,1.6933804041806393,0,100,900,1790605151.338899,2300.0,2300.0,performance,,32861568.0,32035304.0,30214464.0,0.0,0.0,24.92,17.56,13.94,,,
2,106,sharded_n,Sharded-N,250,read-heavy,1,292950.69653188,814.0,1843.0,837.64924,371.12749700392123,0.4430583581785632,0,100,900,1790605166.467467,2364.68375,2817.47,performance,,32861568.0,32016392.0,30195180.0,0.0,0.0,26.26,18.26,14.22,,,
2,107,global_mutex,GlobalMutex,3000,read-heavy,1,237982.00371855465,2475.0,81064.0,12114.90888037037,20462.29038506444,1.6890172750881538,0,100,900,1790605169.8218088,2476.767,3015.289,performance,,32861568.0,32017092.0,30195896.0,0.0,0.0,26.26,18.26,14.22,,,
2,108,sharded_n,Sharded-N,1000,read-heavy,1,282543.18523701787,2051.0,14407.0,3433.720281111111,3357.2151057744863,0.9777194503123975,0,100,900,1790605184.9965806,2385.757875,2986.063,performance,,32861568.0,32007104.0,30185580.0,0.0,0.0,27.17,18.88,14.49,,,
2,109,sharded_n,Sharded-N,500,write-heavy,1,281185.24602543353,1624.0,4488.0,1743.6411933333334,890.0957521668302,0.5104810299103032,0,100,900,1790605191.0914762,2483.25175,3065.667,performance,,32861568.0,31960404.0,30138812.0,0.0,0.0,26.35,18.85,14.51,,,
2,110,thread_local,ThreadLocal,750,read-heavy,1,300867.0402411913,1745.0,8862.0,2432.60472,1907.3966854995306,0.7840964336776962,0,100,900,1790605195.2152693,2387.029875,2996.239,performance,,32861568.0,31993040.0,30171464.0,0.0,0.0,24.24,18.54,14.43,,,
2,111,disabled,Disabled,1000,mixed,1,271003.508593898,2105.0,15004.0,3594.0349433333336,3572.7666861122248,0.9940823454539417,0,100,900,1790605200.2478645,2300.0,2300.0,performance,,32861568.0,31985756.0,30164020.0,0.0,0.0,26.39,19.07,14.63,,,
2,112,global_mutex,GlobalMutex,250,mixed,1,292666.0959114143,831.0,1667.0,838.9181733333334,338.3231630067545,0.4032850565895729,0,100,900,1790605206.2989902,2738.96525,3013.666,performance,,32861568.0,31982720.0,30160828.0,0.0,0.0,26.68,19.41,14.78,,,
2,113,hdr_histogram,HdrHistogram,1500,mixed,1,260083.70173207144,2215.0,28709.0,5592.034108148148,7294.758991141513,1.3044911475973164,0,100,900,1790605209.4854968,2397.669625,3081.357,performance,,32861568.0,31999272.0,30177368.0,0.0,0.0,26.68,19.41,14.78,,,
2,114,thread_local,ThreadLocal,1500,read-heavy,1,263772.5566242369,2180.0,29071.0,5502.361795555556,7272.981444911992,1.3217926619777396,0,100,900,1790605217.6391065,2388.571875,3008.575,performance,,32861568.0,32014264.0,30192072.0,0.0,0.0,24.49,19.2,14.77,,,
2,115,global_mutex,GlobalMutex,750,read-heavy,1,276573.5189713313,1970.0,9188.0,2639.5939896296295,1999.67757999929,0.7575701368678566,0,100,900,1790605225.863565,2387.511625,3000.093,performance,,32861568.0,31994092.0,30171624.0,0.0,0.0,23.57,19.09,14.76,,,
2,116,sharded_2key,Sharded-2key,2000,read-heavy,1,254556.8121247401,2262.0,42487.0,7566.080650555556,11436.525879034596,1.5115522034773505,0,100,900,1790605231.0946019,2474.886375,3002.28,performance,,32861568.0,31986256.0,30163884.0,0.0,0.0,21.76,18.79,14.68,,,
2,117,sharded_2key,Sharded-2key,1000,mixed,1,270850.1045473579,2133.0,15552.0,3599.351241111111,3555.2613064812317,0.9877505884598612,0,100,900,1790605241.5176485,2300.0,2300.0,performance,,32861568.0,31998080.0,30175332.0,0.0,0.0,19.37,18.41,14.62,,,
2,118,sharded_n,Sharded-N,1500,read-heavy,1,261444.79641210235,2204.0,28545.0,5537.040465925926,7235.211914973265,1.3066929814758659,0,100,900,1790605247.5706456,2644.201875,3000.606,performance,,32861568.0,31987076.0,30164252.0,0.0,0.0,17.82,18.1,14.54,,,
2,119,sharded_2key,Sharded-2key,500,read-heavy,1,292464.5504449567,1562.0,4289.0,1678.06854,846.7895205979378,0.5046215338724709,0,100,900,1790605255.8713121,2391.000125,3028.001,performance,,32861568.0,31976868.0,30153768.0,0.0,0.0,18.56,18.25,14.61,,,
2,120,disabled,Disabled,3000,mixed,1,242277.16570784934,2423.0,80076.0,11910.52014111111,20166.214981496432,1.6931430989222243,0,100,900,1790605260.0955093,2388.67625,3009.41,performance,,32861568.0,31994268.0,30171164.0,0.0,0.0,17.07,17.95,14.53,,,
2,121,hdr_histogram,HdrHistogram,2000,write-heavy,1,244532.70882758798,2403.0,47802.0,7893.3966527777775,11945.116223739951,1.5133049495917992,0,100,900,1790605274.9185107,2383.5805,2968.644,performance,,32861568.0,32000412.0,30176840.0,0.0,0.0,17.97,18.07,14.63,,,
2,122,disabled,Disabled,250,mixed,1,300701.4824322476,789.0,1744.0,814.3422177777778,356.96589479932317,0.43834875192082207,0,100,900,1790605285.4790516,2554.276,3002.567,performance,,32861568.0,32025792.0,30201984.0,0.0,0.0,20.33,18.59,14.83,,,
2,123,sharded_2key,Sharded-2key,750,write-heavy,1,272429.11540620757,2016.0,9296.0,2693.864325925926,2007.479315164947,0.74520431331483,0,100,900,1790605288.6438465,2300.0,2300.0,performance,,32861568.0,32023412.0,30199672.0,0.0,0.0,18.87,18.32,14.77,,,
2,124,thread_local,ThreadLocal,2000,write-heavy,1,249826.0129411482,2352.0,44686.0,7733.136846666666,11652.443043914778,1.506819713003981,0,100,900,1790605293.7470794,2300.0,2300.0,performance,,32861568.0,31996168.0,30172428.0,0.0,0.0,20.24,18.61,14.88,,,
2,125,sharded_n,Sharded-N,750,read-heavy,1,287289.08958777,1937.0,8763.0,2548.6249970370372,1880.4718161338483,0.7378377824591825,0,100,900,1790605304.1380358,2380.3275,2942.62,performance,,32861568.0,32013572.0,30189416.0,0.0,0.0,19.2,18.44,14.86,,,
2,126,sharded_2key,Sharded-2key,250,read-heavy,1,297218.4254880065,798.0,1841.0,824.6725644444444,371.5971300826114,0.450599602925974,0,100,900,1790605309.2736697,2300.0,2300.0,performance,,32861568.0,31970692.0,30146584.0,0.0,0.0,19.26,18.47,14.89,,,
2,127,sharded_n,Sharded-N,1000,mixed,1,270385.85080264194,2125.0,15049.0,3591.5471344444445,3571.087402926125,0.9943033654432369,0,100,900,1790605312.62468,2300.0,2300.0,performance,,32861568.0,32016092.0,30191984.0,0.0,0.0,17.72,18.16,14.81,,,
2,128,thread_local,ThreadLocal,100,read-heavy,1,286775.9037082224,328.0,719.0,341.66297777777777,142.5105135571258,0.4171084455331785,0,100,900,1790605318.6925862,2387.188875,2997.511,performance,,32861568.0,31985104.0,30160788.0,0.0,0.0,17.18,18.04,14.79,,,
2,129,sharded_2key,Sharded-2key,1500,write-heavy,1,256295.79183755117,2281.0,28457.0,5666.883042962963,7517.899990442722,1.3266375772089243,0,100,900,1790605321.5312412,2481.45275,3095.505,performance,,32861568.0,32003852.0,30179504.0,0.0,0.0,15.81,17.74,14.71,,,
2,130,global_mutex,GlobalMutex,500,mixed,1,287998.914543611,1597.0,4194.0,1702.805668888889,813.6136098829301,0.4778076704512192,0,100,900,1790605329.7582898,2372.283125,2878.265,performance,,32861568.0,32005360.0,30180720.0,0.0,0.0,17.18,18.0,14.81,,,
2,131,sharded_n,Sharded-N,250,mixed,1,297300.7600208521,807.0,1682.0,826.2946933333334,337.8140535356892,0.40882999281155075,0,100,900,1790605333.8407214,2916.435875,3032.471,performance,,32861568.0,32023868.0,30199324.0,0.0,0.0,16.77,17.9,14.8,,,
2,132,disabled,Disabled,2000,read-heavy,1,260657.90706809514,2201.0,43863.0,7408.412833888889,11211.690111020602,1.5133727510073522,0,100,900,1790605337.0203402,2372.40425,2879.234,performance,,32861568.0,32026640.0,30202056.0,0.0,0.0,15.42,17.6,14.72,,,
2,133,hdr_histogram,HdrHistogram,2000,mixed,1,247359.96359415422,2361.0,46145.0,7828.002886111111,11846.253565700712,1.5133174754852237,0,100,900,1790605347.2597797,2300.0,2300.0,performance,,32861568.0,31985156.0,30160108.0,0.0,0.0,14.75,17.4,14.68,,,
2,134,thread_local,ThreadLocal,250,read-heavy,1,301648.8856066571,800.0,1685.0,814.6439777777778,340.78062706593136,0.4183184757537004,0,100,900,1790605357.741465,2387.017625,2996.141,performance,,32861568.0,31994464.0,30169240.0,0.0,0.0,14.4,17.25,14.66,,,
2,135,sharded_2key,Sharded-2key,3000,write-heavy,1,231692.39837766293,2586.0,86131.0,12478.209295925926,21033.355599297753,1.6856068928227579,0,100,900,1790605361.0779972,2300.0,2300.0,performance,,32861568.0,31997980.0,30172764.0,0.0,0.0,14.4,17.25,14.66,,,
2,136,thread_local,ThreadLocal,1000,read-heavy,1,275065.1845959734,2074.0,15352.0,3537.328452222222,3574.3981573037036,1.0104795767716153,0,100,900,1790605376.4232118,2398.505875,3088.047,performance,,32861568.0,32021512.0,30195868.0,0.0,0.0,15.22,17.27,14.73,,,
2,137,sharded_n,Sharded-N,3000,write-heavy,1,229284.15440083,2586.0,86248.0,12590.081034814815,20999.771600186046,1.66796159151925,0,100,900,1790605382.5794005,2474.597625,3008.075,performance,,32861568.0,31993348.0,30167652.0,0.0,0.0,14.0,16.99,14.65,,,
2,138,global_mutex,GlobalMutex,750,write-heavy,1,274022.3491824194,2007.0,9330.0,2674.592237037037,1995.2034972044298,0.7459841801585251,0,100,900,1790605398.1017022,2724.19775,3013.59,performance,,32861568.0,32014500.0,30188308.0,0.0,0.0,13.03,16.64,14.57,,,
2,139,global_mutex,GlobalMutex,1000,write-heavy,1,278374.0743766254,2037.0,14835.0,3482.945237777778,3496.7311684388055,1.0039581244377598,0,100,900,1790605403.2018344,2300.0,2300.0,performance,,32861568.0,32006280.0,30180120.0,0.0,0.0,11.98,16.36,14.49,,,
2,140,hdr_histogram,HdrHistogram,1500,write-heavy,1,253639.84525982404,2295.0,30181.0,5720.5746570370375,7593.692033170848,1.3274351771337582,0,100,900,1790605409.1732838,2386.6695,2993.356,performance,,32861568.0,31971108.0,30144816.0,0.0,0.0,12.55,16.41,14.52,,,
2,141,sharded_2key,Sharded-2key,250,mixed,1,296595.1822185889,816.0,1629.0,825.2996933333334,334.7270453009211,0.4055824181261714,0,100,900,1790605417.4722867,2398.72225,3089.778,performance,,32861568.0,31982428.0,30155896.0,0.0,0.0,11.87,16.14,14.45,,,
2,142,sharded_2key,Sharded-2key,1000,read-heavy,1,280568.1153188623,2020.0,15298.0,3463.4266344444445,3498.7792151841545,1.0102073999166379,0,100,900,1790605420.6479921,2300.0,2300.0,performance,,32861568.0,32004680.0,30178216.0,0.0,0.0,11.87,16.14,14.45,,,
2,143,hdr_histogram,HdrHistogram,2000,read-heavy,1,254492.31808667447,2295.0,45115.0,7560.241357222222,11607.296339694227,1.5353076431357437,0,100,900,1790605426.7421129,2300.0,2300.0,performance,,32861568.0,31965260.0,30138592.0,0.0,0.0,11.52,15.94,14.41,,,
2,144,disabled,Disabled,1500,read-heavy,1,270753.9200303075,2106.0,28524.0,5350.800875555556,7219.147815195466,1.349171457337389,0,100,900,1790605437.150274,2574.05775,3050.276,performance,,32861568.0,31994124.0,30167156.0,0.0,0.0,11.44,15.79,14.37,,,
3,1,hdr_histogram,HdrHistogram,250,read-heavy,1,310028.46726857306,768.0,1637.0,791.0603111111111,343.9953634467126,0.43485352332180843,0,100,900,1790605445.246201,2388.05275,3004.422,performance,,32861568.0,31990304.0,30163184.0,0.0,0.0,11.65,15.76,14.37,,,
3,2,global_mutex,GlobalMutex,2000,mixed,1,254686.95590664062,2241.0,39530.0,7571.538938888889,11221.958675412614,1.482123880757512,0,100,900,1790605448.5714855,2657.321125,3063.077,performance,,32861568.0,32017860.0,30190788.0,0.0,0.0,12.32,15.83,14.4,,,
3,3,sharded_2key,Sharded-2key,500,read-heavy,1,294514.6138746978,1553.0,4301.0,1669.0324466666666,847.0245928607346,0.5074943836786293,0,100,900,1790605458.8367589,2300.0,2300.0,performance,,32861568.0,32002656.0,30175156.0,0.0,0.0,12.5,15.75,14.39,,,
3,4,global_mutex,GlobalMutex,250,write-heavy,1,291271.5980074459,827.0,1736.0,842.8357377777778,356.9509410549724,0.42351187195278395,0,100,900,1790605463.0593548,2930.40475,3097.603,performance,,32861568.0,32007728.0,30180336.0,0.0,0.0,11.49,15.49,14.31,,,
3,5,thread_local,ThreadLocal,2000,write-heavy,1,248027.7424023502,2367.0,45796.0,7776.915537222222,11740.226399280518,1.509625036184194,0,100,900,1790605466.253738,2755.660375,3099.008,performance,,32861568.0,31999280.0,30171908.0,0.0,0.0,11.49,15.49,14.31,,,
3,6,sharded_2key,Sharded-2key,1500,mixed,1,258880.37270581542,2233.0,29510.0,5609.90050074074,7438.68321078162,1.32599200463527,0,100,900,1790605476.7018914,2559.8065,3072.032,performance,,32861568.0,32014048.0,30186236.0,0.0,0.0,16.61,16.43,14.64,,,
3,7,global_mutex,GlobalMutex,1500,mixed,1,258982.39826513868,2233.0,28790.0,5607.304667407408,7476.98943716406,1.3334373430115614,0,100,900,1790605484.866987,2300.0,2300.0,performance,,32861568.0,31989312.0,30161308.0,0.0,0.0,20.64,17.27,14.92,,,
3,8,hdr_histogram,HdrHistogram,1500,mixed,1,259860.6780035113,2235.0,28459.0,5588.794775555555,7463.002505404345,1.3353509665529781,0,100,900,1790605493.0417633,2300.0,2300.0,performance,,32861568.0,31998108.0,30169884.0,0.0,0.0,19.68,17.19,14.92,,,
3,9,disabled,Disabled,3000,write-heavy,1,231275.53987297058,2586.0,85360.0,12504.015065185185,21025.109221168554,1.681468641197384,0,100,900,1790605501.1925097,2393.7045,3049.636,performance,,32861568.0,31975360.0,30147012.0,0.0,0.0,19.71,17.24,14.95,,,
3,10,hdr_histogram,HdrHistogram,100,read-heavy,1,280878.64683004294,333.0,794.0,349.11181111111114,146.62362695512292,0.41999045087723286,0,100,900,1790605516.5574203,2387.8595,3002.876,performance,,32861568.0,32000512.0,30171804.0,0.0,0.0,19.16,17.26,15.0,,,
3,11,sharded_2key,Sharded-2key,750,read-heavy,1,286394.5681572901,1891.0,8991.0,2557.3308474074074,1931.8116119311674,0.7554015210388658,0,100,900,1790605519.4070275,2300.0,2300.0,performance,,32861568.0,32010896.0,30182176.0,0.0,0.0,19.16,17.26,15.0,,,
3,12,disabled,Disabled,750,write-heavy,1,276966.4600403595,2024.0,8996.0,2643.94341037037,1901.0146077358365,0.7190072980682811,0,100,900,1790605524.5455742,2577.197875,3070.072,performance,,32861568.0,32004084.0,30175312.0,0.0,0.0,18.58,17.17,14.99,,,
3,13,sharded_n,Sharded-N,750,mixed,1,278265.4574591056,1992.0,8769.0,2629.7821659259257,1896.6627281277752,0.7212242719959183,0,100,900,1790605529.612569,2484.168,3042.749,performance,,32861568.0,32001328.0,30172520.0,0.0,0.0,19.02,17.29,15.04,,,
3,14,hdr_histogram,HdrHistogram,1000,read-heavy,1,277242.6849347384,2032.0,15147.0,3507.496708888889,3483.3879656340196,0.9931265100851637,0,100,900,1790605534.668865,2300.0,2300.0,performance,,32861568.0,31986476.0,30157540.0,0.0,0.0,18.78,17.26,15.04,,,
3,15,global_mutex,GlobalMutex,2000,write-heavy,1,245787.4045442182,2384.0,47420.0,7844.855960555556,11792.935368477803,1.5032698404882698,0,100,900,1790605540.826315,2399.231,3093.848,performance,,32861568.0,31983720.0,30154648.0,0.0,0.0,18.47,17.23,15.04,,,
3,16,thread_local,ThreadLocal,2000,mixed,1,253276.01080341055,2265.0,42565.0,7628.493116111111,11422.70149705481,1.497373245697825,0,100,900,1790605551.354421,2387.661125,3001.289,performance,,32861568.0,32005140.0,30175628.0,0.0,0.0,20.0,17.66,15.22,,,
3,17,hdr_histogram,HdrHistogram,3000,mixed,1,234397.90193653567,2535.0,77808.0,12297.931194074074,20640.493269849765,1.6783711783812605,0,100,900,1790605561.6484902,2399.567,3096.536,performance,,32861568.0,32024024.0,30194364.0,0.0,0.0,19.87,17.74,15.27,,,
3,18,thread_local,ThreadLocal,500,write-heavy,1,293778.0147122855,1568.0,4186.0,1664.8162622222221,814.2093521844332,0.4890685961330136,0,100,900,1790605576.8465395,2863.774125,3109.412,performance,,32861568.0,32012972.0,30182860.0,0.0,0.0,18.7,17.61,15.27,,,
3,19,hdr_histogram,HdrHistogram,2000,write-heavy,1,246901.70041410942,2364.0,45175.0,7830.150909444445,11733.410386305146,1.498490964223018,0,100,900,1790605580.8920357,2632.548625,3062.784,performance,,32861568.0,31985064.0,30155008.0,0.0,0.0,18.7,17.61,15.27,,,
3,20,sharded_2key,Sharded-2key,2000,mixed,1,254075.2336404002,2288.0,40249.0,7599.81977,11428.315975721216,1.5037614471903742,0,100,900,1790605591.3918219,2300.0,2300.0,performance,,32861568.0,31979928.0,30149552.0,0.0,0.0,18.72,17.7,15.34,,,
3,21,sharded_n,Sharded-N,1000,mixed,1,270269.7790772664,2109.0,15231.0,3600.0831755555555,3531.022537866522,0.9808169327425674,0,100,900,1790605601.6464517,2400.00025,3100.002,performance,,32861568.0,32000888.0,30170284.0,0.0,0.0,17.31,17.45,15.29,,,
3,22,sharded_2key,Sharded-2key,1500,write-heavy,1,255178.923641441,2274.0,30279.0,5684.162075555556,7651.604681987943,1.3461271125419298,0,100,900,1790605607.7160964,2300.0,2300.0,performance,,32861568.0,31989600.0,30158932.0,0.0,0.0,15.93,17.16,15.2,,,
3,23,global_mutex,GlobalMutex,1500,write-heavy,1,255292.01845587694,2278.0,29914.0,5688.350160740741,7478.672591205888,1.314734919594333,0,100,900,1790605615.9687128,2300.0,2300.0,performance,,32861568.0,31993260.0,30162448.0,0.0,0.0,16.09,17.17,15.22,,,
3,24,sharded_n,Sharded-N,100,mixed,1,272860.6842380034,343.0,842.0,358.68674444444446,153.5876154057329,0.4281942887062041,0,100,900,1790605624.2291589,2686.994125,3155.834,performance,,32861568.0,31984368.0,30153288.0,0.0,0.0,16.65,17.26,15.27,,,
3,25,disabled,Disabled,500,write-heavy,1,287235.99563573377,1594.0,4455.0,1705.4825066666667,870.568559319351,0.5104529398081372,0,100,900,1790605626.9162061,2838.479125,3104.015,performance,,32861568.0,32021472.0,30190364.0,0.0,0.0,15.32,16.98,15.19,,,
3,26,thread_local,ThreadLocal,1500,read-heavy,1,267743.52944970987,2109.0,28189.0,5420.038099259259,7121.434947500238,1.3139086510247049,0,100,900,1790605630.9994445,2399.226625,3093.813,performance,,32861568.0,32007748.0,30176680.0,0.0,0.0,15.32,16.98,15.19,,,
3,27,sharded_n,Sharded-N,3000,read-heavy,1,236218.1007533471,2502.0,71644.0,12207.385152592593,20497.401886240325,1.6790984826006825,0,100,900,1790605639.1523502,2632.73075,3038.491,performance,,32861568.0,31964472.0,30133160.0,0.0,0.0,14.33,16.7,15.12,,,
3,28,disabled,Disabled,250,read-heavy,1,312622.99283255794,761.0,1687.0,783.8780088888889,346.6436039852658,0.442216263314514,0,100,900,1790605654.4412084,2399.190625,3093.525,performance,,32861568.0,32006584.0,30174780.0,0.0,0.0,13.38,16.37,15.03,,,
3,29,hdr_histogram,HdrHistogram,3000,read-heavy,1,237583.46456149672,2480.0,75914.0,12179.319097777778,20328.918067892908,1.6691342023875617,0,100,900,1790605657.7492967,2659.640625,3102.503,performance,,32861568.0,32004892.0,30173140.0,0.0,0.0,12.31,16.1,14.95,,,
3,30,global_mutex,GlobalMutex,500,write-heavy,1,285385.4175249699,1600.0,4497.0,1718.7174622222221,879.1897202742352,0.511538248489943,0,100,900,1790605672.9861076,2665.98175,3053.354,performance,,32861568.0,32006780.0,30174652.0,0.0,0.0,11.3,15.7,14.84,,,
3,31,hdr_histogram,HdrHistogram,2000,read-heavy,1,256190.59600214273,2255.0,42845.0,7513.450808333333,11334.014249380874,1.5084965002778843,0,100,900,1790605677.0905826,2551.025875,3015.84,performance,,32861568.0,32003024.0,30170876.0,0.0,0.0,10.39,15.44,14.76,,,
3,32,disabled,Disabled,750,read-heavy,1,284266.2793713943,1902.0,9117.0,2573.9013496296297,1985.8464625899453,0.7715316917160394,0,100,900,1790605687.4637055,2480.09075,3032.697,performance,,32861568.0,31995360.0,30162968.0,0.0,0.0,10.27,15.26,14.71,,,
3,33,global_mutex,GlobalMutex,1000,write-heavy,1,269722.4438992736,2109.0,15621.0,3605.676391111111,3611.4872983464606,1.0016115997679866,0,100,900,1790605692.6296213,2394.02875,3052.23,performance,,32861568.0,31981604.0,30149100.0,0.0,0.0,9.44,15.0,14.63,,,
3,34,disabled,Disabled,1500,read-heavy,1,264868.4238469935,2146.0,28806.0,5475.31316,7240.519075873031,1.3223935991038422,0,100,900,1790605698.6926033,2406.029375,3148.235,performance,,32861568.0,32007704.0,30175080.0,0.0,0.0,9.81,14.99,14.63,,,
3,35,sharded_n,Sharded-N,500,read-heavy,1,285502.04911038245,1609.0,4399.0,1716.6680733333333,855.0695320576901,0.498098348387969,0,100,900,1790605706.9075856,2896.3255,3008.513,performance,,32861568.0,31986812.0,30153924.0,0.0,0.0,9.41,14.74,14.55,,,
3,36,sharded_2key,Sharded-2key,1000,read-heavy,1,279834.1960250557,2020.0,14186.0,3467.469467777778,3323.43666197876,0.9584616945765567,0,100,900,1790605711.1843657,2673.077375,3076.654,performance,,32861568.0,32011184.0,30178296.0,0.0,0.0,9.41,14.74,14.55,,,
3,37,global_mutex,GlobalMutex,2000,read-heavy,1,252761.12166512755,2304.0,42562.0,7618.133006666667,11494.568315797596,1.5088432173261666,0,100,900,1790605717.3020942,2300.0,2300.0,performance,,32861568.0,31947804.0,30114756.0,0.0,0.0,7.96,14.25,14.39,,,
3,38,thread_local,ThreadLocal,250,write-heavy,1,290763.5654245632,825.0,1725.0,843.7680711111111,361.93975246600644,0.42895644532909166,0,100,900,1790605727.793761,2300.0,2300.0,performance,,32861568.0,31999704.0,30166364.0,0.0,0.0,7.84,14.03,14.32,,,
3,39,thread_local,ThreadLocal,100,mixed,1,281582.5199178256,333.0,782.0,348.4563777777778,146.7270046171537,0.4210771102910517,0,100,900,1790605730.989097,2300.0,2300.0,performance,,32861568.0,31999752.0,30166464.0,0.0,0.0,7.84,14.03,14.32,,,
3,40,sharded_2key,Sharded-2key,3000,mixed,1,236762.64825838737,2500.0,82237.0,12205.007848518519,20596.382152062335,1.6875353467767238,0,100,900,1790605733.6667762,2300.0,2300.0,performance,,32861568.0,32018240.0,30184920.0,0.0,0.0,8.9,14.14,14.35,,,
3,41,hdr_histogram,HdrHistogram,500,mixed,1,298135.2556031044,1550.0,4043.0,1645.6261066666666,805.2472576611356,0.4893257674990472,0,100,900,1790605748.7493656,2721.512,3071.212,performance,,32861568.0,32007564.0,30173832.0,0.0,0.0,14.5,15.13,14.68,,,
3,42,sharded_n,Sharded-N,2000,mixed,1,249342.08289792037,2342.0,44773.0,7722.331650555556,11750.701730114515,1.5216520426533549,0,100,900,1790605752.7811632,2387.0155,2996.124,performance,,32861568.0,31991516.0,30157736.0,0.0,0.0,13.34,14.88,14.6,,,
3,43,disabled,Disabled,2000,mixed,1,255951.596363402,2254.0,45693.0,7557.130673333333,11523.978688366158,1.524914572276823,0,100,900,1790605763.1988661,2300.0,2300.0,performance,,32861568.0,31991512.0,30157424.0,0.0,0.0,15.04,15.22,14.71,,,
3,44,global_mutex,GlobalMutex,500,read-heavy,1,283930.4351580882,1619.0,4482.0,1730.2038977777777,881.4706237646542,0.5094605467579797,0,100,900,1790605773.4182432,2910.461125,3035.229,performance,,32861568.0,31993808.0,30159488.0,0.0,0.0,15.94,15.4,14.78,,,
3,45,hdr_histogram,HdrHistogram,100,mixed,1,278153.97759848,339.0,746.0,352.2710222222222,146.66000706030394,0.41632719641579485,0,100,900,1790605777.6960256,2300.0,2300.0,performance,,32861568.0,31988280.0,30153992.0,0.0,0.0,14.66,15.14,14.7,,,
3,46,thread_local,ThreadLocal,250,read-heavy,1,306078.3974270544,784.0,1634.0,802.4732222222223,333.50954415315323,0.41560208480177446,0,100,900,1790605780.377959,2658.790125,3049.325,performance,,32861568.0,32015868.0,30181552.0,0.0,0.0,14.66,15.14,14.7,,,
3,47,sharded_2key,Sharded-2key,500,mixed,1,287966.92702146893,1585.0,4415.0,1700.8683555555556,873.8738391182454,0.5137809967854987,0,100,900,1790605783.6966283,2658.122625,3053.617,performance,,32861568.0,32014840.0,30180496.0,0.0,0.0,15.73,15.36,14.77,,,
3,48,sharded_2key,Sharded-2key,250,write-heavy,1,294771.8251152195,804.0,1871.0,832.7316444444444,376.0150479731613,0.4515440844379333,0,100,900,1790605787.7788885,2300.0,2300.0,performance,,32861568.0,32008168.0,30173716.0,0.0,0.0,14.47,15.1,14.69,,,
3,49,hdr_histogram,HdrHistogram,750,read-heavy,1,284273.40555829986,1926.0,8767.0,2576.8624577777778,1901.9971078898654,0.7381057930154722,0,100,900,1790605790.9603493,2400.239,3101.912,performance,,32861568.0,32016760.0,30182232.0,0.0,0.0,14.47,15.1,14.69,,,
3,50,hdr_histogram,HdrHistogram,1000,write-heavy,1,266994.1560817506,2143.0,15212.0,3653.6010144444444,3565.475298020724,0.9758797646280157,0,100,900,1790605796.12772,2300.0,2300.0,performance,,32861568.0,31967500.0,30132864.0,0.0,0.0,13.39,14.87,14.61,,,
3,51,sharded_2key,Sharded-2key,100,read-heavy,1,283914.8326039251,332.0,736.0,344.15018888888886,137.80253877827727,0.40041395654374523,0,100,900,1790605802.2417867,2300.0,2300.0,performance,,32861568.0,31960356.0,30125468.0,0.0,0.0,11.33,14.38,14.46,,,
3,52,sharded_n,Sharded-N,250,write-heavy,1,293692.95322761155,809.0,1817.0,836.0093466666667,366.60788997201246,0.4385212814112068,0,100,900,1790605805.0879219,2300.0,2300.0,performance,,32861568.0,31993708.0,30158792.0,0.0,0.0,11.33,14.38,14.46,,,
3,53,sharded_n,Sharded-N,3000,mixed,1,232084.37640196533,2573.0,87466.0,12436.433461481482,20938.766714947527,1.6836633090829252,0,100,900,1790605808.2761307,2475.0155,3002.62,performance,,32861568.0,32017204.0,30182332.0,0.0,0.0,10.42,14.14,14.38,,,
3,54,sharded_n,Sharded-N,1000,write-heavy,1,266427.401755609,2154.0,15458.0,3651.975071111111,3593.0727296634623,0.9838710998019689,0,100,900,1790605823.6184268,2395.733625,3065.869,performance,,32861568.0,32015608.0,30180304.0,0.0,0.0,13.76,14.72,14.57,,,
3,55,sharded_n,Sharded-N,1500,write-heavy,1,253155.54016223186,2311.0,31580.0,5720.0312044444445,7763.492334351081,1.3572465003895213,0,100,900,1790605829.73964,2300.0,2300.0,performance,,32861568.0,32012304.0,30177032.0,0.0,0.0,17.78,15.53,14.83,,,
3,56,sharded_2key,Sharded-2key,100,mixed,1,282965.7771379649,335.0,683.0,346.3431444444444,136.97278566741053,0.39548288414116944,0,100,900,1790605838.0520556,2300.0,2300.0,performance,,32861568.0,32023828.0,30188228.0,0.0,0.0,16.15,15.27,14.75,,,
3,57,thread_local,ThreadLocal,750,read-heavy,1,282989.1788593805,1915.0,8838.0,2587.230154074074,1935.040312958049,0.7479196660996583,0,100,900,1790605840.7249403,2300.0,2300.0,performance,,32861568.0,32018072.0,30182436.0,0.0,0.0,16.15,15.27,14.75,,,
3,58,global_mutex,GlobalMutex,3000,write-heavy,1,231077.3659586703,2591.0,70383.0,12511.209377037037,20894.11864973493,1.6700318906087377,0,100,900,1790605845.9026372,3072.529875,3100.549,performance,,32861568.0,32017812.0,30182148.0,0.0,0.0,15.02,15.05,14.68,,,
3,59,hdr_histogram,HdrHistogram,1500,write-heavy,1,252661.2985827939,2284.0,29428.0,5748.131244444445,7617.9430703558355,1.3252903850653306,0,100,900,1790605861.273316,2493.442,3090.925,performance,,32861568.0,32008584.0,30172472.0,0.0,0.0,15.4,15.14,14.72,,,
3,60,disabled,Disabled,1000,write-heavy,1,268068.1478329962,2122.0,15923.0,3628.6899444444443,3643.820573320034,1.0041697221606807,0,100,900,1790605869.5853753,2756.755375,3143.156,performance,,32861568.0,31995024.0,30158752.0,0.0,0.0,13.91,14.82,14.62,,,
3,61,thread_local,ThreadLocal,2000,read-heavy,1,254734.35978298308,2289.0,45405.0,7575.283770555556,11664.096310742909,1.5397570129425644,0,100,900,1790605875.6808481,2300.0,2300.0,performance,,32861568.0,31995120.0,30158856.0,0.0,0.0,14.16,14.86,14.63,,,
3,62,global_mutex,GlobalMutex,250,read-heavy,1,298216.9817401755,802.0,1711.0,820.3445733333333,348.59814998709106,0.4249411300066515,0,100,900,1790605886.0864978,2398.282875,3086.263,performance,,32861568.0,32014732.0,30178108.0,0.0,0.0,13.5,14.7,14.58,,,
3,63,hdr_histogram,HdrHistogram,250,write-heavy,1,288558.7598268782,823.0,1841.0,849.3398488888889,372.2849008497719,0.43832265887064764,0,100,900,1790605889.4322553,2390.671375,3025.371,performance,,32861568.0,32017424.0,30180796.0,0.0,0.0,12.42,14.45,14.51,,,
3,64,hdr_histogram,HdrHistogram,500,read-heavy,1,289522.1263077309,1581.0,4381.0,1692.1339577777778,848.6894266595054,0.5015497873312941,0,100,900,1790605892.6381903,2411.815625,3194.525,performance,,32861568.0,32006624.0,30170020.0,0.0,0.0,11.43,14.21,14.43,,,
3,65,disabled,Disabled,100,write-heavy,1,286815.06371835654,331.0,686.0,342.25255555555555,133.8780995598348,0.39116756730280505,0,100,900,1790605896.875453,2398.902,3091.216,performance,,32861568.0,31980104.0,30143428.0,0.0,0.0,10.51,13.98,14.35,,,
3,66,hdr_histogram,HdrHistogram,2000,mixed,1,248250.59478101408,2361.0,42470.0,7777.467645,11682.388222633786,1.5020812372191856,0,100,900,1790605899.5456288,2300.0,2300.0,performance,,32861568.0,32009596.0,30172880.0,0.0,0.0,10.51,13.98,14.35,,,
3,67,disabled,Disabled,1500,mixed,1,263084.75107329804,2180.0,28917.0,5528.029306666666,7363.772249347329,1.3320790901862265,0,100,900,1790605910.004464,2494.99675,3092.766,performance,,32861568.0,31995636.0,30158564.0,0.0,0.0,13.57,14.51,14.52,,,
3,68,thread_local,ThreadLocal,1500,write-heavy,1,259298.4978160772,2258.0,28635.0,5601.486094814815,7321.684647553316,1.3070968174554345,0,100,900,1790605918.0718102,2656.632625,3047.708,performance,,32861568.0,32012116.0,30174872.0,0.0,0.0,15.75,14.98,14.67,,,
3,69,sharded_2key,Sharded-2key,750,write-heavy,1,276494.01549491717,1979.0,8984.0,2652.6474444444443,1968.8984665531182,0.7422390301721657,0,100,900,1790605926.2516086,2300.0,2300.0,performance,,32861568.0,31985404.0,30148016.0,0.0,0.0,16.25,15.09,14.71,,,
3,70,thread_local,ThreadLocal,3000,write-heavy,1,231234.35214657904,2583.0,88319.0,12490.16586888889,21035.27277901216,1.6841467919499642,0,100,900,1790605931.3130665,2300.0,2300.0,performance,,32861568.0,31997632.0,30160128.0,0.0,0.0,14.95,14.84,14.63,,,
3,71,hdr_histogram,HdrHistogram,750,write-heavy,1,272672.3722659021,2008.0,9109.0,2692.3752162962965,1995.0718673480092,0.74100810885211,0,100,900,1790605946.696268,2399.447125,3095.577,performance,,32861568.0,32007616.0,30169684.0,0.0,0.0,15.69,15.04,14.7,,,
3,72,disabled,Disabled,750,mixed,1,282343.64292489877,1947.0,9024.0,2598.0934948148147,1935.5400122824578,0.74498474213701,0,100,900,1790605951.7994719,2386.709875,2993.679,performance,,32861568.0,31994652.0,30156636.0,0.0,0.0,14.43,14.79,14.62,,,
3,73,sharded_n,Sharded-N,3000,write-heavy,1,227034.3662613085,2648.0,83947.0,12743.616174814815,21208.103951011595,1.6642139609418818,0,100,900,1790605956.80739,2399.4755,3095.804,performance,,32861568.0,31989904.0,30151868.0,0.0,0.0,13.27,14.55,14.55,,,
3,74,disabled,Disabled,1000,mixed,1,281421.0404969999,2005.0,14130.0,3452.89586,3300.628830722998,0.955901644459963,0,100,900,1790605972.4412694,2748.159125,3081.605,performance,,32861568.0,32024380.0,30185812.0,0.0,0.0,13.71,14.62,14.57,,,
3,75,disabled,Disabled,100,mixed,1,279603.72906747845,333.0,853.0,351.0561666666667,152.1847419448247,0.43350539427876367,0,100,900,1790605978.3669622,2300.0,2300.0,performance,,32861568.0,31977172.0,30138672.0,0.0,0.0,12.7,14.4,14.5,,,
3,76,thread_local,ThreadLocal,3000,read-heavy,1,241637.35040890772,2426.0,76063.0,11932.608844444445,20066.13832045196,1.6816220645491369,0,100,900,1790605981.0470839,2387.50025,3000.002,performance,,32861568.0,32002228.0,30163688.0,0.0,0.0,12.7,14.4,14.5,,,
3,77,sharded_2key,Sharded-2key,750,mixed,1,284964.3686569346,1923.0,8857.0,2569.011065185185,1917.3452062926274,0.7463359081150618,0,100,900,1790605996.0368276,2390.462625,3023.701,performance,,32861568.0,32021592.0,30182492.0,0.0,0.0,12.18,14.18,14.43,,,
3,78,global_mutex,GlobalMutex,750,mixed,1,275473.5790260147,1990.0,9325.0,2663.2170325925927,1979.5532707384127,0.7432940111573837,0,100,900,1790606001.0251896,2390.426625,3023.413,performance,,32861568.0,31998268.0,30159312.0,0.0,0.0,31.47,18.15,15.71,,,
3,79,disabled,Disabled,3000,read-heavy,1,240104.17945337214,2469.0,71806.0,12000.028548518518,20196.252404310977,1.6830170297223448,0,100,900,1790606006.0947075,2893.47275,3001.819,performance,,32861568.0,31997472.0,30158332.0,0.0,0.0,30.71,18.21,15.74,,,
3,80,disabled,Disabled,500,mixed,1,283369.17406587716,1591.0,4681.0,1730.8628711111112,907.2849733966104,0.5241807358281291,0,100,900,1790606021.1593368,2477.982125,3018.28,performance,,32861568.0,32022276.0,30182764.0,0.0,0.0,28.43,18.31,15.81,,,
3,81,thread_local,ThreadLocal,1000,read-heavy,1,279929.12372497795,1992.0,14405.0,3482.230868888889,3366.648990539904,0.9668080943794904,0,100,900,1790606025.2672198,2400.882625,3107.061,performance,,32861568.0,32004332.0,30164904.0,0.0,0.0,26.15,18.0,15.73,,,
3,82,global_mutex,GlobalMutex,1000,read-heavy,1,275477.9546645599,2084.0,15040.0,3534.9173655555555,3459.752106678542,0.9787363462553812,0,100,900,1790606031.361423,2387.885375,3003.083,performance,,32861568.0,31974936.0,30135236.0,0.0,0.0,25.9,18.08,15.77,,,
3,83,global_mutex,GlobalMutex,3000,mixed,1,233147.75641477498,2552.0,73747.0,12421.319932962962,20682.305991305126,1.6650650738348385,0,100,900,1790606037.5179048,2728.914875,3015.267,performance,,32861568.0,31974912.0,30135124.0,0.0,0.0,21.92,17.49,15.6,,,
3,84,disabled,Disabled,1500,write-heavy,1,265613.6813771422,2171.0,28059.0,5475.015077777778,7201.233154199459,1.3152901045748948,0,100,900,1790606052.7744732,2398.70425,3089.634,performance,,32861568.0,32008016.0,30167700.0,0.0,0.0,21.8,17.74,15.71,,,
3,85,thread_local,ThreadLocal,1000,mixed,1,276330.35740409076,2052.0,14569.0,3508.6612622222224,3407.057705201718,0.9710420729084136,0,100,900,1790606060.792151,2389.016375,3012.131,performance,,32861568.0,31995504.0,30155076.0,0.0,0.0,20.85,17.61,15.68,,,
3,86,global_mutex,GlobalMutex,1000,mixed,1,275525.5501237884,2032.0,14556.0,3532.9126655555556,3397.1191352898104,0.9615632926367877,0,100,900,1790606066.7825541,2388.39925,3007.194,performance,,32861568.0,32017692.0,30177276.0,0.0,0.0,18.97,17.33,15.61,,,
3,87,hdr_histogram,HdrHistogram,3000,write-heavy,1,230681.00861167285,2567.0,83137.0,12549.394552962964,20979.09489230686,1.671721675796193,0,100,900,1790606072.7833831,2839.015375,3060.75,performance,,32861568.0,31991772.0,30151084.0,0.0,0.0,17.45,17.04,15.53,,,
3,88,sharded_2key,Sharded-2key,2000,write-heavy,1,248485.46476812373,2364.0,45550.0,7772.917536666667,11808.193937180169,1.5191456594616064,0,100,900,1790606088.2049375,2648.824875,3046.033,performance,,32861568.0,32020292.0,30179220.0,0.0,0.0,16.05,16.77,15.46,,,
3,89,sharded_2key,Sharded-2key,100,write-heavy,1,279097.5240151558,339.0,743.0,351.56554444444447,142.10940106658063,0.404218795932197,0,100,900,1790606098.6457593,2667.539125,3109.622,performance,,32861568.0,31993896.0,30152636.0,0.0,0.0,15.72,16.68,15.45,,,
3,90,hdr_histogram,HdrHistogram,100,write-heavy,1,280052.08333965397,335.0,763.0,349.80348888888886,144.9332829715107,0.4143277227790804,0,100,900,1790606101.3254886,2659.681625,3059.464,performance,,32861568.0,32013016.0,30171728.0,0.0,0.0,15.72,16.68,15.45,,,
3,91,thread_local,ThreadLocal,3000,mixed,1,235373.1920247291,2531.0,76574.0,12263.25049074074,20569.51682649945,1.6773299087407767,0,100,900,1790606104.0056045,2661.253375,3063.82,performance,,32861568.0,32028608.0,30187268.0,0.0,0.0,14.46,16.4,15.37,,,
3,92,sharded_n,Sharded-N,2000,read-heavy,1,251530.61138642853,2295.0,44267.0,7638.627064444445,11623.35620700572,1.5216551494062347,0,100,900,1790606119.1647642,2629.791625,2986.121,performance,,32861568.0,32006764.0,30165136.0,0.0,0.0,18.41,17.19,15.64,,,
3,93,sharded_2key,Sharded-2key,2000,read-heavy,1,254830.28223356424,2258.0,43071.0,7575.0005083333335,11617.17136410981,1.5336198791445155,0,100,900,1790606129.6660597,2654.316625,3089.061,performance,,32861568.0,31998320.0,30156424.0,0.0,0.0,18.66,17.29,15.69,,,
3,94,disabled,Disabled,2000,write-heavy,1,257293.25600433315,2231.0,43614.0,7484.702037777778,11368.637377863264,1.51891649400096,0,100,900,1790606140.0698469,2300.0,2300.0,performance,,32861568.0,32005152.0,30162980.0,0.0,0.0,22.38,18.15,15.99,,,
3,95,thread_local,ThreadLocal,1500,mixed,1,291267.2511031224,1987.0,26612.0,4959.735157777778,6534.187903344852,1.31744693929837,0,100,900,1790606150.2671468,2393.98575,3051.886,performance,,32861568.0,31995048.0,30152632.0,0.0,0.0,21.14,18.03,15.97,,,
3,96,sharded_2key,Sharded-2key,1000,mixed,1,273197.7493862555,2097.0,14913.0,3573.0936722222223,3453.81085292289,0.9666163749843293,0,100,900,1790606157.8572862,2398.577,3088.616,performance,,32861568.0,31997656.0,30155128.0,0.0,0.0,19.51,17.79,15.92,,,
3,97,global_mutex,GlobalMutex,750,write-heavy,1,284828.74020054104,1944.0,8887.0,2575.18088,1882.2352593781543,0.7309138064811022,0,100,900,1790606163.8906443,2400.336375,3102.691,performance,,32861568.0,31978324.0,30135720.0,0.0,0.0,19.23,17.76,15.92,,,
3,98,sharded_2key,Sharded-2key,3000,write-heavy,1,231940.61939142455,2574.0,73103.0,12444.388961111112,20936.98056930064,1.682443439748548,0,100,900,1790606168.8890634,2300.0,2300.0,performance,,32861568.0,32017180.0,30174476.0,0.0,0.0,20.42,18.03,16.02,,,
3,99,disabled,Disabled,1000,read-heavy,1,282289.50720388565,2017.0,14310.0,3442.1972288888887,3377.3576083587063,0.981163304651456,0,100,900,1790606184.223648,2300.0,2300.0,performance,,32861568.0,32016180.0,30173016.0,0.0,0.0,19.99,18.05,16.05,,,
3,100,sharded_n,Sharded-N,100,write-heavy,1,275356.071272933,341.0,808.0,355.86673333333334,148.08881741477333,0.4161356023016106,0,100,900,1790606190.299766,2386.345875,2990.767,performance,,32861568.0,32007796.0,30164664.0,0.0,0.0,19.03,17.88,16.01,,,
3,101,thread_local,ThreadLocal,100,read-heavy,1,286481.5278095529,328.0,743.0,342.3130444444445,144.87795077644728,0.42323233989395975,0,100,900,1790606192.9811668,2391.899125,3035.193,performance,,32861568.0,32021680.0,30178504.0,0.0,0.0,17.5,17.58,15.92,,,
3,102,global_mutex,GlobalMutex,100,read-heavy,1,281133.9584444776,333.0,766.0,347.2816111111111,145.63299940973752,0.4193513124515624,0,100,900,1790606195.8179002,2300.0,2300.0,performance,,32861568.0,32035716.0,30192508.0,0.0,0.0,17.5,17.58,15.92,,,
3,103,global_mutex,GlobalMutex,100,mixed,1,276002.9340951914,342.0,793.0,356.5021111111111,147.7766840557898,0.41451839820867764,0,100,900,1790606198.6644557,2631.155375,3220.094,performance,,32861568.0,32026784.0,30183544.0,0.0,0.0,18.9,17.87,16.03,,,
3,104,hdr_histogram,HdrHistogram,250,mixed,1,296388.85041102965,812.0,1742.0,829.2989333333334,350.859202770215,0.4230792886226812,0,100,900,1790606201.3470972,2300.0,2300.0,performance,,32861568.0,32031240.0,30187972.0,0.0,0.0,18.9,17.87,16.03,,,
3,105,thread_local,ThreadLocal,750,write-heavy,1,278194.8839535512,1968.0,9085.0,2635.0129748148147,1960.3343642027385,0.7439562472516889,0,100,900,1790606204.525269,2411.696125,3193.569,performance,,32861568.0,32025728.0,30182444.0,0.0,0.0,17.39,17.58,15.94,,,
3,106,sharded_2key,Sharded-2key,1500,read-heavy,1,267361.13426865626,2122.0,28503.0,5426.187315555556,7205.008770465394,1.3278216087031112,0,100,900,1790606209.5798085,2300.0,2300.0,performance,,32861568.0,31977464.0,30133956.0,0.0,0.0,17.2,17.53,15.93,,,
3,107,sharded_2key,Sharded-2key,3000,read-heavy,1,239230.71781668012,2456.0,80974.0,12074.567954814815,20178.36347320453,1.671145795751497,0,100,900,1790606217.7419274,2930.8995,3044.625,performance,,32861568.0,32000384.0,30156648.0,0.0,0.0,15.51,17.17,15.83,,,
3,108,global_mutex,GlobalMutex,250,mixed,1,294438.9731212851,810.0,1772.0,832.3888355555556,362.00072779596707,0.4348937808066099,0,100,900,1790606232.8457277,2472.019,3006.55,performance,,32861568.0,32023320.0,30179264.0,0.0,0.0,15.55,17.13,15.84,,,
3,109,disabled,Disabled,100,read-heavy,1,292996.32522706693,319.0,698.0,333.3064,139.16529914274494,0.4175296338226477,0,100,900,1790606236.027579,2396.329625,3070.637,performance,,32861568.0,32004032.0,30159952.0,0.0,0.0,15.55,17.13,15.84,,,
3,110,sharded_2key,Sharded-2key,250,read-heavy,1,297367.7875722944,808.0,1743.0,824.5511244444444,345.79213342452965,0.41937015568017455,0,100,900,1790606238.8636086,2396.567375,3072.539,performance,,32861568.0,32021988.0,30177876.0,0.0,0.0,14.3,16.85,15.76,,,
3,111,sharded_n,Sharded-N,1500,mixed,1,258520.02275071183,2251.0,28467.0,5617.988135555555,7410.108715330588,1.3189968608927674,0,100,900,1790606242.2075875,2399.339875,3094.719,performance,,32861568.0,32000360.0,30156288.0,0.0,0.0,13.15,16.57,15.67,,,
3,112,hdr_histogram,HdrHistogram,1000,mixed,1,276461.14412204106,2038.0,14724.0,3510.4827655555555,3492.291823430703,0.9948181081236632,0,100,900,1790606250.3858352,2300.0,2300.0,performance,,32861568.0,31990072.0,30145776.0,0.0,0.0,12.74,16.43,15.63,,,
3,113,hdr_histogram,HdrHistogram,1500,read-heavy,1,265952.1227362285,2127.0,27557.0,5466.88737037037,7132.599286900449,1.304691098184675,0,100,900,1790606256.3797288,2300.0,2300.0,performance,,32861568.0,31978508.0,30134024.0,0.0,0.0,13.08,16.43,15.64,,,
3,114,global_mutex,GlobalMutex,1500,read-heavy,1,264931.3893541929,2164.0,28441.0,5496.935225185185,7180.530982020171,1.3062789878114796,0,100,900,1790606264.5762584,2390.49225,3023.938,performance,,32861568.0,31963220.0,30118496.0,0.0,0.0,11.87,16.06,15.53,,,
3,115,hdr_histogram,HdrHistogram,500,write-heavy,1,279910.51430048165,1632.0,4589.0,1753.1906022222222,900.6299021056517,0.5137090633294954,0,100,900,1790606272.7877975,2300.0,2300.0,performance,,32861568.0,31993804.0,30148828.0,0.0,0.0,11.3,15.81,15.45,,,
3,116,sharded_n,Sharded-N,2000,write-heavy,1,243095.0539109585,2407.0,47170.0,7941.796420555555,11903.730292545115,1.498871245520092,0,100,900,1790606276.9231882,2387.8065,3002.452,performance,,32861568.0,32004220.0,30159280.0,0.0,0.0,10.39,15.55,15.37,,,
3,117,sharded_n,Sharded-N,750,write-heavy,1,269066.1972599176,2059.0,9149.0,2723.95392,1992.6987424551432,0.7315464214810005,0,100,900,1790606287.5492158,2478.251625,3028.815,performance,,32861568.0,32001144.0,30155880.0,0.0,0.0,9.68,15.23,15.27,,,
3,118,disabled,Disabled,250,mixed,1,303068.09572388296,796.0,1666.0,810.62852,334.5889704721751,0.4127525274735894,0,100,900,1790606292.6882522,2965.887375,3159.61,performance,,32861568.0,31999720.0,30154500.0,0.0,0.0,8.9,14.98,15.18,,,
3,119,thread_local,ThreadLocal,500,mixed,1,288821.82610109093,1591.0,4348.0,1702.5344933333333,840.624554494032,0.49374891245122576,0,100,900,1790606295.851257,2387.68275,3001.462,performance,,32861568.0,32010568.0,30165340.0,0.0,0.0,8.9,14.98,15.18,,,
3,120,thread_local,ThreadLocal,250,mixed,1,290999.00501620205,815.0,1797.0,842.4800533333333,368.38363664336663,0.43726095969374007,0,100,900,1790606299.927629,2866.712125,3088.726,performance,,32861568.0,31999244.0,30153844.0,0.0,0.0,9.71,15.04,15.2,,,
3,121,sharded_n,Sharded-N,250,mixed,1,287381.20104992896,837.0,1772.0,854.2923066666667,356.9346665062816,0.4178132750592037,0,100,900,1790606303.1147053,2482.88725,3031.854,performance,,32861568.0,32017096.0,30171748.0,0.0,0.0,8.93,14.79,15.12,,,
3,122,thread_local,ThreadLocal,500,read-heavy,1,291144.21347061737,1565.0,4415.0,1683.3901711111112,858.2049729570575,0.5098075227507148,0,100,900,1790606306.309068,2300.0,2300.0,performance,,32861568.0,32009816.0,30164424.0,0.0,0.0,8.93,14.79,15.12,,,
3,123,sharded_2key,Sharded-2key,500,write-heavy,1,281705.63862287975,1614.0,4595.0,1739.3640044444444,886.4155037174419,0.5096204713058693,0,100,900,1790606310.5364754,2398.2025,3085.62,performance,,32861568.0,31985120.0,30139600.0,0.0,0.0,8.22,14.55,15.04,,,
3,124,thread_local,ThreadLocal,100,write-heavy,1,282671.68398436415,335.0,721.0,346.93337777777776,138.5219838498638,0.3992754595627051,0,100,900,1790606314.6568952,2300.0,2300.0,performance,,32861568.0,31985948.0,30140388.0,0.0,0.0,9.32,14.67,15.08,,,
3,125,sharded_n,Sharded-N,250,read-heavy,1,292112.94996155414,816.0,1804.0,838.0988088888889,367.0797623455939,0.43799103214601937,0,100,900,1790606317.3341987,2388.42575,3007.406,performance,,32861568.0,32001372.0,30155812.0,0.0,0.0,8.58,14.43,15.0,,,
3,126,hdr_histogram,HdrHistogram,750,mixed,1,274159.2165060527,2001.0,9525.0,2671.037757037037,2025.557987014177,0.7583412034059428,0,100,900,1790606320.6960025,2300.0,2300.0,performance,,32861568.0,32012680.0,30167080.0,0.0,0.0,8.58,14.43,15.0,,,
3,127,sharded_n,Sharded-N,1500,read-heavy,1,265846.37204631214,2142.0,26891.0,5461.814339259259,7114.955535042789,1.3026725357361253,0,100,900,1790606325.7827735,2779.6245,3096.769,performance,,32861568.0,31984960.0,30139168.0,0.0,0.0,15.82,15.83,15.45,,,
3,128,disabled,Disabled,3000,mixed,1,237821.74973115086,2479.0,81535.0,12140.903323703704,20331.219499956158,1.6746051721095425,0,100,900,1790606333.9806054,2870.185125,3135.92,performance,,32861568.0,31995172.0,30149088.0,0.0,0.0,15.8,15.82,15.45,,,
3,129,thread_local,ThreadLocal,1000,write-heavy,1,266164.14072490623,2144.0,15680.0,3657.536253333333,3589.5830379405525,0.9814210411910884,0,100,900,1790606349.0210297,2300.0,2300.0,performance,,32861568.0,32006728.0,30160264.0,0.0,0.0,18.66,16.47,15.67,,,
3,130,sharded_n,Sharded-N,1000,read-heavy,1,272212.6104907243,2093.0,15039.0,3584.62357,3512.1100490937565,0.9797709523775062,0,100,900,1790606355.1488786,2300.0,2300.0,performance,,32861568.0,31976812.0,30130268.0,0.0,0.0,19.49,16.67,15.74,,,
3,131,disabled,Disabled,2000,read-heavy,1,259997.07749996148,2222.0,39792.0,7404.441837777777,11230.245720540588,1.5166903821491846,0,100,900,1790606361.3563557,2391.311125,3030.489,performance,,32861568.0,31977428.0,30130860.0,0.0,0.0,19.13,16.65,15.74,,,
3,132,sharded_2key,Sharded-2key,1000,write-heavy,1,291357.63512901415,1981.0,14110.0,3324.9853055555554,3264.891946190564,0.9819267293408531,0,100,900,1790606371.6002526,2666.6745,3086.013,performance,,32861568.0,32003440.0,30156492.0,0.0,0.0,16.29,16.14,15.58,,,
3,133,disabled,Disabled,250,write-heavy,1,294509.1802673886,814.0,1779.0,832.6387688888889,355.2392474071636,0.42664269390339704,0,100,900,1790606377.424963,2808.5155,3009.428,performance,,32861568.0,31998472.0,30151412.0,0.0,0.0,14.99,15.87,15.5,,,
3,134,sharded_n,Sharded-N,750,read-heavy,1,284070.01392410207,1909.0,8839.0,2579.872322962963,1922.033307754925,0.7450110188195224,0,100,900,1790606380.612559,2398.132125,3085.057,performance,,32861568.0,32014516.0,30167504.0,0.0,0.0,14.99,15.87,15.5,,,
3,135,sharded_n,Sharded-N,500,mixed,1,286901.8559251982,1613.0,4236.0,1707.7464288888889,842.6114623489686,0.493405489301592,0,100,900,1790606385.7845619,2409.8615,3178.892,performance,,32861568.0,31995716.0,30148528.0,0.0,0.0,14.75,15.81,15.48,,,
3,136,thread_local,ThreadLocal,750,mixed,1,274922.2359749005,2000.0,9440.0,2663.827042962963,2021.3568667816344,0.758816857919307,0,100,900,1790606389.878202,2395.640625,3065.125,performance,,32861568.0,32018536.0,30171332.0,0.0,0.0,15.17,15.88,15.51,,,
3,137,global_mutex,GlobalMutex,100,write-heavy,1,282185.5119913103,334.0,730.0,347.5966666666667,142.39730623204315,0.4096624619493181,0,100,900,1790606394.9672596,2387.86825,3002.946,performance,,32861568.0,31991196.0,30143912.0,0.0,0.0,15.31,15.9,15.51,,,
3,138,global_mutex,GlobalMutex,500,mixed,1,289899.18475614226,1575.0,4415.0,1690.6206844444444,868.8747572338767,0.513938321723183,0,100,900,1790606397.643984,2388.642125,3009.137,performance,,32861568.0,32008740.0,30161428.0,0.0,0.0,14.09,15.63,15.43,,,
3,139,sharded_n,Sharded-N,500,write-heavy,1,278690.64860886027,1648.0,4393.0,1760.4323933333333,876.3050144830793,0.49777828322269074,0,100,900,1790606401.720056,2300.0,2300.0,performance,,32861568.0,32012396.0,30164924.0,0.0,0.0,12.96,15.37,15.35,,,
3,140,global_mutex,GlobalMutex,750,read-heavy,1,290447.7993748943,1919.0,8471.0,2520.604322962963,1793.7051684558458,0.7116171118628213,0,100,900,1790606405.8553712,2387.198125,2997.585,performance,,32861568.0,32014236.0,30166672.0,0.0,0.0,12.96,15.37,15.35,,,
3,141,sharded_n,Sharded-N,100,read-heavy,1,279919.682583272,333.0,822.0,349.6542111111111,152.89504230745914,0.43727499183149554,0,100,900,1790606410.96758,2749.241875,3175.162,performance,,32861568.0,31986904.0,30139320.0,0.0,0.0,13.2,15.38,15.35,,,
3,142,global_mutex,GlobalMutex,3000,read-heavy,1,237168.84389596383,2475.0,79646.0,12178.582882222223,20333.780386322025,1.6696343558990276,0,100,900,1790606413.8216405,2477.412125,3011.966,performance,,32861568.0,32008668.0,30161056.0,0.0,0.0,14.07,15.53,15.4,,,
3,143,disabled,Disabled,500,read-heavy,1,298170.3944559957,1525.0,4290.0,1638.5991222222221,828.8696346491411,0.5058403995267929,0,100,900,1790606429.063607,2387.758,3002.064,performance,,32861568.0,32018752.0,30170608.0,0.0,0.0,15.7,15.83,15.5,,,
3,144,sharded_2key,Sharded-2key,250,mixed,1,298482.7960287036,803.0,1714.0,821.2924755555556,347.52657541087314,0.42314593857175187,0,100,900,1790606433.2620354,2300.0,2300.0,performance,,32861568.0,31997040.0,30149032.0,0.0,0.0,14.44,15.56,15.42,,,
4,1,sharded_n,Sharded-N,500,write-heavy,1,277965.5259890503,1670.0,4244.0,1765.4593733333334,847.4128813641694,0.4799956850687443,0,100,900,1790606436.4314425,2727.517625,3031.518,performance,,32861568.0,32004796.0,30156740.0,0.0,0.0,14.44,15.56,15.42,,,
4,2,disabled,Disabled,250,mixed,1,305515.59607692336,784.0,1653.0,804.18088,339.96574833523346,0.42274786281319376,0,100,900,1790606440.5832794,2387.574875,3000.599,performance,,32861568.0,31995800.0,30147608.0,0.0,0.0,13.28,15.3,15.33,,,
4,3,sharded_2key,Sharded-2key,750,write-heavy,1,272572.37948041124,2020.0,9075.0,2690.005291851852,1981.504013976094,0.7366171434599625,0,100,900,1790606443.7393994,2952.502375,3103.082,performance,,32861568.0,32002636.0,30154420.0,0.0,0.0,13.82,15.38,15.36,,,
4,4,global_mutex,GlobalMutex,1000,write-heavy,1,283636.83087733167,2011.0,14255.0,3427.274517777778,3320.0902741293967,0.9687260990934923,0,100,900,1790606448.8496027,2751.024375,3105.408,performance,,32861568.0,31984320.0,30135916.0,0.0,0.0,14.0,15.39,15.36,,,
4,5,sharded_n,Sharded-N,1000,write-heavy,1,265461.2092816978,2181.0,15483.0,3661.566225555556,3627.12469965255,0.990593772232597,0,100,900,1790606454.7573514,2387.577125,3000.617,performance,,32861568.0,31984344.0,30135848.0,0.0,0.0,13.76,15.32,15.34,,,
4,6,global_mutex,GlobalMutex,500,write-heavy,1,286783.2792186775,1625.0,4141.0,1710.9796955555555,806.5670233193923,0.4714065429382549,0,100,900,1790606460.897788,2300.0,2300.0,performance,,32861568.0,31999472.0,30150896.0,0.0,0.0,14.1,15.36,15.35,,,
4,7,disabled,Disabled,750,read-heavy,1,283516.4629731368,1946.0,9009.0,2584.779105185185,1903.268530056493,0.736337014733077,0,100,900,1790606464.992502,2387.153125,2997.225,performance,,32861568.0,32006192.0,30157544.0,0.0,0.0,13.61,15.24,15.31,,,
4,8,hdr_histogram,HdrHistogram,250,write-heavy,1,282537.68634266104,840.0,1966.0,869.8743155555555,390.62161770990366,0.44905523789425666,0,100,900,1790606470.1696074,2570.978875,3057.627,performance,,32861568.0,31826076.0,29954480.0,0.0,0.0,13.32,15.15,15.28,,,
4,9,sharded_n,Sharded-N,750,mixed,1,272659.8179001456,2018.0,9116.0,2688.5754103703703,1986.2045282292647,0.7387572320151701,0,100,900,1790606473.3985724,2468.37475,2998.765,performance,,32861568.0,31831228.0,29943788.0,0.0,0.0,12.25,14.9,15.2,,,
4,10,hdr_histogram,HdrHistogram,100,mixed,1,283496.6953640711,332.0,746.0,345.79313333333334,140.56285910874536,0.4064940727820854,0,100,900,1790606478.5059047,2582.61475,3111.425,performance,,32861568.0,31783752.0,29896184.0,0.0,0.0,12.39,14.89,15.2,,,
4,11,global_mutex,GlobalMutex,3000,write-heavy,1,229368.1887272386,2610.0,81299.0,12619.555152222223,21107.324674765234,1.6725886467597368,0,100,900,1790606481.1817117,2300.0,2300.0,performance,,32861568.0,31834968.0,29947352.0,0.0,0.0,12.39,14.89,15.2,,,
4,12,hdr_histogram,HdrHistogram,3000,read-heavy,1,236996.83346898158,2491.0,67777.0,12170.753205925927,20475.14086821189,1.6823232319132528,0,100,900,1790606496.6662161,2399.49075,3095.926,performance,,32861568.0,31999476.0,30111272.0,0.0,0.0,16.29,15.66,15.45,,,
4,13,sharded_n,Sharded-N,250,read-heavy,1,293532.15477703174,811.0,1813.0,834.27692,366.6097716323326,0.4394341529097228,0,100,900,1790606511.9201207,2732.708875,3071.04,performance,,32861568.0,32000552.0,30112084.0,0.0,0.0,17.59,16.0,15.56,,,
4,14,thread_local,ThreadLocal,750,write-heavy,1,280757.1966023237,1943.0,8990.0,2605.560785185185,1946.2675171171716,0.7469668442138626,0,100,900,1790606515.271363,2399.0985,3092.788,performance,,32861568.0,32004020.0,30115584.0,0.0,0.0,17.59,16.0,15.56,,,
4,15,sharded_n,Sharded-N,250,mixed,1,306300.0913640081,794.0,1548.0,799.2485822222222,303.82537078908916,0.38013876727104895,0,100,900,1790606520.3025784,2400.819375,3106.555,performance,,32861568.0,31985316.0,30096832.0,0.0,0.0,17.47,16.0,15.56,,,
4,16,thread_local,ThreadLocal,500,write-heavy,1,280417.7079744571,1625.0,4629.0,1749.0044422222222,903.2320167588075,0.5164263708851381,0,100,900,1790606523.4600008,2300.0,2300.0,performance,,32861568.0,32001768.0,30113304.0,0.0,0.0,16.07,15.73,15.48,,,
4,17,sharded_2key,Sharded-2key,1000,read-heavy,1,277302.85239441815,2029.0,14553.0,3503.9273033333334,3444.8556779290016,0.983141309653275,0,100,900,1790606527.5874865,2476.226,3005.937,performance,,32861568.0,31967480.0,30078972.0,0.0,0.0,14.78,15.47,15.4,,,
4,18,disabled,Disabled,500,mixed,1,290418.366618206,1564.0,4489.0,1683.80504,875.4353438360475,0.5199149088163125,0,100,900,1790606533.7306266,2393.163875,3045.311,performance,,32861568.0,31972476.0,30083644.0,0.0,0.0,15.04,15.52,15.41,,,
4,19,disabled,Disabled,750,mixed,1,278636.77022088715,1970.0,9048.0,2633.988651851852,1950.0205011104958,0.7403298794546873,0,100,900,1790606537.8012655,2479.5205,3028.89,performance,,32861568.0,31970516.0,30081692.0,0.0,0.0,13.83,15.26,15.33,,,
4,20,global_mutex,GlobalMutex,100,read-heavy,1,284229.0194525488,329.0,782.0,345.6608444444444,147.56210851297678,0.42689853619417795,0,100,900,1790606542.8475857,2386.663625,2993.309,performance,,32861568.0,31978328.0,30089400.0,0.0,0.0,12.73,15.0,15.25,,,
4,21,hdr_histogram,HdrHistogram,500,mixed,1,283294.60515611694,1592.0,4709.0,1729.2477888888889,912.5563161560351,0.5277186543302677,0,100,900,1790606545.6905947,2300.0,2300.0,performance,,32861568.0,31985628.0,30096700.0,0.0,0.0,12.73,15.0,15.25,,,
4,22,global_mutex,GlobalMutex,250,write-heavy,1,289301.60950803186,824.0,1835.0,849.6495644444444,367.92061825247004,0.43302631302240496,0,100,900,1790606549.801362,2476.908125,3012.411,performance,,32861568.0,31988012.0,30099000.0,0.0,0.0,13.39,15.1,15.28,,,
4,23,hdr_histogram,HdrHistogram,2000,write-heavy,1,248663.01075806175,2365.0,43336.0,7757.392753888889,11810.682714043644,1.5225067350267631,0,100,900,1790606553.0053718,2406.10225,3148.818,performance,,32861568.0,32007684.0,30118660.0,0.0,0.0,12.32,14.85,15.19,,,
4,24,disabled,Disabled,250,read-heavy,1,308922.57404739887,768.0,1663.0,793.1728622222222,346.9178623548928,0.4373798939400643,0,100,900,1790606563.4482665,2562.948375,3002.699,performance,,32861568.0,31977096.0,30087664.0,0.0,0.0,12.34,14.79,15.17,,,
4,25,disabled,Disabled,100,mixed,1,282358.4342106684,333.0,749.0,347.24005555555556,143.1440393766496,0.41223366108391757,0,100,900,1790606566.7598379,2300.0,2300.0,performance,,32861568.0,31982580.0,30093100.0,0.0,0.0,11.35,14.54,15.09,,,
4,26,global_mutex,GlobalMutex,750,mixed,1,287486.76286898536,1894.0,8921.0,2545.8488992592593,1934.6717197906887,0.7599318719793626,0,100,900,1790606569.433891,2300.0,2300.0,performance,,32861568.0,31988592.0,30099088.0,0.0,0.0,11.35,14.54,15.09,,,
4,27,disabled,Disabled,3000,read-heavy,1,242233.6371649778,2417.0,80182.0,11919.864153703704,20253.743624200946,1.6991589302557417,0,100,900,1790606574.4155855,2388.128125,3005.025,performance,,32861568.0,31956300.0,30066792.0,0.0,0.0,12.04,14.63,15.12,,,
4,28,hdr_histogram,HdrHistogram,2000,mixed,1,248113.56568115656,2380.0,43389.0,7782.103004444444,11722.521289254979,1.5063436300650503,0,100,900,1790606589.3911037,2767.398875,3097.004,performance,,32861568.0,31998712.0,30108720.0,0.0,0.0,12.52,14.6,15.1,,,
4,29,hdr_histogram,HdrHistogram,750,write-heavy,1,274248.4792893383,2001.0,9161.0,2674.086085925926,1972.5382379637847,0.7376494901736778,0,100,900,1790606599.8396163,2300.0,2300.0,performance,,32861568.0,31948808.0,30058504.0,0.0,0.0,13.1,14.67,15.11,,,
4,30,sharded_n,Sharded-N,100,write-heavy,1,268812.48563029256,346.0,862.0,363.5082888888889,156.5320651603907,0.43061484413148216,0,100,900,1790606604.9429557,2690.00825,3127.27,performance,,32861568.0,31957704.0,30067488.0,0.0,0.0,13.09,14.64,15.1,,,
4,31,hdr_histogram,HdrHistogram,1500,mixed,1,258575.54617904653,2225.0,27923.0,5615.698613333333,7360.516451535822,1.3107036111339334,0,100,900,1790606607.6378984,2646.389375,3013.326,performance,,32861568.0,31975192.0,30084944.0,0.0,0.0,12.04,14.39,15.02,,,
4,32,global_mutex,GlobalMutex,3000,read-heavy,1,239487.15390640352,2463.0,81499.0,12060.423764074074,20362.779184829822,1.6883966586221486,0,100,900,1790606615.819267,2387.67425,3001.394,performance,,32861568.0,31960156.0,30069624.0,0.0,0.0,16.84,15.35,15.32,,,
4,33,global_mutex,GlobalMutex,250,read-heavy,1,294568.5109262491,817.0,1738.0,832.2328222222222,348.18646093034414,0.4183762663921607,0,100,900,1790606630.9355037,2391.866,3034.928,performance,,32861568.0,31982352.0,30091380.0,0.0,0.0,18.44,15.8,15.47,,,
4,34,sharded_n,Sharded-N,2000,mixed,1,248130.58434982135,2335.0,45250.0,7779.769527222222,11707.909318271548,1.504917244309662,0,100,900,1790606634.2862546,2394.789,3058.312,performance,,32861568.0,31989564.0,30098708.0,0.0,0.0,18.81,15.92,15.51,,,
4,35,global_mutex,GlobalMutex,1000,mixed,1,269421.3359386385,2140.0,14783.0,3597.8656733333332,3502.818608997741,0.9735823755066616,0,100,900,1790606644.75471,2300.0,2300.0,performance,,32861568.0,31965232.0,30074004.0,0.0,0.0,18.41,15.94,15.52,,,
4,36,thread_local,ThreadLocal,1000,mixed,1,275358.90490008285,2090.0,15280.0,3522.6826488888887,3544.6082270524134,1.0062241139349979,0,100,900,1790606650.8356397,2740.182125,3064.126,performance,,32861568.0,31966412.0,30075192.0,0.0,0.0,17.97,15.89,15.51,,,
4,37,disabled,Disabled,3000,write-heavy,1,232909.2151299739,2559.0,87630.0,12389.343571851852,20829.9648852576,1.6812807526447597,0,100,900,1790606656.8329413,2300.0,2300.0,performance,,32861568.0,31967740.0,30076324.0,0.0,0.0,16.39,15.63,15.43,,,
4,38,hdr_histogram,HdrHistogram,750,read-heavy,1,280506.22733611235,1950.0,8835.0,2611.743525925926,1911.7922744091175,0.7319984735987203,0,100,900,1790606672.1204789,2394.3645,3054.916,performance,,32861568.0,32004032.0,30112232.0,0.0,0.0,15.49,15.48,15.39,,,
4,39,sharded_n,Sharded-N,750,read-heavy,1,276802.4429548579,2007.0,9069.0,2649.7367022222224,1945.2602529455503,0.734133414581963,0,100,900,1790606677.3186104,2625.306125,2999.618,performance,,32861568.0,31943692.0,30051880.0,0.0,0.0,14.25,15.22,15.3,,,
4,40,sharded_n,Sharded-N,100,read-heavy,1,282513.5347212022,334.0,732.0,347.54333333333335,145.3282704510431,0.4181587057279469,0,100,900,1790606682.5556211,2393.41175,3047.294,performance,,32861568.0,31957772.0,30065808.0,0.0,0.0,13.11,14.97,15.22,,,
4,41,sharded_n,Sharded-N,3000,write-heavy,1,226918.5268969432,2640.0,88427.0,12743.72935888889,21385.340079218746,1.6781068929639689,0,100,900,1790606685.4090374,2300.0,2300.0,performance,,32861568.0,31975420.0,30083444.0,0.0,0.0,13.11,14.97,15.22,,,
4,42,sharded_n,Sharded-N,1500,mixed,1,255620.28287572548,2286.0,29113.0,5682.721496296296,7361.605273503029,1.2954365752924795,0,100,900,1790606701.0345538,2387.50025,3000.002,performance,,32861568.0,31986948.0,30094564.0,0.0,0.0,13.91,15.05,15.24,,,
4,43,sharded_n,Sharded-N,1000,mixed,1,269910.7366056988,2103.0,15713.0,3604.704078888889,3606.8935125995954,1.0006073823711437,0,100,900,1790606709.2615888,2674.911875,3102.159,performance,,32861568.0,31976964.0,30084388.0,0.0,0.0,14.67,15.17,15.28,,,
4,44,thread_local,ThreadLocal,500,read-heavy,1,293640.9758243238,1559.0,4420.0,1661.9208177777778,838.6371176283526,0.5046191783972768,0,100,900,1790606715.3277714,2300.0,2300.0,performance,,32861568.0,31969768.0,30077112.0,0.0,0.0,17.5,15.75,15.46,,,
4,45,sharded_n,Sharded-N,250,write-heavy,1,304659.5265748297,797.0,1551.0,805.7106133333333,309.6010618290228,0.38425838844068533,0,100,900,1790606719.5500262,2300.0,2300.0,performance,,32861568.0,31985684.0,30093112.0,0.0,0.0,17.46,15.77,15.47,,,
4,46,sharded_n,Sharded-N,100,mixed,1,274639.34346158884,342.0,806.0,357.53743333333335,152.00674107626742,0.4251491645479007,0,100,900,1790606722.7138612,2640.466,3035.859,performance,,32861568.0,31990688.0,30098100.0,0.0,0.0,16.06,15.51,15.39,,,
4,47,global_mutex,GlobalMutex,2000,mixed,1,247125.4011233968,2359.0,47396.0,7803.240700555555,11829.927450980418,1.5160274948507204,0,100,900,1790606725.3992085,2389.685125,3017.481,performance,,32861568.0,31997420.0,30104800.0,0.0,0.0,16.06,15.51,15.39,,,
4,48,sharded_2key,Sharded-2key,100,write-heavy,1,278338.6516375753,341.0,740.0,353.2697777777778,140.19228967836492,0.3968420128102552,0,100,900,1790606735.8788362,2300.0,2300.0,performance,,32861568.0,31982204.0,30089052.0,0.0,0.0,14.91,15.27,15.32,,,
4,49,sharded_2key,Sharded-2key,2000,write-heavy,1,248075.59638851145,2322.0,40959.0,7744.716686111111,11674.889264512913,1.5074649903527042,0,100,900,1790606738.5617485,2736.18025,3006.038,performance,,32861568.0,31997252.0,30104068.0,0.0,0.0,15.0,15.29,15.32,,,
4,50,hdr_histogram,HdrHistogram,1000,mixed,1,266822.1501396386,2157.0,15116.0,3645.179601111111,3557.2396270574604,0.9758749955621268,0,100,900,1790606749.0149338,2300.0,2300.0,performance,,32861568.0,31959784.0,30066396.0,0.0,0.0,15.32,15.34,15.34,,,
4,51,global_mutex,GlobalMutex,500,mixed,1,280854.7711605716,1623.0,4523.0,1744.3684955555555,891.1421694037342,0.5108680715538368,0,100,900,1790606755.1281123,2387.5165,3000.132,performance,,32861568.0,31954052.0,30060620.0,0.0,0.0,14.66,15.21,15.29,,,
4,52,thread_local,ThreadLocal,500,mixed,1,299346.3421386361,1549.0,3965.0,1641.2714155555554,802.5923550257558,0.4890064784038693,0,100,900,1790606759.2521477,2483.47875,3053.579,performance,,32861568.0,31976244.0,30082816.0,0.0,0.0,14.28,15.12,15.26,,,
4,53,thread_local,ThreadLocal,2000,mixed,1,250253.99835428965,2318.0,44693.0,7721.4455661111115,11732.524883694732,1.51947258881005,0,100,900,1790606763.271266,2752.109625,3119.805,performance,,32861568.0,31958004.0,30064520.0,0.0,0.0,13.14,14.87,15.18,,,
4,54,thread_local,ThreadLocal,3000,write-heavy,1,230936.64272220698,2590.0,85122.0,12496.209264814815,21013.204678649483,1.6815663241024383,0,100,900,1790606773.6547563,2630.839125,2996.367,performance,,32861568.0,31972544.0,30078628.0,0.0,0.0,16.02,15.42,15.36,,,
4,55,sharded_2key,Sharded-2key,100,read-heavy,1,285623.50549682596,331.0,770.0,345.6142111111111,141.25306236411387,0.4087015458941953,0,100,900,1790606789.0485964,2401.1225,3108.98,performance,,32861568.0,31993260.0,30099028.0,0.0,0.0,19.41,16.17,15.6,,,
4,56,sharded_n,Sharded-N,500,mixed,1,283026.48293895606,1638.0,4225.0,1733.3852666666667,848.4882377088321,0.4894977787254944,0,100,900,1790606791.8798523,2660.772125,3094.748,performance,,32861568.0,31986296.0,30092076.0,0.0,0.0,17.86,15.9,15.52,,,
4,57,disabled,Disabled,750,write-heavy,1,273651.30961179535,2026.0,9111.0,2681.749988148148,1976.8284058412373,0.7371412005510304,0,100,900,1790606795.99818,2483.995625,3059.547,performance,,32861568.0,31973284.0,30079104.0,0.0,0.0,17.86,15.9,15.52,,,
4,58,global_mutex,GlobalMutex,3000,mixed,1,230333.40726321956,2572.0,71192.0,12555.04760962963,20831.00895737225,1.6591740314385601,0,100,900,1790606801.0864408,2397.163,3077.304,performance,,32861568.0,31984816.0,30090492.0,0.0,0.0,18.19,16.0,15.56,,,
4,59,sharded_2key,Sharded-2key,500,mixed,1,286749.29518807464,1601.0,4310.0,1710.57254,850.6207012916533,0.49727251046111925,0,100,900,1790606816.4944575,2387.75,3002.0,performance,,32861568.0,31984392.0,30089520.0,0.0,0.0,20.07,16.5,15.72,,,
4,60,global_mutex,GlobalMutex,2000,read-heavy,1,253012.8030854284,2277.0,42239.0,7633.75521,11416.802035795696,1.4955682651233055,0,100,900,1790606820.585691,2557.9085,3073.579,performance,,32861568.0,31991252.0,30096444.0,0.0,0.0,18.46,16.23,15.64,,,
4,61,sharded_2key,Sharded-2key,500,write-heavy,1,284149.8886697263,1604.0,4571.0,1717.9103666666667,879.1088618064898,0.5117315075711787,0,100,900,1790606831.0371344,2300.0,2300.0,performance,,32861568.0,31972004.0,30076944.0,0.0,0.0,18.43,16.3,15.67,,,
4,62,hdr_histogram,HdrHistogram,250,mixed,1,300195.4937096743,805.0,1601.0,818.5977022222222,324.56790906297107,0.39649257282530415,0,100,900,1790606835.1454694,2853.873125,3067.777,performance,,32861568.0,31983188.0,30088104.0,0.0,0.0,18.72,16.39,15.7,,,
4,63,hdr_histogram,HdrHistogram,1000,read-heavy,1,276432.9537261104,2069.0,14830.0,3504.554058888889,3459.138663765273,0.9870410345052533,0,100,900,1790606838.3136811,2300.0,2300.0,performance,,32861568.0,31975912.0,30080796.0,0.0,0.0,17.22,16.12,15.62,,,
4,64,hdr_histogram,HdrHistogram,100,read-heavy,1,280324.50950787385,338.0,727.0,350.48623333333336,150.63187477736108,0.4297797187203674,0,100,900,1790606844.4700432,2300.0,2300.0,performance,,32861568.0,31929052.0,30033812.0,0.0,0.0,17.12,16.12,15.62,,,
4,65,hdr_histogram,HdrHistogram,100,write-heavy,1,278041.7707156898,340.0,748.0,353.31146666666666,147.19624239241452,0.41661892205521733,0,100,900,1790606847.3237345,2300.0,2300.0,performance,,32861568.0,31977296.0,30082024.0,0.0,0.0,15.75,15.85,15.54,,,
4,66,thread_local,ThreadLocal,100,mixed,1,275743.26904552634,337.0,901.0,355.95576666666665,158.69000463603695,0.44581383277501885,0,100,900,1790606850.0091484,2399.676,3097.408,performance,,32861568.0,31990304.0,30095004.0,0.0,0.0,15.75,15.85,15.54,,,
4,67,hdr_histogram,HdrHistogram,2000,read-heavy,1,249817.05560458987,2321.0,43235.0,7728.6109283333335,11678.879747887446,1.5111227432956031,0,100,900,1790606852.69151,2386.953625,2995.629,performance,,32861568.0,32008132.0,30112796.0,0.0,0.0,14.49,15.59,15.45,,,
4,68,sharded_2key,Sharded-2key,250,mixed,1,303782.2411990923,796.0,1637.0,809.6190533333333,333.38732370772794,0.4117829519143826,0,100,900,1790606863.2671752,2398.8015,3090.412,performance,,32861568.0,31958732.0,30062984.0,0.0,0.0,13.29,15.3,15.36,,,
4,69,thread_local,ThreadLocal,750,read-heavy,1,283311.1605834516,1930.0,9052.0,2590.171837037037,1927.7870725128482,0.7442699534244386,0,100,900,1790606866.4254715,2376.068625,2908.549,performance,,32861568.0,31972484.0,30076740.0,0.0,0.0,13.29,15.3,15.36,,,
4,70,thread_local,ThreadLocal,1000,write-heavy,1,269413.4074004274,2143.0,15743.0,3615.5193466666665,3606.821572445934,0.9975943223125742,0,100,900,1790606871.5960577,2300.0,2300.0,performance,,32861568.0,31960548.0,30064804.0,0.0,0.0,11.25,14.8,15.2,,,
4,71,thread_local,ThreadLocal,2000,write-heavy,1,248359.69483913493,2339.0,47269.0,7781.523405555556,11669.557691744927,1.4996495009465036,0,100,900,1790606877.6724665,2573.603625,3055.955,performance,,32861568.0,31943564.0,30047660.0,0.0,0.0,10.35,14.55,15.12,,,
4,72,sharded_2key,Sharded-2key,500,read-heavy,1,289056.120601675,1575.0,4492.0,1695.2114155555555,865.1587467218759,0.5103544836844705,0,100,900,1790606888.1201143,2300.0,2300.0,performance,,32861568.0,31972480.0,30076244.0,0.0,0.0,10.01,14.35,15.04,,,
4,73,sharded_2key,Sharded-2key,1500,read-heavy,1,266921.01711427234,2153.0,27719.0,5441.074937037037,7126.218877499831,1.3097079088163501,0,100,900,1790606892.365589,2643.596625,3008.501,performance,,32861568.0,31970168.0,30073992.0,0.0,0.0,9.21,14.11,14.96,,,
4,74,thread_local,ThreadLocal,2000,read-heavy,1,257078.18695812597,2231.0,43499.0,7485.124542222222,11322.797025936936,1.5127065638076032,0,100,900,1790606900.5252616,2398.475125,3087.801,performance,,32861568.0,31958920.0,30062440.0,0.0,0.0,9.83,14.16,14.97,,,
4,75,sharded_2key,Sharded-2key,100,mixed,1,281812.065357729,332.0,750.0,346.89504444444447,143.4987120526866,0.4136660766731364,0,100,900,1790606910.8827846,2300.0,2300.0,performance,,32861568.0,31969932.0,30073192.0,0.0,0.0,10.55,14.17,14.97,,,
4,76,sharded_2key,Sharded-2key,1500,write-heavy,1,253650.70082716312,2272.0,31157.0,5723.9910992592595,7629.891958209111,1.3329671248434496,0,100,900,1790606913.5623388,2650.7295,3009.522,performance,,32861568.0,31997012.0,30100236.0,0.0,0.0,11.22,14.25,14.99,,,
4,77,hdr_histogram,HdrHistogram,250,read-heavy,1,304898.1385932051,788.0,1642.0,803.1661288888889,336.07604126562404,0.4184390117777455,0,100,900,1790606921.846007,2900.114875,3094.526,performance,,32861568.0,31952304.0,30055300.0,0.0,0.0,10.53,14.01,14.91,,,
4,78,sharded_2key,Sharded-2key,750,mixed,1,277684.32054854603,1955.0,9150.0,2635.419365925926,1969.0966401048872,0.7471663392793908,0,100,900,1790606925.1657863,2300.0,2300.0,performance,,32861568.0,31973400.0,30076376.0,0.0,0.0,10.53,14.01,14.91,,,
4,79,sharded_2key,Sharded-2key,1000,mixed,1,276276.9972993193,2093.0,14818.0,3512.4102433333333,3435.2483836894135,0.978031649409298,0,100,900,1790606930.2104473,2973.849625,3103.91,performance,,32861568.0,31955160.0,30058184.0,0.0,0.0,10.57,13.96,14.89,,,
4,80,disabled,Disabled,1500,write-heavy,1,254254.98662889504,2295.0,30965.0,5719.0718659259255,7578.52844603139,1.3251325780996137,0,100,900,1790606936.198126,2392.29075,3038.326,performance,,32861568.0,31950624.0,30053444.0,0.0,0.0,10.44,13.88,14.85,,,
4,81,disabled,Disabled,100,read-heavy,1,287327.0845651817,327.0,765.0,341.6713,146.09304212821527,0.42758359314409866,0,100,900,1790606944.4611573,2663.984125,3071.711,performance,,32861568.0,31964756.0,30067340.0,0.0,0.0,11.78,14.06,14.9,,,
4,82,thread_local,ThreadLocal,100,write-heavy,1,282248.62828185887,334.0,746.0,347.93016666666665,147.0326204429543,0.4225923318222028,0,100,900,1790606947.2988636,2300.0,2300.0,performance,,32861568.0,31980964.0,30083524.0,0.0,0.0,10.84,13.83,14.82,,,
4,83,disabled,Disabled,3000,mixed,1,236229.54456482624,2515.0,83961.0,12268.01844037037,20660.4246083012,1.6840881605063405,0,100,900,1790606949.9768717,2300.0,2300.0,performance,,32861568.0,31980416.0,30082944.0,0.0,0.0,10.84,13.83,14.82,,,
4,84,thread_local,ThreadLocal,1500,mixed,1,261079.73500947622,2198.0,27929.0,5565.84684962963,7256.642271214141,1.3037804429881181,0,100,900,1790606965.06859,2300.0,2300.0,performance,,32861568.0,31970052.0,30072148.0,0.0,0.0,18.54,15.39,15.32,,,
4,85,sharded_2key,Sharded-2key,1500,mixed,1,259997.07707434145,2209.0,28984.0,5584.679941481481,7425.680094859937,1.3296518641478463,0,100,900,1790606973.194687,2300.0,2300.0,performance,,32861568.0,31965448.0,30067500.0,0.0,0.0,16.36,15.03,15.2,,,
4,86,thread_local,ThreadLocal,100,read-heavy,1,284631.42308519856,331.0,774.0,345.1703,142.12915204558576,0.41176529975373244,0,100,900,1790606981.3590786,2300.0,2300.0,performance,,32861568.0,31953968.0,30055780.0,0.0,0.0,19.13,15.62,15.39,,,
4,87,disabled,Disabled,100,write-heavy,1,273231.2344917177,342.0,903.0,358.6456111111111,156.65838572498407,0.4368055285540637,0,100,900,1790606984.1960845,2300.0,2300.0,performance,,32861568.0,31981056.0,30082840.0,0.0,0.0,17.6,15.37,15.31,,,
4,88,sharded_n,Sharded-N,1500,write-heavy,1,255023.61536813324,2265.0,28472.0,5685.531308148148,7386.463833914575,1.2991686147834165,0,100,900,1790606986.8808203,2300.0,2300.0,performance,,32861568.0,31994164.0,30095916.0,0.0,0.0,16.19,15.11,15.23,,,
4,89,thread_local,ThreadLocal,1000,read-heavy,1,278020.5774384958,2004.0,14552.0,3504.3911655555557,3400.2691842523095,0.970288139541426,0,100,900,1790606995.147263,2557.186,3008.938,performance,,32861568.0,31956140.0,30057692.0,0.0,0.0,15.69,15.02,15.2,,,
4,90,global_mutex,GlobalMutex,1500,write-heavy,1,258039.50934445587,2249.0,28830.0,5624.632503703704,7350.473422845124,1.3068362098332629,0,100,900,1790607001.2830448,2387.50025,3000.002,performance,,32861568.0,31951288.0,30052832.0,0.0,0.0,16.28,15.16,15.24,,,
4,91,sharded_n,Sharded-N,1500,read-heavy,1,260946.31782427875,2230.0,30552.0,5567.446806666667,7560.541131895247,1.357990726169485,0,100,900,1790607009.4834325,2391.93275,3035.462,performance,,32861568.0,31962232.0,30063504.0,0.0,0.0,15.62,15.04,15.2,,,
4,92,hdr_histogram,HdrHistogram,500,read-heavy,1,302904.48731700407,1510.0,4076.0,1614.0646933333333,823.7254127441128,0.510342253409293,0,100,900,1790607017.7778087,2739.020625,3020.141,performance,,32861568.0,31966524.0,30067492.0,0.0,0.0,13.81,14.68,15.08,,,
4,93,sharded_n,Sharded-N,1000,read-heavy,1,276851.40035108116,2061.0,15009.0,3494.32198,3491.6102037731343,0.9992239478095073,0,100,900,1790607021.962413,2396.194375,3069.555,performance,,32861568.0,31968116.0,30069204.0,0.0,0.0,12.7,14.43,15.0,,,
4,94,sharded_2key,Sharded-2key,3000,read-heavy,1,238057.84009025563,2487.0,64481.0,12135.498878518518,20311.440904423114,1.6737211306885063,0,100,900,1790607028.113338,2399.400875,3095.207,performance,,32861568.0,31955240.0,30056040.0,0.0,0.0,11.68,14.19,14.92,,,
4,95,disabled,Disabled,1500,read-heavy,1,274477.00452150404,2073.0,27941.0,5286.839720740741,6981.983039895786,1.3206345205633618,0,100,900,1790607043.285824,2300.0,2300.0,performance,,32861568.0,31974032.0,30074444.0,0.0,0.0,14.65,14.75,15.09,,,
4,96,sharded_2key,Sharded-2key,1000,write-heavy,1,272240.5205360716,2087.0,15018.0,3577.94113,3504.342355483648,0.9794298531355791,0,100,900,1790607051.311225,2658.447375,3087.748,performance,,32861568.0,31947144.0,30047488.0,0.0,0.0,14.76,14.77,15.1,,,
4,97,sharded_n,Sharded-N,3000,read-heavy,1,237882.93099862675,2476.0,77215.0,12132.805381481481,20459.55453754398,1.6863003974968367,0,100,900,1790607057.3491464,2475.94125,3004.025,performance,,32861568.0,31954396.0,30054624.0,0.0,0.0,12.49,14.28,14.93,,,
4,98,thread_local,ThreadLocal,3000,mixed,1,234584.85804603627,2532.0,78321.0,12289.742294814814,20600.102986973106,1.6762030067680533,0,100,900,1790607072.5476384,2300.0,2300.0,performance,,32861568.0,31986156.0,30085964.0,0.0,0.0,15.0,14.77,15.08,,,
4,99,disabled,Disabled,500,write-heavy,1,281297.48213592987,1610.0,4614.0,1745.158488888889,914.0616119730042,0.5237699714912258,0,100,900,1790607087.7299213,2300.0,2300.0,performance,,32861568.0,31978172.0,30077624.0,0.0,0.0,16.48,15.14,15.2,,,
4,100,sharded_2key,Sharded-2key,3000,write-heavy,1,230499.57345541712,2593.0,86052.0,12506.020681851853,20949.813496332717,1.675178222496793,0,100,900,1790607091.8497272,2651.150125,3021.024,performance,,32861568.0,31977028.0,30076524.0,0.0,0.0,15.16,14.88,15.12,,,
4,101,sharded_n,Sharded-N,3000,mixed,1,233822.48568664424,2544.0,84868.0,12351.506084444445,20774.442807618318,1.6819360056650716,0,100,900,1790607107.295357,2408.737125,3169.897,performance,,32861568.0,31997500.0,30096468.0,0.0,0.0,15.34,14.98,15.15,,,
4,102,sharded_2key,Sharded-2key,3000,mixed,1,233433.82236611604,2548.0,86631.0,12379.859820740741,21004.329956381458,1.6966532949905953,0,100,900,1790607122.539763,2300.0,2300.0,performance,,32861568.0,31999844.0,30098436.0,0.0,0.0,13.83,14.68,15.05,,,
4,103,hdr_histogram,HdrHistogram,1500,write-heavy,1,250959.58528973893,2335.0,32002.0,5782.295011111111,7812.928489238439,1.351181230674899,0,100,900,1790607137.781175,2842.817625,3117.262,performance,,32861568.0,31992828.0,30091136.0,0.0,0.0,13.43,14.57,15.01,,,
4,104,sharded_2key,Sharded-2key,250,write-heavy,1,300424.426009826,795.0,1694.0,816.2420266666667,348.12727025737956,0.42650005621377574,0,100,900,1790607146.1398804,2300.0,2300.0,performance,,32861568.0,31953072.0,30051276.0,0.0,0.0,14.43,14.76,15.07,,,
4,105,global_mutex,GlobalMutex,100,write-heavy,1,278853.219110841,338.0,761.0,352.19884444444443,144.71377549250664,0.4108865709675367,0,100,900,1790607149.310884,2300.0,2300.0,performance,,32861568.0,31983592.0,30081848.0,0.0,0.0,15.2,14.92,15.12,,,
4,106,global_mutex,GlobalMutex,750,write-heavy,1,270776.2572585096,2035.0,9374.0,2708.854442962963,2021.474890162244,0.7462471434792715,0,100,900,1790607151.9874516,2395.7635,3066.108,performance,,32861568.0,31983588.0,30081812.0,0.0,0.0,13.98,14.67,15.03,,,
4,107,thread_local,ThreadLocal,1500,read-heavy,1,266651.9305197224,2135.0,29003.0,5458.933644444444,7368.283855148752,1.3497661512422765,0,100,900,1790607157.1131232,2387.16775,2997.342,performance,,32861568.0,31971972.0,30070144.0,0.0,0.0,12.86,14.43,14.95,,,
4,108,hdr_histogram,HdrHistogram,500,write-heavy,1,282232.3019419157,1613.0,4545.0,1741.4552777777778,911.6052230288267,0.5234732322222483,0,100,900,1790607165.2973955,2387.623375,3000.987,performance,,32861568.0,31960472.0,30058320.0,0.0,0.0,14.95,14.83,15.08,,,
4,109,global_mutex,GlobalMutex,1500,read-heavy,1,272389.35474799527,2111.0,26320.0,5325.12784962963,6912.392312589543,1.2980706769454013,0,100,900,1790607169.4194453,2387.6445,3001.156,performance,,32861568.0,31937692.0,30035496.0,0.0,0.0,14.16,14.67,15.03,,,
4,110,hdr_histogram,HdrHistogram,750,mixed,1,278811.0719187695,1962.0,9119.0,2618.446248888889,1948.1041912305543,0.7439924314112664,0,100,900,1790607177.5006213,2387.85525,3002.842,performance,,32861568.0,31959732.0,30057324.0,0.0,0.0,13.75,14.58,15.0,,,
4,111,disabled,Disabled,2000,read-heavy,1,255399.01391048013,2262.0,42888.0,7555.9493694444445,11439.991016874941,1.5140375428053023,0,100,900,1790607182.5498235,2647.328125,3011.336,performance,,32861568.0,31954280.0,30051820.0,0.0,0.0,12.65,14.34,14.91,,,
4,112,global_mutex,GlobalMutex,250,mixed,1,297466.34036151547,802.0,1761.0,827.4736711111111,359.2736134638426,0.43418132323342556,0,100,900,1790607192.9456315,2300.0,2300.0,performance,,32861568.0,31993864.0,30091060.0,0.0,0.0,11.59,14.06,14.82,,,
4,113,disabled,Disabled,1000,mixed,1,271802.88864662655,2097.0,15431.0,3574.2251833333335,3572.7687640317786,0.9995925216720126,0,100,900,1790607196.1177154,2300.0,2300.0,performance,,32861568.0,31990212.0,30087440.0,0.0,0.0,11.59,14.06,14.82,,,
4,114,disabled,Disabled,1000,write-heavy,1,274803.4890326056,2069.0,15257.0,3541.1152955555553,3521.037760662116,0.9943301662844363,0,100,900,1790607202.1667757,2386.799375,2994.395,performance,,32861568.0,31943544.0,30040576.0,0.0,0.0,10.76,13.81,14.73,,,
4,115,sharded_2key,Sharded-2key,250,read-heavy,1,305849.62861413637,785.0,1658.0,801.3833066666666,326.7671234166838,0.40775384350824984,0,100,900,1790607208.1802115,2387.290125,2998.321,performance,,32861568.0,31969676.0,30066620.0,0.0,0.0,9.9,13.58,14.65,,,
4,116,global_mutex,GlobalMutex,1000,read-heavy,1,278456.91511428624,2048.0,14397.0,3490.7127255555556,3445.0548634002366,0.9869201891576305,0,100,900,1790607211.509246,2387.507875,3000.063,performance,,32861568.0,31964092.0,30061012.0,0.0,0.0,9.9,13.58,14.65,,,
4,117,sharded_n,Sharded-N,2000,read-heavy,1,254364.00567262934,2271.0,43900.0,7589.935230555556,11504.61829003351,1.5157729203957138,0,100,900,1790607217.6369507,2300.0,2300.0,performance,,32861568.0,31958828.0,30055564.0,0.0,0.0,8.38,13.13,14.49,,,
4,118,global_mutex,GlobalMutex,500,read-heavy,1,293916.69160631445,1544.0,4273.0,1659.1619466666666,851.4764232190563,0.5131966924203584,0,100,900,1790607228.0599062,2749.23225,3066.782,performance,,32861568.0,31978348.0,30074708.0,0.0,0.0,8.42,12.99,14.43,,,
4,119,disabled,Disabled,1500,mixed,1,263616.7343597567,2199.0,28218.0,5517.570979259259,7270.796634815531,1.3177531674982903,0,100,900,1790607232.2868035,2300.0,2300.0,performance,,32861568.0,31982084.0,30078480.0,0.0,0.0,7.74,12.78,14.35,,,
4,120,global_mutex,GlobalMutex,100,mixed,1,287747.9236109832,330.0,679.0,341.2370666666667,135.94420696958258,0.3983864012709324,0,100,900,1790607240.3560176,2300.0,2300.0,performance,,32861568.0,31952960.0,30049132.0,0.0,0.0,8.64,12.88,14.38,,,
4,121,sharded_n,Sharded-N,2000,write-heavy,1,244927.50350546776,2384.0,42252.0,7875.174492777778,11857.087120303597,1.5056284951117693,0,100,900,1790607243.0244188,2387.784625,3002.277,performance,,32861568.0,31984012.0,30080180.0,0.0,0.0,7.95,12.67,14.3,,,
4,122,sharded_2key,Sharded-2key,2000,read-heavy,1,257957.78551279102,2218.0,43403.0,7493.285387222222,11193.537764587849,1.4938090818848846,0,100,900,1790607253.5874612,2943.129625,3081.324,performance,,32861568.0,31965164.0,30061036.0,0.0,0.0,8.79,12.71,14.3,,,
4,123,disabled,Disabled,2000,mixed,1,258884.96087388098,2234.0,42432.0,7445.148618333334,11169.39757950851,1.500224931978441,0,100,900,1790607263.882341,2805.895,3044.89,performance,,32861568.0,31983712.0,30079344.0,0.0,0.0,8.92,12.6,14.25,,,
4,124,thread_local,ThreadLocal,250,mixed,1,296327.7961117468,806.0,1802.0,830.2093155555556,360.8231370470763,0.4346170661860405,0,100,900,1790607274.016668,2300.0,2300.0,performance,,32861568.0,31954040.0,30049492.0,0.0,0.0,9.8,12.67,14.25,,,
4,125,thread_local,ThreadLocal,3000,read-heavy,1,238900.18435259192,2467.0,81053.0,12058.723885925925,20401.451532166237,1.6918416679212087,0,100,900,1790607277.1934428,2797.518375,3005.249,performance,,32861568.0,31974168.0,30069612.0,0.0,0.0,9.02,12.45,14.17,,,
4,126,sharded_2key,Sharded-2key,750,read-heavy,1,282034.0736445176,1943.0,8835.0,2588.1064207407408,1917.659869732724,0.7409509339974789,0,100,900,1790607292.3274877,2474.910125,3006.151,performance,,32861568.0,31995920.0,30090908.0,0.0,0.0,10.46,12.62,14.2,,,
4,127,thread_local,ThreadLocal,250,read-heavy,1,311325.46156635566,772.0,1601.0,788.5271422222222,321.9915817175713,0.40834559075561644,0,100,900,1790607297.508563,2650.739875,3009.266,performance,,32861568.0,31961620.0,30056640.0,0.0,0.0,9.62,12.41,14.13,,,
4,128,hdr_histogram,HdrHistogram,3000,mixed,1,234560.02958444844,2537.0,82139.0,12337.25415074074,20514.939561810603,1.662844852764816,0,100,900,1790607300.8334012,2387.004,2996.032,performance,,32861568.0,31975016.0,30070068.0,0.0,0.0,9.62,12.41,14.13,,,
4,129,hdr_histogram,HdrHistogram,3000,write-heavy,1,229402.1128773698,2603.0,85097.0,12573.422583703703,21070.59161505476,1.6758039805616778,0,100,900,1790607316.0493817,2651.9795,3011.124,performance,,32861568.0,31979776.0,30074260.0,0.0,0.0,16.29,13.83,14.56,,,
4,130,global_mutex,GlobalMutex,1500,mixed,1,256748.95084847382,2252.0,30160.0,5649.374465185185,7465.197145178171,1.3214201308805371,0,100,900,1790607331.5450096,2300.0,2300.0,performance,,32861568.0,31989552.0,30083656.0,0.0,0.0,18.81,14.49,14.77,,,
4,131,sharded_n,Sharded-N,750,write-heavy,1,272013.85764160485,2019.0,9258.0,2694.2967422222223,1998.8881976728896,0.7418960823239654,0,100,900,1790607339.7678149,2300.0,2300.0,performance,,32861568.0,31964868.0,30058900.0,0.0,0.0,17.2,14.28,14.7,,,
4,132,hdr_histogram,HdrHistogram,1500,read-heavy,1,267830.8587125281,2161.0,28139.0,5419.5089051851855,7272.588173244433,1.3419275252571852,0,100,900,1790607344.880973,2475.19125,3001.528,performance,,32861568.0,31965416.0,30059440.0,0.0,0.0,17.5,14.39,14.73,,,
4,133,global_mutex,GlobalMutex,2000,write-heavy,1,246436.7008237828,2372.0,47357.0,7829.159726666667,11818.28662050196,1.5095217153697922,0,100,900,1790607353.044408,2651.1325,3002.953,performance,,32861568.0,31958336.0,30052120.0,0.0,0.0,15.77,14.13,14.64,,,
4,134,disabled,Disabled,1000,read-heavy,1,274309.69428244006,2067.0,15317.0,3541.1317055555555,3525.3493282667137,0.995543126152557,0,100,900,1790607363.5365522,2741.3975,3043.453,performance,,32861568.0,31971968.0,30065488.0,0.0,0.0,15.19,14.07,14.62,,,
4,135,sharded_n,Sharded-N,500,read-heavy,1,286111.58753105736,1611.0,4271.0,1714.4880022222221,840.4033456951585,0.4901774434151043,0,100,900,1790607369.7144709,2631.7995,3017.337,performance,,32861568.0,31957080.0,30050476.0,0.0,0.0,15.89,14.24,14.67,,,
4,136,disabled,Disabled,250,write-heavy,1,309659.24031967437,784.0,1550.0,793.8438355555555,317.78676821821693,0.4003139584699556,0,100,900,1790607373.973242,2741.59225,3050.533,performance,,32861568.0,31984900.0,30078312.0,0.0,0.0,15.34,14.15,14.64,,,
4,137,thread_local,ThreadLocal,1500,write-heavy,1,259432.06747186068,2209.0,28321.0,5601.044091111111,7274.222520323502,1.2987261664066767,0,100,900,1790607377.1226058,2389.706125,3017.649,performance,,32861568.0,31980152.0,30073516.0,0.0,0.0,14.11,13.92,14.56,,,
4,138,sharded_2key,Sharded-2key,2000,mixed,1,252725.23799834517,2317.0,44134.0,7665.917888888889,11631.924002676347,1.5173556736807545,0,100,900,1790607385.2874014,2387.557125,3000.457,performance,,32861568.0,31941288.0,30034356.0,0.0,0.0,14.1,13.92,14.56,,,
4,139,disabled,Disabled,2000,write-heavy,1,247575.8420585129,2371.0,41829.0,7817.991970555556,11661.728699578887,1.4916526831313939,0,100,900,1790607395.5942526,2392.19125,3037.53,performance,,32861568.0,31971912.0,30064704.0,0.0,0.0,13.32,13.76,14.5,,,
4,140,global_mutex,GlobalMutex,750,read-heavy,1,283008.7251766066,1905.0,8954.0,2587.1644414814814,1957.4257671698758,0.7565911682246994,0,100,900,1790607406.065614,2300.0,2300.0,performance,,32861568.0,31985348.0,30077992.0,0.0,0.0,14.27,13.94,14.55,,,
4,141,hdr_histogram,HdrHistogram,1000,write-heavy,1,269690.1117680026,2136.0,15103.0,3615.804711111111,3526.6006716932125,0.9753294089296967,0,100,900,1790607411.2493472,2388.0715,3004.572,performance,,32861568.0,31959308.0,30051916.0,0.0,0.0,13.76,13.85,14.52,,,
4,142,thread_local,ThreadLocal,250,write-heavy,1,298785.1404158296,804.0,1653.0,820.3954666666667,344.9108218581918,0.42042019473802367,0,100,900,1790607417.3271892,2387.42875,2999.43,performance,,32861568.0,31961640.0,30054008.0,0.0,0.0,12.83,13.65,14.45,,,
4,143,thread_local,ThreadLocal,750,mixed,1,279565.76003915904,1960.0,9184.0,2621.4557007407407,1971.9207824450255,0.7522235763464639,0,100,900,1790607420.5021198,2395.808875,3066.471,performance,,32861568.0,31964684.0,30057104.0,0.0,0.0,12.83,13.65,14.45,,,
4,144,disabled,Disabled,500,read-heavy,1,295421.2138250028,1528.0,4560.0,1658.797891111111,873.8320837602097,0.5267863483808094,0,100,900,1790607425.531337,2653.234,3036.98,performance,,32861568.0,31967188.0,30059504.0,0.0,0.0,13.0,13.67,14.45,,,
5,1,disabled,Disabled,750,read-heavy,1,289652.11299497826,1886.0,8954.0,2525.15924,1898.121812529874,0.751684005690617,0,100,900,1790607429.74846,2388.367125,3006.937,performance,,32861568.0,31966924.0,30059152.0,0.0,0.0,13.88,13.85,14.5,,,
5,2,hdr_histogram,HdrHistogram,250,read-heavy,1,297415.6149450183,804.0,1783.0,825.2350666666666,357.3844452933338,0.43306987272959696,0,100,900,1790607434.8654497,2388.115625,3004.925,performance,,32861568.0,31953892.0,30045952.0,0.0,0.0,14.69,14.01,14.55,,,
5,3,disabled,Disabled,1500,mixed,1,260427.03285820776,2214.0,28626.0,5584.493274074074,7325.165698208269,1.3116974698877766,0,100,900,1790607438.2148914,2300.0,2300.0,performance,,32861568.0,31963876.0,30055928.0,0.0,0.0,13.52,13.78,14.47,,,
5,4,sharded_2key,Sharded-2key,750,write-heavy,1,274332.49691183906,2023.0,9002.0,2671.4636133333333,1941.7427460090798,0.7268460391217006,0,100,900,1790607446.33919,2387.67475,3001.398,performance,,32861568.0,31945584.0,30037308.0,0.0,0.0,14.28,13.93,14.52,,,
5,5,sharded_2key,Sharded-2key,750,mixed,1,275457.59235608263,1990.0,9289.0,2662.695637037037,1977.6226196508098,0.742714485329403,0,100,900,1790607451.4300082,2300.0,2300.0,performance,,32861568.0,31959568.0,30051276.0,0.0,0.0,24.98,16.16,15.24,,,
5,6,hdr_histogram,HdrHistogram,3000,read-heavy,1,238761.73725275893,2471.0,79939.0,12082.446528148148,20468.445351541322,1.694064633669724,0,100,900,1790607456.5111818,2300.0,2300.0,performance,,32861568.0,31966896.0,30058532.0,0.0,0.0,22.98,15.89,15.16,,,
5,7,hdr_histogram,HdrHistogram,3000,write-heavy,1,230227.9104644567,2581.0,84807.0,12532.31640888889,20725.07570007891,1.6537306451486558,0,100,900,1790607471.6697185,2300.0,2300.0,performance,,32861568.0,31987380.0,30078512.0,0.0,0.0,20.42,15.66,15.09,,,
5,8,thread_local,ThreadLocal,2000,mixed,1,252243.59880203646,2306.0,42390.0,7654.899306111111,11325.77468336327,1.4795458738851863,0,100,900,1790607487.1248746,2825.108125,3023.38,performance,,32861568.0,31978312.0,30069144.0,0.0,0.0,17.98,15.41,15.02,,,
5,9,hdr_histogram,HdrHistogram,1500,write-heavy,1,252789.82601708206,2297.0,29452.0,5726.17421037037,7519.248719728265,1.3131365626478064,0,100,900,1790607497.434888,2478.189875,3040.127,performance,,32861568.0,31958096.0,30048688.0,0.0,0.0,16.76,15.24,14.97,,,
5,10,disabled,Disabled,3000,write-heavy,1,234335.1949938412,2530.0,83647.0,12313.993209259259,20712.802577008093,1.6820540847329295,0,100,900,1790607505.741282,2812.487875,3090.443,performance,,32861568.0,31964160.0,30054588.0,0.0,0.0,21.66,16.28,15.31,,,
5,11,sharded_n,Sharded-N,500,write-heavy,1,278230.21789642796,1658.0,4327.0,1764.8094177777778,863.0727967905403,0.4890458924892349,0,100,900,1790607520.9692898,2846.896875,3042.776,performance,,32861568.0,31977156.0,30067264.0,0.0,0.0,23.16,16.85,15.51,,,
5,12,disabled,Disabled,100,read-heavy,1,294278.1421260887,323.0,666.0,333.1296222222222,133.05631839400323,0.39941304981051723,0,100,900,1790607525.113157,2300.0,2300.0,performance,,32861568.0,31985240.0,30075324.0,0.0,0.0,22.27,16.77,15.49,,,
5,13,disabled,Disabled,250,read-heavy,1,304879.52319108165,776.0,1743.0,804.0869733333334,363.03423973736443,0.4514862841670101,0,100,900,1790607527.9468184,2300.0,2300.0,performance,,32861568.0,32002788.0,30092832.0,0.0,0.0,20.49,16.49,15.41,,,
5,14,hdr_histogram,HdrHistogram,1000,read-heavy,1,280873.8466349672,2014.0,14701.0,3469.634498888889,3422.188959189805,0.9863254934448346,0,100,900,1790607531.2622197,2392.93075,3043.446,performance,,32861568.0,31997588.0,30087628.0,0.0,0.0,20.49,16.49,15.41,,,
5,15,sharded_2key,Sharded-2key,100,write-heavy,1,276682.36581880564,336.0,877.0,354.2941777777778,157.37676048945193,0.4441979867593607,0,100,900,1790607537.3695762,2843.09775,3091.04,performance,,32861568.0,31949268.0,30039108.0,0.0,0.0,17.41,15.96,15.25,,,
5,16,global_mutex,GlobalMutex,1000,read-heavy,1,277169.88963130105,2048.0,15074.0,3509.795618888889,3452.6384822682826,0.9837149672439615,0,100,900,1790607540.0516918,2830.562625,3049.01,performance,,32861568.0,31991936.0,30081748.0,0.0,0.0,17.41,15.96,15.25,,,
5,17,sharded_2key,Sharded-2key,3000,read-heavy,1,238837.79076821203,2481.0,83351.0,12060.378342222222,20238.018440374504,1.6780583383129162,0,100,900,1790607546.2020257,2300.0,2300.0,performance,,32861568.0,31951624.0,30041308.0,0.0,0.0,17.54,16.01,15.27,,,
5,18,global_mutex,GlobalMutex,1000,mixed,1,271762.2502471856,2090.0,15422.0,3582.305521111111,3574.1560514392368,0.9977250768746976,0,100,900,1790607561.331239,2387.592625,3000.741,performance,,32861568.0,31978592.0,30067840.0,0.0,0.0,16.13,15.76,15.19,,,
5,19,disabled,Disabled,2000,read-heavy,1,257460.3683767152,2259.0,44559.0,7498.586165555555,11591.246011285353,1.5457908671542993,0,100,900,1790607567.3725514,2559.573875,3006.97,performance,,32861568.0,31976828.0,30066040.0,0.0,0.0,21.31,16.94,15.58,,,
5,20,thread_local,ThreadLocal,1500,read-heavy,1,277585.194824122,2064.0,26622.0,5242.575516296296,6870.3860875825885,1.3104982591526475,0,100,900,1790607577.697817,2556.8865,2993.198,performance,,32861568.0,31971668.0,30060592.0,0.0,0.0,18.99,16.59,15.49,,,
5,21,sharded_n,Sharded-N,3000,mixed,1,232414.17904948417,2547.0,83463.0,12432.712278888888,20748.919872998587,1.6688972934916917,0,100,900,1790607585.6717477,2300.0,2300.0,performance,,32861568.0,31968092.0,30056876.0,0.0,0.0,21.8,17.21,15.69,,,
5,22,sharded_n,Sharded-N,2000,write-heavy,1,245695.84574577087,2377.0,41115.0,7845.158091111111,11690.676527372256,1.4901773031977872,0,100,900,1790607600.9930716,2388.50125,3008.01,performance,,32861568.0,31983048.0,30071384.0,0.0,0.0,20.35,17.12,15.69,,,
5,23,global_mutex,GlobalMutex,750,read-heavy,1,280286.81177248346,1982.0,8699.0,2603.756922962963,1877.5340407332494,0.7210865285368869,0,100,900,1790607611.5147748,2300.0,2300.0,performance,,32861568.0,31999308.0,30087456.0,0.0,0.0,20.0,17.15,15.71,,,
5,24,thread_local,ThreadLocal,1500,write-heavy,1,254421.13533949593,2289.0,30789.0,5699.0486362962965,7586.214425029195,1.3311369860425215,0,100,900,1790607616.7041347,2399.724125,3097.793,performance,,32861568.0,31978480.0,30066568.0,0.0,0.0,16.92,16.58,15.55,,,
5,25,global_mutex,GlobalMutex,100,read-heavy,1,285292.0715621561,332.0,729.0,344.25984444444447,137.92836544589284,0.40065191358137403,0,100,900,1790607624.9673977,2387.757125,3002.057,performance,,32861568.0,31947564.0,30035416.0,0.0,0.0,16.69,16.54,15.54,,,
5,26,sharded_n,Sharded-N,100,write-heavy,1,277074.7536109675,341.0,759.0,354.9123666666667,147.61788979498849,0.4159277152876193,0,100,900,1790607627.8025835,2752.469625,3093.302,performance,,32861568.0,31976520.0,30064344.0,0.0,0.0,15.35,16.26,15.45,,,
5,27,hdr_histogram,HdrHistogram,2000,read-heavy,1,254739.953641175,2279.0,43682.0,7581.340786111111,11445.09419323156,1.5096398534410669,0,100,900,1790607630.4858017,2300.0,2300.0,performance,,32861568.0,31991300.0,30079076.0,0.0,0.0,15.35,16.26,15.45,,,
5,28,disabled,Disabled,500,read-heavy,1,297286.3309312728,1551.0,4250.0,1652.5785044444444,797.3341764968575,0.482478850083374,0,100,900,1790607640.886314,2391.456375,3031.651,performance,,32861568.0,31967512.0,30055016.0,0.0,0.0,15.39,16.24,15.45,,,
5,29,thread_local,ThreadLocal,2000,read-heavy,1,255084.5618842128,2259.0,42939.0,7549.382954444444,11407.56854101972,1.5110597263189436,0,100,900,1790607645.0923452,2854.712875,3096.527,performance,,32861568.0,31981372.0,30068920.0,0.0,0.0,15.6,16.27,15.47,,,
5,30,sharded_2key,Sharded-2key,1500,write-heavy,1,254701.5806730854,2267.0,30335.0,5686.059077777778,7584.260329452024,1.3338342471840972,0,100,900,1790607655.4952762,2820.9445,3000.833,performance,,32861568.0,31970972.0,30058160.0,0.0,0.0,17.44,16.65,15.6,,,
5,31,disabled,Disabled,1000,read-heavy,1,278120.9912702586,2047.0,14518.0,3500.4271922222224,3396.5843174616957,0.9703342280647173,0,100,900,1790607663.7581017,2814.115125,3036.361,performance,,32861568.0,31968508.0,30055520.0,0.0,0.0,18.7,16.93,15.7,,,
5,32,hdr_histogram,HdrHistogram,750,write-heavy,1,273374.2502793198,2029.0,9115.0,2681.493951111111,1966.683096750802,0.7334281309625487,0,100,900,1790607669.8746512,2300.0,2300.0,performance,,32861568.0,31956368.0,30043364.0,0.0,0.0,17.84,16.78,15.66,,,
5,33,sharded_n,Sharded-N,100,mixed,1,284953.772139515,332.0,728.0,344.84484444444445,141.5301322524685,0.41041684262520395,0,100,900,1790607674.9771342,2388.2605,3006.084,performance,,32861568.0,31938048.0,30024920.0,0.0,0.0,17.77,16.79,15.67,,,
5,34,sharded_2key,Sharded-2key,1000,read-heavy,1,271093.4849581123,2095.0,14774.0,3591.1837455555556,3523.598676147865,0.9811802808777652,0,100,900,1790607677.6491358,2387.23675,2997.894,performance,,32861568.0,31971652.0,30058492.0,0.0,0.0,16.35,16.51,15.58,,,
5,35,global_mutex,GlobalMutex,2000,read-heavy,1,256828.8554691127,2217.0,41204.0,7508.100527777778,11343.13977068,1.510786879945693,0,100,900,1790607683.8569772,2300.0,2300.0,performance,,32861568.0,31963028.0,30049712.0,0.0,0.0,16.32,16.5,15.59,,,
5,36,disabled,Disabled,3000,read-heavy,1,240024.77561336523,2454.0,80216.0,12018.601222962963,20192.370317451478,1.680093210753308,0,100,900,1790607694.2265787,2472.081625,3017.029,performance,,32861568.0,31976436.0,30062772.0,0.0,0.0,17.24,16.7,15.66,,,
5,37,sharded_2key,Sharded-2key,500,read-heavy,1,289904.6907019611,1566.0,4232.0,1683.39034,852.3080764966887,0.5063044834252101,0,100,900,1790607709.3071856,2399.585125,3096.681,performance,,32861568.0,31989912.0,30075848.0,0.0,0.0,20.34,17.41,15.91,,,
5,38,hdr_histogram,HdrHistogram,1000,mixed,1,269570.52024714224,2078.0,15336.0,3596.4683066666666,3568.985920478841,0.9923585073342972,0,100,900,1790607713.5469759,2300.0,2300.0,performance,,32861568.0,31970972.0,30056976.0,0.0,0.0,18.71,17.12,15.83,,,
5,39,thread_local,ThreadLocal,3000,write-heavy,1,231165.83974810148,2585.0,83131.0,12510.636374444444,20922.67331099326,1.6723908108888959,0,100,900,1790607719.62055,2387.7465,3001.972,performance,,32861568.0,31952088.0,30038000.0,0.0,0.0,18.57,17.12,15.83,,,
5,40,global_mutex,GlobalMutex,100,write-heavy,1,273654.86486682564,345.0,764.0,359.47085555555554,147.09595729677017,0.40920134420754667,0,100,900,1790607735.0105515,2394.409625,3055.277,performance,,32861568.0,32004424.0,30089900.0,0.0,0.0,22.5,18.11,16.18,,,
5,41,thread_local,ThreadLocal,3000,mixed,1,235730.16362066715,2512.0,83740.0,12250.231118518519,20611.76830483978,1.6825615864243764,0,100,900,1790607737.6943772,2389.783375,3018.267,performance,,32861568.0,32008148.0,30093596.0,0.0,0.0,20.7,17.81,16.09,,,
5,42,hdr_histogram,HdrHistogram,2000,mixed,1,248069.393365404,2355.0,46460.0,7768.734480555556,11790.417646926266,1.5176754562067505,0,100,900,1790607752.8286424,2300.0,2300.0,performance,,32861568.0,31987304.0,30072348.0,0.0,0.0,18.82,17.56,16.04,,,
5,43,sharded_2key,Sharded-2key,3000,mixed,1,236005.03407898184,2515.0,85057.0,12233.966745925925,20884.370175527027,1.7070808356154639,0,100,900,1790607763.2825084,2388.5085,3008.068,performance,,32861568.0,31966800.0,30051728.0,0.0,0.0,16.59,17.12,15.91,,,
5,44,thread_local,ThreadLocal,750,mixed,1,284616.1179454354,1929.0,8749.0,2567.7673525925925,1879.9888142592868,0.7321492004955675,0,100,900,1790607778.3940907,2391.864375,3034.915,performance,,32861568.0,31991180.0,30075712.0,0.0,0.0,14.9,16.74,15.81,,,
5,45,sharded_n,Sharded-N,750,mixed,1,275998.22989700583,1990.0,9091.0,2651.8244,1959.5216662159191,0.7389334173921619,0,100,900,1790607783.386975,2300.0,2300.0,performance,,32861568.0,31972732.0,30057220.0,0.0,0.0,13.71,16.46,15.72,,,
5,46,disabled,Disabled,1500,read-heavy,1,270436.7460418335,2123.0,27033.0,5364.297455555556,7005.18560543078,1.3058905967594754,0,100,900,1790607788.4683125,2407.73875,3161.91,performance,,32861568.0,31973920.0,30058344.0,0.0,0.0,12.61,16.19,15.64,,,
5,47,hdr_histogram,HdrHistogram,100,mixed,1,281457.0530014873,334.0,744.0,348.31674444444445,140.53109693648076,0.40345776991176224,0,100,900,1790607796.5556393,2300.0,2300.0,performance,,32861568.0,31970016.0,30054112.0,0.0,0.0,13.04,16.22,15.65,,,
5,48,sharded_n,Sharded-N,250,read-heavy,1,291686.60582288034,819.0,1777.0,840.1756444444444,362.7232607600772,0.431723132131405,0,100,900,1790607799.2354321,2661.1545,3072.362,performance,,32861568.0,32000860.0,30084928.0,0.0,0.0,12.0,15.95,15.57,,,
5,49,disabled,Disabled,2000,write-heavy,1,249956.7738988869,2348.0,45924.0,7729.346963333333,11696.455123521575,1.5132526950863388,0,100,900,1790607802.6011055,2394.568,3056.544,performance,,32861568.0,32000288.0,30084436.0,0.0,0.0,11.04,15.68,15.48,,,
5,50,global_mutex,GlobalMutex,1500,mixed,1,262943.19628645194,2180.0,29604.0,5516.411142962963,7260.991549702114,1.3162527885479736,0,100,900,1790607812.9980443,2392.319,3038.552,performance,,32861568.0,31983912.0,30067736.0,0.0,0.0,10.15,15.35,15.37,,,
5,51,thread_local,ThreadLocal,500,mixed,1,287592.3516000251,1589.0,4337.0,1706.2092933333333,863.2158787773245,0.5059261382235846,0,100,900,1790607821.0973895,2838.7425,3097.14,performance,,32861568.0,31961980.0,30045656.0,0.0,0.0,11.1,15.46,15.41,,,
5,52,disabled,Disabled,500,write-heavy,1,291507.77697889175,1586.0,4183.0,1684.2758133333334,825.76342378081,0.490278027650679,0,100,900,1790607825.1822715,2387.86525,3002.922,performance,,32861568.0,31984484.0,30068164.0,0.0,0.0,11.17,15.4,15.39,,,
5,53,thread_local,ThreadLocal,500,write-heavy,1,283708.9444313665,1620.0,4436.0,1729.3906022222222,854.9849940045033,0.49438512786288397,0,100,900,1790607829.2479138,2300.0,2300.0,performance,,32861568.0,31983108.0,30066768.0,0.0,0.0,11.64,15.43,15.4,,,
5,54,disabled,Disabled,750,write-heavy,1,277076.6039610253,1978.0,9320.0,2639.5393466666665,1999.33704435568,0.7574568065751838,0,100,900,1790607833.362457,2741.66325,3105.265,performance,,32861568.0,31966344.0,30049900.0,0.0,0.0,10.71,15.17,15.32,,,
5,55,sharded_2key,Sharded-2key,250,read-heavy,1,303270.27702239633,787.0,1660.0,804.5715422222222,334.44855762697966,0.4156852934460428,0,100,900,1790607838.4085474,2399.99175,3099.934,performance,,32861568.0,31963948.0,30047276.0,0.0,0.0,9.85,14.92,15.24,,,
5,56,hdr_histogram,HdrHistogram,1500,mixed,1,257577.12658517642,2272.0,31496.0,5633.138408148148,7547.085455956894,1.3397656704192258,0,100,900,1790607841.7433462,2395.66625,3065.33,performance,,32861568.0,31983544.0,30066860.0,0.0,0.0,9.85,14.92,15.24,,,
5,57,sharded_2key,Sharded-2key,1000,write-heavy,1,273763.3051510021,2052.0,14824.0,3552.8372255555555,3454.9912780873765,0.9724597719354061,0,100,900,1790607849.9540126,2300.0,2300.0,performance,,32861568.0,31950424.0,30033532.0,0.0,0.0,9.7,14.71,15.16,,,
5,58,thread_local,ThreadLocal,1000,read-heavy,1,277530.0800399064,2059.0,14664.0,3503.0792755555553,3436.2138037431064,0.9809123726433954,0,100,900,1790607855.974612,2300.0,2300.0,performance,,32861568.0,31966820.0,30049792.0,0.0,0.0,11.0,14.9,15.22,,,
5,59,hdr_histogram,HdrHistogram,3000,mixed,1,232636.2772714381,2539.0,85726.0,12406.091005185186,20996.267640569607,1.6924160585146535,0,100,900,1790607862.098785,2300.0,2300.0,performance,,32861568.0,31953004.0,30035840.0,0.0,0.0,10.19,14.6,15.12,,,
5,60,thread_local,ThreadLocal,100,read-heavy,1,284837.1671841087,332.0,709.0,343.9948777777778,139.17881237939577,0.4045955953719343,0,100,900,1790607877.3835664,2388.68475,3009.478,performance,,32861568.0,31973432.0,30055760.0,0.0,0.0,10.81,14.54,15.09,,,
5,61,disabled,Disabled,1000,write-heavy,1,273272.68517531856,2096.0,15245.0,3558.3992955555555,3531.7490358197074,0.9925106044818708,0,100,900,1790607880.2268047,2300.0,2300.0,performance,,32861568.0,31984172.0,30066472.0,0.0,0.0,10.81,14.54,15.09,,,
5,62,hdr_histogram,HdrHistogram,1500,read-heavy,1,265840.3710966326,2176.0,28499.0,5460.326685925926,7281.967969233568,1.3336139736845691,0,100,900,1790607886.255272,2387.823,3002.584,performance,,32861568.0,31969228.0,30051540.0,0.0,0.0,10.75,14.46,15.07,,,
5,63,hdr_histogram,HdrHistogram,500,write-heavy,1,277932.0733123442,1657.0,4417.0,1765.0405244444444,869.2012298346959,0.492453979269559,0,100,900,1790607894.4644415,2399.905125,3099.241,performance,,32861568.0,31941564.0,30023684.0,0.0,0.0,21.26,16.66,15.78,,,
5,64,sharded_n,Sharded-N,1000,write-heavy,1,269033.4338968352,2132.0,15264.0,3618.673078888889,3518.656535233784,0.9723609893807221,0,100,900,1790607898.6133535,2399.228625,3093.829,performance,,32861568.0,31967856.0,30049944.0,0.0,0.0,19.56,16.39,15.7,,,
5,65,sharded_n,Sharded-N,750,write-heavy,1,268453.8093591173,2048.0,9491.0,2732.83252,2048.170960926348,0.7494681602099598,0,100,900,1790607904.710086,2394.133875,3053.071,performance,,32861568.0,31970364.0,30052316.0,0.0,0.0,18.95,16.31,15.68,,,
5,66,sharded_n,Sharded-N,500,read-heavy,1,287013.0386662224,1602.0,4386.0,1712.6684866666667,860.0359865615535,0.502161389233841,0,100,900,1790607909.8547513,2300.0,2300.0,performance,,32861568.0,31986972.0,30068828.0,0.0,0.0,18.79,16.33,15.68,,,
5,67,sharded_2key,Sharded-2key,500,write-heavy,1,293039.451681926,1591.0,4119.0,1673.4875733333333,820.83155676688,0.49049157570492624,0,100,900,1790607914.119452,2396.14775,3069.182,performance,,32861568.0,31979080.0,30060884.0,0.0,0.0,18.57,16.32,15.68,,,
5,68,global_mutex,GlobalMutex,250,write-heavy,1,303091.55814035627,802.0,1551.0,809.5237422222223,313.33937092573206,0.38706631391141744,0,100,900,1790607918.1781719,2392.519125,3040.153,performance,,32861568.0,31982916.0,30064636.0,0.0,0.0,17.08,16.05,15.6,,,
5,69,hdr_histogram,HdrHistogram,250,mixed,1,296979.3043081873,805.0,1753.0,825.5996888888889,351.1161348013814,0.42528617625077064,0,100,900,1790607921.3395898,2300.0,2300.0,performance,,32861568.0,31976176.0,30057920.0,0.0,0.0,17.08,16.05,15.6,,,
5,70,thread_local,ThreadLocal,1000,write-heavy,1,275501.9531635972,2068.0,14374.0,3528.4434488888887,3422.526884207963,0.9699820710703813,0,100,900,1790607924.5171115,2387.506375,3000.051,performance,,32861568.0,31988164.0,30069896.0,0.0,0.0,16.2,15.88,15.55,,,
5,71,global_mutex,GlobalMutex,100,mixed,1,276600.6329267883,341.0,755.0,354.99443333333335,148.02328349521932,0.4169735342194173,0,100,900,1790607930.5076742,2300.0,2300.0,performance,,32861568.0,31985808.0,30067216.0,0.0,0.0,16.18,15.88,15.55,,,
5,72,sharded_2key,Sharded-2key,100,read-heavy,1,284987.8787530469,330.0,751.0,344.78504444444445,143.91685120736582,0.41741036488186567,0,100,900,1790607933.19001,2863.945875,3016.665,performance,,32861568.0,31983788.0,30065168.0,0.0,0.0,14.88,15.62,15.47,,,
5,73,disabled,Disabled,250,write-heavy,1,301871.21068364446,794.0,1708.0,815.0566044444445,335.8121147762521,0.4120107891219984,0,100,900,1790607936.0364015,2387.596875,3000.775,performance,,32861568.0,31993712.0,30075064.0,0.0,0.0,14.88,15.62,15.47,,,
5,74,global_mutex,GlobalMutex,3000,write-heavy,1,230484.54014605042,2587.0,77466.0,12543.947404074073,21122.71690820022,1.683897120083579,0,100,900,1790607939.1999302,2300.0,2300.0,performance,,32861568.0,31988992.0,30070388.0,0.0,0.0,14.41,15.51,15.43,,,
5,75,global_mutex,GlobalMutex,3000,read-heavy,1,234675.91667763054,2524.0,80507.0,12354.772525185184,20537.494063106384,1.6623126019714838,0,100,900,1790607954.6153312,2399.474,3095.792,performance,,32861568.0,31985396.0,30066264.0,0.0,0.0,14.94,15.58,15.46,,,
5,76,global_mutex,GlobalMutex,750,mixed,1,272678.09823446954,2013.0,9415.0,2689.9586977777776,2021.9666465581945,0.7516720045659351,0,100,900,1790607969.9738078,2300.0,2300.0,performance,,32861568.0,31975128.0,30055652.0,0.0,0.0,16.25,15.82,15.54,,,
5,77,hdr_histogram,HdrHistogram,1000,write-heavy,1,265886.72698915453,2149.0,15662.0,3663.3010044444445,3627.234429119414,0.9901546241269081,0,100,900,1790607975.0716329,2300.0,2300.0,performance,,32861568.0,31987832.0,30068428.0,0.0,0.0,16.47,15.87,15.56,,,
5,78,thread_local,ThreadLocal,250,mixed,1,298509.80324104434,794.0,1823.0,822.7488711111112,371.322945761012,0.4513199091474236,0,100,900,1790607981.2084508,2966.529875,3100.54,performance,,32861568.0,31965012.0,30045384.0,0.0,0.0,16.35,15.86,15.55,,,
5,79,sharded_2key,Sharded-2key,3000,write-heavy,1,229947.84217949005,2588.0,84434.0,12553.763826666667,21096.378607571336,1.68048235563891,0,100,900,1790607984.3822374,2387.13375,2997.07,performance,,32861568.0,31978588.0,30059008.0,0.0,0.0,17.84,16.18,15.66,,,
5,80,sharded_2key,Sharded-2key,1000,mixed,1,269809.8815158415,2092.0,14743.0,3602.9666011111112,3517.648027604252,0.9763199099651526,0,100,900,1790607999.8542128,2401.26925,3110.154,performance,,32861568.0,31983792.0,30063656.0,0.0,0.0,18.91,16.47,15.76,,,
5,81,disabled,Disabled,100,write-heavy,1,284271.2122349445,333.0,713.0,345.5424111111111,140.71664085790053,0.4072340654376354,0,100,900,1790608005.9191585,2397.902375,3083.219,performance,,32861568.0,31960524.0,30040440.0,0.0,0.0,18.35,16.39,15.74,,,
5,82,sharded_2key,Sharded-2key,2000,read-heavy,1,254006.59984388793,2279.0,41248.0,7596.038476111111,11479.78145255295,1.511285321770799,0,100,900,1790608008.590234,2400.169375,3101.355,performance,,32861568.0,31977716.0,30057600.0,0.0,0.0,16.88,16.12,15.65,,,
5,83,hdr_histogram,HdrHistogram,100,write-heavy,1,289620.2655151708,328.0,678.0,338.591,134.37865432065703,0.3968760372267929,0,100,900,1790608019.0388403,2300.0,2300.0,performance,,32861568.0,31975580.0,30055116.0,0.0,0.0,15.75,15.9,15.59,,,
5,84,global_mutex,GlobalMutex,1500,read-heavy,1,263643.60483610653,2181.0,28403.0,5505.981676296296,7251.158906507656,1.3169602321279947,0,100,900,1790608021.7120051,2683.8465,3162.89,performance,,32861568.0,31989204.0,30068756.0,0.0,0.0,15.75,15.9,15.59,,,
5,85,disabled,Disabled,1000,mixed,1,280875.3693101497,2009.0,14079.0,3472.5586422222223,3359.267559039154,0.9673753290137186,0,100,900,1790608029.9428287,2300.0,2300.0,performance,,32861568.0,31963112.0,30042400.0,0.0,0.0,15.57,15.84,15.57,,,
5,86,sharded_2key,Sharded-2key,2000,write-heavy,1,249441.29819300186,2317.0,43663.0,7733.634123888889,11591.753239644246,1.4988753093242129,0,100,900,1790608035.8777125,2672.826375,3091.898,performance,,32861568.0,31973380.0,30052648.0,0.0,0.0,15.36,15.8,15.56,,,
5,87,disabled,Disabled,2000,mixed,1,254425.8507519867,2277.0,42162.0,7603.040642222222,11415.24032350515,1.5014046170044797,0,100,900,1790608046.298854,2300.0,2300.0,performance,,32861568.0,31988096.0,30067024.0,0.0,0.0,15.0,15.7,15.53,,,
5,88,disabled,Disabled,100,mixed,1,279100.236533419,338.0,770.0,351.9612,149.13342524542543,0.4237212091714241,0,100,900,1790608056.5516083,2389.53625,3016.29,performance,,32861568.0,31976456.0,30055108.0,0.0,0.0,14.7,15.61,15.5,,,
5,89,global_mutex,GlobalMutex,1500,write-heavy,1,256735.49737427337,2282.0,29659.0,5659.440215555555,7520.062874028003,1.3287644338672107,0,100,900,1790608059.230072,2831.388125,3042.028,performance,,32861568.0,31993616.0,30072240.0,0.0,0.0,13.53,15.36,15.42,,,
5,90,sharded_n,Sharded-N,1000,read-heavy,1,274777.5201143854,2072.0,15214.0,3524.617367777778,3528.3529474536904,1.0010598539603373,0,100,900,1790608067.4554107,2388.117125,3004.937,performance,,32861568.0,31961840.0,30040344.0,0.0,0.0,14.17,15.45,15.45,,,
5,91,sharded_n,Sharded-N,1500,write-heavy,1,261788.16790944626,2171.0,28366.0,5550.687120740741,7195.5468435266675,1.2963344333784785,0,100,900,1790608073.6330302,2300.0,2300.0,performance,,32861568.0,31966540.0,30044944.0,0.0,0.0,13.04,15.2,15.37,,,
5,92,sharded_2key,Sharded-2key,1500,mixed,1,260994.39190040366,2217.0,26922.0,5562.103525185185,7250.436361208511,1.303542145229509,0,100,900,1790608081.768989,2412.07925,3196.634,performance,,32861568.0,31969192.0,30047384.0,0.0,0.0,13.19,15.19,15.36,,,
5,93,thread_local,ThreadLocal,250,write-heavy,1,292156.61433686805,814.0,1847.0,840.0003955555555,369.6832223803976,0.44009886702005446,0,100,900,1790608089.8893511,2390.209125,3021.673,performance,,32861568.0,31960728.0,30038732.0,0.0,0.0,13.17,15.11,15.33,,,
5,94,thread_local,ThreadLocal,2000,write-heavy,1,249739.46000207358,2360.0,43287.0,7730.508763333333,11545.269768030012,1.4934682983338063,0,100,900,1790608093.0791388,2569.358375,3050.83,performance,,32861568.0,31989248.0,30067232.0,0.0,0.0,12.11,14.86,15.25,,,
5,95,global_mutex,GlobalMutex,2000,write-heavy,1,246711.11276190088,2377.0,42074.0,7814.841675,11700.64386480477,1.4972336422675856,0,100,900,1790608103.4758036,2499.500375,3109.04,performance,,32861568.0,31966648.0,30044360.0,0.0,0.0,12.02,14.76,15.22,,,
5,96,disabled,Disabled,500,mixed,1,283090.52240881446,1603.0,4622.0,1729.1494266666666,893.7546811683832,0.5168753303705516,0,100,900,1790608113.986335,2831.759625,3101.56,performance,,32861568.0,31998244.0,30075684.0,0.0,0.0,13.11,14.9,15.26,,,
5,97,thread_local,ThreadLocal,750,read-heavy,1,293505.62631327356,1876.0,8106.0,2490.8994103703703,1767.707412333895,0.7096663177061235,0,100,900,1790608118.098712,2917.12175,3093.569,performance,,32861568.0,31966780.0,30044268.0,0.0,0.0,12.06,14.65,15.18,,,
5,98,thread_local,ThreadLocal,1000,mixed,1,276168.87052949064,2061.0,14611.0,3527.3972922222224,3439.499262873376,0.9750813355947576,0,100,900,1790608123.180302,2390.583,3024.664,performance,,32861568.0,31955428.0,30032736.0,0.0,0.0,11.09,14.41,15.09,,,
5,99,hdr_histogram,HdrHistogram,500,read-heavy,1,289243.85520423297,1562.0,4492.0,1693.6457488888889,895.3432898135545,0.5286485030301891,0,100,900,1790608129.169416,2390.482625,3023.861,performance,,32861568.0,31975392.0,30052628.0,0.0,0.0,11.57,14.45,15.1,,,
5,100,thread_local,ThreadLocal,750,write-heavy,1,277902.04333471815,1988.0,9094.0,2631.3864992592594,1944.3061074104182,0.7388903560756827,0,100,900,1790608133.4270267,2300.0,2300.0,performance,,32861568.0,31971400.0,30048632.0,0.0,0.0,10.64,14.21,15.02,,,
5,101,sharded_n,Sharded-N,1500,read-heavy,1,265425.9888375761,2163.0,28439.0,5467.497121481481,7239.33491341297,1.3240674393718546,0,100,900,1790608138.4832268,2764.104375,3066.124,performance,,32861568.0,31966132.0,30043220.0,0.0,0.0,9.79,13.98,14.94,,,
5,102,sharded_n,Sharded-N,500,mixed,1,283662.36241621355,1601.0,4687.0,1728.1435911111112,898.5240380623995,0.519935983724994,0,100,900,1790608146.6776776,2566.632375,3024.532,performance,,32861568.0,31974804.0,30051600.0,0.0,0.0,10.69,14.09,14.97,,,
5,103,sharded_2key,Sharded-2key,250,write-heavy,1,301079.9774922243,803.0,1657.0,816.2545155555556,330.9023276454329,0.40539111433915387,0,100,900,1790608150.7891097,2682.7275,3097.161,performance,,32861568.0,31987396.0,30064232.0,0.0,0.0,9.83,13.86,14.89,,,
5,104,thread_local,ThreadLocal,3000,read-heavy,1,241602.8305889834,2441.0,75716.0,11924.581282962963,20195.083298756435,1.6935674988948926,0,100,900,1790608153.9508562,2300.0,2300.0,performance,,32861568.0,31983532.0,30060348.0,0.0,0.0,10.97,14.03,14.94,,,
5,105,sharded_n,Sharded-N,250,write-heavy,1,292583.9027350927,809.0,1800.0,836.8066844444445,372.268233122209,0.4448676618415849,0,100,900,1790608168.9353065,2396.663875,3073.311,performance,,32861568.0,31997256.0,30073448.0,0.0,0.0,12.8,14.26,15.0,,,
5,106,global_mutex,GlobalMutex,3000,mixed,1,232153.7293979417,2567.0,82363.0,12429.795004444444,20664.74321705712,1.662516816220071,0,100,900,1790608172.1241014,2399.295625,3094.365,performance,,32861568.0,31989300.0,30065588.0,0.0,0.0,11.78,14.02,14.92,,,
5,107,sharded_n,Sharded-N,2000,read-heavy,1,254128.9497338689,2277.0,41717.0,7565.970849444445,11357.65168930826,1.5011492794929593,0,100,900,1790608187.4484823,2399.16925,3093.354,performance,,32861568.0,31992936.0,30068824.0,0.0,0.0,11.21,13.81,14.84,,,
5,108,thread_local,ThreadLocal,500,read-heavy,1,297032.8142664882,1547.0,4230.0,1656.0792466666667,845.6472295496154,0.5106321036579152,0,100,900,1790608197.8762538,2398.356625,3086.853,performance,,32861568.0,31954792.0,30030408.0,0.0,0.0,10.45,13.56,14.75,,,
5,109,sharded_n,Sharded-N,3000,write-heavy,1,229491.55200977047,2605.0,81477.0,12559.208977407407,20817.576958914324,1.6575547867992948,0,100,900,1790608202.077661,2300.0,2300.0,performance,,32861568.0,31978452.0,30054204.0,0.0,0.0,9.61,13.34,14.67,,,
5,110,sharded_2key,Sharded-2key,100,mixed,1,288077.0092070244,328.0,715.0,340.5962333333333,136.51852604565534,0.40082218382035933,0,100,900,1790608217.5738018,2300.0,2300.0,performance,,32861568.0,32001464.0,30076588.0,0.0,0.0,10.24,13.32,14.64,,,
5,111,sharded_n,Sharded-N,750,read-heavy,1,279460.7646805413,1942.0,8941.0,2627.4782696296297,1959.917195253363,0.7459308866252331,0,100,900,1790608220.2413926,2565.105625,3017.843,performance,,32861568.0,32004504.0,30079600.0,0.0,0.0,10.24,13.32,14.64,,,
5,112,sharded_n,Sharded-N,2000,mixed,1,246934.1607696113,2363.0,45244.0,7827.607592222223,11719.03453465997,1.4971412908210169,0,100,900,1790608225.4476407,2300.0,2300.0,performance,,32861568.0,31972924.0,30048188.0,0.0,0.0,13.19,13.88,14.81,,,
5,113,thread_local,ThreadLocal,100,write-heavy,1,273541.246097634,342.0,843.0,358.86086666666665,159.60913399260056,0.44476606066065133,0,100,900,1790608235.9330766,2300.0,2300.0,performance,,32861568.0,31970992.0,30045796.0,0.0,0.0,13.32,13.88,14.81,,,
5,114,sharded_n,Sharded-N,3000,read-heavy,1,237185.65068118818,2477.0,80062.0,12164.120603703705,20429.535018835657,1.6794913240678753,0,100,900,1790608238.6180468,2557.2455,2993.082,performance,,32861568.0,31983068.0,30057840.0,0.0,0.0,12.25,13.65,14.73,,,
5,115,disabled,Disabled,250,mixed,1,294455.0602255217,816.0,1785.0,833.9710044444445,352.4558711541019,0.42262365151279185,0,100,900,1790608253.8534093,2396.475,3071.8,performance,,32861568.0,31987788.0,30062212.0,0.0,0.0,11.89,13.52,14.67,,,
5,116,sharded_n,Sharded-N,250,mixed,1,294938.5133750598,813.0,1705.0,832.9425644444444,355.5053206965074,0.42680652408923553,0,100,900,1790608257.0402832,2581.203875,3092.922,performance,,32861568.0,31981776.0,30056160.0,0.0,0.0,10.94,13.29,14.59,,,
5,117,hdr_histogram,HdrHistogram,2000,write-heavy,1,244259.19069314122,2406.0,43326.0,7903.7525211111115,11765.344026702314,1.4885769759714516,0,100,900,1790608260.2234178,2387.094,2996.752,performance,,32861568.0,31995900.0,30070356.0,0.0,0.0,10.94,13.29,14.59,,,
5,118,hdr_histogram,HdrHistogram,750,read-heavy,1,283482.454448795,1910.0,9090.0,2576.924856296296,1942.5186252976862,0.7538126773667685,0,100,900,1790608270.7956896,2300.0,2300.0,performance,,32861568.0,31956612.0,30030736.0,0.0,0.0,13.24,13.71,14.71,,,
5,119,disabled,Disabled,750,mixed,1,282843.5341071803,1948.0,9005.0,2589.641743703704,1929.4394548642144,0.7450603773882373,0,100,900,1790608275.9710715,2846.926125,3112.98,performance,,32861568.0,31978272.0,30052408.0,0.0,0.0,13.3,13.72,14.71,,,
5,120,sharded_2key,Sharded-2key,500,mixed,1,285796.3114331627,1584.0,4615.0,1714.5584622222223,890.3708144140611,0.5193003528500628,0,100,900,1790608280.973623,2737.7335,3065.256,performance,,32861568.0,31970532.0,30044588.0,0.0,0.0,13.2,13.69,14.69,,,
5,121,global_mutex,GlobalMutex,750,write-heavy,1,277672.4168646285,1982.0,9122.0,2637.8194325925924,1954.9438497581523,0.7411211797149918,0,100,900,1790608285.0722306,2839.058,3080.139,performance,,32861568.0,31965076.0,30039076.0,0.0,0.0,13.42,13.72,14.7,,,
5,122,sharded_2key,Sharded-2key,1500,read-heavy,1,267381.1975878547,2130.0,28532.0,5426.884753333334,7146.1862035714485,1.3168118595446632,0,100,900,1790608290.1371112,2399.126125,3093.009,performance,,32861568.0,31964360.0,30038228.0,0.0,0.0,13.23,13.68,14.68,,,
5,123,thread_local,ThreadLocal,1500,mixed,1,261881.6659463518,2213.0,29352.0,5535.696462962963,7311.179328150493,1.3207334211813357,0,100,900,1790608298.2892575,2397.121,3076.968,performance,,32861568.0,31963144.0,30036740.0,0.0,0.0,12.23,13.46,14.6,,,
5,124,global_mutex,GlobalMutex,1000,write-heavy,1,268763.9535562916,2125.0,15357.0,3624.4371455555556,3510.0729907188734,0.9684463682928202,0,100,900,1790608306.4082417,2400.38675,3103.094,performance,,32861568.0,31968760.0,30042176.0,0.0,0.0,12.21,13.43,14.58,,,
5,125,hdr_histogram,HdrHistogram,100,read-heavy,1,286500.8433104573,326.0,774.0,343.00725555555556,145.43121002724408,0.4239887281442335,0,100,900,1790608312.4914215,2398.70475,3089.638,performance,,32861568.0,31983428.0,30056684.0,0.0,0.0,11.21,13.19,14.49,,,
5,126,global_mutex,GlobalMutex,250,mixed,1,304092.70505873923,793.0,1617.0,808.121,329.4630195444714,0.4076902091945036,0,100,900,1790608315.3365963,2300.0,2300.0,performance,,32861568.0,31982956.0,30056196.0,0.0,0.0,11.21,13.19,14.49,,,
5,127,global_mutex,GlobalMutex,500,mixed,1,278016.4579960391,1652.0,4514.0,1765.89656,890.0751038308384,0.5040358104728617,0,100,900,1790608318.497465,2401.205875,3109.647,performance,,32861568.0,31975040.0,30048316.0,0.0,0.0,10.32,12.97,14.41,,,
5,128,disabled,Disabled,1500,write-heavy,1,257680.86027441587,2255.0,28818.0,5639.065731111111,7444.312760656816,1.3201322906356694,0,100,900,1790608322.6356733,2579.414875,3098.944,performance,,32861568.0,31972952.0,30046220.0,0.0,0.0,9.49,12.75,14.33,,,
5,129,sharded_2key,Sharded-2key,250,mixed,1,301200.4964250038,804.0,1650.0,815.7863955555556,330.5680332476968,0.40521395680125055,0,100,900,1790608330.8241472,2399.58675,3096.694,performance,,32861568.0,31951280.0,30024176.0,0.0,0.0,9.85,12.77,14.33,,,
5,130,global_mutex,GlobalMutex,500,write-heavy,1,280644.6897468901,1639.0,4431.0,1753.2949155555555,880.431606617507,0.5021583070857935,0,100,900,1790608333.9918168,2808.08525,2992.745,performance,,32861568.0,31972060.0,30044948.0,0.0,0.0,10.26,12.81,14.33,,,
5,131,thread_local,ThreadLocal,250,read-heavy,1,298369.0384533402,799.0,1765.0,822.8653466666667,349.3092134696937,0.42450349244223895,0,100,900,1790608338.122762,2852.445875,3100.087,performance,,32861568.0,31980560.0,30053508.0,0.0,0.0,9.44,12.6,14.26,,,
5,132,sharded_2key,Sharded-2key,750,read-heavy,1,284531.3085903314,1918.0,9082.0,2573.115325925926,1949.4310554644562,0.7576151118539395,0,100,900,1790608341.4643981,2398.177875,3085.423,performance,,32861568.0,31981784.0,30054720.0,0.0,0.0,9.44,12.6,14.26,,,
5,133,thread_local,ThreadLocal,100,mixed,1,280969.11342125584,333.0,800.0,349.8022888888889,146.16316626746243,0.4178450825228581,0,100,900,1790608346.6300764,2391.411625,3031.293,performance,,32861568.0,31955076.0,30027812.0,0.0,0.0,8.69,12.39,14.18,,,
5,134,sharded_n,Sharded-N,1000,mixed,1,272020.5579597127,2114.0,15113.0,3572.40813,3506.628608532095,0.9815867842995014,0,100,900,1790608349.3047874,2300.0,2300.0,performance,,32861568.0,31980964.0,30053676.0,0.0,0.0,7.99,12.18,14.1,,,
5,135,hdr_histogram,HdrHistogram,500,mixed,1,286900.70757652074,1582.0,4521.0,1706.5828222222221,880.2646843196071,0.5158054287534506,0,100,900,1790608355.3362062,2394.063125,3052.505,performance,,32861568.0,31940240.0,30012760.0,0.0,0.0,8.55,12.23,14.11,,,
5,136,hdr_histogram,HdrHistogram,750,mixed,1,276475.70497779193,1985.0,9076.0,2662.335951111111,1971.697469675548,0.7405892816992803,0,100,900,1790608359.4287503,2749.41075,3037.42,performance,,32861568.0,31962224.0,30034736.0,0.0,0.0,9.23,12.31,14.12,,,
5,137,global_mutex,GlobalMutex,250,read-heavy,1,301543.9120668361,788.0,1776.0,813.88628,357.70723716291644,0.43950518143998746,0,100,900,1790608364.495752,2796.894125,3004.223,performance,,32861568.0,31936984.0,30009348.0,0.0,0.0,9.37,12.29,14.11,,,
5,138,global_mutex,GlobalMutex,2000,mixed,1,251518.75059730725,2325.0,44101.0,7659.502589444444,11719.495787117352,1.5300596416362573,0,100,900,1790608367.8313978,2397.483875,3079.871,performance,,32861568.0,31962568.0,30034920.0,0.0,0.0,8.62,12.08,14.03,,,
5,139,sharded_n,Sharded-N,1500,mixed,1,258506.40130095312,2237.0,28903.0,5627.075466666666,7509.539285128013,1.3345367997306192,0,100,900,1790608378.1701033,2392.31725,3038.538,performance,,32861568.0,31999704.0,30071692.0,0.0,0.0,8.62,11.98,13.98,,,
5,140,hdr_histogram,HdrHistogram,250,write-heavy,1,302295.22161284863,792.0,1660.0,809.9825066666667,337.0821167707738,0.4161597491259076,0,100,900,1790608386.344769,2300.0,2300.0,performance,,32861568.0,31969972.0,30041864.0,0.0,0.0,8.81,11.96,13.96,,,
5,141,sharded_2key,Sharded-2key,2000,mixed,1,253287.27247246882,2320.0,44412.0,7612.190476666667,11516.241613264343,1.51286829311019,0,100,900,1790608389.5128367,2300.0,2300.0,performance,,32861568.0,31993760.0,30065668.0,0.0,0.0,8.83,11.91,13.93,,,
5,142,disabled,Disabled,3000,mixed,1,238567.91664253845,2475.0,79416.0,12107.008176296296,20325.75794136065,1.6788423403525432,0,100,900,1790608399.8035657,2482.0405,3039.914,performance,,32861568.0,31969936.0,30041444.0,0.0,0.0,11.34,12.33,14.05,,,
5,143,sharded_n,Sharded-N,100,read-heavy,1,278527.0042437272,338.0,776.0,353.1926111111111,149.53028951404502,0.42336754736639776,0,100,900,1790608414.7996523,2920.634,3084.859,performance,,32861568.0,32008508.0,30079716.0,0.0,0.0,12.1,12.45,14.06,,,
5,144,global_mutex,GlobalMutex,500,read-heavy,1,300639.6246308248,1534.0,4102.0,1630.4157933333333,790.0739711248365,0.4845843461253251,0,100,900,1790608417.651507,2477.046125,3017.845,performance,,32861568.0,32003752.0,30074936.0,0.0,0.0,11.13,12.24,13.98,,,
6,1,sharded_2key,Sharded-2key,250,read-heavy,1,312477.8796041034,764.0,1628.0,785.4116622222223,333.5854438034438,0.42472687871683273,0,100,900,1790608421.8406098,2388.3785,3007.028,performance,,32861568.0,31981528.0,30052712.0,0.0,0.0,11.13,12.24,13.98,,,
6,2,thread_local,ThreadLocal,500,write-heavy,1,302165.4728903416,1526.0,3989.0,1620.2546666666667,799.803832017401,0.4936284699385123,0,100,900,1790608425.146604,2300.0,2300.0,performance,,32861568.0,31968312.0,30039420.0,0.0,0.0,10.24,12.04,13.91,,,
6,3,thread_local,ThreadLocal,1000,read-heavy,1,287047.43277285015,1954.0,14395.0,3386.3090955555554,3371.081412566392,0.9955031621274179,0,100,900,1790608429.1571198,2400.041125,3100.329,performance,,32861568.0,31977452.0,30048496.0,0.0,0.0,10.06,11.97,13.88,,,
6,4,disabled,Disabled,1500,write-heavy,1,263408.98126111145,2171.0,28853.0,5512.483291851852,7424.551474457694,1.346861492611165,0,100,900,1790608435.1863177,2399.422875,3095.383,performance,,32861568.0,31944476.0,30015348.0,0.0,0.0,11.26,12.19,13.94,,,
6,5,hdr_histogram,HdrHistogram,3000,mixed,1,233456.3275052667,2558.0,80623.0,12378.617741851851,20608.728743447893,1.6648651063656492,0,100,900,1790608443.26165,2300.0,2300.0,performance,,32861568.0,31937840.0,30008488.0,0.0,0.0,13.43,12.65,14.07,,,
6,6,thread_local,ThreadLocal,2000,read-heavy,1,257957.64754866387,2245.0,41765.0,7479.275031666667,11290.638561547948,1.5095899687796297,0,100,900,1790608458.4980783,2387.007875,2996.063,performance,,32861568.0,31987988.0,30058280.0,0.0,0.0,14.46,12.96,14.15,,,
6,7,thread_local,ThreadLocal,500,mixed,1,291977.16115455626,1567.0,4295.0,1677.8325933333333,847.8886459604846,0.5053475831435559,0,100,900,1790608468.8249667,2300.0,2300.0,performance,,32861568.0,31974748.0,30044796.0,0.0,0.0,15.11,13.17,14.21,,,
6,8,disabled,Disabled,750,mixed,1,282099.45211066515,1958.0,9025.0,2592.0810074074075,1928.8706418268218,0.7441397997650054,0,100,900,1790608472.8902855,2480.69425,3029.437,performance,,32861568.0,31970688.0,30040760.0,0.0,0.0,13.9,12.95,14.13,,,
6,9,global_mutex,GlobalMutex,1000,write-heavy,1,267839.6255079213,2129.0,15295.0,3632.627038888889,3540.5230555913727,0.9746453510609534,0,100,900,1790608477.9036446,2300.0,2300.0,performance,,32861568.0,31945660.0,30015632.0,0.0,0.0,12.78,12.74,14.06,,,
6,10,disabled,Disabled,1000,mixed,1,279549.18432455655,2064.0,14925.0,3466.8414355555556,3447.2554423047745,0.99435047907011,0,100,900,1790608484.0033836,2403.339375,3126.715,performance,,32861568.0,31969920.0,30039704.0,0.0,0.0,13.6,12.91,14.1,,,
6,11,sharded_2key,Sharded-2key,750,read-heavy,1,304617.0505800935,1810.0,8344.0,2402.852011851852,1802.5907191695565,0.7501879892221575,0,100,900,1790608489.9499526,2300.0,2300.0,performance,,32861568.0,31975064.0,30044676.0,0.0,0.0,17.24,13.68,14.35,,,
6,12,thread_local,ThreadLocal,100,write-heavy,1,278292.3317098398,335.0,840.0,352.5061888888889,151.5120131813147,0.4298137676926625,0,100,900,1790608494.9525774,2390.768,3026.144,performance,,32861568.0,31959180.0,30028824.0,0.0,0.0,18.66,14.03,14.46,,,
6,13,sharded_n,Sharded-N,100,mixed,1,291829.3454491193,326.0,666.0,335.95171111111114,130.40568681275826,0.38816794943969934,0,100,900,1790608497.634137,2399.764125,3098.113,performance,,32861568.0,31975056.0,30044672.0,0.0,0.0,17.17,13.8,14.38,,,
6,14,sharded_n,Sharded-N,1000,read-heavy,1,268893.9898390811,2123.0,15305.0,3612.9200311111113,3571.8664747698663,0.988637014938684,0,100,900,1790608500.2983503,2397.441625,3079.533,performance,,32861568.0,31987248.0,30056828.0,0.0,0.0,17.17,13.8,14.38,,,
6,15,hdr_histogram,HdrHistogram,2000,read-heavy,1,255980.38923543776,2255.0,40436.0,7522.304980555556,11342.673757951277,1.5078720933638043,0,100,900,1790608506.5526073,2300.0,2300.0,performance,,32861568.0,31943600.0,30012980.0,0.0,0.0,16.99,13.82,14.38,,,
6,16,sharded_n,Sharded-N,750,mixed,1,274326.93337227224,1971.0,9049.0,2669.8417274074072,1989.3233142503443,0.7451090803731308,0,100,900,1790608516.925491,2387.807375,3002.459,performance,,32861568.0,31957672.0,30026744.0,0.0,0.0,16.76,13.92,14.41,,,
6,17,sharded_n,Sharded-N,2000,write-heavy,1,242613.5671385112,2421.0,46375.0,7941.18355,11886.16490682187,1.496774987252608,0,100,900,1790608522.0232503,2847.597625,3078.779,performance,,32861568.0,31980892.0,30049984.0,0.0,0.0,15.42,13.69,14.33,,,
6,18,global_mutex,GlobalMutex,2000,write-heavy,1,246215.93640888433,2363.0,45866.0,7847.408608333333,11822.665915778558,1.50656943022233,0,100,900,1790608532.643728,2916.140375,3066.773,performance,,32861568.0,31983296.0,30052016.0,0.0,0.0,15.04,13.68,14.32,,,
6,19,global_mutex,GlobalMutex,1500,mixed,1,262996.9843127405,2193.0,27696.0,5530.712423703703,7191.784343002962,1.3003359770036467,0,100,900,1790608543.1541922,2403.247375,3125.979,performance,,32861568.0,31977068.0,30045580.0,0.0,0.0,13.39,13.38,14.22,,,
6,20,sharded_n,Sharded-N,3000,mixed,1,232216.61408023536,2560.0,90031.0,12443.622694814814,20950.103739510698,1.6836016530974123,0,100,900,1790608551.2516577,2300.0,2300.0,performance,,32861568.0,31951812.0,30020208.0,0.0,0.0,13.44,13.39,14.21,,,
6,21,sharded_n,Sharded-N,1500,write-heavy,1,255282.3090073514,2270.0,29073.0,5703.253962962963,7367.665159478234,1.2918353640437528,0,100,900,1790608566.584386,2761.01525,3093.187,performance,,32861568.0,31986152.0,30054056.0,0.0,0.0,13.44,13.39,14.2,,,
6,22,thread_local,ThreadLocal,500,read-heavy,1,294084.84295176,1542.0,4656.0,1669.7314177777778,867.9001285699038,0.5197842714877942,0,100,900,1790608574.8405,2399.981125,3099.849,performance,,32861568.0,31954320.0,30022128.0,0.0,0.0,13.22,13.33,14.17,,,
6,23,sharded_n,Sharded-N,100,read-heavy,1,280714.9704248844,337.0,740.0,350.04273333333333,140.98117074189327,0.40275417061048335,0,100,900,1790608579.0605984,2395.786625,3066.293,performance,,32861568.0,31973344.0,30041184.0,0.0,0.0,13.36,13.35,14.18,,,
6,24,sharded_n,Sharded-N,100,write-heavy,1,275186.31259972637,342.0,779.0,357.7377,149.45501938289487,0.41777821958070077,0,100,900,1790608581.9011407,2483.3965,3037.081,performance,,32861568.0,32001936.0,30069764.0,0.0,0.0,12.29,13.13,14.1,,,
6,25,disabled,Disabled,2000,read-heavy,1,259416.71596079084,2208.0,42700.0,7439.8483588888885,11243.952695104032,1.5113147678164869,0,100,900,1790608584.5886006,2388.098125,3004.785,performance,,32861568.0,32018616.0,30086416.0,0.0,0.0,12.29,13.13,14.1,,,
6,26,thread_local,ThreadLocal,750,read-heavy,1,295403.75779050274,1808.0,8586.0,2478.192176296296,1889.4777758744515,0.7624419905555149,0,100,900,1790608594.8619907,2300.0,2300.0,performance,,32861568.0,31979672.0,30047076.0,0.0,0.0,13.09,13.28,14.14,,,
6,27,hdr_histogram,HdrHistogram,250,write-heavy,1,298708.6815730035,797.0,1763.0,822.66676,354.23975680511353,0.4305993313806839,0,100,900,1790608599.9509683,2300.0,2300.0,performance,,32861568.0,31965040.0,30032416.0,0.0,0.0,13.89,13.44,14.18,,,
6,28,sharded_2key,Sharded-2key,3000,mixed,1,234009.10484653217,2530.0,85075.0,12347.754060370371,20852.936283924108,1.6888039866983409,0,100,900,1790608603.1278934,2300.0,2300.0,performance,,32861568.0,31972276.0,30039624.0,0.0,0.0,12.78,13.22,14.11,,,
6,29,global_mutex,GlobalMutex,750,mixed,1,282930.0210174504,1961.0,8889.0,2593.191020740741,1900.594750502467,0.732917372959114,0,100,900,1790608618.3433845,2399.219875,3093.759,performance,,32861568.0,31987360.0,30054244.0,0.0,0.0,16.4,14.07,14.38,,,
6,30,sharded_n,Sharded-N,3000,write-heavy,1,228132.15733592323,2608.0,86026.0,12675.371976296296,21146.860388979927,1.6683423909393604,0,100,900,1790608623.3514564,2398.40375,3087.23,performance,,32861568.0,31976208.0,30043108.0,0.0,0.0,15.09,13.83,14.3,,,
6,31,global_mutex,GlobalMutex,100,mixed,1,275982.70195620676,341.0,805.0,356.01785555555557,149.58695800860448,0.42016701037418014,0,100,900,1790608638.9106648,2300.0,2300.0,performance,,32861568.0,31961180.0,30027668.0,0.0,0.0,13.93,13.66,14.23,,,
6,32,sharded_n,Sharded-N,250,write-heavy,1,289864.0071833815,825.0,1809.0,847.6709955555556,366.6296130392224,0.4325140472677573,0,100,900,1790608641.5933688,2387.962,3003.696,performance,,32861568.0,31982788.0,30049248.0,0.0,0.0,13.93,13.66,14.23,,,
6,33,global_mutex,GlobalMutex,3000,mixed,1,235210.01152785434,2523.0,72554.0,12289.934472592593,20556.410869268566,1.6726216820041464,0,100,900,1790608644.787646,2300.0,2300.0,performance,,32861568.0,31995536.0,30061996.0,0.0,0.0,12.89,13.45,14.16,,,
6,34,hdr_histogram,HdrHistogram,500,mixed,1,282438.62760668236,1606.0,4592.0,1734.6688155555555,902.0539852913266,0.5200151044408032,0,100,900,1790608659.9532008,2398.861125,3090.889,performance,,32861568.0,31986124.0,30052124.0,0.0,0.0,13.83,13.65,14.22,,,
6,35,disabled,Disabled,100,write-heavy,1,287545.3094329549,325.0,764.0,340.32823333333334,146.3625011416988,0.43006276531381554,0,100,900,1790608664.073637,2678.733125,3155.085,performance,,32861568.0,31974208.0,30040260.0,0.0,0.0,13.44,13.57,14.19,,,
6,36,global_mutex,GlobalMutex,100,read-heavy,1,280315.13064362307,335.0,772.0,350.38862222222224,149.09846097649063,0.42552312352748123,0,100,900,1790608666.7410073,2300.0,2300.0,performance,,32861568.0,31995576.0,30061588.0,0.0,0.0,13.44,13.57,14.19,,,
6,37,hdr_histogram,HdrHistogram,2000,mixed,1,248912.65204507837,2360.0,44903.0,7750.844650555556,11594.623369056719,1.49591739891544,0,100,900,1790608669.5910907,2399.49,3095.92,performance,,32861568.0,31989256.0,30055240.0,0.0,0.0,12.37,13.35,14.11,,,
6,38,global_mutex,GlobalMutex,750,read-heavy,1,284719.2509249267,1914.0,8744.0,2581.9096385185185,1893.1343533931656,0.7332302901504457,0,100,900,1790608680.0140226,2300.0,2300.0,performance,,32861568.0,31962356.0,30027916.0,0.0,0.0,13.42,13.53,14.17,,,
6,39,hdr_histogram,HdrHistogram,100,mixed,1,291424.7801864644,327.0,652.0,337.4453888888889,131.42664504706457,0.3894753028921655,0,100,900,1790608685.1762097,2390.544625,3024.357,performance,,32861568.0,31973816.0,30039440.0,0.0,0.0,13.15,13.47,14.14,,,
6,40,thread_local,ThreadLocal,250,write-heavy,1,302029.40889080724,790.0,1722.0,811.1652622222222,340.82800602655306,0.4201708602422644,0,100,900,1790608687.845422,2397.7685,3082.148,performance,,32861568.0,31983460.0,30049076.0,0.0,0.0,12.1,13.25,14.07,,,
6,41,sharded_2key,Sharded-2key,1000,mixed,1,275175.28046985925,2081.0,14370.0,3538.8937522222222,3439.5588333771148,0.9719305167659439,0,100,900,1790608691.002869,2300.0,2300.0,performance,,32861568.0,31987568.0,30053168.0,0.0,0.0,12.1,13.25,14.07,,,
6,42,disabled,Disabled,3000,mixed,1,235521.7081334493,2514.0,82258.0,12237.125158888888,20556.759512670018,1.6798683715135376,0,100,900,1790608697.000694,2300.0,2300.0,performance,,32861568.0,31946928.0,30012280.0,0.0,0.0,11.56,13.11,14.01,,,
6,43,sharded_2key,Sharded-2key,250,write-heavy,1,298543.95891814335,801.0,1734.0,819.6074755555555,341.9398186677231,0.4171994873960192,0,100,900,1790608712.1615703,2565.74075,3042.927,performance,,32861568.0,31989336.0,30054308.0,0.0,0.0,14.49,13.75,14.21,,,
6,44,hdr_histogram,HdrHistogram,1000,read-heavy,1,275765.4333194114,2015.0,15064.0,3530.2974577777777,3524.1785837351613,0.9982667539730581,0,100,900,1790608715.3380272,2652.37775,3007.392,performance,,32861568.0,31980832.0,30045788.0,0.0,0.0,14.49,13.75,14.21,,,
6,45,disabled,Disabled,500,write-heavy,1,283796.63097602816,1591.0,4568.0,1727.8741866666667,896.6381527101072,0.5189256021237629,0,100,900,1790608721.4967933,2789.51675,3163.93,performance,,32861568.0,31952352.0,30017192.0,0.0,0.0,14.13,13.69,14.19,,,
6,46,disabled,Disabled,100,read-heavy,1,291277.8668124316,325.0,703.0,337.5186888888889,135.01004531670242,0.40000761368549786,0,100,900,1790608725.606434,2388.094,3004.752,performance,,32861568.0,31977624.0,30042480.0,0.0,0.0,15.24,13.93,14.26,,,
6,47,disabled,Disabled,2000,mixed,1,254658.33555166444,2265.0,42694.0,7563.76532,11303.030483868852,1.494365571335422,0,100,900,1790608728.441689,2300.0,2300.0,performance,,32861568.0,31992908.0,30057740.0,0.0,0.0,14.02,13.7,14.19,,,
6,48,sharded_2key,Sharded-2key,2000,read-heavy,1,254705.5725330781,2283.0,43148.0,7579.420385555555,11385.959391061562,1.5022203297709018,0,100,900,1790608738.7023156,2399.003375,3092.027,performance,,32861568.0,31965552.0,30029964.0,0.0,0.0,13.12,13.52,14.13,,,
6,49,sharded_n,Sharded-N,500,read-heavy,1,287008.39160939335,1574.0,4571.0,1706.7393377777778,885.1150358148241,0.5186000089312224,0,100,900,1790608749.1254225,2491.85775,3070.594,performance,,32861568.0,31960980.0,30025248.0,0.0,0.0,13.71,13.64,14.16,,,
6,50,disabled,Disabled,2000,write-heavy,1,250188.1186007736,2348.0,47361.0,7711.956739444445,11665.76430438901,1.5126853921161116,0,100,900,1790608753.386757,2386.5785,2992.628,performance,,32861568.0,31966948.0,30031192.0,0.0,0.0,12.61,13.41,14.08,,,
6,51,sharded_2key,Sharded-2key,1500,read-heavy,1,263692.4348210299,2178.0,30083.0,5496.787531851852,7420.607007371587,1.34998978300906,0,100,900,1790608763.7532983,2399.640875,3097.127,performance,,32861568.0,31963968.0,30027824.0,0.0,0.0,11.33,13.12,13.98,,,
6,52,sharded_n,Sharded-N,1000,mixed,1,267235.7337199749,2158.0,15750.0,3638.145036666667,3689.172451093803,1.0140256680019246,0,100,900,1790608771.974678,2300.0,2300.0,performance,,32861568.0,31958220.0,30021940.0,0.0,0.0,11.65,13.14,13.98,,,
6,53,hdr_histogram,HdrHistogram,1500,write-heavy,1,255606.82614047235,2276.0,30765.0,5673.383154074074,7550.5273008598815,1.3308685656877985,0,100,900,1790608778.075304,2836.891625,3066.61,performance,,32861568.0,31937420.0,30001020.0,0.0,0.0,10.72,12.92,13.9,,,
6,54,sharded_2key,Sharded-2key,500,mixed,1,287814.2821472343,1574.0,4491.0,1701.5717733333333,879.6763881595095,0.5169787145894217,0,100,900,1790608786.3394325,2400.70375,3105.63,performance,,32861568.0,31951668.0,30015092.0,0.0,0.0,11.3,13.01,13.93,,,
6,55,hdr_histogram,HdrHistogram,750,write-heavy,1,274991.2947228013,2012.0,9266.0,2670.784551111111,1974.9513124644639,0.7394648556143686,0,100,900,1790608790.4217377,2300.0,2300.0,performance,,32861568.0,31958788.0,30022232.0,0.0,0.0,11.52,13.02,13.93,,,
6,56,sharded_2key,Sharded-2key,1000,write-heavy,1,269938.92737044423,2128.0,15696.0,3601.860062222222,3649.104943952902,1.0131168010179528,0,100,900,1790608795.4921205,2489.50925,3090.226,performance,,32861568.0,31937244.0,30000560.0,0.0,0.0,11.32,12.96,13.9,,,
6,57,sharded_n,Sharded-N,500,write-heavy,1,281063.23155032506,1635.0,4410.0,1741.9330977777777,860.0227135539467,0.49371741925743107,0,100,900,1790608801.558336,2386.36975,2990.958,performance,,32861568.0,31959840.0,30023032.0,0.0,0.0,11.45,12.96,13.89,,,
6,58,sharded_2key,Sharded-2key,750,mixed,1,286080.92678787216,1929.0,8774.0,2558.0336637037035,1877.6288501784554,0.7340125647368888,0,100,900,1790608805.694643,2300.0,2300.0,performance,,32861568.0,31982396.0,30045456.0,0.0,0.0,11.02,12.84,13.85,,,
6,59,hdr_histogram,HdrHistogram,250,read-heavy,1,304845.2903038651,780.0,1715.0,804.454528888889,338.321880098292,0.4205606009398462,0,100,900,1790608810.6771114,2396.274,3070.192,performance,,32861568.0,31965672.0,30028664.0,0.0,0.0,11.25,12.86,13.85,,,
6,60,sharded_2key,Sharded-2key,1000,read-heavy,1,281245.0292577751,2025.0,14734.0,3450.2273344444443,3425.9712570996094,0.9929697161973413,0,100,900,1790608814.0187497,2300.0,2300.0,performance,,32861568.0,31964064.0,30027056.0,0.0,0.0,11.71,12.93,13.87,,,
6,61,thread_local,ThreadLocal,2000,mixed,1,253947.8058938563,2279.0,43352.0,7583.408661666666,11527.900465216106,1.5201475984656387,0,100,900,1790608820.1135867,2397.540125,3080.321,performance,,32861568.0,31964276.0,30027060.0,0.0,0.0,11.74,12.92,13.86,,,
6,62,global_mutex,GlobalMutex,1000,mixed,1,277637.8646609122,2018.0,14279.0,3508.958762222222,3332.4131039461827,0.9496871664105185,0,100,900,1790608830.3884833,2391.702875,3033.623,performance,,32861568.0,31969672.0,30032108.0,0.0,0.0,12.32,13.0,13.88,,,
6,63,disabled,Disabled,3000,write-heavy,1,232285.69210678144,2563.0,83766.0,12430.817722222222,20893.77620287234,1.6808046477522656,0,100,900,1790608836.3568997,2300.0,2300.0,performance,,32861568.0,31956080.0,30018576.0,0.0,0.0,12.29,12.98,13.87,,,
6,64,thread_local,ThreadLocal,250,mixed,1,299276.94052711176,805.0,1708.0,821.4228933333334,345.66973389730293,0.42081823711362054,0,100,900,1790608851.6855934,2300.0,2300.0,performance,,32861568.0,31985016.0,30046976.0,0.0,0.0,12.8,13.07,13.88,,,
6,65,sharded_2key,Sharded-2key,250,mixed,1,296069.8811556154,807.0,1730.0,830.2225244444444,357.5892821954694,0.43071498503940925,0,100,900,1790608854.8548543,2300.0,2300.0,performance,,32861568.0,31982512.0,30044504.0,0.0,0.0,11.78,12.85,13.81,,,
6,66,disabled,Disabled,1000,write-heavy,1,278487.1681411838,2057.0,14389.0,3484.1568744444444,3374.892923207179,0.9686397727844308,0,100,900,1790608858.0360825,2397.257875,3078.063,performance,,32861568.0,31992392.0,30054376.0,0.0,0.0,10.83,12.64,13.73,,,
6,67,hdr_histogram,HdrHistogram,3000,read-heavy,1,239829.89123764887,2448.0,76012.0,11995.635065925926,20087.203639655723,1.6745427423608623,0,100,900,1790608864.0003917,2412.441125,3199.529,performance,,32861568.0,31958172.0,30019972.0,0.0,0.0,13.49,13.16,13.89,,,
6,68,global_mutex,GlobalMutex,500,mixed,1,286742.48473133065,1594.0,4650.0,1712.1042288888889,874.78344132125,0.5109405295312901,0,100,900,1790608879.115757,2550.514625,3010.727,performance,,32861568.0,31980880.0,30042264.0,0.0,0.0,17.11,13.97,14.15,,,
6,69,hdr_histogram,HdrHistogram,1000,write-heavy,1,266331.56726286677,2150.0,15848.0,3655.7113244444445,3653.2437626225924,0.9993250118505386,0,100,900,1790608883.202876,2300.0,2300.0,performance,,32861568.0,31973380.0,30034896.0,0.0,0.0,15.74,13.74,14.07,,,
6,70,sharded_n,Sharded-N,1500,read-heavy,1,262477.80247097655,2189.0,29362.0,5538.39789037037,7322.326831014619,1.3221019825509415,0,100,900,1790608889.331833,2380.952875,2947.623,performance,,32861568.0,31929696.0,29990956.0,0.0,0.0,16.0,13.82,14.1,,,
6,71,hdr_histogram,HdrHistogram,3000,write-heavy,1,229155.78686621404,2593.0,83633.0,12614.341064444445,21238.17642929861,1.683653257890881,0,100,900,1790608897.6020615,2577.945875,3079.939,performance,,32861568.0,31959652.0,30020696.0,0.0,0.0,14.28,13.53,14.0,,,
6,72,hdr_histogram,HdrHistogram,100,write-heavy,1,284521.27176342334,333.0,680.0,344.1761222222222,132.427080321304,0.3847654493468916,0,100,900,1790608913.1040654,2802.449875,3007.485,performance,,32861568.0,31975904.0,30036532.0,0.0,0.0,18.93,14.61,14.35,,,
6,73,sharded_n,Sharded-N,750,write-heavy,1,276313.2977417681,1981.0,9210.0,2651.8850014814816,1989.3470522222299,0.7501633936278823,0,100,900,1790608915.7748137,2557.014,3027.502,performance,,32861568.0,31963740.0,30024340.0,0.0,0.0,18.93,14.61,14.35,,,
6,74,disabled,Disabled,1000,read-heavy,1,284038.80375035445,2017.0,14476.0,3417.312431111111,3378.0754704679975,0.9885181816313015,0,100,900,1790608920.8434906,2399.989,3099.912,performance,,32861568.0,31963472.0,30024132.0,0.0,0.0,19.01,14.7,14.38,,,
6,75,disabled,Disabled,250,write-heavy,1,309453.7097444821,787.0,1512.0,791.5988488888889,300.3650069915979,0.3794409345253583,0,100,900,1790608926.9030428,2300.0,2300.0,performance,,32861568.0,31962476.0,30022936.0,0.0,0.0,18.29,14.62,14.35,,,
6,76,disabled,Disabled,3000,read-heavy,1,242651.04462465498,2429.0,70039.0,11914.166487777778,20024.929681286867,1.6807663130970651,0,100,900,1790608930.050563,2387.957375,3003.659,performance,,32861568.0,31970608.0,30031072.0,0.0,0.0,16.83,14.38,14.28,,,
6,77,thread_local,ThreadLocal,750,write-heavy,1,274272.10587552766,1966.0,9306.0,2670.2792933333335,2005.7532725104932,0.7511398817037949,0,100,900,1790608945.0037653,2300.0,2300.0,performance,,32861568.0,31967232.0,30027236.0,0.0,0.0,18.02,14.76,14.4,,,
6,78,sharded_n,Sharded-N,3000,read-heavy,1,236945.5021280174,2506.0,80900.0,12192.841419259259,20226.878089437036,1.6589142263006535,0,100,900,1790608950.094959,2925.568375,3064.651,performance,,32861568.0,31971420.0,30031432.0,0.0,0.0,17.7,14.74,14.4,,,
6,79,disabled,Disabled,250,read-heavy,1,309908.4576695707,773.0,1668.0,792.8613644444445,337.489173248453,0.42565975387756555,0,100,900,1790608965.2955997,2473.00825,3020.782,performance,,32861568.0,31989568.0,30049092.0,0.0,0.0,22.47,15.95,14.8,,,
6,80,sharded_2key,Sharded-2key,1500,write-heavy,1,258649.80926331555,2232.0,28325.0,5615.825471851852,7394.7763115908665,1.3167745950538585,0,100,900,1790608968.6110907,2485.126125,3053.338,performance,,32861568.0,31978564.0,30038096.0,0.0,0.0,20.67,15.68,14.72,,,
6,81,global_mutex,GlobalMutex,250,mixed,1,291899.9083154064,812.0,1789.0,839.0691155555555,371.7067320591967,0.4429989439107006,0,100,900,1790608976.7906647,2300.0,2300.0,performance,,32861568.0,31964776.0,30024108.0,0.0,0.0,21.1,15.85,14.78,,,
6,82,thread_local,ThreadLocal,1000,write-heavy,1,267142.6090470921,2156.0,15752.0,3630.5096177777777,3626.9074095316346,0.999007795426707,0,100,900,1790608979.9797254,2755.304375,3127.828,performance,,32861568.0,31985832.0,30045168.0,0.0,0.0,19.41,15.59,14.7,,,
6,83,thread_local,ThreadLocal,1500,mixed,1,258055.9964950934,2255.0,29375.0,5627.042732592593,7534.162300032654,1.3389203988791067,0,100,900,1790608986.0873885,2387.191125,2997.529,performance,,32861568.0,31957116.0,30016268.0,0.0,0.0,19.14,15.6,14.71,,,
6,84,sharded_2key,Sharded-2key,2000,mixed,1,248293.34746869933,2349.0,45276.0,7773.32949,11747.492783192632,1.511256251044703,0,100,900,1790608994.265581,2400.943,3107.544,performance,,32861568.0,31962504.0,30021480.0,0.0,0.0,19.19,15.73,14.76,,,
6,85,thread_local,ThreadLocal,3000,write-heavy,1,231588.68428848055,2564.0,85385.0,12474.059052222223,20802.21856863154,1.667638294924191,0,100,900,1790609004.699338,2825.005625,3089.356,performance,,32861568.0,31966260.0,30024896.0,0.0,0.0,19.17,15.83,14.8,,,
6,86,global_mutex,GlobalMutex,500,read-heavy,1,293699.74227142736,1561.0,4345.0,1668.1669466666667,834.0156683288444,0.49995935358590793,0,100,900,1790609020.0387735,2576.991625,3065.038,performance,,32861568.0,31982004.0,30040336.0,0.0,0.0,18.73,15.92,14.85,,,
6,87,thread_local,ThreadLocal,100,read-heavy,1,286057.8884605815,329.0,750.0,343.4974222222222,142.2903894606167,0.4142400503039681,0,100,900,1790609024.269306,2395.088625,3060.709,performance,,32861568.0,31975468.0,30033856.0,0.0,0.0,18.28,15.87,14.84,,,
6,88,sharded_2key,Sharded-2key,1500,mixed,1,261521.5398818481,2227.0,29616.0,5559.280605185185,7421.085047106585,1.3349002459391743,0,100,900,1790609027.0981176,2946.779625,3130.165,performance,,32861568.0,31989052.0,30047448.0,0.0,0.0,16.81,15.61,14.76,,,
6,89,sharded_2key,Sharded-2key,100,mixed,1,280668.50660257536,335.0,805.0,349.8352111111111,147.80066681751174,0.42248653686998017,0,100,900,1790609035.1922352,2394.004375,3052.035,performance,,32861568.0,31961428.0,30019516.0,0.0,0.0,16.59,15.58,14.76,,,
6,90,global_mutex,GlobalMutex,1000,read-heavy,1,296355.88709902845,1947.0,13778.0,3279.8793355555554,3141.935750379651,0.9579424817003095,0,100,900,1790609037.8676372,2608.97525,3214.08,performance,,32861568.0,31966408.0,30024460.0,0.0,0.0,15.26,15.32,14.68,,,
6,91,sharded_2key,Sharded-2key,100,read-heavy,1,281090.5873790408,332.0,824.0,347.8025,149.82139918691755,0.43076573396372236,0,100,900,1790609043.7995608,2687.70625,3113.947,performance,,32861568.0,31965076.0,30023052.0,0.0,0.0,14.04,15.07,14.6,,,
6,92,hdr_histogram,HdrHistogram,1500,mixed,1,264798.4373507484,2183.0,27419.0,5478.862176296297,7045.832953784255,1.28600295591798,0,100,900,1790609046.6430218,2300.0,2300.0,performance,,32861568.0,31981456.0,30039408.0,0.0,0.0,14.04,15.07,14.6,,,
6,93,disabled,Disabled,1500,read-heavy,1,264717.09343327995,2169.0,28468.0,5474.450680740741,7241.795309819807,1.3228350627573704,0,100,900,1790609054.7033956,2388.307375,3006.459,performance,,32861568.0,31960816.0,30018480.0,0.0,0.0,16.63,15.6,14.78,,,
6,94,hdr_histogram,HdrHistogram,500,read-heavy,1,300682.5170404249,1529.0,4194.0,1630.1330155555556,816.3928307164438,0.5008136286585263,0,100,900,1790609062.9162889,2748.2175,3140.606,performance,,32861568.0,31979300.0,30036740.0,0.0,0.0,16.88,15.71,14.82,,,
6,95,thread_local,ThreadLocal,1000,mixed,1,276240.463109549,2090.0,14790.0,3530.948587777778,3526.170653707238,0.9986468412236083,0,100,900,1790609067.102456,2507.236125,3157.887,performance,,32861568.0,31953440.0,30011048.0,0.0,0.0,15.52,15.45,14.74,,,
6,96,global_mutex,GlobalMutex,1500,write-heavy,1,254082.72138599935,2283.0,30056.0,5713.44048,7620.475009132039,1.3337804140618332,0,100,900,1790609073.0838037,2300.0,2300.0,performance,,32861568.0,31967188.0,30024576.0,0.0,0.0,14.28,15.19,14.66,,,
6,97,disabled,Disabled,500,mixed,1,291200.8964680426,1560.0,4331.0,1681.5119155555556,847.0317310740699,0.5037322205321505,0,100,900,1790609081.3616905,2630.764,3002.812,performance,,32861568.0,31955752.0,30012844.0,0.0,0.0,14.58,15.24,14.68,,,
6,98,global_mutex,GlobalMutex,250,read-heavy,1,292647.76189351914,808.0,1904.0,836.18272,390.25772974114733,0.466713459160155,0,100,900,1790609085.4267876,2300.0,2300.0,performance,,32861568.0,31968612.0,30025748.0,0.0,0.0,14.53,15.22,14.68,,,
6,99,disabled,Disabled,750,write-heavy,1,282012.72091199626,1952.0,8776.0,2599.511059259259,1892.001287281808,0.7278296741776282,0,100,900,1790609088.7870924,2713.66425,3002.323,performance,,32861568.0,31982604.0,30039696.0,0.0,0.0,13.37,14.97,14.6,,,
6,100,sharded_2key,Sharded-2key,2000,write-heavy,1,246847.60739643287,2385.0,46211.0,7812.161661111111,11835.165889194335,1.5149668430582681,0,100,900,1790609093.8020678,2387.61675,3000.934,performance,,32861568.0,31958952.0,30015860.0,0.0,0.0,12.3,14.72,14.52,,,
6,101,global_mutex,GlobalMutex,3000,read-heavy,1,239158.39912748156,2450.0,67073.0,12101.37007111111,20474.579851983734,1.6919224626359866,0,100,900,1790609104.2932718,2399.94075,3099.526,performance,,32861568.0,31971504.0,30028184.0,0.0,0.0,13.91,14.98,14.61,,,
6,102,global_mutex,GlobalMutex,2000,mixed,1,252766.36820076164,2290.0,44244.0,7630.804552222222,11611.786965469646,1.5216989094666424,0,100,900,1790609119.434076,3024.172125,3066.591,performance,,32861568.0,31985632.0,30041880.0,0.0,0.0,14.29,15.0,14.62,,,
6,103,global_mutex,GlobalMutex,3000,write-heavy,1,229072.54684102544,2628.0,88426.0,12621.230727037037,21265.081219202228,1.6848658961323357,0,100,900,1790609129.7470531,2480.186,3021.831,performance,,32861568.0,31968856.0,30024984.0,0.0,0.0,17.42,15.65,14.84,,,
6,104,sharded_2key,Sharded-2key,3000,write-heavy,1,232346.576869637,2580.0,82376.0,12435.637835925925,20599.586185434124,1.6564961489890746,0,100,900,1790609145.2280426,2816.088125,3013.741,performance,,32861568.0,31978628.0,30034304.0,0.0,0.0,16.29,15.49,14.8,,,
6,105,sharded_2key,Sharded-2key,750,write-heavy,1,274611.0840152241,2014.0,9402.0,2670.296885925926,1984.6853434692516,0.7432452001609783,0,100,900,1790609160.549811,2300.0,2300.0,performance,,32861568.0,32000360.0,30055728.0,0.0,0.0,16.57,15.58,14.84,,,
6,106,global_mutex,GlobalMutex,1500,read-heavy,1,264338.1466815928,2203.0,28436.0,5485.118125925926,7387.35487099777,1.346799595086338,0,100,900,1790609165.6352909,2387.65675,3001.254,performance,,32861568.0,31974416.0,30029776.0,0.0,0.0,18.52,16.0,14.98,,,
6,107,hdr_histogram,HdrHistogram,100,read-heavy,1,290154.70462093095,325.0,704.0,338.6307,140.06420014312698,0.41361932082096214,0,100,900,1790609173.859947,2300.0,2300.0,performance,,32861568.0,31956024.0,30011220.0,0.0,0.0,16.27,15.61,14.86,,,
6,108,thread_local,ThreadLocal,1500,write-heavy,1,259940.97973818233,2252.0,28764.0,5584.736582222222,7352.330162378786,1.3165043783413721,0,100,900,1790609176.6881983,2389.892875,3019.143,performance,,32861568.0,31971268.0,30026432.0,0.0,0.0,16.27,15.61,14.86,,,
6,109,thread_local,ThreadLocal,750,mixed,1,276699.1169416183,2025.0,8780.0,2653.2797555555558,1904.0803479822875,0.7176327124930716,0,100,900,1790609184.8308055,2300.0,2300.0,performance,,32861568.0,31958804.0,30013748.0,0.0,0.0,31.11,18.92,15.95,,,
6,110,thread_local,ThreadLocal,3000,mixed,1,234713.4619056761,2544.0,84459.0,12265.103052592593,20571.188250298626,1.677212834012862,0,100,900,1790609189.8994586,2944.473375,3061.448,performance,,32861568.0,31972676.0,30027536.0,0.0,0.0,29.42,18.77,15.92,,,
6,111,sharded_n,Sharded-N,250,mixed,1,298767.5218288116,803.0,1649.0,818.9319511111111,332.4367452299465,0.4059394004335803,0,100,900,1790609205.073222,2482.363875,3055.109,performance,,32861568.0,31990588.0,30044896.0,0.0,0.0,27.44,18.85,15.99,,,
6,112,thread_local,ThreadLocal,1500,read-heavy,1,267637.79663682025,2125.0,27126.0,5402.782485925926,7044.989672370112,1.3039558210463003,0,100,900,1790609208.244937,2300.0,2300.0,performance,,32861568.0,31977928.0,30032324.0,0.0,0.0,25.25,18.54,15.9,,,
6,113,sharded_2key,Sharded-2key,500,write-heavy,1,285051.7129605619,1596.0,4512.0,1722.2318266666666,882.0628605292533,0.5121626757046188,0,100,900,1790609216.39759,2396.494625,3071.957,performance,,32861568.0,31959192.0,30013364.0,0.0,0.0,24.99,18.59,15.94,,,
6,114,hdr_histogram,HdrHistogram,1000,mixed,1,270886.64770078484,2088.0,15440.0,3593.007902222222,3602.915830213738,1.0027575580853545,0,100,900,1790609220.499395,2885.975625,3168.411,performance,,32861568.0,31965296.0,30019524.0,0.0,0.0,23.79,18.45,15.91,,,
6,115,hdr_histogram,HdrHistogram,500,write-heavy,1,294326.5017215559,1552.0,4293.0,1663.7642,838.9794822306847,0.5042658582452276,0,100,900,1790609226.5590813,2392.47975,3039.838,performance,,32861568.0,31938252.0,29992244.0,0.0,0.0,23.48,18.48,15.93,,,
6,116,hdr_histogram,HdrHistogram,750,mixed,1,275480.84153448336,2008.0,9154.0,2664.2667051851854,1975.15733738433,0.7413512068969246,0,100,900,1790609230.609736,2300.0,2300.0,performance,,32861568.0,31951596.0,30005580.0,0.0,0.0,22.8,18.42,15.92,,,
6,117,disabled,Disabled,1500,mixed,1,266362.4938523906,2165.0,28504.0,5451.751361481482,7209.640223716471,1.322444797217842,0,100,900,1790609235.675388,2671.42275,3073.867,performance,,32861568.0,31953072.0,30006960.0,0.0,0.0,22.74,18.48,15.96,,,
6,118,sharded_n,Sharded-N,2000,mixed,1,249515.47169289232,2340.0,43544.0,7731.660775,11588.845982276747,1.498881846931101,0,100,900,1790609243.678722,2300.0,2300.0,performance,,32861568.0,31958252.0,30011864.0,0.0,0.0,20.71,18.19,15.89,,,
6,119,thread_local,ThreadLocal,2000,write-heavy,1,249617.21782087345,2301.0,41699.0,7737.44338,11704.410688220894,1.5126974264490056,0,100,900,1790609254.057143,2399.134375,3093.075,performance,,32861568.0,31983064.0,30036432.0,0.0,0.0,18.79,17.87,15.81,,,
6,120,hdr_histogram,HdrHistogram,1500,read-heavy,1,266827.1584720703,2145.0,28640.0,5436.7163503703705,7161.0694281038695,1.3171681152017485,0,100,900,1790609264.460933,2490.317625,3072.333,performance,,32861568.0,31982788.0,30035888.0,0.0,0.0,17.74,17.68,15.77,,,
6,121,sharded_n,Sharded-N,250,read-heavy,1,295400.9556929879,812.0,1743.0,832.3068266666667,362.04324844923855,0.4349877194918581,0,100,900,1790609272.6373827,2391.219625,3029.757,performance,,32861568.0,31967024.0,30020000.0,0.0,0.0,16.49,17.42,15.71,,,
6,122,sharded_n,Sharded-N,1500,mixed,1,260958.64141996167,2213.0,28728.0,5538.027318518519,7271.565682804283,1.313024523820786,0,100,900,1790609275.9920857,2399.79025,3098.322,performance,,32861568.0,31994796.0,30047724.0,0.0,0.0,16.49,17.42,15.71,,,
6,123,global_mutex,GlobalMutex,750,write-heavy,1,273075.9345358161,2010.0,9141.0,2690.7004592592593,1982.1898630893154,0.7366817277145021,0,100,900,1790609284.1327317,2753.496125,3093.665,performance,,32861568.0,31957512.0,30010132.0,0.0,0.0,16.35,17.36,15.71,,,
6,124,hdr_histogram,HdrHistogram,750,read-heavy,1,283575.7267086129,1934.0,9040.0,2588.9923318518518,1930.3112076107402,0.7455839802468743,0,100,900,1790609289.2339473,2649.561875,3003.143,performance,,32861568.0,31952340.0,30004948.0,0.0,0.0,19.36,17.97,15.91,,,
6,125,sharded_n,Sharded-N,750,read-heavy,1,286901.80989107996,1905.0,8739.0,2548.1932044444443,1852.241438150378,0.7268842232683854,0,100,900,1790609294.4146214,2300.0,2300.0,performance,,32861568.0,31957176.0,30009684.0,0.0,0.0,19.33,17.99,15.93,,,
6,126,disabled,Disabled,250,mixed,1,300070.6814489682,795.0,1761.0,819.3965422222223,360.49068221117136,0.43994655046201725,0,100,900,1790609299.5546343,2300.0,2300.0,performance,,32861568.0,31954636.0,30007112.0,0.0,0.0,20.83,18.32,16.05,,,
6,127,hdr_histogram,HdrHistogram,250,mixed,1,296484.3826699892,807.0,1765.0,826.4089555555555,352.1909158611199,0.4261702556506768,0,100,900,1790609302.7220604,2577.955125,3065.226,performance,,32861568.0,31978412.0,30030896.0,0.0,0.0,19.16,18.01,15.96,,,
6,128,global_mutex,GlobalMutex,2000,read-heavy,1,254139.05610365374,2292.0,44320.0,7600.998711111111,11599.321191499837,1.5260259384788466,0,100,900,1790609305.9001086,2399.117875,3092.943,performance,,32861568.0,31969332.0,30021804.0,0.0,0.0,19.16,18.01,15.96,,,
6,129,sharded_n,Sharded-N,500,mixed,1,278488.19462983933,1643.0,4558.0,1759.2564933333333,898.6881957800649,0.5108340933716178,0,100,900,1790609316.3272827,2398.085,3084.68,performance,,32861568.0,31968344.0,30020340.0,0.0,0.0,18.45,17.9,15.95,,,
6,130,sharded_n,Sharded-N,2000,read-heavy,1,256070.49310659216,2268.0,42116.0,7533.845635,11227.100948307914,1.490221792725637,0,100,900,1790609320.4679844,2746.417625,3042.99,performance,,32861568.0,31969844.0,30021916.0,0.0,0.0,21.69,18.58,16.18,,,
6,131,sharded_2key,Sharded-2key,100,write-heavy,1,283214.6306865639,337.0,705.0,346.65628888888887,139.23680925074393,0.40165666602221217,0,100,900,1790609330.8622265,2400.107375,3100.859,performance,,32861568.0,31977700.0,30029308.0,0.0,0.0,21.8,18.71,16.25,,,
6,132,hdr_histogram,HdrHistogram,2000,write-heavy,1,247535.1511641631,2375.0,45319.0,7808.436158333333,11705.016813619304,1.4990219009638,0,100,900,1790609333.5373032,2399.22975,3093.838,performance,,32861568.0,31991884.0,30043464.0,0.0,0.0,20.05,18.4,16.16,,,
6,133,disabled,Disabled,750,read-heavy,1,284168.71367143485,1929.0,9078.0,2577.597256296296,1936.0093148442152,0.7510906950708167,0,100,900,1790609344.0040529,2388.757625,3010.061,performance,,32861568.0,31954432.0,30005928.0,0.0,0.0,23.74,19.29,16.48,,,
6,134,thread_local,ThreadLocal,250,read-heavy,1,307108.0829143997,783.0,1650.0,799.6752355555556,330.0032060512841,0.4126715338658976,0,100,900,1790609349.169308,2399.5725,3096.58,performance,,32861568.0,31948800.0,30000216.0,0.0,0.0,22.72,19.16,16.45,,,
6,135,thread_local,ThreadLocal,3000,read-heavy,1,240911.94800231038,2434.0,84559.0,11974.441478148148,20297.972015804888,1.6951080393057276,0,100,900,1790609352.4982722,2401.461625,3111.693,performance,,32861568.0,31967872.0,30019316.0,0.0,0.0,20.9,18.84,16.36,,,
6,136,sharded_2key,Sharded-2key,500,read-heavy,1,293576.20293271577,1563.0,4198.0,1663.9509222222223,822.4622515177899,0.49428275830358254,0,100,900,1790609367.52192,2300.0,2300.0,performance,,32861568.0,31994804.0,30045672.0,0.0,0.0,19.81,18.72,16.36,,,
6,137,global_mutex,GlobalMutex,500,write-heavy,1,281217.40338772984,1637.0,4366.0,1745.573571111111,864.2505716378458,0.4951097942481587,0,100,900,1790609371.7420993,2396.14675,3069.174,performance,,32861568.0,31958812.0,30009744.0,0.0,0.0,19.81,18.72,16.36,,,
6,138,disabled,Disabled,100,mixed,1,291044.69915907586,321.0,721.0,336.21913333333333,140.80146350661863,0.4187788544652088,0,100,900,1790609375.8628554,2384.514125,2976.113,performance,,32861568.0,31945788.0,29996724.0,0.0,0.0,18.22,18.41,16.28,,,
6,139,global_mutex,GlobalMutex,250,write-heavy,1,296855.3420949418,808.0,1715.0,827.2849777777777,357.38926804949307,0.4320026081091172,0,100,900,1790609378.528389,2688.339875,3138.029,performance,,32861568.0,31976816.0,30027724.0,0.0,0.0,16.76,18.11,16.19,,,
6,140,sharded_n,Sharded-N,1000,write-heavy,1,271399.88508536847,2126.0,15250.0,3586.897917777778,3602.0353674881226,1.0042202064450507,0,100,900,1790609381.7067676,2300.0,2300.0,performance,,32861568.0,31971780.0,30022616.0,0.0,0.0,16.76,18.11,16.19,,,
6,141,sharded_2key,Sharded-2key,3000,read-heavy,1,239374.6016599392,2452.0,80554.0,12044.98289962963,20332.366873451563,1.6880361759647464,0,100,900,1790609387.758004,2300.0,2300.0,performance,,32861568.0,31960440.0,30011072.0,0.0,0.0,17.57,18.26,16.26,,,
6,142,global_mutex,GlobalMutex,100,write-heavy,1,288482.3128865575,328.0,701.0,340.5697666666667,142.57264444228738,0.4186297739747129,0,100,900,1790609402.860209,2397.6805,3081.444,performance,,32861568.0,31977676.0,30027852.0,0.0,0.0,15.68,17.82,16.15,,,
6,143,disabled,Disabled,500,read-heavy,1,294256.9502223068,1555.0,4342.0,1670.627708888889,847.6501594060397,0.5073842334207421,0,100,900,1790609405.5286713,2558.478875,3014.153,performance,,32861568.0,31981756.0,30031912.0,0.0,0.0,15.68,17.82,16.15,,,
6,144,thread_local,ThreadLocal,100,mixed,1,287469.18561902567,328.0,710.0,341.66558888888886,141.09501274875493,0.4129623156010588,0,100,900,1790609409.7510672,2404.99875,3139.99,performance,,32861568.0,31982200.0,30032368.0,0.0,0.0,15.7,17.79,16.15,,,
7,1,global_mutex,GlobalMutex,250,mixed,1,295443.6390481602,816.0,1725.0,831.9833111111111,348.17292190785275,0.4184854639005546,0,100,900,1790609412.4176707,2300.0,2300.0,performance,,32861568.0,31987992.0,30038100.0,0.0,0.0,14.45,17.5,16.06,,,
7,2,hdr_histogram,HdrHistogram,500,read-heavy,1,294565.51640660997,1545.0,4319.0,1659.2957466666667,847.2120318084984,0.5105853091653187,0,100,900,1790609415.599094,2770.651,3133.615,performance,,32861568.0,31974436.0,30024548.0,0.0,0.0,14.45,17.5,16.06,,,
7,3,disabled,Disabled,3000,read-heavy,1,241205.31688333277,2433.0,81540.0,11943.513675555556,20162.694341134906,1.6881710766908828,0,100,900,1790609419.816229,2388.0285,3004.228,performance,,32861568.0,31949628.0,29999736.0,0.0,0.0,14.01,17.35,16.02,,,
7,4,sharded_n,Sharded-N,500,write-heavy,1,277374.9340045672,1659.0,4453.0,1771.0234711111111,869.5731739979761,0.49100036684009624,0,100,900,1790609434.8576162,2391.80575,3034.446,performance,,32861568.0,31986392.0,30035868.0,0.0,0.0,15.2,17.45,16.08,,,
7,5,sharded_n,Sharded-N,750,write-heavy,1,276627.05827963987,1985.0,9210.0,2641.881897777778,1970.6897759140363,0.7459416628622515,0,100,900,1790609439.0048258,2556.88475,3020.954,performance,,32861568.0,31967460.0,30017112.0,0.0,0.0,13.98,17.16,15.99,,,
7,6,hdr_histogram,HdrHistogram,2000,mixed,1,254688.25113202888,2247.0,39608.0,7589.458090555556,11223.045257624919,1.4787676700647518,0,100,900,1790609444.0677683,2300.0,2300.0,performance,,32861568.0,31952488.0,30001968.0,0.0,0.0,13.02,16.91,15.91,,,
7,7,global_mutex,GlobalMutex,1500,read-heavy,1,263873.08771231974,2189.0,27748.0,5485.413557777778,7307.345358995085,1.3321411926424374,0,100,900,1790609454.3135943,2300.0,2300.0,performance,,32861568.0,31970608.0,30019772.0,0.0,0.0,16.53,17.55,16.13,,,
7,8,disabled,Disabled,1500,mixed,1,263013.3566439175,2197.0,29578.0,5518.647444444445,7430.336362446597,1.3464053352287664,0,100,900,1790609462.5516143,2300.0,2300.0,performance,,32861568.0,31965136.0,30014144.0,0.0,0.0,15.16,17.23,16.05,,,
7,9,hdr_histogram,HdrHistogram,3000,read-heavy,1,238594.7171996068,2474.0,84374.0,12127.010403703704,20439.83623440338,1.6854802258733828,0,100,900,1790609470.6394844,2398.782625,3090.261,performance,,32861568.0,31947932.0,29996828.0,0.0,0.0,23.08,18.84,16.57,,,
7,10,hdr_histogram,HdrHistogram,2000,write-heavy,1,245939.74676727076,2400.0,45039.0,7827.373745555556,11842.071807196498,1.5129048633867164,0,100,900,1790609485.7493582,2387.244625,2997.957,performance,,32861568.0,31994388.0,30042792.0,0.0,0.0,21.58,18.72,16.57,,,
7,11,disabled,Disabled,250,mixed,1,295100.53745454253,801.0,1826.0,830.6918933333334,376.61519255256303,0.4533753074696708,0,100,900,1790609496.275246,2396.61825,3072.946,performance,,32861568.0,31956308.0,30004552.0,0.0,0.0,25.24,19.61,16.88,,,
7,12,thread_local,ThreadLocal,2000,read-heavy,1,261515.76916696943,2162.0,41478.0,7379.088233888889,11061.926555539565,1.4990912433784203,0,100,900,1790609499.452611,2394.013,3052.104,performance,,32861568.0,31979732.0,30027948.0,0.0,0.0,24.5,19.55,16.88,,,
7,13,hdr_histogram,HdrHistogram,500,mixed,1,285726.8101635048,1565.0,4649.0,1715.7530266666668,947.7537755334889,0.5523835661678927,0,100,900,1790609509.6766188,2300.0,2300.0,performance,,32861568.0,31957680.0,30005588.0,0.0,0.0,23.01,19.4,16.86,,,
7,14,disabled,Disabled,100,read-heavy,1,285404.47145912633,325.0,803.0,341.9854888888889,162.44096213409813,0.47499372754636154,0,100,900,1790609513.7740402,2850.551625,3082.562,performance,,32861568.0,31977896.0,30025840.0,0.0,0.0,21.17,19.08,16.77,,,
7,15,thread_local,ThreadLocal,750,write-heavy,1,277728.3187072926,1985.0,8935.0,2640.9121940740743,1943.0189453236253,0.7357378066879895,0,100,900,1790609516.6158679,2392.6715,3041.372,performance,,32861568.0,31988676.0,30036596.0,0.0,0.0,21.17,19.08,16.77,,,
7,16,thread_local,ThreadLocal,250,mixed,1,299344.5467986823,803.0,1738.0,821.0696044444444,353.9325617445199,0.43106279885247883,0,100,900,1790609521.6738284,2662.963125,3059.157,performance,,32861568.0,31960600.0,30008436.0,0.0,0.0,20.28,18.93,16.73,,,
7,17,hdr_histogram,HdrHistogram,100,mixed,1,279659.2084072717,338.0,756.0,351.50303333333335,143.60857884448507,0.40855573131939327,0,100,900,1790609524.8453488,2399.15675,3093.254,performance,,32861568.0,31966400.0,30014204.0,0.0,0.0,19.93,18.88,16.73,,,
7,18,global_mutex,GlobalMutex,1500,write-heavy,1,256591.21852458364,2250.0,31201.0,5651.8717518518515,7592.6434130180505,1.3433856510509636,0,100,900,1790609527.5237832,2398.537,3088.296,performance,,32861568.0,31987960.0,30035720.0,0.0,0.0,18.34,18.57,16.64,,,
7,19,sharded_n,Sharded-N,250,read-heavy,1,298233.7586792684,801.0,1803.0,822.9319422222222,365.0303776096045,0.44357298444861276,0,100,900,1790609535.7529883,2300.0,2300.0,performance,,32861568.0,31952248.0,29999640.0,0.0,0.0,18.39,18.57,16.65,,,
7,20,global_mutex,GlobalMutex,3000,read-heavy,1,240074.0075823075,2465.0,80626.0,12005.978252592593,20217.73356115656,1.6839721958342466,0,100,900,1790609539.1013436,2939.197125,3129.054,performance,,32861568.0,31985988.0,30033480.0,0.0,0.0,17.16,18.31,16.58,,,
7,21,hdr_histogram,HdrHistogram,1500,mixed,1,262305.60196669976,2217.0,28701.0,5517.912722222222,7339.285651742914,1.3300836785956216,0,100,900,1790609554.2051017,2881.435125,3132.101,performance,,32861568.0,31990116.0,30037120.0,0.0,0.0,18.37,18.51,16.67,,,
7,22,global_mutex,GlobalMutex,500,mixed,1,286082.24651615,1605.0,4437.0,1706.6232155555556,849.0145437306256,0.4974821249306905,0,100,900,1790609562.3263378,2930.35775,3092.203,performance,,32861568.0,31956456.0,30003324.0,0.0,0.0,17.02,18.23,16.6,,,
7,23,global_mutex,GlobalMutex,2000,write-heavy,1,248497.78539836672,2344.0,41866.0,7758.877444444444,11619.52995811797,1.4975787465798744,0,100,900,1790609566.420414,2387.991125,3003.929,performance,,32861568.0,31959528.0,30006420.0,0.0,0.0,17.02,18.23,16.6,,,
7,24,thread_local,ThreadLocal,250,write-heavy,1,292986.49780970195,818.0,1791.0,839.7118088888889,356.66211768868493,0.4247434821246853,0,100,900,1790609576.8641846,2387.4535,2999.628,performance,,32861568.0,31977140.0,30023684.0,0.0,0.0,16.95,18.17,16.6,,,
7,25,hdr_histogram,HdrHistogram,3000,mixed,1,232599.9098707741,2563.0,80173.0,12427.161191481482,20599.74842260102,1.6576391104286672,0,100,900,1790609580.0461197,2387.5685,3000.548,performance,,32861568.0,31986544.0,30033080.0,0.0,0.0,15.67,17.89,16.51,,,
7,26,thread_local,ThreadLocal,1000,read-heavy,1,275202.6992409131,2070.0,15403.0,3534.345311111111,3519.8550453633898,0.995900155623683,0,100,900,1790609595.3641062,2400.08475,3100.678,performance,,32861568.0,31995008.0,30041112.0,0.0,0.0,21.5,19.11,16.94,,,
7,27,sharded_2key,Sharded-2key,100,mixed,1,297231.36611403176,321.0,650.0,329.7539,125.78341418655094,0.38144632765996384,0,100,900,1790609601.533941,2398.838875,3090.711,performance,,32861568.0,31977004.0,30023060.0,0.0,0.0,20.74,18.99,16.91,,,
7,28,hdr_histogram,HdrHistogram,1000,mixed,1,269782.57167698693,2130.0,15290.0,3601.9880655555557,3558.8696290447997,0.9880292672474178,0,100,900,1790609604.194152,2399.721375,3097.771,performance,,32861568.0,31999532.0,30045592.0,0.0,0.0,20.6,18.99,16.92,,,
7,29,hdr_histogram,HdrHistogram,250,mixed,1,302242.2396675458,796.0,1641.0,812.6117155555555,335.2754941342967,0.41259003250412163,0,100,900,1790609610.2614343,2398.294625,3086.357,performance,,32861568.0,31939076.0,29984976.0,0.0,0.0,19.27,18.74,16.85,,,
7,30,sharded_n,Sharded-N,100,write-heavy,1,279412.5221329644,336.0,757.0,351.13158888888887,147.0970320015388,0.41892281029744033,0,100,900,1790609613.427758,2300.0,2300.0,performance,,32861568.0,31972460.0,30018380.0,0.0,0.0,17.72,18.43,16.76,,,
7,31,sharded_n,Sharded-N,500,read-heavy,1,289437.04501819087,1611.0,4107.0,1694.3601444444444,803.2062246195845,0.4740469299004575,0,100,900,1790609616.1085083,2859.118625,3096.864,performance,,32861568.0,31994632.0,30040540.0,0.0,0.0,17.72,18.43,16.76,,,
7,32,sharded_n,Sharded-N,1000,read-heavy,1,287506.38989340566,1991.0,14156.0,3379.59738,3290.836162468565,0.9737361562484597,0,100,900,1790609620.3526254,2300.0,2300.0,performance,,32861568.0,31965284.0,30011116.0,0.0,0.0,17.43,18.36,16.74,,,
7,33,disabled,Disabled,3000,mixed,1,238408.84729496372,2468.0,81959.0,12141.442767037037,20216.08312525368,1.6650478458901599,0,100,900,1790609626.3830574,2387.697,3001.576,performance,,32861568.0,31931100.0,29976688.0,0.0,0.0,18.43,18.55,16.82,,,
7,34,sharded_n,Sharded-N,3000,mixed,1,234804.46776653445,2535.0,75029.0,12350.482993333333,20528.853937876964,1.6621903733609635,0,100,900,1790609641.3684194,2387.988625,3003.909,performance,,32861568.0,31996360.0,30041448.0,0.0,0.0,20.07,18.93,16.97,,,
7,35,global_mutex,GlobalMutex,3000,mixed,1,234206.56313282007,2530.0,75058.0,12318.24704074074,20490.5907721789,1.6634339857294118,0,100,900,1790609656.5718293,2300.0,2300.0,performance,,32861568.0,32002260.0,30047200.0,0.0,0.0,18.47,18.62,16.9,,,
7,36,hdr_histogram,HdrHistogram,100,read-heavy,1,279834.4078026265,334.0,845.0,351.5501888888889,150.88050246701312,0.4291862363774763,0,100,900,1790609671.8059776,2556.118625,3048.646,performance,,32861568.0,31996700.0,30041204.0,0.0,0.0,19.42,18.86,17.01,,,
7,37,disabled,Disabled,500,mixed,1,290560.3045266215,1554.0,4576.0,1689.2920644444443,880.6733493372493,0.5213268728796612,0,100,900,1790609674.6571448,2398.857125,3090.857,performance,,32861568.0,32011348.0,30055824.0,0.0,0.0,17.87,18.55,16.91,,,
7,38,thread_local,ThreadLocal,100,write-heavy,1,278562.4038127889,337.0,764.0,351.2104888888889,149.32542592834312,0.4251735943330116,0,100,900,1790609678.727477,2388.72925,3009.834,performance,,32861568.0,31990524.0,30035056.0,0.0,0.0,16.44,18.24,16.82,,,
7,39,sharded_2key,Sharded-2key,250,mixed,1,313057.619971903,772.0,1530.0,785.00604,311.17376554590766,0.3963966513504885,0,100,900,1790609681.411378,2491.178,3108.897,performance,,32861568.0,31984920.0,30029408.0,0.0,0.0,16.44,18.24,16.82,,,
7,40,sharded_n,Sharded-N,250,write-heavy,1,287716.9693646324,832.0,1769.0,852.5724977777778,365.4185203122013,0.42860697625675376,0,100,900,1790609684.550906,2597.201125,3140.174,performance,,32861568.0,31982392.0,30026828.0,0.0,0.0,17.12,18.35,16.87,,,
7,41,disabled,Disabled,3000,write-heavy,1,233166.20891129662,2543.0,68123.0,12397.205339259259,20643.969714157323,1.6652115657697748,0,100,900,1790609687.7566164,2487.58475,3110.004,performance,,32861568.0,31997104.0,30041556.0,0.0,0.0,15.75,18.05,16.78,,,
7,42,sharded_n,Sharded-N,750,mixed,1,274169.548560951,2011.0,9097.0,2669.5844162962962,1982.1582264439714,0.7424969273659306,0,100,900,1790609703.0315728,2394.28275,3054.262,performance,,32861568.0,31980008.0,30023940.0,0.0,0.0,18.71,18.62,16.99,,,
7,43,sharded_2key,Sharded-2key,250,read-heavy,1,310717.1940716104,775.0,1554.0,788.3210355555556,316.0934526842028,0.4009704656193037,0,100,900,1790609708.12007,2400.103875,3100.831,performance,,32861568.0,31973540.0,30017468.0,0.0,0.0,17.22,18.31,16.9,,,
7,44,thread_local,ThreadLocal,2000,mixed,1,252556.27765378554,2316.0,40773.0,7663.166315,11375.192484496976,1.484398487115045,0,100,900,1790609711.4374447,2387.9435,3003.548,performance,,32861568.0,31978696.0,30022672.0,0.0,0.0,17.22,18.31,16.9,,,
7,45,thread_local,ThreadLocal,750,mixed,1,277363.9234100822,1979.0,9169.0,2645.5541081481483,1970.2162809780689,0.74472726711955,0,100,900,1790609721.742156,2672.701625,3108.314,performance,,32861568.0,31967084.0,30010664.0,0.0,0.0,19.17,18.69,17.03,,,
7,46,sharded_2key,Sharded-2key,3000,mixed,1,233179.45450634215,2555.0,81183.0,12394.033195555556,20694.86425349444,1.669744136308714,0,100,900,1790609726.7995896,2300.0,2300.0,performance,,32861568.0,31970828.0,30014328.0,0.0,0.0,18.68,18.59,17.01,,,
7,47,disabled,Disabled,250,write-heavy,1,306047.08394829073,787.0,1633.0,801.8280888888889,336.70094337724396,0.4199166230804136,0,100,900,1790609742.0733662,2392.94125,3043.53,performance,,32861568.0,31988212.0,30031284.0,0.0,0.0,27.06,20.6,17.7,,,
7,48,sharded_2key,Sharded-2key,1000,read-heavy,1,279677.66640554916,1997.0,14652.0,3484.1866077777777,3380.193063351562,0.9701527053131799,0,100,900,1790609745.2235694,2399.014,3092.112,performance,,32861568.0,31977036.0,30020124.0,0.0,0.0,24.89,20.25,17.6,,,
7,49,global_mutex,GlobalMutex,250,read-heavy,1,301928.1157652728,798.0,1669.0,813.4835822222223,349.11853860262335,0.42916482425978864,0,100,900,1790609751.329488,2399.257,3094.056,performance,,32861568.0,31939728.0,29982656.0,0.0,0.0,24.66,20.28,17.63,,,
7,50,thread_local,ThreadLocal,3000,write-heavy,1,232996.22459536485,2550.0,84776.0,12380.107727777779,20685.31946031713,1.6708513298236163,0,100,900,1790609754.6700714,2300.0,2300.0,performance,,32861568.0,31976356.0,30019340.0,0.0,0.0,23.73,20.16,17.6,,,
7,51,global_mutex,GlobalMutex,750,mixed,1,287620.23305512115,1947.0,8557.0,2544.253611851852,1832.507418554696,0.7202534409377898,0,100,900,1790609769.9490798,2393.52975,3048.238,performance,,32861568.0,31970492.0,30012976.0,0.0,0.0,26.84,21.02,17.93,,,
7,52,sharded_n,Sharded-N,2000,read-heavy,1,253370.91267461237,2303.0,40136.0,7625.091097222222,11448.26312516032,1.5013936199832234,0,100,900,1790609774.9195697,2398.073375,3084.587,performance,,32861568.0,31974972.0,30017556.0,0.0,0.0,25.49,20.84,17.88,,,
7,53,thread_local,ThreadLocal,100,read-heavy,1,284517.5093276536,332.0,732.0,344.26792222222224,137.1466215319799,0.39837177000607343,0,100,900,1790609785.351026,2300.0,2300.0,performance,,32861568.0,31954656.0,29996832.0,0.0,0.0,24.6,20.81,17.91,,,
7,54,hdr_histogram,HdrHistogram,250,read-heavy,1,294474.21838365874,803.0,1881.0,833.0780488888889,376.6376026560829,0.4521036212134268,0,100,900,1790609788.1920488,2300.0,2300.0,performance,,32861568.0,31990140.0,30032320.0,0.0,0.0,22.63,20.46,17.81,,,
7,55,disabled,Disabled,750,read-heavy,1,286080.07308432955,1887.0,9089.0,2561.4276192592592,1952.1319681957073,0.7621265397146945,0,100,900,1790609791.5496857,2300.0,2300.0,performance,,32861568.0,31999032.0,30041208.0,0.0,0.0,22.63,20.46,17.81,,,
7,56,sharded_n,Sharded-N,1500,read-heavy,1,267679.17561368283,2131.0,26928.0,5431.471268148148,7149.762125773113,1.3163582706773325,0,100,900,1790609796.7095802,2387.987125,3003.897,performance,,32861568.0,31948408.0,29990548.0,0.0,0.0,24.27,20.84,17.94,,,
7,57,hdr_histogram,HdrHistogram,500,write-heavy,1,282231.695856623,1631.0,4306.0,1738.7935355555555,859.7056563917854,0.4944265312771042,0,100,900,1790609804.879017,2300.0,2300.0,performance,,32861568.0,31960988.0,30002804.0,0.0,0.0,22.05,20.47,17.85,,,
7,58,thread_local,ThreadLocal,1500,mixed,1,261816.05093383882,2216.0,28635.0,5545.393284444444,7355.023335939941,1.326330335590759,0,100,900,1790609808.9933538,2387.78775,3002.302,performance,,32861568.0,31969440.0,30011308.0,0.0,0.0,20.28,20.13,17.76,,,
7,59,thread_local,ThreadLocal,750,read-heavy,1,285253.6459318643,1932.0,8971.0,2570.514411851852,1907.5470805616865,0.7420876816588046,0,100,900,1790609817.1001637,2473.24625,3009.947,performance,,32861568.0,31948960.0,29990516.0,0.0,0.0,20.02,20.07,17.75,,,
7,60,global_mutex,GlobalMutex,1500,mixed,1,258581.37909346737,2247.0,29600.0,5613.340623703703,7471.191928442567,1.3309707051971214,0,100,900,1790609822.259094,2390.642,3025.136,performance,,32861568.0,31963108.0,30004648.0,0.0,0.0,16.94,19.41,17.56,,,
7,61,sharded_n,Sharded-N,2000,mixed,1,252908.23027329156,2310.0,45535.0,7625.941299444445,11587.768057728177,1.5195197029083287,0,100,900,1790609830.431653,2637.981625,3006.463,performance,,32861568.0,31968700.0,30009908.0,0.0,0.0,17.67,19.52,17.61,,,
7,62,disabled,Disabled,1000,read-heavy,1,280096.10435945645,1996.0,14943.0,3465.243646666667,3469.210578960557,1.0011447773081428,0,100,900,1790609840.7332458,2396.683625,3073.469,performance,,32861568.0,31973332.0,30014348.0,0.0,0.0,17.8,19.49,17.62,,,
7,63,thread_local,ThreadLocal,1500,write-heavy,1,260948.17385037921,2219.0,27089.0,5569.465595555555,7239.546378594423,1.2998637399558757,0,100,900,1790609846.8446255,2300.0,2300.0,performance,,32861568.0,31947540.0,29988428.0,0.0,0.0,17.41,19.38,17.59,,,
7,64,global_mutex,GlobalMutex,250,write-heavy,1,292142.22183461516,816.0,1825.0,840.4512355555555,369.20710023773165,0.43929627873493243,0,100,900,1790609854.985319,2829.601625,3075.277,performance,,32861568.0,31961896.0,30002680.0,0.0,0.0,17.86,19.39,17.61,,,
7,65,disabled,Disabled,750,write-heavy,1,274580.6967571093,2010.0,9253.0,2668.5853792592593,1975.5060165243046,0.7402821104688289,0,100,900,1790609858.1757948,2397.279125,3078.233,performance,,32861568.0,31983880.0,30024644.0,0.0,0.0,16.43,19.07,17.52,,,
7,66,sharded_n,Sharded-N,1000,mixed,1,270369.204857684,2149.0,15167.0,3599.38329,3518.6997498196183,0.9775840654690648,0,100,900,1790609863.2582839,2395.3685,3062.948,performance,,32861568.0,31975224.0,30015860.0,0.0,0.0,15.11,18.75,17.43,,,
7,67,global_mutex,GlobalMutex,100,read-heavy,1,284251.57314058754,333.0,705.0,345.56685555555555,138.6772574926684,0.40130369930797294,0,100,900,1790609869.3266735,2300.0,2300.0,performance,,32861568.0,31936600.0,29977060.0,0.0,0.0,15.75,18.82,17.46,,,
7,68,sharded_2key,Sharded-2key,1500,mixed,1,260730.4664456225,2194.0,29333.0,5568.039946666667,7458.03862988625,1.3394369834489137,0,100,900,1790609872.1722617,2390.65475,3025.238,performance,,32861568.0,31973184.0,30013604.0,0.0,0.0,14.56,18.53,17.37,,,
7,69,global_mutex,GlobalMutex,1000,write-heavy,1,265696.9687751712,2141.0,15362.0,3669.3174066666666,3606.590467576179,0.9829050114398604,0,100,900,1790609880.314114,2477.401625,3019.211,performance,,32861568.0,31967344.0,30007608.0,0.0,0.0,19.08,19.4,17.66,,,
7,70,global_mutex,GlobalMutex,2000,mixed,1,250920.4564241597,2296.0,43172.0,7698.885477777778,11552.467870908318,1.5005376952616842,0,100,900,1790609886.435734,2467.902,2980.301,performance,,32861568.0,31948904.0,29989092.0,0.0,0.0,18.68,19.31,17.64,,,
7,71,hdr_histogram,HdrHistogram,1500,read-heavy,1,266079.3496262586,2165.0,27502.0,5454.2281251851855,7117.605468113479,1.3049702551397806,0,100,900,1790609896.802724,2300.0,2300.0,performance,,32861568.0,31972012.0,30011832.0,0.0,0.0,17.19,18.97,17.54,,,
7,72,disabled,Disabled,250,read-heavy,1,310771.1897985636,765.0,1674.0,786.5020355555556,342.4549835687024,0.4354152539818985,0,100,900,1790609904.9907615,2300.0,2300.0,performance,,32861568.0,31958108.0,29997764.0,0.0,0.0,16.87,18.82,17.51,,,
7,73,sharded_2key,Sharded-2key,1000,write-heavy,1,274869.66705041507,2084.0,15188.0,3540.1371255555555,3514.9824090453903,0.9928944231203424,0,100,900,1790609908.305465,2386.734625,2993.877,performance,,32861568.0,31953348.0,29993092.0,0.0,0.0,15.52,18.51,17.42,,,
7,74,disabled,Disabled,1500,read-heavy,1,262137.79577547795,2182.0,29460.0,5537.885865925926,7420.342483426441,1.3399233323104558,0,100,900,1790609914.3228428,2392.892125,3043.137,performance,,32861568.0,31960888.0,30000448.0,0.0,0.0,15.23,18.4,17.39,,,
7,75,sharded_n,Sharded-N,750,read-heavy,1,288871.8223701538,1918.0,8455.0,2528.5866237037035,1836.5779556521852,0.7263259001829605,0,100,900,1790609922.5877974,2300.0,2300.0,performance,,32861568.0,31965072.0,30004340.0,0.0,0.0,22.03,19.82,17.86,,,
7,76,hdr_histogram,HdrHistogram,2000,read-heavy,1,253806.01718711658,2292.0,42203.0,7601.124543888889,11404.328538578136,1.5003475436732485,0,100,900,1790609927.7204142,2386.767625,2994.141,performance,,32861568.0,31960784.0,30000080.0,0.0,0.0,20.26,19.49,17.77,,,
7,77,sharded_n,Sharded-N,1000,write-heavy,1,271433.1732893575,2104.0,15187.0,3584.8473922222224,3547.377316003865,0.9895476509544999,0,100,900,1790609938.1835501,2398.919625,3091.357,performance,,32861568.0,31991052.0,30030004.0,0.0,0.0,18.55,19.16,17.68,,,
7,78,disabled,Disabled,100,mixed,1,293024.8682684728,323.0,702.0,335.1153444444444,132.62733535987167,0.39576622663979116,0,100,900,1790609944.239762,2300.0,2300.0,performance,,32861568.0,31967040.0,30005860.0,0.0,0.0,18.34,19.11,17.67,,,
7,79,disabled,Disabled,1500,write-heavy,1,263510.2142627591,2211.0,28722.0,5494.931688888889,7276.452023471092,1.3242115526539764,0,100,900,1790609946.9073782,2411.54475,3192.358,performance,,32861568.0,31982412.0,30021224.0,0.0,0.0,18.34,19.11,17.67,,,
7,80,sharded_2key,Sharded-2key,500,mixed,1,286512.96415961324,1602.0,4353.0,1714.7635022222223,867.2568990859552,0.5057588979250179,0,100,900,1790609954.9867365,2300.0,2300.0,performance,,32861568.0,31951064.0,29989712.0,0.0,0.0,17.28,18.84,17.6,,,
7,81,hdr_histogram,HdrHistogram,1000,read-heavy,1,278625.4713516386,2032.0,14454.0,3501.114973333333,3335.3395137431767,0.9526506667582169,0,100,900,1790609959.0779953,2300.0,2300.0,performance,,32861568.0,31981332.0,30020004.0,0.0,0.0,15.9,18.53,17.5,,,
7,82,global_mutex,GlobalMutex,500,write-heavy,1,291590.6349485865,1589.0,4080.0,1681.2549911111112,807.2799453744428,0.48016508479830655,0,100,900,1790609965.2121863,2731.66275,3016.363,performance,,32861568.0,31941624.0,29980092.0,0.0,0.0,16.07,18.52,17.51,,,
7,83,sharded_n,Sharded-N,1500,mixed,1,254880.66631352378,2266.0,30033.0,5696.848834074074,7526.401361571103,1.3211516718776322,0,100,900,1790609969.2775855,2387.8665,3002.932,performance,,32861568.0,31965436.0,30003964.0,0.0,0.0,16.3,18.53,17.51,,,
7,84,thread_local,ThreadLocal,500,mixed,1,283789.0066775692,1608.0,4408.0,1729.4519844444444,877.7462768945945,0.5075285609484873,0,100,900,1790609977.547467,2396.725625,3073.805,performance,,32861568.0,31961712.0,29999816.0,0.0,0.0,16.3,18.47,17.51,,,
7,85,global_mutex,GlobalMutex,2000,read-heavy,1,254136.65224679396,2279.0,43711.0,7575.197919444445,11475.64158017456,1.5148966010139797,0,100,900,1790609981.6534045,2606.28425,3203.007,performance,,32861568.0,31979684.0,30017832.0,0.0,0.0,16.3,18.47,17.51,,,
7,86,hdr_histogram,HdrHistogram,1500,write-heavy,1,255684.02427975266,2258.0,29672.0,5670.910995555556,7463.535810440076,1.3161087903318263,0,100,900,1790609992.091019,2300.0,2300.0,performance,,32861568.0,31967028.0,30004896.0,0.0,0.0,16.33,18.41,17.5,,,
7,87,hdr_histogram,HdrHistogram,3000,write-heavy,1,230151.84608158516,2585.0,70736.0,12515.335964814814,20880.850376604518,1.6684210823671233,0,100,900,1790610000.3392859,2388.96675,3011.734,performance,,32861568.0,31938852.0,29976604.0,0.0,0.0,15.02,18.05,17.39,,,
7,88,sharded_2key,Sharded-2key,3000,read-heavy,1,240497.49774137978,2443.0,77083.0,11984.500222592593,20194.676953405236,1.685066258777752,0,100,900,1790610015.7909684,2300.0,2300.0,performance,,32861568.0,31981064.0,30018276.0,0.0,0.0,17.11,18.35,17.5,,,
7,89,sharded_n,Sharded-N,500,mixed,1,286609.43211756775,1601.0,4276.0,1712.6566977777777,863.3291098889832,0.5040876615898434,0,100,900,1790610030.8494785,2567.4775,3033.097,performance,,32861568.0,31990576.0,30027484.0,0.0,0.0,18.14,18.5,17.56,,,
7,90,thread_local,ThreadLocal,1000,write-heavy,1,270887.6201467222,2111.0,15464.0,3601.7236577777776,3525.8724059878136,0.9789402910947468,0,100,900,1790610034.9406037,2397.569875,3080.559,performance,,32861568.0,31969248.0,30006204.0,0.0,0.0,19.65,18.81,17.66,,,
7,91,disabled,Disabled,500,read-heavy,1,292402.84370186704,1562.0,4278.0,1674.1309355555557,844.8263534001337,0.5046357697940635,0,100,900,1790610040.9903157,2389.7905,3018.324,performance,,32861568.0,31954552.0,29991324.0,0.0,0.0,18.56,18.59,17.6,,,
7,92,sharded_2key,Sharded-2key,500,read-heavy,1,289195.4369517769,1594.0,4244.0,1695.4351955555555,838.4614638382368,0.4945405557441504,0,100,900,1790610045.2153876,2588.555,3076.892,performance,,32861568.0,31957116.0,29993844.0,0.0,0.0,18.27,18.53,17.59,,,
7,93,global_mutex,GlobalMutex,3000,write-heavy,1,230920.8410184548,2592.0,85110.0,12507.649347777779,20918.28370846831,1.6724392511199428,0,100,900,1790610049.4658,2397.849625,3082.797,performance,,32861568.0,31965056.0,30001752.0,0.0,0.0,17.93,18.46,17.57,,,
7,94,hdr_histogram,HdrHistogram,1000,write-heavy,1,264263.02229683666,2215.0,15598.0,3690.504662222222,3611.193353071653,0.9785093594481974,0,100,900,1790610064.8751469,2300.0,2300.0,performance,,32861568.0,31985444.0,30021588.0,0.0,0.0,18.14,18.48,17.59,,,
7,95,thread_local,ThreadLocal,100,mixed,1,280648.05640135345,333.0,831.0,349.8309777777778,150.86354270747407,0.4312469515015526,0,100,900,1790610071.0233493,2814.255625,3206.379,performance,,32861568.0,31961144.0,29997248.0,0.0,0.0,17.65,18.37,17.56,,,
7,96,thread_local,ThreadLocal,3000,mixed,1,237203.18129319765,2491.0,67771.0,12187.426665555555,20106.661183571177,1.6497872549581927,0,100,900,1790610073.700052,2477.999875,3012.582,performance,,32861568.0,31987496.0,30023568.0,0.0,0.0,16.24,18.07,17.46,,,
7,97,global_mutex,GlobalMutex,500,read-heavy,1,289860.3455882386,1576.0,4295.0,1685.42784,862.7339707731985,0.5118783197346488,0,100,900,1790610088.776349,2399.832375,3098.659,performance,,32861568.0,32002148.0,30037764.0,0.0,0.0,14.26,17.56,17.31,,,
7,98,sharded_2key,Sharded-2key,750,read-heavy,1,295510.12087884836,1858.0,8256.0,2477.496511111111,1789.5587713525993,0.7223254455966985,0,100,900,1790610093.0378466,2300.0,2300.0,performance,,32861568.0,31982700.0,30018372.0,0.0,0.0,13.12,17.26,17.21,,,
7,99,sharded_2key,Sharded-2key,2000,read-heavy,1,257019.06666317454,2255.0,42772.0,7507.419236666667,11241.358636646353,1.4973665759523476,0,100,900,1790610098.1175616,2398.294,3086.352,performance,,32861568.0,31956136.0,29991716.0,0.0,0.0,12.07,16.98,17.12,,,
7,100,disabled,Disabled,750,mixed,1,277119.8029922066,1961.0,9139.0,2643.4393066666667,1972.681143364156,0.7462555082649787,0,100,900,1790610108.4681296,2300.0,2300.0,performance,,32861568.0,31988524.0,30023728.0,0.0,0.0,11.61,16.73,17.04,,,
7,101,disabled,Disabled,100,write-heavy,1,277952.87522097834,337.0,771.0,352.1922666666667,143.88587144607277,0.40854352881704226,0,100,900,1790610113.5328212,2300.0,2300.0,performance,,32861568.0,31963184.0,29998400.0,0.0,0.0,10.68,16.45,16.95,,,
7,102,hdr_histogram,HdrHistogram,750,read-heavy,1,281717.5133827807,1965.0,8646.0,2597.0589303703705,1879.4129902676164,0.7236697513057936,0,100,900,1790610116.2135992,2300.0,2300.0,performance,,32861568.0,31985148.0,30020332.0,0.0,0.0,10.68,16.45,16.95,,,
7,103,hdr_histogram,HdrHistogram,750,mixed,1,279764.9708157575,1988.0,8764.0,2611.480660740741,1901.363326297681,0.7280786547193359,0,100,900,1790610121.4096043,2562.35475,3029.985,performance,,32861568.0,31954168.0,29989256.0,0.0,0.0,11.99,16.63,17.0,,,
7,104,thread_local,ThreadLocal,500,read-heavy,1,297696.94183526235,1542.0,4110.0,1645.0442133333333,811.166340537104,0.4930969842405922,0,100,900,1790610126.4565895,3022.358,3087.418,performance,,32861568.0,31938896.0,29973848.0,0.0,0.0,12.15,16.58,16.98,,,
7,105,thread_local,ThreadLocal,500,write-heavy,1,279928.4568802917,1629.0,4654.0,1753.5970533333334,907.8958896239594,0.5177334712659223,0,100,900,1790610130.6531448,2395.903375,3067.227,performance,,32861568.0,31958904.0,29993896.0,0.0,0.0,12.7,16.62,17.0,,,
7,106,sharded_2key,Sharded-2key,100,read-heavy,1,291568.3855781711,326.0,673.0,337.0126888888889,131.18197556659808,0.3892493662452218,0,100,900,1790610134.7766042,2300.0,2300.0,performance,,32861568.0,31960344.0,29995256.0,0.0,0.0,12.89,16.6,16.98,,,
7,107,thread_local,ThreadLocal,1000,mixed,1,273933.3815668941,2094.0,14888.0,3551.5681633333334,3481.2070105976786,0.9801887083395812,0,100,900,1790610137.6179845,2751.1185,3055.439,performance,,32861568.0,31984860.0,30019740.0,0.0,0.0,11.85,16.32,16.89,,,
7,108,disabled,Disabled,1000,write-heavy,1,270312.41286836035,2132.0,15063.0,3594.4152244444444,3525.069886037199,0.9807074769949642,0,100,900,1790610143.6352804,2396.157375,3069.259,performance,,32861568.0,31932248.0,29966860.0,0.0,0.0,10.9,16.05,16.8,,,
7,109,sharded_2key,Sharded-2key,750,mixed,1,278677.7991530714,1967.0,9200.0,2636.635957037037,1965.9141318301736,0.7456145497004456,0,100,900,1790610149.7044554,2398.016,3084.128,performance,,32861568.0,31970016.0,30004484.0,0.0,0.0,11.63,16.11,16.82,,,
7,110,disabled,Disabled,500,write-heavy,1,286647.94009687915,1607.0,4359.0,1710.552951111111,848.3871861742538,0.495972478152853,0,100,900,1790610154.7487876,2300.0,2300.0,performance,,32861568.0,31942344.0,29976816.0,0.0,0.0,11.9,16.1,16.81,,,
7,111,sharded_2key,Sharded-2key,3000,write-heavy,1,231741.57991398807,2574.0,83535.0,12486.061204814814,20861.883440257312,1.6708138057350428,0,100,900,1790610158.846596,2387.889375,3003.115,performance,,32861568.0,31980360.0,30014748.0,0.0,0.0,10.95,15.83,16.72,,,
7,112,global_mutex,GlobalMutex,100,write-heavy,1,278142.0820959719,337.0,810.0,352.8437222222222,150.1926448407603,0.4256633613738165,0,100,900,1790610174.215976,2300.0,2300.0,performance,,32861568.0,31988588.0,30022372.0,0.0,0.0,11.63,15.77,16.69,,,
7,113,hdr_histogram,HdrHistogram,100,write-heavy,1,275709.5341974421,341.0,784.0,355.8545555555556,146.9484490855705,0.41294525190539283,0,100,900,1790610176.8958178,2300.0,2300.0,performance,,32861568.0,31991412.0,30025164.0,0.0,0.0,11.63,15.77,16.69,,,
7,114,global_mutex,GlobalMutex,1000,read-heavy,1,276416.5636422975,2071.0,15071.0,3518.198463333333,3499.051179960246,0.994557645461835,0,100,900,1790610179.5814877,2818.641375,3005.86,performance,,32861568.0,31990940.0,30024712.0,0.0,0.0,12.3,15.84,16.7,,,
7,115,sharded_2key,Sharded-2key,1500,read-heavy,1,264857.00441058504,2163.0,26943.0,5486.471862222223,7161.866049666168,1.305368227435937,0,100,900,1790610185.7415526,2841.929375,3047.178,performance,,32861568.0,31962628.0,29996444.0,0.0,0.0,13.08,15.94,16.73,,,
7,116,global_mutex,GlobalMutex,100,mixed,1,274584.59705682105,340.0,847.0,358.0045777777778,157.26898584017903,0.439293225847519,0,100,900,1790610193.956936,2559.0,3090.435,performance,,32861568.0,31979456.0,30013052.0,0.0,0.0,13.94,16.05,16.76,,,
7,117,disabled,Disabled,2000,write-heavy,1,249868.08863223612,2348.0,48484.0,7751.512079444445,11753.450749723625,1.5162784537086087,0,100,900,1790610196.6371703,2585.00425,3176.204,performance,,32861568.0,31986576.0,30020144.0,0.0,0.0,13.94,16.05,16.76,,,
7,118,sharded_2key,Sharded-2key,1000,mixed,1,274716.7450889977,2073.0,14790.0,3541.579833333333,3505.8573954442536,0.9899134172967499,0,100,900,1790610206.9986522,2300.0,2300.0,performance,,32861568.0,31964120.0,29997408.0,0.0,0.0,17.61,16.77,16.99,,,
7,119,sharded_2key,Sharded-2key,250,write-heavy,1,290402.0222729497,825.0,1849.0,846.1156977777778,367.2398872628433,0.4340303438730131,0,100,900,1790610213.0057318,2300.0,2300.0,performance,,32861568.0,31963992.0,29997200.0,0.0,0.0,14.9,16.22,16.81,,,
7,120,sharded_n,Sharded-N,3000,write-heavy,1,230619.1613027469,2576.0,86507.0,12502.15574962963,21018.21581853999,1.6811673314150357,0,100,900,1790610216.2004218,2381.19025,2949.522,performance,,32861568.0,31984248.0,30017444.0,0.0,0.0,14.9,16.22,16.81,,,
7,121,sharded_2key,Sharded-2key,750,write-heavy,1,277579.4810507178,1938.0,9387.0,2643.5070977777777,2009.9934018470858,0.7603510516528421,0,100,900,1790610231.6415815,2392.9585,3043.668,performance,,32861568.0,31996028.0,30028724.0,0.0,0.0,16.47,16.49,16.89,,,
7,122,disabled,Disabled,2000,read-heavy,1,260336.41371106173,2194.0,41364.0,7406.651105555556,11228.1620121044,1.515956651945225,0,100,900,1790610236.7048717,2300.0,2300.0,performance,,32861568.0,31994164.0,30026884.0,0.0,0.0,16.35,16.47,16.88,,,
7,123,thread_local,ThreadLocal,1500,read-heavy,1,268592.01567477535,2156.0,29700.0,5400.630535555556,7304.895817624901,1.3526005472013751,0,100,900,1790610246.9405653,2390.906125,3027.249,performance,,32861568.0,31960604.0,29992932.0,0.0,0.0,17.2,16.63,16.93,,,
7,124,sharded_2key,Sharded-2key,1500,write-heavy,1,257538.42959735685,2246.0,29464.0,5638.955121481482,7553.4436391331865,1.3395112173101893,0,100,900,1790610255.080644,2734.222,3011.077,performance,,32861568.0,31952956.0,29985164.0,0.0,0.0,18.72,16.95,17.02,,,
7,125,global_mutex,GlobalMutex,750,read-heavy,1,281982.1505574413,1956.0,9002.0,2596.423586666667,1929.913147604544,0.7432967245849895,0,100,900,1790610263.268775,2300.0,2300.0,performance,,32861568.0,31974368.0,30006440.0,0.0,0.0,19.16,17.13,17.08,,,
7,126,sharded_n,Sharded-N,3000,read-heavy,1,235919.21724379688,2511.0,77375.0,12225.704341111112,20354.59254560382,1.664901422256538,0,100,900,1790610268.4557433,2300.0,2300.0,performance,,32861568.0,31955536.0,29987592.0,0.0,0.0,17.62,16.84,16.99,,,
7,127,global_mutex,GlobalMutex,1000,mixed,1,271327.332878317,2113.0,14988.0,3588.3770344444442,3545.4339961222036,0.9880327407320817,0,100,900,1790610283.73458,2674.281625,3087.394,performance,,32861568.0,31998852.0,30030340.0,0.0,0.0,15.63,16.45,16.86,,,
7,128,sharded_2key,Sharded-2key,500,write-heavy,1,285925.19176039996,1590.0,4589.0,1710.9466155555556,869.7492725177779,0.5083438984070023,0,100,900,1790610289.7847633,2300.0,2300.0,performance,,32861568.0,31952900.0,29984440.0,0.0,0.0,15.42,16.4,16.84,,,
7,129,sharded_n,Sharded-N,250,mixed,1,288774.7035207874,818.0,1885.0,848.9972266666666,392.05221926116945,0.4617826854399102,0,100,900,1790610293.8863604,2398.349875,3086.799,performance,,32861568.0,31979264.0,30010772.0,0.0,0.0,14.27,16.14,16.75,,,
7,130,thread_local,ThreadLocal,250,read-heavy,1,296014.74558644317,805.0,1788.0,830.1100888888889,367.9231363842346,0.4432220994647874,0,100,900,1790610297.0821538,2399.9135,3099.308,performance,,32861568.0,31972536.0,30004000.0,0.0,0.0,14.27,16.14,16.75,,,
7,131,sharded_2key,Sharded-2key,2000,write-heavy,1,247277.54857946924,2373.0,47879.0,7794.923,11864.70522228991,1.5221067895462097,0,100,900,1790610300.4248738,2953.33025,3079.029,performance,,32861568.0,31963368.0,29994804.0,0.0,0.0,13.12,15.87,16.66,,,
7,132,sharded_2key,Sharded-2key,100,write-heavy,1,281159.5413107011,335.0,754.0,349.5699888888889,142.8630639223392,0.4086822909953759,0,100,900,1790610310.916721,2300.0,2300.0,performance,,32861568.0,31970156.0,30001156.0,0.0,0.0,17.1,16.66,16.91,,,
7,133,disabled,Disabled,2000,mixed,1,253817.36437079898,2307.0,47648.0,7613.048589444445,11664.312684147451,1.5321474107389934,0,100,900,1790610313.5905979,2400.43725,3103.498,performance,,32861568.0,31993844.0,30024816.0,0.0,0.0,15.73,16.38,16.82,,,
7,134,disabled,Disabled,1000,mixed,1,278160.5705073301,2030.0,15061.0,3489.8389466666667,3463.9929983312436,0.992593942376593,0,100,900,1790610323.8579717,2497.772,3103.871,performance,,32861568.0,31958672.0,29989444.0,0.0,0.0,14.34,16.07,16.72,,,
7,135,sharded_n,Sharded-N,100,read-heavy,1,287140.5401237987,329.0,711.0,341.26155555555556,137.9120845855262,0.4041242921752868,0,100,900,1790610329.8219109,2658.75775,3031.52,performance,,32861568.0,31948004.0,29978748.0,0.0,0.0,14.64,16.1,16.72,,,
7,136,sharded_n,Sharded-N,1500,write-heavy,1,251662.05919418982,2297.0,30315.0,5767.834743703704,7683.103689474646,1.332060301807657,0,100,900,1790610332.66276,2394.37425,3054.994,performance,,32861568.0,31967492.0,29998208.0,0.0,0.0,13.46,15.84,16.63,,,
7,137,sharded_n,Sharded-N,2000,write-heavy,1,246952.98015518519,2380.0,41541.0,7836.341997777778,11667.072309977306,1.488841644900879,0,100,900,1790610341.004418,2398.99425,3091.954,performance,,32861568.0,31972148.0,30002632.0,0.0,0.0,14.31,15.97,16.67,,,
7,138,hdr_histogram,HdrHistogram,750,write-heavy,1,275695.2203307801,1979.0,9017.0,2656.061688888889,1975.5125816348304,0.7437751125657203,0,100,900,1790610351.4982364,2476.3315,3007.454,performance,,32861568.0,31981744.0,30011884.0,0.0,0.0,14.76,16.02,16.68,,,
7,139,sharded_n,Sharded-N,100,mixed,1,276924.45813706657,339.0,797.0,354.48155555555553,151.72969259259256,0.4280326866507811,0,100,900,1790610356.576568,2399.341875,3094.735,performance,,32861568.0,31964520.0,29994772.0,0.0,0.0,14.38,15.92,16.65,,,
7,140,thread_local,ThreadLocal,2000,write-heavy,1,248575.57646447976,2356.0,44776.0,7761.405890555556,11725.837073378216,1.5107877668975884,0,100,900,1790610359.2561166,2300.0,2300.0,performance,,32861568.0,31985220.0,30015444.0,0.0,0.0,14.03,15.82,16.61,,,
7,141,thread_local,ThreadLocal,3000,read-heavy,1,242232.16109631144,2438.0,69398.0,11926.88444925926,20153.963530613153,1.6897928051834903,0,100,900,1790610369.682872,2776.128,3128.805,performance,,32861568.0,31975084.0,30004920.0,0.0,0.0,14.43,15.84,16.61,,,
7,142,hdr_histogram,HdrHistogram,250,write-heavy,1,291183.6987610888,812.0,1907.0,844.8872311111111,381.97541344339317,0.4521022443919023,0,100,900,1790610384.645909,2300.0,2300.0,performance,,32861568.0,31980420.0,30009748.0,0.0,0.0,14.82,15.87,16.61,,,
7,143,global_mutex,GlobalMutex,750,write-heavy,1,273434.45986136567,1997.0,9216.0,2683.1350385185187,1998.60839897336,0.7448780513398546,0,100,900,1790610387.8440099,2300.0,2300.0,performance,,32861568.0,31988004.0,30017388.0,0.0,0.0,13.64,15.6,16.52,,,
7,144,sharded_2key,Sharded-2key,2000,mixed,1,248149.85270327245,2363.0,44495.0,7786.123673888889,11753.639879585906,1.5095624436331854,0,100,900,1790610392.9460235,2300.0,2300.0,performance,,32861568.0,31952376.0,29981804.0,0.0,0.0,12.54,15.34,16.43,,,
8,1,sharded_2key,Sharded-2key,250,write-heavy,1,299385.9753318464,800.0,1680.0,820.0506711111111,332.442575314323,0.4053927239202019,0,100,900,1790610403.3960621,2660.72475,3078.772,performance,,32861568.0,31979264.0,30008288.0,0.0,0.0,11.57,15.05,16.32,,,
8,2,sharded_n,Sharded-N,3000,write-heavy,1,228812.79089887475,2625.0,84025.0,12617.114682592593,21232.95205849385,1.682869070516434,0,100,900,1790610406.5643585,2388.178375,3005.427,performance,,32861568.0,31992196.0,30021264.0,0.0,0.0,11.57,15.05,16.32,,,
8,3,hdr_histogram,HdrHistogram,100,read-heavy,1,278608.1866762024,338.0,751.0,351.2489444444444,143.11112590470424,0.40743503480432386,0,100,900,1790610422.0922153,2393.634875,3049.079,performance,,32861568.0,31966660.0,29995352.0,0.0,0.0,15.39,15.73,16.52,,,
8,4,thread_local,ThreadLocal,1000,read-heavy,1,278956.93571898533,2028.0,15341.0,3470.474031111111,3551.603537991223,1.023377067845149,0,100,900,1790610424.942473,2387.763375,3002.107,performance,,32861568.0,31992380.0,30021072.0,0.0,0.0,14.16,15.47,16.43,,,
8,5,global_mutex,GlobalMutex,750,mixed,1,275423.43131130055,2001.0,8788.0,2654.0964014814813,1937.1240778415945,0.7298619887206499,0,100,900,1790610431.0611145,2769.950875,3092.524,performance,,32861568.0,31950032.0,29978532.0,0.0,0.0,13.74,15.36,16.39,,,
8,6,disabled,Disabled,750,write-heavy,1,281398.69517426105,1964.0,8808.0,2608.545397037037,1898.8411133236746,0.7279310206678814,0,100,900,1790610436.1250193,2505.966875,3145.445,performance,,32861568.0,31967356.0,29995852.0,0.0,0.0,13.92,15.37,16.39,,,
8,7,sharded_2key,Sharded-2key,2000,mixed,1,252949.0057019214,2306.0,45550.0,7626.764368888889,11513.322252892225,1.5095945929387027,0,100,900,1790610441.1492994,2400.01675,3100.134,performance,,32861568.0,31960868.0,29989312.0,0.0,0.0,14.49,15.47,16.42,,,
8,8,sharded_2key,Sharded-2key,500,read-heavy,1,296398.6957761837,1546.0,4266.0,1655.3096577777778,827.0542156662458,0.4996371595974076,0,100,900,1790610451.4182453,2399.81875,3098.55,performance,,32861568.0,31971228.0,29999296.0,0.0,0.0,14.6,15.45,16.4,,,
8,9,hdr_histogram,HdrHistogram,250,read-heavy,1,301573.4651839687,796.0,1713.0,815.1634755555556,346.93113605668015,0.42559700779066106,0,100,900,1790610455.6221483,2398.0235,3084.188,performance,,32861568.0,31951140.0,29979244.0,0.0,0.0,14.47,15.41,16.38,,,
8,10,sharded_n,Sharded-N,1500,mixed,1,263155.44108166517,2186.0,28390.0,5521.313785925926,7275.683822927177,1.317745034066569,0,100,900,1790610458.9642556,2363.80275,2810.422,performance,,32861568.0,31961824.0,29989920.0,0.0,0.0,13.31,15.16,16.3,,,
8,11,thread_local,ThreadLocal,3000,mixed,1,237148.8918037029,2499.0,81332.0,12171.624424074074,20327.294741964724,1.6700560281633132,0,100,900,1790610467.0671475,2387.6825,3001.46,performance,,32861568.0,31966044.0,29993716.0,0.0,0.0,14.01,15.27,16.33,,,
8,12,global_mutex,GlobalMutex,1000,write-heavy,1,267388.3114336419,2176.0,15010.0,3650.4763422222222,3549.5527339625423,0.9723533043914365,0,100,900,1790610482.1246183,2390.75375,3026.03,performance,,32861568.0,31983204.0,30010592.0,0.0,0.0,14.41,15.27,16.31,,,
8,13,sharded_2key,Sharded-2key,100,read-heavy,1,291536.12138050696,327.0,653.0,336.8616333333333,127.00210398319852,0.3770156391111678,0,100,900,1790610488.2248785,2300.0,2300.0,performance,,32861568.0,31972712.0,30000064.0,0.0,0.0,12.19,14.76,16.13,,,
8,14,hdr_histogram,HdrHistogram,500,write-heavy,1,295224.9333233012,1536.0,4289.0,1653.1722355555555,850.7990338939579,0.5146463360534502,0,100,900,1790610491.0635967,2392.6815,3041.452,performance,,32861568.0,31997636.0,30024960.0,0.0,0.0,12.19,14.76,16.13,,,
8,15,global_mutex,GlobalMutex,3000,mixed,1,235581.15526972545,2514.0,69447.0,12246.257128888888,20632.708112804845,1.6848174830603826,0,100,900,1790610495.1152437,2930.0915,3084.585,performance,,32861568.0,31938596.0,29965916.0,0.0,0.0,12.98,14.88,16.16,,,
8,16,hdr_histogram,HdrHistogram,3000,mixed,1,232587.1197297353,2541.0,84398.0,12419.509976666666,20919.130158091728,1.6843764526453817,0,100,900,1790610510.2515721,2387.7,3001.6,performance,,32861568.0,31976348.0,30003112.0,0.0,0.0,14.01,15.02,16.19,,,
8,17,global_mutex,GlobalMutex,100,mixed,1,281537.6840035675,336.0,747.0,349.2544555555556,142.73576711348193,0.40868703274360113,0,100,900,1790610525.5430958,2678.477375,3129.462,performance,,32861568.0,31995700.0,30022140.0,0.0,0.0,14.26,15.02,16.17,,,
8,18,hdr_histogram,HdrHistogram,500,read-heavy,1,290355.9491001375,1559.0,4449.0,1685.6400933333334,882.9527627427973,0.5238085913089363,0,100,900,1790610528.2202883,2394.9875,3059.9,performance,,32861568.0,31994612.0,30021028.0,0.0,0.0,13.12,14.77,16.08,,,
8,19,thread_local,ThreadLocal,750,mixed,1,287392.3690883309,1934.0,8726.0,2547.17528,1856.1035700382627,0.7286909482092111,0,100,900,1790610532.466879,2300.0,2300.0,performance,,32861568.0,31985612.0,30012072.0,0.0,0.0,12.06,14.52,15.99,,,
8,20,disabled,Disabled,3000,mixed,1,237721.59737174213,2475.0,80799.0,12138.409932222223,20529.299800148245,1.6912676301738536,0,100,900,1790610537.4412308,2478.0915,3022.412,performance,,32861568.0,31963792.0,29990088.0,0.0,0.0,11.1,14.28,15.91,,,
8,21,sharded_2key,Sharded-2key,2000,read-heavy,1,256074.81139346102,2264.0,44946.0,7516.268236666667,11380.10056991099,1.5140625921777726,0,100,900,1790610552.4682772,2753.917375,3100.967,performance,,32861568.0,31985932.0,30011812.0,0.0,0.0,12.03,14.37,15.91,,,
8,22,global_mutex,GlobalMutex,500,read-heavy,1,288103.71254246956,1603.0,4236.0,1702.7926377777778,851.4617722958818,0.5000384388595186,0,100,900,1790610562.8478272,2300.0,2300.0,performance,,32861568.0,31969796.0,29995360.0,0.0,0.0,11.43,14.18,15.83,,,
8,23,thread_local,ThreadLocal,1500,write-heavy,1,261159.65758010873,2218.0,30094.0,5546.844331851852,7469.40393178289,1.3466042104140281,0,100,900,1790610567.0953379,2488.436125,3100.002,performance,,32861568.0,31989984.0,30015680.0,0.0,0.0,11.43,14.18,15.83,,,
8,24,sharded_n,Sharded-N,100,read-heavy,1,284741.3399227626,331.0,752.0,344.4732111111111,144.99805239485855,0.4209269334098926,0,100,900,1790610575.2306685,2300.0,2300.0,performance,,32861568.0,31953288.0,29978744.0,0.0,0.0,11.92,14.18,15.81,,,
8,25,hdr_histogram,HdrHistogram,500,mixed,1,293627.87058901275,1548.0,4397.0,1664.1484555555555,863.5958403677382,0.5189415869027366,0,100,900,1790610578.0797832,2300.0,2300.0,performance,,32861568.0,31959044.0,29984480.0,0.0,0.0,10.96,13.94,15.73,,,
8,26,sharded_2key,Sharded-2key,250,mixed,1,309252.87913056015,776.0,1630.0,793.9061288888889,336.99071767692493,0.42447174220529094,0,100,900,1790610582.131504,2372.6515,2881.212,performance,,32861568.0,31942116.0,29967588.0,0.0,0.0,10.96,13.94,15.73,,,
8,27,sharded_n,Sharded-N,250,read-heavy,1,301995.4311876271,797.0,1703.0,811.7661822222223,345.3416862629442,0.4254201441572327,0,100,900,1790610585.2793164,2399.69625,3097.57,performance,,32861568.0,31982484.0,30007928.0,0.0,0.0,10.09,13.71,15.64,,,
8,28,thread_local,ThreadLocal,100,write-heavy,1,288344.39393060043,328.0,696.0,340.6046,134.416908294919,0.3946420814484567,0,100,900,1790610588.6132624,2393.215,3045.72,performance,,32861568.0,31988460.0,30013860.0,0.0,0.0,9.28,13.48,15.56,,,
8,29,sharded_2key,Sharded-2key,500,mixed,1,286471.2905557995,1608.0,4229.0,1712.4642844444445,845.7957769612824,0.4939056450077582,0,100,900,1790610591.2810187,2300.0,2300.0,performance,,32861568.0,31987800.0,30013164.0,0.0,0.0,9.28,13.48,15.56,,,
8,30,disabled,Disabled,100,write-heavy,1,282784.6724172082,335.0,743.0,347.3482222222222,142.2606044004823,0.40956191884427884,0,100,900,1790610595.3704538,3006.51475,3109.55,performance,,32861568.0,31951756.0,29977012.0,0.0,0.0,9.5,13.46,15.54,,,
8,31,sharded_2key,Sharded-2key,1000,read-heavy,1,286076.0581331255,2040.0,14360.0,3405.3842077777776,3292.2850841725312,0.9667881458582759,0,100,900,1790610598.0438404,2601.976125,3152.121,performance,,32861568.0,31969476.0,29994684.0,0.0,0.0,8.73,13.23,15.46,,,
8,32,hdr_histogram,HdrHistogram,2000,write-heavy,1,249307.8532897472,2334.0,43457.0,7751.669122777777,11538.778878398998,1.4885541030760774,0,100,900,1790610604.0770383,2384.371375,2974.971,performance,,32861568.0,31931492.0,29956424.0,0.0,0.0,8.04,13.01,15.37,,,
8,33,global_mutex,GlobalMutex,2000,write-heavy,1,247859.67487188085,2349.0,43333.0,7779.021713888889,11793.688214625812,1.5160888667490182,0,100,900,1790610614.509614,2860.82625,3078.36,performance,,32861568.0,31971920.0,29996560.0,0.0,0.0,10.36,13.34,15.46,,,
8,34,disabled,Disabled,1000,write-heavy,1,271621.28591606504,2097.0,15071.0,3579.8044444444445,3573.981883670428,0.998373497529159,0,100,900,1790610624.9740531,2391.11075,3028.886,performance,,32861568.0,31967048.0,29991460.0,0.0,0.0,12.44,13.71,15.55,,,
8,35,sharded_2key,Sharded-2key,100,write-heavy,1,279474.1973692802,335.0,750.0,349.35433333333333,144.55336561612953,0.41377292858195414,0,100,900,1790610631.0296712,2300.0,2300.0,performance,,32861568.0,31962312.0,29986688.0,0.0,0.0,12.08,13.61,15.51,,,
8,36,thread_local,ThreadLocal,3000,read-heavy,1,241284.85525896816,2461.0,82204.0,11980.581526666667,20217.1392808696,1.6874923171191485,0,100,900,1790610633.7093446,2393.117125,3044.937,performance,,32861568.0,31973852.0,29998204.0,0.0,0.0,11.11,13.39,15.43,,,
8,37,sharded_2key,Sharded-2key,750,read-heavy,1,285834.07408645155,1917.0,8736.0,2564.9942755555558,1885.3767083982636,0.7350412928270209,0,100,900,1790610648.6958299,2300.0,2300.0,performance,,32861568.0,31985060.0,30008976.0,0.0,0.0,11.01,13.28,15.36,,,
8,38,sharded_n,Sharded-N,500,read-heavy,1,289210.29445894074,1580.0,4403.0,1694.6066222222223,864.4904571673455,0.5101422630071492,0,100,900,1790610653.8493724,2857.603125,3050.419,performance,,32861568.0,31940028.0,29963968.0,0.0,0.0,10.13,13.06,15.28,,,
8,39,sharded_n,Sharded-N,2000,mixed,1,250956.05214478285,2326.0,45176.0,7693.515795555556,11629.742375701464,1.5116291023175406,0,100,900,1790610658.0941875,2485.35725,3089.898,performance,,32861568.0,31975592.0,29999488.0,0.0,0.0,9.32,12.84,15.2,,,
8,40,thread_local,ThreadLocal,500,read-heavy,1,300498.6584921861,1545.0,3999.0,1637.9487555555556,783.393156406635,0.4782769630304615,0,100,900,1790610668.4480915,2399.327625,3094.621,performance,,32861568.0,31977392.0,30000868.0,0.0,0.0,8.48,12.55,15.08,,,
8,41,sharded_2key,Sharded-2key,3000,write-heavy,1,234780.9495701366,2535.0,84969.0,12292.62234,20779.9671455055,1.690442166915664,0,100,900,1790610672.6288774,2300.0,2300.0,performance,,32861568.0,31972040.0,29995512.0,0.0,0.0,7.8,12.34,14.99,,,
8,42,sharded_2key,Sharded-2key,1000,mixed,1,277725.87406919297,2082.0,14655.0,3507.235,3414.69742026736,0.9736152325884522,0,100,900,1790610687.810199,2398.94225,3091.538,performance,,32861568.0,31981116.0,30004136.0,0.0,0.0,10.34,12.71,15.07,,,
8,43,sharded_n,Sharded-N,100,mixed,1,277761.11553999496,340.0,732.0,352.52726666666666,142.5256749835166,0.40429688270973446,0,100,900,1790610693.7738788,2561.0195,3031.055,performance,,32861568.0,31963388.0,29986424.0,0.0,0.0,9.51,12.5,14.99,,,
8,44,thread_local,ThreadLocal,3000,write-heavy,1,235495.37725020992,2510.0,75147.0,12262.110368518519,20456.654238434887,1.668281692436472,0,100,900,1790610696.4526813,2859.659,3092.962,performance,,32861568.0,31967332.0,29990340.0,0.0,0.0,9.51,12.5,14.99,,,
8,45,hdr_histogram,HdrHistogram,250,write-heavy,1,312670.27111009695,774.0,1517.0,786.5463422222223,307.66736363948854,0.39116241106689115,0,100,900,1790610711.6258936,2300.0,2300.0,performance,,32861568.0,31997644.0,30020184.0,0.0,0.0,10.14,12.49,14.95,,,
8,46,global_mutex,GlobalMutex,750,write-heavy,1,275283.9050934977,2019.0,8994.0,2674.647477037037,1940.4182713655068,0.7254856155903933,0,100,900,1790610714.7699325,2577.270625,3063.686,performance,,32861568.0,31986388.0,30008884.0,0.0,0.0,11.41,12.71,15.01,,,
8,47,hdr_histogram,HdrHistogram,1500,write-heavy,1,257494.29113889424,2266.0,29306.0,5635.078992592593,7432.321782856982,1.3189383489791173,0,100,900,1790610719.8435848,2388.1275,3005.02,performance,,32861568.0,31961364.0,29983876.0,0.0,0.0,12.74,12.97,15.08,,,
8,48,thread_local,ThreadLocal,250,mixed,1,297840.1032830054,806.0,1685.0,823.4564622222222,352.1979576122605,0.42770683547956,0,100,900,1790610728.0460658,2497.237625,3125.536,performance,,32861568.0,31953636.0,29975892.0,0.0,0.0,11.59,12.72,14.98,,,
8,49,disabled,Disabled,750,read-heavy,1,296494.0550490945,1837.0,9039.0,2475.1166103703704,1875.8487444527855,0.757882976742695,0,100,900,1790610731.2211242,2390.151375,3021.211,performance,,32861568.0,31973664.0,29995908.0,0.0,0.0,11.59,12.72,14.98,,,
8,50,sharded_n,Sharded-N,2000,write-heavy,1,250673.57968397098,2325.0,44623.0,7711.556151666667,11717.038833898314,1.5194130216332482,0,100,900,1790610736.2779691,2704.482875,3154.26,performance,,32861568.0,31942952.0,29965088.0,0.0,0.0,11.78,12.74,14.97,,,
8,51,disabled,Disabled,100,read-heavy,1,300074.0982973395,315.0,650.0,326.46793333333335,129.41723697134816,0.39641638200101376,0,100,900,1790610746.6415906,2388.969625,3011.757,performance,,32861568.0,31982280.0,30004132.0,0.0,0.0,14.76,13.33,15.14,,,
8,52,sharded_2key,Sharded-2key,250,read-heavy,1,310138.84106796834,769.0,1662.0,790.0703688888889,334.4126768509411,0.4232694833515153,0,100,900,1790610749.46925,3062.243375,3206.342,performance,,32861568.0,31984852.0,30006656.0,0.0,0.0,15.66,13.54,15.2,,,
8,53,sharded_n,Sharded-N,250,mixed,1,306334.8219508358,782.0,1674.0,804.1864888888889,334.87601585509816,0.4164158693063626,0,100,900,1790610752.784592,2665.162625,3069.114,performance,,32861568.0,31987664.0,30009488.0,0.0,0.0,14.4,13.31,15.12,,,
8,54,sharded_n,Sharded-N,1000,read-heavy,1,292497.2887402566,1999.0,13306.0,3321.561472222222,3131.5401784330884,0.9427915769802074,0,100,900,1790610755.9387443,2578.07625,3076.03,performance,,32861568.0,31978996.0,30000856.0,0.0,0.0,14.4,13.31,15.12,,,
8,55,sharded_n,Sharded-N,500,mixed,1,288250.3413167487,1591.0,4453.0,1702.7551022222221,860.3962507498734,0.5052965336160158,0,100,900,1790610761.9134169,2387.669875,3001.359,performance,,32861568.0,31949656.0,29971272.0,0.0,0.0,14.45,13.34,15.11,,,
8,56,hdr_histogram,HdrHistogram,1000,mixed,1,276381.36901460617,2071.0,14805.0,3515.8065855555556,3458.5284823273155,0.983708403225717,0,100,900,1790610765.9979043,2300.0,2300.0,performance,,32861568.0,31961932.0,29983572.0,0.0,0.0,19.46,14.4,15.45,,,
8,57,sharded_2key,Sharded-2key,100,mixed,1,282797.5486065278,332.0,750.0,346.6414555555556,143.55454089476268,0.4141297545173603,0,100,900,1790610771.9811807,2763.758625,3090.408,performance,,32861568.0,31943868.0,29965352.0,0.0,0.0,18.62,14.31,15.41,,,
8,58,sharded_n,Sharded-N,3000,mixed,1,235116.53370911442,2529.0,86944.0,12280.754046296297,20798.266831132878,1.6935659449515108,0,100,900,1790610774.6537683,2300.0,2300.0,performance,,32861568.0,31968060.0,29989540.0,0.0,0.0,18.41,14.34,15.42,,,
8,59,disabled,Disabled,500,write-heavy,1,294756.4173512392,1550.0,4279.0,1663.2983955555555,841.5578964353767,0.505957258591769,0,100,900,1790610789.818353,2484.08075,3070.636,performance,,32861568.0,32001944.0,30022912.0,0.0,0.0,18.51,14.57,15.47,,,
8,60,global_mutex,GlobalMutex,250,mixed,1,299493.94348639,799.0,1714.0,820.6709066666666,356.4967675957607,0.43439674137316486,0,100,900,1790610793.8613768,2389.88675,3019.094,performance,,32861568.0,31949564.0,29970548.0,0.0,0.0,17.02,14.32,15.39,,,
8,61,hdr_histogram,HdrHistogram,3000,write-heavy,1,233834.0443231383,2535.0,84171.0,12350.659297037037,20575.020095857704,1.6659045967524762,0,100,900,1790610797.0331545,2690.8425,3106.389,performance,,32861568.0,31989580.0,30010516.0,0.0,0.0,17.02,14.32,15.39,,,
8,62,disabled,Disabled,250,mixed,1,293526.49007953,802.0,2064.0,835.5383822222223,392.7627859331216,0.4700715063364513,0,100,900,1790610812.2614512,2398.362625,3086.901,performance,,32861568.0,31960252.0,29980712.0,0.0,0.0,15.98,14.2,15.33,,,
8,63,thread_local,ThreadLocal,750,write-heavy,1,276574.7463763685,2006.0,9128.0,2651.415296296296,1951.5615204314647,0.736045206934409,0,100,900,1790610815.4446132,2768.301875,3158.991,performance,,32861568.0,31955128.0,29975676.0,0.0,0.0,14.7,13.96,15.25,,,
8,64,sharded_n,Sharded-N,1500,write-heavy,1,261450.54095650767,2209.0,29259.0,5548.918317777778,7376.924061171945,1.3294346102622474,0,100,900,1790610820.513251,2476.07475,3012.181,performance,,32861568.0,31957196.0,29977640.0,0.0,0.0,14.17,13.87,15.21,,,
8,65,disabled,Disabled,1500,read-heavy,1,275206.45641294174,2060.0,27157.0,5266.977891111111,7001.955739360551,1.3294067080056478,0,100,900,1790610828.6346462,2300.0,2300.0,performance,,32861568.0,31953856.0,29973952.0,0.0,0.0,13.68,13.78,15.17,,,
8,66,thread_local,ThreadLocal,2000,mixed,1,258929.99712462124,2236.0,42924.0,7461.031935,11287.990691582161,1.5129261997431942,0,100,900,1790610836.6457922,2565.67675,3023.898,performance,,32861568.0,31956548.0,29976544.0,0.0,0.0,14.19,13.89,15.19,,,
8,67,sharded_2key,Sharded-2key,1000,write-heavy,1,272581.7302730097,2110.0,15588.0,3571.9994155555555,3563.4502469968056,0.9976066153534294,0,100,900,1790610846.7761433,2360.747625,2785.981,performance,,32861568.0,31967344.0,29987068.0,0.0,0.0,19.35,14.98,15.54,,,
8,68,global_mutex,GlobalMutex,250,write-heavy,1,296997.8150108348,793.0,1828.0,825.9927288888889,375.0126741953622,0.45401449804506483,0,100,900,1790610852.8066063,2389.8015,3018.412,performance,,32861568.0,31971732.0,29991416.0,0.0,0.0,17.55,14.75,15.46,,,
8,69,global_mutex,GlobalMutex,1500,mixed,1,264552.00049455935,2198.0,29868.0,5488.701115555556,7345.235071693183,1.338246502597129,0,100,900,1790610855.9829988,2300.0,2300.0,performance,,32861568.0,31962128.0,29981776.0,0.0,0.0,17.55,14.75,15.46,,,
8,70,global_mutex,GlobalMutex,1500,read-heavy,1,267795.66743930883,2158.0,28353.0,5414.141066666667,7145.564133609833,1.319796445202185,0,100,900,1790610864.0317798,2300.0,2300.0,performance,,32861568.0,31981232.0,30000628.0,0.0,0.0,15.44,14.4,15.33,,,
8,71,global_mutex,GlobalMutex,1500,write-heavy,1,261171.6242561667,2206.0,27962.0,5567.113245185185,7236.244973983043,1.2998199704741833,0,100,900,1790610872.183257,2374.693375,2897.547,performance,,32861568.0,31951836.0,29971060.0,0.0,0.0,20.69,15.5,15.68,,,
8,72,thread_local,ThreadLocal,250,write-heavy,1,301292.2408139591,795.0,1644.0,812.9740311111111,335.562647037637,0.4127593676996244,0,100,900,1790610880.2917585,2300.0,2300.0,performance,,32861568.0,31975172.0,29994208.0,0.0,0.0,18.39,15.17,15.58,,,
8,73,global_mutex,GlobalMutex,3000,read-heavy,1,242728.43586771697,2431.0,79910.0,11922.370504814815,19970.05029354664,1.6750066847429201,0,100,900,1790610883.457651,2474.275125,3004.187,performance,,32861568.0,31981140.0,30000196.0,0.0,0.0,16.92,14.92,15.49,,,
8,74,disabled,Disabled,3000,write-heavy,1,238318.5125310003,2503.0,86197.0,12089.349672962962,20551.504728222564,1.6999677637073114,0,100,900,1790610898.4074981,2386.257875,2990.063,performance,,32861568.0,31969944.0,29988472.0,0.0,0.0,15.29,14.68,15.4,,,
8,75,disabled,Disabled,1500,mixed,1,268322.96318049583,2161.0,28965.0,5409.269091111111,7196.707299792238,1.3304398761781642,0,100,900,1790610913.4047372,2713.99075,3001.359,performance,,32861568.0,31987996.0,30006200.0,0.0,0.0,15.11,14.69,15.4,,,
8,76,global_mutex,GlobalMutex,1000,mixed,1,272842.68617568025,2103.0,15328.0,3572.5597566666665,3549.4468315849185,0.9935304300960628,0,100,900,1790610921.3813424,2399.40375,3095.23,performance,,32861568.0,31942972.0,29961124.0,0.0,0.0,14.86,14.64,15.38,,,
8,77,sharded_2key,Sharded-2key,1500,mixed,1,275393.72006921854,2111.0,26816.0,5265.675393333333,6873.565427765433,1.3053530486265421,0,100,900,1790610927.4017692,2300.0,2300.0,performance,,32861568.0,31950940.0,29968948.0,0.0,0.0,13.53,14.37,15.28,,,
8,78,thread_local,ThreadLocal,100,mixed,1,278259.25560776494,337.0,847.0,352.5232555555556,153.32304470127235,0.4349302983136372,0,100,900,1790610935.251408,2602.64775,3228.933,performance,,32861568.0,31937508.0,29955208.0,0.0,0.0,13.97,14.45,15.3,,,
8,79,disabled,Disabled,500,mixed,1,296061.32565350784,1543.0,4242.0,1656.9375866666667,844.0727965972055,0.5094173753975028,0,100,900,1790610937.930695,2570.518375,3063.874,performance,,32861568.0,31966368.0,29984036.0,0.0,0.0,12.85,14.21,15.22,,,
8,80,sharded_n,Sharded-N,750,mixed,1,284298.67123345635,1931.0,8520.0,2586.547614814815,1894.4047400571988,0.7324066756810234,0,100,900,1790610941.965215,2914.215,3011.999,performance,,32861568.0,31939160.0,29956916.0,0.0,0.0,12.85,14.21,15.22,,,
8,81,hdr_histogram,HdrHistogram,1000,read-heavy,1,284904.1058079603,2002.0,14920.0,3415.629488888889,3392.6948367841765,0.993285380577923,0,100,900,1790610946.9671323,2400.008375,3100.067,performance,,32861568.0,31960224.0,29977784.0,0.0,0.0,15.19,14.67,15.36,,,
8,82,thread_local,ThreadLocal,1500,mixed,1,266640.86473215686,2177.0,28809.0,5443.073643703704,7273.932277732469,1.3363648471202696,0,100,900,1790610953.0280573,2673.1075,3078.074,performance,,32861568.0,31942484.0,29959932.0,0.0,0.0,12.85,14.19,15.2,,,
8,83,disabled,Disabled,250,write-heavy,1,298075.3592003483,802.0,1800.0,824.3510355555555,367.4037294473494,0.44568844290920884,0,100,900,1790610961.0288742,2863.222375,3090.601,performance,,32861568.0,31964332.0,29981528.0,0.0,0.0,12.94,14.18,15.19,,,
8,84,thread_local,ThreadLocal,100,read-heavy,1,293691.6147392426,319.0,704.0,333.2207111111111,141.18601273515898,0.42370119271512235,0,100,900,1790610964.2012157,2386.826875,2994.615,performance,,32861568.0,31977884.0,29995120.0,0.0,0.0,11.91,13.95,15.11,,,
8,85,disabled,Disabled,100,mixed,1,292301.52704391105,322.0,739.0,336.33332222222225,137.88383168521392,0.40996185205256375,0,100,900,1790610967.033875,2300.0,2300.0,performance,,32861568.0,31987772.0,30004956.0,0.0,0.0,11.91,13.95,15.11,,,
8,86,global_mutex,GlobalMutex,500,mixed,1,310302.3178806701,1537.0,3358.0,1585.4601333333333,667.7704791954221,0.4211840242185563,0,100,900,1790610969.6987505,2300.0,2300.0,performance,,32861568.0,31992648.0,30009788.0,0.0,0.0,11.67,13.86,15.08,,,
8,87,global_mutex,GlobalMutex,750,read-heavy,1,283314.4355609396,1984.0,8738.0,2588.0638325925925,1873.9791591033143,0.7240853705011039,0,100,900,1790610973.6690454,2300.0,2300.0,performance,,32861568.0,31957624.0,29974772.0,0.0,0.0,10.74,13.63,14.99,,,
8,88,hdr_histogram,HdrHistogram,750,mixed,1,276076.6139057863,1980.0,9143.0,2654.77864,1991.002300785918,0.7499692331357306,0,100,900,1790610978.8507428,2300.0,2300.0,performance,,32861568.0,31955788.0,29972820.0,0.0,0.0,9.88,13.41,14.91,,,
8,89,disabled,Disabled,1000,read-heavy,1,286685.7369891496,1987.0,14130.0,3395.7276711111112,3340.4399705625337,0.9837184527431533,0,100,900,1790610983.9261694,2693.136625,3130.667,performance,,32861568.0,31951304.0,29968208.0,0.0,0.0,9.09,13.18,14.83,,,
8,90,disabled,Disabled,2000,mixed,1,258304.88106025138,2230.0,43442.0,7455.608752222222,11399.106441255242,1.5289303422551002,0,100,900,1790610989.9551954,2837.538,3096.935,performance,,32861568.0,31943492.0,29960232.0,0.0,0.0,9.56,13.22,14.83,,,
8,91,sharded_2key,Sharded-2key,1500,read-heavy,1,286480.37546720676,2014.0,26791.0,5056.387548888889,6699.1562074808235,1.3248897840025975,0,100,900,1790611000.0933895,2662.898125,3049.287,performance,,32861568.0,31981564.0,29997996.0,0.0,0.0,11.88,13.59,14.94,,,
8,92,sharded_2key,Sharded-2key,500,write-heavy,1,279802.5956872694,1636.0,4502.0,1751.8453933333333,881.0386345641869,0.5029203135830302,0,100,900,1790611007.9017022,2300.0,2300.0,performance,,32861568.0,31962944.0,29979176.0,0.0,0.0,11.45,13.45,14.88,,,
8,93,global_mutex,GlobalMutex,2000,mixed,1,247914.14531180463,2355.0,45293.0,7795.231710555556,11636.510887383547,1.492772930870868,0,100,900,1790611012.0282516,2389.012375,3012.099,performance,,32861568.0,31960648.0,29976900.0,0.0,0.0,11.45,13.45,14.88,,,
8,94,sharded_n,Sharded-N,1500,read-heavy,1,271198.9452067777,2101.0,27581.0,5353.57958074074,7025.3774149073115,1.312276638266626,0,100,900,1790611022.4730926,2460.96425,3085.465,performance,,32861568.0,31955080.0,29970960.0,0.0,0.0,13.24,13.81,14.98,,,
8,95,hdr_histogram,HdrHistogram,1000,write-heavy,1,283461.31484665995,2020.0,14950.0,3423.95812,3394.772161488899,0.9914759592587831,0,100,900,1790611030.5576816,2575.6365,3097.488,performance,,32861568.0,31942320.0,29958068.0,0.0,0.0,13.14,13.78,14.96,,,
8,96,sharded_n,Sharded-N,100,write-heavy,1,280432.65536443505,335.0,759.0,350.19323333333335,151.38410519919205,0.4322873510668216,0,100,900,1790611036.4622045,2358.236875,2765.895,performance,,32861568.0,31947140.0,29962836.0,0.0,0.0,12.65,13.66,14.92,,,
8,97,thread_local,ThreadLocal,500,mixed,1,288778.78027801955,1566.0,4637.0,1697.6841777777777,910.632838631734,0.5363970817138247,0,100,900,1790611039.1410456,2300.0,2300.0,performance,,32861568.0,31977344.0,29993028.0,0.0,0.0,11.64,13.44,14.84,,,
8,98,global_mutex,GlobalMutex,500,write-heavy,1,294473.6815220333,1559.0,4071.0,1660.81526,800.7025182474789,0.48211413847888107,0,100,900,1790611043.2088995,2300.0,2300.0,performance,,32861568.0,31981060.0,29996668.0,0.0,0.0,10.79,13.23,14.76,,,
8,99,sharded_n,Sharded-N,1000,write-heavy,1,269864.45102627046,2129.0,14867.0,3602.9227255555556,3504.38874929472,0.9726516542911305,0,100,900,1790611047.2611947,2367.74225,2841.938,performance,,32861568.0,31957372.0,29972972.0,0.0,0.0,10.79,13.23,14.76,,,
8,100,hdr_histogram,HdrHistogram,2000,read-heavy,1,257684.4049212609,2248.0,44461.0,7488.342667777778,11426.479183717203,1.525902284478135,0,100,900,1790611053.3377457,2300.0,2300.0,performance,,32861568.0,31949624.0,29965000.0,0.0,0.0,9.13,12.79,14.6,,,
8,101,thread_local,ThreadLocal,500,write-heavy,1,291654.28918269405,1567.0,4363.0,1682.1077311111112,860.9079191369827,0.5118030808694474,0,100,900,1790611063.6453388,2675.42525,3059.364,performance,,32861568.0,31968020.0,29983124.0,0.0,0.0,8.24,12.49,14.48,,,
8,102,sharded_n,Sharded-N,750,write-heavy,1,293559.19450131705,1903.0,8268.0,2493.790626666667,1791.9811884402525,0.7185772411196805,0,100,900,1790611067.7120547,2300.0,2300.0,performance,,32861568.0,31986296.0,30001424.0,0.0,0.0,7.58,12.28,14.41,,,
8,103,hdr_histogram,HdrHistogram,750,read-heavy,1,308284.2083132462,1794.0,7691.0,2360.7787318518517,1679.5856811595147,0.7114540886438804,0,100,900,1790611072.6288042,2300.0,2300.0,performance,,32861568.0,31962720.0,29977732.0,0.0,0.0,6.97,12.07,14.33,,,
8,104,global_mutex,GlobalMutex,100,write-heavy,1,277483.5373179562,342.0,710.0,353.94343333333336,140.57383643174873,0.3971646969343841,0,100,900,1790611077.6025887,2388.095375,3004.763,performance,,32861568.0,31955724.0,29970584.0,0.0,0.0,6.41,11.87,14.25,,,
8,105,hdr_histogram,HdrHistogram,750,write-heavy,1,272863.8781967728,1988.0,9520.0,2687.968445925926,2041.8350292011878,0.7596201630625302,0,100,900,1790611080.2837727,2697.706625,2938.989,performance,,32861568.0,31984780.0,29999624.0,0.0,0.0,6.41,11.87,14.25,,,
8,106,thread_local,ThreadLocal,750,read-heavy,1,293463.5781211947,1878.0,8588.0,2495.168957037037,1837.9174906228743,0.736590396189188,0,100,900,1790611085.3934228,2645.688,3099.245,performance,,32861568.0,31951188.0,29965900.0,0.0,0.0,7.02,11.91,14.25,,,
8,107,sharded_n,Sharded-N,3000,read-heavy,1,240267.5862671111,2453.0,80537.0,12003.56029925926,20160.819387458017,1.6795699679787623,0,100,900,1790611090.4810827,2393.408,3047.264,performance,,32861568.0,31940580.0,29955196.0,0.0,0.0,7.66,11.96,14.25,,,
8,108,hdr_histogram,HdrHistogram,250,mixed,1,301901.485447489,793.0,1777.0,814.0927688888889,359.8683391084782,0.4420483179080966,0,100,900,1790611105.5544653,2742.842875,3085.619,performance,,32861568.0,32001756.0,30015840.0,0.0,0.0,9.91,12.27,14.32,,,
8,109,thread_local,ThreadLocal,1500,read-heavy,1,272518.5679880329,2128.0,28944.0,5321.89394,7086.5447322336,1.331583231858544,0,100,900,1790611108.7242246,2696.5235,3157.41,performance,,32861568.0,31981300.0,29995432.0,0.0,0.0,9.12,12.06,14.24,,,
8,110,disabled,Disabled,2000,write-heavy,1,252759.08549409962,2299.0,45316.0,7627.942958888889,11576.802842943387,1.5176834574323694,0,100,900,1790611116.79599,2300.0,2300.0,performance,,32861568.0,31964828.0,29978748.0,0.0,0.0,9.59,12.11,14.25,,,
8,111,hdr_histogram,HdrHistogram,1500,read-heavy,1,273965.5966707587,2099.0,26537.0,5306.7117311111115,6902.072919288332,1.3006308367617296,0,100,900,1790611127.1048212,2491.231875,3102.76,performance,,32861568.0,31975736.0,29989484.0,0.0,0.0,10.42,12.21,14.25,,,
8,112,thread_local,ThreadLocal,1000,write-heavy,1,293712.21957283287,1932.0,13458.0,3317.1472444444444,3175.315954606783,0.9572429924311621,0,100,900,1790611135.1481369,2399.7005,3097.604,performance,,32861568.0,31955932.0,29969532.0,0.0,0.0,9.78,12.01,14.17,,,
8,113,sharded_n,Sharded-N,500,write-heavy,1,280325.17169233086,1644.0,4469.0,1752.205977777778,868.3988905471039,0.4956032005143849,0,100,900,1790611140.942353,2587.54325,3097.283,performance,,32861568.0,31966628.0,29980116.0,0.0,0.0,10.92,12.2,14.22,,,
8,114,sharded_n,Sharded-N,250,write-heavy,1,304367.1993679746,789.0,1640.0,807.1671288888889,328.1994085317771,0.40660650909256196,0,100,900,1790611145.0759337,2300.0,2300.0,performance,,32861568.0,31960520.0,29973952.0,0.0,0.0,11.49,12.3,14.24,,,
8,115,hdr_histogram,HdrHistogram,2000,mixed,1,251849.45126848473,2320.0,45302.0,7639.881755,11637.304958197115,1.5232310304516112,0,100,900,1790611148.2364948,2580.335625,3131.485,performance,,32861568.0,31965336.0,29978716.0,0.0,0.0,10.57,12.1,14.16,,,
8,116,global_mutex,GlobalMutex,3000,write-heavy,1,234536.8005459401,2531.0,84190.0,12296.000221481481,20619.599918949356,1.6769355520119702,0,100,900,1790611158.5817428,2300.0,2300.0,performance,,32861568.0,31975360.0,29988344.0,0.0,0.0,10.34,12.01,14.11,,,
8,117,disabled,Disabled,1500,write-heavy,1,264123.9467099198,2161.0,28047.0,5495.715580740741,7110.348437934959,1.2937984750980491,0,100,900,1790611173.795126,2369.5995,2856.796,performance,,32861568.0,31989652.0,30002280.0,0.0,0.0,9.95,11.86,14.03,,,
8,118,sharded_2key,Sharded-2key,750,write-heavy,1,278670.60168822366,2002.0,8696.0,2634.705377777778,1877.7238223792906,0.7126883477055194,0,100,900,1790611181.8675635,2649.78475,3006.399,performance,,32861568.0,31954572.0,29967080.0,0.0,0.0,9.79,11.79,14.0,,,
8,119,global_mutex,GlobalMutex,250,read-heavy,1,306719.3231131492,787.0,1596.0,800.8980844444444,316.54563541885597,0.3952383475088879,0,100,900,1790611186.920694,2698.48875,3163.664,performance,,32861568.0,31954592.0,29967076.0,0.0,0.0,10.37,11.88,14.01,,,
8,120,thread_local,ThreadLocal,2000,write-heavy,1,253154.00019097995,2306.0,43781.0,7629.303445,11466.688560399947,1.5029797468489534,0,100,900,1790611190.2444234,2733.033125,3012.955,performance,,32861568.0,31952460.0,29964976.0,0.0,0.0,13.39,12.48,14.2,,,
8,121,hdr_histogram,HdrHistogram,3000,read-heavy,1,239457.26017966584,2459.0,84823.0,12041.806332222222,20360.47387694862,1.6908155898892665,0,100,900,1790611200.532512,2727.254875,3041.931,performance,,32861568.0,31982200.0,29994312.0,0.0,0.0,13.72,12.58,14.21,,,
8,122,disabled,Disabled,750,mixed,1,287799.2164085192,1893.0,8807.0,2541.972651851852,1924.9518753206669,0.7572669493191914,0,100,900,1790611215.6235938,2912.331375,3073.279,performance,,32861568.0,31996964.0,30008696.0,0.0,0.0,16.91,13.34,14.43,,,
8,123,thread_local,ThreadLocal,2000,read-heavy,1,263788.5391265536,2176.0,42652.0,7310.1511738888885,11110.075211578289,1.5198146997646698,0,100,900,1790611220.5828476,2300.0,2300.0,performance,,32861568.0,31952260.0,29964088.0,0.0,0.0,16.35,13.28,14.41,,,
8,124,disabled,Disabled,500,read-heavy,1,292464.5154704399,1530.0,4605.0,1675.5646577777777,900.0666437210577,0.5371721345058529,0,100,900,1790611230.735018,2966.878125,3094.178,performance,,32861568.0,31979856.0,29991276.0,0.0,0.0,16.07,13.32,14.41,,,
8,125,hdr_histogram,HdrHistogram,1500,mixed,1,261051.746042573,2203.0,31032.0,5564.551402962963,7463.675727248711,1.3412897440887184,0,100,900,1790611234.9574199,2639.053875,3007.224,performance,,32861568.0,31962664.0,29974148.0,0.0,0.0,16.71,13.5,14.46,,,
8,126,hdr_histogram,HdrHistogram,100,write-heavy,1,288049.9114451358,327.0,720.0,340.6682666666667,137.6523261268719,0.4040655957590568,0,100,900,1790611243.082261,3009.58225,3068.252,performance,,32861568.0,31959784.0,29970960.0,0.0,0.0,15.02,13.25,14.37,,,
8,127,sharded_2key,Sharded-2key,3000,mixed,1,234563.10653943816,2543.0,84033.0,12306.729228148148,20707.261762875245,1.682596681782294,0,100,900,1790611245.7550297,2300.0,2300.0,performance,,32861568.0,31982056.0,29993196.0,0.0,0.0,15.02,13.25,14.37,,,
8,128,disabled,Disabled,3000,read-heavy,1,242363.1188700029,2434.0,83067.0,11920.384365185186,20341.259316611977,1.7064264618866567,0,100,900,1790611260.9233708,2387.880875,3003.047,performance,,32861568.0,31976824.0,29987600.0,0.0,0.0,24.25,15.39,15.05,,,
8,129,global_mutex,GlobalMutex,100,read-heavy,1,283278.41241637233,330.0,807.0,346.30176666666665,150.66717772470673,0.43507481690017386,0,100,900,1790611275.8666668,2737.98125,3003.122,performance,,32861568.0,31983516.0,29993964.0,0.0,0.0,25.94,16.14,15.3,,,
8,130,sharded_n,Sharded-N,1000,mixed,1,275563.9398653507,2112.0,15173.0,3524.984303333333,3506.7218371429162,0.9948191354573842,0,100,900,1790611278.713752,2300.0,2300.0,performance,,32861568.0,31993476.0,30003896.0,0.0,0.0,23.86,15.87,15.21,,,
8,131,sharded_2key,Sharded-2key,1500,write-heavy,1,265588.30836041225,2191.0,28969.0,5457.504245185185,7241.6096269078425,1.3269086566990145,0,100,900,1790611284.7126527,2300.0,2300.0,performance,,32861568.0,31960288.0,29970624.0,0.0,0.0,22.75,15.77,15.19,,,
8,132,hdr_histogram,HdrHistogram,100,mixed,1,279906.23228300456,332.0,878.0,351.03226666666666,161.22529240140008,0.45928909593515077,0,100,900,1790611292.749605,2300.0,2300.0,performance,,32861568.0,31990820.0,30000880.0,0.0,0.0,20.14,15.45,15.09,,,
8,133,sharded_2key,Sharded-2key,2000,write-heavy,1,246981.78729969446,2357.0,46378.0,7818.197250555556,11863.625642706369,1.5174374939009563,0,100,900,1790611295.430455,2387.111875,2996.895,performance,,32861568.0,32004776.0,30014804.0,0.0,0.0,20.14,15.45,15.09,,,
8,134,global_mutex,GlobalMutex,1000,read-heavy,1,279704.5959207557,2053.0,14573.0,3479.1875077777777,3396.5752268841234,0.9762552950339776,0,100,900,1790611305.9096057,2921.689875,3083.676,performance,,32861568.0,31996532.0,30006408.0,0.0,0.0,20.75,15.74,15.19,,,
8,135,disabled,Disabled,2000,read-heavy,1,260628.5041725006,2212.0,40586.0,7411.333963888889,11155.061317791657,1.5051354280003801,0,100,900,1790611312.0259001,2300.0,2300.0,performance,,32861568.0,31952404.0,29962180.0,0.0,0.0,21.09,15.9,15.24,,,
8,136,global_mutex,GlobalMutex,2000,read-heavy,1,255332.73144230846,2267.0,43076.0,7537.557167777778,11396.725534192165,1.5119919199965612,0,100,900,1790611322.2846336,2387.815375,3002.523,performance,,32861568.0,31960500.0,29969864.0,0.0,0.0,19.61,15.74,15.2,,,
8,137,disabled,Disabled,250,read-heavy,1,301539.3151844074,786.0,1779.0,810.7251511111111,363.71552676999744,0.4486298794005833,0,100,900,1790611332.669819,2300.0,2300.0,performance,,32861568.0,31963124.0,29972320.0,0.0,0.0,16.44,15.23,15.04,,,
8,138,disabled,Disabled,1000,mixed,1,275933.4466260061,2079.0,15476.0,3510.475193333333,3561.64503093959,1.0145763279294588,0,100,900,1790611336.0065513,2388.472625,3007.781,performance,,32861568.0,31964616.0,29973856.0,0.0,0.0,16.44,15.23,15.04,,,
8,139,sharded_2key,Sharded-2key,3000,read-heavy,1,239939.9225625092,2454.0,70325.0,12046.298105925925,20362.341732294848,1.690340181958308,0,100,900,1790611342.0034454,2387.850125,3002.801,performance,,32861568.0,31953264.0,29962348.0,0.0,0.0,16.0,15.16,15.02,,,
8,140,sharded_n,Sharded-N,2000,read-heavy,1,252453.44255435688,2292.0,43260.0,7645.268355555556,11601.216259695357,1.5174374162111848,0,100,900,1790611357.0724258,2861.22075,3089.513,performance,,32861568.0,31981908.0,29990484.0,0.0,0.0,14.93,14.94,14.95,,,
8,141,thread_local,ThreadLocal,250,read-heavy,1,302761.34290156956,790.0,1771.0,812.3470711111111,351.8734593433142,0.433156555685034,0,100,900,1790611367.572306,2581.85275,3079.987,performance,,32861568.0,32000512.0,30009048.0,0.0,0.0,13.23,14.57,14.82,,,
8,142,sharded_n,Sharded-N,750,read-heavy,1,280789.18762155017,1935.0,9056.0,2609.2761555555558,1957.0411758193286,0.7500322155063897,0,100,900,1790611370.904411,2387.72975,3001.838,performance,,32861568.0,31999584.0,30008124.0,0.0,0.0,13.23,14.57,14.82,,,
8,143,thread_local,ThreadLocal,1000,mixed,1,287063.1473263207,2012.0,14085.0,3381.8365266666665,3258.242459179345,0.9634535653888797,0,100,900,1790611376.099462,2369.006125,2852.049,performance,,32861568.0,31959632.0,29968072.0,0.0,0.0,13.38,14.58,14.82,,,
8,144,sharded_2key,Sharded-2key,750,mixed,1,279817.138049381,1980.0,8776.0,2617.9677333333334,1919.7048827529272,0.7332805742065654,0,100,900,1790611381.9489524,2300.0,2300.0,performance,,32861568.0,31964996.0,29973284.0,0.0,0.0,13.11,14.5,14.8,,,
9,1,thread_local,ThreadLocal,250,mixed,1,300974.2898932994,799.0,1680.0,816.6995644444445,333.82121286541076,0.4087442033748247,0,100,900,1790611386.9811635,2653.8445,3088.271,performance,,32861568.0,31966940.0,29975152.0,0.0,0.0,13.18,14.49,14.79,,,
9,2,sharded_n,Sharded-N,750,read-heavy,1,293717.5627842286,1877.0,8473.0,2496.426826666667,1838.2025544127675,0.7363334405708227,0,100,900,1790611390.149645,2565.165125,3086.65,performance,,32861568.0,31973572.0,29981800.0,0.0,0.0,13.08,14.45,14.78,,,
9,3,sharded_2key,Sharded-2key,2000,read-heavy,1,257551.36167557305,2254.0,44794.0,7485.270692222222,11347.005600465758,1.515911189725734,0,100,900,1790611395.2536573,2300.0,2300.0,performance,,32861568.0,31965804.0,29973792.0,0.0,0.0,13.64,14.54,14.81,,,
9,4,hdr_histogram,HdrHistogram,3000,write-heavy,1,231018.32060656513,2582.0,68553.0,12485.269325925927,20742.662924536886,1.661370883002444,0,100,900,1790611405.5657542,2300.0,2300.0,performance,,32861568.0,31980292.0,29987948.0,0.0,0.0,13.8,14.54,14.8,,,
9,5,sharded_2key,Sharded-2key,100,mixed,1,278156.12247324095,336.0,844.0,353.21883333333335,151.02783865843898,0.4275758379959137,0,100,900,1790611420.9756117,2300.0,2300.0,performance,,32861568.0,31991584.0,29998912.0,0.0,0.0,13.59,14.45,14.77,,,
9,6,hdr_histogram,HdrHistogram,500,write-heavy,1,281771.5916198213,1597.0,4730.0,1740.3128,909.8154410653245,0.5227884556531013,0,100,900,1790611423.654771,2300.0,2300.0,performance,,32861568.0,31993912.0,30001208.0,0.0,0.0,12.5,14.21,14.69,,,
9,7,sharded_2key,Sharded-2key,3000,mixed,1,238686.3341091853,2456.0,75051.0,12088.84652111111,20401.872001933803,1.687660767824739,0,100,900,1790611427.7795591,2726.10425,3016.352,performance,,32861568.0,31978036.0,29985384.0,0.0,0.0,11.5,13.98,14.61,,,
9,8,sharded_n,Sharded-N,2000,mixed,1,249860.90423916103,2343.0,44119.0,7746.717543333333,11677.286349537744,1.5073850678326304,0,100,900,1790611442.751559,2488.06525,3102.924,performance,,32861568.0,31985960.0,29992808.0,0.0,0.0,11.66,13.92,14.58,,,
9,9,global_mutex,GlobalMutex,750,mixed,1,280023.48325882864,1963.0,8890.0,2613.7349703703703,1939.648910548801,0.7420985419474071,0,100,900,1790611453.1530728,2499.333125,3103.156,performance,,32861568.0,31982992.0,29989664.0,0.0,0.0,10.6,13.62,14.48,,,
9,10,sharded_2key,Sharded-2key,2000,mixed,1,253474.56848042362,2294.0,41859.0,7627.0322283333335,11494.035285579801,1.5070128119927308,0,100,900,1790611458.1927195,2300.0,2300.0,performance,,32861568.0,31953324.0,29959988.0,0.0,0.0,9.75,13.4,14.4,,,
9,11,hdr_histogram,HdrHistogram,250,write-heavy,1,293040.52356073423,814.0,1792.0,836.6233822222222,363.1569805027944,0.43407462452003687,0,100,900,1790611468.4987607,2864.2565,3107.63,performance,,32861568.0,31965704.0,29971980.0,0.0,0.0,9.21,13.17,14.32,,,
9,12,hdr_histogram,HdrHistogram,2000,mixed,1,248311.33558661854,2365.0,43184.0,7774.068682777778,11603.758482885863,1.4926236127283206,0,100,900,1790611471.6936069,2397.2945,3078.356,performance,,32861568.0,31992652.0,29998896.0,0.0,0.0,9.21,13.17,14.32,,,
9,13,hdr_histogram,HdrHistogram,1500,write-heavy,1,256544.63483106592,2274.0,29982.0,5651.3934592592595,7607.56173898405,1.3461391060146057,0,100,900,1790611482.1256335,2767.367125,3110.412,performance,,32861568.0,31965912.0,29971828.0,0.0,0.0,10.02,13.21,14.32,,,
9,14,sharded_n,Sharded-N,750,write-heavy,1,281248.9586757305,1974.0,8957.0,2599.5186414814816,1897.1211340469301,0.729797087727653,0,100,900,1790611490.3650684,2300.0,2300.0,performance,,32861568.0,31964388.0,29970212.0,0.0,0.0,15.36,14.26,14.65,,,
9,15,thread_local,ThreadLocal,500,write-heavy,1,283200.03775698424,1628.0,4353.0,1734.9301555555555,868.0208232511637,0.5003203272890303,0,100,900,1790611495.391634,2671.822,3088.574,performance,,32861568.0,31950192.0,29956068.0,0.0,0.0,15.09,14.22,14.63,,,
9,16,sharded_n,Sharded-N,100,mixed,1,280384.1457196033,334.0,761.0,350.04344444444445,146.77565992684893,0.4193069810514442,0,100,900,1790611499.5086207,2387.13375,2997.07,performance,,32861568.0,31977396.0,29983240.0,0.0,0.0,15.4,14.3,14.66,,,
9,17,global_mutex,GlobalMutex,250,write-heavy,1,293278.4470757633,820.0,1771.0,838.1642,353.399262211829,0.421634880387195,0,100,900,1790611502.1861246,2406.584125,3152.673,performance,,32861568.0,31985104.0,29990916.0,0.0,0.0,15.4,14.3,14.66,,,
9,18,thread_local,ThreadLocal,1500,read-heavy,1,269079.1134366541,2087.0,27094.0,5394.791771851852,7037.600258035354,1.3045174968114814,0,100,900,1790611505.3732905,3031.67925,3078.779,performance,,32861568.0,31971668.0,29977440.0,0.0,0.0,14.17,14.06,14.58,,,
9,19,sharded_2key,Sharded-2key,1500,read-heavy,1,267879.30614918075,2141.0,28171.0,5426.873678518518,7120.141350817501,1.3120153098461704,0,100,900,1790611513.497763,2300.0,2300.0,performance,,32861568.0,31966648.0,29972044.0,0.0,0.0,12.58,13.73,14.46,,,
9,20,sharded_n,Sharded-N,250,mixed,1,293577.878225775,809.0,1790.0,835.99384,368.60882193533615,0.44092289236884347,0,100,900,1790611521.6497996,2300.0,2300.0,performance,,32861568.0,31962556.0,29967720.0,0.0,0.0,12.93,13.78,14.48,,,
9,21,global_mutex,GlobalMutex,3000,read-heavy,1,239874.25260756633,2456.0,78373.0,12031.684277407407,20363.02232364228,1.6924498560753551,0,100,900,1790611524.8334615,2574.151875,3044.97,performance,,32861568.0,31986432.0,29991584.0,0.0,0.0,12.86,13.75,14.46,,,
9,22,global_mutex,GlobalMutex,100,read-heavy,1,290455.02532585483,324.0,686.0,336.4562222222222,133.9800310230458,0.3982094019190254,0,100,900,1790611539.9262886,2391.99775,3035.982,performance,,32861568.0,31992996.0,29997832.0,0.0,0.0,13.6,13.89,14.5,,,
9,23,disabled,Disabled,3000,write-heavy,1,233393.87765879123,2534.0,79919.0,12351.863104444445,20732.777857016907,1.678514219410094,0,100,900,1790611542.769791,2718.412,2998.097,performance,,32861568.0,31995752.0,30000584.0,0.0,0.0,12.51,13.66,14.42,,,
9,24,sharded_n,Sharded-N,1500,write-heavy,1,255750.22555464893,2273.0,29947.0,5685.184559259259,7574.923581728053,1.3323971284962144,0,100,900,1790611558.0409532,2677.430875,3132.409,performance,,32861568.0,31987592.0,29991932.0,0.0,0.0,13.56,13.85,14.47,,,
9,25,sharded_2key,Sharded-2key,1000,read-heavy,1,280242.05523901037,2044.0,14752.0,3470.4350955555556,3410.3796666285357,0.9826951297824499,0,100,900,1790611566.279944,2300.0,2300.0,performance,,32861568.0,31963856.0,29968092.0,0.0,0.0,13.43,13.82,14.46,,,
9,26,disabled,Disabled,250,write-heavy,1,296328.9255498782,805.0,1738.0,826.36664,361.68723199319663,0.43768372836686226,0,100,900,1790611572.3745039,2561.1255,3003.228,performance,,32861568.0,31964108.0,29968264.0,0.0,0.0,14.28,13.99,14.51,,,
9,27,disabled,Disabled,100,write-heavy,1,285160.9485464519,328.0,775.0,343.7912111111111,144.50407972237937,0.42032511318527155,0,100,900,1790611575.5531936,2387.82025,3002.562,performance,,32861568.0,31951616.0,29955752.0,0.0,0.0,13.14,13.76,14.43,,,
9,28,global_mutex,GlobalMutex,500,read-heavy,1,287351.25374097814,1579.0,4525.0,1710.6665666666668,885.8182197379939,0.5178205016679914,0,100,900,1790611578.2241547,2387.429125,2999.433,performance,,32861568.0,31968280.0,29972372.0,0.0,0.0,12.08,13.53,14.35,,,
9,29,sharded_2key,Sharded-2key,3000,write-heavy,1,232670.90442059722,2565.0,70191.0,12404.439294074074,20736.171308072324,1.6716734079208673,0,100,900,1790611582.4769845,2907.742375,3014.504,performance,,32861568.0,31975072.0,29979120.0,0.0,0.0,12.08,13.53,14.35,,,
9,30,disabled,Disabled,2000,mixed,1,255563.8227675725,2254.0,44816.0,7553.227398333333,11580.109049399856,1.5331339093478211,0,100,900,1790611597.776111,2445.224375,2996.92,performance,,32861568.0,31968140.0,29971752.0,0.0,0.0,9.86,12.93,14.14,,,
9,31,sharded_n,Sharded-N,750,mixed,1,275112.2709130746,1996.0,9330.0,2659.080088888889,1989.9859187338584,0.7483738180918743,0,100,900,1790611608.0141277,2387.765375,3002.123,performance,,32861568.0,31973600.0,29976960.0,0.0,0.0,8.86,12.62,14.02,,,
9,32,thread_local,ThreadLocal,3000,read-heavy,1,242453.96006327143,2429.0,78360.0,11909.033860370371,20009.35068617723,1.6801825337622256,0,100,900,1790611613.0882277,2495.35775,3099.151,performance,,32861568.0,31968476.0,29971908.0,0.0,0.0,8.15,12.41,13.95,,,
9,33,global_mutex,GlobalMutex,250,read-heavy,1,300886.78556990303,790.0,1767.0,813.2565377777778,354.1904351569273,0.4355211654673593,0,100,900,1790611628.033395,2387.077125,2996.617,performance,,32861568.0,31991196.0,29994076.0,0.0,0.0,11.49,12.97,14.11,,,
9,34,hdr_histogram,HdrHistogram,250,mixed,1,298665.46711995854,795.0,1746.0,820.1657777777777,363.7613778584265,0.4435217704938024,0,100,900,1790611631.3541865,2392.186875,3037.495,performance,,32861568.0,31982264.0,29985164.0,0.0,0.0,11.49,12.97,14.11,,,
9,35,thread_local,ThreadLocal,100,read-heavy,1,285680.1501105714,328.0,783.0,342.1452,145.50903031940038,0.42528444157451395,0,100,900,1790611634.5307434,2380.916125,2947.329,performance,,32861568.0,31980472.0,29983396.0,0.0,0.0,11.45,12.93,14.09,,,
9,36,sharded_n,Sharded-N,1500,read-heavy,1,274475.6648576352,2089.0,27657.0,5292.472394814815,6868.912965353208,1.2978646751342298,0,100,900,1790611637.3710935,2566.615875,3018.882,performance,,32861568.0,31982860.0,29985760.0,0.0,0.0,11.45,12.93,14.09,,,
9,37,hdr_histogram,HdrHistogram,1000,read-heavy,1,278567.25457274646,2019.0,14336.0,3490.2503122222224,3359.259021812105,0.9624693707636356,0,100,900,1790611645.4172096,2387.574,3000.592,performance,,32861568.0,31968232.0,29970812.0,0.0,0.0,11.93,12.97,14.09,,,
9,38,sharded_n,Sharded-N,500,mixed,1,284043.2470285622,1616.0,4331.0,1723.6987888888889,861.5507391584583,0.4998267358033136,0,100,900,1790611651.5611725,2911.839375,3042.143,performance,,32861568.0,31968808.0,29971316.0,0.0,0.0,12.66,13.11,14.13,,,
9,39,thread_local,ThreadLocal,100,mixed,1,289331.3724296058,326.0,719.0,339.4755,136.6802651556791,0.4026218833337873,0,100,900,1790611655.661834,2300.0,2300.0,performance,,32861568.0,31960460.0,29962980.0,0.0,0.0,12.28,13.02,14.09,,,
9,40,sharded_n,Sharded-N,500,write-heavy,1,298501.13921467273,1589.0,3608.0,1641.0708155555556,727.8254415207608,0.4435064194803613,0,100,900,1790611658.3314114,2370.08375,2860.67,performance,,32861568.0,31979088.0,29981584.0,0.0,0.0,11.3,12.81,14.02,,,
9,41,sharded_2key,Sharded-2key,750,write-heavy,1,275805.127119576,1950.0,9417.0,2656.9473585185187,2038.2700086397144,0.7671473061386617,0,100,900,1790611662.3641043,2300.0,2300.0,performance,,32861568.0,31977432.0,29979920.0,0.0,0.0,11.3,12.81,14.02,,,
9,42,global_mutex,GlobalMutex,1000,write-heavy,1,265904.5066670497,2166.0,15376.0,3662.9508166666665,3620.8297151119123,0.9885007733756346,0,100,900,1790611667.4344606,2388.811125,3010.489,performance,,32861568.0,31945292.0,29947544.0,0.0,0.0,10.39,12.59,13.94,,,
9,43,global_mutex,GlobalMutex,2000,mixed,1,250111.93082077405,2332.0,43593.0,7721.327830555556,11619.578062330964,1.5048678565814664,0,100,900,1790611673.5453079,2482.282125,3045.677,performance,,32861568.0,31940324.0,29942388.0,0.0,0.0,8.8,12.18,13.79,,,
9,44,thread_local,ThreadLocal,1000,write-heavy,1,273151.6625056351,2068.0,14747.0,3554.1691433333335,3455.952046145079,0.9723656660031266,0,100,900,1790611683.9231791,2982.5255,3085.928,performance,,32861568.0,31963528.0,29965360.0,0.0,0.0,15.55,13.57,14.23,,,
9,45,hdr_histogram,HdrHistogram,250,read-heavy,1,300788.17772093276,786.0,1789.0,812.7766933333334,358.9324803525404,0.44161266347402034,0,100,900,1790611689.9503543,2482.5055,3059.526,performance,,32861568.0,31954180.0,29955932.0,0.0,0.0,15.42,13.58,14.23,,,
9,46,sharded_n,Sharded-N,2000,read-heavy,1,255088.46393528473,2259.0,43009.0,7570.286768888889,11322.74271811383,1.4956821404238163,0,100,900,1790611693.3075984,2390.905375,3027.243,performance,,32861568.0,31975484.0,29977208.0,0.0,0.0,14.19,13.35,14.15,,,
9,47,sharded_n,Sharded-N,3000,mixed,1,232513.08014216344,2554.0,83787.0,12410.169520740741,20801.27432902017,1.6761474768137234,0,100,900,1790611703.7069066,2300.0,2300.0,performance,,32861568.0,31973696.0,29975088.0,0.0,0.0,12.96,13.12,14.07,,,
9,48,thread_local,ThreadLocal,250,write-heavy,1,290471.7294451812,816.0,1863.0,843.8079466666667,377.4516110544514,0.4473193367584601,0,100,900,1790611719.0233674,2397.029125,3076.233,performance,,32861568.0,31997848.0,29998792.0,0.0,0.0,14.29,13.43,14.16,,,
9,49,disabled,Disabled,2000,read-heavy,1,264510.3656263302,2178.0,41512.0,7258.9260583333335,11196.6595910327,1.5424677839470209,0,100,900,1790611722.214118,2399.549125,3096.393,performance,,32861568.0,32002132.0,30003192.0,0.0,0.0,14.29,13.43,14.16,,,
9,50,sharded_2key,Sharded-2key,500,read-heavy,1,301481.8942546106,1552.0,3857.0,1625.435148888889,756.9483315968101,0.46568965369934506,0,100,900,1790611732.3341897,2398.632,3089.056,performance,,32861568.0,31965604.0,29966340.0,0.0,0.0,13.14,13.2,14.07,,,
9,51,disabled,Disabled,250,read-heavy,1,303978.83284873684,783.0,1695.0,804.5249555555556,353.66937924126813,0.439600259505991,0,100,900,1790611736.5160077,2710.06825,2996.547,performance,,32861568.0,31986528.0,29987312.0,0.0,0.0,12.08,12.98,14.0,,,
9,52,global_mutex,GlobalMutex,500,mixed,1,296470.6614530838,1546.0,4205.0,1651.8100022222222,837.0025851542484,0.5067184385784125,0,100,900,1790611739.8470995,2387.85575,3002.846,performance,,32861568.0,31989436.0,29990228.0,0.0,0.0,12.24,13.0,14.0,,,
9,53,hdr_histogram,HdrHistogram,1500,read-heavy,1,267758.98671588226,2152.0,29083.0,5425.991702222223,7292.094953383921,1.343919296890453,0,100,900,1790611743.890597,2300.0,2300.0,performance,,32861568.0,31948208.0,29948884.0,0.0,0.0,11.26,12.78,13.92,,,
9,54,sharded_2key,Sharded-2key,750,mixed,1,282993.187331013,1940.0,8831.0,2592.2592414814817,1934.4328763283056,0.7462343446879847,0,100,900,1790611752.0554597,2642.175875,3012.161,performance,,32861568.0,31955288.0,29955660.0,0.0,0.0,12.76,13.07,14.01,,,
9,55,hdr_histogram,HdrHistogram,1000,write-heavy,1,268337.63189448306,2136.0,15357.0,3623.6416944444445,3558.889408708937,0.9821306047353462,0,100,900,1790611757.0688896,2300.0,2300.0,performance,,32861568.0,31964676.0,29965012.0,0.0,0.0,12.62,13.03,13.99,,,
9,56,thread_local,ThreadLocal,3000,write-heavy,1,235314.78435511878,2523.0,82685.0,12306.048021851851,20600.414058282404,1.674007286636802,0,100,900,1790611763.1612031,2725.449125,3030.337,performance,,32861568.0,31956840.0,29957036.0,0.0,0.0,12.37,12.98,13.97,,,
9,57,global_mutex,GlobalMutex,1000,read-heavy,1,282118.7445601139,1989.0,14116.0,3445.0479466666666,3361.8371119638787,0.9758462477181775,0,100,900,1790611778.330203,2387.640625,3001.125,performance,,32861568.0,31993032.0,29992780.0,0.0,0.0,14.03,13.35,14.07,,,
9,58,hdr_histogram,HdrHistogram,500,mixed,1,289731.8344447909,1580.0,4297.0,1690.1013466666666,830.3160098911039,0.49128178705301306,0,100,900,1790611784.4250417,2300.0,2300.0,performance,,32861568.0,31961896.0,29961580.0,0.0,0.0,12.91,13.13,14.0,,,
9,59,disabled,Disabled,1500,read-heavy,1,268383.53077139077,2121.0,29495.0,5411.955491851852,7330.050342742039,1.3544180756434598,0,100,900,1790611788.49799,2300.0,2300.0,performance,,32861568.0,31960664.0,29960324.0,0.0,0.0,11.88,12.91,13.92,,,
9,60,thread_local,ThreadLocal,3000,mixed,1,239345.01882501363,2480.0,80942.0,12080.03048,20264.04820363433,1.6774832014856251,0,100,900,1790611796.6398945,2300.0,2300.0,performance,,32861568.0,31967020.0,29966372.0,0.0,0.0,14.85,13.51,14.11,,,
9,61,sharded_2key,Sharded-2key,1000,mixed,1,275218.22357981175,2017.0,14633.0,3535.8076277777777,3452.9219586857294,0.9765582073976855,0,100,900,1790611811.5595977,2673.3755,3060.203,performance,,32861568.0,31979572.0,29978484.0,0.0,0.0,14.67,13.53,14.11,,,
9,62,sharded_2key,Sharded-2key,250,write-heavy,1,296769.65518088435,799.0,1807.0,823.51492,361.60241886004815,0.4390963783146129,0,100,900,1790611817.5503135,2398.882125,3091.057,performance,,32861568.0,31952728.0,29951724.0,0.0,0.0,13.45,13.31,14.03,,,
9,63,thread_local,ThreadLocal,250,read-heavy,1,301505.64118260675,788.0,1812.0,813.1480933333333,360.84734357519756,0.4437658361787188,0,100,900,1790611820.7322004,2392.237,3037.896,performance,,32861568.0,31984720.0,29983704.0,0.0,0.0,13.45,13.31,14.03,,,
9,64,hdr_histogram,HdrHistogram,500,read-heavy,1,299462.2313149662,1528.0,4205.0,1636.6062844444446,828.2329950932667,0.506067343725504,0,100,900,1790611824.062155,2389.81725,3018.538,performance,,32861568.0,31977556.0,29976524.0,0.0,0.0,12.37,13.09,13.96,,,
9,65,sharded_2key,Sharded-2key,3000,read-heavy,1,240006.1064166974,2446.0,78437.0,12011.766572962963,20388.76324614166,1.6973992228615489,0,100,900,1790611828.2542362,2584.75275,3095.894,performance,,32861568.0,31961656.0,29960532.0,0.0,0.0,11.38,12.88,13.88,,,
9,66,disabled,Disabled,100,mixed,1,283001.5496535967,333.0,733.0,346.17586666666665,140.5863772802981,0.40611258847708465,0,100,900,1790611843.3270838,2391.05275,3028.422,performance,,32861568.0,31974172.0,29972472.0,0.0,0.0,13.73,13.35,14.02,,,
9,67,thread_local,ThreadLocal,500,mixed,1,289702.9742037174,1579.0,4475.0,1687.2622777777779,865.1844596074683,0.5127741377273997,0,100,900,1790611845.9980667,2387.79925,3002.394,performance,,32861568.0,31994552.0,29992824.0,0.0,0.0,13.73,13.35,14.02,,,
9,68,global_mutex,GlobalMutex,1500,write-heavy,1,257480.05552480725,2283.0,29579.0,5644.216994074074,7405.136562491094,1.311986511196474,0,100,900,1790611850.0713012,2820.866,3002.986,performance,,32861568.0,31969352.0,29967692.0,0.0,0.0,13.43,13.29,14.0,,,
9,69,hdr_histogram,HdrHistogram,3000,read-heavy,1,240577.49614315983,2428.0,82276.0,12018.397057777778,20262.733226333097,1.685976351831374,0,100,900,1790611858.2780375,2300.0,2300.0,performance,,32861568.0,31971620.0,29969724.0,0.0,0.0,12.77,13.17,13.95,,,
9,70,sharded_2key,Sharded-2key,100,read-heavy,1,284041.82400979404,332.0,740.0,345.7425,141.2300163781236,0.40848323934177483,0,100,900,1790611873.329437,2868.88875,3112.385,performance,,32861568.0,31972540.0,29970196.0,0.0,0.0,12.65,13.14,13.93,,,
9,71,disabled,Disabled,3000,mixed,1,239613.81377736485,2471.0,74108.0,12039.556177777778,20369.90015535257,1.6919145402511324,0,100,900,1790611876.1705644,2386.66675,2993.334,performance,,32861568.0,31983572.0,29981204.0,0.0,0.0,12.65,13.14,13.93,,,
9,72,sharded_2key,Sharded-2key,1000,write-heavy,1,270228.8813493743,2124.0,14910.0,3590.170581111111,3462.75507673647,0.9645099023859731,0,100,900,1790611891.0973642,2472.954625,3003.339,performance,,32861568.0,31977140.0,29974496.0,0.0,0.0,12.12,13.0,13.87,,,
9,73,thread_local,ThreadLocal,750,read-heavy,1,284197.86951879715,1908.0,9070.0,2572.8807762962965,1943.5520311017463,0.7553991809521469,0,100,900,1790611897.160153,2395.194,3061.552,performance,,32861568.0,31981384.0,29978660.0,0.0,0.0,13.07,13.18,13.93,,,
9,74,sharded_n,Sharded-N,1000,read-heavy,1,279267.052598715,2046.0,14512.0,3486.7225422222223,3395.8715558865383,0.973943729323016,0,100,900,1790611902.3252933,2388.12775,3005.022,performance,,32861568.0,31964220.0,29961416.0,0.0,0.0,12.1,12.98,13.86,,,
9,75,hdr_histogram,HdrHistogram,1000,mixed,1,275469.6062986581,2076.0,15133.0,3529.2177133333334,3516.6114268863707,0.9964280224483357,0,100,900,1790611908.4416535,2300.0,2300.0,performance,,32861568.0,31962216.0,29959252.0,0.0,0.0,10.24,12.55,13.71,,,
9,76,global_mutex,GlobalMutex,1000,mixed,1,275484.8010378044,2082.0,15030.0,3528.3223433333333,3503.3487454070837,0.9929219624807136,0,100,900,1790611914.441333,2388.84175,3010.734,performance,,32861568.0,31957116.0,29954076.0,0.0,0.0,9.42,12.34,13.63,,,
9,77,disabled,Disabled,750,mixed,1,287109.4197162952,1896.0,8933.0,2559.030333333333,1923.5700988333394,0.7516792879620704,0,100,900,1790611920.4327478,2300.0,2300.0,performance,,32861568.0,31958984.0,29955784.0,0.0,0.0,9.71,12.35,13.63,,,
9,78,disabled,Disabled,500,write-heavy,1,282186.996985217,1588.0,4808.0,1737.0648977777778,934.2611473251876,0.5378389422988084,0,100,900,1790611925.3988562,2566.14025,3033.659,performance,,32861568.0,31967184.0,29964000.0,0.0,0.0,9.57,12.28,13.6,,,
9,79,sharded_n,Sharded-N,100,read-heavy,1,284144.34401338047,329.0,796.0,344.9908888888889,148.22640818832184,0.4296531095812825,0,100,900,1790611929.51572,2300.0,2300.0,performance,,32861568.0,31972432.0,29969108.0,0.0,0.0,8.8,12.08,13.53,,,
9,80,sharded_2key,Sharded-2key,2000,write-heavy,1,253788.59989197564,2293.0,44574.0,7595.5490572222225,11400.493878482612,1.5009440124203346,0,100,900,1790611932.3624249,2571.06675,3069.715,performance,,32861568.0,31979768.0,29976400.0,0.0,0.0,8.8,12.08,13.53,,,
9,81,disabled,Disabled,500,read-heavy,1,304774.7716367845,1483.0,4265.0,1609.3066111111111,831.0472654640632,0.5164008273664423,0,100,900,1790611942.612154,2656.3665,3033.555,performance,,32861568.0,31962632.0,29958912.0,0.0,0.0,8.18,11.78,13.41,,,
9,82,hdr_histogram,HdrHistogram,2000,write-heavy,1,250794.99676705117,2319.0,44932.0,7678.547563888889,11528.191886998837,1.5013505863028411,0,100,900,1790611946.7788813,2494.3005,3151.264,performance,,32861568.0,31956336.0,29952628.0,0.0,0.0,8.18,11.78,13.41,,,
9,83,global_mutex,GlobalMutex,750,write-heavy,1,272295.88728023315,2003.0,9019.0,2688.739688888889,1979.4205125018257,0.7361889738458889,0,100,900,1790611957.1484516,2846.904375,3102.073,performance,,32861568.0,31949220.0,29945144.0,0.0,0.0,12.72,12.6,13.65,,,
9,84,global_mutex,GlobalMutex,1500,mixed,1,275444.4261538464,2060.0,26518.0,5288.050068148148,6728.722992642559,1.27243935021949,0,100,900,1790611962.2555895,2394.908625,3059.269,performance,,32861568.0,31948440.0,29944356.0,0.0,0.0,12.34,12.52,13.62,,,
9,85,thread_local,ThreadLocal,2000,read-heavy,1,265722.1937396325,2173.0,41093.0,7257.487579444444,10963.142889832374,1.5105975407913264,0,100,900,1790611970.1191416,2399.78675,3098.294,performance,,32861568.0,31944416.0,29940132.0,0.0,0.0,12.95,12.64,13.65,,,
9,86,global_mutex,GlobalMutex,3000,mixed,1,239964.44772063266,2464.0,80261.0,12037.16057962963,20338.359949886224,1.6896310234744756,0,100,900,1790611980.2214196,2389.701875,3017.615,performance,,32861568.0,31955620.0,29951044.0,0.0,0.0,13.48,12.77,13.68,,,
9,87,sharded_2key,Sharded-2key,100,write-heavy,1,279110.4336156736,336.0,803.0,352.01695555555557,150.16892927755822,0.4265957275852255,0,100,900,1790611995.1401086,2569.495,3027.804,performance,,32861568.0,31969360.0,29964440.0,0.0,0.0,14.98,13.13,13.78,,,
9,88,sharded_2key,Sharded-2key,250,read-heavy,1,306952.8315610866,785.0,1643.0,800.7657333333333,333.66073246330416,0.4166770861614926,0,100,900,1790611997.8177702,2849.317875,3065.779,performance,,32861568.0,31984296.0,29979344.0,0.0,0.0,13.78,12.91,13.71,,,
9,89,sharded_n,Sharded-N,1500,mixed,1,267682.5891652132,2132.0,27724.0,5430.334208148148,7152.431596625657,1.3171254885000492,0,100,900,1790612001.1322672,2395.259625,3062.077,performance,,32861568.0,31973912.0,29968940.0,0.0,0.0,13.78,12.91,13.71,,,
9,90,sharded_n,Sharded-N,1000,mixed,1,278694.59672610526,2075.0,14884.0,3487.018881111111,3444.5035580067483,0.9878075443368934,0,100,900,1790612009.124449,2385.590875,2984.727,performance,,32861568.0,31978616.0,29973480.0,0.0,0.0,13.06,12.79,13.66,,,
9,91,sharded_2key,Sharded-2key,1500,mixed,1,265986.70712792355,2175.0,29072.0,5454.002892592593,7174.44269189609,1.3154453404562967,0,100,900,1790612015.083098,2394.68325,3057.466,performance,,32861568.0,31950696.0,29945464.0,0.0,0.0,16.66,13.54,13.9,,,
9,92,hdr_histogram,HdrHistogram,100,mixed,1,289410.48855317046,325.0,708.0,337.93106666666665,135.28403306078343,0.40033026378787145,0,100,900,1790612023.105709,2399.680875,3097.447,performance,,32861568.0,31958260.0,29952788.0,0.0,0.0,16.16,13.56,13.9,,,
9,93,sharded_n,Sharded-N,250,read-heavy,1,306155.1842581982,780.0,1737.0,800.3380533333333,351.91017992766155,0.4397019215342673,0,100,900,1790612025.7764,2387.66775,3001.342,performance,,32861568.0,31999116.0,29993648.0,0.0,0.0,16.16,13.56,13.9,,,
9,94,sharded_2key,Sharded-2key,500,write-heavy,1,290250.6001816423,1582.0,4180.0,1686.5756866666666,829.0565097384488,0.4915619952858379,0,100,900,1790612029.1031222,2399.512625,3096.101,performance,,32861568.0,31994184.0,29988720.0,0.0,0.0,14.87,13.33,13.83,,,
9,95,disabled,Disabled,1000,read-heavy,1,292561.79207118595,1918.0,13782.0,3320.3883555555553,3276.0031092764602,0.9866325135718443,0,100,900,1790612033.177064,2648.313375,3058.696,performance,,32861568.0,31972968.0,29967432.0,0.0,0.0,13.67,13.11,13.75,,,
9,96,sharded_n,Sharded-N,3000,write-heavy,1,234008.2821272048,2549.0,82469.0,12336.60091851852,20626.71732344612,1.6719935628689482,0,100,900,1790612039.1358593,2300.0,2300.0,performance,,32861568.0,31939184.0,29933456.0,0.0,0.0,12.58,12.89,13.68,,,
9,97,disabled,Disabled,100,read-heavy,1,285622.93805825774,328.0,772.0,343.6816111111111,148.94891970616658,0.433392171389734,0,100,900,1790612054.3672009,2387.598875,3000.791,performance,,32861568.0,31991700.0,29985464.0,0.0,0.0,15.37,13.58,13.89,,,
9,98,thread_local,ThreadLocal,1500,mixed,1,265682.94409094116,2155.0,27119.0,5467.0065044444445,7057.011487547953,1.2908364900994542,0,100,900,1790612057.2100968,2563.64775,3004.014,performance,,32861568.0,31993452.0,29987192.0,0.0,0.0,15.37,13.58,13.89,,,
9,99,sharded_2key,Sharded-2key,500,mixed,1,294639.84804571857,1549.0,4208.0,1654.33054,818.2700870378537,0.4946230920924991,0,100,900,1790612065.2183125,2387.309125,2998.473,performance,,32861568.0,31968332.0,29961940.0,0.0,0.0,15.46,13.66,13.92,,,
9,100,sharded_2key,Sharded-2key,1500,write-heavy,1,260699.53390839623,2234.0,30876.0,5563.37812,7497.77274145192,1.347701446805834,0,100,900,1790612069.264957,2749.26875,3055.32,performance,,32861568.0,31963080.0,29956728.0,0.0,0.0,14.22,13.43,13.84,,,
9,101,sharded_n,Sharded-N,2000,write-heavy,1,249911.47177675692,2326.0,44031.0,7737.105215,11515.268070339476,1.4883173681048976,0,100,900,1790612077.4046052,2386.775125,2994.201,performance,,32861568.0,31951688.0,29945016.0,0.0,0.0,14.84,13.57,13.89,,,
9,102,disabled,Disabled,1000,write-heavy,1,273783.2669005436,2062.0,15076.0,3550.275722222222,3536.65391779206,0.9961631699913054,0,100,900,1790612087.826217,2478.67225,3023.168,performance,,32861568.0,31978496.0,29971608.0,0.0,0.0,14.28,13.51,13.86,,,
9,103,hdr_histogram,HdrHistogram,750,write-heavy,1,282991.0273028586,1946.0,8663.0,2591.2494948148146,1879.6090088959222,0.7253678245406662,0,100,900,1790612093.844985,2300.0,2300.0,performance,,32861568.0,31957876.0,29950956.0,0.0,0.0,13.14,13.29,13.79,,,
9,104,sharded_n,Sharded-N,1000,write-heavy,1,270632.8698783125,2125.0,15028.0,3596.2936944444446,3477.7785582906736,0.9670452009142487,0,100,900,1790612098.862611,2388.595875,3008.767,performance,,32861568.0,31962572.0,29955564.0,0.0,0.0,12.08,13.06,13.71,,,
9,105,global_mutex,GlobalMutex,250,mixed,1,288428.121475208,829.0,1913.0,853.0074,376.52347908852863,0.44140704885857807,0,100,900,1790612104.9233444,2647.957375,3048.165,performance,,32861568.0,31964536.0,29957360.0,0.0,0.0,12.72,13.18,13.75,,,
9,106,disabled,Disabled,3000,read-heavy,1,243590.75736682172,2409.0,79187.0,11843.004314814814,19804.14155784922,1.6722227765361488,0,100,900,1790612108.1277716,2300.0,2300.0,performance,,32861568.0,31964872.0,29957660.0,0.0,0.0,11.7,12.96,13.67,,,
9,107,global_mutex,GlobalMutex,3000,write-heavy,1,231051.8515970343,2593.0,84337.0,12500.176322962963,20851.227981011205,1.6680747088908872,0,100,900,1790612123.02058,2387.9215,3003.372,performance,,32861568.0,31973856.0,29966228.0,0.0,0.0,10.78,12.71,13.58,,,
9,108,thread_local,ThreadLocal,100,write-heavy,1,277364.1730078383,339.0,792.0,354.1444111111111,145.95737077969207,0.4121408278666825,0,100,900,1790612138.419119,2387.522875,3000.183,performance,,32861568.0,31969692.0,29961648.0,0.0,0.0,10.66,12.61,13.53,,,
9,109,hdr_histogram,HdrHistogram,1500,mixed,1,263486.90575121867,2190.0,28687.0,5504.114019259259,7289.9070469776925,1.3244469539456896,0,100,900,1790612141.1034043,2388.06175,3004.494,performance,,32861568.0,31989204.0,29981120.0,0.0,0.0,10.66,12.61,13.53,,,
9,110,global_mutex,GlobalMutex,750,read-heavy,1,281350.57028533076,1977.0,8928.0,2605.9061955555558,1900.322428684081,0.7292366977465009,0,100,900,1790612149.1595888,2300.0,2300.0,performance,,32861568.0,31925248.0,29917060.0,0.0,0.0,11.38,12.72,13.56,,,
9,111,sharded_2key,Sharded-2key,250,mixed,1,297238.0866849356,802.0,1738.0,825.6658622222222,356.3485363670856,0.43158928165928806,0,100,900,1790612154.3466206,2300.0,2300.0,performance,,32861568.0,31975280.0,29967124.0,0.0,0.0,10.46,12.5,13.49,,,
9,112,disabled,Disabled,2000,write-heavy,1,253981.82052142176,2309.0,42833.0,7594.510441666666,11461.190750500667,1.5091414829874712,0,100,900,1790612157.5050814,2398.595,3088.76,performance,,32861568.0,32001888.0,29993696.0,0.0,0.0,10.46,12.5,13.49,,,
9,113,thread_local,ThreadLocal,1000,read-heavy,1,277093.98772736994,2070.0,14941.0,3512.9098377777777,3521.4524600850086,1.002431779550777,0,100,900,1790612167.7733889,2398.7555,3090.044,performance,,32861568.0,31971424.0,29962876.0,0.0,0.0,11.02,12.53,13.48,,,
9,114,disabled,Disabled,1500,mixed,1,267203.0986989949,2162.0,30273.0,5435.916600740741,7294.849534425742,1.341972305725163,0,100,900,1790612173.9006689,2300.0,2300.0,performance,,32861568.0,31958556.0,29949916.0,0.0,0.0,10.14,12.32,13.41,,,
9,115,hdr_histogram,HdrHistogram,750,read-heavy,1,281127.5026733497,1926.0,8958.0,2608.0515525925925,1963.898272284569,0.7530135937429272,0,100,900,1790612181.894162,2399.74425,3097.954,performance,,32861568.0,31960008.0,29951160.0,0.0,0.0,11.65,12.6,13.49,,,
9,116,sharded_n,Sharded-N,100,write-heavy,1,277948.73598133505,337.0,795.0,352.9223,149.0815402891821,0.4224202899311891,0,100,900,1790612187.0791073,2387.577125,3000.617,performance,,32861568.0,31949384.0,29940516.0,0.0,0.0,11.51,12.55,13.47,,,
9,117,disabled,Disabled,750,read-heavy,1,291129.8698752218,1856.0,8867.0,2515.8128325925927,1904.4616804102277,0.7569965681618867,0,100,900,1790612189.7614465,2399.430375,3095.443,performance,,32861568.0,31973188.0,29964292.0,0.0,0.0,11.47,12.53,13.46,,,
9,118,hdr_histogram,HdrHistogram,100,write-heavy,1,275754.0528277849,342.0,767.0,356.77883333333335,145.45579466191776,0.4076917716865241,0,100,900,1790612194.8645525,2387.743,3001.944,performance,,32861568.0,31978952.0,29969936.0,0.0,0.0,12.72,12.77,13.53,,,
9,119,sharded_n,Sharded-N,250,write-heavy,1,289898.6919000535,835.0,1745.0,847.7590977777778,361.7596534559214,0.4267245900447406,0,100,900,1790612197.5508416,2300.0,2300.0,performance,,32861568.0,31998652.0,29989600.0,0.0,0.0,12.72,12.77,13.53,,,
9,120,hdr_histogram,HdrHistogram,100,read-heavy,1,286366.3427859087,327.0,751.0,342.4851,150.38726336244284,0.43910600304200925,0,100,900,1790612200.751799,2300.0,2300.0,performance,,32861568.0,31991460.0,29982444.0,0.0,0.0,11.7,12.56,13.46,,,
9,121,global_mutex,GlobalMutex,1500,read-heavy,1,268476.6064421395,2137.0,28313.0,5408.738377777778,7032.376610446679,1.3001879771703777,0,100,900,1790612203.5986183,2728.362,3015.027,performance,,32861568.0,32010144.0,30001092.0,0.0,0.0,10.76,12.35,13.38,,,
9,122,sharded_n,Sharded-N,500,read-heavy,1,296957.19739135244,1554.0,4121.0,1649.9960155555555,813.9295438046887,0.49329182381730646,0,100,900,1790612211.7385666,2674.3675,3099.698,performance,,32861568.0,31965336.0,29955944.0,0.0,0.0,11.58,12.49,13.43,,,
9,123,thread_local,ThreadLocal,750,mixed,1,299599.02239409793,1829.0,8223.0,2440.942548148148,1817.4560056201747,0.7445713980441738,0,100,900,1790612215.9501219,2389.343375,3014.747,performance,,32861568.0,31974876.0,29965492.0,0.0,0.0,12.98,12.77,13.51,,,
9,124,thread_local,ThreadLocal,500,read-heavy,1,295327.9445993967,1550.0,4238.0,1658.5675888888888,829.1336649364382,0.4999094824298919,0,100,900,1790612220.828143,3026.557875,3095.15,performance,,32861568.0,31954552.0,29945060.0,0.0,0.0,13.06,12.79,13.51,,,
9,125,thread_local,ThreadLocal,2000,write-heavy,1,254402.95210406758,2311.0,48523.0,7573.641601666666,11526.82338876369,1.5219657854191413,0,100,900,1790612225.0415578,2760.130375,3061.962,performance,,32861568.0,31976428.0,29966896.0,0.0,0.0,12.81,12.74,13.49,,,
9,126,thread_local,ThreadLocal,750,write-heavy,1,284216.3382108133,1979.0,8728.0,2582.853631111111,1838.6393891364767,0.7118635632269712,0,100,900,1790612235.3010764,2399.017625,3092.141,performance,,32861568.0,31988048.0,29978108.0,0.0,0.0,13.08,12.8,13.5,,,
9,127,hdr_histogram,HdrHistogram,2000,read-heavy,1,261550.27398937254,2216.0,43029.0,7378.746625,11021.52720010606,1.4936855485407132,0,100,900,1790612240.2929327,2300.0,2300.0,performance,,32861568.0,31951432.0,29941540.0,0.0,0.0,13.07,12.8,13.5,,,
9,128,thread_local,ThreadLocal,1000,mixed,1,276456.4311417737,2063.0,14947.0,3517.4570955555555,3487.158759703204,0.991386295545542,0,100,900,1790612250.5226352,2300.0,2300.0,performance,,32861568.0,31952144.0,29941872.0,0.0,0.0,14.06,13.02,13.57,,,
9,129,global_mutex,GlobalMutex,500,write-heavy,1,299883.28822313424,1529.0,4048.0,1633.7280355555556,821.9655732170346,0.5031226466879611,0,100,900,1790612256.5021012,2398.349,3086.792,performance,,32861568.0,31958096.0,29947780.0,0.0,0.0,14.06,13.04,13.57,,,
9,130,disabled,Disabled,1000,mixed,1,281768.1525250908,1989.0,14546.0,3444.7954077777777,3380.361086161496,0.9812951673499101,0,100,900,1790612260.5277328,2300.0,2300.0,performance,,32861568.0,31983820.0,29973376.0,0.0,0.0,15.25,13.31,13.65,,,
9,131,global_mutex,GlobalMutex,100,write-heavy,1,273605.21465273027,342.0,831.0,358.0139111111111,153.3385105387619,0.42830321889691225,0,100,900,1790612266.452022,2749.340125,3058.539,performance,,32861568.0,31950496.0,29939956.0,0.0,0.0,14.99,13.28,13.64,,,
9,132,global_mutex,GlobalMutex,2000,write-heavy,1,254654.10875033907,2297.0,42812.0,7592.153844444444,11314.53864269718,1.4902936471679364,0,100,900,1790612269.137938,2575.913875,3064.679,performance,,32861568.0,31960296.0,29949720.0,0.0,0.0,13.79,13.06,13.57,,,
9,133,hdr_histogram,HdrHistogram,750,mixed,1,293149.59454470896,1881.0,8262.0,2506.7445807407407,1782.3348291426717,0.7110157304562691,0,100,900,1790612279.4055052,2394.07525,3052.602,performance,,32861568.0,31970472.0,29959624.0,0.0,0.0,12.78,12.88,13.5,,,
9,134,disabled,Disabled,750,write-heavy,1,278624.35391315527,1957.0,9038.0,2627.740946666667,1978.5501014628817,0.7529471670229538,0,100,900,1790612284.3345928,2837.971125,3084.186,performance,,32861568.0,31950240.0,29939288.0,0.0,0.0,11.75,12.66,13.43,,,
9,135,sharded_n,Sharded-N,3000,read-heavy,1,239598.8598829882,2446.0,84411.0,12041.000696296296,20292.053696827137,1.6852464515734802,0,100,900,1790612289.3794825,2395.4065,3063.252,performance,,32861568.0,31959352.0,29948352.0,0.0,0.0,10.81,12.45,13.36,,,
9,136,disabled,Disabled,500,mixed,1,295638.46445762605,1551.0,4083.0,1657.3654644444443,823.8106119801568,0.49706032233289077,0,100,900,1790612304.4795735,2397.2205,3077.764,performance,,32861568.0,31982784.0,29971288.0,0.0,0.0,10.41,12.31,13.3,,,
9,137,global_mutex,GlobalMutex,100,mixed,1,280578.84400662064,333.0,819.0,349.49954444444444,149.97539793065874,0.4291147164985746,0,100,900,1790612308.5200546,2475.035625,3000.191,performance,,32861568.0,31955000.0,29943584.0,0.0,0.0,9.58,12.11,13.23,,,
9,138,disabled,Disabled,1500,write-heavy,1,264240.62880024756,2205.0,29519.0,5481.560312592593,7294.110422500997,1.3306631700730351,0,100,900,1790612311.1991842,2387.80575,3002.446,performance,,32861568.0,31963740.0,29952288.0,0.0,0.0,9.58,12.11,13.23,,,
9,139,sharded_2key,Sharded-2key,750,read-heavy,1,291462.2058932496,1882.0,8582.0,2513.5723970370373,1845.4947601635265,0.7342118979103085,0,100,900,1790612319.241198,2658.781125,3051.14,performance,,32861568.0,31939744.0,29928028.0,0.0,0.0,8.84,11.87,13.14,,,
9,140,thread_local,ThreadLocal,2000,mixed,1,259620.48590829762,2226.0,41164.0,7415.702118888888,11180.768806164202,1.507715470081401,0,100,900,1790612324.3423467,2400.181,3101.448,performance,,32861568.0,31950924.0,29939192.0,0.0,0.0,8.13,11.67,13.07,,,
9,141,global_mutex,GlobalMutex,2000,read-heavy,1,260655.68332758456,2229.0,43216.0,7406.514675555555,11322.688020527088,1.5287471255402305,0,100,900,1790612334.4324927,2389.0925,3012.74,performance,,32861568.0,31964124.0,29951984.0,0.0,0.0,8.28,11.6,13.03,,,
9,142,thread_local,ThreadLocal,1500,write-heavy,1,264604.9643024226,2184.0,28650.0,5476.944087407407,7243.881020203364,1.3226136518096832,0,100,900,1790612344.6724086,2386.837125,2994.697,performance,,32861568.0,31971308.0,29958972.0,0.0,0.0,10.56,12.0,13.14,,,
9,143,hdr_histogram,HdrHistogram,3000,mixed,1,237693.2345075961,2494.0,82517.0,12134.124253703703,20504.879850979254,1.6898524707887792,0,100,900,1790612352.730612,2567.146875,3020.714,performance,,32861568.0,31962792.0,29950356.0,0.0,0.0,9.75,11.78,13.06,,,
9,144,disabled,Disabled,250,mixed,1,304333.6527835768,782.0,1767.0,806.6198755555556,364.1415859543944,0.45144137528670936,0,100,900,1790612367.7787895,2300.0,2300.0,performance,,32861568.0,31971324.0,29958388.0,0.0,0.0,9.88,11.74,13.03,,,
10,1,disabled,Disabled,2000,read-heavy,1,265151.7170674492,2161.0,42427.0,7262.224395555556,10985.201592926243,1.5126497054606478,0,100,900,1790612370.9384358,2388.32,3006.56,performance,,32861568.0,31972828.0,29959996.0,0.0,0.0,9.88,11.74,13.03,,,
10,2,sharded_n,Sharded-N,3000,write-heavy,1,231486.1815400769,2573.0,83226.0,12478.457528888888,20974.134523457866,1.680827496098827,0,100,900,1790612381.037696,2300.0,2300.0,performance,,32861568.0,31980316.0,29967044.0,0.0,0.0,11.72,12.09,13.13,,,
10,3,sharded_n,Sharded-N,2000,mixed,1,256306.72174813738,2286.0,41576.0,7515.38407,11238.246556550544,1.495365566400194,0,100,900,1790612396.413289,2410.17525,3181.402,performance,,32861568.0,31983184.0,29969640.0,0.0,0.0,16.07,12.97,13.4,,,
10,4,global_mutex,GlobalMutex,250,read-heavy,1,299693.2950805877,797.0,1694.0,817.9883822222222,344.5199586518622,0.4211795254547598,0,100,900,1790612406.6138105,2300.0,2300.0,performance,,32861568.0,31979344.0,29965676.0,0.0,0.0,16.26,13.12,13.44,,,
10,5,global_mutex,GlobalMutex,750,mixed,1,278823.130903896,1982.0,9049.0,2632.009951111111,1947.7102523905453,0.7400086962316815,0,100,900,1790612409.9522867,2387.665125,3001.321,performance,,32861568.0,31992648.0,29978952.0,0.0,0.0,16.4,13.2,13.46,,,
10,6,global_mutex,GlobalMutex,750,write-heavy,1,282622.7030613881,1943.0,8812.0,2592.390982222222,1915.470627280005,0.7388818432156578,0,100,900,1790612414.9957602,2562.389625,3000.002,performance,,32861568.0,31948292.0,29934572.0,0.0,0.0,23.18,14.65,13.93,,,
10,7,hdr_histogram,HdrHistogram,500,read-heavy,1,294952.07805438753,1547.0,4313.0,1652.1500533333333,837.8719520191992,0.5071403474089604,0,100,900,1790612420.0113044,2387.062125,2996.497,performance,,32861568.0,31955476.0,29941624.0,0.0,0.0,22.04,14.56,13.91,,,
10,8,sharded_2key,Sharded-2key,3000,write-heavy,1,235392.85704261903,2506.0,80136.0,12268.019509259258,20558.147439847042,1.6757511205725446,0,100,900,1790612424.233691,2300.0,2300.0,performance,,32861568.0,31945568.0,29931656.0,0.0,0.0,20.28,14.32,13.83,,,
10,9,disabled,Disabled,1000,read-heavy,1,286195.82854869426,1933.0,13964.0,3394.6858855555556,3288.101488768446,0.9686025746179852,0,100,900,1790612439.3990078,2300.0,2300.0,performance,,32861568.0,31979672.0,29965248.0,0.0,0.0,18.32,14.19,13.8,,,
10,10,disabled,Disabled,750,read-heavy,1,298889.279747015,1838.0,8497.0,2449.2260548148147,1819.964348807587,0.7430773265006745,0,100,900,1790612445.42113,2390.7535,3026.028,performance,,32861568.0,31965172.0,29950712.0,0.0,0.0,18.45,14.28,13.83,,,
10,11,disabled,Disabled,3000,write-heavy,1,237340.9186550948,2532.0,85866.0,12177.698137037038,20525.688222309298,1.6855146178966967,0,100,900,1790612450.458441,2388.318875,3006.551,performance,,32861568.0,31941220.0,29926740.0,0.0,0.0,18.74,14.41,13.88,,,
10,12,hdr_histogram,HdrHistogram,1000,read-heavy,1,280665.64045412454,2028.0,14421.0,3458.786253333333,3364.7227190546223,0.9728044674087452,0,100,900,1790612465.4984462,2582.63775,3107.413,performance,,32861568.0,31982504.0,29967488.0,0.0,0.0,24.38,15.92,14.38,,,
10,13,global_mutex,GlobalMutex,750,read-heavy,1,285496.6222435713,1879.0,8820.0,2557.8081155555556,1934.0010892773264,0.7561165661784843,0,100,900,1790612471.6006298,2384.757125,2978.057,performance,,32861568.0,31963652.0,29948560.0,0.0,0.0,24.35,16.05,14.43,,,
10,14,hdr_histogram,HdrHistogram,3000,mixed,1,236659.33659979602,2508.0,79596.0,12196.653317777778,20508.664746669856,1.6814993598921544,0,100,900,1790612476.7555573,2578.420875,3088.406,performance,,32861568.0,31962232.0,29947136.0,0.0,0.0,25.68,16.46,14.57,,,
10,15,hdr_histogram,HdrHistogram,3000,write-heavy,1,235172.412634181,2544.0,85780.0,12277.322608148148,20549.866265735924,1.6738068161618151,0,100,900,1790612491.8269382,2300.0,2300.0,performance,,32861568.0,31972476.0,29956852.0,0.0,0.0,29.29,17.66,14.99,,,
10,16,thread_local,ThreadLocal,2000,write-heavy,1,252656.86339237163,2312.0,46566.0,7630.889322777778,11685.937612898739,1.5313991749319267,0,100,900,1790612507.0125842,2389.396,3015.168,performance,,32861568.0,31971596.0,29955644.0,0.0,0.0,29.05,18.2,15.21,,,
10,17,thread_local,ThreadLocal,500,mixed,1,286774.38098926184,1600.0,4435.0,1711.6036244444444,862.7691386981542,0.5040706425111675,0,100,900,1790612517.320987,2300.0,2300.0,performance,,32861568.0,31967968.0,29951864.0,0.0,0.0,26.91,18.09,15.21,,,
10,18,sharded_n,Sharded-N,500,mixed,1,284940.3699399059,1592.0,4456.0,1720.410571111111,883.6947181533552,0.5136533877390844,0,100,900,1790612521.4112358,2514.031625,3194.182,performance,,32861568.0,31976244.0,29960116.0,0.0,0.0,25.39,17.92,15.17,,,
10,19,sharded_n,Sharded-N,3000,mixed,1,235930.8215130621,2504.0,74197.0,12246.186633703705,20238.389503140002,1.6526278839684119,0,100,900,1790612525.5130785,2746.798875,3043.741,performance,,32861568.0,31977560.0,29961364.0,0.0,0.0,24.08,17.78,15.14,,,
10,20,sharded_n,Sharded-N,250,read-heavy,1,297274.8171435184,808.0,1713.0,825.8310533333333,347.8883177056287,0.4212584599494459,0,100,900,1790612540.608465,2399.193375,3093.547,performance,,32861568.0,31961460.0,29944768.0,0.0,0.0,23.68,18.01,15.26,,,
10,21,sharded_2key,Sharded-2key,1500,read-heavy,1,273455.84755015885,2098.0,27735.0,5310.656551851852,6946.07946705057,1.3079511731234885,0,100,900,1790612543.9489162,2657.9635,3044.125,performance,,32861568.0,31976056.0,29959384.0,0.0,0.0,21.78,17.71,15.18,,,
10,22,disabled,Disabled,1000,write-heavy,1,272588.0539956604,2085.0,15526.0,3567.1133855555554,3592.901031841473,1.0072292757472585,0,100,900,1790612551.9937134,2300.0,2300.0,performance,,32861568.0,31955032.0,29938232.0,0.0,0.0,21.72,17.77,15.21,,,
10,23,sharded_2key,Sharded-2key,3000,mixed,1,240536.79398975984,2456.0,85376.0,11996.53555962963,20281.917363905843,1.6906478760549772,0,100,900,1790612558.0239723,2300.0,2300.0,performance,,32861568.0,31963424.0,29946416.0,0.0,0.0,20.0,17.54,15.16,,,
10,24,hdr_histogram,HdrHistogram,1500,read-heavy,1,270692.7163039347,2123.0,27825.0,5368.461190370371,7034.266576125743,1.3102947616988265,0,100,900,1790612572.9165802,2387.91625,3003.33,performance,,32861568.0,31978640.0,29961232.0,0.0,0.0,17.12,17.04,15.04,,,
10,25,thread_local,ThreadLocal,1500,read-heavy,1,281356.6468301978,2041.0,27523.0,5154.122982222222,6922.128743511856,1.3430274689579391,0,100,900,1790612580.9975002,2408.16275,3165.302,performance,,32861568.0,31957320.0,29939780.0,0.0,0.0,16.39,16.89,15.0,,,
10,26,sharded_n,Sharded-N,250,mixed,1,293347.96029713453,823.0,1675.0,836.3904222222222,342.90275688376613,0.4099792964781938,0,100,900,1790612588.8930633,2595.393,3122.455,performance,,32861568.0,31969876.0,29952148.0,0.0,0.0,16.0,16.8,14.99,,,
10,27,thread_local,ThreadLocal,3000,write-heavy,1,236037.2329785605,2530.0,86050.0,12226.088397037038,20678.235572838556,1.691320633494673,0,100,900,1790612592.0711856,2399.499625,3095.997,performance,,32861568.0,31972104.0,29954408.0,0.0,0.0,16.0,16.8,14.99,,,
10,28,hdr_histogram,HdrHistogram,2000,mixed,1,254325.97397355313,2285.0,41293.0,7561.608352777777,11335.60029401254,1.499099102355437,0,100,900,1790612607.1830795,2399.71,3097.68,performance,,32861568.0,31992236.0,29974020.0,0.0,0.0,16.15,16.81,15.03,,,
10,29,thread_local,ThreadLocal,2000,mixed,1,258771.35351288752,2219.0,43083.0,7456.972502222222,11200.742207091092,1.50204955211424,0,100,900,1790612617.4411707,2400.3495,3102.796,performance,,32861568.0,31952588.0,29934248.0,0.0,0.0,19.66,17.55,15.29,,,
10,30,sharded_2key,Sharded-2key,1500,write-heavy,1,264834.2941149775,2176.0,29253.0,5467.850588148148,7289.8576379502365,1.3332218063440475,0,100,900,1790612627.577925,2300.0,2300.0,performance,,32861568.0,31957744.0,29939120.0,0.0,0.0,18.08,17.27,15.22,,,
10,31,global_mutex,GlobalMutex,2000,write-heavy,1,254388.90820062658,2292.0,44100.0,7587.164657777777,11502.526817199594,1.5160507694278242,0,100,900,1790612635.6236744,2300.0,2300.0,performance,,32861568.0,31942140.0,29923468.0,0.0,0.0,16.58,16.97,15.14,,,
10,32,thread_local,ThreadLocal,3000,mixed,1,245117.9007747393,2391.0,78438.0,11755.894655925926,19627.9946769539,1.6696300240373279,0,100,900,1790612645.8706634,2300.0,2300.0,performance,,32861568.0,31969552.0,29950504.0,0.0,0.0,18.6,17.4,15.3,,,
10,33,sharded_n,Sharded-N,750,read-heavy,1,285561.109043181,1902.0,9058.0,2568.6501985185187,1937.000024393378,0.7540925679606169,0,100,900,1790612660.5551023,2395.973625,3067.789,performance,,32861568.0,31980164.0,29960828.0,0.0,0.0,17.88,17.28,15.3,,,
10,34,thread_local,ThreadLocal,500,write-heavy,1,289459.6076205331,1554.0,4509.0,1692.978911111111,884.5813627348741,0.5224999301109537,0,100,900,1790612665.712059,2300.0,2300.0,performance,,32861568.0,31970080.0,29950692.0,0.0,0.0,19.97,17.73,15.45,,,
10,35,sharded_n,Sharded-N,1500,write-heavy,1,260147.17406668718,2237.0,29699.0,5579.003452592593,7372.474613155622,1.3214680141001873,0,100,900,1790612669.7813938,2394.932625,3059.461,performance,,32861568.0,31956616.0,29937228.0,0.0,0.0,20.85,17.95,15.54,,,
10,36,sharded_2key,Sharded-2key,3000,read-heavy,1,243738.67950455888,2407.0,75383.0,11833.731115185185,19873.743639896573,1.6794148393649362,0,100,900,1790612677.9185572,2398.316125,3086.529,performance,,32861568.0,31956672.0,29936972.0,0.0,0.0,18.53,17.55,15.43,,,
10,37,disabled,Disabled,100,mixed,1,291327.61203883775,321.0,779.0,336.8175777777778,143.86284477121632,0.4271239218581779,0,100,900,1790612692.8080595,2392.235875,3037.887,performance,,32861568.0,31972760.0,29952604.0,0.0,0.0,21.12,18.19,15.68,,,
10,38,hdr_histogram,HdrHistogram,1500,mixed,1,268855.61724814796,2135.0,28226.0,5390.419691851852,7150.807481657172,1.3265771295074331,0,100,900,1790612695.471447,2396.973875,3075.791,performance,,32861568.0,31984072.0,29963880.0,0.0,0.0,21.12,18.19,15.68,,,
10,39,hdr_histogram,HdrHistogram,750,write-heavy,1,276022.4758845603,1976.0,9186.0,2651.4755866666665,1997.306613629212,0.7532811630146478,0,100,900,1790612703.4488115,2649.2515,3037.274,performance,,32861568.0,31962328.0,29942048.0,0.0,0.0,18.76,17.79,15.57,,,
10,40,thread_local,ThreadLocal,100,mixed,1,283709.59372502466,330.0,761.0,345.37345555555555,143.72323391981558,0.4161386221434634,0,100,900,1790612708.5315902,2300.0,2300.0,performance,,32861568.0,31949832.0,29929500.0,0.0,0.0,17.25,17.49,15.49,,,
10,41,hdr_histogram,HdrHistogram,1500,write-heavy,1,258790.6857366829,2249.0,29196.0,5612.702444444444,7386.715270224319,1.3160710626190109,0,100,900,1790612711.2043848,2491.314625,3095.767,performance,,32861568.0,31958496.0,29938128.0,0.0,0.0,17.25,17.49,15.49,,,
10,42,global_mutex,GlobalMutex,3000,read-heavy,1,240096.83621879676,2464.0,82389.0,12020.39425925926,20294.99260852859,1.6883799458487347,0,100,900,1790612719.3877819,2300.0,2300.0,performance,,32861568.0,31955116.0,29934540.0,0.0,0.0,15.63,17.14,15.4,,,
10,43,sharded_2key,Sharded-2key,1000,read-heavy,1,280487.59798233915,2009.0,14129.0,3456.180928888889,3312.7399342807603,0.9584972553348812,0,100,900,1790612734.4591277,2387.953,3003.624,performance,,32861568.0,31996480.0,29975496.0,0.0,0.0,14.48,16.84,15.33,,,
10,44,hdr_histogram,HdrHistogram,100,mixed,1,285527.5144623652,331.0,700.0,343.2532777777778,138.0778100691646,0.40226217492540944,0,100,900,1790612740.5517318,2479.655125,3026.21,performance,,32861568.0,31943800.0,29922800.0,0.0,0.0,15.0,16.91,15.36,,,
10,45,sharded_2key,Sharded-2key,500,write-heavy,1,285450.9533132222,1598.0,4496.0,1717.6233044444446,875.8265059248845,0.5099060449742591,0,100,900,1790612743.2274187,2549.974,3028.247,performance,,32861568.0,31986832.0,29965804.0,0.0,0.0,13.8,16.63,15.27,,,
10,46,hdr_histogram,HdrHistogram,2000,read-heavy,1,259188.22898109537,2245.0,43468.0,7435.724912777778,11151.229613596392,1.499682915169949,0,100,900,1790612747.3220868,2393.114375,3044.915,performance,,32861568.0,31966388.0,29945316.0,0.0,0.0,13.8,16.63,15.27,,,
10,47,sharded_2key,Sharded-2key,1000,write-heavy,1,269990.1614775187,2122.0,15341.0,3594.2598877777777,3561.323394283724,0.9908363628334018,0,100,900,1790612757.608725,2388.6175,3008.94,performance,,32861568.0,31959696.0,29938216.0,0.0,0.0,12.87,16.33,15.19,,,
10,48,thread_local,ThreadLocal,100,read-heavy,1,291683.8172700057,324.0,692.0,335.9594222222222,133.1214680547728,0.39624269852065314,0,100,900,1790612763.6630147,2567.582,3020.327,performance,,32861568.0,31964176.0,29942712.0,0.0,0.0,10.89,15.79,15.03,,,
10,49,sharded_2key,Sharded-2key,250,read-heavy,1,298485.29537663073,792.0,1839.0,821.49356,378.22547636843075,0.46041197981933146,0,100,900,1790612766.4972932,2405.358,3142.864,performance,,32861568.0,31985604.0,29964112.0,0.0,0.0,10.89,15.79,15.03,,,
10,50,sharded_n,Sharded-N,1500,mixed,1,262625.45761095046,2211.0,29179.0,5511.725913333334,7327.484837901929,1.3294356347031189,0,100,900,1790612769.8402889,2399.6355,3097.084,performance,,32861568.0,31980068.0,29958544.0,0.0,0.0,11.22,15.78,15.03,,,
10,51,sharded_n,Sharded-N,250,write-heavy,1,285640.58391470806,831.0,1807.0,858.570928888889,380.20930994016976,0.44283972022231627,0,100,900,1790612777.9271326,2482.7485,3060.002,performance,,32861568.0,31968536.0,29946704.0,0.0,0.0,12.37,15.89,15.07,,,
10,52,disabled,Disabled,750,write-heavy,1,278404.5755477703,1972.0,9006.0,2633.7754637037037,1957.7526511099345,0.7433255712530926,0,100,900,1790612781.1298614,2557.632375,3000.908,performance,,32861568.0,31975652.0,29953912.0,0.0,0.0,12.37,15.89,15.07,,,
10,53,thread_local,ThreadLocal,500,read-heavy,1,300077.94224471867,1520.0,4180.0,1629.9152266666667,821.34215795991,0.5039171022652715,0,100,900,1790612786.1794803,2397.5685,3080.548,performance,,32861568.0,31960480.0,29938580.0,0.0,0.0,12.58,15.88,15.07,,,
10,54,global_mutex,GlobalMutex,1000,read-heavy,1,280146.814760723,2009.0,14822.0,3468.50256,3454.2309830321615,0.9958853779920985,0,100,900,1790612790.3652759,2399.970875,3099.767,performance,,32861568.0,31939880.0,29918000.0,0.0,0.0,13.25,15.96,15.1,,,
10,55,disabled,Disabled,250,write-heavy,1,292496.22919711244,821.0,1803.0,838.7553377777778,364.5595214333406,0.43464345919897807,0,100,900,1790612796.4673426,2387.32525,2998.602,performance,,32861568.0,31945972.0,29923784.0,0.0,0.0,12.91,15.85,15.07,,,
10,56,sharded_n,Sharded-N,750,mixed,1,279959.3687626958,1945.0,8972.0,2612.3849051851853,1943.638306906506,0.744009163063483,0,100,900,1790612799.6566098,2300.0,2300.0,performance,,32861568.0,31979608.0,29957376.0,0.0,0.0,11.88,15.58,14.99,,,
10,57,global_mutex,GlobalMutex,250,mixed,1,294076.98601422395,813.0,1755.0,836.2669555555556,363.360683871496,0.43450321868823016,0,100,900,1790612804.6911898,2387.777375,3002.219,performance,,32861568.0,31951580.0,29929296.0,0.0,0.0,10.93,15.33,14.91,,,
10,58,sharded_n,Sharded-N,1000,write-heavy,1,270770.2832130532,2128.0,15055.0,3595.4758566666665,3465.570078822954,0.9638696564731917,0,100,900,1790612807.8707564,2713.3,3106.952,performance,,32861568.0,31984600.0,29962300.0,0.0,0.0,10.05,15.07,14.83,,,
10,59,global_mutex,GlobalMutex,1500,write-heavy,1,262621.95489522314,2210.0,27863.0,5527.262754074074,7132.649577226648,1.2904487980002877,0,100,900,1790612813.9327357,2300.0,2300.0,performance,,32861568.0,31955016.0,29932540.0,0.0,0.0,9.25,14.82,14.75,,,
10,60,disabled,Disabled,3000,read-heavy,1,247719.08566799972,2362.0,79659.0,11646.194776666667,19934.782565096135,1.7116992242853248,0,100,900,1790612822.0232794,2393.073,3044.584,performance,,32861568.0,31952324.0,29929600.0,0.0,0.0,10.51,14.99,14.8,,,
10,61,sharded_n,Sharded-N,3000,read-heavy,1,241904.82297655696,2437.0,82588.0,11924.201338518518,20248.291376606245,1.6980836537201514,0,100,900,1790612836.7085629,2403.91275,3131.302,performance,,32861568.0,31972424.0,29949272.0,0.0,0.0,16.11,16.07,15.16,,,
10,62,hdr_histogram,HdrHistogram,250,read-heavy,1,299810.14143034414,797.0,1803.0,816.6292355555555,353.9219502585588,0.43339368081499624,0,100,900,1790612851.6972644,2387.32575,2998.606,performance,,32861568.0,31988976.0,29965532.0,0.0,0.0,15.28,15.9,15.12,,,
10,63,global_mutex,GlobalMutex,1500,read-heavy,1,268439.78517923655,2156.0,28409.0,5408.202125185185,7214.089955230717,1.3339164824546377,0,100,900,1790612855.0338037,2300.0,2300.0,performance,,32861568.0,31985640.0,29962216.0,0.0,0.0,15.34,15.9,15.13,,,
10,64,global_mutex,GlobalMutex,500,mixed,1,282043.0104610079,1600.0,4608.0,1740.9012555555555,913.0627398704278,0.5244770413925928,0,100,900,1790612863.1750073,2300.0,2300.0,performance,,32861568.0,31945512.0,29921880.0,0.0,0.0,17.11,16.29,15.27,,,
10,65,thread_local,ThreadLocal,100,write-heavy,1,279470.85187640553,335.0,840.0,351.0467777777778,150.25761620248446,0.4280273334330436,0,100,900,1790612867.2897472,2816.318875,2998.887,performance,,32861568.0,31955932.0,29932360.0,0.0,0.0,17.11,16.29,15.27,,,
10,66,sharded_2key,Sharded-2key,2000,mixed,1,254070.0864060097,2297.0,45775.0,7592.635746666667,11492.574707551235,1.5136475778647391,0,100,900,1790612869.9672563,2390.5735,3024.588,performance,,32861568.0,31982324.0,29958724.0,0.0,0.0,16.78,16.24,15.25,,,
10,67,disabled,Disabled,250,mixed,1,309187.0313288871,775.0,1683.0,795.3416311111112,340.4818158545234,0.428095050649948,0,100,900,1790612880.223994,2300.0,2300.0,performance,,32861568.0,31966808.0,29942764.0,0.0,0.0,18.15,16.54,15.36,,,
10,68,disabled,Disabled,1500,read-heavy,1,274290.8082439352,2080.0,27396.0,5294.980592592593,7009.092052745387,1.3237238418873052,0,100,900,1790612883.3701136,2658.58275,3056.026,performance,,32861568.0,31978804.0,29954804.0,0.0,0.0,16.7,16.27,15.28,,,
10,69,sharded_n,Sharded-N,500,read-heavy,1,293698.5394350096,1562.0,4086.0,1665.5089311111112,823.6449641699382,0.4945304998277373,0,100,900,1790612891.4143116,2824.927625,3084.526,performance,,32861568.0,31957104.0,29932876.0,0.0,0.0,16.16,16.16,15.25,,,
10,70,hdr_histogram,HdrHistogram,500,write-heavy,1,284822.643275578,1601.0,4459.0,1721.4760533333333,873.5048491383247,0.5074162068342092,0,100,900,1790612895.6361077,2565.771125,3025.676,performance,,32861568.0,31958904.0,29934744.0,0.0,0.0,16.23,16.18,15.26,,,
10,71,sharded_2key,Sharded-2key,250,mixed,1,299904.32332315616,795.0,1765.0,820.1057022222222,356.7559526118326,0.4350121595852082,0,100,900,1790612899.7336009,2300.0,2300.0,performance,,32861568.0,31942524.0,29918292.0,0.0,0.0,14.93,15.91,15.18,,,
10,72,sharded_2key,Sharded-2key,250,write-heavy,1,295577.76994588645,812.0,1730.0,831.4078888888889,349.15882387299285,0.41996092235739557,0,100,900,1790612902.9015615,2398.777625,3090.221,performance,,32861568.0,31955732.0,29931488.0,0.0,0.0,13.74,15.64,15.1,,,
10,73,sharded_n,Sharded-N,100,write-heavy,1,283706.3159850651,332.0,728.0,345.1496666666667,141.33492277214847,0.4094887998505435,0,100,900,1790612906.079561,2388.2325,3005.86,performance,,32861568.0,31986392.0,29962104.0,0.0,0.0,13.74,15.64,15.1,,,
10,74,thread_local,ThreadLocal,750,write-heavy,1,277472.52659730887,1959.0,9329.0,2643.405220740741,2001.611047787983,0.7572093117176666,0,100,900,1790612908.7550843,2655.31325,3073.408,performance,,32861568.0,31995280.0,29970944.0,0.0,0.0,12.64,15.39,15.02,,,
10,75,thread_local,ThreadLocal,1000,read-heavy,1,280519.90792981297,2009.0,14605.0,3478.662328888889,3404.3125942581687,0.9786269181652741,0,100,900,1790612913.8099835,2656.531,3054.853,performance,,32861568.0,31978708.0,29954276.0,0.0,0.0,11.62,15.13,14.94,,,
10,76,sharded_2key,Sharded-2key,100,mixed,1,291092.6088623934,325.0,750.0,338.03887777777777,137.42905683831887,0.4065480803325317,0,100,900,1790612919.9055824,2388.8115,3010.492,performance,,32861568.0,31977168.0,29952472.0,0.0,0.0,17.18,16.22,15.29,,,
10,77,hdr_histogram,HdrHistogram,1000,write-heavy,1,270040.9303468495,2131.0,15338.0,3593.1284833333334,3550.7191114255784,0.9881970900555128,0,100,900,1790612922.570658,2300.0,2300.0,performance,,32861568.0,31991268.0,29966540.0,0.0,0.0,17.18,16.22,15.29,,,
10,78,thread_local,ThreadLocal,1500,mixed,1,264631.8551198961,2197.0,29257.0,5490.268791111111,7245.744067218312,1.3197430477264358,0,100,900,1790612928.6393247,2393.711625,3049.693,performance,,32861568.0,31951432.0,29926576.0,0.0,0.0,14.54,15.69,15.13,,,
10,79,disabled,Disabled,500,mixed,1,293331.91763962264,1561.0,4476.0,1672.8763733333333,843.7332744445736,0.5043608050745382,0,100,900,1790612936.6880543,2300.0,2300.0,performance,,32861568.0,31958256.0,29933224.0,0.0,0.0,14.65,15.69,15.13,,,
10,80,global_mutex,GlobalMutex,250,write-heavy,1,311121.97337018256,767.0,1641.0,789.00096,329.115143515798,0.4171289519290294,0,100,900,1790612940.7415671,2387.108125,2996.865,performance,,32861568.0,31955032.0,29930020.0,0.0,0.0,14.2,15.58,15.1,,,
10,81,sharded_n,Sharded-N,2000,read-heavy,1,261750.57082717173,2218.0,43850.0,7370.632777777778,11090.651484135204,1.5047081870057566,0,100,900,1790612943.8827786,2300.0,2300.0,performance,,32861568.0,31966124.0,29941064.0,0.0,0.0,13.06,15.32,15.02,,,
10,82,disabled,Disabled,250,read-heavy,1,307943.4421493686,775.0,1680.0,794.8551111111111,350.84581855479104,0.4413959395245646,0,100,900,1790612954.0920448,2916.3165,3091.24,performance,,32861568.0,31948732.0,29923240.0,0.0,0.0,12.53,15.15,14.96,,,
10,83,hdr_histogram,HdrHistogram,500,mixed,1,295655.62015493616,1547.0,4198.0,1654.1774733333334,835.0518705979158,0.5048139537985622,0,100,900,1790612957.408723,2300.0,2300.0,performance,,32861568.0,31967804.0,29942344.0,0.0,0.0,12.53,15.15,14.96,,,
10,84,sharded_2key,Sharded-2key,2000,read-heavy,1,263746.187085112,2172.0,39897.0,7306.741001666666,11054.86295823375,1.512967676794913,0,100,900,1790612961.453114,2392.792,3042.336,performance,,32861568.0,31959140.0,29933688.0,0.0,0.0,12.33,15.06,14.94,,,
10,85,global_mutex,GlobalMutex,3000,mixed,1,237518.1284853862,2491.0,83316.0,12163.880761481481,20447.699118063923,1.6810177211547679,0,100,900,1790612971.604433,2822.448875,3002.08,performance,,32861568.0,31963888.0,29938028.0,0.0,0.0,21.06,16.86,15.53,,,
10,86,sharded_n,Sharded-N,750,write-heavy,1,274798.48464293126,1985.0,9460.0,2667.6301303703704,2035.5188795932306,0.76304389293677,0,100,900,1790612986.6597214,2694.72175,3166.519,performance,,32861568.0,31962960.0,29936752.0,0.0,0.0,23.2,17.51,15.76,,,
10,87,disabled,Disabled,2000,write-heavy,1,254141.01313039847,2314.0,45150.0,7576.75371,11374.853768572584,1.501283294131595,0,100,900,1790612991.7430866,2733.303625,3025.01,performance,,32861568.0,31970592.0,29944444.0,0.0,0.0,23.02,17.57,15.79,,,
10,88,thread_local,ThreadLocal,1000,write-heavy,1,271164.90387273754,2116.0,15124.0,3584.535118888889,3528.4524781050172,0.9843542777727741,0,100,900,1790613002.010239,2411.920125,3195.361,performance,,32861568.0,31979116.0,29952620.0,0.0,0.0,21.85,17.5,15.78,,,
10,89,sharded_2key,Sharded-2key,750,mixed,1,284417.49794696074,1917.0,8875.0,2579.9689066666665,1920.4824317401185,0.7443820066116192,0,100,900,1790613008.061195,2399.461,3095.688,performance,,32861568.0,31949152.0,29922548.0,0.0,0.0,18.93,17.02,15.65,,,
10,90,hdr_histogram,HdrHistogram,750,mixed,1,294772.5873071598,1860.0,8644.0,2482.40872,1865.0194804866671,0.7512942834355928,0,100,900,1790613013.0549316,2300.0,2300.0,performance,,32861568.0,31980392.0,29953752.0,0.0,0.0,17.42,16.74,15.56,,,
10,91,thread_local,ThreadLocal,250,mixed,1,295269.382531788,808.0,1850.0,833.1637466666666,372.0094833626104,0.4465022450280047,0,100,900,1790613017.9710317,2300.0,2300.0,performance,,32861568.0,31946328.0,29919588.0,0.0,0.0,16.02,16.46,15.48,,,
10,92,hdr_histogram,HdrHistogram,250,mixed,1,303108.5470828313,783.0,1698.0,806.7463022222222,357.89916357813956,0.4436328528464138,0,100,900,1790613021.1547623,2300.0,2300.0,performance,,32861568.0,31978584.0,29951812.0,0.0,0.0,16.02,16.46,15.48,,,
10,93,hdr_histogram,HdrHistogram,3000,read-heavy,1,243473.64621513966,2418.0,82282.0,11860.663450740742,20093.46705707319,1.6941267358714474,0,100,900,1790613024.3167498,2300.0,2300.0,performance,,32861568.0,31962648.0,29935832.0,0.0,0.0,14.74,16.19,15.39,,,
10,94,hdr_histogram,HdrHistogram,100,read-heavy,1,282222.8149876922,332.0,771.0,347.32138888888886,148.449732986909,0.4274131618032869,0,100,900,1790613039.2182424,2389.105125,3012.841,performance,,32861568.0,31986360.0,29959012.0,0.0,0.0,19.72,17.25,15.76,,,
10,95,sharded_n,Sharded-N,1000,read-heavy,1,276402.57549389225,2056.0,14841.0,3508.356656666667,3460.5903003885533,0.9863849770839727,0,100,900,1790613042.068866,2569.323875,3048.09,performance,,32861568.0,32000068.0,29972676.0,0.0,0.0,19.72,17.25,15.76,,,
10,96,sharded_2key,Sharded-2key,100,read-heavy,1,284951.29830871965,331.0,783.0,345.36098888888887,143.71265242985734,0.41612300477890174,0,100,900,1790613048.221266,2402.845875,3122.767,performance,,32861568.0,31959272.0,29931916.0,0.0,0.0,17.65,16.89,15.66,,,
10,97,sharded_n,Sharded-N,100,mixed,1,283159.0102641177,331.0,767.0,345.68927777777776,144.77294471223013,0.4187950104871222,0,100,900,1790613051.0680904,2401.6725,3113.38,performance,,32861568.0,31977072.0,29949688.0,0.0,0.0,17.65,16.89,15.66,,,
10,98,disabled,Disabled,1500,write-heavy,1,269534.4508245507,2132.0,28818.0,5383.49972962963,7074.52268016605,1.3141122012562556,0,100,900,1790613053.7424662,2486.298625,3087.888,performance,,32861568.0,31986612.0,29959200.0,0.0,0.0,16.24,16.61,15.57,,,
10,99,thread_local,ThreadLocal,1500,write-heavy,1,263237.0965189652,2205.0,29408.0,5510.113874814815,7283.469792671106,1.3218365279094872,0,100,900,1790613061.6906285,2390.945875,3027.567,performance,,32861568.0,31954616.0,29926864.0,0.0,0.0,15.74,16.5,15.54,,,
10,100,sharded_n,Sharded-N,1000,mixed,1,269257.2517170804,2152.0,15295.0,3615.9928666666665,3552.2380913222282,0.9823686667271527,0,100,900,1790613069.7635832,2388.587625,3008.701,performance,,32861568.0,31965732.0,29937860.0,0.0,0.0,14.94,16.32,15.49,,,
10,101,disabled,Disabled,1500,mixed,1,265109.2815246674,2164.0,30160.0,5476.494668148148,7310.54380330252,1.3348947175684092,0,100,900,1790613075.834434,2399.412,3095.296,performance,,32861568.0,31975712.0,29947720.0,0.0,0.0,16.46,16.61,15.59,,,
10,102,disabled,Disabled,500,read-heavy,1,306923.1494655438,1485.0,4268.0,1598.27434,814.9336658973285,0.5098834696284548,0,100,900,1790613083.8819587,2751.618,3070.397,performance,,32861568.0,31937664.0,29909444.0,0.0,0.0,14.45,16.18,15.46,,,
10,103,disabled,Disabled,2000,mixed,1,260538.57037196925,2230.0,42864.0,7382.1673294444445,11074.409490074699,1.5001569316782364,0,100,900,1790613088.035313,2572.403375,3061.455,performance,,32861568.0,31977148.0,29948944.0,0.0,0.0,13.29,15.91,15.38,,,
10,104,global_mutex,GlobalMutex,2000,mixed,1,253706.74855167366,2309.0,47240.0,7595.618823333333,11559.081515427779,1.5218090565470321,0,100,900,1790613098.1052272,2391.582625,3032.661,performance,,32861568.0,31982660.0,29954104.0,0.0,0.0,13.97,15.99,15.41,,,
10,105,hdr_histogram,HdrHistogram,1000,mixed,1,273924.7176971578,2054.0,15410.0,3547.2455233333335,3524.159960724575,0.9934919749825872,0,100,900,1790613108.3752224,2667.232625,3114.809,performance,,32861568.0,31964164.0,29935436.0,0.0,0.0,12.86,15.69,15.32,,,
10,106,disabled,Disabled,1000,mixed,1,281923.12290799123,2038.0,14610.0,3441.2533444444443,3396.035558800969,0.9868600823253902,0,100,900,1790613114.3873386,2388.522875,3008.183,performance,,32861568.0,31958304.0,29929540.0,0.0,0.0,11.83,15.43,15.24,,,
10,107,hdr_histogram,HdrHistogram,750,read-heavy,1,283723.5934337599,1914.0,8946.0,2578.4686785185186,1940.0522312176333,0.7524048080864442,0,100,900,1790613120.3057141,2401.2925,3110.34,performance,,32861568.0,31947772.0,29918800.0,0.0,0.0,12.48,15.51,15.26,,,
10,108,sharded_2key,Sharded-2key,750,read-heavy,1,287050.56178848306,1924.0,8814.0,2554.3370074074073,1869.6586300459423,0.7319545637964202,0,100,900,1790613125.4683075,2493.8795,3085.61,performance,,32861568.0,31954080.0,29925064.0,0.0,0.0,12.04,15.37,15.22,,,
10,109,disabled,Disabled,500,write-heavy,1,287836.8443132175,1560.0,4636.0,1704.3762444444444,899.7173951876315,0.5278866084412611,0,100,900,1790613130.6068923,2300.0,2300.0,performance,,32861568.0,31963992.0,29934816.0,0.0,0.0,11.8,15.26,15.19,,,
10,110,global_mutex,GlobalMutex,1500,mixed,1,268769.0724805111,2154.0,26929.0,5395.61070962963,7059.640271555934,1.3084043033268662,0,100,900,1790613134.6871617,2400.046375,3100.371,performance,,32861568.0,31971884.0,29942688.0,0.0,0.0,10.85,15.01,15.1,,,
10,111,global_mutex,GlobalMutex,2000,read-heavy,1,259432.24683980338,2239.0,44203.0,7447.39986,11316.741093452172,1.5195559935266014,0,100,900,1790613142.6574337,2485.2905,3080.902,performance,,32861568.0,31955200.0,29925704.0,0.0,0.0,11.51,15.07,15.12,,,
10,112,sharded_n,Sharded-N,500,write-heavy,1,291361.4335961508,1568.0,4275.0,1675.0276577777777,852.9876123389167,0.5092379271340252,0,100,900,1790613152.9262602,2399.21575,3093.726,performance,,32861568.0,31961164.0,29931412.0,0.0,0.0,10.95,14.78,15.03,,,
10,113,global_mutex,GlobalMutex,500,read-heavy,1,288990.2843482912,1569.0,4587.0,1697.4700244444443,881.3016183655825,0.5191853792257798,0,100,900,1790613156.9939737,2300.0,2300.0,performance,,32861568.0,31968980.0,29939280.0,0.0,0.0,10.95,14.78,15.03,,,
10,114,disabled,Disabled,100,write-heavy,1,280240.61097659444,333.0,827.0,350.0246888888889,153.4384604293072,0.43836467912129023,0,100,900,1790613161.2381124,2655.182875,3048.346,performance,,32861568.0,31971960.0,29942240.0,0.0,0.0,11.03,14.73,15.01,,,
10,115,global_mutex,GlobalMutex,3000,write-heavy,1,234097.2579703246,2532.0,80867.0,12340.853854074074,20535.753842390182,1.6640464335140581,0,100,900,1790613163.911767,2300.0,2300.0,performance,,32861568.0,31972956.0,29943216.0,0.0,0.0,10.15,14.49,14.93,,,
10,116,global_mutex,GlobalMutex,500,write-heavy,1,281170.71917097387,1621.0,4590.0,1744.26458,891.5612259666863,0.5111387550887987,0,100,900,1790613179.147405,2686.84475,3137.8,performance,,32861568.0,31970688.0,29940300.0,0.0,0.0,10.63,14.41,14.9,,,
10,117,disabled,Disabled,750,mixed,1,280395.980787063,1967.0,9234.0,2613.069005925926,1935.3907732197226,0.7406581184157929,0,100,900,1790613183.269151,2387.275125,2998.201,performance,,32861568.0,31962940.0,29932652.0,0.0,0.0,9.78,14.17,14.82,,,
10,118,sharded_2key,Sharded-2key,500,mixed,1,290005.4417329989,1601.0,4231.0,1690.6932644444444,832.4570114448438,0.49237613288675763,0,100,900,1790613188.282333,2399.51,3096.08,performance,,32861568.0,31953260.0,29922852.0,0.0,0.0,9.0,13.93,14.74,,,
10,119,thread_local,ThreadLocal,250,write-heavy,1,288038.9133659024,826.0,1890.0,852.0012088888889,380.5996704604206,0.44671259440672384,0,100,900,1790613192.352701,2300.0,2300.0,performance,,32861568.0,31969888.0,29939420.0,0.0,0.0,9.0,13.93,14.74,,,
10,120,hdr_histogram,HdrHistogram,2000,write-heavy,1,253334.44749635688,2308.0,41416.0,7617.181757777777,11420.504670434208,1.4993084100655627,0,100,900,1790613195.5524542,2399.155125,3093.241,performance,,32861568.0,31966796.0,29936316.0,0.0,0.0,9.24,13.9,14.72,,,
10,121,disabled,Disabled,3000,mixed,1,240574.3399941484,2461.0,76571.0,11991.091751481481,20301.193672863792,1.6930229618462898,0,100,900,1790613205.8446243,2740.5405,3052.944,performance,,32861568.0,31961508.0,29930576.0,0.0,0.0,11.03,14.13,14.79,,,
10,122,thread_local,ThreadLocal,750,mixed,1,280753.64218320564,1974.0,8991.0,2614.405977777778,1916.4973226278719,0.733052685358713,0,100,900,1790613220.7217734,2300.0,2300.0,performance,,32861568.0,31976272.0,29945032.0,0.0,0.0,11.83,14.16,14.79,,,
10,123,sharded_2key,Sharded-2key,750,write-heavy,1,278235.3965725278,1969.0,9192.0,2638.9665362962965,1977.5829422367735,0.7493778018921933,0,100,900,1790613225.7450762,2759.35575,3138.697,performance,,32861568.0,31984540.0,29953288.0,0.0,0.0,11.92,14.14,14.78,,,
10,124,thread_local,ThreadLocal,1000,mixed,1,285376.9793654542,2000.0,14319.0,3407.9316744444445,3309.9836261873115,0.9712587992911859,0,100,900,1790613230.7909157,2300.0,2300.0,performance,,32861568.0,31969972.0,29938692.0,0.0,0.0,12.09,14.14,14.77,,,
10,125,global_mutex,GlobalMutex,100,write-heavy,1,277289.1720051046,339.0,788.0,354.3531777777778,146.2192939075125,0.41263717408852946,0,100,900,1790613236.6694212,2388.24025,3005.922,performance,,32861568.0,31975748.0,29944308.0,0.0,0.0,16.16,14.95,15.03,,,
10,126,sharded_2key,Sharded-2key,500,read-heavy,1,291662.8459373965,1528.0,4732.0,1679.141588888889,920.6262156697758,0.5482719395205777,0,100,900,1790613239.3509455,2300.0,2300.0,performance,,32861568.0,31974488.0,29943004.0,0.0,0.0,14.87,14.7,14.95,,,
10,127,global_mutex,GlobalMutex,1000,mixed,1,270497.3422291153,2126.0,15187.0,3601.902396666667,3545.05304856096,0.984216854915803,0,100,900,1790613243.5818374,2300.0,2300.0,performance,,32861568.0,31954176.0,29922648.0,0.0,0.0,13.68,14.46,14.87,,,
10,128,hdr_histogram,HdrHistogram,100,write-heavy,1,276163.87608593155,342.0,776.0,355.6297222222222,145.3231209830369,0.40863603884106425,0,100,900,1790613249.6432683,2397.75575,3082.046,performance,,32861568.0,31944804.0,29913108.0,0.0,0.0,12.58,14.22,14.79,,,
10,129,thread_local,ThreadLocal,2000,read-heavy,1,261256.00590056443,2229.0,39946.0,7347.462592222222,11007.208557455502,1.4980965767838499,0,100,900,1790613252.3285995,2387.785375,3002.283,performance,,32861568.0,31987892.0,29956180.0,0.0,0.0,12.58,14.22,14.79,,,
10,130,sharded_2key,Sharded-2key,2000,write-heavy,1,253443.75113296483,2324.0,45872.0,7604.133983888889,11434.268654668444,1.503691107875608,0,100,900,1790613262.558243,2560.9875,3000.466,performance,,32861568.0,31962672.0,29930572.0,0.0,0.0,19.25,15.64,15.25,,,
10,131,thread_local,ThreadLocal,3000,read-heavy,1,241050.31486673764,2439.0,81882.0,11965.398164444445,20071.837180594197,1.6774901181507098,0,100,900,1790613272.8542519,2392.719625,3041.757,performance,,32861568.0,31971256.0,29938936.0,0.0,0.0,16.01,15.11,15.08,,,
10,132,sharded_2key,Sharded-2key,1000,mixed,1,277050.8840762512,2078.0,14617.0,3510.057672222222,3422.6313508353765,0.9750926253780052,0,100,900,1790613287.8757074,2300.0,2300.0,performance,,32861568.0,31966988.0,29934332.0,0.0,0.0,17.22,15.46,15.2,,,
10,133,sharded_2key,Sharded-2key,100,write-heavy,1,285102.6084763077,332.0,717.0,344.37434444444443,140.79804248363354,0.40885171835542333,0,100,900,1790613293.8495035,2388.682375,3009.459,performance,,32861568.0,31970368.0,29937688.0,0.0,0.0,15.84,15.21,15.12,,,
10,134,disabled,Disabled,100,read-heavy,1,291114.41372866073,324.0,693.0,335.97366666666665,135.702742411669,0.4039088651144356,0,100,900,1790613296.5222907,2399.84525,3098.762,performance,,32861568.0,31983560.0,29950848.0,0.0,0.0,15.84,15.21,15.12,,,
10,135,global_mutex,GlobalMutex,1000,write-heavy,1,276687.9387438531,2060.0,15487.0,3513.0746966666666,3515.8880311008274,1.0008008182794492,0,100,900,1790613299.3571787,2448.8395,3031.389,performance,,32861568.0,31987232.0,29954496.0,0.0,0.0,14.57,14.95,15.04,,,
10,136,global_mutex,GlobalMutex,100,mixed,1,284600.5785986683,330.0,730.0,344.63573333333335,141.81237058678934,0.4114848138792031,0,100,900,1790613305.3392417,2399.332375,3094.659,performance,,32861568.0,31956752.0,29923808.0,0.0,0.0,14.44,14.92,15.03,,,
10,137,sharded_2key,Sharded-2key,1500,mixed,1,265430.4410995326,2199.0,29223.0,5461.236655555555,7281.040310528571,1.3332219000474523,0,100,900,1790613308.011928,2300.0,2300.0,performance,,32861568.0,31978580.0,29945600.0,0.0,0.0,13.29,14.67,14.95,,,
10,138,sharded_n,Sharded-N,1500,read-heavy,1,266891.20169427973,2148.0,27317.0,5440.975704444444,7060.754294523292,1.2977000225815631,0,100,900,1790613316.0222108,2492.425875,3075.696,performance,,32861568.0,31962808.0,29929624.0,0.0,0.0,12.86,14.56,14.91,,,
10,139,sharded_n,Sharded-N,2000,write-heavy,1,251973.22073461267,2323.0,44247.0,7653.350412222222,11440.737828589345,1.494866589450648,0,100,900,1790613324.190286,2394.463,3055.704,performance,,32861568.0,31937112.0,29903712.0,0.0,0.0,11.92,14.31,14.83,,,
10,140,thread_local,ThreadLocal,250,read-heavy,1,300366.47874266846,797.0,1745.0,816.4079422222222,353.5770375269704,0.43308867937339157,0,100,900,1790613334.4950306,2300.0,2300.0,performance,,32861568.0,31999652.0,29966072.0,0.0,0.0,10.67,13.97,14.71,,,
10,141,global_mutex,GlobalMutex,100,read-heavy,1,284400.8189037179,332.0,722.0,344.94408888888887,141.3722932457476,0.4098411823815469,0,100,900,1790613337.8393574,2811.641125,3100.491,performance,,32861568.0,31972212.0,29938616.0,0.0,0.0,10.67,13.97,14.71,,,
10,142,hdr_histogram,HdrHistogram,250,write-heavy,1,288346.878803884,823.0,1861.0,850.9520177777778,383.74086215125885,0.4509547590631262,0,100,900,1790613340.6871235,2978.277875,3172.751,performance,,32861568.0,31990000.0,29956408.0,0.0,0.0,9.82,13.74,14.63,,,
10,143,sharded_n,Sharded-N,100,read-heavy,1,279392.2424012062,337.0,758.0,350.5135666666667,147.8694972986986,0.42186526103658734,0,100,900,1790613343.8927398,2574.26125,3064.255,performance,,32861568.0,31979952.0,29946392.0,0.0,0.0,9.03,13.51,14.55,,,
10,144,thread_local,ThreadLocal,750,read-heavy,1,289595.13696744153,1912.0,8644.0,2530.603897777778,1862.1139471606134,0.7358377772182396,0,100,900,1790613346.741059,2403.942375,3131.539,performance,,32861568.0,31982456.0,29948864.0,0.0,0.0,9.03,13.51,14.55,,,
11,1,hdr_histogram,HdrHistogram,750,write-heavy,1,275979.1875680356,1979.0,9009.0,2658.816911111111,1963.0115770298466,0.7383026521406886,0,100,900,1790613351.8667984,2300.0,2300.0,performance,,32861568.0,31955020.0,29921252.0,0.0,0.0,10.95,13.83,14.65,,,
11,2,global_mutex,GlobalMutex,100,write-heavy,1,275177.5756056963,342.0,804.0,356.95365555555554,148.44551667077235,0.4158677586302757,0,100,900,1790613356.9446044,2300.0,2300.0,performance,,32861568.0,31924880.0,29890976.0,0.0,0.0,11.6,13.92,14.67,,,
11,3,sharded_2key,Sharded-2key,750,write-heavy,1,278674.8518510198,1958.0,9409.0,2630.884466666667,2006.2187415758176,0.7625643645681252,0,100,900,1790613359.6311631,2914.678,3045.513,performance,,32861568.0,31963696.0,29929764.0,0.0,0.0,10.67,13.69,14.59,,,
11,4,sharded_2key,Sharded-2key,500,mixed,1,292859.39675884304,1556.0,4411.0,1673.7826622222221,846.252227056008,0.5055926591642841,0,100,900,1790613364.6801481,2643.753875,3021.97,performance,,32861568.0,31954044.0,29919956.0,0.0,0.0,9.81,13.46,14.52,,,
11,5,thread_local,ThreadLocal,3000,write-heavy,1,237767.56564380805,2471.0,83763.0,12163.406203703704,20561.814710967876,1.6904651843911036,0,100,900,1790613368.7364256,2387.62325,3000.986,performance,,32861568.0,31976856.0,29942736.0,0.0,0.0,9.03,13.24,14.44,,,
11,6,sharded_2key,Sharded-2key,1500,read-heavy,1,288961.83568469423,1988.0,25389.0,5017.587928888889,6589.51430344777,1.3132832741223077,0,100,900,1790613383.7571847,2395.50675,3064.054,performance,,32861568.0,31977876.0,29943236.0,0.0,0.0,9.02,13.04,14.36,,,
11,7,sharded_n,Sharded-N,100,read-heavy,1,278503.74420433707,337.0,788.0,351.78836666666666,149.72087490320428,0.4255992781167511,0,100,900,1790613391.5164092,2574.886625,3113.951,performance,,32861568.0,31959408.0,29924672.0,0.0,0.0,9.5,13.07,14.36,,,
11,8,hdr_histogram,HdrHistogram,2000,mixed,1,254466.7384214803,2302.0,47299.0,7567.960607222222,11552.230987358527,1.5264655284191164,0,100,900,1790613394.3633227,2387.416625,2999.333,performance,,32861568.0,31981504.0,29946740.0,0.0,0.0,8.74,12.86,14.28,,,
11,9,sharded_n,Sharded-N,2000,read-heavy,1,258203.09697028314,2244.0,39896.0,7476.980121111111,11122.141639488143,1.4875178827993656,0,100,900,1790613404.6300447,2756.04175,3075.504,performance,,32861568.0,31965432.0,29930424.0,0.0,0.0,8.13,12.6,14.18,,,
11,10,hdr_histogram,HdrHistogram,250,read-heavy,1,304921.0988468472,779.0,1787.0,805.6896933333334,355.93296817098604,0.4417742601353198,0,100,900,1790613414.933059,2724.524875,3025.982,performance,,32861568.0,31977216.0,29941864.0,0.0,0.0,15.21,13.92,14.59,,,
11,11,sharded_n,Sharded-N,500,write-heavy,1,283734.6871770502,1607.0,4584.0,1729.4110822222221,892.6047275416109,0.5161321889961816,0,100,900,1790613418.2707746,2300.0,2300.0,performance,,32861568.0,31993512.0,29958244.0,0.0,0.0,13.99,13.69,14.52,,,
11,12,global_mutex,GlobalMutex,100,mixed,1,287593.4679969296,329.0,701.0,340.7417,135.57962826879879,0.3978956149740369,0,100,900,1790613422.3779736,2300.0,2300.0,performance,,32861568.0,31966524.0,29931312.0,0.0,0.0,13.99,13.69,14.52,,,
11,13,hdr_histogram,HdrHistogram,100,write-heavy,1,279424.7156761929,340.0,712.0,351.8799,142.37104771040757,0.40460125091091464,0,100,900,1790613425.0487165,2300.0,2300.0,performance,,32861568.0,31982332.0,29947088.0,0.0,0.0,13.75,13.65,14.5,,,
11,14,thread_local,ThreadLocal,1000,read-heavy,1,287870.8985151132,1982.0,14615.0,3373.675096666667,3344.4946070183837,0.9913505335243709,0,100,900,1790613427.7311502,2841.324375,3133.267,performance,,32861568.0,32000408.0,29965132.0,0.0,0.0,13.75,13.65,14.5,,,
11,15,disabled,Disabled,100,write-heavy,1,279995.63791684626,336.0,780.0,350.9470666666667,145.8924136487023,0.41571059429105445,0,100,900,1790613433.7306058,2473.058125,2999.564,performance,,32861568.0,31936548.0,29900968.0,0.0,0.0,11.64,13.2,14.34,,,
11,16,thread_local,ThreadLocal,750,write-heavy,1,280563.8720494788,1933.0,9076.0,2613.605702222222,1969.1634393077866,0.7534278937459856,0,100,900,1790613436.4064972,2387.689125,3001.513,performance,,32861568.0,31948672.0,29913088.0,0.0,0.0,11.64,13.2,14.34,,,
11,17,disabled,Disabled,500,mixed,1,295018.3103868277,1540.0,4287.0,1658.0584622222223,840.6270272676385,0.5069948053224754,0,100,900,1790613441.441564,2832.149,3061.535,performance,,32861568.0,31962740.0,29927104.0,0.0,0.0,12.47,13.34,14.38,,,
11,18,hdr_histogram,HdrHistogram,100,read-heavy,1,280008.3249586214,333.0,766.0,349.07914444444447,155.6950015677971,0.4460163376863546,0,100,900,1790613445.4827042,2300.0,2300.0,performance,,32861568.0,31978668.0,29942996.0,0.0,0.0,11.71,13.17,14.32,,,
11,19,hdr_histogram,HdrHistogram,1500,read-heavy,1,268276.47778191534,2137.0,28318.0,5403.455099259259,7168.366921457708,1.3266265361287806,0,100,900,1790613448.3327577,2955.321375,3077.265,performance,,32861568.0,31971612.0,29935908.0,0.0,0.0,10.77,12.95,14.24,,,
11,20,sharded_n,Sharded-N,250,read-heavy,1,295850.51429312216,809.0,1791.0,829.57156,370.2596151770918,0.4463263123160729,0,100,900,1790613456.475302,2395.555125,3064.441,performance,,32861568.0,31945652.0,29909600.0,0.0,0.0,11.75,13.12,14.29,,,
11,21,sharded_n,Sharded-N,1500,write-heavy,1,257019.85771974677,2249.0,28685.0,5647.169985925926,7337.940687231844,1.2994014179703668,0,100,900,1790613459.833495,2392.893625,3043.149,performance,,32861568.0,31971532.0,29935436.0,0.0,0.0,10.81,12.9,14.21,,,
11,22,sharded_2key,Sharded-2key,3000,write-heavy,1,235056.75833621912,2531.0,82822.0,12328.899664074073,20864.198140302044,1.6923001004785116,0,100,900,1790613468.0640159,2647.163,3001.294,performance,,32861568.0,31947068.0,29910784.0,0.0,0.0,10.47,12.77,14.16,,,
11,23,thread_local,ThreadLocal,1000,mixed,1,281188.22839424375,2017.0,14661.0,3469.93788,3427.26231429245,0.9877013459077976,0,100,900,1790613483.2580695,2655.81825,3053.733,performance,,32861568.0,31987736.0,29951172.0,0.0,0.0,12.6,13.18,14.27,,,
11,24,disabled,Disabled,500,read-heavy,1,298701.8047185349,1529.0,4260.0,1643.5969822222223,827.2878999917822,0.503339875249253,0,100,900,1790613489.182157,2300.0,2300.0,performance,,32861568.0,31959172.0,29922524.0,0.0,0.0,11.59,12.96,14.19,,,
11,25,sharded_2key,Sharded-2key,750,read-heavy,1,287481.8939058616,1889.0,9009.0,2551.0481348148146,1916.325277148829,0.7511913440582487,0,100,900,1790613493.3691664,2300.0,2300.0,performance,,32861568.0,31961220.0,29924544.0,0.0,0.0,10.66,12.74,14.12,,,
11,26,hdr_histogram,HdrHistogram,750,read-heavy,1,283834.3367077572,1905.0,8987.0,2585.247891851852,1948.0826683729067,0.7535380550982543,0,100,900,1790613498.5027714,2300.0,2300.0,performance,,32861568.0,31989780.0,29952924.0,0.0,0.0,9.81,12.53,14.04,,,
11,27,sharded_2key,Sharded-2key,250,mixed,1,307627.8217491795,781.0,1637.0,800.0519466666667,340.3095295196458,0.4253592919028697,0,100,900,1790613503.6770954,2300.0,2300.0,performance,,32861568.0,31959900.0,29922980.0,0.0,0.0,9.02,12.32,13.97,,,
11,28,global_mutex,GlobalMutex,1000,write-heavy,1,276782.9950904897,2073.0,15656.0,3515.5205077777778,3598.7257387873515,1.023667969174263,0,100,900,1790613506.8272014,2381.856875,2954.855,performance,,32861568.0,31983932.0,29946984.0,0.0,0.0,9.02,12.32,13.97,,,
11,29,sharded_2key,Sharded-2key,100,mixed,1,279945.0605952281,335.0,785.0,350.53617777777777,146.77515211863766,0.418716130954351,0,100,900,1790613512.8146203,2300.0,2300.0,performance,,32861568.0,31939992.0,29902804.0,0.0,0.0,9.58,12.38,13.98,,,
11,30,global_mutex,GlobalMutex,3000,read-heavy,1,242714.8596847678,2421.0,79412.0,11905.18600925926,19963.91407444308,1.6769090427412174,0,100,900,1790613515.4935462,2743.589,3024.133,performance,,32861568.0,31956900.0,29919716.0,0.0,0.0,8.81,12.18,13.9,,,
11,31,disabled,Disabled,1000,read-heavy,1,291558.1381991406,1967.0,14296.0,3338.3414877777777,3346.7145999912264,1.0025081652803058,0,100,900,1790613530.4281921,2368.700875,2849.607,performance,,32861568.0,31964768.0,29927152.0,0.0,0.0,11.55,12.61,14.02,,,
11,32,sharded_2key,Sharded-2key,2000,mixed,1,254570.95262921226,2306.0,42029.0,7587.922281666667,11543.16420551886,1.5212549334365921,0,100,900,1790613536.400132,2923.303625,3045.394,performance,,32861568.0,31943440.0,29905784.0,0.0,0.0,11.51,12.58,14.0,,,
11,33,sharded_n,Sharded-N,100,mixed,1,279012.27361041,338.0,777.0,351.25513333333333,147.62679594539398,0.42028366829674035,0,100,900,1790613546.6076858,2668.835625,3133.055,performance,,32861568.0,31979368.0,29941392.0,0.0,0.0,13.61,13.01,14.12,,,
11,34,global_mutex,GlobalMutex,1000,read-heavy,1,282777.3610301036,2009.0,14437.0,3437.746886666667,3398.9436868070025,0.9887126070828068,0,100,900,1790613549.2891095,2300.0,2300.0,performance,,32861568.0,31979352.0,29941340.0,0.0,0.0,12.52,12.79,14.05,,,
11,35,sharded_n,Sharded-N,1000,write-heavy,1,268581.7343305356,2138.0,15231.0,3637.8300033333335,3557.1158049744813,0.9778125425638653,0,100,900,1790613555.3605444,2395.94375,3067.55,performance,,32861568.0,31974300.0,29936284.0,0.0,0.0,12.24,12.73,14.02,,,
11,36,global_mutex,GlobalMutex,750,read-heavy,1,284195.40843633417,1908.0,8956.0,2581.494682962963,1938.3670985834824,0.7508700720462775,0,100,900,1790613561.4548185,2648.0385,3013.23,performance,,32861568.0,31971836.0,29933696.0,0.0,0.0,11.9,12.65,13.99,,,
11,37,thread_local,ThreadLocal,750,read-heavy,1,294366.89539741975,1852.0,8874.0,2485.3034844444446,1898.8616708490736,0.7640361359222646,0,100,900,1790613566.6220927,2369.0235,2852.188,performance,,32861568.0,31974496.0,29936256.0,0.0,0.0,12.55,12.77,14.02,,,
11,38,global_mutex,GlobalMutex,250,write-heavy,1,289343.9402895339,828.0,1847.0,848.8506666666667,374.5308126278642,0.4412210855633784,0,100,900,1790613571.7001028,2300.0,2300.0,performance,,32861568.0,31940172.0,29901796.0,0.0,0.0,12.51,12.76,14.01,,,
11,39,disabled,Disabled,750,write-heavy,1,283627.9541397196,1927.0,9061.0,2580.8247555555554,1939.8535291053038,0.7516409337478343,0,100,900,1790613574.8960862,2398.45575,3087.646,performance,,32861568.0,31977904.0,29939516.0,0.0,0.0,13.43,12.95,14.06,,,
11,40,disabled,Disabled,750,mixed,1,285767.62755324424,1909.0,8721.0,2563.7153244444444,1915.3211960659492,0.7470880942996267,0,100,900,1790613579.891091,2300.0,2300.0,performance,,32861568.0,31954664.0,29916140.0,0.0,0.0,12.43,12.75,13.99,,,
11,41,hdr_histogram,HdrHistogram,1000,write-heavy,1,271205.9925972643,2122.0,15062.0,3582.587112222222,3516.157478677547,0.9814576362098646,0,100,900,1790613584.8777845,2660.323375,3076.118,performance,,32861568.0,31958364.0,29919792.0,0.0,0.0,11.44,12.54,13.92,,,
11,42,thread_local,ThreadLocal,250,read-heavy,1,301475.93614254094,788.0,1752.0,810.4621377777778,356.92231689506747,0.44039357331820567,0,100,900,1790613590.9362803,2476.742125,3008.862,performance,,32861568.0,31926028.0,29887232.0,0.0,0.0,11.56,12.54,13.91,,,
11,43,disabled,Disabled,3000,write-heavy,1,238721.16076852343,2471.0,81685.0,12089.849033333334,20230.516427489158,1.6733473157283365,0,100,900,1790613594.2696116,2300.0,2300.0,performance,,32861568.0,31970684.0,29931880.0,0.0,0.0,10.63,12.34,13.84,,,
11,44,sharded_2key,Sharded-2key,1000,read-heavy,1,285174.2522286868,2004.0,14269.0,3405.74691,3336.231289759183,0.9795887298505053,0,100,900,1790613609.2414541,2383.399375,2967.195,performance,,32861568.0,31980668.0,29941496.0,0.0,0.0,10.53,12.25,13.79,,,
11,45,disabled,Disabled,1000,write-heavy,1,285303.4776896231,2008.0,14292.0,3406.1797633333335,3336.5457482068214,0.9795565648424945,0,100,900,1790613615.2938833,2300.0,2300.0,performance,,32861568.0,31962632.0,29923288.0,0.0,0.0,11.29,12.38,13.82,,,
11,46,hdr_histogram,HdrHistogram,500,write-heavy,1,287567.6581757325,1579.0,4418.0,1697.8208488888888,873.7567041662638,0.5146342175843109,0,100,900,1790613621.1763275,2380.370375,2942.963,performance,,32861568.0,31955608.0,29916084.0,0.0,0.0,11.91,12.49,13.85,,,
11,47,thread_local,ThreadLocal,2000,write-heavy,1,255490.39994744133,2289.0,44878.0,7545.935785,11337.063466146892,1.5024065654895966,0,100,900,1790613625.2679741,2300.0,2300.0,performance,,32861568.0,31970760.0,29931308.0,0.0,0.0,11.59,12.41,13.82,,,
11,48,thread_local,ThreadLocal,750,mixed,1,282021.49070441583,1962.0,8778.0,2588.5243170370372,1896.6597447642016,0.7327185347577571,0,100,900,1790613635.4730377,2833.475375,3079.223,performance,,32861568.0,31968080.0,29928376.0,0.0,0.0,14.42,13.01,13.99,,,
11,49,global_mutex,GlobalMutex,3000,mixed,1,238495.9593847614,2485.0,84017.0,12070.06524925926,20477.630412927032,1.696563356538917,0,100,900,1790613640.486931,2300.0,2300.0,performance,,32861568.0,31962060.0,29922312.0,0.0,0.0,14.23,12.99,13.98,,,
11,50,global_mutex,GlobalMutex,250,mixed,1,303578.522502787,789.0,1679.0,809.65864,333.4793254692045,0.4118764489059297,0,100,900,1790613655.4781895,2827.008375,3038.194,performance,,32861568.0,31985588.0,29945312.0,0.0,0.0,15.57,13.35,14.09,,,
11,51,hdr_histogram,HdrHistogram,2000,read-heavy,1,259060.7664522442,2233.0,40929.0,7431.237657777778,11215.35445771921,1.5092175723892844,0,100,900,1790613658.636013,2582.56625,3087.654,performance,,32861568.0,31991748.0,29951480.0,0.0,0.0,14.33,13.13,14.01,,,
11,52,sharded_n,Sharded-N,500,mixed,1,296367.2452976328,1558.0,4140.0,1652.2764622222223,800.20149917703,0.4843024260605893,0,100,900,1790613668.9090145,2300.0,2300.0,performance,,32861568.0,31952664.0,29912104.0,0.0,0.0,15.37,13.41,14.1,,,
11,53,sharded_2key,Sharded-2key,750,mixed,1,281398.28587522334,1937.0,9022.0,2596.8750681481483,1952.6707268933326,0.7519309460989193,0,100,900,1790613672.9477708,2568.95075,3073.453,performance,,32861568.0,31973056.0,29932488.0,0.0,0.0,14.14,13.19,14.02,,,
11,54,disabled,Disabled,1500,read-heavy,1,272991.4691282129,2128.0,27851.0,5314.536884444445,7068.534363428603,1.3300376904181581,0,100,900,1790613677.9510765,2483.357875,3049.371,performance,,32861568.0,31977488.0,29936824.0,0.0,0.0,13.0,12.97,13.94,,,
11,55,disabled,Disabled,250,write-heavy,1,308262.23513773095,788.0,1535.0,796.46884,306.81799052581056,0.3852228425230177,0,100,900,1790613685.9819293,2300.0,2300.0,performance,,32861568.0,31950432.0,29909492.0,0.0,0.0,14.12,13.2,14.01,,,
11,56,sharded_2key,Sharded-2key,3000,read-heavy,1,245847.87268319266,2392.0,80727.0,11727.11718962963,19840.995741458606,1.6918902932942579,0,100,900,1790613689.1367419,2300.0,2300.0,performance,,32861568.0,31966324.0,29925468.0,0.0,0.0,12.99,12.98,13.94,,,
11,57,disabled,Disabled,1000,mixed,1,279423.0829844084,2045.0,14400.0,3483.01853,3385.243473913626,0.9719280689309528,0,100,900,1790613703.9343557,2481.066875,3036.691,performance,,32861568.0,31967720.0,29926392.0,0.0,0.0,12.04,12.79,13.86,,,
11,58,sharded_n,Sharded-N,2000,write-heavy,1,256129.21494410903,2278.0,41708.0,7538.476198333334,11393.948867229457,1.5114392574123299,0,100,900,1790613709.8655915,2300.0,2300.0,performance,,32861568.0,31953424.0,29912004.0,0.0,0.0,11.07,12.57,13.78,,,
11,59,global_mutex,GlobalMutex,500,read-heavy,1,317747.17512681667,1472.0,3712.0,1547.2158066666666,731.9004191852415,0.47304352504131486,0,100,900,1790613720.0683827,2387.552125,3000.417,performance,,32861568.0,31957484.0,29915820.0,0.0,0.0,11.76,12.67,13.8,,,
11,60,global_mutex,GlobalMutex,2000,mixed,1,262600.1500622722,2208.0,43614.0,7345.100493333333,10955.858419651408,1.4915872736656663,0,100,900,1790613724.1883059,2478.946875,3022.036,performance,,32861568.0,31940672.0,29899036.0,0.0,0.0,10.82,12.46,13.73,,,
11,61,thread_local,ThreadLocal,3000,read-heavy,1,249861.26518029714,2335.0,79330.0,11561.406507777778,19720.751283994563,1.705739805163645,0,100,900,1790613734.2121913,2361.011625,2788.093,performance,,32861568.0,31970688.0,29928744.0,0.0,0.0,10.41,12.33,13.67,,,
11,62,sharded_n,Sharded-N,750,mixed,1,278969.69197386643,1957.0,9179.0,2624.940666666667,1959.3746254991456,0.7464453007950448,0,100,900,1790613748.810427,2830.484625,3101.619,performance,,32861568.0,31979076.0,29936676.0,0.0,0.0,10.51,12.27,13.63,,,
11,63,thread_local,ThreadLocal,500,read-heavy,1,297516.09642411,1544.0,4271.0,1649.7983955555555,818.1250702900214,0.49589396649553946,0,100,900,1790613753.8476095,2387.6325,3001.06,performance,,32861568.0,31943388.0,29900996.0,0.0,0.0,9.66,12.07,13.56,,,
11,64,sharded_n,Sharded-N,750,read-heavy,1,289255.97616806044,1921.0,8448.0,2525.0490044444446,1818.4284791558553,0.7201557181485044,0,100,900,1790613758.045331,2927.085875,3053.718,performance,,32861568.0,31960980.0,29918628.0,0.0,0.0,8.89,11.87,13.49,,,
11,65,disabled,Disabled,100,mixed,1,278756.5677989804,338.0,780.0,351.8734666666667,145.7917348011028,0.41433000385679203,0,100,900,1790613763.17695,2300.0,2300.0,performance,,32861568.0,31940932.0,29898464.0,0.0,0.0,8.18,11.67,13.41,,,
11,66,sharded_2key,Sharded-2key,3000,mixed,1,241348.41479483753,2461.0,77930.0,11973.016996296295,20076.69160038687,1.6768281216503196,0,100,900,1790613765.8528156,2930.109125,3069.77,performance,,32861568.0,31959764.0,29917268.0,0.0,0.0,8.18,11.67,13.41,,,
11,67,thread_local,ThreadLocal,3000,mixed,1,243005.1046770112,2438.0,79820.0,11878.067965555556,20044.74915066766,1.6875428907120364,0,100,900,1790613780.6977928,2767.91025,3100.218,performance,,32861568.0,31990604.0,29947624.0,0.0,0.0,10.52,12.04,13.51,,,
11,68,disabled,Disabled,2000,read-heavy,1,265263.3425515302,2182.0,40976.0,7263.022112777778,10914.110436746641,1.502695471289497,0,100,900,1790613795.4252744,2461.908875,3093.45,performance,,32861568.0,31966496.0,29923136.0,0.0,0.0,11.63,12.21,13.54,,,
11,69,sharded_n,Sharded-N,3000,read-heavy,1,247722.38799897706,2382.0,66441.0,11640.512195555555,19490.797632846552,1.6743934721608127,0,100,900,1790613805.5163403,2847.17925,3073.065,performance,,32861568.0,31963992.0,29920456.0,0.0,0.0,14.63,12.81,13.72,,,
11,70,disabled,Disabled,750,read-heavy,1,287221.7649838477,1880.0,8854.0,2545.324783703704,1914.3307594926127,0.7520968529238413,0,100,900,1790613820.2235856,2390.0995,3020.796,performance,,32861568.0,31977148.0,29933152.0,0.0,0.0,21.45,14.37,14.21,,,
11,71,global_mutex,GlobalMutex,750,mixed,1,287535.30258872773,1937.0,8714.0,2550.7901851851852,1861.0692313138645,0.7296049836332393,0,100,900,1790613825.350973,2300.0,2300.0,performance,,32861568.0,31956572.0,29912688.0,0.0,0.0,20.77,14.35,14.21,,,
11,72,thread_local,ThreadLocal,250,mixed,1,294531.91408867453,809.0,1850.0,834.5037333333333,380.81974929265,0.4563427748507576,0,100,900,1790613830.3227124,2300.0,2300.0,performance,,32861568.0,31976540.0,29932500.0,0.0,0.0,19.99,14.29,14.19,,,
11,73,sharded_n,Sharded-N,3000,write-heavy,1,233561.79158928242,2553.0,84876.0,12371.120144074073,21007.215442374818,1.698085152979259,0,100,900,1790613833.5044675,2387.724625,3001.797,performance,,32861568.0,31987388.0,29943396.0,0.0,0.0,18.39,14.05,14.11,,,
11,74,hdr_histogram,HdrHistogram,250,mixed,1,291187.78032162297,817.0,1801.0,843.9631377777778,371.25383232543817,0.43989342153376404,0,100,900,1790613848.7515817,2388.378875,3007.031,performance,,32861568.0,31960448.0,29915980.0,0.0,0.0,17.29,14.04,14.11,,,
11,75,global_mutex,GlobalMutex,100,read-heavy,1,282637.5125946808,330.0,806.0,346.6665111111111,151.31975351451123,0.4364994848493205,0,100,900,1790613851.9496965,2300.0,2300.0,performance,,32861568.0,31961672.0,29917224.0,0.0,0.0,17.29,14.04,14.11,,,
11,76,disabled,Disabled,1500,mixed,1,271614.4380306643,2112.0,28235.0,5327.593875555555,7076.858005781841,1.3283403673565253,0,100,900,1790613854.7958522,2300.0,2300.0,performance,,32861568.0,31968516.0,29924044.0,0.0,0.0,15.91,13.81,14.03,,,
11,77,sharded_2key,Sharded-2key,1000,mixed,1,282347.5422485647,1980.0,14252.0,3446.8289266666666,3363.1861264067475,0.9757334053881207,0,100,900,1790613862.7132163,2387.227125,2997.817,performance,,32861568.0,31950628.0,29905852.0,0.0,0.0,16.0,13.86,14.05,,,
11,78,thread_local,ThreadLocal,1000,write-heavy,1,278286.1208875336,2011.0,14380.0,3492.3020033333332,3374.2024690018916,0.9661828976363677,0,100,900,1790613868.6236005,2738.32125,3059.769,performance,,32861568.0,31953952.0,29909148.0,0.0,0.0,13.54,13.41,13.9,,,
11,79,disabled,Disabled,250,read-heavy,1,313781.12650202424,765.0,1610.0,781.3443333333333,318.1841507815456,0.40722654175288353,0,100,900,1790613874.584908,2300.0,2300.0,performance,,32861568.0,31955752.0,29910836.0,0.0,0.0,12.45,13.18,13.83,,,
11,80,sharded_2key,Sharded-2key,1000,write-heavy,1,279250.2859967402,2036.0,15271.0,3483.8982544444443,3503.0938852237005,1.0055098138284515,0,100,900,1790613877.8894434,2395.880875,3067.047,performance,,32861568.0,31969364.0,29924444.0,0.0,0.0,12.45,13.18,13.83,,,
11,81,sharded_n,Sharded-N,750,write-heavy,1,276039.84206461,1991.0,9072.0,2650.3120533333336,1967.6666767535692,0.7424283017083999,0,100,900,1790613883.834307,2387.466875,2999.735,performance,,32861568.0,31964424.0,29919348.0,0.0,0.0,10.54,12.75,13.68,,,
11,82,sharded_n,Sharded-N,2000,mixed,1,255880.4489059069,2258.0,43447.0,7556.106405555555,11335.125232272248,1.5001277938513684,0,100,900,1790613888.911163,2923.401125,3090.735,performance,,32861568.0,31950592.0,29905388.0,0.0,0.0,9.69,12.54,13.6,,,
11,83,global_mutex,GlobalMutex,250,read-heavy,1,299477.4513783683,796.0,1808.0,821.6819244444445,368.8623563018449,0.44891136743848914,0,100,900,1790613899.1385553,2387.073125,2996.585,performance,,32861568.0,31983444.0,29937892.0,0.0,0.0,9.01,12.3,13.52,,,
11,84,hdr_histogram,HdrHistogram,1000,mixed,1,272296.4109375227,2143.0,15293.0,3573.6971755555555,3532.353235090603,0.9884310453757108,0,100,900,1790613902.461805,2300.0,2300.0,performance,,32861568.0,31966624.0,29921112.0,0.0,0.0,9.01,12.3,13.52,,,
11,85,sharded_2key,Sharded-2key,250,write-heavy,1,291532.60383315594,822.0,1853.0,842.60144,377.09297088732853,0.44753421129606485,0,100,900,1790613908.4984086,2400.35675,3102.854,performance,,32861568.0,31930916.0,29885260.0,0.0,0.0,10.35,12.5,13.57,,,
11,86,sharded_2key,Sharded-2key,1500,write-heavy,1,276443.40474585025,2076.0,27024.0,5254.592448888889,6773.364407348004,1.2890370610531874,0,100,900,1790613911.6865034,2390.614125,3024.913,performance,,32861568.0,31969024.0,29923344.0,0.0,0.0,10.35,12.5,13.57,,,
11,87,hdr_histogram,HdrHistogram,3000,write-heavy,1,236011.85941097204,2504.0,82205.0,12236.426894444445,20593.95488352161,1.6830039570515172,0,100,900,1790613919.5017238,2590.698875,3107.088,performance,,32861568.0,31945904.0,29899964.0,0.0,0.0,10.09,12.38,13.52,,,
11,88,hdr_histogram,HdrHistogram,750,mixed,1,281400.1991150289,1935.0,8953.0,2609.7594518518517,1943.963504358815,0.7448822545615855,0,100,900,1790613934.643598,2387.93525,3003.482,performance,,32861568.0,31970848.0,29924484.0,0.0,0.0,13.17,13.01,13.71,,,
11,89,hdr_histogram,HdrHistogram,100,mixed,1,280629.290979713,335.0,798.0,350.1522888888889,155.40228035639583,0.443813407159273,0,100,900,1790613939.6656883,2476.568875,3023.609,performance,,32861568.0,31942416.0,29896056.0,0.0,0.0,12.12,12.79,13.63,,,
11,90,sharded_2key,Sharded-2key,2000,read-heavy,1,262498.8015781276,2218.0,44850.0,7354.973687222222,11136.302359283527,1.5141185859890427,0,100,900,1790613942.3431253,2391.113,3028.904,performance,,32861568.0,31987336.0,29940972.0,0.0,0.0,12.12,12.79,13.63,,,
11,91,thread_local,ThreadLocal,100,write-heavy,1,285100.4680269471,332.0,730.0,344.3110888888889,143.8649150822896,0.4178341033004476,0,100,900,1790613952.5361187,2741.29875,3049.002,performance,,32861568.0,31970212.0,29923452.0,0.0,0.0,14.2,13.22,13.77,,,
11,92,thread_local,ThreadLocal,1500,write-heavy,1,263114.8022766459,2214.0,29971.0,5519.37644,7303.166741025667,1.3231869252653596,0,100,900,1790613955.2082233,2649.18,3047.086,performance,,32861568.0,31969408.0,29922656.0,0.0,0.0,14.18,13.24,13.77,,,
11,93,hdr_histogram,HdrHistogram,1500,mixed,1,262077.07355933872,2212.0,28529.0,5532.09602,7282.336598999894,1.3163792842120434,0,100,900,1790613963.2846732,2833.76925,3087.079,performance,,32861568.0,31965488.0,29918664.0,0.0,0.0,12.59,12.93,13.66,,,
11,94,disabled,Disabled,250,mixed,1,303698.60848591034,785.0,1759.0,804.8158844444445,354.65929474821985,0.44067134061728575,0,100,900,1790613971.3868873,2388.468625,3007.749,performance,,32861568.0,31918872.0,29871804.0,0.0,0.0,13.74,13.16,13.73,,,
11,95,sharded_n,Sharded-N,1500,mixed,1,265376.01402632147,2192.0,27044.0,5456.810748888889,7015.417192764914,1.2856258931452564,0,100,900,1790613974.5445879,2474.3485,2999.244,performance,,32861568.0,31957692.0,29910652.0,0.0,0.0,12.64,12.95,13.66,,,
11,96,global_mutex,GlobalMutex,750,write-heavy,1,281407.4872379172,1961.0,8914.0,2609.8636933333332,1913.002281352156,0.7329893458569318,0,100,900,1790613982.579864,2549.986375,3014.76,performance,,32861568.0,31943536.0,29896248.0,0.0,0.0,12.91,13.0,13.67,,,
11,97,global_mutex,GlobalMutex,1500,mixed,1,282430.15995978564,2024.0,27244.0,5125.144642962963,6864.05647862518,1.3392902945773082,0,100,900,1790613987.597431,2564.409125,3031.438,performance,,32861568.0,31965608.0,29918320.0,0.0,0.0,15.72,13.58,13.86,,,
11,98,thread_local,ThreadLocal,1500,read-heavy,1,269175.8965125902,2143.0,28364.0,5380.267505925926,7135.99156861461,1.326326536878491,0,100,900,1790613995.3187757,2300.0,2300.0,performance,,32861568.0,31933772.0,29886196.0,0.0,0.0,17.42,14.02,14.0,,,
11,99,sharded_2key,Sharded-2key,250,read-heavy,1,299709.04086468037,797.0,1750.0,819.9502177777778,353.4006854639241,0.43100261186795913,0,100,900,1790614003.4433448,2388.642875,3009.143,performance,,32861568.0,31952060.0,29904260.0,0.0,0.0,15.55,13.74,13.91,,,
11,100,disabled,Disabled,3000,read-heavy,1,247034.56234577403,2383.0,80424.0,11650.30352888889,19619.875401316698,1.6840655998932486,0,100,900,1790614006.793393,2905.85975,3065.773,performance,,32861568.0,31965612.0,29917880.0,0.0,0.0,15.55,13.74,13.91,,,
11,101,hdr_histogram,HdrHistogram,2000,write-heavy,1,253544.61916937082,2310.0,44762.0,7617.545055,11536.941031600496,1.5145221916380902,0,100,900,1790614021.5234125,2400.016,3100.128,performance,,32861568.0,31980752.0,29932504.0,0.0,0.0,18.5,14.46,14.14,,,
11,102,sharded_2key,Sharded-2key,2000,write-heavy,1,250757.0267918708,2337.0,43714.0,7702.764241666667,11568.168224369925,1.5018203675239177,0,100,900,1790614031.7916121,2392.56625,3040.53,performance,,32861568.0,31956644.0,29908204.0,0.0,0.0,19.69,14.83,14.26,,,
11,103,sharded_n,Sharded-N,100,write-heavy,1,273771.11719823955,344.0,825.0,359.0867,149.13614198177547,0.41532070661980924,0,100,900,1790614042.1581619,2474.692,3000.002,performance,,32861568.0,31968812.0,29920168.0,0.0,0.0,18.66,14.76,14.25,,,
11,104,sharded_2key,Sharded-2key,500,write-heavy,1,297442.88687257585,1538.0,4226.0,1651.4554511111112,833.0644033756432,0.5044425526678007,0,100,900,1790614044.8451478,2834.822875,3059.174,performance,,32861568.0,31990196.0,29941524.0,0.0,0.0,17.16,14.52,14.17,,,
11,105,global_mutex,GlobalMutex,1500,read-heavy,1,268186.9631220561,2131.0,27779.0,5415.458697037037,7111.63920897139,1.3132108666736548,0,100,900,1790614048.8746567,2300.0,2300.0,performance,,32861568.0,31966468.0,29917816.0,0.0,0.0,15.79,14.28,14.09,,,
11,106,sharded_n,Sharded-N,1500,read-heavy,1,264203.3657898531,2176.0,29201.0,5476.295202962963,7316.453914926138,1.3360225560827241,0,100,900,1790614057.0161915,2387.561,3000.488,performance,,32861568.0,31958464.0,29909572.0,0.0,0.0,15.4,14.22,14.08,,,
11,107,global_mutex,GlobalMutex,2000,read-heavy,1,262033.39336969654,2196.0,42897.0,7351.2058705555555,11004.789012536712,1.4970046011927352,0,100,900,1790614065.2558577,2300.0,2300.0,performance,,32861568.0,31948100.0,29898892.0,0.0,0.0,15.82,14.35,14.12,,,
11,108,sharded_2key,Sharded-2key,100,read-heavy,1,286598.00566064817,330.0,722.0,342.88587777777775,136.49074289218828,0.39806463823117,0,100,900,1790614075.4485507,2389.0465,3012.372,performance,,32861568.0,31944152.0,29894696.0,0.0,0.0,15.46,14.32,14.11,,,
11,109,hdr_histogram,HdrHistogram,500,read-heavy,1,291916.54839435255,1568.0,4327.0,1680.3136044444445,853.0980418396431,0.5077016811523701,0,100,900,1790614078.2864344,2857.8205,3105.582,performance,,32861568.0,31965704.0,29916216.0,0.0,0.0,14.22,14.08,14.04,,,
11,110,hdr_histogram,HdrHistogram,500,mixed,1,296738.92957048095,1556.0,4158.0,1657.7238333333332,823.7549398275096,0.49691928369703897,0,100,900,1790614082.5130112,2300.0,2300.0,performance,,32861568.0,31964324.0,29914820.0,0.0,0.0,14.22,14.08,14.04,,,
11,111,thread_local,ThreadLocal,500,mixed,1,289882.7141109382,1566.0,4412.0,1688.9190422222223,858.1916546301081,0.508130723365478,0,100,900,1790614086.5495884,2389.55775,3016.462,performance,,32861568.0,31949928.0,29900484.0,0.0,0.0,15.4,14.33,14.12,,,
11,112,global_mutex,GlobalMutex,500,write-heavy,1,281286.8536761558,1640.0,4284.0,1744.1460822222223,855.9542420683431,0.4907583434627041,0,100,900,1790614090.615869,2555.071125,3005.207,performance,,32861568.0,31981368.0,29931880.0,0.0,0.0,18.65,15.02,14.34,,,
11,113,thread_local,ThreadLocal,500,write-heavy,1,285612.35057569464,1581.0,4625.0,1714.6268666666667,895.2415655113267,0.5221203416996071,0,100,900,1790614094.738854,2300.0,2300.0,performance,,32861568.0,31967160.0,29917536.0,0.0,0.0,17.16,14.77,14.27,,,
11,114,global_mutex,GlobalMutex,1000,mixed,1,274746.71016839193,2059.0,14843.0,3534.9160266666668,3506.262970049681,0.9918942751678306,0,100,900,1790614098.8336213,2300.0,2300.0,performance,,32861568.0,31971912.0,29922280.0,0.0,0.0,15.78,14.53,14.19,,,
11,115,disabled,Disabled,2000,mixed,1,260046.30617413652,2189.0,42774.0,7400.115861111111,11141.42020569932,1.5055737524664188,0,100,900,1790614104.8336604,2300.0,2300.0,performance,,32861568.0,31944240.0,29894360.0,0.0,0.0,14.52,14.29,14.11,,,
11,116,hdr_histogram,HdrHistogram,3000,mixed,1,236062.728696047,2507.0,84956.0,12219.970855925925,20651.22266774078,1.689956785594642,0,100,900,1790614114.915596,2300.0,2300.0,performance,,32861568.0,31973564.0,29923384.0,0.0,0.0,13.32,14.04,14.04,,,
11,117,thread_local,ThreadLocal,2000,read-heavy,1,268148.9843205468,2166.0,42152.0,7176.494392222222,10708.837276062644,1.4922100806862921,0,100,900,1790614130.0344546,2387.86975,3002.958,performance,,32861568.0,31990340.0,29939796.0,0.0,0.0,13.25,14.02,14.03,,,
11,118,thread_local,ThreadLocal,250,write-heavy,1,299191.6205432089,804.0,1681.0,821.8447733333334,351.7870032761269,0.4280455564002778,0,100,900,1790614140.0547538,2390.59725,3024.778,performance,,32861568.0,31954524.0,29903788.0,0.0,0.0,14.08,14.17,14.08,,,
11,119,sharded_2key,Sharded-2key,500,read-heavy,1,285367.0548867935,1594.0,4466.0,1719.02814,888.2673931444216,0.5167264993954209,0,100,900,1790614143.2313545,2671.971125,3088.953,performance,,32861568.0,31979120.0,29928440.0,0.0,0.0,12.95,13.93,14.0,,,
11,120,global_mutex,GlobalMutex,1500,write-heavy,1,260339.56351923506,2216.0,29140.0,5562.8577911111115,7295.327437330306,1.31143518516463,0,100,900,1790614147.49558,2391.056125,3028.449,performance,,32861568.0,31983988.0,29933212.0,0.0,0.0,12.95,13.93,14.0,,,
11,121,sharded_n,Sharded-N,250,write-heavy,1,295834.8041308463,818.0,1692.0,828.7593377777778,346.8696173999248,0.4185408255308658,0,100,900,1790614155.6448743,2300.0,2300.0,performance,,32861568.0,31962536.0,29911500.0,0.0,0.0,13.31,13.98,14.02,,,
11,122,hdr_histogram,HdrHistogram,3000,read-heavy,1,244210.2398679367,2399.0,77177.0,11834.632010740741,20103.621867118793,1.698711193459448,0,100,900,1790614158.8307683,2679.175,3118.851,performance,,32861568.0,31981720.0,29930688.0,0.0,0.0,12.25,13.75,13.94,,,
11,123,thread_local,ThreadLocal,1500,mixed,1,264856.7195530439,2202.0,28529.0,5484.605017777778,7250.911998394277,1.3220481647978657,0,100,900,1790614173.721203,2843.378375,3092.728,performance,,32861568.0,31983480.0,29931980.0,0.0,0.0,12.64,13.79,13.95,,,
11,124,sharded_n,Sharded-N,1000,read-heavy,1,277608.46857119584,2069.0,14465.0,3503.717832222222,3381.4785844625867,0.9651115604585928,0,100,900,1790614181.7562928,2399.554,3096.432,performance,,32861568.0,31959176.0,29907604.0,0.0,0.0,11.95,13.63,13.9,,,
11,125,global_mutex,GlobalMutex,500,mixed,1,287463.23686962284,1596.0,4484.0,1708.4038711111111,864.9980419364759,0.5063194110968028,0,100,900,1790614187.8965118,2386.915375,2995.323,performance,,32861568.0,31950500.0,29898816.0,0.0,0.0,11.55,13.52,13.86,,,
11,126,sharded_2key,Sharded-2key,100,write-heavy,1,279045.0107415586,338.0,781.0,351.61313333333334,140.48633434871485,0.3995480288716411,0,100,900,1790614191.9817874,2300.0,2300.0,performance,,32861568.0,31957960.0,29906252.0,0.0,0.0,10.63,13.29,13.79,,,
11,127,disabled,Disabled,500,write-heavy,1,304275.12494048825,1503.0,4123.0,1609.6844,809.2061189544958,0.502711040098603,0,100,900,1790614194.6611989,2387.728,3001.824,performance,,32861568.0,31959772.0,29908032.0,0.0,0.0,9.78,13.07,13.71,,,
11,128,sharded_n,Sharded-N,1000,mixed,1,278694.8425971692,2037.0,15165.0,3489.776642222222,3489.409883446859,0.999894904799658,0,100,900,1790614198.6600032,2400.1455,3101.164,performance,,32861568.0,31968552.0,29916752.0,0.0,0.0,8.99,12.85,13.64,,,
11,129,hdr_histogram,HdrHistogram,1500,write-heavy,1,261754.21733668857,2234.0,28628.0,5540.91271037037,7261.072344188953,1.310446982967108,0,100,900,1790614204.6116512,2300.0,2300.0,performance,,32861568.0,31957824.0,29905760.0,0.0,0.0,8.27,12.64,13.57,,,
11,130,hdr_histogram,HdrHistogram,250,write-heavy,1,290161.93501705595,826.0,1744.0,845.4377244444445,356.0315538192398,0.4211209690852107,0,100,900,1790614212.7149136,2387.1815,2997.452,performance,,32861568.0,31957648.0,29905408.0,0.0,0.0,9.61,12.85,13.63,,,
11,131,disabled,Disabled,3000,mixed,1,241919.18077262765,2446.0,83207.0,11924.137973703704,20278.37297267694,1.7006154253998762,0,100,900,1790614215.9152517,2724.23325,3174.831,performance,,32861568.0,31960920.0,29908660.0,0.0,0.0,8.84,12.63,13.55,,,
11,132,thread_local,ThreadLocal,100,read-heavy,1,278421.64674104,335.0,821.0,351.6529777777778,151.65481964668868,0.43126271986960063,0,100,900,1790614230.7067814,2300.0,2300.0,performance,,32861568.0,31984708.0,29931976.0,0.0,0.0,10.72,12.88,13.62,,,
11,133,disabled,Disabled,1500,write-heavy,1,259705.7331934146,2241.0,30233.0,5593.841952592593,7467.657277781216,1.3349782387613152,0,100,900,1790614233.555285,2676.980875,3072.383,performance,,32861568.0,32000644.0,29947880.0,0.0,0.0,9.87,12.66,13.55,,,
11,134,disabled,Disabled,100,read-heavy,1,288853.1270173984,325.0,803.0,339.4312888888889,144.92781050351127,0.42697245436013015,0,100,900,1790614241.710772,2300.0,2300.0,performance,,32861568.0,31954496.0,29901688.0,0.0,0.0,10.04,12.65,13.54,,,
11,135,hdr_histogram,HdrHistogram,1000,read-heavy,1,284669.37217154924,1999.0,14469.0,3411.469417777778,3309.298278173027,0.9700506945563344,0,100,900,1790614244.5448568,2300.0,2300.0,performance,,32861568.0,31978316.0,29925496.0,0.0,0.0,9.23,12.44,13.46,,,
11,136,global_mutex,GlobalMutex,3000,write-heavy,1,235305.84930975587,2519.0,84020.0,12236.18584,20619.2663128019,1.6851056842727636,0,100,900,1790614250.6024897,2398.57825,3088.626,performance,,32861568.0,31937228.0,29884220.0,0.0,0.0,9.85,12.52,13.48,,,
11,137,global_mutex,GlobalMutex,2000,write-heavy,1,251817.03347540522,2318.0,45829.0,7657.075577222222,11635.92821787809,1.5196308434635155,0,100,900,1790614265.7566853,2641.46575,3005.238,performance,,32861568.0,31992348.0,29938912.0,0.0,0.0,11.63,12.77,13.55,,,
11,138,disabled,Disabled,2000,write-heavy,1,254037.23313276283,2301.0,47890.0,7594.462414444444,11645.616835156354,1.5334353111033552,0,100,900,1790614276.0766087,2396.252875,3070.023,performance,,32861568.0,31970900.0,29917284.0,0.0,0.0,12.53,12.93,13.59,,,
11,139,thread_local,ThreadLocal,100,mixed,1,280929.67082075187,335.0,783.0,349.98223333333334,146.8921805612607,0.4197132499047638,0,100,900,1790614286.352945,2771.94275,3130.384,performance,,32861568.0,31974208.0,29920356.0,0.0,0.0,23.29,15.17,14.31,,,
11,140,thread_local,ThreadLocal,2000,mixed,1,256216.43079724617,2253.0,44940.0,7538.446379444445,11496.240232423079,1.5250145260395562,0,100,900,1790614289.0281951,2387.29675,2998.374,performance,,32861568.0,31981520.0,29927620.0,0.0,0.0,21.43,14.91,14.24,,,
11,141,sharded_n,Sharded-N,500,read-heavy,1,296820.17633433675,1564.0,3970.0,1651.0018755555554,777.8807587926065,0.4711567989775013,0,100,900,1790614299.2141654,2399.5485,3096.388,performance,,32861568.0,31976864.0,29922744.0,0.0,0.0,19.24,14.67,14.16,,,
11,142,sharded_n,Sharded-N,3000,mixed,1,236220.54155043664,2527.0,81859.0,12231.65837037037,20371.343898544463,1.6654605027141243,0,100,900,1790614303.4223971,2391.145125,3029.161,performance,,32861568.0,31974136.0,29920056.0,0.0,0.0,17.7,14.42,14.09,,,
11,143,sharded_2key,Sharded-2key,1500,mixed,1,265552.63849195035,2167.0,28130.0,5457.27780962963,7187.470902634677,1.3170432500159766,0,100,900,1790614318.539496,2392.878375,3043.027,performance,,32861568.0,31981296.0,29926688.0,0.0,0.0,16.3,14.3,14.05,,,
11,144,sharded_n,Sharded-N,250,mixed,1,302796.0013196092,791.0,1635.0,810.1229511111111,331.8093502675929,0.40957900256066704,0,100,900,1790614326.5669498,2300.0,2300.0,performance,,32861568.0,31942780.0,29887988.0,0.0,0.0,16.84,14.44,14.1,,,
12,1,global_mutex,GlobalMutex,1000,write-heavy,1,273487.86668405356,2040.0,14864.0,3553.9731344444444,3504.1933858067173,0.9859932118914262,0,100,900,1790614329.7289915,2300.0,2300.0,performance,,32861568.0,31957668.0,29902880.0,0.0,0.0,15.49,14.2,14.03,,,
12,2,disabled,Disabled,2000,mixed,1,259669.48582893293,2235.0,41376.0,7435.872123888889,11143.819620786802,1.4986567056452675,0,100,900,1790614335.7457328,2385.9235,2987.388,performance,,32861568.0,31944708.0,29889856.0,0.0,0.0,15.13,14.15,14.01,,,
12,3,global_mutex,GlobalMutex,750,read-heavy,1,291200.88610384765,1882.0,8579.0,2524.969231111111,1862.0283820304526,0.7374459692766506,0,100,900,1790614345.835594,2901.653375,3032.883,performance,,32861568.0,31972928.0,29917696.0,0.0,0.0,15.11,14.18,14.02,,,
12,4,sharded_n,Sharded-N,500,mixed,1,288704.9520839952,1586.0,4420.0,1703.6911955555556,859.2419407809181,0.504341363635872,0,100,900,1790614350.9434345,2386.248,2989.984,performance,,32861568.0,31964532.0,29909388.0,0.0,0.0,14.86,14.14,14.01,,,
12,5,thread_local,ThreadLocal,750,mixed,1,288859.5226928041,1882.0,8723.0,2530.276688888889,1868.7893105496626,0.7385711289030201,0,100,900,1790614355.0222082,2852.083375,3123.508,performance,,32861568.0,31956704.0,29901536.0,0.0,0.0,13.67,13.91,13.93,,,
12,6,disabled,Disabled,100,write-heavy,1,278905.07334743236,333.0,892.0,351.91735555555556,156.91506703482463,0.44588612797203514,0,100,900,1790614359.9855983,2300.0,2300.0,performance,,32861568.0,31972672.0,29917276.0,0.0,0.0,12.58,13.68,13.86,,,
12,7,thread_local,ThreadLocal,250,read-heavy,1,307175.0517894748,779.0,1620.0,793.8040444444445,326.4138228847506,0.4112020153704257,0,100,900,1790614362.6649158,2300.0,2300.0,performance,,32861568.0,31978204.0,29922808.0,0.0,0.0,12.58,13.68,13.86,,,
12,8,hdr_histogram,HdrHistogram,750,mixed,1,283321.22405829653,1916.0,8999.0,2587.4565955555554,1950.8027426812987,0.7539460743156697,0,100,900,1790614365.98402,2300.0,2300.0,performance,,32861568.0,31974656.0,29919212.0,0.0,0.0,11.65,13.47,13.79,,,
12,9,sharded_n,Sharded-N,1500,read-heavy,1,270898.49391092727,2130.0,26697.0,5356.486497777778,6931.4366316515,1.2940267159316305,0,100,900,1790614370.9923744,2808.5265,3009.378,performance,,32861568.0,31937996.0,29882420.0,0.0,0.0,12.08,13.52,13.81,,,
12,10,sharded_n,Sharded-N,1000,mixed,1,271316.82767664857,2110.0,14784.0,3581.118356666667,3492.422392726528,0.9752323282543787,0,100,900,1790614379.0959227,2387.860125,3002.881,performance,,32861568.0,31971568.0,29915764.0,0.0,0.0,10.74,13.19,13.69,,,
12,11,global_mutex,GlobalMutex,250,read-heavy,1,295416.15552833426,818.0,1678.0,832.98624,341.8878644930289,0.4104363890729203,0,100,900,1790614385.1506996,2408.185625,3165.485,performance,,32861568.0,31957672.0,29901736.0,0.0,0.0,11.8,13.37,13.75,,,
12,12,thread_local,ThreadLocal,100,read-heavy,1,288024.8945676873,327.0,745.0,341.12752222222224,141.94763982069455,0.4161131265398896,0,100,900,1790614388.499379,2387.922625,3003.381,performance,,32861568.0,31977288.0,29921376.0,0.0,0.0,10.85,13.15,13.68,,,
12,13,sharded_n,Sharded-N,750,mixed,1,278839.3288563731,1991.0,8979.0,2622.1526977777776,1908.6102351021427,0.7278791340869096,0,100,900,1790614391.332748,2300.0,2300.0,performance,,32861568.0,31983108.0,29927168.0,0.0,0.0,10.85,13.15,13.68,,,
12,14,thread_local,ThreadLocal,1000,mixed,1,276941.7660612178,2044.0,14962.0,3524.014281111111,3440.2750662756457,0.9762375495229088,0,100,900,1790614396.3840559,2300.0,2300.0,performance,,32861568.0,31960604.0,29904536.0,0.0,0.0,11.35,13.21,13.69,,,
12,15,disabled,Disabled,1000,read-heavy,1,283597.85104131716,2020.0,14561.0,3426.488051111111,3400.0391315609577,0.9922810413590741,0,100,900,1790614402.350416,2389.474375,3015.795,performance,,32861568.0,31972712.0,29916440.0,0.0,0.0,20.13,15.0,14.27,,,
12,16,sharded_2key,Sharded-2key,750,mixed,1,281874.3627535784,1916.0,8943.0,2598.3527155555557,1943.7196924124746,0.7480584451741328,0,100,900,1790614408.4136486,2815.632125,3056.467,performance,,32861568.0,31963720.0,29907336.0,0.0,0.0,18.29,14.79,14.21,,,
12,17,sharded_n,Sharded-N,100,read-heavy,1,287763.3020225012,328.0,715.0,341.1429,139.2728195577634,0.4082536073820191,0,100,900,1790614413.4350524,2832.205,3118.921,performance,,32861568.0,31978628.0,29922192.0,0.0,0.0,16.82,14.54,14.13,,,
12,18,global_mutex,GlobalMutex,250,mixed,1,309461.2538143163,780.0,1577.0,794.90252,323.69078912305315,0.40720815569065394,0,100,900,1790614416.2758677,2300.0,2300.0,performance,,32861568.0,31985532.0,29929084.0,0.0,0.0,16.82,14.54,14.13,,,
12,19,thread_local,ThreadLocal,250,mixed,1,297237.84205247404,797.0,1813.0,826.1522177777778,372.665460816409,0.4510857113218454,0,100,900,1790614419.4262784,2371.399125,2871.193,performance,,32861568.0,31976948.0,29920528.0,0.0,0.0,15.47,14.3,14.06,,,
12,20,sharded_n,Sharded-N,2000,mixed,1,250260.15394582358,2356.0,43523.0,7694.793107222222,11526.354042272596,1.4979420345238557,0,100,900,1790614422.5998664,2479.543875,3031.447,performance,,32861568.0,31960120.0,29903632.0,0.0,0.0,15.47,14.3,14.06,,,
12,21,hdr_histogram,HdrHistogram,100,write-heavy,1,280186.7604153303,337.0,712.0,349.3270444444444,138.97589391581184,0.397838919505455,0,100,900,1790614432.9660177,2300.0,2300.0,performance,,32861568.0,31942004.0,29885072.0,0.0,0.0,17.48,14.77,14.21,,,
12,22,hdr_histogram,HdrHistogram,1500,mixed,1,261626.49693161246,2217.0,27738.0,5558.7822703703705,7217.749153944239,1.2984407020970323,0,100,900,1790614435.6474824,2369.660875,2857.287,performance,,32861568.0,32000392.0,29943404.0,0.0,0.0,16.08,14.52,14.13,,,
12,23,disabled,Disabled,3000,write-heavy,1,238506.02427698602,2470.0,81552.0,12103.12987,20234.11140830188,1.6718081707489667,0,100,900,1790614443.7396054,2582.26675,3060.831,performance,,32861568.0,31953696.0,29896560.0,0.0,0.0,14.86,14.32,14.07,,,
12,24,disabled,Disabled,250,write-heavy,1,296412.33184380207,801.0,1769.0,827.2052577777778,356.58895407122503,0.43107674995825507,0,100,900,1790614458.740987,2300.0,2300.0,performance,,32861568.0,31967728.0,29910220.0,0.0,0.0,14.11,14.2,14.04,,,
12,25,thread_local,ThreadLocal,100,mixed,1,283799.9201103225,333.0,735.0,345.80586666666665,140.8854092595554,0.4074118539907807,0,100,900,1790614461.9124289,2734.073625,3001.235,performance,,32861568.0,31978588.0,29921064.0,0.0,0.0,14.11,14.2,14.04,,,
12,26,thread_local,ThreadLocal,1500,write-heavy,1,262769.40635573084,2194.0,29236.0,5519.1796629629625,7273.206406571798,1.3178056977161692,0,100,900,1790614464.5824466,2398.972125,3091.777,performance,,32861568.0,31978600.0,29921056.0,0.0,0.0,12.98,13.97,13.96,,,
12,27,sharded_2key,Sharded-2key,100,read-heavy,1,286406.42092645704,330.0,725.0,342.68184444444444,135.79182856099774,0.3962621036464402,0,100,900,1790614472.6608474,2300.0,2300.0,performance,,32861568.0,31967548.0,29909816.0,0.0,0.0,15.07,14.38,14.1,,,
12,28,sharded_n,Sharded-N,250,write-heavy,1,290296.1895376386,831.0,1737.0,846.5872177777778,344.990789410597,0.40750767571966134,0,100,900,1790614475.4998643,2388.668125,3009.345,performance,,32861568.0,31985640.0,29927860.0,0.0,0.0,13.94,14.16,14.03,,,
12,29,sharded_n,Sharded-N,250,mixed,1,292502.96302576514,811.0,1803.0,838.1029022222223,369.1156736422569,0.44041808310596475,0,100,900,1790614478.6987903,2300.0,2300.0,performance,,32861568.0,31991700.0,29933892.0,0.0,0.0,12.82,13.93,13.95,,,
12,30,hdr_histogram,HdrHistogram,500,read-heavy,1,306009.8972903484,1513.0,3989.0,1595.1684333333333,769.5120172613615,0.48240173337266695,0,100,900,1790614481.8841915,2654.7825,3022.125,performance,,32861568.0,31998600.0,29940808.0,0.0,0.0,12.82,13.93,13.95,,,
12,31,sharded_n,Sharded-N,1500,write-heavy,1,271225.13832474523,2123.0,28823.0,5322.815030370371,7078.310184596415,1.3298057783728574,0,100,900,1790614486.041047,2300.0,2300.0,performance,,32861568.0,31971488.0,29913684.0,0.0,0.0,12.76,13.89,13.94,,,
12,32,global_mutex,GlobalMutex,2000,read-heavy,1,260417.1711495836,2238.0,44191.0,7376.942465,11156.14028751933,1.512298671224533,0,100,900,1790614493.9774382,2388.559625,3008.477,performance,,32861568.0,31959908.0,29901780.0,0.0,0.0,11.53,13.6,13.85,,,
12,33,sharded_n,Sharded-N,100,mixed,1,275194.3668764954,344.0,742.0,357.683,143.66273540528323,0.4016482063874527,0,100,900,1790614504.2113853,2826.875875,3068.558,performance,,32861568.0,31954152.0,29895772.0,0.0,0.0,10.79,13.38,13.77,,,
12,34,global_mutex,GlobalMutex,500,write-heavy,1,287903.1709314881,1584.0,4457.0,1706.4843377777777,868.8911848141853,0.5091703249651122,0,100,900,1790614506.8988621,2300.0,2300.0,performance,,32861568.0,31978320.0,29919908.0,0.0,0.0,10.79,13.38,13.77,,,
12,35,sharded_2key,Sharded-2key,500,mixed,1,291600.7871098398,1579.0,4315.0,1682.7450644444446,826.7378878191768,0.4913031125675135,0,100,900,1790614510.9766436,2814.15475,3066.076,performance,,32861568.0,31953480.0,29895072.0,0.0,0.0,11.61,13.51,13.81,,,
12,36,global_mutex,GlobalMutex,1500,mixed,1,267353.91833145206,2156.0,27960.0,5426.5400548148145,7091.223724037537,1.306767047217443,0,100,900,1790614515.0369945,2300.0,2300.0,performance,,32861568.0,31952900.0,29894364.0,0.0,0.0,10.68,13.28,13.74,,,
12,37,sharded_2key,Sharded-2key,100,mixed,1,283985.23664251535,331.0,779.0,345.76225555555556,144.19393506559248,0.4170320292303393,0,100,900,1790614523.0138369,2300.0,2300.0,performance,,32861568.0,31956956.0,29898160.0,0.0,0.0,10.78,13.26,13.73,,,
12,38,sharded_n,Sharded-N,3000,read-heavy,1,242302.03234966716,2427.0,81687.0,11932.876709629629,19936.483033472578,1.6707189321233977,0,100,900,1790614525.68775,2388.310375,3006.483,performance,,32861568.0,31979076.0,29920312.0,0.0,0.0,9.92,13.04,13.65,,,
12,39,sharded_n,Sharded-N,1000,write-heavy,1,269532.97221391567,2154.0,15223.0,3612.609668888889,3574.094255494262,0.9893386175300602,0,100,900,1790614540.6245916,2663.385375,3114.879,performance,,32861568.0,31978204.0,29919016.0,0.0,0.0,12.57,13.48,13.79,,,
12,40,thread_local,ThreadLocal,750,write-heavy,1,276141.68104567763,1990.0,9323.0,2654.092671111111,1985.4050548933478,0.7480541567006311,0,100,900,1790614546.718149,2399.514625,3096.117,performance,,32861568.0,31958780.0,29899648.0,0.0,0.0,13.73,13.7,13.86,,,
12,41,disabled,Disabled,1500,write-heavy,1,267780.0624193064,2104.0,27850.0,5412.456962962963,7069.147066872034,1.3060883652739739,0,100,900,1790614551.79206,2300.0,2300.0,performance,,32861568.0,31973456.0,29914208.0,0.0,0.0,14.71,13.91,13.92,,,
12,42,sharded_2key,Sharded-2key,1500,mixed,1,267442.3042373607,2146.0,28047.0,5424.496843703704,7144.657137313594,1.3171096496454793,0,100,900,1790614559.7783632,2493.30225,3088.093,performance,,32861568.0,31961380.0,29901904.0,0.0,0.0,13.41,13.66,13.84,,,
12,43,hdr_histogram,HdrHistogram,750,write-heavy,1,277572.7552302066,1983.0,8966.0,2637.3115274074075,1952.5694762611872,0.7403636073970558,0,100,900,1790614567.7726724,2827.132,3090.602,performance,,32861568.0,31939376.0,29879628.0,0.0,0.0,12.81,13.53,13.8,,,
12,44,hdr_histogram,HdrHistogram,3000,write-heavy,1,235895.1244612491,2499.0,85465.0,12246.114453333334,20519.113471601868,1.6755611381711906,0,100,900,1790614572.8239813,2300.0,2300.0,performance,,32861568.0,31954976.0,29895300.0,0.0,0.0,15.55,14.09,13.98,,,
12,45,sharded_n,Sharded-N,2000,write-heavy,1,250490.12937424696,2342.0,44119.0,7706.995273888889,11532.227708729859,1.4963325263479483,0,100,900,1790614587.957918,2300.0,2300.0,performance,,32861568.0,31973220.0,29912948.0,0.0,0.0,14.13,13.83,13.89,,,
12,46,sharded_2key,Sharded-2key,1000,mixed,1,278458.49733441754,1982.0,14812.0,3475.6310444444443,3449.403341010998,0.992453829794342,0,100,900,1790614598.3299315,2711.620375,2998.446,performance,,32861568.0,31960452.0,29900064.0,0.0,0.0,14.16,13.85,13.9,,,
12,47,sharded_n,Sharded-N,1500,mixed,1,262518.1548294823,2217.0,28662.0,5499.432306666667,7280.332090264092,1.3238333857548417,0,100,900,1790614604.2917705,2300.0,2300.0,performance,,32861568.0,31953736.0,29893192.0,0.0,0.0,13.03,13.62,13.83,,,
12,48,thread_local,ThreadLocal,250,write-heavy,1,289907.97856907453,822.0,1808.0,846.9793422222223,366.80629509199,0.43307584589914466,0,100,900,1790614612.39693,2300.0,2300.0,performance,,32861568.0,31951664.0,29890892.0,0.0,0.0,15.35,14.09,13.98,,,
12,49,sharded_n,Sharded-N,2000,read-heavy,1,259918.2945830185,2213.0,43497.0,7400.568286111111,11136.044424606951,1.504755309873477,0,100,900,1790614615.5916944,2953.421625,3108.823,performance,,32861568.0,31962772.0,29902020.0,0.0,0.0,17.4,14.54,14.12,,,
12,50,disabled,Disabled,500,mixed,1,288786.5994346563,1577.0,4418.0,1697.67674,857.5331189825695,0.5051215574659811,0,100,900,1790614625.8470073,2300.0,2300.0,performance,,32861568.0,31952984.0,29891888.0,0.0,0.0,17.23,14.59,14.14,,,
12,51,sharded_2key,Sharded-2key,250,read-heavy,1,310407.56245309795,771.0,1673.0,790.2388977777778,334.29133917365954,0.423025669976151,0,100,900,1790614629.9261703,2387.468625,2999.749,performance,,32861568.0,31976384.0,29915340.0,0.0,0.0,15.85,14.35,14.07,,,
12,52,disabled,Disabled,2000,write-heavy,1,253430.92476915164,2308.0,42070.0,7615.238426111111,11439.206097889746,1.5021468085184337,0,100,900,1790614633.2461758,2580.6825,3077.942,performance,,32861568.0,31984592.0,29923596.0,0.0,0.0,14.58,14.11,13.99,,,
12,53,thread_local,ThreadLocal,2000,write-heavy,1,253839.315916153,2295.0,44574.0,7608.200623888889,11388.500105567351,1.4968716873486156,0,100,900,1790614643.5264523,2497.128,3095.278,performance,,32861568.0,31988604.0,29927188.0,0.0,0.0,13.52,13.91,13.93,,,
12,54,sharded_2key,Sharded-2key,100,write-heavy,1,280499.99647972506,337.0,705.0,349.38002222222224,138.85156351845148,0.3974227336620161,0,100,900,1790614653.8141415,2479.571625,3035.901,performance,,32861568.0,31943968.0,29882300.0,0.0,0.0,13.57,13.92,13.93,,,
12,55,sharded_n,Sharded-N,500,write-heavy,1,280891.1101685751,1622.0,4602.0,1745.30236,877.1442896891293,0.5025744018870916,0,100,900,1790614656.4936004,2300.0,2300.0,performance,,32861568.0,31969996.0,29908348.0,0.0,0.0,13.57,13.92,13.93,,,
12,56,sharded_2key,Sharded-2key,250,write-heavy,1,303511.7007928883,792.0,1673.0,809.3998222222223,330.8103116588191,0.4087106304898526,0,100,900,1790614660.61521,2372.426125,2879.409,performance,,32861568.0,31970384.0,29908788.0,0.0,0.0,13.37,13.87,13.92,,,
12,57,hdr_histogram,HdrHistogram,3000,read-heavy,1,244335.8147883818,2400.0,80896.0,11803.46628962963,19927.616220056556,1.6882850961810003,0,100,900,1790614663.7772458,2485.26875,3061.19,performance,,32861568.0,31965576.0,29903932.0,0.0,0.0,12.3,13.64,13.84,,,
12,58,sharded_n,Sharded-N,100,write-heavy,1,275731.68189745164,342.0,767.0,355.70127777777776,146.52275063277537,0.4119264106897996,0,100,900,1790614678.6396315,2300.0,2300.0,performance,,32861568.0,31986512.0,29924280.0,0.0,0.0,11.74,13.47,13.78,,,
12,59,disabled,Disabled,500,write-heavy,1,285434.3739065227,1597.0,4552.0,1718.3562844444446,901.1137459556646,0.5244044870746932,0,100,900,1790614681.321017,2300.0,2300.0,performance,,32861568.0,31990688.0,29928424.0,0.0,0.0,11.74,13.47,13.78,,,
12,60,global_mutex,GlobalMutex,750,write-heavy,1,276865.0260225479,1981.0,8832.0,2646.0788074074076,1932.244416699317,0.7302293534456383,0,100,900,1790614685.4193318,2389.56525,3016.522,performance,,32861568.0,31964420.0,29902296.0,0.0,0.0,11.36,13.37,13.75,,,
12,61,hdr_histogram,HdrHistogram,250,write-heavy,1,303201.1140832516,787.0,1692.0,809.4118622222222,336.3205420207014,0.415512247494546,0,100,900,1790614690.4945595,2478.6865,3025.25,performance,,32861568.0,31951280.0,29888980.0,0.0,0.0,11.9,13.44,13.77,,,
12,62,thread_local,ThreadLocal,1500,read-heavy,1,273946.7894745638,2066.0,27792.0,5286.958065925926,6985.836394938191,1.3213338006142732,0,100,900,1790614693.6605785,2388.80675,3010.454,performance,,32861568.0,31958208.0,29895956.0,0.0,0.0,10.94,13.22,13.7,,,
12,63,sharded_2key,Sharded-2key,2000,read-heavy,1,261805.03425496703,2196.0,41942.0,7381.925611666667,11200.20052480631,1.5172464630509284,0,100,900,1790614701.668583,2388.049125,3004.393,performance,,32861568.0,31938196.0,29875620.0,0.0,0.0,10.79,13.15,13.67,,,
12,64,disabled,Disabled,750,write-heavy,1,279576.9487503548,2006.0,8803.0,2623.612848888889,1895.9482511916563,0.7226478754266653,0,100,900,1790614711.8670394,2811.044375,3004.773,performance,,32861568.0,31966736.0,29903876.0,0.0,0.0,12.8,13.49,13.78,,,
12,65,global_mutex,GlobalMutex,100,read-heavy,1,286804.9658482526,327.0,746.0,341.9234666666667,142.987128486655,0.41818460101789345,0,100,900,1790614716.9058192,2818.008125,3046.354,performance,,32861568.0,31954580.0,29891744.0,0.0,0.0,13.7,13.67,13.83,,,
12,66,disabled,Disabled,250,read-heavy,1,303094.7656740959,786.0,1864.0,808.9904622222223,358.59094227264546,0.44325731762971493,0,100,900,1790614719.747974,2300.0,2300.0,performance,,32861568.0,31968872.0,29906012.0,0.0,0.0,12.6,13.44,13.76,,,
12,67,sharded_2key,Sharded-2key,500,write-heavy,1,285373.7941913203,1599.0,4585.0,1717.9257977777777,876.4674288661499,0.5101893399586316,0,100,900,1790614723.0768442,2300.0,2300.0,performance,,32861568.0,31972516.0,29909616.0,0.0,0.0,12.6,13.44,13.76,,,
12,68,thread_local,ThreadLocal,2000,mixed,1,261269.6690447461,2206.0,45453.0,7381.136449444444,11234.87900274495,1.5221069383686257,0,100,900,1790614727.1751733,2366.13625,2829.09,performance,,32861568.0,31951620.0,29888648.0,0.0,0.0,11.59,13.22,13.68,,,
12,69,hdr_histogram,HdrHistogram,1500,read-heavy,1,276399.52230865596,2065.0,26550.0,5244.912840740741,6861.252508929446,1.308172836664418,0,100,900,1790614737.2304745,2397.977625,3083.821,performance,,32861568.0,31947776.0,29884412.0,0.0,0.0,15.74,14.05,13.95,,,
12,70,global_mutex,GlobalMutex,3000,read-heavy,1,241382.47946557368,2460.0,78374.0,11956.063121481482,20034.510422095656,1.6756778731035313,0,100,900,1790614745.2241452,2372.959,2883.672,performance,,32861568.0,31927416.0,29863888.0,0.0,0.0,17.87,14.56,14.12,,,
12,71,hdr_histogram,HdrHistogram,3000,mixed,1,235774.73022650127,2514.0,83212.0,12226.634411851852,20601.04183603135,1.6849315307949169,0,100,900,1790614760.2383332,2656.40325,3039.204,performance,,32861568.0,31964456.0,29900532.0,0.0,0.0,19.3,15.08,14.3,,,
12,72,thread_local,ThreadLocal,100,write-heavy,1,277905.3414759104,338.0,801.0,353.7588,149.96830133664216,0.42392811524870094,0,100,900,1790614775.3635318,2637.3,3088.768,performance,,32861568.0,31962540.0,29898272.0,0.0,0.0,19.37,15.32,14.39,,,
12,73,disabled,Disabled,1000,mixed,1,286353.3785478297,1995.0,14643.0,3388.460241111111,3418.6049264713106,1.0088962783138087,0,100,900,1790614778.045858,2473.96325,2995.955,performance,,32861568.0,31981104.0,29916800.0,0.0,0.0,19.37,15.32,14.39,,,
12,74,global_mutex,GlobalMutex,750,mixed,1,285393.62456501496,1946.0,8660.0,2571.4271496296296,1860.4065532506368,0.7234918374096644,0,100,900,1790614783.907582,2385.713875,2985.711,performance,,32861568.0,31970140.0,29905804.0,0.0,0.0,16.39,14.81,14.23,,,
12,75,sharded_2key,Sharded-2key,500,read-heavy,1,294971.1474234344,1551.0,4172.0,1657.8202977777778,825.5727682317141,0.4979868863581606,0,100,900,1790614788.8897867,2300.0,2300.0,performance,,32861568.0,31969604.0,29905168.0,0.0,0.0,15.08,14.56,14.16,,,
12,76,disabled,Disabled,100,mixed,1,285596.96066952863,328.0,803.0,343.2625777777778,149.08824247799598,0.4343271073799169,0,100,900,1790614793.094072,2394.3445,3054.756,performance,,32861568.0,31968692.0,29904248.0,0.0,0.0,15.08,14.56,14.16,,,
12,77,global_mutex,GlobalMutex,1500,write-heavy,1,263096.6601431265,2219.0,28469.0,5516.105802962963,7231.447750729154,1.310969732822166,0,100,900,1790614795.7631235,2455.384625,3061.044,performance,,32861568.0,31970444.0,29905968.0,0.0,0.0,13.87,14.32,14.08,,,
12,78,global_mutex,GlobalMutex,2000,mixed,1,260713.5839074589,2219.0,45535.0,7393.669947222223,11057.56828865191,1.495545293147174,0,100,900,1790614803.8435993,2653.34625,3078.298,performance,,32861568.0,31975560.0,29910768.0,0.0,0.0,13.8,14.31,14.08,,,
12,79,thread_local,ThreadLocal,750,read-heavy,1,296915.32791958714,1828.0,8644.0,2465.7442014814815,1862.3514002813054,0.7552897819499514,0,100,900,1790614813.934226,2396.985375,3075.883,performance,,32861568.0,31970564.0,29905532.0,0.0,0.0,16.91,15.0,14.31,,,
12,80,sharded_2key,Sharded-2key,750,write-heavy,1,277131.3685185707,1986.0,9317.0,2641.0596251851853,1987.4127728782832,0.752505832858253,0,100,900,1790614818.9883652,2383.812875,2970.503,performance,,32861568.0,31972016.0,29906976.0,0.0,0.0,15.55,14.75,14.23,,,
12,81,global_mutex,GlobalMutex,100,write-heavy,1,280474.04838606773,335.0,801.0,350.36316666666664,147.99081999233408,0.422392631623665,0,100,900,1790614824.0431979,2492.01725,3107.184,performance,,32861568.0,31955268.0,29890136.0,0.0,0.0,14.31,14.5,14.15,,,
12,82,sharded_2key,Sharded-2key,3000,write-heavy,1,235692.37297536153,2523.0,84233.0,12245.33769037037,20539.556547410975,1.6773368825559714,0,100,900,1790614826.7181237,2742.8335,3098.697,performance,,32861568.0,31982052.0,29916908.0,0.0,0.0,14.31,14.5,14.15,,,
12,83,sharded_2key,Sharded-2key,1000,write-heavy,1,275387.502229434,2065.0,14756.0,3530.3506444444442,3488.6933907666316,0.9882002503792742,0,100,900,1790614841.837406,2387.303625,2998.429,performance,,32861568.0,31976300.0,29910568.0,0.0,0.0,14.63,14.59,14.19,,,
12,84,thread_local,ThreadLocal,1000,write-heavy,1,271811.10063053144,2099.0,15372.0,3580.7036177777777,3566.7536244815515,0.9961041195291992,0,100,900,1790614847.835449,2671.203875,3058.465,performance,,32861568.0,31963596.0,29897908.0,0.0,0.0,14.82,14.63,14.2,,,
12,85,sharded_n,Sharded-N,500,read-heavy,1,292009.2066064303,1571.0,4319.0,1680.9116622222223,823.6362791360922,0.48999379184936886,0,100,900,1790614853.8810642,2300.0,2300.0,performance,,32861568.0,31972012.0,29906196.0,0.0,0.0,12.54,14.14,14.05,,,
12,86,disabled,Disabled,750,mixed,1,286870.02841331606,1913.0,8781.0,2556.215551111111,1894.4573261211979,0.7411179879950788,0,100,900,1790614858.1100101,2300.0,2300.0,performance,,32861568.0,31960436.0,29894604.0,0.0,0.0,12.54,14.14,14.05,,,
12,87,thread_local,ThreadLocal,2000,read-heavy,1,267640.59704058815,2188.0,42519.0,7177.032711666667,10822.370270954352,1.507917088543011,0,100,900,1790614863.0746708,2300.0,2300.0,performance,,32861568.0,31975332.0,29909324.0,0.0,0.0,11.54,13.91,13.97,,,
12,88,sharded_2key,Sharded-2key,1500,read-heavy,1,270532.2257850085,2150.0,27566.0,5343.782854074074,7086.9604665377965,1.3262066704553184,0,100,900,1790614873.1302817,2648.158125,3037.039,performance,,32861568.0,31962104.0,29895792.0,0.0,0.0,11.04,13.72,13.91,,,
12,89,global_mutex,GlobalMutex,2000,write-heavy,1,254872.2301552242,2320.0,44032.0,7569.407299444444,11406.296875791382,1.5068943213861072,0,100,900,1790614881.2136104,2557.13875,3014.799,performance,,32861568.0,31942568.0,29876120.0,0.0,0.0,9.75,13.35,13.79,,,
12,90,thread_local,ThreadLocal,1000,read-heavy,1,278139.58157379786,2040.0,14668.0,3500.741427777778,3407.5436600315197,0.9733777059320206,0,100,900,1790614891.4620597,2300.0,2300.0,performance,,32861568.0,31973760.0,29907068.0,0.0,0.0,13.77,14.08,14.02,,,
12,91,global_mutex,GlobalMutex,3000,write-heavy,1,234821.33445000584,2529.0,86752.0,12280.94650037037,20638.658559962943,1.6805429906677405,0,100,900,1790614897.5837765,2462.33325,2950.557,performance,,32861568.0,31976612.0,29909768.0,0.0,0.0,16.19,14.58,14.18,,,
12,92,hdr_histogram,HdrHistogram,1000,write-heavy,1,268568.4106434728,2143.0,15666.0,3624.8332633333334,3584.6316242911976,0.9889093825504219,0,100,900,1790614912.8045938,2388.574125,3008.593,performance,,32861568.0,31961692.0,29894444.0,0.0,0.0,15.61,14.53,14.17,,,
12,93,disabled,Disabled,750,read-heavy,1,289969.9268279663,1857.0,9027.0,2518.5606044444444,1907.6712634306755,0.757445050186306,0,100,900,1790614918.895669,2300.0,2300.0,performance,,32861568.0,31968280.0,29901028.0,0.0,0.0,15.79,14.62,14.21,,,
12,94,sharded_n,Sharded-N,250,read-heavy,1,306355.7490943855,786.0,1621.0,801.9800933333333,331.7005700266825,0.4136019993314412,0,100,900,1790614924.005606,2389.494,3015.952,performance,,32861568.0,31971412.0,29904064.0,0.0,0.0,14.52,14.38,14.13,,,
12,95,thread_local,ThreadLocal,1500,mixed,1,272287.7450790594,2113.0,27647.0,5326.46765037037,6951.661481167971,1.305116624651723,0,100,900,1790614927.3226213,2391.662875,3033.303,performance,,32861568.0,31990340.0,29923012.0,0.0,0.0,14.52,14.38,14.13,,,
12,96,hdr_histogram,HdrHistogram,1500,write-heavy,1,262416.6257258988,2198.0,29617.0,5526.485122222222,7390.288717127749,1.3372493644126708,0,100,900,1790614935.2225046,2371.180625,2869.445,performance,,32861568.0,31929752.0,29862084.0,0.0,0.0,21.14,15.76,14.58,,,
12,97,global_mutex,GlobalMutex,1000,mixed,1,283438.6452821686,2020.0,14563.0,3430.5286555555554,3320.0968981636465,0.967809113848074,0,100,900,1790614943.3281293,2387.658625,3001.269,performance,,32861568.0,31942204.0,29874356.0,0.0,0.0,20.24,15.77,14.6,,,
12,98,global_mutex,GlobalMutex,500,read-heavy,1,289773.23117081425,1569.0,4425.0,1689.0354155555556,852.8990190759342,0.5049621880162883,0,100,900,1790614949.2133477,2390.39675,3023.174,performance,,32861568.0,31957620.0,29889804.0,0.0,0.0,18.62,15.5,14.52,,,
12,99,thread_local,ThreadLocal,500,write-heavy,1,285921.92439423356,1593.0,4596.0,1718.52266,877.1516458856141,0.5104102880351977,0,100,900,1790614953.4610868,2300.0,2300.0,performance,,32861568.0,31961304.0,29893444.0,0.0,0.0,17.13,15.25,14.44,,,
12,100,sharded_n,Sharded-N,750,read-heavy,1,279256.98790749355,1990.0,9153.0,2624.8693925925927,1945.6955473975836,0.7412542326442434,0,100,900,1790614957.5508144,2556.43975,2997.162,performance,,32861568.0,31974176.0,29906268.0,0.0,0.0,17.13,15.25,14.44,,,
12,101,sharded_2key,Sharded-2key,2000,write-heavy,1,254797.08910853532,2287.0,45386.0,7574.540004444444,11469.43108649091,1.514208266080989,0,100,900,1790614962.7633674,2767.0785,3100.094,performance,,32861568.0,31947168.0,29879060.0,0.0,0.0,16.88,15.22,14.44,,,
12,102,sharded_n,Sharded-N,1000,read-heavy,1,281609.3063700324,2019.0,14273.0,3461.70076,3328.384783614565,0.961488301378934,0,100,900,1790614973.0149465,2300.0,2300.0,performance,,32861568.0,31981036.0,29912620.0,0.0,0.0,17.39,15.38,14.5,,,
12,103,disabled,Disabled,1500,read-heavy,1,278084.88711696776,2065.0,27381.0,5209.590946666666,6972.8768001140625,1.338469156503665,0,100,900,1790614979.0970588,2913.35425,3078.21,performance,,32861568.0,31958120.0,29889648.0,0.0,0.0,14.71,14.88,14.34,,,
12,104,hdr_histogram,HdrHistogram,100,read-heavy,1,283386.87608234695,331.0,819.0,345.91918888888887,150.38009374150604,0.43472608219432707,0,100,900,1790614987.0413752,2860.571875,3116.694,performance,,32861568.0,31945880.0,29877176.0,0.0,0.0,14.65,14.86,14.34,,,
12,105,sharded_2key,Sharded-2key,1000,read-heavy,1,284150.1215633054,2020.0,14558.0,3426.6420244444444,3361.347623843699,0.9809450768026078,0,100,900,1790614989.8830492,2300.0,2300.0,performance,,32861568.0,31984512.0,29915772.0,0.0,0.0,13.48,14.61,14.26,,,
12,106,sharded_2key,Sharded-2key,1500,write-heavy,1,262381.5548220519,2201.0,29457.0,5551.4495681481485,7401.606779280903,1.3332746138500775,0,100,900,1790614995.9439073,2300.0,2300.0,performance,,32861568.0,31969704.0,29900836.0,0.0,0.0,13.28,14.55,14.25,,,
12,107,sharded_2key,Sharded-2key,3000,read-heavy,1,243465.04707347584,2422.0,82651.0,11843.959818148149,20103.33900167151,1.6973494768926654,0,100,900,1790615004.0405908,2401.239125,3109.913,performance,,32861568.0,31960864.0,29891728.0,0.0,0.0,15.44,15.01,14.4,,,
12,108,disabled,Disabled,250,mixed,1,305983.65729047067,779.0,1685.0,801.8127111111111,349.4782619257932,0.43586021658537205,0,100,900,1790615018.9272492,2387.832625,3002.661,performance,,32861568.0,31989384.0,29919832.0,0.0,0.0,14.22,14.77,14.33,,,
12,109,global_mutex,GlobalMutex,1000,read-heavy,1,280333.0260288439,2033.0,15267.0,3469.374677777778,3500.230296324575,1.0088937118104988,0,100,900,1790615022.0824685,2387.76225,3002.098,performance,,32861568.0,31964972.0,29895476.0,0.0,0.0,14.22,14.77,14.33,,,
12,110,disabled,Disabled,500,read-heavy,1,295502.822332681,1551.0,4348.0,1665.53938,839.6176049499528,0.5041115298936689,0,100,900,1790615028.183326,2398.042125,3084.337,performance,,32861568.0,31933312.0,29863724.0,0.0,0.0,13.14,14.53,14.26,,,
12,111,global_mutex,GlobalMutex,3000,mixed,1,237406.29864544913,2498.0,81180.0,12154.096152592592,20322.740750075387,1.672089844849577,0,100,900,1790615032.3894928,2556.143,3064.304,performance,,32861568.0,31956964.0,29887336.0,0.0,0.0,13.14,14.53,14.26,,,
12,112,disabled,Disabled,2000,read-heavy,1,263327.97018815594,2193.0,44082.0,7341.260601666667,11138.932378762864,1.5173051309790067,0,100,900,1790615047.4447086,2585.72375,3099.362,performance,,32861568.0,31967492.0,29897372.0,0.0,0.0,16.67,15.23,14.49,,,
12,113,hdr_histogram,HdrHistogram,2000,write-heavy,1,250224.67113691216,2333.0,47550.0,7738.487857777778,11652.890076199032,1.5058355444063891,0,100,900,1790615057.5936651,2829.178375,3021.134,performance,,32861568.0,31968472.0,29898224.0,0.0,0.0,17.37,15.43,14.57,,,
12,114,sharded_n,Sharded-N,3000,mixed,1,237343.65408511655,2493.0,81603.0,12160.48798,20473.117233747435,1.6835769475220874,0,100,900,1790615067.9931338,2437.7615,2934.949,performance,,32861568.0,31963588.0,29892928.0,0.0,0.0,18.11,15.65,14.65,,,
12,115,sharded_2key,Sharded-2key,3000,mixed,1,240963.09558687583,2454.0,80940.0,11994.422112222222,20071.15362690587,1.6733739599220476,0,100,900,1790615083.0193174,2621.14875,3006.241,performance,,32861568.0,31979296.0,29908360.0,0.0,0.0,17.58,15.64,14.66,,,
12,116,sharded_2key,Sharded-2key,2000,mixed,1,259017.7030960483,2243.0,43242.0,7441.121836666666,11393.748050100965,1.5311868694257158,0,100,900,1790615097.8872337,2397.3455,3078.764,performance,,32861568.0,31966324.0,29894996.0,0.0,0.0,16.21,15.42,14.6,,,
12,117,hdr_histogram,HdrHistogram,250,mixed,1,303373.1281483608,797.0,1609.0,808.9086888888888,328.71930611183404,0.4063738103287783,0,100,900,1790615107.993807,2728.072375,3018.486,performance,,32861568.0,31966044.0,29894588.0,0.0,0.0,14.52,15.07,14.5,,,
12,118,hdr_histogram,HdrHistogram,500,write-heavy,1,283289.1364508585,1596.0,4514.0,1724.1187022222223,891.5116958695588,0.5170825504766502,0,100,900,1790615111.1526232,2300.0,2300.0,performance,,32861568.0,31978332.0,29906888.0,0.0,0.0,13.35,14.82,14.42,,,
12,119,disabled,Disabled,100,read-heavy,1,289547.5030764905,323.0,763.0,339.7746,145.5526185535051,0.4283799276152635,0,100,900,1790615115.2647676,2300.0,2300.0,performance,,32861568.0,31955028.0,29883560.0,0.0,0.0,13.73,14.88,14.44,,,
12,120,sharded_2key,Sharded-2key,750,read-heavy,1,294317.28972216183,1854.0,8672.0,2480.48521037037,1846.5239219017726,0.7444204521687358,0,100,900,1790615118.10448,2668.79375,3093.023,performance,,32861568.0,31967180.0,29895684.0,0.0,0.0,13.73,14.88,14.44,,,
12,121,hdr_histogram,HdrHistogram,250,read-heavy,1,301993.5232697304,793.0,1738.0,812.5881022222222,348.02126170264586,0.42828741985133184,0,100,900,1790615123.1856172,2300.0,2300.0,performance,,32861568.0,31929364.0,29857700.0,0.0,0.0,12.63,14.63,14.36,,,
12,122,hdr_histogram,HdrHistogram,1000,read-heavy,1,276163.9309978128,2067.0,14757.0,3518.5843822222223,3442.86806082002,0.9784810272606331,0,100,900,1790615126.513324,2399.085375,3092.683,performance,,32861568.0,31976476.0,29904828.0,0.0,0.0,11.62,14.39,14.28,,,
12,123,hdr_histogram,HdrHistogram,2000,read-heavy,1,259285.38722899163,2209.0,40469.0,7446.276237777778,11107.48830156514,1.4916836210309585,0,100,900,1790615132.6583364,2397.70625,3081.65,performance,,32861568.0,31933568.0,29861700.0,0.0,0.0,11.25,14.26,14.24,,,
12,124,global_mutex,GlobalMutex,500,mixed,1,288925.024392126,1575.0,4518.0,1696.90046,882.7774503341649,0.5202293659194157,0,100,900,1790615142.9499302,2386.709125,2993.673,performance,,32861568.0,31960696.0,29888524.0,0.0,0.0,15.6,15.11,14.52,,,
12,125,global_mutex,GlobalMutex,250,write-heavy,1,301084.5164644555,796.0,1684.0,814.6815866666667,349.32370654652055,0.4287855675931081,0,100,900,1790615147.0299017,3030.465875,3082.548,performance,,32861568.0,31979736.0,29907580.0,0.0,0.0,14.35,14.86,14.44,,,
12,126,disabled,Disabled,3000,read-heavy,1,246718.75354308405,2375.0,82355.0,11694.767547037038,19790.494904154202,1.6922520968933907,0,100,900,1790615150.2006874,2300.0,2300.0,performance,,32861568.0,31992836.0,29920672.0,0.0,0.0,13.28,14.63,14.37,,,
12,127,thread_local,ThreadLocal,3000,write-heavy,1,238802.55403449558,2516.0,86200.0,12067.822776296296,20393.192926209977,1.6898817047816141,0,100,900,1790615164.934483,2836.24625,3082.204,performance,,32861568.0,31960392.0,29887608.0,0.0,0.0,15.65,15.15,14.55,,,
12,128,hdr_histogram,HdrHistogram,2000,mixed,1,255906.57787573567,2291.0,46164.0,7533.707363888889,11385.195242965354,1.5112340701654667,0,100,900,1790615179.9063451,2851.607625,3095.651,performance,,32861568.0,31980404.0,29907360.0,0.0,0.0,14.77,14.99,14.51,,,
12,129,hdr_histogram,HdrHistogram,1000,mixed,1,274874.18764862255,2085.0,15174.0,3541.4395466666665,3541.7073332843124,1.000075615188151,0,100,900,1790615190.1221232,2387.59275,3000.742,performance,,32861568.0,31962960.0,29889760.0,0.0,0.0,13.53,14.73,14.43,,,
12,130,sharded_2key,Sharded-2key,250,mixed,1,298238.52414378506,806.0,1683.0,821.7635822222222,343.32343402539533,0.4177885725928329,0,100,900,1790615196.1347587,2540.249625,2989.839,performance,,32861568.0,31949624.0,29876356.0,0.0,0.0,19.81,16.01,14.84,,,
12,131,disabled,Disabled,1500,mixed,1,271973.0904682992,2094.0,27456.0,5338.062401481481,6945.599748805757,1.3011462261808955,0,100,900,1790615199.303846,2300.0,2300.0,performance,,32861568.0,31959512.0,29886248.0,0.0,0.0,18.23,15.74,14.76,,,
12,132,global_mutex,GlobalMutex,100,mixed,1,287893.0060613409,328.0,740.0,340.35825555555556,141.3913938639982,0.41541931642941843,0,100,900,1790615207.2081094,2300.0,2300.0,performance,,32861568.0,31933504.0,29859840.0,0.0,0.0,18.37,15.81,14.79,,,
12,133,disabled,Disabled,1000,write-heavy,1,276524.4104892924,2060.0,14581.0,3526.3678122222223,3427.5144800435846,0.9719673790589806,0,100,900,1790615209.8799539,2300.0,2300.0,performance,,32861568.0,31968216.0,29894568.0,0.0,0.0,16.9,15.55,14.71,,,
12,134,hdr_histogram,HdrHistogram,100,mixed,1,283811.8596802379,334.0,748.0,346.57433333333336,141.67597188228137,0.40878956765104174,0,100,900,1790615215.8686194,2482.326375,3042.665,performance,,32861568.0,31946300.0,29872632.0,0.0,0.0,16.82,15.56,14.72,,,
12,135,thread_local,ThreadLocal,3000,read-heavy,1,244693.95766470995,2395.0,79051.0,11804.597956296297,19690.34050292783,1.6680229666293263,0,100,900,1790615218.5435953,2385.818,2986.544,performance,,32861568.0,31975688.0,29901984.0,0.0,0.0,15.48,15.3,14.64,,,
12,136,sharded_n,Sharded-N,750,write-heavy,1,269548.8174370454,2043.0,9180.0,2729.394877037037,2024.814062309318,0.7418545697965864,0,100,900,1790615233.3560221,2740.8895,3033.809,performance,,32861568.0,31975816.0,29901616.0,0.0,0.0,14.16,15.04,14.56,,,
12,137,thread_local,ThreadLocal,500,read-heavy,1,294416.3391699257,1546.0,4348.0,1662.532251111111,858.0116410216714,0.5160872160213681,0,100,900,1790615238.4939353,2387.50025,3000.002,performance,,32861568.0,31963444.0,29889268.0,0.0,0.0,13.03,14.79,14.48,,,
12,138,sharded_n,Sharded-N,3000,write-heavy,1,231387.0028394551,2579.0,85015.0,12485.441186296297,20997.280460028065,1.681741169312795,0,100,900,1790615242.702272,2393.49375,3047.95,performance,,32861568.0,31954972.0,29880744.0,0.0,0.0,13.03,14.79,14.48,,,
12,139,global_mutex,GlobalMutex,1500,read-heavy,1,271126.8456288977,2132.0,28315.0,5354.201611851852,7095.911994825334,1.3252978705766514,0,100,900,1790615258.0395951,2563.961375,3005.311,performance,,32861568.0,31977092.0,29902336.0,0.0,0.0,21.71,16.7,15.12,,,
12,140,disabled,Disabled,3000,mixed,1,239995.2833140315,2471.0,80373.0,12027.056161481481,20357.12118218302,1.6926104699984579,0,100,900,1790615266.1130297,2485.332,3085.699,performance,,32861568.0,31935056.0,29860192.0,0.0,0.0,20.7,16.64,15.12,,,
12,141,hdr_histogram,HdrHistogram,750,read-heavy,1,280311.2676979409,1952.0,9149.0,2615.10804,1967.362982762759,0.7523065787992296,0,100,900,1790615281.0091743,2402.6685,3121.348,performance,,32861568.0,31960336.0,29885048.0,0.0,0.0,19.94,16.66,15.15,,,
12,142,hdr_histogram,HdrHistogram,500,mixed,1,292120.3911145907,1562.0,4479.0,1678.9756066666666,870.0212036728042,0.5181857319535987,0,100,900,1790615286.2163587,2399.43625,3095.49,performance,,32861568.0,31959924.0,29884648.0,0.0,0.0,18.9,16.5,15.1,,,
12,143,thread_local,ThreadLocal,3000,mixed,1,240425.03684393477,2458.0,84850.0,11986.132488888888,20475.853599514696,1.7082952836117702,0,100,900,1790615290.2877913,2300.0,2300.0,performance,,32861568.0,31955732.0,29880384.0,0.0,0.0,19.07,16.57,15.13,,,
12,144,thread_local,ThreadLocal,500,mixed,1,295769.4589801422,1549.0,4301.0,1657.7618177777779,823.3926305753207,0.4966893444795796,0,100,900,1790615305.1622431,2742.398625,3036.553,performance,,32861568.0,31972404.0,29896600.0,0.0,0.0,19.8,16.88,15.26,,,
13,1,thread_local,ThreadLocal,2000,mixed,1,254093.458569259,2310.0,42594.0,7582.230152222222,11412.71564402117,1.5051924585375844,0,100,900,1790615309.196804,2564.130875,3008.598,performance,,32861568.0,31976072.0,29900348.0,0.0,0.0,18.21,16.6,15.18,,,
13,2,thread_local,ThreadLocal,100,write-heavy,1,286959.1985278049,328.0,756.0,342.3848222222222,140.90803782539402,0.41154872727956016,0,100,900,1790615319.4567523,2300.0,2300.0,performance,,32861568.0,31955056.0,29878864.0,0.0,0.0,16.3,16.25,15.08,,,
13,3,sharded_2key,Sharded-2key,500,mixed,1,290110.68679421773,1570.0,4493.0,1693.827791111111,875.2595827273037,0.5167346924643114,0,100,900,1790615322.127769,2752.15025,3046.622,performance,,32861568.0,31970908.0,29894688.0,0.0,0.0,16.3,16.25,15.08,,,
13,4,disabled,Disabled,2000,mixed,1,264496.0577858855,2165.0,39645.0,7296.949322222222,10914.337905629258,1.4957398528711985,0,100,900,1790615326.2001293,2563.7275,3006.929,performance,,32861568.0,31945900.0,29869784.0,0.0,0.0,18.68,16.74,15.25,,,
13,5,disabled,Disabled,500,write-heavy,1,288122.25419091585,1566.0,4501.0,1698.3484666666666,891.8092467845249,0.5251038077803144,0,100,900,1790615336.1715968,2409.647,3177.176,performance,,32861568.0,31971620.0,29895132.0,0.0,0.0,18.07,16.68,15.24,,,
13,6,sharded_n,Sharded-N,2000,write-heavy,1,253205.9040616528,2296.0,46831.0,7617.674808333333,11532.635012758521,1.513931127664104,0,100,900,1790615340.255873,2300.0,2300.0,performance,,32861568.0,31952324.0,29875896.0,0.0,0.0,17.51,16.59,15.22,,,
13,7,hdr_histogram,HdrHistogram,2000,mixed,1,253419.0295517873,2304.0,44321.0,7639.654998333333,11336.885134963371,1.4839525001373264,0,100,900,1790615350.5490963,2399.81875,3098.55,performance,,32861568.0,31974872.0,29897936.0,0.0,0.0,18.66,16.85,15.32,,,
13,8,disabled,Disabled,750,mixed,1,284200.0335308883,1935.0,9129.0,2572.9977985185187,1921.8830906808753,0.7469431539301967,0,100,900,1790615360.8244555,2396.6475,3073.18,performance,,32861568.0,31953620.0,29876592.0,0.0,0.0,17.63,16.69,15.28,,,
13,9,thread_local,ThreadLocal,2000,write-heavy,1,256654.10764581792,2256.0,43326.0,7508.60425,11282.854759481299,1.5026567367006056,0,100,900,1790615365.8126295,2391.637875,3033.103,performance,,32861568.0,31963428.0,29886412.0,0.0,0.0,17.18,16.61,15.26,,,
13,10,hdr_histogram,HdrHistogram,750,mixed,1,276070.51330229384,2012.0,8825.0,2655.4013466666665,1924.7129454392377,0.7248293926849648,0,100,900,1790615375.983374,2387.907625,3003.261,performance,,32861568.0,31958612.0,29881292.0,0.0,0.0,17.24,16.64,15.29,,,
13,11,hdr_histogram,HdrHistogram,3000,read-heavy,1,243649.27186993862,2408.0,80113.0,11805.395105925925,19827.888752556533,1.6795616389496,0,100,900,1790615381.052779,2477.697875,3017.928,performance,,32861568.0,31963480.0,29886140.0,0.0,0.0,18.1,16.83,15.36,,,
13,12,global_mutex,GlobalMutex,3000,write-heavy,1,234444.21249016456,2543.0,86582.0,12310.739093333334,20763.468455185848,1.6866142883679456,0,100,900,1790615395.931478,2398.7015,3089.612,performance,,32861568.0,31969108.0,29891248.0,0.0,0.0,17.8,16.81,15.37,,,
13,13,disabled,Disabled,3000,write-heavy,1,239740.76270867686,2483.0,80745.0,12082.554235555555,20228.504684030762,1.6741910931799477,0,100,900,1790615411.1210632,2467.4615,2998.421,performance,,32861568.0,31974868.0,29896688.0,0.0,0.0,21.55,17.65,15.67,,,
13,14,sharded_n,Sharded-N,1000,read-heavy,1,283655.1801726426,1998.0,14477.0,3422.3361555555557,3338.2478207753293,0.9754295513479224,0,100,900,1790615426.0604668,2793.834875,3003.505,performance,,32861568.0,31972956.0,29894484.0,0.0,0.0,22.97,18.19,15.88,,,
13,15,hdr_histogram,HdrHistogram,750,write-heavy,1,284575.1434005345,1904.0,8757.0,2574.396317037037,1918.4669608263746,0.7452104200624422,0,100,900,1790615432.1231942,2400.306625,3102.453,performance,,32861568.0,31955768.0,29877240.0,0.0,0.0,24.01,18.49,15.99,,,
13,16,hdr_histogram,HdrHistogram,1000,read-heavy,1,278844.3826719175,2006.0,14537.0,3473.260368888889,3416.162084206464,0.9835606091631158,0,100,900,1790615437.1264932,2772.050625,3076.213,performance,,32861568.0,31938048.0,29859408.0,0.0,0.0,23.53,18.48,16.0,,,
13,17,sharded_n,Sharded-N,100,read-heavy,1,276891.0768343203,338.0,869.0,354.7589888888889,156.1570286689931,0.4401777926983035,0,100,900,1790615443.2545433,2388.224875,3005.799,performance,,32861568.0,31926384.0,29847592.0,0.0,0.0,22.69,18.39,15.99,,,
13,18,sharded_2key,Sharded-2key,500,read-heavy,1,291142.89754776086,1564.0,4205.0,1680.7578888888888,856.4180900159425,0.5095428054674199,0,100,900,1790615446.1033733,2845.82675,3122.969,performance,,32861568.0,31958116.0,29879300.0,0.0,0.0,20.95,18.1,15.91,,,
13,19,thread_local,ThreadLocal,250,read-heavy,1,307935.8003728136,776.0,1712.0,796.8679911111111,347.2717241758971,0.43579580062148,0,100,900,1790615450.3351605,2393.97275,3051.782,performance,,32861568.0,31959992.0,29881128.0,0.0,0.0,20.55,18.07,15.91,,,
13,20,sharded_n,Sharded-N,500,mixed,1,286087.2112018264,1591.0,4634.0,1714.6047688888889,886.931960570768,0.5172807032057448,0,100,900,1790615453.6495733,2672.7075,3121.784,performance,,32861568.0,31971956.0,29893044.0,0.0,0.0,18.91,17.77,15.82,,,
13,21,thread_local,ThreadLocal,500,write-heavy,1,285585.40781938937,1592.0,4403.0,1714.0468822222222,878.323657586637,0.512426857571078,0,100,900,1790615457.7410996,2737.640125,3017.675,performance,,32861568.0,31956332.0,29877324.0,0.0,0.0,18.91,17.77,15.82,,,
13,22,disabled,Disabled,3000,read-heavy,1,247526.0293855152,2357.0,75733.0,11636.167201851851,19736.67133206512,1.696148825441775,0,100,900,1790615461.8378913,2300.0,2300.0,performance,,32861568.0,31966792.0,29887720.0,0.0,0.0,19.8,17.97,15.9,,,
13,23,sharded_2key,Sharded-2key,500,write-heavy,1,290303.1073000159,1571.0,4429.0,1687.9596644444443,865.5777775076166,0.5127952970324696,0,100,900,1790615476.558374,2398.173625,3085.389,performance,,32861568.0,31964268.0,29884652.0,0.0,0.0,22.47,18.66,16.16,,,
13,24,thread_local,ThreadLocal,3000,read-heavy,1,247494.286854257,2368.0,81084.0,11640.483684814815,19785.181556630894,1.6996872374333516,0,100,900,1790615480.629768,2300.0,2300.0,performance,,32861568.0,31966772.0,29887312.0,0.0,0.0,21.63,18.54,16.13,,,
13,25,disabled,Disabled,100,write-heavy,1,287825.80690062116,327.0,750.0,341.72045555555553,140.45613019594464,0.4110264045141712,0,100,900,1790615495.3341243,2387.23325,2997.866,performance,,32861568.0,31988420.0,29908496.0,0.0,0.0,19.14,18.16,16.04,,,
13,26,thread_local,ThreadLocal,1000,mixed,1,276646.74751066614,2062.0,14711.0,3524.224168888889,3473.754799759673,0.985679296574052,0,100,900,1790615498.0038931,2300.0,2300.0,performance,,32861568.0,31998124.0,29918192.0,0.0,0.0,19.14,18.16,16.04,,,
13,27,sharded_n,Sharded-N,750,write-heavy,1,276994.7976092823,1944.0,9273.0,2644.8296696296297,1998.6196043061454,0.7556704415623193,0,100,900,1790615503.9918568,2300.0,2300.0,performance,,32861568.0,31966508.0,29886484.0,0.0,0.0,16.2,17.56,15.87,,,
13,28,global_mutex,GlobalMutex,2000,read-heavy,1,266029.22584098775,2146.0,42888.0,7233.707766111111,10881.199659146923,1.5042354503348603,0,100,900,1790615509.0569227,2300.0,2300.0,performance,,32861568.0,31945352.0,29865224.0,0.0,0.0,14.9,17.27,15.79,,,
13,29,disabled,Disabled,500,mixed,1,294235.7446327266,1573.0,4228.0,1665.3737822222222,816.903915352346,0.4905228628388128,0,100,900,1790615519.154842,2599.301125,3109.806,performance,,32861568.0,31945948.0,29865440.0,0.0,0.0,13.79,16.96,15.7,,,
13,30,hdr_histogram,HdrHistogram,1500,mixed,1,262399.05707260367,2204.0,29261.0,5532.019314074074,7392.657077627182,1.336339708507423,0,100,900,1790615523.1993144,2478.72075,3029.601,performance,,32861568.0,31959356.0,29878972.0,0.0,0.0,13.79,16.96,15.7,,,
13,31,thread_local,ThreadLocal,100,mixed,1,285049.3840456542,334.0,721.0,346.0307888888889,138.7541704840221,0.40098793211310546,0,100,900,1790615531.3040204,2300.0,2300.0,performance,,32861568.0,31931992.0,29851380.0,0.0,0.0,13.67,16.81,15.67,,,
13,32,sharded_2key,Sharded-2key,750,mixed,1,283084.74405900016,1928.0,8954.0,2587.8860148148146,1939.730691745476,0.7495425535132313,0,100,900,1790615533.977159,2396.28975,3070.318,performance,,32861568.0,31955844.0,29875212.0,0.0,0.0,12.57,16.54,15.59,,,
13,33,disabled,Disabled,1000,write-heavy,1,275976.06404033396,2078.0,15304.0,3526.677056666667,3550.809189617656,1.0068427396564057,0,100,900,1790615538.9771945,2400.516875,3104.135,performance,,32861568.0,31948104.0,29867404.0,0.0,0.0,11.57,16.26,15.5,,,
13,34,hdr_histogram,HdrHistogram,500,mixed,1,284922.98800411605,1608.0,4266.0,1714.4410311111112,853.8965299880012,0.49806118407852146,0,100,900,1790615544.9670365,2556.033375,3002.691,performance,,32861568.0,31970280.0,29889332.0,0.0,0.0,10.64,15.99,15.42,,,
13,35,sharded_n,Sharded-N,1500,read-heavy,1,276516.60805940174,2044.0,26044.0,5242.869401481482,6667.951407975335,1.2718133711458017,0,100,900,1790615549.0662513,2394.45925,3055.674,performance,,32861568.0,31966268.0,29885356.0,0.0,0.0,9.79,15.72,15.33,,,
13,36,global_mutex,GlobalMutex,100,read-heavy,1,288873.5638253573,327.0,713.0,340.8040888888889,141.5846286345445,0.41544286952702847,0,100,900,1790615557.0520017,2300.0,2300.0,performance,,32861568.0,31951564.0,29870404.0,0.0,0.0,16.13,16.94,15.73,,,
13,37,global_mutex,GlobalMutex,750,write-heavy,1,279718.5973226743,1964.0,9045.0,2613.734497777778,1930.3922075744754,0.7385571140510688,0,100,900,1790615559.891251,2399.6515,3097.212,performance,,32861568.0,31987340.0,29906152.0,0.0,0.0,14.84,16.66,15.65,,,
13,38,sharded_2key,Sharded-2key,1500,read-heavy,1,269386.7497922287,2147.0,26882.0,5393.417643703704,7052.45867728607,1.3076047773750912,0,100,900,1790615564.9342895,2585.073125,3128.118,performance,,32861568.0,31954320.0,29873020.0,0.0,0.0,13.65,16.38,15.56,,,
13,39,hdr_histogram,HdrHistogram,250,mixed,1,309236.4979590027,776.0,1573.0,791.7727644444444,320.93675159720107,0.4053394686067406,0,100,900,1790615573.0589116,2300.0,2300.0,performance,,32861568.0,31946672.0,29865164.0,0.0,0.0,18.96,17.44,15.91,,,
13,40,sharded_2key,Sharded-2key,750,read-heavy,1,286809.4185240423,1919.0,8556.0,2554.6672844444442,1845.4551485329198,0.722385713306007,0,100,900,1790615576.2043486,2568.447625,3034.983,performance,,32861568.0,31972488.0,29890964.0,0.0,0.0,17.45,17.15,15.82,,,
13,41,sharded_n,Sharded-N,100,mixed,1,278960.28612572205,338.0,780.0,351.1015111111111,144.87740142985,0.4126367926226369,0,100,900,1790615581.3471453,2557.244875,3017.184,performance,,32861568.0,31939728.0,29858156.0,0.0,0.0,19.41,17.56,15.96,,,
13,42,thread_local,ThreadLocal,3000,mixed,1,240770.50417945857,2466.0,84249.0,12008.0414,20455.759094774836,1.703505044109428,0,100,900,1790615584.0292444,2584.2555,3086.792,performance,,32861568.0,31973192.0,29891560.0,0.0,0.0,17.86,17.27,15.88,,,
13,43,thread_local,ThreadLocal,750,mixed,1,286821.7376478925,1942.0,8572.0,2553.4786977777776,1829.183236494899,0.7163495188296605,0,100,900,1790615598.9077394,2654.371375,3024.589,performance,,32861568.0,31976628.0,29894440.0,0.0,0.0,16.39,16.99,15.81,,,
13,44,sharded_n,Sharded-N,500,write-heavy,1,287147.8770511048,1620.0,4118.0,1706.0173822222223,831.3888797875945,0.4873273206071587,0,100,900,1790615603.8881638,2360.802375,2786.419,performance,,32861568.0,31960448.0,29878332.0,0.0,0.0,15.08,16.71,15.72,,,
13,45,sharded_n,Sharded-N,250,mixed,1,298449.273492229,806.0,1694.0,823.2353155555555,343.99219675654496,0.41785403305299634,0,100,900,1790615607.9750636,2481.112375,3047.143,performance,,32861568.0,31981136.0,29898960.0,0.0,0.0,15.08,16.71,15.72,,,
13,46,global_mutex,GlobalMutex,1000,read-heavy,1,274160.0676353618,2094.0,15006.0,3544.72302,3485.28503719238,0.9832319810399122,0,100,900,1790615611.1482706,2579.6445,3142.137,performance,,32861568.0,31978284.0,29896080.0,0.0,0.0,26.04,18.95,16.46,,,
13,47,disabled,Disabled,1500,write-heavy,1,263331.96758776647,2214.0,28505.0,5506.666564444445,7381.573520059924,1.3404794776791855,0,100,900,1790615617.3176384,2300.0,2300.0,performance,,32861568.0,31923044.0,29840656.0,0.0,0.0,25.08,18.87,16.44,,,
13,48,sharded_2key,Sharded-2key,2000,read-heavy,1,263667.668264749,2183.0,42540.0,7323.300962222223,11127.914552537213,1.519521676077682,0,100,900,1790615625.4033048,2387.035625,2996.285,performance,,32861568.0,31947012.0,29864428.0,0.0,0.0,35.09,21.31,17.27,,,
13,49,hdr_histogram,HdrHistogram,1000,write-heavy,1,273289.80343181174,2045.0,14801.0,3560.402682222222,3478.6005283775607,0.9770244657288021,0,100,900,1790615635.5396047,2475.808,3003.57,performance,,32861568.0,31946644.0,29863780.0,0.0,0.0,35.64,21.86,17.49,,,
13,50,sharded_2key,Sharded-2key,3000,mixed,1,242194.61046724775,2437.0,84931.0,11930.987537777777,20247.874897084268,1.6970828972012793,0,100,900,1790615641.5660882,2388.633875,3009.071,performance,,32861568.0,31938712.0,29855780.0,0.0,0.0,34.06,21.76,17.48,,,
13,51,hdr_histogram,HdrHistogram,100,write-heavy,1,279051.5447270327,337.0,768.0,352.34245555555555,150.23764262463135,0.4263966497813734,0,100,900,1790615656.3708344,2474.44475,2999.214,performance,,32861568.0,31987708.0,29904292.0,0.0,0.0,30.43,21.56,17.48,,,
13,52,sharded_n,Sharded-N,500,read-heavy,1,288625.27891255723,1588.0,4427.0,1698.4557933333333,874.1431798826337,0.5146693739770931,0,100,900,1790615659.052989,2391.02175,3028.174,performance,,32861568.0,31990508.0,29907056.0,0.0,0.0,28.0,21.21,17.39,,,
13,53,sharded_n,Sharded-N,750,read-heavy,1,281278.9568482106,1945.0,9075.0,2598.4291496296296,1932.7551603711113,0.7438167635421574,0,100,900,1790615663.315993,2300.0,2300.0,performance,,32861568.0,31963956.0,29880632.0,0.0,0.0,25.75,20.85,17.3,,,
13,54,hdr_histogram,HdrHistogram,2000,read-heavy,1,277380.3075067769,2068.0,38927.0,6959.351537222222,10191.489955110186,1.464430974725276,0,100,900,1790615668.5064697,2817.361,3021.929,performance,,32861568.0,31968744.0,29885256.0,0.0,0.0,23.69,20.51,17.2,,,
13,55,thread_local,ThreadLocal,250,write-heavy,1,308034.3945783581,780.0,1639.0,796.4145022222223,333.89558270373175,0.4192484965706531,0,100,900,1790615678.3319044,2300.0,2300.0,performance,,32861568.0,31951332.0,29867504.0,0.0,0.0,22.33,20.34,17.18,,,
13,56,sharded_n,Sharded-N,250,read-heavy,1,312592.03794986266,780.0,1496.0,785.8178266666666,301.5320845246148,0.38371754151171816,0,100,900,1790615681.4840164,2477.528375,3011.786,performance,,32861568.0,31967328.0,29883516.0,0.0,0.0,22.33,20.34,17.18,,,
13,57,sharded_n,Sharded-N,3000,write-heavy,1,235483.4738176891,2513.0,84715.0,12259.235182222223,20457.82657569632,1.6687685872413407,0,100,900,1790615684.7948833,2300.0,2300.0,performance,,32861568.0,31989432.0,29905644.0,0.0,0.0,20.54,20.0,17.09,,,
13,58,disabled,Disabled,250,write-heavy,1,292889.9702253524,814.0,1888.0,838.4926,373.795239388034,0.4457943211282175,0,100,900,1790615699.9313726,2369.33425,2854.674,performance,,32861568.0,31973868.0,29889488.0,0.0,0.0,21.16,20.19,17.2,,,
13,59,global_mutex,GlobalMutex,2000,write-heavy,1,251579.5147287772,2334.0,45197.0,7673.009679444444,11528.442228013013,1.5024667906906273,0,100,900,1790615703.1154683,2701.76875,3007.436,performance,,32861568.0,31982668.0,29898348.0,0.0,0.0,21.16,20.19,17.2,,,
13,60,global_mutex,GlobalMutex,500,mixed,1,303548.23849783477,1519.0,4029.0,1611.50816,792.2761849921703,0.4916364711378007,0,100,900,1790615713.4652464,2362.037,2796.296,performance,,32861568.0,31953680.0,29869056.0,0.0,0.0,19.86,19.95,17.17,,,
13,61,global_mutex,GlobalMutex,1500,read-heavy,1,274044.0082916631,2119.0,27373.0,5290.802395555555,6990.342817486715,1.3212254578547156,0,100,900,1790615717.4682763,2375.88625,2907.09,performance,,32861568.0,31958076.0,29873588.0,0.0,0.0,19.86,19.95,17.17,,,
13,62,disabled,Disabled,2000,write-heavy,1,257699.57045802366,2272.0,44979.0,7487.560907222222,11368.084307096853,1.51826268232845,0,100,900,1790615725.506749,2300.0,2300.0,performance,,32861568.0,31953636.0,29868744.0,0.0,0.0,19.42,19.85,17.17,,,
13,63,sharded_2key,Sharded-2key,100,mixed,1,283967.1530145803,331.0,749.0,345.0728111111111,141.31104944929368,0.40951081887408536,0,100,900,1790615735.6536005,2388.02675,3004.214,performance,,32861568.0,31977268.0,29892228.0,0.0,0.0,18.26,19.59,17.11,,,
13,64,disabled,Disabled,500,read-heavy,1,300509.4763536429,1516.0,4176.0,1619.5501044444445,815.0569988360033,0.5032613665976039,0,100,900,1790615738.3246489,2759.0445,3057.249,performance,,32861568.0,31971356.0,29886288.0,0.0,0.0,18.26,19.59,17.11,,,
13,65,thread_local,ThreadLocal,250,mixed,1,300597.87635055184,796.0,1686.0,816.57056,345.17346290755466,0.4227111284878488,0,100,900,1790615742.50757,2380.052375,2940.419,performance,,32861568.0,31974916.0,29889868.0,0.0,0.0,16.79,19.27,17.02,,,
13,66,sharded_2key,Sharded-2key,250,write-heavy,1,297372.22434599587,805.0,1734.0,827.4780222222222,345.53955710457296,0.41758155240983197,0,100,900,1790615745.6721463,2565.379,3044.778,performance,,32861568.0,31988032.0,29902984.0,0.0,0.0,16.25,19.11,16.98,,,
13,67,sharded_n,Sharded-N,2000,mixed,1,253488.42475442475,2287.0,46523.0,7624.555066111111,11612.92684964767,1.5230956756104617,0,100,900,1790615748.8492382,2369.182125,2853.457,performance,,32861568.0,31966440.0,29881360.0,0.0,0.0,14.95,18.8,16.89,,,
13,68,global_mutex,GlobalMutex,250,write-heavy,1,297911.82558846707,806.0,1696.0,824.3780266666666,343.98374432767895,0.4172645718355217,0,100,900,1790615759.144012,2300.0,2300.0,performance,,32861568.0,31950260.0,29864808.0,0.0,0.0,13.98,18.47,16.81,,,
13,69,sharded_n,Sharded-N,1500,mixed,1,260595.7937506653,2244.0,30028.0,5579.621958518518,7463.207986398548,1.3375830910917401,0,100,900,1790615762.3188093,2916.165,3012.194,performance,,32861568.0,31967756.0,29882300.0,0.0,0.0,13.98,18.47,16.81,,,
13,70,sharded_n,Sharded-N,250,write-heavy,1,293478.3438090972,812.0,1789.0,837.7483688888889,364.7956081865113,0.43544770928094084,0,100,900,1790615770.4522116,2733.819125,3020.069,performance,,32861568.0,31959336.0,29873624.0,0.0,0.0,15.52,18.65,16.89,,,
13,71,sharded_2key,Sharded-2key,100,read-heavy,1,288389.8661851795,327.0,703.0,340.3199,140.33587982322408,0.41236460113917545,0,100,900,1790615773.6346097,2387.24225,2997.938,performance,,32861568.0,31985532.0,29899880.0,0.0,0.0,14.27,18.34,16.79,,,
13,72,sharded_n,Sharded-N,3000,read-heavy,1,239545.345765695,2470.0,76953.0,12066.017052222222,20342.49887084213,1.6859332108349385,0,100,900,1790615776.4735026,2721.391,3186.052,performance,,32861568.0,31984496.0,29898784.0,0.0,0.0,14.27,18.34,16.79,,,
13,73,thread_local,ThreadLocal,500,read-heavy,1,297423.9774217818,1552.0,4087.0,1645.99964,812.5673201752995,0.493661906375204,0,100,900,1790615791.5497818,2300.0,2300.0,performance,,32861568.0,31994648.0,29908420.0,0.0,0.0,15.13,18.34,16.82,,,
13,74,hdr_histogram,HdrHistogram,500,write-heavy,1,279854.2108568256,1637.0,4587.0,1752.3078577777778,886.2919749283652,0.5057855393357267,0,100,900,1790615795.7420936,2562.255875,3020.908,performance,,32861568.0,31944076.0,29857880.0,0.0,0.0,14.72,18.2,16.78,,,
13,75,global_mutex,GlobalMutex,500,write-heavy,1,306689.9651990718,1510.0,3837.0,1593.9801377777778,763.3364000505029,0.4788870212113786,0,100,900,1790615799.882207,2654.716,3051.756,performance,,32861568.0,31940800.0,29854564.0,0.0,0.0,13.54,17.9,16.69,,,
13,76,sharded_2key,Sharded-2key,750,write-heavy,1,279953.97569911403,1971.0,8929.0,2620.2474903703705,1916.2585896589974,0.7313273256443937,0,100,900,1790615803.873604,2388.080875,3004.647,performance,,32861568.0,31956612.0,29870380.0,0.0,0.0,12.45,17.6,16.6,,,
13,77,sharded_2key,Sharded-2key,1500,mixed,1,270103.97322922613,2107.0,27822.0,5372.0073414814815,7067.364235395284,1.3155909488102562,0,100,900,1790615808.9201257,2392.963,3043.704,performance,,32861568.0,31957724.0,29871268.0,0.0,0.0,11.46,17.31,16.51,,,
13,78,sharded_2key,Sharded-2key,1000,mixed,1,276798.22899818275,2042.0,14886.0,3508.0483644444444,3427.3426282999894,0.9769941210154222,0,100,900,1790615816.861042,2899.195875,3083.52,performance,,32861568.0,31965496.0,29878876.0,0.0,0.0,11.74,17.27,16.5,,,
13,79,disabled,Disabled,250,mixed,1,303707.48769402906,783.0,1731.0,807.6664711111112,349.9820837580539,0.4333250125841941,0,100,900,1790615822.8367238,2941.528125,3112.283,performance,,32861568.0,31957192.0,29870456.0,0.0,0.0,11.52,17.13,16.46,,,
13,80,sharded_2key,Sharded-2key,3000,read-heavy,1,244894.00522835366,2396.0,82616.0,11775.173551851853,19936.826562947852,1.6931237977220672,0,100,900,1790615825.9987552,2300.0,2300.0,performance,,32861568.0,31955648.0,29868904.0,0.0,0.0,13.56,17.46,16.57,,,
13,81,disabled,Disabled,250,read-heavy,1,301326.6399499486,783.0,1765.0,811.3820933333334,365.66189429079844,0.45066547227901,0,100,900,1790615840.846101,2654.590125,3028.439,performance,,32861568.0,31983368.0,29896052.0,0.0,0.0,14.3,17.44,16.58,,,
13,82,disabled,Disabled,100,mixed,1,284153.7081367471,333.0,723.0,345.07405555555556,138.67617765868022,0.4018736715381777,0,100,900,1790615844.1736126,2300.0,2300.0,performance,,32861568.0,31983064.0,29895896.0,0.0,0.0,13.15,17.15,16.49,,,
13,83,disabled,Disabled,750,write-heavy,1,279368.5367157802,1960.0,9153.0,2623.8588637037037,1976.9557241267362,0.75345353039918,0,100,900,1790615846.847391,2400.1315,3101.052,performance,,32861568.0,31990980.0,29903768.0,0.0,0.0,13.15,17.15,16.49,,,
13,84,thread_local,ThreadLocal,1500,read-heavy,1,272752.06456750765,2077.0,27232.0,5304.537706666667,6869.8671116881,1.2950925210794806,0,100,900,1790615851.8904452,2388.516125,3008.129,performance,,32861568.0,31982220.0,29894864.0,0.0,0.0,13.78,17.21,16.52,,,
13,85,sharded_n,Sharded-N,100,write-heavy,1,279851.4493780196,334.0,786.0,350.4676111111111,153.21748308943683,0.4371801508381362,0,100,900,1790615859.9510522,2300.0,2300.0,performance,,32861568.0,31963928.0,29876272.0,0.0,0.0,13.36,17.02,16.46,,,
13,86,global_mutex,GlobalMutex,3000,read-heavy,1,242634.2881444111,2420.0,82119.0,11888.213269259259,20276.826409049834,1.7056243818810009,0,100,900,1790615862.6315086,2387.949125,3003.593,performance,,32861568.0,31978152.0,29890464.0,0.0,0.0,13.36,17.02,16.46,,,
13,87,sharded_2key,Sharded-2key,100,write-heavy,1,279128.677008196,338.0,763.0,351.06434444444443,142.7148920798208,0.4065206117860405,0,100,900,1790615877.575646,2300.0,2300.0,performance,,32861568.0,31974824.0,29886740.0,0.0,0.0,22.44,18.86,17.07,,,
13,88,global_mutex,GlobalMutex,1000,mixed,1,275271.08106524404,2065.0,14600.0,3538.900868888889,3390.3302822165797,0.9580178727303666,0,100,900,1790615880.2577703,2300.0,2300.0,performance,,32861568.0,31988308.0,29900196.0,0.0,0.0,20.64,18.55,16.98,,,
13,89,sharded_n,Sharded-N,3000,mixed,1,235994.35266597898,2530.0,81893.0,12236.86445074074,20392.482888592574,1.6664794294880128,0,100,900,1790615886.260081,2399.634875,3097.079,performance,,32861568.0,31962812.0,29874748.0,0.0,0.0,19.55,18.36,16.93,,,
13,90,sharded_n,Sharded-N,2000,read-heavy,1,258120.86548674747,2250.0,44528.0,7460.903139444445,11154.396091120878,1.4950463613646992,0,100,900,1790615901.3695614,2384.4675,2975.74,performance,,32861568.0,31963020.0,29874416.0,0.0,0.0,25.96,19.93,17.47,,,
13,91,hdr_histogram,HdrHistogram,250,write-heavy,1,292493.649670372,801.0,1965.0,835.1388844444444,384.90990233867655,0.4608932831510155,0,100,900,1790615911.670274,2379.730625,2937.845,performance,,32861568.0,31969812.0,29881036.0,0.0,0.0,24.03,19.72,17.43,,,
13,92,sharded_2key,Sharded-2key,2000,write-heavy,1,256371.39058048467,2266.0,41654.0,7527.529980555556,11246.69838797127,1.4940755356700988,0,100,900,1790615914.8632703,2387.351625,2998.813,performance,,32861568.0,31982784.0,29894000.0,0.0,0.0,22.1,19.39,17.34,,,
13,93,global_mutex,GlobalMutex,100,write-heavy,1,272410.3488764181,342.0,832.0,360.03403333333335,157.45419660544496,0.4373314243313987,0,100,900,1790615925.0833838,2585.089875,3096.859,performance,,32861568.0,31964820.0,29875740.0,0.0,0.0,19.59,18.95,17.21,,,
13,94,sharded_n,Sharded-N,750,mixed,1,276999.4383099775,1971.0,9378.0,2648.6490844444443,1992.1023861027268,0.7521201648804192,0,100,900,1790615927.7691245,2397.300625,3078.405,performance,,32861568.0,31983288.0,29894212.0,0.0,0.0,19.59,18.95,17.21,,,
13,95,sharded_n,Sharded-N,1000,mixed,1,278951.6196241602,2031.0,14978.0,3490.3838666666666,3445.2913004242955,0.9870809148893315,0,100,900,1790615932.8271954,2397.21775,3077.742,performance,,32861568.0,31967080.0,29877996.0,0.0,0.0,19.38,18.92,17.21,,,
13,96,global_mutex,GlobalMutex,1000,write-heavy,1,269530.2550438034,2131.0,15487.0,3610.896851111111,3561.7815817448954,0.98639804143087,0,100,900,1790615938.777985,2300.0,2300.0,performance,,32861568.0,31951908.0,29862652.0,0.0,0.0,17.58,18.55,17.11,,,
13,97,disabled,Disabled,1000,mixed,1,281028.96676566894,2013.0,14821.0,3454.9064555555556,3402.465211638524,0.9848212261050643,0,100,900,1790615944.8460605,2549.93975,3063.316,performance,,32861568.0,31978056.0,29888664.0,0.0,0.0,16.17,18.25,17.02,,,
13,98,hdr_histogram,HdrHistogram,3000,write-heavy,1,235465.22935713924,2521.0,82654.0,12247.808728148148,20618.2335612164,1.6834222364879998,0,100,900,1790615950.7782648,2390.6125,3024.9,performance,,32861568.0,31949844.0,29860336.0,0.0,0.0,16.08,18.19,17.01,,,
13,99,thread_local,ThreadLocal,100,read-heavy,1,288494.61270449305,325.0,767.0,340.3411,145.22855285926488,0.4267147072723949,0,100,900,1790615965.9277835,2300.0,2300.0,performance,,32861568.0,31984692.0,29894728.0,0.0,0.0,16.31,18.13,17.01,,,
13,100,sharded_2key,Sharded-2key,250,read-heavy,1,304637.4603142349,789.0,1707.0,806.3209511111111,333.440230241067,0.4135328863544796,0,100,900,1790615968.7699213,2300.0,2300.0,performance,,32861568.0,31972724.0,29882736.0,0.0,0.0,15.0,17.83,16.92,,,
13,101,sharded_n,Sharded-N,1500,write-heavy,1,257842.01620069557,2248.0,29732.0,5621.395887407408,7411.374141816134,1.3184223794695709,0,100,900,1790615972.0954854,2388.46375,3007.71,performance,,32861568.0,31980504.0,29890524.0,0.0,0.0,15.0,17.83,16.92,,,
13,102,thread_local,ThreadLocal,500,mixed,1,287993.27210853214,1591.0,4428.0,1704.3641422222222,855.037963035201,0.5016756348325694,0,100,900,1790615980.2982888,2713.434375,3171.345,performance,,32861568.0,31932120.0,29841936.0,0.0,0.0,13.95,17.52,16.83,,,
13,103,sharded_2key,Sharded-2key,2000,mixed,1,259388.28009992008,2238.0,42518.0,7437.440067777778,11309.243256257012,1.5205827748788954,0,100,900,1790615984.3755894,2406.743,3153.944,performance,,32861568.0,31968916.0,29878772.0,0.0,0.0,12.83,17.23,16.74,,,
13,104,hdr_histogram,HdrHistogram,100,read-heavy,1,279153.2485454348,335.0,783.0,351.7199,153.84088247913212,0.4373960144965699,0,100,900,1790615994.4847803,2758.30025,3279.97,performance,,32861568.0,31957680.0,29867200.0,0.0,0.0,12.26,16.97,16.66,,,
13,105,sharded_2key,Sharded-2key,3000,write-heavy,1,236261.63043651514,2515.0,69427.0,12201.3694,20572.93778726384,1.6861171162692477,0,100,900,1790615997.335461,2388.642125,3009.137,performance,,32861568.0,31979292.0,29888772.0,0.0,0.0,12.26,16.97,16.66,,,
13,106,global_mutex,GlobalMutex,1500,mixed,1,267116.4184818342,2150.0,27834.0,5439.50802,7186.333479757652,1.3211366640760374,0,100,900,1790616012.4502897,2576.50775,3070.845,performance,,32861568.0,31972544.0,29881620.0,0.0,0.0,14.68,17.26,16.75,,,
13,107,global_mutex,GlobalMutex,750,mixed,1,287139.1081325133,1910.0,8546.0,2549.6141125925924,1873.668449518922,0.7348831496754109,0,100,900,1790616020.45001,2300.0,2300.0,performance,,32861568.0,31964116.0,29873092.0,0.0,0.0,15.99,17.46,16.83,,,
13,108,global_mutex,GlobalMutex,750,read-heavy,1,289251.28420949547,1867.0,9110.0,2536.7494266666667,1943.9822222158346,0.7663280424075078,0,100,900,1790616025.4239712,2563.5945,3049.573,performance,,32861568.0,31963660.0,29872616.0,0.0,0.0,16.56,17.55,16.86,,,
13,109,global_mutex,GlobalMutex,250,mixed,1,302609.68819791713,797.0,1626.0,812.0524177777778,335.89276149609975,0.4136343346101809,0,100,900,1790616030.5487442,2950.110625,3119.042,performance,,32861568.0,31955300.0,29864156.0,0.0,0.0,16.43,17.51,16.85,,,
13,110,hdr_histogram,HdrHistogram,1500,read-heavy,1,269600.14744803513,2129.0,28721.0,5387.676310370371,7266.9899978416925,1.3488171113498335,0,100,900,1790616033.71075,2300.0,2300.0,performance,,32861568.0,31990788.0,29899648.0,0.0,0.0,15.11,17.22,16.76,,,
13,111,thread_local,ThreadLocal,750,read-heavy,1,287387.40176500415,1875.0,8932.0,2553.4894622222223,1928.0509436943335,0.7550651656170967,0,100,900,1790616041.832784,2300.0,2300.0,performance,,32861568.0,31941804.0,29850360.0,0.0,0.0,15.43,17.25,16.77,,,
13,112,thread_local,ThreadLocal,1500,mixed,1,267780.7441607362,2159.0,29202.0,5424.1779237037035,7111.427588906944,1.3110608997226925,0,100,900,1790616046.971628,2300.0,2300.0,performance,,32861568.0,31934608.0,29843064.0,0.0,0.0,15.39,17.21,16.76,,,
13,113,hdr_histogram,HdrHistogram,1000,mixed,1,275197.0491596451,2060.0,15353.0,3537.8103455555556,3563.924261694514,1.007381378193934,0,100,900,1790616054.949804,2300.0,2300.0,performance,,32861568.0,31948648.0,29856912.0,0.0,0.0,14.13,16.89,16.66,,,
13,114,hdr_histogram,HdrHistogram,250,read-heavy,1,300025.78861665196,794.0,1853.0,817.3875022222222,362.7923613599464,0.44384378324066237,0,100,900,1790616060.9560385,2747.59175,3075.466,performance,,32861568.0,31930208.0,29838356.0,0.0,0.0,14.6,16.94,16.68,,,
13,115,sharded_2key,Sharded-2key,1500,write-heavy,1,264666.225388473,2193.0,28614.0,5491.909477037037,7205.848334044141,1.312084324072253,0,100,900,1790616064.2951307,2402.240625,3117.925,performance,,32861568.0,31959176.0,29867356.0,0.0,0.0,13.43,16.66,16.59,,,
13,116,disabled,Disabled,1500,read-heavy,1,272419.5648125824,2069.0,26421.0,5330.576771111111,6886.99304181959,1.2919789616657293,0,100,900,1790616072.3617978,2300.0,2300.0,performance,,32861568.0,31945300.0,29853188.0,0.0,0.0,13.72,16.67,16.59,,,
13,117,sharded_2key,Sharded-2key,250,mixed,1,293766.3616275976,809.0,1938.0,835.1142444444445,374.0833645338076,0.44794274199294093,0,100,900,1790616080.4149292,2387.198375,2997.587,performance,,32861568.0,31929752.0,29837380.0,0.0,0.0,14.78,16.82,16.64,,,
13,118,hdr_histogram,HdrHistogram,750,read-heavy,1,297559.2703494557,1879.0,8465.0,2460.2782162962963,1786.6426688106865,0.7261953778139364,0,100,900,1790616083.5992634,2397.771375,3082.171,performance,,32861568.0,31965656.0,29873380.0,0.0,0.0,13.6,16.54,16.55,,,
13,119,thread_local,ThreadLocal,1000,read-heavy,1,289157.8934124313,1937.0,14223.0,3366.62768,3312.0700271270584,0.9837945689102926,0,100,900,1790616088.6636472,2665.429375,3110.927,performance,,32861568.0,31951236.0,29858796.0,0.0,0.0,12.51,16.27,16.46,,,
13,120,hdr_histogram,HdrHistogram,2000,write-heavy,1,251938.39903081348,2330.0,44506.0,7654.995015555555,11565.23710816098,1.510809227786498,0,100,900,1790616094.660888,2300.0,2300.0,performance,,32861568.0,31956576.0,29863996.0,0.0,0.0,11.51,16.0,16.38,,,
13,121,disabled,Disabled,1500,mixed,1,269688.9846304939,2150.0,29170.0,5378.158402962963,7295.875837902338,1.3565751120091325,0,100,900,1790616104.9949548,2300.0,2300.0,performance,,32861568.0,31964448.0,29871596.0,0.0,0.0,10.62,15.66,16.26,,,
13,122,sharded_2key,Sharded-2key,1000,read-heavy,1,282319.7122127713,2035.0,14261.0,3447.4461244444446,3389.05339757326,0.9830620335276177,0,100,900,1790616112.9399774,2300.0,2300.0,performance,,32861568.0,31970764.0,29877696.0,0.0,0.0,10.89,15.64,16.25,,,
13,123,disabled,Disabled,1000,read-heavy,1,284274.9414016325,1977.0,14412.0,3409.352122222222,3424.088897584548,1.004322456242132,0,100,900,1790616119.012356,2391.925,3035.4,performance,,32861568.0,31978072.0,29884992.0,0.0,0.0,9.29,15.14,16.08,,,
13,124,global_mutex,GlobalMutex,3000,mixed,1,238418.30873772647,2489.0,69629.0,12123.040523333333,20189.869422960965,1.6654130112079828,0,100,900,1790616125.0667667,2723.101,3006.58,performance,,32861568.0,31941572.0,29848248.0,0.0,0.0,8.55,14.89,16.0,,,
13,125,sharded_n,Sharded-N,1000,write-heavy,1,269523.8399403592,2167.0,15164.0,3613.8853233333334,3505.3921308492227,0.9699787949043054,0,100,900,1790616140.0406013,2636.253375,3040.669,performance,,32861568.0,31977792.0,29884132.0,0.0,0.0,8.97,14.69,15.91,,,
13,126,thread_local,ThreadLocal,1500,write-heavy,1,261913.6000475458,2207.0,29643.0,5535.108939259259,7400.649340328618,1.3370377026976845,0,100,900,1790616146.120001,2300.0,2300.0,performance,,32861568.0,31959544.0,29865888.0,0.0,0.0,10.49,14.91,15.98,,,
13,127,hdr_histogram,HdrHistogram,500,read-heavy,1,297150.7659189757,1535.0,4262.0,1649.2224822222222,824.0680477442965,0.4996706366953701,0,100,900,1790616154.229802,2300.0,2300.0,performance,,32861568.0,31961136.0,29867152.0,0.0,0.0,10.2,14.71,15.91,,,
13,128,thread_local,ThreadLocal,1000,write-heavy,1,273924.27224157733,2079.0,15292.0,3555.335523333333,3595.2852155486135,1.011236546298681,0,100,900,1790616158.4339182,2465.40125,2988.642,performance,,32861568.0,31961932.0,29868008.0,0.0,0.0,9.39,14.47,15.82,,,
13,129,sharded_2key,Sharded-2key,1000,write-heavy,1,272235.45858245395,2116.0,15087.0,3568.6371744444446,3500.3698950469466,0.9808702100941025,0,100,900,1790616164.4553154,2399.156875,3093.255,performance,,32861568.0,31929720.0,29835640.0,0.0,0.0,8.63,14.23,15.73,,,
13,130,thread_local,ThreadLocal,3000,write-heavy,1,237641.4713873136,2493.0,85506.0,12138.163125555555,20558.989356760347,1.693747986750621,0,100,900,1790616170.4943645,2397.359375,3078.875,performance,,32861568.0,31936104.0,29841840.0,0.0,0.0,9.14,14.24,15.73,,,
13,131,thread_local,ThreadLocal,750,write-heavy,1,285277.9532960364,1903.0,8871.0,2567.7484518518518,1923.6261713941817,0.7491489947182595,0,100,900,1790616185.510696,2382.913125,2963.305,performance,,32861568.0,31976872.0,29882204.0,0.0,0.0,10.43,14.28,15.72,,,
13,132,hdr_histogram,HdrHistogram,3000,mixed,1,240480.78770245137,2453.0,80514.0,11999.300578148148,20117.048522788627,1.6765184263675885,0,100,900,1790616190.4992616,2379.001,2932.008,performance,,32861568.0,31958736.0,29864080.0,0.0,0.0,10.96,14.33,15.72,,,
13,133,global_mutex,GlobalMutex,100,mixed,1,282061.3768752776,334.0,785.0,347.86674444444446,145.92602362043593,0.4194882838067346,0,100,900,1790616205.37849,2387.65025,3001.202,performance,,32861568.0,31972976.0,29877828.0,0.0,0.0,12.12,14.46,15.75,,,
13,134,global_mutex,GlobalMutex,2000,mixed,1,255861.70538819057,2290.0,40634.0,7538.978811111111,11187.540145549403,1.4839596218337903,0,100,900,1790616208.053374,2818.28775,3034.422,performance,,32861568.0,31989436.0,29894248.0,0.0,0.0,12.12,14.46,15.75,,,
13,135,hdr_histogram,HdrHistogram,1500,write-heavy,1,262201.3834256574,2197.0,28450.0,5537.883597777778,7256.663016182103,1.3103675597468374,0,100,900,1790616218.2409928,2916.97725,3072.724,performance,,32861568.0,31961908.0,29866540.0,0.0,0.0,12.52,14.48,15.74,,,
13,136,thread_local,ThreadLocal,2000,read-heavy,1,266310.19862979185,2159.0,44006.0,7261.653891111111,10915.979778977959,1.503236031717245,0,100,900,1790616226.3603332,2754.7865,3103.215,performance,,32861568.0,31954236.0,29858788.0,0.0,0.0,12.04,14.3,15.67,,,
13,137,global_mutex,GlobalMutex,250,read-heavy,1,308132.8202714628,774.0,1710.0,795.5523288888888,348.95281163277747,0.43862961487416385,0,100,900,1790616236.428936,2300.0,2300.0,performance,,32861568.0,31953900.0,29858056.0,0.0,0.0,20.85,16.12,16.25,,,
13,138,hdr_histogram,HdrHistogram,100,mixed,1,281944.47594129725,333.0,787.0,347.21667777777776,144.87447111125968,0.41724513937081337,0,100,900,1790616239.7481937,2390.62175,3024.974,performance,,32861568.0,31967236.0,29871476.0,0.0,0.0,19.18,15.85,16.16,,,
13,139,global_mutex,GlobalMutex,1500,write-heavy,1,259522.311529903,2248.0,29601.0,5586.594922962963,7459.048943349315,1.3351691050106167,0,100,900,1790616242.427336,2387.7095,3001.676,performance,,32861568.0,31994092.0,29898300.0,0.0,0.0,19.18,15.85,16.16,,,
13,140,disabled,Disabled,750,read-heavy,1,294092.2561970251,1882.0,8310.0,2491.5096222222223,1790.6067301990552,0.7186834496757756,0,100,900,1790616250.588438,2481.675,3092.016,performance,,32861568.0,31958900.0,29862876.0,0.0,0.0,18.86,15.89,16.17,,,
13,141,global_mutex,GlobalMutex,500,read-heavy,1,288922.8335836729,1585.0,4207.0,1697.937471111111,838.3205375536072,0.493728745502636,0,100,900,1790616255.6693592,2390.238,3021.904,performance,,32861568.0,31952120.0,29856108.0,0.0,0.0,18.79,15.92,16.18,,,
13,142,disabled,Disabled,3000,mixed,1,243759.6717371343,2422.0,85153.0,11829.780289259259,20149.090456079597,1.7032514521316833,0,100,900,1790616259.9213593,2399.723375,3097.787,performance,,32861568.0,31964300.0,29868232.0,0.0,0.0,17.28,15.66,16.09,,,
13,143,disabled,Disabled,2000,read-heavy,1,267448.5793729434,2153.0,41911.0,7213.416526666667,10936.925298008962,1.5161921202771491,0,100,900,1790616274.638064,2592.0285,3102.653,performance,,32861568.0,31982528.0,29885968.0,0.0,0.0,15.2,15.29,15.97,,,
13,144,disabled,Disabled,100,read-heavy,1,291580.1687346574,323.0,716.0,336.48345555555557,135.27193902419103,0.4020166126766871,0,100,900,1790616284.7203102,2361.530875,2792.247,performance,,32861568.0,31978264.0,29881412.0,0.0,0.0,13.97,15.04,15.87,,,
14,1,disabled,Disabled,500,read-heavy,1,306488.651419605,1505.0,4048.0,1601.8734622222223,785.587813558027,0.49041814605518774,0,100,900,1790616287.5609224,2300.0,2300.0,performance,,32861568.0,31984048.0,29887148.0,0.0,0.0,13.97,15.04,15.87,,,
14,2,thread_local,ThreadLocal,250,mixed,1,304061.2294881764,793.0,1651.0,808.9870844444445,333.74216448762877,0.4125432542805297,0,100,900,1790616291.7118073,2300.0,2300.0,performance,,32861568.0,31975536.0,29878720.0,0.0,0.0,14.37,15.1,15.89,,,
14,3,disabled,Disabled,500,write-heavy,1,292769.94738818647,1555.0,4457.0,1674.583488888889,866.0109482940096,0.517150057933881,0,100,900,1790616294.8729718,2300.0,2300.0,performance,,32861568.0,31967736.0,29870916.0,0.0,0.0,13.22,14.85,15.81,,,
14,4,thread_local,ThreadLocal,750,read-heavy,1,295668.6674292355,1868.0,8706.0,2476.619251851852,1820.788093178562,0.7351909631717096,0,100,900,1790616298.925705,2300.0,2300.0,performance,,32861568.0,31957904.0,29861048.0,0.0,0.0,12.16,14.6,15.72,,,
14,5,sharded_2key,Sharded-2key,1000,write-heavy,1,274353.9328248517,2041.0,14865.0,3543.8853355555557,3461.0946287950733,0.9766384352422893,0,100,900,1790616303.9961336,2663.5595,3094.969,performance,,32861568.0,31956348.0,29859376.0,0.0,0.0,11.19,14.36,15.64,,,
14,6,sharded_n,Sharded-N,2000,read-heavy,1,261434.59353646328,2208.0,44643.0,7383.881776666667,11138.210995282296,1.508449259098303,0,100,900,1790616310.0121863,2388.200625,3005.605,performance,,32861568.0,31950208.0,29853036.0,0.0,0.0,10.29,14.12,15.55,,,
14,7,thread_local,ThreadLocal,1000,read-heavy,1,282397.0332981738,2022.0,14596.0,3448.72364,3384.8773011237604,0.9814869657470612,0,100,900,1790616320.2089953,2482.119875,3056.188,performance,,32861568.0,31965584.0,29868068.0,0.0,0.0,10.4,14.03,15.51,,,
14,8,sharded_2key,Sharded-2key,100,mixed,1,296138.1629045373,322.0,672.0,333.3984888888889,127.96968611680765,0.3838340315917145,0,100,900,1790616326.2698634,2300.0,2300.0,performance,,32861568.0,31943032.0,29845408.0,0.0,0.0,10.93,14.08,15.52,,,
14,9,hdr_histogram,HdrHistogram,100,mixed,1,287274.3358349023,328.0,727.0,341.8759777777778,142.54752764766744,0.4169568408235004,0,100,900,1790616328.931853,2300.0,2300.0,performance,,32861568.0,31972424.0,29874764.0,0.0,0.0,10.06,13.85,15.43,,,
14,10,disabled,Disabled,1500,mixed,1,270771.25368321565,2065.0,26175.0,5361.975768148148,6786.0852790364115,1.265594171340335,0,100,900,1790616331.6036754,2934.54775,3074.182,performance,,32861568.0,31991652.0,29893968.0,0.0,0.0,10.06,13.85,15.43,,,
14,11,global_mutex,GlobalMutex,100,mixed,1,282293.6519817237,337.0,672.0,345.9758,135.34000772581274,0.39118345192297477,0,100,900,1790616339.5169384,2828.67475,3090.442,performance,,32861568.0,31948656.0,29850796.0,0.0,0.0,9.76,13.67,15.36,,,
14,12,thread_local,ThreadLocal,750,mixed,1,283022.576647626,1908.0,9311.0,2586.4057066666664,1964.9728984318626,0.7597311177310616,0,100,900,1790616342.188368,2398.47675,3087.814,performance,,32861568.0,31971824.0,29873932.0,0.0,0.0,9.76,13.67,15.36,,,
14,13,thread_local,ThreadLocal,100,mixed,1,289682.50192674267,327.0,694.0,338.6616666666667,134.14625770108202,0.39610700266563587,0,100,900,1790616347.1964178,2549.083625,3008.795,performance,,32861568.0,31967024.0,29869084.0,0.0,0.0,12.18,14.11,15.49,,,
14,14,sharded_n,Sharded-N,250,write-heavy,1,301947.2846098097,792.0,1714.0,812.6895377777778,344.2795326240848,0.4236298323286952,0,100,900,1790616349.8658714,3004.08475,3069.322,performance,,32861568.0,31980604.0,29882636.0,0.0,0.0,11.21,13.87,15.41,,,
14,15,sharded_n,Sharded-N,1500,write-heavy,1,263493.2679924419,2192.0,29308.0,5515.3538429629625,7160.61332328898,1.298305335826314,0,100,900,1790616353.0341496,2784.840125,3041.731,performance,,32861568.0,31981156.0,29883188.0,0.0,0.0,11.21,13.87,15.41,,,
14,16,disabled,Disabled,750,mixed,1,295235.0590136721,1852.0,8524.0,2474.7991392592594,1854.7755840446837,0.749465099862546,0,100,900,1790616361.11616,2982.193,3094.898,performance,,32861568.0,31958144.0,29859816.0,0.0,0.0,15.96,14.83,15.7,,,
14,17,disabled,Disabled,250,mixed,1,307119.2687060518,773.0,1721.0,799.4794311111111,349.70205933583304,0.43741220315051693,0,100,900,1790616366.0297444,2962.745625,3146.372,performance,,32861568.0,31941892.0,29843604.0,0.0,0.0,15.8,14.81,15.69,,,
14,18,global_mutex,GlobalMutex,3000,mixed,1,237873.02280195637,2475.0,77969.0,12162.837121481482,20404.85498371206,1.6776394175067821,0,100,900,1790616369.1782296,2712.025625,3042.735,performance,,32861568.0,31968444.0,29870112.0,0.0,0.0,14.54,14.57,15.61,,,
14,19,disabled,Disabled,3000,mixed,1,242321.8055614781,2437.0,78091.0,11928.643002962963,20037.81612867836,1.6798068417087473,0,100,900,1790616384.1740746,2300.0,2300.0,performance,,32861568.0,31977136.0,29878396.0,0.0,0.0,14.49,14.58,15.6,,,
14,20,global_mutex,GlobalMutex,3000,write-heavy,1,233462.10397702572,2549.0,83408.0,12358.770277037038,20796.33629254009,1.6827188972984068,0,100,900,1790616398.9641492,2742.488375,3063.832,performance,,32861568.0,31968220.0,29869056.0,0.0,0.0,18.53,15.57,15.91,,,
14,21,sharded_n,Sharded-N,1000,mixed,1,279810.6746132674,2038.0,14628.0,3472.602642222222,3436.9992033517656,0.9897473328973588,0,100,900,1790616414.2136703,2300.0,2300.0,performance,,32861568.0,31983764.0,29884240.0,0.0,0.0,16.18,15.21,15.79,,,
14,22,thread_local,ThreadLocal,3000,write-heavy,1,237164.46923722533,2504.0,83622.0,12186.303466296296,20440.26896655272,1.6773149481370169,0,100,900,1790616420.1541955,2393.721375,3049.771,performance,,32861568.0,31963264.0,29863720.0,0.0,0.0,14.88,14.96,15.71,,,
14,23,sharded_n,Sharded-N,1000,write-heavy,1,271635.5983144247,2135.0,15586.0,3585.7262122222223,3583.84169207819,0.999474438361298,0,100,900,1790616435.2151322,2412.20025,3197.602,performance,,32861568.0,31985724.0,29885740.0,0.0,0.0,13.16,14.58,15.57,,,
14,24,disabled,Disabled,500,mixed,1,294250.07440096786,1562.0,4293.0,1666.1117733333333,841.6063676133543,0.5051319971946306,0,100,900,1790616441.2598932,2393.3595,3046.876,performance,,32861568.0,31951636.0,29851636.0,0.0,0.0,12.91,14.51,15.54,,,
14,25,sharded_n,Sharded-N,2000,write-heavy,1,255931.69734900244,2282.0,45360.0,7547.358913888889,11207.74036788117,1.484988390741075,0,100,900,1790616445.3037238,2300.0,2300.0,performance,,32861568.0,31979988.0,29879920.0,0.0,0.0,11.88,14.27,15.46,,,
14,26,hdr_histogram,HdrHistogram,250,read-heavy,1,303935.70026020095,780.0,1793.0,804.3035333333333,357.7812457330218,0.4448336118209541,0,100,900,1790616455.5062377,2939.9755,3106.399,performance,,32861568.0,31955864.0,29855512.0,0.0,0.0,15.29,14.95,15.67,,,
14,27,hdr_histogram,HdrHistogram,3000,write-heavy,1,234724.23810485515,2541.0,82902.0,12285.001553333334,20689.13688318741,1.6840972134491714,0,100,900,1790616458.8366222,2837.32675,3052.228,performance,,32861568.0,31957308.0,29856936.0,0.0,0.0,14.06,14.71,15.59,,,
14,28,sharded_n,Sharded-N,750,read-heavy,1,280027.9022290918,1923.0,9176.0,2608.959386666667,1975.4488429754474,0.7571788403725889,0,100,900,1790616474.0281653,2399.59125,3096.73,performance,,32861568.0,31958776.0,29857900.0,0.0,0.0,14.12,14.7,15.57,,,
14,29,disabled,Disabled,2000,mixed,1,264122.1537492386,2209.0,41557.0,7320.187021111111,10942.861511911644,1.494888242657311,0,100,900,1790616479.233589,2393.459625,3047.677,performance,,32861568.0,31972120.0,29871216.0,0.0,0.0,12.99,14.46,15.49,,,
14,30,thread_local,ThreadLocal,1500,write-heavy,1,264037.9639980727,2193.0,28346.0,5501.254470370371,7164.309075064029,1.3023046131842895,0,100,900,1790616489.1980858,2300.0,2300.0,performance,,32861568.0,31953828.0,29852704.0,0.0,0.0,11.8,14.16,15.38,,,
14,31,global_mutex,GlobalMutex,1500,read-heavy,1,270266.0348038161,2124.0,27160.0,5368.457239259259,7061.571915941151,1.315381980562354,0,100,900,1790616497.2557254,2300.0,2300.0,performance,,32861568.0,31950164.0,29848764.0,0.0,0.0,13.02,14.37,15.44,,,
14,32,global_mutex,GlobalMutex,3000,read-heavy,1,243192.22357420306,2425.0,82201.0,11871.262647407408,20032.562754829065,1.6874837453962004,0,100,900,1790616505.3557646,2681.711875,3152.166,performance,,32861568.0,31948308.0,29846836.0,0.0,0.0,11.83,14.08,15.33,,,
14,33,hdr_histogram,HdrHistogram,2000,write-heavy,1,254676.65269970286,2299.0,46224.0,7569.254593888889,11433.628621017304,1.5105356120863414,0,100,900,1790616520.2456496,2300.0,2300.0,performance,,32861568.0,31988524.0,29886596.0,0.0,0.0,11.95,14.01,15.29,,,
14,34,sharded_2key,Sharded-2key,2000,mixed,1,261186.968289636,2236.0,41431.0,7387.910693888889,11187.50382237729,1.5142987355858724,0,100,900,1790616530.4892159,2392.966375,3043.731,performance,,32861568.0,31964672.0,29862540.0,0.0,0.0,12.03,13.97,15.27,,,
14,35,thread_local,ThreadLocal,500,read-heavy,1,298661.25768209517,1521.0,4293.0,1640.1968466666667,850.1362263984317,0.518313535430911,0,100,900,1790616540.518095,2391.112625,3028.901,performance,,32861568.0,31959048.0,29856604.0,0.0,0.0,12.1,13.93,15.24,,,
14,36,thread_local,ThreadLocal,750,write-heavy,1,278112.9788819401,1948.0,8946.0,2631.795991111111,1964.196137973122,0.7463329774067567,0,100,900,1790616544.7077727,2300.0,2300.0,performance,,32861568.0,31961960.0,29859640.0,0.0,0.0,11.13,13.7,15.16,,,
14,37,hdr_histogram,HdrHistogram,1500,mixed,1,271030.7032032731,2115.0,26937.0,5356.461782222223,6921.6023445942155,1.2921967197762152,0,100,900,1790616549.7591538,2400.2145,3101.716,performance,,32861568.0,31931668.0,29829212.0,0.0,0.0,10.24,13.48,15.08,,,
14,38,hdr_histogram,HdrHistogram,1500,read-heavy,1,271420.7012851952,2128.0,29619.0,5348.403165925926,7195.73141907944,1.3453980928219162,0,100,900,1790616557.6825678,2396.0425,3068.34,performance,,32861568.0,31953252.0,29850548.0,0.0,0.0,10.3,13.43,15.06,,,
14,39,hdr_histogram,HdrHistogram,1000,write-heavy,1,270527.00958240964,2131.0,15024.0,3596.3691455555554,3577.301161723519,0.9946979903729847,0,100,900,1790616565.7667313,2300.0,2300.0,performance,,32861568.0,31972316.0,29869432.0,0.0,0.0,13.69,14.04,15.23,,,
14,40,hdr_histogram,HdrHistogram,1500,write-heavy,1,270744.46062850096,2124.0,26646.0,5363.3047214814815,6996.498924521537,1.304512662966673,0,100,900,1790616571.8202782,2387.865125,3002.921,performance,,32861568.0,31940112.0,29837152.0,0.0,0.0,13.48,13.98,15.21,,,
14,41,thread_local,ThreadLocal,1000,write-heavy,1,274671.2782590757,2076.0,14638.0,3549.0114222222223,3481.121793031296,0.9808708338423952,0,100,900,1790616579.7561176,2654.1135,3080.46,performance,,32861568.0,31969992.0,29866744.0,0.0,0.0,12.73,13.82,15.14,,,
14,42,sharded_2key,Sharded-2key,500,mixed,1,291846.87635694817,1568.0,4439.0,1682.284651111111,860.6220700007016,0.511579339104283,0,100,900,1790616585.767473,2378.007,2924.056,performance,,32861568.0,31936896.0,29833588.0,0.0,0.0,12.51,13.75,15.11,,,
14,43,sharded_2key,Sharded-2key,250,mixed,1,293645.69317529234,816.0,1837.0,837.0554666666667,357.927128484156,0.42760264132734016,0,100,900,1790616589.827816,2300.0,2300.0,performance,,32861568.0,31967432.0,29864084.0,0.0,0.0,11.51,13.53,15.03,,,
14,44,hdr_histogram,HdrHistogram,3000,read-heavy,1,243025.7701877726,2425.0,80984.0,11903.03436,20145.495631469264,1.6924672333273232,0,100,900,1790616593.0132616,2389.436,3015.488,performance,,32861568.0,31972904.0,29869540.0,0.0,0.0,11.51,13.53,15.03,,,
14,45,sharded_n,Sharded-N,3000,write-heavy,1,239929.07259410032,2474.0,81353.0,12024.835336666667,20288.334049781497,1.6872026503279758,0,100,900,1790616607.9391036,2468.599875,3126.396,performance,,32861568.0,31991560.0,29887664.0,0.0,0.0,10.82,13.26,14.92,,,
14,46,sharded_2key,Sharded-2key,2000,write-heavy,1,257114.464029325,2270.0,41965.0,7509.350680555555,11235.779340247842,1.4962384656427576,0,100,900,1790616622.875662,2381.497375,2951.979,performance,,32861568.0,31988808.0,29884580.0,0.0,0.0,10.7,13.12,14.85,,,
14,47,sharded_2key,Sharded-2key,3000,write-heavy,1,238816.75717873656,2487.0,85010.0,12109.120697407407,20393.115601717418,1.6841120103859923,0,100,900,1790616633.0430546,2300.0,2300.0,performance,,32861568.0,31966116.0,29861632.0,0.0,0.0,14.78,13.89,15.08,,,
14,48,disabled,Disabled,100,mixed,1,285868.316100593,329.0,725.0,342.5446777777778,139.59649221680556,0.40752783876959636,0,100,900,1790616648.011978,2300.0,2300.0,performance,,32861568.0,31987348.0,29882512.0,0.0,0.0,14.29,13.83,15.04,,,
14,49,sharded_2key,Sharded-2key,100,write-heavy,1,280188.5651609578,335.0,819.0,350.5135666666667,152.41888542039877,0.43484446798987075,0,100,900,1790616650.6812606,2492.97025,3095.29,performance,,32861568.0,31989916.0,29885040.0,0.0,0.0,13.22,13.62,14.96,,,
14,50,hdr_histogram,HdrHistogram,750,mixed,1,296680.16829982924,1870.0,8238.0,2465.73224,1775.1443157236215,0.7199258244372965,0,100,900,1790616653.3572314,2354.266125,2734.129,performance,,32861568.0,31986412.0,29881540.0,0.0,0.0,13.22,13.62,14.96,,,
14,51,hdr_histogram,HdrHistogram,500,mixed,1,290395.292441408,1558.0,4517.0,1689.383388888889,880.084951546482,0.5209503996161083,0,100,900,1790616658.2437341,2300.0,2300.0,performance,,32861568.0,31938460.0,29833524.0,0.0,0.0,12.17,13.39,14.88,,,
14,52,global_mutex,GlobalMutex,500,write-heavy,1,286133.3755500026,1611.0,4345.0,1718.2417444444445,850.8907280515749,0.495210136060739,0,100,900,1790616662.3154695,2653.5995,3047.834,performance,,32861568.0,31929976.0,29825040.0,0.0,0.0,11.19,13.17,14.8,,,
14,53,disabled,Disabled,750,read-heavy,1,309948.0658459622,1746.0,8215.0,2354.0963614814814,1775.7869784340735,0.7543391203053957,0,100,900,1790616666.415408,2401.864375,3114.915,performance,,32861568.0,31942576.0,29837588.0,0.0,0.0,12.46,13.4,14.87,,,
14,54,hdr_histogram,HdrHistogram,500,read-heavy,1,308171.2538639205,1500.0,4004.0,1591.0269044444444,776.7089681986422,0.48818091386698065,0,100,900,1790616671.3702383,2398.760625,3090.085,performance,,32861568.0,31927520.0,29822316.0,0.0,0.0,12.5,13.39,14.86,,,
14,55,sharded_2key,Sharded-2key,750,read-heavy,1,292548.5120617966,1859.0,8965.0,2496.348442962963,1907.2487781931304,0.7640154496739169,0,100,900,1790616675.5146825,2300.0,2300.0,performance,,32861568.0,31938812.0,29833556.0,0.0,0.0,11.58,13.18,14.78,,,
14,56,disabled,Disabled,250,write-heavy,1,298336.5098304386,798.0,1737.0,820.7805066666666,357.5666591592461,0.4356422408365751,0,100,900,1790616680.6080828,2300.0,2300.0,performance,,32861568.0,31975864.0,29870560.0,0.0,0.0,12.17,13.28,14.81,,,
14,57,hdr_histogram,HdrHistogram,1000,read-heavy,1,289103.2870656662,1957.0,13857.0,3368.0339788888887,3218.3642799313634,0.9555617016052489,0,100,900,1790616683.7816021,2393.67125,3049.37,performance,,32861568.0,31983368.0,29878044.0,0.0,0.0,11.2,13.06,14.73,,,
14,58,disabled,Disabled,3000,write-heavy,1,242930.79312014114,2441.0,83934.0,11867.254042962963,20059.81812340799,1.6903504425527192,0,100,900,1790616689.7880077,2609.731125,3179.587,performance,,32861568.0,31920108.0,29814552.0,0.0,0.0,10.3,12.84,14.65,,,
14,59,disabled,Disabled,2000,read-heavy,1,269233.6610073913,2121.0,43891.0,7160.963646111111,10778.056454898233,1.5051125780748025,0,100,900,1790616704.5465767,2648.194125,3032.471,performance,,32861568.0,31974616.0,29868624.0,0.0,0.0,11.88,13.1,14.71,,,
14,60,disabled,Disabled,100,write-heavy,1,296147.13076453883,319.0,643.0,331.34364444444446,128.49593875860063,0.3878026360639768,0,100,900,1790616714.5403867,3019.191,3196.109,performance,,32861568.0,31969464.0,29863288.0,0.0,0.0,11.08,12.9,14.62,,,
14,61,sharded_2key,Sharded-2key,1500,write-heavy,1,267433.81926457793,2148.0,26508.0,5422.134158518518,6939.035647611736,1.2797609658385285,0,100,900,1790616717.201979,2300.0,2300.0,performance,,32861568.0,31987620.0,29881432.0,0.0,0.0,11.08,12.9,14.62,,,
14,62,sharded_n,Sharded-N,1500,mixed,1,270335.67250645603,2101.0,27393.0,5361.658402222222,6946.381528747835,1.295565850645912,0,100,900,1790616725.2092571,2382.050125,2956.401,performance,,32861568.0,31940776.0,29834416.0,0.0,0.0,10.56,12.74,14.55,,,
14,63,thread_local,ThreadLocal,2000,read-heavy,1,266190.82524882926,2164.0,43894.0,7231.498517777778,10949.546008905874,1.5141462010934137,0,100,900,1790616733.1407278,2765.673375,3082.355,performance,,32861568.0,31947104.0,29840576.0,0.0,0.0,10.75,12.74,14.54,,,
14,64,sharded_2key,Sharded-2key,750,mixed,1,284687.5014650862,1921.0,8868.0,2577.2213437037035,1902.0572341228753,0.7380263394022046,0,100,900,1790616743.2085996,2401.067,3108.536,performance,,32861568.0,31961428.0,29854528.0,0.0,0.0,10.85,12.69,14.51,,,
14,65,global_mutex,GlobalMutex,1000,write-heavy,1,271890.7933686617,2095.0,15040.0,3579.3732155555554,3478.1172192188615,0.971711249361579,0,100,900,1790616748.197392,2380.4965,2943.972,performance,,32861568.0,31940024.0,29833164.0,0.0,0.0,10.95,12.67,14.49,,,
14,66,sharded_2key,Sharded-2key,500,write-heavy,1,296579.5517859272,1541.0,4215.0,1655.4916222222223,816.12624623408,0.4929811998314834,0,100,900,1790616754.2417104,2300.0,2300.0,performance,,32861568.0,31970352.0,29863324.0,0.0,0.0,23.55,15.42,15.37,,,
14,67,sharded_n,Sharded-N,100,write-heavy,1,281620.51314805914,336.0,722.0,348.3066333333333,140.78597434602855,0.404201243595883,0,100,900,1790616758.282103,2578.6065,3063.811,performance,,32861568.0,31957160.0,29850176.0,0.0,0.0,23.55,15.42,15.37,,,
14,68,thread_local,ThreadLocal,500,mixed,1,293090.2078415015,1555.0,4308.0,1671.01254,852.228036784752,0.5100069666651048,0,100,900,1790616760.957775,2300.0,2300.0,performance,,32861568.0,31978912.0,29871892.0,0.0,0.0,21.67,15.17,15.29,,,
14,69,thread_local,ThreadLocal,1000,mixed,1,277921.89726562594,2065.0,14903.0,3495.3224944444446,3431.6458900951334,0.9817823378384911,0,100,900,1790616765.0047596,2300.0,2300.0,performance,,32861568.0,31971532.0,29864452.0,0.0,0.0,19.93,14.92,15.21,,,
14,70,thread_local,ThreadLocal,250,write-heavy,1,293587.0374198601,801.0,1962.0,836.4908666666666,390.68103209594864,0.4670475765656282,0,100,900,1790616770.9692245,2732.310875,3095.182,performance,,32861568.0,31956916.0,29849632.0,0.0,0.0,19.46,14.9,15.2,,,
14,71,sharded_2key,Sharded-2key,100,read-heavy,1,285105.65031786286,332.0,718.0,343.8228888888889,135.59618722822637,0.39437801150011903,0,100,900,1790616774.153237,2934.38775,3107.533,performance,,32861568.0,31979288.0,29872020.0,0.0,0.0,17.9,14.65,15.12,,,
14,72,sharded_2key,Sharded-2key,1500,mixed,1,272957.5511871857,2071.0,26366.0,5291.658174074074,6933.4485718479245,1.3102601006651622,0,100,900,1790616776.9956048,2300.0,2300.0,performance,,32861568.0,31981788.0,29874492.0,0.0,0.0,17.9,14.65,15.12,,,
14,73,global_mutex,GlobalMutex,500,mixed,1,301450.37360865006,1526.0,4208.0,1621.0401155555555,792.5061116760601,0.4888874149819889,0,100,900,1790616784.878504,2389.30375,3014.43,performance,,32861568.0,31955652.0,29848044.0,0.0,0.0,15.88,14.33,15.01,,,
14,74,global_mutex,GlobalMutex,2000,mixed,1,262609.04360179853,2238.0,43691.0,7357.756127222222,11161.638333486106,1.51698943815089,0,100,900,1790616788.892431,2682.84375,3099.253,performance,,32861568.0,31953624.0,29846052.0,0.0,0.0,14.61,14.09,14.93,,,
14,75,disabled,Disabled,100,read-heavy,1,293006.25327434484,321.0,735.0,334.8448888888889,138.7779663096137,0.4144544859863882,0,100,900,1790616798.8960357,2300.0,2300.0,performance,,32861568.0,31969844.0,29861976.0,0.0,0.0,12.95,13.76,14.81,,,
14,76,sharded_n,Sharded-N,2000,mixed,1,260443.70559909137,2241.0,40534.0,7383.237382777777,11058.70553300782,1.4978125393615924,0,100,900,1790616801.7268534,2300.0,2300.0,performance,,32861568.0,31977912.0,29869996.0,0.0,0.0,12.95,13.76,14.81,,,
14,77,global_mutex,GlobalMutex,1000,mixed,1,293905.2654472105,1914.0,14128.0,3305.183237777778,3258.159638075505,0.9857727707302882,0,100,900,1790616811.797393,2387.589125,3000.713,performance,,32861568.0,31960984.0,29852732.0,0.0,0.0,13.61,13.87,14.83,,,
14,78,disabled,Disabled,2000,write-heavy,1,262839.4396629778,2224.0,42856.0,7314.589827777778,11032.08451044623,1.5082300949468075,0,100,900,1790616817.5846076,2388.05375,3004.43,performance,,32861568.0,31976048.0,29867768.0,0.0,0.0,13.32,13.8,14.81,,,
14,79,sharded_2key,Sharded-2key,1000,read-heavy,1,291040.4339409248,1952.0,14028.0,3337.494742222222,3275.515921528448,0.9814295375780857,0,100,900,1790616827.604782,2300.0,2300.0,performance,,32861568.0,31959128.0,29850520.0,0.0,0.0,15.37,14.22,14.93,,,
14,80,sharded_n,Sharded-N,250,mixed,1,303693.21029593894,791.0,1681.0,809.8201644444445,342.1696074324297,0.4225254228723312,0,100,900,1790616833.5937228,2300.0,2300.0,performance,,32861568.0,31952932.0,29844232.0,0.0,0.0,13.67,13.9,14.82,,,
14,81,global_mutex,GlobalMutex,1500,write-heavy,1,264931.60454754205,2164.0,29878.0,5481.34133037037,7329.132606977811,1.3371056763733022,0,100,900,1790616836.7551987,2790.517375,3069.2,performance,,32861568.0,31989548.0,29880860.0,0.0,0.0,13.67,13.9,14.82,,,
14,82,sharded_2key,Sharded-2key,750,write-heavy,1,288796.35340310115,1881.0,8876.0,2534.723296296296,1918.6477022422282,0.7569456220510264,0,100,900,1790616844.8001926,2384.995875,2979.967,performance,,32861568.0,31940692.0,29831776.0,0.0,0.0,13.12,13.79,14.78,,,
14,83,hdr_histogram,HdrHistogram,2000,read-heavy,1,261799.93122137652,2192.0,41665.0,7367.131100555555,11125.157000941696,1.5101071026281516,0,100,900,1790616849.7654424,2399.828375,3098.627,performance,,32861568.0,31965516.0,29856584.0,0.0,0.0,12.07,13.56,14.7,,,
14,84,thread_local,ThreadLocal,500,write-heavy,1,297422.3122015045,1555.0,4070.0,1648.4849866666666,813.6419569562211,0.49356952810437954,0,100,900,1790616859.970021,2564.164875,3008.091,performance,,32861568.0,31951972.0,29842744.0,0.0,0.0,11.68,13.44,14.65,,,
14,85,disabled,Disabled,3000,read-heavy,1,248961.78445349963,2367.0,67275.0,11571.31292962963,19785.784661658232,1.7098997133674032,0,100,900,1790616864.000883,2300.0,2300.0,performance,,32861568.0,31961160.0,29851920.0,0.0,0.0,10.75,13.22,14.57,,,
14,86,global_mutex,GlobalMutex,250,mixed,1,298650.7579947374,801.0,1722.0,821.5073466666666,355.439092571452,0.43266696763416085,0,100,900,1790616878.6202357,2755.524125,3110.395,performance,,32861568.0,31969612.0,29859888.0,0.0,0.0,12.37,13.49,14.64,,,
14,87,thread_local,ThreadLocal,3000,read-heavy,1,250325.77412469406,2336.0,80089.0,11530.719098518519,19527.88874757175,1.693553418544444,0,100,900,1790616881.7930145,2300.0,2300.0,performance,,32861568.0,31982552.0,29872836.0,0.0,0.0,12.37,13.49,14.64,,,
14,88,sharded_n,Sharded-N,750,mixed,1,280901.5991510809,1906.0,9168.0,2607.686351111111,1983.1496247191478,0.7605015932511002,0,100,900,1790616896.3608189,2487.772875,3095.248,performance,,32861568.0,31973832.0,29863720.0,0.0,0.0,13.64,13.73,14.7,,,
14,89,sharded_n,Sharded-N,100,mixed,1,281228.15911809244,334.0,778.0,347.53872222222225,144.7429461560313,0.41648005502960955,0,100,900,1790616901.3822405,2356.961625,2755.693,performance,,32861568.0,31970868.0,29860732.0,0.0,0.0,13.75,13.75,14.7,,,
14,90,sharded_2key,Sharded-2key,1000,mixed,1,277925.8306691464,2048.0,14996.0,3500.8783255555554,3465.909287936199,0.9900113530470079,0,100,900,1790616904.0590787,2351.591,2712.728,performance,,32861568.0,31985832.0,29875668.0,0.0,0.0,12.65,13.52,14.62,,,
14,91,disabled,Disabled,250,read-heavy,1,308395.3546317269,773.0,1675.0,793.0724755555556,344.31625233415207,0.4341548382358812,0,100,900,1790616910.0238857,2300.0,2300.0,performance,,32861568.0,31955316.0,29844988.0,0.0,0.0,11.64,13.29,14.54,,,
14,92,hdr_histogram,HdrHistogram,750,write-heavy,1,280456.0755926764,1950.0,8837.0,2612.164568888889,1937.0756569676155,0.7415595786109183,0,100,900,1790616913.347386,2378.557625,2928.461,performance,,32861568.0,31950128.0,29839820.0,0.0,0.0,11.64,13.29,14.54,,,
14,93,hdr_histogram,HdrHistogram,3000,mixed,1,241269.56480357167,2471.0,84472.0,11974.47092962963,20082.930496316993,1.6771455385660332,0,100,900,1790616918.3729205,2803.281125,3084.342,performance,,32861568.0,31940944.0,29830520.0,0.0,0.0,10.71,13.07,14.46,,,
14,94,global_mutex,GlobalMutex,250,read-heavy,1,319054.02732709935,755.0,1524.0,769.7175422222223,311.6838774770269,0.40493279726635334,0,100,900,1790616933.2339146,2300.0,2300.0,performance,,32861568.0,31974372.0,29863476.0,0.0,0.0,12.65,13.38,14.54,,,
14,95,disabled,Disabled,1000,mixed,1,280229.6924469784,2058.0,15019.0,3469.6093944444447,3486.174285680627,1.0047742812959597,0,100,900,1790616936.5254204,2693.690375,3103.115,performance,,32861568.0,31974408.0,29863520.0,0.0,0.0,11.72,13.18,14.47,,,
14,96,sharded_n,Sharded-N,250,read-heavy,1,302753.47300181707,784.0,1795.0,810.3049466666666,365.3811910083852,0.45091812966395634,0,100,900,1790616942.4630861,2360.112875,2780.903,performance,,32861568.0,31958564.0,29847592.0,0.0,0.0,11.9,13.19,14.46,,,
14,97,sharded_2key,Sharded-2key,500,read-heavy,1,320326.9147723383,1456.0,3650.0,1530.5534977777777,721.8352687425004,0.4716171435957897,0,100,900,1790616945.7909696,2300.0,2300.0,performance,,32861568.0,31965440.0,29854428.0,0.0,0.0,12.23,13.24,14.47,,,
14,98,global_mutex,GlobalMutex,500,read-heavy,1,297658.3276907843,1539.0,4428.0,1646.183908888889,847.6258971904349,0.5149035248209599,0,100,900,1790616949.877593,2300.0,2300.0,performance,,32861568.0,31947320.0,29836248.0,0.0,0.0,11.25,13.02,14.39,,,
14,99,thread_local,ThreadLocal,100,read-heavy,1,287089.32418442605,326.0,791.0,342.25124444444447,149.62638273435417,0.43718287416962803,0,100,900,1790616954.0743115,3054.64775,3112.099,performance,,32861568.0,31955108.0,29843984.0,0.0,0.0,10.35,12.8,14.32,,,
14,100,sharded_2key,Sharded-2key,250,read-heavy,1,301128.4435096484,790.0,1780.0,815.1865422222222,364.7084449115156,0.447392622450942,0,100,900,1790616956.9179378,2388.3815,3007.052,performance,,32861568.0,31985436.0,29874284.0,0.0,0.0,10.35,12.8,14.32,,,
14,101,hdr_histogram,HdrHistogram,500,write-heavy,1,289910.0379130561,1561.0,4620.0,1692.1377311111112,893.663129539626,0.5281267080740635,0,100,900,1790616960.2528768,2300.0,2300.0,performance,,32861568.0,31977112.0,29865928.0,0.0,0.0,9.52,12.59,14.24,,,
14,102,global_mutex,GlobalMutex,2000,write-heavy,1,255598.63901443803,2285.0,46628.0,7541.011732777778,11441.2325285473,1.517201263434827,0,100,900,1790616964.3285968,2395.997375,3067.979,performance,,32861568.0,31957664.0,29846376.0,0.0,0.0,8.76,12.38,14.16,,,
14,103,sharded_n,Sharded-N,1000,read-heavy,1,280527.29488780693,2017.0,14083.0,3482.4464166666667,3337.587540886829,0.9584031285918554,0,100,900,1790616974.5464034,2486.832625,3076.829,performance,,32861568.0,31964244.0,29852588.0,0.0,0.0,10.36,12.62,14.22,,,
14,104,disabled,Disabled,1500,write-heavy,1,275414.6988075625,2112.0,28531.0,5268.976457037037,6943.932106355216,1.3178901372924479,0,100,900,1790616980.642089,2300.0,2300.0,performance,,32861568.0,31967060.0,29855308.0,0.0,0.0,12.97,13.13,14.38,,,
14,105,hdr_histogram,HdrHistogram,750,read-heavy,1,293129.5371490862,1840.0,8555.0,2489.499616296296,1853.9394250687055,0.7447036396120709,0,100,900,1790616988.497628,2736.36925,3010.24,performance,,32861568.0,31969768.0,29857868.0,0.0,0.0,12.97,13.13,14.37,,,
14,106,disabled,Disabled,1500,read-heavy,1,276854.5620350874,2079.0,28203.0,5209.888975555556,6983.895767850169,1.3405076001845975,0,100,900,1790616993.5901895,2387.34825,2998.786,performance,,32861568.0,31945580.0,29833600.0,0.0,0.0,10.98,12.69,14.22,,,
14,107,global_mutex,GlobalMutex,2000,read-heavy,1,267142.338057944,2178.0,40860.0,7216.604445,11024.194347103174,1.527615159057422,0,100,900,1790617001.5646906,2594.625125,3112.02,performance,,32861568.0,31965640.0,29853424.0,0.0,0.0,11.14,12.7,14.21,,,
14,108,global_mutex,GlobalMutex,100,read-heavy,1,291141.1625293793,325.0,690.0,335.98367777777776,136.90105189599325,0.4074634006076351,0,100,900,1790617011.6413045,2411.859,3194.872,performance,,32861568.0,31966080.0,29853564.0,0.0,0.0,11.04,12.63,14.17,,,
14,109,sharded_n,Sharded-N,3000,mixed,1,244231.5581032247,2413.0,79217.0,11804.743153333333,20046.986906094335,1.6982145774542854,0,100,900,1790617014.4731047,2891.692875,3193.218,performance,,32861568.0,31982428.0,29869864.0,0.0,0.0,10.16,12.42,14.09,,,
14,110,global_mutex,GlobalMutex,750,read-heavy,1,295517.3339428877,1854.0,8630.0,2478.1114385185183,1849.0067497529135,0.7461354324155413,0,100,900,1790617029.1995702,2388.779625,3010.237,performance,,32861568.0,31981872.0,29868944.0,0.0,0.0,10.02,12.29,14.03,,,
14,111,hdr_histogram,HdrHistogram,100,read-heavy,1,284367.96768877184,330.0,792.0,345.5245111111111,151.6643518506171,0.4389394875718268,0,100,900,1790617034.2719233,2762.565125,3123.686,performance,,32861568.0,31943640.0,29830784.0,0.0,0.0,9.21,12.09,13.95,,,
14,112,hdr_histogram,HdrHistogram,250,write-heavy,1,293853.3925773814,808.0,1774.0,834.0161377777778,365.2558829476116,0.43794821994791355,0,100,900,1790617037.1188965,2300.0,2300.0,performance,,32861568.0,31967876.0,29855008.0,0.0,0.0,9.21,12.09,13.95,,,
14,113,sharded_n,Sharded-N,100,read-heavy,1,284884.7736052358,327.0,814.0,344.39397777777776,150.50987326631986,0.4370281798697341,0,100,900,1790617040.3063643,2400.139375,3101.115,performance,,32861568.0,31983964.0,29871084.0,0.0,0.0,8.48,11.89,13.88,,,
14,114,sharded_2key,Sharded-2key,1500,read-heavy,1,283347.9775508871,2028.0,26246.0,5114.311812592593,6811.2645872270095,1.3318047152416743,0,100,900,1790617043.1476805,2492.16025,3128.418,performance,,32861568.0,31978312.0,29865416.0,0.0,0.0,8.48,11.89,13.88,,,
14,115,sharded_2key,Sharded-2key,3000,read-heavy,1,248539.55581855064,2345.0,66295.0,11603.50352074074,19784.89163646043,1.7050791255499538,0,100,900,1790617051.0097675,2300.0,2300.0,performance,,32861568.0,31935836.0,29822512.0,0.0,0.0,8.45,11.76,13.81,,,
14,116,sharded_n,Sharded-N,1500,read-heavy,1,271974.68958572234,2102.0,27365.0,5321.119405925926,6955.30800794825,1.3071136874324585,0,100,900,1790617065.6930816,2300.0,2300.0,performance,,32861568.0,31969376.0,29855676.0,0.0,0.0,10.31,12.0,13.86,,,
14,117,thread_local,ThreadLocal,250,read-heavy,1,307194.3231144436,774.0,1728.0,797.9291822222223,352.47622819816513,0.44173873578169365,0,100,900,1790617073.76037,2369.517,2856.136,performance,,32861568.0,31955416.0,29841608.0,0.0,0.0,9.46,11.77,13.76,,,
14,118,thread_local,ThreadLocal,2000,mixed,1,262932.51878404926,2202.0,45251.0,7327.017592222222,10987.492411204474,1.4995859192242038,0,100,900,1790617077.0736053,2387.59125,3000.73,performance,,32861568.0,31966052.0,29852268.0,0.0,0.0,9.46,11.77,13.76,,,
14,119,hdr_histogram,HdrHistogram,2000,mixed,1,259889.99530480133,2238.0,44991.0,7422.174481111111,11179.806022131994,1.5062709790215494,0,100,900,1790617087.0765738,2406.951875,3155.615,performance,,32861568.0,31962788.0,29848740.0,0.0,0.0,10.53,11.93,13.79,,,
14,120,global_mutex,GlobalMutex,100,write-heavy,1,288343.4387189409,327.0,725.0,341.001,136.7147401965204,0.4009218160548515,0,100,900,1790617097.18271,2475.288,3002.808,performance,,32861568.0,31943792.0,29829404.0,0.0,0.0,11.84,12.17,13.86,,,
14,121,global_mutex,GlobalMutex,750,mixed,1,283069.61571947223,1925.0,8803.0,2587.6887703703705,1935.385804715669,0.7479206258790779,0,100,900,1790617099.8526218,2300.0,2300.0,performance,,32861568.0,31968496.0,29854072.0,0.0,0.0,10.89,11.97,13.78,,,
14,122,sharded_n,Sharded-N,750,write-heavy,1,281590.44907138305,1948.0,9190.0,2603.7502325925925,1937.5814388404565,0.7441502700937556,0,100,900,1790617104.865245,2389.366,3014.928,performance,,32861568.0,31966992.0,29852632.0,0.0,0.0,10.02,11.77,13.71,,,
14,123,thread_local,ThreadLocal,3000,mixed,1,244918.3211264142,2412.0,84036.0,11784.300847777778,20062.160476414112,1.7024480905201371,0,100,900,1790617109.8897836,2972.5995,3123.634,performance,,32861568.0,31955416.0,29840916.0,0.0,0.0,9.22,11.58,13.63,,,
14,124,sharded_n,Sharded-N,500,write-heavy,1,296063.5643103955,1552.0,4133.0,1650.8110133333332,793.5512015201366,0.4807038450257189,0,100,900,1790617124.5311944,2399.642625,3097.141,performance,,32861568.0,31971524.0,29856624.0,0.0,0.0,9.14,11.46,13.56,,,
14,125,hdr_histogram,HdrHistogram,1000,mixed,1,278066.5259203285,2011.0,14793.0,3492.669297777778,3402.593185626196,0.9742099510512223,0,100,900,1790617128.5751803,2399.984125,3099.873,performance,,32861568.0,31963764.0,29848868.0,0.0,0.0,9.14,11.46,13.56,,,
14,126,thread_local,ThreadLocal,2000,write-heavy,1,260924.57246601,2247.0,44237.0,7379.800097222223,11201.777550036622,1.5178971520181153,0,100,900,1790617134.5270503,2300.0,2300.0,performance,,32861568.0,31929216.0,29814160.0,0.0,0.0,7.74,11.08,13.42,,,
14,127,disabled,Disabled,1000,read-heavy,1,290224.78893442533,1954.0,14946.0,3346.84738,3392.479007399571,1.0136342122058672,0,100,900,1790617144.5965743,2864.18225,3102.742,performance,,32861568.0,31982112.0,29866732.0,0.0,0.0,7.8,11.0,13.36,,,
14,128,global_mutex,GlobalMutex,750,write-heavy,1,276722.31581954844,2010.0,9030.0,2646.0273955555554,1937.4147124970937,0.7321975259029083,0,100,900,1790617150.5821202,2501.6475,3186.027,performance,,32861568.0,31928680.0,29813284.0,0.0,0.0,7.18,10.81,13.29,,,
14,129,global_mutex,GlobalMutex,1000,read-heavy,1,281018.378505159,1997.0,15423.0,3461.4333333333334,3534.770434488036,1.021186917121434,0,100,900,1790617155.6483564,2400.52225,3104.178,performance,,32861568.0,31951560.0,29836068.0,0.0,0.0,7.24,10.77,13.26,,,
14,130,thread_local,ThreadLocal,1500,read-heavy,1,276275.00060419296,2033.0,27124.0,5257.635617777778,6754.162931313534,1.2846388419302983,0,100,900,1790617161.729044,2480.9825,3037.577,performance,,32861568.0,31946364.0,29830744.0,0.0,0.0,8.1,10.89,13.29,,,
14,131,sharded_2key,Sharded-2key,250,write-heavy,1,310077.5065601031,778.0,1542.0,791.39808,312.12545951248313,0.39439754454860837,0,100,900,1790617169.7239554,2300.0,2300.0,performance,,32861568.0,31938608.0,29822676.0,0.0,0.0,8.4,10.87,13.26,,,
14,132,thread_local,ThreadLocal,1500,mixed,1,272623.71608550043,2114.0,26759.0,5302.107524444445,6930.746158878092,1.307168164154554,0,100,900,1790617172.87407,2751.488875,3034.812,performance,,32861568.0,31987228.0,29871348.0,0.0,0.0,8.4,10.87,13.26,,,
14,133,hdr_histogram,HdrHistogram,250,mixed,1,308389.59374924615,781.0,1595.0,793.0010977777778,319.26209528996856,0.4025998150376271,0,100,900,1790617180.769865,2300.0,2300.0,performance,,32861568.0,31950936.0,29834764.0,0.0,0.0,9.59,11.04,13.29,,,
14,134,thread_local,ThreadLocal,100,write-heavy,1,286720.2231371465,330.0,731.0,342.6948777777778,139.75923220077325,0.40782410611751496,0,100,900,1790617183.9230483,2300.0,2300.0,performance,,32861568.0,31956108.0,29839964.0,0.0,0.0,8.82,10.86,13.22,,,
14,135,global_mutex,GlobalMutex,250,write-heavy,1,301413.3388002836,788.0,1736.0,810.9104711111111,348.0157356051746,0.42916665649701474,0,100,900,1790617186.5931928,2363.01025,2804.082,performance,,32861568.0,31978836.0,29862664.0,0.0,0.0,8.82,10.86,13.22,,,
14,136,disabled,Disabled,750,write-heavy,1,292425.1817208384,1866.0,8578.0,2505.150737777778,1865.5985431172007,0.7447051049599118,0,100,900,1790617189.7581973,2399.517125,3096.137,performance,,32861568.0,31973164.0,29857028.0,0.0,0.0,8.11,10.68,13.15,,,
14,137,disabled,Disabled,1000,write-heavy,1,282568.7685759688,2018.0,15098.0,3437.5858944444444,3445.629855571489,1.002340002948012,0,100,900,1790617194.68659,2388.299625,3006.397,performance,,32861568.0,31951972.0,29835716.0,0.0,0.0,7.46,10.5,13.08,,,
14,138,sharded_2key,Sharded-2key,2000,read-heavy,1,269148.96392214333,2117.0,41278.0,7178.210764444444,10725.909622233,1.4942316371318096,0,100,900,1790617200.5913315,2395.647625,3065.181,performance,,32861568.0,31975368.0,29858960.0,0.0,0.0,6.86,10.33,13.0,,,
14,139,sharded_n,Sharded-N,500,mixed,1,290147.85603975225,1545.0,4582.0,1677.4804155555555,879.7439617560938,0.5244436558531959,0,100,900,1790617210.5840516,2400.639125,3105.113,performance,,32861568.0,31956312.0,29839576.0,0.0,0.0,7.65,10.39,13.0,,,
14,140,hdr_histogram,HdrHistogram,100,write-heavy,1,278368.0520772437,334.0,860.0,352.7882666666667,158.35029712725856,0.448853638539165,0,100,900,1790617214.6574368,2386.82025,2994.562,performance,,32861568.0,31975120.0,29858400.0,0.0,0.0,7.04,10.22,12.93,,,
14,141,sharded_2key,Sharded-2key,3000,mixed,1,246300.6752854623,2389.0,83707.0,11722.25148851852,19879.15133524646,1.6958475387358223,0,100,900,1790617217.3378062,2300.0,2300.0,performance,,32861568.0,31987780.0,29871036.0,0.0,0.0,7.04,10.22,12.93,,,
14,142,sharded_n,Sharded-N,500,read-heavy,1,295127.9766002708,1552.0,4366.0,1666.05666,831.0973553015596,0.49884099097899803,0,100,900,1790617231.933603,2300.0,2300.0,performance,,32861568.0,31965344.0,29848132.0,0.0,0.0,10.92,10.91,13.11,,,
14,143,global_mutex,GlobalMutex,1500,mixed,1,268103.27416367223,2135.0,27662.0,5394.09032,7057.557779202118,1.3083870236718835,0,100,900,1790617236.1549098,2300.0,2300.0,performance,,32861568.0,31978684.0,29861496.0,0.0,0.0,16.3,12.03,13.46,,,
14,144,sharded_n,Sharded-N,3000,read-heavy,1,246436.4066834271,2380.0,84194.0,11756.223794074074,20056.123494427262,1.7060004849973078,0,100,900,1790617244.130147,2394.405,3055.24,performance,,32861568.0,31962124.0,29844628.0,0.0,0.0,15.12,11.93,13.41,,,
15,1,sharded_2key,Sharded-2key,750,mixed,1,288181.9352345281,1905.0,8967.0,2551.462974814815,1922.8944962625912,0.7536438957740137,0,100,900,1790617258.8743608,2794.18475,3190.024,performance,,32861568.0,31966928.0,29849116.0,0.0,0.0,14.15,11.89,13.38,,,
15,2,disabled,Disabled,500,mixed,1,291948.42105983093,1576.0,4248.0,1684.0621822222222,832.3513686883407,0.49425215854559634,0,100,900,1790617263.8243308,2509.333875,3229.03,performance,,32861568.0,31965340.0,29847500.0,0.0,0.0,13.02,11.69,13.31,,,
15,3,global_mutex,GlobalMutex,1000,mixed,1,276877.5482865469,2055.0,14463.0,3513.0626722222223,3420.8483014423387,0.9737510032174995,0,100,900,1790617267.884947,2300.0,2300.0,performance,,32861568.0,31960356.0,29842492.0,0.0,0.0,13.02,11.69,13.31,,,
15,4,sharded_n,Sharded-N,3000,read-heavy,1,244915.9020003364,2399.0,76991.0,11777.728014814815,19755.035084864594,1.6773213866049028,0,100,900,1790617273.8599143,2300.0,2300.0,performance,,32861568.0,31943664.0,29825604.0,0.0,0.0,12.05,11.54,13.24,,,
15,5,global_mutex,GlobalMutex,500,mixed,1,291431.94775372796,1573.0,4346.0,1684.8195888888888,850.4642920348192,0.5047806291210601,0,100,900,1790617288.713206,2925.43275,3091.937,performance,,32861568.0,31976816.0,29858192.0,0.0,0.0,12.3,11.64,13.25,,,
15,6,sharded_n,Sharded-N,500,mixed,1,290213.12423769233,1572.0,4290.0,1687.189668888889,862.6022204329803,0.5112657079041109,0,100,900,1790617292.7749965,2867.251875,3095.701,performance,,32861568.0,31968500.0,29849960.0,0.0,0.0,12.3,11.64,13.25,,,
15,7,hdr_histogram,HdrHistogram,1500,read-heavy,1,271123.0589486841,2095.0,28253.0,5340.975328888889,7086.539090416265,1.3268249063210924,0,100,900,1790617296.849281,2400.734,3105.872,performance,,32861568.0,31955388.0,29836824.0,0.0,0.0,12.76,11.74,13.27,,,
15,8,disabled,Disabled,500,read-heavy,1,295570.68316233956,1551.0,4098.0,1657.07802,812.3832386343666,0.4902504461644882,0,100,900,1790617304.9401848,2680.631125,3100.686,performance,,32861568.0,31936956.0,29818188.0,0.0,0.0,11.68,11.55,13.19,,,
15,9,global_mutex,GlobalMutex,250,read-heavy,1,306601.3916391885,776.0,1727.0,801.6833822222222,357.60277005643195,0.44606484054238066,0,100,900,1790617309.136296,2927.848875,3045.42,performance,,32861568.0,31938324.0,29819556.0,0.0,0.0,10.74,11.36,13.12,,,
15,10,thread_local,ThreadLocal,750,mixed,1,300823.27254261286,1808.0,8303.0,2424.249817777778,1794.0241376342149,0.740032699797718,0,100,900,1790617312.4517972,2300.0,2300.0,performance,,32861568.0,31956088.0,29837312.0,0.0,0.0,10.74,11.36,13.12,,,
15,11,hdr_histogram,HdrHistogram,750,write-heavy,1,278010.4700242208,1962.0,9144.0,2628.358771851852,1963.2428130338699,0.7469462822423728,0,100,900,1790617317.3100362,2676.567375,3113.302,performance,,32861568.0,31933416.0,29814412.0,0.0,0.0,10.84,11.37,13.12,,,
15,12,hdr_histogram,HdrHistogram,2000,write-heavy,1,253435.6341044755,2303.0,40033.0,7589.133132222222,11422.487936626036,1.5051110235671072,0,100,900,1790617322.370002,2300.0,2300.0,performance,,32861568.0,31912656.0,29793620.0,0.0,0.0,11.26,11.45,13.13,,,
15,13,thread_local,ThreadLocal,1500,read-heavy,1,275328.7851689732,2110.0,27227.0,5278.8080807407405,6941.428340601212,1.3149613008145518,0,100,900,1790617332.6739724,2395.691375,3065.531,performance,,32861568.0,31959064.0,29839660.0,0.0,0.0,12.2,11.65,13.18,,,
15,14,global_mutex,GlobalMutex,2000,read-heavy,1,262022.3364740051,2188.0,43276.0,7361.932980555555,11112.14579666034,1.509405997855441,0,100,900,1790617340.6787016,2300.0,2300.0,performance,,32861568.0,31948628.0,29829092.0,0.0,0.0,13.51,11.97,13.27,,,
15,15,hdr_histogram,HdrHistogram,500,mixed,1,294929.2785543803,1553.0,4171.0,1663.4433533333333,827.1365797348258,0.49724361101768033,0,100,900,1790617350.8650885,2398.729875,3089.839,performance,,32861568.0,31981172.0,29861272.0,0.0,0.0,15.14,12.36,13.38,,,
15,16,global_mutex,GlobalMutex,100,write-heavy,1,276153.25342039124,341.0,791.0,355.7244111111111,145.79242927308172,0.4098465686335572,0,100,900,1790617354.9133935,2392.618875,3040.951,performance,,32861568.0,31961392.0,29841524.0,0.0,0.0,13.93,12.16,13.31,,,
15,17,disabled,Disabled,1000,mixed,1,282652.8942013054,1991.0,14403.0,3427.10642,3338.137060740219,0.9740395107836246,0,100,900,1790617357.597618,2402.354625,3118.837,performance,,32861568.0,31970192.0,29850296.0,0.0,0.0,13.93,12.16,13.31,,,
15,18,sharded_2key,Sharded-2key,2000,read-heavy,1,267253.2487861329,2164.0,39008.0,7224.881841666666,10851.538014095695,1.501967541048729,0,100,900,1790617363.5056357,2300.0,2300.0,performance,,32861568.0,31948652.0,29828604.0,0.0,0.0,14.1,12.22,13.33,,,
15,19,thread_local,ThreadLocal,1500,mixed,1,269439.1717405053,2129.0,28359.0,5405.752577777777,7075.868056272007,1.3089515205264517,0,100,900,1790617373.536024,2738.743125,3078.172,performance,,32861568.0,31967740.0,29847392.0,0.0,0.0,14.25,12.3,13.34,,,
15,20,thread_local,ThreadLocal,2000,write-heavy,1,254756.71462357652,2284.0,44458.0,7560.500023333333,11429.87286407167,1.511787954341197,0,100,900,1790617381.4768634,2300.0,2300.0,performance,,32861568.0,31958936.0,29838492.0,0.0,0.0,13.1,12.11,13.27,,,
15,21,disabled,Disabled,3000,mixed,1,246017.6042904575,2390.0,81352.0,11712.286107037036,19637.918421166458,1.676693878692692,0,100,900,1790617391.7174013,2498.578125,3118.126,performance,,32861568.0,31971916.0,29851120.0,0.0,0.0,14.81,12.51,13.38,,,
15,22,hdr_histogram,HdrHistogram,1000,write-heavy,1,277953.5301969889,2062.0,14752.0,3498.4270855555555,3501.6682950087034,1.000926476205987,0,100,900,1790617406.339174,3006.2845,3189.853,performance,,32861568.0,31985156.0,29864092.0,0.0,0.0,17.26,13.17,13.58,,,
15,23,global_mutex,GlobalMutex,1500,write-heavy,1,260741.40469522888,2231.0,29641.0,5567.505865185185,7311.239820187142,1.3131984046763023,0,100,900,1790617412.3010097,2730.233875,3171.354,performance,,32861568.0,31940976.0,29819840.0,0.0,0.0,16.92,13.16,13.58,,,
15,24,hdr_histogram,HdrHistogram,1500,write-heavy,1,263539.79287067725,2211.0,29610.0,5503.766682962963,7332.867796322462,1.3323362378389918,0,100,900,1790617420.4262362,2567.8235,3050.435,performance,,32861568.0,31952800.0,29831472.0,0.0,0.0,25.15,15.13,14.22,,,
15,25,global_mutex,GlobalMutex,1000,write-heavy,1,277932.05880721816,2053.0,15305.0,3502.992901111111,3490.9215780738027,0.9965539972880106,0,100,900,1790617428.4999363,2939.191125,3066.582,performance,,32861568.0,31934696.0,29813124.0,0.0,0.0,24.5,15.16,14.24,,,
15,26,hdr_histogram,HdrHistogram,250,mixed,1,311193.6901449019,772.0,1636.0,787.9029288888889,332.1762438888716,0.4215953916522571,0,100,900,1790617434.4623334,2837.03175,3062.502,performance,,32861568.0,31945872.0,29824220.0,0.0,0.0,20.73,14.66,14.08,,,
15,27,sharded_2key,Sharded-2key,2000,mixed,1,258706.44485719752,2238.0,45106.0,7447.454223333333,11215.177860611104,1.505907592620477,0,100,900,1790617437.604504,2388.11175,3004.894,performance,,32861568.0,31965340.0,29843692.0,0.0,0.0,20.73,14.66,14.08,,,
15,28,global_mutex,GlobalMutex,250,write-heavy,1,299456.17241844203,804.0,1705.0,821.21688,351.9544710368641,0.42857676164287334,0,100,900,1790617447.7136059,2390.227125,3021.817,performance,,32861568.0,31958940.0,29836932.0,0.0,0.0,21.23,14.97,14.19,,,
15,29,thread_local,ThreadLocal,100,mixed,1,284375.7534180117,332.0,748.0,345.2062222222222,142.35957387950282,0.4123899417660572,0,100,900,1790617450.8831606,2497.687125,3138.297,performance,,32861568.0,31984832.0,29862792.0,0.0,0.0,21.21,15.07,14.23,,,
15,30,global_mutex,GlobalMutex,500,write-heavy,1,289922.22498716397,1581.0,4236.0,1689.8314422222222,855.794472540518,0.5064377731160575,0,100,900,1790617453.5525002,2808.7265,3182.218,performance,,32861568.0,31986284.0,29864212.0,0.0,0.0,21.21,15.07,14.23,,,
15,31,sharded_2key,Sharded-2key,500,mixed,1,297898.525889063,1533.0,4324.0,1645.858708888889,829.6798474997205,0.5041015021634714,0,100,900,1790617457.6250331,2300.0,2300.0,performance,,32861568.0,31970032.0,29847988.0,0.0,0.0,19.51,14.82,14.15,,,
15,32,disabled,Disabled,2000,read-heavy,1,268671.48986113345,2122.0,43351.0,7170.887863888889,10948.862361531694,1.5268489159714662,0,100,900,1790617461.655361,2400.18875,3101.51,performance,,32861568.0,31958280.0,29836148.0,0.0,0.0,19.07,14.81,14.15,,,
15,33,global_mutex,GlobalMutex,750,mixed,1,285941.4850751351,1877.0,8856.0,2561.6152785185186,1914.365024601679,0.7473272979964541,0,100,900,1790617471.6631823,2387.344375,2998.755,performance,,32861568.0,31961592.0,29839068.0,0.0,0.0,18.27,14.78,14.15,,,
15,34,disabled,Disabled,250,read-heavy,1,305231.4753959446,777.0,1736.0,802.3117822222222,365.12329843302973,0.45508903960218655,0,100,900,1790617476.6459453,2673.827,3072.228,performance,,32861568.0,31939476.0,29816984.0,0.0,0.0,17.93,14.77,14.15,,,
15,35,hdr_histogram,HdrHistogram,2000,read-heavy,1,263029.3017493094,2181.0,40735.0,7313.765818333333,11010.856142920462,1.5054974983365854,0,100,900,1790617479.9663057,2778.348375,3142.724,performance,,32861568.0,31961244.0,29838724.0,0.0,0.0,16.57,14.54,14.08,,,
15,36,thread_local,ThreadLocal,750,write-heavy,1,281974.685280242,1935.0,9028.0,2602.257453333333,1955.9607092171166,0.7516399681021761,0,100,900,1790617490.1163623,2386.82975,2994.638,performance,,32861568.0,31938640.0,29815736.0,0.0,0.0,15.2,14.32,14.01,,,
15,37,global_mutex,GlobalMutex,1500,read-heavy,1,269400.0700744305,2144.0,28870.0,5381.971875555556,7104.493101121586,1.3200539254747075,0,100,900,1790617495.1333132,2761.4305,3071.193,performance,,32861568.0,31972920.0,29850024.0,0.0,0.0,13.98,14.08,13.93,,,
15,38,sharded_n,Sharded-N,100,write-heavy,1,290902.55400547734,324.0,721.0,335.39691111111114,135.71065384047623,0.4046270235193599,0,100,900,1790617503.253,2783.1835,3152.235,performance,,32861568.0,31956424.0,29833220.0,0.0,0.0,14.23,14.13,13.95,,,
15,39,disabled,Disabled,750,mixed,1,287519.7601149803,1908.0,8851.0,2553.786305185185,1902.0602580216148,0.7448000853319985,0,100,900,1790617505.9206095,2396.51375,3072.11,performance,,32861568.0,31964144.0,29840944.0,0.0,0.0,14.21,14.13,13.95,,,
15,40,hdr_histogram,HdrHistogram,750,mixed,1,282241.97965698654,1909.0,8768.0,2598.208666666667,1928.967624013134,0.7424221344345965,0,100,900,1790617510.8801494,2411.807375,3194.459,performance,,32861568.0,31972556.0,29849396.0,0.0,0.0,13.63,14.01,13.91,,,
15,41,disabled,Disabled,100,write-heavy,1,285362.4274997912,329.0,796.0,343.0104111111111,144.5975515274747,0.4215544101389836,0,100,900,1790617515.8968358,2300.0,2300.0,performance,,32861568.0,31970592.0,29847204.0,0.0,0.0,14.3,14.14,13.96,,,
15,42,global_mutex,GlobalMutex,3000,write-heavy,1,237112.05307172297,2518.0,83883.0,12193.533976666668,20560.419479119122,1.6861739605977382,0,100,900,1790617518.5677836,2394.645,3057.16,performance,,32861568.0,31984512.0,29861092.0,0.0,0.0,14.3,14.14,13.96,,,
15,43,disabled,Disabled,1000,read-heavy,1,288669.6956809909,1941.0,14607.0,3355.839896666667,3346.0024444231212,0.9970685573369227,0,100,900,1790617533.6550217,2589.023875,3203.601,performance,,32861568.0,31973668.0,29849840.0,0.0,0.0,15.77,14.41,14.05,,,
15,44,sharded_n,Sharded-N,250,mixed,1,296190.36984402913,816.0,1683.0,824.8776844444444,338.6341107305722,0.41052645394164405,0,100,900,1790617539.6590436,2478.38175,3016.034,performance,,32861568.0,31961124.0,29837340.0,0.0,0.0,13.35,13.94,13.89,,,
15,45,thread_local,ThreadLocal,100,write-heavy,1,280408.6513671137,334.0,794.0,349.80485555555555,144.56010050804935,0.4132592735983063,0,100,900,1790617542.8362696,2570.357625,3126.971,performance,,32861568.0,31957672.0,29833868.0,0.0,0.0,13.35,13.94,13.89,,,
15,46,global_mutex,GlobalMutex,100,mixed,1,278526.6654899637,337.0,827.0,353.1736111111111,150.7631435159217,0.4268811110819106,0,100,900,1790617545.509785,2300.0,2300.0,performance,,32861568.0,31964164.0,29840336.0,0.0,0.0,12.28,13.7,13.82,,,
15,47,sharded_n,Sharded-N,250,write-heavy,1,298203.92610279284,797.0,1740.0,823.0716044444445,361.416250074846,0.43910669269023583,0,100,900,1790617548.1880329,2661.822875,3057.847,performance,,32861568.0,31978372.0,29854572.0,0.0,0.0,12.28,13.7,13.82,,,
15,48,global_mutex,GlobalMutex,1500,mixed,1,265708.08516221965,2195.0,28303.0,5454.795366666666,7184.643746019244,1.3171243397916244,0,100,900,1790617551.3594763,2400.452125,3103.617,performance,,32861568.0,31977096.0,29853268.0,0.0,0.0,12.97,13.83,13.86,,,
15,49,sharded_2key,Sharded-2key,3000,read-heavy,1,249169.37034821027,2373.0,78917.0,11602.42067925926,19509.541641171854,1.6815061425972544,0,100,900,1790617559.369486,2498.059375,3104.246,performance,,32861568.0,31924612.0,29800296.0,0.0,0.0,11.86,13.57,13.77,,,
15,50,sharded_2key,Sharded-2key,100,write-heavy,1,283917.62882066023,333.0,733.0,346.10043333333334,143.48713956086482,0.41458237477174925,0,100,900,1790617573.9896603,3025.97875,3088.993,performance,,32861568.0,31970424.0,29845732.0,0.0,0.0,11.38,13.39,13.71,,,
15,51,sharded_2key,Sharded-2key,3000,write-heavy,1,239025.73858960526,2484.0,80922.0,12089.960216666666,20476.67022233431,1.6936921094335866,0,100,900,1790617576.6621644,2875.03125,3137.521,performance,,32861568.0,31974968.0,29850304.0,0.0,0.0,11.38,13.39,13.71,,,
15,52,sharded_2key,Sharded-2key,500,write-heavy,1,291772.6190303906,1577.0,4277.0,1681.260288888889,839.3745287507056,0.4992531699570632,0,100,900,1790617591.6095068,2399.391625,3095.133,performance,,32861568.0,31963696.0,29838576.0,0.0,0.0,11.53,13.32,13.68,,,
15,53,thread_local,ThreadLocal,500,read-heavy,1,300969.63185648783,1525.0,4077.0,1623.5084977777778,805.7207596065742,0.496283672496588,0,100,900,1790617595.6766028,2400.145625,3101.165,performance,,32861568.0,31977576.0,29852596.0,0.0,0.0,10.61,13.1,13.61,,,
15,54,disabled,Disabled,750,read-heavy,1,290774.22430208646,1871.0,9098.0,2516.2113466666665,1923.5780825531165,0.7644739719902158,0,100,900,1790617599.8544922,2402.6895,3121.516,performance,,32861568.0,31943084.0,29818092.0,0.0,0.0,9.76,12.88,13.54,,,
15,55,disabled,Disabled,3000,read-heavy,1,252522.53117694234,2290.0,75750.0,11438.893633703703,19210.13198100016,1.679369753417339,0,100,900,1790617604.9606245,2300.0,2300.0,performance,,32861568.0,31971724.0,29846560.0,0.0,0.0,8.98,12.67,13.47,,,
15,56,global_mutex,GlobalMutex,3000,mixed,1,242684.7652551522,2431.0,83288.0,11914.751795185186,20006.44657018689,1.6791324665505496,0,100,900,1790617619.4489195,2300.0,2300.0,performance,,32861568.0,31975824.0,29850080.0,0.0,0.0,9.91,12.71,13.47,,,
15,57,sharded_n,Sharded-N,1000,read-heavy,1,283726.2022539616,2016.0,14600.0,3428.2477644444443,3375.370643270429,0.984576050271972,0,100,900,1790617634.2252202,2400.055125,3100.441,performance,,32861568.0,31966576.0,29840564.0,0.0,0.0,11.84,13.02,13.56,,,
15,58,hdr_histogram,HdrHistogram,1000,mixed,1,275597.7969075904,2097.0,14609.0,3524.406921111111,3427.223741683147,0.9724256643448749,0,100,900,1790617640.2937465,2300.0,2300.0,performance,,32861568.0,31955948.0,29829920.0,0.0,0.0,10.89,12.8,13.48,,,
15,59,sharded_2key,Sharded-2key,3000,mixed,1,239036.88221938015,2467.0,80830.0,12086.32399851852,20299.345299747816,1.6795301286177673,0,100,900,1790617646.2839773,2782.787625,3160.615,performance,,32861568.0,31962360.0,29836200.0,0.0,0.0,11.62,12.92,13.52,,,
15,60,sharded_n,Sharded-N,500,write-heavy,1,296059.03599813336,1543.0,4210.0,1655.1263044444445,830.7190914950369,0.501906766428846,0,100,900,1790617661.2152445,2411.60075,3192.806,performance,,32861568.0,31986792.0,29860176.0,0.0,0.0,12.06,12.95,13.52,,,
15,61,sharded_n,Sharded-N,100,read-heavy,1,286271.99172055593,330.0,731.0,342.3848888888889,140.37615114449162,0.4099951712239457,0,100,900,1790617665.2454941,2593.256625,3104.058,performance,,32861568.0,31979140.0,29852576.0,0.0,0.0,11.17,12.76,13.45,,,
15,62,thread_local,ThreadLocal,3000,read-heavy,1,247785.73575450628,2385.0,75054.0,11639.078084814815,19497.8770646483,1.6752080295849756,0,100,900,1790617668.08386,2300.0,2300.0,performance,,32861568.0,31973196.0,29846608.0,0.0,0.0,11.17,12.76,13.45,,,
15,63,hdr_histogram,HdrHistogram,500,read-heavy,1,300577.02372398344,1520.0,4196.0,1628.544742222222,829.297558694645,0.5092261435587158,0,100,900,1790617682.7697642,2497.931875,3144.96,performance,,32861568.0,31978876.0,29851768.0,0.0,0.0,12.09,12.9,13.49,,,
15,64,thread_local,ThreadLocal,2000,read-heavy,1,281745.7076241796,2045.0,38354.0,6812.950116111111,10236.504449678057,1.5025068839812876,0,100,900,1790617686.9641638,2699.95475,3103.923,performance,,32861568.0,31976280.0,29849216.0,0.0,0.0,14.32,13.35,13.63,,,
15,65,thread_local,ThreadLocal,2000,mixed,1,254011.10932488617,2293.0,45582.0,7605.595563333333,11464.877057403566,1.5074265995257328,0,100,900,1790617696.7021892,2551.649875,3009.208,performance,,32861568.0,31984108.0,29856656.0,0.0,0.0,14.75,13.47,13.67,,,
15,66,global_mutex,GlobalMutex,100,read-heavy,1,283426.1450560335,331.0,778.0,346.1914777777778,146.89334516800832,0.42431242418480325,0,100,900,1790617706.9729414,2477.9785,3024.872,performance,,32861568.0,31952616.0,29824992.0,0.0,0.0,21.08,14.82,14.1,,,
15,67,sharded_n,Sharded-N,250,read-heavy,1,298878.637637951,794.0,1796.0,820.3619511111111,370.66267954022067,0.45182821928563277,0,100,900,1790617709.8197699,2823.686875,3013.342,performance,,32861568.0,31972880.0,29845232.0,0.0,0.0,19.39,14.57,14.02,,,
15,68,global_mutex,GlobalMutex,2000,mixed,1,252917.82836374242,2310.0,42591.0,7630.1918633333335,11573.170548203241,1.5167600966651675,0,100,900,1790617713.160886,2653.066125,3009.383,performance,,32861568.0,31960976.0,29833376.0,0.0,0.0,19.39,14.57,14.02,,,
15,69,thread_local,ThreadLocal,1000,write-heavy,1,273777.49939270446,2091.0,15248.0,3559.7634955555554,3521.724055485525,0.9893140541169312,0,100,900,1790617723.4481328,2564.042125,3014.775,performance,,32861568.0,31943804.0,29815932.0,0.0,0.0,18.95,14.63,14.05,,,
15,70,global_mutex,GlobalMutex,750,write-heavy,1,278286.5190893851,1960.0,9125.0,2628.9752503703703,1976.7634139718944,0.75191404471891,0,100,900,1790617729.4476833,2300.0,2300.0,performance,,32861568.0,31958332.0,29830348.0,0.0,0.0,16.03,14.15,13.9,,,
15,71,sharded_2key,Sharded-2key,100,read-heavy,1,287671.86444124393,325.0,789.0,340.7747888888889,146.42398354622028,0.42967962513788677,0,100,900,1790617734.503787,2300.0,2300.0,performance,,32861568.0,31960496.0,29832496.0,0.0,0.0,14.75,13.92,13.83,,,
15,72,global_mutex,GlobalMutex,750,read-heavy,1,282957.98343405843,1936.0,8912.0,2585.125031111111,1902.3950693511842,0.7359006030487882,0,100,900,1790617737.3473537,2365.777875,2826.223,performance,,32861568.0,31976280.0,29848244.0,0.0,0.0,14.75,13.92,13.83,,,
15,73,sharded_2key,Sharded-2key,2000,write-heavy,1,254181.51302874717,2290.0,43642.0,7579.3437861111115,11465.970305374924,1.5127919552067188,0,100,900,1790617742.5220203,2300.0,2300.0,performance,,32861568.0,31945320.0,29817184.0,0.0,0.0,14.69,13.92,13.83,,,
15,74,sharded_n,Sharded-N,100,mixed,1,280251.8401577153,334.0,785.0,349.58995555555555,153.12757875471135,0.4380205332597918,0,100,900,1790617752.7942708,2841.325125,3102.436,performance,,32861568.0,31955156.0,29826644.0,0.0,0.0,15.02,14.02,13.86,,,
15,75,global_mutex,GlobalMutex,1000,read-heavy,1,285542.19025205565,1976.0,14020.0,3397.1769644444444,3257.6220119277123,0.9589203170816996,0,100,900,1790617755.4713566,2742.899375,3016.943,performance,,32861568.0,31966476.0,29837936.0,0.0,0.0,13.82,13.78,13.79,,,
15,76,sharded_n,Sharded-N,750,read-heavy,1,290897.6066398552,1914.0,8493.0,2521.936245925926,1819.9535385405698,0.721649304767566,0,100,900,1790617761.5169082,2300.0,2300.0,performance,,32861568.0,31953928.0,29825364.0,0.0,0.0,14.23,13.87,13.81,,,
15,77,thread_local,ThreadLocal,500,mixed,1,296377.8903247716,1572.0,3904.0,1651.2055466666666,775.2129072724413,0.4694829840157602,0,100,900,1790617766.6272485,2476.2415,3005.951,performance,,32861568.0,31957508.0,29828848.0,0.0,0.0,14.37,13.91,13.83,,,
15,78,disabled,Disabled,100,mixed,1,291574.4451793488,324.0,715.0,336.3714,141.86805693747047,0.4217601643227411,0,100,900,1790617770.6656294,2300.0,2300.0,performance,,32861568.0,31969548.0,29840828.0,0.0,0.0,13.22,13.68,13.75,,,
15,79,disabled,Disabled,1500,write-heavy,1,261325.57152250924,2241.0,28657.0,5542.606607407407,7309.042230444784,1.3187012444066708,0,100,900,1790617773.3306046,2652.342,3092.819,performance,,32861568.0,31986916.0,29858140.0,0.0,0.0,13.22,13.68,13.75,,,
15,80,sharded_2key,Sharded-2key,500,read-heavy,1,306810.40661491145,1496.0,4181.0,1597.1272444444444,817.562811962663,0.5118958522600681,0,100,900,1790617781.4414997,2386.938,2995.504,performance,,32861568.0,31929968.0,29800916.0,0.0,0.0,13.56,13.74,13.77,,,
15,81,sharded_n,Sharded-N,3000,write-heavy,1,235027.98005273487,2528.0,79027.0,12284.832445555556,20560.298973268204,1.673632836620948,0,100,900,1790617785.6055512,2388.1205,3004.964,performance,,32861568.0,31959488.0,29830428.0,0.0,0.0,12.48,13.51,13.7,,,
15,82,sharded_n,Sharded-N,750,write-heavy,1,283929.3574689703,1953.0,8759.0,2580.2334785185185,1871.199099404549,0.7252053409054003,0,100,900,1790617800.7936,2740.598125,3023.035,performance,,32861568.0,31964308.0,29834804.0,0.0,0.0,11.55,13.27,13.62,,,
15,83,disabled,Disabled,2000,mixed,1,258358.74358558393,2243.0,42939.0,7465.171167777778,11314.675604305086,1.515661911831718,0,100,900,1790617805.8025646,2477.140375,3011.556,performance,,32861568.0,31947100.0,29817620.0,0.0,0.0,12.23,13.38,13.65,,,
15,84,sharded_2key,Sharded-2key,250,write-heavy,1,296554.8714463761,806.0,1763.0,826.5855822222222,352.2044897816625,0.42609561230766135,0,100,900,1790617815.9353085,2387.28875,2998.31,performance,,32861568.0,31971020.0,29841184.0,0.0,0.0,14.2,13.75,13.77,,,
15,85,thread_local,ThreadLocal,1500,write-heavy,1,260205.09547962015,2238.0,29739.0,5579.308290370371,7435.650784079914,1.3327191108821688,0,100,900,1790617819.1180367,2300.0,2300.0,performance,,32861568.0,31974604.0,29844712.0,0.0,0.0,13.06,13.52,13.69,,,
15,86,thread_local,ThreadLocal,1000,read-heavy,1,283059.51046355994,2011.0,14752.0,3425.602791111111,3403.8583724313958,0.9936523817833934,0,100,900,1790617827.2686152,2300.0,2300.0,performance,,32861568.0,31954264.0,29824196.0,0.0,0.0,17.78,14.49,14.01,,,
15,87,hdr_histogram,HdrHistogram,100,write-heavy,1,276827.77747007174,339.0,812.0,354.8229888888889,149.84555733328355,0.42231073528386,0,100,900,1790617833.336662,2300.0,2300.0,performance,,32861568.0,31941260.0,29811132.0,0.0,0.0,17.24,14.43,13.99,,,
15,88,disabled,Disabled,750,write-heavy,1,280026.13178970653,1965.0,9087.0,2619.5377481481482,1929.958923283297,0.7367555304929884,0,100,900,1790617836.0218616,2300.0,2300.0,performance,,32861568.0,31979748.0,29849592.0,0.0,0.0,16.9,14.41,13.98,,,
15,89,disabled,Disabled,250,write-heavy,1,293397.68901672115,804.0,1887.0,838.37912,375.3909354772583,0.44775797311991544,0,100,900,1790617841.058001,2575.001375,3087.429,performance,,32861568.0,31959972.0,29829628.0,0.0,0.0,25.88,16.31,14.6,,,
15,90,global_mutex,GlobalMutex,500,read-heavy,1,293562.632748574,1560.0,4318.0,1676.231091111111,826.377813486043,0.4929975454269065,0,100,900,1790617844.2437308,2742.351,3081.338,performance,,32861568.0,31959764.0,29829460.0,0.0,0.0,23.8,16.04,14.52,,,
15,91,sharded_2key,Sharded-2key,1500,mixed,1,270926.88008698984,2122.0,27866.0,5379.62104962963,6952.436513768465,1.292365475119687,0,100,900,1790617848.4683537,2829.6475,3054.58,performance,,32861568.0,31960108.0,29829748.0,0.0,0.0,23.8,16.04,14.52,,,
15,92,sharded_2key,Sharded-2key,250,read-heavy,1,298799.93539706356,796.0,1792.0,820.0446311111111,360.3081150333679,0.4393762258344062,0,100,900,1790617856.3914177,2399.863875,3098.911,performance,,32861568.0,31934740.0,29804148.0,0.0,0.0,21.51,15.79,14.46,,,
15,93,sharded_n,Sharded-N,3000,mixed,1,232842.79621080236,2544.0,86252.0,12420.571865555556,20655.891877625167,1.6630387152227355,0,100,900,1790617859.7356238,2732.34575,3026.285,performance,,32861568.0,31960788.0,29830180.0,0.0,0.0,19.78,15.53,14.38,,,
15,94,thread_local,ThreadLocal,3000,mixed,1,239808.04423346132,2477.0,83259.0,12038.583162592593,20139.56359606609,1.6729180937708368,0,100,900,1790617875.0157466,2300.0,2300.0,performance,,32861568.0,31970692.0,29839612.0,0.0,0.0,18.07,15.37,14.35,,,
15,95,sharded_2key,Sharded-2key,100,mixed,1,284091.9493265821,332.0,725.0,345.81604444444446,139.48149297860795,0.40334014346467295,0,100,900,1790617889.918276,2394.803625,3058.429,performance,,32861568.0,31978768.0,29847328.0,0.0,0.0,16.01,15.07,14.27,,,
15,96,thread_local,ThreadLocal,750,read-heavy,1,289651.2333700961,1912.0,8559.0,2524.1561525925927,1840.701380767902,0.7292343537769224,0,100,900,1790617892.5937622,2666.1545,3064.581,performance,,32861568.0,31986856.0,29855388.0,0.0,0.0,16.01,15.07,14.27,,,
15,97,hdr_histogram,HdrHistogram,1500,mixed,1,264405.07000090444,2181.0,30537.0,5487.964922222222,7458.248619764041,1.359019003485904,0,100,900,1790617897.707717,2300.0,2300.0,performance,,32861568.0,31971928.0,29840564.0,0.0,0.0,15.61,15.0,14.25,,,
15,98,sharded_2key,Sharded-2key,1500,read-heavy,1,275869.5996207292,2086.0,27304.0,5240.0981622222225,7028.912787407794,1.3413704418901515,0,100,900,1790617905.7570455,2937.687875,3105.016,performance,,32861568.0,31965004.0,29833356.0,0.0,0.0,14.47,14.79,14.19,,,
15,99,hdr_histogram,HdrHistogram,100,read-heavy,1,296271.4114484929,317.0,723.0,330.3303888888889,137.44458430380655,0.4160821678142301,0,100,900,1790617913.742471,2412.45725,3199.658,performance,,32861568.0,31946824.0,29814980.0,0.0,0.0,14.59,14.81,14.2,,,
15,100,disabled,Disabled,3000,write-heavy,1,240813.26924288672,2456.0,83948.0,11980.382806296297,20276.63433028281,1.6924863468992337,0,100,900,1790617916.5768964,2767.4575,3099.391,performance,,32861568.0,31986252.0,29854396.0,0.0,0.0,13.42,14.56,14.12,,,
15,101,thread_local,ThreadLocal,250,write-heavy,1,303425.57031040837,779.0,1759.0,806.2141288888889,352.4405417770495,0.43715500528721474,0,100,900,1790617931.435507,2396.506625,3072.053,performance,,32861568.0,31974736.0,29842432.0,0.0,0.0,14.89,14.83,14.22,,,
15,102,sharded_2key,Sharded-2key,250,mixed,1,304620.9783938432,785.0,1718.0,807.0159777777778,356.5683478976034,0.4418355493771761,0,100,900,1790617934.6003766,2398.6375,3089.1,performance,,32861568.0,31968316.0,29836068.0,0.0,0.0,13.7,14.58,14.14,,,
15,103,sharded_n,Sharded-N,2000,write-heavy,1,254809.7416858203,2296.0,47231.0,7563.597223888889,11487.287150811504,1.5187597661242485,0,100,900,1790617937.7594304,2491.444125,3095.232,performance,,32861568.0,31957728.0,29825468.0,0.0,0.0,13.7,14.58,14.14,,,
15,104,global_mutex,GlobalMutex,3000,read-heavy,1,244444.49805524724,2408.0,83832.0,11809.57823,20076.85079550637,1.7000480799987359,0,100,900,1790617947.9948106,2300.0,2300.0,performance,,32861568.0,31958692.0,29826044.0,0.0,0.0,13.37,14.48,14.11,,,
15,105,thread_local,ThreadLocal,500,write-heavy,1,283131.9506475465,1594.0,4604.0,1733.3624577777778,911.9567418615837,0.5261200493696739,0,100,900,1790617962.8337429,2300.0,2300.0,performance,,32861568.0,31969172.0,29836252.0,0.0,0.0,12.97,14.34,14.07,,,
15,106,sharded_n,Sharded-N,1500,read-heavy,1,267540.70372837735,2151.0,29171.0,5427.123682222223,7259.728605238171,1.3376751720287974,0,100,900,1790617966.9396105,2572.367125,3051.705,performance,,32861568.0,31980548.0,29847660.0,0.0,0.0,13.54,14.43,14.1,,,
15,107,hdr_histogram,HdrHistogram,250,read-heavy,1,301754.95693940675,786.0,1838.0,813.7539911111111,369.4351373485219,0.45398872556568354,0,100,900,1790617975.0920892,2487.33425,3098.776,performance,,32861568.0,31945644.0,29812436.0,0.0,0.0,11.9,14.06,13.98,,,
15,108,disabled,Disabled,100,read-heavy,1,289590.8369134644,323.0,766.0,338.2134555555556,143.09500140678833,0.42309079977831715,0,100,900,1790617978.4307413,2300.0,2300.0,performance,,32861568.0,31954172.0,29820932.0,0.0,0.0,11.9,14.06,13.98,,,
15,109,hdr_histogram,HdrHistogram,3000,mixed,1,243278.97671685417,2411.0,80432.0,11851.718887777777,19724.19005003057,1.6642472064006995,0,100,900,1790617981.2663631,2806.795625,3171.679,performance,,32861568.0,31968648.0,29835440.0,0.0,0.0,11.02,13.84,13.91,,,
15,110,sharded_2key,Sharded-2key,750,write-heavy,1,284480.737019915,1852.0,9213.0,2571.6292296296297,2018.6848591334997,0.7849828567332913,0,100,900,1790617996.0185516,2641.037625,3013.667,performance,,32861568.0,31965552.0,29831756.0,0.0,0.0,12.43,14.01,13.97,,,
15,111,thread_local,ThreadLocal,1000,mixed,1,300653.36797336274,1897.0,13647.0,3221.9700066666664,3188.763602446339,0.9896937574987914,0,100,900,1790618001.0129013,2716.61225,2999.664,performance,,32861568.0,31953744.0,29820128.0,0.0,0.0,12.55,14.01,13.97,,,
15,112,disabled,Disabled,500,write-heavy,1,287186.53444576496,1604.0,4412.0,1709.0577666666666,858.6215546047271,0.5023946945218687,0,100,900,1790618006.7226877,2300.0,2300.0,performance,,32861568.0,31972172.0,29838360.0,0.0,0.0,13.15,14.11,14.0,,,
15,113,sharded_n,Sharded-N,2000,mixed,1,256072.77754955977,2257.0,44520.0,7520.605357222223,11405.363951657544,1.5165486566456639,0,100,900,1790618010.809863,2300.0,2300.0,performance,,32861568.0,31978276.0,29844380.0,0.0,0.0,13.94,14.26,14.05,,,
15,114,disabled,Disabled,1500,read-heavy,1,284846.3217760288,2005.0,26488.0,5077.130079259259,6715.487480043031,1.3226936035136614,0,100,900,1790618021.0013993,2407.817625,3162.541,performance,,32861568.0,31958384.0,29824188.0,0.0,0.0,16.13,14.73,14.21,,,
15,115,disabled,Disabled,1500,mixed,1,275960.02466631273,2093.0,27288.0,5256.644112592593,6912.622535066818,1.3150257820397682,0,100,900,1790618028.817191,2663.013625,3106.381,performance,,32861568.0,31947996.0,29813548.0,0.0,0.0,14.61,14.45,14.12,,,
15,116,hdr_histogram,HdrHistogram,3000,write-heavy,1,237513.35897626198,2493.0,86329.0,12154.805546296297,20759.08903180836,1.7078914963089542,0,100,900,1790618036.6520784,2400.287375,3102.299,performance,,32861568.0,31938088.0,29803516.0,0.0,0.0,14.72,14.48,14.13,,,
15,117,sharded_n,Sharded-N,1000,mixed,1,284124.92766984366,2023.0,14514.0,3426.5210655555557,3344.6648077041978,0.9761109719493039,0,100,900,1790618051.715183,2507.38225,3142.35,performance,,32861568.0,31979448.0,29844376.0,0.0,0.0,14.69,14.47,14.14,,,
15,118,disabled,Disabled,250,mixed,1,311285.4605449781,765.0,1675.0,789.3656222222222,339.36344047598925,0.42991920464006683,0,100,900,1790618057.6159983,2300.0,2300.0,performance,,32861568.0,31944440.0,29809376.0,0.0,0.0,14.32,14.4,14.11,,,
15,119,disabled,Disabled,2000,write-heavy,1,260773.4133735177,2241.0,44237.0,7386.966535555555,11213.04999129505,1.5179505602636043,0,100,900,1790618060.754807,2300.0,2300.0,performance,,32861568.0,31963516.0,29828456.0,0.0,0.0,13.17,14.16,14.04,,,
15,120,sharded_2key,Sharded-2key,1000,read-heavy,1,287347.79994005576,2005.0,13623.0,3377.1055444444446,3245.1765793085315,0.9609343079747849,0,100,900,1790618070.8306692,2388.2525,3006.02,performance,,32861568.0,31978400.0,29842896.0,0.0,0.0,12.51,13.99,13.98,,,
15,121,hdr_histogram,HdrHistogram,3000,read-heavy,1,250585.84471596865,2313.0,79971.0,11483.257217777778,19489.425952872312,1.6972036403312296,0,100,900,1790618076.848499,2397.05325,3076.426,performance,,32861568.0,31949488.0,29813996.0,0.0,0.0,12.79,14.02,13.99,,,
15,122,sharded_2key,Sharded-2key,1000,write-heavy,1,276774.8729205854,2065.0,14932.0,3514.843,3504.806577029497,0.9971445600925837,0,100,900,1790618091.4396195,2300.0,2300.0,performance,,32861568.0,31962272.0,29826340.0,0.0,0.0,16.99,14.88,14.27,,,
15,123,sharded_n,Sharded-N,750,mixed,1,287251.7263806414,1936.0,8553.0,2549.4947214814815,1850.206139284459,0.7257148342748189,0,100,900,1790618097.411561,2399.33325,3094.666,performance,,32861568.0,31943504.0,29807568.0,0.0,0.0,17.15,14.94,14.3,,,
15,124,hdr_histogram,HdrHistogram,750,read-heavy,1,284259.4799873303,1950.0,8878.0,2574.0224014814817,1915.1189567496751,0.7440179835449086,0,100,900,1790618102.3727293,2300.0,2300.0,performance,,32861568.0,31937024.0,29800960.0,0.0,0.0,16.98,14.95,14.3,,,
15,125,sharded_n,Sharded-N,2000,read-heavy,1,266099.227882001,2150.0,41734.0,7242.877288888889,10941.00480780226,1.5105881780693113,0,100,900,1790618107.538806,2497.60675,3176.177,performance,,32861568.0,31944856.0,29808776.0,0.0,0.0,18.02,15.2,14.39,,,
15,126,sharded_n,Sharded-N,1000,write-heavy,1,280488.65701627114,2025.0,14123.0,3474.7173255555554,3299.6799756664363,0.9496254418735679,0,100,900,1790618117.6406174,2300.0,2300.0,performance,,32861568.0,31966712.0,29830308.0,0.0,0.0,17.67,15.21,14.4,,,
15,127,hdr_histogram,HdrHistogram,100,mixed,1,277834.7742096833,340.0,767.0,352.5421,147.57454954966335,0.41860120975526993,0,100,900,1790618123.5875735,2394.098375,3052.787,performance,,32861568.0,31949348.0,29812896.0,0.0,0.0,17.21,15.15,14.39,,,
15,128,thread_local,ThreadLocal,100,read-heavy,1,292017.7029048425,323.0,706.0,335.5367777777778,136.30407498051324,0.4062269295283806,0,100,900,1790618126.267649,2300.0,2300.0,performance,,32861568.0,31983972.0,29847488.0,0.0,0.0,15.83,14.9,14.31,,,
15,129,thread_local,ThreadLocal,250,read-heavy,1,312721.3393863305,770.0,1620.0,786.0390088888889,334.6205730113285,0.4257047922905681,0,100,900,1790618129.1001484,2864.518625,3097.786,performance,,32861568.0,31987072.0,29850560.0,0.0,0.0,14.57,14.65,14.23,,,
15,130,disabled,Disabled,1000,write-heavy,1,273874.7916718904,2082.0,14586.0,3553.09768,3465.4982595231886,0.9753456199727075,0,100,900,1790618132.4114718,2411.623125,3192.985,performance,,32861568.0,31981980.0,29845468.0,0.0,0.0,14.57,14.65,14.23,,,
15,131,global_mutex,GlobalMutex,250,mixed,1,306272.3782677418,794.0,1605.0,803.2275911111111,319.1157466804575,0.3972918139415781,0,100,900,1790618138.4309022,2300.0,2300.0,performance,,32861568.0,31951384.0,29814596.0,0.0,0.0,15.08,14.76,14.27,,,
15,132,sharded_2key,Sharded-2key,750,read-heavy,1,294853.66566115554,1854.0,8885.0,2485.8926474074074,1882.1720033869174,0.7571413050961296,0,100,900,1790618141.5854847,2781.831875,3106.039,performance,,32861568.0,31954648.0,29817868.0,0.0,0.0,19.0,15.58,14.53,,,
15,133,hdr_histogram,HdrHistogram,2000,mixed,1,259032.1686191764,2247.0,45357.0,7458.463001111111,11145.850823304023,1.4943897719467925,0,100,900,1790618146.6613262,2398.083125,3084.665,performance,,32861568.0,31926860.0,29790004.0,0.0,0.0,18.84,15.6,14.55,,,
15,134,sharded_n,Sharded-N,1500,mixed,1,263361.32626816205,2184.0,29463.0,5522.257646666667,7419.295238157392,1.3435257303932227,0,100,900,1790618156.775229,2402.225125,3117.801,performance,,32861568.0,31969528.0,29832320.0,0.0,0.0,18.34,15.6,14.56,,,
15,135,global_mutex,GlobalMutex,2000,write-heavy,1,251998.43621866408,2334.0,47795.0,7657.882618333333,11618.119268423723,1.5171451231975528,0,100,900,1790618164.8521357,2399.688375,3097.507,performance,,32861568.0,31958156.0,29820824.0,0.0,0.0,16.4,15.28,14.47,,,
15,136,sharded_n,Sharded-N,500,read-heavy,1,300922.9052729481,1534.0,3995.0,1626.2754022222223,802.4831127738872,0.4934484723050813,0,100,900,1790618175.1860657,2674.351375,3075.059,performance,,32861568.0,31968988.0,29831408.0,0.0,0.0,14.98,15.02,14.39,,,
15,137,sharded_2key,Sharded-2key,1500,write-heavy,1,265267.75456607965,2147.0,27963.0,5476.2199,7127.13787195808,1.301470357674658,0,100,900,1790618179.3705616,2586.23675,3092.395,performance,,32861568.0,31928236.0,29790640.0,0.0,0.0,13.78,14.77,14.31,,,
15,138,hdr_histogram,HdrHistogram,1000,read-heavy,1,277880.0428652443,2042.0,15023.0,3499.374617777778,3482.699788330103,0.9952349115859267,0,100,900,1790618187.4156232,2589.428875,3079.414,performance,,32861568.0,31955412.0,29817536.0,0.0,0.0,13.56,14.71,14.3,,,
15,139,thread_local,ThreadLocal,3000,write-heavy,1,240838.42315994075,2463.0,83351.0,11981.778123703703,20203.741600301397,1.6862056192087282,0,100,900,1790618193.5473897,2478.59375,3080.564,performance,,32861568.0,31936368.0,29798468.0,0.0,0.0,13.27,14.63,14.27,,,
15,140,hdr_histogram,HdrHistogram,500,write-heavy,1,293334.09455921,1563.0,4294.0,1671.3581866666666,838.8556513500298,0.5019005848309702,0,100,900,1790618208.4405448,2398.3685,3086.948,performance,,32861568.0,31983968.0,29845616.0,0.0,0.0,11.8,14.22,14.14,,,
15,141,sharded_2key,Sharded-2key,1000,mixed,1,298469.3780929173,1907.0,13790.0,3256.840886666667,3202.7623266222326,0.9833953939027759,0,100,900,1790618212.4960241,2394.438375,3055.507,performance,,32861568.0,31979184.0,29840928.0,0.0,0.0,17.02,15.27,14.48,,,
15,142,sharded_n,Sharded-N,1500,write-heavy,1,263877.10129245045,2188.0,28579.0,5500.793534814815,7254.876417895705,1.3188781531208555,0,100,900,1790618218.2271128,2412.167125,3197.337,performance,,32861568.0,31951820.0,29813220.0,0.0,0.0,17.26,15.35,14.51,,,
15,143,thread_local,ThreadLocal,250,mixed,1,304497.5333142022,781.0,1779.0,807.6207422222222,361.45321697727127,0.44755316212249413,0,100,900,1790618226.2903728,2945.7125,3099.002,performance,,32861568.0,31941436.0,29802688.0,0.0,0.0,20.66,16.11,14.77,,,
15,144,hdr_histogram,HdrHistogram,250,write-heavy,1,296799.76680349984,796.0,1865.0,823.9399866666666,377.14010340571883,0.45772763733858535,0,100,900,1790618229.4549828,2649.3855,3116.172,performance,,32861568.0,31956728.0,29817932.0,0.0,0.0,19.0,15.85,14.69,,,
