block_id,order_in_block,strategy,strategy_label,concurrency,workload,run_id,throughput,p50,p99,avg_latency,latency_stddev,latency_cv,errors,warmup_ops_per_client,measured_ops_per_client,unix_time,cpu_freq_mean_mhz,cpu_freq_max_mhz,cpu_governor,temp_max_celsius,mem_total_kb,mem_available_kb,mem_free_kb,swap_total_kb,swap_free_kb,load_1m,load_5m,load_15m,ac_online,battery_status,battery_capacity_pct
1,1,global_mutex,GlobalMutex,100,write-heavy,1,289597.3867504079,325.0,788.0,339.0436222222222,144.23351275103832,0.4254128474845698,0,100,900,1790603464.9422297,2399.4165,3095.332,performance,,32861572.0,32020764.0,30236016.0,0.0,0.0,4.24,3.49,1.49,,,
1,2,sharded_n,Sharded-N,750,mixed,1,316695.02484506957,1727.0,8501.0,2308.803774814815,1755.0847626811897,0.7601706051532949,0,100,900,1790603467.6061487,2300.0,2300.0,performance,,32861572.0,32013924.0,30229088.0,0.0,0.0,4.24,3.49,1.49,,,
1,3,sharded_n,Sharded-N,1500,mixed,1,291067.6233107906,1965.0,28306.0,4979.443263703703,6810.065367471433,1.367635899601779,0,100,900,1790603472.3462162,2300.0,2300.0,performance,,32861572.0,32015592.0,30230724.0,0.0,0.0,3.9,3.43,1.49,,,
1,4,thread_local,ThreadLocal,3000,mixed,1,278721.69840209064,2095.0,73713.0,10335.29022037037,17587.132588126286,1.701658319518002,0,100,900,1790603479.8858244,2415.674875,3225.399,performance,,32861572.0,31955428.0,30170164.0,0.0,0.0,10.15,4.79,1.95,,,
1,5,thread_local,ThreadLocal,1000,write-heavy,1,300934.77815308,1885.0,13893.0,3236.6142155555553,3200.787585484218,0.9889308308975626,0,100,900,1790603493.0667396,3034.074875,3507.969,performance,,32861572.0,32016500.0,30230868.0,0.0,0.0,12.12,5.53,2.24,,,
1,6,thread_local,ThreadLocal,2000,mixed,1,285252.74057691713,2031.0,40517.0,6736.233907777778,10188.2443150535,1.5124540588309987,0,100,900,1790603498.7560923,2300.0,2300.0,performance,,32861572.0,31990620.0,30205064.0,0.0,0.0,11.14,5.44,2.23,,,
1,7,sharded_n,Sharded-N,100,write-heavy,1,301665.47699858056,314.0,667.0,325.80896666666666,130.40791927168536,0.40025884065095413,0,100,900,1790603508.160683,2657.74525,3386.894,performance,,32861572.0,32001912.0,30215920.0,0.0,0.0,10.54,5.5,2.29,,,
1,8,thread_local,ThreadLocal,100,mixed,1,296634.8164371021,318.0,679.0,330.3906333333333,137.39216208075013,0.41584763071092956,0,100,900,1790603510.8146584,2410.3855,3183.084,performance,,32861572.0,32029632.0,30243672.0,0.0,0.0,10.54,5.5,2.29,,,
1,9,thread_local,ThreadLocal,100,read-heavy,1,303495.3580621036,312.0,649.0,323.79184444444445,127.04990647128275,0.3923814285355841,0,100,900,1790603513.4725122,2544.08975,3278.742,performance,,32861572.0,32043152.0,30257184.0,0.0,0.0,9.69,5.41,2.27,,,
1,10,global_mutex,GlobalMutex,1000,read-heavy,1,307301.87955120293,1845.0,13683.0,3167.66595,3128.279882226624,0.9875662180308578,0,100,900,1790603516.290648,2446.153875,3075.926,performance,,32861572.0,32044728.0,30258732.0,0.0,0.0,9.69,5.41,2.27,,,
1,11,sharded_2key,Sharded-2key,2000,read-heavy,1,294601.14472459763,1957.0,40972.0,6552.7618461111115,9827.451685260101,1.4997419280684572,0,100,900,1790603522.0745187,3000.85325,3483.926,performance,,32861572.0,31959988.0,30173960.0,0.0,0.0,10.84,5.72,2.39,,,
1,12,hdr_histogram,HdrHistogram,750,write-heavy,1,297903.14239912404,1777.0,8880.0,2458.5522296296294,1898.6940097959186,0.7722813397712315,0,100,900,1790603531.4286397,2366.00175,2828.014,performance,,32861572.0,32016236.0,30229876.0,0.0,0.0,11.01,5.93,2.49,,,
1,13,global_mutex,GlobalMutex,2000,mixed,1,287722.10735450796,2006.0,42116.0,6691.698444444444,10121.991524352483,1.51261919651444,0,100,900,1790603536.3022938,2510.1655,3294.68,performance,,32861572.0,31965228.0,30178888.0,0.0,0.0,11.33,6.08,2.56,,,
1,14,global_mutex,GlobalMutex,750,mixed,1,303949.70004408644,1799.0,8492.0,2408.4315037037036,1798.0220569949997,0.7465531214942124,0,100,900,1790603545.6557238,3113.203125,3385.556,performance,,32861572.0,31995448.0,30208712.0,0.0,0.0,14.62,6.94,2.88,,,
1,15,sharded_2key,Sharded-2key,250,write-heavy,1,318721.6335355741,748.0,1587.0,766.6305422222222,329.70211710437945,0.43006650393640217,0,100,900,1790603550.4845665,2449.2,3493.6,performance,,32861572.0,32005440.0,30218760.0,0.0,0.0,18.82,7.93,3.22,,,
1,16,disabled,Disabled,100,read-heavy,1,304144.663475876,309.0,717.0,322.6793666666667,133.4769719875116,0.4136520204757796,0,100,900,1790603553.6071808,2300.0,2300.0,performance,,32861572.0,32004456.0,30217808.0,0.0,0.0,17.31,7.8,3.2,,,
1,17,sharded_2key,Sharded-2key,1000,read-heavy,1,301635.3662093749,1875.0,14588.0,3218.74046,3320.169300484444,1.0315119661696626,0,100,900,1790603556.4288533,2394.54625,3056.37,performance,,32861572.0,32014956.0,30228276.0,0.0,0.0,17.31,7.8,3.2,,,
1,18,thread_local,ThreadLocal,250,write-heavy,1,308629.81216117507,768.0,1802.0,793.2693866666667,364.1110667475249,0.4590005272704732,0,100,900,1790603562.2748053,2405.286375,3142.291,performance,,32861572.0,31988360.0,30201388.0,0.0,0.0,17.29,7.96,3.28,,,
1,19,sharded_n,Sharded-N,1500,write-heavy,1,285936.46373249905,2000.0,28897.0,5043.222768888889,6910.60249798983,1.3702750829530297,0,100,900,1790603565.4220426,2300.0,2300.0,performance,,32861572.0,32005500.0,30218644.0,0.0,0.0,17.26,8.11,3.35,,,
1,20,disabled,Disabled,100,write-heavy,1,295993.1038605795,318.0,687.0,330.9479,137.35397898287758,0.4150320306697144,0,100,900,1790603573.04452,2632.589,3485.002,performance,,32861572.0,31993192.0,30206024.0,0.0,0.0,15.49,8.04,3.38,,,
1,21,disabled,Disabled,750,mixed,1,306583.99888484087,1747.0,8668.0,2386.085034074074,1849.616514987959,0.7751678957685207,0,100,900,1790603575.70541,2411.004375,3188.035,performance,,32861572.0,32007520.0,30220316.0,0.0,0.0,15.49,8.04,3.38,,,
1,22,disabled,Disabled,250,write-heavy,1,308187.3132027042,762.0,1928.0,793.6438311111111,369.45358019218713,0.4655155949173669,0,100,900,1790603580.514854,2403.380625,3127.045,performance,,32861572.0,31951344.0,30164052.0,0.0,0.0,15.45,8.15,3.44,,,
1,23,sharded_2key,Sharded-2key,1500,mixed,1,289707.15909144457,1969.0,28406.0,5010.1567725925925,6671.502198602242,1.3315954971903918,0,100,900,1790603583.655708,2392.5815,3040.652,performance,,32861572.0,31979852.0,30192572.0,0.0,0.0,14.21,8.02,3.42,,,
1,24,thread_local,ThreadLocal,3000,read-heavy,1,280956.8198610275,2072.0,76643.0,10272.225357777777,17721.402399498973,1.7251765593402733,0,100,900,1790603591.2166293,2376.434875,2911.479,performance,,32861572.0,31987612.0,30199936.0,0.0,0.0,14.12,8.1,3.48,,,
1,25,global_mutex,GlobalMutex,500,read-heavy,1,322720.8147251914,1424.0,3823.0,1515.9866555555554,744.2286246355454,0.4909203005898571,0,100,900,1790603604.4562662,2300.0,2300.0,performance,,32861572.0,32014332.0,30226356.0,0.0,0.0,15.44,8.75,3.77,,,
1,26,global_mutex,GlobalMutex,1500,mixed,1,292289.2427808537,1957.0,26852.0,4966.988436296297,6650.393275583893,1.3389186145444,0,100,900,1790603608.5255823,2529.194875,3335.991,performance,,32861572.0,32020372.0,30232316.0,0.0,0.0,14.28,8.62,3.75,,,
1,27,disabled,Disabled,750,write-heavy,1,302425.11446539685,1788.0,8486.0,2423.0270074074074,1816.8904809051592,0.749843264375826,0,100,900,1790603616.0379586,2410.762875,3186.103,performance,,32861572.0,31980736.0,30192344.0,0.0,0.0,13.86,8.62,3.78,,,
1,28,sharded_2key,Sharded-2key,250,read-heavy,1,320381.815840662,742.0,1655.0,763.4470933333333,339.01717125204846,0.4440611199026834,0,100,900,1790603620.8802385,2300.0,2300.0,performance,,32861572.0,31990488.0,30202136.0,0.0,0.0,13.63,8.66,3.82,,,
1,29,disabled,Disabled,2000,mixed,1,292628.4795654686,1962.0,41004.0,6591.75128,9872.66607042612,1.4977303680102019,0,100,900,1790603624.1647766,2744.688625,3253.722,performance,,32861572.0,32004380.0,30216052.0,0.0,0.0,12.54,8.52,3.8,,,
1,30,disabled,Disabled,1000,write-heavy,1,296294.1853160611,1868.0,14560.0,3276.5838833333332,3325.4600863005294,1.0149168172424365,0,100,900,1790603633.409564,2525.119875,3286.184,performance,,32861572.0,31999620.0,30210880.0,0.0,0.0,12.16,8.58,3.87,,,
1,31,thread_local,ThreadLocal,3000,write-heavy,1,274137.0965695635,2134.0,74699.0,10516.348837407408,17818.857533421826,1.6943958220593511,0,100,900,1790603639.1524305,2300.0,2300.0,performance,,32861572.0,31989396.0,30200736.0,0.0,0.0,11.18,8.44,3.85,,,
1,32,disabled,Disabled,1000,read-heavy,1,303395.0025173644,1877.0,14924.0,3199.315951111111,3294.8727831843967,1.029867894741718,0,100,900,1790603652.5228338,2783.152375,3226.414,performance,,32861572.0,32024296.0,30235224.0,0.0,0.0,12.61,8.84,4.03,,,
1,33,global_mutex,GlobalMutex,1500,write-heavy,1,295369.649892079,1925.0,28581.0,4905.684117037037,6775.813301223186,1.3812167965913957,0,100,900,1790603658.3459961,2857.30025,3336.821,performance,,32861572.0,31980560.0,30191364.0,0.0,0.0,10.67,8.55,3.98,,,
1,34,hdr_histogram,HdrHistogram,250,mixed,1,315422.0563493485,759.0,1621.0,777.49812,333.44426634268893,0.428868260598095,0,100,900,1790603665.812729,2384.759125,2978.073,performance,,32861572.0,31993128.0,30203724.0,0.0,0.0,10.54,8.55,4.01,,,
1,35,hdr_histogram,HdrHistogram,1500,write-heavy,1,288483.2426955562,1983.0,28000.0,5028.1994185185185,6644.135507849032,1.3213747019219506,0,100,900,1790603668.9456863,2408.840375,3170.723,performance,,32861572.0,32001096.0,30211708.0,0.0,0.0,9.69,8.41,3.99,,,
1,36,sharded_n,Sharded-N,3000,write-heavy,1,271443.566883199,2149.0,75249.0,10590.501002962963,18118.368090773914,1.7108131225996617,0,100,900,1790603676.5334084,2300.0,2300.0,performance,,32861572.0,31993376.0,30203664.0,0.0,0.0,10.2,8.54,4.05,,,
1,37,global_mutex,GlobalMutex,100,mixed,1,289733.30609325174,322.0,792.0,338.3321555555556,145.52847774308938,0.4301349291028088,0,100,900,1790603690.0036821,2399.260125,3094.081,performance,,32861572.0,32027704.0,30237708.0,0.0,0.0,11.23,8.84,4.22,,,
1,38,sharded_2key,Sharded-2key,750,write-heavy,1,298784.70410509506,1811.0,8706.0,2452.9329377777776,1867.2243386199705,0.7612211120258237,0,100,900,1790603692.6697047,2677.416875,3474.548,performance,,32861572.0,32028948.0,30238948.0,0.0,0.0,11.23,8.84,4.22,,,
1,39,disabled,Disabled,750,read-heavy,1,309073.56495639635,1739.0,8673.0,2365.276174814815,1830.2612932546117,0.7738044769329775,0,100,900,1790603697.5249517,2610.2385,3187.357,performance,,32861572.0,32004832.0,30214764.0,0.0,0.0,10.33,8.69,4.2,,,
1,40,disabled,Disabled,3000,mixed,1,280719.3798711688,2051.0,75291.0,10238.859677407407,17739.13723727571,1.7325305547861027,0,100,900,1790603702.4805324,2407.349125,3158.793,performance,,32861572.0,32002724.0,30212612.0,0.0,0.0,9.59,8.57,4.18,,,
1,41,thread_local,ThreadLocal,500,mixed,1,317529.39774484903,1446.0,4003.0,1543.3492133333334,766.4560020007277,0.4966186494794216,0,100,900,1790603715.6021867,2414.46475,3215.718,performance,,32861572.0,32020468.0,30229876.0,0.0,0.0,12.01,9.17,4.45,,,
1,42,sharded_n,Sharded-N,1500,read-heavy,1,290904.1991110935,1975.0,27831.0,4982.351352592593,6676.421930658565,1.3400142740203285,0,100,900,1790603719.5272756,2300.0,2300.0,performance,,32861572.0,32021872.0,30231280.0,0.0,0.0,11.05,9.02,4.43,,,
1,43,hdr_histogram,HdrHistogram,1000,read-heavy,1,299749.8346830536,1872.0,14394.0,3249.196483333333,3272.5441983117316,1.00718568886128,0,100,900,1790603727.2161484,2300.0,2300.0,performance,,32861572.0,31986300.0,30195380.0,0.0,0.0,11.44,9.13,4.49,,,
1,44,sharded_2key,Sharded-2key,1000,mixed,1,310375.8446216476,1840.0,14087.0,3129.9865544444447,3192.198602673229,1.0198761391292386,0,100,900,1790603733.0885396,3165.67825,3563.968,performance,,32861572.0,31978816.0,30187904.0,0.0,0.0,11.83,9.31,4.6,,,
1,45,hdr_histogram,HdrHistogram,750,mixed,1,305166.5560544144,1755.0,8484.0,2396.555084444444,1827.0451815954423,0.7623631075515118,0,100,900,1790603738.692463,2356.371875,2750.975,performance,,32861572.0,32008848.0,30217784.0,0.0,0.0,10.88,9.15,4.57,,,
1,46,global_mutex,GlobalMutex,750,write-heavy,1,302168.4712073013,1822.0,8312.0,2423.892497777778,1795.9446583259532,0.7409341214482381,0,100,900,1790603743.4990234,2629.571875,3254.696,performance,,32861572.0,31991356.0,30200176.0,0.0,0.0,10.01,9.0,4.55,,,
1,47,disabled,Disabled,500,write-heavy,1,315159.73035759886,1439.0,4153.0,1554.2801755555556,801.5607834280962,0.5157119006176538,0,100,900,1790603748.3399472,2403.411125,3127.289,performance,,32861572.0,32008572.0,30217308.0,0.0,0.0,9.21,8.85,4.52,,,
1,48,global_mutex,GlobalMutex,1000,mixed,1,301309.6535576455,1907.0,13971.0,3224.048803333333,3204.862449076467,0.9940489876465177,0,100,900,1790603752.2774425,2786.960625,3322.148,performance,,32861572.0,31999632.0,30208372.0,0.0,0.0,9.21,8.85,4.52,,,
1,49,global_mutex,GlobalMutex,1000,write-heavy,1,294557.28680455376,1909.0,13982.0,3300.6164422222223,3257.3359054373054,0.9868871353147058,0,100,900,1790603757.9612987,2300.0,2300.0,performance,,32861572.0,31968764.0,30177296.0,0.0,0.0,9.34,8.9,4.59,,,
1,50,sharded_2key,Sharded-2key,2000,mixed,1,286376.908149982,2005.0,41760.0,6732.4696722222225,10095.021482341323,1.4994529457730486,0,100,900,1790603763.7239056,2409.62425,3176.994,performance,,32861572.0,31983912.0,30192284.0,0.0,0.0,8.59,8.75,4.56,,,
1,51,global_mutex,GlobalMutex,2000,write-heavy,1,281626.49466761167,2069.0,42416.0,6846.182272777778,10412.128702441401,1.5208664168704307,0,100,900,1790603773.0965903,2388.92825,3011.426,performance,,32861572.0,31994580.0,30202632.0,0.0,0.0,8.3,8.69,4.59,,,
1,52,global_mutex,GlobalMutex,3000,write-heavy,1,269788.46229302953,2191.0,75811.0,10678.689932222222,18114.778870927963,1.696348427185609,0,100,900,1790603782.5859697,2947.9695,3220.588,performance,,32861572.0,32013156.0,30220952.0,0.0,0.0,8.84,8.8,4.64,,,
1,53,disabled,Disabled,2000,write-heavy,1,283609.824735289,2018.0,42546.0,6793.425164444445,10283.43505931418,1.513733471759697,0,100,900,1790603796.128191,2300.0,2300.0,performance,,32861572.0,32008900.0,30216300.0,0.0,0.0,9.04,8.83,4.72,,,
1,54,global_mutex,GlobalMutex,3000,mixed,1,277006.67205339106,2103.0,75026.0,10385.635705555556,17626.334583152042,1.6971839840023697,0,100,900,1790603805.5867724,2419.191125,3253.529,performance,,32861572.0,32004964.0,30212136.0,0.0,0.0,9.93,9.03,4.83,,,
1,55,hdr_histogram,HdrHistogram,1000,write-heavy,1,290493.19657655153,1970.0,14968.0,3355.67672,3406.9237303576824,1.0152717364137753,0,100,900,1790603818.8563104,2682.343375,3676.255,performance,,32861572.0,32023892.0,30230676.0,0.0,0.0,11.81,9.52,5.06,,,
1,56,sharded_n,Sharded-N,3000,mixed,1,275014.3911593214,2120.0,75300.0,10473.410016666667,17816.45166950756,1.7011127838168927,0,100,900,1790603824.661191,2300.0,2300.0,performance,,32861572.0,31985040.0,30191756.0,0.0,0.0,10.86,9.36,5.03,,,
1,57,global_mutex,GlobalMutex,250,mixed,1,326075.3534374595,734.0,1578.0,752.4657955555556,320.93785493192956,0.4265148752641664,0,100,900,1790603837.9960628,2835.295375,3201.733,performance,,32861572.0,32005972.0,30212252.0,0.0,0.0,10.1,9.27,5.07,,,
1,58,global_mutex,GlobalMutex,250,read-heavy,1,314817.2697935688,761.0,1638.0,781.3766577777777,334.2582718504321,0.4277812352381463,0,100,900,1790603841.1014767,2428.477875,3327.823,performance,,32861572.0,32027376.0,30233700.0,0.0,0.0,10.1,9.27,5.07,,,
1,59,hdr_histogram,HdrHistogram,250,write-heavy,1,319228.89417846914,751.0,1639.0,769.0079111111111,327.66813033462347,0.42609201491983084,0,100,900,1790603844.3947043,2746.659125,3065.221,performance,,32861572.0,32007768.0,30214168.0,0.0,0.0,9.29,9.12,5.05,,,
1,60,disabled,Disabled,1500,mixed,1,297863.2794855979,1916.0,27178.0,4872.671980740741,6592.443594097776,1.3529422091522765,0,100,900,1790603847.5143561,2300.0,2300.0,performance,,32861572.0,32011176.0,30217544.0,0.0,0.0,9.29,9.12,5.05,,,
1,61,sharded_2key,Sharded-2key,1000,write-heavy,1,291551.5502770844,1951.0,14509.0,3332.7318111111113,3344.4366924460683,1.003512098182018,0,100,900,1790603854.9302988,2300.0,2300.0,performance,,32861572.0,31977788.0,30183856.0,0.0,0.0,12.63,9.85,5.33,,,
1,62,thread_local,ThreadLocal,750,write-heavy,1,310931.0312202463,1709.0,8260.0,2352.802346666667,1809.1788968791443,0.7689464010618227,0,100,900,1790603860.7258315,2893.82675,3464.768,performance,,32861572.0,31972144.0,30178088.0,0.0,0.0,16.82,10.77,5.65,,,
1,63,thread_local,ThreadLocal,500,write-heavy,1,306826.677988362,1488.0,4140.0,1601.3517222222222,794.9933355535712,0.49645141946102,0,100,900,1790603865.5003822,2440.7825,3426.26,performance,,32861572.0,31985876.0,30191728.0,0.0,0.0,16.76,10.85,5.71,,,
1,64,thread_local,ThreadLocal,750,mixed,1,302974.17616306717,1804.0,8378.0,2419.9777377777777,1809.5042350114597,0.7477359013529997,0,100,900,1790603869.4777808,2420.202375,3261.619,performance,,32861572.0,31977504.0,30183336.0,0.0,0.0,15.41,10.67,5.67,,,
1,65,hdr_histogram,HdrHistogram,250,read-heavy,1,319767.61075064505,734.0,1649.0,760.1760933333334,340.6008115793727,0.44805514744071406,0,100,900,1790603874.3009958,2790.814375,3389.268,performance,,32861572.0,31980968.0,30186592.0,0.0,0.0,14.18,10.5,5.64,,,
1,66,hdr_histogram,HdrHistogram,100,mixed,1,294562.7747294949,320.0,740.0,332.8160111111111,133.49600799325455,0.4011105341584264,0,100,900,1790603877.5885537,2450.26875,3502.15,performance,,32861572.0,32013056.0,30218660.0,0.0,0.0,14.18,10.5,5.64,,,
1,67,thread_local,ThreadLocal,250,read-heavy,1,328413.18181442865,728.0,1542.0,747.1538355555556,313.1751230289719,0.41915748554794824,0,100,900,1790603880.2490022,2412.56475,3200.518,performance,,32861572.0,32015612.0,30221164.0,0.0,0.0,14.89,10.7,5.74,,,
1,68,disabled,Disabled,1000,mixed,1,304840.47905022826,1896.0,14196.0,3184.9436477777776,3241.5084536880017,1.0177600649071739,0,100,900,1790603883.5083659,2300.0,2300.0,performance,,32861572.0,32013328.0,30218832.0,0.0,0.0,13.69,10.53,5.71,,,
1,69,hdr_histogram,HdrHistogram,100,read-heavy,1,298184.6024428939,318.0,680.0,329.8924333333333,131.74459332296644,0.39935621436290325,0,100,900,1790603889.1458726,2433.137,3365.096,performance,,32861572.0,31979436.0,30184840.0,0.0,0.0,12.6,10.35,5.68,,,
1,70,sharded_2key,Sharded-2key,500,read-heavy,1,307794.8255725424,1470.0,4162.0,1594.2023533333333,821.8393746832276,0.5155176022446809,0,100,900,1790603891.9754298,2372.4745,2879.796,performance,,32861572.0,31996080.0,30201456.0,0.0,0.0,12.6,10.35,5.68,,,
1,71,sharded_2key,Sharded-2key,1500,write-heavy,1,296280.75398505974,1913.0,26791.0,4899.074179259259,6563.696982855628,1.3397831391579502,0,100,900,1790603896.1119804,2300.0,2300.0,performance,,32861572.0,32011184.0,30216484.0,0.0,0.0,13.11,10.5,5.75,,,
1,72,hdr_histogram,HdrHistogram,750,read-heavy,1,306509.971969772,1770.0,8205.0,2388.4728874074076,1771.7144461407,0.7417770808626701,0,100,900,1790603903.5636897,2448.640125,3489.121,performance,,32861572.0,31979224.0,30184240.0,0.0,0.0,11.68,10.28,5.73,,,
1,73,disabled,Disabled,2000,read-heavy,1,297349.2461482807,1928.0,40763.0,6476.7234733333335,9879.885124714781,1.5254449515087858,0,100,900,1790603908.5331302,2824.974875,3282.772,performance,,32861572.0,31976876.0,30181788.0,0.0,0.0,10.75,10.11,5.7,,,
1,74,global_mutex,GlobalMutex,3000,read-heavy,1,280101.35537258274,2057.0,73180.0,10272.12698037037,17508.032794624778,1.70442137524993,0,100,900,1790603917.8282092,2412.69475,3201.558,performance,,32861572.0,31985560.0,30190216.0,0.0,0.0,11.97,10.37,5.81,,,
1,75,sharded_2key,Sharded-2key,750,mixed,1,305409.58215505653,1776.0,8478.0,2396.6320696296298,1818.296755609488,0.758688318766628,0,100,900,1790603931.111508,2888.72325,3302.583,performance,,32861572.0,32004136.0,30208388.0,0.0,0.0,11.83,10.41,5.89,,,
1,76,hdr_histogram,HdrHistogram,500,mixed,1,308106.8467575378,1466.0,4278.0,1588.1708155555555,832.9622041804898,0.5244789767082533,0,100,900,1790603935.9292705,2705.28075,3149.986,performance,,32861572.0,32003196.0,30207544.0,0.0,0.0,11.85,10.44,5.92,,,
1,77,sharded_n,Sharded-N,100,mixed,1,290236.55640233756,325.0,734.0,338.4837,139.16556044035835,0.4111440534370144,0,100,900,1790603939.90412,2300.0,2300.0,performance,,32861572.0,31991000.0,30195264.0,0.0,0.0,10.9,10.26,5.89,,,
1,78,sharded_n,Sharded-N,1000,mixed,1,292002.3750785361,1912.0,14159.0,3333.678898888889,3329.6693718915994,0.9987972665877851,0,100,900,1790603942.56744,2300.0,2300.0,performance,,32861572.0,32020472.0,30224708.0,0.0,0.0,10.9,10.26,5.89,,,
1,79,disabled,Disabled,250,mixed,1,314369.7481337482,752.0,1704.0,778.9375288888889,355.60396829486956,0.4565243746852445,0,100,900,1790603948.3554869,2300.0,2300.0,performance,,32861572.0,31986940.0,30191000.0,0.0,0.0,10.55,10.22,5.92,,,
1,80,disabled,Disabled,3000,write-heavy,1,272450.51534720324,2149.0,75990.0,10578.713464444445,17966.257374715686,1.6983404867804694,0,100,900,1790603951.488548,2468.923625,3129.403,performance,,32861572.0,32013468.0,30217472.0,0.0,0.0,10.55,10.22,5.92,,,
1,81,hdr_histogram,HdrHistogram,1000,mixed,1,297862.41717079136,1892.0,14399.0,3265.125128888889,3264.914622852707,0.9999355289528358,0,100,900,1790603964.9390833,2300.0,2300.0,performance,,32861572.0,32022468.0,30225960.0,0.0,0.0,12.49,10.68,6.14,,,
1,82,thread_local,ThreadLocal,500,read-heavy,1,315777.63169062464,1443.0,4166.0,1552.4259377777778,791.4099010939409,0.5097891511828292,0,100,900,1790603970.6420736,2300.0,2300.0,performance,,32861572.0,31982220.0,30185700.0,0.0,0.0,12.53,10.72,6.18,,,
1,83,sharded_n,Sharded-N,250,read-heavy,1,314835.14406988426,757.0,1647.0,778.1601422222222,340.38013147649167,0.4374165586333616,0,100,900,1790603974.7377515,2407.789375,3162.315,performance,,32861572.0,32008992.0,30212480.0,0.0,0.0,11.53,10.54,6.15,,,
1,84,thread_local,ThreadLocal,1000,mixed,1,299705.1768207062,1862.0,14184.0,3243.55334,3319.0074923728334,1.0232628060844018,0,100,900,1790603978.0290868,2300.0,2300.0,performance,,32861572.0,32021188.0,30224636.0,0.0,0.0,10.61,10.36,6.12,,,
1,85,hdr_histogram,HdrHistogram,500,write-heavy,1,307418.99507430336,1471.0,4101.0,1592.3469333333333,818.1604135311202,0.5138078872161529,0,100,900,1790603983.7283475,2928.783625,3269.706,performance,,32861572.0,32006024.0,30209272.0,0.0,0.0,9.76,10.19,6.08,,,
1,86,sharded_n,Sharded-N,2000,write-heavy,1,279653.5993941727,2073.0,44610.0,6872.654522222222,10627.847328237718,1.5463962714659025,0,100,900,1790603987.707335,2698.20325,3182.568,performance,,32861572.0,31971260.0,30174508.0,0.0,0.0,9.76,10.19,6.08,,,
1,87,sharded_2key,Sharded-2key,750,read-heavy,1,313950.3154295795,1718.0,8205.0,2336.2472637037035,1744.4760618043626,0.7467000984471168,0,100,900,1790603997.2397404,2444.53925,3456.314,performance,,32861572.0,32003724.0,30206576.0,0.0,0.0,9.38,10.09,6.09,,,
1,88,sharded_n,Sharded-N,3000,read-heavy,1,289580.79543048405,2005.0,66882.0,9949.29368962963,17052.00765790102,1.7138912760887444,0,100,900,1790604002.1714094,2620.7435,3281.394,performance,,32861572.0,31977416.0,30180296.0,0.0,0.0,12.31,10.68,6.31,,,
1,89,hdr_histogram,HdrHistogram,100,write-heavy,1,289315.30049495806,323.0,790.0,338.97815555555553,147.40405365332427,0.4348482379690276,0,100,900,1790604015.1577346,2375.454625,2903.637,performance,,32861572.0,32032424.0,30234840.0,0.0,0.0,12.64,10.82,6.42,,,
1,90,global_mutex,GlobalMutex,100,read-heavy,1,295646.428945914,316.0,768.0,330.85226666666665,144.1310194652524,0.4356355811533982,0,100,900,1790604017.8260074,2300.0,2300.0,performance,,32861572.0,32037376.0,30239772.0,0.0,0.0,12.64,10.82,6.42,,,
1,91,sharded_2key,Sharded-2key,500,mixed,1,309921.41081735917,1473.0,4121.0,1579.2713177777778,811.1842456788161,0.5136446388580327,0,100,900,1790604020.653659,2830.973375,3213.259,performance,,32861572.0,32045664.0,30248032.0,0.0,0.0,11.63,10.64,6.39,,,
1,92,sharded_2key,Sharded-2key,100,mixed,1,290673.1117895651,324.0,729.0,337.01045555555555,145.13726384153733,0.43066101199228735,0,100,900,1790604024.608243,2300.0,2300.0,performance,,32861572.0,32025760.0,30228128.0,0.0,0.0,10.7,10.46,6.35,,,
1,93,global_mutex,GlobalMutex,500,write-heavy,1,299457.41012402216,1494.0,4572.0,1632.5694666666666,871.1349416716366,0.5335974728538166,0,100,900,1790604027.2728229,2411.777,3194.216,performance,,32861572.0,32042480.0,30244812.0,0.0,0.0,10.7,10.46,6.35,,,
1,94,sharded_n,Sharded-N,1000,read-heavy,1,303787.1393866029,1859.0,13895.0,3197.4084211111112,3178.042403216568,0.9939432142085203,0,100,900,1790604031.2930331,2683.29325,3196.568,performance,,32861572.0,32013360.0,30215636.0,0.0,0.0,10.88,10.5,6.39,,,
1,95,sharded_2key,Sharded-2key,250,mixed,1,313278.5315244549,763.0,1648.0,784.2560177777777,332.92503764483524,0.42451065735930504,0,100,900,1790604037.1224346,2300.0,2300.0,performance,,32861572.0,31992860.0,30194896.0,0.0,0.0,12.17,10.78,6.5,,,
1,96,global_mutex,GlobalMutex,750,read-heavy,1,304923.6509801608,1766.0,8390.0,2396.378020740741,1800.3375077817204,0.7512744200621657,0,100,900,1790604040.2476332,2442.963,3443.704,performance,,32861572.0,32016996.0,30219068.0,0.0,0.0,12.16,10.8,6.53,,,
1,97,sharded_n,Sharded-N,500,mixed,1,321939.183760845,1433.0,3789.0,1518.1296555555555,747.785795737195,0.49257044218897417,0,100,900,1790604045.225881,2392.557875,3040.463,performance,,32861572.0,31967972.0,30169968.0,0.0,0.0,11.99,10.79,6.55,,,
1,98,sharded_2key,Sharded-2key,100,read-heavy,1,299507.02541316446,313.0,742.0,328.02346666666665,136.5823195475219,0.4163797210469553,0,100,900,1790604049.1359324,2452.7725,3522.18,performance,,32861572.0,31979712.0,30181640.0,0.0,0.0,11.03,10.61,6.51,,,
1,99,thread_local,ThreadLocal,1500,write-heavy,1,294493.3550727688,1960.0,27646.0,4914.960603703704,6648.357943512239,1.3526777688721088,0,100,900,1790604051.9584427,2935.343375,3228.147,performance,,32861572.0,31988444.0,30190396.0,0.0,0.0,11.03,10.61,6.51,,,
1,100,global_mutex,GlobalMutex,500,mixed,1,315266.1020874304,1439.0,4112.0,1554.1406577777777,773.8521576518451,0.4979292921648126,0,100,900,1790604059.448193,3018.867625,3516.746,performance,,32861572.0,31992540.0,30194136.0,0.0,0.0,11.54,10.75,6.6,,,
1,101,hdr_histogram,HdrHistogram,1500,read-heavy,1,295968.3433645508,1931.0,25657.0,4906.519828148148,6392.424775390438,1.3028429516819278,0,100,900,1790604063.3935754,2996.84725,3681.375,performance,,32861572.0,31998564.0,30200160.0,0.0,0.0,10.62,10.57,6.57,,,
1,102,hdr_histogram,HdrHistogram,3000,mixed,1,275076.7553929543,2117.0,75266.0,10488.377325555555,17880.325530231676,1.7047751978435406,0,100,900,1790604070.998615,2411.971125,3195.769,performance,,32861572.0,31937804.0,30139068.0,0.0,0.0,10.49,10.54,6.58,,,
1,103,sharded_n,Sharded-N,250,write-heavy,1,309585.3016824145,768.0,1657.0,787.6215822222222,340.56224424807033,0.4323932354509592,0,100,900,1790604084.34255,2531.30175,3250.495,performance,,32861572.0,31997988.0,30198888.0,0.0,0.0,10.7,10.61,6.67,,,
1,104,sharded_2key,Sharded-2key,100,write-heavy,1,297944.4899024974,316.0,735.0,330.1391111111111,136.02966418307437,0.41203740970058056,0,100,900,1790604087.4820132,2925.946625,3259.389,performance,,32861572.0,32023400.0,30224392.0,0.0,0.0,10.7,10.61,6.67,,,
1,105,disabled,Disabled,1500,write-heavy,1,292460.8620100632,1967.0,26939.0,4954.940779259259,6670.38794620134,1.346209418712474,0,100,900,1790604090.1406,2404.776625,3138.213,performance,,32861572.0,32032212.0,30233176.0,0.0,0.0,11.61,10.8,6.75,,,
1,106,disabled,Disabled,100,mixed,1,299693.16814059427,312.0,728.0,327.5742333333333,134.80337755404503,0.4115200886904669,0,100,900,1790604097.651285,2533.902625,3271.291,performance,,32861572.0,31982568.0,30183184.0,0.0,0.0,11.48,10.78,6.77,,,
1,107,sharded_2key,Sharded-2key,3000,read-heavy,1,282064.37152300664,2049.0,74038.0,10245.792162222222,17417.31275824691,1.699947889092184,0,100,900,1790604100.3072162,2300.0,2300.0,performance,,32861572.0,32014552.0,30215140.0,0.0,0.0,10.56,10.6,6.73,,,
1,108,sharded_2key,Sharded-2key,3000,write-heavy,1,274288.1963727194,2149.0,75835.0,10493.71683925926,17974.010288918184,1.7128354580403324,0,100,900,1790604113.5538511,2513.960875,3323.352,performance,,32861572.0,32020668.0,30220852.0,0.0,0.0,9.99,10.49,6.75,,,
1,109,sharded_n,Sharded-N,2000,read-heavy,1,296725.2736606904,1930.0,41259.0,6494.730562777778,9779.591411760037,1.505773229117196,0,100,900,1790604126.9137084,2877.41775,3289.003,performance,,32861572.0,32022336.0,30222228.0,0.0,0.0,11.27,10.75,6.88,,,
1,110,hdr_histogram,HdrHistogram,3000,write-heavy,1,272293.78218122595,2152.0,73031.0,10581.518393703704,18047.86346487989,1.705602428061635,0,100,900,1790604136.2282476,2300.0,2300.0,performance,,32861572.0,31987712.0,30187424.0,0.0,0.0,12.75,11.08,7.03,,,
1,111,global_mutex,GlobalMutex,1500,read-heavy,1,294337.3448777193,1930.0,27112.0,4911.626537777778,6581.218947335352,1.3399265796607098,0,100,900,1790604149.6729274,2384.054625,2972.437,performance,,32861572.0,31999536.0,30198880.0,0.0,0.0,11.95,11.0,7.07,,,
1,112,disabled,Disabled,500,read-heavy,1,328861.678318214,1378.0,4133.0,1488.9923422222223,777.1835427974997,0.5219526795131832,0,100,900,1790604157.3185265,2300.0,2300.0,performance,,32861572.0,31990640.0,30189820.0,0.0,0.0,14.51,11.55,7.27,,,
1,113,sharded_2key,Sharded-2key,3000,mixed,1,276929.4707843105,2107.0,75068.0,10385.030077037038,17703.85598419341,1.7047476851645782,0,100,900,1790604161.3799827,2418.739,3249.912,performance,,32861572.0,31998592.0,30197768.0,0.0,0.0,14.63,11.62,7.31,,,
1,114,sharded_2key,Sharded-2key,2000,write-heavy,1,282307.6331262402,2066.0,44405.0,6796.330262222222,10458.951233049793,1.5389115639636368,0,100,900,1790604174.6512713,2734.8985,3201.857,performance,,32861572.0,32023696.0,30222452.0,0.0,0.0,13.23,11.48,7.34,,,
1,115,thread_local,ThreadLocal,1500,mixed,1,306416.5198319271,1872.0,25894.0,4738.650393333333,6197.935702697309,1.3079537818229852,0,100,900,1790604184.1455054,2300.0,2300.0,performance,,32861572.0,31995256.0,30193764.0,0.0,0.0,12.89,11.47,7.38,,,
1,116,global_mutex,GlobalMutex,250,write-heavy,1,315789.22371210926,753.0,1636.0,777.1397644444445,337.41884840527706,0.4341803930808873,0,100,900,1790604191.4499593,2391.074375,3028.595,performance,,32861572.0,32001236.0,30199544.0,0.0,0.0,13.14,11.55,7.43,,,
1,117,thread_local,ThreadLocal,750,read-heavy,1,315174.3425747454,1742.0,8067.0,2318.0021037037036,1710.6309065774524,0.7379764254071238,0,100,900,1790604194.5791094,2300.0,2300.0,performance,,32861572.0,32007404.0,30205760.0,0.0,0.0,12.09,11.36,7.39,,,
1,118,disabled,Disabled,250,read-heavy,1,338365.6811876985,708.0,1483.0,725.6804488888889,302.60823472189446,0.41699929381482853,0,100,900,1790604199.4763725,2300.0,2300.0,performance,,32861572.0,32003156.0,30201336.0,0.0,0.0,11.12,11.17,7.35,,,
1,119,thread_local,ThreadLocal,1500,read-heavy,1,305856.85121263424,1855.0,26293.0,4752.182712592593,6405.142695345647,1.3478317402175952,0,100,900,1790604202.723637,2559.51275,3517.934,performance,,32861572.0,32014624.0,30212912.0,0.0,0.0,11.12,11.17,7.35,,,
1,120,sharded_n,Sharded-N,250,mixed,1,312093.1103412432,759.0,1689.0,786.3613111111111,352.1533745540916,0.4478264247976629,0,100,900,1790604210.18486,2408.928,3171.424,performance,,32861572.0,31964864.0,30162816.0,0.0,0.0,10.77,11.08,7.36,,,
1,121,sharded_n,Sharded-N,1000,write-heavy,1,290655.5845608729,1944.0,15216.0,3346.582986666667,3424.7729145823105,1.0233641084733787,0,100,900,1790604213.3198273,2387.1065,2996.852,performance,,32861572.0,31996724.0,30194672.0,0.0,0.0,9.91,10.9,7.32,,,
1,122,thread_local,ThreadLocal,2000,read-heavy,1,290333.9591608172,1980.0,42298.0,6626.875789444444,10130.659197347457,1.5287232655671592,0,100,900,1790604219.1270275,2300.0,2300.0,performance,,32861572.0,31989428.0,30187248.0,0.0,0.0,9.11,10.72,7.28,,,
1,123,sharded_2key,Sharded-2key,1500,read-heavy,1,300611.37064633786,1874.0,26216.0,4830.6402311111115,6422.226268434951,1.3294772454950041,0,100,900,1790604228.5884173,2393.967625,3051.741,performance,,32861572.0,32003368.0,30200920.0,0.0,0.0,9.04,10.66,7.3,,,
1,124,sharded_n,Sharded-N,750,read-heavy,1,302538.0104632865,1799.0,8821.0,2425.324625185185,1839.8642246200764,0.7586053452451108,0,100,900,1790604236.1283073,2300.0,2300.0,performance,,32861572.0,31976664.0,30173956.0,0.0,0.0,13.28,11.51,7.59,,,
1,125,thread_local,ThreadLocal,100,write-heavy,1,285077.3207139782,327.0,786.0,342.79071111111114,147.55712720240098,0.43045835963324064,0,100,900,1790604241.1224034,2300.0,2300.0,performance,,32861572.0,31996884.0,30194192.0,0.0,0.0,13.34,11.55,7.63,,,
1,126,global_mutex,GlobalMutex,2000,read-heavy,1,292277.38416467624,1966.0,41342.0,6602.982969444444,10144.146003386846,1.5362974659073436,0,100,900,1790604243.7930956,2300.0,2300.0,performance,,32861572.0,32019296.0,30216568.0,0.0,0.0,12.27,11.36,7.59,,,
1,127,hdr_histogram,HdrHistogram,1500,mixed,1,288080.23429387057,1999.0,27959.0,5045.1566111111115,6706.919811486249,1.329377921929199,0,100,900,1790604253.2061806,2300.0,2300.0,performance,,32861572.0,31997256.0,30194140.0,0.0,0.0,14.88,11.98,7.83,,,
1,128,thread_local,ThreadLocal,250,mixed,1,319432.99683343375,751.0,1599.0,769.2811511111111,331.2571573530497,0.4306061013903675,0,100,900,1790604260.7959652,3043.491375,3394.964,performance,,32861572.0,31980548.0,30177328.0,0.0,0.0,15.85,12.23,7.93,,,
1,129,disabled,Disabled,3000,read-heavy,1,288266.1363678693,1997.0,69006.0,9983.42393,16932.15922594125,1.6960272692678542,0,100,900,1790604263.9110162,2505.555125,3128.532,performance,,32861572.0,31990840.0,30187604.0,0.0,0.0,14.58,12.03,7.89,,,
1,130,sharded_n,Sharded-N,750,write-heavy,1,300935.05255540455,1830.0,8618.0,2432.593774814815,1815.2484623556936,0.7462193158386596,0,100,900,1790604276.9296772,2417.286625,3238.293,performance,,32861572.0,31999572.0,30195868.0,0.0,0.0,14.42,12.08,7.95,,,
1,131,hdr_histogram,HdrHistogram,2000,read-heavy,1,292240.8942295098,1955.0,40778.0,6594.17827,10057.939376363413,1.5252756241246435,0,100,900,1790604281.7816436,2522.05375,3188.589,performance,,32861572.0,31992096.0,30188404.0,0.0,0.0,14.23,12.08,7.97,,,
1,132,sharded_n,Sharded-N,500,write-heavy,1,322743.8054580094,1416.0,3937.0,1517.9525533333333,773.0110702183871,0.5092458710391843,0,100,900,1790604291.2022703,2300.0,2300.0,performance,,32861572.0,31986700.0,30182636.0,0.0,0.0,14.04,12.11,8.03,,,
1,133,sharded_n,Sharded-N,100,read-heavy,1,292899.5963290308,321.0,736.0,335.1186777777778,136.75400433139316,0.4080763425011983,0,100,900,1790604295.1101105,2387.5,3000.0,performance,,32861572.0,31989800.0,30185768.0,0.0,0.0,14.44,12.22,8.09,,,
1,134,disabled,Disabled,1500,read-heavy,1,300142.1038798398,1910.0,27501.0,4819.546270370371,6467.185354314868,1.3418660163247857,0,100,900,1790604297.932547,2410.818,3186.544,performance,,32861572.0,32006372.0,30202312.0,0.0,0.0,14.44,12.22,8.09,,,
1,135,thread_local,ThreadLocal,1000,read-heavy,1,303291.7509356899,1899.0,13499.0,3203.925511111111,3186.2800767695376,0.9944925578699069,0,100,900,1790604305.4854736,2412.56825,3200.546,performance,,32861572.0,31976720.0,30172476.0,0.0,0.0,12.78,11.94,8.04,,,
1,136,disabled,Disabled,500,mixed,1,310614.0571401064,1487.0,4063.0,1586.5248977777778,791.4201779936091,0.4988388011446525,0,100,900,1790604311.3103218,2300.0,2300.0,performance,,32861572.0,31949876.0,30145564.0,0.0,0.0,12.88,11.97,8.07,,,
1,137,hdr_histogram,HdrHistogram,500,read-heavy,1,311265.40381930006,1450.0,4244.0,1574.3412555555556,813.9990230495151,0.5170410291778005,0,100,900,1790604315.2771049,2488.44825,3129.785,performance,,32861572.0,32010188.0,30205832.0,0.0,0.0,13.37,12.09,8.13,,,
1,138,hdr_histogram,HdrHistogram,2000,write-heavy,1,282994.8978117231,2044.0,43484.0,6814.757033888889,10427.558009740827,1.5301437685725192,0,100,900,1790604319.3952703,3092.260875,3556.892,performance,,32861572.0,31963284.0,30158856.0,0.0,0.0,12.3,11.89,8.09,,,
1,139,sharded_n,Sharded-N,2000,mixed,1,284375.147571447,2045.0,42844.0,6780.513572777778,10285.235700258787,1.5168815149270805,0,100,900,1790604328.8723156,2300.0,2300.0,performance,,32861572.0,31971084.0,30166248.0,0.0,0.0,11.95,11.84,8.11,,,
1,140,hdr_histogram,HdrHistogram,2000,mixed,1,284227.5406700323,2019.0,41370.0,6776.57248,10198.435068677929,1.5049547686204234,0,100,900,1790604338.2776542,2388.367375,3006.939,performance,,32861572.0,31980248.0,30175220.0,0.0,0.0,11.07,11.66,8.09,,,
1,141,hdr_histogram,HdrHistogram,3000,read-heavy,1,280746.22736118117,2072.0,75392.0,10255.938095185185,17547.334938784876,1.7109439210658608,0,100,900,1790604347.7253065,3061.285625,3304.01,performance,,32861572.0,31974248.0,30168960.0,0.0,0.0,11.55,11.75,8.14,,,
1,142,sharded_2key,Sharded-2key,500,write-heavy,1,304895.93125736655,1482.0,4337.0,1605.5437266666668,833.6938374500763,0.5192595029354581,0,100,900,1790604361.013144,2300.0,2300.0,performance,,32861572.0,32012824.0,30207100.0,0.0,0.0,11.35,11.68,8.18,,,
1,143,thread_local,ThreadLocal,2000,write-heavy,1,281550.82830557344,2069.0,45519.0,6837.603445,10655.796001235814,1.5584109384155451,0,100,900,1790604365.0073934,2300.0,2300.0,performance,,32861572.0,32020692.0,30215004.0,0.0,0.0,11.16,11.64,8.18,,,
1,144,sharded_n,Sharded-N,500,read-heavy,1,305674.30798637954,1472.0,4293.0,1603.3207511111111,841.7009576723211,0.5249735320203504,0,100,900,1790604374.503009,2300.0,2300.0,performance,,32861572.0,32010668.0,30204596.0,0.0,0.0,10.7,11.53,8.18,,,
2,1,disabled,Disabled,100,read-heavy,1,297902.9587930399,313.0,769.0,329.25607777777776,139.86480707929812,0.42479035777646595,0,100,900,1790604378.6422544,2544.673875,3397.898,performance,,32861572.0,32018396.0,30212404.0,0.0,0.0,9.84,11.34,8.14,,,
2,2,sharded_2key,Sharded-2key,3000,mixed,1,277379.3268265584,2083.0,73528.0,10378.190256296297,17592.148149666158,1.6951075009434577,0,100,900,1790604381.4651625,2300.0,2300.0,performance,,32861572.0,32019996.0,30213984.0,0.0,0.0,9.84,11.34,8.14,,,
2,3,sharded_2key,Sharded-2key,750,write-heavy,1,301764.7137424362,1835.0,8443.0,2433.549028148148,1792.9714801607586,0.7367722858352075,0,100,900,1790604394.7015064,2450.449125,3503.593,performance,,32861572.0,32018768.0,30212216.0,0.0,0.0,9.72,11.26,8.16,,,
2,4,hdr_histogram,HdrHistogram,100,read-heavy,1,300428.8070434399,314.0,705.0,327.22167777777776,134.0880016961849,0.4097772574445588,0,100,900,1790604399.5482733,3047.95225,3558.489,performance,,32861572.0,32008560.0,30202096.0,0.0,0.0,8.94,11.07,8.12,,,
2,5,thread_local,ThreadLocal,1500,read-heavy,1,297330.54450115527,1913.0,26308.0,4885.156918518518,6447.10488840113,1.3197334284107891,0,100,900,1790604402.3734555,2300.0,2300.0,performance,,32861572.0,32032060.0,30225568.0,0.0,0.0,8.94,11.07,8.12,,,
2,6,thread_local,ThreadLocal,750,read-heavy,1,318702.12212383165,1730.0,7843.0,2294.9669792592595,1671.694866590416,0.7284178298417107,0,100,900,1790604409.9671297,2413.769625,3210.157,performance,,32861572.0,31987908.0,30181200.0,0.0,0.0,8.23,10.85,8.08,,,
2,7,hdr_histogram,HdrHistogram,3000,mixed,1,273342.7829134745,2143.0,76059.0,10548.53190925926,17887.972600280496,1.6957784034931764,0,100,900,1790604414.8349812,2300.0,2300.0,performance,,32861572.0,31979888.0,30173152.0,0.0,0.0,7.57,10.67,8.04,,,
2,8,sharded_n,Sharded-N,250,mixed,1,308764.2671356751,774.0,1700.0,793.7872533333333,347.8672635223949,0.4382374018499335,0,100,900,1790604428.2375607,2578.308125,3553.11,performance,,32861572.0,32012888.0,30205640.0,0.0,0.0,7.66,10.55,8.04,,,
2,9,sharded_2key,Sharded-2key,1500,write-heavy,1,268183.28501977684,2123.0,31121.0,5408.0253696296295,7401.3193443349965,1.368580736676884,0,100,900,1790604431.3832092,2300.0,2300.0,performance,,32861572.0,32019364.0,30212180.0,0.0,0.0,7.66,10.55,8.04,,,
2,10,hdr_histogram,HdrHistogram,1000,read-heavy,1,312473.7180308725,1810.0,13932.0,3111.98417,3139.329218391407,1.0087870139748836,0,100,900,1790604439.3266206,2406.02525,3148.202,performance,,32861572.0,31731736.0,29885556.0,0.0,0.0,7.44,10.42,8.03,,,
2,11,sharded_2key,Sharded-2key,1000,write-heavy,1,300379.43008444685,1903.0,14653.0,3238.0613444444443,3353.228304398801,1.0355666393263208,0,100,900,1790604445.067117,3240.100625,3407.803,performance,,32861572.0,31779188.0,29932932.0,0.0,0.0,10.05,10.91,8.2,,,
2,12,sharded_n,Sharded-N,500,read-heavy,1,318000.7994709699,1415.0,4263.0,1543.4572266666667,796.0349781348688,0.5157480002565596,0,100,900,1790604450.765303,2300.0,2300.0,performance,,32861572.0,31979188.0,30132800.0,0.0,0.0,12.13,11.33,8.35,,,
2,13,thread_local,ThreadLocal,100,read-heavy,1,297082.36302520044,318.0,678.0,330.0237888888889,133.8313098596495,0.40552019086329355,0,100,900,1790604454.8768682,2411.128625,3189.029,performance,,32861572.0,31977596.0,30131192.0,0.0,0.0,11.15,11.14,8.3,,,
2,14,global_mutex,GlobalMutex,100,read-heavy,1,297334.5081306072,317.0,716.0,330.20956666666666,136.7069307821195,0.4140005153761026,0,100,900,1790604457.698467,2300.0,2300.0,performance,,32861572.0,32005516.0,30159128.0,0.0,0.0,11.15,11.14,8.3,,,
2,15,sharded_2key,Sharded-2key,100,mixed,1,297428.55171330745,315.0,757.0,329.80066666666664,138.1654826511629,0.41893633523430185,0,100,900,1790604460.51741,2300.0,2300.0,performance,,32861572.0,32004784.0,30158372.0,0.0,0.0,10.34,10.97,8.26,,,
2,16,disabled,Disabled,1500,mixed,1,297111.1888353003,1911.0,25783.0,4865.961588148148,6499.32757960498,1.3356717807709713,0,100,900,1790604463.1735437,2400.931375,3107.451,performance,,32861572.0,32015356.0,30168908.0,0.0,0.0,9.51,10.79,8.22,,,
2,17,sharded_2key,Sharded-2key,2000,mixed,1,293342.0468524092,1934.0,38953.0,6568.327840555556,9722.530848308405,1.4802140033689402,0,100,900,1790604470.6227708,2393.266,3046.128,performance,,32861572.0,31954304.0,30107496.0,0.0,0.0,14.44,11.79,8.56,,,
2,18,global_mutex,GlobalMutex,750,read-heavy,1,320367.8882707165,1698.0,8077.0,2276.874634074074,1710.0138969367017,0.7510355956124501,0,100,900,1790604479.853978,2416.78475,3234.278,performance,,32861572.0,31990340.0,30143296.0,0.0,0.0,13.54,11.69,8.56,,,
2,19,disabled,Disabled,1000,write-heavy,1,301290.48378466064,1848.0,14419.0,3225.213691111111,3219.386807401183,0.9981933340646583,0,100,900,1790604484.7231252,2809.893625,3264.255,performance,,32861572.0,31984576.0,30137536.0,0.0,0.0,12.46,11.5,8.51,,,
2,20,sharded_2key,Sharded-2key,750,mixed,1,307663.32976857584,1752.0,8514.0,2377.2926785185186,1809.5255016485762,0.7611706871432576,0,100,900,1790604490.4144464,2485.394375,3056.029,performance,,32861572.0,31986360.0,30139140.0,0.0,0.0,18.59,12.78,8.95,,,
2,21,sharded_n,Sharded-N,500,mixed,1,304005.08684550814,1498.0,4282.0,1610.786728888889,818.3373790993153,0.5080358339330244,0,100,900,1790604495.2147732,2635.680875,3266.84,performance,,32861572.0,31985404.0,30138136.0,0.0,0.0,18.94,12.95,9.02,,,
2,22,sharded_2key,Sharded-2key,250,write-heavy,1,304747.64197888906,782.0,1690.0,803.9295644444444,349.00777425383717,0.43412730379559933,0,100,900,1790604499.2072272,2300.0,2300.0,performance,,32861572.0,31973480.0,30126140.0,0.0,0.0,17.42,12.74,8.97,,,
2,23,sharded_2key,Sharded-2key,1500,mixed,1,300653.04982576234,1916.0,26373.0,4825.536276296296,6394.75836266089,1.3251912319202388,0,100,900,1790604502.3620243,2300.0,2300.0,performance,,32861572.0,31996348.0,30148992.0,0.0,0.0,17.42,12.74,8.97,,,
2,24,sharded_2key,Sharded-2key,500,write-heavy,1,322604.2778325163,1405.0,4119.0,1525.937031111111,797.7689459193907,0.522805941303158,0,100,900,1790604509.7417734,2386.084875,2988.679,performance,,32861572.0,31975280.0,30127592.0,0.0,0.0,15.78,12.55,8.95,,,
2,25,thread_local,ThreadLocal,1000,read-heavy,1,305155.50263459916,1836.0,13942.0,3190.492726666667,3155.816509909628,0.9891313913781375,0,100,900,1790604513.663077,2427.48675,3319.894,performance,,32861572.0,31969712.0,30122092.0,0.0,0.0,14.51,12.34,8.9,,,
2,26,sharded_n,Sharded-N,750,read-heavy,1,308313.6614372604,1785.0,8270.0,2379.2091288888887,1766.6578513595318,0.74253995998434,0,100,900,1790604519.4604836,2300.0,2300.0,performance,,32861572.0,31982176.0,30134368.0,0.0,0.0,13.35,12.13,8.86,,,
2,27,sharded_2key,Sharded-2key,1500,read-heavy,1,297693.3130438449,1904.0,27124.0,4869.645576296296,6439.7246783761975,1.3224216377722617,0,100,900,1790604524.42199,2300.0,2300.0,performance,,32861572.0,31995904.0,30147968.0,0.0,0.0,12.28,11.93,8.81,,,
2,28,global_mutex,GlobalMutex,3000,write-heavy,1,272677.37805537716,2159.0,77104.0,10587.04296,18089.841958301604,1.7086774868722743,0,100,900,1790604532.0219235,2647.28525,3364.251,performance,,32861572.0,31977000.0,30128860.0,0.0,0.0,12.5,11.98,8.84,,,
2,29,sharded_n,Sharded-N,500,write-heavy,1,301085.9421232008,1513.0,4154.0,1624.4178755555556,826.5579898902155,0.5088333502901956,0,100,900,1790604545.4531133,2952.551375,3351.671,performance,,32861572.0,31986684.0,30138104.0,0.0,0.0,15.92,12.82,9.17,,,
2,30,thread_local,ThreadLocal,2000,write-heavy,1,285556.95738339133,2021.0,42256.0,6736.730366111111,10330.490620585018,1.5334576358513907,0,100,900,1790604549.461872,2401.741125,3113.929,performance,,32861572.0,31987984.0,30139436.0,0.0,0.0,14.65,12.61,9.12,,,
2,31,global_mutex,GlobalMutex,1000,mixed,1,294738.55891083117,1948.0,14170.0,3306.5788855555556,3275.5237717238633,0.9906080831861132,0,100,900,1790604558.87175,2406.088,3148.704,performance,,32861572.0,31974232.0,30125244.0,0.0,0.0,14.24,12.6,9.16,,,
2,32,thread_local,ThreadLocal,750,write-heavy,1,303029.97313235246,1815.0,8436.0,2417.570488888889,1798.2325080912378,0.7438180257228827,0,100,900,1790604564.6277428,2390.034125,3020.273,performance,,32861572.0,31972968.0,30124016.0,0.0,0.0,13.1,12.39,9.11,,,
2,33,sharded_n,Sharded-N,1500,mixed,1,293007.7644798172,1949.0,27268.0,4956.844457037037,6561.619210932018,1.323749265849314,0,100,900,1790604569.4564497,2883.916625,3134.355,performance,,32861572.0,31954108.0,30105024.0,0.0,0.0,12.05,12.19,9.06,,,
2,34,disabled,Disabled,500,mixed,1,308184.4034828777,1457.0,4439.0,1592.1536066666667,849.1726023231814,0.5333484148561579,0,100,900,1790604576.9653647,2300.0,2300.0,performance,,32861572.0,31956632.0,30107368.0,0.0,0.0,12.2,12.22,9.08,,,
2,35,thread_local,ThreadLocal,500,mixed,1,308817.4367767755,1478.0,4111.0,1590.7040844444443,807.4227027368626,0.5075882501545572,0,100,900,1790604580.9304214,2371.994375,2875.955,performance,,32861572.0,31991960.0,30142700.0,0.0,0.0,12.67,12.31,9.13,,,
2,36,global_mutex,GlobalMutex,250,mixed,1,312839.25418421044,765.0,1654.0,784.31348,339.7650528141581,0.4332005779298324,0,100,900,1790604584.8932242,2812.797875,3195.516,performance,,32861572.0,31981264.0,30131972.0,0.0,0.0,11.65,12.11,9.08,,,
2,37,sharded_n,Sharded-N,1000,read-heavy,1,298484.2427904725,1877.0,14496.0,3265.718708888889,3312.8069690533625,1.0144189577737681,0,100,900,1790604588.0279126,3015.158875,3342.537,performance,,32861572.0,31988480.0,30139164.0,0.0,0.0,11.65,12.11,9.08,,,
2,38,disabled,Disabled,2000,read-heavy,1,294243.52650686045,1941.0,41657.0,6528.528184444444,10067.302662425822,1.5420478211939457,0,100,900,1790604593.9080927,2742.55425,3260.552,performance,,32861572.0,31969692.0,30120120.0,0.0,0.0,9.86,11.71,8.99,,,
2,39,global_mutex,GlobalMutex,750,write-heavy,1,300367.60482641845,1804.0,8875.0,2435.6497555555557,1883.4797143623655,0.773296616258669,0,100,900,1790604603.264936,2439.476875,3415.815,performance,,32861572.0,31974696.0,30124764.0,0.0,0.0,10.19,11.73,9.02,,,
2,40,disabled,Disabled,2000,mixed,1,296323.1103916401,1924.0,39677.0,6499.838722222222,9894.360958278794,1.5222471481409348,0,100,900,1790604608.1288593,3089.34075,3456.327,performance,,32861572.0,31962464.0,30112592.0,0.0,0.0,9.37,11.54,8.97,,,
2,41,thread_local,ThreadLocal,100,write-heavy,1,290227.0023397778,324.0,711.0,337.5769,138.66640697682058,0.4107698334122405,0,100,900,1790604617.288438,2300.0,2300.0,performance,,32861572.0,31963744.0,30113480.0,0.0,0.0,9.82,11.59,9.01,,,
2,42,hdr_histogram,HdrHistogram,2000,write-heavy,1,290379.56843166804,1991.0,41535.0,6631.369999444444,10044.482149472862,1.5146918585924716,0,100,900,1790604619.9531987,2934.603875,3221.137,performance,,32861572.0,31985400.0,30135108.0,0.0,0.0,9.04,11.4,8.96,,,
2,43,hdr_histogram,HdrHistogram,1000,mixed,1,293610.16233080486,1951.0,14109.0,3314.186673333333,3271.2554938466787,0.9870462397812145,0,100,900,1790604629.256426,2300.0,2300.0,performance,,32861572.0,31954392.0,30103904.0,0.0,0.0,8.83,11.29,8.95,,,
2,44,global_mutex,GlobalMutex,750,mixed,1,307119.0423328302,1730.0,8743.0,2376.9087555555557,1855.5402965326266,0.7806527247609598,0,100,900,1790604635.028127,2300.0,2300.0,performance,,32861572.0,31946660.0,30096080.0,0.0,0.0,8.12,11.1,8.9,,,
2,45,thread_local,ThreadLocal,250,read-heavy,1,317779.26785967295,751.0,1636.0,770.5340444444445,338.7106709609766,0.4395791119199505,0,100,900,1790604639.8293865,2300.0,2300.0,performance,,32861572.0,31960468.0,30109832.0,0.0,0.0,7.47,10.91,8.85,,,
2,46,sharded_n,Sharded-N,1500,write-heavy,1,291351.69743412134,1949.0,27304.0,4980.411373333333,6659.226072458482,1.3370835405512973,0,100,900,1790604643.1218445,2928.991,3189.725,performance,,32861572.0,31980756.0,30130116.0,0.0,0.0,6.87,10.73,8.8,,,
2,47,hdr_histogram,HdrHistogram,1000,write-heavy,1,297250.5380470062,1909.0,14091.0,3271.797112222222,3224.054574451521,0.9854078550310004,0,100,900,1790604650.677823,2427.031875,3316.255,performance,,32861572.0,31959708.0,30108728.0,0.0,0.0,7.6,10.82,8.84,,,
2,48,hdr_histogram,HdrHistogram,750,read-heavy,1,310831.17032714136,1735.0,8486.0,2350.9277466666667,1817.6019261400543,0.7731424024907595,0,100,900,1790604656.4039688,2450.403875,3503.231,performance,,32861572.0,31937184.0,30086108.0,0.0,0.0,13.72,12.04,9.25,,,
2,49,disabled,Disabled,3000,read-heavy,1,285773.8127018777,2023.0,71108.0,10069.3594,17090.238629909498,1.697251826159815,0,100,900,1790604661.34064,2381.1435,2949.148,performance,,32861572.0,31920912.0,30069856.0,0.0,0.0,13.58,12.04,9.26,,,
2,50,thread_local,ThreadLocal,500,write-heavy,1,307128.04050617537,1491.0,4121.0,1599.1906644444443,787.2492836447436,0.49227981450118863,0,100,900,1790604674.4336052,2518.659375,3193.944,performance,,32861572.0,31996336.0,30144772.0,0.0,0.0,13.53,12.12,9.34,,,
2,51,sharded_n,Sharded-N,1000,write-heavy,1,294360.96111565846,1923.0,14364.0,3297.5652255555556,3303.4096528648456,1.0017723462341235,0,100,900,1790604678.4129615,2406.60975,3152.878,performance,,32861572.0,31992476.0,30140900.0,0.0,0.0,12.45,11.92,9.29,,,
2,52,disabled,Disabled,100,mixed,1,292491.28843946516,321.0,750.0,334.4146,142.78854599972698,0.42698059833430413,0,100,900,1790604684.1788416,2387.263375,2998.107,performance,,32861572.0,31957748.0,30105996.0,0.0,0.0,11.45,11.72,9.24,,,
2,53,hdr_histogram,HdrHistogram,1500,read-heavy,1,291060.11797062424,1993.0,27325.0,4981.1649822222225,6673.237776041786,1.3396941879778266,0,100,900,1790604686.8398142,2663.798625,3449.874,performance,,32861572.0,31990428.0,30138648.0,0.0,0.0,11.45,11.72,9.24,,,
2,54,disabled,Disabled,750,read-heavy,1,323461.0416563422,1686.0,8046.0,2261.78889037037,1700.748122725546,0.7519482167263837,0,100,900,1790604694.5272367,2300.0,2300.0,performance,,32861572.0,31953844.0,30101916.0,0.0,0.0,11.61,11.76,9.28,,,
2,55,thread_local,ThreadLocal,1500,mixed,1,292155.72594701237,1948.0,27003.0,4964.699817777778,6632.364255243255,1.3359043846908616,0,100,900,1790604699.3772545,3039.391125,3509.832,performance,,32861572.0,31967536.0,30115588.0,0.0,0.0,10.68,11.57,9.23,,,
2,56,disabled,Disabled,500,write-heavy,1,315714.14296037744,1456.0,4076.0,1556.3079577777778,769.6875330025655,0.4945599160860088,0,100,900,1790604706.8958519,2371.78225,2874.258,performance,,32861572.0,31963300.0,30111064.0,0.0,0.0,10.86,11.59,9.25,,,
2,57,hdr_histogram,HdrHistogram,750,write-heavy,1,297442.47642734007,1823.0,8890.0,2459.162586666667,1885.44372578537,0.7667015332813116,0,100,900,1790604710.8283772,2845.370875,3417.66,performance,,32861572.0,31985528.0,30133316.0,0.0,0.0,11.59,11.73,9.31,,,
2,58,thread_local,ThreadLocal,3000,write-heavy,1,273518.7918228663,2147.0,73883.0,10529.82948,17710.60443877111,1.6819459871035929,0,100,900,1790604715.7109435,2512.516125,3191.814,performance,,32861572.0,31961868.0,30109648.0,0.0,0.0,12.19,11.85,9.36,,,
2,59,hdr_histogram,HdrHistogram,1500,mixed,1,289349.2549894217,2002.0,28327.0,5006.1909281481485,6833.518286819395,1.365013517242579,0,100,900,1790604729.1122117,2300.0,2300.0,performance,,32861572.0,31993464.0,30140760.0,0.0,0.0,11.87,11.81,9.38,,,
2,60,hdr_histogram,HdrHistogram,2000,read-heavy,1,313374.0844319555,1841.0,38218.0,6142.872672222222,9317.810454016017,1.5168490299580377,0,100,900,1790604736.6764715,2300.0,2300.0,performance,,32861572.0,31963448.0,30110512.0,0.0,0.0,12.28,11.89,9.43,,,
2,61,sharded_n,Sharded-N,1500,read-heavy,1,306793.99655017466,1862.0,24984.0,4730.105577777777,6110.307266780823,1.291790884221969,0,100,900,1790604745.6826577,2388.2975,3006.38,performance,,32861572.0,31960988.0,30107872.0,0.0,0.0,13.67,12.21,9.56,,,
2,62,disabled,Disabled,1000,read-heavy,1,301318.37425274187,1885.0,14112.0,3224.3286255555554,3271.3602252959286,1.014586478365638,0,100,900,1790604753.1506894,2341.863,2634.904,performance,,32861572.0,31958316.0,30104932.0,0.0,0.0,13.12,12.15,9.56,,,
2,63,thread_local,ThreadLocal,2000,read-heavy,1,311644.58846521215,1817.0,37686.0,6187.306842777778,9074.906620963671,1.4666973614790877,0,100,900,1790604758.9931276,2635.189875,3481.569,performance,,32861572.0,31968076.0,30114612.0,0.0,0.0,12.07,11.95,9.51,,,
2,64,global_mutex,GlobalMutex,3000,mixed,1,273958.0621966587,2134.0,75472.0,10519.52949851852,17811.306724490365,1.6931657187708593,0,100,900,1790604768.023726,2408.41525,3167.322,performance,,32861572.0,31963764.0,30109976.0,0.0,0.0,13.34,12.22,9.61,,,
2,65,global_mutex,GlobalMutex,1500,mixed,1,290439.1160613296,1971.0,27857.0,4996.074937777777,6738.161245911879,1.3486909883919735,0,100,900,1790604781.404504,2605.26925,3174.141,performance,,32861572.0,31978340.0,30124192.0,0.0,0.0,14.86,12.59,9.77,,,
2,66,hdr_histogram,HdrHistogram,500,mixed,1,304686.70821128617,1493.0,4273.0,1609.5304466666666,832.3146967538573,0.5171164661579275,0,100,900,1790604788.9402523,2300.0,2300.0,performance,,32861572.0,31963008.0,30108712.0,0.0,0.0,13.82,12.45,9.76,,,
2,67,disabled,Disabled,100,write-heavy,1,290539.70846709766,320.0,768.0,336.1206666666667,145.5657515789884,0.43307587427626704,0,100,900,1790604792.9293835,2300.0,2300.0,performance,,32861572.0,31974640.0,30120412.0,0.0,0.0,13.82,12.45,9.76,,,
2,68,sharded_2key,Sharded-2key,750,read-heavy,1,303083.1107892459,1766.0,8824.0,2407.869877037037,1869.4513630174597,0.7763921883178675,0,100,900,1790604795.5948005,2440.629125,3425.033,performance,,32861572.0,31982956.0,30128680.0,0.0,0.0,12.72,12.24,9.71,,,
2,69,sharded_2key,Sharded-2key,250,mixed,1,316841.4223368564,753.0,1597.0,773.6082666666666,336.34357552707297,0.4347724682109649,0,100,900,1790604800.5861034,2300.0,2300.0,performance,,32861572.0,31985492.0,30131056.0,0.0,0.0,12.5,12.2,9.71,,,
2,70,sharded_2key,Sharded-2key,3000,write-heavy,1,269296.8502240586,2174.0,74905.0,10686.320515555555,18028.96427411359,1.6871068248299035,0,100,900,1790604803.71114,2400.693375,3105.547,performance,,32861572.0,31998724.0,30144324.0,0.0,0.0,11.5,12.0,9.66,,,
2,71,thread_local,ThreadLocal,250,mixed,1,320149.2800600378,743.0,1593.0,765.7446222222222,322.81577100407907,0.42157105859555954,0,100,900,1790604817.2595906,2361.970125,2795.761,performance,,32861572.0,32003032.0,30148116.0,0.0,0.0,11.75,12.04,9.69,,,
2,72,disabled,Disabled,250,write-heavy,1,317575.01144000463,750.0,1618.0,771.8348755555555,340.30968656221705,0.44090996317997044,0,100,900,1790604820.3651915,2300.0,2300.0,performance,,32861572.0,31982560.0,30127708.0,0.0,0.0,12.5,12.18,9.75,,,
2,73,hdr_histogram,HdrHistogram,100,mixed,1,285783.33005957946,330.0,713.0,343.4025888888889,136.55861062606428,0.39766331135683164,0,100,900,1790604823.4846087,2833.879625,3458.536,performance,,32861572.0,31985228.0,30130364.0,0.0,0.0,11.49,11.98,9.7,,,
2,74,sharded_2key,Sharded-2key,500,read-heavy,1,317719.47008106177,1430.0,4086.0,1539.7213733333333,785.7304170452131,0.5103068845139106,0,100,900,1790604826.15656,2374.293875,2894.351,performance,,32861572.0,31994208.0,30139312.0,0.0,0.0,11.49,11.98,9.7,,,
2,75,disabled,Disabled,1500,read-heavy,1,296148.261424525,1925.0,27068.0,4902.449405185185,6647.101914358812,1.3558736388647592,0,100,900,1790604830.2534192,2300.0,2300.0,performance,,32861572.0,31952360.0,30097408.0,0.0,0.0,11.69,12.02,9.73,,,
2,76,hdr_histogram,HdrHistogram,750,mixed,1,310908.5871919566,1781.0,8294.0,2358.930997037037,1729.427612961176,0.7331403992458635,0,100,900,1790604837.8586104,2402.492125,3119.937,performance,,32861572.0,31952692.0,30097364.0,0.0,0.0,11.88,12.05,9.75,,,
2,77,sharded_n,Sharded-N,100,write-heavy,1,293691.99234391964,319.0,752.0,334.0024666666667,141.61192469364963,0.42398466725989137,0,100,900,1790604842.63994,2381.46275,2951.702,performance,,32861572.0,31971852.0,30116620.0,0.0,0.0,10.93,11.85,9.7,,,
2,78,sharded_2key,Sharded-2key,250,read-heavy,1,323809.59938565636,738.0,1570.0,755.9364755555556,321.2668280377268,0.4249918325499774,0,100,900,1790604845.3026557,2361.002875,2788.023,performance,,32861572.0,31994084.0,30138816.0,0.0,0.0,11.09,11.87,9.71,,,
2,79,sharded_2key,Sharded-2key,100,write-heavy,1,292250.5262563344,321.0,743.0,335.4244777777778,141.80225701681172,0.422754647950163,0,100,900,1790604848.5843098,2413.065375,3204.523,performance,,32861572.0,31994836.0,30139520.0,0.0,0.0,10.21,11.67,9.66,,,
2,80,hdr_histogram,HdrHistogram,3000,write-heavy,1,269754.6476814534,2191.0,77756.0,10717.305352592593,18396.28810748774,1.7165031229643508,0,100,900,1790604851.2466526,2412.573125,3200.585,performance,,32861572.0,32002976.0,30147652.0,0.0,0.0,10.21,11.67,9.66,,,
2,81,global_mutex,GlobalMutex,100,mixed,1,289980.0879695194,323.0,804.0,338.2372888888889,143.0430003630776,0.42290724607264485,0,100,900,1790604864.7842245,2300.0,2300.0,performance,,32861572.0,31979784.0,30123956.0,0.0,0.0,10.05,11.58,9.67,,,
2,82,sharded_n,Sharded-N,3000,mixed,1,275074.4020784284,2144.0,75218.0,10473.647071851852,17980.28293739514,1.7167165185198505,0,100,900,1790604867.4479852,2300.0,2300.0,performance,,32861572.0,32003580.0,30147724.0,0.0,0.0,10.05,11.58,9.67,,,
2,83,sharded_n,Sharded-N,3000,write-heavy,1,269787.1700005641,2193.0,77009.0,10679.309249259259,18311.87875935002,1.7147062915721982,0,100,900,1790604880.784967,2683.48625,3297.438,performance,,32861572.0,31987436.0,30131160.0,0.0,0.0,11.92,11.93,9.81,,,
2,84,sharded_n,Sharded-N,750,mixed,1,307947.84298788785,1778.0,8437.0,2375.715854814815,1794.0285452470666,0.7551528275619096,0,100,900,1790604894.351357,2818.920125,3224.002,performance,,32861572.0,31990924.0,30134324.0,0.0,0.0,14.95,12.64,10.08,,,
2,85,sharded_n,Sharded-N,250,write-heavy,1,320298.79840702965,756.0,1498.0,767.4812355555556,302.8531903438888,0.39460663832994286,0,100,900,1790604899.1451752,2486.312,3061.185,performance,,32861572.0,31973048.0,30116464.0,0.0,0.0,13.75,12.43,10.03,,,
2,86,disabled,Disabled,1500,write-heavy,1,284841.9398213624,2010.0,27521.0,5082.788831851852,6796.879312965423,1.3372342502942551,0,100,900,1790604902.2661574,2632.223875,3386.694,performance,,32861572.0,31998048.0,30141424.0,0.0,0.0,13.75,12.43,10.03,,,
2,87,thread_local,ThreadLocal,2000,mixed,1,283833.2582412239,2050.0,43880.0,6786.839415555555,10421.443676528235,1.5355370944304507,0,100,900,1790604909.8994365,2300.0,2300.0,performance,,32861572.0,31985280.0,30128316.0,0.0,0.0,12.45,12.2,9.98,,,
2,88,hdr_histogram,HdrHistogram,3000,read-heavy,1,278525.5876033819,2093.0,73961.0,10353.422695555555,17632.191015125012,1.7030301508595835,0,100,900,1790604919.3441637,2300.0,2300.0,performance,,32861572.0,31996512.0,30139248.0,0.0,0.0,11.57,12.03,9.95,,,
2,89,global_mutex,GlobalMutex,1500,read-heavy,1,291011.29517337214,1963.0,27488.0,4972.525205185185,6670.552920791375,1.3414819725469753,0,100,900,1790604932.71936,2300.0,2300.0,performance,,32861572.0,31976740.0,30119232.0,0.0,0.0,15.77,12.89,10.25,,,
2,90,sharded_n,Sharded-N,1000,mixed,1,293697.2150803798,1901.0,14594.0,3309.9783533333334,3358.155047153138,1.0145549875790845,0,100,900,1790604940.4323041,2300.0,2300.0,performance,,32861572.0,31983800.0,30126060.0,0.0,0.0,14.94,12.8,10.25,,,
2,91,hdr_histogram,HdrHistogram,100,write-heavy,1,288715.58226355765,324.0,780.0,339.4967555555556,149.81317198576113,0.44128012870286637,0,100,900,1790604946.2097769,2446.374,3470.992,performance,,32861572.0,31965084.0,30107264.0,0.0,0.0,15.27,12.9,10.29,,,
2,92,sharded_2key,Sharded-2key,2000,read-heavy,1,296949.722355672,1914.0,40576.0,6481.806068888889,9697.122871804926,1.4960526076750098,0,100,900,1790604948.8784466,2381.296375,2950.371,performance,,32861572.0,31968936.0,30111080.0,0.0,0.0,14.04,12.69,10.24,,,
2,93,thread_local,ThreadLocal,3000,read-heavy,1,278460.7770323604,2082.0,75161.0,10347.067481111111,17738.557097004243,1.714355988243676,0,100,900,1790604958.201006,2300.0,2300.0,performance,,32861572.0,31970660.0,30112464.0,0.0,0.0,13.14,12.55,10.22,,,
2,94,global_mutex,GlobalMutex,100,write-heavy,1,285307.98992757546,327.0,795.0,343.8189777777778,148.7078637543523,0.43251790437951737,0,100,900,1790604971.5575716,2396.59175,3072.734,performance,,32861572.0,31994228.0,30135784.0,0.0,0.0,14.85,12.93,10.37,,,
2,95,disabled,Disabled,250,mixed,1,311424.5140397278,761.0,1692.0,786.8820222222222,343.0429961244759,0.43595226023298017,0,100,900,1790604974.2281601,2824.8475,3201.265,performance,,32861572.0,31997416.0,30138944.0,0.0,0.0,13.66,12.71,10.31,,,
2,96,sharded_2key,Sharded-2key,1000,read-heavy,1,305354.63609733264,1854.0,14302.0,3184.648492222222,3202.309496132066,1.005545668212042,0,100,900,1790604977.366615,2350.30625,2702.45,performance,,32861572.0,31986268.0,30127792.0,0.0,0.0,13.66,12.71,10.31,,,
2,97,sharded_2key,Sharded-2key,3000,read-heavy,1,283075.5704537795,2047.0,72091.0,10169.065811851851,17366.921464197592,1.7078187697395741,0,100,900,1790604983.175045,2761.86325,3254.276,performance,,32861572.0,31954292.0,30095684.0,0.0,0.0,12.67,12.54,10.28,,,
2,98,global_mutex,GlobalMutex,3000,read-heavy,1,278638.21893313614,2089.0,71189.0,10348.944127407407,17395.40874740894,1.6808872995400737,0,100,900,1790604996.3587043,2404.914375,3139.315,performance,,32861572.0,31978848.0,30119796.0,0.0,0.0,15.36,13.11,10.49,,,
2,99,sharded_n,Sharded-N,2000,read-heavy,1,291576.3660263129,1986.0,41526.0,6622.1930766666665,10121.18059835705,1.5283729243744169,0,100,900,1790605009.715938,2400.613625,3104.909,performance,,32861572.0,31987292.0,30127856.0,0.0,0.0,16.26,13.47,10.65,,,
2,100,hdr_histogram,HdrHistogram,250,write-heavy,1,312518.6243737981,761.0,1649.0,783.5908577777777,340.43659859181673,0.4344570833269762,0,100,900,1790605019.162845,2713.269625,3361.331,performance,,32861572.0,31977120.0,30117504.0,0.0,0.0,15.24,13.35,10.65,,,
2,101,global_mutex,GlobalMutex,500,mixed,1,307672.11556581454,1487.0,4061.0,1592.90432,801.9453601874258,0.5034485437188253,0,100,900,1790605022.2968392,2374.274875,2894.199,performance,,32861572.0,31985340.0,30125760.0,0.0,0.0,15.24,13.35,10.65,,,
2,102,sharded_n,Sharded-N,750,write-heavy,1,297210.00841361907,1847.0,8828.0,2469.6018562962963,1848.4404337626056,0.7484770992741085,0,100,900,1790605026.2713134,2300.0,2300.0,performance,,32861572.0,31990328.0,30130636.0,0.0,0.0,15.38,13.42,10.68,,,
2,103,hdr_histogram,HdrHistogram,2000,mixed,1,284176.8072269879,2043.0,41556.0,6788.401873333333,10279.775928126206,1.5143145794753148,0,100,900,1790605031.1504052,2520.335625,3196.882,performance,,32861572.0,31987244.0,30127500.0,0.0,0.0,15.59,13.49,10.72,,,
2,104,disabled,Disabled,750,write-heavy,1,309079.25957100786,1736.0,8460.0,2367.87756,1801.1432123488983,0.7606572412253015,0,100,900,1790605040.593385,2411.10425,3188.834,performance,,32861572.0,31957836.0,30097708.0,0.0,0.0,14.95,13.43,10.73,,,
2,105,global_mutex,GlobalMutex,1000,write-heavy,1,296685.17080429336,1907.0,14290.0,3278.1017877777776,3278.0482956670717,0.9999836819860489,0,100,900,1790605045.381943,2413.904,3211.232,performance,,32861572.0,31962912.0,30102836.0,0.0,0.0,14.95,13.45,10.75,,,
2,106,sharded_n,Sharded-N,2000,mixed,1,284211.5660514491,2022.0,42500.0,6790.685252777777,10327.652046938587,1.5208556518966903,0,100,900,1790605051.1213107,2682.3045,3446.912,performance,,32861572.0,31952964.0,30092672.0,0.0,0.0,14.32,13.34,10.73,,,
2,107,thread_local,ThreadLocal,3000,mixed,1,277604.0960031973,2087.0,74790.0,10370.861146666666,17745.657310268376,1.71110740557664,0,100,900,1790605060.5530245,2649.505625,3303.316,performance,,32861572.0,31974268.0,30113700.0,0.0,0.0,17.58,14.05,10.99,,,
2,108,thread_local,ThreadLocal,750,mixed,1,305394.26578424947,1770.0,8441.0,2396.2614103703704,1808.040132251522,0.754525413807865,0,100,900,1790605073.8035345,2409.21,3173.68,performance,,32861572.0,31995744.0,30134744.0,0.0,0.0,15.41,13.75,10.94,,,
2,109,disabled,Disabled,2000,write-heavy,1,284520.17607753025,2016.0,44036.0,6791.047970555555,10407.455667149858,1.5325257180149847,0,100,900,1790605078.6185668,2431.476125,3351.809,performance,,32861572.0,31973732.0,30112744.0,0.0,0.0,14.18,13.52,10.88,,,
2,110,thread_local,ThreadLocal,1500,write-heavy,1,288733.1281218732,1981.0,28796.0,5019.209951851852,6812.725760935616,1.3573303022365186,0,100,900,1790605088.047083,2300.0,2300.0,performance,,32861572.0,31974224.0,30112928.0,0.0,0.0,14.17,13.53,10.9,,,
2,111,global_mutex,GlobalMutex,250,read-heavy,1,324888.3182688444,742.0,1524.0,754.8956755555555,327.25368567429376,0.4335084916647002,0,100,900,1790605095.6228032,2388.540875,3008.327,performance,,32861572.0,31956108.0,30094608.0,0.0,0.0,12.87,13.27,10.84,,,
2,112,global_mutex,GlobalMutex,2000,read-heavy,1,290260.16712501214,1955.0,42173.0,6657.012660555555,10036.149602144897,1.5076056053808584,0,100,900,1790605098.8945138,2300.0,2300.0,performance,,32861572.0,31979008.0,30117512.0,0.0,0.0,11.84,13.05,10.78,,,
2,113,thread_local,ThreadLocal,1000,write-heavy,1,293335.1612329213,1930.0,13928.0,3314.525201111111,3261.3847078776957,0.9839673889896504,0,100,900,1790605108.3608727,2514.5285,3197.572,performance,,32861572.0,31959572.0,30097780.0,0.0,0.0,10.75,12.78,10.72,,,
2,114,sharded_2key,Sharded-2key,1000,mixed,1,293738.3114835155,1938.0,14942.0,3315.240348888889,3396.871152641441,1.024622891604197,0,100,900,1790605114.1317284,2489.264875,3131.211,performance,,32861572.0,31947220.0,30085400.0,0.0,0.0,9.89,12.57,10.66,,,
2,115,global_mutex,GlobalMutex,500,read-heavy,1,310231.7831895188,1470.0,4005.0,1576.8262044444446,795.5681701505401,0.5045376389028484,0,100,900,1790605119.8924832,2300.0,2300.0,performance,,32861572.0,31951128.0,30089148.0,0.0,0.0,9.1,12.36,10.6,,,
2,116,disabled,Disabled,250,read-heavy,1,321584.8759198844,740.0,1623.0,764.5429466666667,329.4925227162305,0.43096666335460426,0,100,900,1790605124.023631,2999.59125,3212.305,performance,,32861572.0,31982900.0,30120892.0,0.0,0.0,8.37,12.15,10.55,,,
2,117,hdr_histogram,HdrHistogram,500,write-heavy,1,303409.6257444087,1490.0,4278.0,1614.9530555555555,833.8068530663262,0.5163040809130459,0,100,900,1790605127.3008325,2412.006625,3196.053,performance,,32861572.0,31960676.0,30098648.0,0.0,0.0,8.37,12.15,10.55,,,
2,118,hdr_histogram,HdrHistogram,1500,write-heavy,1,288229.18595217937,1989.0,27372.0,5027.212437777778,6690.270584060969,1.3308111934530316,0,100,900,1790605131.3026247,2367.9295,2843.436,performance,,32861572.0,31969732.0,30107620.0,0.0,0.0,9.94,12.41,10.64,,,
2,119,sharded_n,Sharded-N,250,read-heavy,1,312564.60449904494,767.0,1616.0,784.0372044444445,335.6534392017826,0.4281090709714738,0,100,900,1790605138.886547,2376.864,2914.912,performance,,32861572.0,31932888.0,30070488.0,0.0,0.0,10.84,12.54,10.7,,,
2,120,global_mutex,GlobalMutex,2000,mixed,1,285633.83399792446,2031.0,41743.0,6740.73405,10264.459491285073,1.5227509964267278,0,100,900,1790605142.1823497,2300.0,2300.0,performance,,32861572.0,31968144.0,30105792.0,0.0,0.0,10.84,12.54,10.7,,,
2,121,global_mutex,GlobalMutex,250,write-heavy,1,315398.1453719955,755.0,1641.0,776.90464,337.9753683681397,0.4350281243887792,0,100,900,1790605151.583972,2300.0,2300.0,performance,,32861572.0,31973592.0,30110840.0,0.0,0.0,11.62,12.66,10.76,,,
2,122,global_mutex,GlobalMutex,500,write-heavy,1,302572.5771444237,1523.0,4030.0,1621.0104177777778,797.8081848094993,0.4921672162373911,0,100,900,1790605154.7201436,2300.0,2300.0,performance,,32861572.0,31984000.0,30121252.0,0.0,0.0,10.69,12.45,10.7,,,
2,123,global_mutex,GlobalMutex,1500,write-heavy,1,286979.477773789,1993.0,28455.0,5025.778742962963,6828.9126083021265,1.358777009008582,0,100,900,1790605158.7244618,2931.185125,3275.765,performance,,32861572.0,31987752.0,30125088.0,0.0,0.0,9.84,12.24,10.64,,,
2,124,sharded_n,Sharded-N,2000,write-heavy,1,279506.25910641,2092.0,43123.0,6889.1741016666665,10349.51415980457,1.5022866321959782,0,100,900,1790605166.3382778,2300.0,2300.0,performance,,32861572.0,31962844.0,30099812.0,0.0,0.0,9.69,12.17,10.63,,,
2,125,disabled,Disabled,500,read-heavy,1,315962.08410334785,1442.0,3991.0,1550.3722444444445,789.8992829865765,0.5094900826669704,0,100,900,1790605175.8951285,2300.0,2300.0,performance,,32861572.0,31992280.0,30129044.0,0.0,0.0,10.14,12.18,10.65,,,
2,126,sharded_2key,Sharded-2key,100,read-heavy,1,308505.4013639846,306.0,676.0,317.2003555555556,128.92682529744167,0.4064523353753334,0,100,900,1790605179.9856796,2342.873,2642.984,performance,,32861572.0,31982084.0,30118880.0,0.0,0.0,9.33,11.98,10.59,,,
2,127,disabled,Disabled,1000,mixed,1,301889.65677176736,1875.0,14777.0,3220.46014,3299.328153425978,1.0244896722820416,0,100,900,1790605182.7986605,2736.174125,3383.888,performance,,32861572.0,31993136.0,30129892.0,0.0,0.0,9.33,11.98,10.59,,,
2,128,sharded_n,Sharded-N,100,read-heavy,1,301107.87322380266,314.0,667.0,324.8483444444444,129.02748799065486,0.397192998509251,0,100,900,1790605188.467975,2995.26625,3350.456,performance,,32861572.0,31972212.0,30108808.0,0.0,0.0,9.88,12.03,10.62,,,
2,129,global_mutex,GlobalMutex,2000,write-heavy,1,281727.3153595307,2058.0,43002.0,6834.031971666666,10479.20997635886,1.5333861503435748,0,100,900,1790605191.2880466,2618.403375,3160.551,performance,,32861572.0,31987720.0,30124284.0,0.0,0.0,9.88,12.03,10.62,,,
2,130,disabled,Disabled,3000,mixed,1,280452.3183227708,2083.0,70977.0,10265.69642037037,17474.32688778887,1.7022056928465477,0,100,900,1790605200.7905433,2412.09125,3196.73,performance,,32861572.0,31963232.0,30099476.0,0.0,0.0,10.6,12.11,10.66,,,
2,131,thread_local,ThreadLocal,500,read-heavy,1,309598.0765984197,1463.0,4282.0,1586.8319111111111,814.7729536130968,0.5134588912083239,0,100,900,1790605213.9447682,2375.56475,2904.518,performance,,32861572.0,31980312.0,30116156.0,0.0,0.0,11.75,12.32,10.76,,,
2,132,hdr_histogram,HdrHistogram,250,read-heavy,1,321817.472212606,731.0,1695.0,761.9966888888889,345.5969233772937,0.45354124029230153,0,100,900,1790605218.0716274,2397.870875,3082.967,performance,,32861572.0,31990100.0,30125984.0,0.0,0.0,11.75,12.32,10.76,,,
2,133,sharded_2key,Sharded-2key,500,mixed,1,322536.6312808049,1422.0,3871.0,1518.98762,753.1564766482089,0.49582792297425626,0,100,900,1790605221.3634043,2633.752625,3300.764,performance,,32861572.0,31977664.0,30113556.0,0.0,0.0,10.81,12.12,10.7,,,
2,134,hdr_histogram,HdrHistogram,250,mixed,1,315452.3195732709,758.0,1681.0,783.5316888888889,337.27110895052306,0.4304498640365148,0,100,900,1790605225.2617776,2397.12825,3077.026,performance,,32861572.0,31972728.0,30108612.0,0.0,0.0,12.27,12.4,10.8,,,
2,135,global_mutex,GlobalMutex,1000,read-heavy,1,302663.93038071814,1862.0,14392.0,3210.4152833333333,3306.0149874202802,1.0297779868490058,0,100,900,1790605228.400092,2799.870625,3476.748,performance,,32861572.0,31979536.0,30115380.0,0.0,0.0,11.29,12.19,10.74,,,
2,136,sharded_n,Sharded-N,3000,read-heavy,1,271228.8250292621,2155.0,77279.0,10627.706724074074,18317.055368507903,1.72351908497962,0,100,900,1790605234.228022,2644.315375,3357.698,performance,,32861572.0,31936092.0,30071672.0,0.0,0.0,10.38,11.99,10.68,,,
2,137,thread_local,ThreadLocal,100,mixed,1,305612.6122983731,307.0,698.0,321.1139777777778,135.23379644139197,0.42113955106301393,0,100,900,1790605247.8500137,2405.197875,3141.583,performance,,32861572.0,31993704.0,30128792.0,0.0,0.0,11.67,12.21,10.77,,,
2,138,hdr_histogram,HdrHistogram,500,read-heavy,1,311775.6870540539,1451.0,4169.0,1574.4854155555556,826.2933255300013,0.5248021463815494,0,100,900,1790605250.4998631,2836.854625,3575.2,performance,,32861572.0,31999836.0,30134948.0,0.0,0.0,11.13,12.09,10.74,,,
2,139,disabled,Disabled,3000,write-heavy,1,276237.0252716133,2108.0,75913.0,10406.56251962963,17808.982067856,1.7113222578794272,0,100,900,1790605254.622624,2404.999875,3139.999,performance,,32861572.0,31980380.0,30115496.0,0.0,0.0,10.24,11.89,10.68,,,
2,140,disabled,Disabled,750,mixed,1,318278.76968869107,1712.0,8608.0,2303.8816251851854,1799.0806472416675,0.7808910959550962,0,100,900,1790605267.8924544,2300.0,2300.0,performance,,32861572.0,31991840.0,30126508.0,0.0,0.0,10.2,11.82,10.67,,,
2,141,thread_local,ThreadLocal,250,write-heavy,1,318089.7523402386,753.0,1600.0,772.31152,323.9224168749325,0.4194193773970023,0,100,900,1790605272.6114147,2300.0,2300.0,performance,,32861572.0,31975388.0,30110124.0,0.0,0.0,9.39,11.63,10.61,,,
2,142,sharded_2key,Sharded-2key,2000,write-heavy,1,282346.08209327253,2059.0,44168.0,6815.241173333333,10415.96922928769,1.528334649409515,0,100,900,1790605275.7273805,2408.788,3170.304,performance,,32861572.0,31985756.0,30120528.0,0.0,0.0,10.48,11.82,10.68,,,
2,143,thread_local,ThreadLocal,1000,mixed,1,295902.56264757324,1913.0,14230.0,3285.9940666666666,3263.088190408487,0.9930292399214782,0,100,900,1790605285.2103896,2503.934,3198.895,performance,,32861572.0,31982352.0,30116684.0,0.0,0.0,9.98,11.67,10.65,,,
2,144,sharded_n,Sharded-N,100,mixed,1,286647.8705288008,328.0,776.0,343.49755555555555,143.87953119737028,0.4188662448111656,0,100,900,1790605290.9449708,2300.0,2300.0,performance,,32861572.0,31965992.0,30100276.0,0.0,0.0,10.38,11.73,10.67,,,
3,1,sharded_2key,Sharded-2key,3000,read-heavy,1,277957.3763333444,2090.0,76007.0,10364.591427037038,17711.46092341099,1.7088431365667665,0,100,900,1790605293.615055,2618.3155,3191.724,performance,,32861572.0,31994940.0,30129176.0,0.0,0.0,9.55,11.53,10.61,,,
3,2,hdr_histogram,HdrHistogram,100,read-heavy,1,292345.579995018,319.0,785.0,335.4926888888889,142.27534960477163,0.42407883783092365,0,100,900,1790605306.993739,2411.093375,3188.747,performance,,32861572.0,31987896.0,30121640.0,0.0,0.0,10.57,11.69,10.68,,,
3,3,global_mutex,GlobalMutex,2000,mixed,1,285287.9810163481,2014.0,43338.0,6765.647074444444,10387.43113237345,1.535319684588544,0,100,900,1790605309.8311539,2300.0,2300.0,performance,,32861572.0,32012152.0,30145856.0,0.0,0.0,9.72,11.5,10.62,,,
3,4,hdr_histogram,HdrHistogram,1000,mixed,1,302867.9756869825,1872.0,14116.0,3206.5262733333334,3235.799355452149,1.0091292194803647,0,100,900,1790605319.2387908,2406.828625,3154.629,performance,,32861572.0,31967144.0,30100652.0,0.0,0.0,11.39,11.82,10.73,,,
3,5,thread_local,ThreadLocal,1500,write-heavy,1,294456.4594385448,1939.0,26948.0,4927.307464444444,6547.562428251271,1.3288317149880784,0,100,900,1790605324.9203484,3102.50775,3521.995,performance,,32861572.0,31953072.0,30086496.0,0.0,0.0,10.48,11.63,10.68,,,
3,6,thread_local,ThreadLocal,2000,mixed,1,289259.98744044703,1993.0,41995.0,6654.793536666667,10216.302622073912,1.535179501179713,0,100,900,1790605332.414219,2772.50925,3363.636,performance,,32861572.0,31983148.0,30116396.0,0.0,0.0,11.08,11.73,10.72,,,
3,7,sharded_n,Sharded-N,100,mixed,1,299829.34113674954,314.0,716.0,327.89976666666666,136.95116316962515,0.41766166704487384,0,100,900,1790605341.733328,2679.27275,3361.614,performance,,32861572.0,31983440.0,30116412.0,0.0,0.0,13.86,12.33,10.92,,,
3,8,hdr_histogram,HdrHistogram,3000,mixed,1,273045.3940822503,2149.0,76513.0,10550.26864,18055.661046075973,1.7113934878985197,0,100,900,1790605344.3881447,2300.0,2300.0,performance,,32861572.0,32001504.0,30134444.0,0.0,0.0,12.75,12.12,10.86,,,
3,9,global_mutex,GlobalMutex,1000,read-heavy,1,298316.30278706976,1895.0,14773.0,3264.4125588888887,3312.977681730772,1.0148771400568357,0,100,900,1790605357.794603,2408.421,3167.368,performance,,32861572.0,31991300.0,30123860.0,0.0,0.0,13.51,12.3,10.93,,,
3,10,thread_local,ThreadLocal,1500,mixed,1,292281.2213484296,1968.0,27372.0,4977.027037037037,6626.884577558344,1.3314945906951539,0,100,900,1790605363.6755116,2412.58575,3200.686,performance,,32861572.0,31998800.0,30131328.0,0.0,0.0,11.5,11.91,10.82,,,
3,11,sharded_2key,Sharded-2key,100,read-heavy,1,295769.3944396714,315.0,776.0,331.9923,141.86296685202348,0.42730800338448655,0,100,900,1790605371.1965568,2825.136375,3426.152,performance,,32861572.0,31950004.0,30082268.0,0.0,0.0,11.78,11.96,10.84,,,
3,12,sharded_n,Sharded-N,1000,mixed,1,298980.4361510458,1867.0,13639.0,3250.6608255555557,3201.0937911903115,0.9847517052607995,0,100,900,1790605374.0261333,2449.12575,3493.006,performance,,32861572.0,31969428.0,30101732.0,0.0,0.0,10.84,11.77,10.79,,,
3,13,sharded_2key,Sharded-2key,1000,write-heavy,1,296123.09825876134,1903.0,14697.0,3280.17581,3334.122141934024,1.0164461708941217,0,100,900,1790605379.7446272,2893.777375,3158.292,performance,,32861572.0,31970220.0,30102396.0,0.0,0.0,9.97,11.57,10.73,,,
3,14,sharded_n,Sharded-N,500,read-heavy,1,316954.4097010188,1465.0,3791.0,1548.5437288888888,744.1276122867505,0.48053380631406317,0,100,900,1790605385.4752705,2300.0,2300.0,performance,,32861572.0,31963160.0,30095164.0,0.0,0.0,10.37,11.63,10.75,,,
3,15,sharded_n,Sharded-N,500,mixed,1,300291.6284151298,1511.0,4368.0,1632.70264,842.7453584003517,0.5161658576116174,0,100,900,1790605389.563862,2737.071375,3507.142,performance,,32861572.0,31972480.0,30104420.0,0.0,0.0,9.54,11.43,10.69,,,
3,16,hdr_histogram,HdrHistogram,250,write-heavy,1,317348.04587834975,756.0,1573.0,774.4064133333334,324.8768424448361,0.4195172416592539,0,100,900,1790605393.5690596,2300.0,2300.0,performance,,32861572.0,31975184.0,30107080.0,0.0,0.0,8.78,11.24,10.63,,,
3,17,global_mutex,GlobalMutex,100,read-heavy,1,295803.9023377649,318.0,740.0,331.82913333333335,142.88452129833308,0.4305966744481138,0,100,900,1790605396.6977768,2411.928375,3195.427,performance,,32861572.0,31986692.0,30118576.0,0.0,0.0,8.78,11.24,10.63,,,
3,18,sharded_2key,Sharded-2key,3000,write-heavy,1,272215.7496099954,2161.0,78208.0,10573.329012222222,18153.489006335305,1.7169132810821275,0,100,900,1790605399.5205061,2542.857,3303.8,performance,,32861572.0,31993064.0,30124916.0,0.0,0.0,8.08,11.06,10.58,,,
3,19,thread_local,ThreadLocal,1000,mixed,1,303065.40790263395,1890.0,13870.0,3201.37432,3177.188289211285,0.9924451100149029,0,100,900,1790605412.9595168,2440.089125,3420.713,performance,,32861572.0,31994620.0,30125936.0,0.0,0.0,9.05,11.17,10.62,,,
3,20,thread_local,ThreadLocal,250,write-heavy,1,306361.77796690207,771.0,1797.0,798.9935022222222,364.4392125653969,0.4561228740306279,0,100,900,1790605418.628361,2300.0,2300.0,performance,,32861572.0,31972284.0,30103504.0,0.0,0.0,7.66,10.8,10.51,,,
3,21,disabled,Disabled,250,write-heavy,1,320827.23577406764,742.0,1600.0,762.3781466666667,330.84995283755893,0.4339709293663895,0,100,900,1790605421.7789545,2413.617875,3208.943,performance,,32861572.0,31988444.0,30119692.0,0.0,0.0,7.66,10.8,10.51,,,
3,22,sharded_n,Sharded-N,250,mixed,1,303620.7511359316,788.0,1747.0,809.7156666666667,364.4113656382078,0.45004855486910567,0,100,900,1790605424.896571,2431.21625,3349.73,performance,,32861572.0,32000716.0,30131988.0,0.0,0.0,7.04,10.62,10.45,,,
3,23,disabled,Disabled,1000,write-heavy,1,304441.7722733145,1799.0,14223.0,3188.0511177777776,3165.675939361045,0.992981549670907,0,100,900,1790605428.0459442,2418.446375,3247.571,performance,,32861572.0,31999184.0,30130392.0,0.0,0.0,7.04,10.62,10.45,,,
3,24,global_mutex,GlobalMutex,250,read-heavy,1,312004.7115873097,770.0,1634.0,787.7887377777778,324.2671434689554,0.4116168814289724,0,100,900,1790605433.6930933,2376.50425,2912.034,performance,,32861572.0,31968868.0,30099904.0,0.0,0.0,5.96,10.27,10.34,,,
3,25,hdr_histogram,HdrHistogram,2000,write-heavy,1,281894.18847554945,2032.0,42724.0,6844.375448333333,10414.68758357872,1.5216417717287543,0,100,900,1790605436.9894047,2300.0,2300.0,performance,,32861572.0,31997592.0,30128664.0,0.0,0.0,5.96,10.27,10.34,,,
3,26,sharded_n,Sharded-N,750,mixed,1,296832.9261864445,1837.0,8682.0,2466.7407185185184,1854.429455505027,0.7517731562070151,0,100,900,1790605446.5015538,2505.0535,3127.769,performance,,32861572.0,31965816.0,30096412.0,0.0,0.0,7.52,10.46,10.4,,,
3,27,disabled,Disabled,500,write-heavy,1,316046.97456469544,1442.0,4061.0,1548.3199733333333,788.7606157890868,0.509429981769845,0,100,900,1790605451.388911,2782.866,3396.883,performance,,32861572.0,31972900.0,30103520.0,0.0,0.0,9.08,10.74,10.49,,,
3,28,sharded_2key,Sharded-2key,2000,read-heavy,1,289538.0518889391,2006.0,44026.0,6663.347686111111,10353.474291770888,1.5537946959230973,0,100,900,1790605455.3220713,2703.734875,3240.772,performance,,32861572.0,31991188.0,30121760.0,0.0,0.0,9.8,10.86,10.53,,,
3,29,sharded_n,Sharded-N,3000,read-heavy,1,279013.47495205264,2084.0,75184.0,10334.553318518518,17663.16468096169,1.7091367315615869,0,100,900,1790605464.7900834,2300.0,2300.0,performance,,32861572.0,31963292.0,30093444.0,0.0,0.0,9.91,10.86,10.53,,,
3,30,thread_local,ThreadLocal,2000,write-heavy,1,284034.90190009424,2041.0,43507.0,6784.195435555555,10363.612640988009,1.5276111573485849,0,100,900,1790605478.1419332,2394.116625,3052.933,performance,,32861572.0,31979928.0,30109732.0,0.0,0.0,11.78,11.23,10.66,,,
3,31,hdr_histogram,HdrHistogram,750,write-heavy,1,299870.78967500624,1819.0,9048.0,2443.0012592592593,1889.0763155912307,0.7732604755856803,0,100,900,1790605487.5801928,2461.949875,3031.571,performance,,32861572.0,31964864.0,30094472.0,0.0,0.0,12.85,11.45,10.74,,,
3,32,hdr_histogram,HdrHistogram,3000,write-heavy,1,271762.43833067105,2149.0,76442.0,10603.046378518518,18051.73082868923,1.7025041845767592,0,100,900,1790605492.4439342,2414.19,3213.52,performance,,32861572.0,31935784.0,30065360.0,0.0,0.0,13.43,11.6,10.79,,,
3,33,sharded_2key,Sharded-2key,1000,mixed,1,306581.0918946427,1865.0,13895.0,3175.7339355555555,3180.0699199000665,1.0013653487453609,0,100,900,1790605505.89823,2559.4695,3395.568,performance,,32861572.0,31982536.0,30111740.0,0.0,0.0,13.84,11.77,10.85,,,
3,34,hdr_histogram,HdrHistogram,500,read-heavy,1,326661.7431869973,1391.0,3919.0,1499.2009444444445,772.9043980867274,0.5155442310457861,0,100,900,1790605511.5377357,2898.70575,3574.172,performance,,32861572.0,31971236.0,30100376.0,0.0,0.0,14.33,11.9,10.9,,,
3,35,global_mutex,GlobalMutex,500,mixed,1,308105.62723049475,1475.0,4283.0,1588.6266333333333,821.6357162109293,0.5171987545537579,0,100,900,1790605515.5921235,2300.0,2300.0,performance,,32861572.0,31971228.0,30100308.0,0.0,0.0,15.27,12.14,10.98,,,
3,36,global_mutex,GlobalMutex,750,read-heavy,1,308416.61048248893,1805.0,8311.0,2378.6131155555554,1758.017657309626,0.7390935691948451,0,100,900,1790605519.5672665,2300.0,2300.0,performance,,32861572.0,31971800.0,30100836.0,0.0,0.0,14.04,11.93,10.93,,,
3,37,sharded_2key,Sharded-2key,500,read-heavy,1,310837.44877740764,1463.0,4165.0,1576.8325644444444,808.5084439005161,0.5127421021935661,0,100,900,1790605524.529845,2410.943,3187.544,performance,,32861572.0,31961948.0,30090884.0,0.0,0.0,12.92,11.74,10.87,,,
3,38,sharded_n,Sharded-N,2000,read-heavy,1,293425.4913727201,1963.0,39887.0,6575.468452777778,9837.28921768131,1.4960590699093976,0,100,900,1790605528.6594286,2384.56925,2976.554,performance,,32861572.0,31960240.0,30089156.0,0.0,0.0,11.88,11.54,10.81,,,
3,39,thread_local,ThreadLocal,2000,read-heavy,1,292883.5496796318,1932.0,40083.0,6589.902241666667,9847.268703348813,1.4942966287248471,0,100,900,1790605538.0581563,2300.0,2300.0,performance,,32861572.0,31975180.0,30103676.0,0.0,0.0,12.61,11.7,10.86,,,
3,40,sharded_n,Sharded-N,1500,mixed,1,296107.29233575444,1924.0,27554.0,4886.670708148148,6588.885939758596,1.3483384359768982,0,100,900,1790605547.4563925,2300.0,2300.0,performance,,32861572.0,31970212.0,30098396.0,0.0,0.0,12.2,11.63,10.85,,,
3,41,sharded_2key,Sharded-2key,750,read-heavy,1,333818.2377054242,1676.0,7426.0,2192.6414074074073,1574.164980840212,0.7179308825976767,0,100,900,1790605554.9190013,2300.0,2300.0,performance,,32861572.0,31958636.0,30086672.0,0.0,0.0,11.5,11.51,10.82,,,
3,42,hdr_histogram,HdrHistogram,1500,read-heavy,1,300558.2145491815,1915.0,26842.0,4817.107429629629,6633.389767934777,1.3770483355080159,0,100,900,1790605559.7217743,2955.852125,3117.732,performance,,32861572.0,31972096.0,30100164.0,0.0,0.0,10.58,11.32,10.76,,,
3,43,disabled,Disabled,1500,mixed,1,299651.7143462904,1916.0,26546.0,4842.2082807407405,6393.920239064482,1.3204554344544568,0,100,900,1790605567.2686226,2390.523875,3024.191,performance,,32861572.0,31956304.0,30084084.0,0.0,0.0,11.49,11.49,10.82,,,
3,44,disabled,Disabled,1000,read-heavy,1,301826.04647447506,1873.0,14544.0,3225.041688888889,3253.360840822744,1.008781018872228,0,100,900,1790605574.6761916,2300.0,2300.0,performance,,32861572.0,31964504.0,30092092.0,0.0,0.0,10.98,11.39,10.79,,,
3,45,thread_local,ThreadLocal,3000,mixed,1,281019.2505560784,2057.0,72170.0,10229.114544444445,17283.981103444945,1.6896849701259904,0,100,900,1790605580.5235183,3192.837,3574.63,performance,,32861572.0,31973460.0,30101004.0,0.0,0.0,11.7,11.54,10.84,,,
3,46,hdr_histogram,HdrHistogram,1500,mixed,1,292107.5043040369,1901.0,26191.0,4963.627577037037,6366.538968081356,1.2826383263592402,0,100,900,1790605593.6320584,2300.0,2300.0,performance,,32861572.0,31999540.0,30126556.0,0.0,0.0,17.74,12.89,11.3,,,
3,47,thread_local,ThreadLocal,1000,read-heavy,1,300432.07038778916,1898.0,14392.0,3230.8435455555555,3294.884799183046,1.0198218368436898,0,100,900,1790605601.1564605,2350.781375,2706.251,performance,,32861572.0,31944848.0,30071820.0,0.0,0.0,17.84,13.0,11.34,,,
3,48,global_mutex,GlobalMutex,1500,write-heavy,1,289932.35974691226,1968.0,27789.0,4998.675862962963,6726.895801568313,1.3457355479698874,0,100,900,1790605607.0041316,2300.0,2300.0,performance,,32861572.0,31966944.0,30093784.0,0.0,0.0,18.17,13.15,11.4,,,
3,49,hdr_histogram,HdrHistogram,1000,read-heavy,1,303314.3038724709,1855.0,14561.0,3200.599166666667,3264.313799478545,1.0199070953574718,0,100,900,1790605614.5693307,2300.0,2300.0,performance,,32861572.0,31957432.0,30084128.0,0.0,0.0,16.63,12.99,11.37,,,
3,50,sharded_2key,Sharded-2key,250,mixed,1,327007.6033017455,737.0,1473.0,749.2497466666666,302.56696096164086,0.40382657759676194,0,100,900,1790605620.4066663,2998.94925,3341.605,performance,,32861572.0,31949708.0,30076216.0,0.0,0.0,16.74,13.07,11.4,,,
3,51,thread_local,ThreadLocal,100,read-heavy,1,297038.0651310085,314.0,781.0,330.38235555555553,145.436861912325,0.4402077152932855,0,100,900,1790605623.5124345,2300.0,2300.0,performance,,32861572.0,31973088.0,30099628.0,0.0,0.0,15.4,12.86,11.34,,,
3,52,thread_local,ThreadLocal,500,read-heavy,1,324929.7366882923,1421.0,3730.0,1507.6834,738.8035048292807,0.4900256279463452,0,100,900,1790605626.3385131,2408.787375,3170.299,performance,,32861572.0,31988136.0,30114624.0,0.0,0.0,15.4,12.86,11.34,,,
3,53,disabled,Disabled,500,mixed,1,314982.27667175094,1445.0,4121.0,1557.037531111111,798.8433718318242,0.513053382381711,0,100,900,1790605630.3959475,2528.41975,3229.342,performance,,32861572.0,31981700.0,30108132.0,0.0,0.0,15.29,12.88,11.36,,,
3,54,sharded_2key,Sharded-2key,750,write-heavy,1,302074.56973984046,1784.0,8612.0,2432.855128888889,1862.0286255674364,0.7653676552527996,0,100,900,1790605634.3332677,2300.0,2300.0,performance,,32861572.0,31965004.0,30091396.0,0.0,0.0,14.06,12.66,11.3,,,
3,55,global_mutex,GlobalMutex,750,write-heavy,1,307804.2079740902,1778.0,8489.0,2369.721834074074,1775.306281051216,0.7491623090626942,0,100,900,1790605639.1707559,2363.583125,2808.665,performance,,32861572.0,31961028.0,30087256.0,0.0,0.0,12.94,12.45,11.24,,,
3,56,sharded_2key,Sharded-2key,250,write-heavy,1,317327.5941586883,750.0,1672.0,774.2827422222222,339.8311376158614,0.43889798788557854,0,100,900,1790605643.9652247,3199.9875,3294.318,performance,,32861572.0,31946384.0,30072512.0,0.0,0.0,11.9,12.24,11.18,,,
3,57,hdr_histogram,HdrHistogram,500,write-heavy,1,307991.42011464125,1475.0,4203.0,1592.7333022222222,823.074390854147,0.5167684945783281,0,100,900,1790605647.0899377,2855.907875,3212.858,performance,,32861572.0,31979060.0,30105192.0,0.0,0.0,11.9,12.24,11.18,,,
3,58,global_mutex,GlobalMutex,1000,write-heavy,1,294195.4288690938,1929.0,14517.0,3308.892857777778,3295.7741597853656,0.9960353210102962,0,100,900,1790605651.0644815,2751.883625,3500.0,performance,,32861572.0,31975564.0,30101588.0,0.0,0.0,11.99,12.26,11.19,,,
3,59,sharded_n,Sharded-N,750,read-heavy,1,307951.3234272452,1805.0,8122.0,2382.5205555555553,1725.421740089827,0.7242001484799335,0,100,900,1790605656.8318706,2448.153375,3485.227,performance,,32861572.0,31969948.0,30095780.0,0.0,0.0,13.27,12.52,11.28,,,
3,60,sharded_n,Sharded-N,250,write-heavy,1,310142.8074059936,778.0,1649.0,793.3907288888889,343.99658010643276,0.4335777663903205,0,100,900,1790605661.797651,2510.03625,3185.582,performance,,32861572.0,31970388.0,30096172.0,0.0,0.0,14.13,12.71,11.34,,,
3,61,disabled,Disabled,750,write-heavy,1,299595.68297622807,1794.0,8755.0,2444.4349955555554,1881.027754332075,0.7695143285675989,0,100,900,1790605664.935402,2389.82075,3018.566,performance,,32861572.0,31997896.0,30123632.0,0.0,0.0,13.0,12.5,11.28,,,
3,62,disabled,Disabled,3000,read-heavy,1,283496.2780340649,2060.0,74899.0,10169.35349962963,17465.52296299618,1.7174664017365784,0,100,900,1790605669.7919483,2393.257,3046.056,performance,,32861572.0,31955832.0,30081456.0,0.0,0.0,11.96,12.29,11.22,,,
3,63,thread_local,ThreadLocal,100,mixed,1,301306.4739100683,311.0,717.0,325.16797777777776,136.39307857902915,0.419454214130031,0,100,900,1790605682.9507716,2405.48575,3143.886,performance,,32861572.0,31985956.0,30111016.0,0.0,0.0,12.05,12.3,11.24,,,
3,64,global_mutex,GlobalMutex,500,read-heavy,1,309273.7046079989,1467.0,4148.0,1584.993268888889,812.1032063642929,0.5123701294539837,0,100,900,1790605685.6021154,2300.0,2300.0,performance,,32861572.0,31985320.0,30110348.0,0.0,0.0,12.69,12.43,11.28,,,
3,65,thread_local,ThreadLocal,750,write-heavy,1,304184.8743771087,1774.0,8398.0,2408.3691496296296,1815.1433199098747,0.7536815193754728,0,100,900,1790605689.732297,2300.0,2300.0,performance,,32861572.0,31966360.0,30091480.0,0.0,0.0,11.67,12.22,11.22,,,
3,66,sharded_n,Sharded-N,250,read-heavy,1,329201.29090623965,739.0,1449.0,747.4075466666667,289.49050124149215,0.38732616834360234,0,100,900,1790605694.5619717,2415.38525,3223.082,performance,,32861572.0,31955456.0,30080528.0,0.0,0.0,10.74,12.02,11.16,,,
3,67,sharded_2key,Sharded-2key,1500,read-heavy,1,301338.8920230949,1864.0,26897.0,4812.532082962963,6398.865853831663,1.3296255990655197,0,100,900,1790605697.8209367,2445.25025,3462.002,performance,,32861572.0,31978804.0,30103824.0,0.0,0.0,10.74,12.02,11.16,,,
3,68,thread_local,ThreadLocal,750,read-heavy,1,315392.4909633475,1731.0,8293.0,2328.20709037037,1755.129611553101,0.7538545942980939,0,100,900,1790605705.3420823,2630.176875,3205.196,performance,,32861572.0,31975160.0,30099908.0,0.0,0.0,10.84,11.99,11.16,,,
3,69,global_mutex,GlobalMutex,3000,mixed,1,272345.67300163803,2164.0,75500.0,10565.517327777778,17952.24993233398,1.6991359131214294,0,100,900,1790605710.247367,2300.0,2300.0,performance,,32861572.0,31935228.0,30059976.0,0.0,0.0,9.97,11.79,11.1,,,
3,70,hdr_histogram,HdrHistogram,100,mixed,1,297092.7905753505,315.0,735.0,329.4311,143.23414353858854,0.4347924149802145,0,100,900,1790605723.6796687,2406.8665,3154.932,performance,,32861572.0,31984504.0,30108784.0,0.0,0.0,9.66,11.65,11.07,,,
3,71,hdr_histogram,HdrHistogram,3000,read-heavy,1,282811.79191504954,2057.0,73624.0,10175.725164074074,17592.789272040776,1.728897841517284,0,100,900,1790605726.3412485,2300.0,2300.0,performance,,32861572.0,32016064.0,30140308.0,0.0,0.0,9.66,11.65,11.07,,,
3,72,disabled,Disabled,100,write-heavy,1,291601.4070817657,323.0,744.0,336.36681111111113,138.8284019448295,0.4127291913439423,0,100,900,1790605739.5569353,2413.161125,3205.289,performance,,32861572.0,31968056.0,30091912.0,0.0,0.0,12.55,12.25,11.28,,,
3,73,global_mutex,GlobalMutex,100,mixed,1,300412.128389321,312.0,687.0,325.24622222222223,132.21339250102932,0.4065024694143732,0,100,900,1790605742.2135668,2405.339,3142.712,performance,,32861572.0,31977184.0,30101048.0,0.0,0.0,12.55,12.25,11.28,,,
3,74,global_mutex,GlobalMutex,250,write-heavy,1,309104.1636273141,772.0,1694.0,795.0376133333333,339.94498410622305,0.42758352360329804,0,100,900,1790605744.8687227,2993.341375,3363.944,performance,,32861572.0,31986184.0,30110016.0,0.0,0.0,11.54,12.05,11.22,,,
3,75,sharded_n,Sharded-N,1000,write-heavy,1,288526.68547520624,1942.0,14544.0,3378.5586344444446,3407.7740347494178,1.0086472971068554,0,100,900,1790605748.0128736,2956.256375,3215.625,performance,,32861572.0,31989844.0,30113648.0,0.0,0.0,11.54,12.05,11.22,,,
3,76,disabled,Disabled,1500,write-heavy,1,289276.11075275147,1959.0,26970.0,5015.4960177777775,6621.9803002435265,1.3203041686747339,0,100,900,1790605753.8405366,2300.0,2300.0,performance,,32861572.0,31960932.0,30084644.0,0.0,0.0,9.77,11.65,11.1,,,
3,77,disabled,Disabled,2000,read-heavy,1,308414.25421721564,1850.0,37648.0,6232.301348333333,9331.084021846415,1.4972132283593396,0,100,900,1790605761.4096944,2480.705875,3193.26,performance,,32861572.0,31965212.0,30088672.0,0.0,0.0,9.95,11.66,11.1,,,
3,78,disabled,Disabled,3000,write-heavy,1,274711.613804202,2135.0,76387.0,10466.403456666667,17886.058399420333,1.7089020572800155,0,100,900,1790605770.4875429,2708.107375,3146.859,performance,,32861572.0,31947760.0,30071044.0,0.0,0.0,10.03,11.62,11.09,,,
3,79,disabled,Disabled,100,read-heavy,1,294277.0480882277,314.0,852.0,333.47045555555553,151.55004919016412,0.45446319656020073,0,100,900,1790605783.8147535,2393.75,3050.0,performance,,32861572.0,31980952.0,30103820.0,0.0,0.0,15.59,12.87,11.52,,,
3,80,hdr_histogram,HdrHistogram,1500,write-heavy,1,290454.84647402685,1982.0,28396.0,4994.375378518518,6930.512617906139,1.3876635400124724,0,100,900,1790605786.6386318,2400.2075,3101.66,performance,,32861572.0,31996216.0,30119052.0,0.0,0.0,15.59,12.87,11.52,,,
3,81,hdr_histogram,HdrHistogram,750,read-heavy,1,310662.903263426,1748.0,8668.0,2356.869714074074,1809.9892811683897,0.7679632312130018,0,100,900,1790605794.1943583,2300.0,2300.0,performance,,32861572.0,31935848.0,30058536.0,0.0,0.0,16.73,13.23,11.65,,,
3,82,thread_local,ThreadLocal,250,mixed,1,316240.50543575897,755.0,1703.0,777.1779555555555,343.33461656277376,0.44177091502466187,0,100,900,1790605799.1367548,2392.647125,3041.177,performance,,32861572.0,31940596.0,30063280.0,0.0,0.0,15.39,13.01,11.59,,,
3,83,global_mutex,GlobalMutex,1000,mixed,1,292949.3387686676,1940.0,14353.0,3319.4885788888887,3291.4287582989427,0.9915469446804549,0,100,900,1790605802.2610934,2300.0,2300.0,performance,,32861572.0,31978772.0,30101432.0,0.0,0.0,15.39,13.01,11.59,,,
3,84,disabled,Disabled,2000,write-heavy,1,288236.49140022515,1967.0,41063.0,6700.985791111111,10000.696992755351,1.492421757709339,0,100,900,1790605808.037883,2486.434625,3146.967,performance,,32861572.0,31963556.0,30085940.0,0.0,0.0,15.84,13.14,11.64,,,
3,85,global_mutex,GlobalMutex,1500,read-heavy,1,290684.2032964047,1971.0,29171.0,4977.875235555555,6898.010300695416,1.385733867218061,0,100,900,1790605817.3847384,2410.086125,3180.689,performance,,32861572.0,31964972.0,30087144.0,0.0,0.0,14.84,13.01,11.61,,,
3,86,thread_local,ThreadLocal,500,mixed,1,312664.6659319542,1475.0,3976.0,1570.2502822222223,764.1317506727668,0.4866305450309269,0,100,900,1790605825.0971894,2300.0,2300.0,performance,,32861572.0,31952552.0,30074496.0,0.0,0.0,13.37,12.76,11.54,,,
3,87,disabled,Disabled,250,mixed,1,319922.7853702785,744.0,1703.0,766.92268,341.23301994605106,0.444937969426137,0,100,900,1790605829.0426304,2357.16,2757.28,performance,,32861572.0,31970816.0,30092764.0,0.0,0.0,12.3,12.55,11.48,,,
3,88,hdr_histogram,HdrHistogram,750,mixed,1,312110.8258323631,1745.0,8138.0,2343.8316207407406,1741.6382263861378,0.7430730991826595,0,100,900,1790605832.1625504,2431.831875,3354.655,performance,,32861572.0,31980336.0,30102312.0,0.0,0.0,12.3,12.55,11.48,,,
3,89,hdr_histogram,HdrHistogram,250,mixed,1,309762.7278768647,770.0,1741.0,792.4047688888888,354.971957982124,0.4479679728327055,0,100,900,1790605836.9351249,2300.0,2300.0,performance,,32861572.0,31947672.0,30069524.0,0.0,0.0,12.84,12.65,11.52,,,
3,90,disabled,Disabled,250,read-heavy,1,318724.16682195145,748.0,1564.0,764.8920666666667,324.6240325641794,0.42440501962435406,0,100,900,1790605840.0809515,2523.585625,3263.527,performance,,32861572.0,31989064.0,30110900.0,0.0,0.0,11.81,12.44,11.46,,,
3,91,sharded_2key,Sharded-2key,250,read-heavy,1,322713.7110128006,741.0,1568.0,760.9235022222222,324.74857037375585,0.42678215277271775,0,100,900,1790605843.3680534,2300.0,2300.0,performance,,32861572.0,31988144.0,30109944.0,0.0,0.0,10.86,12.24,11.4,,,
3,92,sharded_n,Sharded-N,2000,write-heavy,1,280607.1950342469,2052.0,44636.0,6887.099311666667,10499.558361830661,1.5245254767917358,0,100,900,1790605846.6407301,2412.529,3200.232,performance,,32861572.0,31994120.0,30115848.0,0.0,0.0,10.86,12.24,11.4,,,
3,93,thread_local,ThreadLocal,250,read-heavy,1,320675.86317629734,745.0,1647.0,766.6581955555556,327.6082456183191,0.4273198245548254,0,100,900,1790605856.1815114,3013.53525,3227.719,performance,,32861572.0,31974556.0,30095944.0,0.0,0.0,10.96,12.21,11.4,,,
3,94,sharded_2key,Sharded-2key,750,mixed,1,308705.75064193114,1766.0,8409.0,2367.28392,1778.6499793468322,0.7513462852173779,0,100,900,1790605859.462076,2300.0,2300.0,performance,,32861572.0,31990232.0,30111592.0,0.0,0.0,10.09,12.01,11.34,,,
3,95,sharded_n,Sharded-N,100,read-heavy,1,298080.9044633114,313.0,751.0,328.9578222222222,142.86071775909107,0.43428278067388165,0,100,900,1790605864.2551203,2875.360375,3345.536,performance,,32861572.0,31951960.0,30073204.0,0.0,0.0,9.28,11.81,11.28,,,
3,96,disabled,Disabled,750,mixed,1,325875.3461384562,1646.0,8380.0,2244.5796696296297,1750.4450969712407,0.779854295508288,0,100,900,1790605867.0790184,2409.414875,3175.319,performance,,32861572.0,31981488.0,30102692.0,0.0,0.0,9.28,11.81,11.28,,,
3,97,sharded_n,Sharded-N,500,write-heavy,1,301089.23930035194,1522.0,4257.0,1625.1932266666668,828.8604295834521,0.5100073123510835,0,100,900,1790605871.757055,2950.83475,3205.468,performance,,32861572.0,31957904.0,30079024.0,0.0,0.0,9.74,11.86,11.3,,,
3,98,sharded_2key,Sharded-2key,100,write-heavy,1,295660.0310426607,317.0,715.0,331.74283333333335,138.6039770128438,0.41780548993375033,0,100,900,1790605875.7669213,2895.122125,3208.959,performance,,32861572.0,31985956.0,30106976.0,0.0,0.0,9.76,11.83,11.29,,,
3,99,global_mutex,GlobalMutex,2000,read-heavy,1,296371.80061043106,1926.0,40199.0,6508.967233333334,9782.075799252792,1.5028614292536935,0,100,900,1790605878.428533,2378.5485,2928.388,performance,,32861572.0,31990044.0,30111036.0,0.0,0.0,8.98,11.63,11.23,,,
3,100,global_mutex,GlobalMutex,500,write-heavy,1,313195.8738172466,1458.0,3958.0,1561.1048711111112,773.3213338850694,0.4953679590626481,0,100,900,1790605887.751377,2300.0,2300.0,performance,,32861572.0,31981564.0,30102264.0,0.0,0.0,9.22,11.64,11.23,,,
3,101,thread_local,ThreadLocal,1000,write-heavy,1,296672.78025649005,1890.0,14746.0,3281.2354966666667,3336.8329862778396,1.016944071727754,0,100,900,1790605891.6985855,2984.721375,3348.693,performance,,32861572.0,31973716.0,30094464.0,0.0,0.0,9.6,11.68,11.25,,,
3,102,sharded_n,Sharded-N,750,write-heavy,1,298087.955350367,1830.0,8363.0,2454.6882903703704,1823.88853427951,0.7430224609106342,0,100,900,1790605897.4289896,2300.0,2300.0,performance,,32861572.0,31962524.0,30083020.0,0.0,0.0,13.08,12.37,11.47,,,
3,103,sharded_2key,Sharded-2key,2000,mixed,1,287939.7649821913,2002.0,42416.0,6669.787644444445,10154.173800191202,1.5224133572901761,0,100,900,1790605902.3070512,2300.0,2300.0,performance,,32861572.0,31951572.0,30072120.0,0.0,0.0,14.11,12.59,11.55,,,
3,104,global_mutex,GlobalMutex,100,write-heavy,1,291640.8272893688,326.0,681.0,336.82953333333336,133.33755200006087,0.3958606321735669,0,100,900,1790605911.675579,2684.787,3203.84,performance,,32861572.0,31952692.0,30072840.0,0.0,0.0,16.12,13.06,11.71,,,
3,105,sharded_n,Sharded-N,2000,mixed,1,284919.1894102626,2036.0,42309.0,6768.067068888889,10326.343194993131,1.5257448086560412,0,100,900,1790605914.3415987,2410.672,3185.376,performance,,32861572.0,31974900.0,30095004.0,0.0,0.0,14.83,12.84,11.65,,,
3,106,sharded_n,Sharded-N,1500,write-heavy,1,284673.5203481152,2016.0,27716.0,5079.340065185185,6808.911816466481,1.3405111154372449,0,100,900,1790605923.7574894,2921.319375,3354.812,performance,,32861572.0,31951256.0,30071092.0,0.0,0.0,13.66,12.66,11.6,,,
3,107,hdr_histogram,HdrHistogram,2000,mixed,1,283234.56266730465,2031.0,42512.0,6783.186218888889,10214.573618544777,1.505866607362279,0,100,900,1790605931.407819,2406.092875,3148.743,performance,,32861572.0,31955696.0,30075396.0,0.0,0.0,13.76,12.7,11.62,,,
3,108,disabled,Disabled,100,mixed,1,300956.2141345464,310.0,779.0,326.8711333333333,139.37839102961144,0.4264016513427558,0,100,900,1790605940.8699665,2300.0,2300.0,performance,,32861572.0,31963036.0,30082440.0,0.0,0.0,14.47,12.89,11.7,,,
3,109,sharded_2key,Sharded-2key,1000,read-heavy,1,302625.1396285914,1898.0,14130.0,3208.9301944444446,3251.230878774248,1.0131821765406546,0,100,900,1790605943.524061,2300.0,2300.0,performance,,32861572.0,31979896.0,30099264.0,0.0,0.0,13.31,12.68,11.63,,,
3,110,sharded_2key,Sharded-2key,1500,mixed,1,287136.35363388655,2011.0,28301.0,5030.357254814815,6710.128324107658,1.333926793705367,0,100,900,1790605949.3707063,3045.508,3494.736,performance,,32861572.0,31950836.0,30070188.0,0.0,0.0,12.24,12.47,11.57,,,
3,111,disabled,Disabled,1000,mixed,1,299672.86930437275,1878.0,14161.0,3239.7587933333334,3262.181492407552,1.0069211013858066,0,100,900,1790605956.968188,2300.0,2300.0,performance,,32861572.0,31919764.0,30038872.0,0.0,0.0,14.87,13.01,11.75,,,
3,112,thread_local,ThreadLocal,3000,write-heavy,1,277016.8267475397,2106.0,76563.0,10381.663846666666,18006.57455755105,1.7344594106976967,0,100,900,1790605962.6659942,2669.7125,3540.285,performance,,32861572.0,31954200.0,30073240.0,0.0,0.0,15.84,13.24,11.83,,,
3,113,hdr_histogram,HdrHistogram,2000,read-heavy,1,290477.2336291178,1979.0,40469.0,6627.493552777778,10273.53062025489,1.5501381538046086,0,100,900,1790605975.9709764,2967.4305,3207.785,performance,,32861572.0,32000520.0,30119140.0,0.0,0.0,17.85,13.77,12.03,,,
3,114,thread_local,ThreadLocal,1500,read-heavy,1,296999.67522491515,1924.0,27853.0,4874.0633007407405,6744.692832617493,1.383792621567402,0,100,900,1790605985.4321477,2300.0,2300.0,performance,,32861572.0,31955672.0,30074068.0,0.0,0.0,18.76,14.1,12.15,,,
3,115,sharded_2key,Sharded-2key,500,mixed,1,308013.6450072117,1469.0,4275.0,1588.8996444444444,827.3593930807268,0.5207121771180278,0,100,900,1790605993.0354524,2300.0,2300.0,performance,,32861572.0,31955552.0,30073752.0,0.0,0.0,18.3,14.08,12.16,,,
3,116,sharded_2key,Sharded-2key,3000,mixed,1,277422.6949376896,2109.0,76290.0,10372.161661481481,17802.504497816197,1.716373604542664,0,100,900,1790605997.001147,2300.0,2300.0,performance,,32861572.0,31988372.0,30106544.0,0.0,0.0,16.84,13.85,12.09,,,
3,117,disabled,Disabled,500,read-heavy,1,315876.1035368584,1437.0,4094.0,1548.9730533333334,789.4873333126013,0.5096843561052617,0,100,900,1790606010.2338061,2414.30725,3214.458,performance,,32861572.0,31996808.0,30114516.0,0.0,0.0,18.06,14.27,12.26,,,
3,118,disabled,Disabled,3000,mixed,1,278895.9281650741,2071.0,72281.0,10291.83472111111,17508.147326014256,1.7011687226283079,0,100,900,1790606014.3267145,2409.317,3174.536,performance,,32861572.0,31958244.0,30076052.0,0.0,0.0,16.61,14.04,12.19,,,
3,119,hdr_histogram,HdrHistogram,1000,write-heavy,1,291774.0424320221,1965.0,14567.0,3335.6577444444442,3351.8222620743068,1.0048459760767676,0,100,900,1790606027.5140073,2777.876625,3316.242,performance,,32861572.0,31974316.0,30091576.0,0.0,0.0,16.86,14.17,12.26,,,
3,120,global_mutex,GlobalMutex,3000,write-heavy,1,268335.2439871077,2187.0,77697.0,10734.055855185185,18291.562482134013,1.7040681294105717,0,100,900,1790606033.3036296,2409.7875,3178.3,performance,,32861572.0,31950888.0,30068192.0,0.0,0.0,17.35,14.32,12.31,,,
3,121,sharded_n,Sharded-N,3000,mixed,1,272148.2245168822,2142.0,75031.0,10567.044615185185,17765.878565344254,1.681253293831476,0,100,900,1790606046.908157,2762.091625,3303.362,performance,,32861572.0,31996356.0,30113212.0,0.0,0.0,19.91,15.01,12.57,,,
3,122,global_mutex,GlobalMutex,2000,write-heavy,1,279976.75448199635,2080.0,44353.0,6871.230716111111,10523.822353074227,1.531577498685761,0,100,900,1790606060.3764496,2300.0,2300.0,performance,,32861572.0,31985488.0,30101896.0,0.0,0.0,18.63,14.99,12.61,,,
3,123,global_mutex,GlobalMutex,1500,mixed,1,288471.8311118168,2016.0,27454.0,5027.143823703704,6818.256358027669,1.3562883014960927,0,100,900,1790606069.9124951,2532.666625,3462.492,performance,,32861572.0,31962104.0,30078404.0,0.0,0.0,17.98,14.98,12.63,,,
3,124,disabled,Disabled,1500,read-heavy,1,300514.0988850711,1908.0,27312.0,4821.226536296296,6563.539703980354,1.361383800277204,0,100,900,1790606077.493429,2300.0,2300.0,performance,,32861572.0,31960308.0,30076396.0,0.0,0.0,17.9,15.02,12.66,,,
3,125,sharded_2key,Sharded-2key,500,write-heavy,1,303311.36441257264,1503.0,4264.0,1619.0871422222222,830.0554374669767,0.5126687846632596,0,100,900,1790606085.0352795,2851.7685,2945.186,performance,,32861572.0,31951396.0,30067400.0,0.0,0.0,16.03,14.72,12.58,,,
3,126,thread_local,ThreadLocal,100,write-heavy,1,294746.86708396906,317.0,756.0,332.73137777777777,140.97856380570056,0.4237008386382372,0,100,900,1790606089.0311246,2665.621375,3345.827,performance,,32861572.0,31964452.0,30080492.0,0.0,0.0,14.75,14.47,12.52,,,
3,127,sharded_n,Sharded-N,1500,read-heavy,1,297956.8847453481,1934.0,26106.0,4871.913303703704,6441.921551559392,1.3222570169017878,0,100,900,1790606091.6908126,2695.941,3052.717,performance,,32861572.0,31976056.0,30092052.0,0.0,0.0,14.75,14.47,12.52,,,
3,128,disabled,Disabled,2000,mixed,1,289436.08818490047,1953.0,42049.0,6658.745901111111,9998.473184914472,1.5015549975027696,0,100,900,1790606099.2717404,2405.526625,3144.213,performance,,32861572.0,31984972.0,30100616.0,0.0,0.0,13.44,14.21,12.45,,,
3,129,hdr_histogram,HdrHistogram,100,write-heavy,1,304840.5942806417,312.0,635.0,321.67403333333334,125.26957458848638,0.38943017342862835,0,100,900,1790606108.572206,2300.0,2300.0,performance,,32861572.0,31970424.0,30085892.0,0.0,0.0,18.0,15.21,12.8,,,
3,130,sharded_2key,Sharded-2key,2000,write-heavy,1,281508.6696073277,2068.0,43254.0,6851.010735555556,10236.226524272393,1.4941191773570222,0,100,900,1790606111.224689,2414.347,3214.776,performance,,32861572.0,32001828.0,30117272.0,0.0,0.0,18.0,15.21,12.8,,,
3,131,global_mutex,GlobalMutex,250,mixed,1,324060.76284482563,735.0,1599.0,757.2789066666667,326.5059788300357,0.4311568379307238,0,100,900,1790606120.7157776,2776.64,3432.62,performance,,32861572.0,31961328.0,30076436.0,0.0,0.0,17.93,15.29,12.85,,,
3,132,thread_local,ThreadLocal,3000,read-heavy,1,279669.08667424443,2090.0,75575.0,10277.676651111111,17837.511762768805,1.7355587617986024,0,100,900,1790606123.8208284,2396.814375,3074.515,performance,,32861572.0,31968496.0,30083616.0,0.0,0.0,16.49,15.03,12.78,,,
3,133,sharded_n,Sharded-N,3000,write-heavy,1,266966.6384499541,2207.0,78023.0,10795.878796666666,18417.293972772834,1.7059559781700546,0,100,900,1790606137.125978,2409.25125,3174.01,performance,,32861572.0,31975548.0,30090232.0,0.0,0.0,16.22,15.02,12.8,,,
3,134,thread_local,ThreadLocal,750,mixed,1,294564.20742408175,1818.0,8960.0,2488.3981244444444,1923.068332729486,0.772813768760908,0,100,900,1790606150.785585,2376.8,2914.4,performance,,32861572.0,31998464.0,30112836.0,0.0,0.0,16.68,15.18,12.89,,,
3,135,global_mutex,GlobalMutex,750,mixed,1,303874.34947091347,1792.0,8649.0,2412.907477037037,1844.7615727550894,0.7645388769818848,0,100,900,1790606155.680974,2300.0,2300.0,performance,,32861572.0,31982752.0,30097148.0,0.0,0.0,16.14,15.09,12.87,,,
3,136,sharded_2key,Sharded-2key,1500,write-heavy,1,287696.6831208377,2004.0,28279.0,5053.638345925926,6795.857479646995,1.344745510949668,0,100,900,1790606160.5030468,2300.0,2300.0,performance,,32861572.0,31989316.0,30103540.0,0.0,0.0,15.89,15.06,12.87,,,
3,137,disabled,Disabled,750,read-heavy,1,319493.35877248953,1695.0,8119.0,2288.658634074074,1751.063599063101,0.7651047530605329,0,100,900,1790606168.0969722,2704.420875,3180.75,performance,,32861572.0,31964164.0,30078212.0,0.0,0.0,15.66,15.02,12.87,,,
3,138,thread_local,ThreadLocal,500,write-heavy,1,302889.06371825136,1491.0,4353.0,1623.3573644444446,846.9116078658428,0.5217037396788342,0,100,900,1790606172.9797492,2375.597,2904.776,performance,,32861572.0,31967408.0,30081356.0,0.0,0.0,14.41,14.77,12.81,,,
3,139,sharded_n,Sharded-N,100,write-heavy,1,290069.1378823245,324.0,737.0,336.7827888888889,138.34378585984413,0.4107804508545905,0,100,900,1790606176.9765244,2300.0,2300.0,performance,,32861572.0,31987176.0,30101176.0,0.0,0.0,14.05,14.69,12.79,,,
3,140,sharded_2key,Sharded-2key,100,mixed,1,307681.4552151335,307.0,657.0,318.7532,128.53994893922882,0.40325853650795923,0,100,900,1790606179.6447806,2666.4195,3417.989,performance,,32861572.0,32004792.0,30118764.0,0.0,0.0,12.93,14.45,12.72,,,
3,141,sharded_n,Sharded-N,1000,read-heavy,1,315197.3186749667,1826.0,13586.0,3086.818111111111,3107.627743732934,1.0067414508638906,0,100,900,1790606182.2913134,2719.926,3320.963,performance,,32861572.0,31997588.0,30111528.0,0.0,0.0,12.93,14.45,12.72,,,
3,142,hdr_histogram,HdrHistogram,250,read-heavy,1,325012.4667198609,737.0,1616.0,757.34956,321.59831498475984,0.4246365641049027,0,100,900,1790606187.994326,2300.0,2300.0,performance,,32861572.0,31966268.0,30079876.0,0.0,0.0,12.77,14.39,12.71,,,
3,143,global_mutex,GlobalMutex,3000,read-heavy,1,281759.46504967636,2057.0,73710.0,10222.557737407407,17583.58590168395,1.7200769468232329,0,100,900,1790606191.2704153,2376.148625,2909.189,performance,,32861572.0,31986724.0,30100368.0,0.0,0.0,11.83,14.17,12.65,,,
3,144,hdr_histogram,HdrHistogram,500,mixed,1,300542.2075956389,1486.0,4616.0,1632.887071111111,883.0616904449035,0.5407977722819601,0,100,900,1790606204.509771,2413.567,3208.536,performance,,32861572.0,31979276.0,30092516.0,0.0,0.0,10.33,13.73,12.53,,,
4,1,thread_local,ThreadLocal,1500,write-heavy,1,288396.1238734643,2003.0,28233.0,5020.830277037037,6654.43032010666,1.325364521987719,0,100,900,1790606208.5268033,2423.894625,3291.157,performance,,32861572.0,31992288.0,30105584.0,0.0,0.0,9.51,13.5,12.46,,,
4,2,global_mutex,GlobalMutex,500,write-heavy,1,299932.7950583873,1520.0,4258.0,1632.0320733333333,832.9208666390714,0.510358148132394,0,100,900,1790606216.0992925,2524.932,3220.082,performance,,32861572.0,31956344.0,30069272.0,0.0,0.0,10.19,13.58,12.49,,,
4,3,thread_local,ThreadLocal,1000,write-heavy,1,295717.04467827105,1918.0,14720.0,3293.0195411111113,3354.7600587905717,1.0187489071682303,0,100,900,1790606220.1105647,2404.752875,3138.023,performance,,32861572.0,31995104.0,30108064.0,0.0,0.0,9.37,13.35,12.43,,,
4,4,hdr_histogram,HdrHistogram,500,mixed,1,304557.4146135692,1502.0,4175.0,1611.4852444444443,807.515619579928,0.501100225623423,0,100,900,1790606225.8565354,2412.236125,3197.889,performance,,32861572.0,31964100.0,30076896.0,0.0,0.0,9.58,13.33,12.42,,,
4,5,hdr_histogram,HdrHistogram,1500,read-heavy,1,295807.48786986177,1909.0,27697.0,4894.091851111111,6673.33616264223,1.363549431776025,0,100,900,1790606229.85053,2413.704,3209.632,performance,,32861572.0,31974068.0,30086904.0,0.0,0.0,8.81,13.11,12.36,,,
4,6,sharded_n,Sharded-N,2000,write-heavy,1,280401.2842406858,2084.0,43197.0,6900.718564444444,10561.219990357367,1.5304522118571022,0,100,900,1790606237.4667943,2388.752875,3010.023,performance,,32861572.0,31979672.0,30092072.0,0.0,0.0,9.07,13.09,12.35,,,
4,7,global_mutex,GlobalMutex,250,write-heavy,1,311538.44912485254,768.0,1754.0,790.5840044444444,345.89178669609976,0.4375142739438085,0,100,900,1790606247.0017388,2377.065875,2916.527,performance,,32861572.0,31973372.0,30085580.0,0.0,0.0,9.49,13.05,12.35,,,
4,8,disabled,Disabled,2000,read-heavy,1,297628.78069039393,1890.0,40207.0,6477.596337777778,9892.372893571319,1.5271672357658865,0,100,900,1790606250.1413908,2300.0,2300.0,performance,,32861572.0,31990332.0,30102540.0,0.0,0.0,8.73,12.84,12.28,,,
4,9,thread_local,ThreadLocal,100,write-heavy,1,288955.39100894495,324.0,770.0,339.35,147.3438731982818,0.43419441048558066,0,100,900,1790606259.4263504,2300.0,2300.0,performance,,32861572.0,31968320.0,30080344.0,0.0,0.0,8.34,12.63,12.22,,,
4,10,hdr_histogram,HdrHistogram,2000,mixed,1,284884.34842113603,1998.0,42782.0,6760.025812222222,10332.123954725756,1.5284148672990463,0,100,900,1790606262.0930972,2300.0,2300.0,performance,,32861572.0,31977324.0,30089312.0,0.0,0.0,8.34,12.63,12.22,,,
4,11,sharded_2key,Sharded-2key,500,read-heavy,1,316871.7351978958,1436.0,4083.0,1546.62416,784.0118751928799,0.5069181611600324,0,100,900,1790606271.5234616,2638.81975,3306.335,performance,,32861572.0,31956760.0,30068420.0,0.0,0.0,9.6,12.75,12.27,,,
4,12,hdr_histogram,HdrHistogram,2000,write-heavy,1,282373.9204292628,2046.0,42419.0,6819.812431111111,10418.885352469912,1.5277378165036168,0,100,900,1790606275.6133947,2300.0,2300.0,performance,,32861572.0,31977584.0,30089260.0,0.0,0.0,9.95,12.77,12.28,,,
4,13,global_mutex,GlobalMutex,750,mixed,1,297365.34083345527,1838.0,8839.0,2466.0733881481483,1867.7276101378202,0.757369030100258,0,100,900,1790606285.096657,2406.02125,3148.17,performance,,32861572.0,31948848.0,30060172.0,0.0,0.0,9.82,12.66,12.25,,,
4,14,hdr_histogram,HdrHistogram,1000,read-heavy,1,302462.38712601515,1856.0,14543.0,3214.077007777778,3269.425921499519,1.0172207802077553,0,100,900,1790606289.974306,2808.54375,3196.539,performance,,32861572.0,31957384.0,30068756.0,0.0,0.0,9.04,12.45,12.18,,,
4,15,thread_local,ThreadLocal,1000,mixed,1,305713.29364165023,1876.0,14113.0,3176.563037777778,3197.4238081578224,1.0065670884323574,0,100,900,1790606295.808704,2389.899375,3019.195,performance,,32861572.0,31937304.0,30048492.0,0.0,0.0,9.19,12.43,12.18,,,
4,16,disabled,Disabled,1000,read-heavy,1,311029.9812674625,1777.0,13969.0,3123.28242,3129.8346308334185,1.0020978605045325,0,100,900,1790606301.444382,2599.568125,3196.058,performance,,32861572.0,31974472.0,30085516.0,0.0,0.0,9.34,12.41,12.17,,,
4,17,thread_local,ThreadLocal,2000,write-heavy,1,285435.0135145558,2031.0,41786.0,6746.310227777778,10409.93958975452,1.543056758180469,0,100,900,1790606307.191095,2300.0,2300.0,performance,,32861572.0,31964500.0,30075400.0,0.0,0.0,11.55,12.81,12.3,,,
4,18,global_mutex,GlobalMutex,250,mixed,1,310385.84646720235,763.0,1767.0,789.7784977777778,356.65443922443325,0.45158793285454335,0,100,900,1790606316.612661,2354.851125,2738.809,performance,,32861572.0,31977368.0,30087972.0,0.0,0.0,12.41,12.97,12.36,,,
4,19,hdr_histogram,HdrHistogram,100,read-heavy,1,308325.03599258,305.0,650.0,317.26695555555557,124.80234336077838,0.3933669774787644,0,100,900,1790606319.7565315,2802.6325,3198.87,performance,,32861572.0,31998224.0,30108868.0,0.0,0.0,11.42,12.75,12.29,,,
4,20,global_mutex,GlobalMutex,100,mixed,1,293556.78475681995,319.0,738.0,334.0630111111111,138.6093764754923,0.41491985603096326,0,100,900,1790606322.5765069,2408.992,3171.936,performance,,32861572.0,32008292.0,30118928.0,0.0,0.0,11.42,12.75,12.29,,,
4,21,hdr_histogram,HdrHistogram,2000,read-heavy,1,290156.2519900639,1968.0,42481.0,6647.174282222222,10146.845377551026,1.5264900462574942,0,100,900,1790606325.2369561,2300.0,2300.0,performance,,32861572.0,32012900.0,30123560.0,0.0,0.0,10.51,12.54,12.22,,,
4,22,sharded_2key,Sharded-2key,3000,write-heavy,1,270304.87900844216,2167.0,77720.0,10657.281867037036,18248.575383552623,1.7123104757128975,0,100,900,1790606334.724697,2399.48525,3095.882,performance,,32861572.0,31976604.0,30086896.0,0.0,0.0,10.44,12.47,12.21,,,
4,23,hdr_histogram,HdrHistogram,250,mixed,1,309203.7854381997,763.0,1759.0,791.9056933333334,355.80302500554694,0.4492997436448286,0,100,900,1790606348.2423263,2300.0,2300.0,performance,,32861572.0,31988132.0,30097960.0,0.0,0.0,10.66,12.45,12.2,,,
4,24,thread_local,ThreadLocal,3000,read-heavy,1,280532.6631938043,2056.0,73649.0,10277.97018,17570.210643096376,1.7095020062703057,0,100,900,1790606351.3909163,2724.36275,3276.883,performance,,32861572.0,31998468.0,30108408.0,0.0,0.0,9.81,12.25,12.14,,,
4,25,thread_local,ThreadLocal,1500,mixed,1,294020.5332937551,1940.0,28032.0,4930.328589629629,6683.657401082975,1.3556210868259915,0,100,900,1790606364.6906195,2360.96775,2787.742,performance,,32861572.0,31980064.0,30089580.0,0.0,0.0,10.1,12.21,12.13,,,
4,26,sharded_2key,Sharded-2key,3000,mixed,1,272111.62550685194,2143.0,76778.0,10555.448523703704,18242.414873346195,1.7282463016498404,0,100,900,1790606372.1888516,3030.04675,3298.621,performance,,32861572.0,31972248.0,30081664.0,0.0,0.0,10.25,12.21,12.13,,,
4,27,thread_local,ThreadLocal,750,mixed,1,308798.16434707044,1734.0,8211.0,2369.9839407407408,1788.4533710109827,0.7546267889275232,0,100,900,1790606385.6457665,2389.183625,3013.469,performance,,32861572.0,31985884.0,30094880.0,0.0,0.0,12.42,12.58,12.25,,,
4,28,global_mutex,GlobalMutex,3000,write-heavy,1,269820.95819858386,2184.0,76258.0,10664.730131111111,18071.573094531905,1.6945176176388728,0,100,900,1790606390.4326625,2395.206,3061.648,performance,,32861572.0,31961308.0,30070316.0,0.0,0.0,12.79,12.65,12.28,,,
4,29,sharded_2key,Sharded-2key,1500,mixed,1,287495.1283790777,1999.0,27899.0,5020.159823703703,6804.035327535554,1.3553423728481553,0,100,900,1790606403.9886267,2381.260875,2950.087,performance,,32861572.0,31993492.0,30102012.0,0.0,0.0,12.26,12.56,12.26,,,
4,30,global_mutex,GlobalMutex,1500,read-heavy,1,291698.9021953086,1938.0,27988.0,4975.699813333334,6644.914551526786,1.3354733606960119,0,100,900,1790606411.5849478,2403.974875,3131.799,performance,,32861572.0,31966828.0,30075228.0,0.0,0.0,12.56,12.62,12.28,,,
4,31,thread_local,ThreadLocal,1500,read-heavy,1,294907.3857794499,1963.0,27924.0,4917.616451851852,6664.713295449934,1.3552731004346972,0,100,900,1790606419.2735703,2387.54325,3000.346,performance,,32861572.0,31940392.0,30048624.0,0.0,0.0,11.95,12.5,12.24,,,
4,32,hdr_histogram,HdrHistogram,100,write-heavy,1,286449.889941019,325.0,823.0,342.4762666666667,151.45458460456808,0.44223381105698445,0,100,900,1790606426.9113672,2740.208,3323.702,performance,,32861572.0,31973608.0,30081644.0,0.0,0.0,12.6,12.62,12.28,,,
4,33,disabled,Disabled,500,write-heavy,1,304794.62488095457,1511.0,3995.0,1607.6541311111112,796.7034276483305,0.4955689238317065,0,100,900,1790606429.5813422,2592.631,3167.01,performance,,32861572.0,32006016.0,30114036.0,0.0,0.0,11.59,12.41,12.22,,,
4,34,thread_local,ThreadLocal,3000,mixed,1,279522.66147001047,2090.0,71064.0,10293.796088148149,17387.100817500173,1.6890854130595188,0,100,900,1790606433.5654168,2722.19525,3206.345,performance,,32861572.0,31980852.0,30088816.0,0.0,0.0,10.66,12.21,12.15,,,
4,35,thread_local,ThreadLocal,250,mixed,1,316007.40658440447,757.0,1580.0,776.9442177777778,334.96429113798797,0.4311304254198011,0,100,900,1790606446.7416933,2419.28875,3254.31,performance,,32861572.0,31983164.0,30090668.0,0.0,0.0,16.28,13.34,12.52,,,
4,36,hdr_histogram,HdrHistogram,250,write-heavy,1,314833.2700301575,752.0,1731.0,779.7606311111111,341.55838384414335,0.4380297878817549,0,100,900,1790606449.870263,2300.0,2300.0,performance,,32861572.0,32003860.0,30111412.0,0.0,0.0,14.97,13.12,12.45,,,
4,37,disabled,Disabled,2000,mixed,1,284606.1050296813,2038.0,42900.0,6761.075076666667,10361.784792822027,1.5325646698676472,0,100,900,1790606453.00436,2300.0,2300.0,performance,,32861572.0,32005636.0,30113224.0,0.0,0.0,14.97,13.12,12.45,,,
4,38,global_mutex,GlobalMutex,500,read-heavy,1,315478.6632196524,1443.0,4067.0,1546.1711822222221,782.0486827012415,0.5057969594138008,0,100,900,1790606462.425239,2300.0,2300.0,performance,,32861572.0,31952260.0,30059428.0,0.0,0.0,20.2,14.26,12.83,,,
4,39,hdr_histogram,HdrHistogram,100,mixed,1,296750.1281128005,316.0,720.0,330.2636,134.56971243193033,0.40746153203662266,0,100,900,1790606466.5227554,2362.113,2796.904,performance,,32861572.0,31978220.0,30085420.0,0.0,0.0,20.1,14.34,12.86,,,
4,40,disabled,Disabled,500,read-heavy,1,321439.1513686393,1434.0,3814.0,1522.4834955555555,755.0746983815887,0.4959493489327195,0,100,900,1790606469.1841247,2300.0,2300.0,performance,,32861572.0,31980812.0,30087988.0,0.0,0.0,18.49,14.1,12.79,,,
4,41,disabled,Disabled,1000,write-heavy,1,298839.57882065093,1924.0,14431.0,3254.6025455555555,3279.5042555396035,1.0076512291855892,0,100,900,1790606473.2554903,2407.377,3159.016,performance,,32861572.0,31963176.0,30070372.0,0.0,0.0,18.49,14.1,12.79,,,
4,42,sharded_2key,Sharded-2key,500,mixed,1,328999.6141850769,1384.0,3861.0,1486.918511111111,746.7583417825447,0.502218740436908,0,100,900,1790606478.9686265,2972.13175,3349.826,performance,,32861572.0,31941932.0,30048840.0,0.0,0.0,15.65,13.64,12.66,,,
4,43,hdr_histogram,HdrHistogram,1000,mixed,1,298794.28299926827,1886.0,14341.0,3256.1626733333333,3207.141048246249,0.9849449705051434,0,100,900,1790606482.8474119,2805.837125,3527.814,performance,,32861572.0,31960200.0,30067156.0,0.0,0.0,15.65,13.64,12.66,,,
4,44,global_mutex,GlobalMutex,1000,mixed,1,305265.91332127026,1817.0,13975.0,3183.4345944444444,3176.6337766364004,0.997863685398182,0,100,900,1790606488.5657802,2370.7115,2865.692,performance,,32861572.0,31956804.0,30063572.0,0.0,0.0,15.75,13.74,12.7,,,
4,45,thread_local,ThreadLocal,2000,read-heavy,1,292843.86486542324,1945.0,42162.0,6573.580006666667,10044.798839990746,1.5280560713954505,0,100,900,1790606494.206975,2412.115,3196.92,performance,,32861572.0,31964680.0,30071320.0,0.0,0.0,14.48,13.51,12.63,,,
4,46,disabled,Disabled,250,write-heavy,1,318193.745176174,746.0,1661.0,770.2320666666667,333.46410644058784,0.43293978642530484,0,100,900,1790606503.601479,2741.464375,3346.187,performance,,32861572.0,31993428.0,30099764.0,0.0,0.0,13.29,13.3,12.57,,,
4,47,sharded_2key,Sharded-2key,2000,write-heavy,1,287534.62360150705,2009.0,41678.0,6682.420173333333,10188.630199824778,1.5246916439770164,0,100,900,1790606506.7184067,2629.952125,3202.197,performance,,32861572.0,31991724.0,30098048.0,0.0,0.0,13.29,13.3,12.57,,,
4,48,sharded_2key,Sharded-2key,1500,read-heavy,1,296771.13917273143,1917.0,27435.0,4882.81588962963,6659.792675381781,1.3639245930869899,0,100,900,1790606516.0724015,2408.90575,3171.246,performance,,32861572.0,31973544.0,30079608.0,0.0,0.0,13.96,13.44,12.63,,,
4,49,sharded_n,Sharded-N,1000,mixed,1,293552.5850975993,1948.0,15052.0,3313.5341166666667,3386.476623475662,1.0220135071017087,0,100,900,1790606523.6607006,2503.53325,3221.726,performance,,32861572.0,31963924.0,30069792.0,0.0,0.0,12.77,13.21,12.56,,,
4,50,sharded_n,Sharded-N,1500,read-heavy,1,296707.53049152024,1920.0,26290.0,4883.394026666667,6480.624212982909,1.3270737887613153,0,100,900,1790606529.4207063,2516.178,3194.82,performance,,32861572.0,31968816.0,30074592.0,0.0,0.0,11.75,12.99,12.49,,,
4,51,global_mutex,GlobalMutex,500,mixed,1,314171.966260771,1453.0,4150.0,1560.0383533333334,793.6920454182921,0.5087644439781949,0,100,900,1790606537.0342388,2300.0,2300.0,performance,,32861572.0,31962936.0,30068520.0,0.0,0.0,12.89,13.2,12.57,,,
4,52,sharded_2key,Sharded-2key,750,mixed,1,299253.7982848198,1826.0,8613.0,2447.0915955555556,1838.8112680448282,0.7514272336125484,0,100,900,1790606540.975384,2778.32225,3598.54,performance,,32861572.0,31972944.0,30078524.0,0.0,0.0,13.22,13.27,12.59,,,
4,53,sharded_n,Sharded-N,500,write-heavy,1,298873.3925625081,1514.0,4371.0,1640.9302244444445,848.1088850230751,0.5168464035758814,0,100,900,1790606545.8403392,2940.641125,3248.259,performance,,32861572.0,31955308.0,30060792.0,0.0,0.0,13.76,13.38,12.63,,,
4,54,disabled,Disabled,500,mixed,1,319180.5330056578,1420.0,4039.0,1532.1368977777777,788.2553969637627,0.5144810480754389,0,100,900,1790606549.8554637,2300.0,2300.0,performance,,32861572.0,31958780.0,30064228.0,0.0,0.0,12.66,13.16,12.56,,,
4,55,thread_local,ThreadLocal,100,mixed,1,292973.74352383165,322.0,715.0,333.51044444444443,137.68010216895112,0.41282096096959153,0,100,900,1790606553.7734935,2866.814,3145.368,performance,,32861572.0,31955592.0,30060932.0,0.0,0.0,11.64,12.94,12.49,,,
4,56,sharded_2key,Sharded-2key,100,mixed,1,295880.84646868135,314.0,800.0,331.53801111111113,147.95856513455854,0.44627934105863937,0,100,900,1790606556.4318554,2555.146125,3513.977,performance,,32861572.0,31984220.0,30089528.0,0.0,0.0,11.64,12.94,12.49,,,
4,57,global_mutex,GlobalMutex,3000,read-heavy,1,278154.4228184604,2091.0,75875.0,10370.200636296297,17913.81907740611,1.7274322557180541,0,100,900,1790606559.0918033,2551.707625,3433.282,performance,,32861572.0,31994784.0,30100060.0,0.0,0.0,10.71,12.72,12.43,,,
4,58,sharded_2key,Sharded-2key,250,write-heavy,1,313717.1353414762,763.0,1605.0,779.7553866666667,330.7015605009245,0.42410936321276643,0,100,900,1790606572.4648402,2416.947125,3235.577,performance,,32861572.0,31993560.0,30098356.0,0.0,0.0,13.36,13.21,12.59,,,
4,59,hdr_histogram,HdrHistogram,3000,mixed,1,273469.9085778195,2139.0,77348.0,10559.664742962963,18111.978119244428,1.7152038971042505,0,100,900,1790606575.590846,2405.63825,3145.106,performance,,32861572.0,31989964.0,30094752.0,0.0,0.0,13.49,13.24,12.6,,,
4,60,sharded_2key,Sharded-2key,100,read-heavy,1,295367.1592157998,315.0,744.0,330.80723333333333,142.9901941038256,0.432246274251638,0,100,900,1790606588.9766552,2391.15175,3029.214,performance,,32861572.0,31975012.0,30079348.0,0.0,0.0,14.78,13.58,12.72,,,
4,61,sharded_n,Sharded-N,500,mixed,1,304278.6170188492,1496.0,4291.0,1612.0516,834.3457524454303,0.5175676463739934,0,100,900,1790606591.7983193,2687.441625,3107.049,performance,,32861572.0,31978036.0,30082340.0,0.0,0.0,14.78,13.58,12.72,,,
4,62,global_mutex,GlobalMutex,100,read-heavy,1,297202.61015220336,316.0,766.0,331.0637888888889,138.82225375582146,0.4193217694442951,0,100,900,1790606595.7878108,2686.38575,3005.397,performance,,32861572.0,31967232.0,30071620.0,0.0,0.0,15.04,13.65,12.75,,,
4,63,sharded_2key,Sharded-2key,3000,read-heavy,1,282200.80995867564,2066.0,74798.0,10202.619978888888,17557.381101333478,1.7208698488881242,0,100,900,1790606598.6069615,2412.752,3202.016,performance,,32861572.0,31977684.0,30082040.0,0.0,0.0,13.83,13.43,12.68,,,
4,64,global_mutex,GlobalMutex,3000,mixed,1,272009.77901510283,2154.0,74453.0,10605.35019888889,17860.121814386457,1.6840671434176349,0,100,900,1790606611.8288634,2704.539125,3211.512,performance,,32861572.0,31992836.0,30096612.0,0.0,0.0,14.54,13.59,12.75,,,
4,65,sharded_2key,Sharded-2key,250,read-heavy,1,308149.65572075587,778.0,1680.0,796.6580533333333,338.8431042234817,0.42533067080124626,0,100,900,1790606625.2802234,2300.0,2300.0,performance,,32861572.0,31985304.0,30088808.0,0.0,0.0,15.08,13.81,12.84,,,
4,66,global_mutex,GlobalMutex,2000,mixed,1,289310.7656119159,1965.0,39647.0,6665.475676666667,9712.147298094613,1.4570824002993819,0,100,900,1790606628.589116,2630.144125,3259.341,performance,,32861572.0,31967208.0,30070688.0,0.0,0.0,13.87,13.58,12.77,,,
4,67,hdr_histogram,HdrHistogram,3000,read-heavy,1,280525.1365474336,2079.0,74166.0,10258.946902592592,17545.93294006366,1.7103054637732393,0,100,900,1790606637.9115598,2449.732125,3497.857,performance,,32861572.0,31981960.0,30085232.0,0.0,0.0,13.8,13.57,12.77,,,
4,68,thread_local,ThreadLocal,750,write-heavy,1,294940.3968541103,1851.0,8670.0,2483.6680948148146,1870.6797284092752,0.7531923175704182,0,100,900,1790606651.215939,2393.06175,3044.494,performance,,32861572.0,31983876.0,30086744.0,0.0,0.0,16.4,14.18,12.98,,,
4,69,sharded_n,Sharded-N,250,mixed,1,326868.7199121429,735.0,1508.0,750.6214933333333,314.3157811802836,0.4187407154896154,0,100,900,1790606656.1156304,2992.331625,3212.897,performance,,32861572.0,31975448.0,30078384.0,0.0,0.0,15.81,14.09,12.96,,,
4,70,disabled,Disabled,1500,write-heavy,1,291290.49888134847,1980.0,28180.0,4986.954564444444,6718.605303145989,1.347236117017732,0,100,900,1790606659.225358,2300.0,2300.0,performance,,32861572.0,31986032.0,30088940.0,0.0,0.0,14.54,13.86,12.89,,,
4,71,disabled,Disabled,750,mixed,1,314001.778048326,1772.0,7842.0,2337.8748014814814,1690.6858492256983,0.7231721083414443,0,100,900,1790606666.767244,2300.0,2300.0,performance,,32861572.0,31952492.0,30055076.0,0.0,0.0,14.82,13.93,12.92,,,
4,72,global_mutex,GlobalMutex,750,write-heavy,1,295347.49771860027,1835.0,8979.0,2479.918071111111,1894.4365425790509,0.7639109390941535,0,100,900,1790606671.521696,2460.990125,3587.921,performance,,32861572.0,31959328.0,30061876.0,0.0,0.0,14.75,13.93,12.92,,,
4,73,sharded_n,Sharded-N,750,read-heavy,1,313371.958199087,1771.0,7661.0,2330.3373125925928,1659.940615887141,0.712317743408739,0,100,900,1790606676.4194903,2412.638375,3201.107,performance,,32861572.0,31955420.0,30057844.0,0.0,0.0,14.77,13.95,12.93,,,
4,74,thread_local,ThreadLocal,250,write-heavy,1,321860.1113502664,741.0,1576.0,759.9506444444445,314.7836887463944,0.41421596395449384,0,100,900,1790606681.3413756,2768.057125,3116.716,performance,,32861572.0,31951860.0,30054196.0,0.0,0.0,15.27,14.06,12.98,,,
4,75,sharded_2key,Sharded-2key,1000,mixed,1,302087.5075498423,1819.0,14315.0,3212.0868822222224,3216.8132372956175,1.0014714281545603,0,100,900,1790606684.458055,2300.0,2300.0,performance,,32861572.0,31969952.0,30072312.0,0.0,0.0,14.05,13.83,12.91,,,
4,76,sharded_n,Sharded-N,2000,mixed,1,287671.79129494773,1999.0,41604.0,6681.220592777778,10450.288337861326,1.5641286188271961,0,100,900,1790606690.139116,2520.03325,3192.737,performance,,32861572.0,31964240.0,30066296.0,0.0,0.0,12.92,13.6,12.84,,,
4,77,disabled,Disabled,100,mixed,1,306071.67543645337,308.0,681.0,320.9759666666667,128.96811370732297,0.4017999074717524,0,100,900,1790606699.4831848,2300.0,2300.0,performance,,32861572.0,31981456.0,30083212.0,0.0,0.0,13.0,13.61,12.85,,,
4,78,global_mutex,GlobalMutex,2000,write-heavy,1,281983.07121399563,2053.0,42747.0,6852.899895555555,10297.384104797686,1.5026316248214933,0,100,900,1790606702.1330154,2300.0,2300.0,performance,,32861572.0,31989416.0,30091108.0,0.0,0.0,13.0,13.61,12.85,,,
4,79,global_mutex,GlobalMutex,750,read-heavy,1,306933.3000821955,1783.0,8459.0,2379.2613703703705,1771.3250224164417,0.7444852610458288,0,100,900,1790606711.626034,2300.0,2300.0,performance,,32861572.0,31967084.0,30068624.0,0.0,0.0,14.29,13.87,12.94,,,
4,80,sharded_n,Sharded-N,3000,read-heavy,1,278319.67227868485,2084.0,74222.0,10322.771366296296,17443.935190874603,1.6898499997615763,0,100,900,1790606716.5869312,2846.941875,3209.946,performance,,32861572.0,31962364.0,30063936.0,0.0,0.0,15.23,14.07,13.01,,,
4,81,hdr_histogram,HdrHistogram,750,mixed,1,300944.08406219474,1794.0,8715.0,2431.2422074074075,1878.7505981532784,0.7727533655138017,0,100,900,1790606729.9748719,2977.4125,3522.585,performance,,32861572.0,31985372.0,30086444.0,0.0,0.0,14.2,13.91,12.98,,,
4,82,sharded_n,Sharded-N,3000,mixed,1,271210.2785802672,2155.0,75894.0,10607.09889888889,18111.79846670909,1.7075166960691137,0,100,900,1790606734.8301394,2300.0,2300.0,performance,,32861572.0,31949392.0,30050468.0,0.0,0.0,13.06,13.68,12.91,,,
4,83,disabled,Disabled,2000,write-heavy,1,285549.7466472009,2012.0,41714.0,6729.270994444444,10293.54472899046,1.5296671418774206,0,100,900,1790606748.33415,2774.3495,3394.43,performance,,32861572.0,31983880.0,30084472.0,0.0,0.0,15.48,14.17,13.08,,,
4,84,disabled,Disabled,3000,write-heavy,1,273943.218069639,2147.0,77586.0,10506.175714074074,18112.018829121458,1.7239402159301978,0,100,900,1790606757.7281923,2412.5,3200.0,performance,,32861572.0,31973536.0,30074000.0,0.0,0.0,14.14,13.92,13.01,,,
4,85,sharded_n,Sharded-N,750,write-heavy,1,298702.7878244936,1843.0,8671.0,2452.628445925926,1828.1534031469264,0.7453853869238456,0,100,900,1790606771.1034777,2783.51425,3510.598,performance,,32861572.0,31996760.0,30096748.0,0.0,0.0,16.9,14.57,13.24,,,
4,86,sharded_n,Sharded-N,1500,write-heavy,1,285715.4023324062,1992.0,29164.0,5085.844698518518,7000.2797977422015,1.3764242151911066,0,100,900,1790606775.9749281,2425.125,3301.0,performance,,32861572.0,31978656.0,30078744.0,0.0,0.0,16.43,14.51,13.22,,,
4,87,sharded_n,Sharded-N,500,read-heavy,1,309621.26319318736,1479.0,4063.0,1581.7624377777777,795.4721275664493,0.5029024008712777,0,100,900,1790606783.6020124,2300.0,2300.0,performance,,32861572.0,31980392.0,30080248.0,0.0,0.0,17.07,14.74,13.31,,,
4,88,global_mutex,GlobalMutex,1000,read-heavy,1,304062.9086535811,1839.0,14206.0,3198.3919655555555,3219.0578111891705,1.0064613236451854,0,100,900,1790606787.7334375,2300.0,2300.0,performance,,32861572.0,31974180.0,30074064.0,0.0,0.0,17.07,14.74,13.31,,,
4,89,sharded_n,Sharded-N,100,read-heavy,1,300076.0942962453,316.0,650.0,327.42501111111113,130.24984439837027,0.3978005344074653,0,100,900,1790606793.5446038,2379.538625,2936.309,performance,,32861572.0,31958076.0,30057720.0,0.0,0.0,15.33,14.45,13.23,,,
4,90,hdr_histogram,HdrHistogram,500,read-heavy,1,315500.8196595611,1450.0,4034.0,1554.1346422222223,779.6198349227643,0.5016424019787651,0,100,900,1790606796.3723395,2300.0,2300.0,performance,,32861572.0,31988180.0,30087792.0,0.0,0.0,15.33,14.45,13.23,,,
4,91,sharded_2key,Sharded-2key,1500,write-heavy,1,288493.2600831565,2006.0,27945.0,5038.094224444444,6730.874243542477,1.3359961016379558,0,100,900,1790606800.479533,2418.938875,3251.511,performance,,32861572.0,31983324.0,30082936.0,0.0,0.0,14.1,14.21,13.16,,,
4,92,disabled,Disabled,250,read-heavy,1,327742.5121979208,724.0,1563.0,746.6583688888888,328.7914135715532,0.44035053683364134,0,100,900,1790606808.0682845,2428.971625,3331.773,performance,,32861572.0,31943192.0,30042436.0,0.0,0.0,14.18,14.22,13.17,,,
4,93,sharded_n,Sharded-N,250,read-heavy,1,318677.0229617418,753.0,1635.0,771.0769777777778,328.28911230117393,0.4257540061010432,0,100,900,1790606811.341081,2300.0,2300.0,performance,,32861572.0,31971588.0,30070908.0,0.0,0.0,13.12,14.0,13.11,,,
4,94,disabled,Disabled,3000,mixed,1,277875.71547392907,2092.0,75823.0,10347.246121851851,17940.21076035534,1.733815021802591,0,100,900,1790606814.625468,2475.760125,3196.314,performance,,32861572.0,31994508.0,30093812.0,0.0,0.0,12.07,13.77,13.04,,,
4,95,sharded_2key,Sharded-2key,250,mixed,1,312489.46259491344,757.0,1652.0,784.9782088888888,351.0583076995315,0.44722044984719145,0,100,900,1790606827.8246682,2400.125875,3101.007,performance,,32861572.0,32005708.0,30104528.0,0.0,0.0,12.49,13.81,13.06,,,
4,96,thread_local,ThreadLocal,3000,write-heavy,1,275187.43011788477,2132.0,76381.0,10489.118569629629,17889.012308040652,1.7054828953728105,0,100,900,1790606830.954883,2844.382625,3472.653,performance,,32861572.0,31994372.0,30093164.0,0.0,0.0,19.1,15.15,13.5,,,
4,97,disabled,Disabled,3000,read-heavy,1,283602.09155311476,2046.0,71884.0,10159.742012962963,17600.41988933531,1.7323687813015998,0,100,900,1790606844.2777405,2414.936375,3219.491,performance,,32861572.0,31977872.0,30076340.0,0.0,0.0,18.02,15.13,13.52,,,
4,98,global_mutex,GlobalMutex,2000,read-heavy,1,288367.36447357107,1975.0,41053.0,6677.119728333333,10121.13052700873,1.5157928775878118,0,100,900,1790606857.4287782,2686.078875,3463.988,performance,,32861572.0,32004996.0,30103132.0,0.0,0.0,17.64,15.14,13.54,,,
4,99,hdr_histogram,HdrHistogram,500,write-heavy,1,303007.8779987826,1494.0,4278.0,1616.3200088888889,840.2705372094599,0.5198664451274654,0,100,900,1790606866.9243917,2300.0,2300.0,performance,,32861572.0,31951296.0,30049180.0,0.0,0.0,17.29,15.15,13.56,,,
4,100,hdr_histogram,HdrHistogram,3000,write-heavy,1,270935.62589838787,2155.0,75920.0,10638.335416296297,18097.702266746794,1.7011780093926998,0,100,900,1790606870.922508,2431.469375,3351.755,performance,,32861572.0,31982472.0,30080344.0,0.0,0.0,17.5,15.23,13.59,,,
4,101,disabled,Disabled,100,write-heavy,1,292521.47590293566,320.0,766.0,335.6431111111111,141.65827213540408,0.4220502892684414,0,100,900,1790606884.4121416,2300.0,2300.0,performance,,32861572.0,31982552.0,30079872.0,0.0,0.0,14.47,14.68,13.44,,,
4,102,global_mutex,GlobalMutex,100,write-heavy,1,285556.38210026623,328.0,801.0,343.1512666666667,147.8716601457519,0.4309226702910375,0,100,900,1790606887.0740073,2300.0,2300.0,performance,,32861572.0,31997156.0,30094440.0,0.0,0.0,14.47,14.68,13.44,,,
4,103,sharded_n,Sharded-N,250,write-heavy,1,312208.71533931344,772.0,1570.0,782.7618266666667,321.0191812257718,0.41011093066815507,0,100,900,1790606889.7422466,2787.366,3087.565,performance,,32861572.0,32001908.0,30099160.0,0.0,0.0,13.31,14.43,13.37,,,
4,104,sharded_n,Sharded-N,1500,mixed,1,288269.93590648525,1972.0,28287.0,5030.44824074074,6730.273504228121,1.337907316036131,0,100,900,1790606892.8768387,2708.633375,3219.059,performance,,32861572.0,32009152.0,30106392.0,0.0,0.0,13.31,14.43,13.37,,,
4,105,sharded_n,Sharded-N,2000,read-heavy,1,291121.69401221746,1962.0,38102.0,6613.46907,9995.803017041866,1.5114311280874964,0,100,900,1790606900.4693725,2300.0,2300.0,performance,,32861572.0,31928480.0,30025596.0,0.0,0.0,12.37,14.2,13.3,,,
4,106,hdr_histogram,HdrHistogram,1000,write-heavy,1,303821.0382008792,1814.0,13676.0,3199.9858955555555,3166.2822495289747,0.9894675641935199,0,100,900,1790606909.9244616,2382.668625,2961.349,performance,,32861572.0,31964880.0,30061716.0,0.0,0.0,12.09,14.1,13.28,,,
4,107,thread_local,ThreadLocal,1000,read-heavy,1,301384.14657632046,1909.0,14401.0,3228.4239044444444,3261.288992010921,1.010179917055264,0,100,900,1790606915.5939465,2651.63675,3364.825,performance,,32861572.0,31967932.0,30064668.0,0.0,0.0,13.84,14.43,13.39,,,
4,108,hdr_histogram,HdrHistogram,750,write-heavy,1,305515.15592864197,1782.0,8616.0,2394.754628148148,1830.3681828738731,0.7643238941307685,0,100,900,1790606921.4542248,3153.394125,3395.045,performance,,32861572.0,31968804.0,30065456.0,0.0,0.0,14.02,14.45,13.4,,,
4,109,sharded_2key,Sharded-2key,1000,read-heavy,1,312135.0585175357,1823.0,13703.0,3108.130705555556,3131.057342198067,1.0073763425075823,0,100,900,1790606926.2790313,2300.0,2300.0,performance,,32861572.0,31958700.0,30055248.0,0.0,0.0,15.86,14.83,13.53,,,
4,110,disabled,Disabled,750,write-heavy,1,299471.2875678478,1826.0,8530.0,2446.8888814814813,1830.4961749811011,0.7480912553220717,0,100,900,1790606932.020488,2866.695,3304.969,performance,,32861572.0,31951652.0,30047980.0,0.0,0.0,15.55,14.78,13.52,,,
4,111,sharded_n,Sharded-N,100,write-heavy,1,289399.8181225041,324.0,763.0,339.1345666666667,144.6021973499319,0.4263858997660375,0,100,900,1790606936.8735282,2364.731625,2817.853,performance,,32861572.0,31981044.0,30077348.0,0.0,0.0,20.23,15.76,13.85,,,
4,112,global_mutex,GlobalMutex,250,read-heavy,1,328214.3673703735,725.0,1569.0,746.5976355555556,319.59200732735434,0.4280645854035429,0,100,900,1790606939.5422974,2300.0,2300.0,performance,,32861572.0,31983768.0,30080048.0,0.0,0.0,18.61,15.5,13.77,,,
4,113,sharded_n,Sharded-N,3000,write-heavy,1,270978.066254198,2163.0,75611.0,10670.365421111112,18163.162523578685,1.7022062325666203,0,100,900,1790606942.8170023,2415.90325,3227.226,performance,,32861572.0,31982356.0,30078636.0,0.0,0.0,18.61,15.5,13.77,,,
4,114,sharded_2key,Sharded-2key,750,read-heavy,1,308717.2435934572,1736.0,8543.0,2372.432539259259,1820.716859368348,0.767447263194606,0,100,900,1790606956.3130214,2300.0,2300.0,performance,,32861572.0,31980504.0,30076300.0,0.0,0.0,18.06,15.53,13.81,,,
4,115,disabled,Disabled,1500,read-heavy,1,301666.7790077476,1900.0,26339.0,4809.421806666666,6435.302509502656,1.3380615733438572,0,100,900,1790606961.2632139,2602.3825,3145.416,performance,,32861572.0,31986488.0,30082312.0,0.0,0.0,18.38,15.63,13.85,,,
4,116,thread_local,ThreadLocal,500,write-heavy,1,310041.82542079873,1438.0,4327.0,1579.9165933333334,850.9345456850411,0.5385946000413387,0,100,900,1790606968.793675,2411.8475,3194.78,performance,,32861572.0,31980396.0,30075924.0,0.0,0.0,17.02,15.45,13.81,,,
4,117,thread_local,ThreadLocal,250,read-heavy,1,339212.9286138151,703.0,1456.0,721.7357111111111,293.69113087309245,0.4069233742375798,0,100,900,1790606972.754518,2427.4175,3319.34,performance,,32861572.0,31986988.0,30082576.0,0.0,0.0,17.02,15.45,13.81,,,
4,118,thread_local,ThreadLocal,500,read-heavy,1,318448.47577365115,1441.0,4020.0,1535.3871733333333,787.4937827592777,0.5128958978142463,0,100,900,1790606976.0069625,2408.3045,3166.436,performance,,32861572.0,31988692.0,30084236.0,0.0,0.0,17.42,15.55,13.86,,,
4,119,sharded_n,Sharded-N,750,mixed,1,305109.6336072387,1762.0,8603.0,2397.9825466666666,1837.5068742542717,0.7662719967701649,0,100,900,1790606980.0900624,2617.76825,3217.457,performance,,32861572.0,31961736.0,30057144.0,0.0,0.0,16.03,15.3,13.78,,,
4,120,sharded_2key,Sharded-2key,1000,write-heavy,1,292464.2763514133,1923.0,15109.0,3319.7080133333334,3365.0122104675174,1.013647042737561,0,100,900,1790606984.90381,2399.358,3094.864,performance,,32861572.0,31951796.0,30047056.0,0.0,0.0,14.74,15.04,13.71,,,
4,121,disabled,Disabled,1500,mixed,1,295965.81772998563,1939.0,25531.0,4898.556401481482,6479.061115265031,1.322647038075453,0,100,900,1790606990.6818829,2389.64575,3017.166,performance,,32861572.0,31952768.0,30047972.0,0.0,0.0,15.97,15.29,13.8,,,
4,122,disabled,Disabled,250,mixed,1,311296.63357428496,769.0,1711.0,789.8310266666666,349.3363087701518,0.4422924612678993,0,100,900,1790606998.133481,2670.963875,3143.739,performance,,32861572.0,31970080.0,30065000.0,0.0,0.0,21.73,16.5,14.19,,,
4,123,sharded_n,Sharded-N,1000,read-heavy,1,302528.85188331915,1880.0,14306.0,3206.71127,3288.770580615931,1.0255898656619407,0,100,900,1790607001.2699668,2924.59175,3238.068,performance,,32861572.0,31983692.0,30078600.0,0.0,0.0,20.79,16.39,14.17,,,
4,124,global_mutex,GlobalMutex,1000,write-heavy,1,296737.87869872304,1854.0,14298.0,3270.63555,3264.0865184707873,0.9979976272412214,0,100,900,1790607007.129208,2300.0,2300.0,performance,,32861572.0,31958380.0,30053064.0,0.0,0.0,20.65,16.43,14.2,,,
4,125,hdr_histogram,HdrHistogram,750,read-heavy,1,306525.7039086236,1765.0,8511.0,2389.128134814815,1815.8394716663367,0.760042730737456,0,100,900,1790607012.8782647,2521.845875,3229.021,performance,,32861572.0,31968376.0,30062968.0,0.0,0.0,19.8,16.33,14.17,,,
4,126,sharded_n,Sharded-N,100,mixed,1,300284.1739279967,311.0,711.0,325.7530222222222,136.7344815690639,0.41974892707453176,0,100,900,1790607017.8476183,2698.570125,3198.24,performance,,32861572.0,31941048.0,30035596.0,0.0,0.0,18.93,16.2,14.15,,,
4,127,sharded_2key,Sharded-2key,750,write-heavy,1,310375.17714128696,1787.0,8297.0,2352.9484533333334,1727.970841657174,0.7343853364952483,0,100,900,1790607020.4992926,2300.0,2300.0,performance,,32861572.0,31977192.0,30071712.0,0.0,0.0,17.42,15.94,14.07,,,
4,128,sharded_2key,Sharded-2key,100,write-heavy,1,296867.56820905115,318.0,746.0,331.1410888888889,134.56939355568215,0.406380839077435,0,100,900,1790607025.2796187,2412.62475,3200.998,performance,,32861572.0,31943792.0,30038272.0,0.0,0.0,16.02,15.67,14.0,,,
4,129,sharded_n,Sharded-N,1000,write-heavy,1,294889.26375051914,1908.0,14627.0,3295.9576177777776,3334.402361200304,1.0116642104908031,0,100,900,1790607027.9401937,2300.0,2300.0,performance,,32861572.0,31977564.0,30072016.0,0.0,0.0,16.02,15.67,14.0,,,
4,130,sharded_2key,Sharded-2key,2000,mixed,1,288863.3685627476,1994.0,42044.0,6672.920857777778,10240.089698457405,1.5345738270703195,0,100,900,1790607033.6943572,2300.0,2300.0,performance,,32861572.0,31944732.0,30038912.0,0.0,0.0,14.74,15.42,13.93,,,
4,131,thread_local,ThreadLocal,750,read-heavy,1,304139.7676275662,1786.0,8890.0,2403.587157037037,1845.7494584395338,0.7679145118726779,0,100,900,1790607043.0229785,2391.538375,3032.307,performance,,32861572.0,31959800.0,30053716.0,0.0,0.0,14.52,15.36,13.92,,,
4,132,hdr_histogram,HdrHistogram,250,read-heavy,1,327531.1243183468,732.0,1501.0,748.5459955555556,309.2969437546387,0.41319697866406296,0,100,900,1790607048.0176759,2388.23125,3005.85,performance,,32861572.0,31957036.0,30050916.0,0.0,0.0,15.6,15.57,14.0,,,
4,133,global_mutex,GlobalMutex,1500,mixed,1,301811.1578933161,1878.0,25485.0,4800.076131111111,6120.470956364527,1.2750778923474646,0,100,900,1790607051.2908092,2564.203875,3512.53,performance,,32861572.0,31991620.0,30085488.0,0.0,0.0,15.39,15.53,13.99,,,
4,134,disabled,Disabled,100,read-heavy,1,322311.48041799286,291.0,631.0,302.9576333333333,118.53769501916311,0.3912682235959388,0,100,900,1790607058.6659133,2657.505875,3324.392,performance,,32861572.0,31959964.0,30053560.0,0.0,0.0,14.35,15.31,13.94,,,
4,135,hdr_histogram,HdrHistogram,1500,mixed,1,288317.1032979677,1998.0,28672.0,5030.359293333333,6874.442344044856,1.3665907230832322,0,100,900,1790607061.4627187,2688.49025,3202.286,performance,,32861572.0,31983888.0,30077480.0,0.0,0.0,14.35,15.31,13.94,,,
4,136,sharded_2key,Sharded-2key,2000,read-heavy,1,288616.0328663342,2010.0,40538.0,6687.333507777777,10243.941810322887,1.5318425196542922,0,100,900,1790607069.04956,2412.605125,3200.841,performance,,32861572.0,31969952.0,30063352.0,0.0,0.0,12.88,14.97,13.84,,,
4,137,sharded_2key,Sharded-2key,500,write-heavy,1,309464.07213483186,1466.0,4263.0,1585.3887155555556,826.3024981888597,0.5211986751774658,0,100,900,1790607078.554533,2930.574625,3423.09,performance,,32861572.0,31955680.0,30048816.0,0.0,0.0,12.52,14.83,13.81,,,
4,138,thread_local,ThreadLocal,100,read-heavy,1,295234.65289576777,314.0,780.0,332.17934444444444,148.8152722966975,0.4479967667634018,0,100,900,1790607082.5232432,2909.5775,3588.213,performance,,32861572.0,31967176.0,30060384.0,0.0,0.0,12.52,14.83,13.81,,,
4,139,thread_local,ThreadLocal,500,mixed,1,308906.0314895267,1456.0,4293.0,1583.4300044444444,837.6616803809269,0.5290171829697172,0,100,900,1790607085.3445325,2527.3545,3212.487,performance,,32861572.0,31990992.0,30084188.0,0.0,0.0,11.52,14.59,13.73,,,
4,140,global_mutex,GlobalMutex,1500,write-heavy,1,289087.9659546576,1980.0,28078.0,5029.821288148149,6669.811087778896,1.3260532940792713,0,100,900,1790607089.3111956,2300.0,2300.0,performance,,32861572.0,31952800.0,30045896.0,0.0,0.0,10.59,14.35,13.66,,,
4,141,hdr_histogram,HdrHistogram,1500,write-heavy,1,286471.1996755531,1973.0,27939.0,5065.5706081481485,6768.946859779108,1.3362654246475252,0,100,900,1790607096.864832,2984.49225,3475.529,performance,,32861572.0,31983200.0,30075940.0,0.0,0.0,11.83,14.54,13.73,,,
4,142,disabled,Disabled,750,read-heavy,1,312290.8826514419,1732.0,8324.0,2343.767474074074,1771.587261250658,0.7558715959869436,0,100,900,1790607104.4841976,2300.0,2300.0,performance,,32861572.0,31959444.0,30052104.0,0.0,0.0,10.82,14.24,13.64,,,
4,143,thread_local,ThreadLocal,2000,mixed,1,286010.2358954413,2011.0,41299.0,6751.619584444445,10166.187691972891,1.5057405952485123,0,100,900,1790607109.4186764,2345.850625,2666.805,performance,,32861572.0,31965408.0,30057972.0,0.0,0.0,9.95,14.0,13.56,,,
4,144,disabled,Disabled,1000,mixed,1,302291.0930123582,1876.0,14404.0,3215.640648888889,3264.640376084077,1.015237936245183,0,100,900,1790607118.815553,2411.42925,3191.434,performance,,32861572.0,31979076.0,30071252.0,0.0,0.0,9.53,13.79,13.5,,,
5,1,thread_local,ThreadLocal,500,mixed,1,314510.23871203413,1458.0,4061.0,1549.444188888889,778.6420583722166,0.5025299161827721,0,100,900,1790607124.491978,2394.045125,3052.361,performance,,32861572.0,31969964.0,30062128.0,0.0,0.0,8.76,13.56,13.43,,,
5,2,hdr_histogram,HdrHistogram,500,mixed,1,315610.7091207901,1448.0,4008.0,1551.90724,791.3231031636919,0.5099036094217151,0,100,900,1790607128.4355934,2366.34825,2830.786,performance,,32861572.0,31961524.0,30053720.0,0.0,0.0,8.76,13.56,13.43,,,
5,3,disabled,Disabled,100,write-heavy,1,292456.967443125,321.0,744.0,335.59018888888886,140.77054167380234,0.41947156482697506,0,100,900,1790607132.3801737,2413.656,3209.248,performance,,32861572.0,31956148.0,30048220.0,0.0,0.0,8.06,13.33,13.35,,,
5,4,global_mutex,GlobalMutex,3000,read-heavy,1,274663.0975172368,2115.0,73833.0,10496.478425555555,17553.042079709037,1.6722791557378915,0,100,900,1790607135.0441537,2407.667125,3161.337,performance,,32861572.0,31976396.0,30068420.0,0.0,0.0,7.42,13.11,13.28,,,
5,5,sharded_n,Sharded-N,750,read-heavy,1,307880.26559459424,1794.0,8439.0,2382.885299259259,1772.8508222001462,0.7439933524082138,0,100,900,1790607148.5654483,2521.77875,3293.49,performance,,32861572.0,31986392.0,30077904.0,0.0,0.0,13.38,14.24,13.65,,,
5,6,sharded_2key,Sharded-2key,1500,write-heavy,1,288435.06523795787,1977.0,26796.0,5030.554497777778,6589.040492514209,1.3098040177131336,0,100,900,1790607153.5181189,2916.9515,3440.78,performance,,32861572.0,32002972.0,30094508.0,0.0,0.0,13.38,14.24,13.65,,,
5,7,global_mutex,GlobalMutex,3000,mixed,1,275477.96725636435,2139.0,76276.0,10439.409757037038,17695.819480597132,1.695097701157737,0,100,900,1790607161.1001167,2300.0,2300.0,performance,,32861572.0,31964688.0,30055968.0,0.0,0.0,17.73,15.1,13.94,,,
5,8,sharded_2key,Sharded-2key,2000,read-heavy,1,295197.84698276856,1940.0,41317.0,6532.887535555556,9914.024252455385,1.5175562411717376,0,100,900,1790607174.4061136,2300.0,2300.0,performance,,32861572.0,32004728.0,30095588.0,0.0,0.0,16.45,14.96,13.91,,,
5,9,global_mutex,GlobalMutex,500,mixed,1,307938.1309648882,1474.0,4158.0,1588.50362,814.9833334409483,0.5130509765164705,0,100,900,1790607183.7221203,2418.801875,3250.415,performance,,32861572.0,31981904.0,30072596.0,0.0,0.0,18.27,15.43,14.08,,,
5,10,hdr_histogram,HdrHistogram,750,read-heavy,1,303137.05082049995,1773.0,8521.0,2413.107437037037,1838.134646601414,0.7617293032167642,0,100,900,1790607187.6909409,2587.498375,3079.236,performance,,32861572.0,31962404.0,30053140.0,0.0,0.0,18.27,15.43,14.08,,,
5,11,sharded_n,Sharded-N,1500,write-heavy,1,284053.8063557229,2030.0,28127.0,5097.181534074074,6872.478442120658,1.348289912018814,0,100,900,1790607192.6901047,2402.14775,3117.182,performance,,32861572.0,31930036.0,30020656.0,0.0,0.0,24.34,16.74,14.51,,,
5,12,global_mutex,GlobalMutex,2000,write-heavy,1,285283.2101045639,2035.0,42725.0,6764.726244444444,10248.335349513607,1.5149667524136825,0,100,900,1790607200.3710246,2300.0,2300.0,performance,,32861572.0,31960224.0,30050480.0,0.0,0.0,21.33,16.35,14.4,,,
5,13,thread_local,ThreadLocal,1000,read-heavy,1,308962.9079864083,1766.0,13542.0,3155.90439,3092.0972323857814,0.9797816569423325,0,100,900,1790607209.7904878,2757.72475,3456.871,performance,,32861572.0,31962744.0,30052740.0,0.0,0.0,19.08,16.04,14.32,,,
5,14,global_mutex,GlobalMutex,500,read-heavy,1,311369.37326256494,1459.0,4154.0,1575.805911111111,800.9352725929448,0.5082702552043354,0,100,900,1790607215.5646613,2429.576375,3336.611,performance,,32861572.0,31947296.0,30037276.0,0.0,0.0,17.63,15.79,14.25,,,
5,15,disabled,Disabled,1000,write-heavy,1,302697.1842694233,1885.0,14426.0,3204.03808,3273.544752760049,1.0216934602600132,0,100,900,1790607219.6833231,2300.0,2300.0,performance,,32861572.0,31980268.0,30070192.0,0.0,0.0,16.22,15.53,14.18,,,
5,16,global_mutex,GlobalMutex,1000,write-heavy,1,313239.6298976877,1830.0,13219.0,3099.687733333333,3025.525256429163,0.9760742102803958,0,100,900,1790607225.3549252,2528.9255,3229.989,performance,,32861572.0,31933332.0,30023084.0,0.0,0.0,14.92,15.27,14.1,,,
5,17,thread_local,ThreadLocal,1500,mixed,1,297116.7262040607,1910.0,28417.0,4858.883505185185,6731.518752611107,1.3854044340490008,0,100,900,1790607230.935387,2300.0,2300.0,performance,,32861572.0,31967200.0,30056724.0,0.0,0.0,14.77,15.23,14.09,,,
5,18,global_mutex,GlobalMutex,100,read-heavy,1,297187.1336859008,315.0,749.0,329.93905555555557,139.76149326599736,0.42359790668208464,0,100,900,1790607238.3787997,2826.271,3102.18,performance,,32861572.0,31958544.0,30047968.0,0.0,0.0,15.75,15.43,14.16,,,
5,19,sharded_n,Sharded-N,500,read-heavy,1,316180.7094814493,1431.0,4268.0,1552.5558266666667,813.6994070597985,0.5241031549936656,0,100,900,1790607241.1971173,2741.199125,3300.332,performance,,32861572.0,31974304.0,30063736.0,0.0,0.0,14.49,15.17,14.09,,,
5,20,hdr_histogram,HdrHistogram,500,read-heavy,1,311787.6954604511,1442.0,4358.0,1574.1522,851.6520275415004,0.5410226708329096,0,100,900,1790607245.3043892,2300.0,2300.0,performance,,32861572.0,31948640.0,30038040.0,0.0,0.0,13.33,14.92,14.01,,,
5,21,sharded_n,Sharded-N,1000,write-heavy,1,292840.582961562,1940.0,14226.0,3315.9183544444445,3309.8798534986395,0.9981789355767124,0,100,900,1790607249.4495106,2495.146625,3106.261,performance,,32861572.0,31954488.0,30043852.0,0.0,0.0,12.26,14.67,13.94,,,
5,22,sharded_2key,Sharded-2key,1000,mixed,1,299022.0067634731,1883.0,14291.0,3260.1050044444446,3269.980489985125,1.0030291924730086,0,100,900,1790607255.2241182,2615.49425,3149.803,performance,,32861572.0,31925816.0,30014972.0,0.0,0.0,11.28,14.43,13.86,,,
5,23,thread_local,ThreadLocal,750,read-heavy,1,318307.1636202787,1715.0,8356.0,2299.1459496296297,1744.4786932454904,0.7587507411291176,0,100,900,1790607260.9259176,2441.894875,3435.159,performance,,32861572.0,31977868.0,30066804.0,0.0,0.0,16.62,15.48,14.2,,,
5,24,hdr_histogram,HdrHistogram,2000,write-heavy,1,284214.12497520534,2060.0,40994.0,6776.502202777778,10340.963931241404,1.526003183028924,0,100,900,1790607265.815174,2300.0,2300.0,performance,,32861572.0,31939468.0,30028400.0,0.0,0.0,16.09,15.39,14.18,,,
5,25,sharded_n,Sharded-N,3000,write-heavy,1,272720.17831127264,2135.0,77458.0,10575.97073,18216.949234031305,1.722484838423083,0,100,900,1790607275.2554798,2300.0,2300.0,performance,,32861572.0,31969220.0,30057808.0,0.0,0.0,14.35,15.05,14.08,,,
5,26,sharded_n,Sharded-N,2000,write-heavy,1,279398.97762589983,2090.0,44673.0,6894.782918333333,10552.112265487038,1.5304488031709904,0,100,900,1790607288.6961327,2300.0,2300.0,performance,,32861572.0,32006804.0,30095044.0,0.0,0.0,13.89,14.92,14.06,,,
5,27,sharded_2key,Sharded-2key,100,write-heavy,1,291480.2291648653,323.0,779.0,337.137,139.5752462946598,0.4140015670029092,0,100,900,1790607298.2538807,2408.391125,3167.129,performance,,32861572.0,31983356.0,30071364.0,0.0,0.0,14.46,15.03,14.1,,,
5,28,hdr_histogram,HdrHistogram,3000,write-heavy,1,267565.60075068846,2204.0,79185.0,10759.541166666666,18513.432855891704,1.7206526346352755,0,100,900,1790607300.9165633,2719.9145,3252.703,performance,,32861572.0,31989564.0,30077544.0,0.0,0.0,14.34,14.99,14.09,,,
5,29,disabled,Disabled,250,write-heavy,1,315239.761464041,753.0,1679.0,778.2089911111111,347.763849870742,0.44687719345700666,0,100,900,1790607314.5803106,2396.24225,3069.938,performance,,32861572.0,31988196.0,30075812.0,0.0,0.0,14.04,14.92,14.08,,,
5,30,hdr_histogram,HdrHistogram,1000,write-heavy,1,293020.02230393526,1928.0,14522.0,3320.281928888889,3376.868333861396,1.0170426506496824,0,100,900,1790607317.7009647,2300.0,2300.0,performance,,32861572.0,31994844.0,30082468.0,0.0,0.0,14.04,14.92,14.08,,,
5,31,disabled,Disabled,250,mixed,1,310641.6274512101,765.0,1675.0,790.0466577777778,346.09696273535917,0.4380715484688607,0,100,900,1790607323.474638,2412.048375,3196.387,performance,,32861572.0,31934376.0,30021932.0,0.0,0.0,15.32,15.17,14.17,,,
5,32,global_mutex,GlobalMutex,1500,write-heavy,1,288308.0427667352,1980.0,26949.0,5022.20702,6707.000752965088,1.33546879414881,0,100,900,1790607326.6123621,2300.0,2300.0,performance,,32861572.0,31974780.0,30062272.0,0.0,0.0,14.09,14.92,14.09,,,
5,33,hdr_histogram,HdrHistogram,750,write-heavy,1,297841.8613032233,1842.0,8806.0,2454.459616296296,1860.5223682144024,0.758017103178855,0,100,900,1790607334.2087111,2438.309875,3406.479,performance,,32861572.0,31963588.0,30050856.0,0.0,0.0,13.91,14.87,14.09,,,
5,34,thread_local,ThreadLocal,100,write-heavy,1,289952.9785187756,322.0,812.0,338.4349222222222,149.91541887463796,0.44296675381567424,0,100,900,1790607339.0899827,2300.0,2300.0,performance,,32861572.0,31942008.0,30029264.0,0.0,0.0,12.8,14.62,14.01,,,
5,35,thread_local,ThreadLocal,250,read-heavy,1,318493.1222386965,745.0,1629.0,768.5134533333334,338.6580074780337,0.4406663357799996,0,100,900,1790607341.7561395,2300.0,2300.0,performance,,32861572.0,31969220.0,30056440.0,0.0,0.0,12.8,14.62,14.01,,,
5,36,disabled,Disabled,100,read-heavy,1,298723.5066602795,316.0,718.0,328.42333333333335,134.2017523941853,0.4086242930187216,0,100,900,1790607345.0552356,2300.0,2300.0,performance,,32861572.0,31973116.0,30060336.0,0.0,0.0,11.77,14.38,13.94,,,
5,37,global_mutex,GlobalMutex,100,write-heavy,1,287159.77051148337,325.0,763.0,341.56567777777775,148.37567969032744,0.434398680381641,0,100,900,1790607347.8817708,2808.544625,3189.596,performance,,32861572.0,31990988.0,30078176.0,0.0,0.0,11.77,14.38,13.94,,,
5,38,disabled,Disabled,750,write-heavy,1,302823.48947326536,1786.0,8571.0,2419.431002962963,1843.8519009751276,0.7621014605157367,0,100,900,1790607350.5488095,2436.755375,3394.043,performance,,32861572.0,31991440.0,30078596.0,0.0,0.0,10.83,14.14,13.86,,,
5,39,sharded_2key,Sharded-2key,250,read-heavy,1,314659.96717464423,758.0,1671.0,780.0931422222222,334.34835518157985,0.42860055688880194,0,100,900,1790607355.3809354,3041.760625,3272.005,performance,,32861572.0,31956212.0,30043148.0,0.0,0.0,9.96,13.9,13.79,,,
5,40,disabled,Disabled,500,read-heavy,1,315404.3019506684,1438.0,4175.0,1557.3997933333333,799.4684266229528,0.5133353876411111,0,100,900,1790607358.6749902,2300.0,2300.0,performance,,32861572.0,31959724.0,30046628.0,0.0,0.0,9.16,13.67,13.71,,,
5,41,disabled,Disabled,100,mixed,1,300316.17887944786,316.0,647.0,326.61246666666665,129.08912681705374,0.3952363733525187,0,100,900,1790607362.774132,2300.0,2300.0,performance,,32861572.0,31961844.0,30048708.0,0.0,0.0,9.16,13.67,13.71,,,
5,42,sharded_2key,Sharded-2key,500,mixed,1,310716.1713397595,1461.0,4301.0,1577.7724644444445,816.0641890850386,0.5172255236260483,0,100,900,1790607365.4277568,2448.483625,3487.869,performance,,32861572.0,31985452.0,30072284.0,0.0,0.0,8.43,13.45,13.64,,,
5,43,hdr_histogram,HdrHistogram,100,write-heavy,1,292899.5877500137,320.0,780.0,335.30767777777777,141.82570122921285,0.4229718274545643,0,100,900,1790607369.377822,2423.868875,3290.951,performance,,32861572.0,31972368.0,30059212.0,0.0,0.0,7.76,13.22,13.56,,,
5,44,global_mutex,GlobalMutex,1500,mixed,1,282646.2316361174,2042.0,27749.0,5132.219334814815,6949.0542171113875,1.354005696906196,0,100,900,1790607372.043161,2873.965375,3146.336,performance,,32861572.0,31998468.0,30085284.0,0.0,0.0,7.76,13.22,13.56,,,
5,45,sharded_2key,Sharded-2key,500,read-heavy,1,322350.80118346785,1414.0,3999.0,1521.0994688888889,760.5188154521354,0.49997967326072923,0,100,900,1790607379.7159326,2507.38375,3194.261,performance,,32861572.0,31995980.0,30082408.0,0.0,0.0,7.89,13.08,13.51,,,
5,46,thread_local,ThreadLocal,1500,read-heavy,1,313651.3649348366,1835.0,25852.0,4621.664258518518,6210.8217163080735,1.3438496110703988,0,100,900,1790607383.7872689,2300.0,2300.0,performance,,32861572.0,31977420.0,30063856.0,0.0,0.0,7.26,12.86,13.44,,,
5,47,thread_local,ThreadLocal,750,write-heavy,1,322298.8680019572,1731.0,7940.0,2272.08954962963,1641.3551878660737,0.7223989864896077,0,100,900,1790607391.1643412,2300.0,2300.0,performance,,32861572.0,31957256.0,30043432.0,0.0,0.0,8.28,12.98,13.48,,,
5,48,disabled,Disabled,250,read-heavy,1,327190.85769529326,728.0,1609.0,750.3494444444444,328.97278306214827,0.4384261033280545,0,100,900,1790607395.8581767,2300.0,2300.0,performance,,32861572.0,31933276.0,30019512.0,0.0,0.0,8.66,12.98,13.47,,,
5,49,disabled,Disabled,750,read-heavy,1,308928.22237972636,1728.0,8727.0,2368.7275274074073,1844.1715826297452,0.7785494791155684,0,100,900,1790607399.12493,2453.07525,3524.602,performance,,32861572.0,31968364.0,30054560.0,0.0,0.0,7.96,12.77,13.4,,,
5,50,sharded_2key,Sharded-2key,750,mixed,1,299817.39162043354,1790.0,8877.0,2444.971314074074,1897.2846126361414,0.7759946309859488,0,100,900,1790607404.0724244,2778.805125,3196.056,performance,,32861572.0,31962168.0,30048188.0,0.0,0.0,7.33,12.56,13.33,,,
5,51,hdr_histogram,HdrHistogram,100,read-heavy,1,300251.55675928405,311.0,721.0,325.67418888888886,135.9703862033811,0.41750433667241127,0,100,900,1790607408.932205,2300.0,2300.0,performance,,32861572.0,31967388.0,30053272.0,0.0,0.0,6.74,12.35,13.26,,,
5,52,sharded_2key,Sharded-2key,3000,write-heavy,1,270569.39651967306,2174.0,78934.0,10627.750285185186,18328.822100494835,1.7246191911419624,0,100,900,1790607411.7620823,2300.0,2300.0,performance,,32861572.0,31987600.0,30073460.0,0.0,0.0,6.74,12.35,13.26,,,
5,53,sharded_2key,Sharded-2key,750,write-heavy,1,297039.25449790235,1814.0,9120.0,2464.71772,1928.3133956192837,0.7823668325065978,0,100,900,1790607425.2701967,2888.091875,3150.972,performance,,32861572.0,32006840.0,30092188.0,0.0,0.0,8.75,12.54,13.31,,,
5,54,thread_local,ThreadLocal,2000,read-heavy,1,292607.6540098483,1966.0,39775.0,6568.489534444445,9960.76686623886,1.5164470939636399,0,100,900,1790607430.1366968,2942.835625,3447.53,performance,,32861572.0,31964092.0,30049500.0,0.0,0.0,8.05,12.33,13.23,,,
5,55,sharded_2key,Sharded-2key,100,read-heavy,1,291112.5125698744,319.0,847.0,337.11684444444444,154.3393744644266,0.4578216040161741,0,100,900,1790607439.5426636,2666.578125,3509.497,performance,,32861572.0,31968080.0,30053220.0,0.0,0.0,7.77,12.14,13.16,,,
5,56,disabled,Disabled,500,write-heavy,1,316271.7821594858,1453.0,4024.0,1548.287268888889,771.2420547802801,0.4981259423089833,0,100,900,1790607442.3662064,2855.843625,3562.362,performance,,32861572.0,31993304.0,30078404.0,0.0,0.0,7.77,12.14,13.16,,,
5,57,disabled,Disabled,2000,read-heavy,1,297788.1718518619,1927.0,39954.0,6479.908277222222,9910.012663739331,1.5293445894248847,0,100,900,1790607446.2964911,2412.5785,3200.628,performance,,32861572.0,31998640.0,30083680.0,0.0,0.0,8.67,12.25,13.19,,,
5,58,hdr_histogram,HdrHistogram,2000,read-heavy,1,293160.8659880515,1960.0,38985.0,6590.397112222222,9816.260600824171,1.4894793794169738,0,100,900,1790607455.5771954,2300.0,2300.0,performance,,32861572.0,31949164.0,30033872.0,0.0,0.0,8.15,12.03,13.11,,,
5,59,disabled,Disabled,1000,mixed,1,298222.79493369575,1866.0,14646.0,3252.6085333333335,3306.205236152361,1.0164780674556309,0,100,900,1790607464.9774604,2397.180125,3077.441,performance,,32861572.0,31950884.0,30035392.0,0.0,0.0,7.85,11.84,13.04,,,
5,60,thread_local,ThreadLocal,2000,write-heavy,1,284222.4059148123,2029.0,40782.0,6781.872742222222,10346.275416381115,1.525577935423032,0,100,900,1790607470.684988,2300.0,2300.0,performance,,32861572.0,31968068.0,30052420.0,0.0,0.0,13.71,12.99,13.4,,,
5,61,hdr_histogram,HdrHistogram,750,mixed,1,301404.53091455955,1839.0,8441.0,2437.106208888889,1794.3566072255253,0.7362652479735784,0,100,900,1790607480.1248431,3077.863375,3277.29,performance,,32861572.0,31985556.0,30069672.0,0.0,0.0,13.15,12.91,13.37,,,
5,62,global_mutex,GlobalMutex,100,mixed,1,302680.2762211772,311.0,708.0,323.31983333333335,131.75436698690055,0.40750474732264763,0,100,900,1790607484.9730844,2780.053625,3326.957,performance,,32861572.0,31940628.0,30024760.0,0.0,0.0,12.09,12.69,13.3,,,
5,63,thread_local,ThreadLocal,1000,write-heavy,1,307001.89977892285,1822.0,14250.0,3163.046552222222,3215.6988353322677,1.0166460664554728,0,100,900,1790607487.6266448,2347.669375,2681.355,performance,,32861572.0,31971872.0,30055960.0,0.0,0.0,12.09,12.69,13.3,,,
5,64,sharded_n,Sharded-N,250,write-heavy,1,306494.1642680184,775.0,1769.0,800.62372,352.4436517581183,0.44021135391556754,0,100,900,1790607493.2600632,2300.0,2300.0,performance,,32861572.0,31971980.0,30055832.0,0.0,0.0,11.93,12.65,13.28,,,
5,65,sharded_2key,Sharded-2key,1500,read-heavy,1,296110.6390687121,1915.0,26606.0,4902.945703703704,6505.279698597528,1.3268104710365067,0,100,900,1790607496.413603,2390.037625,3020.301,performance,,32861572.0,31985904.0,30069776.0,0.0,0.0,13.21,12.9,13.36,,,
5,66,sharded_n,Sharded-N,2000,read-heavy,1,291006.24240837165,1951.0,40504.0,6619.561198333334,9916.255763787456,1.498023126711807,0,100,900,1790607504.0151267,2300.0,2300.0,performance,,32861572.0,31961996.0,30045612.0,0.0,0.0,11.77,12.61,13.26,,,
5,67,thread_local,ThreadLocal,500,read-heavy,1,333418.0617781687,1382.0,3543.0,1467.2686955555555,716.8824777305662,0.4885829568245039,0,100,900,1790607513.4664168,2825.79475,3311.888,performance,,32861572.0,31960352.0,30043684.0,0.0,0.0,14.03,13.06,13.41,,,
5,68,thread_local,ThreadLocal,250,write-heavy,1,308039.41176711785,772.0,1786.0,798.2088755555556,359.14507003689533,0.449938707818714,0,100,900,1790607517.4903457,2483.48975,3043.601,performance,,32861572.0,31985148.0,30068472.0,0.0,0.0,12.91,12.84,13.33,,,
5,69,sharded_2key,Sharded-2key,750,read-heavy,1,311019.3683943443,1744.0,8440.0,2346.418705185185,1773.8925077131523,0.7559999857626231,0,100,900,1790607520.6433537,2300.0,2300.0,performance,,32861572.0,31991448.0,30074760.0,0.0,0.0,13.4,12.95,13.36,,,
5,70,global_mutex,GlobalMutex,500,write-heavy,1,298740.93898567045,1516.0,4415.0,1640.2719777777777,862.8281592029194,0.5260274947645387,0,100,900,1790607525.584694,2515.594375,3180.271,performance,,32861572.0,31972788.0,30056084.0,0.0,0.0,12.32,12.73,13.29,,,
5,71,sharded_2key,Sharded-2key,500,write-heavy,1,307122.02839013917,1476.0,4282.0,1596.1244666666666,835.4822510106377,0.5234442980223541,0,100,900,1790607529.603686,2404.686375,3137.491,performance,,32861572.0,31967560.0,30050736.0,0.0,0.0,11.34,12.52,13.22,,,
5,72,sharded_n,Sharded-N,1500,read-heavy,1,299200.3311976568,1895.0,25959.0,4851.495079259259,6479.10108281553,1.3354854487051813,0,100,900,1790607533.5833104,2300.0,2300.0,performance,,32861572.0,31979556.0,30062704.0,0.0,0.0,11.34,12.52,13.22,,,
5,73,sharded_n,Sharded-N,500,mixed,1,308105.1681963504,1482.0,4111.0,1591.8040777777778,819.2103499388404,0.5146427009299354,0,100,900,1790607541.155304,2767.516875,3395.688,performance,,32861572.0,31968136.0,30050988.0,0.0,0.0,11.19,12.44,13.19,,,
5,74,hdr_histogram,HdrHistogram,1000,mixed,1,309590.8991247559,1838.0,13996.0,3131.1231744444444,3205.292029032602,1.023687619571631,0,100,900,1790607545.1302667,2300.0,2300.0,performance,,32861572.0,31980996.0,30063836.0,0.0,0.0,10.3,12.23,13.11,,,
5,75,sharded_n,Sharded-N,100,read-heavy,1,303756.08165238885,312.0,654.0,322.9971,132.255811879977,0.40946439420037206,0,100,900,1790607550.7449667,2425.90575,3307.246,performance,,32861572.0,31936856.0,30019508.0,0.0,0.0,11.16,12.38,13.16,,,
5,76,sharded_2key,Sharded-2key,3000,read-heavy,1,280625.5998262415,2092.0,74218.0,10244.486127407408,17470.155608729263,1.7053227845163248,0,100,900,1790607553.563902,2578.1285,3414.021,performance,,32861572.0,31971648.0,30054304.0,0.0,0.0,11.16,12.38,13.16,,,
5,77,disabled,Disabled,1500,read-heavy,1,296681.36738591816,1909.0,27459.0,4868.792320740741,6626.594213245396,1.3610344776910142,0,100,900,1790607566.8611107,2300.0,2300.0,performance,,32861572.0,31973768.0,30055872.0,0.0,0.0,12.06,12.5,13.18,,,
5,78,disabled,Disabled,2000,write-heavy,1,286569.6407338998,2014.0,42778.0,6715.403916111111,10271.76075442663,1.529581970458004,0,100,900,1790607574.4677062,2415.90125,3227.21,performance,,32861572.0,31960348.0,30042368.0,0.0,0.0,11.24,12.32,13.12,,,
5,79,sharded_2key,Sharded-2key,2000,write-heavy,1,284742.92472900386,2007.0,42550.0,6761.533457777778,10272.896719018434,1.5193146322749527,0,100,900,1790607583.833074,2300.0,2300.0,performance,,32861572.0,31964572.0,30046304.0,0.0,0.0,10.39,12.11,13.04,,,
5,80,global_mutex,GlobalMutex,250,read-heavy,1,314374.5341336174,770.0,1589.0,785.5403777777777,322.47712532598433,0.4105162948316454,0,100,900,1790607593.271238,2638.050375,3226.837,performance,,32861572.0,31968364.0,30049876.0,0.0,0.0,10.84,12.17,13.05,,,
5,81,sharded_n,Sharded-N,3000,read-heavy,1,277757.4380463732,2095.0,74254.0,10365.976859259259,17463.63586732746,1.6847072016882152,0,100,900,1790607596.574579,2424.136625,3293.093,performance,,32861572.0,31990836.0,30072388.0,0.0,0.0,10.13,12.0,12.99,,,
5,82,global_mutex,GlobalMutex,2000,mixed,1,283924.565906142,2056.0,43561.0,6790.917856666667,10309.587320419365,1.5181434289178461,0,100,900,1790607609.9630737,2749.416125,3485.655,performance,,32861572.0,31984228.0,30065276.0,0.0,0.0,10.27,11.96,12.97,,,
5,83,global_mutex,GlobalMutex,1000,read-heavy,1,304021.2825112873,1869.0,14438.0,3198.319877777778,3303.802140975189,1.0329805232835876,0,100,900,1790607619.398062,2300.0,2300.0,performance,,32861572.0,31968520.0,30049340.0,0.0,0.0,11.86,12.27,13.06,,,
5,84,thread_local,ThreadLocal,2000,mixed,1,289010.8756518545,1971.0,40318.0,6665.833743333334,9886.564164491047,1.4831699296999188,0,100,900,1790607625.2196984,2411.854,3194.832,performance,,32861572.0,31936408.0,30017248.0,0.0,0.0,10.91,12.07,12.99,,,
5,85,disabled,Disabled,3000,mixed,1,274308.7051380525,2135.0,76800.0,10486.561148888888,18077.98424840671,1.7239192135280854,0,100,900,1790607634.5516589,2522.48025,3195.217,performance,,32861572.0,31985292.0,30065776.0,0.0,0.0,10.63,11.98,12.95,,,
5,86,hdr_histogram,HdrHistogram,100,mixed,1,290803.5763269384,326.0,697.0,336.89812222222224,135.68579511002804,0.4027502267303466,0,100,900,1790607647.929353,2300.0,2300.0,performance,,32861572.0,31978528.0,30058640.0,0.0,0.0,13.24,12.5,13.11,,,
5,87,sharded_n,Sharded-N,500,write-heavy,1,298743.3496427596,1539.0,4152.0,1641.3047133333334,810.7916968461241,0.49399218210948986,0,100,900,1790607650.597589,2418.294875,3246.359,performance,,32861572.0,32008560.0,30088644.0,0.0,0.0,12.18,12.3,13.04,,,
5,88,hdr_histogram,HdrHistogram,2000,mixed,1,285909.6054966354,2010.0,40431.0,6720.563236111111,9932.85602103519,1.477979697841946,0,100,900,1790607654.6173296,2300.0,2300.0,performance,,32861572.0,31973924.0,30054056.0,0.0,0.0,11.21,12.09,12.97,,,
5,89,hdr_histogram,HdrHistogram,3000,mixed,1,273977.39499496645,2130.0,77214.0,10509.560070370371,18104.763033858395,1.7226946620630865,0,100,900,1790607664.013669,2419.57325,3256.586,performance,,32861572.0,31966896.0,30046688.0,0.0,0.0,10.59,11.94,12.91,,,
5,90,sharded_2key,Sharded-2key,250,mixed,1,310459.5383175247,770.0,1638.0,791.2331111111112,339.9452005907996,0.4296397557395216,0,100,900,1790607677.3879228,2623.422,3218.134,performance,,32861572.0,31986340.0,30065760.0,0.0,0.0,10.48,11.87,12.88,,,
5,91,disabled,Disabled,750,mixed,1,300436.3399868889,1810.0,8666.0,2440.94312,1859.2937546958328,0.7617112170544281,0,100,900,1790607680.5315716,2407.368125,3158.945,performance,,32861572.0,32003080.0,30082596.0,0.0,0.0,9.64,11.68,12.81,,,
5,92,sharded_n,Sharded-N,2000,mixed,1,283786.0842279249,2034.0,42591.0,6788.291497777778,10380.01333920554,1.5291054225652436,0,100,900,1790607685.3723001,2589.1965,3211.062,performance,,32861572.0,31940168.0,30019596.0,0.0,0.0,8.87,11.48,12.74,,,
5,93,global_mutex,GlobalMutex,2000,read-heavy,1,303850.3186685839,1890.0,38092.0,6355.264839444444,9414.618069069593,1.4813887866068203,0,100,900,1790607694.8217463,2407.185875,3157.487,performance,,32861572.0,31973296.0,30052352.0,0.0,0.0,8.76,11.38,12.7,,,
5,94,global_mutex,GlobalMutex,250,mixed,1,312523.0303429777,761.0,1636.0,784.4954444444444,344.81069819539033,0.4395318043428215,0,100,900,1790607704.001597,2557.444625,3485.505,performance,,32861572.0,31973836.0,30052680.0,0.0,0.0,9.1,11.38,12.68,,,
5,95,disabled,Disabled,3000,read-heavy,1,281362.1987453766,2053.0,75105.0,10234.803767777777,17641.95908321829,1.723722260192272,0,100,900,1790607707.1351888,2414.721375,3217.771,performance,,32861572.0,31978224.0,30057120.0,0.0,0.0,9.1,11.38,12.68,,,
5,96,sharded_n,Sharded-N,250,read-heavy,1,313158.41033842973,763.0,1659.0,783.9485822222222,342.2430446493893,0.4365631272388414,0,100,900,1790607720.3944066,2300.0,2300.0,performance,,32861572.0,31981388.0,30059812.0,0.0,0.0,10.26,11.55,12.72,,,
5,97,sharded_n,Sharded-N,250,mixed,1,316623.95667481015,758.0,1573.0,776.5044044444444,323.9123088520267,0.41714162469403127,0,100,900,1790607723.6974294,2518.971375,3295.248,performance,,32861572.0,31982888.0,30061356.0,0.0,0.0,9.44,11.36,12.65,,,
5,98,sharded_n,Sharded-N,100,mixed,1,306371.19946782367,305.0,700.0,319.8108888888889,135.2781820100673,0.42299429666094535,0,100,900,1790607726.822739,2431.791375,3354.331,performance,,32861572.0,31993264.0,30071796.0,0.0,0.0,9.44,11.36,12.65,,,
5,99,disabled,Disabled,1500,mixed,1,296778.13469110103,1901.0,27059.0,4887.626483703703,6619.127025322233,1.3542620426073246,0,100,900,1790607729.4715352,2448.961625,3491.693,performance,,32861572.0,31997008.0,30075508.0,0.0,0.0,8.68,11.17,12.58,,,
5,100,thread_local,ThreadLocal,250,mixed,1,306220.21905445674,784.0,1668.0,802.4144177777778,346.49218188942325,0.4318120091224252,0,100,900,1790607736.898563,2410.119375,3180.955,performance,,32861572.0,31937308.0,30015472.0,0.0,0.0,8.63,11.12,12.56,,,
5,101,global_mutex,GlobalMutex,750,read-heavy,1,304869.02071923873,1780.0,8623.0,2402.1601362962965,1841.2459800451747,0.7664959351477909,0,100,900,1790607740.0490198,2300.0,2300.0,performance,,32861572.0,31976612.0,30054832.0,0.0,0.0,7.94,10.93,12.49,,,
5,102,disabled,Disabled,1500,write-heavy,1,303437.5849258584,1908.0,26863.0,4779.541683703704,6337.825060718976,1.326031967108559,0,100,900,1790607745.0226088,2997.663875,3461.549,performance,,32861572.0,31962708.0,30040764.0,0.0,0.0,7.3,10.75,12.42,,,
5,103,hdr_histogram,HdrHistogram,3000,read-heavy,1,275388.1371377123,2138.0,74512.0,10469.18212888889,17659.72284519502,1.6868292697348723,0,100,900,1790607752.3818347,2431.3605,3350.884,performance,,32861572.0,31966000.0,30043896.0,0.0,0.0,8.24,10.89,12.46,,,
5,104,sharded_n,Sharded-N,1500,mixed,1,291648.92097301723,1976.0,26587.0,4972.046098518518,6577.452663421217,1.3228865004652812,0,100,900,1790607765.8528686,2435.46625,3383.73,performance,,32861572.0,31994836.0,30072300.0,0.0,0.0,9.95,11.14,12.52,,,
5,105,sharded_n,Sharded-N,750,mixed,1,305908.97279609146,1770.0,8566.0,2395.576106666667,1812.8227858799496,0.7567377136693889,0,100,900,1790607773.3775322,2411.75425,3194.034,performance,,32861572.0,31937588.0,30014932.0,0.0,0.0,10.04,11.14,12.51,,,
5,106,sharded_2key,Sharded-2key,1000,write-heavy,1,298424.3039580879,1884.0,14576.0,3262.866481111111,3326.5620535278317,1.0195213542403458,0,100,900,1790607778.1910486,2300.0,2300.0,performance,,32861572.0,31929284.0,30006576.0,0.0,0.0,9.23,10.95,12.44,,,
5,107,hdr_histogram,HdrHistogram,250,read-heavy,1,327058.4419116364,724.0,1636.0,748.68648,333.3603172596252,0.44526023397621023,0,100,900,1790607783.9120994,2300.0,2300.0,performance,,32861572.0,31949648.0,30026716.0,0.0,0.0,8.7,10.79,12.37,,,
5,108,sharded_2key,Sharded-2key,100,mixed,1,297421.94165272184,317.0,678.0,329.55142222222224,132.7992554221175,0.4029697536324655,0,100,900,1790607787.1815426,2371.262875,2870.103,performance,,32861572.0,31968048.0,30045148.0,0.0,0.0,8.7,10.79,12.37,,,
5,109,hdr_histogram,HdrHistogram,500,write-heavy,1,303967.36605277285,1481.0,4395.0,1610.9821422222221,848.3688149883625,0.5266159026555719,0,100,900,1790607789.8395166,2515.401875,3219.116,performance,,32861572.0,31975864.0,30052936.0,0.0,0.0,8.0,10.61,12.3,,,
5,110,hdr_histogram,HdrHistogram,1500,write-heavy,1,301096.0728746902,1924.0,26156.0,4816.089286666666,6501.389665183115,1.3499312986539098,0,100,900,1790607793.8319898,2300.0,2300.0,performance,,32861572.0,31956184.0,30033180.0,0.0,0.0,7.36,10.43,12.24,,,
5,111,global_mutex,GlobalMutex,1000,mixed,1,300661.6081738589,1877.0,14342.0,3227.961802222222,3256.837205199284,1.008945397977505,0,100,900,1790607801.233376,2546.139125,3289.737,performance,,32861572.0,31939684.0,30016448.0,0.0,0.0,7.89,10.49,12.25,,,
5,112,thread_local,ThreadLocal,1000,mixed,1,298179.2265983334,1891.0,14709.0,3258.8489455555555,3325.5424540305776,1.0204653574281126,0,100,900,1790607806.9248333,2579.701875,3540.327,performance,,32861572.0,31952328.0,30028976.0,0.0,0.0,8.14,10.5,12.24,,,
5,113,sharded_n,Sharded-N,1000,read-heavy,1,297269.77303544985,1866.0,13928.0,3271.681021111111,3230.023950791004,0.9872673802698652,0,100,900,1790607812.636147,2300.0,2300.0,performance,,32861572.0,31957476.0,30033956.0,0.0,0.0,20.94,13.12,13.08,,,
5,114,hdr_histogram,HdrHistogram,1500,read-heavy,1,295996.07795812533,1942.0,27465.0,4879.072351111111,6836.116500831437,1.4011098850121886,0,100,900,1790607818.5235813,2415.783875,3226.271,performance,,32861572.0,31947524.0,30023908.0,0.0,0.0,20.15,13.08,13.07,,,
5,115,thread_local,ThreadLocal,100,read-heavy,1,297104.3771648428,313.0,768.0,329.5734,140.13713012358932,0.4252076475940999,0,100,900,1790607826.139878,2401.740625,3113.925,performance,,32861572.0,31956600.0,30032696.0,0.0,0.0,19.13,13.08,13.07,,,
5,116,global_mutex,GlobalMutex,250,write-heavy,1,318489.19686696713,755.0,1582.0,770.7223644444445,329.4638597553222,0.4274741138370985,0,100,900,1790607828.9601429,2300.0,2300.0,performance,,32861572.0,31982200.0,30058244.0,0.0,0.0,17.6,12.86,13.0,,,
5,117,disabled,Disabled,1000,read-heavy,1,316128.9602486463,1767.0,13791.0,3073.8458466666666,3094.4793734752598,1.0067126094924275,0,100,900,1790607832.0804112,2462.5,3600.0,performance,,32861572.0,31980720.0,30056752.0,0.0,0.0,17.6,12.86,13.0,,,
5,118,sharded_n,Sharded-N,3000,mixed,1,277050.72362538346,2105.0,72587.0,10402.309358148148,17447.139911516882,1.6772371702107192,0,100,900,1790607837.7846117,2412.998625,3203.989,performance,,32861572.0,31954212.0,30030132.0,0.0,0.0,17.23,12.87,13.0,,,
5,119,global_mutex,GlobalMutex,1500,read-heavy,1,294715.8841544102,1939.0,28087.0,4926.300371851852,6560.97649750186,1.3318263204148704,0,100,900,1790607851.044177,2300.0,2300.0,performance,,32861572.0,31983620.0,30059096.0,0.0,0.0,17.41,13.12,13.08,,,
5,120,sharded_2key,Sharded-2key,1000,read-heavy,1,299328.9515849682,1886.0,14565.0,3249.9518933333334,3324.147150331151,1.0228296477710994,0,100,900,1790607858.6738503,2498.69725,3165.8,performance,,32861572.0,31945436.0,30020900.0,0.0,0.0,17.13,13.13,13.08,,,
5,121,thread_local,ThreadLocal,100,mixed,1,297389.6396382033,313.0,777.0,329.5096111111111,145.74201302380325,0.44229973302556824,0,100,900,1790607864.5187979,2412.196625,3197.573,performance,,32861572.0,31992820.0,30068148.0,0.0,0.0,14.5,12.7,12.94,,,
5,122,sharded_n,Sharded-N,750,write-heavy,1,293867.0981477361,1851.0,8841.0,2492.007217777778,1897.8181006979705,0.7615620400932589,0,100,900,1790607867.1762912,2413.777875,3210.223,performance,,32861572.0,32002236.0,30077540.0,0.0,0.0,14.5,12.7,12.94,,,
5,123,global_mutex,GlobalMutex,3000,write-heavy,1,268923.2026143801,2181.0,76537.0,10723.412061481482,18217.944812957896,1.698894410520397,0,100,900,1790607872.0791042,2887.905375,3350.759,performance,,32861572.0,31975688.0,30050928.0,0.0,0.0,14.22,12.67,12.93,,,
5,124,global_mutex,GlobalMutex,750,mixed,1,305746.34893982596,1760.0,8381.0,2392.770328888889,1816.232218339198,0.7590499582893887,0,100,900,1790607885.6373255,2849.709625,3197.831,performance,,32861572.0,31982724.0,30057456.0,0.0,0.0,20.81,14.23,13.44,,,
5,125,thread_local,ThreadLocal,3000,mixed,1,279948.00176554,2066.0,74044.0,10279.799952962963,17411.890306464116,1.693796609480271,0,100,900,1790607890.4531593,2300.0,2300.0,performance,,32861572.0,31973940.0,30048740.0,0.0,0.0,19.14,14.0,13.37,,,
5,126,thread_local,ThreadLocal,500,write-heavy,1,311179.64531619556,1448.0,4195.0,1570.0033644444445,806.7602662681062,0.5138589410307305,0,100,900,1790607903.6087012,2403.848375,3130.787,performance,,32861572.0,31988536.0,30062860.0,0.0,0.0,19.66,14.28,13.47,,,
5,127,hdr_histogram,HdrHistogram,250,mixed,1,325002.78679056244,735.0,1570.0,753.5142577777777,314.07981768542874,0.41682000631507016,0,100,900,1790607907.5570884,2400.639625,3105.117,performance,,32861572.0,31976424.0,30050776.0,0.0,0.0,18.09,14.04,13.39,,,
5,128,thread_local,ThreadLocal,3000,read-heavy,1,280758.51081897493,2074.0,74458.0,10270.050787407408,17571.565923375194,1.7109521936269796,0,100,900,1790607910.6602864,2300.0,2300.0,performance,,32861572.0,31992392.0,30066708.0,0.0,0.0,16.64,13.81,13.32,,,
5,129,sharded_2key,Sharded-2key,250,write-heavy,1,312117.80827579065,762.0,1732.0,786.7000266666666,355.57096044597847,0.45197781669408504,0,100,900,1790607923.9187405,2411.070625,3188.565,performance,,32861572.0,31968284.0,30042104.0,0.0,0.0,14.64,13.52,13.23,,,
5,130,hdr_histogram,HdrHistogram,1500,mixed,1,297666.44686645485,1932.0,27023.0,4873.99843925926,6518.143441922028,1.3373298172234627,0,100,900,1790607927.05391,2444.81325,3458.506,performance,,32861572.0,31985816.0,30059648.0,0.0,0.0,14.64,13.52,13.23,,,
5,131,thread_local,ThreadLocal,1500,write-heavy,1,289089.77922760043,1961.0,27863.0,5002.290960740741,6720.6209778568045,1.3435086104750718,0,100,900,1790607934.4821634,2745.908875,3279.227,performance,,32861572.0,31938564.0,30012096.0,0.0,0.0,13.86,13.4,13.2,,,
5,132,sharded_n,Sharded-N,1000,mixed,1,289346.93507494003,1971.0,14721.0,3355.6250633333334,3369.4420056179342,1.0041175465148289,0,100,900,1790607942.0452788,2418.528625,3248.229,performance,,32861572.0,31947048.0,30020500.0,0.0,0.0,14.51,13.54,13.25,,,
5,133,thread_local,ThreadLocal,750,mixed,1,301587.0645302947,1813.0,8482.0,2429.965934814815,1810.727239209334,0.7451656886487701,0,100,900,1790607947.8648434,2413.596875,3208.775,performance,,32861572.0,31963932.0,30037304.0,0.0,0.0,17.28,14.13,13.44,,,
5,134,sharded_2key,Sharded-2key,2000,mixed,1,285137.34690807335,2016.0,42844.0,6764.948711111111,10147.89425318744,1.500069651159365,0,100,900,1790607952.698074,2300.0,2300.0,performance,,32861572.0,31958152.0,30031416.0,0.0,0.0,19.18,14.58,13.59,,,
5,135,sharded_2key,Sharded-2key,1500,mixed,1,286754.22792971967,2016.0,28658.0,5061.574924444444,6863.25243987584,1.3559519600767633,0,100,900,1790607962.1156945,2445.774625,3466.197,performance,,32861572.0,31982852.0,30055848.0,0.0,0.0,18.24,14.53,13.58,,,
5,136,sharded_2key,Sharded-2key,3000,mixed,1,273499.4822435495,2148.0,77251.0,10539.548439629629,18121.86348259979,1.7194155505239666,0,100,900,1790607969.718455,2742.535625,3211.061,performance,,32861572.0,31964336.0,30037184.0,0.0,0.0,15.95,14.16,13.47,,,
5,137,hdr_histogram,HdrHistogram,250,write-heavy,1,308577.2079580389,779.0,1590.0,794.2289955555556,322.194665302654,0.4056697339251407,0,100,900,1790607983.0994613,2526.96775,3251.599,performance,,32861572.0,31977740.0,30050144.0,0.0,0.0,20.11,15.14,13.8,,,
5,138,hdr_histogram,HdrHistogram,1000,read-heavy,1,303426.64177037135,1899.0,14282.0,3207.544011111111,3240.192339825409,1.0101786066227625,0,100,900,1790607986.2333214,2300.0,2300.0,performance,,32861572.0,31988576.0,30060936.0,0.0,0.0,20.18,15.24,13.84,,,
5,139,disabled,Disabled,2000,mixed,1,287391.9958387223,1987.0,42713.0,6695.237013333333,10353.34324935834,1.546374419417866,0,100,900,1790607992.0680082,2412.5,3200.0,performance,,32861572.0,31942968.0,30015336.0,0.0,0.0,20.08,15.3,13.87,,,
5,140,thread_local,ThreadLocal,3000,write-heavy,1,271747.1411499492,2168.0,76941.0,10633.120398518518,18064.357037404276,1.6988763749840667,0,100,900,1790608001.4322875,2300.0,2300.0,performance,,32861572.0,31961976.0,30033944.0,0.0,0.0,21.38,15.75,14.03,,,
5,141,sharded_n,Sharded-N,100,write-heavy,1,285133.64228070376,326.0,752.0,343.02922222222224,154.39922791499208,0.4501051744651909,0,100,900,1790608014.8953595,2300.0,2300.0,performance,,32861572.0,31979124.0,30050760.0,0.0,0.0,19.08,15.54,13.99,,,
5,142,disabled,Disabled,500,mixed,1,318783.99519166054,1425.0,3984.0,1526.72108,772.4659612771063,0.5059640371750852,0,100,900,1790608017.5640101,2423.062,3284.496,performance,,32861572.0,31990056.0,30061680.0,0.0,0.0,19.08,15.54,13.99,,,
5,143,global_mutex,GlobalMutex,750,write-heavy,1,308533.4777547918,1771.0,8077.0,2368.618682962963,1758.9847396484695,0.7426204784672696,0,100,900,1790608021.4860747,2518.357875,3190.75,performance,,32861572.0,31979440.0,30051112.0,0.0,0.0,19.55,15.7,14.05,,,
5,144,disabled,Disabled,3000,write-heavy,1,270700.24729141337,2166.0,77805.0,10610.86664,18209.88008109757,1.7161538919404955,0,100,900,1790608026.2824035,2930.494625,3195.25,performance,,32861572.0,31979116.0,30050648.0,0.0,0.0,20.55,15.97,14.15,,,
6,1,hdr_histogram,HdrHistogram,2000,read-heavy,1,295168.09508579125,1940.0,39826.0,6542.85661,9809.234467245673,1.4992280974419327,0,100,900,1790608039.7852015,2300.0,2300.0,performance,,32861572.0,31976072.0,30047148.0,0.0,0.0,17.85,15.61,14.06,,,
6,2,thread_local,ThreadLocal,1500,mixed,1,293095.2746759062,1938.0,27177.0,4941.518291851852,6614.820085392019,1.3386209854366624,0,100,900,1790608049.1325018,2392.024,3036.192,performance,,32861572.0,31954000.0,30024856.0,0.0,0.0,16.65,15.44,14.02,,,
6,3,sharded_2key,Sharded-2key,500,read-heavy,1,313062.874438764,1468.0,4012.0,1560.7523755555555,775.2922695374867,0.49674264904547627,0,100,900,1790608056.6339333,2702.96875,3173.699,performance,,32861572.0,31982864.0,30053628.0,0.0,0.0,16.28,15.38,14.01,,,
6,4,sharded_2key,Sharded-2key,250,write-heavy,1,299209.17499056837,792.0,1773.0,819.8570977777778,363.5063571086291,0.44337770337527466,0,100,900,1790608060.7406528,2704.9445,3262.864,performance,,32861572.0,31986696.0,30057448.0,0.0,0.0,15.06,15.14,13.94,,,
6,5,global_mutex,GlobalMutex,500,write-heavy,1,311240.8898935616,1465.0,4175.0,1576.715968888889,803.4041525645482,0.5095427257774948,0,100,900,1790608063.9109404,2440.579125,3424.633,performance,,32861572.0,32004508.0,30075244.0,0.0,0.0,13.85,14.89,13.86,,,
6,6,sharded_n,Sharded-N,3000,mixed,1,274083.17312034086,2135.0,74445.0,10479.359343703703,17726.074812086474,1.6915227573274125,0,100,900,1790608067.8738391,2412.794875,3202.359,performance,,32861572.0,31963912.0,30034524.0,0.0,0.0,13.85,14.89,13.86,,,
6,7,hdr_histogram,HdrHistogram,750,write-heavy,1,295455.57702227327,1851.0,8473.0,2475.0153881481483,1852.6197706532319,0.7485285867411903,0,100,900,1790608081.2533333,2300.0,2300.0,performance,,32861572.0,31994640.0,30064748.0,0.0,0.0,21.17,16.45,14.39,,,
6,8,sharded_n,Sharded-N,2000,read-heavy,1,293356.68901087646,1941.0,39711.0,6568.681275,9778.99957360939,1.4887310198513766,0,100,900,1790608086.1564438,2300.0,2300.0,performance,,32861572.0,31948764.0,30018844.0,0.0,0.0,21.16,16.52,14.42,,,
6,9,sharded_n,Sharded-N,100,write-heavy,1,289574.4361319707,323.0,746.0,338.28968888888886,142.3305890925089,0.420735818345493,0,100,900,1790608095.5494087,2579.808,3597.477,performance,,32861572.0,31984200.0,30053956.0,0.0,0.0,18.49,16.11,14.31,,,
6,10,disabled,Disabled,3000,read-heavy,1,285966.25805872324,1984.0,68535.0,10073.781753333333,16912.41603334248,1.6788547188593101,0,100,900,1790608098.216196,2300.0,2300.0,performance,,32861572.0,32000372.0,30070104.0,0.0,0.0,18.49,16.11,14.31,,,
6,11,sharded_2key,Sharded-2key,1500,mixed,1,288999.1689880273,1977.0,28917.0,5027.296896296296,6709.202351153177,1.3345546303612927,0,100,900,1790608111.3036132,2412.1455,3197.164,performance,,32861572.0,31970584.0,30039936.0,0.0,0.0,21.54,16.87,14.59,,,
6,12,sharded_2key,Sharded-2key,500,mixed,1,314422.44301115227,1443.0,4287.0,1559.7671333333333,807.8068057562315,0.5179021845587237,0,100,900,1790608118.8779871,2300.0,2300.0,performance,,32861572.0,31945972.0,30015220.0,0.0,0.0,18.89,16.46,14.48,,,
6,13,sharded_2key,Sharded-2key,750,mixed,1,297099.8505655975,1831.0,8666.0,2465.9749866666666,1883.6173539214408,0.7638428467871784,0,100,900,1790608122.8239803,2300.0,2300.0,performance,,32861572.0,31977528.0,30046824.0,0.0,0.0,18.89,16.46,14.48,,,
6,14,disabled,Disabled,2000,write-heavy,1,285196.17710768094,2052.0,43202.0,6759.487598888889,10317.462868344262,1.526367600709886,0,100,900,1790608127.6969597,2429.617,3336.936,performance,,32861572.0,31947348.0,30016432.0,0.0,0.0,18.98,16.52,14.51,,,
6,15,hdr_histogram,HdrHistogram,250,write-heavy,1,312903.0782687249,762.0,1654.0,784.1870266666666,333.68166098964156,0.4255128555339888,0,100,900,1790608137.0947568,2415.014125,3220.113,performance,,32861572.0,31955644.0,30024424.0,0.0,0.0,17.94,16.37,14.48,,,
6,16,global_mutex,GlobalMutex,3000,mixed,1,272340.9668590543,2146.0,74048.0,10565.865937407407,18049.34912047612,1.708269745934801,0,100,900,1790608140.232194,2300.0,2300.0,performance,,32861572.0,31984540.0,30053416.0,0.0,0.0,16.5,16.1,14.4,,,
6,17,sharded_2key,Sharded-2key,250,mixed,1,308207.8660091042,775.0,1765.0,795.2169111111111,349.58436227344555,0.43960881287722026,0,100,900,1790608153.6796403,2361.44975,2791.598,performance,,32861572.0,31973344.0,30041660.0,0.0,0.0,16.62,16.14,14.43,,,
6,18,hdr_histogram,HdrHistogram,3000,write-heavy,1,272406.04312890774,2154.0,75994.0,10574.183601851852,18004.202229558865,1.7026564799201895,0,100,900,1790608156.817094,2300.0,2300.0,performance,,32861572.0,31978536.0,30046840.0,0.0,0.0,15.29,15.87,14.36,,,
6,19,global_mutex,GlobalMutex,1500,mixed,1,294559.3854477412,1925.0,26319.0,4918.026268888889,6467.241296319261,1.31500747306508,0,100,900,1790608170.254798,2386.046375,2988.371,performance,,32861572.0,31988772.0,30056756.0,0.0,0.0,16.61,16.19,14.49,,,
6,20,thread_local,ThreadLocal,750,read-heavy,1,304054.60518726637,1778.0,8537.0,2407.9332874074075,1836.6363709814345,0.762743876911523,0,100,900,1790608177.7265275,2431.72375,3353.79,performance,,32861572.0,31959728.0,30027620.0,0.0,0.0,16.08,16.09,14.46,,,
6,21,thread_local,ThreadLocal,500,write-heavy,1,303095.34096323093,1489.0,4368.0,1618.6090044444445,846.5668536527052,0.5230212184215993,0,100,900,1790608182.7081866,2518.566875,3223.892,performance,,32861572.0,31967456.0,30035280.0,0.0,0.0,16.47,16.17,14.5,,,
6,22,disabled,Disabled,1500,read-heavy,1,301375.9319512684,1852.0,27635.0,4818.956339259259,6514.551966100088,1.3518595121991634,0,100,900,1790608186.705312,2300.0,2300.0,performance,,32861572.0,31980388.0,30048196.0,0.0,0.0,16.35,16.15,14.5,,,
6,23,sharded_n,Sharded-N,750,write-heavy,1,297531.3055320969,1846.0,8423.0,2462.165857777778,1801.4693887813696,0.7316604537792111,0,100,900,1790608194.2361703,3056.87825,3444.073,performance,,32861572.0,31968300.0,30035768.0,0.0,0.0,14.94,15.86,14.43,,,
6,24,disabled,Disabled,2000,mixed,1,284523.6387400008,2014.0,42141.0,6770.975284444445,10164.925784843024,1.5012498728500456,0,100,900,1790608199.1077685,2768.115,3497.211,performance,,32861572.0,31971944.0,30039364.0,0.0,0.0,13.75,15.6,14.35,,,
6,25,sharded_n,Sharded-N,1000,read-heavy,1,315669.92859616014,1785.0,13986.0,3070.1294566666666,3131.331869824567,1.019934798848629,0,100,900,1790608208.526288,2415.75825,3226.066,performance,,32861572.0,31977280.0,30044396.0,0.0,0.0,15.29,15.89,14.45,,,
6,26,thread_local,ThreadLocal,500,mixed,1,308284.16712961876,1452.0,4394.0,1585.957311111111,826.7363396780731,0.5212853674471649,0,100,900,1790608214.244335,2694.542625,3233.595,performance,,32861572.0,31971908.0,30039008.0,0.0,0.0,12.94,15.36,14.3,,,
6,27,disabled,Disabled,3000,write-heavy,1,276542.563573685,2124.0,75434.0,10390.831312592592,17914.9443746777,1.7241107891884142,0,100,900,1790608218.2141328,2300.0,2300.0,performance,,32861572.0,31970444.0,30037476.0,0.0,0.0,12.94,15.36,14.3,,,
6,28,thread_local,ThreadLocal,1500,read-heavy,1,299207.62407445064,1912.0,26891.0,4840.876561481481,6499.883103243247,1.3427078795940317,0,100,900,1790608231.4936025,2373.126,2885.008,performance,,32861572.0,31983196.0,30049740.0,0.0,0.0,21.37,17.08,14.87,,,
6,29,global_mutex,GlobalMutex,2000,read-heavy,1,288101.80079435883,1997.0,41557.0,6675.881299444444,10105.80247129948,1.5137780343908254,0,100,900,1790608239.0530643,2300.0,2300.0,performance,,32861572.0,31941108.0,30007484.0,0.0,0.0,19.48,16.83,14.82,,,
6,30,disabled,Disabled,1000,read-heavy,1,303452.2694520557,1875.0,14387.0,3208.068115555556,3260.6021591977665,1.0163756010626703,0,100,900,1790608248.5469437,2444.42025,3455.362,performance,,32861572.0,31969572.0,30035700.0,0.0,0.0,19.6,16.9,14.85,,,
6,31,sharded_n,Sharded-N,500,write-heavy,1,309852.2674034239,1470.0,4159.0,1582.0410755555556,798.5154559468469,0.5047374990983955,0,100,900,1790608254.3500552,2300.0,2300.0,performance,,32861572.0,31955980.0,30022032.0,0.0,0.0,16.59,16.34,14.69,,,
6,32,sharded_2key,Sharded-2key,2000,read-heavy,1,295125.3758499747,1939.0,40299.0,6536.397262222222,9941.459048213765,1.5209386225147983,0,100,900,1790608258.313119,2300.0,2300.0,performance,,32861572.0,31972496.0,30038596.0,0.0,0.0,16.59,16.34,14.69,,,
6,33,global_mutex,GlobalMutex,3000,write-heavy,1,274306.7416965692,2126.0,76058.0,10513.336474814814,17894.676038402522,1.7020929636628723,0,100,900,1790608267.6709654,2824.60375,3574.136,performance,,32861572.0,31975916.0,30041568.0,0.0,0.0,14.92,15.99,14.59,,,
6,34,thread_local,ThreadLocal,100,read-heavy,1,298793.0702118398,314.0,770.0,328.96557777777775,137.26513756141807,0.41726291999506154,0,100,900,1790608281.0135827,2851.60525,3095.085,performance,,32861572.0,31988928.0,30054188.0,0.0,0.0,15.19,15.99,14.62,,,
6,35,disabled,Disabled,250,read-heavy,1,310287.0414395377,764.0,1738.0,788.7772622222222,359.2849345818745,0.4554960592673032,0,100,900,1790608283.8296404,2449.770375,3498.163,performance,,32861572.0,32000388.0,30065620.0,0.0,0.0,13.97,15.72,14.54,,,
6,36,thread_local,ThreadLocal,750,mixed,1,308230.3301088751,1778.0,8607.0,2377.4369525925927,1799.7859322915272,0.7570278279425506,0,100,900,1790608287.1283016,2300.0,2300.0,performance,,32861572.0,32001636.0,30066968.0,0.0,0.0,13.97,15.72,14.54,,,
6,37,thread_local,ThreadLocal,1000,read-heavy,1,309490.3184138184,1810.0,13817.0,3140.3305288888887,3165.207167831081,1.0079216626126912,0,100,900,1790608291.9259884,2300.0,2300.0,performance,,32861572.0,31960236.0,30025472.0,0.0,0.0,15.9,16.09,14.66,,,
6,38,global_mutex,GlobalMutex,250,write-heavy,1,324750.85385118244,748.0,1482.0,756.7379288888889,298.45505502045813,0.3943968494597289,0,100,900,1790608297.6975164,2393.370875,3046.967,performance,,32861572.0,31978176.0,30043252.0,0.0,0.0,16.23,16.16,14.69,,,
6,39,sharded_2key,Sharded-2key,2000,write-heavy,1,281702.2957039844,2017.0,41979.0,6850.126432777778,10272.573676887936,1.4996181132852944,0,100,900,1790608300.8100214,2300.0,2300.0,performance,,32861572.0,31996736.0,30061848.0,0.0,0.0,16.05,16.12,14.69,,,
6,40,global_mutex,GlobalMutex,750,mixed,1,315671.17651999963,1739.0,8140.0,2316.5168281481483,1741.0057085284088,0.7515618653718954,0,100,900,1790608310.3095574,2412.543,3200.344,performance,,32861572.0,31955208.0,30019892.0,0.0,0.0,14.91,15.89,14.63,,,
6,41,sharded_n,Sharded-N,1500,read-heavy,1,296494.8817841172,1874.0,26254.0,4898.957956296296,6383.834617339289,1.3031005112290426,0,100,900,1790608315.0532668,3115.81425,3332.865,performance,,32861572.0,31959428.0,30024080.0,0.0,0.0,13.71,15.62,14.55,,,
6,42,hdr_histogram,HdrHistogram,1500,mixed,1,291239.95839221694,1945.0,27287.0,4989.132681481481,6606.153196154535,1.3241085410847189,0,100,900,1790608322.6668682,2679.293875,3541.634,performance,,32861572.0,31957564.0,30022008.0,0.0,0.0,14.14,15.68,14.57,,,
6,43,thread_local,ThreadLocal,3000,read-heavy,1,280930.98902026354,2068.0,72930.0,10265.519322592592,17620.945344020554,1.7165176734157006,0,100,900,1790608330.197119,2300.0,2300.0,performance,,32861572.0,31949528.0,30013828.0,0.0,0.0,12.7,15.32,14.47,,,
6,44,sharded_2key,Sharded-2key,100,mixed,1,300893.9287819576,314.0,703.0,326.8436222222222,132.25041975621988,0.4046290359195148,0,100,900,1790608343.4739513,2408.378875,3167.031,performance,,32861572.0,31988044.0,30051932.0,0.0,0.0,12.91,15.28,14.46,,,
6,45,global_mutex,GlobalMutex,100,write-heavy,1,291522.00845240854,320.0,766.0,335.68766666666664,144.2316482097983,0.4296602542536017,0,100,900,1790608346.127343,2300.0,2300.0,performance,,32861572.0,31993404.0,30057260.0,0.0,0.0,15.0,15.67,14.6,,,
6,46,hdr_histogram,HdrHistogram,100,write-heavy,1,290103.613245338,322.0,764.0,338.35676666666666,148.82971730820566,0.4398603248707178,0,100,900,1790608348.790373,2958.695875,3243.076,performance,,32861572.0,31987552.0,30051380.0,0.0,0.0,15.0,15.67,14.6,,,
6,47,hdr_histogram,HdrHistogram,2000,mixed,1,285848.3499969897,2001.0,42256.0,6721.158540555555,10216.99820925224,1.520124565966231,0,100,900,1790608351.4572546,2300.0,2300.0,performance,,32861572.0,31998924.0,30062720.0,0.0,0.0,13.8,15.41,14.52,,,
6,48,sharded_n,Sharded-N,2000,write-heavy,1,280272.580031952,2058.0,43069.0,6878.7065111111115,10440.188952038887,1.5177546730878757,0,100,900,1790608360.8580992,2300.0,2300.0,performance,,32861572.0,31960616.0,30024176.0,0.0,0.0,14.36,15.48,14.55,,,
6,49,global_mutex,GlobalMutex,100,mixed,1,297594.70075100334,317.0,718.0,329.9395777777778,137.34081832047363,0.41626051425990473,0,100,900,1790608370.4016197,2412.069625,3196.557,performance,,32861572.0,31970948.0,30034256.0,0.0,0.0,13.18,15.2,14.47,,,
6,50,hdr_histogram,HdrHistogram,750,mixed,1,305090.40713751654,1795.0,8526.0,2400.7268933333335,1813.3158331128384,0.7553194985020169,0,100,900,1790608373.0594602,2300.0,2300.0,performance,,32861572.0,31977584.0,30040860.0,0.0,0.0,13.18,15.2,14.47,,,
6,51,disabled,Disabled,250,write-heavy,1,315483.5524935411,750.0,1719.0,776.57732,345.97224918681263,0.44550908232397596,0,100,900,1790608377.871008,2300.0,2300.0,performance,,32861572.0,31964892.0,30028196.0,0.0,0.0,12.93,15.12,14.44,,,
6,52,thread_local,ThreadLocal,3000,mixed,1,280392.7682454315,2046.0,74550.0,10266.980376666666,17380.68445710554,1.6928720830718533,0,100,900,1790608380.994776,2375.755125,2906.041,performance,,32861572.0,31985660.0,30048944.0,0.0,0.0,14.06,15.31,14.51,,,
6,53,disabled,Disabled,1000,mixed,1,303819.1415044092,1864.0,14595.0,3198.144026666667,3255.808377469872,1.0180305672047256,0,100,900,1790608394.1476295,2412.40525,3199.242,performance,,32861572.0,31986636.0,30049400.0,0.0,0.0,13.9,15.24,14.5,,,
6,54,sharded_2key,Sharded-2key,1000,read-heavy,1,325809.8929828173,1750.0,13187.0,2973.5239033333332,3004.407804029607,1.0103862964281716,0,100,900,1790608399.7983205,2300.0,2300.0,performance,,32861572.0,31954884.0,30017588.0,0.0,0.0,12.79,14.99,14.42,,,
6,55,global_mutex,GlobalMutex,1000,mixed,1,292550.29793868435,1950.0,14907.0,3316.794657777778,3352.317518070106,1.0107099968365627,0,100,900,1790608405.421082,2300.0,2300.0,performance,,32861572.0,31971620.0,30034308.0,0.0,0.0,11.76,14.74,14.35,,,
6,56,sharded_2key,Sharded-2key,500,write-heavy,1,308456.84936642396,1473.0,4183.0,1589.143251111111,811.046954374092,0.5103674283655781,0,100,900,1790608411.1913238,2300.0,2300.0,performance,,32861572.0,31947840.0,30010308.0,0.0,0.0,11.94,14.73,14.34,,,
6,57,sharded_n,Sharded-N,100,mixed,1,296227.68362573994,319.0,732.0,331.5709888888889,135.14495093169666,0.40758979362028686,0,100,900,1790608415.160031,2777.313125,3599.004,performance,,32861572.0,31968552.0,30031040.0,0.0,0.0,10.99,14.48,14.27,,,
6,58,disabled,Disabled,250,mixed,1,330523.2506088529,734.0,1452.0,743.2463822222222,306.71483385164004,0.4126691245164188,0,100,900,1790608417.8218374,2401.386625,3111.093,performance,,32861572.0,31991860.0,30054332.0,0.0,0.0,10.99,14.48,14.27,,,
6,59,sharded_n,Sharded-N,500,mixed,1,312985.55035088793,1463.0,3863.0,1565.0587466666666,756.2851083055605,0.4832311310462505,0,100,900,1790608420.913989,2300.0,2300.0,performance,,32861572.0,31983624.0,30046052.0,0.0,0.0,11.55,14.54,14.29,,,
6,60,hdr_histogram,HdrHistogram,500,read-heavy,1,313133.05021494423,1445.0,4147.0,1559.8308,802.4272398868521,0.5144322319362152,0,100,900,1790608424.8594184,2300.0,2300.0,performance,,32861572.0,31987044.0,30049336.0,0.0,0.0,10.62,14.3,14.21,,,
6,61,sharded_n,Sharded-N,100,read-heavy,1,302089.36889711086,311.0,677.0,324.2791555555556,130.3696549876016,0.40202909361920625,0,100,900,1790608428.9738793,2597.602375,3059.663,performance,,32861572.0,31947428.0,30009692.0,0.0,0.0,9.77,14.06,14.13,,,
6,62,disabled,Disabled,500,write-heavy,1,310782.85587425926,1444.0,4520.0,1576.3230444444443,854.1134897643958,0.5418391190654817,0,100,900,1790608431.7911181,2748.052375,3362.818,performance,,32861572.0,31971236.0,30033464.0,0.0,0.0,9.77,14.06,14.13,,,
6,63,global_mutex,GlobalMutex,1500,read-heavy,1,309177.78797854285,1850.0,25122.0,4693.659942962963,6061.221446640709,1.2913635670875734,0,100,900,1790608435.7483115,2300.0,2300.0,performance,,32861572.0,31984372.0,30046480.0,0.0,0.0,8.99,13.83,14.06,,,
6,64,sharded_2key,Sharded-2key,1000,mixed,1,300303.83550871554,1840.0,14184.0,3237.1357577777776,3227.4767177528015,0.9970161770318812,0,100,900,1790608443.1713939,2300.0,2300.0,performance,,32861572.0,31980732.0,30042536.0,0.0,0.0,9.31,13.81,14.05,,,
6,65,sharded_2key,Sharded-2key,100,write-heavy,1,290420.25834643864,325.0,722.0,338.28434444444446,136.39873292648946,0.4032073466198784,0,100,900,1790608448.8692546,2896.087,3358.942,performance,,32861572.0,31978908.0,30040688.0,0.0,0.0,8.84,13.57,13.97,,,
6,66,disabled,Disabled,1500,write-heavy,1,290619.5713474987,1966.0,27750.0,4991.441308148148,6719.302516162674,1.3461647851481142,0,100,900,1790608451.5342605,2300.0,2300.0,performance,,32861572.0,31992004.0,30053752.0,0.0,0.0,8.84,13.57,13.97,,,
6,67,sharded_2key,Sharded-2key,100,read-heavy,1,293770.021120563,320.0,729.0,333.37975555555556,136.0029782159481,0.40795212051586044,0,100,900,1790608459.0782776,2300.0,2300.0,performance,,32861572.0,31945848.0,30007320.0,0.0,0.0,9.25,13.52,13.95,,,
6,68,hdr_histogram,HdrHistogram,1500,read-heavy,1,295146.1056552577,1942.0,27552.0,4914.062071851852,6713.648071208849,1.366211491235565,0,100,900,1790608461.9137487,2382.965625,2963.725,performance,,32861572.0,31979340.0,30040780.0,0.0,0.0,9.25,13.52,13.95,,,
6,69,disabled,Disabled,2000,read-heavy,1,297921.323085915,1895.0,40554.0,6456.990791111111,9815.227157112951,1.5200931013599848,0,100,900,1790608469.549149,2408.054125,3164.433,performance,,32861572.0,31971412.0,30032672.0,0.0,0.0,8.86,13.3,13.87,,,
6,70,thread_local,ThreadLocal,250,write-heavy,1,320665.1730130413,747.0,1613.0,765.9649066666667,332.04110147320165,0.43349388279181256,0,100,900,1790608478.827129,2628.504,3193.352,performance,,32861572.0,31971492.0,30032480.0,0.0,0.0,8.16,13.01,13.77,,,
6,71,disabled,Disabled,500,read-heavy,1,314830.63478213677,1411.0,4421.0,1553.56054,837.6886113041762,0.5392056438973252,0,100,900,1790608481.9463499,2586.56275,3191.346,performance,,32861572.0,31978916.0,30039972.0,0.0,0.0,8.16,13.01,13.77,,,
6,72,thread_local,ThreadLocal,500,read-heavy,1,319502.3853441035,1429.0,3920.0,1532.141848888889,757.5630387928408,0.4944470639857702,0,100,900,1790608486.0485513,2357.614375,2760.915,performance,,32861572.0,31961140.0,30022156.0,0.0,0.0,11.35,13.59,13.96,,,
6,73,sharded_n,Sharded-N,750,mixed,1,299794.4625154032,1803.0,8954.0,2447.5854874074075,1894.7924811372516,0.7741476205369647,0,100,900,1790608490.1192276,2762.097,3093.499,performance,,32861572.0,31966560.0,30027508.0,0.0,0.0,10.44,13.36,13.88,,,
6,74,hdr_histogram,HdrHistogram,3000,read-heavy,1,275950.9582458961,2117.0,75227.0,10442.355012592592,17903.535740692285,1.714511306989864,0,100,900,1790608494.9623024,2300.0,2300.0,performance,,32861572.0,31944552.0,30005320.0,0.0,0.0,9.6,13.14,13.81,,,
6,75,disabled,Disabled,750,write-heavy,1,309043.6858921237,1765.0,8135.0,2364.7797333333333,1766.346299934365,0.7469390383537194,0,100,900,1790608508.4166288,2448.521875,3488.175,performance,,32861572.0,31995192.0,30055472.0,0.0,0.0,11.15,13.35,13.87,,,
6,76,sharded_2key,Sharded-2key,3000,read-heavy,1,289406.07762223366,2003.0,70126.0,9922.134978148148,16870.931359993636,1.7003327809134885,0,100,900,1790608513.2080324,2300.0,2300.0,performance,,32861572.0,31971840.0,30032172.0,0.0,0.0,10.74,13.23,13.83,,,
6,77,global_mutex,GlobalMutex,3000,read-heavy,1,277131.1744377251,2089.0,77398.0,10398.107954814815,17841.1171182773,1.7158041824345571,0,100,900,1790608526.213009,2300.0,2300.0,performance,,32861572.0,31979776.0,30039624.0,0.0,0.0,11.94,13.38,13.87,,,
6,78,disabled,Disabled,100,mixed,1,292065.35819114576,319.0,797.0,335.1571222222222,142.63972289284044,0.42559060642090357,0,100,900,1790608539.6248436,2354.324625,2734.597,performance,,32861572.0,31968004.0,30027532.0,0.0,0.0,13.86,13.78,13.99,,,
6,79,thread_local,ThreadLocal,1000,write-heavy,1,293109.69320809614,1924.0,14360.0,3313.037348888889,3311.434963290734,0.9995163394102115,0,100,900,1790608542.2849634,2674.350875,3073.04,performance,,32861572.0,31981100.0,30040600.0,0.0,0.0,13.86,13.78,13.99,,,
6,80,sharded_n,Sharded-N,3000,read-heavy,1,278701.951873172,2082.0,73255.0,10327.855510370371,17389.658849386702,1.683762793924204,0,100,900,1790608548.0557792,2426.285125,3310.281,performance,,32861572.0,31969268.0,30028720.0,0.0,0.0,13.71,13.75,13.98,,,
6,81,global_mutex,GlobalMutex,2000,mixed,1,282386.8792953959,2044.0,41958.0,6844.847061666666,10300.43047519838,1.5048445030837996,0,100,900,1790608561.4068806,2402.30575,3118.446,performance,,32861572.0,31993644.0,30052660.0,0.0,0.0,14.96,14.05,14.08,,,
6,82,global_mutex,GlobalMutex,1500,write-heavy,1,284197.12908363156,2007.0,27888.0,5107.045062962963,6691.148028609649,1.310179946743535,0,100,900,1790608570.9033499,2300.0,2300.0,performance,,32861572.0,31959668.0,30018492.0,0.0,0.0,16.68,14.43,14.2,,,
6,83,global_mutex,GlobalMutex,250,mixed,1,310439.0734633758,769.0,1670.0,790.3261733333334,341.56242914881295,0.43217906817917473,0,100,900,1790608578.557522,2528.943625,3262.646,performance,,32861572.0,31992808.0,30051428.0,0.0,0.0,16.39,14.4,14.19,,,
6,84,sharded_n,Sharded-N,250,write-heavy,1,309752.2011301164,770.0,1698.0,793.4240266666667,353.03861874731217,0.44495579523914613,0,100,900,1790608581.698346,2300.0,2300.0,performance,,32861572.0,31972792.0,30031436.0,0.0,0.0,15.08,14.16,14.11,,,
6,85,sharded_n,Sharded-N,2000,mixed,1,282140.0978289346,2048.0,42062.0,6829.118933333333,10327.606526361023,1.5122897444282843,0,100,900,1790608584.839461,2424.251625,3294.013,performance,,32861572.0,31993416.0,30052048.0,0.0,0.0,13.87,13.93,14.04,,,
6,86,sharded_n,Sharded-N,1000,mixed,1,296281.94922697416,1924.0,14210.0,3278.4323366666667,3279.3712917206653,1.0002864036702839,0,100,900,1790608594.3234293,2300.0,2300.0,performance,,32861572.0,31979796.0,30038144.0,0.0,0.0,12.56,13.65,13.95,,,
6,87,thread_local,ThreadLocal,1000,mixed,1,299714.50764507655,1866.0,14263.0,3232.5338466666667,3271.989983584824,1.0122059470340408,0,100,900,1790608600.0724063,2412.5,3200.0,performance,,32861572.0,31952356.0,30010556.0,0.0,0.0,11.55,13.42,13.87,,,
6,88,sharded_n,Sharded-N,1500,write-heavy,1,289580.99578682496,1946.0,27489.0,4998.056452592593,6563.017589189262,1.3131139376756924,0,100,900,1790608605.7781525,2300.0,2300.0,performance,,32861572.0,31960208.0,30018268.0,0.0,0.0,10.63,13.2,13.8,,,
6,89,disabled,Disabled,3000,mixed,1,277788.973702266,2106.0,76426.0,10382.137658888889,17924.642916376626,1.726488658241789,0,100,900,1790608613.356489,2300.0,2300.0,performance,,32861572.0,31972736.0,30030596.0,0.0,0.0,10.58,13.15,13.78,,,
6,90,hdr_histogram,HdrHistogram,1000,mixed,1,306292.5858640037,1857.0,14594.0,3168.82303,3241.7240742110125,1.0230057164823787,0,100,900,1790608626.6008513,2415.856625,3226.853,performance,,32861572.0,31988112.0,30045500.0,0.0,0.0,11.87,13.32,13.82,,,
6,91,sharded_n,Sharded-N,3000,write-heavy,1,271064.57611584646,2177.0,78665.0,10640.313683333334,18484.62241678642,1.737225326894279,0,100,900,1790608632.2539322,2768.054,3220.795,performance,,32861572.0,31949332.0,30006740.0,0.0,0.0,12.6,13.45,13.86,,,
6,92,disabled,Disabled,100,read-heavy,1,303922.90926517296,307.0,763.0,322.8793888888889,139.62338304864906,0.4324320097641694,0,100,900,1790608645.7580442,2300.0,2300.0,performance,,32861572.0,31982568.0,30039608.0,0.0,0.0,12.66,13.44,13.85,,,
6,93,global_mutex,GlobalMutex,100,read-heavy,1,287239.1187406814,327.0,801.0,341.9536111111111,144.1619864367361,0.42158345972224137,0,100,900,1790608648.5770843,2300.0,2300.0,performance,,32861572.0,31998700.0,30055736.0,0.0,0.0,12.66,13.44,13.85,,,
6,94,thread_local,ThreadLocal,2000,read-heavy,1,293366.70432183694,1929.0,40464.0,6574.246757777778,9994.90939327396,1.5203124801254695,0,100,900,1790608651.403873,2402.7655,3122.124,performance,,32861572.0,32008380.0,30065392.0,0.0,0.0,11.65,13.21,13.78,,,
6,95,disabled,Disabled,1000,write-heavy,1,307433.31987263873,1842.0,13841.0,3160.0497677777776,3127.616461158158,0.9897364570171224,0,100,900,1790608660.7878377,3125.075125,3597.048,performance,,32861572.0,31953408.0,30010124.0,0.0,0.0,10.67,12.96,13.69,,,
6,96,global_mutex,GlobalMutex,250,read-heavy,1,315274.9723637666,755.0,1695.0,777.4818,347.04839177175654,0.4463749399301135,0,100,900,1790608666.4189148,2854.960875,3214.791,performance,,32861572.0,31972192.0,30028840.0,0.0,0.0,11.5,13.09,13.73,,,
6,97,disabled,Disabled,750,read-heavy,1,315867.80313618627,1700.0,8073.0,2316.3692192592594,1755.903011297143,0.7580410742371437,0,100,900,1790608669.7087605,2410.494375,3183.955,performance,,32861572.0,31977132.0,30033748.0,0.0,0.0,10.58,12.87,13.65,,,
6,98,disabled,Disabled,750,mixed,1,306575.2882094868,1760.0,8531.0,2389.007228148148,1834.6273999324196,0.767945520765352,0,100,900,1790608674.604979,2741.939875,3340.537,performance,,32861572.0,31960688.0,30017212.0,0.0,0.0,9.73,12.66,13.58,,,
6,99,sharded_n,Sharded-N,750,read-heavy,1,299191.32560608955,1798.0,8558.0,2443.5061348148147,1876.666698725362,0.7680220941485741,0,100,900,1790608679.4054022,2411.785,3194.28,performance,,32861572.0,31994788.0,30051240.0,0.0,0.0,8.95,12.45,13.51,,,
6,100,hdr_histogram,HdrHistogram,750,read-heavy,1,306641.16637515667,1778.0,8529.0,2384.8199303703705,1795.8420315180576,0.7530304525923504,0,100,900,1790608684.4341931,2300.0,2300.0,performance,,32861572.0,31967396.0,30023664.0,0.0,0.0,8.23,12.24,13.43,,,
6,101,thread_local,ThreadLocal,2000,mixed,1,282245.5353497641,2039.0,40795.0,6843.061356666667,10463.238740666528,1.529028923651693,0,100,900,1790608689.401976,2300.0,2300.0,performance,,32861572.0,31944444.0,30000648.0,0.0,0.0,7.57,12.04,13.36,,,
6,102,disabled,Disabled,100,write-heavy,1,291849.6519396187,321.0,723.0,336.6372333333333,140.061266522487,0.4160599382772385,0,100,900,1790608698.885356,2410.571625,3184.573,performance,,32861572.0,31971592.0,30027512.0,0.0,0.0,8.32,12.07,13.36,,,
6,103,sharded_n,Sharded-N,250,mixed,1,316550.65427531145,756.0,1593.0,776.6132266666667,331.4975146281215,0.4268502045103655,0,100,900,1790608701.5487545,2515.9905,3347.765,performance,,32861572.0,31980740.0,30036624.0,0.0,0.0,8.32,12.07,13.36,,,
6,104,sharded_2key,Sharded-2key,3000,mixed,1,268716.87308835186,2175.0,79089.0,10714.088118888889,18326.72543496384,1.7105259198544303,0,100,900,1790608704.6825073,2933.474625,3236.827,performance,,32861572.0,31994288.0,30050224.0,0.0,0.0,7.74,11.88,13.29,,,
6,105,global_mutex,GlobalMutex,750,write-heavy,1,297209.6336170962,1814.0,8769.0,2463.749257777778,1891.7268795747248,0.7678244340826311,0,100,900,1790608718.2517745,2907.7835,3088.241,performance,,32861572.0,31978444.0,30033892.0,0.0,0.0,8.53,11.92,13.29,,,
6,106,sharded_2key,Sharded-2key,750,write-heavy,1,292833.42206706613,1871.0,8666.0,2501.997811851852,1858.7671999358706,0.74291319965628,0,100,900,1790608723.1292787,2756.571375,3343.693,performance,,32861572.0,31963720.0,30019100.0,0.0,0.0,9.29,12.02,13.31,,,
6,107,thread_local,ThreadLocal,750,write-heavy,1,303211.1690711714,1778.0,8485.0,2414.447022222222,1803.5348107590905,0.7469763445458178,0,100,900,1790608728.0471969,2879.523625,3184.421,performance,,32861572.0,31938112.0,29993368.0,0.0,0.0,10.46,12.22,13.37,,,
6,108,global_mutex,GlobalMutex,500,read-heavy,1,306324.29543512844,1477.0,4272.0,1598.54288,821.3730914110257,0.5138261235826378,0,100,900,1790608732.8831391,2300.0,2300.0,performance,,32861572.0,31980660.0,30035928.0,0.0,0.0,11.39,12.38,13.42,,,
6,109,hdr_histogram,HdrHistogram,2000,write-heavy,1,281837.6979200967,2084.0,42643.0,6843.335005555556,10427.786260414432,1.5237871961476308,0,100,900,1790608737.0261137,2300.0,2300.0,performance,,32861572.0,31993996.0,30049188.0,0.0,0.0,12.32,12.56,13.47,,,
6,110,sharded_n,Sharded-N,1500,mixed,1,288447.69254085765,1997.0,29010.0,5031.57459037037,6836.667277011366,1.3587530412637936,0,100,900,1790608746.5285192,2387.07625,2996.61,performance,,32861572.0,31986292.0,30041000.0,0.0,0.0,18.02,13.73,13.84,,,
6,111,hdr_histogram,HdrHistogram,250,read-heavy,1,314592.5428843816,768.0,1568.0,780.7192044444445,327.66807406265985,0.41970028686027605,0,100,900,1790608754.1112995,2496.59025,3144.827,performance,,32861572.0,31961676.0,30016312.0,0.0,0.0,22.4,14.87,14.21,,,
6,112,thread_local,ThreadLocal,2000,write-heavy,1,289494.7007893697,1977.0,40798.0,6641.802688888889,10148.958238286908,1.5280427187734982,0,100,900,1790608757.4155986,2388.999375,3011.995,performance,,32861572.0,31993260.0,30047880.0,0.0,0.0,22.4,14.87,14.21,,,
6,113,global_mutex,GlobalMutex,1000,write-heavy,1,293535.8160004057,1925.0,14639.0,3304.246108888889,3348.830786562952,1.0134931467586885,0,100,900,1790608766.7391171,2300.0,2300.0,performance,,32861572.0,31981616.0,30035940.0,0.0,0.0,21.17,14.85,14.21,,,
6,114,global_mutex,GlobalMutex,1000,read-heavy,1,303669.78087494976,1869.0,13661.0,3203.157371111111,3172.743842544231,0.9905051406961219,0,100,900,1790608772.5092242,2695.457625,3424.148,performance,,32861572.0,31953776.0,30008020.0,0.0,0.0,21.07,14.94,14.24,,,
6,115,sharded_2key,Sharded-2key,750,read-heavy,1,305994.5220371074,1789.0,8295.0,2394.294220740741,1772.1971750586308,0.7401751880394853,0,100,900,1790608778.3324354,2416.223875,3229.791,performance,,32861572.0,31954720.0,30008816.0,0.0,0.0,20.75,14.97,14.26,,,
6,116,hdr_histogram,HdrHistogram,1000,read-heavy,1,296619.4645456406,1918.0,14714.0,3273.3961855555553,3366.4689188493826,1.0284330792907157,0,100,900,1790608783.2941344,2633.2675,3229.965,performance,,32861572.0,31956880.0,30010988.0,0.0,0.0,21.09,15.14,14.32,,,
6,117,thread_local,ThreadLocal,250,read-heavy,1,314925.68182207923,757.0,1617.0,777.7952577777778,325.4403174540958,0.4184138617454475,0,100,900,1790608789.2027843,3063.640375,3222.497,performance,,32861572.0,31947904.0,30001788.0,0.0,0.0,18.66,14.82,14.22,,,
6,118,sharded_2key,Sharded-2key,1500,read-heavy,1,291240.63815328345,1936.0,28840.0,4972.3703444444445,6699.6924352850665,1.347384038433608,0,100,900,1790608792.5008783,2752.29175,3261.324,performance,,32861572.0,31967484.0,30021348.0,0.0,0.0,18.66,14.82,14.22,,,
6,119,global_mutex,GlobalMutex,2000,write-heavy,1,276426.9564109893,2071.0,42302.0,6973.845174444445,10602.758688787862,1.5203604931812251,0,100,900,1790608800.1990595,2300.0,2300.0,performance,,32861572.0,31947308.0,30000892.0,0.0,0.0,18.22,14.87,14.25,,,
6,120,thread_local,ThreadLocal,1500,write-heavy,1,289664.0988979938,1995.0,28014.0,4990.7581385185185,6680.905975920252,1.3386555289780973,0,100,900,1790608809.825627,2412.910125,3203.281,performance,,32861572.0,31952700.0,30006096.0,0.0,0.0,16.6,14.64,14.18,,,
6,121,thread_local,ThreadLocal,100,write-heavy,1,299834.6971336743,315.0,715.0,328.0520222222222,136.96587563992594,0.4175126698263282,0,100,900,1790608817.3890965,2300.0,2300.0,performance,,32861572.0,31942340.0,29995552.0,0.0,0.0,16.63,14.68,14.19,,,
6,122,disabled,Disabled,500,mixed,1,317654.3277261963,1424.0,4236.0,1543.463051111111,813.8683784786956,0.5273002019016954,0,100,900,1790608820.0408049,2361.40125,2791.21,performance,,32861572.0,31970832.0,30024016.0,0.0,0.0,15.38,14.45,14.12,,,
6,123,sharded_2key,Sharded-2key,1000,write-heavy,1,295499.73718450376,1933.0,14437.0,3290.6377733333334,3335.79396551805,1.0137226262187389,0,100,900,1790608823.9673946,2300.0,2300.0,performance,,32861572.0,31976232.0,30029420.0,0.0,0.0,14.14,14.21,14.05,,,
6,124,sharded_2key,Sharded-2key,2000,mixed,1,286359.0471540222,2004.0,40865.0,6716.263570555556,10155.212548005715,1.5120330584592732,0,100,900,1790608829.7176592,2810.285875,3366.804,performance,,32861572.0,31947972.0,30000956.0,0.0,0.0,13.01,13.98,13.97,,,
6,125,hdr_histogram,HdrHistogram,500,write-heavy,1,301146.2904675466,1500.0,4451.0,1628.6768777777777,862.2756020652403,0.5294331944110108,0,100,900,1790608839.1072338,2300.0,2300.0,performance,,32861572.0,31993600.0,30046272.0,0.0,0.0,12.48,13.84,13.93,,,
6,126,hdr_histogram,HdrHistogram,3000,mixed,1,275145.5606049541,2142.0,75841.0,10481.199225555556,17707.119906727345,1.6894173582306635,0,100,900,1790608843.1183648,2958.2945,3550.617,performance,,32861572.0,31977340.0,30030076.0,0.0,0.0,12.48,13.84,13.93,,,
6,127,hdr_histogram,HdrHistogram,100,read-heavy,1,293487.7274438173,325.0,658.0,333.7907222222222,130.12291604591738,0.3898338311491104,0,100,900,1790608856.4537761,2389.193,3013.544,performance,,32861572.0,31973408.0,30025656.0,0.0,0.0,13.98,14.13,14.02,,,
6,128,global_mutex,GlobalMutex,500,mixed,1,308421.9232471483,1477.0,4077.0,1585.3250666666668,802.6494414117486,0.5062995963972322,0,100,900,1790608859.2971535,2300.0,2300.0,performance,,32861572.0,31988740.0,30040956.0,0.0,0.0,12.86,13.89,13.94,,,
6,129,global_mutex,GlobalMutex,750,read-heavy,1,303771.7554040698,1764.0,8489.0,2405.277537777778,1841.714954354001,0.7656974820691798,0,100,900,1790608863.2708116,2447.174125,3477.393,performance,,32861572.0,31975420.0,30027712.0,0.0,0.0,12.86,13.89,13.94,,,
6,130,sharded_2key,Sharded-2key,250,read-heavy,1,317442.3306291983,753.0,1584.0,771.7554622222223,324.81393886607736,0.42087676053603257,0,100,900,1790608868.263913,2384.527375,2976.219,performance,,32861572.0,31926768.0,29978960.0,0.0,0.0,12.71,13.84,13.93,,,
6,131,hdr_histogram,HdrHistogram,250,mixed,1,308080.3132021689,775.0,1703.0,795.6212266666666,347.34721144063474,0.43657358526730117,0,100,900,1790608871.5579588,2420.536875,3264.295,performance,,32861572.0,31963624.0,30015800.0,0.0,0.0,19.3,15.19,14.36,,,
6,132,thread_local,ThreadLocal,100,mixed,1,292195.59683637234,321.0,760.0,336.29973333333334,143.20570109175873,0.42582757848878877,0,100,900,1790608874.7120965,2512.319,3168.304,performance,,32861572.0,31983808.0,30035940.0,0.0,0.0,17.75,14.94,14.29,,,
6,133,thread_local,ThreadLocal,250,mixed,1,321876.8760236078,737.0,1647.0,760.8087644444445,341.01845793710476,0.4482315055691061,0,100,900,1790608877.3753517,2433.718125,3369.745,performance,,32861572.0,31991144.0,30043240.0,0.0,0.0,17.75,14.94,14.29,,,
6,134,sharded_n,Sharded-N,250,read-heavy,1,318208.36595222476,746.0,1649.0,768.3455911111112,339.5952356847484,0.44198240949578016,0,100,900,1790608880.4929569,2386.947,2995.576,performance,,32861572.0,31980824.0,30032828.0,0.0,0.0,16.33,14.69,14.21,,,
6,135,sharded_n,Sharded-N,500,read-heavy,1,303119.55796196114,1502.0,4202.0,1613.7632333333333,821.8142499445362,0.5092532987302141,0,100,900,1790608883.784247,2300.0,2300.0,performance,,32861572.0,31992468.0,30044472.0,0.0,0.0,16.33,14.69,14.21,,,
6,136,disabled,Disabled,1500,mixed,1,307622.60962887993,1879.0,25111.0,4713.729488888889,6233.9276233862265,1.3225043223376987,0,100,900,1790608887.9373178,2300.0,2300.0,performance,,32861572.0,31984432.0,30036332.0,0.0,0.0,15.02,14.45,14.13,,,
6,137,hdr_histogram,HdrHistogram,1500,write-heavy,1,279372.60636538605,2046.0,28352.0,5191.742388888889,6833.276400163063,1.3161817147914165,0,100,900,1790608895.213101,2300.0,2300.0,performance,,32861572.0,31940196.0,29991724.0,0.0,0.0,13.45,14.13,14.03,,,
6,138,hdr_histogram,HdrHistogram,100,mixed,1,294627.79219249706,320.0,710.0,332.9096666666667,138.6230512312811,0.4163983960552295,0,100,900,1790608902.945108,2300.0,2300.0,performance,,32861572.0,31972712.0,30024156.0,0.0,0.0,14.06,14.25,14.07,,,
6,139,sharded_2key,Sharded-2key,1500,write-heavy,1,287180.1302884346,1993.0,28211.0,5052.365217777778,6846.068686112007,1.3550225272754863,0,100,900,1790608905.6084704,2419.508,3256.064,performance,,32861572.0,32007136.0,30058568.0,0.0,0.0,12.93,14.01,14.0,,,
6,140,thread_local,ThreadLocal,3000,write-heavy,1,272587.22253367066,2147.0,75928.0,10585.060788518518,18046.27353747087,1.704881426571063,0,100,900,1790608913.2086625,2394.064125,3052.513,performance,,32861572.0,31962164.0,30013376.0,0.0,0.0,14.3,14.28,14.08,,,
6,141,hdr_histogram,HdrHistogram,1000,write-heavy,1,295222.01192089496,1920.0,15050.0,3304.3333655555557,3378.9493773894937,1.0225812602964752,0,100,900,1790608926.6427119,3071.611125,3199.163,performance,,32861572.0,31991704.0,30042456.0,0.0,0.0,15.08,14.43,14.13,,,
6,142,sharded_2key,Sharded-2key,3000,write-heavy,1,274633.2464880419,2137.0,74600.0,10507.509628148147,17908.42414105311,1.704345251616896,0,100,900,1790608932.3957298,2393.95125,3051.61,performance,,32861572.0,31986488.0,30037248.0,0.0,0.0,20.44,15.55,14.5,,,
6,143,sharded_n,Sharded-N,1000,write-heavy,1,294539.4129637264,1938.0,14078.0,3290.3103111111113,3285.4532660112372,0.9985238337297634,0,100,900,1790608945.7538724,2411.287375,3190.299,performance,,32861572.0,32000668.0,30050952.0,0.0,0.0,20.94,15.91,14.64,,,
6,144,hdr_histogram,HdrHistogram,500,mixed,1,312801.5311181734,1458.0,4164.0,1570.8440066666667,793.5223085604507,0.5051566579448625,0,100,900,1790608951.519472,2300.0,2300.0,performance,,32861572.0,31956332.0,30006544.0,0.0,0.0,19.91,15.78,14.6,,,
7,1,disabled,Disabled,1500,write-heavy,1,288521.77891142736,1985.0,27123.0,5034.322234814815,6694.793592159114,1.3298301697617454,0,100,900,1790608955.4697514,2535.062125,3297.324,performance,,32861572.0,31978168.0,30028320.0,0.0,0.0,18.31,15.52,14.52,,,
7,2,sharded_2key,Sharded-2key,500,write-heavy,1,303643.9390091499,1476.0,4506.0,1613.7169933333332,869.6603996611668,0.5389175445595172,0,100,900,1790608963.0493968,2732.664625,3551.655,performance,,32861572.0,31962060.0,30011976.0,0.0,0.0,17.81,15.46,14.51,,,
7,3,global_mutex,GlobalMutex,1000,read-heavy,1,320893.00055223115,1794.0,12824.0,3029.7893266666665,2939.674896428287,0.970257195955759,0,100,900,1790608967.0342813,3008.97575,3487.376,performance,,32861572.0,31986300.0,30036252.0,0.0,0.0,17.18,15.37,14.48,,,
7,4,sharded_n,Sharded-N,100,read-heavy,1,300404.2560100077,312.0,732.0,325.46737777777776,137.77723004853738,0.4233211665920286,0,100,900,1790608972.7007084,2413.16575,3205.326,performance,,32861572.0,31957716.0,30007496.0,0.0,0.0,17.73,15.51,14.53,,,
7,5,sharded_n,Sharded-N,750,read-heavy,1,313296.4544139999,1747.0,8147.0,2336.2290725925927,1768.1734211549249,0.7568493354946237,0,100,900,1790608975.5185075,2792.316875,3436.738,performance,,32861572.0,31985548.0,30035292.0,0.0,0.0,16.31,15.26,14.46,,,
7,6,disabled,Disabled,2000,write-heavy,1,286727.28241665644,2019.0,40725.0,6720.582713333333,10272.105946075366,1.5284546570189472,0,100,900,1790608980.4407418,2430.02875,3340.23,performance,,32861572.0,31977096.0,30026820.0,0.0,0.0,15.0,15.0,14.38,,,
7,7,hdr_histogram,HdrHistogram,100,read-heavy,1,305931.5081763221,307.0,693.0,320.2860888888889,129.75865413620815,0.40513359348936,0,100,900,1790608989.820131,2300.0,2300.0,performance,,32861572.0,31963116.0,30012444.0,0.0,0.0,29.93,18.33,15.47,,,
7,8,global_mutex,GlobalMutex,750,write-heavy,1,312425.9356712666,1709.0,8563.0,2345.1393125925924,1837.7039872298808,0.7836225239848403,0,100,900,1790608992.6415787,2381.333875,2950.671,performance,,32861572.0,31983704.0,30033000.0,0.0,0.0,29.93,18.33,15.47,,,
7,9,global_mutex,GlobalMutex,500,read-heavy,1,320581.8741681849,1417.0,4117.0,1532.9188755555556,800.9902773108078,0.5225262015385618,0,100,900,1790608997.4056044,2589.1535,3199.721,performance,,32861572.0,31964796.0,30014044.0,0.0,0.0,29.06,18.34,15.49,,,
7,10,sharded_n,Sharded-N,1000,mixed,1,302200.17481971195,1857.0,14308.0,3213.540231111111,3223.814590849696,1.0031972089968304,0,100,900,1790609001.4841704,2542.955875,3286.713,performance,,32861572.0,31979128.0,30028332.0,0.0,0.0,27.85,18.27,15.48,,,
7,11,hdr_histogram,HdrHistogram,2000,mixed,1,287347.76562815375,2005.0,42341.0,6722.50181,10323.677041165362,1.535689737681954,0,100,900,1790609007.1508057,2493.9175,3246.615,performance,,32861572.0,31950748.0,29999824.0,0.0,0.0,26.5,18.15,15.46,,,
7,12,disabled,Disabled,750,mixed,1,300227.42534368933,1775.0,9081.0,2441.7939955555557,1923.298954536693,0.7876581554534886,0,100,900,1790609016.5248396,2416.82225,3234.578,performance,,32861572.0,31961808.0,30010552.0,0.0,0.0,25.4,18.19,15.5,,,
7,13,global_mutex,GlobalMutex,100,read-heavy,1,306042.96629016637,310.0,646.0,320.52815555555554,124.98490619451145,0.38993425079266847,0,100,900,1790609021.3814063,2300.0,2300.0,performance,,32861572.0,31950892.0,29999652.0,0.0,0.0,24.09,18.04,15.47,,,
7,14,thread_local,ThreadLocal,100,write-heavy,1,304102.13506730116,310.0,678.0,323.05567777777776,128.20420699967022,0.3968486419479023,0,100,900,1790609024.1939552,3098.04325,3470.938,performance,,32861572.0,31969340.0,30018072.0,0.0,0.0,22.16,17.74,15.38,,,
7,15,global_mutex,GlobalMutex,750,read-heavy,1,313868.10471478256,1745.0,8122.0,2330.579888888889,1733.729826539489,0.7439049117368167,0,100,900,1790609026.8458827,2403.6325,3129.06,performance,,32861572.0,31982796.0,30031508.0,0.0,0.0,22.16,17.74,15.38,,,
7,16,hdr_histogram,HdrHistogram,1000,read-heavy,1,301311.6640099722,1842.0,14277.0,3226.310518888889,3299.625261158889,1.0227240192290137,0,100,900,1790609031.759352,2552.215625,3343.476,performance,,32861572.0,31961332.0,30009932.0,0.0,0.0,22.15,17.81,15.42,,,
7,17,disabled,Disabled,1500,mixed,1,298460.48847039737,1915.0,28698.0,4850.099746666667,6663.819982827727,1.3739552444065872,0,100,900,1790609037.6159713,2415.70025,3225.602,performance,,32861572.0,31950572.0,29998972.0,0.0,0.0,21.73,17.8,15.43,,,
7,18,global_mutex,GlobalMutex,250,write-heavy,1,318945.0741696777,743.0,1639.0,769.0151422222223,336.4521847057259,0.43751048091651407,0,100,900,1790609045.0263622,2300.0,2300.0,performance,,32861572.0,31944404.0,29992528.0,0.0,0.0,21.56,17.91,15.49,,,
7,19,thread_local,ThreadLocal,100,read-heavy,1,297348.1206095517,316.0,742.0,330.17904444444446,140.4439153925539,0.4253568412521856,0,100,900,1790609048.1466997,2408.434,3167.472,performance,,32861572.0,31969216.0,30017308.0,0.0,0.0,21.56,17.91,15.49,,,
7,20,sharded_2key,Sharded-2key,1500,write-heavy,1,304660.34852692974,1878.0,27214.0,4750.496799259259,6437.432865772005,1.355107294625646,0,100,900,1790609050.960858,2397.879625,3083.037,performance,,32861572.0,31989824.0,30037884.0,0.0,0.0,21.76,18.01,15.54,,,
7,21,sharded_2key,Sharded-2key,3000,mixed,1,274164.4072688168,2133.0,76781.0,10511.912817777778,17959.95486174176,1.708533467987656,0,100,900,1790609058.3009882,2606.0845,3162.111,performance,,32861572.0,31947804.0,29995728.0,0.0,0.0,21.21,17.96,15.54,,,
7,22,global_mutex,GlobalMutex,2000,mixed,1,283223.6143723034,2036.0,42193.0,6809.924538333334,10263.98576882122,1.507209912686233,0,100,900,1790609071.661854,2412.8565,3202.852,performance,,32861572.0,31991124.0,30038540.0,0.0,0.0,20.76,18.03,15.6,,,
7,23,hdr_histogram,HdrHistogram,1500,read-heavy,1,292525.0996286318,1921.0,26390.0,4956.284837777778,6513.479629969959,1.314185895920052,0,100,900,1790609081.1190012,2300.0,2300.0,performance,,32861572.0,31955640.0,30002880.0,0.0,0.0,20.46,18.05,15.63,,,
7,24,hdr_histogram,HdrHistogram,100,write-heavy,1,288472.34045626136,326.0,779.0,339.8877,142.3471476783406,0.41880641070077146,0,100,900,1790609088.7865422,2411.537875,3192.303,performance,,32861572.0,31975636.0,30022740.0,0.0,0.0,20.35,18.06,15.65,,,
7,25,disabled,Disabled,100,write-heavy,1,292696.05389033887,323.0,723.0,335.1239,140.40486161716825,0.41896403574071633,0,100,900,1790609091.4537468,2402.02325,3116.186,performance,,32861572.0,31986416.0,30033492.0,0.0,0.0,18.72,17.76,15.56,,,
7,26,sharded_n,Sharded-N,500,mixed,1,304678.2343540455,1510.0,4082.0,1610.6382088888888,807.0878332856875,0.5010981540307945,0,100,900,1790609094.113722,2400.14625,3101.17,performance,,32861572.0,31990856.0,30037884.0,0.0,0.0,17.22,17.47,15.48,,,
7,27,global_mutex,GlobalMutex,100,mixed,1,300226.2064359932,313.0,720.0,326.64307777777776,132.2486946503419,0.40487217898526384,0,100,900,1790609098.1082983,2543.549375,3289.169,performance,,32861572.0,31972344.0,30019408.0,0.0,0.0,17.22,17.47,15.48,,,
7,28,sharded_2key,Sharded-2key,3000,read-heavy,1,278369.2185177526,2083.0,73734.0,10373.33048962963,17544.330526192687,1.6912919668116242,0,100,900,1790609100.766625,2414.231625,3213.853,performance,,32861572.0,31981176.0,30028208.0,0.0,0.0,15.84,17.18,15.4,,,
7,29,sharded_2key,Sharded-2key,250,write-heavy,1,310834.0984641303,761.0,1727.0,789.38796,353.12177597708427,0.4473361564535191,0,100,900,1790609114.1342988,2300.0,2300.0,performance,,32861572.0,31989316.0,30035904.0,0.0,0.0,14.53,16.84,15.31,,,
7,30,disabled,Disabled,1500,read-heavy,1,302692.7056092064,1878.0,27551.0,4780.386997037037,6379.396405065892,1.3344937154711425,0,100,900,1790609117.2767825,2368.6675,2849.34,performance,,32861572.0,31977408.0,30023984.0,0.0,0.0,14.53,16.84,15.31,,,
7,31,hdr_histogram,HdrHistogram,250,mixed,1,321705.42054316995,741.0,1575.0,760.9956044444444,324.08340701950016,0.4258676464446773,0,100,900,1790609124.7924902,2696.33175,3160.543,performance,,32861572.0,31944504.0,29990924.0,0.0,0.0,13.48,16.54,15.23,,,
7,32,sharded_2key,Sharded-2key,2000,write-heavy,1,284130.108373048,2044.0,41594.0,6778.18713,10291.60924656165,1.5183424489730264,0,100,900,1790609127.9085226,2636.44975,3202.146,performance,,32861572.0,31979472.0,30025872.0,0.0,0.0,13.48,16.54,15.23,,,
7,33,hdr_histogram,HdrHistogram,250,write-heavy,1,311122.14201195334,768.0,1678.0,790.0892355555555,338.57834072368524,0.4285317727251556,0,100,900,1790609137.3475115,2501.29325,3145.829,performance,,32861572.0,31945824.0,29991836.0,0.0,0.0,15.2,16.81,15.33,,,
7,34,sharded_2key,Sharded-2key,100,mixed,1,297448.7385436957,317.0,700.0,329.7220111111111,134.9139575915747,0.40917485956407934,0,100,900,1790609140.4911544,2300.0,2300.0,performance,,32861572.0,31974344.0,30020312.0,0.0,0.0,13.98,16.53,15.25,,,
7,35,thread_local,ThreadLocal,1000,read-heavy,1,305750.57339689665,1847.0,14272.0,3177.300918888889,3258.910005224453,1.0256850353236617,0,100,900,1790609143.149251,2702.332875,3195.129,performance,,32861572.0,31986196.0,30032132.0,0.0,0.0,13.98,16.53,15.25,,,
7,36,sharded_n,Sharded-N,1500,write-heavy,1,286569.9852671866,1980.0,27687.0,5065.29139037037,6652.280575098792,1.313306592340462,0,100,900,1790609148.9614446,2300.0,2300.0,performance,,32861572.0,31963028.0,30008864.0,0.0,0.0,12.64,16.16,15.15,,,
7,37,hdr_histogram,HdrHistogram,500,read-heavy,1,320850.95262572943,1449.0,3719.0,1528.8151066666667,738.4483287699526,0.48302003659554316,0,100,900,1790609156.5813048,2300.0,2300.0,performance,,32861572.0,31981448.0,30027176.0,0.0,0.0,12.43,16.06,15.12,,,
7,38,sharded_2key,Sharded-2key,250,mixed,1,321217.51729436184,743.0,1624.0,762.7278533333333,334.6717425366583,0.4387826419004492,0,100,900,1790609160.6587293,2430.041,3340.328,performance,,32861572.0,31982188.0,30027900.0,0.0,0.0,11.44,15.79,15.04,,,
7,39,disabled,Disabled,250,read-heavy,1,321908.90550256777,740.0,1625.0,762.0646488888889,326.09234394797465,0.4279064045595426,0,100,900,1790609163.778757,2410.805875,3186.447,performance,,32861572.0,31976964.0,30022676.0,0.0,0.0,11.44,15.79,15.04,,,
7,40,sharded_n,Sharded-N,500,read-heavy,1,309999.0206855382,1483.0,3945.0,1577.859588888889,771.3577172807544,0.4888633454539107,0,100,900,1790609167.0511246,2300.0,2300.0,performance,,32861572.0,31975196.0,30020844.0,0.0,0.0,10.52,15.53,14.96,,,
7,41,sharded_2key,Sharded-2key,500,mixed,1,305928.9638942045,1505.0,3968.0,1601.2206155555555,796.0766889677607,0.49716864823874124,0,100,900,1790609171.1775331,2740.70125,3286.442,performance,,32861572.0,31932192.0,29977748.0,0.0,0.0,11.52,15.66,15.0,,,
7,42,disabled,Disabled,3000,write-heavy,1,272746.4230801415,2159.0,77404.0,10563.430343333333,18056.72186162087,1.7093615686136099,0,100,900,1790609175.1601005,2400.70775,3105.662,performance,,32861572.0,31960796.0,30006232.0,0.0,0.0,10.6,15.39,14.92,,,
7,43,disabled,Disabled,100,read-heavy,1,289578.62326999375,322.0,820.0,339.84964444444444,149.06166653693106,0.43861062965242653,0,100,900,1790609188.5959303,2971.478625,3247.954,performance,,32861572.0,32008924.0,30053880.0,0.0,0.0,11.5,15.43,14.94,,,
7,44,disabled,Disabled,100,mixed,1,291328.17785178695,319.0,796.0,335.1927,145.2626034397267,0.4333704267417718,0,100,900,1790609191.4286249,2948.98275,3200.382,performance,,32861572.0,32007516.0,30052484.0,0.0,0.0,10.66,15.19,14.86,,,
7,45,disabled,Disabled,2000,read-heavy,1,290402.51988732803,1979.0,40810.0,6646.3391016666665,10033.394992321251,1.5096122600493302,0,100,900,1790609194.0918674,2990.003375,3192.377,performance,,32861572.0,32004964.0,30049904.0,0.0,0.0,9.81,14.94,14.78,,,
7,46,sharded_n,Sharded-N,1500,mixed,1,286738.9595536924,1977.0,29138.0,5044.004251111111,6990.774185456892,1.3859572350512868,0,100,900,1790609203.53482,2369.426,2855.408,performance,,32861572.0,31992472.0,30037280.0,0.0,0.0,10.78,15.06,14.82,,,
7,47,thread_local,ThreadLocal,2000,read-heavy,1,288157.51293635246,1994.0,41457.0,6685.481372777777,10353.98694717188,1.548727214966401,0,100,900,1790609211.1419413,2431.07675,3348.614,performance,,32861572.0,31978140.0,30022668.0,0.0,0.0,17.61,16.33,15.24,,,
7,48,sharded_2key,Sharded-2key,500,read-heavy,1,311323.9097204745,1457.0,4377.0,1576.1295777777777,797.6997160435182,0.5061130298488616,0,100,900,1790609220.6507995,2383.83275,2970.662,performance,,32861572.0,31957896.0,30002152.0,0.0,0.0,19.54,16.83,15.41,,,
7,49,sharded_2key,Sharded-2key,750,mixed,1,301142.5804562409,1823.0,8530.0,2427.1473762962964,1817.900850060697,0.7489865954636513,0,100,900,1790609224.773843,2883.81875,3150.0,performance,,32861572.0,31959220.0,30003544.0,0.0,0.0,17.98,16.55,15.33,,,
7,50,sharded_n,Sharded-N,3000,write-heavy,1,267954.67625925964,2196.0,78344.0,10763.26269,18388.71524639974,1.7084703566219233,0,100,900,1790609229.6095543,2738.261,3424.343,performance,,32861572.0,31970384.0,30014556.0,0.0,0.0,16.54,16.27,15.24,,,
7,51,global_mutex,GlobalMutex,250,read-heavy,1,325683.17970758834,742.0,1497.0,753.8384266666667,303.36172951703156,0.40242274575792153,0,100,900,1790609243.2320082,2416.906,3235.248,performance,,32861572.0,31988876.0,30032520.0,0.0,0.0,16.19,16.21,15.24,,,
7,52,hdr_histogram,HdrHistogram,3000,mixed,1,274124.7236307279,2146.0,76496.0,10491.144110370371,18078.71801077755,1.7232360761212833,0,100,900,1790609246.5060763,2435.02575,3380.206,performance,,32861572.0,31998436.0,30042112.0,0.0,0.0,15.85,16.14,15.22,,,
7,53,thread_local,ThreadLocal,250,write-heavy,1,320754.82180138706,747.0,1533.0,764.3861511111111,314.0869225919767,0.41090085441163504,0,100,900,1790609259.8826883,2428.578,3328.624,performance,,32861572.0,31972584.0,30015832.0,0.0,0.0,17.56,16.53,15.36,,,
7,54,sharded_2key,Sharded-2key,1500,read-heavy,1,294982.3384918567,1940.0,28208.0,4923.225498518518,6758.409888116604,1.3727605794514843,0,100,900,1790609263.0000844,2300.0,2300.0,performance,,32861572.0,31974548.0,30017816.0,0.0,0.0,17.56,16.53,15.36,,,
7,55,sharded_2key,Sharded-2key,1500,mixed,1,294683.52822327794,1949.0,27551.0,4921.713387407407,6657.354016801848,1.3526496755855826,0,100,900,1790609270.642351,2928.848875,3659.502,performance,,32861572.0,31948832.0,29991988.0,0.0,0.0,16.11,16.27,15.29,,,
7,56,disabled,Disabled,3000,mixed,1,277142.4457713801,2116.0,74292.0,10377.151422592593,17752.6990806384,1.7107487746577685,0,100,900,1790609278.1282268,2300.0,2300.0,performance,,32861572.0,31952620.0,29995580.0,0.0,0.0,16.34,16.31,15.31,,,
7,57,global_mutex,GlobalMutex,1500,read-heavy,1,291705.5871335028,1949.0,26908.0,4987.92938,6739.195376180249,1.3511008001040001,0,100,900,1790609291.378928,2445.430375,3463.443,performance,,32861572.0,31982244.0,30024804.0,0.0,0.0,16.36,16.33,15.33,,,
7,58,sharded_2key,Sharded-2key,2000,read-heavy,1,292837.4057984344,1953.0,41753.0,6592.989057777778,10060.747407382409,1.5259766578125442,0,100,900,1790609299.0677648,2862.54975,3604.776,performance,,32861572.0,31966540.0,30008900.0,0.0,0.0,14.8,16.0,15.24,,,
7,59,disabled,Disabled,3000,read-heavy,1,285820.34027403337,2021.0,74367.0,10067.20213888889,17359.501935361124,1.7243621113261047,0,100,900,1790609308.4807537,2415.384875,3223.079,performance,,32861572.0,31972828.0,30015024.0,0.0,0.0,15.78,16.18,15.3,,,
7,60,hdr_histogram,HdrHistogram,750,read-heavy,1,307841.57187894406,1729.0,8762.0,2375.58065037037,1838.5098853913037,0.7739202140346895,0,100,900,1790609321.567297,2410.867875,3186.943,performance,,32861572.0,31968912.0,30010668.0,0.0,0.0,16.02,16.22,15.33,,,
7,61,sharded_n,Sharded-N,100,write-heavy,1,301830.7979674862,312.0,689.0,323.84665555555557,130.29335930263076,0.40233041492774985,0,100,900,1790609326.5395532,2375.480375,2903.843,performance,,32861572.0,31956524.0,29998272.0,0.0,0.0,21.38,17.33,15.69,,,
7,62,global_mutex,GlobalMutex,3000,write-heavy,1,269224.3029155555,2201.0,76767.0,10719.60610851852,18156.53154042458,1.6937685355804428,0,100,900,1790609329.1940126,2857.7885,3199.304,performance,,32861572.0,31982260.0,30023980.0,0.0,0.0,19.67,17.04,15.61,,,
7,63,sharded_2key,Sharded-2key,1000,mixed,1,300462.9338585529,1903.0,14450.0,3241.0587633333334,3281.6678424600677,1.0125295719985554,0,100,900,1790609342.7663884,2871.707375,3553.619,performance,,32861572.0,31985016.0,30026236.0,0.0,0.0,18.3,16.84,15.56,,,
7,64,sharded_n,Sharded-N,750,mixed,1,293313.82467598066,1849.0,8806.0,2492.886042962963,1889.8692063474928,0.7581049329079061,0,100,900,1790609348.4608395,2733.41475,3502.611,performance,,32861572.0,31973928.0,30015136.0,0.0,0.0,17.79,16.76,15.54,,,
7,65,sharded_2key,Sharded-2key,2000,mixed,1,282150.25806280837,2046.0,44552.0,6844.116310555555,10567.729396309502,1.544060462562725,0,100,900,1790609353.3689241,2412.84525,3202.762,performance,,32861572.0,31962584.0,30003728.0,0.0,0.0,17.41,16.7,15.52,,,
7,66,sharded_n,Sharded-N,250,read-heavy,1,319157.5615730789,753.0,1539.0,767.1386222222222,312.5761572355094,0.4074572028847263,0,100,900,1790609362.8515172,2371.80425,2874.434,performance,,32861572.0,31947588.0,29988484.0,0.0,0.0,19.58,17.2,15.7,,,
7,67,hdr_histogram,HdrHistogram,750,mixed,1,319636.3772628176,1738.0,7958.0,2290.0963570370373,1661.1286262877602,0.725353158692831,0,100,900,1790609366.1363428,2300.0,2300.0,performance,,32861572.0,31972228.0,30013128.0,0.0,0.0,19.93,17.31,15.75,,,
7,68,sharded_2key,Sharded-2key,100,read-heavy,1,295468.3497209218,317.0,736.0,331.7859,135.325870344238,0.4078710709051771,0,100,900,1790609370.8550327,2300.0,2300.0,performance,,32861572.0,31960728.0,30001532.0,0.0,0.0,18.33,17.03,15.66,,,
7,69,hdr_histogram,HdrHistogram,100,mixed,1,286989.95972960076,325.0,821.0,341.9574777777778,151.28479351343293,0.44240820378183354,0,100,900,1790609373.6721416,2300.0,2300.0,performance,,32861572.0,31989088.0,30029864.0,0.0,0.0,18.33,17.03,15.66,,,
7,70,hdr_histogram,HdrHistogram,500,mixed,1,323643.82510287117,1437.0,3615.0,1511.5920466666666,714.2394344807287,0.4725080659532151,0,100,900,1790609376.3426816,2627.60425,3203.147,performance,,32861572.0,31998228.0,30038960.0,0.0,0.0,17.91,16.96,15.65,,,
7,71,disabled,Disabled,1000,mixed,1,300620.5217414722,1870.0,14727.0,3226.555528888889,3329.7288005840896,1.0319762888849862,0,100,900,1790609380.2388544,2447.423875,3479.391,performance,,32861572.0,31936748.0,29977436.0,0.0,0.0,16.47,16.68,15.56,,,
7,72,disabled,Disabled,500,mixed,1,311705.8922244834,1445.0,4322.0,1572.2516977777777,834.6384736520235,0.5308555079518772,0,100,900,1790609385.927581,2513.601875,3187.758,performance,,32861572.0,31946860.0,29987388.0,0.0,0.0,15.15,16.4,15.48,,,
7,73,sharded_n,Sharded-N,1000,read-heavy,1,298282.0383362794,1915.0,14271.0,3259.81473,3264.2778153163113,1.0013691223845447,0,100,900,1790609389.882358,2300.0,2300.0,performance,,32861572.0,31966400.0,30006916.0,0.0,0.0,13.94,16.13,15.39,,,
7,74,thread_local,ThreadLocal,3000,mixed,1,272329.6300128325,2141.0,75727.0,10560.873647407407,18062.594641200463,1.7103314786494634,0,100,900,1790609395.759692,2412.461625,3199.693,performance,,32861572.0,31966212.0,30006488.0,0.0,0.0,12.82,15.86,15.31,,,
7,75,thread_local,ThreadLocal,2000,mixed,1,282605.2570458826,2056.0,43459.0,6824.083451666666,10399.551455113233,1.523948458246553,0,100,900,1790609409.1897619,2411.96575,3195.726,performance,,32861572.0,31987984.0,30027812.0,0.0,0.0,12.38,15.63,15.25,,,
7,76,thread_local,ThreadLocal,250,mixed,1,311419.65321597387,768.0,1653.0,788.0534933333333,340.8938728225281,0.43257707212311763,0,100,900,1790609418.6529548,2399.674875,3097.399,performance,,32861572.0,31965956.0,30005600.0,0.0,0.0,12.99,15.71,15.27,,,
7,77,global_mutex,GlobalMutex,100,write-heavy,1,288906.2095651684,326.0,730.0,340.2443,141.53945657164505,0.41599361568039506,0,100,900,1790609421.783301,2300.0,2300.0,performance,,32861572.0,31967028.0,30006692.0,0.0,0.0,14.43,15.96,15.36,,,
7,78,hdr_histogram,HdrHistogram,1500,write-heavy,1,284993.6778427476,2006.0,27771.0,5081.589448888889,6763.1596304877185,1.3309142146393806,0,100,900,1790609424.4494414,2300.0,2300.0,performance,,32861572.0,31992360.0,30031996.0,0.0,0.0,13.28,15.69,15.27,,,
7,79,global_mutex,GlobalMutex,750,mixed,1,295008.32281850826,1793.0,8821.0,2476.924277037037,1920.379878404273,0.7753082709098733,0,100,900,1790609432.0967035,2462.682,3148.257,performance,,32861572.0,31937940.0,29977352.0,0.0,0.0,14.14,15.83,15.32,,,
7,80,global_mutex,GlobalMutex,1500,write-heavy,1,283343.33614016394,2049.0,28982.0,5117.351155555555,6825.126290032175,1.3337224830902228,0,100,900,1790609436.990805,2397.7185,3081.748,performance,,32861572.0,31957880.0,29997268.0,0.0,0.0,15.33,16.05,15.4,,,
7,81,sharded_n,Sharded-N,2000,read-heavy,1,288240.8156549439,1984.0,41708.0,6690.355031111111,10076.663178397823,1.5061477502374527,0,100,900,1790609444.6645608,2744.618625,3288.208,performance,,32861572.0,31988232.0,30027264.0,0.0,0.0,13.78,15.7,15.29,,,
7,82,sharded_n,Sharded-N,100,mixed,1,291164.6645461813,322.0,750.0,336.77726666666666,140.50550036221375,0.4172060120117384,0,100,900,1790609454.1775663,2397.47175,3079.774,performance,,32861572.0,31965360.0,30004156.0,0.0,0.0,12.4,15.35,15.18,,,
7,83,global_mutex,GlobalMutex,250,mixed,1,310554.99621533527,768.0,1691.0,791.64688,345.0473402082468,0.43586016559333474,0,100,900,1790609456.8425827,2634.6925,3102.899,performance,,32861572.0,31981348.0,30020108.0,0.0,0.0,12.4,15.35,15.18,,,
7,84,sharded_2key,Sharded-2key,1000,write-heavy,1,290305.3067302358,1944.0,14649.0,3350.1078955555554,3408.918841669512,1.0175549408996583,0,100,900,1790609459.982367,2300.0,2300.0,performance,,32861572.0,31985976.0,30024756.0,0.0,0.0,11.4,15.09,15.1,,,
7,85,global_mutex,GlobalMutex,3000,read-heavy,1,276097.36169008043,2122.0,75656.0,10422.381615185186,17820.846607893935,1.7098631834713616,0,100,900,1790609465.782817,2603.623,3147.974,performance,,32861572.0,31964732.0,30003436.0,0.0,0.0,10.49,14.84,15.01,,,
7,86,global_mutex,GlobalMutex,500,write-heavy,1,307474.5759573539,1470.0,4185.0,1584.135988888889,821.8274166371973,0.5187859012114396,0,100,900,1790609479.2326093,2361.200625,2789.605,performance,,32861572.0,31981472.0,30019768.0,0.0,0.0,14.18,15.52,15.24,,,
7,87,global_mutex,GlobalMutex,1500,mixed,1,289012.32388304285,1997.0,28648.0,5027.916544444444,6748.379934044007,1.3421821691731488,0,100,900,1790609483.2069569,2407.5155,3160.124,performance,,32861572.0,31977176.0,30015504.0,0.0,0.0,14.18,15.52,15.24,,,
7,88,thread_local,ThreadLocal,2000,write-heavy,1,281442.6144000497,2047.0,42480.0,6847.939470555556,10555.214943888846,1.5413709465852694,0,100,900,1790609490.7828095,2382.04475,2956.358,performance,,32861572.0,31961296.0,29999356.0,0.0,0.0,13.62,15.37,15.19,,,
7,89,hdr_histogram,HdrHistogram,250,read-heavy,1,322471.60214030446,740.0,1576.0,762.0825288888889,324.0156940416576,0.4251713977934519,0,100,900,1790609500.2771344,2300.0,2300.0,performance,,32861572.0,31960144.0,29997868.0,0.0,0.0,13.66,15.33,15.18,,,
7,90,hdr_histogram,HdrHistogram,750,write-heavy,1,296468.70655422675,1827.0,8585.0,2472.1366933333334,1841.4330535879603,0.7448750947121145,0,100,900,1790609503.559318,2300.0,2300.0,performance,,32861572.0,31988608.0,30026368.0,0.0,0.0,13.66,15.33,15.18,,,
7,91,thread_local,ThreadLocal,500,write-heavy,1,304809.71647216566,1489.0,4322.0,1610.2745622222221,828.8202135364261,0.5147073877840013,0,100,900,1790609508.4535055,2388.7105,3009.684,performance,,32861572.0,31946804.0,29984472.0,0.0,0.0,13.45,15.26,15.16,,,
7,92,sharded_n,Sharded-N,250,mixed,1,319046.7633675758,753.0,1557.0,769.2767777777777,320.01455605768473,0.41599404180913396,0,100,900,1790609512.4385586,2975.221,3349.334,performance,,32861572.0,31966844.0,30004520.0,0.0,0.0,14.13,15.37,15.2,,,
7,93,thread_local,ThreadLocal,750,write-heavy,1,292427.4680259005,1857.0,8554.0,2508.4771111111113,1864.4950037671144,0.7432776625740269,0,100,900,1790609515.5604608,2389.458625,3015.669,performance,,32861572.0,31970828.0,30008476.0,0.0,0.0,13.0,15.12,15.12,,,
7,94,thread_local,ThreadLocal,1000,write-heavy,1,284558.9264267565,1997.0,14881.0,3420.4264955555554,3461.281305087134,1.0119443612031027,0,100,900,1790609520.4744575,2725.6025,3201.294,performance,,32861572.0,31957240.0,29994804.0,0.0,0.0,11.96,14.87,15.03,,,
7,95,sharded_2key,Sharded-2key,750,write-heavy,1,293337.8587846803,1843.0,9052.0,2496.8456548148147,1907.1108832642838,0.7638080790403241,0,100,900,1790609526.3554406,2339.4055,2615.244,performance,,32861572.0,31939428.0,29976756.0,0.0,0.0,12.12,14.85,15.03,,,
7,96,thread_local,ThreadLocal,1500,read-heavy,1,304236.56159309234,1900.0,26749.0,4760.898954074074,6392.894364815614,1.3427914405419132,0,100,900,1790609531.268028,2300.0,2300.0,performance,,32861572.0,31982292.0,30019536.0,0.0,0.0,11.79,14.74,14.99,,,
7,97,disabled,Disabled,250,mixed,1,318328.37096895004,753.0,1593.0,771.62144,331.2644356797426,0.42930952732436073,0,100,900,1790609538.7743208,2526.55375,3209.558,performance,,32861572.0,31937244.0,29974232.0,0.0,0.0,13.25,14.99,15.07,,,
7,98,hdr_histogram,HdrHistogram,500,write-heavy,1,305429.95698800957,1494.0,4103.0,1603.2230444444444,804.881599112458,0.5020396893006045,0,100,900,1790609541.8959973,2300.0,2300.0,performance,,32861572.0,31977768.0,30014748.0,0.0,0.0,12.19,14.74,14.99,,,
7,99,sharded_n,Sharded-N,1000,write-heavy,1,308839.39972988726,1840.0,14040.0,3126.3845877777776,3148.9871684440054,1.007229622598125,0,100,900,1790609545.8847854,2410.633875,3185.071,performance,,32861572.0,31955780.0,29992712.0,0.0,0.0,11.21,14.5,14.91,,,
7,100,thread_local,ThreadLocal,1500,write-heavy,1,282024.7392326875,2016.0,27378.0,5135.634491111111,6781.429132833413,1.3204656882359689,0,100,900,1790609551.5135288,2412.029625,3196.237,performance,,32861572.0,31953088.0,29989820.0,0.0,0.0,12.0,14.61,14.94,,,
7,101,thread_local,ThreadLocal,100,mixed,1,287297.543256779,327.0,793.0,342.7481,145.57567686231022,0.42473080627525056,0,100,900,1790609559.2073162,2300.0,2300.0,performance,,32861572.0,31950748.0,29987296.0,0.0,0.0,10.81,14.27,14.83,,,
7,102,global_mutex,GlobalMutex,2000,write-heavy,1,276043.7189319063,2099.0,44435.0,6992.440733333333,10574.964493810774,1.5123423847411908,0,100,900,1790609561.8731222,2393.428875,3047.431,performance,,32861572.0,31991204.0,30027756.0,0.0,0.0,10.81,14.27,14.83,,,
7,103,disabled,Disabled,1000,write-heavy,1,291975.568396698,1933.0,14580.0,3331.854013333333,3321.829119986535,0.9969911967010917,0,100,900,1790609571.5158534,2632.355625,3280.449,performance,,32861572.0,31979844.0,30016104.0,0.0,0.0,11.96,14.41,14.87,,,
7,104,hdr_histogram,HdrHistogram,3000,read-heavy,1,268278.2081663501,2178.0,74595.0,10726.093811851852,18091.946721954668,1.686722775253362,0,100,900,1790609577.2953756,2300.0,2300.0,performance,,32861572.0,31970472.0,30006576.0,0.0,0.0,13.01,14.59,14.92,,,
7,105,sharded_n,Sharded-N,2000,write-heavy,1,272471.1467943066,2137.0,43904.0,7073.683558888889,10687.496286824082,1.510881310684873,0,100,900,1790609591.105059,2300.0,2300.0,performance,,32861572.0,31981660.0,30017368.0,0.0,0.0,11.94,14.29,14.82,,,
7,106,hdr_histogram,HdrHistogram,1000,mixed,1,295653.5212075679,1869.0,14420.0,3299.1901366666666,3225.8780323929586,0.9777787574414312,0,100,900,1790609600.849137,2300.0,2300.0,performance,,32861572.0,31974052.0,30009588.0,0.0,0.0,11.43,14.11,14.76,,,
7,107,sharded_2key,Sharded-2key,750,read-heavy,1,296351.37208900583,1821.0,8805.0,2472.037797037037,1901.1756460431666,0.7690722400449942,0,100,900,1790609606.584224,2722.847375,3235.391,performance,,32861572.0,31942532.0,29977948.0,0.0,0.0,11.48,14.08,14.74,,,
7,108,global_mutex,GlobalMutex,500,mixed,1,311423.0234916698,1471.0,4101.0,1570.2933733333334,784.3111171458613,0.4994678895453582,0,100,900,1790609611.6428623,2805.684375,3266.304,performance,,32861572.0,31952148.0,29987528.0,0.0,0.0,11.92,14.13,14.76,,,
7,109,hdr_histogram,HdrHistogram,1000,write-heavy,1,286622.5019777303,1935.0,14665.0,3380.6374077777778,3325.352043689577,0.9836464673907332,0,100,900,1790609615.596372,2414.616625,3216.933,performance,,32861572.0,31968728.0,30004064.0,0.0,0.0,10.96,13.89,14.68,,,
7,110,thread_local,ThreadLocal,1000,mixed,1,287057.5119249902,1989.0,15131.0,3393.0283633333333,3421.5961658285087,1.0084195590004177,0,100,900,1790609621.4561045,2300.0,2300.0,performance,,32861572.0,31950684.0,29985800.0,0.0,0.0,11.29,13.91,14.68,,,
7,111,sharded_n,Sharded-N,3000,read-heavy,1,270793.4630557109,2121.0,72623.0,10637.778648518519,17956.296147117686,1.6879742228532257,0,100,900,1790609627.3071082,2905.339875,3532.413,performance,,32861572.0,31953088.0,29988132.0,0.0,0.0,12.79,14.18,14.76,,,
7,112,sharded_2key,Sharded-2key,250,read-heavy,1,310909.51645942545,764.0,1690.0,785.6702577777778,338.07163735382835,0.4302971049331104,0,100,900,1790609641.0198774,2884.083625,3198.031,performance,,32861572.0,31985972.0,30020540.0,0.0,0.0,12.13,13.99,14.69,,,
7,113,disabled,Disabled,750,write-heavy,1,299918.6948410697,1801.0,8861.0,2443.0500814814814,1872.1941860675845,0.7663347551730392,0,100,900,1790609644.3367178,2402.580875,3120.647,performance,,32861572.0,31974640.0,30009224.0,0.0,0.0,11.15,13.75,14.61,,,
7,114,hdr_histogram,HdrHistogram,2000,read-heavy,1,283447.56195018813,2034.0,41901.0,6797.0033183333335,10070.302758421647,1.4815797913853228,0,100,900,1790609649.1982293,2300.0,2300.0,performance,,32861572.0,31957748.0,29992352.0,0.0,0.0,10.26,13.52,14.53,,,
7,115,thread_local,ThreadLocal,500,read-heavy,1,315751.1585552035,1459.0,3921.0,1555.9378555555556,754.758178237001,0.4850824700627331,0,100,900,1790609658.807271,2865.911,3339.744,performance,,32861572.0,31951512.0,29985680.0,0.0,0.0,12.24,13.88,14.64,,,
7,116,thread_local,ThreadLocal,500,mixed,1,315736.4394898618,1452.0,3981.0,1551.3975555555555,776.1345207516962,0.5002808712520901,0,100,900,1790609662.9118454,2974.33575,3256.115,performance,,32861572.0,31979584.0,30013800.0,0.0,0.0,11.26,13.65,14.56,,,
7,117,sharded_n,Sharded-N,750,write-heavy,1,290745.3046850495,1874.0,8985.0,2504.4873496296295,1907.05110235706,0.7614536773919341,0,100,900,1790609666.847576,2403.470125,3127.761,performance,,32861572.0,31950424.0,29984596.0,0.0,0.0,13.0,13.97,14.66,,,
7,118,thread_local,ThreadLocal,3000,read-heavy,1,265964.2182858022,2208.0,75360.0,10827.291142222222,18392.12471365665,1.6986820130784623,0,100,900,1790609671.7863185,2300.0,2300.0,performance,,32861572.0,31950312.0,29984332.0,0.0,0.0,13.96,14.16,14.72,,,
7,119,disabled,Disabled,1000,read-heavy,1,300113.8004521072,1863.0,13823.0,3241.410332222222,3191.560680725438,0.984620999383744,0,100,900,1790609685.652834,2389.42975,3015.438,performance,,32861572.0,31975732.0,30009328.0,0.0,0.0,15.41,14.52,14.83,,,
7,120,sharded_n,Sharded-N,2000,mixed,1,275036.78381292254,2106.0,41362.0,7006.163933888889,10425.540938082595,1.4880526685443576,0,100,900,1790609691.5203805,2300.0,2300.0,performance,,32861572.0,31958992.0,29992556.0,0.0,0.0,16.42,14.75,14.9,,,
7,121,thread_local,ThreadLocal,3000,write-heavy,1,267323.36196388194,2205.0,75227.0,10787.301164074073,18281.407879902028,1.6947156292239487,0,100,900,1790609701.1953733,2300.0,2300.0,performance,,32861572.0,31987284.0,30020496.0,0.0,0.0,15.92,14.69,14.88,,,
7,122,sharded_n,Sharded-N,3000,mixed,1,269655.7428633194,2169.0,75815.0,10679.896884444444,18136.7334655643,1.6982124136405228,0,100,900,1790609714.9037654,2408.41825,3167.346,performance,,32861572.0,31986100.0,30018968.0,0.0,0.0,17.64,15.2,15.05,,,
7,123,thread_local,ThreadLocal,250,read-heavy,1,319753.5402241534,748.0,1620.0,767.6552088888889,330.1142285344311,0.43002929532939854,0,100,900,1790609728.4754798,2740.652625,3248.405,performance,,32861572.0,31989812.0,30022344.0,0.0,0.0,19.96,15.78,15.24,,,
7,124,hdr_histogram,HdrHistogram,2000,write-heavy,1,273234.28431949666,2125.0,43631.0,7052.485474444445,10715.073449080166,1.5193329341701678,0,100,900,1790609731.7540412,2300.0,2300.0,performance,,32861572.0,31973940.0,30006424.0,0.0,0.0,21.89,16.25,15.4,,,
7,125,hdr_histogram,HdrHistogram,3000,write-heavy,1,264192.2672798741,2240.0,76268.0,10899.938996666666,18377.07718468743,1.6859798197317768,0,100,900,1790609741.4632013,2300.0,2300.0,performance,,32861572.0,31972792.0,30005136.0,0.0,0.0,23.03,16.69,15.55,,,
7,126,sharded_n,Sharded-N,500,write-heavy,1,310951.5225284202,1486.0,3897.0,1574.3603266666667,772.1561321220046,0.49045705677610757,0,100,900,1790609755.2955651,2420.66075,3265.286,performance,,32861572.0,31978988.0,30010784.0,0.0,0.0,20.65,16.49,15.5,,,
7,127,disabled,Disabled,750,read-heavy,1,305295.77931411914,1787.0,8408.0,2393.406379259259,1782.215310710007,0.7446354811093923,0,100,900,1790609759.2568097,2408.990375,3171.923,performance,,32861572.0,31946600.0,29978508.0,0.0,0.0,18.99,16.21,15.42,,,
7,128,global_mutex,GlobalMutex,2000,read-heavy,1,277900.08323407004,2066.0,42316.0,6919.278037777778,10340.170346959825,1.494400180265153,0,100,900,1790609764.240515,2352.804875,2722.439,performance,,32861572.0,31923912.0,29955732.0,0.0,0.0,17.47,15.94,15.33,,,
7,129,sharded_n,Sharded-N,1500,read-heavy,1,291844.5649889997,1954.0,26733.0,4994.804387407407,6680.785259450335,1.3375469270215103,0,100,900,1790609773.9857183,2410.800375,3186.403,performance,,32861572.0,31970140.0,30001624.0,0.0,0.0,16.95,15.86,15.31,,,
7,130,thread_local,ThreadLocal,1500,mixed,1,287586.9586219761,1987.0,28798.0,5041.5817074074075,6748.081266603689,1.3384849553641045,0,100,900,1790609781.7231743,2654.5095,3075.799,performance,,32861572.0,31952156.0,29983508.0,0.0,0.0,15.87,15.65,15.25,,,
7,131,global_mutex,GlobalMutex,3000,mixed,1,269250.79010200873,2176.0,71766.0,10725.471883333334,17883.826200984884,1.6674162587452357,0,100,900,1790609789.3066175,2412.986125,3203.889,performance,,32861572.0,31924280.0,29955368.0,0.0,0.0,14.9,15.46,15.19,,,
7,132,disabled,Disabled,500,write-heavy,1,298565.1514154157,1507.0,4513.0,1643.7478044444445,874.3841141670123,0.5319454187575554,0,100,900,1790609802.866125,2875.85125,3371.228,performance,,32861572.0,31986348.0,30017116.0,0.0,0.0,15.95,15.66,15.26,,,
7,133,thread_local,ThreadLocal,750,read-heavy,1,326076.9056343169,1690.0,7958.0,2242.6952325925927,1692.7398769490815,0.7547792728806251,0,100,900,1790609806.8924332,2869.0975,3297.829,performance,,32861572.0,31983572.0,30014372.0,0.0,0.0,17.4,15.97,15.36,,,
7,134,sharded_2key,Sharded-2key,3000,write-heavy,1,265259.7328685119,2211.0,78292.0,10880.101934814815,18388.418360065185,1.6900961470981077,0,100,900,1790609811.728964,2300.0,2300.0,performance,,32861572.0,31957824.0,29988512.0,0.0,0.0,18.01,16.12,15.41,,,
7,135,global_mutex,GlobalMutex,1000,write-heavy,1,287090.6928254902,1972.0,14953.0,3388.820943333333,3384.9740181163584,0.9988648189794321,0,100,900,1790609825.4833386,2300.0,2300.0,performance,,32861572.0,31983632.0,30013828.0,0.0,0.0,18.55,16.35,15.5,,,
7,136,sharded_2key,Sharded-2key,100,write-heavy,1,291098.04894508363,324.0,740.0,337.0663,139.62106039118888,0.4142243243871869,0,100,900,1790609831.334199,2300.0,2300.0,performance,,32861572.0,31965756.0,29995988.0,0.0,0.0,18.11,16.3,15.49,,,
7,137,hdr_histogram,HdrHistogram,1500,mixed,1,279017.6848328285,2062.0,28559.0,5213.12346962963,6955.782408966117,1.3342830741471574,0,100,900,1790609833.9986575,2388.830875,3010.647,performance,,32861572.0,31988864.0,30019064.0,0.0,0.0,18.11,16.3,15.49,,,
7,138,thread_local,ThreadLocal,750,mixed,1,301065.5288449708,1798.0,8560.0,2434.461111111111,1825.6221664120378,0.749908124668628,0,100,900,1790609841.7559848,2411.63925,3193.114,performance,,32861572.0,31985496.0,30015432.0,0.0,0.0,16.68,16.04,15.41,,,
7,139,global_mutex,GlobalMutex,1000,mixed,1,293532.9601942996,1936.0,13907.0,3307.8629644444445,3245.7439392229944,0.9812207984764922,0,100,900,1790609846.6058686,2372.040125,2876.321,performance,,32861572.0,31937520.0,29967464.0,0.0,0.0,17.11,16.14,15.45,,,
7,140,sharded_n,Sharded-N,250,write-heavy,1,299888.2508417593,793.0,1777.0,819.6844577777778,366.8051758542292,0.44749558488477853,0,100,900,1790609852.3772595,2300.0,2300.0,performance,,32861572.0,31947680.0,29977336.0,0.0,0.0,16.94,16.12,15.45,,,
7,141,sharded_2key,Sharded-2key,1000,read-heavy,1,298261.6375223655,1930.0,14086.0,3253.8207233333333,3131.1946424280063,0.9623132030520403,0,100,900,1790609855.545971,2399.630875,3097.047,performance,,32861572.0,31981876.0,30011532.0,0.0,0.0,15.58,15.85,15.36,,,
7,142,disabled,Disabled,2000,mixed,1,286199.3511843537,1989.0,40617.0,6739.680604444445,10028.504713009475,1.4879792235846063,0,100,900,1790609861.4354606,2528.328125,3325.913,performance,,32861572.0,31962096.0,29991612.0,0.0,0.0,15.38,15.81,15.35,,,
7,143,disabled,Disabled,500,read-heavy,1,322477.1531117832,1426.0,3853.0,1520.2946822222223,761.312797065593,0.5007665987180712,0,100,900,1790609870.828033,2300.0,2300.0,performance,,32861572.0,31975084.0,30004284.0,0.0,0.0,14.41,15.6,15.29,,,
7,144,disabled,Disabled,250,write-heavy,1,300926.8953625385,781.0,1915.0,816.4020844444444,383.9910364459512,0.4703454875513384,0,100,900,1790609874.8923812,2300.0,2300.0,performance,,32861572.0,31985748.0,30015000.0,0.0,0.0,13.26,15.34,15.21,,,
8,1,disabled,Disabled,1000,read-heavy,1,297648.02007100126,1888.0,14257.0,3271.715738888889,3282.8425725155626,1.0034009169850595,0,100,900,1790609878.0595865,2556.054375,3044.266,performance,,32861572.0,31978864.0,30008116.0,0.0,0.0,13.26,15.34,15.21,,,
8,2,hdr_histogram,HdrHistogram,100,read-heavy,1,285652.11965156044,325.0,838.0,342.9764222222222,152.27905819687822,0.4439927888052117,0,100,900,1790609883.9542232,2300.0,2300.0,performance,,32861572.0,31955192.0,29984268.0,0.0,0.0,13.64,15.38,15.22,,,
8,3,hdr_histogram,HdrHistogram,500,mixed,1,298442.12692445744,1537.0,4137.0,1645.58334,822.3677310967898,0.4997423777374836,0,100,900,1790609886.7921329,2300.0,2300.0,performance,,32861572.0,31966000.0,29995040.0,0.0,0.0,12.55,15.13,15.14,,,
8,4,hdr_histogram,HdrHistogram,2000,read-heavy,1,294526.02510269004,1947.0,39044.0,6541.921545555556,9845.142776787112,1.5049313429134128,0,100,900,1790609890.820094,2300.0,2300.0,performance,,32861572.0,31965560.0,29994548.0,0.0,0.0,11.54,14.87,15.06,,,
8,5,global_mutex,GlobalMutex,100,mixed,1,295021.0922707509,319.0,706.0,331.78031111111113,136.3251822692335,0.4108899102924135,0,100,900,1790609900.2160602,2818.008125,3312.7,performance,,32861572.0,31974320.0,30002992.0,0.0,0.0,11.46,14.76,15.02,,,
8,6,thread_local,ThreadLocal,1500,read-heavy,1,296079.98735695466,1932.0,26987.0,4888.829777777778,6634.775232241221,1.357129524615411,0,100,900,1790609902.877865,2378.75575,2930.046,performance,,32861572.0,31976924.0,30005544.0,0.0,0.0,11.46,14.76,15.02,,,
8,7,sharded_2key,Sharded-2key,3000,mixed,1,270297.2534308913,2168.0,75870.0,10660.535552222222,18173.901167814867,1.704783130152074,0,100,900,1790609910.536539,2450.054625,3500.437,performance,,32861572.0,31963940.0,29992416.0,0.0,0.0,10.73,14.5,14.93,,,
8,8,sharded_2key,Sharded-2key,1000,mixed,1,297471.10266799544,1907.0,14207.0,3266.29244,3236.4452827087366,0.9908620682809212,0,100,900,1790609924.0500846,2300.0,2300.0,performance,,32861572.0,31970960.0,29999024.0,0.0,0.0,10.75,14.39,14.89,,,
8,9,disabled,Disabled,750,write-heavy,1,305197.1685365695,1786.0,8411.0,2400.8768637037037,1816.312493052029,0.7565204698795345,0,100,900,1790609929.7681882,2674.437125,3118.883,performance,,32861572.0,31954944.0,29983036.0,0.0,0.0,9.09,13.91,14.73,,,
8,10,sharded_n,Sharded-N,750,read-heavy,1,305776.66272328777,1826.0,8208.0,2396.107848888889,1732.9755026718196,0.7232460356387658,0,100,900,1790609934.5908477,2412.197625,3197.581,performance,,32861572.0,31950680.0,29978684.0,0.0,0.0,8.37,13.68,14.65,,,
8,11,disabled,Disabled,250,mixed,1,305622.31531680183,778.0,1727.0,799.055888888889,344.45406055764954,0.4310763056093901,0,100,900,1790609939.5734375,2300.0,2300.0,performance,,32861572.0,31955064.0,29982896.0,0.0,0.0,7.7,13.45,14.57,,,
8,12,disabled,Disabled,250,read-heavy,1,311572.5942202899,767.0,1654.0,786.6114,335.0743011634975,0.4259718345850283,0,100,900,1790609942.7236109,2865.1175,3094.235,performance,,32861572.0,31969252.0,29997048.0,0.0,0.0,7.7,13.45,14.57,,,
8,13,sharded_n,Sharded-N,1500,write-heavy,1,288808.3487216501,1963.0,27641.0,5025.693302962963,6613.1391674106635,1.31586604449416,0,100,900,1790609946.017743,2359.088,2772.704,performance,,32861572.0,31971656.0,29999488.0,0.0,0.0,7.08,13.23,14.49,,,
8,14,disabled,Disabled,100,mixed,1,290999.4152463751,322.0,816.0,336.5372777777778,145.58237756456674,0.4325891578070518,0,100,900,1790609953.6212008,2300.0,2300.0,performance,,32861572.0,31950952.0,29978460.0,0.0,0.0,7.71,13.26,14.5,,,
8,15,sharded_2key,Sharded-2key,500,read-heavy,1,318268.4408854457,1437.0,3963.0,1537.8630622222222,776.823034724911,0.5051314735412116,0,100,900,1790609956.2853713,2388.727625,3009.821,performance,,32861572.0,31967984.0,29995460.0,0.0,0.0,8.46,13.32,14.51,,,
8,16,hdr_histogram,HdrHistogram,1500,write-heavy,1,302996.1279236024,1876.0,24893.0,4785.286894814815,6157.774888281568,1.2868141500468733,0,100,900,1790609960.385033,2300.0,2300.0,performance,,32861572.0,31984828.0,30012344.0,0.0,0.0,7.78,13.1,14.43,,,
8,17,hdr_histogram,HdrHistogram,1500,read-heavy,1,289936.7244347657,1953.0,27860.0,4987.3553577777775,6833.806813179176,1.3702265675779166,0,100,900,1790609967.7585416,2397.282625,3078.261,performance,,32861572.0,31942672.0,29969844.0,0.0,0.0,8.84,13.23,14.47,,,
8,18,disabled,Disabled,500,mixed,1,302647.3652551736,1488.0,4380.0,1620.016228888889,855.0078160407513,0.527777315309471,0,100,900,1790609975.4894602,2300.0,2300.0,performance,,32861572.0,31940848.0,29967888.0,0.0,0.0,8.88,13.11,14.41,,,
8,19,global_mutex,GlobalMutex,500,mixed,1,302926.8028353432,1503.0,4223.0,1611.335908888889,816.7255879832616,0.5068624012397527,0,100,900,1790609979.4790964,2300.0,2300.0,performance,,32861572.0,31961632.0,29988720.0,0.0,0.0,8.17,12.89,14.34,,,
8,20,sharded_2key,Sharded-2key,250,mixed,1,307096.19670300296,777.0,1644.0,799.7148,349.3731865456554,0.43687222813139814,0,100,900,1790609983.474391,2608.323875,3169.407,performance,,32861572.0,31980500.0,30007536.0,0.0,0.0,8.17,12.89,14.34,,,
8,21,sharded_n,Sharded-N,1000,write-heavy,1,299523.4485088309,1914.0,14294.0,3246.863927777778,3315.7755217733734,1.0212240474280547,0,100,900,1790609986.6246576,2385.472,2983.776,performance,,32861572.0,31970256.0,29997228.0,0.0,0.0,8.47,12.87,14.32,,,
8,22,sharded_n,Sharded-N,500,write-heavy,1,299946.3787858287,1503.0,4287.0,1629.8122688888889,850.5537769416843,0.5218722384029802,0,100,900,1790609992.3456502,2411.9935,3195.948,performance,,32861572.0,31952780.0,29979468.0,0.0,0.0,8.68,12.84,14.3,,,
8,23,global_mutex,GlobalMutex,500,read-heavy,1,315520.5370420932,1475.0,3860.0,1556.6155266666667,758.232759779148,0.4871034284251462,0,100,900,1790609996.3597877,2413.384125,3207.073,performance,,32861572.0,31955188.0,29981864.0,0.0,0.0,8.94,12.83,14.29,,,
8,24,sharded_2key,Sharded-2key,100,write-heavy,1,282700.9697949971,333.0,819.0,347.4834,145.86358038263313,0.4197713628410253,0,100,900,1790610000.4587646,2409.902,3179.216,performance,,32861572.0,31948604.0,29975212.0,0.0,0.0,8.23,12.61,14.21,,,
8,25,hdr_histogram,HdrHistogram,1000,mixed,1,295664.9976495815,1900.0,14070.0,3282.34973,3312.5796108030318,1.0092098293264538,0,100,900,1790610003.1291208,2931.5295,3132.213,performance,,32861572.0,31963676.0,29990268.0,0.0,0.0,8.23,12.61,14.21,,,
8,26,sharded_2key,Sharded-2key,2000,write-heavy,1,277254.75106606394,2093.0,43094.0,6949.625016666667,10606.327666060924,1.5261726554489938,0,100,900,1790610008.8876326,2399.235875,3093.887,performance,,32861572.0,31964856.0,29991224.0,0.0,0.0,8.93,12.69,14.23,,,
8,27,disabled,Disabled,3000,read-heavy,1,278525.8081794133,2078.0,75517.0,10337.456191481482,17795.523284632498,1.7214605755037482,0,100,900,1790610018.505429,2300.0,2300.0,performance,,32861572.0,31988364.0,30014492.0,0.0,0.0,8.28,12.42,14.13,,,
8,28,sharded_n,Sharded-N,3000,mixed,1,264810.8965669012,2232.0,76932.0,10864.198103333334,18368.153391021955,1.6907049389486253,0,100,900,1790610031.882794,2410.141,3181.128,performance,,32861572.0,31983780.0,30009516.0,0.0,0.0,9.91,12.6,14.16,,,
8,29,hdr_histogram,HdrHistogram,3000,mixed,1,265767.85210148885,2204.0,77694.0,10839.81532888889,18235.82045356616,1.6822999193506907,0,100,900,1790610045.6205127,2744.773125,3503.913,performance,,32861572.0,31991776.0,30017136.0,0.0,0.0,11.39,12.83,14.21,,,
8,30,disabled,Disabled,1000,mixed,1,290669.76092076924,1940.0,15020.0,3341.041127777778,3406.176756772096,1.0194956082559934,0,100,900,1790610059.3372483,2300.0,2300.0,performance,,32861572.0,32001324.0,30026320.0,0.0,0.0,11.51,12.8,14.18,,,
8,31,global_mutex,GlobalMutex,750,read-heavy,1,307284.0483197857,1826.0,8328.0,2381.6645555555556,1739.3313136564311,0.7303007090562795,0,100,900,1790610065.1255057,2412.841375,3202.731,performance,,32861572.0,31947648.0,29972668.0,0.0,0.0,10.59,12.59,14.1,,,
8,32,global_mutex,GlobalMutex,3000,write-heavy,1,262047.88187424993,2235.0,77358.0,10985.197648148149,18524.389052629038,1.6863045751162997,0,100,900,1790610070.096923,2437.267125,3398.137,performance,,32861572.0,31971236.0,29996156.0,0.0,0.0,9.74,12.38,14.03,,,
8,33,sharded_2key,Sharded-2key,3000,read-heavy,1,272568.87131003,2139.0,75259.0,10584.856402962963,17864.01820374687,1.6876958480746407,0,100,900,1790610083.9739704,2880.986375,3150.375,performance,,32861572.0,32001372.0,30025764.0,0.0,0.0,10.51,12.45,14.03,,,
8,34,thread_local,ThreadLocal,750,read-heavy,1,302416.89201082167,1792.0,8710.0,2419.1065185185184,1852.4890724400552,0.7657740815706352,0,100,900,1790610097.550618,2464.547625,3053.151,performance,,32861572.0,31966816.0,29990856.0,0.0,0.0,11.41,12.52,14.03,,,
8,35,sharded_2key,Sharded-2key,250,read-heavy,1,313567.50267344515,765.0,1598.0,781.2617377777777,321.07620817031983,0.41097137187799515,0,100,900,1790610102.5420449,2300.0,2300.0,performance,,32861572.0,31960944.0,29985080.0,0.0,0.0,11.69,12.56,14.03,,,
8,36,hdr_histogram,HdrHistogram,2000,write-heavy,1,276865.76179167064,2092.0,43169.0,6958.510291111111,10572.17168182716,1.519315376357521,0,100,900,1790610105.8316526,2401.48375,3111.87,performance,,32861572.0,31977940.0,30002044.0,0.0,0.0,10.76,12.35,13.96,,,
8,37,thread_local,ThreadLocal,500,mixed,1,302065.7846048165,1488.0,4320.0,1624.5575288888888,841.3539363683715,0.5178972867423248,0,100,900,1790610115.4340127,3118.1555,3237.737,performance,,32861572.0,31975988.0,29999752.0,0.0,0.0,10.72,12.3,13.92,,,
8,38,sharded_n,Sharded-N,1000,read-heavy,1,293045.9602653024,1923.0,14666.0,3315.6913611111113,3331.6836343334253,1.0048232092437441,0,100,900,1790610119.4370258,2300.0,2300.0,performance,,32861572.0,31974576.0,29998368.0,0.0,0.0,9.87,12.1,13.85,,,
8,39,global_mutex,GlobalMutex,2000,mixed,1,288682.3514533756,1991.0,42147.0,6656.466879444444,10209.18765706734,1.5337246983972688,0,100,900,1790610125.3880937,2300.0,2300.0,performance,,32861572.0,31930404.0,29953928.0,0.0,0.0,9.08,11.9,13.77,,,
8,40,disabled,Disabled,500,write-heavy,1,308511.1424619677,1437.0,4642.0,1588.3566666666666,871.0156086867513,0.5483753283918713,0,100,900,1790610134.7479708,2300.0,2300.0,performance,,32861572.0,31947984.0,29971272.0,0.0,0.0,9.01,11.8,13.72,,,
8,41,hdr_histogram,HdrHistogram,2000,mixed,1,282515.32141093374,2035.0,42507.0,6821.323849444444,10361.775581628914,1.5190270701592357,0,100,900,1790610138.7197685,2389.272125,3014.177,performance,,32861572.0,31969104.0,29992408.0,0.0,0.0,9.01,11.8,13.72,,,
8,42,sharded_n,Sharded-N,2000,read-heavy,1,285127.07745077624,2003.0,42817.0,6747.29867,10203.284991016559,1.512202955589123,0,100,900,1790610148.1894658,2300.0,2300.0,performance,,32861572.0,31975792.0,29998752.0,0.0,0.0,19.17,13.83,14.36,,,
8,43,global_mutex,GlobalMutex,1000,read-heavy,1,295191.71087742806,1913.0,14507.0,3296.43738,3362.844469567987,1.0201451087682991,0,100,900,1790610157.7509866,2392.7925,3042.34,performance,,32861572.0,31975760.0,29998452.0,0.0,0.0,21.2,14.43,14.55,,,
8,44,thread_local,ThreadLocal,3000,read-heavy,1,279442.0888603322,2077.0,70797.0,10302.703383703703,17421.99132921102,1.6910116384373686,0,100,900,1790610163.6640315,2300.0,2300.0,performance,,32861572.0,31958624.0,29981264.0,0.0,0.0,20.46,14.39,14.54,,,
8,45,global_mutex,GlobalMutex,250,read-heavy,1,314930.28287550295,752.0,1726.0,778.9146711111111,348.34825283059445,0.44722261083320003,0,100,900,1790610177.0151498,2300.0,2300.0,performance,,32861572.0,31988148.0,30010288.0,0.0,0.0,25.13,15.81,15.01,,,
8,46,thread_local,ThreadLocal,1000,read-heavy,1,304830.10195874947,1863.0,14092.0,3182.884322222222,3206.6941838087355,1.0074805928133417,0,100,900,1790610180.317087,2300.0,2300.0,performance,,32861572.0,31980264.0,30002440.0,0.0,0.0,23.12,15.55,14.92,,,
8,47,disabled,Disabled,250,write-heavy,1,308788.1057851892,778.0,1646.0,793.8970222222222,326.84358651763995,0.4116951914024841,0,100,900,1790610186.134944,2427.841875,3322.735,performance,,32861572.0,31956064.0,29978196.0,0.0,0.0,21.26,15.29,14.84,,,
8,48,global_mutex,GlobalMutex,250,write-heavy,1,309744.13885517523,771.0,1668.0,793.0472488888889,345.40366298249063,0.4355398287635746,0,100,900,1790610189.2860913,2300.0,2300.0,performance,,32861572.0,31969704.0,29991792.0,0.0,0.0,19.56,15.04,14.76,,,
8,49,sharded_n,Sharded-N,250,read-heavy,1,309034.73768836167,772.0,1654.0,794.4416,343.2990347712823,0.43212620634579346,0,100,900,1790610192.4318259,2413.742,3209.936,performance,,32861572.0,31994344.0,30016404.0,0.0,0.0,19.56,15.04,14.76,,,
8,50,thread_local,ThreadLocal,1500,write-heavy,1,285926.8045484817,1963.0,27083.0,5075.61446962963,6590.104726220857,1.2983855975770635,0,100,900,1790610195.7499316,2392.579375,3040.635,performance,,32861572.0,31992732.0,30014776.0,0.0,0.0,17.99,14.79,14.68,,,
8,51,disabled,Disabled,2000,write-heavy,1,278565.35235804773,2077.0,42103.0,6931.042492777778,10466.08471423677,1.5100303778461241,0,100,900,1790610203.3725643,2399.272,3094.176,performance,,32861572.0,31963068.0,29984764.0,0.0,0.0,18.08,14.86,14.71,,,
8,52,hdr_histogram,HdrHistogram,3000,write-heavy,1,267059.34473976743,2176.0,75444.0,10776.248171481482,18186.592469782983,1.687655311976984,0,100,900,1790610212.9329338,2521.768,3227.965,performance,,32861572.0,31963312.0,29984792.0,0.0,0.0,17.01,14.73,14.67,,,
8,53,sharded_n,Sharded-N,100,write-heavy,1,285803.5435218969,328.0,718.0,341.88952222222224,141.7545183627472,0.414620832605128,0,100,900,1790610226.593719,2412.529375,3200.235,performance,,32861572.0,31982760.0,30003820.0,0.0,0.0,18.16,15.09,14.79,,,
8,54,disabled,Disabled,750,mixed,1,299956.62054016563,1781.0,8942.0,2437.9615214814817,1907.2767089936683,0.7823243690223088,0,100,900,1790610229.264625,2404.42375,3135.39,performance,,32861572.0,31995168.0,30016180.0,0.0,0.0,16.7,14.84,14.71,,,
8,55,global_mutex,GlobalMutex,1000,mixed,1,290358.50052060455,1950.0,14570.0,3349.190801111111,3346.4138621010675,0.9991708627023811,0,100,900,1790610234.124337,2300.0,2300.0,performance,,32861572.0,31988784.0,30009800.0,0.0,0.0,16.7,14.84,14.71,,,
8,56,global_mutex,GlobalMutex,3000,mixed,1,271124.0806280708,2161.0,76353.0,10616.235693703704,17957.560148690634,1.6915186010179613,0,100,900,1790610239.9179437,2401.26,3110.08,performance,,32861572.0,31952776.0,29973688.0,0.0,0.0,14.13,14.35,14.55,,,
8,57,thread_local,ThreadLocal,500,read-heavy,1,310178.41943117586,1462.0,4082.0,1577.7537955555556,804.2317584892842,0.5097321019000304,0,100,900,1790610253.4203753,2884.6335,3179.868,performance,,32861572.0,31972928.0,29993424.0,0.0,0.0,14.45,14.41,14.56,,,
8,58,global_mutex,GlobalMutex,100,write-heavy,1,292324.3622418666,325.0,703.0,336.1810222222222,135.6039253451185,0.4033657951562824,0,100,900,1790610257.54908,2300.0,2300.0,performance,,32861572.0,31975724.0,29996312.0,0.0,0.0,14.1,14.33,14.54,,,
8,59,disabled,Disabled,500,read-heavy,1,313237.236464899,1434.0,4214.0,1561.843811111111,820.3204708282394,0.5252256755716536,0,100,900,1790610260.211978,2397.40375,3079.23,performance,,32861572.0,31989960.0,30010520.0,0.0,0.0,12.97,14.1,14.46,,,
8,60,global_mutex,GlobalMutex,3000,read-heavy,1,275907.5042152456,2117.0,74111.0,10463.544656666667,17879.179074512384,1.7087114989394128,0,100,900,1790610264.3170235,2300.0,2300.0,performance,,32861572.0,31961636.0,29982120.0,0.0,0.0,11.93,13.86,14.38,,,
8,61,sharded_n,Sharded-N,3000,read-heavy,1,274487.78550810285,2122.0,73238.0,10530.858649259259,17679.629465418497,1.6788402593042195,0,100,900,1790610277.7583747,2300.0,2300.0,performance,,32861572.0,31974452.0,29994348.0,0.0,0.0,14.44,14.34,14.54,,,
8,62,thread_local,ThreadLocal,250,mixed,1,300264.7129706019,795.0,1736.0,817.02056,361.10115355323285,0.4419731537150458,0,100,900,1790610291.2776446,2827.2855,3108.823,performance,,32861572.0,31983364.0,30002960.0,0.0,0.0,18.38,15.17,14.8,,,
8,63,sharded_2key,Sharded-2key,1500,read-heavy,1,290287.2116143067,1977.0,26550.0,4998.49491037037,6720.388999547675,1.3444825132471163,0,100,900,1790610294.4437687,2881.068125,3342.627,performance,,32861572.0,31995536.0,30015144.0,0.0,0.0,16.9,14.92,14.72,,,
8,64,sharded_n,Sharded-N,750,mixed,1,293974.1400277797,1860.0,8992.0,2485.7584844444445,1896.6327773861078,0.7629996193334915,0,100,900,1790610302.1572688,2754.8585,3280.107,performance,,32861572.0,31948364.0,29967760.0,0.0,0.0,16.67,14.9,14.72,,,
8,65,sharded_2key,Sharded-2key,1000,read-heavy,1,293403.69633849576,1931.0,14512.0,3305.6635277777777,3302.3147306123865,0.9989869515946644,0,100,900,1790610307.0669374,2406.59275,3152.742,performance,,32861572.0,31952384.0,29971840.0,0.0,0.0,16.38,14.87,14.71,,,
8,66,hdr_histogram,HdrHistogram,500,read-heavy,1,304620.0811821858,1495.0,4270.0,1611.3258977777778,822.6336051944407,0.5105321067134566,0,100,900,1790610313.0176232,2913.407,3244.163,performance,,32861572.0,31942508.0,29961712.0,0.0,0.0,16.11,14.84,14.7,,,
8,67,sharded_n,Sharded-N,2000,mixed,1,281160.9640106929,2044.0,41225.0,6878.759115555556,10154.996828189458,1.476283244927861,0,100,900,1790610317.1810257,2300.0,2300.0,performance,,32861572.0,31965984.0,29985172.0,0.0,0.0,15.86,14.81,14.69,,,
8,68,hdr_histogram,HdrHistogram,3000,read-heavy,1,275668.08352499444,2114.0,74372.0,10447.884753333334,17811.16286091935,1.7047625697858897,0,100,900,1790610326.6990168,2842.843125,3335.674,performance,,32861572.0,31967544.0,29986388.0,0.0,0.0,15.02,14.67,14.64,,,
8,69,disabled,Disabled,3000,write-heavy,1,272909.1601492323,2149.0,74724.0,10588.128614814816,18121.239473623536,1.7114676382253668,0,100,900,1790610340.1765687,2401.351375,3110.811,performance,,32861572.0,31966252.0,29984756.0,0.0,0.0,13.31,14.32,14.53,,,
8,70,thread_local,ThreadLocal,1000,mixed,1,298974.9281830996,1899.0,14395.0,3251.7342733333335,3269.0582703824844,1.0053276176934938,0,100,900,1790610353.6082773,2710.369875,3501.292,performance,,32861572.0,31983308.0,30001444.0,0.0,0.0,12.97,14.21,14.49,,,
8,71,disabled,Disabled,1500,write-heavy,1,287539.18298842746,1998.0,27796.0,5047.969259259259,6959.4834085985785,1.378669926690444,0,100,900,1790610359.3221104,2662.8725,3079.452,performance,,32861572.0,31958724.0,29976820.0,0.0,0.0,12.97,14.18,14.48,,,
8,72,sharded_n,Sharded-N,750,write-heavy,1,293612.59412065434,1884.0,8713.0,2494.3436296296295,1861.8292436415911,0.7464205097988216,0,100,900,1790610366.9181778,2300.0,2300.0,performance,,32861572.0,31942828.0,29960656.0,0.0,0.0,16.33,14.86,14.7,,,
8,73,sharded_n,Sharded-N,3000,write-heavy,1,264862.1329644115,2206.0,78058.0,10894.624588518518,18385.83042827811,1.687605688373542,0,100,900,1790610371.8285868,2939.163125,3416.479,performance,,32861572.0,31963808.0,29981616.0,0.0,0.0,16.15,14.85,14.7,,,
8,74,sharded_2key,Sharded-2key,2000,read-heavy,1,288674.51520947326,1974.0,40474.0,6651.901995555556,10009.545440903556,1.5047644188972413,0,100,900,1790610385.5607898,2782.749375,3214.941,performance,,32861572.0,31979236.0,29996560.0,0.0,0.0,14.22,14.49,14.58,,,
8,75,hdr_histogram,HdrHistogram,250,read-heavy,1,313742.0822444554,759.0,1687.0,782.75708,335.8071171778507,0.42900553154734894,0,100,900,1790610395.0442805,2300.0,2300.0,performance,,32861572.0,31939160.0,29956348.0,0.0,0.0,13.43,14.33,14.53,,,
8,76,sharded_2key,Sharded-2key,250,write-heavy,1,310108.1034643464,762.0,1735.0,789.6088044444444,355.7584620837381,0.45055027259231717,0,100,900,1790610398.3506138,2408.865,3170.92,performance,,32861572.0,31954020.0,29971188.0,0.0,0.0,13.43,14.33,14.53,,,
8,77,thread_local,ThreadLocal,2000,read-heavy,1,297611.7508166571,1933.0,38954.0,6455.571063333334,9837.34596631877,1.5238537179450173,0,100,900,1790610401.4955034,2409.5005,3176.004,performance,,32861572.0,31971112.0,29988320.0,0.0,0.0,13.88,14.4,14.55,,,
8,78,sharded_2key,Sharded-2key,500,mixed,1,307015.856140224,1485.0,4267.0,1599.0086733333333,822.6992993518135,0.5145058391939764,0,100,900,1790610410.8047938,3052.5525,3198.832,performance,,32861572.0,31958520.0,29975340.0,0.0,0.0,13.95,14.42,14.56,,,
8,79,hdr_histogram,HdrHistogram,750,mixed,1,302363.73074966145,1829.0,8638.0,2430.2331644444444,1820.0134496361532,0.7489048689911247,0,100,900,1790610414.7841423,2300.0,2300.0,performance,,32861572.0,31967492.0,29984284.0,0.0,0.0,12.84,14.18,14.48,,,
8,80,thread_local,ThreadLocal,250,write-heavy,1,310165.698125337,768.0,1715.0,791.0559155555555,351.33264860247107,0.44413124495217443,0,100,900,1790610419.619765,2397.661125,3081.289,performance,,32861572.0,31928080.0,29944788.0,0.0,0.0,11.81,13.94,14.4,,,
8,81,global_mutex,GlobalMutex,750,mixed,1,298858.2092892413,1806.0,8588.0,2445.8735629629628,1847.6088227666817,0.7553983373238904,0,100,900,1790610422.7667513,2404.811625,3138.493,performance,,32861572.0,31974988.0,29991688.0,0.0,0.0,11.81,13.94,14.4,,,
8,82,thread_local,ThreadLocal,250,read-heavy,1,318476.8767782899,754.0,1587.0,771.8225511111111,324.7410297856974,0.42074571327075394,0,100,900,1790610427.636968,2581.323125,3108.923,performance,,32861572.0,31956028.0,29972600.0,0.0,0.0,13.66,14.29,14.51,,,
8,83,sharded_2key,Sharded-2key,750,mixed,1,312701.9272695343,1757.0,8152.0,2340.609703703704,1724.1117879164149,0.7366079808984116,0,100,900,1790610430.934793,2403.2475,3125.98,performance,,32861572.0,31978180.0,29994728.0,0.0,0.0,12.57,14.06,14.43,,,
8,84,disabled,Disabled,2000,mixed,1,283724.2291990097,2032.0,43358.0,6825.064778888889,10464.631986834302,1.5332648591414437,0,100,900,1790610435.6963394,2471.688625,3041.061,performance,,32861572.0,31961216.0,29977640.0,0.0,0.0,11.56,13.82,14.35,,,
8,85,disabled,Disabled,1500,read-heavy,1,301397.5217703527,1875.0,26069.0,4797.504018518519,6382.151787576809,1.3303067101020654,0,100,900,1790610445.1473489,2300.0,2300.0,performance,,32861572.0,31973408.0,29989472.0,0.0,0.0,11.78,13.81,14.35,,,
8,86,sharded_2key,Sharded-2key,1500,mixed,1,287888.2704854544,1998.0,26549.0,5032.337696296297,6750.67204065661,1.3414584727938617,0,100,900,1790610452.6856573,2411.473,3191.784,performance,,32861572.0,31950724.0,29966668.0,0.0,0.0,11.96,13.81,14.34,,,
8,87,hdr_histogram,HdrHistogram,100,mixed,1,292009.0497108614,322.0,767.0,336.5694222222222,141.65221854171148,0.42087073034277206,0,100,900,1790610460.2739723,2300.0,2300.0,performance,,32861572.0,31957476.0,29973172.0,0.0,0.0,11.45,13.65,14.29,,,
8,88,thread_local,ThreadLocal,750,mixed,1,301532.5132679097,1823.0,8565.0,2429.8522992592593,1810.9985422217474,0.7453121915162623,0,100,900,1790610462.9391956,2722.204625,3247.047,performance,,32861572.0,31974000.0,29989672.0,0.0,0.0,11.45,13.65,14.29,,,
8,89,sharded_2key,Sharded-2key,100,read-heavy,1,298356.82366222615,316.0,709.0,328.4610333333333,135.41253461997093,0.41226361996660266,0,100,900,1790610467.7836776,2410.317125,3182.537,performance,,32861572.0,31956120.0,29971812.0,0.0,0.0,11.89,13.71,14.3,,,
8,90,sharded_2key,Sharded-2key,750,write-heavy,1,296327.25012867415,1864.0,8740.0,2473.8350607407406,1844.9665133984295,0.7457920468012087,0,100,900,1790610470.6061509,2300.0,2300.0,performance,,32861572.0,31972300.0,29988012.0,0.0,0.0,10.94,13.48,14.22,,,
8,91,disabled,Disabled,750,read-heavy,1,302876.0786670171,1757.0,8698.0,2413.387405925926,1873.7607675664826,0.7764028116520277,0,100,900,1790610475.4982665,2524.527625,3200.0,performance,,32861572.0,31962108.0,29977628.0,0.0,0.0,10.06,13.25,14.15,,,
8,92,disabled,Disabled,100,write-heavy,1,299236.0722515205,317.0,654.0,326.61944444444447,126.54684578695132,0.3874443115357022,0,100,900,1790610480.4834218,2503.9875,3117.014,performance,,32861572.0,31968816.0,29984264.0,0.0,0.0,9.26,13.03,14.07,,,
8,93,thread_local,ThreadLocal,3000,mixed,1,270577.6994064325,2172.0,77211.0,10660.917734814815,17999.064045978317,1.6883221964277701,0,100,900,1790610483.1402097,2300.0,2300.0,performance,,32861572.0,31974540.0,29989960.0,0.0,0.0,9.26,13.03,14.07,,,
8,94,sharded_2key,Sharded-2key,3000,write-heavy,1,267769.6034483711,2200.0,79131.0,10768.119638148148,18506.229005737503,1.7186128709208992,0,100,900,1790610496.6399646,2772.2435,3205.386,performance,,32861572.0,31992628.0,30007588.0,0.0,0.0,10.2,13.06,14.06,,,
8,95,global_mutex,GlobalMutex,250,mixed,1,307887.6021140876,779.0,1633.0,795.9418666666667,333.93210079139163,0.4195433294517719,0,100,900,1790610510.2713394,2726.254125,3585.879,performance,,32861572.0,32004432.0,30018960.0,0.0,0.0,10.8,13.09,14.06,,,
8,96,sharded_n,Sharded-N,100,read-heavy,1,284108.2318011536,329.0,779.0,344.9892111111111,144.67054918337638,0.41934803908050955,0,100,900,1790610513.411701,2401.304875,3110.439,performance,,32861572.0,31972156.0,29986772.0,0.0,0.0,10.8,13.09,14.06,,,
8,97,global_mutex,GlobalMutex,1500,write-heavy,1,281444.3691753098,2034.0,27969.0,5138.656180740741,6837.662097580489,1.3306323398727244,0,100,900,1790610516.251948,2408.231875,3165.855,performance,,32861572.0,31975616.0,29990200.0,0.0,0.0,10.82,13.05,14.04,,,
8,98,sharded_2key,Sharded-2key,500,write-heavy,1,300479.8516998118,1524.0,4172.0,1634.4005488888888,808.5316191585955,0.49469612556619486,0,100,900,1790610523.9670906,2401.84975,3114.798,performance,,32861572.0,31948236.0,29962584.0,0.0,0.0,11.88,13.23,14.09,,,
8,99,disabled,Disabled,1000,write-heavy,1,289304.68850935943,1949.0,14735.0,3356.511592222222,3300.191021444019,0.9832205046129707,0,100,900,1790610527.9809716,2814.417875,3258.571,performance,,32861572.0,31953208.0,29967460.0,0.0,0.0,10.92,13.01,14.02,,,
8,100,hdr_histogram,HdrHistogram,100,write-heavy,1,288704.6805466831,327.0,733.0,340.3504888888889,138.10168855089879,0.4057631560975474,0,100,900,1790610533.7943926,2300.0,2300.0,performance,,32861572.0,31948008.0,29962168.0,0.0,0.0,11.17,13.03,14.02,,,
8,101,sharded_2key,Sharded-2key,1500,write-heavy,1,278345.16853931604,2078.0,28383.0,5216.889553333333,6944.421511843236,1.331142137637569,0,100,900,1790610536.467573,2412.813125,3202.505,performance,,32861572.0,31983176.0,29997336.0,0.0,0.0,11.64,13.1,14.03,,,
8,102,disabled,Disabled,3000,mixed,1,268028.72008620837,2171.0,77419.0,10751.13946037037,18476.96640431921,1.7186054066573042,0,100,900,1790610544.2305846,2411.1565,3189.252,performance,,32861572.0,31947960.0,29961944.0,0.0,0.0,11.67,13.08,14.02,,,
8,103,hdr_histogram,HdrHistogram,750,read-heavy,1,299821.8441279152,1809.0,8508.0,2440.2847155555555,1834.933802732739,0.7519343095647746,0,100,900,1790610557.8231094,2300.0,2300.0,performance,,32861572.0,31980496.0,29994028.0,0.0,0.0,11.67,12.98,13.97,,,
8,104,sharded_n,Sharded-N,1000,mixed,1,288615.38554033526,1986.0,14878.0,3364.693893333333,3360.3271780570317,0.9987021953809964,0,100,900,1790610562.8602774,2515.95025,3178.305,performance,,32861572.0,31967452.0,29981088.0,0.0,0.0,12.33,13.1,14.01,,,
8,105,global_mutex,GlobalMutex,1500,read-heavy,1,291423.58062489907,1964.0,25926.0,4979.292340740741,6612.188211791498,1.3279373371373173,0,100,900,1790610568.6923256,2615.234625,3177.401,performance,,32861572.0,31964592.0,29978036.0,0.0,0.0,12.79,13.18,14.03,,,
8,106,thread_local,ThreadLocal,2000,write-heavy,1,276055.4646664409,2093.0,45414.0,6986.650799444445,10788.88095986959,1.5442135680700524,0,100,900,1790610576.394696,2502.81975,3141.633,performance,,32861572.0,31960468.0,29973664.0,0.0,0.0,14.52,13.55,14.14,,,
8,107,global_mutex,GlobalMutex,750,write-heavy,1,295996.2150898199,1855.0,8607.0,2479.8360014814816,1836.027132402676,0.7403824814648279,0,100,900,1790610586.049803,2395.162875,3061.303,performance,,32861572.0,31955732.0,29968620.0,0.0,0.0,13.46,13.36,14.07,,,
8,108,thread_local,ThreadLocal,2000,mixed,1,281051.19887361926,2060.0,41938.0,6856.915437222222,10328.803672567785,1.5063338270877153,0,100,900,1790610590.9427552,2403.853375,3130.827,performance,,32861572.0,31971856.0,29984772.0,0.0,0.0,12.38,13.14,14.0,,,
8,109,sharded_2key,Sharded-2key,1000,write-heavy,1,282438.41904847644,2008.0,14953.0,3438.8275544444446,3410.9569918763204,0.9918953299847492,0,100,900,1790610600.4567895,2389.621,3016.968,performance,,32861572.0,31961912.0,29974516.0,0.0,0.0,11.29,12.89,13.91,,,
8,110,sharded_n,Sharded-N,2000,write-heavy,1,276672.57591281,2100.0,41637.0,6970.254958333333,10598.022510804953,1.5204641113069213,0,100,900,1790610606.3606343,2399.45025,3095.602,performance,,32861572.0,31955280.0,29967748.0,0.0,0.0,13.67,13.36,14.05,,,
8,111,thread_local,ThreadLocal,100,mixed,1,298587.2374717747,315.0,704.0,329.35714444444443,133.05183493230913,0.4039743396389331,0,100,900,1790610616.0081491,2300.0,2300.0,performance,,32861572.0,31980956.0,29993140.0,0.0,0.0,15.77,13.85,14.21,,,
8,112,sharded_n,Sharded-N,100,mixed,1,291088.3043927735,321.0,765.0,336.71323333333333,139.05980821491988,0.4129918115729534,0,100,900,1790610618.6668649,2409.50975,3176.078,performance,,32861572.0,31998400.0,30010556.0,0.0,0.0,15.77,13.85,14.21,,,
8,113,thread_local,ThreadLocal,500,write-heavy,1,311486.4255506683,1487.0,3812.0,1568.1555555555556,747.9038832947901,0.4769322027047424,0,100,900,1790610621.3316212,2449.75625,3080.897,performance,,32861572.0,32001648.0,30013760.0,0.0,0.0,14.74,13.67,14.15,,,
8,114,hdr_histogram,HdrHistogram,250,mixed,1,317348.7794948592,763.0,1533.0,774.0307822222222,309.8858994610231,0.400353456966335,0,100,900,1790610625.2904618,2389.663875,3017.311,performance,,32861572.0,31959564.0,29971716.0,0.0,0.0,13.56,13.44,14.07,,,
8,115,hdr_histogram,HdrHistogram,750,write-heavy,1,292401.967240409,1864.0,9037.0,2508.4948740740742,1908.0344228790536,0.760629189478946,0,100,900,1790610628.417816,2475.48375,3136.76,performance,,32861572.0,31982432.0,29994608.0,0.0,0.0,13.56,13.44,14.07,,,
8,116,sharded_n,Sharded-N,500,mixed,1,299419.3209403215,1509.0,4479.0,1638.42648,868.2197884909309,0.5299107400235199,0,100,900,1790610633.3383906,2300.0,2300.0,performance,,32861572.0,31961820.0,29973788.0,0.0,0.0,13.84,13.5,14.09,,,
8,117,sharded_2key,Sharded-2key,2000,mixed,1,282512.8344003305,2034.0,39521.0,6847.842155555555,10034.458317862067,1.4653460301682415,0,100,900,1790610637.3579817,2392.5975,3040.78,performance,,32861572.0,31963876.0,29975776.0,0.0,0.0,13.53,13.44,14.06,,,
8,118,disabled,Disabled,100,read-heavy,1,296703.2461659306,317.0,742.0,330.84364444444446,136.56794493618006,0.4127869681931057,0,100,900,1790610646.8473957,2417.791375,3242.331,performance,,32861572.0,31971012.0,29982564.0,0.0,0.0,13.78,13.49,14.07,,,
8,119,sharded_n,Sharded-N,500,read-heavy,1,311978.05053883157,1459.0,4189.0,1567.4846311111112,806.1727699365736,0.5143098400684912,0,100,900,1790610649.6711137,2300.0,2300.0,performance,,32861572.0,31990200.0,30001724.0,0.0,0.0,12.68,13.27,14.0,,,
8,120,thread_local,ThreadLocal,100,read-heavy,1,300448.4483525161,313.0,726.0,326.1591,132.52806857987323,0.4063295139699405,0,100,900,1790610653.7892883,2300.0,2300.0,performance,,32861572.0,31962580.0,29974124.0,0.0,0.0,12.68,13.27,14.0,,,
8,121,global_mutex,GlobalMutex,1000,write-heavy,1,290093.2398545387,1942.0,14821.0,3335.59436,3412.9196711312484,1.0231818688922498,0,100,900,1790610656.6099582,2410.54225,3184.338,performance,,32861572.0,31976548.0,29988064.0,0.0,0.0,11.66,13.05,13.92,,,
8,122,hdr_histogram,HdrHistogram,500,write-heavy,1,303014.6772673699,1512.0,4218.0,1616.6010155555555,810.3063343568651,0.5012407678578614,0,100,900,1790610662.427003,2300.0,2300.0,performance,,32861572.0,31941812.0,29953140.0,0.0,0.0,12.65,13.23,13.98,,,
8,123,thread_local,ThreadLocal,100,write-heavy,1,286132.34232519905,330.0,731.0,343.1209666666667,139.76490865678642,0.40733421223006894,0,100,900,1790610666.4271076,3015.670875,3197.043,performance,,32861572.0,31979876.0,29991260.0,0.0,0.0,13.48,13.39,14.03,,,
8,124,sharded_n,Sharded-N,250,write-heavy,1,303771.84467381967,774.0,1795.0,807.8613377777777,381.21629046885215,0.4718833203696587,0,100,900,1790610669.0999663,2624.362375,3321.772,performance,,32861572.0,31992364.0,30003720.0,0.0,0.0,13.48,13.39,14.03,,,
8,125,hdr_histogram,HdrHistogram,1000,write-heavy,1,285062.70440690446,2001.0,15057.0,3412.050601111111,3425.8924770070503,1.0040567616117508,0,100,900,1790610672.2633624,2919.741375,3238.125,performance,,32861572.0,31996956.0,30008268.0,0.0,0.0,12.4,13.17,13.95,,,
8,126,thread_local,ThreadLocal,3000,write-heavy,1,259733.91216327276,2269.0,79470.0,11091.84616888889,18764.581002064424,1.691745514348775,0,100,900,1790610678.128565,2449.235625,3493.885,performance,,32861572.0,31950840.0,29961932.0,0.0,0.0,12.69,13.22,13.96,,,
8,127,global_mutex,GlobalMutex,2000,read-heavy,1,278480.1934407834,2077.0,40895.0,6920.507472777777,10473.287827335642,1.5133699181068636,0,100,900,1790610692.0938156,2496.44525,3165.225,performance,,32861572.0,31987760.0,29998352.0,0.0,0.0,15.85,13.89,14.17,,,
8,128,disabled,Disabled,1500,mixed,1,284192.2217041943,2005.0,28197.0,5095.1756725925925,6908.607432746279,1.3559115282144831,0,100,900,1790610701.8375545,2343.713875,2649.711,performance,,32861572.0,31976444.0,29986844.0,0.0,0.0,16.23,14.04,14.22,,,
8,129,sharded_n,Sharded-N,250,mixed,1,309562.3653690056,775.0,1688.0,793.6235955555555,339.40319539827925,0.42766268203088,0,100,900,1790610709.4939601,2436.37275,3390.982,performance,,32861572.0,31971016.0,29981288.0,0.0,0.0,20.81,15.15,14.58,,,
8,130,disabled,Disabled,2000,read-heavy,1,286867.3437660861,2025.0,43258.0,6707.384443333333,10283.428264173808,1.5331502690880958,0,100,900,1790610712.6389225,2394.407,3055.256,performance,,32861572.0,31990524.0,30000832.0,0.0,0.0,20.81,15.15,14.58,,,
8,131,global_mutex,GlobalMutex,100,read-heavy,1,291543.270437559,321.0,803.0,336.7970555555556,148.30349588097621,0.4403348943664181,0,100,900,1790610722.179362,2300.0,2300.0,performance,,32861572.0,31946148.0,29956080.0,0.0,0.0,20.8,15.33,14.64,,,
8,132,hdr_histogram,HdrHistogram,1000,read-heavy,1,290204.35953353223,1954.0,14524.0,3346.046482222222,3316.088580863595,0.9910467766907018,0,100,900,1790610725.003271,2300.0,2300.0,performance,,32861572.0,31967720.0,29977620.0,0.0,0.0,19.21,15.09,14.57,,,
8,133,global_mutex,GlobalMutex,500,write-heavy,1,299936.6195930828,1524.0,4304.0,1635.81574,823.6399775057067,0.5035041278583777,0,100,900,1790610730.9830942,2300.0,2300.0,performance,,32861572.0,31955116.0,29964976.0,0.0,0.0,17.67,14.84,14.49,,,
8,134,global_mutex,GlobalMutex,1500,mixed,1,291673.82474742853,1961.0,27322.0,4963.198347407408,6733.305739052319,1.35664651455438,0,100,900,1790610734.9997215,2705.078625,3195.984,performance,,32861572.0,31974724.0,29984588.0,0.0,0.0,16.26,14.59,14.41,,,
8,135,thread_local,ThreadLocal,1000,write-heavy,1,303382.43299348955,1906.0,13586.0,3206.8533844444446,3116.8342171971876,0.9719291291320287,0,100,900,1790610742.5423899,2808.006625,3262.174,performance,,32861572.0,31942996.0,29952580.0,0.0,0.0,16.48,14.66,14.44,,,
8,136,global_mutex,GlobalMutex,2000,write-heavy,1,276895.8228340238,2099.0,44281.0,6957.923723333333,10577.477362529484,1.5202059957998693,0,100,900,1790610748.2017536,2385.608625,2984.869,performance,,32861572.0,31955964.0,29965496.0,0.0,0.0,15.8,14.55,14.4,,,
8,137,thread_local,ThreadLocal,1500,mixed,1,286831.5416153207,1976.0,27227.0,5055.875565185185,6710.990756816543,1.3273647007906006,0,100,900,1790610757.8076823,2502.281375,3117.712,performance,,32861572.0,31970644.0,29979716.0,0.0,0.0,24.08,16.43,15.02,,,
8,138,sharded_n,Sharded-N,1500,read-heavy,1,292791.6672740738,1963.0,27517.0,4958.7496459259255,6714.203882216286,1.354011466929497,0,100,900,1790610765.3808186,2764.225875,3111.617,performance,,32861572.0,31965172.0,29974196.0,0.0,0.0,21.41,16.12,14.93,,,
8,139,hdr_histogram,HdrHistogram,250,write-heavy,1,304135.43864246557,779.0,1776.0,807.2941422222223,365.7024183637043,0.45299773556766143,0,100,900,1790610773.0801501,2300.0,2300.0,performance,,32861572.0,31954460.0,29963276.0,0.0,0.0,20.81,16.08,14.93,,,
8,140,sharded_2key,Sharded-2key,750,read-heavy,1,301639.4495544258,1806.0,8473.0,2426.759459259259,1823.84516341783,0.7515558068431464,0,100,900,1790610776.2437668,2387.924125,3003.393,performance,,32861572.0,31976888.0,29985704.0,0.0,0.0,19.15,15.81,14.84,,,
8,141,sharded_n,Sharded-N,1500,mixed,1,281689.9413551047,2021.0,28118.0,5148.561222222223,6996.318486806278,1.3588880824819105,0,100,900,1790610781.2512956,2300.0,2300.0,performance,,32861572.0,31934936.0,29943616.0,0.0,0.0,17.61,15.55,14.76,,,
8,142,hdr_histogram,HdrHistogram,1500,mixed,1,282170.31169833743,2037.0,28402.0,5125.62832962963,6952.349435039509,1.3563896927231702,0,100,900,1790610788.9704256,2300.0,2300.0,performance,,32861572.0,31950132.0,29958580.0,0.0,0.0,17.65,15.59,14.78,,,
8,143,sharded_2key,Sharded-2key,100,mixed,1,298871.93081066984,314.0,745.0,328.2434666666667,139.7283272466731,0.42568502174810413,0,100,900,1790610796.6625926,2394.4055,3055.244,performance,,32861572.0,31943296.0,29951576.0,0.0,0.0,17.03,15.54,14.77,,,
8,144,thread_local,ThreadLocal,750,write-heavy,1,292819.65713506885,1830.0,8916.0,2494.0064948148147,1919.8268759281282,0.7697762134619779,0,100,900,1790610799.3179867,2300.0,2300.0,performance,,32861572.0,31974116.0,29982368.0,0.0,0.0,15.67,15.28,14.69,,,
9,1,sharded_n,Sharded-N,3000,write-heavy,1,261556.8086129374,2258.0,78875.0,11013.517932962963,18512.34165467412,1.6808745186919356,0,100,900,1790610804.241992,2582.8715,3123.076,performance,,32861572.0,31935916.0,29944144.0,0.0,0.0,15.67,15.28,14.69,,,
9,2,disabled,Disabled,2000,write-heavy,1,281444.19169892586,2040.0,43039.0,6853.986790555556,10357.060542564315,1.511100160980149,0,100,900,1790610818.1680067,2300.0,2300.0,performance,,32861572.0,31983392.0,29991100.0,0.0,0.0,16.96,15.58,14.8,,,
9,3,global_mutex,GlobalMutex,500,read-heavy,1,310859.2322985583,1455.0,4347.0,1577.8381044444445,835.8016427821528,0.5297131818707331,0,100,900,1790610827.6679654,2398.20825,3085.666,performance,,32861572.0,31970840.0,29978276.0,0.0,0.0,18.02,15.84,14.89,,,
9,4,disabled,Disabled,1000,read-heavy,1,300897.73249717435,1885.0,14124.0,3228.5409066666666,3265.3900412368794,1.0114135566608813,0,100,900,1790610831.793726,2798.785125,3217.791,performance,,32861572.0,31982664.0,29990200.0,0.0,0.0,18.02,15.88,14.91,,,
9,5,sharded_2key,Sharded-2key,3000,write-heavy,1,267619.0445826335,2182.0,75504.0,10771.114302592592,18254.105782172966,1.69472770127221,0,100,900,1790610837.6539524,2400.55525,3104.442,performance,,32861572.0,31952992.0,29960408.0,0.0,0.0,17.94,15.9,14.92,,,
9,6,global_mutex,GlobalMutex,1000,mixed,1,293553.93926655635,1951.0,14371.0,3308.767358888889,3323.5453539156492,1.00446631431704,0,100,900,1790610851.2830992,2505.902,3146.264,performance,,32861572.0,31971476.0,29978412.0,0.0,0.0,15.75,15.52,14.82,,,
9,7,sharded_2key,Sharded-2key,1000,mixed,1,294687.11102549674,1933.0,14519.0,3295.0714344444445,3295.919299972386,1.0002573132464074,0,100,900,1790610857.0502386,2300.0,2300.0,performance,,32861572.0,31970020.0,29976928.0,0.0,0.0,15.69,15.51,14.82,,,
9,8,thread_local,ThreadLocal,250,mixed,1,311569.0438136587,769.0,1668.0,789.4769066666667,337.89461331917965,0.42799809654450816,0,100,900,1790610862.7967284,2412.0665,3196.532,performance,,32861572.0,31959452.0,29966204.0,0.0,0.0,16.19,15.62,14.86,,,
9,9,disabled,Disabled,1500,read-heavy,1,303297.64441559184,1849.0,25886.0,4781.857031111111,6206.071303711416,1.297837066924892,0,100,900,1790610865.9319327,2443.630625,3449.045,performance,,32861572.0,31994324.0,30001020.0,0.0,0.0,14.9,15.36,14.78,,,
9,10,global_mutex,GlobalMutex,1500,mixed,1,285692.1310604373,2012.0,28593.0,5076.931604444444,6938.559435381845,1.3666836538250182,0,100,900,1790610873.435341,2300.0,2300.0,performance,,32861572.0,31961848.0,29968284.0,0.0,0.0,16.27,15.64,14.87,,,
9,11,global_mutex,GlobalMutex,750,read-heavy,1,305498.40067694965,1795.0,8781.0,2399.7667807407406,1827.6595338788266,0.761598813912525,0,100,900,1790610881.0614648,2465.866125,3158.33,performance,,32861572.0,31967732.0,29974068.0,0.0,0.0,15.31,15.47,14.82,,,
9,12,thread_local,ThreadLocal,2000,read-heavy,1,288916.2112740988,1977.0,40553.0,6688.288297777778,10097.798116645978,1.5097731537680619,0,100,900,1790610886.0547497,2419.463375,3255.707,performance,,32861572.0,31958004.0,29964288.0,0.0,0.0,14.09,15.21,14.74,,,
9,13,sharded_n,Sharded-N,250,write-heavy,1,313147.40311583644,759.0,1626.0,779.4619511111111,338.2709487936689,0.43398006575108483,0,100,900,1790610895.5370934,3044.115125,3273.238,performance,,32861572.0,31966872.0,29972836.0,0.0,0.0,13.17,14.99,14.68,,,
9,14,sharded_2key,Sharded-2key,500,read-heavy,1,307904.80221767875,1472.0,4171.0,1594.493311111111,813.2574646193176,0.5100413146622766,0,100,900,1790610898.6714365,2938.97725,3681.367,performance,,32861572.0,31972936.0,29978888.0,0.0,0.0,13.17,14.99,14.68,,,
9,15,sharded_2key,Sharded-2key,3000,mixed,1,272069.19963445555,2145.0,73492.0,10601.212196296296,17887.334102851986,1.6872913938182668,0,100,900,1790610902.8091812,2300.0,2300.0,performance,,32861572.0,31965784.0,29971692.0,0.0,0.0,13.48,15.02,14.69,,,
9,16,disabled,Disabled,750,write-heavy,1,298354.69228570664,1828.0,8865.0,2456.392533333333,1869.1559929973255,0.7609353829377076,0,100,900,1790610916.2601755,2300.0,2300.0,performance,,32861572.0,31976092.0,29981528.0,0.0,0.0,15.15,15.38,14.81,,,
9,17,sharded_2key,Sharded-2key,1500,write-heavy,1,281437.26959047356,2038.0,26960.0,5157.383808888889,6834.375371091444,1.3251632270051756,0,100,900,1790610921.1240935,2300.0,2300.0,performance,,32861572.0,31959280.0,29964800.0,0.0,0.0,13.94,15.12,14.73,,,
9,18,sharded_2key,Sharded-2key,100,mixed,1,293782.5985659714,319.0,745.0,333.1682222222222,140.76972485552264,0.42251846204476745,0,100,900,1790610928.839121,2300.0,2300.0,performance,,32861572.0,31962288.0,29967464.0,0.0,0.0,13.7,15.05,14.71,,,
9,19,hdr_histogram,HdrHistogram,1000,mixed,1,291947.39456340525,1937.0,14532.0,3329.6194133333333,3343.141922611914,1.0040612777617857,0,100,900,1790610931.502112,2593.7975,3096.259,performance,,32861572.0,31976840.0,29981984.0,0.0,0.0,14.53,15.2,14.76,,,
9,20,sharded_2key,Sharded-2key,1500,read-heavy,1,293824.1571186818,1923.0,26087.0,4932.53566,6424.1072100364545,1.3023944787935815,0,100,900,1790610937.2932365,2300.0,2300.0,performance,,32861572.0,31956484.0,29961568.0,0.0,0.0,14.17,15.12,14.74,,,
9,21,sharded_n,Sharded-N,1500,read-heavy,1,293122.6213104709,1942.0,26999.0,4926.737647407407,6565.970366268656,1.332721739247443,0,100,900,1790610944.9503152,2300.0,2300.0,performance,,32861572.0,31961868.0,29966804.0,0.0,0.0,12.72,14.78,14.63,,,
9,22,sharded_n,Sharded-N,750,mixed,1,292777.7507668013,1882.0,8794.0,2504.541557037037,1871.8770240866243,0.7473930783169445,0,100,900,1790610952.6264749,3153.26725,3258.727,performance,,32861572.0,31950024.0,29954700.0,0.0,0.0,13.63,14.93,14.68,,,
9,23,global_mutex,GlobalMutex,1000,write-heavy,1,295041.5589016172,1932.0,14549.0,3299.498411111111,3338.6836665988217,1.0118761249757702,0,100,900,1790610957.536997,2395.213875,3061.711,performance,,32861572.0,31964676.0,29969336.0,0.0,0.0,17.1,15.63,14.91,,,
9,24,hdr_histogram,HdrHistogram,1500,mixed,1,287267.25309247663,1996.0,26627.0,5049.849034074074,6543.864310144049,1.2958534534377253,0,100,900,1790610963.3045335,2469.370375,3195.447,performance,,32861572.0,31947256.0,29951744.0,0.0,0.0,17.09,15.66,14.92,,,
9,25,sharded_2key,Sharded-2key,250,mixed,1,323443.3704163122,742.0,1540.0,758.4274488888889,306.92099326606524,0.404680755839877,0,100,900,1790610970.922704,2446.8505,3474.804,performance,,32861572.0,31944940.0,29949184.0,0.0,0.0,16.31,15.55,14.9,,,
9,26,thread_local,ThreadLocal,1000,write-heavy,1,294234.98085370153,1945.0,14148.0,3310.770562222222,3273.838487541105,0.9888448704049345,0,100,900,1790610974.0362155,2300.0,2300.0,performance,,32861572.0,31977952.0,29982212.0,0.0,0.0,16.31,15.55,14.9,,,
9,27,sharded_2key,Sharded-2key,1000,write-heavy,1,288396.6974555969,1964.0,15220.0,3369.428622222222,3453.9399520945303,1.0250817985325271,0,100,900,1790610979.8032966,2300.0,2300.0,performance,,32861572.0,31965276.0,29969428.0,0.0,0.0,13.8,15.04,14.74,,,
9,28,sharded_2key,Sharded-2key,2000,read-heavy,1,292688.75323912443,1913.0,37699.0,6567.903466666667,9573.435979080039,1.4576091179882606,0,100,900,1790610985.634438,2675.5305,3083.152,performance,,32861572.0,31950444.0,29954492.0,0.0,0.0,12.69,14.79,14.66,,,
9,29,sharded_n,Sharded-N,500,mixed,1,309558.57037979783,1494.0,3836.0,1576.8845377777777,765.3424323121218,0.48535096513196807,0,100,900,1790610995.0513134,3036.398,3333.011,performance,,32861572.0,31954968.0,29958672.0,0.0,0.0,11.63,14.5,14.56,,,
9,30,sharded_n,Sharded-N,3000,mixed,1,265926.7963615284,2188.0,77661.0,10850.615505925925,18274.391343577852,1.6841801585907754,0,100,900,1790610999.020105,2751.202125,3310.206,performance,,32861572.0,31984944.0,29988720.0,0.0,0.0,11.63,14.5,14.56,,,
9,31,disabled,Disabled,3000,write-heavy,1,267854.4833119085,2207.0,79041.0,10754.438304444444,18424.23782059891,1.713175276944478,0,100,900,1790611012.7333248,2300.0,2300.0,performance,,32861572.0,31977472.0,29980744.0,0.0,0.0,11.97,14.41,14.53,,,
9,32,global_mutex,GlobalMutex,100,mixed,1,286858.0854309212,325.0,789.0,341.46704444444447,150.12499065655064,0.43964708483302983,0,100,900,1790611026.3578477,2389.722375,3017.779,performance,,32861572.0,31980096.0,29982916.0,0.0,0.0,12.17,14.35,14.51,,,
9,33,disabled,Disabled,1000,mixed,1,294553.23671694583,1908.0,14575.0,3300.9385944444443,3346.216964684998,1.0137168168825552,0,100,900,1790611029.0280344,2300.0,2300.0,performance,,32861572.0,31980108.0,29982896.0,0.0,0.0,12.17,14.35,14.51,,,
9,34,sharded_n,Sharded-N,100,read-heavy,1,291214.39561027824,327.0,703.0,337.3660222222222,134.62075171230512,0.39903470665350743,0,100,900,1790611034.7860935,2300.0,2300.0,performance,,32861572.0,31974348.0,29977180.0,0.0,0.0,10.3,13.88,14.36,,,
9,35,global_mutex,GlobalMutex,750,mixed,1,296163.1217263126,1809.0,8744.0,2469.026822222222,1877.6792875907047,0.7604936773836741,0,100,900,1790611037.6079354,2421.086,3268.688,performance,,32861572.0,31992600.0,29995404.0,0.0,0.0,10.3,13.88,14.36,,,
9,36,hdr_histogram,HdrHistogram,3000,write-heavy,1,265251.4056752641,2211.0,78378.0,10847.281152222222,18633.69765034036,1.7178219490072846,0,100,900,1790611042.5003202,2300.0,2300.0,performance,,32861572.0,31987052.0,29989820.0,0.0,0.0,10.51,13.87,14.35,,,
9,37,hdr_histogram,HdrHistogram,2000,write-heavy,1,276412.50857448875,2109.0,43378.0,6972.245314444444,10607.796839220806,1.5214319578292184,0,100,900,1790611056.2626994,2407.648,3161.184,performance,,32861572.0,31984812.0,29987040.0,0.0,0.0,10.94,13.82,14.33,,,
9,38,global_mutex,GlobalMutex,2000,mixed,1,281788.2067129697,2033.0,39930.0,6849.339803333333,10045.440378445215,1.466628998835253,0,100,900,1790611065.9095805,2411.547,3192.376,performance,,32861572.0,31965092.0,29967160.0,0.0,0.0,10.15,13.56,14.24,,,
9,39,hdr_histogram,HdrHistogram,250,read-heavy,1,323859.7584129125,747.0,1510.0,757.4279111111111,303.6370795845604,0.40087917956329217,0,100,900,1790611075.4137225,2713.06,3304.944,performance,,32861572.0,31975648.0,29977416.0,0.0,0.0,9.62,13.34,14.16,,,
9,40,hdr_histogram,HdrHistogram,750,write-heavy,1,296575.4278490818,1826.0,8648.0,2468.363485925926,1852.2340926310503,0.7503895205029923,0,100,900,1790611078.6824079,2300.0,2300.0,performance,,32861572.0,31963292.0,29965028.0,0.0,0.0,9.62,13.34,14.16,,,
9,41,disabled,Disabled,100,read-heavy,1,300645.6194311433,312.0,690.0,325.9083,133.77721266437769,0.4104750098858412,0,100,900,1790611083.5638096,2447.6035,3480.828,performance,,32861572.0,31943972.0,29945696.0,0.0,0.0,9.09,13.17,14.1,,,
9,42,disabled,Disabled,500,write-heavy,1,309930.01426269003,1462.0,4210.0,1579.8833133333333,816.1072418104027,0.5165617200478752,0,100,900,1790611086.3801844,2734.28075,3225.219,performance,,32861572.0,31963920.0,29965652.0,0.0,0.0,9.32,13.15,14.09,,,
9,43,thread_local,ThreadLocal,1500,write-heavy,1,284904.01688136073,1996.0,27839.0,5085.852637037037,6883.380510127435,1.3534368770341756,0,100,900,1790611090.3462453,2300.0,2300.0,performance,,32861572.0,31949852.0,29951492.0,0.0,0.0,8.57,12.93,14.01,,,
9,44,sharded_n,Sharded-N,250,mixed,1,311479.2664373115,763.0,1678.0,786.9086355555555,348.69277399689673,0.44311722891529903,0,100,900,1790611097.9846294,2360.062875,2780.503,performance,,32861572.0,31972772.0,29974164.0,0.0,0.0,9.41,13.03,14.04,,,
9,45,hdr_histogram,HdrHistogram,1000,write-heavy,1,291901.05935234035,1938.0,14771.0,3330.784937777778,3382.1414258122563,1.0154187343205479,0,100,900,1790611101.1259546,2427.3275,3318.62,performance,,32861572.0,31990752.0,29992152.0,0.0,0.0,8.66,12.82,13.96,,,
9,46,global_mutex,GlobalMutex,2000,write-heavy,1,278642.4027454762,2052.0,40410.0,6906.002068888889,10306.909144968387,1.492456712603718,0,100,900,1790611106.9153519,2713.9195,3395.895,performance,,32861572.0,31919476.0,29920756.0,0.0,0.0,8.76,12.77,13.94,,,
9,47,thread_local,ThreadLocal,500,write-heavy,1,299757.0868487207,1505.0,4367.0,1634.7056622222221,855.5662831469516,0.5233763502011078,0,100,900,1790611116.5114021,2300.0,2300.0,performance,,32861572.0,31974364.0,29975276.0,0.0,0.0,10.63,13.04,14.02,,,
9,48,sharded_n,Sharded-N,250,read-heavy,1,318471.2005445931,749.0,1597.0,769.6936666666667,334.5428408233578,0.43464413871582386,0,100,900,1790611120.5278127,2412.137,3197.096,performance,,32861572.0,31966708.0,29967740.0,0.0,0.0,9.77,12.82,13.94,,,
9,49,sharded_n,Sharded-N,2000,read-heavy,1,283770.1452345677,2027.0,41973.0,6779.417854444445,10344.03991035803,1.5258006118588328,0,100,900,1790611123.8219695,2913.598375,3073.288,performance,,32861572.0,31981952.0,29982956.0,0.0,0.0,9.77,12.82,13.94,,,
9,50,hdr_histogram,HdrHistogram,3000,read-heavy,1,273418.99336723646,2128.0,72445.0,10536.00070037037,17821.663811141287,1.6915017678875823,0,100,900,1790611133.4454572,2407.592875,3160.743,performance,,32861572.0,31977060.0,29977588.0,0.0,0.0,10.71,12.93,13.97,,,
9,51,disabled,Disabled,250,mixed,1,320429.5325698733,746.0,1570.0,767.03924,324.95129873667656,0.4236436440157567,0,100,900,1790611147.0129733,2300.0,2300.0,performance,,32861572.0,31967708.0,29967908.0,0.0,0.0,11.54,13.0,13.97,,,
9,52,disabled,Disabled,100,mixed,1,298256.7875017919,314.0,734.0,327.6482111111111,136.36135349507174,0.41618220051514115,0,100,900,1790611150.1268299,2383.92875,2971.43,performance,,32861572.0,31968432.0,29968596.0,0.0,0.0,10.61,12.78,13.9,,,
9,53,global_mutex,GlobalMutex,1500,read-heavy,1,291790.5804358486,1943.0,27013.0,4957.752842962963,6647.786040370064,1.340886940301176,0,100,900,1790611152.7816107,2413.175,3205.4,performance,,32861572.0,31984440.0,29984552.0,0.0,0.0,10.61,12.78,13.9,,,
9,54,hdr_histogram,HdrHistogram,750,mixed,1,299271.1018218622,1812.0,8703.0,2443.6441407407406,1856.0236554254434,0.7595310726638077,0,100,900,1790611160.4926264,2395.540375,3064.323,performance,,32861572.0,31952220.0,29952212.0,0.0,0.0,10.45,12.69,13.85,,,
9,55,sharded_2key,Sharded-2key,500,mixed,1,314017.08040921006,1445.0,4178.0,1560.4578977777778,801.5371892366214,0.5136551203195403,0,100,900,1790611165.355982,2771.2515,3148.211,performance,,32861572.0,31921220.0,29921140.0,0.0,0.0,9.62,12.48,13.78,,,
9,56,thread_local,ThreadLocal,2000,mixed,1,283596.05822893715,2023.0,41752.0,6784.42604,10409.319846191624,1.534296311113095,0,100,900,1790611169.2925432,2411.731375,3193.851,performance,,32861572.0,31946008.0,29945888.0,0.0,0.0,9.62,12.48,13.78,,,
9,57,sharded_2key,Sharded-2key,100,write-heavy,1,288692.18130731216,327.0,741.0,340.8156888888889,138.9412161594819,0.40767259456996086,0,100,900,1790611178.7462952,2300.0,2300.0,performance,,32861572.0,31963700.0,29963204.0,0.0,0.0,8.86,12.21,13.68,,,
9,58,disabled,Disabled,100,write-heavy,1,289544.97771898314,321.0,775.0,338.5603777777778,146.94973071430044,0.4340429074389633,0,100,900,1790611181.4141338,2300.0,2300.0,performance,,32861572.0,31984480.0,29983956.0,0.0,0.0,9.19,12.23,13.68,,,
9,59,disabled,Disabled,3000,read-heavy,1,278506.8817745114,2099.0,76091.0,10349.23785925926,17774.926278876093,1.7175106534993025,0,100,900,1790611184.078842,2483.845375,3068.886,performance,,32861572.0,31978092.0,29977540.0,0.0,0.0,9.19,12.23,13.68,,,
9,60,sharded_n,Sharded-N,500,read-heavy,1,302450.70523647463,1499.0,4171.0,1618.4383022222223,822.4572983404197,0.5081795810264325,0,100,900,1790611197.4466372,2401.32425,3110.594,performance,,32861572.0,31996700.0,29995824.0,0.0,0.0,9.87,12.21,13.64,,,
9,61,disabled,Disabled,1000,write-heavy,1,297389.9322786025,1883.0,14098.0,3257.8788666666665,3294.335678392711,1.0111903521334253,0,100,900,1790611201.6153407,2300.0,2300.0,performance,,32861572.0,31974608.0,29973780.0,0.0,0.0,10.28,12.25,13.65,,,
9,62,thread_local,ThreadLocal,100,read-heavy,1,300612.3885191065,315.0,664.0,326.43885555555556,130.07245068142885,0.39845884908542156,0,100,900,1790611207.3666809,2675.1965,3103.412,performance,,32861572.0,31964524.0,29963476.0,0.0,0.0,15.79,13.36,14.0,,,
9,63,thread_local,ThreadLocal,100,write-heavy,1,292101.9877465618,325.0,679.0,335.75984444444447,134.26536206190409,0.3998851092037598,0,100,900,1790611210.188243,2300.0,2300.0,performance,,32861572.0,31972724.0,29971648.0,0.0,0.0,14.52,13.14,13.93,,,
9,64,global_mutex,GlobalMutex,500,mixed,1,298332.2932442002,1531.0,4299.0,1641.7315177777778,837.0251150391382,0.5098428738044345,0,100,900,1790611212.8546944,2413.7305,3209.844,performance,,32861572.0,31972916.0,29971812.0,0.0,0.0,14.52,13.14,13.93,,,
9,65,thread_local,ThreadLocal,500,mixed,1,309498.31277441845,1474.0,4107.0,1586.3845733333333,792.5155321819947,0.49957339821878755,0,100,900,1790611216.8747354,2570.886625,3576.892,performance,,32861572.0,31986916.0,29985796.0,0.0,0.0,15.2,13.3,13.98,,,
9,66,hdr_histogram,HdrHistogram,750,read-heavy,1,306905.9760392012,1771.0,8478.0,2386.0397022222223,1804.8464597651894,0.7564192909632884,0,100,900,1790611220.8355007,2404.80525,3138.442,performance,,32861572.0,31960724.0,29959548.0,0.0,0.0,13.98,13.08,13.9,,,
9,67,disabled,Disabled,750,read-heavy,1,328202.1890295406,1695.0,7853.0,2224.8509377777777,1635.7882440217916,0.7352349841718596,0,100,900,1790611225.812924,2446.070125,3468.561,performance,,32861572.0,31961404.0,29960032.0,0.0,0.0,12.86,12.86,13.83,,,
9,68,disabled,Disabled,1500,write-heavy,1,295213.6430804505,1946.0,27772.0,4911.417642962963,6552.744170194825,1.3341859003954877,0,100,900,1790611230.6371372,2300.0,2300.0,performance,,32861572.0,31959268.0,29957816.0,0.0,0.0,11.83,12.65,13.75,,,
9,69,sharded_n,Sharded-N,100,mixed,1,299343.45100671845,318.0,661.0,327.35706666666664,126.48118572411148,0.3863707205468753,0,100,900,1790611238.1007736,2402.819875,3122.559,performance,,32861572.0,31946492.0,29944856.0,0.0,0.0,11.69,12.61,13.73,,,
9,70,hdr_histogram,HdrHistogram,100,mixed,1,288857.13571549405,323.0,742.0,339.4600888888889,147.18020212012792,0.43357144753562626,0,100,900,1790611240.7566953,2717.47675,3202.349,performance,,32861572.0,31980200.0,29978532.0,0.0,0.0,10.75,12.4,13.66,,,
9,71,global_mutex,GlobalMutex,1500,write-heavy,1,286981.1077239515,1958.0,27910.0,5044.31687037037,6545.904489246688,1.2976790827111673,0,100,900,1790611243.4216204,2412.973625,3203.789,performance,,32861572.0,31999472.0,29997776.0,0.0,0.0,10.75,12.4,13.66,,,
9,72,sharded_n,Sharded-N,750,write-heavy,1,297675.18642920646,1816.0,8516.0,2461.2624903703704,1836.9949299162104,0.7463628674728552,0,100,900,1790611251.0338285,2410.860375,3186.883,performance,,32861572.0,31950788.0,29948856.0,0.0,0.0,9.98,12.18,13.57,,,
9,73,disabled,Disabled,3000,mixed,1,271919.86124806874,2147.0,75843.0,10602.712271111111,18146.07287243769,1.7114557490991946,0,100,900,1790611255.9094598,2659.767375,3281.826,performance,,32861572.0,31962984.0,29960984.0,0.0,0.0,9.18,11.98,13.5,,,
9,74,thread_local,ThreadLocal,100,mixed,1,300963.2589938924,313.0,684.0,325.52616666666665,130.7960947427505,0.40179901997458634,0,100,900,1790611269.3399327,2388.207375,3005.659,performance,,32861572.0,31982992.0,29980564.0,0.0,0.0,9.43,11.93,13.47,,,
9,75,sharded_2key,Sharded-2key,1000,read-heavy,1,304182.6220802606,1865.0,14332.0,3198.5055177777776,3185.1896786881916,0.9958368559892817,0,100,900,1790611271.9935043,2398.62225,3088.978,performance,,32861572.0,31989548.0,29987104.0,0.0,0.0,8.68,11.74,13.4,,,
9,76,sharded_2key,Sharded-2key,250,write-heavy,1,309085.362713301,771.0,1700.0,795.4249866666667,358.91873487266474,0.45122889133362665,0,100,900,1790611277.8186483,3001.677375,3503.262,performance,,32861572.0,31960288.0,29957736.0,0.0,0.0,10.22,12.01,13.47,,,
9,77,sharded_n,Sharded-N,1500,write-heavy,1,283777.7599148203,2027.0,26956.0,5118.941452592592,6766.787706721122,1.3219115259257253,0,100,900,1790611280.96341,2300.0,2300.0,performance,,32861572.0,31970584.0,29968128.0,0.0,0.0,9.41,11.81,13.4,,,
9,78,sharded_n,Sharded-N,2000,mixed,1,277990.50018399657,2090.0,42469.0,6931.102546666667,10543.790299815511,1.521228437874761,0,100,900,1790611288.6429727,2404.09675,3132.774,performance,,32861572.0,31967420.0,29964664.0,0.0,0.0,9.37,11.76,13.38,,,
9,79,hdr_histogram,HdrHistogram,500,read-heavy,1,311252.3822193889,1443.0,4371.0,1570.2838288888888,831.2544566476942,0.5293657371711447,0,100,900,1790611298.2277,2731.83725,3226.938,performance,,32861572.0,31970516.0,29967484.0,0.0,0.0,10.58,11.95,13.42,,,
9,80,hdr_histogram,HdrHistogram,2000,read-heavy,1,286796.96382776636,1992.0,40672.0,6717.180545,9988.212168507203,1.4869649701379588,0,100,900,1790611302.3530638,2300.0,2300.0,performance,,32861572.0,31963568.0,29960592.0,0.0,0.0,10.53,11.91,13.4,,,
9,81,hdr_histogram,HdrHistogram,3000,mixed,1,271038.0721573487,2166.0,79024.0,10639.035332222222,18314.337188932783,1.721428364230029,0,100,900,1790611311.9109724,2406.1865,3149.492,performance,,32861572.0,31960100.0,29956700.0,0.0,0.0,10.69,11.9,13.38,,,
9,82,hdr_histogram,HdrHistogram,100,write-heavy,1,302635.47276862815,312.0,670.0,325.0173111111111,128.8059755346422,0.3963049694008708,0,100,900,1790611325.3921716,2300.0,2300.0,performance,,32861572.0,31972484.0,29968760.0,0.0,0.0,12.14,12.18,13.45,,,
9,83,sharded_2key,Sharded-2key,750,write-heavy,1,294343.78272992483,1851.0,9028.0,2497.439533333333,1901.9796020452602,0.7615718325346951,0,100,900,1790611328.048367,2566.851,3432.009,performance,,32861572.0,32004744.0,30000992.0,0.0,0.0,12.14,12.18,13.45,,,
9,84,disabled,Disabled,250,write-heavy,1,313838.58914517827,759.0,1633.0,783.5069244444444,335.83171785983177,0.4286263559163278,0,100,900,1790611332.949389,2300.0,2300.0,performance,,32861572.0,31946772.0,29943012.0,0.0,0.0,13.17,12.39,13.51,,,
9,85,global_mutex,GlobalMutex,250,mixed,1,320998.78661174665,742.0,1594.0,763.6780266666667,336.00305511188435,0.4399799959918767,0,100,900,1790611336.086009,2408.314875,3166.519,performance,,32861572.0,31971304.0,29967492.0,0.0,0.0,12.12,12.19,13.44,,,
9,86,sharded_n,Sharded-N,100,write-heavy,1,279799.87332713604,336.0,793.0,350.9957111111111,147.62286562028157,0.42058310385892467,0,100,900,1790611339.1940098,2579.03925,3064.903,performance,,32861572.0,31985372.0,29981592.0,0.0,0.0,12.12,12.19,13.44,,,
9,87,hdr_histogram,HdrHistogram,250,write-heavy,1,314929.08124616585,752.0,1682.0,780.2357466666666,349.41189635006253,0.4478286182641908,0,100,900,1790611341.8678508,2736.97725,3408.44,performance,,32861572.0,31988292.0,29984480.0,0.0,0.0,11.14,11.98,13.37,,,
9,88,sharded_2key,Sharded-2key,1500,mixed,1,291423.65070599853,1974.0,26836.0,4977.202054074074,6510.45395690145,1.3080549847423486,0,100,900,1790611345.005777,2500.40375,3142.815,performance,,32861572.0,32005036.0,30001212.0,0.0,0.0,10.25,11.78,13.3,,,
9,89,hdr_histogram,HdrHistogram,500,mixed,1,300418.2537087069,1511.0,4271.0,1631.357728888889,838.2201079409833,0.5138174743021517,0,100,900,1790611352.5507777,2792.893,3216.763,performance,,32861572.0,31977080.0,29972916.0,0.0,0.0,10.31,11.77,13.28,,,
9,90,thread_local,ThreadLocal,1500,read-heavy,1,301372.4677647756,1895.0,25754.0,4810.849844444445,6492.136983477472,1.3494781989453637,0,100,900,1790611356.5629766,2388.24275,3005.942,performance,,32861572.0,31961544.0,29957420.0,0.0,0.0,10.61,11.81,13.29,,,
9,91,thread_local,ThreadLocal,250,write-heavy,1,308211.83377418015,774.0,1714.0,797.16768,350.12775102945545,0.43921468445566614,0,100,900,1790611364.1053324,2498.420125,3169.922,performance,,32861572.0,31946216.0,29941780.0,0.0,0.0,10.88,11.84,13.29,,,
9,92,global_mutex,GlobalMutex,500,write-heavy,1,302612.98708676343,1505.0,4281.0,1619.3613155555556,831.403308870602,0.5134143324804396,0,100,900,1790611367.2569911,2300.0,2300.0,performance,,32861572.0,31979060.0,29974600.0,0.0,0.0,10.01,11.65,13.22,,,
9,93,sharded_n,Sharded-N,3000,read-heavy,1,273638.3522291047,2114.0,76678.0,10545.447503333333,18109.446422330322,1.7172762385480624,0,100,900,1790611371.2548356,3038.453,3520.463,performance,,32861572.0,31969804.0,29965304.0,0.0,0.0,9.21,11.45,13.15,,,
9,94,sharded_2key,Sharded-2key,750,read-heavy,1,306427.5304524207,1776.0,8611.0,2389.0526414814813,1816.3163651741688,0.7602663640127446,0,100,900,1790611384.8051083,2802.302375,3240.362,performance,,32861572.0,31984924.0,29979904.0,0.0,0.0,9.46,11.43,13.11,,,
9,95,global_mutex,GlobalMutex,3000,write-heavy,1,269229.81853886,2174.0,75153.0,10710.581074074074,18188.123774970103,1.6981453806456956,0,100,900,1790611389.7686207,2435.297375,3382.379,performance,,32861572.0,31959784.0,29954880.0,0.0,0.0,8.7,11.24,13.04,,,
9,96,disabled,Disabled,500,read-heavy,1,316772.6448321665,1422.0,4298.0,1547.6761977777778,819.5307499675899,0.5295233920017046,0,100,900,1790611403.3354783,2449.18825,3493.506,performance,,32861572.0,31982808.0,29977336.0,0.0,0.0,10.71,11.58,13.13,,,
9,97,hdr_histogram,HdrHistogram,250,mixed,1,313929.4340767582,762.0,1607.0,781.8749822222222,328.80003652229385,0.42052763421050765,0,100,900,1790611407.4328034,2682.127125,3489.514,performance,,32861572.0,31951924.0,29946548.0,0.0,0.0,11.06,11.63,13.14,,,
9,98,disabled,Disabled,2000,mixed,1,284274.82408924244,2015.0,41899.0,6780.8602505555555,10384.25585934113,1.531406853354683,0,100,900,1790611410.5622444,2300.0,2300.0,performance,,32861572.0,31971064.0,29965720.0,0.0,0.0,10.17,11.44,13.07,,,
9,99,thread_local,ThreadLocal,3000,read-heavy,1,277788.61161936814,2090.0,73601.0,10380.946892962964,17564.120043360075,1.691957412407768,0,100,900,1790611419.9964046,2300.0,2300.0,performance,,32861572.0,31970384.0,29964588.0,0.0,0.0,10.01,11.37,13.03,,,
9,100,sharded_n,Sharded-N,1000,read-heavy,1,302544.1802367018,1876.0,14022.0,3205.6430344444443,3143.084448997837,0.9804848559947509,0,100,900,1790611433.401953,2411.307375,3190.459,performance,,32861572.0,31978448.0,29972332.0,0.0,0.0,11.28,11.61,13.09,,,
9,101,global_mutex,GlobalMutex,750,write-heavy,1,291173.3612792237,1864.0,8826.0,2516.887736296296,1919.3139105932182,0.7625743027448525,0,100,900,1790611439.2404244,2939.64375,3413.871,performance,,32861572.0,31977164.0,29971020.0,0.0,0.0,11.98,11.75,13.13,,,
9,102,sharded_n,Sharded-N,500,write-heavy,1,303463.9395125803,1500.0,4249.0,1614.2192377777778,822.7100150700066,0.5096643602157747,0,100,900,1790611444.1665335,2523.385875,3193.645,performance,,32861572.0,31953144.0,29946912.0,0.0,0.0,11.02,11.55,13.06,,,
9,103,sharded_n,Sharded-N,1000,mixed,1,298532.181448238,1878.0,14302.0,3247.186888888889,3274.288730177792,1.0083462523766769,0,100,900,1790611448.164062,2300.0,2300.0,performance,,32861572.0,31985008.0,29978780.0,0.0,0.0,10.14,11.36,12.99,,,
9,104,global_mutex,GlobalMutex,1000,read-heavy,1,295512.38681787346,1921.0,14385.0,3290.1466777777778,3306.380122937216,1.0049339578898053,0,100,900,1790611453.889728,2399.085625,3092.685,performance,,32861572.0,31939632.0,29933128.0,0.0,0.0,12.45,11.82,13.13,,,
9,105,hdr_histogram,HdrHistogram,1000,read-heavy,1,299042.60413795686,1926.0,14707.0,3251.8661477777778,3296.9862031282296,1.0138751268656263,0,100,900,1790611459.81818,2774.79025,3099.216,performance,,32861572.0,31967376.0,29960820.0,0.0,0.0,20.63,13.67,13.72,,,
9,106,sharded_2key,Sharded-2key,2000,write-heavy,1,276569.5585650597,2100.0,42742.0,6964.090236111111,10542.160503312858,1.513788613571988,0,100,900,1790611465.7046726,2714.03825,3325.852,performance,,32861572.0,31938932.0,29932300.0,0.0,0.0,18.98,13.44,13.65,,,
9,107,global_mutex,GlobalMutex,250,read-heavy,1,318705.44691731245,750.0,1568.0,768.0798311111112,319.5089266012749,0.41598400798920915,0,100,900,1790611475.3501923,2300.0,2300.0,performance,,32861572.0,31962036.0,29954988.0,0.0,0.0,17.68,13.36,13.62,,,
9,108,hdr_histogram,HdrHistogram,2000,mixed,1,278518.82779407734,2063.0,42476.0,6921.727312777778,10559.919408307805,1.5256191021587608,0,100,900,1790611478.6374187,2300.0,2300.0,performance,,32861572.0,31967364.0,29960348.0,0.0,0.0,17.68,13.36,13.62,,,
9,109,thread_local,ThreadLocal,1000,mixed,1,302568.2126041536,1905.0,14492.0,3211.014813333333,3264.8437026389834,1.0167638246582147,0,100,900,1790611488.2116177,2412.205125,3197.641,performance,,32861572.0,31948396.0,29941060.0,0.0,0.0,17.37,13.43,13.64,,,
9,110,sharded_n,Sharded-N,1000,write-heavy,1,286686.60052114923,1994.0,14579.0,3392.7709233333335,3379.495852540199,0.9960872481245825,0,100,900,1790611493.8913698,2300.0,2300.0,performance,,32861572.0,31972188.0,29964820.0,0.0,0.0,17.74,13.57,13.68,,,
9,111,global_mutex,GlobalMutex,2000,read-heavy,1,285466.53171295585,2027.0,42082.0,6762.14891,10155.670557641683,1.5018407155487623,0,100,900,1790611499.7449412,2422.417,3279.336,performance,,32861572.0,31949204.0,29941696.0,0.0,0.0,16.12,13.37,13.62,,,
9,112,thread_local,ThreadLocal,1000,read-heavy,1,297621.6556469091,1878.0,14566.0,3269.912101111111,3333.9073646698425,1.0195709430651014,0,100,900,1790611509.2965562,2897.696,3441.291,performance,,32861572.0,31969996.0,29962224.0,0.0,0.0,15.87,13.36,13.61,,,
9,113,global_mutex,GlobalMutex,100,read-heavy,1,302200.00292596756,309.0,713.0,324.0119666666667,137.1014014397193,0.42313684537696383,0,100,900,1790611515.1866875,2801.24425,3204.043,performance,,32861572.0,31935024.0,29927124.0,0.0,0.0,13.43,12.92,13.47,,,
9,114,hdr_histogram,HdrHistogram,1500,write-heavy,1,314396.1874501799,1859.0,23317.0,4611.5371022222225,5693.03984362538,1.2345210972892313,0,100,900,1790611518.0069492,2682.796375,3121.155,performance,,32861572.0,31980268.0,29972340.0,0.0,0.0,13.43,12.92,13.47,,,
9,115,thread_local,ThreadLocal,250,read-heavy,1,320455.50827768625,744.0,1605.0,767.5490533333333,326.2456019408369,0.425048536668775,0,100,900,1790611525.2224543,2387.650125,3001.201,performance,,32861572.0,31954376.0,29946116.0,0.0,0.0,12.32,12.71,13.39,,,
9,116,sharded_n,Sharded-N,2000,write-heavy,1,278789.216666353,2099.0,42840.0,6935.977025555556,10384.282463806969,1.497162177087115,0,100,900,1790611528.5134203,2539.74225,3036.703,performance,,32861572.0,31971624.0,29963372.0,0.0,0.0,12.32,12.71,13.39,,,
9,117,sharded_2key,Sharded-2key,100,read-heavy,1,297680.15867807786,317.0,707.0,330.44564444444444,138.0099469377354,0.4176479528721344,0,100,900,1790611538.088584,2598.037,3131.382,performance,,32861572.0,31956808.0,29948344.0,0.0,0.0,12.84,12.81,13.42,,,
9,118,disabled,Disabled,750,mixed,1,299358.5347977319,1812.0,8563.0,2448.42988,1843.0369155846236,0.7527423720154173,0,100,900,1790611540.9132876,2655.7575,3296.686,performance,,32861572.0,31968956.0,29960460.0,0.0,0.0,11.81,12.6,13.35,,,
9,119,thread_local,ThreadLocal,3000,write-heavy,1,271391.9639280083,2148.0,76712.0,10595.607836296296,18318.087833331425,1.7288378464311425,0,100,900,1790611545.778255,2710.8615,3257.478,performance,,32861572.0,31981548.0,29973044.0,0.0,0.0,10.86,12.39,13.28,,,
9,120,global_mutex,GlobalMutex,250,write-heavy,1,314370.8567719977,754.0,1589.0,776.9558,338.1248303204804,0.4351918478766494,0,100,900,1790611559.25714,2300.0,2300.0,performance,,32861572.0,31976960.0,29967884.0,0.0,0.0,11.89,12.56,13.32,,,
9,121,sharded_2key,Sharded-2key,2000,mixed,1,282279.72397087753,2040.0,43578.0,6815.652509444444,10337.469439578617,1.5167248367275172,0,100,900,1790611562.3945804,2389.695125,3017.561,performance,,32861572.0,31985400.0,29976384.0,0.0,0.0,10.94,12.35,13.25,,,
9,122,thread_local,ThreadLocal,750,mixed,1,296726.2691858425,1849.0,8701.0,2475.5258755555556,1841.3646542930533,0.7438276741420914,0,100,900,1790611571.8761232,2300.0,2300.0,performance,,32861572.0,31967064.0,29957812.0,0.0,0.0,12.17,12.57,13.31,,,
9,123,sharded_2key,Sharded-2key,750,mixed,1,301342.9128605431,1820.0,8529.0,2428.624782222222,1798.320444523583,0.7404686214550183,0,100,900,1790611576.7521105,2840.65125,3198.993,performance,,32861572.0,31967540.0,29958276.0,0.0,0.0,12.95,12.73,13.36,,,
9,124,sharded_2key,Sharded-2key,3000,read-heavy,1,277710.81872799096,2086.0,76638.0,10366.199604444444,17840.03896100057,1.720981617347187,0,100,900,1790611581.5974379,2387.7035,3001.628,performance,,32861572.0,31944976.0,29935664.0,0.0,0.0,12.72,12.68,13.34,,,
9,125,thread_local,ThreadLocal,3000,mixed,1,271062.7435278324,2156.0,75490.0,10613.637735925926,17894.421208609976,1.685983793100404,0,100,900,1790611594.928351,2818.432375,3266.542,performance,,32861572.0,31981712.0,29971908.0,0.0,0.0,12.8,12.72,13.35,,,
9,126,sharded_2key,Sharded-2key,250,read-heavy,1,325644.9553202385,734.0,1561.0,753.4604577777778,316.42670475906203,0.41996458008203463,0,100,900,1790611608.4281209,2300.0,2300.0,performance,,32861572.0,31976888.0,29966652.0,0.0,0.0,12.83,12.73,13.34,,,
9,127,thread_local,ThreadLocal,2000,write-heavy,1,276167.77238384396,2103.0,45022.0,6971.807655,10722.291892344228,1.537950044369695,0,100,900,1790611611.692097,2300.0,2300.0,performance,,32861572.0,31977684.0,29967496.0,0.0,0.0,13.57,12.89,13.39,,,
9,128,sharded_n,Sharded-N,750,read-heavy,1,302405.353281172,1794.0,8477.0,2412.0906637037037,1814.578967317665,0.7522847273623725,0,100,900,1790611621.324769,2413.117875,3204.943,performance,,32861572.0,31977820.0,29967408.0,0.0,0.0,12.51,12.69,13.32,,,
9,129,sharded_n,Sharded-N,1500,mixed,1,284385.7817779266,2001.0,27570.0,5106.998197037037,6855.986752673293,1.3424689980605395,0,100,900,1790611626.338295,2848.32525,3105.072,performance,,32861572.0,31952844.0,29942384.0,0.0,0.0,11.51,12.48,13.25,,,
9,130,disabled,Disabled,250,read-heavy,1,326263.6514584516,734.0,1636.0,757.3818755555556,335.64254262470297,0.4431615720649535,0,100,900,1790611633.979505,2863.887125,3279.558,performance,,32861572.0,31930416.0,29919776.0,0.0,0.0,11.15,12.39,13.21,,,
9,131,global_mutex,GlobalMutex,3000,read-heavy,1,270988.4691927316,2142.0,76439.0,10628.798047037037,18194.80445791153,1.7118402642887405,0,100,900,1790611637.2587008,2402.49,3119.92,performance,,32861572.0,31968744.0,29958096.0,0.0,0.0,10.34,12.2,13.15,,,
9,132,disabled,Disabled,2000,read-heavy,1,294077.9647452739,1959.0,39566.0,6549.365368888889,9893.651710506545,1.5106275422507112,0,100,900,1790611650.9156897,2411.663375,3193.307,performance,,32861572.0,31961184.0,29949996.0,0.0,0.0,10.23,12.1,13.1,,,
9,133,thread_local,ThreadLocal,750,read-heavy,1,309445.7393217961,1756.0,8518.0,2356.33034962963,1783.009617423612,0.7566891534134282,0,100,900,1790611660.3076692,2390.501,3024.008,performance,,32861572.0,31953672.0,29942220.0,0.0,0.0,11.46,12.33,13.17,,,
9,134,thread_local,ThreadLocal,1500,mixed,1,302582.59618364845,1885.0,26141.0,4790.636737777778,6277.136158659399,1.3102926609232244,0,100,900,1790611665.2564893,2410.9995,3187.996,performance,,32861572.0,31967628.0,29956296.0,0.0,0.0,10.54,12.12,13.1,,,
9,135,global_mutex,GlobalMutex,100,write-heavy,1,297692.653702769,319.0,681.0,329.90187777777777,128.12010993357507,0.38835823183727647,0,100,900,1790611672.6199262,2387.832875,3002.663,performance,,32861572.0,31963056.0,29951376.0,0.0,0.0,11.22,12.24,13.13,,,
9,136,disabled,Disabled,1500,mixed,1,291684.97410301643,1945.0,27099.0,4964.6930718518515,6677.871849405214,1.3450724451157943,0,100,900,1790611675.2815793,2442.86875,3442.95,performance,,32861572.0,31991660.0,29979952.0,0.0,0.0,10.32,12.03,13.06,,,
9,137,hdr_histogram,HdrHistogram,1500,read-heavy,1,292652.82898476074,1957.0,27400.0,4949.5002022222225,6683.624996858455,1.3503636172916302,0,100,900,1790611682.8081188,2300.0,2300.0,performance,,32861572.0,31973348.0,29961456.0,0.0,0.0,10.69,12.08,13.07,,,
9,138,hdr_histogram,HdrHistogram,100,read-heavy,1,304381.71274128725,312.0,648.0,322.8713333333333,127.07275674131952,0.39357088605363805,0,100,900,1790611690.4995244,2413.803375,3210.427,performance,,32861572.0,31955936.0,29943868.0,0.0,0.0,9.93,11.88,12.99,,,
9,139,sharded_2key,Sharded-2key,500,write-heavy,1,303425.52673199825,1495.0,4224.0,1617.8155977777778,835.0204124932864,0.5161406612967915,0,100,900,1790611693.3174708,2401.192125,3109.537,performance,,32861572.0,31977452.0,29965388.0,0.0,0.0,9.93,11.88,12.99,,,
9,140,thread_local,ThreadLocal,500,read-heavy,1,303798.13860747137,1483.0,4311.0,1611.40254,839.6985014069295,0.5210979135026866,0,100,900,1790611697.318094,2300.0,2300.0,performance,,32861572.0,31964956.0,29952956.0,0.0,0.0,12.5,12.38,13.15,,,
9,141,hdr_histogram,HdrHistogram,500,write-heavy,1,301985.9204137971,1513.0,4230.0,1624.0114066666667,829.764829754817,0.5109353458655409,0,100,900,1790611701.4676485,2400.5945,3104.756,performance,,32861572.0,31964600.0,29952544.0,0.0,0.0,11.58,12.19,13.08,,,
9,142,global_mutex,GlobalMutex,3000,mixed,1,271519.1422972884,2163.0,76044.0,10623.631592222222,18067.5726492904,1.700696460758112,0,100,900,1790611705.479592,2764.758125,3477.39,performance,,32861572.0,31959360.0,29947184.0,0.0,0.0,10.65,11.99,13.01,,,
9,143,disabled,Disabled,500,mixed,1,327751.6083656352,1420.0,3602.0,1497.2794622222223,707.0280149407909,0.4722084505797193,0,100,900,1790611718.9048152,2398.466625,3087.733,performance,,32861572.0,31975312.0,29962572.0,0.0,0.0,12.48,12.33,13.11,,,
9,144,thread_local,ThreadLocal,750,write-heavy,1,298311.6646958504,1821.0,8719.0,2452.83528,1858.5821775628635,0.7577280841960425,0,100,900,1790611722.7906644,2858.305,3293.955,performance,,32861572.0,31973060.0,29960372.0,0.0,0.0,13.4,12.53,13.17,,,
10,1,global_mutex,GlobalMutex,250,read-heavy,1,309757.4961840664,780.0,1579.0,792.0973555555555,318.6040840289865,0.4022284404743736,0,100,900,1790611727.6617932,2400.3405,3102.724,performance,,32861572.0,31975096.0,29962336.0,0.0,0.0,14.25,12.72,13.23,,,
10,2,hdr_histogram,HdrHistogram,1000,mixed,1,291406.09383340005,1935.0,14863.0,3330.737757777778,3399.0443363129143,1.0205079425348424,0,100,900,1790611730.965201,2300.0,2300.0,performance,,32861572.0,31976596.0,29963828.0,0.0,0.0,13.11,12.51,13.16,,,
10,3,hdr_histogram,HdrHistogram,3000,read-heavy,1,275451.05768462777,2120.0,75691.0,10467.723603333334,17824.503672113784,1.7028061064239184,0,100,900,1790611736.7599707,2413.8855,3211.084,performance,,32861572.0,31937428.0,29924476.0,0.0,0.0,13.98,12.7,13.22,,,
10,4,thread_local,ThreadLocal,250,read-heavy,1,321886.83389673854,749.0,1501.0,761.4992666666667,311.73118093217613,0.4093650441670499,0,100,900,1790611750.2464526,3026.397125,3554.814,performance,,32861572.0,31994332.0,29980948.0,0.0,0.0,13.43,12.66,13.2,,,
10,5,disabled,Disabled,1000,write-heavy,1,293003.13294478913,1945.0,14990.0,3304.6716866666666,3366.2620690766194,1.0186373680200822,0,100,900,1790611753.5238657,2401.472125,3111.777,performance,,32861572.0,31976848.0,29963452.0,0.0,0.0,13.43,12.66,13.2,,,
10,6,thread_local,ThreadLocal,2000,write-heavy,1,279049.23188441026,2054.0,42445.0,6910.637982777777,10555.11393264956,1.5273718517674197,0,100,900,1790611759.3002827,2300.0,2300.0,performance,,32861572.0,31944884.0,29931380.0,0.0,0.0,13.96,12.78,13.23,,,
10,7,disabled,Disabled,250,mixed,1,317093.95549287,753.0,1600.0,773.6526,332.8398918190248,0.4302187982293665,0,100,900,1790611768.8731384,2300.0,2300.0,performance,,32861572.0,31962700.0,29948916.0,0.0,0.0,12.93,12.59,13.17,,,
10,8,sharded_n,Sharded-N,3000,write-heavy,1,263808.90481631225,2250.0,79132.0,10905.849653333333,18477.207480525714,1.6942474055543415,0,100,900,1790611771.9989629,2751.3455,3306.393,performance,,32861572.0,31965564.0,29951784.0,0.0,0.0,12.78,12.57,13.16,,,
10,9,global_mutex,GlobalMutex,750,mixed,1,299535.1733304212,1790.0,8762.0,2448.724605925926,1888.1561107356993,0.7710773625447108,0,100,900,1790611785.7748315,2377.12375,2916.99,performance,,32861572.0,31978164.0,29963984.0,0.0,0.0,12.27,12.49,13.12,,,
10,10,disabled,Disabled,2000,read-heavy,1,289902.4070378785,1966.0,41255.0,6643.948007777778,10000.770926020265,1.505245211779623,0,100,900,1790611790.64176,2631.512125,3204.37,performance,,32861572.0,31973060.0,29958816.0,0.0,0.0,11.29,12.28,13.05,,,
10,11,sharded_2key,Sharded-2key,100,mixed,1,297997.3337516333,316.0,698.0,328.0793444444444,136.82736317177327,0.4170557076778817,0,100,900,1790611800.110638,2975.587375,3431.781,performance,,32861572.0,31951084.0,29936612.0,0.0,0.0,11.1,12.22,13.02,,,
10,12,thread_local,ThreadLocal,250,write-heavy,1,302273.23701226915,786.0,1780.0,814.359,375.00671160103633,0.4604931137263005,0,100,900,1790611802.7691855,2300.0,2300.0,performance,,32861572.0,31977144.0,29962620.0,0.0,0.0,11.1,12.22,13.02,,,
10,13,sharded_n,Sharded-N,2000,read-heavy,1,283404.50561477244,2030.0,43301.0,6814.232209444444,10366.959777659453,1.5213687263681697,0,100,900,1790611805.9312484,2963.316,3324.822,performance,,32861572.0,31971496.0,29956948.0,0.0,0.0,10.21,12.01,12.95,,,
10,14,thread_local,ThreadLocal,750,read-heavy,1,307795.3358935549,1765.0,8719.0,2378.2771733333334,1840.5202175277711,0.7738880220374584,0,100,900,1790611815.5496187,2396.200375,3069.603,performance,,32861572.0,31964816.0,29949964.0,0.0,0.0,20.94,14.34,13.71,,,
10,15,hdr_histogram,HdrHistogram,1000,write-heavy,1,293658.20852314844,1892.0,14724.0,3314.6568511111113,3349.3522748463834,1.0104672746814325,0,100,900,1790611820.5134988,2388.220875,3005.767,performance,,32861572.0,31960984.0,29946236.0,0.0,0.0,19.27,14.11,13.63,,,
10,16,global_mutex,GlobalMutex,3000,read-heavy,1,276052.7565073219,2103.0,74831.0,10470.551821481482,17820.935743569822,1.7020054002319365,0,100,900,1790611826.2916682,3062.5455,3342.574,performance,,32861572.0,31927256.0,29912320.0,0.0,0.0,17.72,13.87,13.56,,,
10,17,global_mutex,GlobalMutex,2000,read-heavy,1,285680.55201055086,2005.0,41297.0,6738.994148888889,10157.455186604435,1.5072657672924636,0,100,900,1790611839.753877,2387.75275,3002.022,performance,,32861572.0,31978360.0,29962948.0,0.0,0.0,22.93,15.23,14.01,,,
10,18,global_mutex,GlobalMutex,2000,write-heavy,1,280698.64540497604,2044.0,41618.0,6864.062248333334,10255.197669667754,1.494042055367115,0,100,900,1790611849.3220186,2300.0,2300.0,performance,,32861572.0,31957412.0,29941708.0,0.0,0.0,22.05,15.18,14.0,,,
10,19,hdr_histogram,HdrHistogram,1500,read-heavy,1,289281.5544996125,1981.0,28830.0,5013.822164444445,6763.3183788907645,1.3489346365040398,0,100,900,1790611858.861909,2984.908625,3292.936,performance,,32861572.0,31966420.0,29950524.0,0.0,0.0,19.54,14.86,13.91,,,
10,20,thread_local,ThreadLocal,3000,write-heavy,1,269807.59197702963,2177.0,77396.0,10665.970864814815,18327.28872371674,1.7182954047038776,0,100,900,1790611866.601696,2445.61175,3464.894,performance,,32861572.0,31941500.0,29925424.0,0.0,0.0,18.73,14.83,13.91,,,
10,21,hdr_histogram,HdrHistogram,100,read-heavy,1,296711.74842333066,316.0,740.0,330.68063333333333,142.5401902447062,0.43105091703699067,0,100,900,1790611880.1642613,2300.0,2300.0,performance,,32861572.0,31979180.0,29962728.0,0.0,0.0,19.81,15.28,14.07,,,
10,22,thread_local,ThreadLocal,100,write-heavy,1,310198.17979223677,306.0,645.0,315.70432222222223,121.26526662118053,0.38411025154043565,0,100,900,1790611882.988642,2721.739375,3194.417,performance,,32861572.0,31996060.0,29979584.0,0.0,0.0,19.81,15.28,14.07,,,
10,23,sharded_2key,Sharded-2key,500,write-heavy,1,301735.6783669698,1496.0,4496.0,1622.1639177777777,848.15082623547,0.5228514929597018,0,100,900,1790611885.6334715,2412.276625,3198.213,performance,,32861572.0,31997812.0,29981304.0,0.0,0.0,18.23,15.02,13.99,,,
10,24,sharded_n,Sharded-N,250,read-heavy,1,304916.4252808208,776.0,1754.0,803.9697777777777,353.98026635843536,0.4402905135773371,0,100,900,1790611889.6380787,2300.0,2300.0,performance,,32861572.0,31990820.0,29974324.0,0.0,0.0,16.77,14.77,13.92,,,
10,25,sharded_n,Sharded-N,100,write-heavy,1,284111.01209737116,332.0,727.0,345.60418888888887,143.41334008951986,0.41496412572599634,0,100,900,1790611892.9677408,2410.1435,3181.148,performance,,32861572.0,31980764.0,29964268.0,0.0,0.0,16.77,14.77,13.92,,,
10,26,global_mutex,GlobalMutex,1500,write-heavy,1,282147.7677456133,2055.0,27243.0,5138.943875555556,6852.82792028522,1.3335090022839335,0,100,900,1790611895.63919,2801.865,3180.693,performance,,32861572.0,31989148.0,29972620.0,0.0,0.0,15.42,14.53,13.84,,,
10,27,sharded_2key,Sharded-2key,250,mixed,1,317749.95164092875,750.0,1604.0,771.5594888888888,325.7341832878764,0.4221763687424301,0,100,900,1790611903.3313887,3137.1495,3563.715,performance,,32861572.0,31968560.0,29951764.0,0.0,0.0,15.39,14.54,13.85,,,
10,28,disabled,Disabled,250,write-heavy,1,313109.42705646437,753.0,1718.0,780.8124177777778,362.58485363156467,0.46436870799710783,0,100,900,1790611906.452524,2544.864,3154.603,performance,,32861572.0,31988004.0,29971236.0,0.0,0.0,14.16,14.29,13.77,,,
10,29,global_mutex,GlobalMutex,1500,mixed,1,286362.00213907834,2010.0,27244.0,5060.525991851852,6707.429222372079,1.3254411168269797,0,100,900,1790611909.5846615,2990.77575,3145.132,performance,,32861572.0,31981516.0,29964716.0,0.0,0.0,13.02,14.06,13.7,,,
10,30,sharded_2key,Sharded-2key,100,read-heavy,1,305142.8687557229,308.0,735.0,322.0891,133.14401959436546,0.41337635950538365,0,100,900,1790611917.202809,2675.27175,3128.994,performance,,32861572.0,31933956.0,29916816.0,0.0,0.0,13.74,14.19,13.75,,,
10,31,thread_local,ThreadLocal,1000,read-heavy,1,299893.10480218753,1882.0,14581.0,3245.23005,3316.4108666210113,1.0219339817283557,0,100,900,1790611920.0309567,2391.277625,3030.221,performance,,32861572.0,31963000.0,29945828.0,0.0,0.0,12.64,13.95,13.67,,,
10,32,thread_local,ThreadLocal,500,read-heavy,1,319429.8953788868,1461.0,3825.0,1539.5666888888888,745.8236059276632,0.48443734935959604,0,100,900,1790611925.8894796,2360.23075,2781.846,performance,,32861572.0,31942344.0,29925128.0,0.0,0.0,11.63,13.72,13.6,,,
10,33,global_mutex,GlobalMutex,100,mixed,1,290673.5783676072,321.0,793.0,337.6304333333333,142.58208896769438,0.42230224201065125,0,100,900,1790611929.967844,2818.6435,3201.207,performance,,32861572.0,31960468.0,29943164.0,0.0,0.0,10.7,13.49,13.52,,,
10,34,global_mutex,GlobalMutex,750,write-heavy,1,291440.20960020646,1863.0,8987.0,2510.510234074074,1910.8681671302809,0.761147332201594,0,100,900,1790611932.6331205,2300.0,2300.0,performance,,32861572.0,31991156.0,29973852.0,0.0,0.0,10.7,13.49,13.52,,,
10,35,hdr_histogram,HdrHistogram,3000,mixed,1,272148.64128208347,2155.0,76668.0,10581.581467777778,18144.54510886369,1.7147290472710597,0,100,900,1790611937.5646746,2400.434375,3103.475,performance,,32861572.0,31968176.0,29950816.0,0.0,0.0,10.72,13.45,13.51,,,
10,36,global_mutex,GlobalMutex,100,read-heavy,1,288345.4258249686,328.0,730.0,339.9968111111111,143.0614376436352,0.420772880710586,0,100,900,1790611951.0183263,2986.949625,3131.22,performance,,32861572.0,31978668.0,29960764.0,0.0,0.0,10.62,13.31,13.47,,,
10,37,sharded_n,Sharded-N,1000,mixed,1,300483.5441288831,1912.0,13991.0,3240.1025444444444,3160.300783038366,0.9753706062350068,0,100,900,1790611953.851015,2529.656875,2946.788,performance,,32861572.0,31993856.0,29975916.0,0.0,0.0,10.62,13.31,13.47,,,
10,38,disabled,Disabled,2000,write-heavy,1,286701.62558690825,2030.0,41198.0,6692.668124444444,10143.749263228006,1.515651019087404,0,100,900,1790611959.552489,2504.362625,3198.482,performance,,32861572.0,31943716.0,29925756.0,0.0,0.0,11.64,13.46,13.51,,,
10,39,disabled,Disabled,3000,mixed,1,274152.77847723826,2132.0,75055.0,10511.95447037037,17710.0045175545,1.684748974843164,0,100,900,1790611968.941609,2411.981125,3195.849,performance,,32861572.0,31963584.0,29945248.0,0.0,0.0,12.23,13.55,13.54,,,
10,40,sharded_2key,Sharded-2key,1000,mixed,1,294629.2435882077,1955.0,15027.0,3306.3055144444443,3383.955001864463,1.0234852729370554,0,100,900,1790611982.298252,2300.0,2300.0,performance,,32861572.0,31975272.0,29956652.0,0.0,0.0,17.06,14.56,13.87,,,
10,41,global_mutex,GlobalMutex,250,mixed,1,307267.7361645993,771.0,1731.0,797.3767333333333,356.6744819074313,0.44730986871964323,0,100,900,1790611988.045322,2300.0,2300.0,performance,,32861572.0,31960380.0,29941680.0,0.0,0.0,16.49,14.48,13.85,,,
10,42,sharded_2key,Sharded-2key,3000,read-heavy,1,279250.70602464734,2078.0,75654.0,10318.97628111111,17786.895320048527,1.7237073557972455,0,100,900,1790611991.1949735,2410.054125,3180.433,performance,,32861572.0,31991932.0,29973248.0,0.0,0.0,15.17,14.24,13.78,,,
10,43,sharded_n,Sharded-N,750,read-heavy,1,318496.1772760556,1688.0,8469.0,2296.100291851852,1801.8349738455665,0.7847370518786658,0,100,900,1790612004.539139,2707.289875,3062.205,performance,,32861572.0,31979624.0,29960476.0,0.0,0.0,14.21,14.09,13.74,,,
10,44,hdr_histogram,HdrHistogram,1500,mixed,1,284903.99397330044,2005.0,28328.0,5098.429005185185,6879.8894477783315,1.3494136018725322,0,100,900,1790612009.4209166,2685.887125,3184.873,performance,,32861572.0,31969712.0,29950580.0,0.0,0.0,14.21,14.09,13.74,,,
10,45,sharded_n,Sharded-N,3000,mixed,1,269404.83786365786,2172.0,75817.0,10700.37225074074,18351.11638209501,1.7149979413870056,0,100,900,1790612017.0644858,2353.251875,2726.015,performance,,32861572.0,31949024.0,29929596.0,0.0,0.0,13.63,13.96,13.7,,,
10,46,global_mutex,GlobalMutex,2000,mixed,1,282200.5323934728,2068.0,42803.0,6836.749656666667,10316.797153919633,1.5090207586962754,0,100,900,1790612030.6343174,2805.527125,3202.808,performance,,32861572.0,31989372.0,29969536.0,0.0,0.0,12.08,13.61,13.59,,,
10,47,disabled,Disabled,750,write-heavy,1,299472.6217918795,1808.0,8779.0,2447.6387881481483,1878.8688619842214,0.7676250560670961,0,100,900,1790612040.1277428,2614.271875,3140.905,performance,,32861572.0,31985660.0,29965640.0,0.0,0.0,11.33,13.41,13.52,,,
10,48,hdr_histogram,HdrHistogram,1000,read-heavy,1,300012.3556088493,1911.0,14811.0,3238.5859233333335,3248.358513165682,1.003017548418876,0,100,900,1790612044.9773,2300.0,2300.0,performance,,32861572.0,31943452.0,29923460.0,0.0,0.0,10.42,13.19,13.45,,,
10,49,sharded_2key,Sharded-2key,2000,write-heavy,1,276130.15554484836,2095.0,43801.0,6985.524536666667,10722.698495193847,1.5349883088823097,0,100,900,1790612050.8533492,2300.0,2300.0,performance,,32861572.0,31932572.0,29912408.0,0.0,0.0,9.59,12.97,13.38,,,
10,50,thread_local,ThreadLocal,750,mixed,1,298177.26767464186,1830.0,8416.0,2452.264562962963,1839.0307485180044,0.7499316249532166,0,100,900,1790612060.4976106,2387.3675,2998.94,performance,,32861572.0,31979340.0,29958876.0,0.0,0.0,9.29,12.8,13.32,,,
10,51,hdr_histogram,HdrHistogram,750,read-heavy,1,311648.19449790404,1717.0,8426.0,2347.0677125925927,1802.341119391617,0.7679118543200163,0,100,900,1790612065.3555727,2410.73275,3185.862,performance,,32861572.0,31967148.0,29946680.0,0.0,0.0,8.55,12.59,13.25,,,
10,52,sharded_2key,Sharded-2key,1500,write-heavy,1,283526.0322176683,2029.0,28145.0,5110.737731851852,6917.215084075807,1.3534670427256275,0,100,900,1790612070.2915115,2411.69575,3193.566,performance,,32861572.0,31917020.0,29896408.0,0.0,0.0,7.86,12.38,13.18,,,
10,53,sharded_n,Sharded-N,750,write-heavy,1,300170.65622329636,1795.0,8894.0,2439.6449244444443,1869.270000908164,0.7662057630512907,0,100,900,1790612077.956633,2397.541625,3080.333,performance,,32861572.0,31951072.0,29930164.0,0.0,0.0,10.04,12.76,13.29,,,
10,54,global_mutex,GlobalMutex,3000,write-heavy,1,266986.91286724684,2216.0,75634.0,10807.102756296295,18288.992816083774,1.692312290213811,0,100,900,1790612082.8185577,2398.948625,3091.589,performance,,32861572.0,31938820.0,29917964.0,0.0,0.0,10.75,12.86,13.32,,,
10,55,disabled,Disabled,500,write-heavy,1,306220.94317529886,1473.0,4276.0,1598.4633088888888,834.1425170023203,0.5218402651870332,0,100,900,1790612096.487933,2376.547875,2912.383,performance,,32861572.0,31988084.0,29966760.0,0.0,0.0,13.46,13.37,13.48,,,
10,56,sharded_2key,Sharded-2key,1000,read-heavy,1,292386.44041781814,1925.0,14476.0,3320.5348544444446,3333.053949340249,1.0037702043329098,0,100,900,1790612100.4683232,2695.53975,3448.414,performance,,32861572.0,31973412.0,29952112.0,0.0,0.0,12.39,13.15,13.41,,,
10,57,thread_local,ThreadLocal,1000,mixed,1,295431.03806652955,1927.0,14333.0,3291.8246633333333,3304.067794675132,1.0037192537859538,0,100,900,1790612106.4098291,2749.429875,3449.366,performance,,32861572.0,31960064.0,29938572.0,0.0,0.0,11.39,12.93,13.34,,,
10,58,hdr_histogram,HdrHistogram,250,mixed,1,317932.0092393981,745.0,1666.0,770.32512,341.52732462497096,0.4433547806736083,0,100,900,1790612112.160422,2300.0,2300.0,performance,,32861572.0,31947880.0,29926264.0,0.0,0.0,12.16,13.06,13.38,,,
10,59,disabled,Disabled,1000,mixed,1,304353.0398897786,1856.0,14388.0,3194.1161177777776,3264.704738405899,1.0220995787332965,0,100,900,1790612115.2859752,2615.1685,3142.934,performance,,32861572.0,31973960.0,29952340.0,0.0,0.0,11.19,12.85,13.31,,,
10,60,sharded_n,Sharded-N,500,mixed,1,299628.16803528793,1515.0,4384.0,1635.9572222222223,835.8746844686842,0.5109392061812372,0,100,900,1790612120.9522119,2300.0,2300.0,performance,,32861572.0,31937528.0,29915648.0,0.0,0.0,10.29,12.63,13.24,,,
10,61,disabled,Disabled,100,write-heavy,1,296496.6724079624,317.0,731.0,331.0015222222222,136.1504791579456,0.41132886109973593,0,100,900,1790612124.9645538,2384.957,2979.656,performance,,32861572.0,31951264.0,29929428.0,0.0,0.0,9.47,12.42,13.17,,,
10,62,sharded_n,Sharded-N,500,read-heavy,1,314868.8678220936,1453.0,4030.0,1556.137068888889,770.2875117791347,0.4949997832319067,0,100,900,1790612127.6211455,2300.0,2300.0,performance,,32861572.0,31982428.0,29960564.0,0.0,0.0,9.47,12.42,13.17,,,
10,63,sharded_n,Sharded-N,250,write-heavy,1,305640.99579792534,785.0,1606.0,802.2791022222223,331.9671730701511,0.41378015724283435,0,100,900,1790612131.7215412,2847.777625,3060.878,performance,,32861572.0,31976796.0,29954904.0,0.0,0.0,9.51,12.38,13.15,,,
10,64,sharded_2key,Sharded-2key,1000,write-heavy,1,286808.06057610584,1981.0,14935.0,3395.6842944444443,3431.0226877265122,1.010406854765587,0,100,900,1790612134.877481,2557.714375,3474.663,performance,,32861572.0,31992248.0,29970336.0,0.0,0.0,8.75,12.18,13.08,,,
10,65,thread_local,ThreadLocal,3000,mixed,1,273145.01204530755,2147.0,75196.0,10550.764392962963,17906.467481969587,1.697172528458,0,100,900,1790612140.7291908,2615.99525,3187.447,performance,,32861572.0,31944492.0,29922312.0,0.0,0.0,8.05,11.97,13.01,,,
10,66,sharded_2key,Sharded-2key,100,write-heavy,1,279824.9607813658,335.0,809.0,350.87732222222223,150.06928019727323,0.42769729102705983,0,100,900,1790612154.1449602,2300.0,2300.0,performance,,32861572.0,31973104.0,29950492.0,0.0,0.0,9.3,12.12,13.04,,,
10,67,thread_local,ThreadLocal,500,mixed,1,303662.2368232863,1502.0,4251.0,1617.4196466666667,821.7202481037732,0.5080439388734105,0,100,900,1790612156.8211644,2300.0,2300.0,performance,,32861572.0,31993556.0,29970964.0,0.0,0.0,11.44,12.52,13.17,,,
10,68,sharded_2key,Sharded-2key,3000,write-heavy,1,266797.4406008085,2189.0,78548.0,10782.098694814815,18588.416756020546,1.7240072904322277,0,100,900,1790612160.8134675,2423.579375,3288.635,performance,,32861572.0,31964136.0,29941556.0,0.0,0.0,10.52,12.31,13.1,,,
10,69,hdr_histogram,HdrHistogram,500,write-heavy,1,304578.84340123436,1496.0,4235.0,1608.2122666666667,820.7047600969244,0.510321166619376,0,100,900,1790612174.5016663,2410.945875,3187.567,performance,,32861572.0,31985236.0,29962148.0,0.0,0.0,10.84,12.32,13.09,,,
10,70,thread_local,ThreadLocal,250,mixed,1,304695.3760580801,782.0,1801.0,804.9589733333333,353.7381903736769,0.43944871986313516,0,100,900,1790612178.4934583,2682.55475,3124.268,performance,,32861572.0,31979988.0,29956948.0,0.0,0.0,9.97,12.11,13.02,,,
10,71,disabled,Disabled,1500,mixed,1,290774.26820528146,1969.0,27948.0,4989.305968148148,6752.384259332554,1.3533714513481316,0,100,900,1790612181.6437094,2555.80425,3002.038,performance,,32861572.0,31985148.0,29962188.0,0.0,0.0,11.5,12.39,13.11,,,
10,72,sharded_2key,Sharded-2key,2000,read-heavy,1,287887.74238953175,1986.0,39757.0,6690.534887777778,10048.07698059829,1.5018346289403628,0,100,900,1790612189.1858327,2398.043,3084.344,performance,,32861572.0,31953816.0,29930532.0,0.0,0.0,10.9,12.25,13.06,,,
10,73,sharded_n,Sharded-N,1500,read-heavy,1,287765.9788222196,1972.0,26891.0,5043.686585925926,6702.4449312095385,1.3288781562899383,0,100,900,1790612198.7006319,2770.98625,3145.814,performance,,32861572.0,31953180.0,29929644.0,0.0,0.0,10.5,12.12,13.0,,,
10,74,hdr_histogram,HdrHistogram,1500,write-heavy,1,290081.4648691789,1983.0,27774.0,5004.9018281481485,6707.580622070729,1.3402022362050174,0,100,900,1790612206.4664764,2375.6975,2905.58,performance,,32861572.0,31984988.0,29961304.0,0.0,0.0,9.99,11.96,12.94,,,
10,75,thread_local,ThreadLocal,1500,read-heavy,1,293386.62608526624,1929.0,28472.0,4949.347173333334,6626.86686006572,1.3389375665079066,0,100,900,1790612214.0211241,2300.0,2300.0,performance,,32861572.0,31934428.0,29910588.0,0.0,0.0,11.43,12.23,13.02,,,
10,76,global_mutex,GlobalMutex,100,write-heavy,1,289867.00788951974,324.0,757.0,337.8224333333333,140.6656411546217,0.41638928405866193,0,100,900,1790612221.6772113,2489.98725,3108.605,performance,,32861572.0,31977836.0,29953736.0,0.0,0.0,14.79,12.9,13.23,,,
10,77,sharded_2key,Sharded-2key,750,mixed,1,298796.708868193,1815.0,8385.0,2448.771102222222,1803.6997902003393,0.7365734545640095,0,100,900,1790612224.3421097,2300.0,2300.0,performance,,32861572.0,31982816.0,29958672.0,0.0,0.0,14.79,12.9,13.23,,,
10,78,disabled,Disabled,3000,read-heavy,1,279985.66723504284,2079.0,73591.0,10293.937663333334,17453.692208453645,1.6955311737143233,0,100,900,1790612229.221839,2553.265625,3400.449,performance,,32861572.0,31974352.0,29950184.0,0.0,0.0,13.61,12.69,13.16,,,
10,79,thread_local,ThreadLocal,1000,write-heavy,1,292671.8161505268,1955.0,14654.0,3322.20468,3296.672497602725,0.9923146871259976,0,100,900,1790612242.5277145,2408.70025,3169.602,performance,,32861572.0,31984648.0,29959988.0,0.0,0.0,12.57,12.49,13.09,,,
10,80,sharded_n,Sharded-N,1500,write-heavy,1,281029.20437047974,2055.0,29801.0,5158.298665185185,7005.761248544977,1.3581534733203486,0,100,900,1790612248.2937844,2556.5265,3167.343,performance,,32861572.0,31954008.0,29929348.0,0.0,0.0,12.93,12.57,13.11,,,
10,81,sharded_2key,Sharded-2key,250,read-heavy,1,316871.8514477383,757.0,1657.0,775.2312,332.6388765920764,0.42908344838556084,0,100,900,1790612256.0205078,2387.81475,3002.518,performance,,32861572.0,31937736.0,29912876.0,0.0,0.0,11.82,12.35,13.03,,,
10,82,thread_local,ThreadLocal,500,write-heavy,1,302759.4073685633,1503.0,4236.0,1615.1286511111111,819.7038479562145,0.5075161334004618,0,100,900,1790612259.3090186,2300.0,2300.0,performance,,32861572.0,31978324.0,29953460.0,0.0,0.0,11.82,12.35,13.03,,,
10,83,global_mutex,GlobalMutex,1500,read-heavy,1,288513.48500627297,1970.0,28319.0,5026.3178474074075,6820.508643078969,1.3569592791663605,0,100,900,1790612263.3083122,2300.0,2300.0,performance,,32861572.0,31957644.0,29932744.0,0.0,0.0,10.88,12.14,12.96,,,
10,84,disabled,Disabled,100,read-heavy,1,301945.9105502686,313.0,705.0,325.2501888888889,134.23746551018957,0.4127206381301977,0,100,900,1790612271.0422153,2300.0,2300.0,performance,,32861572.0,31937564.0,29912404.0,0.0,0.0,10.9,12.12,12.95,,,
10,85,hdr_histogram,HdrHistogram,2000,mixed,1,282091.1066450099,2055.0,44087.0,6825.857742777778,10567.562810874071,1.5481662831393272,0,100,900,1790612273.8641458,2300.0,2300.0,performance,,32861572.0,31965420.0,29940224.0,0.0,0.0,10.9,12.12,12.95,,,
10,86,sharded_2key,Sharded-2key,500,read-heavy,1,315914.61666419165,1450.0,4022.0,1551.76428,773.2975830348498,0.49833443970939306,0,100,900,1790612283.352857,2883.16025,3165.273,performance,,32861572.0,31953400.0,29927904.0,0.0,0.0,14.14,12.75,13.14,,,
10,87,hdr_histogram,HdrHistogram,250,read-heavy,1,316722.2030134507,749.0,1672.0,772.6545377777778,348.3175253297564,0.4508062896149528,0,100,900,1790612287.4444706,2517.742625,3199.39,performance,,32861572.0,31945416.0,29919932.0,0.0,0.0,15.49,13.05,13.24,,,
10,88,sharded_2key,Sharded-2key,1500,mixed,1,288651.20234670263,1979.0,28308.0,5016.334459259259,6780.837570214974,1.3517514881207247,0,100,900,1790612290.7368746,2388.211625,3005.693,performance,,32861572.0,31946896.0,29921448.0,0.0,0.0,14.25,12.83,13.17,,,
10,89,disabled,Disabled,3000,write-heavy,1,269967.8781689807,2171.0,77788.0,10638.277769259259,18301.71529870056,1.720364489032787,0,100,900,1790612298.3095205,2385.311,2982.488,performance,,32861572.0,31931568.0,29905772.0,0.0,0.0,14.55,12.92,13.19,,,
10,90,disabled,Disabled,100,mixed,1,292114.6000629799,321.0,744.0,334.8762222222222,139.817738348319,0.4175206511244523,0,100,900,1790612311.8175826,2363.761,2810.088,performance,,32861572.0,31973352.0,29947232.0,0.0,0.0,16.86,13.5,13.38,,,
10,91,sharded_2key,Sharded-2key,1500,read-heavy,1,296250.480838395,1938.0,27258.0,4890.479214814814,6580.435946227526,1.3455605590334165,0,100,900,1790612314.4794996,2488.360375,3106.816,performance,,32861572.0,31986252.0,29960100.0,0.0,0.0,16.86,13.5,13.38,,,
10,92,thread_local,ThreadLocal,100,read-heavy,1,292091.5710580366,318.0,843.0,335.5598,148.4109923294471,0.442278819839108,0,100,900,1790612322.0981815,3045.595875,3227.636,performance,,32861572.0,31975800.0,29949420.0,0.0,0.0,15.22,13.25,13.3,,,
10,93,global_mutex,GlobalMutex,500,write-heavy,1,295819.6492778672,1516.0,4519.0,1651.8302155555555,881.8910375812412,0.5338872175096018,0,100,900,1790612324.9327686,2417.050875,3236.407,performance,,32861572.0,31994212.0,29967804.0,0.0,0.0,14.01,13.03,13.23,,,
10,94,hdr_histogram,HdrHistogram,500,read-heavy,1,302852.5538698795,1483.0,4328.0,1617.3521866666667,852.7668889463052,0.527261097475524,0,100,900,1790612328.9703307,2300.0,2300.0,performance,,32861572.0,31976040.0,29949736.0,0.0,0.0,14.01,13.03,13.23,,,
10,95,sharded_2key,Sharded-2key,750,write-heavy,1,293194.2763353527,1847.0,8938.0,2495.226451851852,1900.0486425506476,0.7614734290511034,0,100,900,1790612333.1402128,2403.283375,3126.267,performance,,32861572.0,31943092.0,29916708.0,0.0,0.0,13.92,13.03,13.22,,,
10,96,hdr_histogram,HdrHistogram,100,write-heavy,1,281648.04878659936,332.0,807.0,348.1138888888889,147.52622948055065,0.42378725523254873,0,100,900,1790612338.0482748,2390.851375,3026.811,performance,,32861572.0,31957372.0,29930868.0,0.0,0.0,13.77,13.02,13.22,,,
10,97,disabled,Disabled,500,read-heavy,1,317418.0279740127,1423.0,4226.0,1542.34342,799.9586644141624,0.5186644258605924,0,100,900,1790612340.725322,2300.0,2300.0,performance,,32861572.0,31978616.0,29952068.0,0.0,0.0,12.67,12.8,13.15,,,
10,98,sharded_n,Sharded-N,1000,write-heavy,1,291368.8408494966,1937.0,14834.0,3324.941568888889,3372.351995587639,1.0142590255246482,0,100,900,1790612344.8160949,2300.0,2300.0,performance,,32861572.0,31960508.0,29933928.0,0.0,0.0,11.65,12.59,13.08,,,
10,99,disabled,Disabled,750,read-heavy,1,304576.80086373753,1777.0,8804.0,2402.88424,1860.5953882640622,0.7743175294470541,0,100,900,1790612350.6128745,2412.708,3201.664,performance,,32861572.0,31954096.0,29927288.0,0.0,0.0,10.72,12.38,13.01,,,
10,100,hdr_histogram,HdrHistogram,750,mixed,1,301399.1772291844,1788.0,8685.0,2430.6882562962965,1848.9338672171423,0.7606626898483524,0,100,900,1790612355.6076643,2583.7315,3103.155,performance,,32861572.0,31970676.0,29943724.0,0.0,0.0,9.86,12.17,12.94,,,
10,101,disabled,Disabled,250,read-heavy,1,317546.58349810215,753.0,1614.0,769.8437866666667,325.1642215741684,0.42237688633182496,0,100,900,1790612360.4594738,2355.9585,2747.668,performance,,32861572.0,31948460.0,29921452.0,0.0,0.0,9.07,11.97,12.87,,,
10,102,hdr_histogram,HdrHistogram,3000,write-heavy,1,267947.2778226877,2180.0,78349.0,10750.708737407407,18505.66534225273,1.721343754562127,0,100,900,1790612363.7402105,2300.0,2300.0,performance,,32861572.0,31978440.0,29951384.0,0.0,0.0,9.07,11.97,12.87,,,
10,103,sharded_n,Sharded-N,1500,mixed,1,288805.4922264536,2001.0,28043.0,5018.025918518519,6805.16712601073,1.3561442759585889,0,100,900,1790612377.3678498,2861.92175,3155.917,performance,,32861572.0,31962248.0,29934748.0,0.0,0.0,10.88,12.23,12.94,,,
10,104,thread_local,ThreadLocal,100,mixed,1,302781.4910656869,312.0,690.0,324.49045555555557,135.05105728284963,0.41619423613440526,0,100,900,1790612384.9461067,2300.0,2300.0,performance,,32861572.0,31950796.0,29923216.0,0.0,0.0,10.83,12.19,12.92,,,
10,105,sharded_n,Sharded-N,250,mixed,1,309749.0541193134,782.0,1540.0,792.2347155555556,316.25505463995063,0.39919363344002967,0,100,900,1790612387.5957363,2411.237625,3189.901,performance,,32861572.0,31971956.0,29944368.0,0.0,0.0,10.83,12.19,12.92,,,
10,106,disabled,Disabled,1500,write-heavy,1,290253.3240797535,1965.0,27752.0,4996.379742222222,6755.762599035723,1.3521315327467456,0,100,900,1790612390.7374012,2300.0,2300.0,performance,,32861572.0,31964584.0,29936948.0,0.0,0.0,9.96,11.99,12.85,,,
10,107,sharded_2key,Sharded-2key,750,read-heavy,1,302488.7163687242,1781.0,8690.0,2422.0916118518517,1845.9935618896413,0.762148530161605,0,100,900,1790612398.289779,2355.94025,2747.522,performance,,32861572.0,31956756.0,29928752.0,0.0,0.0,10.04,11.97,12.84,,,
10,108,sharded_n,Sharded-N,750,mixed,1,296221.77356204216,1845.0,8589.0,2476.7825066666664,1831.1119769789987,0.7393107679217938,0,100,900,1790612403.2768183,2400.23325,3101.866,performance,,32861572.0,31971168.0,29943188.0,0.0,0.0,10.2,11.97,12.83,,,
10,109,global_mutex,GlobalMutex,750,read-heavy,1,304892.8915833969,1773.0,8660.0,2405.6411037037037,1847.8468501949933,0.7681307271271948,0,100,900,1790612408.166423,2963.870125,3575.529,performance,,32861572.0,31981456.0,29953404.0,0.0,0.0,11.3,12.17,12.89,,,
10,110,disabled,Disabled,500,mixed,1,310310.4235765486,1470.0,4006.0,1582.1925088888888,788.868416499265,0.4985919299120282,0,100,900,1790612413.1380672,2994.105,3323.099,performance,,32861572.0,31957356.0,29929252.0,0.0,0.0,12.24,12.35,12.95,,,
10,111,hdr_histogram,HdrHistogram,100,mixed,1,285330.0674918791,331.0,733.0,344.0797333333333,141.22131800413592,0.4104319560935177,0,100,900,1790612417.1013112,2756.674875,3353.291,performance,,32861572.0,31972968.0,29944776.0,0.0,0.0,17.43,13.42,13.29,,,
10,112,global_mutex,GlobalMutex,1000,mixed,1,298000.60477500956,1885.0,14198.0,3263.7009255555554,3283.3061993974293,1.0060070681380024,0,100,900,1790612419.773452,2868.389,3289.537,performance,,32861572.0,31989080.0,29960860.0,0.0,0.0,16.03,13.2,13.22,,,
10,113,sharded_n,Sharded-N,3000,read-heavy,1,273565.2505629896,2157.0,76622.0,10511.683565555555,18049.10571730104,1.71705185042327,0,100,900,1790612425.4843895,2300.0,2300.0,performance,,32861572.0,31957940.0,29929496.0,0.0,0.0,14.75,12.98,13.15,,,
10,114,thread_local,ThreadLocal,1500,mixed,1,291443.8476715726,1963.0,27590.0,4984.175302962963,6635.018100739635,1.3312168407871388,0,100,900,1790612439.0456686,2401.31175,3110.494,performance,,32861572.0,31965620.0,29936688.0,0.0,0.0,15.17,13.13,13.2,,,
10,115,sharded_n,Sharded-N,2000,mixed,1,279739.18839402613,2064.0,41623.0,6898.599505555556,10246.500464937637,1.48530153934664,0,100,900,1790612446.588142,2619.4795,3183.77,performance,,32861572.0,31952392.0,29923408.0,0.0,0.0,13.8,12.91,13.12,,,
10,116,thread_local,ThreadLocal,750,write-heavy,1,298271.5447670132,1843.0,8555.0,2458.1676533333334,1836.6762807375176,0.7471729107845598,0,100,900,1790612456.1477134,2400.40975,3103.278,performance,,32861572.0,31974068.0,29944776.0,0.0,0.0,12.19,12.6,13.02,,,
10,117,sharded_2key,Sharded-2key,2000,mixed,1,282578.8182387916,2051.0,41499.0,6827.105122222222,10507.690341371153,1.5391135998724597,0,100,900,1790612461.0135157,2513.31875,3178.426,performance,,32861572.0,31959712.0,29930484.0,0.0,0.0,11.22,12.39,12.95,,,
10,118,sharded_2key,Sharded-2key,500,mixed,1,319162.0568997363,1432.0,3911.0,1530.665708888889,766.1030074707534,0.5005031490689551,0,100,900,1790612470.4860184,2300.0,2300.0,performance,,32861572.0,31978644.0,29949012.0,0.0,0.0,10.74,12.26,12.9,,,
10,119,global_mutex,GlobalMutex,500,mixed,1,304646.8641226831,1485.0,4292.0,1611.2078222222221,834.077123837556,0.5176719677832583,0,100,900,1790612474.406448,2300.0,2300.0,performance,,32861572.0,31971500.0,29941840.0,0.0,0.0,10.74,12.26,12.9,,,
10,120,global_mutex,GlobalMutex,1000,read-heavy,1,318916.8792433997,1802.0,13554.0,3054.18251,3085.8062527770307,1.0103542413308597,0,100,900,1790612478.396654,2990.130875,3309.203,performance,,32861572.0,31973352.0,29943696.0,0.0,0.0,9.88,12.06,12.83,,,
10,121,disabled,Disabled,2000,mixed,1,290576.16838886635,1942.0,41984.0,6623.8381172222225,10022.121096253226,1.513038350106314,0,100,900,1790612484.089366,2917.619375,3403.719,performance,,32861572.0,31949148.0,29919248.0,0.0,0.0,10.53,12.16,12.86,,,
10,122,disabled,Disabled,750,mixed,1,304592.48245970573,1779.0,8547.0,2407.493171851852,1808.1938905448987,0.7510691667524149,0,100,900,1790612493.3923633,2300.0,2300.0,performance,,32861572.0,31960800.0,29930648.0,0.0,0.0,11.56,12.33,12.91,,,
10,123,sharded_n,Sharded-N,2000,write-heavy,1,275815.7877526622,2106.0,43683.0,6977.569499444445,10555.90461865316,1.5128340347586107,0,100,900,1790612498.2151167,2514.383625,3207.732,performance,,32861572.0,31968488.0,29938368.0,0.0,0.0,12.15,12.44,12.94,,,
10,124,thread_local,ThreadLocal,3000,read-heavy,1,278572.5315108294,2092.0,71513.0,10333.217588148149,17409.581212370333,1.6848170537256986,0,100,900,1790612507.8670874,2300.0,2300.0,performance,,32861572.0,31973556.0,29943048.0,0.0,0.0,12.62,12.54,12.97,,,
10,125,sharded_n,Sharded-N,100,mixed,1,284874.67503673193,330.0,796.0,344.52026666666666,145.0261683522095,0.42095105102344105,0,100,900,1790612521.2239113,2412.8245,3202.596,performance,,32861572.0,31970304.0,29939472.0,0.0,0.0,12.38,12.51,12.95,,,
10,126,sharded_2key,Sharded-2key,3000,mixed,1,269241.0773593719,2187.0,76012.0,10694.508823333334,18173.838541314097,1.699361685658936,0,100,900,1790612523.89443,2362.7625,2802.1,performance,,32861572.0,31977404.0,29946552.0,0.0,0.0,12.38,12.51,12.95,,,
10,127,thread_local,ThreadLocal,1500,write-heavy,1,285863.89792441553,2034.0,27381.0,5076.965165925926,6746.78098981317,1.3289003901571395,0,100,900,1790612537.4570131,2505.521625,3188.312,performance,,32861572.0,31989836.0,29958572.0,0.0,0.0,15.75,13.24,13.18,,,
10,128,hdr_histogram,HdrHistogram,500,mixed,1,306062.4913375388,1461.0,4565.0,1596.9765311111112,870.0515249682393,0.5448117164019266,0,100,900,1790612545.0828602,2412.899375,3203.195,performance,,32861572.0,31959556.0,29928188.0,0.0,0.0,13.92,12.93,13.09,,,
10,129,sharded_n,Sharded-N,500,write-heavy,1,299891.80803241616,1518.0,4269.0,1625.8596488888888,827.8718639332279,0.5091902394520923,0,100,900,1790612549.0669653,2437.722875,3401.783,performance,,32861572.0,31977796.0,29946464.0,0.0,0.0,13.92,12.93,13.09,,,
10,130,sharded_2key,Sharded-2key,250,write-heavy,1,316907.3006947556,762.0,1535.0,773.7487466666666,316.59317470978584,0.40916793219204417,0,100,900,1790612553.0846543,2456.668875,3553.351,performance,,32861572.0,31978520.0,29947116.0,0.0,0.0,14.25,13.02,13.11,,,
10,131,hdr_histogram,HdrHistogram,750,write-heavy,1,294471.1399667894,1844.0,8845.0,2490.3645644444446,1879.078537204316,0.7545395417331215,0,100,900,1790612556.215212,2981.618,3248.265,performance,,32861572.0,31974668.0,29943296.0,0.0,0.0,13.1,12.8,13.04,,,
10,132,global_mutex,GlobalMutex,3000,mixed,1,271106.45892873855,2161.0,76850.0,10623.373958148148,17907.852645866325,1.685702933589283,0,100,900,1790612561.1275897,2400.2115,3101.692,performance,,32861572.0,31950992.0,29919440.0,0.0,0.0,12.05,12.59,12.97,,,
10,133,global_mutex,GlobalMutex,1000,write-heavy,1,304212.91486039123,1876.0,14358.0,3194.81124,3236.159436340234,1.0129422971293396,0,100,900,1790612574.6066766,2400.077625,3100.621,performance,,32861572.0,31996376.0,29964344.0,0.0,0.0,14.11,13.01,13.11,,,
10,134,hdr_histogram,HdrHistogram,2000,write-heavy,1,276960.3970809278,2107.0,43462.0,6946.667833333333,10536.440671442011,1.5167618380834742,0,100,900,1790612580.2761524,2300.0,2300.0,performance,,32861572.0,31967768.0,29935692.0,0.0,0.0,11.94,12.58,12.97,,,
10,135,sharded_n,Sharded-N,100,read-heavy,1,296422.0348639543,318.0,684.0,331.18763333333334,133.1634959552668,0.4020787087217129,0,100,900,1790612589.9001763,2300.0,2300.0,performance,,32861572.0,31970744.0,29938328.0,0.0,0.0,11.06,12.38,12.9,,,
10,136,global_mutex,GlobalMutex,250,write-heavy,1,302581.4038549869,780.0,1816.0,812.1711733333333,371.46777326789106,0.457376210169223,0,100,900,1790612592.7292182,2300.0,2300.0,performance,,32861572.0,31988556.0,29956112.0,0.0,0.0,11.06,12.38,12.9,,,
10,137,thread_local,ThreadLocal,2000,read-heavy,1,288181.4156420118,2002.0,42442.0,6668.509822777778,10223.938566057812,1.5331669050161216,0,100,900,1790612595.888476,3016.923,3593.75,performance,,32861572.0,31990240.0,29957796.0,0.0,0.0,10.18,12.18,12.83,,,
10,138,global_mutex,GlobalMutex,500,read-heavy,1,317645.93338530237,1449.0,3964.0,1539.2980355555555,769.4292686084046,0.49985724066145915,0,100,900,1790612605.3871436,2300.0,2300.0,performance,,32861572.0,31935156.0,29902436.0,0.0,0.0,10.6,12.22,12.83,,,
10,139,hdr_histogram,HdrHistogram,250,write-heavy,1,311010.0450411382,764.0,1737.0,787.5797466666667,353.0746811957661,0.44830340380147,0,100,900,1790612609.4773693,2518.273875,3205.128,performance,,32861572.0,31968100.0,29935448.0,0.0,0.0,10.6,12.22,12.83,,,
10,140,sharded_n,Sharded-N,1000,read-heavy,1,299458.7692007015,1885.0,14230.0,3255.079458888889,3284.5435155237824,1.0090517165577737,0,100,900,1790612612.622273,2568.13175,3054.971,performance,,32861572.0,31975176.0,29942508.0,0.0,0.0,9.83,12.03,12.77,,,
10,141,hdr_histogram,HdrHistogram,2000,read-heavy,1,291112.52848338376,1980.0,43645.0,6622.061233888889,10233.49786007844,1.545364426367391,0,100,900,1790612618.4998722,2394.7715,3058.172,performance,,32861572.0,31948712.0,29915788.0,0.0,0.0,9.77,11.98,12.75,,,
10,142,thread_local,ThreadLocal,2000,mixed,1,280109.3704839561,2057.0,42665.0,6880.213960555556,10490.314649134236,1.524707619454203,0,100,900,1790612627.9467175,2414.362125,3214.897,performance,,32861572.0,31958776.0,29925564.0,0.0,0.0,10.82,12.13,12.79,,,
10,143,disabled,Disabled,1500,read-heavy,1,293317.00028397434,1949.0,28044.0,4942.311966666667,6767.734193652304,1.3693458121011308,0,100,900,1790612637.4917102,2603.013,3160.695,performance,,32861572.0,31953868.0,29920440.0,0.0,0.0,12.26,12.39,12.87,,,
10,144,disabled,Disabled,1000,read-heavy,1,324788.60090977506,1739.0,12727.0,2991.152357777778,2949.250740391168,0.9859914800803594,0,100,900,1790612645.1689227,2412.674,3201.392,performance,,32861572.0,31948820.0,29915212.0,0.0,0.0,12.66,12.49,12.9,,,
11,1,thread_local,ThreadLocal,3000,mixed,1,271346.56885302765,2162.0,75657.0,10622.878499629629,18085.53330077085,1.7025077808619773,0,100,900,1790612650.8206007,2443.208,3445.664,performance,,32861572.0,31961244.0,29927484.0,0.0,0.0,11.65,12.28,12.83,,,
11,2,global_mutex,GlobalMutex,250,mixed,1,310665.7830484945,771.0,1697.0,791.7705377777778,347.32711363732767,0.43867142949288446,0,100,900,1790612664.2656593,2401.6995,3113.596,performance,,32861572.0,31974460.0,29940288.0,0.0,0.0,11.74,12.29,12.82,,,
11,3,thread_local,ThreadLocal,250,read-heavy,1,325150.30875059427,739.0,1554.0,754.8203644444444,317.1258751439689,0.4201342333647514,0,100,900,1790612667.4051592,2300.0,2300.0,performance,,32861572.0,31980876.0,29946696.0,0.0,0.0,11.36,12.2,12.79,,,
11,4,global_mutex,GlobalMutex,750,mixed,1,295461.7637744504,1856.0,8780.0,2483.0904503703705,1867.1287389386998,0.7519374651294738,0,100,900,1790612670.6763556,2300.0,2300.0,performance,,32861572.0,31987292.0,29953168.0,0.0,0.0,10.45,12.0,12.72,,,
11,5,hdr_histogram,HdrHistogram,250,mixed,1,308851.9115701356,767.0,1713.0,791.7472311111111,351.6526314219619,0.44414759863253905,0,100,900,1790612675.569154,2300.0,2300.0,performance,,32861572.0,31972528.0,29938316.0,0.0,0.0,9.61,11.8,12.65,,,
11,6,sharded_n,Sharded-N,1000,write-heavy,1,292590.0379131149,1934.0,14614.0,3328.182012222222,3342.435600763253,1.0042826950234955,0,100,900,1790612678.7179637,2838.8125,3264.996,performance,,32861572.0,31988724.0,29954476.0,0.0,0.0,9.61,11.8,12.65,,,
11,7,thread_local,ThreadLocal,3000,read-heavy,1,275141.9769694377,2116.0,76958.0,10459.405852222222,17924.167439938283,1.7136888742232033,0,100,900,1790612684.504633,2365.082625,2820.661,performance,,32861572.0,31945048.0,29910592.0,0.0,0.0,10.52,11.95,12.7,,,
11,8,global_mutex,GlobalMutex,100,mixed,1,304939.5108264047,311.0,621.0,321.87364444444444,124.74084047255201,0.3875459908743238,0,100,900,1790612697.9619415,2390.510625,3024.085,performance,,32861572.0,31975892.0,29941008.0,0.0,0.0,10.82,11.92,12.68,,,
11,9,sharded_2key,Sharded-2key,3000,mixed,1,301035.9094186601,1957.0,59298.0,9562.601214814815,14741.062644928586,1.5415327183247027,0,100,900,1790612700.6145735,2387.531375,3000.251,performance,,32861572.0,31980768.0,29945852.0,0.0,0.0,9.96,11.73,12.61,,,
11,10,sharded_2key,Sharded-2key,1000,mixed,1,287232.04986556724,1981.0,15183.0,3392.334622222222,3446.7081359891213,1.0160283462046207,0,100,900,1790612713.1427016,2758.649875,3243.083,performance,,32861572.0,31972064.0,29936872.0,0.0,0.0,11.03,11.9,12.66,,,
11,11,thread_local,ThreadLocal,500,write-heavy,1,301120.57061903813,1514.0,4307.0,1631.7650711111112,831.2590495646501,0.5094232400737836,0,100,900,1790612718.9865046,2400.01225,3100.098,performance,,32861572.0,31957552.0,29922232.0,0.0,0.0,10.79,11.83,12.63,,,
11,12,sharded_n,Sharded-N,500,mixed,1,307142.7135560762,1500.0,4040.0,1596.502611111111,789.8756719137067,0.4947537613884517,0,100,900,1790612722.9920955,2300.0,2300.0,performance,,32861572.0,31994412.0,29959096.0,0.0,0.0,19.13,13.55,13.18,,,
11,13,sharded_n,Sharded-N,750,read-heavy,1,305690.4004470156,1782.0,8480.0,2390.6551303703704,1793.8781237360486,0.7503709342878466,0,100,900,1790612726.9677258,2412.023375,3196.187,performance,,32861572.0,31967508.0,29932200.0,0.0,0.0,18.88,13.59,13.2,,,
11,14,disabled,Disabled,3000,mixed,1,275384.5197108551,2126.0,74862.0,10461.493255925925,17816.097107163605,1.7030166412497236,0,100,900,1790612731.9463444,2390.479875,3023.839,performance,,32861572.0,31948232.0,29912760.0,0.0,0.0,18.33,13.56,13.19,,,
11,15,disabled,Disabled,500,write-heavy,1,306084.30088111263,1460.0,4450.0,1597.40068,850.6839589571806,0.5325426297910306,0,100,900,1790612745.2639222,2412.362625,3198.901,performance,,32861572.0,31983060.0,29946988.0,0.0,0.0,16.15,13.33,13.12,,,
11,16,thread_local,ThreadLocal,1000,write-heavy,1,289031.0249980782,1987.0,15182.0,3366.788288888889,3402.1893933700335,1.010514799697378,0,100,900,1790612749.2480152,2300.0,2300.0,performance,,32861572.0,31974812.0,29938792.0,0.0,0.0,16.15,13.33,13.12,,,
11,17,thread_local,ThreadLocal,100,read-heavy,1,292963.0414167776,319.0,817.0,335.5085111111111,147.05711004286263,0.438311116328615,0,100,900,1790612755.0675328,2798.39425,3207.368,performance,,32861572.0,31954928.0,29918732.0,0.0,0.0,15.07,13.2,13.08,,,
11,18,global_mutex,GlobalMutex,2000,read-heavy,1,286368.88931278203,2013.0,41517.0,6737.080853888889,10205.397964460102,1.5148100766178536,0,100,900,1790612757.8963332,2300.0,2300.0,performance,,32861572.0,31971160.0,29934932.0,0.0,0.0,15.07,13.2,13.08,,,
11,19,hdr_histogram,HdrHistogram,1500,write-heavy,1,281996.52888216625,2028.0,28131.0,5139.993342962963,6835.0046354629485,1.3297691610477635,0,100,900,1790612767.457913,2510.515625,3202.205,performance,,32861572.0,31973820.0,29937388.0,0.0,0.0,17.47,13.8,13.28,,,
11,20,thread_local,ThreadLocal,1000,read-heavy,1,308850.0523339207,1867.0,14377.0,3141.564391111111,3225.943101183418,1.026858819227469,0,100,900,1790612775.1564093,2300.0,2300.0,performance,,32861572.0,31938768.0,29902136.0,0.0,0.0,15.67,13.54,13.2,,,
11,21,hdr_histogram,HdrHistogram,1500,mixed,1,289216.6596145897,1976.0,28044.0,5004.384702222223,6828.200445096914,1.3644435532833472,0,100,900,1790612780.945297,2300.0,2300.0,performance,,32861572.0,31959924.0,29923196.0,0.0,0.0,14.41,13.32,13.13,,,
11,22,global_mutex,GlobalMutex,500,mixed,1,309222.1543300932,1432.0,4581.0,1582.7894555555556,875.6273459287796,0.553217828723427,0,100,900,1790612788.517361,2300.0,2300.0,performance,,32861572.0,31957132.0,29920208.0,0.0,0.0,13.5,13.15,13.07,,,
11,23,thread_local,ThreadLocal,100,write-heavy,1,293961.0311538921,318.0,768.0,333.35738888888886,140.85284082289306,0.42252803002917877,0,100,900,1790612792.4823062,2300.0,2300.0,performance,,32861572.0,31981340.0,29944436.0,0.0,0.0,13.14,13.08,13.05,,,
11,24,disabled,Disabled,750,read-heavy,1,313704.2602591263,1746.0,8424.0,2338.41646962963,1766.0945267492598,0.7552523469136286,0,100,900,1790612795.1448126,2408.337125,3166.697,performance,,32861572.0,31979036.0,29942096.0,0.0,0.0,12.08,12.86,12.98,,,
11,25,sharded_2key,Sharded-2key,250,write-heavy,1,308457.4986838427,771.0,1709.0,794.3518933333334,343.507938437773,0.43243799293574164,0,100,900,1790612800.0691926,2412.107375,3196.859,performance,,32861572.0,31963232.0,29926220.0,0.0,0.0,11.12,12.65,12.91,,,
11,26,thread_local,ThreadLocal,1500,read-heavy,1,296075.522696942,1937.0,27418.0,4897.878693333333,6717.295497991346,1.3714703688220131,0,100,900,1790612803.2160609,2300.0,2300.0,performance,,32861572.0,31991092.0,29954084.0,0.0,0.0,11.12,12.65,12.91,,,
11,27,sharded_n,Sharded-N,1000,read-heavy,1,301179.4662758989,1854.0,14427.0,3222.99295,3268.261599405585,1.0140455316247543,0,100,900,1790612810.834966,2808.391,3251.436,performance,,32861572.0,31948552.0,29911148.0,0.0,0.0,10.51,12.47,12.85,,,
11,28,global_mutex,GlobalMutex,500,read-heavy,1,304612.88780195673,1472.0,4436.0,1608.2870377777779,850.0264389301575,0.52852906164354,0,100,900,1790612816.690062,2300.0,2300.0,performance,,32861572.0,31970204.0,29932688.0,0.0,0.0,9.75,12.28,12.79,,,
11,29,hdr_histogram,HdrHistogram,2000,read-heavy,1,284732.15691604733,2013.0,44189.0,6777.841673888889,10355.18706359067,1.527800081769869,0,100,900,1790612820.848312,2300.0,2300.0,performance,,32861572.0,31951980.0,29914520.0,0.0,0.0,8.97,12.08,12.72,,,
11,30,global_mutex,GlobalMutex,2000,mixed,1,280114.7745638675,2079.0,42502.0,6892.2391077777775,10450.408014172346,1.516257322294468,0,100,900,1790612830.425747,2399.461875,3095.695,performance,,32861572.0,31962420.0,29924544.0,0.0,0.0,8.47,11.88,12.65,,,
11,31,global_mutex,GlobalMutex,750,write-heavy,1,296730.2794636632,1845.0,8445.0,2470.71202962963,1827.5944735039006,0.7397035557308007,0,100,900,1790612839.9600067,2581.567875,3198.102,performance,,32861572.0,31963472.0,29925352.0,0.0,0.0,7.91,11.65,12.57,,,
11,32,hdr_histogram,HdrHistogram,1000,read-heavy,1,307310.571753248,1837.0,14386.0,3155.1151822222223,3263.5964854275717,1.0343826760482777,0,100,900,1790612844.8446915,2523.784625,3240.083,performance,,32861572.0,31969256.0,29931152.0,0.0,0.0,7.27,11.46,12.5,,,
11,33,thread_local,ThreadLocal,2000,read-heavy,1,288543.84684235725,1984.0,41567.0,6682.866523888889,10223.211998705747,1.529764504821602,0,100,900,1790612850.6461127,2300.0,2300.0,performance,,32861572.0,31951928.0,29913660.0,0.0,0.0,6.69,11.27,12.43,,,
11,34,sharded_2key,Sharded-2key,250,read-heavy,1,315233.2381096849,756.0,1629.0,777.6130533333334,332.6290742845496,0.42775654659948725,0,100,900,1790612860.1496415,2970.54525,3194.972,performance,,32861572.0,31953496.0,29914920.0,0.0,0.0,6.62,11.11,12.37,,,
11,35,sharded_2key,Sharded-2key,1500,mixed,1,288798.2621164538,1970.0,28309.0,5007.46768962963,6765.920101251746,1.3511660025812724,0,100,900,1790612863.4505615,2410.637625,3185.101,performance,,32861572.0,31978280.0,29939736.0,0.0,0.0,6.62,11.11,12.37,,,
11,36,disabled,Disabled,750,write-heavy,1,303311.0030320792,1795.0,8371.0,2412.685656296296,1797.608912576473,0.7450655280704801,0,100,900,1790612871.0381947,2300.0,2300.0,performance,,32861572.0,31934616.0,29895756.0,0.0,0.0,7.08,11.07,12.34,,,
11,37,sharded_2key,Sharded-2key,750,write-heavy,1,300450.13519374764,1801.0,8672.0,2433.66012,1853.6017266833644,0.7616518475403888,0,100,900,1790612875.87685,2378.6735,2929.388,performance,,32861572.0,31969512.0,29930644.0,0.0,0.0,6.52,10.88,12.28,,,
11,38,sharded_n,Sharded-N,500,write-heavy,1,313149.4358307419,1479.0,3795.0,1566.4227266666667,762.3549334296139,0.48668531198592746,0,100,900,1790612880.7321439,2638.631375,3289.748,performance,,32861572.0,31959548.0,29920660.0,0.0,0.0,5.99,10.7,12.21,,,
11,39,sharded_n,Sharded-N,250,mixed,1,285521.77370074904,821.0,2029.0,858.0475866666667,402.88071823010876,0.46953190532848543,0,100,900,1790612884.6891804,2653.04225,3090.785,performance,,32861572.0,31983380.0,29944396.0,0.0,0.0,5.99,10.7,12.21,,,
11,40,disabled,Disabled,250,read-heavy,1,322593.0498468673,732.0,1607.0,756.4248177777778,340.1378849558172,0.44966515767564724,0,100,900,1790612887.8980167,2300.0,2300.0,performance,,32861572.0,31965856.0,29926832.0,0.0,0.0,5.51,10.52,12.14,,,
11,41,sharded_n,Sharded-N,2000,mixed,1,282250.09942338156,2043.0,44267.0,6821.278938888889,10405.824688475543,1.5254946736088961,0,100,900,1790612891.1736252,2402.059375,3116.475,performance,,32861572.0,31977672.0,29938648.0,0.0,0.0,5.07,10.35,12.08,,,
11,42,sharded_n,Sharded-N,250,read-heavy,1,308325.5774376913,776.0,1713.0,796.1662888888889,349.2139578201251,0.43861937222622166,0,100,900,1790612900.6524174,2630.32125,3084.392,performance,,32861572.0,31971716.0,29932244.0,0.0,0.0,5.25,10.22,12.02,,,
11,43,thread_local,ThreadLocal,250,write-heavy,1,311787.1687906731,774.0,1583.0,786.9412933333333,323.21421317050164,0.4107221414210301,0,100,900,1790612903.9711263,2571.730125,3048.045,performance,,32861572.0,31973736.0,29934316.0,0.0,0.0,5.25,10.22,12.02,,,
11,44,sharded_2key,Sharded-2key,1000,write-heavy,1,295452.7129986242,1924.0,14548.0,3295.1841744444446,3283.806519749838,0.9965471870183024,0,100,900,1790612907.1032124,2300.0,2300.0,performance,,32861572.0,31988172.0,29948732.0,0.0,0.0,5.39,10.17,11.99,,,
11,45,global_mutex,GlobalMutex,3000,write-heavy,1,266370.1947457266,2198.0,79311.0,10797.991914444445,18486.318795285362,1.712014506193162,0,100,900,1790612912.857631,2364.4015,2815.212,performance,,32861572.0,31971596.0,29932004.0,0.0,0.0,6.56,10.33,12.03,,,
11,46,thread_local,ThreadLocal,1500,write-heavy,1,284073.36893531156,2023.0,26685.0,5103.107594814815,6731.176544349342,1.3190348075726999,0,100,900,1790612926.5422754,2300.0,2300.0,performance,,32861572.0,31982084.0,29942088.0,0.0,0.0,7.11,10.28,11.99,,,
11,47,sharded_2key,Sharded-2key,100,write-heavy,1,287871.0604793397,326.0,758.0,340.39824444444446,142.50402386207267,0.4186391269280779,0,100,900,1790612934.1895993,2507.699125,3156.618,performance,,32861572.0,31949520.0,29909400.0,0.0,0.0,7.74,10.36,12.01,,,
11,48,sharded_n,Sharded-N,3000,read-heavy,1,275419.4014807188,2122.0,75378.0,10438.03647851852,17881.887480891615,1.713146674443277,0,100,900,1790612936.858184,2300.0,2300.0,performance,,32861572.0,31960332.0,29920196.0,0.0,0.0,7.52,10.27,11.97,,,
11,49,hdr_histogram,HdrHistogram,3000,mixed,1,269318.3629796673,2179.0,76802.0,10707.422823703704,18199.58908637413,1.6997170454578985,0,100,900,1790612950.3342552,2300.0,2300.0,performance,,32861572.0,31973904.0,29933300.0,0.0,0.0,7.75,10.2,11.92,,,
11,50,global_mutex,GlobalMutex,1500,mixed,1,285761.7216762546,2016.0,28623.0,5078.339563703704,6906.440788622658,1.3599801080622689,0,100,900,1790612963.875848,2390.190875,3021.527,performance,,32861572.0,31965244.0,29924312.0,0.0,0.0,11.41,10.89,12.13,,,
11,51,thread_local,ThreadLocal,750,read-heavy,1,310255.8798644078,1745.0,8410.0,2357.2234444444443,1792.5875334164666,0.7604656816227058,0,100,900,1790612971.5012856,2300.0,2300.0,performance,,32861572.0,31976864.0,29935792.0,0.0,0.0,12.09,11.07,12.17,,,
11,52,sharded_n,Sharded-N,2000,write-heavy,1,277052.70408652397,2111.0,42967.0,6949.442215555556,10629.568115839844,1.5295570185541991,0,100,900,1790612976.44558,2393.010125,3044.081,performance,,32861572.0,31967596.0,29926480.0,0.0,0.0,11.12,10.89,12.11,,,
11,53,hdr_histogram,HdrHistogram,100,mixed,1,279683.0677468619,333.0,860.0,351.25635555555556,156.9948957684752,0.4469524701415531,0,100,900,1790612986.0567298,2390.5375,3024.3,performance,,32861572.0,31984304.0,29942788.0,0.0,0.0,9.85,10.63,12.01,,,
11,54,hdr_histogram,HdrHistogram,3000,read-heavy,1,275310.02063133835,2111.0,75695.0,10489.043988148149,17769.227252785844,1.6940750055833276,0,100,900,1790612988.7357557,2414.384375,3215.075,performance,,32861572.0,31990544.0,29949000.0,0.0,0.0,9.85,10.63,12.01,,,
11,55,hdr_histogram,HdrHistogram,750,write-heavy,1,291469.4506278693,1830.0,9098.0,2520.7488459259257,1979.0897711562961,0.785119776750045,0,100,900,1790613002.2328248,2515.549125,3235.479,performance,,32861572.0,31966828.0,29925008.0,0.0,0.0,16.02,11.96,12.43,,,
11,56,thread_local,ThreadLocal,2000,write-heavy,1,279032.04365064314,2070.0,44840.0,6904.2039022222225,10531.624324941413,1.5253930031747251,0,100,900,1790613007.1638236,2401.365625,3110.925,performance,,32861572.0,31936904.0,29894436.0,0.0,0.0,18.27,12.5,12.6,,,
11,57,hdr_histogram,HdrHistogram,1500,read-heavy,1,297332.81418113626,1932.0,26577.0,4870.466090370371,6373.275803876435,1.3085556260164384,0,100,900,1790613016.73908,2300.0,2300.0,performance,,32861572.0,31957260.0,29914440.0,0.0,0.0,16.43,12.3,12.53,,,
11,58,disabled,Disabled,100,write-heavy,1,288362.0498573883,323.0,771.0,338.8706,142.43345137274594,0.4203181136774507,0,100,900,1790613024.3472316,2300.0,2300.0,performance,,32861572.0,31957008.0,29914044.0,0.0,0.0,16.87,12.46,12.58,,,
11,59,thread_local,ThreadLocal,100,mixed,1,291572.00052739546,323.0,732.0,336.31642222222223,139.461845938611,0.41467450508991527,0,100,900,1790613027.01414,2300.0,2300.0,performance,,32861572.0,31975060.0,29932064.0,0.0,0.0,17.04,12.57,12.62,,,
11,60,disabled,Disabled,250,write-heavy,1,314235.6254861382,758.0,1659.0,781.6784888888889,334.37048500466625,0.42775960929915663,0,100,900,1790613029.6779776,2300.0,2300.0,performance,,32861572.0,31986720.0,29943672.0,0.0,0.0,17.04,12.57,12.62,,,
11,61,global_mutex,GlobalMutex,3000,mixed,1,267545.89978439594,2181.0,77125.0,10753.330435555556,18383.507442052156,1.7095640789822337,0,100,900,1790613032.8093264,2300.0,2300.0,performance,,32861572.0,31990692.0,29947604.0,0.0,0.0,15.68,12.36,12.55,,,
11,62,sharded_2key,Sharded-2key,2000,read-heavy,1,300210.98863305745,1903.0,37712.0,6400.205970555556,9379.413195093397,1.465486148140204,0,100,900,1790613046.4226916,2502.23625,3208.055,performance,,32861572.0,31971716.0,29928216.0,0.0,0.0,17.2,12.91,12.73,,,
11,63,sharded_n,Sharded-N,100,mixed,1,289625.79423799977,325.0,727.0,338.24724444444445,140.7430849666076,0.4160952891065577,0,100,900,1790613055.672795,2501.662875,3175.884,performance,,32861572.0,31970880.0,29927204.0,0.0,0.0,15.95,12.8,12.69,,,
11,64,sharded_2key,Sharded-2key,100,mixed,1,288945.9359487637,327.0,732.0,339.5999,137.7603592279671,0.405654887495453,0,100,900,1790613058.3402772,2300.0,2300.0,performance,,32861572.0,31976060.0,29932388.0,0.0,0.0,15.95,12.8,12.69,,,
11,65,sharded_2key,Sharded-2key,500,write-heavy,1,297962.7596833267,1531.0,4206.0,1640.833211111111,834.0995094467022,0.5083389974060076,0,100,900,1790613061.006999,2300.0,2300.0,performance,,32861572.0,31986148.0,29942448.0,0.0,0.0,14.67,12.59,12.63,,,
11,66,disabled,Disabled,2000,mixed,1,295505.79227798583,1952.0,41299.0,6517.117310555555,9850.753809444213,1.5115201000738898,0,100,900,1790613065.028144,2756.582625,3311.754,performance,,32861572.0,31972868.0,29929184.0,0.0,0.0,13.5,12.38,12.56,,,
11,67,sharded_2key,Sharded-2key,750,read-heavy,1,310843.89109774097,1771.0,8096.0,2358.4470844444445,1729.949743944032,0.7335122146069004,0,100,900,1790613074.2209613,2409.316,3174.528,performance,,32861572.0,31963140.0,29919136.0,0.0,0.0,13.86,12.47,12.59,,,
11,68,hdr_histogram,HdrHistogram,2000,mixed,1,281951.18276639143,2047.0,42086.0,6814.528780555555,10343.15937913823,1.5178099193962171,0,100,900,1790613079.1711683,2814.67875,3160.033,performance,,32861572.0,31949976.0,29905972.0,0.0,0.0,21.0,13.97,13.07,,,
11,69,thread_local,ThreadLocal,3000,write-heavy,1,264737.90873594885,2228.0,78589.0,10863.431274814815,18508.71655316795,1.7037633952798639,0,100,900,1790613088.665941,2367.24125,2837.93,performance,,32861572.0,31955332.0,29910928.0,0.0,0.0,20.28,14.06,13.11,,,
11,70,disabled,Disabled,2000,write-heavy,1,282953.10873226926,2048.0,42840.0,6784.751558333333,10341.41355203824,1.5242140354183575,0,100,900,1790613102.4154668,2437.107,3396.856,performance,,32861572.0,31979300.0,29934572.0,0.0,0.0,19.77,14.25,13.19,,,
11,71,disabled,Disabled,100,mixed,1,292172.2411068832,323.0,722.0,335.8208222222222,142.5989995700382,0.42462822473728673,0,100,900,1790613111.884175,2300.0,2300.0,performance,,32861572.0,31969980.0,29925048.0,0.0,0.0,19.25,14.32,13.22,,,
11,72,sharded_n,Sharded-N,750,mixed,1,298769.6071366762,1818.0,8596.0,2451.6697822222222,1841.1122938713656,0.7509625917902205,0,100,900,1790613114.5461264,2809.5875,3188.096,performance,,32861572.0,31966224.0,29921264.0,0.0,0.0,19.25,14.32,13.22,,,
11,73,thread_local,ThreadLocal,1500,mixed,1,288699.4159849259,1993.0,27512.0,5027.062029629629,6779.941593188451,1.3486886680982464,0,100,900,1790613119.4154072,2623.605625,3189.095,performance,,32861572.0,31963144.0,29918216.0,0.0,0.0,17.7,14.08,13.15,,,
11,74,hdr_histogram,HdrHistogram,100,read-heavy,1,291012.3305610615,325.0,720.0,337.4130333333333,135.17216202660785,0.400613339358086,0,100,900,1790613127.0084295,2784.899625,3209.248,performance,,32861572.0,31967928.0,29922680.0,0.0,0.0,21.32,15.01,13.46,,,
11,75,hdr_histogram,HdrHistogram,750,mixed,1,309477.1867365043,1716.0,8466.0,2363.09872,1815.8257331070217,0.76840874980755,0,100,900,1790613129.8411112,2630.47475,3372.095,performance,,32861572.0,31995284.0,29950048.0,0.0,0.0,19.61,14.76,13.39,,,
11,76,sharded_2key,Sharded-2key,1500,write-heavy,1,282808.3869228709,2028.0,28179.0,5118.251564444445,6890.782073851038,1.3463156288995324,0,100,900,1790613134.6311784,2300.0,2300.0,performance,,32861572.0,31954248.0,29908896.0,0.0,0.0,19.61,14.76,13.39,,,
11,77,global_mutex,GlobalMutex,250,write-heavy,1,315476.77664539503,766.0,1543.0,778.7114444444444,311.3514030461173,0.39982898064153216,0,100,900,1790613142.3213458,2300.0,2300.0,performance,,32861572.0,31934732.0,29889152.0,0.0,0.0,17.8,14.52,13.33,,,
11,78,disabled,Disabled,250,mixed,1,312880.58359632286,761.0,1742.0,783.0682755555556,351.1046792665579,0.4483704553315778,0,100,900,1790613145.4554102,2300.0,2300.0,performance,,32861572.0,31950620.0,29904980.0,0.0,0.0,16.37,14.28,13.26,,,
11,79,global_mutex,GlobalMutex,1000,mixed,1,289812.01106578385,1964.0,14669.0,3352.9863133333333,3327.7653529615295,0.9924780604467393,0,100,900,1790613148.5843546,2300.0,2300.0,performance,,32861572.0,31972680.0,29927008.0,0.0,0.0,16.37,14.28,13.26,,,
11,80,disabled,Disabled,100,read-heavy,1,298843.8131328308,313.0,737.0,328.06073333333336,137.08814727886732,0.4178742938417317,0,100,900,1790613154.3946984,2448.63575,3489.086,performance,,32861572.0,31957912.0,29912168.0,0.0,0.0,15.86,14.21,13.24,,,
11,81,thread_local,ThreadLocal,500,mixed,1,305873.8740214282,1473.0,4280.0,1603.1336711111112,835.2308046574137,0.5209988535007977,0,100,900,1790613157.2211668,2300.0,2300.0,performance,,32861572.0,31963372.0,29917604.0,0.0,0.0,14.67,13.99,13.17,,,
11,82,thread_local,ThreadLocal,250,mixed,1,311103.099123209,771.0,1622.0,788.9540177777777,333.97369624100816,0.4233119912130006,0,100,900,1790613161.2036223,2377.06775,2916.542,performance,,32861572.0,31956292.0,29910520.0,0.0,0.0,13.5,13.76,13.1,,,
11,83,hdr_histogram,HdrHistogram,2000,write-heavy,1,282252.83745155245,1996.0,39407.0,6816.326072222222,9996.67575452893,1.466578278182321,0,100,900,1790613164.3369706,2300.0,2300.0,performance,,32861572.0,31977488.0,29931700.0,0.0,0.0,13.5,13.76,13.1,,,
11,84,global_mutex,GlobalMutex,2000,write-heavy,1,277554.1319825714,2089.0,42962.0,6947.867415,10500.065878281848,1.5112645724374187,0,100,900,1790613173.851087,2381.548875,2952.391,performance,,32861572.0,31925856.0,29879616.0,0.0,0.0,19.78,15.06,13.53,,,
11,85,thread_local,ThreadLocal,750,mixed,1,305945.9571513468,1801.0,8363.0,2391.6754355555554,1758.4517872500114,0.7352384696970999,0,100,900,1790613183.4546764,2405.164125,3141.313,performance,,32861572.0,31975000.0,29928596.0,0.0,0.0,21.72,15.62,13.73,,,
11,86,sharded_2key,Sharded-2key,100,read-heavy,1,296584.86287145125,318.0,700.0,329.70654444444443,133.3288900567255,0.40438654404444624,0,100,900,1790613188.264493,2424.820875,3298.567,performance,,32861572.0,31946156.0,29899652.0,0.0,0.0,22.55,15.89,13.83,,,
11,87,hdr_histogram,HdrHistogram,1000,write-heavy,1,291955.90128213575,1935.0,14740.0,3329.3128633333336,3373.8869990415164,1.0133883889973485,0,100,900,1790613191.0882123,2621.407,3197.281,performance,,32861572.0,31974316.0,29927768.0,0.0,0.0,20.74,15.63,13.75,,,
11,88,hdr_histogram,HdrHistogram,3000,write-heavy,1,269021.6317605875,2199.0,75486.0,10690.153051851852,18172.27898818484,1.6999082146009932,0,100,900,1790613196.8873,2611.30175,3171.6,performance,,32861572.0,31937960.0,29891308.0,0.0,0.0,20.2,15.6,13.76,,,
11,89,disabled,Disabled,1500,read-heavy,1,295474.13605134917,1944.0,26147.0,4903.738882222222,6506.215937921968,1.3267867833479652,0,100,900,1790613210.4655755,2411.12225,3188.978,performance,,32861572.0,31978052.0,29930908.0,0.0,0.0,19.26,15.65,13.8,,,
11,90,disabled,Disabled,500,mixed,1,302998.8327757764,1482.0,4452.0,1619.6160422222222,847.9913354191827,0.5235755347642035,0,100,900,1790613218.0993204,2832.300625,3203.365,performance,,32861572.0,31956232.0,29908972.0,0.0,0.0,19.08,15.67,13.82,,,
11,91,thread_local,ThreadLocal,500,read-heavy,1,310864.40077153617,1484.0,4037.0,1575.8904755555557,778.0977662909241,0.4937511701227954,0,100,900,1790613222.094554,2400.14975,3101.198,performance,,32861572.0,31973156.0,29925956.0,0.0,0.0,18.59,15.63,13.81,,,
11,92,global_mutex,GlobalMutex,1500,write-heavy,1,283105.663610293,1994.0,28491.0,5097.229625185185,6727.318598201889,1.3197990070846537,0,100,900,1790613226.2144172,2932.341875,3334.735,performance,,32861572.0,31953556.0,29906268.0,0.0,0.0,17.1,15.37,13.74,,,
11,93,hdr_histogram,HdrHistogram,250,read-heavy,1,319380.9630421931,751.0,1574.0,766.8110266666666,318.1212891628859,0.41486269510985196,0,100,900,1790613233.898051,2779.659,3166.963,performance,,32861572.0,31953536.0,29905928.0,0.0,0.0,16.86,15.34,13.74,,,
11,94,sharded_n,Sharded-N,500,read-heavy,1,304143.1289454334,1493.0,4295.0,1610.5616044444444,832.2190208522139,0.5167259784137744,0,100,900,1790613237.2014165,2300.0,2300.0,performance,,32861572.0,31982532.0,29935008.0,0.0,0.0,20.15,16.05,13.98,,,
11,95,sharded_2key,Sharded-2key,1000,read-heavy,1,302146.3649887763,1848.0,14035.0,3213.82711,3235.180533934894,1.006644235425251,0,100,900,1790613241.3594046,2300.0,2300.0,performance,,32861572.0,31968564.0,29920992.0,0.0,0.0,18.54,15.79,13.9,,,
11,96,sharded_n,Sharded-N,1500,write-heavy,1,285083.1294644922,2021.0,28645.0,5091.6388962962965,6852.042995163727,1.3457440982603783,0,100,900,1790613247.2009711,2400.145375,3101.163,performance,,32861572.0,31937664.0,29889904.0,0.0,0.0,18.41,15.81,13.92,,,
11,97,sharded_n,Sharded-N,100,read-heavy,1,290575.87094515655,321.0,765.0,336.2176,149.4615766039516,0.4445382294203266,0,100,900,1790613254.8586035,2448.903,3491.224,performance,,32861572.0,31946372.0,29898264.0,0.0,0.0,16.54,15.5,13.84,,,
11,98,disabled,Disabled,500,read-heavy,1,310342.59033717465,1464.0,4156.0,1575.3548888888888,805.7956438822596,0.511501027207015,0,100,900,1790613257.6820803,2300.0,2300.0,performance,,32861572.0,31968828.0,29920692.0,0.0,0.0,16.54,15.5,13.84,,,
11,99,disabled,Disabled,2000,read-heavy,1,292429.56927401497,1924.0,42261.0,6595.780850555556,10050.86124388791,1.523831896725516,0,100,900,1790613261.8126254,2371.03225,2868.258,performance,,32861572.0,31975900.0,29927752.0,0.0,0.0,16.42,15.49,13.85,,,
11,100,sharded_2key,Sharded-2key,1500,read-heavy,1,293120.0515352123,1949.0,27731.0,4948.096294814814,6669.877587679814,1.3479684287206133,0,100,900,1790613271.2194912,3037.513875,3251.286,performance,,32861572.0,31958336.0,29909960.0,0.0,0.0,16.4,15.53,13.88,,,
11,101,sharded_2key,Sharded-2key,2000,write-heavy,1,279705.39678519504,2046.0,43147.0,6880.799571666666,10469.963088811735,1.5216201227433372,0,100,900,1790613278.8826735,2396.40125,3071.21,performance,,32861572.0,31957912.0,29909412.0,0.0,0.0,16.04,15.47,13.87,,,
11,102,sharded_n,Sharded-N,1500,mixed,1,288495.65843620885,1986.0,27492.0,5008.565346666666,6698.457289465262,1.3374003982843639,0,100,900,1790613288.4419916,2300.0,2300.0,performance,,32861572.0,31980844.0,29931992.0,0.0,0.0,17.84,15.89,14.02,,,
11,103,global_mutex,GlobalMutex,3000,read-heavy,1,274537.90888766747,2126.0,75461.0,10499.992398518518,17811.067493600363,1.6962933702802863,0,100,900,1790613296.0285373,2359.79825,2778.386,performance,,32861572.0,31958244.0,29909304.0,0.0,0.0,16.27,15.62,13.96,,,
11,104,hdr_histogram,HdrHistogram,500,read-heavy,1,305477.71436550695,1465.0,4522.0,1605.7814733333332,867.9807775629059,0.5405348062467823,0,100,900,1790613309.5476718,2393.59075,3048.726,performance,,32861572.0,31971008.0,29921628.0,0.0,0.0,17.06,15.8,14.03,,,
11,105,sharded_n,Sharded-N,3000,mixed,1,271283.12319020025,2151.0,74256.0,10662.921098148148,17944.73495297113,1.6829098506681839,0,100,900,1790613313.694432,2366.11825,2828.946,performance,,32861572.0,31973720.0,29924376.0,0.0,0.0,15.69,15.54,13.96,,,
11,106,sharded_2key,Sharded-2key,500,mixed,1,310013.3403700575,1469.0,4128.0,1581.8817222222222,802.6402694317545,0.5073958805872086,0,100,900,1790613327.200984,2528.841,3242.337,performance,,32861572.0,31978028.0,29928224.0,0.0,0.0,19.17,16.28,14.22,,,
11,107,sharded_n,Sharded-N,2000,read-heavy,1,288961.5855591897,2005.0,40726.0,6656.4829805555555,9923.729995403766,1.490836831460737,0,100,900,1790613331.1591501,2300.0,2300.0,performance,,32861572.0,31983776.0,29934052.0,0.0,0.0,17.64,16.0,14.14,,,
11,108,global_mutex,GlobalMutex,250,read-heavy,1,309331.64059727296,771.0,1701.0,793.6253822222222,344.6277291681786,0.43424484257697255,0,100,900,1790613340.6712384,2300.0,2300.0,performance,,32861572.0,31969880.0,29919744.0,0.0,0.0,15.74,15.66,14.05,,,
11,109,sharded_2key,Sharded-2key,500,read-heavy,1,308143.9949575152,1479.0,4145.0,1592.458,815.0628355485852,0.5118268962500645,0,100,900,1790613343.9754026,2483.309625,3034.462,performance,,32861572.0,31968168.0,29918036.0,0.0,0.0,15.74,15.66,14.05,,,
11,110,sharded_2key,Sharded-2key,250,mixed,1,317616.54670971987,759.0,1519.0,772.2085288888888,307.6908479532343,0.3984556456478962,0,100,900,1790613348.1089797,3012.47025,3344.199,performance,,32861572.0,31961756.0,29911608.0,0.0,0.0,16.64,15.85,14.12,,,
11,111,hdr_histogram,HdrHistogram,1000,mixed,1,307387.79956470325,1833.0,13969.0,3161.552147777778,3184.2748988167245,1.0071872137408577,0,100,900,1790613351.23263,2595.423125,3121.608,performance,,32861572.0,31960436.0,29910260.0,0.0,0.0,15.31,15.58,14.04,,,
11,112,global_mutex,GlobalMutex,1500,read-heavy,1,290479.8274332245,1957.0,28320.0,4985.259074814815,6727.953866128494,1.3495695539912165,0,100,900,1790613356.870861,2400.946,3107.568,performance,,32861572.0,31925520.0,29875140.0,0.0,0.0,16.0,15.72,14.1,,,
11,113,hdr_histogram,HdrHistogram,250,write-heavy,1,310414.4880225825,772.0,1624.0,791.0427644444444,334.1483688001342,0.42241504988015316,0,100,900,1790613364.5670114,2472.546125,3011.199,performance,,32861572.0,31963132.0,29912544.0,0.0,0.0,15.52,15.63,14.08,,,
11,114,sharded_n,Sharded-N,750,write-heavy,1,297708.8882331139,1824.0,8779.0,2466.1858355555555,1854.1865731197258,0.7518438174396679,0,100,900,1790613367.7056327,2591.975625,3184.81,performance,,32861572.0,31980948.0,29930400.0,0.0,0.0,14.28,15.37,14.0,,,
11,115,global_mutex,GlobalMutex,100,write-heavy,1,291728.9768697527,322.0,733.0,335.6202666666667,139.89942768858714,0.416838437910942,0,100,900,1790613372.5736778,2412.68425,3201.474,performance,,32861572.0,31964536.0,29913868.0,0.0,0.0,14.26,15.34,14.0,,,
11,116,sharded_n,Sharded-N,1500,read-heavy,1,298779.4250974741,1874.0,24705.0,4855.339748888889,6193.584766677801,1.2756233522268263,0,100,900,1790613375.235302,2760.134125,3363.671,performance,,32861572.0,31981164.0,29930512.0,0.0,0.0,13.11,15.09,13.92,,,
11,117,disabled,Disabled,1000,mixed,1,297371.59767168376,1895.0,14396.0,3265.24341,3256.7978719321504,0.9974135042912927,0,100,900,1790613382.8063238,2300.0,2300.0,performance,,32861572.0,31941000.0,29890072.0,0.0,0.0,12.86,15.0,13.9,,,
11,118,global_mutex,GlobalMutex,1000,read-heavy,1,300668.35438205965,1871.0,14827.0,3226.406992222222,3312.083116726986,1.0265546549803855,0,100,900,1790613388.531879,2390.44225,3023.538,performance,,32861572.0,31967648.0,29916632.0,0.0,0.0,13.84,15.17,13.96,,,
11,119,hdr_histogram,HdrHistogram,500,mixed,1,304317.35271754256,1490.0,4361.0,1622.3479488888888,849.7584997054113,0.5237831380668941,0,100,900,1790613394.4044783,2431.748,3353.984,performance,,32861572.0,31939156.0,29888016.0,0.0,0.0,14.33,15.25,14.0,,,
11,120,hdr_histogram,HdrHistogram,500,write-heavy,1,297221.0167818436,1534.0,4313.0,1652.5058755555556,852.7322372608354,0.5160237248621918,0,100,900,1790613398.408767,2760.56275,3249.635,performance,,32861572.0,31959600.0,29908428.0,0.0,0.0,18.55,16.11,14.28,,,
11,121,hdr_histogram,HdrHistogram,100,write-heavy,1,293403.0103324902,322.0,718.0,334.6166,138.93690469910314,0.41521223005404734,0,100,900,1790613402.437116,2600.002625,3230.384,performance,,32861572.0,31940272.0,29889068.0,0.0,0.0,18.1,16.06,14.27,,,
11,122,sharded_2key,Sharded-2key,2000,mixed,1,286121.222212987,2024.0,42328.0,6736.596196111111,10280.949676279786,1.5261341747357149,0,100,900,1790613405.1026707,2946.32275,3299.071,performance,,32861572.0,31976528.0,29925280.0,0.0,0.0,16.65,15.79,14.2,,,
11,123,sharded_2key,Sharded-2key,3000,write-heavy,1,265581.2941747625,2228.0,78647.0,10835.842483703704,18538.48096045879,1.7108481401736209,0,100,900,1790613414.5091298,2300.0,2300.0,performance,,32861572.0,31971916.0,29920232.0,0.0,0.0,17.96,16.08,14.3,,,
11,124,sharded_2key,Sharded-2key,3000,read-heavy,1,277934.96155056386,2092.0,75530.0,10341.08751148148,17613.630760436063,1.7032667735264824,0,100,900,1790613428.2265303,2387.854625,3002.837,performance,,32861572.0,31986508.0,29934424.0,0.0,0.0,15.82,15.68,14.2,,,
11,125,sharded_n,Sharded-N,100,write-heavy,1,296024.3992256357,317.0,693.0,330.9434,134.0929671121004,0.4051839895042488,0,100,900,1790613441.61798,2300.0,2300.0,performance,,32861572.0,31974944.0,29922584.0,0.0,0.0,14.47,15.4,14.13,,,
11,126,thread_local,ThreadLocal,750,write-heavy,1,294957.25554612104,1842.0,8902.0,2482.9406296296297,1891.892704269414,0.761956480832818,0,100,900,1790613444.277402,2707.312875,3211.253,performance,,32861572.0,31986532.0,29934144.0,0.0,0.0,14.47,15.4,14.13,,,
11,127,disabled,Disabled,1500,write-heavy,1,291766.37973603007,1931.0,27165.0,4968.82654962963,6605.995625420879,1.3294880711650685,0,100,900,1790613449.1753874,2368.24575,2845.966,performance,,32861572.0,31976868.0,29924512.0,0.0,0.0,14.75,15.45,14.15,,,
11,128,disabled,Disabled,1500,mixed,1,292997.7218665331,1946.0,27899.0,4947.790057777778,6687.912936010931,1.351696991568535,0,100,900,1790613456.7105072,2300.0,2300.0,performance,,32861572.0,31988236.0,29935640.0,0.0,0.0,15.5,15.61,14.22,,,
11,129,disabled,Disabled,3000,read-heavy,1,280416.6596403253,2064.0,72101.0,10266.960229259259,17433.07005035755,1.6979777520395938,0,100,900,1790613464.1986194,2403.17125,3125.37,performance,,32861572.0,31953972.0,29901144.0,0.0,0.0,15.46,15.6,14.22,,,
11,130,thread_local,ThreadLocal,1000,mixed,1,293588.30101978814,1926.0,14702.0,3303.434276666667,3305.4756992175057,1.0006179697792865,0,100,900,1790613477.4936512,2697.095125,3262.795,performance,,32861572.0,31984792.0,29931580.0,0.0,0.0,16.77,15.89,14.34,,,
11,131,global_mutex,GlobalMutex,100,read-heavy,1,298373.42522898887,318.0,725.0,331.34565555555554,135.09448662660867,0.40771467608380296,0,100,900,1790613483.2656755,2389.5475,3016.38,performance,,32861572.0,31949928.0,29896676.0,0.0,0.0,20.71,16.72,14.62,,,
11,132,hdr_histogram,HdrHistogram,750,read-heavy,1,307843.6543678557,1744.0,8328.0,2377.203099259259,1796.3908179411665,0.7556741022678817,0,100,900,1790613486.0948184,2388.79075,3010.326,performance,,32861572.0,31969224.0,29915960.0,0.0,0.0,19.05,16.45,14.54,,,
11,133,sharded_n,Sharded-N,1000,mixed,1,292078.700534462,1935.0,15058.0,3325.6245577777777,3401.180371939556,1.0227192856106,0,100,900,1790613491.0621781,2825.8535,3267.316,performance,,32861572.0,31934160.0,29880888.0,0.0,0.0,17.52,16.17,14.46,,,
11,134,sharded_n,Sharded-N,3000,write-heavy,1,267972.3107899354,2198.0,74999.0,10769.09190925926,18015.34483375491,1.6728750191337234,0,100,900,1790613496.8562062,2300.0,2300.0,performance,,32861572.0,31969864.0,29916328.0,0.0,0.0,20.93,16.9,14.71,,,
11,135,global_mutex,GlobalMutex,500,write-heavy,1,300686.894353367,1523.0,4147.0,1627.587528888889,813.3046413776057,0.4996994797157405,0,100,900,1790613510.4964838,2300.0,2300.0,performance,,32861572.0,31980716.0,29926780.0,0.0,0.0,19.31,16.75,14.69,,,
11,136,disabled,Disabled,1000,write-heavy,1,302321.06778086646,1860.0,13888.0,3208.098015555556,3181.2069863153088,0.9916177656948583,0,100,900,1790613514.5063019,2508.721875,3155.163,performance,,32861572.0,31973088.0,29919204.0,0.0,0.0,19.31,16.75,14.69,,,
11,137,sharded_2key,Sharded-2key,750,mixed,1,303516.34367927746,1801.0,8377.0,2424.4650814814813,1794.677693405527,0.7402365606803791,0,100,900,1790613520.1780581,2766.220875,3120.722,performance,,32861572.0,31935540.0,29881436.0,0.0,0.0,26.5,18.46,15.27,,,
11,138,global_mutex,GlobalMutex,1000,write-heavy,1,293952.8738887519,1930.0,14832.0,3316.2085866666666,3401.7099493200544,1.0257828663121975,0,100,900,1790613525.006345,2402.389125,3119.113,performance,,32861572.0,31947396.0,29893224.0,0.0,0.0,24.38,18.15,15.19,,,
11,139,thread_local,ThreadLocal,2000,mixed,1,287089.5748796635,1998.0,42120.0,6698.2668394444445,10276.261863048612,1.5341672867575589,0,100,900,1790613530.780114,2300.0,2300.0,performance,,32861572.0,31949832.0,29895568.0,0.0,0.0,22.43,17.85,15.11,,,
11,140,sharded_n,Sharded-N,250,write-heavy,1,313981.23482079525,760.0,1638.0,781.2112533333334,335.2869616847525,0.4291885968796837,0,100,900,1790613540.1577141,2400.477375,3103.819,performance,,32861572.0,31973744.0,29919116.0,0.0,0.0,19.79,17.44,15.01,,,
11,141,disabled,Disabled,750,mixed,1,305551.06557695277,1767.0,8471.0,2396.919502222222,1828.117923490864,0.762694751240493,0,100,900,1790613543.2957766,2406.839875,3154.719,performance,,32861572.0,31972532.0,29917920.0,0.0,0.0,19.79,17.44,15.01,,,
11,142,disabled,Disabled,1000,read-heavy,1,307147.096918502,1853.0,13956.0,3164.8080133333333,3126.149567321566,0.9877849001111918,0,100,900,1790613548.1072443,2818.267625,3202.622,performance,,32861572.0,31954628.0,29899936.0,0.0,0.0,19.17,17.35,14.99,,,
11,143,disabled,Disabled,3000,write-heavy,1,270629.4385270795,2179.0,77167.0,10664.617472222222,18249.19219907557,1.7111905088587227,0,100,900,1790613553.8981752,2604.460125,3154.379,performance,,32861572.0,31951680.0,29896840.0,0.0,0.0,18.99,17.34,15.0,,,
11,144,global_mutex,GlobalMutex,750,read-heavy,1,308525.83261405944,1777.0,8618.0,2372.941877037037,1789.994109809282,0.7543354209941079,0,100,900,1790613567.3943958,2300.0,2300.0,performance,,32861572.0,31977616.0,29922380.0,0.0,0.0,18.08,17.23,15.0,,,
12,1,sharded_n,Sharded-N,1000,write-heavy,1,287416.0731813236,1983.0,14939.0,3373.710321111111,3413.454123729255,1.011780443142805,0,100,900,1790613572.371204,2300.0,2300.0,performance,,32861572.0,31969920.0,29914640.0,0.0,0.0,17.84,17.19,15.0,,,
12,2,sharded_n,Sharded-N,1000,read-heavy,1,294520.5687140608,1878.0,14246.0,3297.530186666667,3286.714550789506,0.9967200797976337,0,100,900,1790613578.2023933,2300.0,2300.0,performance,,32861572.0,31936996.0,29881532.0,0.0,0.0,17.61,17.15,15.0,,,
12,3,sharded_2key,Sharded-2key,1500,write-heavy,1,291217.6092211061,1949.0,26707.0,4973.850944444444,6578.527849833796,1.3226226365270755,0,100,900,1790613584.1272583,2300.0,2300.0,performance,,32861572.0,31945516.0,29889972.0,0.0,0.0,17.32,17.1,14.99,,,
12,4,disabled,Disabled,100,write-heavy,1,305021.31270334567,310.0,640.0,321.37966666666665,131.56732162450444,0.409382843006572,0,100,900,1790613591.6751282,2822.483125,3289.049,performance,,32861572.0,31956484.0,29900700.0,0.0,0.0,18.05,17.29,15.08,,,
12,5,sharded_2key,Sharded-2key,2000,read-heavy,1,291147.62303950713,1983.0,42050.0,6588.122486111111,10084.10552009259,1.5306493680637554,0,100,900,1790613594.326787,2391.424875,3031.399,performance,,32861572.0,31978312.0,29922484.0,0.0,0.0,18.05,17.29,15.08,,,
12,6,sharded_2key,Sharded-2key,3000,read-heavy,1,278987.3155738696,2057.0,74005.0,10333.768127777777,17602.07851534731,1.7033552812194312,0,100,900,1790613603.7546487,2371.541375,2872.331,performance,,32861572.0,31970832.0,29914744.0,0.0,0.0,20.49,17.86,15.29,,,
12,7,hdr_histogram,HdrHistogram,1500,mixed,1,282943.9425297074,2031.0,29217.0,5128.95339925926,6952.098742524063,1.3554614755377008,0,100,900,1790613617.1195943,2412.076375,3196.611,performance,,32861572.0,31965984.0,29909500.0,0.0,0.0,18.99,17.66,15.27,,,
12,8,sharded_2key,Sharded-2key,750,read-heavy,1,300616.4272111192,1844.0,8531.0,2434.576754074074,1803.9650462489583,0.7409768631160072,0,100,900,1790613624.806474,2300.0,2300.0,performance,,32861572.0,31959536.0,29902924.0,0.0,0.0,18.03,17.48,15.22,,,
12,9,disabled,Disabled,750,write-heavy,1,316519.5329837852,1720.0,8171.0,2308.9544325925926,1722.164349844758,0.7458632901261019,0,100,900,1790613629.810532,2363.7215,2809.772,performance,,32861572.0,31963488.0,29906896.0,0.0,0.0,16.58,17.19,15.14,,,
12,10,thread_local,ThreadLocal,250,read-heavy,1,318427.91194495687,746.0,1682.0,770.2139644444444,349.3331818256415,0.4535534253492997,0,100,900,1790613634.5499492,2490.10075,3185.046,performance,,32861572.0,31953704.0,29896956.0,0.0,0.0,15.25,16.9,15.06,,,
12,11,thread_local,ThreadLocal,1000,mixed,1,297993.13118747,1835.0,14373.0,3264.1263366666667,3305.5039597418904,1.0126764771971046,0,100,900,1790613637.8364615,2393.449125,3047.593,performance,,32861572.0,31961804.0,29905060.0,0.0,0.0,14.03,16.62,14.98,,,
12,12,global_mutex,GlobalMutex,750,read-heavy,1,306443.6611405486,1767.0,8792.0,2382.6260533333334,1861.7579654386834,0.7813890739732545,0,100,900,1790613643.5595424,2411.5885,3192.708,performance,,32861572.0,31934408.0,29877492.0,0.0,0.0,13.79,16.53,14.95,,,
12,13,sharded_n,Sharded-N,250,mixed,1,318264.1230843297,754.0,1604.0,772.7487955555556,326.1332287241345,0.4220430113898348,0,100,900,1790613648.5343127,2300.0,2300.0,performance,,32861572.0,31959956.0,29902940.0,0.0,0.0,14.45,16.62,14.99,,,
12,14,sharded_2key,Sharded-2key,2000,mixed,1,283293.1679597798,2050.0,43532.0,6801.916297777778,10483.086278358518,1.5411960129211526,0,100,900,1790613651.655305,2300.0,2300.0,performance,,32861572.0,31951652.0,29894616.0,0.0,0.0,13.29,16.34,14.91,,,
12,15,disabled,Disabled,100,read-heavy,1,295734.42522864375,315.0,789.0,331.01526666666666,150.53842738803738,0.4547778986267422,0,100,900,1790613661.1233125,2300.0,2300.0,performance,,32861572.0,31964140.0,29906724.0,0.0,0.0,12.06,15.99,14.81,,,
12,16,hdr_histogram,HdrHistogram,250,read-heavy,1,315904.2482373673,756.0,1651.0,776.6022311111111,333.4337545436916,0.42934946770193616,0,100,900,1790613663.9559588,2413.72275,3209.782,performance,,32861572.0,31972208.0,29914764.0,0.0,0.0,12.06,15.99,14.81,,,
12,17,hdr_histogram,HdrHistogram,3000,mixed,1,274647.77743904415,2124.0,73569.0,10501.21814074074,17812.17085791187,1.6962004425760293,0,100,900,1790613667.245825,2467.84575,3013.296,performance,,32861572.0,31972124.0,29914648.0,0.0,0.0,15.09,16.55,15.0,,,
12,18,sharded_n,Sharded-N,3000,write-heavy,1,269308.77459405654,2160.0,78177.0,10696.665319259258,18329.91084203399,1.7136098302553353,0,100,900,1790613680.616713,2400.36,3102.88,performance,,32861572.0,31967656.0,29909876.0,0.0,0.0,14.41,16.35,14.96,,,
12,19,disabled,Disabled,1500,read-heavy,1,295315.7057535007,1918.0,27419.0,4904.372228148148,6526.892475091618,1.3308313829915233,0,100,900,1790613694.1819801,2410.633,3185.064,performance,,32861572.0,31966872.0,29908660.0,0.0,0.0,15.02,16.42,15.0,,,
12,20,hdr_histogram,HdrHistogram,1500,read-heavy,1,296668.5221319586,1926.0,27642.0,4885.809337037037,6531.895595439977,1.3369116854243022,0,100,900,1790613701.8243191,2673.18725,3072.654,performance,,32861572.0,31951300.0,29892984.0,0.0,0.0,18.08,17.07,15.23,,,
12,21,thread_local,ThreadLocal,750,read-heavy,1,315845.4961788041,1723.0,8442.0,2313.604497777778,1795.1045909450675,0.7758908632263074,0,100,900,1790613709.4494638,2300.0,2300.0,performance,,32861572.0,31984420.0,29925940.0,0.0,0.0,18.64,17.21,15.28,,,
12,22,hdr_histogram,HdrHistogram,2000,mixed,1,283920.83692473214,2011.0,44458.0,6781.0039822222225,10522.61392658665,1.5517781665036352,0,100,900,1790613714.3524055,2624.003125,3182.885,performance,,32861572.0,31947524.0,29888964.0,0.0,0.0,17.15,16.92,15.2,,,
12,23,thread_local,ThreadLocal,750,mixed,1,303642.1906408263,1801.0,8571.0,2412.079828148148,1825.891355401529,0.7569779963722595,0,100,900,1790613723.8069708,2300.0,2300.0,performance,,32861572.0,31996328.0,29937420.0,0.0,0.0,20.23,17.6,15.44,,,
12,24,global_mutex,GlobalMutex,3000,read-heavy,1,273248.3832837892,2127.0,77504.0,10554.90063,18139.40720205197,1.7185767860755286,0,100,900,1790613728.624017,2300.0,2300.0,performance,,32861572.0,31971336.0,29912404.0,0.0,0.0,19.25,17.44,15.4,,,
12,25,sharded_2key,Sharded-2key,250,mixed,1,313853.47392637294,765.0,1617.0,781.15096,327.637729173027,0.4194294649180576,0,100,900,1790613742.215018,2300.0,2300.0,performance,,32861572.0,31978272.0,29918880.0,0.0,0.0,18.95,17.46,15.44,,,
12,26,sharded_2key,Sharded-2key,500,mixed,1,307733.1607686126,1465.0,4293.0,1588.7415155555555,817.4036666181507,0.514497581019225,0,100,900,1790613745.3434515,2408.5315,3168.252,performance,,32861572.0,31975736.0,29916436.0,0.0,0.0,17.43,17.17,15.36,,,
12,27,sharded_2key,Sharded-2key,250,read-heavy,1,315160.2311804228,758.0,1606.0,776.32512,324.3622380657658,0.41781752220740426,0,100,900,1790613749.3160121,2300.0,2300.0,performance,,32861572.0,31946708.0,29887428.0,0.0,0.0,17.43,17.17,15.36,,,
12,28,global_mutex,GlobalMutex,100,mixed,1,291999.4515471635,319.0,782.0,335.6329111111111,144.51677638930016,0.43057987344232146,0,100,900,1790613752.6071267,2300.0,2300.0,performance,,32861572.0,31980372.0,29921052.0,0.0,0.0,17.31,17.15,15.36,,,
12,29,sharded_2key,Sharded-2key,1000,write-heavy,1,294169.10261835833,1950.0,14697.0,3310.852198888889,3339.8440127624385,1.0087566016638494,0,100,900,1790613755.271167,2300.0,2300.0,performance,,32861572.0,31975416.0,29916068.0,0.0,0.0,15.93,16.87,15.28,,,
12,30,thread_local,ThreadLocal,1500,mixed,1,292849.5541939631,1947.0,27068.0,4943.775644444445,6620.226559540518,1.3391033565570436,0,100,900,1790613761.0449743,2300.0,2300.0,performance,,32861572.0,31951804.0,29892192.0,0.0,0.0,14.65,16.59,15.2,,,
12,31,sharded_n,Sharded-N,750,mixed,1,293728.7572235109,1849.0,8700.0,2492.3144711111113,1899.6961621595037,0.7622216956083357,0,100,900,1790613768.5666535,2356.803875,2754.431,performance,,32861572.0,31958504.0,29898688.0,0.0,0.0,14.6,16.54,15.19,,,
12,32,sharded_2key,Sharded-2key,1000,mixed,1,294452.0125227745,1925.0,14136.0,3295.0870622222224,3285.368960033416,0.9970507297666811,0,100,900,1790613773.4707003,2820.519875,3387.664,performance,,32861572.0,31964092.0,29904180.0,0.0,0.0,14.71,16.54,15.19,,,
12,33,hdr_histogram,HdrHistogram,250,mixed,1,316907.10206618864,752.0,1623.0,775.07436,338.3588082334831,0.4365501243435315,0,100,900,1790613779.2332995,2300.0,2300.0,performance,,32861572.0,31931652.0,29871696.0,0.0,0.0,15.62,16.69,15.25,,,
12,34,hdr_histogram,HdrHistogram,2000,write-heavy,1,283579.4293255914,2039.0,43425.0,6785.979388333333,10302.936498035358,1.5182681685930977,0,100,900,1790613782.3584158,2351.53425,2712.274,performance,,32861572.0,31965932.0,29905948.0,0.0,0.0,16.13,16.78,15.29,,,
12,35,sharded_n,Sharded-N,1500,read-heavy,1,292817.71884004434,1932.0,27272.0,4943.953328148148,6653.433118993468,1.3457718302299666,0,100,900,1790613791.827403,2387.15275,2997.222,performance,,32861572.0,31926544.0,29866156.0,0.0,0.0,15.12,16.55,15.23,,,
12,36,disabled,Disabled,250,write-heavy,1,308881.5792833449,763.0,1709.0,793.0217377777777,353.15095086803507,0.4453231658663508,0,100,900,1790613799.5053766,2300.0,2300.0,performance,,32861572.0,31961816.0,29901272.0,0.0,0.0,15.27,16.56,15.24,,,
12,37,global_mutex,GlobalMutex,1500,read-heavy,1,293362.57722747844,1953.0,26902.0,4941.574378518519,6525.089539367565,1.320447501050016,0,100,900,1790613802.6563427,2300.0,2300.0,performance,,32861572.0,31975456.0,29914944.0,0.0,0.0,14.53,16.39,15.19,,,
12,38,global_mutex,GlobalMutex,1500,write-heavy,1,279434.82172837376,2059.0,27758.0,5176.044853333334,6846.556160317082,1.3227389549972604,0,100,900,1790613810.321092,2394.098875,3052.791,performance,,32861572.0,31951256.0,29890528.0,0.0,0.0,13.03,16.01,15.08,,,
12,39,disabled,Disabled,3000,mixed,1,269070.77411792363,2190.0,80155.0,10692.843494814815,18452.386830851636,1.7256763217192497,0,100,900,1790613818.065734,2387.2625,2998.1,performance,,32861572.0,31953736.0,29892768.0,0.0,0.0,13.11,15.98,15.08,,,
12,40,sharded_n,Sharded-N,1500,write-heavy,1,281762.54620583035,2038.0,26980.0,5142.327660740741,6663.733446387366,1.2958593629227178,0,100,900,1790613831.6299307,2410.3355,3182.684,performance,,32861572.0,31959044.0,29897704.0,0.0,0.0,11.96,15.6,14.97,,,
12,41,sharded_n,Sharded-N,750,read-heavy,1,297132.229214151,1834.0,8682.0,2460.102585185185,1858.521391656088,0.7554649968046707,0,100,900,1790613839.339964,2650.60575,3075.379,performance,,32861572.0,31950388.0,29888896.0,0.0,0.0,12.05,15.55,14.96,,,
12,42,sharded_n,Sharded-N,1000,mixed,1,310796.98328969255,1830.0,13808.0,3119.7483655555557,3214.154127692028,1.0302606976827955,0,100,900,1790613844.392066,2978.525,3311.978,performance,,32861572.0,31951608.0,29890148.0,0.0,0.0,11.8,15.44,14.92,,,
12,43,sharded_n,Sharded-N,2000,mixed,1,271043.6727569775,2131.0,43718.0,7121.233784444445,10616.308402291563,1.4907962192565178,0,100,900,1790613849.9928737,2746.406,3094.608,performance,,32861572.0,31941832.0,29880156.0,0.0,0.0,11.02,15.16,14.84,,,
12,44,sharded_n,Sharded-N,3000,read-heavy,1,271605.23482179974,2139.0,74144.0,10601.856414814814,17883.21660881753,1.686800491263765,0,100,900,1790613859.7663515,2300.0,2300.0,performance,,32861572.0,31958364.0,29896332.0,0.0,0.0,10.78,15.04,14.8,,,
12,45,thread_local,ThreadLocal,500,read-heavy,1,308730.0991180247,1485.0,4122.0,1588.5284155555555,796.7627907610504,0.5015728915887216,0,100,900,1790613873.4089134,2622.682375,3255.802,performance,,32861572.0,31975656.0,29913272.0,0.0,0.0,10.01,14.65,14.68,,,
12,46,global_mutex,GlobalMutex,500,mixed,1,298345.0460184007,1515.0,4396.0,1641.3002533333333,852.0905583796673,0.5191558075063645,0,100,900,1790613877.5451126,2300.0,2300.0,performance,,32861572.0,31952464.0,29890188.0,0.0,0.0,10.49,14.67,14.68,,,
12,47,disabled,Disabled,2000,mixed,1,283135.4393257501,2002.0,41942.0,6794.503259444445,10241.545713491594,1.5073281036778836,0,100,900,1790613881.5697534,2632.495125,3018.203,performance,,32861572.0,31983040.0,29920680.0,0.0,0.0,9.65,14.43,14.6,,,
12,48,thread_local,ThreadLocal,500,mixed,1,297455.7444153636,1539.0,4264.0,1650.1695422222222,825.5723515216575,0.500295472918431,0,100,900,1790613891.045815,2399.312375,3094.499,performance,,32861572.0,31965368.0,29902700.0,0.0,0.0,10.52,14.48,14.62,,,
12,49,disabled,Disabled,750,read-heavy,1,304214.39422450186,1794.0,8445.0,2407.966974814815,1808.1572263152384,0.7509061566154972,0,100,900,1790613895.0736084,2366.749,2833.992,performance,,32861572.0,31972904.0,29910228.0,0.0,0.0,9.68,14.24,14.54,,,
12,50,hdr_histogram,HdrHistogram,3000,read-heavy,1,275213.7505133422,2124.0,71754.0,10438.464772222222,17642.646554631465,1.6901572156070572,0,100,900,1790613900.0677996,2510.924375,3198.408,performance,,32861572.0,31952672.0,29889860.0,0.0,0.0,8.9,14.0,14.46,,,
12,51,hdr_histogram,HdrHistogram,1500,write-heavy,1,285764.2759559392,2017.0,27603.0,5080.243232592593,6632.255939287792,1.3054996848848048,0,100,900,1790613913.6144614,2300.0,2300.0,performance,,32861572.0,31970956.0,29907672.0,0.0,0.0,10.12,14.1,14.49,,,
12,52,disabled,Disabled,2000,write-heavy,1,278499.8401013282,2069.0,43153.0,6943.160741111111,10455.996973957184,1.5059419425574059,0,100,900,1790613921.260531,2611.739125,3180.45,performance,,32861572.0,31924480.0,29861072.0,0.0,0.0,9.01,13.73,14.37,,,
12,53,thread_local,ThreadLocal,1000,write-heavy,1,293069.5157328896,1930.0,14372.0,3315.030857777778,3291.6326740162776,0.992941790057066,0,100,900,1790613930.8419476,2379.128375,2933.027,performance,,32861572.0,31977364.0,29913748.0,0.0,0.0,9.24,13.64,14.33,,,
12,54,sharded_2key,Sharded-2key,3000,write-heavy,1,265481.3464425628,2217.0,78898.0,10845.895456666667,18540.95290757981,1.7094902842884407,0,100,900,1790613936.6138773,2387.477625,2999.821,performance,,32861572.0,31946124.0,29882404.0,0.0,0.0,8.5,13.41,14.25,,,
12,55,disabled,Disabled,500,write-heavy,1,312238.8555638286,1482.0,3876.0,1568.3867466666666,756.3852939385133,0.4822696286780533,0,100,900,1790613950.3485594,2456.5065,3076.683,performance,,32861572.0,31986756.0,29922612.0,0.0,0.0,8.54,13.19,14.17,,,
12,56,global_mutex,GlobalMutex,3000,mixed,1,267692.63821538247,2188.0,77855.0,10754.43104925926,18369.665038439314,1.7081019864555804,0,100,900,1790613954.3056426,2445.878,3467.024,performance,,32861572.0,31980220.0,29916120.0,0.0,0.0,8.54,13.19,14.17,,,
12,57,hdr_histogram,HdrHistogram,2000,read-heavy,1,284542.5089948855,2008.0,39481.0,6766.130058888889,10130.7697990135,1.4972768348879686,0,100,900,1790613967.930159,2667.44825,3088.299,performance,,32861572.0,31985928.0,29921300.0,0.0,0.0,9.96,13.27,14.18,,,
12,58,global_mutex,GlobalMutex,250,write-heavy,1,298090.4093876836,796.0,1790.0,821.3149511111111,366.17948485966514,0.44584539020540337,0,100,900,1790613977.5267577,2768.856875,3236.876,performance,,32861572.0,31950800.0,29886000.0,0.0,0.0,12.7,13.74,14.32,,,
12,59,global_mutex,GlobalMutex,2000,read-heavy,1,279845.7217501041,2050.0,45663.0,6870.192050555555,10605.688649500815,1.543725207600738,0,100,900,1790613980.6976984,2395.6555,3065.244,performance,,32861572.0,31973212.0,29908412.0,0.0,0.0,11.68,13.51,14.24,,,
12,60,global_mutex,GlobalMutex,250,mixed,1,313620.2782043528,760.0,1656.0,783.5174577777777,333.2764536578564,0.4253593207777391,0,100,900,1790613990.4169977,2781.554875,2973.733,performance,,32861572.0,31981096.0,29915948.0,0.0,0.0,10.77,13.26,14.15,,,
12,61,disabled,Disabled,1000,read-heavy,1,302366.23835669254,1898.0,14376.0,3207.7940777777776,3247.441943102244,1.0123598536449485,0,100,900,1790613993.5517135,2400.922625,3107.381,performance,,32861572.0,31986536.0,29921372.0,0.0,0.0,10.77,13.26,14.15,,,
12,62,hdr_histogram,HdrHistogram,500,mixed,1,296775.03198997426,1527.0,4366.0,1651.729171111111,850.7085701034251,0.515041197420493,0,100,900,1790613999.3913815,2300.0,2300.0,performance,,32861572.0,31938172.0,29873040.0,0.0,0.0,11.59,13.39,14.19,,,
12,63,hdr_histogram,HdrHistogram,100,mixed,1,289826.9727820012,326.0,744.0,339.0694222222222,141.07052322794195,0.41605203531295115,0,100,900,1790614003.420058,2300.0,2300.0,performance,,32861572.0,31941328.0,29876164.0,0.0,0.0,12.18,13.48,14.22,,,
12,64,thread_local,ThreadLocal,100,mixed,1,295595.87566504395,318.0,733.0,331.9841666666667,140.46650827698258,0.4231120709380696,0,100,900,1790614006.0878365,2406.297,3150.376,performance,,32861572.0,31958428.0,29893240.0,0.0,0.0,11.21,13.26,14.14,,,
12,65,global_mutex,GlobalMutex,2000,write-heavy,1,275016.0875320397,2104.0,43450.0,7005.204591111111,10580.285197475385,1.5103463517540496,0,100,900,1790614008.74819,2652.986625,3096.971,performance,,32861572.0,31976220.0,29911020.0,0.0,0.0,11.21,13.26,14.14,,,
12,66,thread_local,ThreadLocal,2000,write-heavy,1,274723.3180344384,2129.0,43749.0,7014.591851666667,10664.234835130934,1.5202929921855841,0,100,900,1790614018.429275,2398.03975,3084.318,performance,,32861572.0,31966468.0,29900828.0,0.0,0.0,12.63,13.5,14.21,,,
12,67,global_mutex,GlobalMutex,1500,mixed,1,289114.718356142,1962.0,27480.0,4999.542531111111,6639.579968730869,1.328037500914163,0,100,900,1790614028.1029196,2590.65325,3097.622,performance,,32861572.0,31964664.0,29898708.0,0.0,0.0,12.63,13.47,14.19,,,
12,68,thread_local,ThreadLocal,3000,read-heavy,1,271765.89469827997,2143.0,74123.0,10582.863161851852,18062.872311195348,1.7068039182729637,0,100,900,1790614035.6783612,2300.0,2300.0,performance,,32861572.0,31952968.0,29886928.0,0.0,0.0,12.01,13.32,14.13,,,
12,69,sharded_n,Sharded-N,250,write-heavy,1,305072.0915791817,796.0,1599.0,805.1531955555556,327.14803185738816,0.40631774631616047,0,100,900,1790614049.2997518,2400.591125,3104.729,performance,,32861572.0,31981108.0,29914664.0,0.0,0.0,12.81,13.44,14.16,,,
12,70,sharded_n,Sharded-N,500,mixed,1,294995.95180988614,1546.0,4343.0,1662.6387666666667,837.9983020293886,0.5040170594057815,0,100,900,1790614052.4629753,3060.8805,3443.86,performance,,32861572.0,31983552.0,29917136.0,0.0,0.0,12.66,13.4,14.15,,,
12,71,hdr_histogram,HdrHistogram,1000,read-heavy,1,294158.93928346917,1942.0,14233.0,3304.09019,3249.6798462924644,0.9835324278156173,0,100,900,1790614056.5027418,2781.252,3201.979,performance,,32861572.0,31980436.0,29914044.0,0.0,0.0,11.65,13.18,14.07,,,
12,72,thread_local,ThreadLocal,750,write-heavy,1,293123.757761599,1863.0,8767.0,2495.4599896296295,1892.7662664574912,0.7584839165217035,0,100,900,1790614062.4306846,2402.085,3116.68,performance,,32861572.0,31925832.0,29859268.0,0.0,0.0,11.83,13.19,14.07,,,
12,73,sharded_n,Sharded-N,2000,read-heavy,1,287325.1616454726,2004.0,42262.0,6696.980197777778,10323.514594297541,1.5415178616958038,0,100,900,1790614067.3406332,2390.7015,3025.612,performance,,32861572.0,31954552.0,29887872.0,0.0,0.0,12.73,13.35,14.12,,,
12,74,global_mutex,GlobalMutex,3000,write-heavy,1,264609.8378799451,2232.0,80103.0,10885.238112222221,18610.350715622666,1.7096870572566063,0,100,900,1790614076.886421,2495.4405,3106.187,performance,,32861572.0,31943624.0,29876616.0,0.0,0.0,12.02,13.19,14.06,,,
12,75,disabled,Disabled,1000,mixed,1,298741.19502317405,1862.0,13988.0,3254.6680244444447,3238.434471384307,0.9950122246145492,0,100,900,1790614090.6369495,2399.845875,3098.767,performance,,32861572.0,31979288.0,29911912.0,0.0,0.0,11.44,13.02,13.99,,,
12,76,disabled,Disabled,500,read-heavy,1,305410.24599822075,1461.0,4499.0,1606.0288444444445,865.2506348519463,0.5387516157290766,0,100,900,1790614096.3366802,2401.512375,3112.099,performance,,32861572.0,31966832.0,29899420.0,0.0,0.0,10.52,12.8,13.91,,,
12,77,global_mutex,GlobalMutex,500,write-heavy,1,302155.64646763913,1519.0,4174.0,1622.4635755555555,815.2401595296851,0.5024705465270829,0,100,900,1790614100.487983,2483.2845,3094.374,performance,,32861572.0,31963868.0,29896460.0,0.0,0.0,9.68,12.59,13.84,,,
12,78,sharded_n,Sharded-N,3000,mixed,1,266602.41632692714,2194.0,78213.0,10790.048374074075,18273.464341601353,1.6935479534557185,0,100,900,1790614104.4952269,3116.453125,3191.893,performance,,32861572.0,31982652.0,29915160.0,0.0,0.0,9.68,12.59,13.84,,,
12,79,disabled,Disabled,1500,mixed,1,289823.22768936766,1993.0,26465.0,4996.261740740741,6576.028367014039,1.3161897250881585,0,100,900,1790614118.1679592,2491.183875,3066.626,performance,,32861572.0,31969284.0,29901276.0,0.0,0.0,11.16,12.8,13.89,,,
12,80,thread_local,ThreadLocal,100,write-heavy,1,295991.943493954,318.0,735.0,333.0121,148.1653652285755,0.44492486978273615,0,100,900,1790614125.7245612,2392.278125,3038.225,performance,,32861572.0,31943196.0,29875048.0,0.0,0.0,11.21,12.77,13.87,,,
12,81,hdr_histogram,HdrHistogram,750,mixed,1,308601.53312711325,1787.0,8471.0,2371.656185185185,1782.5387215493645,0.7516008149428198,0,100,900,1790614128.3847811,2411.692875,3193.543,performance,,32861572.0,31954276.0,29886104.0,0.0,0.0,11.21,12.77,13.87,,,
12,82,global_mutex,GlobalMutex,1000,read-heavy,1,294671.3311195735,1918.0,14135.0,3295.4813633333333,3254.8105691110686,0.9876586180474931,0,100,900,1790614133.1879766,2397.080125,3076.641,performance,,32861572.0,31926704.0,29858444.0,0.0,0.0,12.08,12.92,13.91,,,
12,83,sharded_2key,Sharded-2key,750,mixed,1,301046.92144300335,1800.0,8795.0,2430.360477037037,1856.4549312592899,0.7638599083550678,0,100,900,1790614139.1158051,2499.059875,3163.746,performance,,32861572.0,31957900.0,29889556.0,0.0,0.0,12.39,12.97,13.92,,,
12,84,hdr_histogram,HdrHistogram,750,write-heavy,1,292114.8776732338,1879.0,9043.0,2501.1744014814813,1891.550277407276,0.7562648475399731,0,100,900,1790614143.9710388,2300.0,2300.0,performance,,32861572.0,31969744.0,29901284.0,0.0,0.0,14.84,13.47,14.08,,,
12,85,sharded_2key,Sharded-2key,100,read-heavy,1,292023.5196781055,320.0,808.0,336.0906444444444,147.90451943622534,0.4400733012985545,0,100,900,1790614148.8981717,2625.160625,3196.602,performance,,32861572.0,31956464.0,29887900.0,0.0,0.0,16.22,13.78,14.17,,,
12,86,hdr_histogram,HdrHistogram,500,read-heavy,1,297016.1890277717,1520.0,4266.0,1647.1041377777779,844.7798785547412,0.5128879584350339,0,100,900,1790614151.7329378,2408.7035,3169.628,performance,,32861572.0,31973512.0,29904932.0,0.0,0.0,14.92,13.55,14.1,,,
12,87,sharded_n,Sharded-N,100,write-heavy,1,290532.2305771472,327.0,654.0,337.4796777777778,130.0838213798768,0.3854567547191208,0,100,900,1790614155.9515233,2889.48625,3052.39,performance,,32861572.0,31952292.0,29883668.0,0.0,0.0,13.72,13.32,14.02,,,
12,88,sharded_n,Sharded-N,100,mixed,1,296314.242940337,323.0,646.0,331.82755555555553,126.18680018883899,0.38027824415477884,0,100,900,1790614158.6183138,2396.831875,3074.655,performance,,32861572.0,31958288.0,29889632.0,0.0,0.0,13.72,13.32,14.02,,,
12,89,sharded_2key,Sharded-2key,2000,write-heavy,1,276088.778938421,2104.0,42941.0,6989.189915555556,10557.146095637692,1.5104963841576378,0,100,900,1790614161.2788262,2386.40275,2991.222,performance,,32861572.0,31978596.0,29909928.0,0.0,0.0,12.62,13.1,13.95,,,
12,90,sharded_n,Sharded-N,1500,mixed,1,285099.34097737237,2030.0,28655.0,5092.27802074074,6866.432825924428,1.3484010099129686,0,100,900,1790614170.9144995,2387.192125,2997.537,performance,,32861572.0,31960560.0,29891568.0,0.0,0.0,11.49,12.85,13.86,,,
12,91,thread_local,ThreadLocal,3000,write-heavy,1,264386.65659012087,2230.0,78439.0,10881.08754,18650.76408978228,1.71405330774338,0,100,900,1790614178.5618348,2566.62975,3134.89,performance,,32861572.0,31954388.0,29885240.0,0.0,0.0,11.21,12.77,13.82,,,
12,92,thread_local,ThreadLocal,3000,mixed,1,266667.051589033,2202.0,76125.0,10827.771212592592,18407.723975581423,1.7000473702448957,0,100,900,1790614192.3326633,2407.52075,3160.166,performance,,32861572.0,31974872.0,29905228.0,0.0,0.0,16.74,13.88,14.17,,,
12,93,sharded_n,Sharded-N,500,read-heavy,1,310529.5350509795,1461.0,4097.0,1575.3945,803.603746112053,0.5100968335944127,0,100,900,1790614205.9871037,2300.0,2300.0,performance,,32861572.0,31976284.0,29906308.0,0.0,0.0,15.03,13.67,14.1,,,
12,94,thread_local,ThreadLocal,250,write-heavy,1,303780.78353456524,789.0,1754.0,809.8035333333333,346.9899504802657,0.42848658495225017,0,100,900,1790614210.120225,2300.0,2300.0,performance,,32861572.0,31969996.0,29900048.0,0.0,0.0,13.82,13.44,14.02,,,
12,95,sharded_2key,Sharded-2key,3000,mixed,1,265931.4495731816,2209.0,77640.0,10852.364945555555,18510.555311837194,1.705670183844854,0,100,900,1790614213.2774882,2388.757375,3010.059,performance,,32861572.0,31965132.0,29895156.0,0.0,0.0,13.82,13.44,14.02,,,
12,96,disabled,Disabled,750,mixed,1,298298.6561337078,1817.0,9087.0,2453.9075037037037,1914.122307001384,0.7800303410427584,0,100,900,1790614226.981505,2686.34275,3140.991,performance,,32861572.0,31976688.0,29906224.0,0.0,0.0,12.62,13.21,13.93,,,
12,97,disabled,Disabled,3000,read-heavy,1,271234.7067663352,2131.0,76153.0,10613.194731851852,18101.813726345586,1.7055951750342637,0,100,900,1790614231.8497927,2412.424375,3199.395,performance,,32861572.0,31956936.0,29886576.0,0.0,0.0,11.61,12.99,13.86,,,
12,98,sharded_n,Sharded-N,2000,write-heavy,1,271572.8022200053,2126.0,45200.0,7097.220392777778,10757.934102755811,1.5157954110743443,0,100,900,1790614245.5227344,2499.810125,3101.234,performance,,32861572.0,31984928.0,29914000.0,0.0,0.0,13.57,13.37,13.97,,,
12,99,global_mutex,GlobalMutex,750,mixed,1,312464.7473221602,1752.0,8140.0,2338.446331851852,1743.335408736481,0.7455101213958186,0,100,900,1790614255.2809308,2856.92175,3109.735,performance,,32861572.0,31951496.0,29880404.0,0.0,0.0,12.59,13.18,13.9,,,
12,100,global_mutex,GlobalMutex,1000,write-heavy,1,286480.84561325336,1987.0,15029.0,3397.6815477777777,3438.0758672985257,1.0118887891501096,0,100,900,1790614260.0504937,2411.615,3192.92,performance,,32861572.0,31963476.0,29892348.0,0.0,0.0,11.58,12.96,13.83,,,
12,101,global_mutex,GlobalMutex,100,read-heavy,1,285792.2988463765,330.0,736.0,343.6702666666667,140.66573876801655,0.4093043606372015,0,100,900,1790614265.90578,2406.67475,3153.398,performance,,32861572.0,31954332.0,29883176.0,0.0,0.0,10.65,12.74,13.75,,,
12,102,sharded_n,Sharded-N,500,write-heavy,1,292167.6975034498,1540.0,4647.0,1680.8059044444444,893.6746705429651,0.5316941522991322,0,100,900,1790614268.745942,2412.085875,3196.687,performance,,32861572.0,31971184.0,29900012.0,0.0,0.0,10.65,12.74,13.75,,,
12,103,sharded_2key,Sharded-2key,1500,read-heavy,1,288470.93965549493,1971.0,27731.0,5018.5456325925925,6761.486481672494,1.3472999902124023,0,100,900,1790614272.798827,2398.461875,3087.695,performance,,32861572.0,31972708.0,29901388.0,0.0,0.0,11.88,12.96,13.82,,,
12,104,sharded_2key,Sharded-2key,500,read-heavy,1,302688.0936554737,1495.0,4197.0,1622.1897866666666,837.407975281906,0.5162207173074624,0,100,900,1790614280.5686805,2926.38425,3490.008,performance,,32861572.0,31962420.0,29890840.0,0.0,0.0,11.16,12.78,13.75,,,
12,105,hdr_histogram,HdrHistogram,1000,mixed,1,290247.43736256403,1942.0,14458.0,3345.975122222222,3317.186472146575,0.9913960358269109,0,100,900,1790614284.7268543,2707.63875,3158.738,performance,,32861572.0,31962088.0,29890452.0,0.0,0.0,11.16,12.78,13.75,,,
12,106,thread_local,ThreadLocal,2000,mixed,1,280284.8195164687,2070.0,42421.0,6893.092725,10398.816740233802,1.508585065527869,0,100,900,1790614290.5412066,2300.0,2300.0,performance,,32861572.0,31945440.0,29873688.0,0.0,0.0,9.44,12.36,13.6,,,
12,107,disabled,Disabled,250,read-heavy,1,315590.6980525403,751.0,1686.0,775.8623155555556,339.9987851929081,0.4382205171924766,0,100,900,1790614300.072028,2849.821375,3132.816,performance,,32861572.0,31969756.0,29897708.0,0.0,0.0,9.24,12.23,13.55,,,
12,108,disabled,Disabled,2000,read-heavy,1,285821.2750598614,2030.0,42996.0,6743.427012777778,10285.233924516377,1.5252235851337026,0,100,900,1790614303.3782127,2391.452,3031.616,performance,,32861572.0,31966760.0,29894668.0,0.0,0.0,9.24,12.23,13.55,,,
12,109,global_mutex,GlobalMutex,500,read-heavy,1,302011.43055681145,1495.0,4283.0,1622.8607844444443,837.0975441128038,0.5158159912030706,0,100,900,1790614312.9459615,2300.0,2300.0,performance,,32861572.0,31975780.0,29903528.0,0.0,0.0,9.59,12.21,13.53,,,
12,110,sharded_n,Sharded-N,250,read-heavy,1,308360.65902149316,783.0,1642.0,796.9245111111111,334.5614054925304,0.41981567993945695,0,100,900,1790614317.118121,2966.006125,3387.857,performance,,32861572.0,31968492.0,29896256.0,0.0,0.0,14.35,13.15,13.82,,,
12,111,thread_local,ThreadLocal,500,write-heavy,1,299158.7689322286,1536.0,4219.0,1637.2153622222222,819.1714427876309,0.5003443417949331,0,100,900,1790614320.4249945,2300.0,2300.0,performance,,32861572.0,31988688.0,29916408.0,0.0,0.0,13.2,12.93,13.75,,,
12,112,thread_local,ThreadLocal,250,mixed,1,313846.8379614439,767.0,1580.0,782.6048088888889,321.7408924212082,0.4111154043098752,0,100,900,1790614324.4439588,2380.06125,2940.49,performance,,32861572.0,31958236.0,29885804.0,0.0,0.0,13.2,12.93,13.75,,,
12,113,sharded_2key,Sharded-2key,250,write-heavy,1,307350.8609555346,774.0,1682.0,798.2748044444445,348.7576974952815,0.4368892711551854,0,100,900,1790614327.5795763,2768.60325,3194.772,performance,,32861572.0,31981312.0,29908868.0,0.0,0.0,16.07,13.53,13.94,,,
12,114,disabled,Disabled,1500,write-heavy,1,286023.5870206989,1988.0,28332.0,5056.522279259259,6860.049320003033,1.3566734093393487,0,100,900,1790614330.7227094,2493.797125,3151.51,performance,,32861572.0,31988740.0,29916228.0,0.0,0.0,14.78,13.31,13.86,,,
12,115,sharded_2key,Sharded-2key,1500,mixed,1,290579.6372031996,1954.0,27825.0,4988.596226666667,6673.382196655989,1.3377274674954163,0,100,900,1790614338.354068,2873.8705,3169.194,performance,,32861572.0,31936612.0,29863764.0,0.0,0.0,14.4,13.25,13.84,,,
12,116,hdr_histogram,HdrHistogram,100,write-heavy,1,305901.3561732156,310.0,634.0,319.7764111111111,121.04987258667089,0.37854534725080236,0,100,900,1790614345.908816,2401.432,3111.456,performance,,32861572.0,31957280.0,29884272.0,0.0,0.0,15.06,13.45,13.9,,,
12,117,hdr_histogram,HdrHistogram,500,write-heavy,1,295760.58376340684,1525.0,4391.0,1656.65364,863.9919758549264,0.5215284323734238,0,100,900,1790614348.5615675,2412.841125,3202.729,performance,,32861572.0,31979776.0,29906724.0,0.0,0.0,15.06,13.45,13.9,,,
12,118,hdr_histogram,HdrHistogram,1000,write-heavy,1,290786.78215835383,2005.0,14527.0,3343.364628888889,3292.7370069601147,0.9848572837400629,0,100,900,1790614352.6031377,2300.0,2300.0,performance,,32861572.0,31954004.0,29880944.0,0.0,0.0,15.69,13.61,13.95,,,
12,119,sharded_2key,Sharded-2key,100,write-heavy,1,289823.667899174,326.0,705.0,339.1003666666667,141.3243359933221,0.4167625572998656,0,100,900,1790614358.3922212,2300.0,2300.0,performance,,32861572.0,31938064.0,29864816.0,0.0,0.0,15.72,13.65,13.96,,,
12,120,global_mutex,GlobalMutex,250,read-heavy,1,311249.7215404367,776.0,1633.0,788.6998266666667,324.2039213538749,0.4110612306383773,0,100,900,1790614361.0632741,2723.57975,3237.682,performance,,32861572.0,31950860.0,29877572.0,0.0,0.0,14.46,13.42,13.89,,,
12,121,hdr_histogram,HdrHistogram,250,write-heavy,1,301060.7083271781,788.0,1792.0,814.49048,360.6224273431407,0.442758308658366,0,100,900,1790614364.3660393,2300.0,2300.0,performance,,32861572.0,31976428.0,29903148.0,0.0,0.0,14.46,13.42,13.89,,,
12,122,thread_local,ThreadLocal,2000,read-heavy,1,283355.1576571678,2043.0,42471.0,6794.392088333333,10251.596162881366,1.5088319940329034,0,100,900,1790614367.5371928,2583.015,3081.731,performance,,32861572.0,31983540.0,29910228.0,0.0,0.0,15.14,13.58,13.94,,,
12,123,sharded_2key,Sharded-2key,750,write-heavy,1,292840.95415676554,1863.0,9151.0,2500.3418755555554,1901.6044424316817,0.7605377732631706,0,100,900,1790614377.1608503,2402.190375,3117.523,performance,,32861572.0,31969188.0,29895456.0,0.0,0.0,14.65,13.53,13.92,,,
12,124,global_mutex,GlobalMutex,2000,mixed,1,275994.8913272017,2080.0,41789.0,6976.390249444445,10574.240801997721,1.5157180753814319,0,100,900,1790614382.0845594,2704.492,3206.861,performance,,32861572.0,31971036.0,29897348.0,0.0,0.0,15.16,13.65,13.95,,,
12,125,global_mutex,GlobalMutex,750,write-heavy,1,300605.8495798095,1801.0,8563.0,2434.6185466666666,1849.4820788702175,0.7596598988381228,0,100,900,1790614391.7151015,2586.080875,3091.547,performance,,32861572.0,31946220.0,29872124.0,0.0,0.0,13.71,13.4,13.87,,,
12,126,sharded_2key,Sharded-2key,500,write-heavy,1,303656.0416164843,1498.0,4429.0,1620.243888888889,853.0542022021883,0.5264974045278982,0,100,900,1790614396.574245,2300.0,2300.0,performance,,32861572.0,31959120.0,29885076.0,0.0,0.0,12.62,13.18,13.79,,,
12,127,disabled,Disabled,100,mixed,1,292034.8762715884,321.0,730.0,336.4895333333333,137.24465374065838,0.4078719845490738,0,100,900,1790614400.5744722,2398.922,3091.376,performance,,32861572.0,31972276.0,29898180.0,0.0,0.0,11.61,12.96,13.72,,,
12,128,disabled,Disabled,500,mixed,1,314305.6468713378,1446.0,4180.0,1555.2090777777778,794.4773806614749,0.5108492433677763,0,100,900,1790614403.2354968,2370.005,2860.04,performance,,32861572.0,31981052.0,29906920.0,0.0,0.0,11.61,12.96,13.72,,,
12,129,hdr_histogram,HdrHistogram,750,read-heavy,1,298631.1022359619,1817.0,8539.0,2452.8014014814817,1831.0855617176578,0.7465282597326021,0,100,900,1790614407.184114,2300.0,2300.0,performance,,32861572.0,31983620.0,29909452.0,0.0,0.0,12.68,13.16,13.78,,,
12,130,disabled,Disabled,1000,write-heavy,1,282178.2701272031,2024.0,14760.0,3433.8546366666665,3412.755293643159,0.9938554932412662,0,100,900,1790614412.2130322,2811.81925,3024.624,performance,,32861572.0,31956952.0,29882616.0,0.0,0.0,12.94,13.2,13.79,,,
12,131,hdr_histogram,HdrHistogram,100,read-heavy,1,286775.2320797073,326.0,825.0,342.39713333333333,152.237012573891,0.4446211657551582,0,100,900,1790614418.1237307,2483.089875,3042.878,performance,,32861572.0,31916312.0,29841800.0,0.0,0.0,23.52,15.39,14.5,,,
12,132,sharded_n,Sharded-N,100,read-heavy,1,275135.77881900774,337.0,889.0,357.2805888888889,159.61299054607383,0.44674408716817265,0,100,900,1790614420.9628654,2500.50025,3102.311,performance,,32861572.0,31938948.0,29864452.0,0.0,0.0,21.72,15.15,14.43,,,
12,133,sharded_2key,Sharded-2key,100,mixed,1,297516.7132823567,314.0,729.0,328.5053111111111,139.03455693816738,0.4232338176448581,0,100,900,1790614423.8247283,2394.82275,3058.582,performance,,32861572.0,31953468.0,29878916.0,0.0,0.0,21.72,15.15,14.43,,,
12,134,global_mutex,GlobalMutex,1000,mixed,1,286986.4849582188,1987.0,14978.0,3389.1664255555556,3394.4352937005933,1.0015546206599086,0,100,900,1790614426.4843853,2300.0,2300.0,performance,,32861572.0,31978540.0,29903952.0,0.0,0.0,19.98,14.9,14.35,,,
12,135,hdr_histogram,HdrHistogram,3000,write-heavy,1,259971.50628329965,2260.0,81474.0,11084.850229259258,18977.19721953338,1.7119940122818895,0,100,900,1790614432.328309,2300.0,2300.0,performance,,32861572.0,31950344.0,29875596.0,0.0,0.0,20.14,15.02,14.39,,,
12,136,thread_local,ThreadLocal,1000,read-heavy,1,301173.76935006835,1901.0,14269.0,3235.7529233333335,3247.1055701524365,1.0035085023758266,0,100,900,1790614446.3040917,2300.0,2300.0,performance,,32861572.0,31943328.0,29868092.0,0.0,0.0,17.75,14.76,14.31,,,
12,137,thread_local,ThreadLocal,1500,write-heavy,1,279886.00906284375,2056.0,27303.0,5181.612192592593,6837.280467951644,1.3195276322928842,0,100,900,1790614452.1583004,3147.75125,3245.07,performance,,32861572.0,31963376.0,29888140.0,0.0,0.0,18.41,14.94,14.38,,,
12,138,disabled,Disabled,3000,write-heavy,1,269463.9283531487,2185.0,76187.0,10658.416860740741,18205.160297795657,1.708054820491458,0,100,900,1790614459.8961232,2300.0,2300.0,performance,,32861572.0,31945956.0,29870512.0,0.0,0.0,17.98,14.91,14.37,,,
12,139,thread_local,ThreadLocal,100,read-heavy,1,298834.98682328634,312.0,790.0,328.0686888888889,143.32097521403733,0.43686270609804406,0,100,900,1790614473.4408033,2594.7475,3142.792,performance,,32861572.0,31996904.0,29921004.0,0.0,0.0,20.72,15.59,14.59,,,
12,140,disabled,Disabled,250,mixed,1,307262.50071264413,768.0,1813.0,796.86068,368.3761742853013,0.4622842907561976,0,100,900,1790614476.254582,2402.695125,3121.561,performance,,32861572.0,31999124.0,29923196.0,0.0,0.0,19.06,15.33,14.51,,,
12,141,global_mutex,GlobalMutex,100,write-heavy,1,285185.80744183937,328.0,808.0,344.1902,150.56431899027774,0.43744510735714653,0,100,900,1790614479.4017751,2766.810875,3150.802,performance,,32861572.0,31990524.0,29914652.0,0.0,0.0,19.06,15.33,14.51,,,
12,142,thread_local,ThreadLocal,1500,read-heavy,1,290963.88695251226,1968.0,27472.0,4988.836633333333,6535.922239884744,1.310109494509086,0,100,900,1790614482.0742235,2300.0,2300.0,performance,,32861572.0,31992872.0,29917004.0,0.0,0.0,18.74,15.32,14.52,,,
12,143,sharded_2key,Sharded-2key,1000,read-heavy,1,313016.5612318608,1824.0,13749.0,3094.14528,3208.3071473565715,1.03689609149722,0,100,900,1790614489.7784755,2582.751,3200.0,performance,,32861572.0,31941048.0,29864892.0,0.0,0.0,18.44,15.32,14.52,,,
12,144,sharded_n,Sharded-N,750,write-heavy,1,292204.82702452363,1876.0,8824.0,2502.4960755555558,1865.7962389973497,0.7455740918926883,0,100,900,1790614495.5360978,2493.701,3096.612,performance,,32861572.0,31956024.0,29879804.0,0.0,0.0,15.6,14.81,14.36,,,
13,1,sharded_n,Sharded-N,250,mixed,1,295273.622447863,805.0,1776.0,829.1972977777777,358.0213827063466,0.43176863174281016,0,100,900,1790614500.4623494,2944.637,3282.231,performance,,32861572.0,31969944.0,29893712.0,0.0,0.0,14.35,14.57,14.29,,,
13,2,disabled,Disabled,500,mixed,1,311723.3490688786,1473.0,4046.0,1572.6973666666668,781.0039444629956,0.49660154649990546,0,100,900,1790614503.6407535,2389.215625,3013.725,performance,,32861572.0,31977644.0,29901392.0,0.0,0.0,14.35,14.57,14.29,,,
13,3,sharded_n,Sharded-N,1000,write-heavy,1,285528.6873540162,1985.0,14600.0,3405.407801111111,3351.0902676633987,0.9840496244150291,0,100,900,1790614507.5932684,2300.0,2300.0,performance,,32861572.0,31944764.0,29868404.0,0.0,0.0,14.4,14.57,14.29,,,
13,4,sharded_2key,Sharded-2key,100,mixed,1,298488.84351681586,314.0,685.0,326.9875666666667,135.36231249841737,0.41396776604783453,0,100,900,1790614513.4649594,2956.61675,3339.311,performance,,32861572.0,31974636.0,29898072.0,0.0,0.0,15.01,14.7,14.33,,,
13,5,global_mutex,GlobalMutex,1500,write-heavy,1,279946.4474473362,2060.0,27972.0,5190.6158118518515,6917.966155824666,1.3327833163896885,0,100,900,1790614516.1246367,2410.710625,3185.685,performance,,32861572.0,31990832.0,29914228.0,0.0,0.0,13.81,14.45,14.25,,,
13,6,sharded_2key,Sharded-2key,500,read-heavy,1,309608.4162812523,1475.0,4049.0,1581.2967044444445,780.2863437606229,0.49344714471833434,0,100,900,1790614523.8623137,2300.0,2300.0,performance,,32861572.0,31954648.0,29877808.0,0.0,0.0,13.34,14.35,14.22,,,
13,7,sharded_2key,Sharded-2key,750,write-heavy,1,295963.5586200005,1841.0,8655.0,2480.0119066666666,1860.0125926933517,0.7500014768853899,0,100,900,1790614527.9961221,2300.0,2300.0,performance,,32861572.0,31944180.0,29867328.0,0.0,0.0,13.56,14.37,14.23,,,
13,8,sharded_n,Sharded-N,750,read-heavy,1,307098.7230624448,1781.0,8674.0,2379.535434074074,1816.9381282801053,0.7635684269552023,0,100,900,1790614532.8871825,2300.0,2300.0,performance,,32861572.0,31957908.0,29881032.0,0.0,0.0,14.07,14.47,14.26,,,
13,9,disabled,Disabled,100,write-heavy,1,288674.7664123176,326.0,740.0,340.67766666666665,142.77633488127844,0.41909508268699286,0,100,900,1790614537.864387,2604.055125,3286.075,performance,,32861572.0,31949708.0,29872672.0,0.0,0.0,15.11,14.68,14.33,,,
13,10,global_mutex,GlobalMutex,500,write-heavy,1,294822.8160245648,1546.0,4364.0,1665.06954,848.9838656345279,0.5098789241166035,0,100,900,1790614540.5305324,2473.895625,3036.373,performance,,32861572.0,31976804.0,29899736.0,0.0,0.0,13.9,14.43,14.25,,,
13,11,disabled,Disabled,500,read-heavy,1,310565.1054183609,1462.0,4292.0,1578.266851111111,812.9383092398847,0.5150829269889121,0,100,900,1790614544.5657287,2389.0215,3012.172,performance,,32861572.0,31961848.0,29884720.0,0.0,0.0,13.9,14.43,14.25,,,
13,12,global_mutex,GlobalMutex,3000,read-heavy,1,284227.63687936706,2028.0,74294.0,10121.234895925925,17759.976577429552,1.7547242762420652,0,100,900,1790614548.690142,2718.206,3205.272,performance,,32861572.0,31952456.0,29875260.0,0.0,0.0,12.87,14.21,14.18,,,
13,13,sharded_n,Sharded-N,2000,write-heavy,1,273156.4021386171,2132.0,45111.0,7051.195068888889,10792.07529565853,1.5305313766279223,0,100,900,1790614561.8931384,2300.0,2300.0,performance,,32861572.0,31959044.0,29881332.0,0.0,0.0,13.05,14.21,14.18,,,
13,14,sharded_2key,Sharded-2key,500,mixed,1,304508.3078199751,1489.0,4328.0,1610.13956,831.542944639683,0.5164415341982425,0,100,900,1790614571.615478,2300.0,2300.0,performance,,32861572.0,31966988.0,29889108.0,0.0,0.0,11.93,13.94,14.1,,,
13,15,sharded_n,Sharded-N,750,write-heavy,1,288204.7534454532,1880.0,9096.0,2537.6094533333335,1928.3879725437846,0.7599230724848962,0,100,900,1790614575.597295,2300.0,2300.0,performance,,32861572.0,31963316.0,29885428.0,0.0,0.0,10.97,13.7,14.02,,,
13,16,sharded_n,Sharded-N,100,read-heavy,1,291050.4922931511,322.0,748.0,336.9817444444444,144.10745666439263,0.42764173145928536,0,100,900,1790614580.5403297,2300.0,2300.0,performance,,32861572.0,31967824.0,29889796.0,0.0,0.0,10.09,13.48,13.94,,,
13,17,sharded_2key,Sharded-2key,1500,write-heavy,1,280639.45395894133,2056.0,28228.0,5171.765959259259,6915.664071459692,1.3371958680918747,0,100,900,1790614583.374261,2397.822875,3082.583,performance,,32861572.0,31987468.0,29909412.0,0.0,0.0,10.09,13.48,13.94,,,
13,18,sharded_n,Sharded-N,1000,read-heavy,1,292573.7772103044,1906.0,15060.0,3326.2453088888888,3372.7017849417957,1.0139666415849604,0,100,900,1790614591.090109,3041.7605,3392.865,performance,,32861572.0,31942896.0,29864628.0,0.0,0.0,8.98,13.13,13.83,,,
13,19,hdr_histogram,HdrHistogram,250,write-heavy,1,314806.9829611896,761.0,1604.0,779.1547822222223,330.90588278748737,0.4246985199060357,0,100,900,1790614597.0414867,3014.819375,3208.824,performance,,32861572.0,31952836.0,29874508.0,0.0,0.0,8.58,12.98,13.77,,,
13,20,thread_local,ThreadLocal,3000,mixed,1,272700.0017905482,2128.0,75462.0,10533.833884074074,17790.30834152358,1.6888730672334267,0,100,900,1790614600.1768706,2397.722125,3081.777,performance,,32861572.0,31961828.0,29883488.0,0.0,0.0,7.89,12.76,13.7,,,
13,21,thread_local,ThreadLocal,3000,write-heavy,1,266521.22486288176,2198.0,78217.0,10800.091007037037,18307.603901894385,1.6951342252547374,0,100,900,1790614613.636095,2554.625375,2994.057,performance,,32861572.0,31965128.0,29886268.0,0.0,0.0,9.94,13.05,13.78,,,
13,22,global_mutex,GlobalMutex,250,read-heavy,1,317182.7964985134,760.0,1574.0,775.7205466666667,319.90709778075455,0.41239992824145366,0,100,900,1790614627.3330765,2300.0,2300.0,performance,,32861572.0,31984812.0,29905568.0,0.0,0.0,12.71,13.53,13.93,,,
13,23,sharded_n,Sharded-N,100,write-heavy,1,285374.9160522122,328.0,792.0,343.7653888888889,146.41664185237445,0.42592025429208913,0,100,900,1790614630.647975,2387.184375,2997.475,performance,,32861572.0,31968188.0,29889052.0,0.0,0.0,11.69,13.31,13.86,,,
13,24,thread_local,ThreadLocal,2000,read-heavy,1,284117.6697826662,2053.0,41997.0,6764.0603644444445,10170.297740657052,1.5035787962682343,0,100,900,1790614633.3192363,2300.0,2300.0,performance,,32861572.0,31972456.0,29893280.0,0.0,0.0,11.69,13.31,13.86,,,
13,25,sharded_n,Sharded-N,1500,write-heavy,1,280144.4243865602,2062.0,28306.0,5152.611783703704,6986.22188919883,1.3558603253003323,0,100,900,1790614642.9290907,2871.676875,3400.382,performance,,32861572.0,31943164.0,29863672.0,0.0,0.0,13.94,13.74,13.99,,,
13,26,sharded_n,Sharded-N,2000,mixed,1,278389.44423840224,2077.0,41410.0,6932.856663888889,10359.301980214883,1.4942328224054149,0,100,900,1790614650.6654727,2681.967,3195.861,performance,,32861572.0,31953236.0,29873596.0,0.0,0.0,12.68,13.48,13.91,,,
13,27,disabled,Disabled,1500,mixed,1,282170.0402825761,2035.0,29056.0,5152.91024962963,6988.091565987394,1.3561446304036964,0,100,900,1790614660.240289,2300.0,2300.0,performance,,32861572.0,31994408.0,29914584.0,0.0,0.0,12.13,13.35,13.86,,,
13,28,sharded_2key,Sharded-2key,100,read-heavy,1,293446.72045053804,320.0,695.0,334.3264888888889,142.6039403512898,0.4265409564920333,0,100,900,1790614667.934515,2300.0,2300.0,performance,,32861572.0,31952784.0,29872644.0,0.0,0.0,12.52,13.41,13.88,,,
13,29,sharded_2key,Sharded-2key,3000,mixed,1,264916.8519267251,2228.0,78204.0,10868.577097037038,18537.054320796957,1.7055640453478016,0,100,900,1790614670.7654204,2688.07325,3168.089,performance,,32861572.0,31970696.0,29890516.0,0.0,0.0,11.52,13.19,13.8,,,
13,30,disabled,Disabled,1500,read-heavy,1,291117.425689594,1924.0,26952.0,4977.148274814815,6600.338077597712,1.3261284802376703,0,100,900,1790614684.515227,2966.523625,3115.246,performance,,32861572.0,31983764.0,29903216.0,0.0,0.0,11.78,13.2,13.8,,,
13,31,disabled,Disabled,750,write-heavy,1,295464.05267200107,1845.0,8871.0,2478.7112592592594,1878.411192508364,0.7578176705703553,0,100,900,1790614692.2157602,2398.627875,3089.023,performance,,32861572.0,31950332.0,29869628.0,0.0,0.0,14.44,13.7,13.96,,,
13,32,sharded_2key,Sharded-2key,500,write-heavy,1,295038.06361457304,1545.0,4439.0,1661.9911622222223,855.6232722577136,0.5148181841795555,0,100,900,1790614697.115102,2300.0,2300.0,performance,,32861572.0,31953392.0,29872700.0,0.0,0.0,16.33,14.11,14.09,,,
13,33,thread_local,ThreadLocal,500,mixed,1,316072.31604228774,1453.0,3854.0,1549.92566,757.9939113429758,0.4890517854533589,0,100,900,1790614701.1558323,2709.598125,3266.407,performance,,32861572.0,31977824.0,29897080.0,0.0,0.0,15.02,13.87,14.01,,,
13,34,disabled,Disabled,1000,mixed,1,290559.5120567221,1914.0,14416.0,3347.6859422222224,3323.160604991646,0.9926739432390433,0,100,900,1790614705.0936215,2881.012375,3492.487,performance,,32861572.0,31951400.0,29870604.0,0.0,0.0,13.82,13.64,13.93,,,
13,35,disabled,Disabled,750,mixed,1,294525.16940822673,1849.0,8532.0,2481.4743259259258,1855.8167955417694,0.7478686263857671,0,100,900,1790614710.897415,2300.0,2300.0,performance,,32861572.0,31932548.0,29851604.0,0.0,0.0,12.71,13.42,13.86,,,
13,36,hdr_histogram,HdrHistogram,250,mixed,1,305909.0401739221,778.0,1715.0,802.6556444444444,358.3853438185447,0.44649949987780874,0,100,900,1790614715.7987723,2398.144,3085.152,performance,,32861572.0,31943272.0,29862152.0,0.0,0.0,11.69,13.19,13.78,,,
13,37,global_mutex,GlobalMutex,500,mixed,1,299198.64430301747,1534.0,4228.0,1639.9872666666668,814.9745447784119,0.49693955638745724,0,100,900,1790614718.9581425,2494.3415,3118.727,performance,,32861572.0,31977524.0,29896452.0,0.0,0.0,11.69,13.19,13.78,,,
13,38,global_mutex,GlobalMutex,1500,mixed,1,278836.6759472304,2060.0,27922.0,5201.20216962963,6994.379347038023,1.3447620605634107,0,100,900,1790614722.9736502,2415.217375,3221.739,performance,,32861572.0,31962636.0,29881492.0,0.0,0.0,11.48,13.12,13.76,,,
13,39,global_mutex,GlobalMutex,3000,mixed,1,264604.4787827274,2202.0,77078.0,10866.545772222222,18261.504912425433,1.6805252833063742,0,100,900,1790614730.7316854,2389.361375,3014.891,performance,,32861572.0,31941184.0,29859752.0,0.0,0.0,11.19,13.02,13.72,,,
13,40,hdr_histogram,HdrHistogram,1000,read-heavy,1,295263.0079684695,1928.0,14202.0,3289.1525833333335,3236.4642184038967,0.9839811733890312,0,100,900,1790614744.4984558,3114.40725,3226.99,performance,,32861572.0,31972032.0,29890236.0,0.0,0.0,13.82,13.54,13.88,,,
13,41,global_mutex,GlobalMutex,100,write-heavy,1,283172.3749566089,331.0,787.0,346.5428333333333,147.52979593282186,0.42571879070116453,0,100,900,1790614750.426636,2406.198,3149.584,performance,,32861572.0,31957588.0,29875768.0,0.0,0.0,14.72,13.76,13.95,,,
13,42,sharded_2key,Sharded-2key,2000,mixed,1,277393.8174319569,2090.0,42706.0,6970.365541666667,10691.87746631188,1.5339048436411518,0,100,900,1790614753.1005952,2499.45,3142.547,performance,,32861572.0,31960996.0,29879152.0,0.0,0.0,14.72,13.76,13.95,,,
13,43,global_mutex,GlobalMutex,100,mixed,1,291992.9119693929,322.0,739.0,335.59835555555554,142.07190799745737,0.4233391065408202,0,100,900,1790614762.719374,2530.8755,3299.645,performance,,32861572.0,31979988.0,29897780.0,0.0,0.0,15.89,14.04,14.04,,,
13,44,hdr_histogram,HdrHistogram,2000,read-heavy,1,280981.00283693406,2044.0,44443.0,6855.2103027777775,10501.211573387183,1.531858412736371,0,100,900,1790614765.3820207,2300.0,2300.0,performance,,32861572.0,31991188.0,29908932.0,0.0,0.0,14.62,13.8,13.96,,,
13,45,sharded_2key,Sharded-2key,1500,mixed,1,285059.6815994213,1984.0,28353.0,5083.115989629629,6685.208812782585,1.3151792771247952,0,100,900,1790614775.063473,2300.0,2300.0,performance,,32861572.0,31953936.0,29871388.0,0.0,0.0,14.57,13.81,13.96,,,
13,46,thread_local,ThreadLocal,2000,write-heavy,1,290011.9957597359,2010.0,39089.0,6651.974333333334,9860.006743421345,1.482267707199714,0,100,900,1790614782.7116077,2998.9085,3159.98,performance,,32861572.0,31966764.0,29884124.0,0.0,0.0,13.37,13.57,13.88,,,
13,47,thread_local,ThreadLocal,750,read-heavy,1,300739.7199992733,1766.0,8808.0,2439.143085925926,1891.8676535923014,0.7756279918585126,0,100,900,1790614792.0394502,2896.282,3183.969,performance,,32861572.0,31959440.0,29876580.0,0.0,0.0,11.98,13.27,13.78,,,
13,48,hdr_histogram,HdrHistogram,100,read-heavy,1,293806.20575966133,321.0,713.0,334.4587222222222,136.5375905572735,0.40823450394741007,0,100,900,1790614797.0484247,2300.0,2300.0,performance,,32861572.0,31947084.0,29864112.0,0.0,0.0,11.02,13.05,13.71,,,
13,49,hdr_histogram,HdrHistogram,500,mixed,1,291597.7237578422,1557.0,4545.0,1680.44498,870.8449369774415,0.518222820349311,0,100,900,1790614799.889368,2300.0,2300.0,performance,,32861572.0,31973992.0,29890996.0,0.0,0.0,11.02,13.05,13.71,,,
13,50,thread_local,ThreadLocal,500,write-heavy,1,294126.8424635657,1539.0,4315.0,1664.0027844444444,862.0522176908173,0.518059360086124,0,100,900,1790614803.9503307,2300.0,2300.0,performance,,32861572.0,31942152.0,29859172.0,0.0,0.0,10.13,12.83,13.63,,,
13,51,sharded_n,Sharded-N,1500,read-heavy,1,282768.28483568545,2041.0,27450.0,5114.150548148148,6861.624973111524,1.341693974104095,0,100,900,1790614808.000377,2300.0,2300.0,performance,,32861572.0,31962472.0,29879380.0,0.0,0.0,10.84,12.93,13.66,,,
13,52,global_mutex,GlobalMutex,2000,mixed,1,276652.0784639266,2082.0,41369.0,6957.6742677777775,10301.62173495212,1.4806128223996853,0,100,900,1790614815.8682075,2763.707625,3138.99,performance,,32861572.0,31967804.0,29884508.0,0.0,0.0,10.21,12.73,13.59,,,
13,53,global_mutex,GlobalMutex,1000,read-heavy,1,299570.7600364817,1885.0,14063.0,3235.6358777777778,3228.256218949516,0.997719255470325,0,100,900,1790614825.5068278,2388.956125,3011.649,performance,,32861572.0,31982292.0,29898656.0,0.0,0.0,9.6,12.53,13.52,,,
13,54,thread_local,ThreadLocal,750,mixed,1,294264.8813061502,1857.0,8668.0,2489.6705407407408,1854.5400740009923,0.744893769538366,0,100,900,1790614831.3746583,2411.953375,3195.627,performance,,32861572.0,31945516.0,29861820.0,0.0,0.0,8.83,12.32,13.44,,,
13,55,sharded_n,Sharded-N,3000,read-heavy,1,267170.40658627846,2190.0,76852.0,10782.861003333333,18634.50730286617,1.7281598359754093,0,100,900,1790614836.272171,2300.0,2300.0,performance,,32861572.0,31965784.0,29882020.0,0.0,0.0,8.12,12.12,13.37,,,
13,56,hdr_histogram,HdrHistogram,1500,write-heavy,1,277486.15843852796,2101.0,29252.0,5226.937928888889,6989.812968781617,1.3372672612294576,0,100,900,1790614850.0836089,2831.771125,3083.361,performance,,32861572.0,31985164.0,29900920.0,0.0,0.0,13.75,13.22,13.72,,,
13,57,global_mutex,GlobalMutex,1000,mixed,1,293531.3943591984,1946.0,13956.0,3309.394312222222,3253.5653352616387,0.9831301526220685,0,100,900,1790614857.8748121,2415.732375,3225.859,performance,,32861572.0,31970088.0,29885740.0,0.0,0.0,12.43,12.95,13.63,,,
13,58,disabled,Disabled,2000,mixed,1,281485.3744635951,2041.0,43054.0,6840.378570555556,10367.166646763888,1.5155837560496155,0,100,900,1790614863.659213,2686.02375,3192.541,performance,,32861572.0,31954716.0,29870284.0,0.0,0.0,12.96,13.05,13.65,,,
13,59,sharded_n,Sharded-N,2000,read-heavy,1,282588.6209285499,2061.0,42171.0,6836.560771666666,10286.628068096035,1.5046495469955847,0,100,900,1790614873.162636,2711.3255,3285.906,performance,,32861572.0,31962100.0,29877312.0,0.0,0.0,13.9,13.26,13.72,,,
13,60,hdr_histogram,HdrHistogram,2000,mixed,1,278987.3055419422,2063.0,43811.0,6902.924661666667,10597.474438020083,1.5352151381384758,0,100,900,1790614882.8375444,2300.0,2300.0,performance,,32861572.0,31965980.0,29880988.0,0.0,0.0,16.56,13.88,13.91,,,
13,61,thread_local,ThreadLocal,100,mixed,1,292265.05053705996,318.0,793.0,335.3254888888889,145.546328968643,0.4340449318389578,0,100,900,1790614892.3985806,2521.352125,3197.251,performance,,32861572.0,31964044.0,29878876.0,0.0,0.0,17.67,14.2,14.02,,,
13,62,hdr_histogram,HdrHistogram,1000,mixed,1,287613.6439442532,1962.0,14921.0,3382.618827777778,3395.145543499762,1.0037032596221354,0,100,900,1790614895.0562038,2300.0,2300.0,performance,,32861572.0,31983508.0,29898308.0,0.0,0.0,17.67,14.2,14.02,,,
13,63,thread_local,ThreadLocal,1500,read-heavy,1,292304.5583664517,1962.0,27145.0,4954.727556296296,6654.625855115679,1.3430861292583507,0,100,900,1790614900.8951213,2300.0,2300.0,performance,,32861572.0,31938140.0,29852816.0,0.0,0.0,14.96,13.73,13.86,,,
13,64,sharded_2key,Sharded-2key,250,mixed,1,323368.64749873185,751.0,1464.0,759.0814266666666,294.0368184264813,0.3873587313520199,0,100,900,1790614908.5869925,2512.116125,3191.77,performance,,32861572.0,31941124.0,29855452.0,0.0,0.0,24.41,15.71,14.5,,,
13,65,global_mutex,GlobalMutex,1000,write-heavy,1,284505.22953045473,2023.0,15102.0,3423.604601111111,3409.1985668438524,0.9957921442614655,0,100,900,1790614911.6987998,2456.531,3123.931,performance,,32861572.0,31958556.0,29872936.0,0.0,0.0,22.45,15.45,14.43,,,
13,66,hdr_histogram,HdrHistogram,750,mixed,1,304529.77496766864,1797.0,8497.0,2400.2714192592593,1823.421778245239,0.7596731617993268,0,100,900,1790614917.5614288,2674.657875,3136.329,performance,,32861572.0,31940536.0,29854912.0,0.0,0.0,21.7,15.41,14.42,,,
13,67,disabled,Disabled,1000,write-heavy,1,292987.0526303174,1939.0,14672.0,3318.4929833333335,3385.7563335561513,1.020269245877764,0,100,900,1790614922.3864028,2300.0,2300.0,performance,,32861572.0,31945188.0,29859420.0,0.0,0.0,21.56,15.48,14.45,,,
13,68,thread_local,ThreadLocal,500,read-heavy,1,323318.5445299558,1429.0,3828.0,1519.2227866666667,745.9504136465548,0.49100791549029343,0,100,900,1790614928.170017,2300.0,2300.0,performance,,32861572.0,31904016.0,29818060.0,0.0,0.0,22.88,15.86,14.58,,,
13,69,disabled,Disabled,3000,read-heavy,1,278293.1574366988,2094.0,74719.0,10340.473104074073,17816.18681248659,1.722956641651835,0,100,900,1790614932.2409647,2520.598875,3246.111,performance,,32861572.0,31962724.0,29876740.0,0.0,0.0,22.25,15.84,14.58,,,
13,70,disabled,Disabled,1000,read-heavy,1,300762.8881737359,1864.0,14380.0,3220.2758055555555,3295.1003635841817,1.0232354501746528,0,100,900,1790614945.6272473,2300.0,2300.0,performance,,32861572.0,31983348.0,29896912.0,0.0,0.0,19.21,15.5,14.49,,,
13,71,global_mutex,GlobalMutex,250,mixed,1,307525.0195487846,777.0,1718.0,798.17552,352.9033750737999,0.4421375577564693,0,100,900,1790614951.4797106,2701.573875,3200.952,performance,,32861572.0,31973720.0,29887256.0,0.0,0.0,17.67,15.24,14.41,,,
13,72,hdr_histogram,HdrHistogram,3000,write-heavy,1,261854.76934728195,2256.0,78631.0,10996.195011851853,18545.039641436237,1.6864960671803413,0,100,900,1790614954.6276536,2402.68875,3121.51,performance,,32861572.0,31985552.0,29899080.0,0.0,0.0,17.67,15.24,14.41,,,
13,73,hdr_histogram,HdrHistogram,1500,read-heavy,1,289169.2110262136,1924.0,28145.0,5029.3133940740745,6692.045647906587,1.3306082010700848,0,100,900,1790614968.5072408,2300.0,2300.0,performance,,32861572.0,31972648.0,29885632.0,0.0,0.0,21.2,16.2,14.74,,,
13,74,sharded_2key,Sharded-2key,3000,read-heavy,1,272415.8361568118,2141.0,74129.0,10595.07804,18041.642969561,1.7028324757446522,0,100,900,1790614976.2522786,2607.44725,3140.744,performance,,32861572.0,31923572.0,29836528.0,0.0,0.0,18.82,15.86,14.65,,,
13,75,disabled,Disabled,2000,write-heavy,1,273932.3336026315,2107.0,44650.0,7009.875105,10693.473815092342,1.5254870671611405,0,100,900,1790614989.8547862,2602.8805,3198.964,performance,,32861572.0,31976892.0,29889328.0,0.0,0.0,19.32,16.08,14.73,,,
13,76,sharded_2key,Sharded-2key,1000,write-heavy,1,288696.8049829322,1984.0,14723.0,3361.536362222222,3347.9010120152902,0.9959437147965527,0,100,900,1790614999.559002,2300.0,2300.0,performance,,32861572.0,31960600.0,29872828.0,0.0,0.0,17.31,15.75,14.63,,,
13,77,global_mutex,GlobalMutex,250,write-heavy,1,303748.6663762928,785.0,1708.0,808.0321688888889,346.7408000884425,0.4291175691250508,0,100,900,1790615005.3990889,2300.0,2300.0,performance,,32861572.0,31940336.0,29852532.0,0.0,0.0,17.01,15.75,14.65,,,
13,78,hdr_histogram,HdrHistogram,500,write-heavy,1,289509.85699421284,1564.0,4455.0,1692.9594288888889,873.4944665027067,0.515957117221641,0,100,900,1790615008.5587392,2501.31375,3121.389,performance,,32861572.0,31956188.0,29868384.0,0.0,0.0,17.01,15.75,14.65,,,
13,79,sharded_n,Sharded-N,750,mixed,1,291458.2524266814,1840.0,8857.0,2516.012645925926,1927.4476789126634,0.7660723335527343,0,100,900,1790615012.6324887,2449.088375,3492.707,performance,,32861572.0,31950540.0,29862712.0,0.0,0.0,17.01,15.77,14.66,,,
13,80,disabled,Disabled,750,read-heavy,1,317453.32281212445,1726.0,7987.0,2300.1196696296297,1701.358725024772,0.7396826989000657,0,100,900,1790615017.562967,2408.35275,3166.822,performance,,32861572.0,31956304.0,29868296.0,0.0,0.0,18.05,16.01,14.74,,,
13,81,thread_local,ThreadLocal,750,write-heavy,1,295860.6009201786,1864.0,8470.0,2473.8647125925927,1833.9093501173043,0.7413135167748847,0,100,900,1790615022.4655445,2401.6185,3112.948,performance,,32861572.0,31948992.0,29860780.0,0.0,0.0,18.12,16.06,14.77,,,
13,82,global_mutex,GlobalMutex,750,read-heavy,1,303903.2576682791,1840.0,8571.0,2416.5862385185187,1787.026494697002,0.7394838496608064,0,100,900,1790615027.359018,2300.0,2300.0,performance,,32861572.0,31973272.0,29885080.0,0.0,0.0,17.55,15.97,14.75,,,
13,83,sharded_n,Sharded-N,1000,mixed,1,286992.19654952164,1980.0,15297.0,3398.0972888888887,3469.522648216213,1.021019221421609,0,100,900,1790615032.3545334,2300.0,2300.0,performance,,32861572.0,31972092.0,29883704.0,0.0,0.0,18.55,16.2,14.83,,,
13,84,disabled,Disabled,100,read-heavy,1,292641.0967584815,318.0,773.0,335.4773,145.66462621786917,0.4342011403390607,0,100,900,1790615038.2028787,2399.590625,3096.725,performance,,32861572.0,31954540.0,29866088.0,0.0,0.0,17.86,16.1,14.8,,,
13,85,disabled,Disabled,1500,write-heavy,1,282429.1671916502,2028.0,28524.0,5133.35447037037,6844.62962632835,1.3333639174608787,0,100,900,1790615041.0314424,2300.0,2300.0,performance,,32861572.0,31978704.0,29890236.0,0.0,0.0,16.43,15.83,14.72,,,
13,86,hdr_histogram,HdrHistogram,100,write-heavy,1,290237.6552347386,325.0,705.0,338.45081111111114,133.88875616387435,0.395592954037624,0,100,900,1790615048.719368,2428.050625,3324.405,performance,,32861572.0,31943792.0,29855084.0,0.0,0.0,18.32,16.24,14.86,,,
13,87,thread_local,ThreadLocal,250,mixed,1,307278.64613236097,779.0,1663.0,798.6088222222222,336.9650897642365,0.42194010432616036,0,100,900,1790615051.3867376,2393.8415,3050.732,performance,,32861572.0,31964432.0,29875712.0,0.0,0.0,16.85,15.97,14.78,,,
13,88,sharded_2key,Sharded-2key,2000,read-heavy,1,284775.5660033031,2030.0,39385.0,6763.706930555555,10106.079967052507,1.4941629007308892,0,100,900,1790615054.5352204,2795.746625,3199.059,performance,,32861572.0,31967316.0,29878588.0,0.0,0.0,16.85,15.97,14.78,,,
13,89,hdr_histogram,HdrHistogram,2000,write-heavy,1,274262.05636759545,2108.0,44334.0,7022.245990555555,10594.12790668914,1.5086523486840997,0,100,900,1790615064.1390445,2790.435625,3167.225,performance,,32861572.0,31963296.0,29874156.0,0.0,0.0,16.27,15.87,14.76,,,
13,90,thread_local,ThreadLocal,100,read-heavy,1,293875.38521879364,316.0,770.0,332.9505555555556,142.87988866467788,0.42913245309433695,0,100,900,1790615073.8405344,2468.95175,3016.805,performance,,32861572.0,31943908.0,29854596.0,0.0,0.0,15.73,15.76,14.74,,,
13,91,global_mutex,GlobalMutex,2000,write-heavy,1,271804.62931855215,2128.0,44583.0,7101.814716666667,10795.991860420454,1.520173686745759,0,100,900,1790615076.6701784,2633.640125,3229.098,performance,,32861572.0,31964700.0,29875356.0,0.0,0.0,14.47,15.5,14.66,,,
13,92,global_mutex,GlobalMutex,3000,write-heavy,1,262779.21441921045,2256.0,78729.0,10967.874413333333,18686.807171990473,1.7037765448219806,0,100,900,1790615086.4395037,2485.0975,3084.347,performance,,32861572.0,31962588.0,29873060.0,0.0,0.0,14.68,15.53,14.68,,,
13,93,sharded_n,Sharded-N,500,read-heavy,1,316579.6910280004,1454.0,3928.0,1548.5930377777777,764.0131107147677,0.49335951542900014,0,100,900,1790615100.2734485,2524.880875,3203.815,performance,,32861572.0,31983128.0,29893196.0,0.0,0.0,12.91,15.1,14.55,,,
13,94,hdr_histogram,HdrHistogram,750,write-heavy,1,289532.4956539135,1851.0,8916.0,2527.8088903703706,1916.9073598597145,0.7583276438191703,0,100,900,1790615104.3770661,2402.457125,3119.657,performance,,32861572.0,31974972.0,29885104.0,0.0,0.0,12.91,15.1,14.55,,,
13,95,thread_local,ThreadLocal,1500,mixed,1,285291.48108263867,1987.0,27722.0,5071.921125185185,6728.756829298964,1.3266682709016466,0,100,900,1790615109.3305986,2412.80725,3202.458,performance,,32861572.0,31928540.0,29838460.0,0.0,0.0,12.44,14.97,14.51,,,
13,96,sharded_n,Sharded-N,250,write-heavy,1,312046.78801247216,766.0,1592.0,787.7329422222223,329.1739649252114,0.41787507831854803,0,100,900,1790615116.9822974,2656.16175,3326.869,performance,,32861572.0,31954428.0,29864132.0,0.0,0.0,11.7,14.74,14.44,,,
13,97,sharded_2key,Sharded-2key,2000,write-heavy,1,276436.249594482,2088.0,42442.0,6980.870110555556,10542.893754591212,1.5102549664474678,0,100,900,1790615120.122978,2300.0,2300.0,performance,,32861572.0,31966284.0,29875968.0,0.0,0.0,11.7,14.74,14.44,,,
13,98,hdr_histogram,HdrHistogram,750,read-heavy,1,300320.3926063666,1834.0,8255.0,2441.4160266666668,1787.2965355626748,0.7320737293606286,0,100,900,1790615129.7594137,2300.0,2300.0,performance,,32861572.0,31979236.0,29888624.0,0.0,0.0,11.19,14.52,14.37,,,
13,99,global_mutex,GlobalMutex,500,read-heavy,1,314504.74585425016,1475.0,3781.0,1558.75642,746.2983483376424,0.47877804303615473,0,100,900,1790615134.7903717,2300.0,2300.0,performance,,32861572.0,31919600.0,29829024.0,0.0,0.0,10.37,14.29,14.3,,,
13,100,hdr_histogram,HdrHistogram,500,read-heavy,1,323329.7069176363,1438.0,3627.0,1514.3106955555556,718.5868151196895,0.4745306344521732,0,100,900,1790615138.9025764,2418.82175,3250.574,performance,,32861572.0,31966588.0,29875920.0,0.0,0.0,9.62,14.07,14.23,,,
13,101,thread_local,ThreadLocal,100,write-heavy,1,291853.14042069914,325.0,670.0,335.9399111111111,134.0132514422386,0.39892030392874084,0,100,900,1790615142.9829805,2300.0,2300.0,performance,,32861572.0,31947468.0,29856792.0,0.0,0.0,10.13,14.11,14.24,,,
13,102,sharded_2key,Sharded-2key,1500,read-heavy,1,289891.6813483865,1970.0,28008.0,5007.174365185185,6650.269046918617,1.3281480855066377,0,100,900,1790615145.6473749,2789.25375,3224.375,performance,,32861572.0,31965540.0,29874836.0,0.0,0.0,9.32,13.87,14.16,,,
13,103,sharded_2key,Sharded-2key,1000,read-heavy,1,298912.2813241445,1916.0,14233.0,3253.3288744444444,3223.4146337640814,0.9908050363689496,0,100,900,1790615153.3697548,2414.441625,3215.533,performance,,32861572.0,31927224.0,29836256.0,0.0,0.0,10.98,14.14,14.25,,,
13,104,thread_local,ThreadLocal,1000,mixed,1,296959.72739973385,1910.0,14613.0,3271.869023333333,3315.6008312730323,1.013366002009196,0,100,900,1790615159.2401078,2300.0,2300.0,performance,,32861572.0,31958852.0,29867656.0,0.0,0.0,11.7,14.24,14.28,,,
13,105,sharded_n,Sharded-N,100,mixed,1,291831.74615774327,322.0,729.0,336.7251888888889,139.64725232813842,0.41472172838907695,0,100,900,1790615164.9790235,2392.199375,3037.595,performance,,32861572.0,31948728.0,29857484.0,0.0,0.0,10.84,14.02,14.21,,,
13,106,global_mutex,GlobalMutex,750,write-heavy,1,298855.27961332083,1809.0,8988.0,2448.805785185185,1914.5205852255879,0.7818180587485042,0,100,900,1790615167.6462536,2300.0,2300.0,performance,,32861572.0,31981060.0,29889788.0,0.0,0.0,9.97,13.78,14.13,,,
13,107,hdr_histogram,HdrHistogram,100,mixed,1,292149.6629617036,322.0,699.0,334.3260333333333,134.4666568949634,0.4022021723952798,0,100,900,1790615172.511224,2489.531875,3059.85,performance,,32861572.0,31959508.0,29868084.0,0.0,0.0,10.3,13.79,14.13,,,
13,108,disabled,Disabled,2000,read-heavy,1,286143.96958217875,1980.0,40721.0,6731.419214444444,10175.837506974283,1.511692732661594,0,100,900,1790615175.1748798,2672.56875,3181.903,performance,,32861572.0,31995380.0,29904008.0,0.0,0.0,9.47,13.56,14.05,,,
13,109,global_mutex,GlobalMutex,1500,read-heavy,1,281150.8738163952,2046.0,27706.0,5150.937027407407,6837.571279456134,1.3274422193621054,0,100,900,1790615184.7375534,2895.536,3266.903,performance,,32861572.0,31956532.0,29864728.0,0.0,0.0,9.59,13.52,14.04,,,
13,110,thread_local,ThreadLocal,1000,write-heavy,1,285534.0146752548,2002.0,15262.0,3405.4996877777776,3428.7890164850983,1.0068387405204897,0,100,900,1790615192.6276999,2394.62875,3057.03,performance,,32861572.0,31959488.0,29867580.0,0.0,0.0,9.07,13.27,13.95,,,
13,111,sharded_n,Sharded-N,3000,write-heavy,1,260950.16064519077,2265.0,79207.0,11035.337768888889,18836.636839746603,1.706937950993339,0,100,900,1790615198.4925096,2435.88825,3387.106,performance,,32861572.0,31968176.0,29876156.0,0.0,0.0,10.19,13.43,14.0,,,
13,112,hdr_histogram,HdrHistogram,250,read-heavy,1,311153.6717705632,768.0,1677.0,788.6438844444444,339.74753799630764,0.4307996862685885,0,100,900,1790615212.4309628,2300.0,2300.0,performance,,32861572.0,31978804.0,29886376.0,0.0,0.0,12.59,13.82,14.12,,,
13,113,sharded_2key,Sharded-2key,750,mixed,1,295874.51602868474,1820.0,8878.0,2472.2960162962963,1894.0456743402344,0.766107966786951,0,100,900,1790615215.7446637,2887.122375,3197.399,performance,,32861572.0,31984516.0,29892096.0,0.0,0.0,11.58,13.59,14.04,,,
13,114,sharded_n,Sharded-N,1500,mixed,1,282444.35762676754,2038.0,28586.0,5136.504775555555,6817.028738018604,1.3271726662185934,0,100,900,1790615220.6346014,2511.056,3274.868,performance,,32861572.0,31937296.0,29844828.0,0.0,0.0,10.66,13.36,13.96,,,
13,115,disabled,Disabled,3000,write-heavy,1,267562.2447228386,2187.0,77439.0,10767.199418518518,18242.496550118376,1.6942656898081674,0,100,900,1790615228.3244634,2388.17475,3005.398,performance,,32861572.0,31954384.0,29861656.0,0.0,0.0,11.32,13.45,13.99,,,
13,116,sharded_n,Sharded-N,500,mixed,1,298326.50386511587,1516.0,4343.0,1642.9820066666666,852.2671752405797,0.5187318983302113,0,100,900,1790615241.95179,2712.315375,3181.18,performance,,32861572.0,31983520.0,29890344.0,0.0,0.0,10.29,13.13,13.88,,,
13,117,disabled,Disabled,500,write-heavy,1,299127.41959209176,1504.0,4501.0,1639.8773333333334,871.5055016931533,0.5314455441137589,0,100,900,1790615245.9743273,2300.0,2300.0,performance,,32861572.0,31986400.0,29893368.0,0.0,0.0,9.46,12.91,13.8,,,
13,118,thread_local,ThreadLocal,3000,read-heavy,1,268725.51827920263,2146.0,80309.0,10696.939671111111,18540.7100935101,1.7332723810327184,0,100,900,1790615249.988159,2300.0,2300.0,performance,,32861572.0,31976356.0,29883272.0,0.0,0.0,9.46,12.91,13.8,,,
13,119,thread_local,ThreadLocal,1000,read-heavy,1,297180.173530814,1869.0,14651.0,3259.777343333333,3248.7058862195945,0.9966036155394535,0,100,900,1790615263.7357342,2510.659125,3195.776,performance,,32861572.0,31984896.0,29891348.0,0.0,0.0,10.96,13.06,13.83,,,
13,120,hdr_histogram,HdrHistogram,1000,write-heavy,1,282313.2756962487,2017.0,15187.0,3438.4712066666666,3417.3095323372036,0.9938456153745205,0,100,900,1790615269.6351423,2300.0,2300.0,performance,,32861572.0,31959720.0,29866044.0,0.0,0.0,10.96,13.02,13.82,,,
13,121,hdr_histogram,HdrHistogram,3000,read-heavy,1,267340.8272522515,2194.0,78153.0,10793.116157407407,18355.610705844767,1.7006775835769317,0,100,900,1790615275.5399487,2387.68125,3001.45,performance,,32861572.0,31926804.0,29833020.0,0.0,0.0,10.75,12.92,13.78,,,
13,122,hdr_histogram,HdrHistogram,3000,mixed,1,265656.1847922604,2216.0,78061.0,10834.417207777778,18488.261790398446,1.70643805161261,0,100,900,1790615289.364089,2591.370125,3130.469,performance,,32861572.0,31969836.0,29875544.0,0.0,0.0,13.61,13.46,13.95,,,
13,123,thread_local,ThreadLocal,250,write-heavy,1,299445.0947016672,782.0,1847.0,815.7944444444445,372.9635938199694,0.4571783938464516,0,100,900,1790615303.0799797,2300.0,2300.0,performance,,32861572.0,31964332.0,29869708.0,0.0,0.0,13.74,13.49,13.95,,,
13,124,disabled,Disabled,3000,mixed,1,269176.42831137375,2171.0,75487.0,10662.100126666666,18315.31877757215,1.7177965466450875,0,100,900,1790615306.2491307,2300.0,2300.0,performance,,32861572.0,31969716.0,29875084.0,0.0,0.0,12.64,13.27,13.87,,,
13,125,sharded_n,Sharded-N,250,read-heavy,1,312201.96636592713,760.0,1693.0,785.2066933333333,351.1937273456151,0.4472627784854192,0,100,900,1790615319.8301117,2300.0,2300.0,performance,,32861572.0,31993924.0,29898840.0,0.0,0.0,15.4,13.84,14.05,,,
13,126,sharded_2key,Sharded-2key,250,read-heavy,1,316597.3563760525,756.0,1636.0,775.9997333333333,336.42108576492063,0.4335324759968826,0,100,900,1790615323.1351469,2393.9655,3051.724,performance,,32861572.0,31999160.0,29904244.0,0.0,0.0,14.25,13.62,13.98,,,
13,127,disabled,Disabled,100,mixed,1,292806.5769042078,320.0,742.0,334.5622222222222,140.98436604212642,0.42139953849446304,0,100,900,1790615326.4260674,2300.0,2300.0,performance,,32861572.0,31980416.0,29885472.0,0.0,0.0,13.11,13.4,13.91,,,
13,128,sharded_2key,Sharded-2key,750,read-heavy,1,300674.96183599526,1818.0,8727.0,2431.856231111111,1833.2586631781617,0.7538515804203396,0,100,900,1790615329.0887423,2464.9555,3073.803,performance,,32861572.0,31992844.0,29897872.0,0.0,0.0,13.11,13.4,13.91,,,
13,129,sharded_2key,Sharded-2key,3000,write-heavy,1,262436.24290081166,2224.0,81622.0,10984.506736666666,18911.701974198866,1.721670569973884,0,100,900,1790615334.1108236,2407.845125,3162.761,performance,,32861572.0,31963640.0,29868588.0,0.0,0.0,14.14,13.61,13.97,,,
13,130,thread_local,ThreadLocal,2000,mixed,1,279151.875010408,2074.0,40865.0,6901.465778333333,10396.663040849415,1.5064427434370546,0,100,900,1790615347.964412,2300.0,2300.0,performance,,32861572.0,31969892.0,29874288.0,0.0,0.0,15.53,13.91,14.06,,,
13,131,sharded_n,Sharded-N,3000,mixed,1,264108.5477656367,2220.0,77141.0,10922.569612222222,18500.46139437683,1.6937828781310802,0,100,900,1790615357.5129735,2391.32325,3030.586,performance,,32861572.0,31988612.0,29892848.0,0.0,0.0,17.43,14.39,14.22,,,
13,132,disabled,Disabled,250,read-heavy,1,312770.75173885806,758.0,1752.0,782.9713511111111,347.3282250182632,0.4436027250874139,0,100,900,1790615371.2978177,2401.6295,3113.036,performance,,32861572.0,31980996.0,29884856.0,0.0,0.0,18.59,14.86,14.38,,,
13,133,global_mutex,GlobalMutex,100,read-heavy,1,289334.92560986883,326.0,712.0,338.70401111111113,136.30120314827116,0.4024198080829868,0,100,900,1790615374.5943708,2607.341375,3164.666,performance,,32861572.0,31978148.0,29882036.0,0.0,0.0,18.59,14.86,14.38,,,
13,134,thread_local,ThreadLocal,1500,write-heavy,1,285628.98245243717,2013.0,27716.0,5065.515675555555,6782.04137281139,1.338864946275697,0,100,900,1790615377.4296303,2803.137625,3202.299,performance,,32861572.0,31987916.0,29891780.0,0.0,0.0,17.99,14.79,14.36,,,
13,135,thread_local,ThreadLocal,250,read-heavy,1,310808.6982076881,759.0,1743.0,786.3289866666667,357.5644791089727,0.4547263107070834,0,100,900,1790615385.070907,2745.39125,3065.841,performance,,32861572.0,31939580.0,29843256.0,0.0,0.0,18.55,14.96,14.42,,,
13,136,sharded_n,Sharded-N,500,write-heavy,1,293697.768474761,1551.0,4356.0,1666.211531111111,859.7440820428334,0.5159873557407889,0,100,900,1790615388.3793755,2648.602125,3078.278,performance,,32861572.0,31964436.0,29868080.0,0.0,0.0,17.06,14.72,14.34,,,
13,137,disabled,Disabled,250,write-heavy,1,308625.61645755067,769.0,1709.0,794.6045111111112,349.216979687223,0.4394852719863193,0,100,900,1790615392.4341762,2300.0,2300.0,performance,,32861572.0,31972736.0,29876372.0,0.0,0.0,22.5,15.88,14.72,,,
13,138,sharded_2key,Sharded-2key,1000,mixed,1,294818.20660631795,1926.0,14340.0,3294.2229355555555,3280.2985006616354,0.9957730745106442,0,100,900,1790615395.5825617,2393.1165,3044.932,performance,,32861572.0,31958444.0,29862112.0,0.0,0.0,20.7,15.62,14.64,,,
13,139,global_mutex,GlobalMutex,2000,read-heavy,1,282602.82306994434,2040.0,41300.0,6822.366757222222,10232.902592904908,1.4999050852949616,0,100,900,1790615401.3495805,2391.933,3035.464,performance,,32861572.0,31928280.0,29831744.0,0.0,0.0,19.04,15.36,14.56,,,
13,140,disabled,Disabled,250,mixed,1,306660.1247293854,772.0,1728.0,799.4656,349.11174228160945,0.4366813810145295,0,100,900,1790615411.0034955,2300.0,2300.0,performance,,32861572.0,31972092.0,29875148.0,0.0,0.0,18.18,15.31,14.55,,,
13,141,sharded_2key,Sharded-2key,100,write-heavy,1,283042.0666931644,333.0,731.0,346.63202222222225,140.42217661591565,0.4051044554847631,0,100,900,1790615414.1481009,2405.719375,3145.755,performance,,32861572.0,31985160.0,29888216.0,0.0,0.0,18.18,15.31,14.55,,,
13,142,sharded_2key,Sharded-2key,250,write-heavy,1,306605.7484923102,781.0,1652.0,799.0662977777778,336.59846973024037,0.4212397277501612,0,100,900,1790615416.821419,2300.0,2300.0,performance,,32861572.0,31998316.0,29901340.0,0.0,0.0,16.72,15.06,14.48,,,
13,143,hdr_histogram,HdrHistogram,1500,mixed,1,282563.01038234157,2026.0,28623.0,5146.519787407407,6888.93503340319,1.3385618472232739,0,100,900,1790615419.974148,2300.0,2300.0,performance,,32861572.0,31978664.0,29881676.0,0.0,0.0,16.72,15.06,14.48,,,
13,144,global_mutex,GlobalMutex,750,mixed,1,292261.5730184736,1832.0,8798.0,2508.153268148148,1924.2661947122697,0.7672043886428913,0,100,900,1790615427.6657326,2399.174125,3093.393,performance,,32861572.0,31938648.0,29841468.0,0.0,0.0,15.11,14.76,14.38,,,
14,1,global_mutex,GlobalMutex,2000,write-heavy,1,274121.4123229982,2114.0,44862.0,7027.659893888889,10576.477890773995,1.5049786202617867,0,100,900,1790615432.5819237,2392.667625,3041.341,performance,,32861572.0,31955416.0,29858200.0,0.0,0.0,14.94,14.73,14.38,,,
14,2,sharded_2key,Sharded-2key,250,write-heavy,1,311111.7833583799,765.0,1599.0,785.7702044444444,337.19830020228306,0.4291309320397166,0,100,900,1790615442.2802823,2300.0,2300.0,performance,,32861572.0,31955352.0,29857776.0,0.0,0.0,16.81,15.13,14.51,,,
14,3,sharded_n,Sharded-N,1500,write-heavy,1,278374.57288149,2093.0,27911.0,5214.053305925926,6920.198480081234,1.3272205085084618,0,100,900,1790615445.424595,3077.85575,3315.837,performance,,32861572.0,31967500.0,29869952.0,0.0,0.0,15.46,14.88,14.43,,,
14,4,disabled,Disabled,1000,write-heavy,1,286985.0743916045,1941.0,15461.0,3381.5686966666667,3516.951452423976,1.040035488822321,0,100,900,1790615453.2031522,2649.965,3066.1,performance,,32861572.0,31944556.0,29846768.0,0.0,0.0,15.59,14.92,14.45,,,
14,5,hdr_histogram,HdrHistogram,1500,write-heavy,1,277683.2757597514,2073.0,28190.0,5225.688754814815,6981.263735033014,1.335950926775089,0,100,900,1790615459.0480113,2432.81325,3362.506,performance,,32861572.0,31966332.0,29868428.0,0.0,0.0,15.86,14.99,14.47,,,
14,6,disabled,Disabled,750,write-heavy,1,297772.91770418285,1801.0,8543.0,2459.7973525925927,1869.3281005074214,0.7599520743191203,0,100,900,1790615466.8296862,2814.4145,3192.252,performance,,32861572.0,31951852.0,29853740.0,0.0,0.0,14.67,14.77,14.41,,,
14,7,thread_local,ThreadLocal,500,mixed,1,310988.4821635393,1474.0,3996.0,1572.2789066666667,788.7303433726595,0.5016478565147319,0,100,900,1790615471.7037792,2400.038125,3100.305,performance,,32861572.0,31973700.0,29875652.0,0.0,0.0,13.5,14.52,14.33,,,
14,8,thread_local,ThreadLocal,1500,mixed,1,286533.7779589608,1987.0,28480.0,5054.1202392592595,6799.2254086757075,1.3452836669497625,0,100,900,1790615475.665437,2387.06125,2996.49,performance,,32861572.0,31979032.0,29880884.0,0.0,0.0,12.42,14.28,14.25,,,
14,9,global_mutex,GlobalMutex,250,write-heavy,1,304884.00186784135,787.0,1730.0,809.1894355555555,346.73853639819157,0.4285010668239081,0,100,900,1790615483.2835984,2397.88225,3083.058,performance,,32861572.0,31932028.0,29833552.0,0.0,0.0,13.1,14.4,14.29,,,
14,10,hdr_histogram,HdrHistogram,750,write-heavy,1,291019.9037630807,1858.0,8743.0,2510.767568888889,1887.7222559075592,0.751850660849084,0,100,900,1790615486.445598,2411.128875,3189.031,performance,,32861572.0,31961060.0,29862604.0,0.0,0.0,12.06,14.16,14.21,,,
14,11,global_mutex,GlobalMutex,250,read-heavy,1,313752.39103899244,760.0,1671.0,781.7283777777777,336.90005864223735,0.43096818309186175,0,100,900,1790615491.3859391,2377.60625,2920.85,performance,,32861572.0,31953840.0,29855236.0,0.0,0.0,11.09,13.92,14.14,,,
14,12,sharded_n,Sharded-N,250,write-heavy,1,314429.327435459,759.0,1627.0,778.5951511111111,325.33248068285303,0.4178455006026948,0,100,900,1790615494.6903765,2481.59575,3040.345,performance,,32861572.0,31969700.0,29871164.0,0.0,0.0,11.09,13.92,14.14,,,
14,13,sharded_2key,Sharded-2key,500,read-heavy,1,303986.6922462236,1491.0,4263.0,1609.958668888889,809.4533504464099,0.5027789632668354,0,100,900,1790615497.8273504,2300.0,2300.0,performance,,32861572.0,31969468.0,29870884.0,0.0,0.0,11.48,13.96,14.15,,,
14,14,thread_local,ThreadLocal,3000,write-heavy,1,266664.92521960294,2199.0,77246.0,10795.851504444445,18352.898183299767,1.699995426552897,0,100,900,1790615501.992847,2413.8315,3210.652,performance,,32861572.0,31964836.0,29866196.0,0.0,0.0,10.56,13.72,14.07,,,
14,15,global_mutex,GlobalMutex,1500,read-heavy,1,290395.60008797277,1947.0,27883.0,4990.749314074074,6703.040781449275,1.3430930627083357,0,100,900,1790615515.6804454,2735.94075,3145.923,performance,,32861572.0,31989428.0,29890256.0,0.0,0.0,12.38,13.99,14.15,,,
14,16,disabled,Disabled,1000,mixed,1,297530.4225154552,1891.0,14641.0,3265.8556033333334,3347.1824589775047,1.0249021590425382,0,100,900,1790615523.4174662,2370.887375,2867.099,performance,,32861572.0,31939540.0,29840228.0,0.0,0.0,12.75,14.04,14.17,,,
14,17,hdr_histogram,HdrHistogram,2000,mixed,1,281634.1790759071,1993.0,41390.0,6846.703484444444,10113.169008563358,1.477085875201146,0,100,900,1790615529.153521,2400.061375,3100.491,performance,,32861572.0,31956660.0,29857264.0,0.0,0.0,13.17,14.11,14.19,,,
14,18,hdr_histogram,HdrHistogram,250,write-heavy,1,304878.3119342611,779.0,1753.0,804.3678533333333,364.02722857077026,0.4525631240261859,0,100,900,1790615538.6691163,2300.0,2300.0,performance,,32861572.0,31960368.0,29860636.0,0.0,0.0,12.92,14.02,14.16,,,
14,19,global_mutex,GlobalMutex,750,write-heavy,1,295604.86980706255,1860.0,8671.0,2481.6588103703702,1844.4738297285658,0.7432423111593213,0,100,900,1790615541.8231833,2391.3575,3030.86,performance,,32861572.0,31976852.0,29877232.0,0.0,0.0,11.89,13.79,14.09,,,
14,20,disabled,Disabled,3000,mixed,1,271425.5295138343,2147.0,78490.0,10603.861448148147,18388.930261713685,1.734173004016864,0,100,900,1790615546.7184627,2399.962,3099.696,performance,,32861572.0,31952872.0,29853124.0,0.0,0.0,10.93,13.56,14.01,,,
14,21,thread_local,ThreadLocal,750,mixed,1,295723.04655741894,1836.0,8696.0,2475.152677037037,1866.7636450582404,0.7542014124530335,0,100,900,1790615560.2123027,2300.0,2300.0,performance,,32861572.0,31977308.0,29877040.0,0.0,0.0,13.48,14.01,14.15,,,
14,22,hdr_histogram,HdrHistogram,750,mixed,1,291910.0357574009,1850.0,8906.0,2510.406494814815,1901.006716339624,0.7572505569381327,0,100,900,1790615565.0982883,2610.384125,3008.893,performance,,32861572.0,31955872.0,29855684.0,0.0,0.0,12.4,13.78,14.07,,,
14,23,thread_local,ThreadLocal,100,mixed,1,290540.9662310433,319.0,818.0,337.25095555555555,146.62292977420148,0.43475912331417604,0,100,900,1790615570.0304537,2688.7285,3188.492,performance,,32861572.0,31944984.0,29844696.0,0.0,0.0,11.41,13.55,14.0,,,
14,24,global_mutex,GlobalMutex,1500,mixed,1,281608.7624057489,2036.0,28140.0,5146.089731851852,6798.966452653751,1.3211908083474286,0,100,900,1790615572.6962974,2300.0,2300.0,performance,,32861572.0,31970824.0,29870492.0,0.0,0.0,10.49,13.32,13.92,,,
14,25,thread_local,ThreadLocal,500,write-heavy,1,313049.7743179306,1471.0,3814.0,1559.3588444444445,752.612424657884,0.482642226540241,0,100,900,1790615580.4147599,2682.52525,3104.518,performance,,32861572.0,31959804.0,29859144.0,0.0,0.0,15.22,14.29,14.23,,,
14,26,thread_local,ThreadLocal,2000,write-heavy,1,277058.48584808456,2102.0,43906.0,6960.988048888888,10514.534274539792,1.5104945161079713,0,100,900,1790615584.3709145,2391.2985,3030.388,performance,,32861572.0,31950884.0,29850284.0,0.0,0.0,15.22,14.29,14.23,,,
14,27,global_mutex,GlobalMutex,100,write-heavy,1,287394.5144779106,327.0,760.0,342.2462,143.68171016112282,0.4198197384255043,0,100,900,1790615593.9959965,2300.0,2300.0,performance,,32861572.0,31967428.0,29866448.0,0.0,0.0,21.5,15.71,14.7,,,
14,28,global_mutex,GlobalMutex,1000,read-heavy,1,298759.0111348536,1860.0,14508.0,3231.7590155555554,3308.939769306429,1.0238819643975234,0,100,900,1790615596.6648417,2397.996875,3083.975,performance,,32861572.0,31986556.0,29885548.0,0.0,0.0,19.78,15.45,14.62,,,
14,29,sharded_2key,Sharded-2key,1000,write-heavy,1,285907.34360426577,1974.0,14709.0,3399.4292766666667,3428.3521129552832,1.0085081447309818,0,100,900,1790615602.553605,2411.846375,3194.771,performance,,32861572.0,31952536.0,29851524.0,0.0,0.0,19.47,15.46,14.63,,,
14,30,thread_local,ThreadLocal,1000,mixed,1,289041.47145514906,1986.0,14387.0,3354.127483333333,3297.051328941631,0.9829833079764219,0,100,900,1790615608.4085789,2389.407375,3015.259,performance,,32861572.0,31949972.0,29848768.0,0.0,0.0,18.64,15.35,14.6,,,
14,31,hdr_histogram,HdrHistogram,100,mixed,1,288061.87200291426,326.0,716.0,339.85953333333333,140.8686026126478,0.41449066098282505,0,100,900,1790615614.2336402,2382.362625,2958.901,performance,,32861572.0,31958640.0,29857276.0,0.0,0.0,18.02,15.28,14.58,,,
14,32,sharded_2key,Sharded-2key,2000,write-heavy,1,276326.9699295189,2096.0,41312.0,6978.037460555555,10427.595868354447,1.4943450686956121,0,100,900,1790615616.9025035,2402.501375,3120.011,performance,,32861572.0,32001804.0,29900412.0,0.0,0.0,16.58,15.03,14.5,,,
14,33,disabled,Disabled,100,mixed,1,293314.0078945205,320.0,788.0,334.60077777777775,139.74750736442408,0.41765446061585726,0,100,900,1790615626.5500026,3070.884125,3292.482,performance,,32861572.0,31969220.0,29867596.0,0.0,0.0,14.99,14.75,14.41,,,
14,34,sharded_n,Sharded-N,2000,read-heavy,1,308642.5464984575,1908.0,35822.0,6231.049336666667,8749.188777379153,1.4041276684962951,0,100,900,1790615629.213328,2300.0,2300.0,performance,,32861572.0,31981376.0,29879744.0,0.0,0.0,14.99,14.75,14.41,,,
14,35,sharded_n,Sharded-N,500,write-heavy,1,296804.464625096,1542.0,4371.0,1653.5649577777779,838.5642229816511,0.507125056706932,0,100,900,1790615638.3245015,2503.953625,3217.293,performance,,32861572.0,31947848.0,29845952.0,0.0,0.0,15.03,14.76,14.42,,,
14,36,sharded_n,Sharded-N,1000,mixed,1,290144.1492937468,1955.0,14892.0,3352.20816,3330.13667468278,0.9934158368860899,0,100,900,1790615642.3567097,2738.322375,3053.267,performance,,32861572.0,31972212.0,29870364.0,0.0,0.0,15.83,14.93,14.48,,,
14,37,sharded_2key,Sharded-2key,500,mixed,1,303037.4892021429,1482.0,4364.0,1618.1159177777777,859.889271057541,0.5314138879731564,0,100,900,1790615648.1679862,2664.042875,3140.71,performance,,32861572.0,31934844.0,29832764.0,0.0,0.0,15.93,14.96,14.49,,,
14,38,hdr_histogram,HdrHistogram,750,read-heavy,1,305472.07316810463,1807.0,8348.0,2401.1764755555555,1788.8127484025733,0.7449734605569543,0,100,900,1790615652.164515,2412.582625,3200.661,performance,,32861572.0,31974360.0,29872328.0,0.0,0.0,14.65,14.71,14.41,,,
14,39,hdr_histogram,HdrHistogram,250,mixed,1,308399.31877139915,776.0,1646.0,795.114,338.3842002206411,0.42557947693115844,0,100,900,1790615657.1606357,2392.58475,3040.678,performance,,32861572.0,31939448.0,29837208.0,0.0,0.0,13.48,14.47,14.34,,,
14,40,sharded_n,Sharded-N,100,read-heavy,1,294329.69332749286,320.0,716.0,332.96343333333334,136.24182513677698,0.4091795419480307,0,100,900,1790615660.308969,2300.0,2300.0,performance,,32861572.0,31970532.0,29868232.0,0.0,0.0,12.4,14.23,14.26,,,
14,41,disabled,Disabled,500,read-heavy,1,307771.0324710087,1484.0,4095.0,1591.675988888889,803.9727405090443,0.5051108052903899,0,100,900,1790615663.1354651,2583.425625,3283.303,performance,,32861572.0,31968128.0,29865800.0,0.0,0.0,12.4,14.23,14.26,,,
14,42,disabled,Disabled,3000,read-heavy,1,275227.9313263058,2132.0,76379.0,10468.291113333333,17842.81246783178,1.704462769964967,0,100,900,1790615667.273994,2300.0,2300.0,performance,,32861572.0,31982892.0,29880556.0,0.0,0.0,14.45,14.62,14.39,,,
14,43,sharded_2key,Sharded-2key,3000,write-heavy,1,264423.9397827456,2212.0,80310.0,10891.172454814814,18777.454368368173,1.7240985253214827,0,100,900,1790615680.762372,2739.738,3080.554,performance,,32861572.0,31980712.0,29877856.0,0.0,0.0,21.46,16.28,14.94,,,
14,44,sharded_n,Sharded-N,100,write-heavy,1,278842.4922212007,335.0,803.0,351.25118888888886,148.34343621579544,0.4223286380468903,0,100,900,1790615694.5406141,2398.611375,3088.891,performance,,32861572.0,31972444.0,29869236.0,0.0,0.0,20.82,16.3,14.96,,,
14,45,sharded_2key,Sharded-2key,100,write-heavy,1,280502.98898375005,333.0,821.0,349.7234222222222,149.40482690507685,0.4272085236834427,0,100,900,1790615697.2193756,2300.0,2300.0,performance,,32861572.0,31995876.0,29892664.0,0.0,0.0,19.15,16.03,14.88,,,
14,46,hdr_histogram,HdrHistogram,1500,mixed,1,291091.51484470663,1988.0,26346.0,4989.96909037037,6682.325559386783,1.3391516938015344,0,100,900,1790615699.8958275,2732.135625,3201.298,performance,,32861572.0,31992396.0,29889152.0,0.0,0.0,19.15,16.03,14.88,,,
14,47,disabled,Disabled,3000,write-heavy,1,267784.1812580367,2185.0,77426.0,10751.862613333333,18172.938779058884,1.6902130758741942,0,100,900,1790615707.4595644,2896.7275,3484.215,performance,,32861572.0,31972580.0,29869180.0,0.0,0.0,19.69,16.26,14.97,,,
14,48,hdr_histogram,HdrHistogram,500,read-heavy,1,299827.7223887629,1526.0,4212.0,1635.9273422222223,826.1251391124713,0.5049888939384519,0,100,900,1790615721.082839,2406.16775,3149.342,performance,,32861572.0,31981136.0,29877432.0,0.0,0.0,18.88,16.26,14.99,,,
14,49,sharded_n,Sharded-N,500,read-heavy,1,305449.1376793444,1484.0,4268.0,1602.7720866666666,839.6543846626771,0.5238763462676291,0,100,900,1790615725.264543,2387.516125,3000.129,performance,,32861572.0,31929316.0,29825628.0,0.0,0.0,18.88,16.26,14.99,,,
14,50,sharded_2key,Sharded-2key,3000,read-heavy,1,268934.51959517226,2173.0,72698.0,10724.464413333333,18048.404317308305,1.6829189432405953,0,100,900,1790615729.4075913,2500.5465,3197.894,performance,,32861572.0,31955340.0,29851548.0,0.0,0.0,17.45,16.01,14.91,,,
14,51,sharded_n,Sharded-N,1500,mixed,1,284209.25652866485,2023.0,27305.0,5117.052254074074,6711.648120682202,1.3116239169413502,0,100,900,1790615743.177379,2300.0,2300.0,performance,,32861572.0,31961152.0,29856784.0,0.0,0.0,16.72,15.92,14.9,,,
14,52,sharded_2key,Sharded-2key,1500,read-heavy,1,286728.6971338851,2007.0,26782.0,5058.860557777778,6713.049170419697,1.3269883788551309,0,100,900,1790615750.8549147,2404.929875,3139.439,performance,,32861572.0,31929200.0,29824824.0,0.0,0.0,15.18,15.63,14.82,,,
14,53,global_mutex,GlobalMutex,100,read-heavy,1,291676.87117105443,324.0,706.0,336.3448222222222,131.34487742259222,0.3905066132869231,0,100,900,1790615758.6359057,2590.789625,3148.972,performance,,32861572.0,31966036.0,29861380.0,0.0,0.0,15.41,15.67,14.84,,,
14,54,disabled,Disabled,750,mixed,1,295745.8711198248,1792.0,9216.0,2468.6688325925925,1947.8949792058484,0.789046693298336,0,100,900,1790615761.4751346,2485.478625,3083.156,performance,,32861572.0,31976956.0,29872304.0,0.0,0.0,14.18,15.41,14.76,,,
14,55,disabled,Disabled,1500,write-heavy,1,283091.581510622,2026.0,27670.0,5116.173529629629,6757.149404075638,1.3207428100205199,0,100,900,1790615766.3693755,2394.312125,3054.497,performance,,32861572.0,31955432.0,29850744.0,0.0,0.0,13.04,15.15,14.68,,,
14,56,sharded_n,Sharded-N,3000,read-heavy,1,267478.95733136043,2185.0,74102.0,10787.58718,18152.56393908924,1.682726974642094,0,100,900,1790615774.054206,2300.0,2300.0,performance,,32861572.0,31970696.0,29865732.0,0.0,0.0,13.84,15.28,14.72,,,
14,57,disabled,Disabled,1500,read-heavy,1,290308.7054498403,1995.0,28057.0,4998.151367407408,6831.282389124288,1.3667618059090003,0,100,900,1790615787.855643,2360.6195,2784.956,performance,,32861572.0,31976460.0,29871072.0,0.0,0.0,14.07,15.25,14.72,,,
14,58,global_mutex,GlobalMutex,1000,mixed,1,283288.4063311927,1989.0,15173.0,3435.411601111111,3446.0909612967544,1.003108611550997,0,100,900,1790615795.572623,2400.13,3101.04,performance,,32861572.0,31960548.0,29855036.0,0.0,0.0,12.64,14.91,14.62,,,
14,59,disabled,Disabled,250,read-heavy,1,310082.6127471646,773.0,1689.0,790.2268977777778,338.2988225322413,0.42810340104036215,0,100,900,1790615801.4598186,3025.3975,3182.028,performance,,32861572.0,31958332.0,29852784.0,0.0,0.0,11.63,14.67,14.54,,,
14,60,hdr_histogram,HdrHistogram,500,mixed,1,302286.46601093025,1487.0,4427.0,1618.9117955555555,858.9079501137327,0.530546477252014,0,100,900,1790615804.7760766,2300.0,2300.0,performance,,32861572.0,31977728.0,29872136.0,0.0,0.0,11.63,14.67,14.54,,,
14,61,disabled,Disabled,2000,read-heavy,1,290837.35718517815,1973.0,41141.0,6603.028422222223,10057.142778348745,1.5231106297379915,0,100,900,1790615808.7865324,2396.79375,3074.35,performance,,32861572.0,31966464.0,29860868.0,0.0,0.0,15.42,15.4,14.78,,,
14,62,hdr_histogram,HdrHistogram,2000,write-heavy,1,270575.3394965906,2146.0,45570.0,7118.988435,10781.319279199382,1.5144453987583113,0,100,900,1790615818.2484927,2401.91125,3115.29,performance,,32861572.0,31948436.0,29842432.0,0.0,0.0,16.11,15.54,14.83,,,
14,63,hdr_histogram,HdrHistogram,3000,read-heavy,1,266409.3627680814,2195.0,80341.0,10791.482601851852,18451.2868946401,1.7098009212815486,0,100,900,1790615828.03777,2401.310125,3110.481,performance,,32861572.0,31933364.0,29827200.0,0.0,0.0,17.46,15.84,14.93,,,
14,64,disabled,Disabled,750,read-heavy,1,300987.2008300819,1825.0,8417.0,2437.965677037037,1813.4373865325385,0.743832205520008,0,100,900,1790615841.9065554,2410.996875,3187.975,performance,,32861572.0,31967136.0,29860580.0,0.0,0.0,14.85,15.35,14.79,,,
14,65,sharded_2key,Sharded-2key,250,read-heavy,1,313886.0287167687,765.0,1666.0,780.4505511111112,334.9681610707411,0.42919844260966167,0,100,900,1790615846.9279463,2300.0,2300.0,performance,,32861572.0,31970624.0,29864104.0,0.0,0.0,13.66,15.1,14.71,,,
14,66,sharded_2key,Sharded-2key,750,mixed,1,299580.0563994474,1849.0,8605.0,2450.0009585185185,1815.274803055667,0.7409282011682715,0,100,900,1790615850.2337162,2386.8955,2995.164,performance,,32861572.0,31978664.0,29872104.0,0.0,0.0,13.66,15.1,14.71,,,
14,67,sharded_n,Sharded-N,250,mixed,1,309932.0173762215,775.0,1641.0,791.2263111111112,338.1857879914815,0.42741979537633246,0,100,900,1790615855.093142,3036.635,3281.345,performance,,32861572.0,31951628.0,29844944.0,0.0,0.0,12.57,14.85,14.63,,,
14,68,sharded_2key,Sharded-2key,1000,read-heavy,1,296990.99230181234,1937.0,14521.0,3277.3712044444446,3322.3405226686064,1.0137211549803022,0,100,900,1790615858.233857,2411.212125,3189.697,performance,,32861572.0,31965288.0,29858592.0,0.0,0.0,11.56,14.6,14.55,,,
14,69,thread_local,ThreadLocal,100,read-heavy,1,289192.8562153973,323.0,805.0,340.2168555555556,145.28388463194028,0.4270331768092431,0,100,900,1790615864.1373396,2300.0,2300.0,performance,,32861572.0,31947140.0,29840232.0,0.0,0.0,11.52,14.54,14.53,,,
14,70,hdr_histogram,HdrHistogram,1000,mixed,1,289594.490677699,1911.0,14863.0,3349.656811111111,3443.973259558566,1.0281570482488234,0,100,900,1790615866.9659882,2300.0,2300.0,performance,,32861572.0,31977756.0,29870816.0,0.0,0.0,10.59,14.3,14.45,,,
14,71,thread_local,ThreadLocal,3000,read-heavy,1,277618.1482564995,2086.0,74561.0,10366.01937962963,17639.295355703696,1.7016459944467068,0,100,900,1790615872.7800543,2439.45875,3415.67,performance,,32861572.0,31921376.0,29814260.0,0.0,0.0,10.3,14.18,14.41,,,
14,72,global_mutex,GlobalMutex,500,mixed,1,306493.33656617056,1471.0,4220.0,1601.6347555555556,832.2525330407083,0.51962691878026,0,100,900,1790615886.1966362,2389.9055,3019.244,performance,,32861572.0,31972348.0,29864812.0,0.0,0.0,10.23,13.98,14.35,,,
14,73,global_mutex,GlobalMutex,3000,write-heavy,1,258782.78943455295,2295.0,77889.0,11120.22681962963,18838.973594353603,1.6941177459706755,0,100,900,1790615890.180087,2567.021875,3026.478,performance,,32861572.0,31950044.0,29842604.0,0.0,0.0,10.23,13.98,14.35,,,
14,74,sharded_n,Sharded-N,250,read-heavy,1,311186.5563170001,775.0,1609.0,788.1109688888889,321.500003107523,0.4079374806326917,0,100,900,1790615904.1854477,2832.60125,3228.699,performance,,32861572.0,31978868.0,29870948.0,0.0,0.0,10.32,13.81,14.28,,,
14,75,sharded_n,Sharded-N,2000,write-heavy,1,271815.5696591631,2146.0,43759.0,7091.846362777777,10591.358953184485,1.4934557816669898,0,100,900,1790615907.4836051,2409.510375,3176.083,performance,,32861572.0,31981928.0,29874008.0,0.0,0.0,10.94,13.88,14.3,,,
14,76,disabled,Disabled,250,mixed,1,309341.28562796494,774.0,1661.0,795.3288,341.401851876775,0.4292587567264948,0,100,900,1790615917.2373557,2814.023,3194.215,performance,,32861572.0,31962080.0,29853840.0,0.0,0.0,9.85,13.55,14.19,,,
14,77,sharded_2key,Sharded-2key,2000,mixed,1,278667.6022215132,2072.0,41744.0,6926.788351111111,10343.653065799108,1.4932826789979665,0,100,900,1790615920.3751354,2932.527375,3296.92,performance,,32861572.0,31968112.0,29859940.0,0.0,0.0,9.06,13.33,14.11,,,
14,78,disabled,Disabled,1500,mixed,1,286835.2508047818,1973.0,28129.0,5065.530928148148,6804.04432629704,1.3432045767381104,0,100,900,1790615929.9547453,2359.101625,2772.813,performance,,32861572.0,31970724.0,29862192.0,0.0,0.0,9.69,13.39,14.13,,,
14,79,global_mutex,GlobalMutex,500,write-heavy,1,295180.09882077394,1537.0,4392.0,1658.9030644444445,849.6827776495263,0.5121955561243594,0,100,900,1790615937.563772,2530.048375,3479.824,performance,,32861572.0,31974052.0,29865404.0,0.0,0.0,13.05,14.0,14.32,,,
14,80,hdr_histogram,HdrHistogram,2000,read-heavy,1,278624.1891331409,2051.0,43037.0,6921.301258333333,10528.83183286525,1.521221435086127,0,100,900,1790615941.6072555,2300.0,2300.0,performance,,32861572.0,31973196.0,29864592.0,0.0,0.0,12.0,13.77,14.24,,,
14,81,thread_local,ThreadLocal,250,read-heavy,1,313953.0317529627,763.0,1648.0,780.6618088888889,334.9971697268693,0.4291194546889244,0,100,900,1790615951.3524122,2483.103875,3040.196,performance,,32861572.0,31952688.0,29843624.0,0.0,0.0,11.34,13.57,14.18,,,
14,82,thread_local,ThreadLocal,3000,mixed,1,268319.13383673824,2166.0,77018.0,10733.544278518519,18193.902269203925,1.6950507490443885,0,100,900,1790615954.6578093,2387.654,3001.232,performance,,32861572.0,31968048.0,29859020.0,0.0,0.0,11.34,13.57,14.18,,,
14,83,thread_local,ThreadLocal,750,read-heavy,1,301410.8212668446,1821.0,8331.0,2426.0277407407407,1788.7091210143094,0.7372995332972415,0,100,900,1790615968.2799618,2582.200375,3203.965,performance,,32861572.0,31966908.0,29857440.0,0.0,0.0,13.12,13.88,14.27,,,
14,84,disabled,Disabled,100,write-heavy,1,281053.6471391821,332.0,790.0,348.95832222222225,147.9691959515596,0.42403114219849575,0,100,900,1790615973.285013,2605.9055,3142.894,performance,,32861572.0,31959324.0,29849896.0,0.0,0.0,13.35,13.92,14.28,,,
14,85,sharded_2key,Sharded-2key,750,read-heavy,1,297132.1104510785,1848.0,8668.0,2459.3029525925926,1841.684913061834,0.7488645964175878,0,100,900,1790615975.959121,2300.0,2300.0,performance,,32861572.0,31976580.0,29867116.0,0.0,0.0,12.28,13.69,14.2,,,
14,86,global_mutex,GlobalMutex,250,mixed,1,313610.7303687129,759.0,1620.0,779.5551466666667,329.30724299488475,0.422429695196015,0,100,900,1790615981.0224144,2300.0,2300.0,performance,,32861572.0,31949760.0,29840244.0,0.0,0.0,11.3,13.46,14.13,,,
14,87,sharded_n,Sharded-N,3000,mixed,1,261943.3439487455,2245.0,82208.0,10952.251231481481,18929.66753687559,1.7283814201105598,0,100,900,1790615984.1584792,2412.545875,3200.367,performance,,32861572.0,31980136.0,29870592.0,0.0,0.0,11.3,13.46,14.13,,,
14,88,thread_local,ThreadLocal,1500,read-heavy,1,287955.40453846945,1980.0,28406.0,5014.228906666666,6818.543032680043,1.3598388026550707,0,100,900,1790615998.039943,2682.639625,3166.012,performance,,32861572.0,31967712.0,29857632.0,0.0,0.0,13.06,13.73,14.21,,,
14,89,sharded_n,Sharded-N,500,mixed,1,299206.33942647075,1525.0,4442.0,1643.4046022222221,852.6990284688718,0.5188612879115994,0,100,900,1790616005.8068469,2371.44925,2871.594,performance,,32861572.0,31968368.0,29858196.0,0.0,0.0,12.01,13.49,14.12,,,
14,90,global_mutex,GlobalMutex,750,mixed,1,292077.6719842449,1852.0,8655.0,2503.3234844444446,1887.8320318331357,0.7541302766358607,0,100,900,1790616009.824075,2300.0,2300.0,performance,,32861572.0,31986116.0,29875932.0,0.0,0.0,12.01,13.49,14.12,,,
14,91,sharded_2key,Sharded-2key,1000,mixed,1,292692.3471443592,1932.0,14757.0,3317.489491111111,3338.154309952054,1.006229053293556,0,100,900,1790616014.7494206,2300.0,2300.0,performance,,32861572.0,31956492.0,29846172.0,0.0,0.0,12.49,13.57,14.14,,,
14,92,sharded_n,Sharded-N,1500,read-heavy,1,287261.51166020636,1952.0,26808.0,5039.223997777778,6486.775767928995,1.2872568813749032,0,100,900,1790616020.5388749,2410.674125,3185.393,performance,,32861572.0,31980812.0,29870344.0,0.0,0.0,13.88,13.86,14.23,,,
14,93,thread_local,ThreadLocal,100,write-heavy,1,297276.17042442516,318.0,736.0,331.7627444444444,139.0262257902601,0.41905315807254795,0,100,900,1790616028.3264484,2358.248875,2765.991,performance,,32861572.0,31937700.0,29827024.0,0.0,0.0,13.57,13.79,14.21,,,
14,94,thread_local,ThreadLocal,2000,mixed,1,278031.3688162807,2052.0,42475.0,6947.940379444444,10391.346820250837,1.4956010346596738,0,100,900,1790616030.9881184,2300.0,2300.0,performance,,32861572.0,31956672.0,29845964.0,0.0,0.0,12.49,13.56,14.13,,,
14,95,sharded_2key,Sharded-2key,2000,read-heavy,1,285788.4657850034,1985.0,40533.0,6762.232783333333,9931.703033187849,1.4687017367497628,0,100,900,1790616040.5825515,2372.962875,2883.703,performance,,32861572.0,31980756.0,29869752.0,0.0,0.0,12.48,13.54,14.12,,,
14,96,hdr_histogram,HdrHistogram,100,write-heavy,1,291605.5878512524,326.0,682.0,337.04054444444444,132.42402329785904,0.39290235397684314,0,100,900,1790616050.1479435,2405.936125,3147.489,performance,,32861572.0,31984652.0,29873448.0,0.0,0.0,12.2,13.46,14.09,,,
14,97,thread_local,ThreadLocal,1500,write-heavy,1,283984.8925464432,2009.0,29315.0,5102.312102222222,7039.237337674138,1.3796171611313863,0,100,900,1790616052.8162866,2300.0,2300.0,performance,,32861572.0,31981804.0,29870584.0,0.0,0.0,11.22,13.24,14.02,,,
14,98,thread_local,ThreadLocal,500,read-heavy,1,304289.97788676043,1482.0,4338.0,1607.919211111111,840.3861603609544,0.5226544683051751,0,100,900,1790616060.4949632,2397.7655,3082.124,performance,,32861572.0,31954640.0,29843168.0,0.0,0.0,10.68,13.07,13.95,,,
14,99,disabled,Disabled,500,write-heavy,1,314446.21044656844,1466.0,4010.0,1556.8742555555555,769.455484579834,0.4942309771223375,0,100,900,1790616064.6510074,2300.0,2300.0,performance,,32861572.0,31983084.0,29871680.0,0.0,0.0,10.68,13.07,13.95,,,
14,100,hdr_histogram,HdrHistogram,3000,write-heavy,1,266591.9983685802,2200.0,76797.0,10810.035469629629,18394.834957237654,1.701644273870999,0,100,900,1790616068.5921342,2300.0,2300.0,performance,,32861572.0,31961388.0,29849956.0,0.0,0.0,10.94,13.08,13.95,,,
14,101,hdr_histogram,HdrHistogram,500,write-heavy,1,305402.0543561431,1503.0,4048.0,1607.403648888889,790.5806355642519,0.4918370293054501,0,100,900,1790616082.2686276,2510.265125,3182.452,performance,,32861572.0,31964296.0,29852316.0,0.0,0.0,12.62,13.37,14.03,,,
14,102,hdr_histogram,HdrHistogram,1000,write-heavy,1,288034.672830461,1945.0,14609.0,3372.9845111111113,3366.873208514571,0.9981881616780603,0,100,900,1790616086.263214,2524.79425,3243.28,performance,,32861572.0,31950508.0,29838568.0,0.0,0.0,11.61,13.14,13.96,,,
14,103,hdr_histogram,HdrHistogram,1000,read-heavy,1,304373.34683632705,1900.0,13627.0,3199.2862444444445,3164.748966432113,0.9892046927428562,0,100,900,1790616092.1016202,2412.333625,3198.669,performance,,32861572.0,31945252.0,29833164.0,0.0,0.0,10.68,12.93,13.88,,,
14,104,hdr_histogram,HdrHistogram,100,read-heavy,1,293493.7761628301,321.0,700.0,333.0108222222222,138.70013703378586,0.41650339201658004,0,100,900,1790616097.9309084,2373.457125,2887.657,performance,,32861572.0,31925764.0,29813520.0,0.0,0.0,11.43,13.04,13.91,,,
14,105,global_mutex,GlobalMutex,2000,mixed,1,282852.4010588803,2037.0,41974.0,6814.747312777778,10285.000279012713,1.5092269466438097,0,100,900,1790616100.761183,2300.0,2300.0,performance,,32861572.0,31981224.0,29868948.0,0.0,0.0,10.51,12.83,13.84,,,
14,106,global_mutex,GlobalMutex,3000,mixed,1,270755.1215757513,2172.0,76116.0,10613.814138518519,18242.254585056162,1.718727532532657,0,100,900,1790616110.2449856,2300.0,2300.0,performance,,32861572.0,31974004.0,29861472.0,0.0,0.0,15.35,13.79,14.15,,,
14,107,thread_local,ThreadLocal,1000,read-heavy,1,305213.6049809523,1843.0,14035.0,3185.9154944444444,3190.6409290700353,1.0014832266059257,0,100,900,1790616123.7598414,2407.59625,3160.77,performance,,32861572.0,31987632.0,29874688.0,0.0,0.0,15.17,13.81,14.14,,,
14,108,sharded_2key,Sharded-2key,750,write-heavy,1,308698.81061311776,1777.0,8492.0,2369.799051851852,1800.2776706428162,0.7596752430278889,0,100,900,1790616129.5752695,2913.204375,3453.0,performance,,32861572.0,31969528.0,29856588.0,0.0,0.0,15.88,13.98,14.2,,,
14,109,disabled,Disabled,500,mixed,1,308430.8896924654,1492.0,4089.0,1587.5002577777777,790.8065840660914,0.49814579883790516,0,100,900,1790616134.3746688,2877.77725,3126.343,performance,,32861572.0,31954272.0,29841220.0,0.0,0.0,16.29,14.09,14.23,,,
14,110,sharded_n,Sharded-N,1000,write-heavy,1,286406.21357643895,1976.0,15167.0,3398.46146,3429.512079253325,1.0091366695249575,0,100,900,1790616138.345435,2390.33,3022.64,performance,,32861572.0,31950488.0,29837404.0,0.0,0.0,16.5,14.18,14.26,,,
14,111,sharded_2key,Sharded-2key,1500,mixed,1,288330.15909949254,1977.0,27934.0,5025.108789629629,6677.351687135891,1.328797438359148,0,100,900,1790616144.2036078,2487.267,3125.919,performance,,32861572.0,31933172.0,29819928.0,0.0,0.0,16.14,14.14,14.25,,,
14,112,sharded_n,Sharded-N,750,mixed,1,298052.73274350626,1847.0,8679.0,2449.708531851852,1819.125103697563,0.7425883855343391,0,100,900,1790616151.7967036,3025.909875,3243.666,performance,,32861572.0,31953692.0,29840212.0,0.0,0.0,18.45,14.74,14.44,,,
14,113,sharded_2key,Sharded-2key,500,write-heavy,1,300619.6177159675,1523.0,4327.0,1633.88846,839.0467247615336,0.5135275419972877,0,100,900,1790616156.6641228,2300.0,2300.0,performance,,32861572.0,31978032.0,29864512.0,0.0,0.0,16.97,14.49,14.37,,,
14,114,global_mutex,GlobalMutex,1500,write-heavy,1,285001.8366151689,2017.0,27694.0,5096.685388888889,6779.482570628675,1.3301748201700647,0,100,900,1790616160.6746721,2738.058625,3080.931,performance,,32861572.0,31968668.0,29855112.0,0.0,0.0,15.61,14.25,14.29,,,
14,115,global_mutex,GlobalMutex,1000,write-heavy,1,292689.2250254734,1953.0,14434.0,3315.208972222222,3339.2271359042434,1.0072448415418958,0,100,900,1790616168.3317542,2411.876625,3195.013,performance,,32861572.0,31965116.0,29851268.0,0.0,0.0,15.16,14.18,14.26,,,
14,116,global_mutex,GlobalMutex,750,read-heavy,1,308138.50277898135,1786.0,8117.0,2375.3391985185185,1756.2991986168693,0.7393887995921846,0,100,900,1790616174.104109,2300.0,2300.0,performance,,32861572.0,31944944.0,29830996.0,0.0,0.0,14.83,14.13,14.25,,,
14,117,thread_local,ThreadLocal,2000,read-heavy,1,298288.9863846478,1961.0,40233.0,6461.94646,9661.322713196172,1.4951103004335589,0,100,900,1790616179.061339,2300.0,2300.0,performance,,32861572.0,31942928.0,29828952.0,0.0,0.0,14.76,14.12,14.25,,,
14,118,disabled,Disabled,2000,mixed,1,285284.2082231713,2027.0,40616.0,6756.638541666666,10215.236597241865,1.5118814680179802,0,100,900,1790616188.3715703,2400.565625,3104.525,performance,,32861572.0,31949216.0,29834840.0,0.0,0.0,16.77,14.58,14.39,,,
14,119,thread_local,ThreadLocal,1000,write-heavy,1,291485.61945607775,1925.0,14939.0,3334.7785077777776,3401.6885763429077,1.020064321636077,0,100,900,1790616197.7913766,2300.0,2300.0,performance,,32861572.0,31949280.0,29834704.0,0.0,0.0,17.79,14.87,14.49,,,
14,120,thread_local,ThreadLocal,250,write-heavy,1,316169.24597631214,759.0,1612.0,776.982791111111,332.1472830683858,0.427483448627484,0,100,900,1790616203.595415,2300.0,2300.0,performance,,32861572.0,31966016.0,29851360.0,0.0,0.0,18.04,14.97,14.53,,,
14,121,thread_local,ThreadLocal,250,mixed,1,312247.37409360503,771.0,1580.0,786.3349066666667,324.80197252934727,0.4130580618711275,0,100,900,1790616206.7237656,2401.33625,3110.69,performance,,32861572.0,31999004.0,29884364.0,0.0,0.0,16.6,14.73,14.45,,,
14,122,disabled,Disabled,100,read-heavy,1,294869.13647111424,319.0,724.0,333.2672888888889,136.05728718627077,0.4082527500370196,0,100,900,1790616209.848483,2661.577125,3113.839,performance,,32861572.0,31980520.0,29865884.0,0.0,0.0,16.6,14.73,14.45,,,
14,123,disabled,Disabled,250,write-heavy,1,313434.9874507248,765.0,1611.0,782.0604355555555,327.7846615147912,0.4191295795214873,0,100,900,1790616212.674023,2719.06425,3196.223,performance,,32861572.0,31973680.0,29859008.0,0.0,0.0,16.23,14.68,14.43,,,
14,124,thread_local,ThreadLocal,750,write-heavy,1,291917.75574193324,1872.0,8910.0,2512.109242962963,1887.9473282438776,0.7515387053857165,0,100,900,1790616215.8051782,2864.669625,3275.953,performance,,32861572.0,31975428.0,29860708.0,0.0,0.0,14.93,14.44,14.36,,,
14,125,global_mutex,GlobalMutex,2000,read-heavy,1,286419.5542680308,1990.0,38506.0,6718.828945,9981.087233420902,1.4855397146028848,0,100,900,1790616220.729319,2300.0,2300.0,performance,,32861572.0,31966844.0,29851928.0,0.0,0.0,13.73,14.2,14.28,,,
14,126,sharded_n,Sharded-N,750,read-heavy,1,297561.27035185514,1804.0,8799.0,2462.955391111111,1893.566681670504,0.7688189110141621,0,100,900,1790616230.2928195,2380.436875,2943.495,performance,,32861572.0,31958724.0,29843380.0,0.0,0.0,14.32,14.31,14.32,,,
14,127,sharded_n,Sharded-N,2000,mixed,1,282160.7349214808,2045.0,43407.0,6843.079680555556,10253.613791300802,1.4983916993449888,0,100,900,1790616235.3329766,2405.1005,3140.804,performance,,32861572.0,31951332.0,29836016.0,0.0,0.0,13.17,14.07,14.24,,,
14,128,sharded_n,Sharded-N,1000,read-heavy,1,298689.10231582256,1875.0,14230.0,3258.2731222222224,3300.9397243217845,1.0130948513212614,0,100,900,1790616244.831537,2400.075,3100.6,performance,,32861572.0,31966532.0,29850976.0,0.0,0.0,12.91,13.97,14.2,,,
14,129,hdr_histogram,HdrHistogram,3000,mixed,1,271145.304997365,2173.0,75728.0,10621.428044814815,18029.83685784788,1.6974964931057188,0,100,900,1790616250.708948,2405.28725,3142.298,performance,,32861572.0,31948424.0,29832716.0,0.0,0.0,12.69,13.91,14.18,,,
14,130,sharded_2key,Sharded-2key,1500,write-heavy,1,284884.6537299437,2019.0,27246.0,5083.453627407407,6890.202810422096,1.3554176580412995,0,100,900,1790616264.204743,2388.139625,3005.117,performance,,32861572.0,31986712.0,29870620.0,0.0,0.0,13.54,14.04,14.22,,,
14,131,sharded_2key,Sharded-2key,250,mixed,1,308654.6212568281,775.0,1737.0,795.8422444444444,344.85695466565636,0.4333232585641285,0,100,900,1790616271.834603,2441.3055,3430.444,performance,,32861572.0,31953204.0,29837016.0,0.0,0.0,12.05,13.71,14.11,,,
14,132,hdr_histogram,HdrHistogram,1500,read-heavy,1,297678.07266581064,1903.0,26867.0,4876.449602962963,6483.220423340517,1.3294960373221678,0,100,900,1790616274.9722114,2300.0,2300.0,performance,,32861572.0,31972468.0,29856344.0,0.0,0.0,12.05,13.71,14.11,,,
14,133,global_mutex,GlobalMutex,100,mixed,1,300490.52975548874,313.0,685.0,325.88395555555553,129.752495404901,0.3981555188370765,0,100,900,1790616282.5795033,2699.389375,3237.196,performance,,32861572.0,31939536.0,29823060.0,0.0,0.0,11.23,13.47,14.03,,,
14,134,sharded_n,Sharded-N,3000,write-heavy,1,266628.04101945617,2191.0,76650.0,10826.906493703704,18454.268379090783,1.7044821057448596,0,100,900,1790616285.2331066,2667.42775,3056.38,performance,,32861572.0,31955540.0,29839052.0,0.0,0.0,11.23,13.47,14.03,,,
14,135,sharded_2key,Sharded-2key,100,mixed,1,289142.55629507586,325.0,788.0,339.72714444444443,142.94229126876385,0.42075616743112265,0,100,900,1790616298.9135163,2506.194,3253.227,performance,,32861572.0,31968804.0,29851888.0,0.0,0.0,10.11,13.11,13.9,,,
14,136,sharded_2key,Sharded-2key,3000,mixed,1,275066.33859700063,2133.0,75385.0,10459.901797037037,17757.429738347273,1.6976669650356944,0,100,900,1790616301.580417,2300.0,2300.0,performance,,32861572.0,31985316.0,29868352.0,0.0,0.0,9.3,12.89,13.83,,,
14,137,sharded_2key,Sharded-2key,100,read-heavy,1,296854.92204212083,316.0,767.0,331.56915555555554,140.76227199679784,0.42453367461441277,0,100,900,1790616314.9337592,2446.030875,3468.247,performance,,32861572.0,31968040.0,29850700.0,0.0,0.0,10.23,12.97,13.84,,,
14,138,disabled,Disabled,2000,write-heavy,1,284123.489840007,2014.0,42971.0,6791.270083888889,10241.915149900464,1.5081001084315042,0,100,900,1790616317.7591653,2300.0,2300.0,performance,,32861572.0,31980428.0,29863056.0,0.0,0.0,9.41,12.76,13.77,,,
14,139,global_mutex,GlobalMutex,3000,read-heavy,1,274026.8120833992,2143.0,76680.0,10506.718001851852,17947.009286068995,1.7081460911871587,0,100,900,1790616327.2036183,2362.36175,2798.894,performance,,32861572.0,31957148.0,29839576.0,0.0,0.0,9.0,12.57,13.7,,,
14,140,sharded_n,Sharded-N,750,write-heavy,1,294526.2068829832,1868.0,8788.0,2483.119457777778,1874.2732434716556,0.7548059106060898,0,100,900,1790616340.7404258,2403.75925,3130.074,performance,,32861572.0,31950292.0,29832436.0,0.0,0.0,10.82,12.83,13.76,,,
14,141,global_mutex,GlobalMutex,500,read-heavy,1,304452.7810501791,1478.0,4374.0,1608.5902755555555,842.9478208600003,0.5240289175370485,0,100,900,1790616345.6510313,2590.379875,3190.223,performance,,32861572.0,31963700.0,29845864.0,0.0,0.0,9.96,12.61,13.69,,,
14,142,sharded_n,Sharded-N,100,mixed,1,302162.3756884262,312.0,690.0,324.2979888888889,131.0557229594619,0.40412129414827874,0,100,900,1790616349.8124998,2412.120125,3196.961,performance,,32861572.0,31951280.0,29833336.0,0.0,0.0,9.96,12.61,13.69,,,
14,143,disabled,Disabled,1000,read-heavy,1,307503.538471405,1832.0,13790.0,3160.18267,3126.7687469932894,0.9894265849490559,0,100,900,1790616352.465926,2633.783625,3193.652,performance,,32861572.0,31962252.0,29844284.0,0.0,0.0,11.32,12.85,13.76,,,
14,144,hdr_histogram,HdrHistogram,250,read-heavy,1,312264.21536278375,760.0,1643.0,784.6971288888889,336.71627839339186,0.4291034922864743,0,100,900,1790616358.2456386,2607.06775,3168.307,performance,,32861572.0,31978392.0,29860244.0,0.0,0.0,11.3,12.82,13.75,,,
15,1,disabled,Disabled,1500,read-heavy,1,298015.1569352077,1903.0,26778.0,4856.867127407408,6497.05848778368,1.3377056273828527,0,100,900,1790616361.550379,2300.0,2300.0,performance,,32861572.0,31983500.0,29865356.0,0.0,0.0,10.39,12.61,13.67,,,
15,2,sharded_2key,Sharded-2key,500,read-heavy,1,312995.10456807195,1429.0,4313.0,1561.356882222222,834.5010460559066,0.5344716864911703,0,100,900,1790616369.1345456,2362.246375,2797.971,performance,,32861572.0,31941248.0,29822800.0,0.0,0.0,10.44,12.58,13.66,,,
15,3,hdr_histogram,HdrHistogram,750,write-heavy,1,293148.15743575734,1860.0,8721.0,2492.1128162962964,1873.8547705620094,0.7519141020858263,0,100,900,1790616373.2525964,2696.923375,3156.931,performance,,32861572.0,31949792.0,29831416.0,0.0,0.0,11.85,12.84,13.73,,,
15,4,hdr_histogram,HdrHistogram,2000,mixed,1,278107.9000954251,2083.0,44074.0,6927.613547222222,10564.654135319715,1.5250062757261977,0,100,900,1790616378.1725595,2803.62425,3186.106,performance,,32861572.0,31925788.0,29807260.0,0.0,0.0,12.34,12.92,13.76,,,
15,5,disabled,Disabled,100,write-heavy,1,289957.2139779403,324.0,736.0,338.4961777777778,137.9335572880163,0.40748926086417864,0,100,900,1790616387.7617195,2409.95,3179.6,performance,,32861572.0,31952904.0,29834020.0,0.0,0.0,12.42,12.93,13.75,,,
15,6,sharded_2key,Sharded-2key,3000,write-heavy,1,268766.8201287615,2167.0,77494.0,10704.01303962963,18201.722757660737,1.700457827384199,0,100,900,1790616390.427235,2300.0,2300.0,performance,,32861572.0,31967152.0,29848256.0,0.0,0.0,11.43,12.71,13.68,,,
15,7,global_mutex,GlobalMutex,500,mixed,1,301290.8561682633,1496.0,4536.0,1630.7401933333333,868.5790021379162,0.532628683397131,0,100,900,1790616404.0185058,2412.815125,3202.521,performance,,32861572.0,31977572.0,29858292.0,0.0,0.0,13.98,13.2,13.82,,,
15,8,disabled,Disabled,500,mixed,1,303778.87062744034,1471.0,4443.0,1612.6010711111112,859.5931264905719,0.5330475973814756,0,100,900,1790616408.0276473,2413.352125,3206.817,performance,,32861572.0,31964980.0,29845696.0,0.0,0.0,13.83,13.18,13.81,,,
15,9,disabled,Disabled,2000,read-heavy,1,292621.81169332855,1955.0,41524.0,6598.736701111111,10022.33205059693,1.518825876005834,0,100,900,1790616412.018292,2300.0,2300.0,performance,,32861572.0,31968756.0,29849480.0,0.0,0.0,12.72,12.96,13.74,,,
15,10,disabled,Disabled,3000,read-heavy,1,280331.52602231456,2075.0,76077.0,10247.161757777778,17660.455857070876,1.7234485289222916,0,100,900,1790616421.430604,2799.409875,3328.248,performance,,32861572.0,31959304.0,29839620.0,0.0,0.0,12.16,12.85,13.69,,,
15,11,sharded_n,Sharded-N,500,write-heavy,1,314947.78710549464,1463.0,3812.0,1551.3313688888888,762.1778518818628,0.49130564054007236,0,100,900,1790616434.7239504,2397.205125,3077.641,performance,,32861572.0,31963016.0,29843008.0,0.0,0.0,16.96,13.88,14.02,,,
15,12,disabled,Disabled,1000,read-heavy,1,302833.19909741456,1840.0,13986.0,3214.3141444444445,3213.4448242722,0.9997295472274398,0,100,900,1790616438.6737874,2411.58,3192.64,performance,,32861572.0,31965492.0,29845488.0,0.0,0.0,17.04,13.95,14.04,,,
15,13,sharded_2key,Sharded-2key,750,write-heavy,1,305090.66858955804,1768.0,8497.0,2400.0202637037037,1823.6613924644366,0.7598524979327334,0,100,900,1790616444.5020235,2300.0,2300.0,performance,,32861572.0,31955208.0,29835112.0,0.0,0.0,19.2,14.45,14.21,,,
15,14,global_mutex,GlobalMutex,1000,mixed,1,292592.6932408668,1983.0,14918.0,3326.5318022222223,3339.429145118093,1.0038771139621316,0,100,900,1790616449.3237023,2615.042125,3242.272,performance,,32861572.0,31941952.0,29821772.0,0.0,0.0,19.67,14.62,14.26,,,
15,15,disabled,Disabled,100,mixed,1,289449.5987878005,324.0,824.0,339.4330777777778,145.39250064363006,0.42833922255159984,0,100,900,1790616455.1018617,2846.759125,3264.433,performance,,32861572.0,31954524.0,29834232.0,0.0,0.0,19.61,14.7,14.29,,,
15,16,sharded_n,Sharded-N,1500,mixed,1,283885.5764814911,2018.0,28831.0,5109.226948148148,6781.159784156182,1.3272379271807508,0,100,900,1790616457.767851,2398.861625,3090.893,performance,,32861572.0,31961892.0,29841556.0,0.0,0.0,21.73,15.22,14.46,,,
15,17,sharded_2key,Sharded-2key,250,write-heavy,1,310773.4360214954,763.0,1670.0,788.65912,346.0222377091109,0.43874752593885036,0,100,900,1790616465.4413614,2468.39725,3007.86,performance,,32861572.0,31954108.0,29833532.0,0.0,0.0,21.85,15.48,14.56,,,
15,18,hdr_histogram,HdrHistogram,250,write-heavy,1,303021.0046726324,785.0,1751.0,808.902,354.08862549025326,0.43773983188353255,0,100,900,1790616468.5818284,2380.299875,2942.399,performance,,32861572.0,31977136.0,29856516.0,0.0,0.0,21.85,15.48,14.56,,,
15,19,hdr_histogram,HdrHistogram,100,mixed,1,295374.36362208717,318.0,728.0,332.3429777777778,136.8662473338135,0.41182229349021954,0,100,900,1790616471.7411036,2938.901125,3276.855,performance,,32861572.0,31962432.0,29841828.0,0.0,0.0,20.1,15.23,14.48,,,
15,20,disabled,Disabled,750,mixed,1,302820.40478304983,1799.0,8799.0,2406.912774814815,1837.9947203656325,0.7636316278669657,0,100,900,1790616474.4029682,2300.0,2300.0,performance,,32861572.0,31980556.0,29859956.0,0.0,0.0,20.1,15.23,14.48,,,
15,21,hdr_histogram,HdrHistogram,500,read-heavy,1,313645.1253224439,1459.0,3951.0,1557.90928,776.2469764819587,0.49826198896636564,0,100,900,1790616479.2410657,2300.0,2300.0,performance,,32861572.0,31939712.0,29818912.0,0.0,0.0,19.45,15.17,14.46,,,
15,22,thread_local,ThreadLocal,750,mixed,1,326980.97114910185,1711.0,7484.0,2223.591862222222,1593.0341356811393,0.7164238018433322,0,100,900,1790616483.3701394,2762.903125,3086.145,performance,,32861572.0,31935820.0,29815012.0,0.0,0.0,18.85,15.12,14.45,,,
15,23,hdr_histogram,HdrHistogram,250,mixed,1,312349.5776492304,754.0,1782.0,781.1381377777777,352.78298211268606,0.45162688268723045,0,100,900,1790616488.0423696,2300.0,2300.0,performance,,32861572.0,31928248.0,29807220.0,0.0,0.0,17.98,15.0,14.42,,,
15,24,disabled,Disabled,750,write-heavy,1,298108.29288093967,1830.0,8644.0,2457.4768918518516,1860.2479199050294,0.7569747353771553,0,100,900,1790616491.1818438,2410.16925,3181.354,performance,,32861572.0,31967056.0,29846104.0,0.0,0.0,16.54,14.75,14.34,,,
15,25,disabled,Disabled,500,write-heavy,1,311045.89328153094,1474.0,4049.0,1577.4423911111112,778.67079245586,0.4936286718574766,0,100,900,1790616496.055216,2414.332,3214.656,performance,,32861572.0,31946460.0,29825304.0,0.0,0.0,15.22,14.51,14.26,,,
15,26,global_mutex,GlobalMutex,250,write-heavy,1,310650.76202694053,764.0,1640.0,787.1846888888889,346.0569237801945,0.4396133825578516,0,100,900,1790616500.0168376,2752.75175,3337.142,performance,,32861572.0,31974548.0,29853368.0,0.0,0.0,15.22,14.51,14.26,,,
15,27,sharded_2key,Sharded-2key,1500,read-heavy,1,292718.1391872679,1966.0,27659.0,4964.584461481481,6652.062725463713,1.3399032239404527,0,100,900,1790616503.158727,2397.373625,3078.989,performance,,32861572.0,31964296.0,29843068.0,0.0,0.0,14.64,14.4,14.23,,,
15,28,hdr_histogram,HdrHistogram,3000,read-heavy,1,272738.89707946137,2136.0,75584.0,10555.09869111111,18043.040004877876,1.7094146187446522,0,100,900,1790616510.8310928,2417.197875,3237.583,performance,,32861572.0,31939944.0,29818408.0,0.0,0.0,13.35,14.14,14.14,,,
15,29,global_mutex,GlobalMutex,750,read-heavy,1,314224.2798412205,1735.0,8228.0,2329.950697777778,1753.792393980055,0.7527165255697292,0,100,900,1790616524.417807,2513.076625,3202.181,performance,,32861572.0,31966832.0,29844920.0,0.0,0.0,17.98,15.14,14.47,,,
15,30,disabled,Disabled,3000,mixed,1,276322.654774679,2108.0,76561.0,10429.375823333334,17938.20375229403,1.71996906201821,0,100,900,1790616529.3424907,2408.256875,3166.055,performance,,32861572.0,31939904.0,29817956.0,0.0,0.0,21.27,15.87,14.71,,,
15,31,sharded_n,Sharded-N,500,mixed,1,308514.97463265096,1480.0,4181.0,1587.7616555555555,802.5178020873465,0.50543971715109,0,100,900,1790616542.6121662,2300.0,2300.0,performance,,32861572.0,31976932.0,29854552.0,0.0,0.0,23.72,16.69,15.0,,,
15,32,sharded_n,Sharded-N,1500,read-heavy,1,295223.6400369123,1902.0,27960.0,4908.851345925926,6588.717213751418,1.3422115988946555,0,100,900,1790616546.5869405,2385.532,2984.256,performance,,32861572.0,31980672.0,29858312.0,0.0,0.0,21.82,16.41,14.92,,,
15,33,hdr_histogram,HdrHistogram,100,write-heavy,1,279548.70936072676,336.0,775.0,351.07306666666665,145.96148579787027,0.4157581416989083,0,100,900,1790616554.2195728,2746.394,3516.661,performance,,32861572.0,31938976.0,29816380.0,0.0,0.0,21.35,16.41,14.93,,,
15,34,sharded_n,Sharded-N,2000,mixed,1,281920.3810289522,2067.0,42975.0,6845.225338333334,10446.083432683497,1.5260393802064223,0,100,900,1790616556.8945732,2407.795875,3162.367,performance,,32861572.0,31975496.0,29852872.0,0.0,0.0,19.64,16.13,14.85,,,
15,35,global_mutex,GlobalMutex,3000,read-heavy,1,276816.08049529145,2099.0,72016.0,10418.503173703704,17605.47624744198,1.68982779521325,0,100,900,1790616566.3936794,2427.213,3317.704,performance,,32861572.0,31961168.0,29838320.0,0.0,0.0,17.8,15.86,14.77,,,
15,36,thread_local,ThreadLocal,1000,mixed,1,290966.33173388895,1957.0,14624.0,3340.078131111111,3347.904335951639,1.0023431202904,0,100,900,1790616579.837569,2953.90875,3322.778,performance,,32861572.0,31970276.0,29847072.0,0.0,0.0,16.68,15.69,14.73,,,
15,37,hdr_histogram,HdrHistogram,100,read-heavy,1,294940.96705748956,318.0,730.0,332.18885555555556,135.67422167811242,0.4084249649230696,0,100,900,1790616585.6357155,2823.665125,3196.849,performance,,32861572.0,31965368.0,29842064.0,0.0,0.0,15.74,15.53,14.69,,,
15,38,thread_local,ThreadLocal,100,read-heavy,1,299906.528132377,311.0,768.0,326.64671111111113,137.7977486128025,0.42185561319161624,0,100,900,1790616588.4702723,2707.084375,3263.92,performance,,32861572.0,31992696.0,29869396.0,0.0,0.0,15.74,15.53,14.69,,,
15,39,disabled,Disabled,3000,write-heavy,1,267698.60773147666,2202.0,77474.0,10774.274884074073,18246.02090767859,1.6934801742109653,0,100,900,1790616591.2962048,2300.0,2300.0,performance,,32861572.0,31988256.0,29864924.0,0.0,0.0,14.48,15.27,14.61,,,
15,40,sharded_2key,Sharded-2key,500,write-heavy,1,295108.7491545347,1546.0,4385.0,1661.87654,840.0474324433903,0.5054812509979775,0,100,900,1790616604.9185688,2367.4815,2839.852,performance,,32861572.0,31982736.0,29858932.0,0.0,0.0,15.29,15.43,14.66,,,
15,41,sharded_n,Sharded-N,2000,read-heavy,1,288523.5333836909,1968.0,39806.0,6670.515973333333,9794.288091861894,1.4682954258735665,0,100,900,1790616608.9574807,2386.87025,2994.962,performance,,32861572.0,31966656.0,29842844.0,0.0,0.0,16.23,15.62,14.73,,,
15,42,global_mutex,GlobalMutex,2000,write-heavy,1,277804.4181925772,2070.0,43004.0,6953.208588333333,10501.961696038044,1.5103763338351595,0,100,900,1790616618.4556634,2450.11875,3500.95,performance,,32861572.0,31954668.0,29830552.0,0.0,0.0,29.65,18.54,15.69,,,
15,43,hdr_histogram,HdrHistogram,1500,mixed,1,292045.23350949545,1944.0,27232.0,4964.0661851851855,6563.87347455693,1.3222775905257322,0,100,900,1790616628.053287,2758.177875,3127.235,performance,,32861572.0,31968856.0,29844512.0,0.0,0.0,27.87,18.52,15.72,,,
15,44,disabled,Disabled,2000,write-heavy,1,278719.5283528952,2068.0,44772.0,6911.048722222222,10610.126039531977,1.535241099576611,0,100,900,1790616635.5794353,2757.24225,3272.59,performance,,32861572.0,31932100.0,29807620.0,0.0,0.0,31.17,19.59,16.1,,,
15,45,sharded_2key,Sharded-2key,250,mixed,1,312192.36694241647,760.0,1734.0,786.76552,352.6131065649201,0.44818068103050585,0,100,900,1790616645.1641161,2300.0,2300.0,performance,,32861572.0,31988228.0,29863520.0,0.0,0.0,30.04,19.55,16.1,,,
15,46,sharded_2key,Sharded-2key,250,read-heavy,1,326370.35714686423,733.0,1546.0,751.108,318.08423535060876,0.4234866828080766,0,100,900,1790616648.3028,2562.9865,3070.471,performance,,32861572.0,31981664.0,29856920.0,0.0,0.0,27.63,19.22,16.02,,,
15,47,global_mutex,GlobalMutex,250,read-heavy,1,324061.2272468295,745.0,1524.0,757.4726977777777,308.23094843964117,0.40692020893150116,0,100,900,1790616651.5748425,2726.7775,3223.881,performance,,32861572.0,31979960.0,29855240.0,0.0,0.0,25.42,18.9,15.93,,,
15,48,sharded_2key,Sharded-2key,100,write-heavy,1,287244.37998950074,327.0,748.0,340.8143111111111,140.15274340513653,0.41122904419188083,0,100,900,1790616654.855734,2378.47725,2927.818,performance,,32861572.0,31988152.0,29863400.0,0.0,0.0,25.42,18.9,15.93,,,
15,49,global_mutex,GlobalMutex,100,read-heavy,1,292993.87575085537,322.0,684.0,335.27855555555556,140.01788796916745,0.4176165926781635,0,100,900,1790616657.5264761,2358.13225,2765.058,performance,,32861572.0,31978888.0,29854108.0,0.0,0.0,24.26,18.77,15.9,,,
15,50,global_mutex,GlobalMutex,1000,read-heavy,1,299992.2620995888,1881.0,14254.0,3244.4513044444443,3228.9769881919838,0.9952305290477736,0,100,900,1790616660.3667502,2812.57575,3162.331,performance,,32861572.0,31992600.0,29867792.0,0.0,0.0,24.26,18.77,15.9,,,
15,51,sharded_n,Sharded-N,750,write-heavy,1,297212.3497355013,1792.0,8969.0,2461.2546992592593,1903.9600511228819,0.7735729470403444,0,100,900,1790616666.2289882,2412.319125,3198.553,performance,,32861572.0,31962516.0,29837544.0,0.0,0.0,20.53,18.15,15.73,,,
15,52,hdr_histogram,HdrHistogram,500,write-heavy,1,298353.26975850365,1510.0,4578.0,1644.736777777778,872.1051325674141,0.530239941339261,0,100,900,1790616671.11714,2714.5085,3189.725,performance,,32861572.0,31947112.0,29822060.0,0.0,0.0,18.89,17.85,15.65,,,
15,53,sharded_n,Sharded-N,250,mixed,1,315275.33594110876,755.0,1633.0,778.2201555555556,340.01719803098825,0.43691646329598965,0,100,900,1790616675.1475549,2397.334,3078.672,performance,,32861572.0,31965244.0,29840172.0,0.0,0.0,18.89,17.85,15.65,,,
15,54,thread_local,ThreadLocal,3000,mixed,1,269904.7089819037,2174.0,78633.0,10653.371927407408,18418.133027451502,1.728854784471391,0,100,900,1790616678.2794693,2300.0,2300.0,performance,,32861572.0,31954412.0,29829296.0,0.0,0.0,19.38,17.97,15.7,,,
15,55,thread_local,ThreadLocal,3000,read-heavy,1,280142.0553008047,2078.0,74120.0,10289.434264444444,17463.678678387376,1.6972438162838381,0,100,900,1790616691.8261395,2919.0555,3260.216,performance,,32861572.0,31972340.0,29846604.0,0.0,0.0,17.06,17.54,15.6,,,
15,56,thread_local,ThreadLocal,1000,write-heavy,1,289727.1612345836,1964.0,14710.0,3346.5380122222223,3387.4213348768008,1.0122166019047938,0,100,900,1790616705.1214802,2300.0,2300.0,performance,,32861572.0,31961976.0,29835964.0,0.0,0.0,20.92,18.36,15.88,,,
15,57,thread_local,ThreadLocal,1500,write-heavy,1,287752.7267614645,1982.0,27366.0,5030.667680740741,6841.152329807472,1.3598895343451003,0,100,900,1790616710.9392478,2300.0,2300.0,performance,,32861572.0,31954596.0,29828544.0,0.0,0.0,19.84,18.23,15.87,,,
15,58,disabled,Disabled,2000,mixed,1,286551.22789345507,1994.0,40898.0,6712.292264444444,10281.457025350986,1.5317356009381022,0,100,900,1790616718.546406,2850.42325,3426.418,performance,,32861572.0,31964492.0,29838136.0,0.0,0.0,18.97,18.08,15.83,,,
15,59,global_mutex,GlobalMutex,1500,mixed,1,287617.2775214782,1988.0,26634.0,5044.525279259259,6598.404205611733,1.3080327365473419,0,100,900,1790616727.9342248,2300.0,2300.0,performance,,32861572.0,31966628.0,29840024.0,0.0,0.0,18.26,17.96,15.82,,,
15,60,sharded_n,Sharded-N,3000,mixed,1,277305.22830027505,2098.0,71261.0,10353.695745555555,17666.14284325853,1.7062644371061348,0,100,900,1790616735.5297365,2843.2415,3197.786,performance,,32861572.0,31933296.0,29806628.0,0.0,0.0,16.71,17.65,15.74,,,
15,61,global_mutex,GlobalMutex,3000,mixed,1,270603.11537976266,2162.0,76215.0,10608.125735185185,18066.03445468532,1.7030373607623857,0,100,900,1790616748.8154814,2300.0,2300.0,performance,,32861572.0,31984324.0,29857240.0,0.0,0.0,17.14,17.72,15.78,,,
15,62,global_mutex,GlobalMutex,750,mixed,1,296330.0171401101,1829.0,8787.0,2463.6975451851854,1877.4156419922617,0.7620317054182658,0,100,900,1790616762.3042219,2300.0,2300.0,performance,,32861572.0,31978332.0,29850880.0,0.0,0.0,15.02,17.24,15.66,,,
15,63,disabled,Disabled,250,read-heavy,1,318215.25109753077,753.0,1644.0,772.4440222222222,328.44553838705554,0.425203029524599,0,100,900,1790616767.1916766,2360.69875,2785.59,performance,,32861572.0,31958972.0,29831540.0,0.0,0.0,13.82,16.95,15.57,,,
15,64,disabled,Disabled,1500,mixed,1,285611.5893373698,1995.0,27909.0,5093.974877037037,6818.048039783827,1.3384534090497155,0,100,900,1790616770.4808736,2933.43625,3328.192,performance,,32861572.0,31984116.0,29856732.0,0.0,0.0,13.82,16.95,15.57,,,
15,65,thread_local,ThreadLocal,2000,mixed,1,283274.6873262866,2014.0,42839.0,6803.771251666667,10427.438971584697,1.5325969357112599,0,100,900,1790616778.1146414,2412.646625,3201.173,performance,,32861572.0,31942932.0,29815188.0,0.0,0.0,17.06,17.51,15.77,,,
15,66,sharded_n,Sharded-N,250,read-heavy,1,326190.69603610184,736.0,1501.0,751.7488577777777,305.49661715449764,0.40638121893203405,0,100,900,1790616787.5743897,2300.0,2300.0,performance,,32861572.0,31955512.0,29827492.0,0.0,0.0,26.43,19.47,16.42,,,
15,67,global_mutex,GlobalMutex,500,write-heavy,1,300305.7635204667,1485.0,4564.0,1630.2644622222222,895.203484463688,0.5491154994837043,0,100,900,1790616790.8402815,2685.21225,3121.107,performance,,32861572.0,31960388.0,29832356.0,0.0,0.0,24.31,19.15,16.33,,,
15,68,hdr_histogram,HdrHistogram,1000,write-heavy,1,291392.00320855493,1911.0,14574.0,3329.705701111111,3329.021225112313,0.9997944334844459,0,100,900,1790616794.85049,2834.915125,3099.328,performance,,32861572.0,31969472.0,29841540.0,0.0,0.0,24.31,19.15,16.33,,,
15,69,sharded_2key,Sharded-2key,100,read-heavy,1,290353.5716741276,322.0,814.0,338.72104444444443,149.30476499260308,0.44078975145310584,0,100,900,1790616800.6406643,2411.474375,3191.795,performance,,32861572.0,31927104.0,29798940.0,0.0,0.0,21.75,18.78,16.25,,,
15,70,global_mutex,GlobalMutex,1500,read-heavy,1,296769.11741935706,1928.0,24847.0,4878.608725185185,6380.178919932339,1.3077865595155218,0,100,900,1790616803.4684136,2300.0,2300.0,performance,,32861572.0,31961592.0,29833436.0,0.0,0.0,21.75,18.78,16.25,,,
15,71,disabled,Disabled,1000,mixed,1,293457.8108154523,1936.0,14126.0,3314.578431111111,3309.2530032872655,0.9983933317812425,0,100,900,1790616811.0900304,2796.1885,3156.967,performance,,32861572.0,31940020.0,29811636.0,0.0,0.0,20.1,18.54,16.19,,,
15,72,sharded_n,Sharded-N,2000,write-heavy,1,277899.89157891663,2078.0,43280.0,6940.419946666667,10547.661551866851,1.5197439971817073,0,100,900,1790616816.8634593,2411.037625,3188.301,performance,,32861572.0,31966168.0,29837624.0,0.0,0.0,18.49,18.23,16.11,,,
15,73,thread_local,ThreadLocal,500,mixed,1,305182.1913674798,1504.0,4203.0,1607.2130177777778,813.9046624121767,0.5064074602491252,0,100,900,1790616826.4818456,2541.829125,3333.129,performance,,32861572.0,31974620.0,29845772.0,0.0,0.0,16.9,17.9,16.02,,,
15,74,sharded_n,Sharded-N,1000,mixed,1,296173.5384830772,1936.0,14669.0,3283.2436844444446,3315.588917697769,1.0098516090677556,0,100,900,1790616830.470729,2377.265625,2918.125,performance,,32861572.0,31968472.0,29839696.0,0.0,0.0,16.9,17.9,16.02,,,
15,75,sharded_n,Sharded-N,100,read-heavy,1,293495.4137623991,319.0,765.0,334.7036444444444,144.31296114253274,0.4311663871544322,0,100,900,1790616836.2179375,2398.94975,3091.598,performance,,32861572.0,31931432.0,29802456.0,0.0,0.0,14.3,17.31,15.85,,,
15,76,thread_local,ThreadLocal,750,read-heavy,1,305426.03122580267,1796.0,8645.0,2396.157371851852,1821.7926823033965,0.7602975930147017,0,100,900,1790616839.0446937,2390.168875,3021.351,performance,,32861572.0,31965892.0,29836888.0,0.0,0.0,14.3,17.31,15.85,,,
15,77,sharded_n,Sharded-N,100,mixed,1,289856.72292008414,327.0,748.0,339.1057222222222,135.80148686376532,0.40046946413594314,0,100,900,1790616844.0197773,2754.904875,3331.755,performance,,32861572.0,31944740.0,29815668.0,0.0,0.0,14.6,17.33,15.86,,,
15,78,hdr_histogram,HdrHistogram,750,read-heavy,1,304433.07556437596,1768.0,8309.0,2414.010574814815,1831.6398043909803,0.7587538445358676,0,100,900,1790616846.6882174,2300.0,2300.0,performance,,32861572.0,31983904.0,29854812.0,0.0,0.0,13.43,17.04,15.78,,,
15,79,hdr_histogram,HdrHistogram,750,mixed,1,297329.4724415644,1847.0,8598.0,2462.1655955555557,1842.2022257369108,0.7482040318743232,0,100,900,1790616851.6667144,2586.897875,3180.389,performance,,32861572.0,31952320.0,29823040.0,0.0,0.0,12.35,16.76,15.69,,,
15,80,sharded_n,Sharded-N,100,write-heavy,1,287763.3995516243,325.0,768.0,340.39916666666664,146.9220602537756,0.4316169798313518,0,100,900,1790616856.5424597,2300.0,2300.0,performance,,32861572.0,31944868.0,29815568.0,0.0,0.0,11.36,16.48,15.61,,,
15,81,hdr_histogram,HdrHistogram,1500,write-heavy,1,282284.3677870097,2052.0,28294.0,5122.828298518519,7026.516701855505,1.371608863776972,0,100,900,1790616859.2124221,2749.175875,3233.777,performance,,32861572.0,31953724.0,29824376.0,0.0,0.0,11.36,16.48,15.61,,,
15,82,sharded_2key,Sharded-2key,3000,mixed,1,267925.2227359797,2196.0,76884.0,10762.465788148149,18469.22731464325,1.7160776794275105,0,100,900,1790616866.9221117,2300.0,2300.0,performance,,32861572.0,31945712.0,29815980.0,0.0,0.0,12.27,16.52,15.63,,,
15,83,sharded_n,Sharded-N,1000,read-heavy,1,316242.2500303824,1810.0,13275.0,3066.343431111111,2998.8107742621437,0.9779761600857291,0,100,900,1790616880.5379646,2839.631375,3221.165,performance,,32861572.0,31979108.0,29849172.0,0.0,0.0,11.89,16.25,15.56,,,
15,84,sharded_n,Sharded-N,1500,write-heavy,1,282868.9597106287,2030.0,28716.0,5127.997615555556,6911.935640472053,1.3478819918919227,0,100,900,1790616886.253457,2412.572625,3200.581,performance,,32861572.0,31959020.0,29828972.0,0.0,0.0,10.94,15.98,15.48,,,
15,85,sharded_n,Sharded-N,3000,write-heavy,1,263699.0118429783,2239.0,77104.0,10922.894676666667,18469.191893904244,1.690869722781258,0,100,900,1790616893.9433987,2480.782,3137.815,performance,,32861572.0,31943224.0,29813036.0,0.0,0.0,11.83,16.08,15.51,,,
15,86,disabled,Disabled,250,mixed,1,319879.0116922517,746.0,1555.0,765.3589155555555,318.3082241932673,0.4158940566625725,0,100,900,1790616907.755201,3077.388,3217.279,performance,,32861572.0,31977280.0,29846664.0,0.0,0.0,13.31,16.23,15.57,,,
15,87,global_mutex,GlobalMutex,2000,read-heavy,1,286117.32069986843,2027.0,41496.0,6734.675712777777,10257.217335912319,1.5230454699476002,0,100,900,1790616910.8707368,2424.34875,3294.79,performance,,32861572.0,31986196.0,29855608.0,0.0,0.0,12.24,15.96,15.49,,,
15,88,sharded_2key,Sharded-2key,100,mixed,1,287611.14696823194,326.0,742.0,340.8601111111111,149.0687473129364,0.4373311586005558,0,100,900,1790616920.4282596,2860.321875,3132.604,performance,,32861572.0,31956508.0,29825572.0,0.0,0.0,12.06,15.86,15.46,,,
15,89,global_mutex,GlobalMutex,2000,mixed,1,281170.87851478596,2072.0,42398.0,6845.495494444444,10357.789704560058,1.5130810783479538,0,100,900,1790616923.0940368,2300.0,2300.0,performance,,32861572.0,31965096.0,29834176.0,0.0,0.0,11.09,15.6,15.37,,,
15,90,global_mutex,GlobalMutex,250,mixed,1,305125.7575606369,785.0,1690.0,803.9273244444445,341.7340310550621,0.42508075128708683,0,100,900,1790616932.5932622,2677.12875,3157.343,performance,,32861572.0,31955800.0,29824660.0,0.0,0.0,13.38,15.93,15.48,,,
15,91,disabled,Disabled,250,write-heavy,1,307117.0469092379,771.0,1693.0,796.8902488888889,350.53012508468726,0.4398725239434596,0,100,900,1790616935.7426705,2403.40575,3127.246,performance,,32861572.0,31963736.0,29832600.0,0.0,0.0,12.31,15.66,15.4,,,
15,92,sharded_2key,Sharded-2key,750,read-heavy,1,311048.649736406,1739.0,8477.0,2351.430245925926,1805.962965308256,0.7680274456098608,0,100,900,1790616938.889784,2408.7495,3169.996,performance,,32861572.0,31968164.0,29836984.0,0.0,0.0,12.31,15.66,15.4,,,
15,93,sharded_2key,Sharded-2key,1500,write-heavy,1,296062.3271656804,1907.0,27150.0,4912.95666962963,6514.999988887476,1.3260853752611295,0,100,900,1790616943.827964,2407.995875,3163.967,performance,,32861572.0,31959872.0,29828580.0,0.0,0.0,12.69,15.68,15.41,,,
15,94,sharded_2key,Sharded-2key,2000,read-heavy,1,290043.2466839871,1973.0,41073.0,6641.495673888889,10220.259973810109,1.5388491501983763,0,100,900,1790616951.3066146,2372.501875,2880.015,performance,,32861572.0,31964124.0,29832580.0,0.0,0.0,11.55,15.35,15.3,,,
15,95,thread_local,ThreadLocal,1500,read-heavy,1,300731.2639555721,1858.0,26121.0,4817.313477777778,6255.997116980414,1.298648540486159,0,100,900,1790616960.7463334,2674.76,3118.707,performance,,32861572.0,31975956.0,29844084.0,0.0,0.0,11.76,15.28,15.28,,,
15,96,sharded_n,Sharded-N,1000,write-heavy,1,288212.8810432758,1973.0,15615.0,3371.8017611111113,3496.8201889447564,1.0370776328773397,0,100,900,1790616968.3155355,2400.225375,3101.803,performance,,32861572.0,31954252.0,29822248.0,0.0,0.0,12.66,15.41,15.32,,,
15,97,disabled,Disabled,750,read-heavy,1,309872.5783575065,1748.0,8381.0,2365.6203881481483,1794.7444811992068,0.7586781421866956,0,100,900,1790616974.1520169,2300.0,2300.0,performance,,32861572.0,31924796.0,29792728.0,0.0,0.0,13.73,15.59,15.38,,,
15,98,thread_local,ThreadLocal,1500,mixed,1,290463.6232842374,1978.0,28690.0,4986.297754814815,6770.359721007242,1.3577929064644647,0,100,900,1790616979.0965006,2399.663125,3097.305,performance,,32861572.0,31956640.0,29824460.0,0.0,0.0,13.59,15.53,15.36,,,
15,99,global_mutex,GlobalMutex,100,mixed,1,286195.6713763291,329.0,715.0,342.4364,138.66511297074584,0.4049368378208212,0,100,900,1790616986.6361506,2300.0,2300.0,performance,,32861572.0,31977032.0,29844572.0,0.0,0.0,13.05,15.36,15.31,,,
15,100,sharded_2key,Sharded-2key,1000,mixed,1,296472.8032708053,1881.0,14085.0,3273.7329144444443,3226.2665318760423,0.9855008383979739,0,100,900,1790616989.306883,2863.34725,3412.461,performance,,32861572.0,31990384.0,29857892.0,0.0,0.0,13.05,15.36,15.31,,,
15,101,sharded_2key,Sharded-2key,2000,write-heavy,1,278338.5673648403,2105.0,44387.0,6947.844952222223,10640.968553794828,1.5315495131179322,0,100,900,1790616995.0509667,2388.958,3011.664,performance,,32861572.0,31932652.0,29800144.0,0.0,0.0,14.01,15.52,15.36,,,
15,102,sharded_n,Sharded-N,500,read-heavy,1,313198.714359367,1440.0,4069.0,1561.4164666666666,806.0795768081795,0.5162489278270578,0,100,900,1790617004.6259506,2409.471125,3175.769,performance,,32861572.0,31988552.0,29855756.0,0.0,0.0,14.39,15.55,15.37,,,
15,103,disabled,Disabled,100,read-heavy,1,300925.7136989951,311.0,738.0,325.0047222222222,137.92053449025127,0.42436470937166265,0,100,900,1790617008.7370472,2406.55275,3152.422,performance,,32861572.0,31962432.0,29829688.0,0.0,0.0,14.6,15.58,15.38,,,
15,104,hdr_histogram,HdrHistogram,2000,write-heavy,1,278129.5494649934,2074.0,42124.0,6932.439143888889,10411.210680485707,1.5018106130312645,0,100,900,1790617011.5627415,2644.382625,3278.755,performance,,32861572.0,31987664.0,29854904.0,0.0,0.0,13.43,15.32,15.3,,,
15,105,disabled,Disabled,1000,write-heavy,1,292612.4311181559,1945.0,14912.0,3320.3956455555553,3431.8566243165615,1.0335685835843689,0,100,900,1790617021.1413627,2300.0,2300.0,performance,,32861572.0,31952064.0,29818932.0,0.0,0.0,12.4,15.04,15.21,,,
15,106,disabled,Disabled,1500,write-heavy,1,288397.5293693758,1982.0,28711.0,5041.900733333333,6714.648726844575,1.3317693231150438,0,100,900,1790617026.9227092,2401.643875,3113.151,performance,,32861572.0,31941816.0,29808604.0,0.0,0.0,11.41,14.79,15.13,,,
15,107,sharded_2key,Sharded-2key,500,mixed,1,306921.69625235285,1488.0,4220.0,1596.814828888889,810.2188896888638,0.5073968972674421,0,100,900,1790617034.501195,2411.08825,3188.706,performance,,32861572.0,31959628.0,29826208.0,0.0,0.0,12.49,14.96,15.18,,,
15,108,thread_local,ThreadLocal,500,write-heavy,1,306336.34489394486,1469.0,4257.0,1590.2087288888888,830.0072735539331,0.5219486338336704,0,100,900,1790617038.4839165,2413.0395,3204.316,performance,,32861572.0,31967416.0,29833988.0,0.0,0.0,12.86,14.99,15.19,,,
15,109,sharded_n,Sharded-N,750,mixed,1,302457.3125538875,1844.0,8451.0,2417.435696296296,1770.9003467484868,0.732553237904796,0,100,900,1790617042.4659731,2632.131625,3296.274,performance,,32861572.0,31946880.0,29813332.0,0.0,0.0,11.83,14.75,15.11,,,
15,110,global_mutex,GlobalMutex,1500,write-heavy,1,288244.84688721655,1973.0,26579.0,5032.584516296296,6464.13057035831,1.284455442213925,0,100,900,1790617047.3055332,2402.41675,3119.334,performance,,32861572.0,31962980.0,29829268.0,0.0,0.0,10.88,14.5,15.03,,,
15,111,hdr_histogram,HdrHistogram,500,mixed,1,305617.84045257454,1474.0,4354.0,1604.28052,837.1829934703794,0.5218432705711463,0,100,900,1790617054.9148598,2413.089375,3204.715,performance,,32861572.0,31957728.0,29823844.0,0.0,0.0,11.61,14.59,15.05,,,
15,112,thread_local,ThreadLocal,250,write-heavy,1,311215.30193687417,761.0,1691.0,786.1594533333333,348.3656618422477,0.4431234151865371,0,100,900,1790617058.9068122,2392.409625,3039.277,performance,,32861572.0,31946316.0,29812444.0,0.0,0.0,12.76,14.78,15.11,,,
15,113,thread_local,ThreadLocal,2000,write-heavy,1,281014.74604646815,2052.0,43771.0,6867.053278888889,10443.598016787102,1.5208267058147698,0,100,900,1790617062.048881,2409.517625,3176.141,performance,,32861572.0,31965856.0,29831992.0,0.0,0.0,11.74,14.54,15.03,,,
15,114,thread_local,ThreadLocal,250,mixed,1,309067.9086192898,780.0,1636.0,794.9823066666667,330.4607954619369,0.41568320790376784,0,100,900,1790617071.5515356,2916.472875,3109.18,performance,,32861572.0,31962344.0,29828012.0,0.0,0.0,10.67,14.22,14.92,,,
15,115,hdr_histogram,HdrHistogram,2000,read-heavy,1,287608.6605132732,2014.0,40981.0,6707.9223272222225,10303.882737528918,1.5360766322104682,0,100,900,1790617074.6932263,2300.0,2300.0,performance,,32861572.0,31965912.0,29831676.0,0.0,0.0,10.67,14.22,14.92,,,
15,116,hdr_histogram,HdrHistogram,3000,write-heavy,1,266291.67367977434,2229.0,78773.0,10826.52286851852,18422.82509383894,1.7016382191746005,0,100,900,1790617084.2093203,2896.901125,3255.307,performance,,32861572.0,31944436.0,29809776.0,0.0,0.0,12.16,14.41,14.98,,,
15,117,sharded_n,Sharded-N,250,write-heavy,1,308133.93135272857,771.0,1712.0,797.8435688888889,351.83799789152624,0.440986192796554,0,100,900,1790617097.9069622,2517.785,3257.393,performance,,32861572.0,31961468.0,29826464.0,0.0,0.0,12.69,14.4,14.96,,,
15,118,global_mutex,GlobalMutex,500,read-heavy,1,309587.7244009212,1480.0,4022.0,1581.5130177777778,785.2521086188003,0.4965195352752626,0,100,900,1790617101.0508122,2591.883,3132.365,performance,,32861572.0,31975632.0,29840644.0,0.0,0.0,11.68,14.16,14.88,,,
15,119,thread_local,ThreadLocal,1000,read-heavy,1,305568.19867555366,1804.0,14009.0,3181.6175744444445,3181.651481613948,1.0000106572109029,0,100,900,1790617105.1781213,2300.0,2300.0,performance,,32861572.0,31978040.0,29843056.0,0.0,0.0,11.68,14.16,14.88,,,
15,120,global_mutex,GlobalMutex,3000,write-heavy,1,269159.22391393787,2187.0,74462.0,10691.452945185185,17854.640169690527,1.669991932923507,0,100,900,1790617110.9895368,2375.686,2905.488,performance,,32861572.0,31921544.0,29786420.0,0.0,0.0,9.96,13.71,14.73,,,
15,121,hdr_histogram,HdrHistogram,1000,read-heavy,1,295549.4577521424,1894.0,14216.0,3297.063057777778,3276.9721228560065,0.9939064147182818,0,100,900,1790617124.5579338,2602.81275,3158.027,performance,,32861572.0,31978672.0,29843020.0,0.0,0.0,11.46,13.9,14.78,,,
15,122,sharded_2key,Sharded-2key,3000,read-heavy,1,277576.90131421393,2091.0,73093.0,10383.452686296296,17693.021493925204,1.7039632219132477,0,100,900,1790617130.4785783,2384.6935,2977.548,performance,,32861572.0,31938524.0,29802860.0,0.0,0.0,11.98,13.97,14.8,,,
15,123,sharded_n,Sharded-N,3000,read-heavy,1,274123.1337243611,2126.0,73971.0,10518.358808888888,17721.99111402426,1.6848627657622501,0,100,900,1790617143.8914843,2738.850375,3156.619,performance,,32861572.0,31983132.0,29847108.0,0.0,0.0,11.11,13.66,14.68,,,
15,124,sharded_2key,Sharded-2key,1000,write-heavy,1,293324.4722834862,1930.0,14331.0,3315.1497766666666,3291.156977087332,0.9927626800610321,0,100,900,1790617157.4271138,2745.613375,3297.672,performance,,32861572.0,31962020.0,29825624.0,0.0,0.0,11.54,13.66,14.67,,,
15,125,disabled,Disabled,500,read-heavy,1,308059.57621375023,1477.0,4176.0,1587.1153111111112,820.3798459759673,0.5168999632431458,0,100,900,1790617163.2037768,2411.661125,3193.289,performance,,32861572.0,31948096.0,29811664.0,0.0,0.0,13.42,14.01,14.78,,,
15,126,hdr_histogram,HdrHistogram,250,read-heavy,1,319005.42354873253,751.0,1597.0,767.0840222222222,328.57210998291964,0.42833913947399777,0,100,900,1790617167.3436487,2397.611,3080.888,performance,,32861572.0,31961764.0,29825364.0,0.0,0.0,12.35,13.78,14.7,,,
15,127,hdr_histogram,HdrHistogram,1500,read-heavy,1,287770.4435373296,1965.0,27396.0,5045.273812592593,6643.382634993886,1.3167536355336245,0,100,900,1790617170.6390789,2300.0,2300.0,performance,,32861572.0,31958044.0,29821588.0,0.0,0.0,11.36,13.55,14.62,,,
15,128,global_mutex,GlobalMutex,1000,write-heavy,1,288066.68573239224,1967.0,15378.0,3380.9686122222224,3459.339547108584,1.0231800243879965,0,100,900,1790617178.3903737,2300.0,2300.0,performance,,32861572.0,31947564.0,29810716.0,0.0,0.0,11.81,13.61,14.63,,,
15,129,sharded_2key,Sharded-2key,1500,mixed,1,286529.7782070025,2010.0,28320.0,5056.3257511111115,6780.230097653302,1.3409401275547503,0,100,900,1790617184.227713,2377.94725,2923.578,performance,,32861572.0,31943680.0,29806764.0,0.0,0.0,11.99,13.61,14.63,,,
15,130,thread_local,ThreadLocal,250,read-heavy,1,319574.3213226769,745.0,1622.0,768.2997866666667,334.6305674315805,0.4355468701656204,0,100,900,1790617191.8447726,2512.564375,3408.982,performance,,32861572.0,31945364.0,29808188.0,0.0,0.0,18.69,15.06,15.09,,,
15,131,sharded_2key,Sharded-2key,1000,read-heavy,1,297151.4644604768,1863.0,14489.0,3277.3495444444443,3338.3013377251805,1.018597892124158,0,100,900,1790617195.1309304,2739.101125,3261.398,performance,,32861572.0,31961716.0,29824608.0,0.0,0.0,18.69,15.06,15.09,,,
15,132,global_mutex,GlobalMutex,750,write-heavy,1,293227.24865546793,1850.0,8828.0,2496.589285925926,1884.8530630869366,0.7549712216232191,0,100,900,1790617201.0285501,2409.004125,3172.033,performance,,32861572.0,31938372.0,29801092.0,0.0,0.0,15.89,14.58,14.93,,,
15,133,sharded_2key,Sharded-2key,750,mixed,1,303050.21006187954,1780.0,8385.0,2416.208860740741,1808.9890344850826,0.748689016035848,0,100,900,1790617205.9471076,2735.186,3253.067,performance,,32861572.0,31927508.0,29790180.0,0.0,0.0,14.62,14.34,14.85,,,
15,134,hdr_histogram,HdrHistogram,3000,mixed,1,268473.7677337674,2182.0,78563.0,10712.43429851852,18354.72811338696,1.7134040314184549,0,100,900,1790617210.7897058,2441.0525,3428.42,performance,,32861572.0,31930908.0,29793380.0,0.0,0.0,13.45,14.1,14.77,,,
15,135,thread_local,ThreadLocal,2000,read-heavy,1,291136.32682338817,1982.0,42780.0,6629.079125555556,10235.122867379074,1.5439735555308083,0,100,900,1790617224.3962064,2707.112625,3191.902,performance,,32861572.0,31974500.0,29836584.0,0.0,0.0,13.75,14.14,14.78,,,
15,136,hdr_histogram,HdrHistogram,1000,mixed,1,292271.02371526835,1927.0,14812.0,3317.140443333333,3388.013163896471,1.0213656074482993,0,100,900,1790617233.8379622,2990.9295,3512.03,performance,,32861572.0,31954332.0,29816240.0,0.0,0.0,13.85,14.16,14.78,,,
15,137,thread_local,ThreadLocal,100,mixed,1,302178.8931414114,310.0,712.0,324.3653444444444,132.01114974177068,0.40698290370037005,0,100,900,1790617239.6305213,2411.977,3195.816,performance,,32861572.0,31955012.0,29816852.0,0.0,0.0,13.38,14.05,14.74,,,
15,138,thread_local,ThreadLocal,3000,write-heavy,1,273065.76841885765,2152.0,77378.0,10548.419944814816,18150.755510962987,1.7207084668529127,0,100,900,1790617242.2821596,2644.951875,3272.044,performance,,32861572.0,31964440.0,29826272.0,0.0,0.0,12.31,13.82,14.66,,,
15,139,thread_local,ThreadLocal,750,write-heavy,1,321086.80785348004,1739.0,7916.0,2275.777134814815,1675.459482499146,0.7362142174943163,0,100,900,1790617255.6968222,2437.45025,3399.602,performance,,32861572.0,31966616.0,29827912.0,0.0,0.0,11.97,13.68,14.6,,,
15,140,sharded_n,Sharded-N,750,read-heavy,1,309137.42620058975,1747.0,8653.0,2358.103948148148,1825.9013522139214,0.7743091027212041,0,100,900,1790617260.4024904,2300.0,2300.0,performance,,32861572.0,31967488.0,29828900.0,0.0,0.0,11.97,13.68,14.6,,,
15,141,sharded_2key,Sharded-2key,2000,mixed,1,285574.6751456627,2022.0,43127.0,6757.3976227777775,10408.501577486724,1.5403121376788362,0,100,900,1790617265.3458405,2406.009,3148.072,performance,,32861572.0,31959140.0,29820428.0,0.0,0.0,11.01,13.45,14.52,,,
15,142,global_mutex,GlobalMutex,100,write-heavy,1,287802.7772756952,329.0,714.0,340.9042888888889,139.65762046262634,0.4096681239118849,0,100,900,1790617274.747039,2764.474875,3114.61,performance,,32861572.0,31973576.0,29834488.0,0.0,0.0,10.44,13.24,14.44,,,
15,143,thread_local,ThreadLocal,500,read-heavy,1,308786.0979371487,1448.0,4364.0,1579.6982333333333,831.8312409107539,0.5265760405109148,0,100,900,1790617277.418384,2300.0,2300.0,performance,,32861572.0,31994792.0,29855660.0,0.0,0.0,9.61,13.02,14.37,,,
15,144,thread_local,ThreadLocal,100,write-heavy,1,295211.6280317742,315.0,771.0,331.86693333333335,143.38914064101817,0.432068176243987,0,100,900,1790617281.553551,2502.153125,3228.035,performance,,32861572.0,31973060.0,29834024.0,0.0,0.0,8.84,12.81,14.29,,,
