{
  "timestamp": "1776685487",
  "runs_per_config": 1,
  "results": [
    {
      "name": "Mixed (50% GET / 50% SET)",
      "concurrency": 1000,
      "target": "RustRedis",
      "runs": 1,
      "ops_per_sec_mean": 54725.507544783264,
      "ops_per_sec_stddev": 0.0,
      "p50_us_mean": 6736.0,
      "p50_us_stddev": 0.0,
      "p99_us_mean": 168073.0,
      "p99_us_stddev": 0.0,
      "max_us_mean": 455436.0,
      "max_us_stddev": 0.0,
      "total_errors": 0,
      "per_run": [
        {
          "name": "Mixed (50% GET / 50% SET)",
          "concurrency": 1000,
          "warmup_ops_per_client": 100,
          "measured_ops_per_client": 900,
          "total_ops": 900000,
          "duration_secs": 16.445713167,
          "ops_per_sec": 54725.507544783264,
          "p50_us": 6736.0,
          "p95_us": 75414.0,
          "p99_us": 168073.0,
          "max_us": 455436.0,
          "avg_us": 17754.41367111111,
          "latency_stddev_us": 31775.571148371164,
          "latency_cv": 1.7897279931059857,
          "errors": 0,
          "target": "RustRedis"
        }
      ]
    }
  ],
  "memory_samples": [
    {
      "elapsed_secs": 0.007854541,
      "rss_bytes": 0,
      "vsize_bytes": 0,
      "label": "idle"
    },
    {
      "elapsed_secs": 18.97054425,
      "rss_bytes": 0,
      "vsize_bytes": 0,
      "label": "mixed_c1000"
    }
  ]
}