{
  "timestamp": "1776680106",
  "runs_per_config": 1,
  "results": [
    {
      "name": "Mixed (50% GET / 50% SET)",
      "concurrency": 600,
      "target": "RustRedis",
      "runs": 1,
      "ops_per_sec_mean": 212719.1789236656,
      "ops_per_sec_stddev": 0.0,
      "p50_us_mean": 2589.0,
      "p50_us_stddev": 0.0,
      "p99_us_mean": 7269.0,
      "p99_us_stddev": 0.0,
      "max_us_mean": 80611.0,
      "max_us_stddev": 0.0,
      "total_errors": 0,
      "per_run": [
        {
          "name": "Mixed (50% GET / 50% SET)",
          "concurrency": 600,
          "warmup_ops_per_client": 100,
          "measured_ops_per_client": 900,
          "total_ops": 540000,
          "duration_secs": 2.5385581249999998,
          "ops_per_sec": 212719.1789236656,
          "p50_us": 2589.0,
          "p95_us": 5250.0,
          "p99_us": 7269.0,
          "max_us": 80611.0,
          "avg_us": 2791.5528685185186,
          "latency_stddev_us": 1390.395157695533,
          "latency_cv": 0.4980722999645061,
          "errors": 0,
          "target": "RustRedis"
        }
      ]
    }
  ],
  "memory_samples": [
    {
      "elapsed_secs": 0.000689125,
      "rss_bytes": 0,
      "vsize_bytes": 0,
      "label": "idle"
    },
    {
      "elapsed_secs": 2.8566411670000003,
      "rss_bytes": 0,
      "vsize_bytes": 0,
      "label": "mixed_c600"
    }
  ]
}