{
  "timestamp": "1776685503",
  "runs_per_config": 1,
  "results": [
    {
      "name": "Mixed (50% GET / 50% SET)",
      "concurrency": 1000,
      "target": "RustRedis",
      "runs": 1,
      "ops_per_sec_mean": 76025.81339853455,
      "ops_per_sec_stddev": 0.0,
      "p50_us_mean": 4863.0,
      "p50_us_stddev": 0.0,
      "p99_us_mean": 128254.0,
      "p99_us_stddev": 0.0,
      "max_us_mean": 413354.0,
      "max_us_stddev": 0.0,
      "total_errors": 0,
      "per_run": [
        {
          "name": "Mixed (50% GET / 50% SET)",
          "concurrency": 1000,
          "warmup_ops_per_client": 100,
          "measured_ops_per_client": 900,
          "total_ops": 900000,
          "duration_secs": 11.838084458,
          "ops_per_sec": 76025.81339853455,
          "p50_us": 4863.0,
          "p95_us": 53499.0,
          "p99_us": 128254.0,
          "max_us": 413354.0,
          "avg_us": 13002.074368888889,
          "latency_stddev_us": 24450.360882578563,
          "latency_cv": 1.8804969260199673,
          "errors": 0,
          "target": "RustRedis"
        }
      ]
    }
  ],
  "memory_samples": [
    {
      "elapsed_secs": 0.004009125,
      "rss_bytes": 0,
      "vsize_bytes": 0,
      "label": "idle"
    },
    {
      "elapsed_secs": 13.658326041,
      "rss_bytes": 0,
      "vsize_bytes": 0,
      "label": "mixed_c1000"
    }
  ]
}