block_id,order_in_block,strategy,strategy_label,concurrency,workload,run_id,metric_cardinality,achieved_metric_entries,throughput,p50,p99,avg_latency,latency_stddev,latency_cv,errors,warmup_ops_per_client,measured_ops_per_client,unix_time,cpu_freq_mean_mhz,cpu_freq_max_mhz,cpu_governor,temp_max_celsius,mem_total_kb,mem_available_kb,mem_free_kb,swap_total_kb,swap_free_kb,load_1m,load_5m,load_15m,ac_online,battery_status,battery_capacity_pct
1,1,sharded_n,Sharded-N,1000,mixed,1,,10002,266212.627187941,2148.0,15682.0,3659.399661111111,3650.273477126715,0.9975060980407849,0,100,900,1790692086.698217,2650.478875,3010.296,performance,,32861568.0,32024264.0,30284472.0,0.0,0.0,11.68,10.33,4.61,,,
1,2,hdr_histogram,HdrHistogram,100,mixed,1,,4,266762.033896183,350.0,887.0,367.93154444444446,161.67386003523467,0.43941288121776273,0,100,900,1790692092.8261957,2387.75,3002.0,performance,,32861568.0,31958348.0,30218348.0,0.0,0.0,11.78,10.37,4.65,,,
1,3,sharded_bucketed,Sharded-Bucketed-100,1000,mixed,1,100,202,273031.3191632415,2104.0,15605.0,3566.224371111111,3539.4445171918505,0.9924906985280579,0,100,900,1790692095.5275855,2738.171,3030.655,performance,,32861568.0,31978340.0,30238192.0,0.0,0.0,10.84,10.2,4.63,,,
1,4,disabled,Disabled,100,mixed,1,,,288482.8445839351,329.0,697.0,340.32415555555554,139.2857420159379,0.40927374605121286,0,100,900,1790692101.5427644,2643.339625,3011.69,performance,,32861568.0,31973656.0,30233428.0,0.0,0.0,10.77,10.2,4.66,,,
1,5,sharded_bucketed,Sharded-Bucketed-1000,100,mixed,1,1000,2002,283101.8630637924,335.0,695.0,346.26495555555556,136.69013408527707,0.3947558997588082,0,100,900,1790692104.2114398,2300.0,2300.0,performance,,32861568.0,32005472.0,30265208.0,0.0,0.0,9.91,10.03,4.63,,,
1,6,sharded_bucketed,Sharded-Bucketed-100,100,mixed,1,100,202,273643.45256625174,342.0,809.0,358.6996555555556,152.62636743212477,0.4254990632643245,0,100,900,1790692106.890449,2386.839,2994.712,performance,,32861568.0,32018568.0,30278292.0,0.0,0.0,9.91,10.03,4.63,,,
1,7,sharded_bucketed,Sharded-Bucketed-10000,100,mixed,1,10000,13001,280264.6481774189,334.0,787.0,349.26245555555556,148.4189978007542,0.42494976325087963,0,100,900,1790692109.578082,2387.462625,2999.701,performance,,32861568.0,32018516.0,30278244.0,0.0,0.0,9.12,9.86,4.61,,,
1,8,sharded_n,Sharded-N,3000,mixed,1,,10002,231404.40181400717,2586.0,90636.0,12444.96179888889,21166.143038300695,1.7007800731208713,0,100,900,1790692112.2625163,2300.0,2300.0,performance,,32861568.0,32023876.0,30283584.0,0.0,0.0,9.12,9.86,4.61,,,
1,9,thread_local,ThreadLocal,100,mixed,1,,4,283845.07309512096,332.0,719.0,345.3315888888889,138.3560933003977,0.40064708168042523,0,100,900,1790692127.6217453,2481.20325,3062.838,performance,,32861568.0,32013792.0,30272948.0,0.0,0.0,12.29,10.54,4.91,,,
1,10,sharded_bucketed,Sharded-Bucketed-1,100,mixed,1,1,4,274366.0620472935,342.0,808.0,358.0725444444444,151.66612021767216,0.4235625505803152,0,100,900,1790692130.2944732,2300.0,2300.0,performance,,32861568.0,32027956.0,30287088.0,0.0,0.0,11.31,10.36,4.89,,,
1,11,sharded_bucketed,Sharded-Bucketed-10,3000,mixed,1,10,22,234645.47743057966,2501.0,79919.0,12293.338974444445,20662.96018388202,1.6808257078761477,0,100,900,1790692132.9769778,2300.0,2300.0,performance,,32861568.0,32023288.0,30282412.0,0.0,0.0,11.31,10.36,4.89,,,
1,12,sharded_n,Sharded-N,100,mixed,1,,10002,277660.93993960327,338.0,793.0,352.97316666666666,148.5932693315402,0.4209761062995068,0,100,900,1790692148.180467,2390.258625,3022.069,performance,,32861568.0,32030412.0,30289340.0,0.0,0.0,16.75,11.58,5.37,,,
1,13,thread_local,ThreadLocal,1000,mixed,1,,4,271197.62860671344,2118.0,15821.0,3585.1128077777776,3648.34381161866,1.017637102995394,0,100,900,1790692150.8670695,2387.939375,3003.515,performance,,32861568.0,32035188.0,30294120.0,0.0,0.0,15.41,11.39,5.34,,,
1,14,sharded_2key,Sharded-2key,1000,mixed,1,,4,279463.4487719926,2003.0,15017.0,3477.8099544444444,3480.917356427537,1.0008934939009884,0,100,900,1790692156.9158275,2300.0,2300.0,performance,,32861568.0,31999476.0,30258220.0,0.0,0.0,14.66,11.3,5.35,,,
1,15,sharded_2key,Sharded-2key,100,mixed,1,,4,282105.75458281976,333.0,800.0,347.8608111111111,146.0601518001209,0.41988101888679685,0,100,900,1790692162.852201,2386.90925,2995.274,performance,,32861568.0,31988696.0,30247328.0,0.0,0.0,14.53,11.32,5.39,,,
1,16,sharded_bucketed,Sharded-Bucketed-10,1000,mixed,1,10,22,268009.6462484516,2165.0,14966.0,3627.166222222222,3503.661179413599,0.9659499909179909,0,100,900,1790692165.529909,2652.290625,3010.47,performance,,32861568.0,32005324.0,30263928.0,0.0,0.0,13.36,11.14,5.36,,,
1,17,thread_local,ThreadLocal,3000,mixed,1,,4,238284.3396856908,2460.0,79376.0,12082.865424444444,20518.849266069385,1.6981774227625164,0,100,900,1790692171.621118,2916.522875,3063.438,performance,,32861568.0,31996344.0,30254892.0,0.0,0.0,13.73,11.25,5.43,,,
1,18,sharded_bucketed,Sharded-Bucketed-10,100,mixed,1,10,22,278802.2555969863,338.0,767.0,352.1417777777778,143.35615980658187,0.40709784766591384,0,100,900,1790692186.6232924,2387.062875,2996.503,performance,,32861568.0,32013572.0,30271616.0,0.0,0.0,15.62,11.79,5.7,,,
1,19,hdr_histogram,HdrHistogram,1000,mixed,1,,4,268335.0710980873,2130.0,15657.0,3621.37168,3616.204927443627,0.998573260904174,0,100,900,1790692189.3014898,2912.00925,3033.273,performance,,32861568.0,32022476.0,30280504.0,0.0,0.0,14.37,11.6,5.67,,,
1,20,sharded_bucketed,Sharded-Bucketed-1000,1000,mixed,1,1000,2002,270780.46058389806,2088.0,15018.0,3581.8260466666666,3541.0074836204744,0.9886039795025281,0,100,900,1790692195.397593,2300.0,2300.0,performance,,32861568.0,31971016.0,30228980.0,0.0,0.0,13.21,11.4,5.64,,,
1,21,global_mutex,GlobalMutex,1000,mixed,1,,4,268420.2857406952,2131.0,15625.0,3620.905726666667,3636.0473673270576,1.0041817273918174,0,100,900,1790692201.4564824,2300.0,2300.0,performance,,32861568.0,31980932.0,30238760.0,0.0,0.0,14.56,11.71,5.77,,,
1,22,hdr_histogram,HdrHistogram,3000,mixed,1,,4,232758.5340673628,2561.0,88698.0,12380.32246925926,21004.770196722122,1.6966254513061065,0,100,900,1790692207.5412652,2836.419625,3071.979,performance,,32861568.0,31998668.0,30256380.0,0.0,0.0,17.0,12.27,5.98,,,
1,23,sharded_2key,Sharded-2key,3000,mixed,1,,4,235827.69300025658,2496.0,84935.0,12237.447584814814,20668.224567714267,1.6889326327624907,0,100,900,1790692222.8427944,2300.0,2300.0,performance,,32861568.0,32008396.0,30265560.0,0.0,0.0,17.26,12.54,6.17,,,
1,24,sharded_bucketed,Sharded-Bucketed-10000,3000,mixed,1,10000,13042,234028.48610802865,2512.0,78775.0,12314.862703333334,20684.724097631464,1.6796552747626339,0,100,900,1790692237.9805803,2971.108875,3111.237,performance,,32861568.0,32004968.0,30261756.0,0.0,0.0,20.33,13.48,6.58,,,
1,25,thread_local_owned,ThreadLocal-Owned,1000,mixed,1,,4,276208.3731397808,2059.0,14867.0,3515.9526044444447,3458.386033263759,0.9836270343610671,0,100,900,1790692253.2147906,2300.0,2300.0,performance,,32861568.0,32011064.0,30267444.0,0.0,0.0,20.35,13.79,6.79,,,
1,26,sharded_bucketed,Sharded-Bucketed-1000,3000,mixed,1,1000,2002,232363.30278541378,2558.0,84497.0,12417.09059037037,20864.751978469365,1.6803253408371102,0,100,900,1790692259.1989503,2300.0,2300.0,performance,,32861568.0,32011996.0,30268452.0,0.0,0.0,21.49,14.28,7.03,,,
1,27,thread_local_owned,ThreadLocal-Owned,3000,mixed,1,,4,235990.277221905,2494.0,85437.0,12258.49769,20795.25738286223,1.6963952605567796,0,100,900,1790692274.520975,2659.316125,3093.964,performance,,32861568.0,32022160.0,30278160.0,0.0,0.0,18.23,13.92,7.03,,,
1,28,sharded_bucketed,Sharded-Bucketed-1,1000,mixed,1,1,4,277904.2407614966,2082.0,15498.0,3498.857812222222,3515.6266775410563,1.0047926684131767,0,100,900,1790692289.642177,2387.807125,3002.457,performance,,32861568.0,32018668.0,30274168.0,0.0,0.0,16.78,13.83,7.11,,,
1,29,sharded_bucketed,Sharded-Bucketed-10000,1000,mixed,1,10000,13042,271008.4633058356,2110.0,15420.0,3587.866358888889,3564.747998180113,0.9935565156568609,0,100,900,1790692295.616048,2387.692875,3001.543,performance,,32861568.0,32000992.0,30256536.0,0.0,0.0,15.44,13.6,7.07,,,
1,30,sharded_bucketed,Sharded-Bucketed-100,3000,mixed,1,100,202,233840.4545037881,2534.0,83545.0,12341.893484444445,20816.193370188885,1.6866288302054568,0,100,900,1790692301.6864314,2300.0,2300.0,performance,,32861568.0,32008636.0,30263984.0,0.0,0.0,15.97,13.74,7.15,,,
1,31,thread_local_owned,ThreadLocal-Owned,100,mixed,1,,4,285834.8444998103,330.0,737.0,343.7750222222222,137.75449792824477,0.40071118907294506,0,100,900,1790692316.92625,2387.680625,3001.445,performance,,32861568.0,32025972.0,30280968.0,0.0,0.0,18.6,14.39,7.47,,,
1,32,disabled,Disabled,3000,mixed,1,,,238021.92981762567,2502.0,86336.0,12113.060364444444,20493.057960593116,1.6918150611010363,0,100,900,1790692319.596436,2388.438125,3007.505,performance,,32861568.0,32029284.0,30284256.0,0.0,0.0,17.11,14.15,7.43,,,
1,33,global_mutex,GlobalMutex,3000,mixed,1,,4,233802.5551045038,2539.0,85396.0,12367.411667407407,20715.548638939308,1.6750108426917052,0,100,900,1790692334.6207364,2470.9225,2996.285,performance,,32861568.0,32032340.0,30286940.0,0.0,0.0,15.5,13.96,7.48,,,
1,34,global_mutex,GlobalMutex,100,mixed,1,,4,275140.5833103262,339.0,877.0,356.62298888888887,168.45809128565435,0.47237025243524033,0,100,900,1790692349.8767254,2482.382125,3044.815,performance,,32861568.0,32025284.0,30279524.0,0.0,0.0,14.98,13.94,7.57,,,
1,35,sharded_bucketed,Sharded-Bucketed-1,3000,mixed,1,1,4,237301.4019809807,2459.0,85491.0,12175.273097407407,20535.67474623058,1.6866705643426947,0,100,900,1790692352.5616944,2300.0,2300.0,performance,,32861568.0,32035664.0,30289864.0,0.0,0.0,14.98,13.94,7.57,,,
1,36,disabled,Disabled,1000,mixed,1,,,275516.91682639933,2077.0,14882.0,3529.755943333333,3451.7286891178023,0.9778944336469207,0,100,900,1790692367.622035,2387.507875,3000.063,performance,,32861568.0,32008448.0,30262392.0,0.0,0.0,16.84,14.42,7.83,,,
2,1,thread_local_owned,ThreadLocal-Owned,100,mixed,1,,4,280828.07074270037,335.0,767.0,349.64304444444446,144.85430355341668,0.4142919639187414,0,100,900,1790692373.6091194,2388.168625,3005.349,performance,,32861568.0,31993136.0,30247052.0,0.0,0.0,16.77,14.44,7.88,,,
2,2,sharded_bucketed,Sharded-Bucketed-10,100,mixed,1,10,22,274719.8029709573,338.0,889.0,356.1817111111111,155.7676572427134,0.43732637691249,0,100,900,1790692376.2888865,2563.44525,3006.96,performance,,32861568.0,32018312.0,30272196.0,0.0,0.0,16.71,14.47,7.92,,,
2,3,global_mutex,GlobalMutex,100,mixed,1,,4,272797.8074937103,343.0,831.0,360.26397777777777,153.05700538843828,0.4248468201915227,0,100,900,1790692378.971895,2381.8585,2954.868,performance,,32861568.0,32025680.0,30279532.0,0.0,0.0,16.71,14.47,7.92,,,
2,4,sharded_bucketed,Sharded-Bucketed-100,1000,mixed,1,100,202,269825.7763833251,2115.0,15529.0,3597.8456433333336,3569.521542648785,0.9921274830850423,0,100,900,1790692381.653791,2300.0,2300.0,performance,,32861568.0,32039132.0,30292952.0,0.0,0.0,15.37,14.23,7.88,,,
2,5,disabled,Disabled,3000,mixed,1,,,241136.8113107104,2439.0,80171.0,11986.38019037037,20351.39867280715,1.697876952806576,0,100,900,1790692387.7349815,2895.2975,3014.62,performance,,32861568.0,31975404.0,30228944.0,0.0,0.0,15.02,14.18,7.89,,,
2,6,thread_local_owned,ThreadLocal-Owned,1000,mixed,1,,4,282360.0841114925,1984.0,15119.0,3437.4767177777776,3394.993874648636,0.9876412710202717,0,100,900,1790692402.5774086,2388.108,3004.864,performance,,32861568.0,32007848.0,30260996.0,0.0,0.0,16.18,14.48,8.1,,,
2,7,sharded_bucketed,Sharded-Bucketed-100,3000,mixed,1,100,202,237399.3523255571,2491.0,83200.0,12156.79539,20589.27421320352,1.693643230200284,0,100,900,1790692408.4962394,2399.99025,3099.922,performance,,32861568.0,31981684.0,30234820.0,0.0,0.0,17.85,14.85,8.25,,,
2,8,thread_local_owned,ThreadLocal-Owned,3000,mixed,1,,4,240588.97856451882,2458.0,82285.0,12028.316141481482,20268.4764271247,1.6850634942347225,0,100,900,1790692423.534823,2300.0,2300.0,performance,,32861568.0,32020408.0,30273128.0,0.0,0.0,18.07,15.04,8.42,,,
2,9,sharded_2key,Sharded-2key,1000,mixed,1,,4,279412.1143408354,2023.0,15173.0,3478.736246666667,3442.39602706696,0.9895536145821552,0,100,900,1790692438.3954713,2300.0,2300.0,performance,,32861568.0,32009600.0,30261948.0,0.0,0.0,18.86,15.36,8.63,,,
2,10,disabled,Disabled,1000,mixed,1,,,281754.0865885081,2000.0,15224.0,3453.1634844444443,3489.61899806612,1.010557135156183,0,100,900,1790692444.345137,2387.205375,2997.643,performance,,32861568.0,32016536.0,30268856.0,0.0,0.0,17.36,15.17,8.64,,,
2,11,sharded_bucketed,Sharded-Bucketed-100,100,mixed,1,100,202,278417.3815600085,336.0,841.0,352.6144,150.43584070145255,0.4266298843763969,0,100,900,1790692450.255403,2563.803,3016.756,performance,,32861568.0,31985420.0,30237504.0,0.0,0.0,15.97,14.92,8.59,,,
2,12,sharded_bucketed,Sharded-Bucketed-10,1000,mixed,1,10,22,276320.5131122593,2048.0,15609.0,3517.07447,3562.6746266016867,1.0129653656727053,0,100,900,1790692452.9377856,2300.0,2300.0,performance,,32861568.0,32012852.0,30264888.0,0.0,0.0,15.97,14.92,8.59,,,
2,13,sharded_bucketed,Sharded-Bucketed-10000,100,mixed,1,10000,12997,288007.2946487589,327.0,764.0,341.21737777777776,141.9042175408041,0.415876291134331,0,100,900,1790692458.9330637,2662.83525,3062.688,performance,,32861568.0,31996324.0,30248264.0,0.0,0.0,15.41,14.82,8.6,,,
2,14,sharded_bucketed,Sharded-Bucketed-1000,3000,mixed,1,1000,2002,237976.74710148302,2489.0,78799.0,12131.060285185185,20646.191630636265,1.7019280380503932,0,100,900,1790692461.6040502,2388.207125,3005.657,performance,,32861568.0,32024380.0,30276272.0,0.0,0.0,14.18,14.57,8.55,,,
2,15,sharded_bucketed,Sharded-Bucketed-10,3000,mixed,1,10,22,236842.23623275943,2496.0,80631.0,12192.601562222222,20462.227469447287,1.6782494995036845,0,100,900,1790692476.6337175,2300.0,2300.0,performance,,32861568.0,32023696.0,30275164.0,0.0,0.0,14.12,14.54,8.64,,,
2,16,hdr_histogram,HdrHistogram,100,mixed,1,,4,279121.07725253905,338.0,721.0,350.5278333333333,138.30265338104698,0.39455541109492587,0,100,900,1790692491.7246776,2387.770875,3002.167,performance,,32861568.0,32020540.0,30271608.0,0.0,0.0,19.67,15.69,9.11,,,
2,17,thread_local,ThreadLocal,3000,mixed,1,,4,238023.32803641245,2513.0,87274.0,12087.920644074075,20580.826639975345,1.7025944532540254,0,100,900,1790692494.405111,2375.168875,2901.351,performance,,32861568.0,32010120.0,30261172.0,0.0,0.0,18.1,15.43,9.06,,,
2,18,global_mutex,GlobalMutex,3000,mixed,1,,4,236565.4028459786,2513.0,86388.0,12203.078903703703,20673.250944916494,1.6941012270798352,0,100,900,1790692509.4375994,2653.256875,3053.109,performance,,32861568.0,32004160.0,30254872.0,0.0,0.0,19.23,15.87,9.31,,,
2,19,sharded_bucketed,Sharded-Bucketed-1,1000,mixed,1,1,4,291798.5829700558,1991.0,14523.0,3324.2248277777776,3311.265646980914,0.9961015931628406,0,100,900,1790692524.5194728,2653.775875,3057.28,performance,,32861568.0,32020160.0,30270628.0,0.0,0.0,19.34,16.08,9.48,,,
2,20,sharded_bucketed,Sharded-Bucketed-10000,1000,mixed,1,10000,13042,269110.4849748023,2121.0,15945.0,3619.3575444444446,3624.036185639195,1.0012926717344994,0,100,900,1790692530.3376846,2697.0155,3230.708,performance,,32861568.0,31984828.0,30235208.0,0.0,0.0,17.79,15.81,9.43,,,
2,21,sharded_bucketed,Sharded-Bucketed-1,3000,mixed,1,1,4,234158.5061310691,2546.0,77216.0,12336.157055925925,20578.223122156178,1.668122659987618,0,100,900,1790692536.4232059,2388.217625,3005.741,performance,,32861568.0,31976988.0,30227220.0,0.0,0.0,17.49,15.78,9.45,,,
2,22,disabled,Disabled,100,mixed,1,,,283030.8006098861,330.0,810.0,346.4852111111111,149.67841379079448,0.4319907718739416,0,100,900,1790692551.650558,2935.38475,3138.5,performance,,32861568.0,32031208.0,30281104.0,0.0,0.0,18.24,16.01,9.63,,,
2,23,sharded_bucketed,Sharded-Bucketed-1000,1000,mixed,1,1000,2002,269263.84046880965,2099.0,15429.0,3617.2427877777777,3537.7585304996737,0.9780262863342567,0,100,900,1790692554.3269186,2738.985875,3033.769,performance,,32861568.0,32040632.0,30290496.0,0.0,0.0,16.78,15.75,9.58,,,
2,24,sharded_bucketed,Sharded-Bucketed-1,100,mixed,1,1,4,278850.9312835675,337.0,797.0,352.4915222222222,148.2399291167323,0.42054892038872066,0,100,900,1790692560.4037547,2300.0,2300.0,performance,,32861568.0,32008228.0,30257916.0,0.0,0.0,15.44,15.48,9.53,,,
2,25,hdr_histogram,HdrHistogram,3000,mixed,1,,4,235729.4748999709,2515.0,83057.0,12227.007764444445,20648.871899275426,1.688791918438243,0,100,900,1790692563.085339,2560.0715,3004.281,performance,,32861568.0,32005732.0,30255396.0,0.0,0.0,15.44,15.48,9.53,,,
2,26,sharded_n,Sharded-N,3000,mixed,1,,10002,238227.26093325464,2472.0,83944.0,12102.444543333333,20414.591609005092,1.6868155467194874,0,100,900,1790692578.2285187,2388.038375,3004.307,performance,,32861568.0,32001816.0,30251048.0,0.0,0.0,15.28,15.44,9.61,,,
2,27,thread_local,ThreadLocal,100,mixed,1,,4,281456.51167903165,333.0,805.0,348.39671111111113,149.42236493567577,0.42888569314887076,0,100,900,1790692593.2396119,2476.51325,3011.144,performance,,32861568.0,32022176.0,30271016.0,0.0,0.0,15.41,15.47,9.71,,,
2,28,sharded_n,Sharded-N,1000,mixed,1,,10002,269075.09598347417,2148.0,15472.0,3615.77267,3538.0347057178587,0.9785003175318151,0,100,900,1790692595.9160388,2356.88025,2755.042,performance,,32861568.0,32024568.0,30273380.0,0.0,0.0,14.18,15.21,9.66,,,
2,29,global_mutex,GlobalMutex,1000,mixed,1,,4,287430.56959698244,2001.0,14760.0,3380.015696666667,3428.8663110365505,1.0144527773696612,0,100,900,1790692602.0051925,2475.21725,3002.54,performance,,32861568.0,31982544.0,30231368.0,0.0,0.0,14.0,15.16,9.67,,,
2,30,sharded_2key,Sharded-2key,100,mixed,1,,4,279664.60755830887,334.0,791.0,351.0171,149.6676888272508,0.4263828993722835,0,100,900,1790692607.861477,2300.0,2300.0,performance,,32861568.0,32000876.0,30249572.0,0.0,0.0,15.04,15.36,9.77,,,
2,31,hdr_histogram,HdrHistogram,1000,mixed,1,,4,274622.4518375802,2054.0,15413.0,3540.1966733333334,3601.445572787227,1.0173009877997041,0,100,900,1790692610.5414498,2401.048875,3108.391,performance,,32861568.0,32019240.0,30267888.0,0.0,0.0,13.84,15.1,9.71,,,
2,32,thread_local,ThreadLocal,1000,mixed,1,,4,276206.3369462562,2067.0,15360.0,3518.8645688888887,3501.403877906738,0.9950379758469466,0,100,900,1790692616.5554814,2507.4245,3149.151,performance,,32861568.0,31976668.0,30225144.0,0.0,0.0,14.65,15.25,9.79,,,
2,33,sharded_bucketed,Sharded-Bucketed-10000,3000,mixed,1,10000,13042,235895.80761687882,2508.0,80429.0,12233.785171851852,20473.055308915533,1.6734849452825962,0,100,900,1790692622.545327,2388.288625,3006.309,performance,,32861568.0,31977396.0,30225844.0,0.0,0.0,14.92,15.29,9.84,,,
2,34,sharded_2key,Sharded-2key,3000,mixed,1,,4,239541.28605993127,2476.0,81765.0,12034.322377037037,20491.84633177172,1.7027835626933743,0,100,900,1790692637.6791644,2388.08125,3004.65,performance,,32861568.0,32004020.0,30251980.0,0.0,0.0,14.15,15.11,9.86,,,
2,35,sharded_bucketed,Sharded-Bucketed-1000,100,mixed,1,1000,2002,277048.2063848327,339.0,800.0,353.85696666666666,149.70951697913674,0.4230791847604434,0,100,900,1790692652.606392,2482.7405,3059.956,performance,,32861568.0,32022592.0,30270256.0,0.0,0.0,15.6,15.39,10.04,,,
2,36,sharded_n,Sharded-N,100,mixed,1,,10000,274242.98545253096,341.0,824.0,357.1076777777778,150.7497384916954,0.4221408495885224,0,100,900,1790692655.289894,2300.0,2300.0,performance,,32861568.0,32034988.0,30282628.0,0.0,0.0,14.35,15.13,9.98,,,
3,1,hdr_histogram,HdrHistogram,1000,mixed,1,,4,270248.9166292208,2117.0,16081.0,3592.497838888889,3639.767699487048,1.013157937100605,0,100,900,1790692657.9789414,2549.070375,2999.428,performance,,32861568.0,32047772.0,30295380.0,0.0,0.0,14.35,15.13,9.98,,,
3,2,sharded_n,Sharded-N,100,mixed,1,,10001,274301.6896161175,341.0,834.0,358.34506666666664,153.75353097148627,0.4290655719128628,0,100,900,1790692664.031913,2387.592125,3000.737,performance,,32861568.0,31975044.0,30222544.0,0.0,0.0,14.4,15.13,10.01,,,
3,3,hdr_histogram,HdrHistogram,3000,mixed,1,,4,235990.6993016755,2531.0,76531.0,12233.102855185185,20671.643988391126,1.689811998893571,0,100,900,1790692666.722074,2651.42575,3007.581,performance,,32861568.0,32015896.0,30263368.0,0.0,0.0,13.25,14.88,9.96,,,
3,4,sharded_bucketed,Sharded-Bucketed-1000,3000,mixed,1,1000,2002,235395.2830316733,2514.0,87174.0,12279.11992925926,20796.75007916471,1.6936678034725636,0,100,900,1790692681.8506038,2469.45625,3012.795,performance,,32861568.0,32021284.0,30268376.0,0.0,0.0,13.96,14.96,10.06,,,
3,5,sharded_n,Sharded-N,3000,mixed,1,,10002,238054.0693309774,2479.0,78203.0,12114.228165185184,20769.47995860512,1.7144699336515778,0,100,900,1790692697.0094223,2387.591875,3000.735,performance,,32861568.0,32012532.0,30259224.0,0.0,0.0,16.28,15.41,10.29,,,
3,6,global_mutex,GlobalMutex,1000,mixed,1,,4,290158.74625307333,1990.0,14286.0,3346.86453,3313.301472167612,0.9899717907517493,0,100,900,1790692712.0542853,2551.808,3008.427,performance,,32861568.0,32017304.0,30263720.0,0.0,0.0,18.3,15.87,10.52,,,
3,7,sharded_bucketed,Sharded-Bucketed-10,100,mixed,1,10,22,272681.900937883,344.0,813.0,358.99443333333335,148.06949437440397,0.4124562406150698,0,100,900,1790692717.8832328,2656.790125,3028.269,performance,,32861568.0,32007084.0,30253328.0,0.0,0.0,24.36,17.17,10.97,,,
3,8,sharded_bucketed,Sharded-Bucketed-10,1000,mixed,1,10,22,269575.2356118785,2108.0,15482.0,3604.9115244444442,3561.364052227536,0.9879199608862469,0,100,900,1790692720.5711021,2387.516375,3000.131,performance,,32861568.0,32018976.0,30265196.0,0.0,0.0,22.41,16.88,10.91,,,
3,9,disabled,Disabled,1000,mixed,1,,,276926.94009649544,2043.0,15667.0,3506.032748888889,3564.2766673081005,1.0166124855615424,0,100,900,1790692726.645206,2375.878375,2907.027,performance,,32861568.0,31989532.0,30235668.0,0.0,0.0,21.81,16.85,10.93,,,
3,10,sharded_bucketed,Sharded-Bucketed-1000,100,mixed,1,1000,2002,276369.9085200863,339.0,791.0,353.64627777777775,146.58421952305397,0.4144938848053244,0,100,900,1790692732.6132033,2387.761,3002.088,performance,,32861568.0,32000224.0,30246188.0,0.0,0.0,21.11,16.79,10.94,,,
3,11,sharded_bucketed,Sharded-Bucketed-100,3000,mixed,1,100,202,233739.05784676815,2538.0,86986.0,12362.709971851851,20912.35550975276,1.6915672661873689,0,100,900,1790692735.2972739,2729.6535,3247.844,performance,,32861568.0,32008156.0,30254092.0,0.0,0.0,19.42,16.51,10.88,,,
3,12,thread_local,ThreadLocal,100,mixed,1,,4,286909.43931800325,330.0,692.0,342.04836666666665,134.88696679292983,0.3943505654110608,0,100,900,1790692750.5227525,2300.0,2300.0,performance,,32861568.0,31995052.0,30240520.0,0.0,0.0,17.78,16.3,10.91,,,
3,13,disabled,Disabled,100,mixed,1,,,284457.32028915733,329.0,751.0,344.3130888888889,143.09702871909116,0.4156014782385142,0,100,900,1790692753.1931581,2472.829625,3000.931,performance,,32861568.0,32007500.0,30252920.0,0.0,0.0,17.78,16.3,10.91,,,
3,14,thread_local_owned,ThreadLocal-Owned,3000,mixed,1,,4,236635.65723747172,2518.0,77171.0,12210.099542222222,20615.22215617816,1.6883746184780255,0,100,900,1790692755.8606188,2300.0,2300.0,performance,,32861568.0,32021296.0,30266692.0,0.0,0.0,16.36,16.03,10.85,,,
3,15,sharded_2key,Sharded-2key,3000,mixed,1,,4,236525.34264011617,2522.0,78639.0,12212.104157037036,20517.955798203948,1.6801327219585491,0,100,900,1790692770.9369674,2391.6415,3033.132,performance,,32861568.0,32022148.0,30267208.0,0.0,0.0,18.34,16.55,11.11,,,
3,16,thread_local_owned,ThreadLocal-Owned,100,mixed,1,,4,277958.9873058447,337.0,841.0,353.1907777777778,152.57604551302154,0.43199328836671963,0,100,900,1790692785.9957275,2389.665125,3017.321,performance,,32861568.0,32015496.0,30260236.0,0.0,0.0,18.98,16.82,11.29,,,
3,17,disabled,Disabled,3000,mixed,1,,,240810.06609722052,2463.0,82827.0,11978.933268518518,20327.156142182263,1.6969087051852492,0,100,900,1790692788.6765108,2300.0,2300.0,performance,,32861568.0,32027480.0,30272192.0,0.0,0.0,18.98,16.82,11.29,,,
3,18,sharded_n,Sharded-N,1000,mixed,1,,10002,278982.3088669496,2020.0,14961.0,3476.376873333333,3442.7429420037424,0.9903250042917986,0,100,900,1790692803.5486064,2863.76275,3106.152,performance,,32861568.0,32012104.0,30256504.0,0.0,0.0,17.36,16.56,11.29,,,
3,19,thread_local_owned,ThreadLocal-Owned,1000,mixed,1,,4,280521.4842152227,2011.0,14995.0,3463.966172222222,3494.9827743345577,1.0089540718847256,0,100,900,1790692809.5204275,2300.0,2300.0,performance,,32861568.0,32007004.0,30251292.0,0.0,0.0,15.94,16.29,11.26,,,
3,20,sharded_bucketed,Sharded-Bucketed-10000,3000,mixed,1,10000,13042,234842.96298998143,2536.0,85722.0,12320.027374074074,20689.928501442388,1.679373581992334,0,100,900,1790692815.4536192,2566.467125,3022.904,performance,,32861568.0,31979344.0,30223532.0,0.0,0.0,14.66,16.02,11.2,,,
3,21,global_mutex,GlobalMutex,100,mixed,1,,4,280133.370003414,340.0,695.0,350.3929,138.73888840962178,0.39595233924437906,0,100,900,1790692830.609022,2387.0905,2996.724,performance,,32861568.0,32023300.0,30267020.0,0.0,0.0,12.62,15.51,11.11,,,
3,22,sharded_bucketed,Sharded-Bucketed-1,1000,mixed,1,1,4,268449.63324894314,2134.0,15885.0,3622.4504177777776,3610.9834138849583,0.9968344621539764,0,100,900,1790692833.2889802,2300.0,2300.0,performance,,32861568.0,32026192.0,30269880.0,0.0,0.0,12.62,15.51,11.11,,,
3,23,sharded_bucketed,Sharded-Bucketed-1000,1000,mixed,1,1000,2002,271736.82403567014,2096.0,15725.0,3566.0872633333333,3580.278238079907,1.0039794244219669,0,100,900,1790692839.3765037,2300.0,2300.0,performance,,32861568.0,31977276.0,30220984.0,0.0,0.0,11.41,15.16,11.04,,,
3,24,sharded_bucketed,Sharded-Bucketed-100,100,mixed,1,100,202,278249.3571929725,339.0,756.0,352.30454444444445,146.62422554137822,0.4161860181866024,0,100,900,1790692845.430599,2300.0,2300.0,performance,,32861568.0,31998940.0,30242476.0,0.0,0.0,10.5,14.91,10.98,,,
3,25,hdr_histogram,HdrHistogram,100,mixed,1,,4,271894.01808025135,343.0,926.0,361.2013333333333,165.64571746631566,0.45859663899260894,0,100,900,1790692848.112061,2370.437375,2863.499,performance,,32861568.0,31998604.0,30242100.0,0.0,0.0,10.5,14.91,10.98,,,
3,26,sharded_2key,Sharded-2key,1000,mixed,1,,4,274455.38982195815,2039.0,15234.0,3553.8997966666666,3558.4612206571514,1.001283498199573,0,100,900,1790692850.8039925,2387.094625,2996.757,performance,,32861568.0,32028216.0,30271684.0,0.0,0.0,9.66,14.66,10.92,,,
3,27,thread_local,ThreadLocal,1000,mixed,1,,4,273461.01968915574,2050.0,15536.0,3551.413342222222,3533.0372269466293,0.9948256895199661,0,100,900,1790692856.802742,2472.467,2994.18,performance,,32861568.0,31981424.0,30224748.0,0.0,0.0,9.68,14.58,10.92,,,
3,28,sharded_2key,Sharded-2key,100,mixed,1,,4,281620.13510369265,335.0,751.0,348.89542222222224,142.82463126308477,0.4093622964537361,0,100,900,1790692862.8289917,2300.0,2300.0,performance,,32861568.0,31991992.0,30235176.0,0.0,0.0,11.95,14.97,11.06,,,
3,29,sharded_bucketed,Sharded-Bucketed-10,3000,mixed,1,10,22,234212.92339648868,2523.0,83019.0,12314.080212222223,20578.854328131347,1.6711645509427493,0,100,900,1790692865.5057387,2486.995125,3080.732,performance,,32861568.0,32012984.0,30256140.0,0.0,0.0,11.0,14.72,11.0,,,
3,30,sharded_bucketed,Sharded-Bucketed-1,100,mixed,1,1,4,280903.7571511113,336.0,734.0,349.46624444444444,141.35647440674677,0.4044924986430802,0,100,900,1790692880.7239916,2741.025375,3076.415,performance,,32861568.0,32015720.0,30258480.0,0.0,0.0,11.75,14.73,11.07,,,
3,31,sharded_bucketed,Sharded-Bucketed-10000,1000,mixed,1,10000,13042,268040.3714259014,2129.0,15869.0,3630.6038344444446,3642.26435715352,1.0032117309518733,0,100,900,1790692883.4006867,2828.3745,3036.946,performance,,32861568.0,32022536.0,30265264.0,0.0,0.0,11.75,14.73,11.07,,,
3,32,sharded_bucketed,Sharded-Bucketed-10000,100,mixed,1,10000,12987,273983.15421882505,343.0,816.0,358.19166666666666,150.2379000554534,0.4194343811891773,0,100,900,1790692889.4993412,2388.990625,3011.925,performance,,32861568.0,31970804.0,30213516.0,0.0,0.0,10.9,14.46,11.02,,,
3,33,sharded_bucketed,Sharded-Bucketed-100,1000,mixed,1,100,202,270592.7751723617,2109.0,16104.0,3594.1286077777777,3649.4838710541444,1.0154015811110868,0,100,900,1790692892.1924653,2300.0,2300.0,performance,,32861568.0,32000972.0,30243640.0,0.0,0.0,10.9,14.46,11.02,,,
3,34,global_mutex,GlobalMutex,3000,mixed,1,,4,234604.30750431368,2555.0,85202.0,12324.198075555556,20741.065610641017,1.6829545811812214,0,100,900,1790692898.2500813,2399.530625,3096.245,performance,,32861568.0,32001328.0,30243880.0,0.0,0.0,11.15,14.45,11.03,,,
3,35,thread_local,ThreadLocal,3000,mixed,1,,4,237937.7810271235,2489.0,84614.0,12100.603574444445,20705.736182879868,1.7111325113243778,0,100,900,1790692913.420565,2300.0,2300.0,performance,,32861568.0,32015392.0,30257412.0,0.0,0.0,13.83,14.92,11.25,,,
3,36,sharded_bucketed,Sharded-Bucketed-1,3000,mixed,1,1,4,234985.87985948808,2518.0,84606.0,12271.422574814815,20752.851561469848,1.6911528744892093,0,100,900,1790692928.4564567,2559.752,3016.584,performance,,32861568.0,31996528.0,30238236.0,0.0,0.0,18.44,15.92,11.63,,,
4,1,thread_local,ThreadLocal,100,mixed,1,,4,276682.60228312516,338.0,854.0,354.481,155.12816744938328,0.43762054228402447,0,100,900,1790692943.6569436,2389.72625,3017.81,performance,,32861568.0,32032760.0,30274092.0,0.0,0.0,20.04,16.36,11.84,,,
4,2,sharded_bucketed,Sharded-Bucketed-1000,3000,mixed,1,1000,2002,234829.30785238874,2517.0,84569.0,12267.051689259259,20802.879807046324,1.6958337124527514,0,100,900,1790692946.3370647,2390.067875,3020.543,performance,,32861568.0,32037748.0,30279044.0,0.0,0.0,19.4,16.28,11.84,,,
4,3,global_mutex,GlobalMutex,3000,mixed,1,,4,237175.08158083394,2505.0,80179.0,12194.540841111111,20297.35590158436,1.66446249728046,0,100,900,1790692961.5191686,2815.02575,3001.035,performance,,32861568.0,32018636.0,30259644.0,0.0,0.0,23.15,17.25,12.23,,,
4,4,sharded_bucketed,Sharded-Bucketed-10000,1000,mixed,1,10000,13042,268462.91608404036,2128.0,15254.0,3628.5742355555553,3522.686675524114,0.9708184115419567,0,100,900,1790692976.550546,2385.910125,2987.281,performance,,32861568.0,32016392.0,30257172.0,0.0,0.0,20.56,16.96,12.22,,,
4,5,sharded_bucketed,Sharded-Bucketed-10000,100,mixed,1,10000,13003,272577.2057596375,343.0,885.0,360.33307777777776,156.7111763269611,0.4349064407115213,0,100,900,1790692982.6434565,2300.0,2300.0,performance,,32861568.0,32002932.0,30243548.0,0.0,0.0,20.44,17.0,12.25,,,
4,6,sharded_2key,Sharded-2key,3000,mixed,1,,4,237641.68450164355,2483.0,85965.0,12141.678001851851,20507.809236831316,1.6890424234363208,0,100,900,1790692985.3360112,2387.873,3002.984,performance,,32861568.0,32027816.0,30268384.0,0.0,0.0,18.8,16.72,12.19,,,
4,7,disabled,Disabled,1000,mixed,1,,,276709.52809017187,2032.0,15476.0,3511.4290522222223,3494.9262862449714,0.9953002707069343,0,100,900,1790693000.3664558,2300.0,2300.0,performance,,32861568.0,32014764.0,30254904.0,0.0,0.0,17.29,16.51,12.19,,,
4,8,thread_local,ThreadLocal,1000,mixed,1,,4,270813.0547765658,2131.0,15429.0,3584.193278888889,3548.012251297351,0.9899053915968633,0,100,900,1790693006.3507516,2300.0,2300.0,performance,,32861568.0,31994752.0,30234808.0,0.0,0.0,17.43,16.55,12.23,,,
4,9,hdr_histogram,HdrHistogram,3000,mixed,1,,4,236166.17411836275,2479.0,83113.0,12212.273793703704,20590.36923317,1.6860389458174285,0,100,900,1790693012.408607,2300.0,2300.0,performance,,32861568.0,31981600.0,30221536.0,0.0,0.0,17.15,16.51,12.24,,,
4,10,thread_local,ThreadLocal,3000,mixed,1,,4,238999.90356513226,2467.0,85052.0,12065.200875555556,20520.220094595905,1.7007773269793178,0,100,900,1790693027.5223854,2387.48175,2999.854,performance,,32861568.0,32011672.0,30251156.0,0.0,0.0,17.0,16.52,12.31,,,
4,11,sharded_bucketed,Sharded-Bucketed-10,1000,mixed,1,10,22,270645.7236723472,2095.0,15524.0,3580.6192677777776,3571.599477282838,0.9974809411946952,0,100,900,1790693042.4831204,2387.826375,3002.611,performance,,32861568.0,32021680.0,30260832.0,0.0,0.0,21.62,17.49,12.69,,,
4,12,sharded_bucketed,Sharded-Bucketed-10000,3000,mixed,1,10000,13042,233635.5815529755,2542.0,87276.0,12322.372078518518,20905.78848378605,1.6965717599317527,0,100,900,1790693048.5472662,2741.06425,3091.906,performance,,32861568.0,31977828.0,30216928.0,0.0,0.0,21.25,17.48,12.72,,,
4,13,sharded_bucketed,Sharded-Bucketed-1000,100,mixed,1,1000,2002,287039.29555198806,331.0,686.0,342.6342222222222,132.18198669818779,0.385781624033044,0,100,900,1790693063.8129473,2387.828125,3002.625,performance,,32861568.0,31999920.0,30238504.0,0.0,0.0,21.97,17.86,12.92,,,
4,14,global_mutex,GlobalMutex,100,mixed,1,,4,280229.84339663456,337.0,733.0,350.5907222222222,143.38009125335003,0.40896715790005544,0,100,900,1790693066.4844365,2300.0,2300.0,performance,,32861568.0,32011540.0,30250088.0,0.0,0.0,20.69,17.66,12.88,,,
4,15,hdr_histogram,HdrHistogram,100,mixed,1,,4,280784.2526307519,337.0,728.0,350.23732222222225,138.58514133420886,0.39568924423844787,0,100,900,1790693069.1624155,2644.807625,3003.723,performance,,32861568.0,32025980.0,30264504.0,0.0,0.0,20.69,17.66,12.88,,,
4,16,sharded_bucketed,Sharded-Bucketed-1000,1000,mixed,1,1000,2002,272007.5811390099,2099.0,15474.0,3571.0422,3536.4437117473312,0.9903113751350604,0,100,900,1790693071.841605,2745.991125,3073.228,performance,,32861568.0,32035560.0,30274040.0,0.0,0.0,19.04,17.37,12.81,,,
4,17,sharded_bucketed,Sharded-Bucketed-100,3000,mixed,1,100,202,237067.7900144852,2478.0,83186.0,12145.333343333334,20488.58408070464,1.6869511524729768,0,100,900,1790693077.889594,2562.473375,3010.241,performance,,32861568.0,31990076.0,30228592.0,0.0,0.0,18.63,17.31,12.82,,,
4,18,thread_local_owned,ThreadLocal-Owned,1000,mixed,1,,4,271595.00778946857,2074.0,15589.0,3577.548771111111,3557.6846107406463,0.994447550084888,0,100,900,1790693092.9500995,2476.62875,3009.709,performance,,32861568.0,32014136.0,30252224.0,0.0,0.0,18.14,17.26,12.88,,,
4,19,sharded_n,Sharded-N,1000,mixed,1,,10002,276376.4432661153,2071.0,15209.0,3516.9766233333335,3530.830194108475,1.0039390568260336,0,100,900,1790693098.9908886,2300.0,2300.0,performance,,32861568.0,32018740.0,30256816.0,0.0,0.0,17.97,17.24,12.89,,,
4,20,disabled,Disabled,3000,mixed,1,,,240648.57183761365,2435.0,85104.0,11975.446426296296,20249.428133484686,1.6909121725115783,0,100,900,1790693104.9897337,2385.8545,2986.836,performance,,32861568.0,32012500.0,30250344.0,0.0,0.0,15.21,16.67,12.76,,,
4,21,sharded_2key,Sharded-2key,1000,mixed,1,,4,268732.0289300014,2122.0,16037.0,3621.6301755555555,3669.2610717676166,1.013151783562427,0,100,900,1790693119.8657236,2300.0,2300.0,performance,,32861568.0,32008000.0,30245456.0,0.0,0.0,13.98,16.34,12.71,,,
4,22,sharded_bucketed,Sharded-Bucketed-1,1000,mixed,1,1,4,270799.49143939756,2137.0,15366.0,3587.052178888889,3580.551334493129,0.998187691711311,0,100,900,1790693125.946283,2387.921,3003.368,performance,,32861568.0,31977012.0,30214452.0,0.0,0.0,12.86,16.07,12.64,,,
4,23,global_mutex,GlobalMutex,1000,mixed,1,,4,270157.86918227747,2110.0,15553.0,3608.0493944444443,3580.4795560140196,0.9923587968410644,0,100,900,1790693132.0044103,2396.313125,3070.505,performance,,32861568.0,32006604.0,30243904.0,0.0,0.0,13.19,16.09,12.67,,,
4,24,sharded_n,Sharded-N,3000,mixed,1,,10002,235816.57002859956,2512.0,85285.0,12252.965812222223,20749.273946527137,1.6934082951435254,0,100,900,1790693138.0719943,2916.38925,3048.949,performance,,32861568.0,31983448.0,30220572.0,0.0,0.0,13.41,16.08,12.68,,,
4,25,thread_local_owned,ThreadLocal-Owned,3000,mixed,1,,4,236492.31220176737,2510.0,85798.0,12193.059233703703,20551.6691422334,1.6855219636287069,0,100,900,1790693153.2222626,2386.8495,2994.796,performance,,32861568.0,32015768.0,30252460.0,0.0,0.0,14.41,16.19,12.77,,,
4,26,thread_local_owned,ThreadLocal-Owned,100,mixed,1,,4,276315.7434210603,340.0,741.0,354.5478777777778,147.59595132430923,0.41629342770123384,0,100,900,1790693168.314891,2400.3515,3102.812,performance,,32861568.0,32019016.0,30255444.0,0.0,0.0,15.58,16.37,12.89,,,
4,27,sharded_bucketed,Sharded-Bucketed-10,100,mixed,1,10,22,275563.1304798312,341.0,822.0,356.95706666666666,148.04909188205923,0.41475321742351245,0,100,900,1790693170.9978254,2300.0,2300.0,performance,,32861568.0,32020012.0,30256412.0,0.0,0.0,14.33,16.1,12.82,,,
4,28,sharded_bucketed,Sharded-Bucketed-100,100,mixed,1,100,202,284157.0383895591,331.0,784.0,345.2060666666667,147.41423047706166,0.42703256029218584,0,100,900,1790693173.6803842,2385.27075,2982.166,performance,,32861568.0,32032204.0,30268572.0,0.0,0.0,14.33,16.1,12.82,,,
4,29,sharded_n,Sharded-N,100,mixed,1,,10002,273381.87983953895,344.0,810.0,358.2634888888889,150.41939383003424,0.4198568888405064,0,100,900,1790693176.3498287,2733.3065,3009.471,performance,,32861568.0,32034820.0,30271164.0,0.0,0.0,14.63,16.13,12.85,,,
4,30,sharded_2key,Sharded-2key,100,mixed,1,,4,280810.4263788072,333.0,815.0,348.8374888888889,147.9315408804329,0.42407007730626045,0,100,900,1790693179.0399632,2480.01825,3049.763,performance,,32861568.0,32049680.0,30285984.0,0.0,0.0,14.63,16.13,12.85,,,
4,31,sharded_bucketed,Sharded-Bucketed-100,1000,mixed,1,100,202,271493.7491052961,2125.0,15334.0,3591.9819355555555,3539.9823272121844,0.9855234215326507,0,100,900,1790693181.715916,2657.856,3023.25,performance,,32861568.0,32053032.0,30289308.0,0.0,0.0,13.46,15.87,12.78,,,
4,32,sharded_bucketed,Sharded-Bucketed-10,3000,mixed,1,10,22,236000.64081726005,2512.0,83365.0,12246.850215555556,20386.233902231623,1.66461037274202,0,100,900,1790693187.7652893,2387.88125,3003.05,performance,,32861568.0,31983536.0,30219708.0,0.0,0.0,23.59,17.93,13.46,,,
4,33,sharded_bucketed,Sharded-Bucketed-1,3000,mixed,1,1,4,235229.2197810052,2508.0,83933.0,12264.604094444445,20657.687142549068,1.684333793693877,0,100,900,1790693202.8831043,2743.54925,3057.587,performance,,32861568.0,31998212.0,30233976.0,0.0,0.0,24.87,18.5,13.72,,,
4,34,disabled,Disabled,100,mixed,1,,,285853.6053166865,331.0,738.0,343.5614777777778,139.03053442931002,0.40467439867992905,0,100,900,1790693218.0400589,2387.908625,3003.269,performance,,32861568.0,32010104.0,30245524.0,0.0,0.0,23.23,18.44,13.78,,,
4,35,sharded_bucketed,Sharded-Bucketed-1,100,mixed,1,1,4,277727.1268644246,338.0,765.0,353.13384444444443,142.2897522695392,0.40293433922594313,0,100,900,1790693220.7118146,2475.611875,3021.703,performance,,32861568.0,32017336.0,30252728.0,0.0,0.0,21.37,18.14,13.71,,,
4,36,hdr_histogram,HdrHistogram,1000,mixed,1,,4,272704.7449188462,2072.0,15560.0,3561.9323155555558,3563.1464356592405,1.0003408599591808,0,100,900,1790693223.3957584,2556.75925,3006.149,performance,,32861568.0,32027976.0,30263308.0,0.0,0.0,21.37,18.14,13.71,,,
5,1,sharded_2key,Sharded-2key,3000,mixed,1,,4,240938.31606769733,2443.0,85521.0,11951.378317407407,20244.78059566462,1.6939285208784427,0,100,900,1790693229.4355054,2300.0,2300.0,performance,,32861568.0,31966516.0,30201764.0,0.0,0.0,18.76,17.69,13.61,,,
5,2,hdr_histogram,HdrHistogram,1000,mixed,1,,4,272090.60964125884,2095.0,15545.0,3577.2196055555555,3566.204134673352,0.9969206612685741,0,100,900,1790693244.323046,2387.059125,2996.473,performance,,32861568.0,32024904.0,30259780.0,0.0,0.0,16.08,17.16,13.5,,,
5,3,thread_local_owned,ThreadLocal-Owned,3000,mixed,1,,4,237977.25193270628,2472.0,81014.0,12165.451837037037,20497.806958181405,1.6849194943813743,0,100,900,1790693250.361392,2386.64275,2993.142,performance,,32861568.0,31965520.0,30200316.0,0.0,0.0,14.79,16.87,13.43,,,
5,4,thread_local_owned,ThreadLocal-Owned,100,mixed,1,,4,280748.52085068263,336.0,762.0,349.64354444444444,139.95400643994748,0.400276248950408,0,100,900,1790693265.380428,2389.41425,3015.314,performance,,32861568.0,32012656.0,30247088.0,0.0,0.0,17.5,17.4,13.66,,,
5,5,sharded_bucketed,Sharded-Bucketed-10000,3000,mixed,1,10000,13042,235562.14522374092,2513.0,82304.0,12279.501231851851,20546.275749016982,1.6732174508620847,0,100,900,1790693268.058645,2922.676625,3096.901,performance,,32861568.0,32031032.0,30265420.0,0.0,0.0,17.5,17.4,13.66,,,
5,6,sharded_bucketed,Sharded-Bucketed-1,100,mixed,1,1,4,274491.5120224949,340.0,832.0,356.1438444444444,155.50741312609736,0.43664214769365545,0,100,900,1790693283.236446,2300.0,2300.0,performance,,32861568.0,32018504.0,30252464.0,0.0,0.0,19.57,17.83,13.85,,,
5,7,sharded_bucketed,Sharded-Bucketed-10,3000,mixed,1,10,22,235478.1012329464,2513.0,81804.0,12266.31922888889,20674.71282558979,1.6854862848260108,0,100,900,1790693285.9233139,2387.573625,3000.589,performance,,32861568.0,32029596.0,30263524.0,0.0,0.0,18.0,17.53,13.78,,,
5,8,sharded_bucketed,Sharded-Bucketed-10,1000,mixed,1,10,22,270218.7899391816,2126.0,15345.0,3596.311388888889,3567.4184770336738,0.991965959359225,0,100,900,1790693301.0837545,2967.362375,3037.809,performance,,32861568.0,32017524.0,30251176.0,0.0,0.0,15.51,17.01,13.67,,,
5,9,sharded_n,Sharded-N,100,mixed,1,,10002,275983.7014329325,341.0,772.0,355.79302222222225,149.89418522132047,0.4212960228537004,0,100,900,1790693307.1508634,2300.0,2300.0,performance,,32861568.0,32005820.0,30239372.0,0.0,0.0,14.9,16.86,13.64,,,
5,10,sharded_bucketed,Sharded-Bucketed-1,1000,mixed,1,1,4,267718.310515555,2133.0,15673.0,3637.43378,3616.119091887639,0.9941401852510534,0,100,900,1790693309.836492,2300.0,2300.0,performance,,32861568.0,32031128.0,30264652.0,0.0,0.0,13.71,16.58,13.57,,,
5,11,sharded_2key,Sharded-2key,100,mixed,1,,4,282965.66948883526,330.0,791.0,345.76593333333335,148.54048783742164,0.42959838872912376,0,100,900,1790693315.9306614,2635.7765,3097.796,performance,,32861568.0,31987420.0,30220796.0,0.0,0.0,12.61,16.3,13.49,,,
5,12,global_mutex,GlobalMutex,3000,mixed,1,,4,237930.45658796723,2472.0,84525.0,12130.19828,20577.36789132752,1.6963752295174783,0,100,900,1790693318.606473,2300.0,2300.0,performance,,32861568.0,32005276.0,30238616.0,0.0,0.0,12.61,16.3,13.49,,,
5,13,disabled,Disabled,1000,mixed,1,,,279295.6800611927,2024.0,14995.0,3477.2534133333334,3502.246851586841,1.0071876953683248,0,100,900,1790693333.6262996,2405.748375,3145.987,performance,,32861568.0,32021164.0,30254124.0,0.0,0.0,17.93,17.35,13.88,,,
5,14,sharded_2key,Sharded-2key,1000,mixed,1,,4,275895.1429792782,2019.0,14716.0,3520.7699533333334,3422.5833977485872,0.9721121922516446,0,100,900,1790693339.553227,2927.984125,3053.024,performance,,32861568.0,31989892.0,30222728.0,0.0,0.0,16.13,16.99,13.81,,,
5,15,thread_local,ThreadLocal,100,mixed,1,,4,281912.946484954,336.0,737.0,348.5536333333333,138.2763622229138,0.39671473483300507,0,100,900,1790693345.553589,2956.397875,3085.123,performance,,32861568.0,31992032.0,30224744.0,0.0,0.0,14.84,16.71,13.73,,,
5,16,sharded_bucketed,Sharded-Bucketed-1000,3000,mixed,1,1000,2002,233972.74633664702,2523.0,85148.0,12344.871525185185,20831.53191882853,1.6874644565015864,0,100,900,1790693348.2308216,2300.0,2300.0,performance,,32861568.0,32016392.0,30249060.0,0.0,0.0,14.84,16.71,13.73,,,
5,17,global_mutex,GlobalMutex,1000,mixed,1,,4,274132.6488071333,2057.0,15232.0,3544.7486733333335,3513.2087138721545,0.9911023425444941,0,100,900,1790693363.4700463,2562.382,3003.622,performance,,32861568.0,32017580.0,30249820.0,0.0,0.0,14.27,16.5,13.71,,,
5,18,thread_local,ThreadLocal,3000,mixed,1,,4,239285.72545206494,2474.0,83707.0,12031.921896666667,20444.3538965115,1.6991760811026724,0,100,900,1790693369.481975,2389.333125,3014.665,performance,,32861568.0,31985440.0,30217708.0,0.0,0.0,12.88,16.13,13.62,,,
5,19,sharded_bucketed,Sharded-Bucketed-1000,1000,mixed,1,1000,2002,269483.3448335401,2142.0,15638.0,3612.2815988888888,3610.7824029263725,0.9995849725660986,0,100,900,1790693384.4161015,2387.957875,3003.663,performance,,32861568.0,32030648.0,30262432.0,0.0,0.0,11.91,15.78,13.54,,,
5,20,thread_local_owned,ThreadLocal-Owned,1000,mixed,1,,4,274803.25920952356,2048.0,15880.0,3550.4163733333335,3593.8527027812133,1.0122341508376662,0,100,900,1790693390.48892,2376.794625,2914.357,performance,,32861568.0,31989564.0,30221300.0,0.0,0.0,10.96,15.52,13.47,,,
5,21,disabled,Disabled,100,mixed,1,,,278566.06385331554,334.0,829.0,352.56375555555553,155.25972876134014,0.4403734822846104,0,100,900,1790693396.4911768,2817.686875,3070.362,performance,,32861568.0,32009204.0,30240832.0,0.0,0.0,11.36,15.52,13.49,,,
5,22,sharded_n,Sharded-N,3000,mixed,1,,10002,234534.45934778484,2540.0,84790.0,12304.281345925925,20710.774032831054,1.6832168779762668,0,100,900,1790693399.169977,2387.27875,2998.23,performance,,32861568.0,32025632.0,30257224.0,0.0,0.0,11.36,15.52,13.49,,,
5,23,hdr_histogram,HdrHistogram,100,mixed,1,,4,276415.8928831166,341.0,769.0,354.93427777777777,149.26973041762338,0.42055597264990074,0,100,900,1790693414.3786938,2300.0,2300.0,performance,,32861568.0,32027676.0,30258792.0,0.0,0.0,14.77,16.0,13.68,,,
5,24,sharded_bucketed,Sharded-Bucketed-100,3000,mixed,1,100,202,234762.15911515238,2538.0,71357.0,12302.763361851852,20745.617931018754,1.6862567636915076,0,100,900,1790693417.0663917,2638.794375,3005.178,performance,,32861568.0,32033524.0,30264616.0,0.0,0.0,14.77,16.0,13.68,,,
5,25,sharded_bucketed,Sharded-Bucketed-100,1000,mixed,1,100,202,266557.3325099263,2152.0,15397.0,3655.2900977777776,3557.4084878540193,0.9732219311448727,0,100,900,1790693432.264611,3019.314875,3082.209,performance,,32861568.0,32004400.0,30235216.0,0.0,0.0,18.67,16.78,13.97,,,
5,26,sharded_bucketed,Sharded-Bucketed-1000,100,mixed,1,1000,2002,273821.10756518523,343.0,784.0,358.1577,150.61945657792305,0.42053949022434267,0,100,900,1790693438.3854117,2389.586,3016.688,performance,,32861568.0,31986152.0,30216904.0,0.0,0.0,18.38,16.75,13.98,,,
5,27,sharded_bucketed,Sharded-Bucketed-100,100,mixed,1,100,202,282368.5872752579,333.0,801.0,348.1860555555556,144.91516284073697,0.41620036336468025,0,100,900,1790693441.0729702,2387.307125,2998.457,performance,,32861568.0,32001976.0,30232688.0,0.0,0.0,16.91,16.47,13.9,,,
5,28,sharded_bucketed,Sharded-Bucketed-10000,1000,mixed,1,10000,13042,267020.45167582826,2108.0,15619.0,3639.4118866666668,3634.902669859376,0.9987610039897351,0,100,900,1790693443.7507615,2555.821125,3000.742,performance,,32861568.0,32013716.0,30244404.0,0.0,0.0,16.91,16.47,13.9,,,
5,29,sharded_bucketed,Sharded-Bucketed-10000,100,mixed,1,10000,12983,281756.2755246532,335.0,733.0,348.4973444444444,138.14886674545033,0.3964129682700446,0,100,900,1790693449.8707974,2300.0,2300.0,performance,,32861568.0,31997536.0,30228008.0,0.0,0.0,15.71,16.24,13.86,,,
5,30,disabled,Disabled,3000,mixed,1,,,238066.88775085605,2486.0,85653.0,12098.000557407408,20727.492780879642,1.7132990433025346,0,100,900,1790693452.550007,2432.44975,3008.856,performance,,32861568.0,32018980.0,30249476.0,0.0,0.0,15.71,16.24,13.86,,,
5,31,hdr_histogram,HdrHistogram,3000,mixed,1,,4,236699.7764625458,2485.0,78975.0,12188.11304962963,20465.42552718037,1.67912993946198,0,100,900,1790693467.539196,2884.27025,3011.14,performance,,32861568.0,32011368.0,30241484.0,0.0,0.0,19.74,17.13,14.19,,,
5,32,sharded_bucketed,Sharded-Bucketed-10,100,mixed,1,10,22,285765.8287978698,332.0,696.0,344.03628888888886,132.59263295635105,0.3854030439189327,0,100,900,1790693482.6397643,2645.9445,3030.262,performance,,32861568.0,32019900.0,30249632.0,0.0,0.0,19.25,17.14,14.24,,,
5,33,thread_local,ThreadLocal,1000,mixed,1,,4,279045.4749974303,2050.0,15178.0,3483.6294444444443,3460.5760615324925,0.9933823665003416,0,100,900,1790693485.3082504,2399.175,3093.4,performance,,32861568.0,32019112.0,30248848.0,0.0,0.0,17.71,16.86,14.16,,,
5,34,sharded_bucketed,Sharded-Bucketed-1,3000,mixed,1,1,4,233886.70579114705,2526.0,81618.0,12352.260458518518,20729.99844805692,1.6782352119008987,0,100,900,1790693491.2604728,2300.0,2300.0,performance,,32861568.0,31985336.0,30215040.0,0.0,0.0,16.37,16.59,14.09,,,
5,35,global_mutex,GlobalMutex,100,mixed,1,,4,280106.3546399728,338.0,793.0,351.20151111111113,144.3968434497536,0.4111509742452963,0,100,900,1790693506.4740214,2387.114625,2996.917,performance,,32861568.0,32019884.0,30249108.0,0.0,0.0,16.6,16.66,14.15,,,
5,36,sharded_n,Sharded-N,1000,mixed,1,,10002,275148.2034666265,2109.0,15210.0,3530.73552,3489.5354145735146,0.9883310134126145,0,100,900,1790693509.1502602,2774.227875,3000.592,performance,,32861568.0,32015048.0,30244244.0,0.0,0.0,16.6,16.66,14.15,,,
6,1,sharded_bucketed,Sharded-Bucketed-1000,100,mixed,1,1000,2002,270518.1347452392,346.0,836.0,362.86426666666665,155.56899939666488,0.4287250459400381,0,100,900,1790693515.1664994,2554.873875,3001.721,performance,,32861568.0,31998656.0,30227816.0,0.0,0.0,14.05,16.11,14.0,,,
6,2,sharded_bucketed,Sharded-Bucketed-10000,3000,mixed,1,10000,13042,233185.6544228927,2539.0,83429.0,12370.282583703703,20636.78077290584,1.6682545959048836,0,100,900,1790693517.8572817,2387.240625,2997.925,performance,,32861568.0,32018724.0,30247832.0,0.0,0.0,14.05,16.11,14.0,,,
6,3,sharded_n,Sharded-N,1000,mixed,1,,10002,293538.556018136,1973.0,14176.0,3310.2125144444444,3266.303593923838,0.9867353167420504,0,100,900,1790693533.1568491,2300.0,2300.0,performance,,32861568.0,32016012.0,30244676.0,0.0,0.0,15.11,16.26,14.09,,,
6,4,hdr_histogram,HdrHistogram,100,mixed,1,,4,281097.3465722271,333.0,773.0,348.1021111111111,146.0254071887806,0.4194901511015846,0,100,900,1790693538.9568925,2300.0,2300.0,performance,,32861568.0,31971448.0,30200024.0,0.0,0.0,15.82,16.39,14.14,,,
6,5,sharded_bucketed,Sharded-Bucketed-1,3000,mixed,1,1,4,234514.9251622459,2539.0,82664.0,12292.54616037037,20916.775195363367,1.7015819930614888,0,100,900,1790693541.6401823,2478.318625,3023.515,performance,,32861568.0,32026336.0,30254932.0,0.0,0.0,16.24,16.47,14.18,,,
6,6,sharded_bucketed,Sharded-Bucketed-10,3000,mixed,1,10,22,236507.32891087572,2503.0,80343.0,12215.886448888888,20610.44151279731,1.6871834556608833,0,100,900,1790693556.8732212,2387.730125,3001.841,performance,,32861568.0,32005516.0,30233648.0,0.0,0.0,17.54,16.74,14.3,,,
6,7,thread_local,ThreadLocal,1000,mixed,1,,4,278418.85644344985,2068.0,15168.0,3483.66058,3491.9567514779337,1.0023814522934762,0,100,900,1790693571.9916618,2300.0,2300.0,performance,,32861568.0,32023828.0,30251640.0,0.0,0.0,22.93,17.96,14.74,,,
6,8,sharded_bucketed,Sharded-Bucketed-1,1000,mixed,1,1,4,272420.61948508804,2065.0,15330.0,3566.8747533333335,3584.1839240118034,1.0048527553882551,0,100,900,1790693577.9404016,2387.66,3001.28,performance,,32861568.0,31965440.0,30193160.0,0.0,0.0,23.18,18.1,14.8,,,
6,9,global_mutex,GlobalMutex,3000,mixed,1,,4,238124.48887487964,2494.0,79662.0,12130.252852222222,20432.402162918548,1.6844168387780474,0,100,900,1790693583.9717045,2564.890875,3026.002,performance,,32861568.0,31984152.0,30211800.0,0.0,0.0,23.08,18.16,14.84,,,
6,10,sharded_bucketed,Sharded-Bucketed-1,100,mixed,1,1,4,272461.03536246956,345.0,837.0,360.81975555555556,154.43492977886143,0.42801129206763466,0,100,900,1790693598.9889433,2387.492375,2999.939,performance,,32861568.0,32035284.0,30262464.0,0.0,0.0,21.49,18.03,14.85,,,
6,11,sharded_n,Sharded-N,100,mixed,1,,10002,274428.5509487963,341.0,820.0,358.1881888888889,154.40461364830975,0.4310712034567018,0,100,900,1790693601.6769397,2387.56525,3000.522,performance,,32861568.0,32034884.0,30262024.0,0.0,0.0,19.77,17.73,14.77,,,
6,12,sharded_bucketed,Sharded-Bucketed-10,1000,mixed,1,10,22,273558.62834114657,2082.0,15335.0,3556.6339555555555,3572.3288477813703,1.004412850021099,0,100,900,1790693604.3648,2300.0,2300.0,performance,,32861568.0,32040716.0,30267820.0,0.0,0.0,18.19,17.44,14.69,,,
6,13,sharded_2key,Sharded-2key,100,mixed,1,,4,275456.11461951747,337.0,885.0,355.6873444444444,157.29578984091077,0.4422304934312307,0,100,900,1790693610.3918474,2300.0,2300.0,performance,,32861568.0,31990568.0,30217624.0,0.0,0.0,16.73,17.15,14.61,,,
6,14,sharded_bucketed,Sharded-Bucketed-100,1000,mixed,1,100,202,270670.6512558391,2108.0,15326.0,3589.6363644444446,3537.8405932242167,0.9855707470168098,0,100,900,1790693613.0759943,2470.782875,3000.062,performance,,32861568.0,32009596.0,30236636.0,0.0,0.0,16.73,17.15,14.61,,,
6,15,disabled,Disabled,3000,mixed,1,,,243505.68568604416,2422.0,82392.0,11843.839664074074,20251.45364324785,1.7098723233037842,0,100,900,1790693619.1306512,2300.0,2300.0,performance,,32861568.0,31994416.0,30221272.0,0.0,0.0,16.51,17.09,14.61,,,
6,16,sharded_2key,Sharded-2key,1000,mixed,1,,4,282513.541017632,2005.0,15099.0,3438.3765211111113,3417.1252451166342,0.9938193866017879,0,100,900,1790693633.8615787,2394.36675,3054.934,performance,,32861568.0,32029040.0,30255516.0,0.0,0.0,18.67,17.48,14.77,,,
6,17,thread_local,ThreadLocal,100,mixed,1,,4,283524.3240337502,331.0,748.0,346.6235222222222,143.3779495691876,0.4136417189750533,0,100,900,1790693639.7724295,2300.0,2300.0,performance,,32861568.0,31998576.0,30224956.0,0.0,0.0,16.91,17.15,14.69,,,
6,18,global_mutex,GlobalMutex,1000,mixed,1,,4,275101.55529040255,2076.0,15515.0,3540.678318888889,3515.673325857185,0.9929377958742236,0,100,900,1790693642.4473746,2387.73875,3001.91,performance,,32861568.0,32012944.0,30239292.0,0.0,0.0,16.91,17.15,14.69,,,
6,19,sharded_bucketed,Sharded-Bucketed-1000,1000,mixed,1,1000,2002,270658.1374424438,2099.0,15337.0,3582.8187066666665,3561.6359990716337,0.9940876976120456,0,100,900,1790693648.452169,2388.339125,3006.713,performance,,32861568.0,31990124.0,30216448.0,0.0,0.0,17.31,17.23,14.73,,,
6,20,sharded_bucketed,Sharded-Bucketed-100,100,mixed,1,100,202,276137.50311149436,338.0,790.0,354.8730888888889,149.31761100904097,0.42076341003076867,0,100,900,1790693654.5120764,2387.846625,3002.773,performance,,32861568.0,31991936.0,30218044.0,0.0,0.0,15.17,16.78,14.61,,,
6,21,sharded_bucketed,Sharded-Bucketed-1000,3000,mixed,1,1000,2002,234640.126049948,2530.0,85210.0,12276.189255925927,20952.299846487138,1.7067429810413768,0,100,900,1790693657.1946929,2552.893875,3004.56,performance,,32861568.0,31999812.0,30225892.0,0.0,0.0,15.17,16.78,14.61,,,
6,22,sharded_2key,Sharded-2key,3000,mixed,1,,4,239421.52144621572,2473.0,84456.0,12032.38764111111,20448.30482439331,1.6994386678939348,0,100,900,1790693672.3689167,2387.213125,2997.705,performance,,32861568.0,32021704.0,30247392.0,0.0,0.0,22.45,18.4,15.18,,,
6,23,sharded_bucketed,Sharded-Bucketed-100,3000,mixed,1,100,202,234521.61479081336,2526.0,84411.0,12303.652170740741,20518.474757557942,1.6676735064367987,0,100,900,1790693687.3191447,2646.064,3045.541,performance,,32861568.0,32014960.0,30240240.0,0.0,0.0,23.29,18.79,15.36,,,
6,24,global_mutex,GlobalMutex,100,mixed,1,,4,276781.7249219773,337.0,890.0,354.0757111111111,152.25197757406372,0.42999836700542876,0,100,900,1790693702.5302968,2388.2945,3006.356,performance,,32861568.0,32001116.0,30226088.0,0.0,0.0,21.55,18.62,15.36,,,
6,25,disabled,Disabled,100,mixed,1,,,282385.3266760846,331.0,797.0,347.59504444444445,146.6560740490748,0.4219164697341207,0,100,900,1790693705.214682,2468.77875,3008.665,performance,,32861568.0,32011760.0,30236700.0,0.0,0.0,19.82,18.31,15.28,,,
6,26,sharded_bucketed,Sharded-Bucketed-10000,100,mixed,1,10000,12989,272650.7330567889,343.0,769.0,358.99193333333335,144.70547335949664,0.40308837030366873,0,100,900,1790693707.8888195,2387.241625,2997.933,performance,,32861568.0,32024956.0,30249868.0,0.0,0.0,19.82,18.31,15.28,,,
6,27,sharded_bucketed,Sharded-Bucketed-10000,1000,mixed,1,10000,13042,268713.69342669507,2136.0,15364.0,3624.5083811111112,3544.1752053798973,0.9778361180926315,0,100,900,1790693710.5806887,2300.0,2300.0,performance,,32861568.0,32045120.0,30269988.0,0.0,0.0,18.23,18.0,15.2,,,
6,28,sharded_n,Sharded-N,3000,mixed,1,,10002,236204.69553784785,2508.0,85306.0,12227.130036296296,20636.077173326237,1.6877286094175772,0,100,900,1790693716.6739376,2390.724375,3025.795,performance,,32861568.0,31983648.0,30208368.0,0.0,0.0,17.97,17.95,15.2,,,
6,29,sharded_bucketed,Sharded-Bucketed-10,100,mixed,1,10,22,271990.1620795722,341.0,910.0,360.56984444444447,159.69121454446878,0.4428856628055415,0,100,900,1790693731.795933,2388.567,3008.536,performance,,32861568.0,32015664.0,30240140.0,0.0,0.0,18.53,18.08,15.28,,,
6,30,thread_local,ThreadLocal,3000,mixed,1,,4,238280.23029299226,2481.0,70833.0,12084.48238,20592.690951642024,1.704060654325024,0,100,900,1790693734.4832833,2387.317625,2998.541,performance,,32861568.0,32028280.0,30252724.0,0.0,0.0,17.05,17.78,15.2,,,
6,31,disabled,Disabled,1000,mixed,1,,,281869.26907434413,1988.0,14632.0,3455.4402111111112,3381.2083873565516,0.9785174046664549,0,100,900,1790693749.501888,2300.0,2300.0,performance,,32861568.0,32037216.0,30261220.0,0.0,0.0,17.19,17.79,15.24,,,
6,32,thread_local_owned,ThreadLocal-Owned,3000,mixed,1,,4,241810.30775336415,2426.0,86612.0,11931.171325555555,20570.151219586875,1.7240680448136185,0,100,900,1790693755.4295466,2300.0,2300.0,performance,,32861568.0,31984660.0,30208556.0,0.0,0.0,15.81,17.5,15.16,,,
6,33,thread_local_owned,ThreadLocal-Owned,100,mixed,1,,4,283347.4154899962,333.0,749.0,346.21905555555554,140.80457300999788,0.40669215270100545,0,100,900,1790693770.2596002,2300.0,2300.0,performance,,32861568.0,32003556.0,30227060.0,0.0,0.0,14.7,17.19,15.1,,,
6,34,hdr_histogram,HdrHistogram,3000,mixed,1,,4,238044.6250848374,2496.0,84939.0,12133.025662222222,20299.426481156952,1.6730720799809975,0,100,900,1790693772.9329774,2388.54125,3008.33,performance,,32861568.0,32006092.0,30229556.0,0.0,0.0,14.7,17.19,15.1,,,
6,35,thread_local_owned,ThreadLocal-Owned,1000,mixed,1,,4,283356.72644608264,1998.0,14657.0,3422.4068166666666,3433.3880283576063,1.003208622551084,0,100,900,1790693787.9331236,2387.55125,3000.41,performance,,32861568.0,31992936.0,30216104.0,0.0,0.0,17.86,17.73,15.31,,,
6,36,hdr_histogram,HdrHistogram,1000,mixed,1,,4,268196.6819318,2083.0,15291.0,3628.6639655555555,3593.030309913062,0.9901799516348884,0,100,900,1790693793.839785,2300.0,2300.0,performance,,32861568.0,31995408.0,30218548.0,0.0,0.0,17.63,17.68,15.31,,,
7,1,disabled,Disabled,1000,mixed,1,,,286495.5030161745,1962.0,14718.0,3391.1514466666667,3495.0336266800186,1.030633306016298,0,100,900,1790693799.940875,2300.0,2300.0,performance,,32861568.0,31952352.0,30175348.0,0.0,0.0,16.76,17.51,15.28,,,
7,2,sharded_bucketed,Sharded-Bucketed-10000,3000,mixed,1,10000,13042,233259.06141637868,2545.0,81825.0,12393.060624444444,20717.41518974489,1.6716948151517341,0,100,900,1790693805.8047833,2300.0,2300.0,performance,,32861568.0,31995072.0,30217892.0,0.0,0.0,15.42,17.22,15.19,,,
7,3,sharded_n,Sharded-N,100,mixed,1,,10002,278579.4408477895,336.0,837.0,352.7276,147.29046572156903,0.41757567517134764,0,100,900,1790693821.0674555,2559.651875,3010.825,performance,,32861568.0,32027132.0,30249584.0,0.0,0.0,16.04,17.31,15.26,,,
7,4,sharded_bucketed,Sharded-Bucketed-100,1000,mixed,1,100,202,272015.57685957575,2079.0,15382.0,3578.223901111111,3543.605289537331,0.9903251969327491,0,100,900,1790693823.7524252,2387.3585,2998.868,performance,,32861568.0,32041472.0,30263916.0,0.0,0.0,16.04,17.31,15.26,,,
7,5,sharded_bucketed,Sharded-Bucketed-1,1000,mixed,1,1,4,266122.13929404283,2157.0,16009.0,3648.6510533333335,3661.1264653998496,1.003419184757369,0,100,900,1790693829.7981002,2556.0395,3028.551,performance,,32861568.0,31995008.0,30217328.0,0.0,0.0,14.16,16.87,15.14,,,
7,6,thread_local,ThreadLocal,3000,mixed,1,,4,236770.52909605592,2508.0,84196.0,12180.181266296297,20607.221405492404,1.6918649201481524,0,100,900,1790693835.9158893,2300.0,2300.0,performance,,32861568.0,32001260.0,30223396.0,0.0,0.0,13.03,16.59,15.06,,,
7,7,hdr_histogram,HdrHistogram,100,mixed,1,,4,284795.5533414635,332.0,739.0,344.72135555555553,142.60597699096485,0.41368477668330117,0,100,900,1790693850.977807,2300.0,2300.0,performance,,32861568.0,32019460.0,30241216.0,0.0,0.0,13.38,16.52,15.06,,,
7,8,thread_local_owned,ThreadLocal-Owned,1000,mixed,1,,4,285353.291515785,2026.0,14786.0,3407.0134377777777,3377.989175618547,0.9914810250416384,0,100,900,1790693853.655316,2387.341,2998.728,performance,,32861568.0,32029104.0,30250856.0,0.0,0.0,13.38,16.52,15.06,,,
7,9,sharded_2key,Sharded-2key,100,mixed,1,,4,292439.39946477546,323.0,699.0,335.6410333333333,133.1264102900789,0.3966332988787691,0,100,900,1790693859.5442877,2475.624125,3007.933,performance,,32861568.0,31983988.0,30205692.0,0.0,0.0,13.31,16.42,15.04,,,
7,10,hdr_histogram,HdrHistogram,1000,mixed,1,,4,274366.00207684026,2073.0,15645.0,3542.5477288888887,3593.9570582948218,1.014511965212691,0,100,900,1790693862.2084396,2300.0,2300.0,performance,,32861568.0,32000928.0,30222620.0,0.0,0.0,13.31,16.42,15.04,,,
7,11,sharded_n,Sharded-N,3000,mixed,1,,10002,236090.59439882412,2502.0,85357.0,12249.57779925926,20610.98003829384,1.6825869736947343,0,100,900,1790693868.2229488,2770.927875,3008.654,performance,,32861568.0,31994148.0,30215680.0,0.0,0.0,13.53,16.41,15.05,,,
7,12,sharded_bucketed,Sharded-Bucketed-1,100,mixed,1,1,4,274697.9449630031,339.0,848.0,357.0165777777778,154.37771736683808,0.43241050129310604,0,100,900,1790693883.3601646,2647.56725,3008.841,performance,,32861568.0,32025532.0,30246668.0,0.0,0.0,15.46,16.69,15.16,,,
7,13,disabled,Disabled,100,mixed,1,,,285778.5695622332,330.0,723.0,343.33826666666664,140.4493295670003,0.4090698392887179,0,100,900,1790693886.0469303,2377.30625,2918.45,performance,,32861568.0,32029948.0,30251056.0,0.0,0.0,14.22,16.41,15.08,,,
7,14,sharded_bucketed,Sharded-Bucketed-10,3000,mixed,1,10,22,236579.4779696121,2519.0,79531.0,12176.235947777777,20392.636790296718,1.6747898839803999,0,100,900,1790693888.7176552,2300.0,2300.0,performance,,32861568.0,32035224.0,30256284.0,0.0,0.0,14.22,16.41,15.08,,,
7,15,sharded_2key,Sharded-2key,1000,mixed,1,,4,274149.59304935887,2084.0,15257.0,3550.268903333333,3559.2799835411565,1.0025381401953422,0,100,900,1790693903.8184202,2387.462,2999.696,performance,,32861568.0,32013192.0,30233852.0,0.0,0.0,20.82,17.76,15.54,,,
7,16,sharded_bucketed,Sharded-Bucketed-10000,100,mixed,1,10000,12991,272783.9076262033,343.0,820.0,360.2808888888889,154.6812979944685,0.42933528467609733,0,100,900,1790693909.828485,2300.0,2300.0,performance,,32861568.0,32007156.0,30227764.0,0.0,0.0,18.43,17.36,15.44,,,
7,17,sharded_bucketed,Sharded-Bucketed-1,3000,mixed,1,1,4,236266.67956815744,2492.0,84805.0,12231.690705925927,20538.87060612737,1.6791522202386002,0,100,900,1790693912.5204473,2300.0,2300.0,performance,,32861568.0,32018876.0,30239440.0,0.0,0.0,18.43,17.36,15.44,,,
7,18,thread_local,ThreadLocal,1000,mixed,1,,4,278430.9565210027,2043.0,15282.0,3487.7531022222224,3483.04475219976,0.9986500334500562,0,100,900,1790693927.6449301,2387.516,3000.128,performance,,32861568.0,32029368.0,30249448.0,0.0,0.0,17.85,17.27,15.44,,,
7,19,global_mutex,GlobalMutex,100,mixed,1,,4,278803.3826966597,339.0,788.0,352.30181111111114,144.94638450740518,0.4114267367807856,0,100,900,1790693933.604931,2497.474375,3093.308,performance,,32861568.0,31996888.0,30216968.0,0.0,0.0,18.98,17.52,15.53,,,
7,20,sharded_bucketed,Sharded-Bucketed-1000,3000,mixed,1,1000,2002,235245.29923505138,2517.0,84526.0,12273.234451111111,20479.376708546042,1.6686209971888883,0,100,900,1790693936.2859879,2902.537625,3050.857,performance,,32861568.0,32017192.0,30237256.0,0.0,0.0,17.46,17.23,15.45,,,
7,21,thread_local,ThreadLocal,100,mixed,1,,4,279876.3789765745,335.0,803.0,350.8744555555555,152.23472606782644,0.4338723542207889,0,100,900,1790693951.4481423,2387.581,3000.648,performance,,32861568.0,32021236.0,30240812.0,0.0,0.0,22.66,18.37,15.85,,,
7,22,sharded_bucketed,Sharded-Bucketed-10000,1000,mixed,1,10000,13042,268145.0662556024,2120.0,15216.0,3617.0573766666666,3566.324569596793,0.9859740109744605,0,100,900,1790693954.1258445,2300.0,2300.0,performance,,32861568.0,32015344.0,30234876.0,0.0,0.0,22.66,18.37,15.85,,,
7,23,hdr_histogram,HdrHistogram,3000,mixed,1,,4,236121.47550659292,2520.0,78270.0,12238.646812592593,20760.487379112015,1.696305784210647,0,100,900,1790693960.2186084,2820.7175,3073.508,performance,,32861568.0,32001768.0,30221256.0,0.0,0.0,19.17,17.76,15.68,,,
7,24,sharded_bucketed,Sharded-Bucketed-100,100,mixed,1,100,202,273544.27237911965,342.0,847.0,357.7823666666667,152.2473824435213,0.42553070421540606,0,100,900,1790693975.3396907,2300.0,2300.0,performance,,32861568.0,32024316.0,30243476.0,0.0,0.0,17.14,17.39,15.59,,,
7,25,sharded_2key,Sharded-2key,3000,mixed,1,,4,239744.283802836,2483.0,87674.0,12051.290949629629,20684.24463948046,1.7163509474573053,0,100,900,1790693978.0271142,2387.8575,3002.86,performance,,32861568.0,32036588.0,30255720.0,0.0,0.0,17.14,17.39,15.59,,,
7,26,disabled,Disabled,3000,mixed,1,,,238514.4687722576,2477.0,85322.0,12097.617742592593,20538.981509687612,1.6977707468285392,0,100,900,1790693992.9304118,2649.366625,3011.266,performance,,32861568.0,32012704.0,30231392.0,0.0,0.0,16.38,17.2,15.55,,,
7,27,sharded_bucketed,Sharded-Bucketed-10,100,mixed,1,10,22,270715.0868633573,347.0,843.0,363.205,155.65150294239947,0.42855000052972697,0,100,900,1790694007.928688,2476.041,3011.845,performance,,32861568.0,32007476.0,30225880.0,0.0,0.0,19.47,17.82,15.78,,,
7,28,sharded_bucketed,Sharded-Bucketed-100,3000,mixed,1,100,202,236943.69179490386,2513.0,81572.0,12183.02294111111,20403.579401538813,1.6747550669618927,0,100,900,1790694010.6209993,2387.77125,3002.17,performance,,32861568.0,32019160.0,30237540.0,0.0,0.0,17.91,17.52,15.7,,,
7,29,global_mutex,GlobalMutex,3000,mixed,1,,4,236477.98859137957,2500.0,84659.0,12203.239718888888,20698.026914274313,1.6961091801086803,0,100,900,1790694025.6741014,2387.52675,3000.214,performance,,32861568.0,32022588.0,30240676.0,0.0,0.0,15.92,17.11,15.59,,,
7,30,sharded_bucketed,Sharded-Bucketed-1000,1000,mixed,1,1000,2002,271775.28910307004,2122.0,15069.0,3576.592776666667,3500.1952171452335,0.9786395700344073,0,100,900,1790694040.748001,2644.236,3003.047,performance,,32861568.0,32023160.0,30240844.0,0.0,0.0,15.82,17.07,15.6,,,
7,31,sharded_n,Sharded-N,1000,mixed,1,,10002,278427.09046290047,2021.0,15137.0,3485.5793844444443,3442.7817145629792,0.9877215047597355,0,100,900,1790694046.8001914,2387.628125,3001.025,performance,,32861568.0,31985192.0,30202832.0,0.0,0.0,15.83,17.05,15.61,,,
7,32,thread_local_owned,ThreadLocal-Owned,100,mixed,1,,4,282578.70715751615,330.0,754.0,347.1190222222222,146.09878506943866,0.4208895961221844,0,100,900,1790694052.7819939,2380.176875,2941.415,performance,,32861568.0,31990340.0,30207868.0,0.0,0.0,16.33,17.13,15.64,,,
7,33,sharded_bucketed,Sharded-Bucketed-10,1000,mixed,1,10,22,270494.1155229905,2111.0,15084.0,3602.259228888889,3538.7587844503164,0.9823720503151686,0,100,900,1790694055.4580636,2736.661375,3014.565,performance,,32861568.0,32013980.0,30231484.0,0.0,0.0,15.02,16.85,15.56,,,
7,34,sharded_bucketed,Sharded-Bucketed-1000,100,mixed,1,1000,2002,284343.7739986145,333.0,684.0,345.58276666666666,136.5746897861713,0.3952011007478998,0,100,900,1790694061.5205543,2685.538375,3099.217,performance,,32861568.0,31994984.0,30212264.0,0.0,0.0,16.7,17.17,15.67,,,
7,35,global_mutex,GlobalMutex,1000,mixed,1,,4,273304.7560697719,2089.0,15262.0,3553.26285,3543.563934488266,0.9972704199151116,0,100,900,1790694064.1975672,2300.0,2300.0,performance,,32861568.0,32021136.0,30238384.0,0.0,0.0,16.7,17.17,15.67,,,
7,36,thread_local_owned,ThreadLocal-Owned,3000,mixed,1,,4,240585.5129628978,2433.0,79825.0,12011.82031037037,20189.39862109361,1.6807942592733551,0,100,900,1790694070.2289166,2475.2885,3004.333,performance,,32861568.0,31995256.0,30212480.0,0.0,0.0,14.13,16.6,15.5,,,
8,1,global_mutex,GlobalMutex,3000,mixed,1,,4,239321.41994088085,2470.0,80310.0,12041.352990370371,20309.421555138626,1.6866394973538554,0,100,900,1790694085.1228902,2300.0,2300.0,performance,,32861568.0,32019164.0,30235952.0,0.0,0.0,13.34,16.32,15.43,,,
8,2,thread_local_owned,ThreadLocal-Owned,1000,mixed,1,,4,276433.37672722025,2065.0,15431.0,3513.911098888889,3513.990240878345,1.000022522479149,0,100,900,1790694100.0928056,2478.97525,3016.869,performance,,32861568.0,32000040.0,30216412.0,0.0,0.0,12.49,16.01,15.34,,,
8,3,thread_local,ThreadLocal,100,mixed,1,,4,284657.4033812916,330.0,782.0,344.7330111111111,153.7947062495842,0.4461270063864424,0,100,900,1790694106.0715759,2817.525,3021.896,performance,,32861568.0,32013300.0,30229592.0,0.0,0.0,11.49,15.74,15.26,,,
8,4,sharded_bucketed,Sharded-Bucketed-10,1000,mixed,1,10,22,270716.0378018033,2107.0,15389.0,3589.9374844444446,3546.9878045821883,0.9880360925368864,0,100,900,1790694108.7457936,2300.0,2300.0,performance,,32861568.0,32020720.0,30236988.0,0.0,0.0,11.49,15.74,15.26,,,
8,5,sharded_bucketed,Sharded-Bucketed-100,1000,mixed,1,100,202,271928.2433092701,2093.0,15370.0,3579.166528888889,3530.2428860012346,0.9863309956402497,0,100,900,1790694114.800111,2388.628,3009.024,performance,,32861568.0,31990468.0,30206724.0,0.0,0.0,10.46,15.38,15.14,,,
8,6,sharded_bucketed,Sharded-Bucketed-10000,1000,mixed,1,10000,13042,275276.92093588033,2096.0,15491.0,3532.14526,3510.4582523388726,0.9938601031201284,0,100,900,1790694120.8350787,2387.30025,2998.402,performance,,32861568.0,31990252.0,30206332.0,0.0,0.0,9.62,15.13,15.06,,,
8,7,sharded_bucketed,Sharded-Bucketed-1,100,mixed,1,1,4,283616.0438016114,333.0,745.0,346.12685555555555,141.1250873429667,0.4077264883606099,0,100,900,1790694126.8411329,2387.76825,3002.146,performance,,32861568.0,31990332.0,30206232.0,0.0,0.0,10.61,15.24,15.1,,,
8,8,thread_local_owned,ThreadLocal-Owned,3000,mixed,1,,4,238696.12411939248,2473.0,84319.0,12116.797258518518,20383.80835090204,1.6822769182319637,0,100,900,1790694129.515621,2833.707375,3113.697,performance,,32861568.0,32024304.0,30240180.0,0.0,0.0,9.76,14.99,15.02,,,
8,9,global_mutex,GlobalMutex,1000,mixed,1,,4,278089.1800675275,2056.0,15167.0,3496.2098255555557,3504.5540796509185,1.002386657126346,0,100,900,1790694144.4806082,2476.400875,3011.209,performance,,32861568.0,32004564.0,30220064.0,0.0,0.0,9.69,14.74,14.94,,,
8,10,sharded_n,Sharded-N,100,mixed,1,,10001,277027.26986264286,341.0,783.0,354.0467,148.00675910694085,0.41804304095177514,0,100,900,1790694150.4449227,2300.0,2300.0,performance,,32861568.0,31991084.0,30206444.0,0.0,0.0,8.92,14.49,14.86,,,
8,11,sharded_n,Sharded-N,3000,mixed,1,,10002,236255.58134319837,2518.0,86097.0,12244.24333888889,20793.111072202195,1.6981948575100008,0,100,900,1790694153.1339083,2300.0,2300.0,performance,,32861568.0,32018184.0,30233520.0,0.0,0.0,8.92,14.49,14.86,,,
8,12,sharded_bucketed,Sharded-Bucketed-10000,100,mixed,1,10000,12980,284219.96002503106,334.0,678.0,345.1008888888889,133.65791460819347,0.38730098620878056,0,100,900,1790694168.2541819,2387.355625,2998.845,performance,,32861568.0,32010096.0,30225064.0,0.0,0.0,16.05,15.74,15.26,,,
8,13,sharded_bucketed,Sharded-Bucketed-100,3000,mixed,1,100,202,236184.43600654395,2504.0,83208.0,12230.455279259259,20512.542033562655,1.6771691294557436,0,100,900,1790694170.9328537,2392.9375,3043.5,performance,,32861568.0,32024704.0,30239612.0,0.0,0.0,14.76,15.48,15.17,,,
8,14,sharded_bucketed,Sharded-Bucketed-1,3000,mixed,1,1,4,236307.21529964407,2492.0,82858.0,12192.485321481481,20732.744953986665,1.7004527302943249,0,100,900,1790694186.0520263,2387.283625,2998.269,performance,,32861568.0,32004776.0,30219332.0,0.0,0.0,13.55,15.19,15.09,,,
8,15,sharded_bucketed,Sharded-Bucketed-1,1000,mixed,1,1,4,272971.3585047763,2071.0,15077.0,3566.2114133333334,3474.7969965807774,0.9743665178091304,0,100,900,1790694201.1756902,2580.72475,3086.487,performance,,32861568.0,32016528.0,30230772.0,0.0,0.0,13.15,15.05,15.04,,,
8,16,sharded_bucketed,Sharded-Bucketed-10,3000,mixed,1,10,22,237067.91115922033,2488.0,87197.0,12202.45301074074,20642.802632063045,1.6916928599432435,0,100,900,1790694207.2027254,2300.0,2300.0,performance,,32861568.0,32022068.0,30236240.0,0.0,0.0,13.38,15.06,15.05,,,
8,17,hdr_histogram,HdrHistogram,100,mixed,1,,4,277198.92909183324,336.0,826.0,353.7459333333333,153.1794963241099,0.43302122198467646,0,100,900,1790694222.2954812,2828.67175,3050.102,performance,,32861568.0,32013896.0,30227644.0,0.0,0.0,18.59,16.18,15.41,,,
8,18,sharded_bucketed,Sharded-Bucketed-100,100,mixed,1,100,202,275734.240684442,343.0,765.0,356.96444444444444,148.96780694833572,0.4173183331470988,0,100,900,1790694224.9766567,2300.0,2300.0,performance,,32861568.0,32023344.0,30237048.0,0.0,0.0,17.1,15.91,15.33,,,
8,19,hdr_histogram,HdrHistogram,3000,mixed,1,,4,239282.25942052255,2479.0,83120.0,12050.009153703704,20466.901618321353,1.6984967693597663,0,100,900,1790694227.654772,2387.711125,3001.689,performance,,32861568.0,32026648.0,30240320.0,0.0,0.0,17.1,15.91,15.33,,,
8,20,disabled,Disabled,3000,mixed,1,,,243051.30282664727,2420.0,71828.0,11873.379444444445,20267.550959147982,1.7069740804612432,0,100,900,1790694242.613024,2370.625375,2865.003,performance,,32861568.0,32024080.0,30237416.0,0.0,0.0,18.21,16.19,15.43,,,
8,21,thread_local,ThreadLocal,3000,mixed,1,,4,239403.79328335825,2469.0,81341.0,12033.96396111111,20209.100121779444,1.6793385942559789,0,100,900,1790694257.3818297,2551.503625,2978.804,performance,,32861568.0,32012456.0,30225364.0,0.0,0.0,18.01,16.22,15.45,,,
8,22,thread_local_owned,ThreadLocal-Owned,100,mixed,1,,4,281845.9015049412,334.0,772.0,349.03288888888886,144.71564406206105,0.41461893325511173,0,100,900,1790694272.3147144,2300.0,2300.0,performance,,32861568.0,32024376.0,30237004.0,0.0,0.0,20.94,17.0,15.72,,,
8,23,sharded_2key,Sharded-2key,100,mixed,1,,4,280863.3179162673,333.0,781.0,349.4877666666667,150.70930222064123,0.4312291204297982,0,100,900,1790694274.9907568,2300.0,2300.0,performance,,32861568.0,32031920.0,30244516.0,0.0,0.0,19.26,16.72,15.64,,,
8,24,sharded_bucketed,Sharded-Bucketed-1000,100,mixed,1,1000,2002,277710.08594432886,337.0,783.0,353.199,151.8826575664979,0.4300200667796282,0,100,900,1790694277.6657195,2300.0,2300.0,performance,,32861568.0,32029520.0,30242092.0,0.0,0.0,19.26,16.72,15.64,,,
8,25,sharded_bucketed,Sharded-Bucketed-1000,1000,mixed,1,1000,2002,275869.6473689734,2065.0,15864.0,3512.91984,3544.5918198486675,1.0090158561228848,0,100,900,1790694280.3457465,2475.119375,3010.147,performance,,32861568.0,32026000.0,30238540.0,0.0,0.0,17.72,16.44,15.56,,,
8,26,sharded_2key,Sharded-2key,1000,mixed,1,,4,277458.12452388514,2046.0,15439.0,3505.0453188888887,3535.9818438781117,1.0088262838778443,0,100,900,1790694286.3244367,2300.0,2300.0,performance,,32861568.0,31983656.0,30196052.0,0.0,0.0,16.3,16.17,15.47,,,
8,27,sharded_2key,Sharded-2key,3000,mixed,1,,4,235486.82781547145,2531.0,78996.0,12251.06769962963,20603.111891862885,1.6817401060060873,0,100,900,1790694292.289127,2353.4235,2727.388,performance,,32861568.0,31985772.0,30198112.0,0.0,0.0,18.84,16.7,15.65,,,
8,28,hdr_histogram,HdrHistogram,1000,mixed,1,,4,284624.1176058201,2019.0,15128.0,3409.235062222222,3456.6999936222637,1.0139224578340171,0,100,900,1790694307.4343987,2656.894375,3046.063,performance,,32861568.0,32019652.0,30231552.0,0.0,0.0,17.74,16.55,15.61,,,
8,29,global_mutex,GlobalMutex,100,mixed,1,,4,282541.8005368031,335.0,746.0,347.5728555555556,140.53658079805365,0.40433704344783183,0,100,900,1790694313.3224964,2643.78175,3020.068,performance,,32861568.0,31989644.0,30201460.0,0.0,0.0,17.68,16.56,15.62,,,
8,30,disabled,Disabled,1000,mixed,1,,,280621.0738032738,1994.0,15144.0,3472.4681988888888,3465.746082320809,0.9980641675652405,0,100,900,1790694315.997781,2300.0,2300.0,performance,,32861568.0,32013660.0,30225448.0,0.0,0.0,16.26,16.28,15.54,,,
8,31,disabled,Disabled,100,mixed,1,,,285058.38176195463,332.0,683.0,343.7728666666667,134.23319814130573,0.39047060183333954,0,100,900,1790694321.928677,2731.594875,3020.217,performance,,32861568.0,32018460.0,30230188.0,0.0,0.0,15.92,16.21,15.52,,,
8,32,sharded_bucketed,Sharded-Bucketed-10000,3000,mixed,1,10000,13042,234153.74073177474,2535.0,82700.0,12284.915835925925,20768.03590022313,1.6905313945651321,0,100,900,1790694324.602259,2386.95975,2995.678,performance,,32861568.0,32032572.0,30244264.0,0.0,0.0,14.65,15.94,15.44,,,
8,33,sharded_bucketed,Sharded-Bucketed-1000,3000,mixed,1,1000,2002,234187.02535243667,2508.0,83093.0,12322.95606,20654.52268237622,1.676101300841303,0,100,900,1790694339.8325408,2388.006875,3004.055,performance,,32861568.0,32007100.0,30218268.0,0.0,0.0,13.17,15.57,15.32,,,
8,34,sharded_bucketed,Sharded-Bucketed-10,100,mixed,1,10,22,292747.5616827895,318.0,721.0,330.81663333333336,135.0507704371614,0.40823452278194006,0,100,900,1790694355.0585213,2300.0,2300.0,performance,,32861568.0,32018040.0,30228984.0,0.0,0.0,12.68,15.37,15.26,,,
8,35,thread_local,ThreadLocal,1000,mixed,1,,4,274678.83429851575,2046.0,15370.0,3539.111141111111,3527.780273328644,0.9967983859984375,0,100,900,1790694357.723472,2300.0,2300.0,performance,,32861568.0,32028196.0,30239112.0,0.0,0.0,12.68,15.37,15.26,,,
8,36,sharded_n,Sharded-N,1000,mixed,1,,10002,291074.7228933466,1962.0,13962.0,3334.85838,3285.9867729520874,0.9853452226514301,0,100,900,1790694363.735989,2640.7065,3004.315,performance,,32861568.0,31991740.0,30202548.0,0.0,0.0,12.23,15.23,15.22,,,
9,1,sharded_bucketed,Sharded-Bucketed-100,3000,mixed,1,100,202,236274.838392386,2497.0,84051.0,12214.224775925926,20539.201078185142,1.6815804076790557,0,100,900,1790694369.5784667,2562.773625,3006.504,performance,,32861568.0,32002280.0,30212928.0,0.0,0.0,10.94,14.86,15.1,,,
9,2,global_mutex,GlobalMutex,100,mixed,1,,4,279666.6184977169,335.0,775.0,351.3928111111111,148.9027753634836,0.42375020391751916,0,100,900,1790694384.701083,2389.93625,3019.49,performance,,32861568.0,32022236.0,30232484.0,0.0,0.0,10.38,14.55,14.99,,,
9,3,sharded_bucketed,Sharded-Bucketed-10000,100,mixed,1,10000,12983,270698.4656555307,345.0,848.0,361.97282222222225,156.11406546085843,0.4312867040747521,0,100,900,1790694387.3799284,2387.230875,2997.847,performance,,32861568.0,32023644.0,30233860.0,0.0,0.0,10.38,14.55,14.99,,,
9,4,thread_local,ThreadLocal,3000,mixed,1,,4,237254.04365267148,2485.0,84427.0,12146.700004814815,20511.351720967687,1.6886357375120171,0,100,900,1790694390.0746126,2300.0,2300.0,performance,,32861568.0,32038168.0,30248356.0,0.0,0.0,9.55,14.31,14.91,,,
9,5,thread_local_owned,ThreadLocal-Owned,100,mixed,1,,4,285335.21652039926,331.0,768.0,344.3123444444444,139.69039289686162,0.40570834926716076,0,100,900,1790694405.1320145,2807.411375,3008.896,performance,,32861568.0,32014388.0,30224240.0,0.0,0.0,8.67,13.9,14.77,,,
9,6,hdr_histogram,HdrHistogram,1000,mixed,1,,4,283382.8230786513,2014.0,14608.0,3424.62561,3389.687061187951,0.989797848643651,0,100,900,1790694407.805429,2388.175125,3005.401,performance,,32861568.0,32016808.0,30226624.0,0.0,0.0,8.67,13.9,14.77,,,
9,7,sharded_n,Sharded-N,3000,mixed,1,,10002,236953.34377945427,2506.0,85222.0,12198.34271111111,20609.671782244688,1.6895468729101983,0,100,900,1790694413.715631,2300.0,2300.0,performance,,32861568.0,31991352.0,30201120.0,0.0,0.0,9.9,14.07,14.82,,,
9,8,sharded_bucketed,Sharded-Bucketed-1000,100,mixed,1,1000,2002,275770.0619295909,338.0,881.0,356.2467888888889,159.96782778205767,0.44903654649347763,0,100,900,1790694428.807013,2387.523625,3000.189,performance,,32861568.0,32007924.0,30217244.0,0.0,0.0,12.39,14.39,14.91,,,
9,9,disabled,Disabled,1000,mixed,1,,,277003.7279648005,2050.0,14875.0,3502.773272222222,3513.272517085216,1.0029974092089418,0,100,900,1790694431.4916406,2300.0,2300.0,performance,,32861568.0,32020932.0,30230220.0,0.0,0.0,13.48,14.59,14.97,,,
9,10,hdr_histogram,HdrHistogram,100,mixed,1,,4,281486.44773645344,332.0,822.0,348.48867777777775,147.28253892920432,0.4226322067861344,0,100,900,1790694437.4656894,2661.880125,3100.23,performance,,32861568.0,31989708.0,30198996.0,0.0,0.0,13.28,14.53,14.95,,,
9,11,sharded_bucketed,Sharded-Bucketed-1,3000,mixed,1,1,4,233806.6609217212,2561.0,88344.0,12359.774992962963,20857.868800244993,1.6875605593241316,0,100,900,1790694440.1438205,2300.0,2300.0,performance,,32861568.0,32015332.0,30224588.0,0.0,0.0,12.22,14.29,14.87,,,
9,12,thread_local,ThreadLocal,1000,mixed,1,,4,281813.5569246603,1969.0,14517.0,3452.8389511111113,3388.5076425590773,0.9813685754062371,0,100,900,1790694455.3714747,2300.0,2300.0,performance,,32861568.0,32014856.0,30223556.0,0.0,0.0,12.36,14.22,14.84,,,
9,13,sharded_n,Sharded-N,1000,mixed,1,,10002,287040.7847413372,1997.0,14927.0,3383.949068888889,3372.7268506947644,0.996683691756091,0,100,900,1790694461.2974832,2665.60675,3061.811,performance,,32861568.0,31994744.0,30203388.0,0.0,0.0,11.37,13.99,14.76,,,
9,14,thread_local_owned,ThreadLocal-Owned,1000,mixed,1,,4,279080.7170115362,2030.0,15146.0,3481.4126522222223,3490.741837428097,1.002679712558613,0,100,900,1790694467.166317,2643.334,3001.439,performance,,32861568.0,31999120.0,30207720.0,0.0,0.0,11.98,14.07,14.78,,,
9,15,sharded_bucketed,Sharded-Bucketed-100,100,mixed,1,100,202,273343.3712915858,342.0,818.0,357.9123777777778,157.2040354344888,0.4392249198268698,0,100,900,1790694473.1218877,2784.018375,3081.818,performance,,32861568.0,31982572.0,30191008.0,0.0,0.0,11.66,13.97,14.75,,,
9,16,disabled,Disabled,100,mixed,1,,,297505.84782452916,320.0,631.0,328.6761111111111,124.09755986692521,0.37756793290332324,0,100,900,1790694475.8090353,2734.6175,3001.759,performance,,32861568.0,32008540.0,30216924.0,0.0,0.0,10.73,13.74,14.67,,,
9,17,thread_local_owned,ThreadLocal-Owned,3000,mixed,1,,4,239257.7855778742,2466.0,83507.0,12072.407565925925,20292.415076055568,1.6808921472573881,0,100,900,1790694478.4687245,2300.0,2300.0,performance,,32861568.0,32011352.0,30219724.0,0.0,0.0,10.73,13.74,14.67,,,
9,18,hdr_histogram,HdrHistogram,3000,mixed,1,,4,239493.3288926563,2436.0,84851.0,12046.291241111112,20225.86598130298,1.6790118698340064,0,100,900,1790694493.4227796,2300.0,2300.0,performance,,32861568.0,32013516.0,30221336.0,0.0,0.0,12.17,13.91,14.71,,,
9,19,thread_local,ThreadLocal,100,mixed,1,,4,282906.72476640344,332.0,767.0,346.6900777777778,148.1648831228248,0.4273698401538791,0,100,900,1790694508.386196,2386.791125,2994.329,performance,,32861568.0,31997704.0,30205288.0,0.0,0.0,16.0,14.63,14.93,,,
9,20,sharded_bucketed,Sharded-Bucketed-10,1000,mixed,1,10,22,273431.3521618827,2051.0,15395.0,3545.3380655555557,3521.2987968638095,0.9932194706831211,0,100,900,1790694511.0605752,2300.0,2300.0,performance,,32861568.0,32016584.0,30224140.0,0.0,0.0,14.72,14.39,14.85,,,
9,21,sharded_bucketed,Sharded-Bucketed-10,3000,mixed,1,10,22,236321.129963104,2516.0,82471.0,12206.857218518518,20646.776270986094,1.691408025946574,0,100,900,1790694517.0815065,2569.77825,3053.265,performance,,32861568.0,32010312.0,30217816.0,0.0,0.0,14.74,14.4,14.85,,,
9,22,sharded_bucketed,Sharded-Bucketed-1000,3000,mixed,1,1000,2002,235595.61863006037,2509.0,81376.0,12251.090747037037,20377.23771774701,1.6632998757825141,0,100,900,1790694532.1822963,2549.27375,3006.811,performance,,32861568.0,32012380.0,30219396.0,0.0,0.0,17.0,14.92,15.01,,,
9,23,sharded_bucketed,Sharded-Bucketed-1000,1000,mixed,1,1000,2002,268893.7091392649,2131.0,15289.0,3608.5752377777776,3638.045636485756,1.0081667685349764,0,100,900,1790694547.3312755,2388.0095,3004.076,performance,,32861568.0,32015592.0,30222264.0,0.0,0.0,20.37,15.73,15.27,,,
9,24,sharded_bucketed,Sharded-Bucketed-1,100,mixed,1,1,4,278179.29696698266,342.0,692.0,352.58254444444447,137.0202387047309,0.3886188946779265,0,100,900,1790694553.398263,2388.47375,3007.79,performance,,32861568.0,31975124.0,30181812.0,0.0,0.0,20.42,15.82,15.31,,,
9,25,sharded_bucketed,Sharded-Bucketed-1,1000,mixed,1,1,4,274657.45579654665,2076.0,15210.0,3540.848428888889,3477.9167861626843,0.9822269594448717,0,100,900,1790694556.080557,2553.1235,2985.487,performance,,32861568.0,31991088.0,30197740.0,0.0,0.0,18.78,15.55,15.22,,,
9,26,sharded_n,Sharded-N,100,mixed,1,,10000,273845.5059136435,343.0,780.0,358.36336666666665,150.43806999828382,0.41979198766210524,0,100,900,1790694562.0912094,2387.153,2997.224,performance,,32861568.0,31980428.0,30186960.0,0.0,0.0,20.64,15.99,15.37,,,
9,27,sharded_bucketed,Sharded-Bucketed-100,1000,mixed,1,100,202,268489.8766482687,2123.0,15830.0,3624.547071111111,3634.7075930549286,1.0028032528601436,0,100,900,1790694564.7827892,2300.0,2300.0,performance,,32861568.0,32021240.0,30227744.0,0.0,0.0,18.99,15.73,15.28,,,
9,28,sharded_2key,Sharded-2key,3000,mixed,1,,4,237956.6671357389,2484.0,82473.0,12145.936185185185,20523.30255149845,1.6897258670378517,0,100,900,1790694570.8679333,2300.0,2300.0,performance,,32861568.0,31972428.0,30178788.0,0.0,0.0,17.47,15.47,15.2,,,
9,29,global_mutex,GlobalMutex,1000,mixed,1,,4,269809.6724257735,2106.0,15434.0,3588.792336666667,3602.4248067788217,1.0037986232786087,0,100,900,1790694585.8938327,2300.0,2300.0,performance,,32861568.0,32020948.0,30226896.0,0.0,0.0,16.59,15.4,15.19,,,
9,30,disabled,Disabled,3000,mixed,1,,,237856.96831713317,2499.0,85255.0,12100.10403037037,20621.698477656577,1.7042579490141267,0,100,900,1790694591.9651926,2648.463375,3007.188,performance,,32861568.0,31987148.0,30193076.0,0.0,0.0,16.23,15.35,15.17,,,
9,31,sharded_bucketed,Sharded-Bucketed-10000,1000,mixed,1,10000,13042,263937.8449601649,2159.0,15653.0,3681.8878666666665,3668.603723226243,0.9963920293280278,0,100,900,1790694606.968227,2387.5655,3000.524,performance,,32861568.0,32023116.0,30228592.0,0.0,0.0,24.59,17.32,15.82,,,
9,32,sharded_2key,Sharded-2key,100,mixed,1,,4,275476.55883644876,341.0,827.0,356.67296666666664,147.71590561377045,0.41414942936177235,0,100,900,1790694613.1243973,2655.9565,3049.722,performance,,32861568.0,31984316.0,30189668.0,0.0,0.0,23.58,17.23,15.8,,,
9,33,sharded_bucketed,Sharded-Bucketed-10,100,mixed,1,10,22,281276.61140440713,334.0,762.0,348.9052222222222,143.0973660135481,0.4101324855562281,0,100,900,1790694615.809422,2387.569125,3000.553,performance,,32861568.0,32006112.0,30211468.0,0.0,0.0,21.69,16.94,15.72,,,
9,34,sharded_2key,Sharded-2key,1000,mixed,1,,4,271815.73758050724,2074.0,15290.0,3576.1450433333334,3545.518227208091,0.9914358014694239,0,100,900,1790694618.4875042,2300.0,2300.0,performance,,32861568.0,32018556.0,30223876.0,0.0,0.0,21.69,16.94,15.72,,,
9,35,sharded_bucketed,Sharded-Bucketed-10000,3000,mixed,1,10000,13042,234073.69493505295,2522.0,83143.0,12313.43858,20518.019934820404,1.6663111446502545,0,100,900,1790694624.5298188,2300.0,2300.0,performance,,32861568.0,31972684.0,30177900.0,0.0,0.0,19.83,16.71,15.65,,,
9,36,global_mutex,GlobalMutex,3000,mixed,1,,4,236091.58424093146,2519.0,83432.0,12214.840571481482,20422.987578503868,1.6719815096225081,0,100,900,1790694639.7685473,2562.726,3003.777,performance,,32861568.0,32008392.0,30213244.0,0.0,0.0,18.55,16.61,15.64,,,
10,1,sharded_bucketed,Sharded-Bucketed-1000,1000,mixed,1,1000,2002,270934.3290088845,2100.0,15241.0,3585.190036666667,3570.6623935589623,0.9959478736247935,0,100,900,1790694654.888836,2300.0,2300.0,performance,,32861568.0,31999828.0,30204224.0,0.0,0.0,17.87,16.57,15.64,,,
10,2,sharded_bucketed,Sharded-Bucketed-10000,3000,mixed,1,10000,13042,236785.0663162392,2508.0,82475.0,12177.084136296296,20673.96797524609,1.6977765566736203,0,100,900,1790694660.9418323,2300.0,2300.0,performance,,32861568.0,31989716.0,30194124.0,0.0,0.0,16.44,16.3,15.56,,,
10,3,sharded_n,Sharded-N,3000,mixed,1,,10002,239529.15634504965,2447.0,84128.0,12038.167563333333,20329.27731436113,1.6887352005533984,0,100,900,1790694676.0379903,2365.4725,2823.78,performance,,32861568.0,32017832.0,30221704.0,0.0,0.0,15.43,16.1,15.51,,,
10,4,sharded_bucketed,Sharded-Bucketed-1,3000,mixed,1,1,4,234480.17473900318,2527.0,87650.0,12312.797397777778,20846.447073613723,1.6930715580016042,0,100,900,1790694690.9777198,2300.0,2300.0,performance,,32861568.0,32008948.0,30212564.0,0.0,0.0,13.33,15.62,15.36,,,
10,5,disabled,Disabled,1000,mixed,1,,,280625.47887100984,2004.0,15531.0,3461.3459177777777,3535.0482068114056,1.021292956781663,0,100,900,1790694706.172047,2387.31075,2998.486,performance,,32861568.0,32020228.0,30223504.0,0.0,0.0,12.09,15.24,15.24,,,
10,6,disabled,Disabled,3000,mixed,1,,,239016.45102207785,2476.0,84421.0,12079.717238888888,20388.315949085503,1.6878140063948097,0,100,900,1790694712.1090078,2387.446375,2999.571,performance,,32861568.0,31991056.0,30194208.0,0.0,0.0,11.92,15.15,15.21,,,
10,7,thread_local,ThreadLocal,1000,mixed,1,,4,276011.4006509039,2069.0,15350.0,3527.7892322222224,3479.754275771348,0.9863838360829125,0,100,900,1790694727.0735784,2300.0,2300.0,performance,,32861568.0,32002720.0,30205492.0,0.0,0.0,15.98,15.9,15.45,,,
10,8,global_mutex,GlobalMutex,100,mixed,1,,4,286171.5324057257,329.0,699.0,341.00683333333336,137.72054328101254,0.40386446786065144,0,100,900,1790694733.0562348,2486.87675,3087.577,performance,,32861568.0,31988816.0,30191500.0,0.0,0.0,24.55,17.67,16.03,,,
10,9,thread_local_owned,ThreadLocal-Owned,1000,mixed,1,,4,274640.23140514555,2080.0,15306.0,3552.1285577777776,3529.4397362921477,0.993612612517655,0,100,900,1790694735.7274485,2386.919125,2995.353,performance,,32861568.0,32007392.0,30210048.0,0.0,0.0,22.58,17.38,15.95,,,
10,10,sharded_n,Sharded-N,100,mixed,1,,10002,275539.4121028036,340.0,785.0,355.9887444444444,149.57964373046428,0.4201808233119788,0,100,900,1790694741.7289054,2635.662625,2999.857,performance,,32861568.0,31991640.0,30194216.0,0.0,0.0,21.98,17.34,15.94,,,
10,11,sharded_n,Sharded-N,1000,mixed,1,,10002,273849.61058565596,2086.0,15721.0,3549.5221677777777,3573.372544911583,1.0067193205187777,0,100,900,1790694744.417555,2633.62475,2999.998,performance,,32861568.0,32013820.0,30216356.0,0.0,0.0,21.98,17.34,15.94,,,
10,12,hdr_histogram,HdrHistogram,3000,mixed,1,,4,236923.99723227177,2510.0,84358.0,12179.428695555556,20504.804012961715,1.6835604136706515,0,100,900,1790694750.4389331,2387.843,3002.744,performance,,32861568.0,32003656.0,30205996.0,0.0,0.0,18.6,16.77,15.77,,,
10,13,hdr_histogram,HdrHistogram,1000,mixed,1,,4,274071.99267436506,2086.0,14809.0,3550.3033988888888,3473.8780772662694,0.9784735801321832,0,100,900,1790694765.4905913,2300.0,2300.0,performance,,32861568.0,32018036.0,30219956.0,0.0,0.0,16.72,16.46,15.69,,,
10,14,thread_local_owned,ThreadLocal-Owned,100,mixed,1,,4,277229.4888674633,338.0,806.0,353.65031111111114,156.31648514169396,0.4420086176386308,0,100,900,1790694771.5089524,2354.960125,2739.681,performance,,32861568.0,31960360.0,30162252.0,0.0,0.0,15.38,16.19,15.6,,,
10,15,disabled,Disabled,100,mixed,1,,,285123.4483787862,330.0,788.0,344.37927777777776,141.11760952139016,0.409773812268841,0,100,900,1790694774.1894863,2300.0,2300.0,performance,,32861568.0,31991680.0,30193544.0,0.0,0.0,15.38,16.19,15.6,,,
10,16,sharded_bucketed,Sharded-Bucketed-1000,3000,mixed,1,1000,2002,234583.4479195282,2524.0,82438.0,12282.920721851851,20690.367738128745,1.6844827225270353,0,100,900,1790694776.8629715,2360.88425,2787.074,performance,,32861568.0,32017236.0,30219076.0,0.0,0.0,15.75,16.25,15.63,,,
10,17,thread_local_owned,ThreadLocal-Owned,3000,mixed,1,,4,237029.4548621011,2494.0,83050.0,12197.479225555555,20634.11148476335,1.6916701478393816,0,100,900,1790694792.0526464,2891.800625,3034.149,performance,,32861568.0,32031680.0,30233004.0,0.0,0.0,16.26,16.34,15.66,,,
10,18,hdr_histogram,HdrHistogram,100,mixed,1,,4,277579.1125221492,339.0,776.0,352.9884666666667,144.3796058043209,0.4090207455436813,0,100,900,1790694807.0908942,2300.0,2300.0,performance,,32861568.0,32017388.0,30218456.0,0.0,0.0,17.4,16.59,15.76,,,
10,19,sharded_2key,Sharded-2key,1000,mixed,1,,4,281946.8363639263,2040.0,15133.0,3449.73535,3454.8607141027487,1.00148572675372,0,100,900,1790694809.7717137,2899.74525,3033.111,performance,,32861568.0,32027848.0,30228888.0,0.0,0.0,16.01,16.31,15.67,,,
10,20,sharded_bucketed,Sharded-Bucketed-10000,1000,mixed,1,10000,13042,267655.2409497787,2152.0,15440.0,3632.77339,3570.9999746723397,0.982995521961897,0,100,900,1790694815.7017233,2300.0,2300.0,performance,,32861568.0,32007484.0,30208464.0,0.0,0.0,14.73,16.04,15.59,,,
10,21,sharded_bucketed,Sharded-Bucketed-1,100,mixed,1,1,4,277130.4122541821,339.0,797.0,354.81374444444447,148.94637431044936,0.419787498772531,0,100,900,1790694821.7962976,2738.561875,3019.465,performance,,32861568.0,31990436.0,30191300.0,0.0,0.0,14.75,16.02,15.58,,,
10,22,sharded_bucketed,Sharded-Bucketed-10,100,mixed,1,10,22,275102.5271202414,340.0,850.0,356.03954444444446,154.14172677309637,0.43293428827861075,0,100,900,1790694824.4747431,2300.0,2300.0,performance,,32861568.0,32000880.0,30201720.0,0.0,0.0,14.75,16.02,15.58,,,
10,23,sharded_bucketed,Sharded-Bucketed-10,3000,mixed,1,10,22,235464.63573955558,2523.0,86565.0,12251.988982962963,20647.73834447344,1.6852560325662396,0,100,900,1790694827.1580775,2754.63425,3081.975,performance,,32861568.0,32011404.0,30212216.0,0.0,0.0,13.57,15.76,15.5,,,
10,24,sharded_2key,Sharded-2key,100,mixed,1,,4,285025.4091601504,333.0,704.0,344.8754666666667,138.4545798729306,0.40146253721999725,0,100,900,1790694842.3153994,2389.001625,3012.013,performance,,32861568.0,32014604.0,30214948.0,0.0,0.0,16.2,16.23,15.66,,,
10,25,global_mutex,GlobalMutex,1000,mixed,1,,4,280940.8137480138,2037.0,15437.0,3450.2314822222224,3486.9842110108193,1.0106522501397284,0,100,900,1790694844.9887898,2394.187125,3053.497,performance,,32861568.0,32034312.0,30234612.0,0.0,0.0,14.9,15.96,15.57,,,
10,26,sharded_bucketed,Sharded-Bucketed-100,100,mixed,1,100,202,273217.1336613827,346.0,783.0,358.9155333333333,146.83410647315256,0.4091049086381677,0,100,900,1790694850.926988,2562.5415,3010.237,performance,,32861568.0,31997040.0,30197236.0,0.0,0.0,13.7,15.69,15.49,,,
10,27,sharded_bucketed,Sharded-Bucketed-10000,100,mixed,1,10000,12992,282642.7655067078,333.0,740.0,346.73504444444444,141.3931421364822,0.40778440022706414,0,100,900,1790694853.613993,2383.74075,2969.926,performance,,32861568.0,32011652.0,30211844.0,0.0,0.0,13.7,15.69,15.49,,,
10,28,thread_local,ThreadLocal,3000,mixed,1,,4,240697.4177511931,2447.0,84830.0,11995.750562962963,20496.076939843068,1.7086114647235975,0,100,900,1790694856.2968214,2674.64325,3070.278,performance,,32861568.0,32029984.0,30230184.0,0.0,0.0,12.61,15.43,15.41,,,
10,29,thread_local,ThreadLocal,100,mixed,1,,4,274002.96243478445,340.0,892.0,358.8572,158.16144879971353,0.4407364511558178,0,100,900,1790694871.1946692,2804.13575,3069.205,performance,,32861568.0,32015912.0,30215644.0,0.0,0.0,11.65,15.1,15.3,,,
10,30,global_mutex,GlobalMutex,3000,mixed,1,,4,236570.09010472216,2511.0,87941.0,12196.798544444444,20790.103553215013,1.7045541481608515,0,100,900,1790694873.8962102,2387.216875,2997.735,performance,,32861568.0,32027164.0,30226952.0,0.0,0.0,11.65,15.1,15.3,,,
10,31,sharded_bucketed,Sharded-Bucketed-1000,100,mixed,1,1000,2002,281256.81608315225,334.0,777.0,348.6555666666667,144.67393385964544,0.41494801084865923,0,100,900,1790694889.0050588,2387.85225,3002.818,performance,,32861568.0,31996644.0,30196016.0,0.0,0.0,14.19,15.49,15.42,,,
10,32,sharded_bucketed,Sharded-Bucketed-100,3000,mixed,1,100,202,236590.70174210114,2504.0,85567.0,12195.353184444444,20551.258702099738,1.6851712608301916,0,100,900,1790694891.683371,2557.229875,2999.998,performance,,32861568.0,32005640.0,30204980.0,0.0,0.0,14.82,15.59,15.46,,,
10,33,sharded_bucketed,Sharded-Bucketed-100,1000,mixed,1,100,202,275600.7409217247,2071.0,15157.0,3522.4544277777777,3576.2228901931667,1.0152644877365553,0,100,900,1790694906.7825685,2813.909625,3011.969,performance,,32861568.0,32008288.0,30207296.0,0.0,0.0,14.52,15.51,15.43,,,
10,34,sharded_2key,Sharded-2key,3000,mixed,1,,4,239187.3491388693,2480.0,86230.0,12087.849956296297,20494.212228360044,1.69543899886721,0,100,900,1790694912.784672,2300.0,2300.0,performance,,32861568.0,32009520.0,30208400.0,0.0,0.0,17.68,16.15,15.64,,,
10,35,sharded_bucketed,Sharded-Bucketed-1,1000,mixed,1,1,4,280110.9890619117,2004.0,14710.0,3470.6070811111113,3424.0448123249885,0.9865838259134722,0,100,900,1790694927.7359326,2393.6965,3049.572,performance,,32861568.0,32015240.0,30213796.0,0.0,0.0,17.32,16.14,15.64,,,
10,36,sharded_bucketed,Sharded-Bucketed-10,1000,mixed,1,10,22,271584.83212002163,2097.0,14954.0,3575.0196133333334,3538.0485710462126,0.9896585064458852,0,100,900,1790694933.6798232,2476.866125,3025.502,performance,,32861568.0,31999664.0,30198060.0,0.0,0.0,17.69,16.24,15.68,,,
11,1,thread_local_owned,ThreadLocal-Owned,3000,mixed,1,,4,237732.91167061208,2497.0,79155.0,12136.351822222223,20425.531712155647,1.6830042513068508,0,100,900,1790694939.738453,2750.82525,3064.284,performance,,32861568.0,32012336.0,30210668.0,0.0,0.0,16.0,15.93,15.58,,,
11,2,sharded_bucketed,Sharded-Bucketed-1,3000,mixed,1,1,4,236126.0897647568,2512.0,86417.0,12212.271645185185,20465.71768544729,1.675832169481434,0,100,900,1790694954.7785857,2569.407875,3058.13,performance,,32861568.0,32016860.0,30214732.0,0.0,0.0,16.9,16.17,15.67,,,
11,3,thread_local_owned,ThreadLocal-Owned,100,mixed,1,,4,280266.01056019904,335.0,800.0,350.6605,147.90562973481917,0.42179153265001096,0,100,900,1790694969.887334,2366.077375,2828.619,performance,,32861568.0,31994036.0,30191628.0,0.0,0.0,15.89,16.01,15.63,,,
11,4,hdr_histogram,HdrHistogram,3000,mixed,1,,4,239565.87939056565,2447.0,80699.0,12064.464154074074,20220.540923301858,1.6760413612297518,0,100,900,1790694972.564574,2562.989375,3009.233,performance,,32861568.0,32009080.0,30206640.0,0.0,0.0,15.89,16.01,15.63,,,
11,5,thread_local,ThreadLocal,100,mixed,1,,4,279213.863439881,338.0,779.0,351.09804444444444,144.61152348998704,0.4118835914304543,0,100,900,1790694987.4807432,2300.0,2300.0,performance,,32861568.0,32018412.0,30215584.0,0.0,0.0,17.87,16.42,15.77,,,
11,6,disabled,Disabled,100,mixed,1,,,284528.71237881144,330.0,743.0,345.1594666666667,140.64810206180908,0.40748730846092707,0,100,900,1790694990.1588607,2576.984375,3057.071,performance,,32861568.0,32025752.0,30222896.0,0.0,0.0,16.44,16.15,15.68,,,
11,7,sharded_2key,Sharded-2key,3000,mixed,1,,4,238031.3877917255,2466.0,85950.0,12143.836313333333,20488.99595133607,1.6871930272018048,0,100,900,1790694992.8310077,2387.4355,2999.484,performance,,32861568.0,32016464.0,30213568.0,0.0,0.0,16.44,16.15,15.68,,,
11,8,sharded_bucketed,Sharded-Bucketed-100,3000,mixed,1,100,202,235391.1570823194,2536.0,83305.0,12272.084962962963,20518.551001355878,1.67196943822347,0,100,900,1790695007.8521972,2495.601625,3087.068,performance,,32861568.0,32027792.0,30224528.0,0.0,0.0,16.94,16.29,15.74,,,
11,9,hdr_histogram,HdrHistogram,1000,mixed,1,,4,270973.6846739309,2104.0,15384.0,3593.3116455555555,3586.0154855576993,0.9979695165024496,0,100,900,1790695022.98745,2300.0,2300.0,performance,,32861568.0,32011764.0,30208160.0,0.0,0.0,16.75,16.27,15.74,,,
11,10,sharded_2key,Sharded-2key,1000,mixed,1,,4,276532.6647885365,1994.0,14785.0,3507.449188888889,3473.0790162713524,0.9902008066926767,0,100,900,1790695029.036623,2300.0,2300.0,performance,,32861568.0,31991580.0,30187980.0,0.0,0.0,16.21,16.17,15.71,,,
11,11,thread_local_owned,ThreadLocal-Owned,1000,mixed,1,,4,274131.0715283023,2067.0,15535.0,3535.2598922222223,3576.2443444310243,1.0115930521258056,0,100,900,1790695035.0230975,2388.088,3004.704,performance,,32861568.0,31983088.0,30179296.0,0.0,0.0,14.38,15.78,15.59,,,
11,12,sharded_bucketed,Sharded-Bucketed-1,100,mixed,1,1,4,284598.7102688461,332.0,744.0,344.71655555555554,143.94595010970963,0.4175777107012514,0,100,900,1790695041.0227482,2300.0,2300.0,performance,,32861568.0,31991760.0,30187904.0,0.0,0.0,13.23,15.52,15.5,,,
11,13,sharded_n,Sharded-N,3000,mixed,1,,10002,235882.54926776394,2516.0,80484.0,12238.133722222223,20512.520911731648,1.6761151150427982,0,100,900,1790695043.6979933,2657.757,3051.245,performance,,32861568.0,32005420.0,30201528.0,0.0,0.0,13.23,15.52,15.5,,,
11,14,sharded_bucketed,Sharded-Bucketed-10000,3000,mixed,1,10000,13042,234453.17570464424,2523.0,86720.0,12321.346245555556,20679.18171189332,1.6783216135454782,0,100,900,1790695058.8475194,2470.945125,2987.01,performance,,32861568.0,32016796.0,30212412.0,0.0,0.0,14.01,15.58,15.52,,,
11,15,disabled,Disabled,1000,mixed,1,,,281378.5276442034,1997.0,14917.0,3455.5916011111112,3384.538238900513,0.9794381482499982,0,100,900,1790695074.0534532,2742.499625,3048.728,performance,,32861568.0,32000984.0,30196268.0,0.0,0.0,13.53,15.39,15.46,,,
11,16,global_mutex,GlobalMutex,100,mixed,1,,4,285347.12458682846,331.0,720.0,344.19482222222223,140.74869275815686,0.4089215864708313,0,100,900,1790695079.9844358,2386.805875,2994.447,performance,,32861568.0,32003896.0,30199160.0,0.0,0.0,12.63,15.14,15.38,,,
11,17,sharded_bucketed,Sharded-Bucketed-10,1000,mixed,1,10,22,273942.3832673041,2096.0,15359.0,3566.1972655555555,3535.93897834029,0.9915152514114914,0,100,900,1790695082.6562047,2884.480375,3085.073,performance,,32861568.0,32017308.0,30212540.0,0.0,0.0,12.63,15.14,15.38,,,
11,18,sharded_bucketed,Sharded-Bucketed-10000,100,mixed,1,10000,12980,283996.7679274498,332.0,728.0,346.5183222222222,140.95805707768724,0.4067838496207737,0,100,900,1790695088.673745,2300.0,2300.0,performance,,32861568.0,31990596.0,30185640.0,0.0,0.0,12.66,15.11,15.37,,,
11,19,sharded_n,Sharded-N,100,mixed,1,,10002,277954.61095707637,337.0,780.0,352.8481,147.97823773687367,0.41938227168255593,0,100,900,1790695091.348541,2300.0,2300.0,performance,,32861568.0,32022316.0,30217332.0,0.0,0.0,11.64,14.86,15.28,,,
11,20,sharded_bucketed,Sharded-Bucketed-100,1000,mixed,1,100,202,278953.6945068357,2002.0,15345.0,3483.260372222222,3478.9044607352353,0.9987494729013876,0,100,900,1790695094.0283952,2723.304875,3014.623,performance,,32861568.0,32032800.0,30227784.0,0.0,0.0,11.64,14.86,15.28,,,
11,21,sharded_bucketed,Sharded-Bucketed-10,100,mixed,1,10,22,278554.0296224816,336.0,773.0,351.89864444444447,145.51675827743233,0.41351895091032553,0,100,900,1790695099.9781907,2387.631125,3001.049,performance,,32861568.0,31997816.0,30192740.0,0.0,0.0,11.84,14.81,15.26,,,
11,22,sharded_bucketed,Sharded-Bucketed-10000,1000,mixed,1,10000,13042,271709.95196901663,2078.0,14607.0,3574.6588677777777,3482.923344775558,0.9743372650662891,0,100,900,1790695102.656392,2387.93475,3003.478,performance,,32861568.0,32022536.0,30217436.0,0.0,0.0,11.84,14.81,15.26,,,
11,23,disabled,Disabled,3000,mixed,1,,,237667.89497733352,2490.0,83762.0,12150.661682222222,20644.00801577472,1.6990027831965082,0,100,900,1790695108.7104273,2387.714625,3001.717,performance,,32861568.0,31997816.0,30192488.0,0.0,0.0,11.45,14.68,15.22,,,
11,24,sharded_bucketed,Sharded-Bucketed-1000,1000,mixed,1,1000,2002,275156.7027128867,2067.0,14951.0,3538.3653044444445,3467.06832481693,0.9798503055809528,0,100,900,1790695123.7252276,2387.17575,2997.406,performance,,32861568.0,32002248.0,30196528.0,0.0,0.0,13.74,15.02,15.32,,,
11,25,sharded_n,Sharded-N,1000,mixed,1,,10002,272404.3181746808,2085.0,15240.0,3574.4554955555554,3566.3350884544943,0.9977282114405515,0,100,900,1790695129.710693,2300.0,2300.0,performance,,32861568.0,31987148.0,30181336.0,0.0,0.0,12.88,14.81,15.25,,,
11,26,sharded_bucketed,Sharded-Bucketed-1000,100,mixed,1,1000,2002,280262.5160444062,337.0,742.0,350.15386666666666,143.58131977113234,0.4100520755003296,0,100,900,1790695135.7601004,2387.8105,3002.484,performance,,32861568.0,31991864.0,30185960.0,0.0,0.0,11.85,14.56,15.17,,,
11,27,sharded_bucketed,Sharded-Bucketed-100,100,mixed,1,100,202,284016.421122584,332.0,757.0,345.2792,141.7070375084098,0.41041289920855295,0,100,900,1790695138.4400125,2358.691625,2769.533,performance,,32861568.0,31998032.0,30192100.0,0.0,0.0,11.85,14.56,15.17,,,
11,28,hdr_histogram,HdrHistogram,100,mixed,1,,4,278009.40938291023,336.0,857.0,353.4218,154.5924175387925,0.4374161909050106,0,100,900,1790695141.1150675,2387.458375,2999.667,performance,,32861568.0,31999188.0,30193228.0,0.0,0.0,10.9,14.32,15.09,,,
11,29,global_mutex,GlobalMutex,3000,mixed,1,,4,236466.297652619,2500.0,84158.0,12201.11111037037,20716.85694893317,1.6979483885959221,0,100,900,1790695143.8014343,2300.0,2300.0,performance,,32861568.0,32014108.0,30208108.0,0.0,0.0,10.9,14.32,15.09,,,
11,30,sharded_bucketed,Sharded-Bucketed-10,3000,mixed,1,10,22,236519.01340275217,2512.0,86690.0,12223.044338518519,20742.44567482576,1.6969950447991116,0,100,900,1790695158.915824,2644.68775,3105.881,performance,,32861568.0,32011188.0,30204800.0,0.0,0.0,11.17,14.2,15.04,,,
11,31,sharded_bucketed,Sharded-Bucketed-1,1000,mixed,1,1,4,268681.68207919877,2109.0,15796.0,3621.558938888889,3657.80287651439,1.010007827633649,0,100,900,1790695174.0261886,2387.356375,2998.851,performance,,32861568.0,32033136.0,30226336.0,0.0,0.0,14.59,14.79,15.21,,,
11,32,global_mutex,GlobalMutex,1000,mixed,1,,4,269415.6349283918,2129.0,15795.0,3605.682347777778,3633.0478402774925,1.0075895461275395,0,100,900,1790695180.1218274,2300.0,2300.0,performance,,32861568.0,31988588.0,30181756.0,0.0,0.0,14.41,14.76,15.2,,,
11,33,sharded_2key,Sharded-2key,100,mixed,1,,4,279295.49015986134,336.0,784.0,351.3800888888889,145.29227798419691,0.413490355824175,0,100,900,1790695186.195321,2826.73775,3070.105,performance,,32861568.0,31993712.0,30186704.0,0.0,0.0,13.26,14.51,15.12,,,
11,34,sharded_bucketed,Sharded-Bucketed-1000,3000,mixed,1,1000,2002,235931.7444150574,2510.0,86363.0,12247.467087777777,20835.080448547804,1.7011746428238979,0,100,900,1790695188.8749053,2448.744375,3011.351,performance,,32861568.0,32007132.0,30200092.0,0.0,0.0,13.26,14.51,15.12,,,
11,35,thread_local,ThreadLocal,3000,mixed,1,,4,237197.53061543405,2512.0,83457.0,12171.17622962963,20627.00153004205,1.6947418343863494,0,100,900,1790695204.0178046,2300.0,2300.0,performance,,32861568.0,32006224.0,30198792.0,0.0,0.0,15.07,14.86,15.22,,,
11,36,thread_local,ThreadLocal,1000,mixed,1,,4,276330.50129745353,2048.0,15202.0,3515.575692222222,3526.725247916482,1.0031714736562,0,100,900,1790695219.0522556,2387.431625,2999.453,performance,,32861568.0,32010840.0,30203024.0,0.0,0.0,17.39,15.38,15.39,,,
12,1,sharded_2key,Sharded-2key,3000,mixed,1,,4,238305.11694217523,2474.0,86293.0,12123.808665555556,20565.629931749023,1.6963010963854264,0,100,900,1790695225.0346632,2387.83825,3002.706,performance,,32861568.0,31999188.0,30191364.0,0.0,0.0,15.16,14.97,15.25,,,
12,2,sharded_bucketed,Sharded-Bucketed-10,3000,mixed,1,10,22,237322.46418784963,2490.0,84159.0,12151.679842962963,20555.75310531248,1.6915976532426762,0,100,900,1790695240.0199482,2387.76175,3002.094,performance,,32861568.0,32004952.0,30196696.0,0.0,0.0,13.33,14.58,15.12,,,
12,3,disabled,Disabled,3000,mixed,1,,,242775.26380500343,2399.0,79027.0,11868.668412592593,19895.274859511814,1.676285339508098,0,100,900,1790695255.06587,2300.0,2300.0,performance,,32861568.0,32013616.0,30204996.0,0.0,0.0,12.64,14.38,15.05,,,
12,4,sharded_bucketed,Sharded-Bucketed-10000,100,mixed,1,10000,12992,273025.19119711453,341.0,899.0,359.4166666666667,157.0456931507857,0.43694605096439326,0,100,900,1790695269.8493335,2875.895,3009.668,performance,,32861568.0,32019180.0,30210256.0,0.0,0.0,13.45,14.49,15.07,,,
12,5,sharded_bucketed,Sharded-Bucketed-100,100,mixed,1,100,202,279617.45957888063,337.0,753.0,350.44936666666666,146.43496950539628,0.4178491486465699,0,100,900,1790695272.5414727,2300.0,2300.0,performance,,32861568.0,32033784.0,30224828.0,0.0,0.0,13.45,14.49,15.07,,,
12,6,disabled,Disabled,1000,mixed,1,,,273553.3187826777,2092.0,15571.0,3557.2210744444446,3594.2614885425437,1.0104127388551143,0,100,900,1790695275.219741,2300.0,2300.0,performance,,32861568.0,32035084.0,30226100.0,0.0,0.0,12.37,14.25,14.99,,,
12,7,thread_local_owned,ThreadLocal-Owned,100,mixed,1,,4,277702.2933232387,339.0,775.0,353.6917111111111,146.96929090380164,0.4155293615507764,0,100,900,1790695281.229572,2571.779375,3071.795,performance,,32861568.0,31995096.0,30186044.0,0.0,0.0,11.38,14.01,14.91,,,
12,8,sharded_n,Sharded-N,1000,mixed,1,,10002,276739.71353157563,2049.0,14532.0,3508.1153611111113,3375.138561439404,0.9620945191410153,0,100,900,1790695283.912446,2390.239125,3021.913,performance,,32861568.0,32023564.0,30214480.0,0.0,0.0,11.38,14.01,14.91,,,
12,9,sharded_bucketed,Sharded-Bucketed-1000,100,mixed,1,1000,2002,271857.17571259284,344.0,804.0,360.0221666666667,153.38281002713876,0.4260371283447975,0,100,900,1790695289.8975923,2666.033875,3112.743,performance,,32861568.0,31995132.0,30185844.0,0.0,0.0,10.44,13.73,14.81,,,
12,10,thread_local,ThreadLocal,100,mixed,1,,4,283400.7879165386,331.0,836.0,346.8246555555556,145.800639753051,0.42038718244959417,0,100,900,1790695292.5881634,2387.490875,2999.927,performance,,32861568.0,32009056.0,30199736.0,0.0,0.0,10.44,13.73,14.81,,,
12,11,sharded_bucketed,Sharded-Bucketed-1000,3000,mixed,1,1000,2002,235605.05601842803,2521.0,85797.0,12234.362663703703,20680.032700332817,1.6903236620314768,0,100,900,1790695295.2648108,2300.0,2300.0,performance,,32861568.0,32020324.0,30211012.0,0.0,0.0,9.61,13.5,14.73,,,
12,12,sharded_bucketed,Sharded-Bucketed-10000,3000,mixed,1,10000,13042,236617.05695377153,2505.0,86176.0,12208.473992592593,20639.99624295737,1.6906286777102975,0,100,900,1790695310.4114242,2388.513875,3008.111,performance,,32861568.0,32005928.0,30196244.0,0.0,0.0,8.84,13.15,14.6,,,
12,13,thread_local,ThreadLocal,1000,mixed,1,,4,289403.55501024605,1976.0,14719.0,3359.2552055555557,3392.3523198178927,1.0098525155836928,0,100,900,1790695325.5283237,2805.167,3025.562,performance,,32861568.0,32010904.0,30200908.0,0.0,0.0,8.28,12.83,14.47,,,
12,14,hdr_histogram,HdrHistogram,3000,mixed,1,,4,246960.41134858842,2392.0,76808.0,11699.683253333333,19662.91925367036,1.6806368880173093,0,100,900,1790695331.3740404,2387.223875,2997.791,performance,,32861568.0,32009088.0,30198972.0,0.0,0.0,7.62,12.61,14.39,,,
12,15,sharded_bucketed,Sharded-Bucketed-10,100,mixed,1,10,22,283251.84523942496,334.0,699.0,347.06927777777776,137.29569278508657,0.3955858428731181,0,100,900,1790695345.951405,2905.611125,3027.432,performance,,32861568.0,31996080.0,30185604.0,0.0,0.0,7.5,12.35,14.28,,,
12,16,sharded_bucketed,Sharded-Bucketed-1,1000,mixed,1,1,4,276498.3630163266,2052.0,15059.0,3510.853401111111,3457.7484484484526,0.9848740614900492,0,100,900,1790695348.6244497,2639.0885,2991.538,performance,,32861568.0,32005172.0,30194672.0,0.0,0.0,7.5,12.35,14.28,,,
12,17,global_mutex,GlobalMutex,3000,mixed,1,,4,238001.51435815112,2505.0,84022.0,12114.287944814814,20248.725865382363,1.6714747047142189,0,100,900,1790695354.619319,2387.9685,3003.748,performance,,32861568.0,32004592.0,30193980.0,0.0,0.0,7.86,12.35,14.26,,,
12,18,sharded_n,Sharded-N,100,mixed,1,,10002,281037.21618473093,335.0,739.0,349.07647777777777,145.5884276000032,0.4170674246710053,0,100,900,1790695369.6401117,2691.71175,3009.028,performance,,32861568.0,31999228.0,30188156.0,0.0,0.0,7.18,11.9,14.08,,,
12,19,sharded_2key,Sharded-2key,1000,mixed,1,,4,288105.10138634115,1984.0,14078.0,3375.88785,3260.9515720187337,0.9659537629541615,0,100,900,1790695372.3204145,2649.613375,3005.36,performance,,32861568.0,32016392.0,30205320.0,0.0,0.0,7.18,11.9,14.08,,,
12,20,sharded_bucketed,Sharded-Bucketed-100,1000,mixed,1,100,202,288395.70650302334,1989.0,14270.0,3372.63947,3281.2134178160327,0.9728918394636569,0,100,900,1790695378.1692562,2387.11275,2996.902,performance,,32861568.0,31986780.0,30175668.0,0.0,0.0,8.29,12.05,14.11,,,
12,21,sharded_bucketed,Sharded-Bucketed-10,1000,mixed,1,10,22,272299.11430329055,2090.0,15091.0,3571.0933555555557,3483.170613348545,0.9753793212741892,0,100,900,1790695384.0182714,2387.49975,2999.998,performance,,32861568.0,31979956.0,30168676.0,0.0,0.0,8.75,12.09,14.11,,,
12,22,disabled,Disabled,100,mixed,1,,,291359.0519378459,323.0,788.0,338.0938111111111,137.86286516045047,0.40776512503254086,0,100,900,1790695390.0606518,2300.0,2300.0,performance,,32861568.0,31994872.0,30183452.0,0.0,0.0,12.26,12.77,14.31,,,
12,23,sharded_n,Sharded-N,3000,mixed,1,,10002,233657.0234242974,2532.0,87834.0,12345.284756666666,20714.73351183019,1.6779469992090605,0,100,900,1790695392.727899,2300.0,2300.0,performance,,32861568.0,32008440.0,30196984.0,0.0,0.0,12.26,12.77,14.31,,,
12,24,sharded_bucketed,Sharded-Bucketed-100,3000,mixed,1,100,202,234559.30214147162,2525.0,86586.0,12280.498741851852,20930.5028332251,1.704369119952278,0,100,900,1790695407.935426,2383.57525,2968.602,performance,,32861568.0,32008312.0,30196444.0,0.0,0.0,12.46,12.79,14.3,,,
12,25,hdr_histogram,HdrHistogram,100,mixed,1,,4,274002.4343898507,341.0,811.0,357.22874444444443,157.29728655830422,0.4403265106869551,0,100,900,1790695423.1345282,2300.0,2300.0,performance,,32861568.0,31994516.0,30182240.0,0.0,0.0,12.14,12.69,14.24,,,
12,26,sharded_bucketed,Sharded-Bucketed-1,100,mixed,1,1,4,275888.06290625496,342.0,775.0,357.18426666666664,150.09506101315904,0.42021744802447175,0,100,900,1790695425.8231664,2569.94625,3046.709,performance,,32861568.0,32009480.0,30197180.0,0.0,0.0,11.17,12.48,14.16,,,
12,27,sharded_bucketed,Sharded-Bucketed-1000,1000,mixed,1,1000,2002,268727.3073915753,2136.0,15471.0,3620.110631111111,3578.687321300202,0.9885574464341176,0,100,900,1790695428.5034225,2300.0,2300.0,performance,,32861568.0,32012088.0,30199796.0,0.0,0.0,11.17,12.48,14.16,,,
12,28,global_mutex,GlobalMutex,1000,mixed,1,,4,280582.40003679844,1996.0,15313.0,3456.042261111111,3427.7333916001403,0.9918088763469375,0,100,900,1790695434.5914276,2834.7085,3071.894,performance,,32861568.0,31982408.0,30170040.0,0.0,0.0,12.28,12.69,14.22,,,
12,29,hdr_histogram,HdrHistogram,1000,mixed,1,,4,277190.56513611804,2008.0,15105.0,3509.721088888889,3472.0514427655253,0.9892670542275799,0,100,900,1790695440.4949083,2387.231625,2997.853,performance,,32861568.0,32001888.0,30189424.0,0.0,0.0,10.46,12.29,14.07,,,
12,30,sharded_bucketed,Sharded-Bucketed-1,3000,mixed,1,1,4,237356.39030937638,2485.0,76083.0,12148.355855185186,20629.297815222064,1.6981143836362864,0,100,900,1790695446.471614,2300.0,2300.0,performance,,32861568.0,31993604.0,30180988.0,0.0,0.0,9.62,12.08,14.0,,,
12,31,global_mutex,GlobalMutex,100,mixed,1,,4,273284.17702014145,343.0,848.0,359.8723,151.17812775994477,0.4200882584181799,0,100,900,1790695461.5348873,2886.31175,3089.669,performance,,32861568.0,31999848.0,30186792.0,0.0,0.0,13.45,12.85,14.22,,,
12,32,sharded_2key,Sharded-2key,100,mixed,1,,4,274807.0768061932,342.0,788.0,357.0049222222222,154.22084341359323,0.43198520192278056,0,100,900,1790695464.220682,2300.0,2300.0,performance,,32861568.0,32006648.0,30193608.0,0.0,0.0,13.45,12.85,14.22,,,
12,33,thread_local_owned,ThreadLocal-Owned,1000,mixed,1,,4,275158.7788982064,2083.0,14975.0,3536.90431,3516.270685478196,0.9941661909078326,0,100,900,1790695466.9050505,2617.52775,3019.161,performance,,32861568.0,32024008.0,30210924.0,0.0,0.0,14.37,13.05,14.28,,,
12,34,thread_local,ThreadLocal,3000,mixed,1,,4,238873.19672026052,2470.0,85480.0,12110.774818888889,20459.18848576553,1.6893377006610526,0,100,900,1790695472.9004877,2300.0,2300.0,performance,,32861568.0,31996028.0,30182884.0,0.0,0.0,24.6,15.19,14.97,,,
12,35,sharded_bucketed,Sharded-Bucketed-10000,1000,mixed,1,10000,13042,267778.5582183857,2105.0,16117.0,3633.1233055555554,3701.1526692267703,1.0187247604746001,0,100,900,1790695487.8698447,2300.0,2300.0,performance,,32861568.0,32010752.0,30197144.0,0.0,0.0,23.24,15.35,15.02,,,
12,36,thread_local_owned,ThreadLocal-Owned,3000,mixed,1,,4,241812.37619352996,2408.0,76258.0,11937.419207037037,19660.08875040711,1.6469295757677342,0,100,900,1790695493.9784133,2763.244875,3140.108,performance,,32861568.0,31989236.0,30175648.0,0.0,0.0,22.42,15.31,15.01,,,
13,1,sharded_2key,Sharded-2key,1000,mixed,1,,4,285609.1440120875,2002.0,15058.0,3403.4979044444444,3432.9760813700977,1.0086611414942137,0,100,900,1790695508.8252661,2654.60625,3044.604,performance,,32861568.0,32020264.0,30206208.0,0.0,0.0,22.57,15.7,15.14,,,
13,2,hdr_histogram,HdrHistogram,1000,mixed,1,,4,273328.24932261393,2064.0,15351.0,3553.9372911111113,3566.44091881893,1.0035182465765764,0,100,900,1790695514.7058156,2300.0,2300.0,performance,,32861568.0,31990600.0,30176576.0,0.0,0.0,20.13,15.41,15.05,,,
13,3,sharded_bucketed,Sharded-Bucketed-1,100,mixed,1,1,4,279241.27440207277,338.0,735.0,351.42544444444445,141.52110717941952,0.4027059207484109,0,100,900,1790695520.7332387,2388.55325,3008.426,performance,,32861568.0,31997328.0,30183084.0,0.0,0.0,18.52,15.16,14.97,,,
13,4,sharded_bucketed,Sharded-Bucketed-10000,3000,mixed,1,10000,13042,231018.68057428056,2578.0,84894.0,12485.466073333333,20965.64571827696,1.679204091792435,0,100,900,1790695523.4121752,2447.614,3002.41,performance,,32861568.0,32000992.0,30186720.0,0.0,0.0,18.52,15.16,14.97,,,
13,5,sharded_n,Sharded-N,3000,mixed,1,,10002,237389.9702455517,2495.0,84212.0,12162.160926296296,20446.937319687957,1.6811927948987104,0,100,900,1790695538.7804277,2475.623125,3002.866,performance,,32861568.0,32018692.0,30204060.0,0.0,0.0,20.92,15.88,15.21,,,
13,6,hdr_histogram,HdrHistogram,3000,mixed,1,,4,237432.92508544304,2492.0,82395.0,12154.05392962963,20378.141438127415,1.6766538601946452,0,100,900,1790695553.8275857,2300.0,2300.0,performance,,32861568.0,32008624.0,30193576.0,0.0,0.0,23.11,16.57,15.45,,,
13,7,sharded_bucketed,Sharded-Bucketed-1000,3000,mixed,1,1000,2002,236734.39337768411,2493.0,83308.0,12172.88336,20286.008782206176,1.6664916751659549,0,100,900,1790695568.893615,2652.695375,3049.214,performance,,32861568.0,32023172.0,30207796.0,0.0,0.0,23.77,17.04,15.62,,,
13,8,sharded_bucketed,Sharded-Bucketed-10000,1000,mixed,1,10000,13042,271712.1668580407,2119.0,15357.0,3574.245531111111,3574.845077797234,1.0001677407668008,0,100,900,1790695584.0074975,2300.0,2300.0,performance,,32861568.0,32012124.0,30196388.0,0.0,0.0,21.17,16.8,15.56,,,
13,9,hdr_histogram,HdrHistogram,100,mixed,1,,4,278359.8204300798,339.0,762.0,352.8901,147.10546821160068,0.4168591530666365,0,100,900,1790695590.0636024,2300.0,2300.0,performance,,32861568.0,31994196.0,30178452.0,0.0,0.0,18.73,16.42,15.45,,,
13,10,sharded_bucketed,Sharded-Bucketed-1,3000,mixed,1,1,4,235718.0709873163,2515.0,84290.0,12237.198865555556,20514.139771622526,1.676375451359571,0,100,900,1790695592.7451026,2362.8715,2802.972,performance,,32861568.0,32011856.0,30196088.0,0.0,0.0,18.73,16.42,15.45,,,
13,11,sharded_n,Sharded-N,1000,mixed,1,,10002,272335.7655540699,2083.0,15295.0,3571.68484,3559.2750778506397,0.9965255159104799,0,100,900,1790695607.8890874,2348.975,2691.8,performance,,32861568.0,32018548.0,30202456.0,0.0,0.0,19.09,16.61,15.53,,,
13,12,thread_local_owned,ThreadLocal-Owned,3000,mixed,1,,4,235398.7287600636,2534.0,79391.0,12259.357628888889,20732.046546812267,1.691120136503538,0,100,900,1790695613.9338458,2387.51725,3000.138,performance,,32861568.0,31985116.0,30168932.0,0.0,0.0,20.2,16.89,15.63,,,
13,13,disabled,Disabled,1000,mixed,1,,,275715.29994352,2079.0,15287.0,3522.434281111111,3528.382437821279,1.0016886494496333,0,100,900,1790695629.0882509,2744.100375,3033.219,performance,,32861568.0,32010780.0,30194152.0,0.0,0.0,20.79,17.18,15.75,,,
13,14,disabled,Disabled,100,mixed,1,,,284228.8489041429,331.0,767.0,345.2670111111111,144.24915298322944,0.4177901402135645,0,100,900,1790695635.086426,2475.65375,3003.734,performance,,32861568.0,32002436.0,30185768.0,0.0,0.0,18.92,16.91,15.67,,,
13,15,thread_local,ThreadLocal,100,mixed,1,,4,280593.40879286145,335.0,736.0,347.52143333333333,139.4860222788392,0.40137386906161815,0,100,900,1790695637.7571907,2366.9295,2835.436,performance,,32861568.0,32007844.0,30191140.0,0.0,0.0,18.92,16.91,15.67,,,
13,16,sharded_bucketed,Sharded-Bucketed-10000,100,mixed,1,10000,12997,268230.5389266529,349.0,858.0,365.0875555555556,157.49600690015404,0.43139242766161,0,100,900,1790695640.4315774,2487.962,3116.856,performance,,32861568.0,32026164.0,30209448.0,0.0,0.0,17.41,16.63,15.59,,,
13,17,sharded_bucketed,Sharded-Bucketed-100,1000,mixed,1,100,202,285775.79273918335,2017.0,14364.0,3391.877123333333,3373.952819569663,0.9947155209012833,0,100,900,1790695643.131232,2386.78175,2994.254,performance,,32861568.0,32025408.0,30208664.0,0.0,0.0,17.41,16.63,15.59,,,
13,18,sharded_bucketed,Sharded-Bucketed-10,3000,mixed,1,10,22,234680.27823776883,2529.0,84180.0,12357.179833703703,20577.927515248695,1.6652608274845397,0,100,900,1790695649.0101411,2387.4655,2999.724,performance,,32861568.0,31994076.0,30177044.0,0.0,0.0,17.61,16.69,15.61,,,
13,19,global_mutex,GlobalMutex,3000,mixed,1,,4,235832.50661265507,2512.0,88153.0,12249.1864,20734.1439338421,1.6926956008965706,0,100,900,1790695664.2100961,2475.191375,3003.037,performance,,32861568.0,32021204.0,30203876.0,0.0,0.0,25.37,18.41,16.19,,,
13,20,sharded_bucketed,Sharded-Bucketed-10,1000,mixed,1,10,22,268718.2257791481,2126.0,16028.0,3626.5501055555555,3658.4688011985395,1.0088013938078746,0,100,900,1790695679.3475807,2566.349,3101.499,performance,,32861568.0,32019932.0,30202176.0,0.0,0.0,24.03,18.44,16.24,,,
13,21,sharded_n,Sharded-N,100,mixed,1,,10002,292403.9420885805,323.0,684.0,335.14846666666665,128.57853616578916,0.3836464998471001,0,100,900,1790695685.4278817,2300.0,2300.0,performance,,32861568.0,31994560.0,30176696.0,0.0,0.0,23.21,18.47,16.27,,,
13,22,thread_local,ThreadLocal,1000,mixed,1,,4,275786.20396362146,2086.0,14910.0,3517.6307511111113,3470.243719701794,0.986528707882614,0,100,900,1790695688.0950136,2830.149125,3024.759,performance,,32861568.0,32013060.0,30195204.0,0.0,0.0,23.21,18.47,16.27,,,
13,23,sharded_bucketed,Sharded-Bucketed-1,1000,mixed,1,1,4,270800.6694882189,2121.0,15551.0,3592.4319755555557,3546.5990445236876,0.9872418096309867,0,100,900,1790695694.0822737,2387.037125,2996.297,performance,,32861568.0,31975384.0,30157468.0,0.0,0.0,22.79,18.46,16.28,,,
13,24,thread_local,ThreadLocal,3000,mixed,1,,4,236573.67287782006,2492.0,71863.0,12213.583046666667,20653.835068947632,1.6910545406726063,0,100,900,1790695700.1407242,2389.272375,3014.179,performance,,32861568.0,31971288.0,30153160.0,0.0,0.0,19.95,18.0,16.15,,,
13,25,sharded_bucketed,Sharded-Bucketed-1000,100,mixed,1,1000,2002,281252.5796135036,335.0,734.0,348.47776666666664,143.44476590551713,0.4116324759471039,0,100,900,1790695715.2253397,2359.202375,2773.619,performance,,32861568.0,32013984.0,30195360.0,0.0,0.0,18.22,17.74,16.1,,,
13,26,thread_local_owned,ThreadLocal-Owned,1000,mixed,1,,4,278887.9025219426,2049.0,14768.0,3488.55086,3434.7365379022513,0.984574018193403,0,100,900,1790695717.9017851,2872.91975,3039.786,performance,,32861568.0,32034704.0,30216048.0,0.0,0.0,18.22,17.74,16.1,,,
13,27,disabled,Disabled,3000,mixed,1,,,240114.53922406552,2453.0,86208.0,12027.717296666666,20491.931161257704,1.7037257075319514,0,100,900,1790695723.8569446,2647.097875,3041.017,performance,,32861568.0,31987608.0,30168968.0,0.0,0.0,19.33,17.97,16.18,,,
13,28,sharded_bucketed,Sharded-Bucketed-1000,1000,mixed,1,1000,2002,290790.169925155,1999.0,14236.0,3339.31855,3336.4642595711116,0.9991452476347642,0,100,900,1790695738.7572496,2387.267625,2998.141,performance,,32861568.0,32013408.0,30194260.0,0.0,0.0,18.92,17.96,16.21,,,
13,29,sharded_2key,Sharded-2key,100,mixed,1,,4,286144.2678926893,328.0,749.0,343.3807888888889,143.65493462244942,0.41835460593846224,0,100,900,1790695744.5927742,2300.0,2300.0,performance,,32861568.0,31977944.0,30158836.0,0.0,0.0,18.37,17.86,16.18,,,
13,30,sharded_bucketed,Sharded-Bucketed-10,100,mixed,1,10,22,271102.0765708175,345.0,866.0,361.7772777777778,159.0818723374576,0.4397232278229864,0,100,900,1790695747.2627916,2300.0,2300.0,performance,,32861568.0,32000712.0,30181580.0,0.0,0.0,16.9,17.56,16.1,,,
13,31,sharded_bucketed,Sharded-Bucketed-100,100,mixed,1,100,202,277183.5689239165,340.0,793.0,354.1024111111111,145.55491576531554,0.41105316201770503,0,100,900,1790695749.9509192,2399.608625,3096.869,performance,,32861568.0,32006788.0,30187624.0,0.0,0.0,15.54,17.27,16.01,,,
13,32,global_mutex,GlobalMutex,1000,mixed,1,,4,274875.81068114965,2054.0,15277.0,3540.8477866666667,3570.8417535099047,1.0084708433263307,0,100,900,1790695752.63301,2387.5165,3000.132,performance,,32861568.0,32012732.0,30193532.0,0.0,0.0,15.54,17.27,16.01,,,
13,33,sharded_2key,Sharded-2key,3000,mixed,1,,4,235991.01486726184,2522.0,84496.0,12240.069621851851,20535.852343966548,1.6777561711989342,0,100,900,1790695758.6388996,2300.0,2300.0,performance,,32861568.0,31998268.0,30178996.0,0.0,0.0,15.02,17.13,15.97,,,
13,34,thread_local_owned,ThreadLocal-Owned,100,mixed,1,,4,279690.3765378309,336.0,786.0,350.53027777777777,147.6406006053589,0.42119214791184795,0,100,900,1790695773.750658,2300.0,2300.0,performance,,32861568.0,32018500.0,30198840.0,0.0,0.0,17.21,17.48,16.1,,,
13,35,sharded_bucketed,Sharded-Bucketed-100,3000,mixed,1,100,202,237768.00063782692,2494.0,80476.0,12113.368323703704,20395.755409755006,1.6837393914493746,0,100,900,1790695776.429297,2358.30725,2766.458,performance,,32861568.0,32028976.0,30209288.0,0.0,0.0,15.83,17.18,16.02,,,
13,36,global_mutex,GlobalMutex,100,mixed,1,,4,280585.2252088316,337.0,775.0,349.8618,145.7797476714332,0.4166780930968548,0,100,900,1790695791.4695477,2300.0,2300.0,performance,,32861568.0,32024816.0,30204716.0,0.0,0.0,15.91,17.18,16.03,,,
14,1,sharded_bucketed,Sharded-Bucketed-10,1000,mixed,1,10,22,274628.202709294,2055.0,15077.0,3542.1952488888887,3477.7314844553357,0.9818011826271367,0,100,900,1790695794.1471233,2654.3015,3029.713,performance,,32861568.0,32018316.0,30198184.0,0.0,0.0,15.91,17.18,16.03,,,
14,2,hdr_histogram,HdrHistogram,3000,mixed,1,,4,237108.03735987836,2500.0,87590.0,12178.310678888889,20760.513373781523,1.7047120837350527,0,100,900,1790695800.1577759,2564.04,3005.654,performance,,32861568.0,31969208.0,30148956.0,0.0,0.0,13.91,16.71,15.89,,,
14,3,disabled,Disabled,1000,mixed,1,,,282515.58985532547,2011.0,14512.0,3439.689588888889,3331.422490512009,0.9685241660391067,0,100,900,1790695815.2105966,2748.57075,3071.316,performance,,32861568.0,32009700.0,30189048.0,0.0,0.0,12.75,16.33,15.78,,,
14,4,sharded_2key,Sharded-2key,1000,mixed,1,,4,297311.2829539714,1951.0,13858.0,3261.758868888889,3213.4339759408854,0.9851844066681528,0,100,900,1790695821.122884,2300.0,2300.0,performance,,32861568.0,31995136.0,30174424.0,0.0,0.0,11.73,16.06,15.7,,,
14,5,sharded_bucketed,Sharded-Bucketed-1,3000,mixed,1,1,4,233525.97496445864,2553.0,85771.0,12351.296695925927,20706.23299768245,1.6764420374188242,0,100,900,1790695826.8830924,2387.568,3000.544,performance,,32861568.0,32003464.0,30182672.0,0.0,0.0,13.03,16.26,15.77,,,
14,6,global_mutex,GlobalMutex,3000,mixed,1,,4,236728.00159805993,2514.0,83476.0,12194.507173703703,20593.194798959456,1.6887271052139543,0,100,900,1790695842.1243174,2388.112875,3004.903,performance,,32861568.0,32008644.0,30187436.0,0.0,0.0,14.24,16.36,15.81,,,
14,7,sharded_bucketed,Sharded-Bucketed-10000,1000,mixed,1,10000,13042,268737.1930995165,2128.0,15250.0,3610.109067777778,3556.235308797581,0.9850769719228015,0,100,900,1790695857.1943352,2836.364625,3075.679,performance,,32861568.0,32003012.0,30181432.0,0.0,0.0,14.87,16.38,15.82,,,
14,8,disabled,Disabled,100,mixed,1,,,295475.0556018393,318.0,698.0,331.3308222222222,132.98059407036075,0.4013529232760942,0,100,900,1790695863.2857664,2300.0,2300.0,performance,,32861568.0,31995832.0,30174212.0,0.0,0.0,15.04,16.39,15.83,,,
14,9,thread_local_owned,ThreadLocal-Owned,3000,mixed,1,,4,237645.2414276625,2490.0,81164.0,12155.049982592593,20389.780487560853,1.6774740142378128,0,100,900,1790695865.9476824,2387.612375,3000.899,performance,,32861568.0,32004432.0,30182768.0,0.0,0.0,13.84,16.12,15.74,,,
14,10,sharded_bucketed,Sharded-Bucketed-10,3000,mixed,1,10,22,237011.5356829945,2499.0,84317.0,12184.571037777778,20444.2882619866,1.6778833000029214,0,100,900,1790695880.9841514,2474.44125,2998.414,performance,,32861568.0,32030496.0,30208396.0,0.0,0.0,15.21,16.35,15.83,,,
14,11,sharded_bucketed,Sharded-Bucketed-1000,100,mixed,1,1000,2002,279337.86683172436,338.0,753.0,351.4888,144.07052343388006,0.40988652677945936,0,100,900,1790695896.066153,2561.340125,3004.124,performance,,32861568.0,32014260.0,30191760.0,0.0,0.0,14.8,16.21,15.79,,,
14,12,sharded_n,Sharded-N,3000,mixed,1,,10002,234440.61496254557,2546.0,85589.0,12300.305155555556,20771.64109903961,1.6887094130065456,0,100,900,1790695898.7478428,2300.0,2300.0,performance,,32861568.0,32031604.0,30209076.0,0.0,0.0,14.8,16.21,15.79,,,
14,13,sharded_2key,Sharded-2key,3000,mixed,1,,4,238845.8735127521,2482.0,83645.0,12094.071122222222,20463.436303953797,1.6920221567370566,0,100,900,1790695913.9541802,2820.80825,3030.865,performance,,32861568.0,32002996.0,30180168.0,0.0,0.0,16.63,16.54,15.9,,,
14,14,sharded_bucketed,Sharded-Bucketed-10000,100,mixed,1,10000,12992,270654.533873484,349.0,811.0,363.04097777777775,153.28032220343974,0.4222121787509747,0,100,900,1790695928.9033337,2387.532,3000.256,performance,,32861568.0,32011456.0,30188304.0,0.0,0.0,22.11,17.82,16.33,,,
14,15,disabled,Disabled,3000,mixed,1,,,240943.7309755515,2454.0,71257.0,11995.985607407407,19838.319907058263,1.6537465579158657,0,100,900,1790695931.594209,2478.2535,3027.848,performance,,32861568.0,32034660.0,30211484.0,0.0,0.0,20.34,17.52,16.25,,,
14,16,sharded_bucketed,Sharded-Bucketed-1,1000,mixed,1,1,4,273139.5361344459,2106.0,15342.0,3558.50874,3572.517639621997,1.0039367332344944,0,100,900,1790695946.4466724,2300.0,2300.0,performance,,32861568.0,32017476.0,30193960.0,0.0,0.0,18.66,17.31,16.2,,,
14,17,hdr_histogram,HdrHistogram,100,mixed,1,,4,275738.4814990524,343.0,742.0,355.9282111111111,143.3241202068251,0.40267704478778504,0,100,900,1790695952.464968,2387.406625,2999.253,performance,,32861568.0,31982588.0,30159056.0,0.0,0.0,23.1,18.25,16.51,,,
14,18,global_mutex,GlobalMutex,1000,mixed,1,,4,281682.439849941,2019.0,14546.0,3444.0825666666665,3448.3607399114635,1.0012421808019945,0,100,900,1790695955.1541376,2568.826625,3024.595,performance,,32861568.0,32007232.0,30183672.0,0.0,0.0,21.25,17.95,16.42,,,
14,19,thread_local_owned,ThreadLocal-Owned,1000,mixed,1,,4,283866.30489499966,1969.0,14747.0,3402.46807,3422.154704394951,1.0057859865221164,0,100,900,1790695961.0759642,2348.216125,2685.729,performance,,32861568.0,32002048.0,30178236.0,0.0,0.0,19.54,17.65,16.33,,,
14,20,global_mutex,GlobalMutex,100,mixed,1,,4,281317.34209699783,336.0,733.0,349.0457777777778,141.84892983242767,0.40639061940676646,0,100,900,1790695966.9765298,2300.0,2300.0,performance,,32861568.0,31991904.0,30168024.0,0.0,0.0,18.86,17.54,16.3,,,
14,21,hdr_histogram,HdrHistogram,1000,mixed,1,,4,269785.8027795044,2122.0,15277.0,3603.1316755555554,3533.9951463953107,0.9808121003100491,0,100,900,1790695969.6547863,2300.0,2300.0,performance,,32861568.0,32000856.0,30176944.0,0.0,0.0,18.86,17.54,16.3,,,
14,22,thread_local,ThreadLocal,1000,mixed,1,,4,272410.1638527643,2096.0,15213.0,3576.192162222222,3493.304370165253,0.9768223327223381,0,100,900,1790695975.7311227,2716.433375,3117.019,performance,,32861568.0,31986396.0,30162324.0,0.0,0.0,15.96,16.96,16.13,,,
14,23,sharded_bucketed,Sharded-Bucketed-100,100,mixed,1,100,202,282129.4822349711,334.0,741.0,347.6882777777778,139.34511930596162,0.4007760060148561,0,100,900,1790695981.7676883,2559.05075,3015.15,performance,,32861568.0,32009356.0,30185156.0,0.0,0.0,14.76,16.7,16.05,,,
14,24,sharded_n,Sharded-N,100,mixed,1,,9999,276329.08926546876,337.0,890.0,354.7257222222222,156.6549640037264,0.4416227924559359,0,100,900,1790695984.4450247,2362.58325,2800.666,performance,,32861568.0,32029072.0,30204828.0,0.0,0.0,14.76,16.7,16.05,,,
14,25,sharded_bucketed,Sharded-Bucketed-100,1000,mixed,1,100,202,273745.3152127833,2071.0,15133.0,3562.053951111111,3519.6153384433233,0.9880859152471427,0,100,900,1790695987.1315339,2300.0,2300.0,performance,,32861568.0,32034820.0,30210548.0,0.0,0.0,15.34,16.78,16.08,,,
14,26,sharded_2key,Sharded-2key,100,mixed,1,,4,291399.2935147164,326.0,682.0,336.6156222222222,130.96674595414967,0.389069126054078,0,100,900,1790695993.1554527,2300.0,2300.0,performance,,32861568.0,31988956.0,30164588.0,0.0,0.0,14.91,16.67,16.05,,,
14,27,sharded_bucketed,Sharded-Bucketed-100,3000,mixed,1,100,202,236127.24424028094,2509.0,84622.0,12194.91199,20477.101568532078,1.6791512382642524,0,100,900,1790695995.8190143,2381.59125,2952.73,performance,,32861568.0,32008264.0,30183884.0,0.0,0.0,13.72,16.39,15.96,,,
14,28,sharded_bucketed,Sharded-Bucketed-1,100,mixed,1,1,4,274402.3577626232,343.0,769.0,357.74098888888886,149.03920289179746,0.41661203921501905,0,100,900,1790696010.9578867,2300.0,2300.0,performance,,32861568.0,31996228.0,30171348.0,0.0,0.0,17.41,17.16,16.22,,,
14,29,sharded_bucketed,Sharded-Bucketed-10,100,mixed,1,10,22,286108.4350523791,332.0,714.0,343.01182222222224,136.0755962278593,0.3967081815031493,0,100,900,1790696013.644445,2387.6835,3001.468,performance,,32861568.0,32012248.0,30187324.0,0.0,0.0,17.41,17.16,16.22,,,
14,30,sharded_n,Sharded-N,1000,mixed,1,,10002,270012.915041742,2139.0,15627.0,3593.936487777778,3556.9207642581746,0.989700507049725,0,100,900,1790696016.3157225,2300.0,2300.0,performance,,32861568.0,32011636.0,30186680.0,0.0,0.0,16.01,16.87,16.13,,,
14,31,sharded_bucketed,Sharded-Bucketed-1000,1000,mixed,1,1000,2002,275321.10565185966,2085.0,15091.0,3525.863322222222,3522.190911944244,0.9989584365749993,0,100,900,1790696022.382774,2300.0,2300.0,performance,,32861568.0,31981596.0,30156632.0,0.0,0.0,15.93,16.84,16.13,,,
14,32,thread_local,ThreadLocal,3000,mixed,1,,4,238909.4623579937,2487.0,74038.0,12085.74231888889,20338.120739076796,1.6828193256520294,0,100,900,1790696028.3817182,2478.472625,3021.305,performance,,32861568.0,31995268.0,30170176.0,0.0,0.0,16.82,17.01,16.19,,,
14,33,thread_local,ThreadLocal,100,mixed,1,,4,283104.1606201647,332.0,802.0,347.3034222222222,147.4296284726037,0.4244980585831107,0,100,900,1790696043.3355017,2567.67125,3056.43,performance,,32861568.0,31994608.0,30169060.0,0.0,0.0,17.17,17.06,16.22,,,
14,34,sharded_bucketed,Sharded-Bucketed-10000,3000,mixed,1,10000,13042,237358.94293068247,2495.0,85392.0,12142.282874814815,20454.035553951606,1.6845296526880293,0,100,900,1790696046.01078,2300.0,2300.0,performance,,32861568.0,32012728.0,30187144.0,0.0,0.0,15.8,16.78,16.13,,,
14,35,sharded_bucketed,Sharded-Bucketed-1000,3000,mixed,1,1000,2002,237050.39023314696,2502.0,85161.0,12153.354072592592,20467.82635224324,1.6841298484342584,0,100,900,1790696061.088292,2563.513,3023.004,performance,,32861568.0,32013992.0,30188112.0,0.0,0.0,15.45,16.67,16.1,,,
14,36,thread_local_owned,ThreadLocal-Owned,100,mixed,1,,4,277715.4109536531,338.0,773.0,353.52276666666666,146.46330495500203,0.41429666987501523,0,100,900,1790696076.1521404,2387.290125,2998.321,performance,,32861568.0,31998776.0,30172528.0,0.0,0.0,17.96,17.25,16.31,,,
15,1,thread_local_owned,ThreadLocal-Owned,3000,mixed,1,,4,241212.97587772075,2442.0,81439.0,11960.340644444444,20365.07128002192,1.7027166604557753,0,100,900,1790696078.8354611,2392.53275,3040.262,performance,,32861568.0,32015488.0,30189212.0,0.0,0.0,17.96,17.25,16.31,,,
15,2,sharded_bucketed,Sharded-Bucketed-10000,1000,mixed,1,10000,13042,274874.699078518,2075.0,14970.0,3535.1848333333332,3490.637516541609,0.9873988719425115,0,100,900,1790696093.691567,2300.0,2300.0,performance,,32861568.0,32006624.0,30180068.0,0.0,0.0,20.81,17.91,16.54,,,
15,3,hdr_histogram,HdrHistogram,3000,mixed,1,,4,236861.0252231979,2483.0,85922.0,12183.084677407407,20504.301174041033,1.6830139260268528,0,100,900,1790696099.7086098,2798.452375,3024.477,performance,,32861568.0,31997496.0,30170824.0,0.0,0.0,20.83,17.96,16.56,,,
15,4,sharded_n,Sharded-N,3000,mixed,1,,10002,236706.88481487022,2511.0,87369.0,12161.460286296297,20699.06710630508,1.7020215187175407,0,100,900,1790696114.7876089,2300.0,2300.0,performance,,32861568.0,32017228.0,30190048.0,0.0,0.0,20.5,18.02,16.6,,,
15,5,sharded_bucketed,Sharded-Bucketed-1000,100,mixed,1,1000,2002,283691.30821242806,333.0,685.0,344.99153333333334,135.44063462614346,0.3925911842459036,0,100,900,1790696129.882061,2526.474875,3026.95,performance,,32861568.0,32018932.0,30191520.0,0.0,0.0,16.66,17.3,16.4,,,
15,6,sharded_n,Sharded-N,1000,mixed,1,,10002,270898.8299920167,2089.0,15330.0,3594.8030755555556,3564.080322753835,0.9914535644495707,0,100,900,1790696132.5564158,2388.112375,3004.899,performance,,32861568.0,32031644.0,30204196.0,0.0,0.0,16.66,17.3,16.4,,,
15,7,sharded_2key,Sharded-2key,1000,mixed,1,,4,277742.45408099744,2061.0,14880.0,3508.301861111111,3490.687146567992,0.9949791337118464,0,100,900,1790696138.6154659,2300.0,2300.0,performance,,32861568.0,31981540.0,30154096.0,0.0,0.0,16.37,17.23,16.38,,,
15,8,thread_local,ThreadLocal,1000,mixed,1,,4,283689.14982433367,1990.0,14892.0,3422.40815,3433.670352117101,1.0032907244324734,0,100,900,1790696144.5870535,2387.915875,3003.327,performance,,32861568.0,31961904.0,30134240.0,0.0,0.0,16.9,17.33,16.41,,,
15,9,sharded_bucketed,Sharded-Bucketed-1,100,mixed,1,1,4,275094.4714915121,337.0,856.0,356.22825555555556,157.30239300252993,0.44157752943322554,0,100,900,1790696150.4888854,2626.41825,3138.493,performance,,32861568.0,31978028.0,30150212.0,0.0,0.0,14.3,16.76,16.24,,,
15,10,thread_local_owned,ThreadLocal-Owned,100,mixed,1,,4,285691.59273224836,329.0,759.0,343.74606666666665,144.5556632868605,0.4205303778124021,0,100,900,1790696153.171059,2561.671375,3000.359,performance,,32861568.0,32002692.0,30174844.0,0.0,0.0,14.3,16.76,16.24,,,
15,11,sharded_bucketed,Sharded-Bucketed-1,3000,mixed,1,1,4,236764.76407993148,2499.0,81424.0,12205.10761851852,20589.430274717404,1.6869519645592925,0,100,900,1790696155.8393893,2388.27,3006.16,performance,,32861568.0,32003540.0,30175648.0,0.0,0.0,13.16,16.48,16.15,,,
15,12,thread_local,ThreadLocal,3000,mixed,1,,4,241852.14784049633,2409.0,79474.0,11926.85810925926,20121.30871466913,1.6870586142924109,0,100,900,1790696170.920835,2300.0,2300.0,performance,,32861568.0,32001260.0,30173008.0,0.0,0.0,11.59,15.98,15.99,,,
15,13,sharded_2key,Sharded-2key,3000,mixed,1,,4,238721.56033804468,2480.0,86213.0,12075.067847037037,20413.77792587477,1.6905725238540894,0,100,900,1790696185.7472186,2475.810875,3003.718,performance,,32861568.0,32016508.0,30187824.0,0.0,0.0,10.95,15.63,15.88,,,
15,14,thread_local_owned,ThreadLocal-Owned,1000,mixed,1,,4,279325.0049307769,1980.0,14873.0,3489.7988622222224,3411.4278399323525,0.9775428254223325,0,100,900,1790696200.6976602,2300.0,2300.0,performance,,32861568.0,32014304.0,30185296.0,0.0,0.0,10.19,15.25,15.75,,,
15,15,sharded_bucketed,Sharded-Bucketed-1000,1000,mixed,1,1000,2002,267257.16372834926,2155.0,15632.0,3628.2370077777778,3602.2573419016126,0.9928395896352765,0,100,900,1790696206.644889,2387.75625,3002.05,performance,,32861568.0,31999704.0,30170656.0,0.0,0.0,9.37,15.0,15.67,,,
15,16,global_mutex,GlobalMutex,1000,mixed,1,,4,274181.30228560325,2073.0,15416.0,3551.754837777778,3554.6720276536944,1.0008213376229935,0,100,900,1790696212.748722,2300.0,2300.0,performance,,32861568.0,31998452.0,30169228.0,0.0,0.0,9.1,14.85,15.62,,,
15,17,sharded_bucketed,Sharded-Bucketed-10,3000,mixed,1,10,22,236344.50469296638,2486.0,83136.0,12196.978911851851,20633.285277014496,1.6916718005443998,0,100,900,1790696218.7559276,2387.479625,2999.837,performance,,32861568.0,31989584.0,30160348.0,0.0,0.0,10.13,14.97,15.65,,,
15,18,disabled,Disabled,3000,mixed,1,,,242837.48894887848,2432.0,84485.0,11893.676274814814,20206.541764649675,1.6989315412457948,0,100,900,1790696233.8540208,2387.538625,3000.309,performance,,32861568.0,32015240.0,30185524.0,0.0,0.0,12.42,15.22,15.72,,,
15,19,disabled,Disabled,1000,mixed,1,,,279790.48404416844,2031.0,15670.0,3474.8543855555554,3560.3931015612648,1.0246164893588867,0,100,900,1790696248.6207087,2389.4705,3015.764,performance,,32861568.0,32019216.0,30189148.0,0.0,0.0,17.03,16.13,16.01,,,
15,20,sharded_bucketed,Sharded-Bucketed-10,100,mixed,1,10,22,276652.66809289315,342.0,765.0,354.0140333333333,143.0297758740658,0.4040228985481813,0,100,900,1790696254.5583265,2388.302125,3006.417,performance,,32861568.0,32005696.0,30175540.0,0.0,0.0,17.59,16.26,16.06,,,
15,21,thread_local,ThreadLocal,100,mixed,1,,4,283679.9519378078,330.0,809.0,346.0374777777778,150.67484054136878,0.4354292532386646,0,100,900,1790696257.2397842,2300.0,2300.0,performance,,32861568.0,32014400.0,30184248.0,0.0,0.0,16.18,15.99,15.97,,,
15,22,disabled,Disabled,100,mixed,1,,,278242.41168947564,338.0,840.0,353.8120777777778,152.90737251813596,0.4321711499463678,0,100,900,1790696259.9153087,2387.389375,2999.115,performance,,32861568.0,32021468.0,30191308.0,0.0,0.0,14.88,15.73,15.88,,,
15,23,global_mutex,GlobalMutex,3000,mixed,1,,4,237259.8455096822,2500.0,86630.0,12158.080718518519,20490.547323345127,1.685343912229095,0,100,900,1790696262.5943317,2388.544125,3008.353,performance,,32861568.0,32028028.0,30197852.0,0.0,0.0,14.88,15.73,15.88,,,
15,24,sharded_bucketed,Sharded-Bucketed-10000,3000,mixed,1,10000,13042,233665.17640974172,2530.0,81665.0,12379.632484814814,20758.578834409633,1.6768332064681772,0,100,900,1790696277.6507282,2300.0,2300.0,performance,,32861568.0,32009428.0,30178816.0,0.0,0.0,14.66,15.63,15.85,,,
15,25,sharded_bucketed,Sharded-Bucketed-1000,3000,mixed,1,1000,2002,236207.92322855745,2503.0,81860.0,12218.338595925927,20516.27606173857,1.6791379532221753,0,100,900,1790696292.8951197,2387.328125,2998.625,performance,,32861568.0,31997704.0,30166736.0,0.0,0.0,14.75,15.6,15.83,,,
15,26,sharded_bucketed,Sharded-Bucketed-100,1000,mixed,1,100,202,286952.0823991143,1984.0,14786.0,3382.659582222222,3410.711399022018,1.008292828798743,0,100,900,1790696308.0002294,2558.887875,3010.25,performance,,32861568.0,32003444.0,30172152.0,0.0,0.0,14.75,15.57,15.82,,,
15,27,sharded_bucketed,Sharded-Bucketed-10,1000,mixed,1,10,22,271643.8028982447,2087.0,15054.0,3560.692337777778,3525.34145564082,0.9900719077124702,0,100,900,1790696313.8656,2300.0,2300.0,performance,,32861568.0,31993936.0,30162452.0,0.0,0.0,18.06,16.24,16.04,,,
15,28,sharded_2key,Sharded-2key,100,mixed,1,,4,282998.6486500084,333.0,758.0,347.17184444444445,140.58319102491913,0.4049383418459088,0,100,900,1790696319.906277,2367.82375,2842.59,performance,,32861568.0,32000908.0,30169400.0,0.0,0.0,17.12,16.11,16.0,,,
15,29,sharded_bucketed,Sharded-Bucketed-1,1000,mixed,1,1,4,282556.80447041034,2009.0,15007.0,3438.7869955555557,3415.039445923949,0.9930942074451546,0,100,900,1790696322.58108,2387.259875,2998.079,performance,,32861568.0,32013860.0,30182336.0,0.0,0.0,17.12,16.11,16.0,,,
15,30,sharded_bucketed,Sharded-Bucketed-100,3000,mixed,1,100,202,236165.67384315736,2505.0,80719.0,12220.425346296297,20664.89911746202,1.691013081122011,0,100,900,1790696328.4991446,2474.4755,3000.664,performance,,32861568.0,31977256.0,30145588.0,0.0,0.0,17.35,16.18,16.02,,,
15,31,global_mutex,GlobalMutex,100,mixed,1,,4,283028.13398082665,332.0,786.0,346.2444888888889,145.87082880126763,0.42129429776448546,0,100,900,1790696343.62572,2389.0985,3012.788,performance,,32861568.0,32003516.0,30171452.0,0.0,0.0,16.99,16.17,16.02,,,
15,32,hdr_histogram,HdrHistogram,1000,mixed,1,,4,275363.2197749377,2072.0,15605.0,3527.798767777778,3553.5204387382373,1.0072911389377976,0,100,900,1790696346.299613,2300.0,2300.0,performance,,32861568.0,32019104.0,30187012.0,0.0,0.0,15.63,15.9,15.93,,,
15,33,hdr_histogram,HdrHistogram,100,mixed,1,,4,280917.120235449,336.0,736.0,349.4966,141.24976037165186,0.40415203001016853,0,100,900,1790696352.2911153,2645.661875,3028.911,performance,,32861568.0,31976904.0,30144680.0,0.0,0.0,15.82,15.93,15.94,,,
15,34,sharded_n,Sharded-N,100,mixed,1,,10002,275201.86285975645,342.0,800.0,356.34464444444444,149.9262909162479,0.4207339530807008,0,100,900,1790696354.973911,2836.28475,2991.812,performance,,32861568.0,32015004.0,30182768.0,0.0,0.0,14.56,15.67,15.86,,,
15,35,sharded_bucketed,Sharded-Bucketed-10000,100,mixed,1,10000,13002,277007.5991864028,343.0,725.0,355.03147777777775,141.53115734282466,0.3986439687790507,0,100,900,1790696357.6644313,2300.0,2300.0,performance,,32861568.0,32032672.0,30200392.0,0.0,0.0,14.56,15.67,15.86,,,
15,36,sharded_bucketed,Sharded-Bucketed-100,100,mixed,1,100,202,271402.6804313743,345.0,826.0,361.3296,156.48040938313125,0.4330683381132662,0,100,900,1790696360.3492012,2729.637625,3004.999,performance,,32861568.0,32035372.0,30203068.0,0.0,0.0,13.39,15.41,15.77,,,
