{
  "timestamp": "1776688180",
  "runs_per_config": 1,
  "results": [
    {
      "name": "Mixed (50% GET / 50% SET)",
      "concurrency": 1000,
      "target": "RustRedis",
      "runs": 1,
      "ops_per_sec_mean": 49126.319676190666,
      "ops_per_sec_stddev": 0.0,
      "p50_us_mean": 7064.0,
      "p50_us_stddev": 0.0,
      "p99_us_mean": 152428.0,
      "p99_us_stddev": 0.0,
      "max_us_mean": 445079.0,
      "max_us_stddev": 0.0,
      "total_errors": 0,
      "per_run": [
        {
          "name": "Mixed (50% GET / 50% SET)",
          "concurrency": 1000,
          "warmup_ops_per_client": 100,
          "measured_ops_per_client": 900,
          "total_ops": 900000,
          "duration_secs": 18.320118542,
          "ops_per_sec": 49126.319676190666,
          "p50_us": 7064.0,
          "p95_us": 79240.0,
          "p99_us": 152428.0,
          "max_us": 445079.0,
          "avg_us": 19600.254865555555,
          "latency_stddev_us": 30717.21677966362,
          "latency_cv": 1.5671845590969546,
          "errors": 0,
          "target": "RustRedis"
        }
      ]
    }
  ],
  "memory_samples": [
    {
      "elapsed_secs": 0.001438166,
      "rss_bytes": 0,
      "vsize_bytes": 0,
      "label": "idle"
    },
    {
      "elapsed_secs": 20.300505666,
      "rss_bytes": 0,
      "vsize_bytes": 0,
      "label": "mixed_c1000"
    }
  ]
}