{
  "timestamp": "1776682743",
  "runs_per_config": 1,
  "results": [
    {
      "name": "Mixed (50% GET / 50% SET)",
      "concurrency": 1000,
      "target": "RustRedis",
      "runs": 1,
      "ops_per_sec_mean": 69074.19552123426,
      "ops_per_sec_stddev": 0.0,
      "p50_us_mean": 4886.0,
      "p50_us_stddev": 0.0,
      "p99_us_mean": 125583.0,
      "p99_us_stddev": 0.0,
      "max_us_mean": 349840.0,
      "max_us_stddev": 0.0,
      "total_errors": 0,
      "per_run": [
        {
          "name": "Mixed (50% GET / 50% SET)",
          "concurrency": 1000,
          "warmup_ops_per_client": 100,
          "measured_ops_per_client": 900,
          "total_ops": 900000,
          "duration_secs": 13.029467708,
          "ops_per_sec": 69074.19552123426,
          "p50_us": 4886.0,
          "p95_us": 60168.0,
          "p99_us": 125583.0,
          "max_us": 349840.0,
          "avg_us": 13984.144112222222,
          "latency_stddev_us": 24695.100845898654,
          "latency_cv": 1.7659358089934867,
          "errors": 0,
          "target": "RustRedis"
        }
      ]
    }
  ],
  "memory_samples": [
    {
      "elapsed_secs": 0.003678875,
      "rss_bytes": 0,
      "vsize_bytes": 0,
      "label": "idle"
    },
    {
      "elapsed_secs": 14.397522583,
      "rss_bytes": 0,
      "vsize_bytes": 0,
      "label": "mixed_c1000"
    }
  ]
}