{
  "timestamp": "1776685692",
  "runs_per_config": 1,
  "results": [
    {
      "name": "Mixed (50% GET / 50% SET)",
      "concurrency": 100,
      "target": "RustRedis",
      "runs": 1,
      "ops_per_sec_mean": 54405.928069922506,
      "ops_per_sec_stddev": 0.0,
      "p50_us_mean": 1266.0,
      "p50_us_stddev": 0.0,
      "p99_us_mean": 11711.0,
      "p99_us_stddev": 0.0,
      "max_us_mean": 243779.0,
      "max_us_stddev": 0.0,
      "total_errors": 0,
      "per_run": [
        {
          "name": "Mixed (50% GET / 50% SET)",
          "concurrency": 100,
          "warmup_ops_per_client": 100,
          "measured_ops_per_client": 900,
          "total_ops": 90000,
          "duration_secs": 1.6542314999999999,
          "ops_per_sec": 54405.928069922506,
          "p50_us": 1266.0,
          "p95_us": 4150.0,
          "p99_us": 11711.0,
          "max_us": 243779.0,
          "avg_us": 1808.4669333333334,
          "latency_stddev_us": 3408.290151689551,
          "latency_cv": 1.8846295107024447,
          "errors": 0,
          "target": "RustRedis"
        }
      ]
    }
  ],
  "memory_samples": [
    {
      "elapsed_secs": 0.003435583,
      "rss_bytes": 0,
      "vsize_bytes": 0,
      "label": "idle"
    },
    {
      "elapsed_secs": 1.836337208,
      "rss_bytes": 0,
      "vsize_bytes": 0,
      "label": "mixed_c100"
    }
  ]
}