{
  "timestamp": "1776682848",
  "runs_per_config": 1,
  "results": [
    {
      "name": "Mixed (50% GET / 50% SET)",
      "concurrency": 1000,
      "target": "RustRedis",
      "runs": 1,
      "ops_per_sec_mean": 68584.07220843561,
      "ops_per_sec_stddev": 0.0,
      "p50_us_mean": 4773.0,
      "p50_us_stddev": 0.0,
      "p99_us_mean": 147737.0,
      "p99_us_stddev": 0.0,
      "max_us_mean": 420891.0,
      "max_us_stddev": 0.0,
      "total_errors": 0,
      "per_run": [
        {
          "name": "Mixed (50% GET / 50% SET)",
          "concurrency": 1000,
          "warmup_ops_per_client": 100,
          "measured_ops_per_client": 900,
          "total_ops": 900000,
          "duration_secs": 13.122580375,
          "ops_per_sec": 68584.07220843561,
          "p50_us": 4773.0,
          "p95_us": 59153.0,
          "p99_us": 147737.0,
          "max_us": 420891.0,
          "avg_us": 14043.245373333333,
          "latency_stddev_us": 27484.088287074257,
          "latency_cv": 1.957103757459347,
          "errors": 0,
          "target": "RustRedis"
        }
      ]
    }
  ],
  "memory_samples": [
    {
      "elapsed_secs": 0.004140333,
      "rss_bytes": 0,
      "vsize_bytes": 0,
      "label": "idle"
    },
    {
      "elapsed_secs": 14.740612833,
      "rss_bytes": 0,
      "vsize_bytes": 0,
      "label": "mixed_c1000"
    }
  ]
}