{
  "timestamp": "1776685882",
  "runs_per_config": 1,
  "results": [
    {
      "name": "Mixed (50% GET / 50% SET)",
      "concurrency": 200,
      "target": "RustRedis",
      "runs": 1,
      "ops_per_sec_mean": 60430.319267644954,
      "ops_per_sec_stddev": 0.0,
      "p50_us_mean": 1994.0,
      "p50_us_stddev": 0.0,
      "p99_us_mean": 27088.0,
      "p99_us_stddev": 0.0,
      "max_us_mean": 265766.0,
      "max_us_stddev": 0.0,
      "total_errors": 0,
      "per_run": [
        {
          "name": "Mixed (50% GET / 50% SET)",
          "concurrency": 200,
          "warmup_ops_per_client": 100,
          "measured_ops_per_client": 900,
          "total_ops": 180000,
          "duration_secs": 2.9786372500000002,
          "ops_per_sec": 60430.319267644954,
          "p50_us": 1994.0,
          "p95_us": 9407.0,
          "p99_us": 27088.0,
          "max_us": 265766.0,
          "avg_us": 3219.8381222222224,
          "latency_stddev_us": 5273.613632279694,
          "latency_cv": 1.6378505477909013,
          "errors": 0,
          "target": "RustRedis"
        }
      ]
    }
  ],
  "memory_samples": [
    {
      "elapsed_secs": 0.002963833,
      "rss_bytes": 0,
      "vsize_bytes": 0,
      "label": "idle"
    },
    {
      "elapsed_secs": 3.260652417,
      "rss_bytes": 0,
      "vsize_bytes": 0,
      "label": "mixed_c200"
    }
  ]
}