{
  "timestamp": "1776685022",
  "runs_per_config": 1,
  "results": [
    {
      "name": "Mixed (50% GET / 50% SET)",
      "concurrency": 700,
      "target": "RustRedis",
      "runs": 1,
      "ops_per_sec_mean": 64631.30546029634,
      "ops_per_sec_stddev": 0.0,
      "p50_us_mean": 3901.0,
      "p50_us_stddev": 0.0,
      "p99_us_mean": 94910.0,
      "p99_us_stddev": 0.0,
      "max_us_mean": 379291.0,
      "max_us_stddev": 0.0,
      "total_errors": 0,
      "per_run": [
        {
          "name": "Mixed (50% GET / 50% SET)",
          "concurrency": 700,
          "warmup_ops_per_client": 100,
          "measured_ops_per_client": 900,
          "total_ops": 630000,
          "duration_secs": 9.74759825,
          "ops_per_sec": 64631.30546029634,
          "p50_us": 3901.0,
          "p95_us": 42069.0,
          "p99_us": 94910.0,
          "max_us": 379291.0,
          "avg_us": 10435.578876190477,
          "latency_stddev_us": 18050.842607824405,
          "latency_cv": 1.7297404218762313,
          "errors": 0,
          "target": "RustRedis"
        }
      ]
    }
  ],
  "memory_samples": [
    {
      "elapsed_secs": 0.003009542,
      "rss_bytes": 0,
      "vsize_bytes": 0,
      "label": "idle"
    },
    {
      "elapsed_secs": 10.723835833999999,
      "rss_bytes": 0,
      "vsize_bytes": 0,
      "label": "mixed_c700"
    }
  ]
}