{
  "timestamp": "1775590604",
  "runs_per_config": 3,
  "results": [
    {
      "name": "Mixed (50% GET / 50% SET)",
      "concurrency": 100,
      "target": "RustRedis",
      "runs": 3,
      "ops_per_sec_mean": 128427.61960200591,
      "ops_per_sec_stddev": 27175.06150167661,
      "p50_us_mean": 677.6666666666666,
      "p50_us_stddev": 87.11677986090471,
      "p99_us_mean": 2481.6666666666665,
      "p99_us_stddev": 1170.8818613905219,
      "max_us_mean": 4232.666666666667,
      "max_us_stddev": 1911.0170939406412,
      "total_errors": 0,
      "per_run": [
        {
          "name": "Mixed (50% GET / 50% SET)",
          "concurrency": 100,
          "total_ops": 10000,
          "duration_secs": 0.101530167,
          "ops_per_sec": 98492.89423507005,
          "p50_us": 775.0,
          "p95_us": 2232.0,
          "p99_us": 3684.0,
          "max_us": 5857.0,
          "avg_us": 969.7811,
          "errors": 0,
          "target": "RustRedis"
        },
        {
          "name": "Mixed (50% GET / 50% SET)",
          "concurrency": 100,
          "total_ops": 10000,
          "duration_secs": 0.07393975,
          "ops_per_sec": 135245.25035586406,
          "p50_us": 651.0,
          "p95_us": 1265.0,
          "p99_us": 2416.0,
          "max_us": 4714.0,
          "avg_us": 708.52,
          "errors": 0,
          "target": "RustRedis"
        },
        {
          "name": "Mixed (50% GET / 50% SET)",
          "concurrency": 100,
          "total_ops": 10000,
          "duration_secs": 0.065987125,
          "ops_per_sec": 151544.71421508363,
          "p50_us": 607.0,
          "p95_us": 1115.0,
          "p99_us": 1345.0,
          "max_us": 2127.0,
          "avg_us": 628.2234,
          "errors": 0,
          "target": "RustRedis"
        }
      ]
    },
    {
      "name": "Mixed (50% GET / 50% SET)",
      "concurrency": 500,
      "target": "RustRedis",
      "runs": 3,
      "ops_per_sec_mean": 85309.65857184283,
      "ops_per_sec_stddev": 30353.731359313715,
      "p50_us_mean": 1842.3333333333333,
      "p50_us_stddev": 731.3975207322851,
      "p99_us_mean": 12181.666666666666,
      "p99_us_stddev": 9643.901198857926,
      "max_us_mean": 23347.333333333332,
      "max_us_stddev": 23752.70606338009,
      "total_errors": 0,
      "per_run": [
        {
          "name": "Mixed (50% GET / 50% SET)",
          "concurrency": 500,
          "total_ops": 10000,
          "duration_secs": 0.111845167,
          "ops_per_sec": 89409.31707849298,
          "p50_us": 1029.0,
          "p95_us": 2563.0,
          "p99_us": 3208.0,
          "max_us": 4422.0,
          "avg_us": 1164.8842,
          "errors": 0,
          "target": "RustRedis"
        },
        {
          "name": "Mixed (50% GET / 50% SET)",
          "concurrency": 500,
          "total_ops": 10000,
          "duration_secs": 0.088179375,
          "ops_per_sec": 113405.2038812931,
          "p50_us": 2446.0,
          "p95_us": 8182.0,
          "p99_us": 10958.0,
          "max_us": 15618.0,
          "avg_us": 3125.8503,
          "errors": 0,
          "target": "RustRedis"
        },
        {
          "name": "Mixed (50% GET / 50% SET)",
          "concurrency": 500,
          "total_ops": 10000,
          "duration_secs": 0.188272666,
          "ops_per_sec": 53114.454755742394,
          "p50_us": 2052.0,
          "p95_us": 15702.0,
          "p99_us": 22379.0,
          "max_us": 50002.0,
          "avg_us": 3471.6677,
          "errors": 0,
          "target": "RustRedis"
        }
      ]
    },
    {
      "name": "Mixed (50% GET / 50% SET)",
      "concurrency": 1000,
      "target": "RustRedis",
      "runs": 3,
      "ops_per_sec_mean": 75028.62463745962,
      "ops_per_sec_stddev": 31923.855272265195,
      "p50_us_mean": 2437.6666666666665,
      "p50_us_stddev": 1616.6911681992121,
      "p99_us_mean": 14862.333333333334,
      "p99_us_stddev": 11279.0997128908,
      "max_us_mean": 20494.0,
      "max_us_stddev": 16055.646607969422,
      "total_errors": 0,
      "per_run": [
        {
          "name": "Mixed (50% GET / 50% SET)",
          "concurrency": 1000,
          "total_ops": 10000,
          "duration_secs": 0.259520416,
          "ops_per_sec": 38532.613942789,
          "p50_us": 758.0,
          "p95_us": 3505.0,
          "p99_us": 11157.0,
          "max_us": 14560.0,
          "avg_us": 1320.4653,
          "errors": 0,
          "target": "RustRedis"
        },
        {
          "name": "Mixed (50% GET / 50% SET)",
          "concurrency": 1000,
          "total_ops": 10000,
          "duration_secs": 0.102284,
          "ops_per_sec": 97767.00168159243,
          "p50_us": 2572.0,
          "p95_us": 4520.0,
          "p99_us": 5902.0,
          "max_us": 8250.0,
          "avg_us": 2627.6794,
          "errors": 0,
          "target": "RustRedis"
        },
        {
          "name": "Mixed (50% GET / 50% SET)",
          "concurrency": 1000,
          "total_ops": 10000,
          "duration_secs": 0.112630042,
          "ops_per_sec": 88786.25828799744,
          "p50_us": 3983.0,
          "p95_us": 9044.0,
          "p99_us": 27528.0,
          "max_us": 38672.0,
          "avg_us": 4727.2304,
          "errors": 0,
          "target": "RustRedis"
        }
      ]
    }
  ],
  "memory_samples": [
    {
      "elapsed_secs": 0.000409542,
      "rss_bytes": 0,
      "vsize_bytes": 0,
      "label": "idle"
    },
    {
      "elapsed_secs": 0.245935708,
      "rss_bytes": 0,
      "vsize_bytes": 0,
      "label": "mixed_c100"
    },
    {
      "elapsed_secs": 0.635619292,
      "rss_bytes": 0,
      "vsize_bytes": 0,
      "label": "mixed_c500"
    },
    {
      "elapsed_secs": 1.111420125,
      "rss_bytes": 0,
      "vsize_bytes": 0,
      "label": "mixed_c1000"
    }
  ]
}