{
  "timestamp": "1776680584",
  "runs_per_config": 1,
  "results": [
    {
      "name": "Mixed (50% GET / 50% SET)",
      "concurrency": 1000,
      "target": "RustRedis",
      "runs": 1,
      "ops_per_sec_mean": 213510.1872819055,
      "ops_per_sec_stddev": 0.0,
      "p50_us_mean": 4543.0,
      "p50_us_stddev": 0.0,
      "p99_us_mean": 10356.0,
      "p99_us_stddev": 0.0,
      "max_us_mean": 29425.0,
      "max_us_stddev": 0.0,
      "total_errors": 0,
      "per_run": [
        {
          "name": "Mixed (50% GET / 50% SET)",
          "concurrency": 1000,
          "warmup_ops_per_client": 100,
          "measured_ops_per_client": 900,
          "total_ops": 900000,
          "duration_secs": 4.215255541,
          "ops_per_sec": 213510.1872819055,
          "p50_us": 4543.0,
          "p95_us": 7398.0,
          "p99_us": 10356.0,
          "max_us": 29425.0,
          "avg_us": 4644.650882222222,
          "latency_stddev_us": 1635.1753977206047,
          "latency_cv": 0.3520556096001469,
          "errors": 0,
          "target": "RustRedis"
        }
      ]
    }
  ],
  "memory_samples": [
    {
      "elapsed_secs": 0.000643125,
      "rss_bytes": 0,
      "vsize_bytes": 0,
      "label": "idle"
    },
    {
      "elapsed_secs": 4.7471387499999995,
      "rss_bytes": 0,
      "vsize_bytes": 0,
      "label": "mixed_c1000"
    }
  ]
}