{
  "timestamp": "1775643533",
  "runs_per_config": 3,
  "results": [
    {
      "name": "Mixed (50% GET / 50% SET)",
      "concurrency": 100,
      "target": "RustRedis",
      "runs": 3,
      "ops_per_sec_mean": 138056.73360668088,
      "ops_per_sec_stddev": 25613.599661088883,
      "p50_us_mean": 656.6666666666666,
      "p50_us_stddev": 79.10330797971304,
      "p99_us_mean": 1727.3333333333333,
      "p99_us_stddev": 772.5945465335187,
      "max_us_mean": 2697.3333333333335,
      "max_us_stddev": 1682.8075746600778,
      "total_errors": 0,
      "per_run": [
        {
          "name": "Mixed (50% GET / 50% SET)",
          "concurrency": 100,
          "total_ops": 10000,
          "duration_secs": 0.092066291,
          "ops_per_sec": 108617.38744314139,
          "p50_us": 748.0,
          "p95_us": 2012.0,
          "p99_us": 2619.0,
          "max_us": 4626.0,
          "avg_us": 874.2423,
          "errors": 0,
          "target": "RustRedis"
        },
        {
          "name": "Mixed (50% GET / 50% SET)",
          "concurrency": 100,
          "total_ops": 10000,
          "duration_secs": 0.064418,
          "ops_per_sec": 155236.1141295911,
          "p50_us": 610.0,
          "p95_us": 995.0,
          "p99_us": 1257.0,
          "max_us": 1528.0,
          "avg_us": 615.3224,
          "errors": 0,
          "target": "RustRedis"
        },
        {
          "name": "Mixed (50% GET / 50% SET)",
          "concurrency": 100,
          "total_ops": 10000,
          "duration_secs": 0.066526208,
          "ops_per_sec": 150316.69924731017,
          "p50_us": 612.0,
          "p95_us": 1085.0,
          "p99_us": 1306.0,
          "max_us": 1938.0,
          "avg_us": 634.0763,
          "errors": 0,
          "target": "RustRedis"
        }
      ]
    },
    {
      "name": "Mixed (50% GET / 50% SET)",
      "concurrency": 500,
      "target": "RustRedis",
      "runs": 3,
      "ops_per_sec_mean": 114389.19753037416,
      "ops_per_sec_stddev": 34969.32389140353,
      "p50_us_mean": 1238.3333333333333,
      "p50_us_stddev": 114.26868920808242,
      "p99_us_mean": 3441.0,
      "p99_us_stddev": 158.18659867384468,
      "max_us_mean": 4187.333333333333,
      "max_us_stddev": 328.7694227469053,
      "total_errors": 0,
      "per_run": [
        {
          "name": "Mixed (50% GET / 50% SET)",
          "concurrency": 500,
          "total_ops": 10000,
          "duration_secs": 0.079060958,
          "ops_per_sec": 126484.68033994731,
          "p50_us": 1293.0,
          "p95_us": 2828.0,
          "p99_us": 3607.0,
          "max_us": 4564.0,
          "avg_us": 1342.1445,
          "errors": 0,
          "target": "RustRedis"
        },
        {
          "name": "Mixed (50% GET / 50% SET)",
          "concurrency": 500,
          "total_ops": 10000,
          "duration_secs": 0.070569125,
          "ops_per_sec": 141705.03035144618,
          "p50_us": 1315.0,
          "p95_us": 2604.0,
          "p99_us": 3292.0,
          "max_us": 4040.0,
          "avg_us": 1409.1475,
          "errors": 0,
          "target": "RustRedis"
        },
        {
          "name": "Mixed (50% GET / 50% SET)",
          "concurrency": 500,
          "total_ops": 10000,
          "duration_secs": 0.133372666,
          "ops_per_sec": 74977.88189972899,
          "p50_us": 1107.0,
          "p95_us": 2479.0,
          "p99_us": 3424.0,
          "max_us": 3958.0,
          "avg_us": 1214.853,
          "errors": 0,
          "target": "RustRedis"
        }
      ]
    },
    {
      "name": "Mixed (50% GET / 50% SET)",
      "concurrency": 1000,
      "target": "RustRedis",
      "runs": 3,
      "ops_per_sec_mean": 105088.07497726758,
      "ops_per_sec_stddev": 18144.919320292538,
      "p50_us_mean": 1924.0,
      "p50_us_stddev": 197.57530210023722,
      "p99_us_mean": 5521.666666666667,
      "p99_us_stddev": 820.7955490457617,
      "max_us_mean": 6571.0,
      "max_us_stddev": 952.7035215637654,
      "total_errors": 0,
      "per_run": [
        {
          "name": "Mixed (50% GET / 50% SET)",
          "concurrency": 1000,
          "total_ops": 10000,
          "duration_secs": 0.100196583,
          "ops_per_sec": 99803.80269055681,
          "p50_us": 2010.0,
          "p95_us": 4331.0,
          "p99_us": 5023.0,
          "max_us": 6303.0,
          "avg_us": 2046.5228,
          "errors": 0,
          "target": "RustRedis"
        },
        {
          "name": "Mixed (50% GET / 50% SET)",
          "concurrency": 1000,
          "total_ops": 10000,
          "duration_secs": 0.110899334,
          "ops_per_sec": 90171.86703754235,
          "p50_us": 1698.0,
          "p95_us": 4672.0,
          "p99_us": 6469.0,
          "max_us": 7629.0,
          "avg_us": 2061.799,
          "errors": 0,
          "target": "RustRedis"
        },
        {
          "name": "Mixed (50% GET / 50% SET)",
          "concurrency": 1000,
          "total_ops": 10000,
          "duration_secs": 0.07981575,
          "ops_per_sec": 125288.55520370352,
          "p50_us": 2064.0,
          "p95_us": 3792.0,
          "p99_us": 5073.0,
          "max_us": 5781.0,
          "avg_us": 2120.0616,
          "errors": 0,
          "target": "RustRedis"
        }
      ]
    }
  ],
  "memory_samples": [
    {
      "elapsed_secs": 0.000502125,
      "rss_bytes": 0,
      "vsize_bytes": 0,
      "label": "idle"
    },
    {
      "elapsed_secs": 0.226136292,
      "rss_bytes": 0,
      "vsize_bytes": 0,
      "label": "mixed_c100"
    },
    {
      "elapsed_secs": 0.51032075,
      "rss_bytes": 0,
      "vsize_bytes": 0,
      "label": "mixed_c500"
    },
    {
      "elapsed_secs": 0.802419667,
      "rss_bytes": 0,
      "vsize_bytes": 0,
      "label": "mixed_c1000"
    }
  ]
}