block_id,order_in_block,strategy,strategy_label,concurrency,workload,run_id,metric_cardinality,achieved_metric_entries,throughput,p50,p99,avg_latency,latency_stddev,latency_cv,errors,warmup_ops_per_client,measured_ops_per_client,unix_time,cpu_freq_mean_mhz,cpu_freq_max_mhz,cpu_governor,temp_max_celsius,mem_total_kb,mem_available_kb,mem_free_kb,swap_total_kb,swap_free_kb,load_1m,load_5m,load_15m,ac_online,battery_status,battery_capacity_pct
1,1,sharded_bucketed,Sharded-Bucketed-10000,100,mixed,1,10000,12988,275917.05701495806,340.0,831.0,356.5684888888889,149.10061229574944,0.41815420302664774,0,100,900,1790697509.4445667,2412.336375,3198.691,performance,,32861572.0,31971612.0,30240004.0,0.0,0.0,3.17,0.9,0.31,,,
1,2,sharded_2key,Sharded-2key,100,mixed,1,,4,281891.3609863371,333.0,827.0,347.87896666666666,145.29956138751632,0.4176727405504242,0,100,900,1790697512.1334238,2593.720375,3112.491,performance,,32861572.0,31989396.0,30257652.0,0.0,0.0,3.17,0.9,0.31,,,
1,3,thread_local,ThreadLocal,100,mixed,1,,4,278559.4560196852,336.0,801.0,352.05348888888886,148.86575994346086,0.4228498357260825,0,100,900,1790697514.8034873,2403.026,3124.208,performance,,32861572.0,31987584.0,30255740.0,0.0,0.0,4.6,1.23,0.42,,,
1,4,sharded_n,Sharded-N,3000,mixed,1,,10002,237952.56318621116,2504.0,86238.0,12158.638804814815,20495.082308878624,1.685639538922941,0,100,900,1790697517.4796808,2573.5105,3064.936,performance,,32861572.0,32002520.0,30270592.0,0.0,0.0,4.6,1.23,0.42,,,
1,5,sharded_bucketed,Sharded-Bucketed-10,100,mixed,1,10,22,276327.42382779723,339.0,837.0,354.7305111111111,152.4130274961002,0.4296586358435921,0,100,900,1790697532.4808345,2390.51375,3024.11,performance,,32861572.0,32032012.0,30299504.0,0.0,0.0,7.26,1.96,0.67,,,
1,6,sharded_n,Sharded-N,1000,mixed,1,,10002,278585.7602301398,2058.0,15140.0,3489.2997655555555,3469.823946364105,0.9944184161579623,0,100,900,1790697535.161465,2800.894375,3033.208,performance,,32861572.0,32024664.0,30292152.0,0.0,0.0,6.67,1.93,0.67,,,
1,7,sharded_bucketed,Sharded-Bucketed-10,1000,mixed,1,10,22,273953.43792459386,2044.0,15228.0,3548.028352222222,3558.976515189499,1.003085703348571,0,100,900,1790697541.1229963,2300.0,2300.0,performance,,32861572.0,32000184.0,30267608.0,0.0,0.0,7.26,2.13,0.74,,,
1,8,sharded_n,Sharded-N,100,mixed,1,,10001,285945.91188832803,331.0,687.0,343.1450777777778,137.4596736776652,0.40058763065424086,0,100,900,1790697547.1320026,2300.0,2300.0,performance,,32861572.0,31986028.0,30253256.0,0.0,0.0,12.61,3.33,1.13,,,
1,9,sharded_bucketed,Sharded-Bucketed-10000,3000,mixed,1,10000,13042,238734.38843141636,2475.0,85787.0,12096.623494444444,20331.546119262148,1.6807620844444497,0,100,900,1790697549.806873,2555.28725,3001.068,performance,,32861572.0,32021404.0,30288620.0,0.0,0.0,14.4,3.85,1.32,,,
1,10,thread_local,ThreadLocal,3000,mixed,1,,4,241528.90486877202,2440.0,81312.0,11959.697381111111,20232.278439649224,1.6917048813963846,0,100,900,1790697564.7340305,2300.0,2300.0,performance,,32861572.0,32017440.0,30284276.0,0.0,0.0,13.2,4.12,1.44,,,
1,11,disabled,Disabled,3000,mixed,1,,,244915.11263830125,2408.0,82801.0,11772.411062962963,19986.02907323895,1.6977005786110162,0,100,900,1790697579.5642762,2300.0,2300.0,performance,,32861572.0,32013904.0,30280348.0,0.0,0.0,12.44,4.42,1.59,,,
1,12,sharded_bucketed,Sharded-Bucketed-10,3000,mixed,1,10,22,238583.58836220863,2480.0,81378.0,12077.752962222223,20517.218578684155,1.6987612383577955,0,100,900,1790697594.2475767,2387.66925,3001.354,performance,,32861572.0,32008696.0,30274880.0,0.0,0.0,11.47,4.61,1.7,,,
1,13,disabled,Disabled,1000,mixed,1,,,278140.0954278641,2050.0,15109.0,3493.897876666667,3515.8003495832577,1.006268778793697,0,100,900,1790697609.233226,2656.718625,3089.698,performance,,32861572.0,32024072.0,30289976.0,0.0,0.0,16.02,6.04,2.22,,,
1,14,thread_local_owned,ThreadLocal-Owned,1000,mixed,1,,4,273777.5165488706,2079.0,15353.0,3547.5024455555554,3518.479801559012,0.9918188515886989,0,100,900,1790697615.1914108,2390.2625,3022.1,performance,,32861572.0,31979432.0,30245288.0,0.0,0.0,14.9,5.97,2.22,,,
1,15,sharded_bucketed,Sharded-Bucketed-100,3000,mixed,1,100,202,236921.5820210633,2502.0,85095.0,12155.16284851852,20595.438665329264,1.694377847668199,0,100,900,1790697621.196483,2387.538375,3000.307,performance,,32861572.0,31970272.0,30235944.0,0.0,0.0,20.27,7.23,2.64,,,
1,16,sharded_bucketed,Sharded-Bucketed-1,3000,mixed,1,1,4,237761.0412804472,2497.0,85809.0,12142.453652222222,20697.909324603854,1.7045903503050122,0,100,900,1790697636.2722788,2300.0,2300.0,performance,,32861572.0,32005344.0,30270620.0,0.0,0.0,20.69,7.97,2.96,,,
1,17,global_mutex,GlobalMutex,3000,mixed,1,,4,240838.13075999162,2476.0,81824.0,11973.932317777777,20224.244131937026,1.68902275336148,0,100,900,1790697651.30804,2300.0,2300.0,performance,,32861572.0,32016440.0,30280980.0,0.0,0.0,24.63,9.45,3.52,,,
1,18,sharded_bucketed,Sharded-Bucketed-1,100,mixed,1,1,4,281692.526635296,335.0,714.0,347.9567222222222,139.32433582207523,0.40040708204250725,0,100,900,1790697666.2115166,2387.743,3001.944,performance,,32861572.0,32025744.0,30289984.0,0.0,0.0,32.51,11.94,4.43,,,
1,19,thread_local_owned,ThreadLocal-Owned,100,mixed,1,,4,282279.41569101886,331.0,817.0,348.7473444444444,145.20553350767295,0.41636312310559903,0,100,900,1790697668.8863366,2471.008,3009.673,performance,,32861572.0,32032172.0,30296432.0,0.0,0.0,29.91,11.74,4.41,,,
1,20,sharded_bucketed,Sharded-Bucketed-10000,1000,mixed,1,10000,13042,274039.3059923396,2118.0,14999.0,3553.678172222222,3506.577388811588,0.9867459063179094,0,100,900,1790697671.5663393,2965.587,3201.017,performance,,32861572.0,32026604.0,30290848.0,0.0,0.0,29.91,11.74,4.41,,,
1,21,sharded_bucketed,Sharded-Bucketed-1,1000,mixed,1,1,4,273071.05868105387,2103.0,15537.0,3550.2864244444445,3560.39506934145,1.0028472758781954,0,100,900,1790697677.5795643,2396.615125,3072.921,performance,,32861572.0,32007632.0,30271764.0,0.0,0.0,28.39,11.73,4.45,,,
1,22,sharded_2key,Sharded-2key,3000,mixed,1,,4,244138.76053679854,2422.0,76947.0,11790.23389962963,19903.147027395353,1.6881045106340578,0,100,900,1790697683.6042542,2504.259875,3157.655,performance,,32861572.0,31995688.0,30259688.0,0.0,0.0,24.03,11.34,4.4,,,
1,23,sharded_bucketed,Sharded-Bucketed-100,100,mixed,1,100,202,284705.5783692596,332.0,766.0,345.58174444444444,142.5322633282354,0.4124415297381219,0,100,900,1790697698.2933521,2387.576375,3000.611,performance,,32861572.0,31994908.0,30258528.0,0.0,0.0,21.01,11.32,4.5,,,
1,24,hdr_histogram,HdrHistogram,100,mixed,1,,4,280327.82482720393,333.0,798.0,349.98172222222223,149.8294718747403,0.4281065620324181,0,100,900,1790697700.9639592,2300.0,2300.0,performance,,32861572.0,32021024.0,30284696.0,0.0,0.0,21.01,11.32,4.5,,,
1,25,thread_local,ThreadLocal,1000,mixed,1,,4,285772.75999210624,1946.0,14936.0,3403.230671111111,3438.1855094914868,1.0102710752688895,0,100,900,1790697703.6433065,2481.255125,3040.805,performance,,32861572.0,32043372.0,30307032.0,0.0,0.0,19.33,11.13,4.48,,,
1,26,sharded_bucketed,Sharded-Bucketed-1000,100,mixed,1,1000,2002,278213.93737387576,336.0,881.0,352.5092111111111,153.91961840204132,0.4366399899647609,0,100,900,1790697709.515204,2300.0,2300.0,performance,,32861572.0,31986732.0,30250188.0,0.0,0.0,17.78,10.95,4.45,,,
1,27,sharded_2key,Sharded-2key,1000,mixed,1,,4,282976.5788545454,2030.0,14734.0,3441.505146666667,3377.7087319205057,0.9814626414817504,0,100,900,1790697712.196023,2300.0,2300.0,performance,,32861572.0,31993292.0,30256764.0,0.0,0.0,17.78,10.95,4.45,,,
1,28,global_mutex,GlobalMutex,100,mixed,1,,4,288230.04262278613,327.0,721.0,340.6398555555555,142.70371411456136,0.41892841306494616,0,100,900,1790697718.1089377,2300.0,2300.0,performance,,32861572.0,31975384.0,30238740.0,0.0,0.0,16.3,10.87,4.5,,,
1,29,sharded_bucketed,Sharded-Bucketed-1000,3000,mixed,1,1000,2002,240551.3983942503,2452.0,83091.0,11991.998422222223,20457.649812577045,1.7059416697943546,0,100,900,1790697720.7759538,2300.0,2300.0,performance,,32861572.0,32005492.0,30268828.0,0.0,0.0,16.3,10.87,4.5,,,
1,30,thread_local_owned,ThreadLocal-Owned,3000,mixed,1,,4,244740.14649726934,2400.0,78066.0,11743.642365925925,19762.0999405019,1.6827913627412103,0,100,900,1790697735.676242,2300.0,2300.0,performance,,32861572.0,32014688.0,30277532.0,0.0,0.0,21.39,12.17,5.02,,,
1,31,hdr_histogram,HdrHistogram,3000,mixed,1,,4,240108.92126091357,2464.0,83950.0,12035.299389259259,20342.314223585792,1.6902208715921117,0,100,900,1790697750.3753347,2392.738,3041.904,performance,,32861572.0,32014080.0,30276604.0,0.0,0.0,21.37,12.6,5.28,,,
1,32,hdr_histogram,HdrHistogram,1000,mixed,1,,4,274792.0181499566,2056.0,15129.0,3538.512838888889,3565.900046220933,1.0077397507311698,0,100,900,1790697765.2804036,2642.256125,3017.947,performance,,32861572.0,32008704.0,30270952.0,0.0,0.0,22.96,13.42,5.66,,,
1,33,sharded_bucketed,Sharded-Bucketed-1000,1000,mixed,1,1000,2002,273013.8874219827,2035.0,15843.0,3553.908823333333,3600.185663357423,1.0130213920290405,0,100,900,1790697771.2895255,2387.01275,2996.102,performance,,32861572.0,31969032.0,30231168.0,0.0,0.0,22.24,13.43,5.71,,,
1,34,global_mutex,GlobalMutex,1000,mixed,1,,4,275182.8656109433,2028.0,15441.0,3522.618072222222,3557.6980120219114,1.0099584851608847,0,100,900,1790697777.3373125,2300.0,2300.0,performance,,32861572.0,31977652.0,30239556.0,0.0,0.0,21.02,13.32,5.72,,,
1,35,disabled,Disabled,100,mixed,1,,,291108.59827606654,325.0,697.0,337.5723111111111,136.11375072801778,0.40321361156666746,0,100,900,1790697783.351791,2491.520625,3131.835,performance,,32861572.0,31979160.0,30240860.0,0.0,0.0,18.67,13.08,5.72,,,
1,36,sharded_bucketed,Sharded-Bucketed-100,1000,mixed,1,100,202,288962.16504200944,1963.0,14223.0,3365.4680777777776,3342.9785210276727,0.9933175545777411,0,100,900,1790697786.0171463,2496.767,3092.659,performance,,32861572.0,32002296.0,30263952.0,0.0,0.0,18.67,13.08,5.72,,,
2,1,sharded_bucketed,Sharded-Bucketed-1,3000,mixed,1,1,4,239208.8457030547,2486.0,82724.0,12038.824276666666,20428.907349422218,1.696918808676109,0,100,900,1790697791.867635,2389.533875,3016.271,performance,,32861572.0,31995760.0,30257216.0,0.0,0.0,18.3,13.09,5.76,,,
2,2,sharded_bucketed,Sharded-Bucketed-10,3000,mixed,1,10,22,238917.28000100143,2476.0,88053.0,12019.308035555556,20475.632585462296,1.7035616796650201,0,100,900,1790697806.8282857,2300.0,2300.0,performance,,32861572.0,32019648.0,30280696.0,0.0,0.0,21.0,13.95,6.16,,,
2,3,sharded_2key,Sharded-2key,100,mixed,1,,4,277093.7180554239,333.0,853.0,353.28975555555553,169.56246732186293,0.4799529696388235,0,100,900,1790697821.773953,2944.7675,3089.651,performance,,32861572.0,32019972.0,30280724.0,0.0,0.0,20.23,14.13,6.35,,,
2,4,sharded_bucketed,Sharded-Bucketed-10000,3000,mixed,1,10000,13042,239223.76394512306,2468.0,85005.0,12065.213032962964,20583.31465310421,1.706005073998215,0,100,900,1790697824.4527283,2388.09375,3004.75,performance,,32861572.0,32022044.0,30282776.0,0.0,0.0,18.61,13.9,6.31,,,
2,5,sharded_bucketed,Sharded-Bucketed-10000,100,mixed,1,10000,12978,279727.0392470246,335.0,763.0,350.0017222222222,145.80221088926348,0.4165756955809809,0,100,900,1790697839.3952274,2300.0,2300.0,performance,,32861572.0,32026480.0,30286960.0,0.0,0.0,16.65,13.72,6.38,,,
2,6,disabled,Disabled,1000,mixed,1,,,288388.33727507584,1986.0,14666.0,3367.776946666667,3375.1293764521156,1.002183170056059,0,100,900,1790697842.077407,2363.126375,2805.011,performance,,32861572.0,32038824.0,30299292.0,0.0,0.0,16.65,13.72,6.38,,,
2,7,thread_local_owned,ThreadLocal-Owned,100,mixed,1,,4,281056.3811373357,330.0,815.0,348.32377777777776,152.09058560467736,0.4366356686155015,0,100,900,1790697847.9195855,2859.86975,3116.071,performance,,32861572.0,31986804.0,30247120.0,0.0,0.0,16.15,13.72,6.46,,,
2,8,hdr_histogram,HdrHistogram,1000,mixed,1,,4,280702.0281497831,1994.0,14894.0,3468.713532222222,3478.5173617394835,1.0028263589443722,0,100,900,1790697850.59399,2872.19225,3199.779,performance,,32861572.0,31997840.0,30258128.0,0.0,0.0,16.15,13.72,6.46,,,
2,9,hdr_histogram,HdrHistogram,100,mixed,1,,4,286332.2643690908,331.0,700.0,342.52394444444445,134.05091802281376,0.3913621812344745,0,100,900,1790697856.5262547,2300.0,2300.0,performance,,32861572.0,31995372.0,30255492.0,0.0,0.0,16.46,13.83,6.53,,,
2,10,sharded_2key,Sharded-2key,3000,mixed,1,,4,242791.4967445228,2429.0,83540.0,11881.768606296297,20194.680725085385,1.6996359207318659,0,100,900,1790697859.1998117,2300.0,2300.0,performance,,32861572.0,32021316.0,30281452.0,0.0,0.0,15.14,13.6,6.5,,,
2,11,sharded_bucketed,Sharded-Bucketed-100,100,mixed,1,100,202,285937.4730742213,331.0,722.0,343.6200888888889,139.7098800661907,0.40658239894515164,0,100,900,1790697873.9833512,2833.762375,3030.529,performance,,32861572.0,32013976.0,30273624.0,0.0,0.0,14.0,13.43,6.56,,,
2,12,sharded_n,Sharded-N,1000,mixed,1,,10002,276577.54544682126,2076.0,15363.0,3516.887417777778,3538.3346389265585,1.0060983530608245,0,100,900,1790697876.6555076,2388.76525,3010.122,performance,,32861572.0,32030908.0,30290520.0,0.0,0.0,14.0,13.43,6.56,,,
2,13,sharded_bucketed,Sharded-Bucketed-100,1000,mixed,1,100,202,276543.74731067545,2058.0,15239.0,3519.42969,3543.6206402288244,1.0068735426928856,0,100,900,1790697882.648927,2300.0,2300.0,performance,,32861572.0,31989304.0,30248932.0,0.0,0.0,14.88,13.63,6.66,,,
2,14,thread_local,ThreadLocal,100,mixed,1,,4,286148.62662680505,327.0,809.0,343.9046222222222,149.58019460074712,0.4349467408556443,0,100,900,1790697888.618961,2300.0,2300.0,performance,,32861572.0,31996808.0,30256316.0,0.0,0.0,12.59,13.18,6.59,,,
2,15,disabled,Disabled,3000,mixed,1,,,246447.37038117394,2414.0,84520.0,11711.516694074075,20076.581194073173,1.7142597084997324,0,100,900,1790697891.2924488,2757.1975,3148.22,performance,,32861572.0,32008284.0,30267756.0,0.0,0.0,12.59,13.18,6.59,,,
2,16,disabled,Disabled,100,mixed,1,,,305009.93251289235,310.0,638.0,320.5443,122.02472597386314,0.38067975619551847,0,100,900,1790697905.8882904,2483.04325,3069.991,performance,,32861572.0,32021204.0,30280228.0,0.0,0.0,13.89,13.43,6.77,,,
2,17,sharded_bucketed,Sharded-Bucketed-1000,100,mixed,1,1000,2002,278336.54182173853,338.0,755.0,353.45573333333334,146.20738521553804,0.4136511914425626,0,100,900,1790697908.5409448,2300.0,2300.0,performance,,32861572.0,32030004.0,30289048.0,0.0,0.0,12.78,13.21,6.74,,,
2,18,thread_local,ThreadLocal,1000,mixed,1,,4,277390.35531555355,2049.0,15257.0,3507.133442222222,3498.992402984634,0.997678719851495,0,100,900,1790697911.2195556,2652.688875,3068.683,performance,,32861572.0,32040184.0,30299196.0,0.0,0.0,12.78,13.21,6.74,,,
2,19,global_mutex,GlobalMutex,3000,mixed,1,,4,237132.74922216058,2502.0,87978.0,12171.924513333333,20710.655978306633,1.7015103861036789,0,100,900,1790697917.184704,2391.19525,3029.562,performance,,32861572.0,31974800.0,30233692.0,0.0,0.0,13.36,13.32,6.81,,,
2,20,sharded_bucketed,Sharded-Bucketed-100,3000,mixed,1,100,202,240030.80359041423,2468.0,81342.0,12059.179858518519,20407.470677704358,1.6922768311883718,0,100,900,1790697932.224974,2734.75625,3006.913,performance,,32861572.0,32023084.0,30281584.0,0.0,0.0,15.82,13.91,7.11,,,
2,21,sharded_2key,Sharded-2key,1000,mixed,1,,4,278095.96737292584,2044.0,15100.0,3488.543217777778,3496.4229818647723,1.0022587548999935,0,100,900,1790697947.1522512,2809.733875,3072.387,performance,,32861572.0,32006632.0,30264756.0,0.0,0.0,16.15,14.08,7.28,,,
2,22,thread_local_owned,ThreadLocal-Owned,1000,mixed,1,,4,280100.65370930044,2023.0,14801.0,3473.2326066666665,3519.8904828186655,1.0134335592906856,0,100,900,1790697953.1108966,2300.0,2300.0,performance,,32861572.0,31999200.0,30257204.0,0.0,0.0,14.41,13.78,7.25,,,
2,23,sharded_bucketed,Sharded-Bucketed-10000,1000,mixed,1,10000,13042,280532.3781012188,2031.0,15170.0,3457.870702222222,3437.169387496207,0.9940132768085541,0,100,900,1790697959.0271437,2300.0,2300.0,performance,,32861572.0,31987248.0,30245184.0,0.0,0.0,13.25,13.55,7.21,,,
2,24,sharded_bucketed,Sharded-Bucketed-1000,3000,mixed,1,1000,2002,241413.20254473973,2439.0,86089.0,11972.224381111111,20305.544560154427,1.696054460204656,0,100,900,1790697964.9653044,2300.0,2300.0,performance,,32861572.0,31979408.0,30237200.0,0.0,0.0,15.08,13.92,7.37,,,
2,25,sharded_bucketed,Sharded-Bucketed-1,100,mixed,1,1,4,282567.5746304841,335.0,775.0,348.45463333333333,144.9084069033608,0.4158601810432543,0,100,900,1790697979.8150563,2300.0,2300.0,performance,,32861572.0,32005864.0,30263156.0,0.0,0.0,13.81,13.71,7.4,,,
2,26,hdr_histogram,HdrHistogram,3000,mixed,1,,4,243203.81495312203,2440.0,78809.0,11880.899271851851,20073.224926931074,1.6895375061792188,0,100,900,1790697982.4910169,2663.285375,3082.744,performance,,32861572.0,32025832.0,30283160.0,0.0,0.0,13.81,13.71,7.4,,,
2,27,thread_local,ThreadLocal,3000,mixed,1,,4,244799.5587314962,2405.0,82443.0,11770.528243703704,20110.512241502573,1.7085479789116598,0,100,900,1790697997.2210214,2300.0,2300.0,performance,,32861572.0,32009360.0,30266368.0,0.0,0.0,16.42,14.23,7.67,,,
2,28,sharded_bucketed,Sharded-Bucketed-10,1000,mixed,1,10,22,275980.51692726364,2046.0,15481.0,3522.57645,3527.887337830327,1.0015076714176996,0,100,900,1790698011.879902,2683.118875,3097.126,performance,,32861572.0,32002952.0,30259592.0,0.0,0.0,20.66,15.2,8.09,,,
2,29,global_mutex,GlobalMutex,100,mixed,1,,4,282403.8420879549,331.0,792.0,347.54734444444443,147.51058115105135,0.42443305497513584,0,100,900,1790698017.870655,2479.51525,3020.902,performance,,32861572.0,31984092.0,30240652.0,0.0,0.0,25.66,16.51,8.6,,,
2,30,sharded_n,Sharded-N,100,mixed,1,,10001,280339.4085416602,337.0,761.0,349.3558444444445,142.488950403057,0.40786193409658555,0,100,900,1790698020.544261,2864.707,3097.677,performance,,32861572.0,32005180.0,30261712.0,0.0,0.0,25.66,16.51,8.6,,,
2,31,thread_local_owned,ThreadLocal-Owned,3000,mixed,1,,4,241704.6278391406,2455.0,80996.0,11942.140691111112,20229.200000585934,1.6939341550081657,0,100,900,1790698023.226101,2300.0,2300.0,performance,,32861572.0,32022964.0,30279460.0,0.0,0.0,23.61,16.24,8.55,,,
2,32,global_mutex,GlobalMutex,1000,mixed,1,,4,275282.7290580584,2048.0,15095.0,3532.5899366666667,3546.6875378092873,1.0039907267459192,0,100,900,1790698038.063167,2478.859125,3020.477,performance,,32861572.0,32014892.0,30270992.0,0.0,0.0,21.75,16.22,8.67,,,
2,33,sharded_bucketed,Sharded-Bucketed-10,100,mixed,1,10,22,286056.4410017728,330.0,695.0,342.9569,138.24248449733395,0.40308996406642916,0,100,900,1790698044.0544949,2919.34675,3046.548,performance,,32861572.0,31989440.0,30245480.0,0.0,0.0,20.01,15.95,8.62,,,
2,34,sharded_n,Sharded-N,3000,mixed,1,,10002,237630.4141874409,2494.0,81938.0,12137.767888518518,20618.5034052153,1.6987063514963872,0,100,900,1790698046.7271054,2300.0,2300.0,performance,,32861572.0,32002192.0,30258184.0,0.0,0.0,20.01,15.95,8.62,,,
2,35,sharded_bucketed,Sharded-Bucketed-1,1000,mixed,1,1,4,281477.31738713203,2062.0,14811.0,3450.94664,3391.8760231432398,0.9828827788375307,0,100,900,1790698061.7213511,2300.0,2300.0,performance,,32861572.0,32014328.0,30269848.0,0.0,0.0,18.5,15.81,8.69,,,
2,36,sharded_bucketed,Sharded-Bucketed-1000,1000,mixed,1,1000,2002,274383.425056059,2079.0,15484.0,3538.937841111111,3534.4586752315768,0.9987343191430206,0,100,900,1790698067.6499586,2300.0,2300.0,performance,,32861572.0,32000412.0,30255788.0,0.0,0.0,18.7,15.89,8.76,,,
3,1,hdr_histogram,HdrHistogram,3000,mixed,1,,4,240121.65835323362,2455.0,76748.0,12023.046520740741,20396.191019466736,1.6964245280330268,0,100,900,1790698073.6565688,2909.044,3104.935,performance,,32861572.0,31977804.0,30232944.0,0.0,0.0,15.83,15.37,8.67,,,
3,2,hdr_histogram,HdrHistogram,100,mixed,1,,4,281412.02033246873,331.0,788.0,347.9682888888889,151.1028349452139,0.43424311861206166,0,100,900,1790698088.550665,2396.47525,3071.802,performance,,32861572.0,32024704.0,30279440.0,0.0,0.0,14.9,15.21,8.72,,,
3,3,global_mutex,GlobalMutex,3000,mixed,1,,4,241270.28381939838,2458.0,81630.0,11963.706337777778,20331.262673162513,1.699411712318825,0,100,900,1790698091.2244384,2387.6055,3000.844,performance,,32861572.0,32043380.0,30298088.0,0.0,0.0,14.9,15.21,8.72,,,
3,4,sharded_n,Sharded-N,3000,mixed,1,,10002,241614.33944379218,2464.0,81295.0,11930.492744814816,20194.099139246708,1.6926458589083329,0,100,900,1790698106.055263,2300.0,2300.0,performance,,32861572.0,32015912.0,30270296.0,0.0,0.0,16.52,15.55,8.94,,,
3,5,thread_local_owned,ThreadLocal-Owned,3000,mixed,1,,4,243714.1227509046,2426.0,86430.0,11846.445948518518,20216.637910382724,1.706557223849146,0,100,900,1790698120.878091,2885.883625,2995.878,performance,,32861572.0,32014816.0,30268812.0,0.0,0.0,18.41,15.97,9.18,,,
3,6,sharded_bucketed,Sharded-Bucketed-10,100,mixed,1,10,22,284615.6206274146,332.0,726.0,345.39064444444443,139.5499338710244,0.40403507192700117,0,100,900,1790698135.60182,2300.0,2300.0,performance,,32861572.0,32009320.0,30262896.0,0.0,0.0,21.31,16.74,9.54,,,
3,7,sharded_bucketed,Sharded-Bucketed-1000,3000,mixed,1,1000,2002,240654.9485175911,2478.0,83637.0,11979.980433333334,20300.654445490585,1.6945482138690013,0,100,900,1790698138.2753177,2300.0,2300.0,performance,,32861572.0,32018224.0,30271772.0,0.0,0.0,19.6,16.46,9.49,,,
3,8,thread_local,ThreadLocal,100,mixed,1,,4,290074.776313832,321.0,830.0,338.2351111111111,148.7868341162719,0.4398917475702132,0,100,900,1790698153.1359751,2300.0,2300.0,performance,,32861572.0,32015876.0,30269168.0,0.0,0.0,16.88,16.03,9.46,,,
3,9,sharded_bucketed,Sharded-Bucketed-1000,1000,mixed,1,1000,2002,278110.66010063305,2050.0,14875.0,3496.2060955555557,3470.6102092043066,0.9926789537997239,0,100,900,1790698155.801501,2569.835125,3050.911,performance,,32861572.0,32027852.0,30281120.0,0.0,0.0,16.88,16.03,9.46,,,
3,10,sharded_bucketed,Sharded-Bucketed-1,3000,mixed,1,1,4,239609.3718270547,2482.0,83902.0,12045.372212962962,20197.04603571688,1.6767473581249128,0,100,900,1790698161.754062,2300.0,2300.0,performance,,32861572.0,32001512.0,30254788.0,0.0,0.0,16.81,16.03,9.5,,,
3,11,sharded_bucketed,Sharded-Bucketed-10,1000,mixed,1,10,22,288161.3063366856,1996.0,14545.0,3367.609408888889,3328.130547053265,0.9882768881297759,0,100,900,1790698176.6722534,2300.0,2300.0,performance,,32861572.0,32007116.0,30259952.0,0.0,0.0,18.48,16.45,9.74,,,
3,12,thread_local,ThreadLocal,3000,mixed,1,,4,246033.3001659577,2386.0,85250.0,11724.871377407408,19970.253369146663,1.7032385879837657,0,100,900,1790698182.524077,2392.400375,3039.203,performance,,32861572.0,31981592.0,30234312.0,0.0,0.0,19.24,16.64,9.84,,,
3,13,disabled,Disabled,3000,mixed,1,,,247775.60362649083,2357.0,78273.0,11630.958718888889,19721.565021271577,1.6956095793929176,0,100,900,1790698197.1273997,2387.6125,3000.9,performance,,32861572.0,32018124.0,30270412.0,0.0,0.0,18.57,16.6,9.93,,,
3,14,disabled,Disabled,1000,mixed,1,,,289111.7814371213,1932.0,14388.0,3359.3735844444445,3320.237241115396,0.9883501068442435,0,100,900,1790698211.6490726,2300.0,2300.0,performance,,32861572.0,32007212.0,30259212.0,0.0,0.0,20.91,17.19,10.23,,,
3,15,sharded_bucketed,Sharded-Bucketed-10000,100,mixed,1,10000,12970,279927.3659400318,338.0,750.0,351.0092666666667,143.74116234836566,0.4095081697226768,0,100,900,1790698217.4742541,2300.0,2300.0,performance,,32861572.0,31998348.0,30250192.0,0.0,0.0,21.8,17.44,10.35,,,
3,16,thread_local_owned,ThreadLocal-Owned,100,mixed,1,,4,283485.76273550105,331.0,806.0,345.94916666666666,147.20924702990115,0.4255227681231621,0,100,900,1790698220.1544702,2387.9645,3003.716,performance,,32861572.0,32028112.0,30279944.0,0.0,0.0,20.21,17.18,10.31,,,
3,17,thread_local,ThreadLocal,1000,mixed,1,,4,281487.59180098143,2033.0,14833.0,3456.1844822222224,3445.9966161913453,0.9970522794476738,0,100,900,1790698222.828828,2385.580125,2984.641,performance,,32861572.0,32034756.0,30286552.0,0.0,0.0,20.21,17.18,10.31,,,
3,18,sharded_n,Sharded-N,1000,mixed,1,,10002,287767.9183508079,1944.0,15138.0,3366.79011,3407.6258129228863,1.0121289719847983,0,100,900,1790698228.7411942,2300.0,2300.0,performance,,32861572.0,31993104.0,30244832.0,0.0,0.0,17.11,16.62,10.2,,,
3,19,sharded_bucketed,Sharded-Bucketed-10000,1000,mixed,1,10000,13042,272512.6305486291,2081.0,14619.0,3569.882582222222,3462.498958790443,0.9699195643110106,0,100,900,1790698234.598289,2300.0,2300.0,performance,,32861572.0,32001796.0,30253356.0,0.0,0.0,15.74,16.34,10.14,,,
3,20,sharded_bucketed,Sharded-Bucketed-1,100,mixed,1,1,4,284401.4237362793,330.0,749.0,344.9425444444444,142.36330571261576,0.41271599576649043,0,100,900,1790698240.628553,2388.631125,3009.049,performance,,32861572.0,32010024.0,30261448.0,0.0,0.0,15.76,16.34,10.17,,,
3,21,sharded_bucketed,Sharded-Bucketed-100,100,mixed,1,100,202,289601.4580674014,327.0,696.0,338.9356333333333,134.0813970833873,0.395595457947976,0,100,900,1790698243.3018258,2389.341375,3014.731,performance,,32861572.0,32020536.0,30271932.0,0.0,0.0,14.49,16.06,10.12,,,
3,22,sharded_bucketed,Sharded-Bucketed-10000,3000,mixed,1,10000,13042,239089.57488824514,2480.0,87054.0,12067.219014814815,20694.726004685755,1.7149540403036547,0,100,900,1790698245.9690495,2300.0,2300.0,performance,,32861572.0,32027400.0,30278768.0,0.0,0.0,14.49,16.06,10.12,,,
3,23,sharded_n,Sharded-N,100,mixed,1,,10002,281152.8151364354,333.0,783.0,348.3782111111111,151.3108478906431,0.4343292521310533,0,100,900,1790698260.9352791,2300.0,2300.0,performance,,32861572.0,32019536.0,30270548.0,0.0,0.0,19.01,16.95,10.5,,,
3,24,thread_local_owned,ThreadLocal-Owned,1000,mixed,1,,4,279567.12854622933,2013.0,15693.0,3479.6750711111113,3566.775190941219,1.0250311072298757,0,100,900,1790698263.6163998,2387.741125,3001.929,performance,,32861572.0,32040776.0,30291760.0,0.0,0.0,17.48,16.67,10.45,,,
3,25,sharded_bucketed,Sharded-Bucketed-1,1000,mixed,1,1,4,276004.0396908063,2087.0,15442.0,3522.8515377777776,3554.0300822448535,1.0088503713916777,0,100,900,1790698269.5587611,2387.699875,3001.599,performance,,32861572.0,31982172.0,30233068.0,0.0,0.0,16.08,16.39,10.39,,,
3,26,sharded_bucketed,Sharded-Bucketed-100,1000,mixed,1,100,202,286791.58169083885,2004.0,15576.0,3373.752342222222,3472.388028429955,1.0292361964372179,0,100,900,1790698275.52988,2300.0,2300.0,performance,,32861572.0,32012136.0,30262948.0,0.0,0.0,15.84,16.34,10.4,,,
3,27,sharded_2key,Sharded-2key,100,mixed,1,,4,294695.2468534873,318.0,745.0,332.6328,138.68979140644245,0.41694562714934447,0,100,900,1790698281.389424,2386.863,2994.904,performance,,32861572.0,32000668.0,30251200.0,0.0,0.0,15.85,16.33,10.43,,,
3,28,hdr_histogram,HdrHistogram,1000,mixed,1,,4,275012.67690796236,2054.0,15100.0,3532.4653211111113,3531.031643501841,0.9995941424815404,0,100,900,1790698284.0540016,2300.0,2300.0,performance,,32861572.0,32022708.0,30273244.0,0.0,0.0,14.58,16.06,10.38,,,
3,29,global_mutex,GlobalMutex,100,mixed,1,,4,289833.1412893572,326.0,687.0,337.0013,135.06562444361202,0.4007866570354833,0,100,900,1790698290.0609643,2300.0,2300.0,performance,,32861572.0,31966296.0,30216712.0,0.0,0.0,14.85,16.09,10.42,,,
3,30,sharded_bucketed,Sharded-Bucketed-100,3000,mixed,1,100,202,240078.53662493217,2460.0,77708.0,12020.566902592593,20258.48971407848,1.6853189935417385,0,100,900,1790698292.724973,2300.0,2300.0,performance,,32861572.0,31990920.0,30241312.0,0.0,0.0,14.85,16.09,10.42,,,
3,31,sharded_bucketed,Sharded-Bucketed-10,3000,mixed,1,10,22,241197.5877665233,2464.0,82162.0,11967.718227407408,20346.99239703942,1.7001563715330914,0,100,900,1790698307.6310081,2300.0,2300.0,performance,,32861572.0,32016368.0,30266344.0,0.0,0.0,15.85,16.24,10.56,,,
3,32,disabled,Disabled,100,mixed,1,,,285144.86680404865,328.0,799.0,343.77855555555556,144.92436470578383,0.42156313232389403,0,100,900,1790698322.479034,2300.0,2300.0,performance,,32861572.0,32014884.0,30264520.0,0.0,0.0,19.09,16.92,10.87,,,
3,33,sharded_bucketed,Sharded-Bucketed-1000,100,mixed,1,1000,2002,282269.3619932415,333.0,794.0,346.7648555555555,146.6976755419155,0.42304654924412577,0,100,900,1790698325.1463935,2842.918125,3098.398,performance,,32861572.0,32027380.0,30276992.0,0.0,0.0,18.28,16.78,10.86,,,
3,34,sharded_2key,Sharded-2key,3000,mixed,1,,4,248575.99842099223,2356.0,77574.0,11576.965773703703,19614.544104143795,1.6942733085293307,0,100,900,1790698327.8191156,2300.0,2300.0,performance,,32861572.0,32026492.0,30276076.0,0.0,0.0,18.28,16.78,10.86,,,
3,35,global_mutex,GlobalMutex,1000,mixed,1,,4,283632.47610432474,2007.0,14905.0,3427.6083366666667,3388.1208887838784,0.9884795915973323,0,100,900,1790698342.3361242,2300.0,2300.0,performance,,32861572.0,32018760.0,30267984.0,0.0,0.0,19.15,17.02,11.03,,,
3,36,sharded_2key,Sharded-2key,1000,mixed,1,,4,281392.9689965288,2018.0,15325.0,3447.129428888889,3498.6685928629695,1.014951328355168,0,100,900,1790698348.240667,2571.979375,3067.32,performance,,32861572.0,32014852.0,30264072.0,0.0,0.0,19.96,17.29,11.18,,,
4,1,disabled,Disabled,1000,mixed,1,,,283202.05753167166,1996.0,15961.0,3443.0572933333333,3525.8251626998895,1.0240390624712568,0,100,900,1790698354.163226,2300.0,2300.0,performance,,32861572.0,31983220.0,30232236.0,0.0,0.0,18.36,17.0,11.12,,,
4,2,hdr_histogram,HdrHistogram,3000,mixed,1,,4,240086.4790003488,2477.0,84212.0,11999.55534111111,20378.187883461156,1.698245251942329,0,100,900,1790698360.0611503,2300.0,2300.0,performance,,32861572.0,31996116.0,30245028.0,0.0,0.0,18.33,17.02,11.16,,,
4,3,sharded_bucketed,Sharded-Bucketed-10000,100,mixed,1,10000,12982,276911.29498650134,339.0,800.0,355.21143333333333,150.0401006274622,0.42239659692108883,0,100,900,1790698374.9685726,2815.5335,3091.86,performance,,32861572.0,32018328.0,30266780.0,0.0,0.0,17.65,16.92,11.22,,,
4,4,sharded_bucketed,Sharded-Bucketed-10,1000,mixed,1,10,22,279702.95395871555,2049.0,14996.0,3477.826197777778,3430.3609150838756,0.9863520256635506,0,100,900,1790698377.6490204,2300.0,2300.0,performance,,32861572.0,32034008.0,30282448.0,0.0,0.0,17.65,16.92,11.22,,,
4,5,sharded_n,Sharded-N,1000,mixed,1,,10002,282711.70388083806,1980.0,14893.0,3424.6791722222224,3406.0250329008754,0.9945530257337236,0,100,900,1790698383.5859497,2652.45625,3008.319,performance,,32861572.0,31978360.0,30226688.0,0.0,0.0,14.94,16.36,11.1,,,
4,6,thread_local_owned,ThreadLocal-Owned,1000,mixed,1,,4,281190.2797539223,2023.0,15010.0,3458.4990866666667,3498.70916052019,1.0116264520666038,0,100,900,1790698389.4967093,2391.6685,3033.348,performance,,32861572.0,31972440.0,30220648.0,0.0,0.0,13.74,16.09,11.04,,,
4,7,sharded_bucketed,Sharded-Bucketed-1000,3000,mixed,1,1000,2002,242475.0273083458,2420.0,83898.0,11893.22676925926,20266.1047982739,1.7040038999892142,0,100,900,1790698395.4122534,2827.605125,3073.822,performance,,32861572.0,32000648.0,30248684.0,0.0,0.0,14.32,16.17,11.09,,,
4,8,global_mutex,GlobalMutex,1000,mixed,1,,4,277717.84729491617,2059.0,15137.0,3508.6793755555555,3534.0014723122163,1.0072169879451158,0,100,900,1790698410.209902,2836.64175,3044.165,performance,,32861572.0,32016860.0,30264544.0,0.0,0.0,16.4,16.52,11.29,,,
4,9,hdr_histogram,HdrHistogram,100,mixed,1,,4,281568.3896158667,330.0,866.0,349.4860777777778,157.83100840183707,0.4516088577988923,0,100,900,1790698416.1703317,2300.0,2300.0,performance,,32861572.0,31961476.0,30209128.0,0.0,0.0,17.49,16.74,11.39,,,
4,10,thread_local,ThreadLocal,100,mixed,1,,4,292832.8629689203,320.0,766.0,335.16012222222224,142.66292098617515,0.4256560119392274,0,100,900,1790698418.8496673,2756.4565,3155.675,performance,,32861572.0,31999816.0,30247432.0,0.0,0.0,16.09,16.46,11.33,,,
4,11,global_mutex,GlobalMutex,3000,mixed,1,,4,243433.59592426667,2438.0,68906.0,11851.678785925926,19936.55012079234,1.682170980238457,0,100,900,1790698421.5132947,2300.0,2300.0,performance,,32861572.0,32020072.0,30267684.0,0.0,0.0,16.09,16.46,11.33,,,
4,12,disabled,Disabled,100,mixed,1,,,288807.69114135357,326.0,740.0,339.6542111111111,137.44485273057012,0.40466111779078684,0,100,900,1790698436.2485712,2382.94275,2963.542,performance,,32861572.0,32009876.0,30256968.0,0.0,0.0,17.78,16.84,11.53,,,
4,13,thread_local,ThreadLocal,3000,mixed,1,,4,245591.30373112854,2399.0,85985.0,11744.618178888888,20302.889837103947,1.728697308661653,0,100,900,1790698438.915062,2467.140875,2972.708,performance,,32861572.0,32027704.0,30274748.0,0.0,0.0,16.35,16.56,11.47,,,
4,14,sharded_2key,Sharded-2key,100,mixed,1,,4,286076.7222168327,328.0,786.0,343.3206,141.42819557571076,0.4119420610814229,0,100,900,1790698453.533931,2711.288,3033.537,performance,,32861572.0,32020444.0,30267220.0,0.0,0.0,15.41,16.36,11.49,,,
4,15,global_mutex,GlobalMutex,100,mixed,1,,4,287728.67048263724,327.0,727.0,340.822,138.45117788386415,0.40622723264303406,0,100,900,1790698456.2054427,2387.641375,3001.131,performance,,32861572.0,32021980.0,30268728.0,0.0,0.0,15.41,16.36,11.49,,,
4,16,sharded_bucketed,Sharded-Bucketed-1,100,mixed,1,1,4,288926.25226111274,326.0,734.0,339.46472222222224,139.56127604201723,0.4111215890959558,0,100,900,1790698458.8738198,2406.5695,3152.556,performance,,32861572.0,32028420.0,30275124.0,0.0,0.0,14.18,16.09,11.43,,,
4,17,sharded_bucketed,Sharded-Bucketed-100,3000,mixed,1,100,202,241049.19907885627,2467.0,82939.0,11980.247905925926,20240.940457267887,1.6895260111650845,0,100,900,1790698461.5371547,2300.0,2300.0,performance,,32861572.0,32026940.0,30273616.0,0.0,0.0,14.18,16.09,11.43,,,
4,18,sharded_2key,Sharded-2key,3000,mixed,1,,4,243281.655838657,2434.0,82997.0,11890.630873333334,20106.880242352683,1.6909851509599563,0,100,900,1790698476.4028957,2300.0,2300.0,performance,,32861572.0,32010636.0,30256960.0,0.0,0.0,17.85,16.82,11.74,,,
4,19,sharded_bucketed,Sharded-Bucketed-100,1000,mixed,1,100,202,278068.54272418603,2067.0,15169.0,3494.260171111111,3502.5416556253504,1.002370025158031,0,100,900,1790698491.1481106,2300.0,2300.0,performance,,32861572.0,32012276.0,30258216.0,0.0,0.0,22.32,17.79,12.14,,,
4,20,sharded_bucketed,Sharded-Bucketed-1,3000,mixed,1,1,4,241335.4731523615,2469.0,82313.0,11966.659189259259,20289.683049818017,1.6955177488491637,0,100,900,1790698497.1116688,2851.312625,3071.818,performance,,32861572.0,31972564.0,30218440.0,0.0,0.0,21.17,17.63,12.12,,,
4,21,disabled,Disabled,3000,mixed,1,,,247477.7317742736,2385.0,80454.0,11644.352545185186,19823.760301334667,1.7024355990949087,0,100,900,1790698511.9580085,2387.706875,3001.655,performance,,32861572.0,32015556.0,30261044.0,0.0,0.0,25.29,18.7,12.55,,,
4,22,thread_local,ThreadLocal,1000,mixed,1,,4,279391.3080258304,2031.0,15142.0,3479.73715,3505.530668806615,1.0074124905688968,0,100,900,1790698526.490562,2839.69175,3043.718,performance,,32861572.0,32005612.0,30250752.0,0.0,0.0,24.16,18.78,12.68,,,
4,23,thread_local_owned,ThreadLocal-Owned,100,mixed,1,,4,294220.07121923735,320.0,761.0,333.60462222222225,141.90520638654561,0.4253694251634771,0,100,900,1790698532.4318573,2388.9,3011.2,performance,,32861572.0,31991988.0,30237116.0,0.0,0.0,23.51,18.73,12.7,,,
4,24,sharded_n,Sharded-N,3000,mixed,1,,10002,245570.9832041273,2405.0,78447.0,11747.377943333333,19697.79335973494,1.6767821257435145,0,100,900,1790698535.0946028,2476.30825,3007.411,performance,,32861572.0,32020304.0,30265400.0,0.0,0.0,22.18,18.53,12.66,,,
4,25,thread_local_owned,ThreadLocal-Owned,3000,mixed,1,,4,244999.97939731655,2402.0,85255.0,11786.04390074074,20149.09109450457,1.709572038267923,0,100,900,1790698549.7673428,2387.529375,3000.235,performance,,32861572.0,32008072.0,30252712.0,0.0,0.0,18.84,17.98,12.58,,,
4,26,sharded_bucketed,Sharded-Bucketed-10,3000,mixed,1,10,22,241613.4400230048,2455.0,85490.0,11954.492622592592,20402.36941460677,1.7066696227699933,0,100,900,1790698564.4370008,2300.0,2300.0,performance,,32861572.0,32019620.0,30263920.0,0.0,0.0,22.22,18.83,12.95,,,
4,27,sharded_bucketed,Sharded-Bucketed-1000,1000,mixed,1,1000,2002,278785.89139553683,1988.0,15342.0,3489.95775,3506.2375750017286,1.0046647627759187,0,100,900,1790698579.2614467,2394.792875,3058.343,performance,,32861572.0,32020060.0,30263916.0,0.0,0.0,20.45,18.64,12.98,,,
4,28,sharded_2key,Sharded-2key,1000,mixed,1,,4,281518.7185903036,2026.0,14920.0,3457.3113222222223,3451.9667874675233,0.9984541355242305,0,100,900,1790698585.2141757,2300.0,2300.0,performance,,32861572.0,32015368.0,30259328.0,0.0,0.0,20.1,18.59,13.0,,,
4,29,sharded_bucketed,Sharded-Bucketed-10000,3000,mixed,1,10000,13042,237812.41839742108,2470.0,80632.0,12112.152674074074,20457.97436884082,1.6890452852886244,0,100,900,1790698591.128962,2738.412875,3047.542,performance,,32861572.0,31985956.0,30229656.0,0.0,0.0,19.69,18.53,13.01,,,
4,30,sharded_bucketed,Sharded-Bucketed-100,100,mixed,1,100,202,293908.90354275866,322.0,693.0,334.0800888888889,132.09659833414034,0.3954039846357743,0,100,900,1790698606.1380968,2300.0,2300.0,performance,,32861572.0,32004464.0,30247848.0,0.0,0.0,18.29,18.28,13.01,,,
4,31,sharded_bucketed,Sharded-Bucketed-10,100,mixed,1,10,22,281679.55515987857,335.0,729.0,348.52194444444444,144.61727539405794,0.41494453275986015,0,100,900,1790698608.8006883,2386.38075,2991.046,performance,,32861572.0,32009872.0,30253232.0,0.0,0.0,16.82,17.98,12.94,,,
4,32,sharded_n,Sharded-N,100,mixed,1,,10002,281024.38396434026,334.0,759.0,348.64338888888886,145.97832682507192,0.4187038431742487,0,100,900,1790698611.4768147,2990.630125,3149.787,performance,,32861572.0,32023940.0,30267252.0,0.0,0.0,16.82,17.98,12.94,,,
4,33,sharded_bucketed,Sharded-Bucketed-10000,1000,mixed,1,10000,13042,279306.81058514904,2051.0,15125.0,3475.63964,3422.0657944167333,0.9845859032775715,0,100,900,1790698614.1572855,2578.193375,3129.823,performance,,32861572.0,32033472.0,30276828.0,0.0,0.0,15.48,17.68,12.87,,,
4,34,sharded_bucketed,Sharded-Bucketed-1,1000,mixed,1,1,4,277560.1516009123,2071.0,14789.0,3506.412405555556,3466.396391125061,0.9885877615630457,0,100,900,1790698620.11232,2402.735875,3121.887,performance,,32861572.0,31974772.0,30218016.0,0.0,0.0,16.32,17.81,12.94,,,
4,35,hdr_histogram,HdrHistogram,1000,mixed,1,,4,283267.8855158791,2015.0,14868.0,3430.9969288888888,3417.7684362962127,0.996144417244652,0,100,900,1790698626.06901,2300.0,2300.0,performance,,32861572.0,32000552.0,30243504.0,0.0,0.0,15.97,17.72,12.94,,,
4,36,sharded_bucketed,Sharded-Bucketed-1000,100,mixed,1,1000,2002,281677.97711721354,334.0,739.0,348.66285555555555,139.9379525066056,0.40135606726340267,0,100,900,1790698631.9704282,2525.656625,2944.746,performance,,32861572.0,31977916.0,30220888.0,0.0,0.0,15.73,17.64,12.94,,,
5,1,thread_local,ThreadLocal,1000,mixed,1,,4,294346.04054036253,1952.0,14231.0,3298.0178655555555,3268.045036282568,0.990911865703936,0,100,900,1790698634.6484697,2675.138375,3107.269,performance,,32861572.0,32012460.0,30255440.0,0.0,0.0,14.47,17.35,12.87,,,
5,2,thread_local_owned,ThreadLocal-Owned,100,mixed,1,,4,282219.37593180605,333.0,756.0,346.8525666666667,142.49680129140762,0.41082815866359246,0,100,900,1790698640.4177244,2474.9865,3006.785,performance,,32861572.0,31989884.0,30232664.0,0.0,0.0,17.4,17.91,13.07,,,
5,3,hdr_histogram,HdrHistogram,100,mixed,1,,4,288286.4377144467,328.0,706.0,339.8730111111111,135.3168415358561,0.3981394141696599,0,100,900,1790698643.0909634,2300.0,2300.0,performance,,32861572.0,32013060.0,30255812.0,0.0,0.0,16.01,17.61,13.0,,,
5,4,disabled,Disabled,100,mixed,1,,,284116.9657017724,327.0,836.0,344.9767777777778,149.26167114284956,0.4326716485217994,0,100,900,1790698645.7576644,2387.5335,3000.268,performance,,32861572.0,32028920.0,30271640.0,0.0,0.0,16.01,17.61,13.0,,,
5,5,global_mutex,GlobalMutex,1000,mixed,1,,4,279554.0155885674,2029.0,15428.0,3476.9406055555555,3519.279936856573,1.0121771799131014,0,100,900,1790698648.4299667,2300.0,2300.0,performance,,32861572.0,32039616.0,30282304.0,0.0,0.0,14.72,17.32,12.93,,,
5,6,thread_local_owned,ThreadLocal-Owned,3000,mixed,1,,4,245073.55657650658,2389.0,80374.0,11760.296129259259,19827.387305111613,1.6859598676075578,0,100,900,1790698654.3693032,2993.62875,3078.293,performance,,32861572.0,31989448.0,30231980.0,0.0,0.0,13.54,17.03,12.86,,,
5,7,sharded_bucketed,Sharded-Bucketed-100,3000,mixed,1,100,202,240183.0279858166,2470.0,80050.0,12018.208475185185,20196.378007150433,1.6804815833284363,0,100,900,1790698669.0178099,2576.010875,3062.9,performance,,32861572.0,32025368.0,30267372.0,0.0,0.0,13.58,16.89,12.89,,,
5,8,sharded_bucketed,Sharded-Bucketed-1,1000,mixed,1,1,4,276126.3880622713,2048.0,15255.0,3523.077802222222,3473.502326290716,0.9859283618714763,0,100,900,1790698683.8945749,2412.468125,3199.745,performance,,32861572.0,32004412.0,30246136.0,0.0,0.0,13.97,16.84,12.94,,,
5,9,sharded_n,Sharded-N,3000,mixed,1,,10002,240977.31057961547,2445.0,83907.0,11954.942598518519,20232.268761126757,1.6923769055682443,0,100,900,1790698689.8717794,2659.510125,3047.283,performance,,32861572.0,32003380.0,30245048.0,0.0,0.0,12.85,16.56,12.87,,,
5,10,sharded_bucketed,Sharded-Bucketed-100,1000,mixed,1,100,202,283121.89206364047,2044.0,14457.0,3411.6602166666667,3334.9285215671825,0.9775089867611569,0,100,900,1790698704.7325473,2861.336375,3157.987,performance,,32861572.0,32018668.0,30259744.0,0.0,0.0,12.13,16.23,12.82,,,
5,11,sharded_bucketed,Sharded-Bucketed-10,1000,mixed,1,10,22,278319.28333472303,2048.0,15077.0,3482.151083333333,3476.546709817825,0.998390542690025,0,100,900,1790698710.6400096,2300.0,2300.0,performance,,32861572.0,31986220.0,30227344.0,0.0,0.0,11.72,16.08,12.79,,,
5,12,sharded_bucketed,Sharded-Bucketed-1,3000,mixed,1,1,4,241680.28248622586,2446.0,86446.0,11936.394138888889,20375.647932140164,1.7070186938412248,0,100,900,1790698716.5944831,2474.66675,3009.313,performance,,32861572.0,31996256.0,30237284.0,0.0,0.0,12.3,16.13,12.82,,,
5,13,sharded_2key,Sharded-2key,3000,mixed,1,,4,243293.2150559031,2425.0,83215.0,11851.52324074074,20254.204451158745,1.708995885147741,0,100,900,1790698731.4368193,2391.018,3028.144,performance,,32861572.0,32021628.0,30262224.0,0.0,0.0,18.68,17.44,13.31,,,
5,14,sharded_2key,Sharded-2key,1000,mixed,1,,4,281099.2533222376,1967.0,15233.0,3454.636881111111,3494.8150195627645,1.0116302059621187,0,100,900,1790698746.2025232,2387.576,3000.608,performance,,32861572.0,32002624.0,30242864.0,0.0,0.0,18.22,17.4,13.36,,,
5,15,sharded_bucketed,Sharded-Bucketed-10000,1000,mixed,1,10000,13042,275404.89869082696,2071.0,15272.0,3526.2133955555555,3509.9947998646126,0.995400563190139,0,100,900,1790698752.1160386,2300.0,2300.0,performance,,32861572.0,31993128.0,30233320.0,0.0,0.0,18.28,17.43,13.39,,,
5,16,sharded_bucketed,Sharded-Bucketed-10000,3000,mixed,1,10000,13042,240042.83776744516,2466.0,84239.0,12033.274842592593,20411.63241128753,1.6962657861880768,0,100,900,1790698758.1167865,2388.295625,3006.365,performance,,32861572.0,31989316.0,30229320.0,0.0,0.0,16.21,17.02,13.3,,,
5,17,thread_local,ThreadLocal,100,mixed,1,,4,288292.672876431,327.0,736.0,341.30085555555553,139.74051214641682,0.40943498931156486,0,100,900,1790698773.0231628,2901.86775,3165.781,performance,,32861572.0,32005316.0,30244904.0,0.0,0.0,14.59,16.64,13.24,,,
5,18,sharded_2key,Sharded-2key,100,mixed,1,,4,284634.04259582603,331.0,752.0,344.74016666666665,141.8368612366844,0.4114312022533427,0,100,900,1790698775.6899638,2389.860875,3018.887,performance,,32861572.0,32031480.0,30271036.0,0.0,0.0,14.59,16.64,13.24,,,
5,19,sharded_n,Sharded-N,100,mixed,1,,10002,280298.37475465407,333.0,823.0,349.69845555555554,151.27009927162482,0.4325729692780785,0,100,900,1790698778.3602295,2300.0,2300.0,performance,,32861572.0,32033100.0,30272612.0,0.0,0.0,13.42,16.36,13.17,,,
5,20,global_mutex,GlobalMutex,3000,mixed,1,,4,238697.6246614207,2486.0,83938.0,12091.930104444444,20331.311083044402,1.681395021922227,0,100,900,1790698781.041026,2391.39375,3031.15,performance,,32861572.0,32042216.0,30281700.0,0.0,0.0,13.42,16.36,13.17,,,
5,21,sharded_bucketed,Sharded-Bucketed-1,100,mixed,1,1,4,289837.18936916604,323.0,759.0,339.2200111111111,144.67635412293566,0.4264971092036994,0,100,900,1790698796.0143442,2387.3565,2998.852,performance,,32861572.0,32020304.0,30259528.0,0.0,0.0,13.88,16.31,13.2,,,
5,22,thread_local_owned,ThreadLocal-Owned,1000,mixed,1,,4,279691.21643442765,2003.0,14958.0,3481.1691111111113,3478.1971345353386,0.9991462705542552,0,100,900,1790698798.682573,2387.577625,3000.621,performance,,32861572.0,32031096.0,30270284.0,0.0,0.0,12.76,16.04,13.13,,,
5,23,sharded_bucketed,Sharded-Bucketed-1000,3000,mixed,1,1000,2002,238719.16201230636,2505.0,87312.0,12089.574448888889,20497.426605506473,1.695463036533128,0,100,900,1790698804.6253395,2660.422875,3080.376,performance,,32861572.0,31990212.0,30229288.0,0.0,0.0,11.74,15.77,13.06,,,
5,24,hdr_histogram,HdrHistogram,3000,mixed,1,,4,246120.5192534109,2380.0,77719.0,11718.217793333333,19792.34464112291,1.6890234496565737,0,100,900,1790698819.594948,2387.45,2999.6,performance,,32861572.0,32012684.0,30251328.0,0.0,0.0,11.83,15.62,13.05,,,
5,25,sharded_bucketed,Sharded-Bucketed-10,100,mixed,1,10,22,289772.32636612805,327.0,681.0,338.7739,134.1629937302621,0.3960251770583923,0,100,900,1790698834.2029345,2300.0,2300.0,performance,,32861572.0,32015664.0,30254024.0,0.0,0.0,11.24,15.32,13.0,,,
5,26,global_mutex,GlobalMutex,100,mixed,1,,4,282010.559565791,333.0,728.0,346.36946666666665,140.94805729019564,0.40692979853746436,0,100,900,1790698836.869329,2392.47625,3039.81,performance,,32861572.0,32023880.0,30262212.0,0.0,0.0,11.24,15.32,13.0,,,
5,27,sharded_n,Sharded-N,1000,mixed,1,,10002,286056.4387287649,1987.0,15004.0,3386.383538888889,3398.988170714346,1.0037221512804757,0,100,900,1790698839.5453696,2651.0215,3042.213,performance,,32861572.0,32031288.0,30269612.0,0.0,0.0,10.34,15.07,12.93,,,
5,28,hdr_histogram,HdrHistogram,1000,mixed,1,,4,285095.78461909055,1995.0,14842.0,3396.113928888889,3420.712207759943,1.0072430664536338,0,100,900,1790698845.418237,2300.0,2300.0,performance,,32861572.0,31986052.0,30224248.0,0.0,0.0,10.79,15.08,12.95,,,
5,29,thread_local,ThreadLocal,3000,mixed,1,,4,245978.43403539222,2402.0,82977.0,11710.049984814816,20065.36860371475,1.7135169046874112,0,100,900,1790698851.2990415,2300.0,2300.0,performance,,32861572.0,31983572.0,30221688.0,0.0,0.0,15.29,15.94,13.24,,,
5,30,sharded_bucketed,Sharded-Bucketed-1000,100,mixed,1,1000,2002,279776.7785429241,334.0,805.0,349.81275555555555,150.3445185798594,0.4297856958963362,0,100,900,1790698865.9302886,2300.0,2300.0,performance,,32861572.0,32016568.0,30254260.0,0.0,0.0,17.83,16.46,13.45,,,
5,31,sharded_bucketed,Sharded-Bucketed-10000,100,mixed,1,10000,12990,277623.80281829863,338.0,830.0,354.15964444444444,150.8105671973885,0.42582651514109915,0,100,900,1790698868.609671,2386.769625,2994.157,performance,,32861572.0,32027060.0,30264720.0,0.0,0.0,16.4,16.18,13.38,,,
5,32,disabled,Disabled,1000,mixed,1,,,290060.3237262783,1883.0,14158.0,3354.5995855555557,3313.8485793296754,0.9878521995884849,0,100,900,1790698871.2948341,2747.5435,3086.062,performance,,32861572.0,32042432.0,30280060.0,0.0,0.0,16.4,16.18,13.38,,,
5,33,sharded_bucketed,Sharded-Bucketed-100,100,mixed,1,100,202,277767.3949354319,336.0,885.0,354.3743111111111,158.38937462262865,0.4469550124161426,0,100,900,1790698877.1105804,2399.7505,3098.004,performance,,32861572.0,31975020.0,30212616.0,0.0,0.0,17.09,16.33,13.44,,,
5,34,sharded_bucketed,Sharded-Bucketed-1000,1000,mixed,1,1000,2002,272705.35531522805,2085.0,15605.0,3565.243478888889,3600.8938096264533,1.009999409843581,0,100,900,1790698879.792959,2300.0,2300.0,performance,,32861572.0,31993340.0,30230920.0,0.0,0.0,15.72,16.06,13.37,,,
5,35,sharded_bucketed,Sharded-Bucketed-10,3000,mixed,1,10,22,240152.43867099247,2468.0,82561.0,12024.197555555556,20312.471679799262,1.6892995633138332,0,100,900,1790698885.8218422,2484.97225,3079.717,performance,,32861572.0,32007236.0,30244652.0,0.0,0.0,16.14,16.14,13.41,,,
5,36,disabled,Disabled,3000,mixed,1,,,244635.74126643228,2417.0,81509.0,11761.153344074073,20120.58441820646,1.7107662683731895,0,100,900,1790698900.71753,2388.06175,3004.494,performance,,32861572.0,31997268.0,30234220.0,0.0,0.0,17.66,16.48,13.56,,,
6,1,hdr_histogram,HdrHistogram,100,mixed,1,,4,274974.97231269366,338.0,922.0,356.95174444444444,158.84871511180427,0.4450145365139889,0,100,900,1790698915.3987195,2715.99975,3262.47,performance,,32861572.0,32034560.0,30271176.0,0.0,0.0,17.34,16.47,13.61,,,
6,2,sharded_bucketed,Sharded-Bucketed-10000,1000,mixed,1,10000,13042,273947.30802143854,2076.0,15665.0,3553.961348888889,3609.089628152685,1.0155117835710372,0,100,900,1790698918.0810037,2300.0,2300.0,performance,,32861572.0,32041060.0,30277640.0,0.0,0.0,15.95,16.19,13.53,,,
6,3,hdr_histogram,HdrHistogram,3000,mixed,1,,4,243095.04661160652,2433.0,84413.0,11865.126777407408,20212.67144472999,1.703536070361868,0,100,900,1790698924.1069171,2300.0,2300.0,performance,,32861572.0,31986744.0,30223264.0,0.0,0.0,14.67,15.93,13.46,,,
6,4,sharded_2key,Sharded-2key,100,mixed,1,,4,281915.9144625392,334.0,805.0,347.4762333333333,150.7229288966067,0.43376471377833337,0,100,900,1790698938.8681858,2300.0,2300.0,performance,,32861572.0,32020284.0,30256332.0,0.0,0.0,12.69,15.44,13.34,,,
6,5,thread_local_owned,ThreadLocal-Owned,3000,mixed,1,,4,246237.41327833736,2409.0,85608.0,11708.999385185185,20145.928635891152,1.7205508321557172,0,100,900,1790698941.5409892,2300.0,2300.0,performance,,32861572.0,32033836.0,30269864.0,0.0,0.0,12.69,15.44,13.34,,,
6,6,sharded_bucketed,Sharded-Bucketed-1,3000,mixed,1,1,4,240808.8832678197,2462.0,82098.0,11996.267727407407,20327.721665182886,1.694503834616906,0,100,900,1790698956.1598964,2300.0,2300.0,performance,,32861572.0,32017904.0,30253592.0,0.0,0.0,12.02,15.15,13.28,,,
6,7,sharded_bucketed,Sharded-Bucketed-10,3000,mixed,1,10,22,240114.26224553297,2459.0,83131.0,12006.004756666667,20386.402460551213,1.6980171900424326,0,100,900,1790698971.024906,2300.0,2300.0,performance,,32861572.0,32031824.0,30267176.0,0.0,0.0,14.21,15.5,13.42,,,
6,8,sharded_n,Sharded-N,1000,mixed,1,,10002,278338.75364294596,2060.0,14918.0,3496.2493455555555,3471.2293156537203,0.9928437512806,0,100,900,1790698985.8982515,2300.0,2300.0,performance,,32861572.0,32014980.0,30249952.0,0.0,0.0,13.34,15.25,13.37,,,
6,9,thread_local_owned,ThreadLocal-Owned,1000,mixed,1,,4,280666.7728672313,2014.0,15275.0,3467.0807844444444,3517.2871359351925,1.0144808715493467,0,100,900,1790698991.8595166,2388.91125,3011.29,performance,,32861572.0,31979512.0,30214444.0,0.0,0.0,12.91,15.12,13.35,,,
6,10,sharded_bucketed,Sharded-Bucketed-10000,3000,mixed,1,10000,13042,239740.81984372743,2475.0,85465.0,12011.480029629629,20467.959505236613,1.7040330962334986,0,100,900,1790698997.791412,2653.60125,3098.685,performance,,32861572.0,32010092.0,30244884.0,0.0,0.0,12.75,15.06,13.33,,,
6,11,thread_local_owned,ThreadLocal-Owned,100,mixed,1,,4,286888.84873436723,329.0,734.0,342.0450666666667,143.96922342202848,0.4209071770134047,0,100,900,1790699012.7209368,2300.0,2300.0,performance,,32861572.0,32007420.0,30241780.0,0.0,0.0,13.3,15.03,13.35,,,
6,12,sharded_bucketed,Sharded-Bucketed-100,1000,mixed,1,100,202,272953.55734709016,2085.0,15003.0,3561.7829355555555,3552.0485729229913,0.9972669972290027,0,100,900,1790699015.3900516,2397.383625,3079.069,performance,,32861572.0,32024052.0,30258384.0,0.0,0.0,12.32,14.8,13.28,,,
6,13,global_mutex,GlobalMutex,100,mixed,1,,4,286010.2554824424,329.0,738.0,342.5176,140.33825545396348,0.409725676735921,0,100,900,1790699021.4055603,2850.02625,3106.675,performance,,32861572.0,31997928.0,30232164.0,0.0,0.0,12.61,14.82,13.3,,,
6,14,hdr_histogram,HdrHistogram,1000,mixed,1,,4,282008.5399612125,2015.0,14694.0,3461.619288888889,3431.171724668203,0.9912042423849391,0,100,900,1790699024.0732396,2300.0,2300.0,performance,,32861572.0,31996148.0,30230384.0,0.0,0.0,11.6,14.57,13.23,,,
6,15,sharded_bucketed,Sharded-Bucketed-10000,100,mixed,1,10000,12996,278864.8774179715,338.0,764.0,351.79333333333335,146.12881827086548,0.4153825681864318,0,100,900,1790699029.9796457,2555.771,2999.489,performance,,32861572.0,31984988.0,30219152.0,0.0,0.0,10.67,14.33,13.15,,,
6,16,sharded_bucketed,Sharded-Bucketed-100,100,mixed,1,100,202,279115.77697308426,336.0,802.0,351.16543333333334,151.41080810885518,0.4311666062107342,0,100,900,1790699032.6633818,2915.430375,3052.299,performance,,32861572.0,32009804.0,30243928.0,0.0,0.0,10.67,14.33,13.15,,,
6,17,thread_local,ThreadLocal,100,mixed,1,,4,285281.43046398106,329.0,786.0,343.93971111111114,145.1502528595947,0.42202237244045165,0,100,900,1790699035.3440535,2476.034375,3008.274,performance,,32861572.0,32020712.0,30254788.0,0.0,0.0,11.02,14.34,13.16,,,
6,18,sharded_bucketed,Sharded-Bucketed-100,3000,mixed,1,100,202,241050.36294346506,2444.0,81978.0,11985.170271851852,20283.17072455403,1.6923556582413108,0,100,900,1790699038.012146,2300.0,2300.0,performance,,32861572.0,32023768.0,30257824.0,0.0,0.0,10.14,14.1,13.09,,,
6,19,global_mutex,GlobalMutex,1000,mixed,1,,4,280992.5826949931,2030.0,15149.0,3472.3520244444444,3465.2261776191312,0.9979478328305572,0,100,900,1790699052.8549764,2300.0,2300.0,performance,,32861572.0,32004920.0,30238500.0,0.0,0.0,12.25,14.41,13.21,,,
6,20,global_mutex,GlobalMutex,3000,mixed,1,,4,244687.4839370313,2423.0,83095.0,11790.831931481482,19983.807496187812,1.6948598379077149,0,100,900,1790699058.7871692,2876.24175,3100.634,performance,,32861572.0,32001484.0,30235036.0,0.0,0.0,10.36,13.94,13.06,,,
6,21,sharded_bucketed,Sharded-Bucketed-1000,1000,mixed,1,1000,2002,276165.83708070405,2053.0,15287.0,3519.1018844444443,3517.920572910119,0.9996643144833212,0,100,900,1790699073.477798,2391.703375,3033.627,performance,,32861572.0,32005340.0,30238452.0,0.0,0.0,11.31,13.99,13.09,,,
6,22,disabled,Disabled,3000,mixed,1,,,245771.03102249737,2415.0,82522.0,11741.631315555556,19975.24315679052,1.7012323603047306,0,100,900,1790699079.461235,2704.672125,3240.522,performance,,32861572.0,31995024.0,30228032.0,0.0,0.0,10.4,13.75,13.02,,,
6,23,sharded_n,Sharded-N,3000,mixed,1,,10002,242065.006240231,2433.0,84920.0,11896.799816296296,20276.10350674643,1.704332578494943,0,100,900,1790699094.0603187,2388.158375,3005.267,performance,,32861572.0,32019128.0,30251796.0,0.0,0.0,10.08,13.53,12.96,,,
6,24,thread_local,ThreadLocal,1000,mixed,1,,4,281853.8051896574,2028.0,14960.0,3453.60488,3455.1680481160724,1.000452619268963,0,100,900,1790699108.8723593,2387.76125,3002.09,performance,,32861572.0,32007176.0,30239452.0,0.0,0.0,11.79,13.77,13.05,,,
6,25,disabled,Disabled,1000,mixed,1,,,289271.7787934002,1987.0,14861.0,3357.68081,3409.03190327402,1.0152936196678028,0,100,900,1790699114.7852912,2396.741375,3073.931,performance,,32861572.0,31987444.0,30219604.0,0.0,0.0,10.85,13.54,12.98,,,
6,26,sharded_bucketed,Sharded-Bucketed-1,100,mixed,1,1,4,285657.67289776617,331.0,782.0,344.0686111111111,139.1515150422786,0.4044295543057892,0,100,900,1790699120.6102438,2300.0,2300.0,performance,,32861572.0,31980708.0,30212792.0,0.0,0.0,12.38,13.81,13.07,,,
6,27,sharded_bucketed,Sharded-Bucketed-1000,3000,mixed,1,1000,2002,240815.3555849412,2461.0,82689.0,11985.307971481481,20295.926461946503,1.6934004958604132,0,100,900,1790699123.280012,2300.0,2300.0,performance,,32861572.0,32005100.0,30237152.0,0.0,0.0,11.39,13.58,13.0,,,
6,28,sharded_bucketed,Sharded-Bucketed-10,100,mixed,1,10,22,276558.9339021843,338.0,857.0,355.3909777777778,152.48596519182982,0.42906538074013145,0,100,900,1790699138.145708,2644.46625,3019.814,performance,,32861572.0,32016456.0,30248044.0,0.0,0.0,14.97,14.3,13.25,,,
6,29,thread_local,ThreadLocal,3000,mixed,1,,4,243011.18450714313,2434.0,84369.0,11880.546362962963,20173.685678482245,1.6980435968309293,0,100,900,1790699140.828009,2380.72225,2945.778,performance,,32861572.0,32011916.0,30243480.0,0.0,0.0,14.97,14.3,13.25,,,
6,30,sharded_bucketed,Sharded-Bucketed-10,1000,mixed,1,10,22,274817.8753465893,2101.0,15631.0,3541.8034444444443,3602.802351811383,1.017222555775256,0,100,900,1790699155.582643,2389.368125,3014.945,performance,,32861572.0,32023052.0,30254300.0,0.0,0.0,14.42,14.21,13.24,,,
6,31,disabled,Disabled,100,mixed,1,,,290543.9132493209,322.0,770.0,337.77124444444445,144.15331470188937,0.42677793646699624,0,100,900,1790699161.5840898,2300.0,2300.0,performance,,32861572.0,31985484.0,30216636.0,0.0,0.0,14.79,14.29,13.27,,,
6,32,sharded_n,Sharded-N,100,mixed,1,,10002,285233.0803032791,330.0,813.0,344.19286666666665,146.35948298315444,0.42522520702004024,0,100,900,1790699164.2502348,2300.0,2300.0,performance,,32861572.0,32005872.0,30237044.0,0.0,0.0,13.6,14.06,13.2,,,
6,33,sharded_bucketed,Sharded-Bucketed-1000,100,mixed,1,1000,2002,287871.3726223936,328.0,678.0,339.8312111111111,134.25577461369022,0.39506605109850845,0,100,900,1790699166.9248056,2756.181625,3059.991,performance,,32861572.0,32009272.0,30240428.0,0.0,0.0,13.6,14.06,13.2,,,
6,34,sharded_2key,Sharded-2key,1000,mixed,1,,4,278690.55333556025,2048.0,15207.0,3475.1335377777777,3485.4854626081924,1.002978856702305,0,100,900,1790699169.5948308,2300.0,2300.0,performance,,32861572.0,32018764.0,30249888.0,0.0,0.0,12.51,13.82,13.13,,,
6,35,sharded_2key,Sharded-2key,3000,mixed,1,,4,242640.31799003642,2442.0,88042.0,11880.55792111111,20512.19645549673,1.7265347799068984,0,100,900,1790699175.543541,2387.08025,2996.642,performance,,32861572.0,31988832.0,30219820.0,0.0,0.0,13.11,13.93,13.16,,,
6,36,sharded_bucketed,Sharded-Bucketed-1,1000,mixed,1,1,4,278650.14408573235,2053.0,14718.0,3479.8247666666666,3435.1232734670143,0.9871540964855906,0,100,900,1790699190.2990918,2300.0,2300.0,performance,,32861572.0,32012312.0,30242828.0,0.0,0.0,13.19,13.9,13.17,,,
7,1,sharded_n,Sharded-N,3000,mixed,1,,10002,241580.81520135287,2445.0,86647.0,11937.480515185185,20337.059764234007,1.7036308238044082,0,100,900,1790699196.2550697,2915.585375,3183.913,performance,,32861572.0,31980176.0,30210680.0,0.0,0.0,12.93,13.83,13.15,,,
7,2,thread_local,ThreadLocal,100,mixed,1,,4,289531.95759650064,327.0,698.0,338.8535888888889,131.27845891566935,0.3874194142258766,0,100,900,1790699211.0688658,2300.0,2300.0,performance,,32861572.0,32005524.0,30235584.0,0.0,0.0,17.55,14.78,13.47,,,
7,3,sharded_bucketed,Sharded-Bucketed-1,1000,mixed,1,1,4,274916.5637011224,2051.0,15451.0,3537.9332044444445,3565.57364484092,1.0078125953202715,0,100,900,1790699213.7354972,2387.500125,3000.001,performance,,32861572.0,32014516.0,30244548.0,0.0,0.0,16.14,14.53,13.4,,,
7,4,sharded_bucketed,Sharded-Bucketed-10000,1000,mixed,1,10000,13042,274975.05876156664,2064.0,15380.0,3535.4959433333333,3519.2536634585877,0.9954059401749922,0,100,900,1790699219.7276368,2563.99075,3005.242,performance,,32861572.0,32017008.0,30246984.0,0.0,0.0,14.85,14.29,13.32,,,
7,5,sharded_bucketed,Sharded-Bucketed-1000,3000,mixed,1,1000,2002,241023.11779009915,2443.0,85359.0,11963.890308148148,20263.611298196294,1.6937309500736164,0,100,900,1790699225.7380164,2300.0,2300.0,performance,,32861572.0,31979528.0,30209404.0,0.0,0.0,14.94,14.32,13.34,,,
7,6,sharded_n,Sharded-N,1000,mixed,1,,10002,279220.5483561531,2035.0,15121.0,3474.8520022222224,3416.4000428966965,0.9831785758679377,0,100,900,1790699240.616832,2300.0,2300.0,performance,,32861572.0,32010396.0,30239788.0,0.0,0.0,15.95,14.58,13.44,,,
7,7,disabled,Disabled,100,mixed,1,,,282093.451486065,327.0,898.0,347.8812,162.02466731894037,0.4657471209106453,0,100,900,1790699246.5698178,2391.50275,3032.022,performance,,32861572.0,31991740.0,30221084.0,0.0,0.0,15.48,14.51,13.42,,,
7,8,sharded_bucketed,Sharded-Bucketed-10,100,mixed,1,10,22,280354.10218327626,336.0,760.0,351.0179444444444,145.1083740006423,0.41339303673008826,0,100,900,1790699249.2418115,2388.767,3010.136,performance,,32861572.0,32015572.0,30244876.0,0.0,0.0,14.24,14.26,13.35,,,
7,9,sharded_2key,Sharded-2key,100,mixed,1,,4,284171.596601823,328.0,799.0,343.86497777777777,146.87564981100715,0.4271317502590372,0,100,900,1790699251.9188154,2300.0,2300.0,performance,,32861572.0,32018148.0,30247416.0,0.0,0.0,14.24,14.26,13.35,,,
7,10,global_mutex,GlobalMutex,100,mixed,1,,4,282327.8155509216,332.0,786.0,347.5006666666667,148.73780670454695,0.4280216441921846,0,100,900,1790699254.591249,2300.0,2300.0,performance,,32861572.0,32032112.0,30261336.0,0.0,0.0,13.1,14.03,13.28,,,
7,11,sharded_n,Sharded-N,100,mixed,1,,10002,273553.6983447867,339.0,915.0,359.0760888888889,165.61801734617353,0.46123376763586654,0,100,900,1790699257.2658076,2484.999125,3078.661,performance,,32861572.0,32023228.0,30252472.0,0.0,0.0,13.1,14.03,13.28,,,
7,12,sharded_bucketed,Sharded-Bucketed-10000,100,mixed,1,10000,12991,285060.17035822914,332.0,742.0,345.55297777777776,140.91587445807772,0.40779817718341166,0,100,900,1790699259.952012,2300.0,2300.0,performance,,32861572.0,32031828.0,30261044.0,0.0,0.0,12.05,13.79,13.21,,,
7,13,sharded_bucketed,Sharded-Bucketed-1000,100,mixed,1,1000,2002,280178.29612837953,339.0,718.0,350.6574777777778,139.29799902846165,0.39724804932504243,0,100,900,1790699262.6302035,2300.0,2300.0,performance,,32861572.0,32036184.0,30265384.0,0.0,0.0,12.05,13.79,13.21,,,
7,14,global_mutex,GlobalMutex,1000,mixed,1,,4,279940.0508878695,2007.0,15042.0,3474.447471111111,3451.4697930866296,0.9933866670267623,0,100,900,1790699265.3047543,2844.645375,3079.226,performance,,32861572.0,32036708.0,30265912.0,0.0,0.0,13.81,14.13,13.32,,,
7,15,sharded_bucketed,Sharded-Bucketed-100,100,mixed,1,100,202,285301.5485683044,331.0,709.0,344.4369,138.45243606589025,0.4019674897372792,0,100,900,1790699271.2375472,2388.35825,3006.866,performance,,32861572.0,31995580.0,30224508.0,0.0,0.0,22.15,15.85,13.88,,,
7,16,disabled,Disabled,1000,mixed,1,,,286678.08323272335,1972.0,14641.0,3389.0462177777777,3377.463493575425,0.9965823056228642,0,100,900,1790699273.9089851,2300.0,2300.0,performance,,32861572.0,32014992.0,30243916.0,0.0,0.0,20.38,15.59,13.81,,,
7,17,hdr_histogram,HdrHistogram,3000,mixed,1,,4,244188.41908921427,2412.0,83276.0,11847.947497407407,20254.72587359144,1.709555674349808,0,100,900,1790699279.767564,2382.15325,2957.226,performance,,32861572.0,31991892.0,30220652.0,0.0,0.0,18.74,15.33,13.73,,,
7,18,disabled,Disabled,3000,mixed,1,,,247099.81012026922,2361.0,83231.0,11657.957349259259,19704.938167066724,1.6902564983494957,0,100,900,1790699294.4883382,2389.644875,3017.159,performance,,32861572.0,32010552.0,30238936.0,0.0,0.0,18.27,15.41,13.78,,,
7,19,thread_local_owned,ThreadLocal-Owned,1000,mixed,1,,4,282596.436905433,1977.0,15333.0,3436.0881755555556,3486.251698063764,1.014599020730921,0,100,900,1790699309.0353801,2677.383625,3102.964,performance,,32861572.0,32030280.0,30258312.0,0.0,0.0,17.71,15.45,13.82,,,
7,20,global_mutex,GlobalMutex,3000,mixed,1,,4,242619.91460659268,2441.0,83853.0,11857.230969259259,20352.00726160416,1.7164215923910255,0,100,900,1790699314.9526508,2387.619875,3000.959,performance,,32861572.0,31983188.0,30211164.0,0.0,0.0,16.29,15.19,13.75,,,
7,21,sharded_bucketed,Sharded-Bucketed-1000,1000,mixed,1,1000,2002,276435.4542231613,2040.0,15045.0,3518.483442222222,3524.931043022985,1.001832494285291,0,100,900,1790699329.7358813,2300.0,2300.0,performance,,32861572.0,32024848.0,30252404.0,0.0,0.0,17.27,15.47,13.86,,,
7,22,sharded_2key,Sharded-2key,3000,mixed,1,,4,244755.59869364725,2432.0,83739.0,11765.294051851852,19785.909805594238,1.6817182569678268,0,100,900,1790699335.709328,2387.624625,3000.997,performance,,32861572.0,31995308.0,30222892.0,0.0,0.0,17.57,15.57,13.9,,,
7,23,sharded_bucketed,Sharded-Bucketed-1,100,mixed,1,1,4,273066.65071795613,341.0,863.0,360.1553,158.68529734440773,0.44060242163424423,0,100,900,1790699350.3864715,2483.7675,3069.507,performance,,32861572.0,32019104.0,30246192.0,0.0,0.0,18.63,15.88,14.03,,,
7,24,sharded_bucketed,Sharded-Bucketed-10000,3000,mixed,1,10000,13042,239545.57063948124,2479.0,84863.0,12013.331661851851,20401.53107536875,1.6982408918379819,0,100,900,1790699353.0704286,2555.246,3003.015,performance,,32861572.0,32024272.0,30251312.0,0.0,0.0,17.13,15.62,13.96,,,
7,25,sharded_bucketed,Sharded-Bucketed-1,3000,mixed,1,1,4,243729.4211667016,2428.0,72860.0,11832.23664925926,19719.6302687038,1.6666020849015322,0,100,900,1790699367.9896348,2387.750125,3002.001,performance,,32861572.0,31997780.0,30224488.0,0.0,0.0,17.4,15.73,14.01,,,
7,26,thread_local,ThreadLocal,1000,mixed,1,,4,280667.2069117465,2008.0,15134.0,3436.214751111111,3453.7676106411623,1.005108196315255,0,100,900,1790699382.7215586,2477.5665,3022.612,performance,,32861572.0,32016608.0,30243004.0,0.0,0.0,18.6,16.06,14.15,,,
7,27,sharded_bucketed,Sharded-Bucketed-100,1000,mixed,1,100,202,280001.4113191136,2029.0,14588.0,3476.5082733333334,3406.242823666345,0.9797884992232114,0,100,900,1790699388.6383624,2568.562875,3089.554,performance,,32861572.0,31997300.0,30223612.0,0.0,0.0,19.21,16.3,14.25,,,
7,28,sharded_bucketed,Sharded-Bucketed-10,3000,mixed,1,10,22,239854.1252622536,2487.0,84062.0,12024.273461111112,20234.037193185708,1.6827658867395692,0,100,900,1790699394.5805974,2398.334875,3086.679,performance,,32861572.0,31995792.0,30221932.0,0.0,0.0,17.67,16.03,14.17,,,
7,29,hdr_histogram,HdrHistogram,100,mixed,1,,4,285184.4194004712,327.0,794.0,344.2740333333333,145.8628426709601,0.4236823824866648,0,100,900,1790699409.4833689,2405.076625,3140.613,performance,,32861572.0,32011144.0,30236884.0,0.0,0.0,17.26,16.06,14.21,,,
7,30,thread_local_owned,ThreadLocal-Owned,100,mixed,1,,4,290998.5910236221,324.0,671.0,337.49795555555556,135.28070456535303,0.40083414532887285,0,100,900,1790699412.1557753,2669.151375,3095.431,performance,,32861572.0,32026692.0,30252388.0,0.0,0.0,17.26,16.06,14.21,,,
7,31,sharded_bucketed,Sharded-Bucketed-100,3000,mixed,1,100,202,244724.6769095531,2420.0,78967.0,11778.528069259259,19774.58702437133,1.6788674194342634,0,100,900,1790699414.8182855,2387.386125,2999.089,performance,,32861572.0,32022212.0,30247876.0,0.0,0.0,15.88,15.8,14.14,,,
7,32,thread_local,ThreadLocal,3000,mixed,1,,4,247629.71993938682,2378.0,85413.0,11639.853885925926,19962.416870912777,1.7150057953089854,0,100,900,1790699429.4758873,2816.211125,3203.381,performance,,32861572.0,32012108.0,30237436.0,0.0,0.0,21.29,17.01,14.56,,,
7,33,hdr_histogram,HdrHistogram,1000,mixed,1,,4,283824.3020297464,1964.0,14702.0,3421.5811933333334,3398.050729605256,0.9931229269748371,0,100,900,1790699444.0144072,2403.8495,3130.796,performance,,32861572.0,32011960.0,30236964.0,0.0,0.0,19.99,16.96,14.58,,,
7,34,sharded_2key,Sharded-2key,1000,mixed,1,,4,279226.33315342286,2029.0,15180.0,3474.02704,3487.662861431602,1.003925076366591,0,100,900,1790699449.9031355,2578.770125,3051.203,performance,,32861572.0,31988668.0,30213556.0,0.0,0.0,18.39,16.67,14.5,,,
7,35,thread_local_owned,ThreadLocal-Owned,3000,mixed,1,,4,243458.53882729702,2433.0,83690.0,11806.271605555556,19923.907383317655,1.6875697975593131,0,100,900,1790699455.839136,2656.7795,3052.962,performance,,32861572.0,31990980.0,30215672.0,0.0,0.0,18.12,16.65,14.51,,,
7,36,sharded_bucketed,Sharded-Bucketed-10,1000,mixed,1,10,22,280959.96572977706,2037.0,14817.0,3463.9660844444443,3431.295371664667,0.9905684085861894,0,100,900,1790699470.548862,2650.39375,3047.787,performance,,32861572.0,32018384.0,30242796.0,0.0,0.0,18.48,16.8,14.59,,,
8,1,hdr_histogram,HdrHistogram,3000,mixed,1,,4,243871.39593605258,2424.0,83215.0,11822.695484814814,20076.088896555317,1.6980974366075183,0,100,900,1790699476.4784677,2387.398,2999.184,performance,,32861572.0,31997172.0,30221460.0,0.0,0.0,17.64,16.65,14.56,,,
8,2,sharded_bucketed,Sharded-Bucketed-1000,3000,mixed,1,1000,2002,241011.0779987727,2452.0,85232.0,11961.808592592593,20585.871888434172,1.7209665017698135,0,100,900,1790699491.2118137,2300.0,2300.0,performance,,32861572.0,31993240.0,30217112.0,0.0,0.0,16.92,16.54,14.55,,,
8,3,sharded_2key,Sharded-2key,1000,mixed,1,,4,277122.0290523207,2064.0,15078.0,3510.9876744444446,3523.9345376551278,1.0036875273886376,0,100,900,1790699506.06069,2387.12125,2996.97,performance,,32861572.0,32016464.0,30239976.0,0.0,0.0,16.42,16.44,14.55,,,
8,4,sharded_2key,Sharded-2key,3000,mixed,1,,4,246440.24014510497,2395.0,78128.0,11694.561061851851,19708.258913333008,1.685249990067791,0,100,900,1790699512.0318236,2576.86075,3084.866,performance,,32861572.0,31980608.0,30204120.0,0.0,0.0,17.19,16.6,14.61,,,
8,5,sharded_bucketed,Sharded-Bucketed-1,1000,mixed,1,1,4,274615.20298348105,2094.0,15043.0,3541.735312222222,3472.0170003617745,0.9803152111283258,0,100,900,1790699526.6367803,2387.82375,3002.59,performance,,32861572.0,32015292.0,30238352.0,0.0,0.0,20.21,17.24,14.85,,,
8,6,thread_local_owned,ThreadLocal-Owned,3000,mixed,1,,4,244283.44232639569,2391.0,82013.0,11811.204785555556,19965.211980309836,1.690362020030859,0,100,900,1790699532.6311374,2300.0,2300.0,performance,,32861572.0,31982796.0,30205832.0,0.0,0.0,20.68,17.39,14.91,,,
8,7,global_mutex,GlobalMutex,100,mixed,1,,4,287104.3456085041,328.0,706.0,341.1349777777778,139.40175326246268,0.40864104340913343,0,100,900,1790699547.3340158,2733.09975,3023.506,performance,,32861572.0,32011440.0,30234056.0,0.0,0.0,21.32,17.71,15.06,,,
8,8,disabled,Disabled,3000,mixed,1,,,245038.30525640232,2420.0,81409.0,11751.651575925925,20005.823830684873,1.7023840182318026,0,100,900,1790699550.003563,2474.8675,3005.964,performance,,32861572.0,32023768.0,30246356.0,0.0,0.0,19.61,17.41,14.98,,,
8,9,hdr_histogram,HdrHistogram,1000,mixed,1,,4,278521.33501061687,2030.0,14945.0,3486.18585,3464.774909039367,0.993858347809933,0,100,900,1790699564.6543405,2411.927125,3195.417,performance,,32861572.0,32020756.0,30242920.0,0.0,0.0,20.29,17.7,15.11,,,
8,10,sharded_n,Sharded-N,1000,mixed,1,,10002,284228.3993754304,1985.0,15457.0,3416.6338066666667,3523.4602029850494,1.0312665630451643,0,100,900,1790699570.6074572,2388.776125,3010.209,performance,,32861572.0,31968084.0,30190244.0,0.0,0.0,19.79,17.63,15.1,,,
8,11,sharded_2key,Sharded-2key,100,mixed,1,,4,281869.24117846915,331.0,797.0,346.9440333333333,149.5274821103601,0.43098444632047794,0,100,900,1790699576.5088296,2389.25425,3014.034,performance,,32861572.0,31977528.0,30199500.0,0.0,0.0,20.53,17.82,15.18,,,
8,12,sharded_bucketed,Sharded-Bucketed-100,3000,mixed,1,100,202,241501.22083348324,2456.0,84275.0,11934.388922222222,20466.473910636654,1.714915949531979,0,100,900,1790699579.1840405,2557.602375,3001.558,performance,,32861572.0,31985108.0,30207028.0,0.0,0.0,18.88,17.53,15.1,,,
8,13,sharded_bucketed,Sharded-Bucketed-1000,100,mixed,1,1000,2002,284571.0922680219,330.0,792.0,345.55563333333333,145.49052809710227,0.4210335878297135,0,100,900,1790699594.0222974,2410.550375,3184.403,performance,,32861572.0,32020628.0,30242188.0,0.0,0.0,16.67,17.12,15.0,,,
8,14,hdr_histogram,HdrHistogram,100,mixed,1,,4,284969.7393958383,332.0,736.0,344.96031111111114,143.02795170588303,0.4146214712214066,0,100,900,1790699596.6973403,3023.09525,3146.8,performance,,32861572.0,32022152.0,30243684.0,0.0,0.0,16.67,17.12,15.0,,,
8,15,sharded_bucketed,Sharded-Bucketed-1000,1000,mixed,1,1000,2002,280076.58440264384,2020.0,14631.0,3462.25207,3412.4430734766656,0.985613700124574,0,100,900,1790699599.369519,2387.90575,3003.246,performance,,32861572.0,32034852.0,30256348.0,0.0,0.0,15.34,16.84,14.92,,,
8,16,sharded_bucketed,Sharded-Bucketed-100,100,mixed,1,100,202,278878.6607592275,335.0,842.0,351.84265555555555,152.4485612121573,0.43328618291446996,0,100,900,1790699605.3146183,2388.051625,3004.413,performance,,32861572.0,31974828.0,30196268.0,0.0,0.0,15.39,16.82,14.93,,,
8,17,sharded_bucketed,Sharded-Bucketed-10,1000,mixed,1,10,22,279275.2274989269,1985.0,14947.0,3485.920308888889,3470.388567554119,0.9955444359140498,0,100,900,1790699607.9935682,2412.313,3198.504,performance,,32861572.0,32000456.0,30221872.0,0.0,0.0,15.39,16.82,14.93,,,
8,18,sharded_bucketed,Sharded-Bucketed-10000,1000,mixed,1,10000,13042,270896.26712637354,2126.0,15316.0,3588.8860622222223,3572.5996759195637,0.9954619940504397,0,100,900,1790699613.9486597,2397.436,3079.488,performance,,32861572.0,31982560.0,30203788.0,0.0,0.0,13.02,16.27,14.77,,,
8,19,thread_local,ThreadLocal,100,mixed,1,,4,294512.1422235,320.0,705.0,333.2055111111111,131.91974284410978,0.39591104722190407,0,100,900,1790699620.000493,2592.9185,3133.978,performance,,32861572.0,31982884.0,30203996.0,0.0,0.0,11.98,16.0,14.69,,,
8,20,sharded_bucketed,Sharded-Bucketed-10000,100,mixed,1,10000,12994,285589.09342867904,330.0,773.0,343.52054444444445,139.2118662709238,0.40525048216857873,0,100,900,1790699622.6619635,2388.67725,3009.418,performance,,32861572.0,31995200.0,30216300.0,0.0,0.0,11.98,16.0,14.69,,,
8,21,thread_local_owned,ThreadLocal-Owned,100,mixed,1,,4,284356.32448370324,327.0,884.0,344.54257777777775,149.29009137222087,0.4332993975232566,0,100,900,1790699625.3380227,2300.0,2300.0,performance,,32861572.0,32011516.0,30232584.0,0.0,0.0,12.46,16.03,14.71,,,
8,22,global_mutex,GlobalMutex,3000,mixed,1,,4,243741.87022519726,2416.0,86418.0,11839.639563703704,20293.33844937694,1.714016574591459,0,100,900,1790699628.0109386,2300.0,2300.0,performance,,32861572.0,32019116.0,30240156.0,0.0,0.0,12.46,16.03,14.71,,,
8,23,thread_local_owned,ThreadLocal-Owned,1000,mixed,1,,4,280901.20322032884,2005.0,15093.0,3462.1968055555553,3449.1321905443547,0.9962264955619401,0,100,900,1790699642.7458324,2391.65275,3033.222,performance,,32861572.0,32017036.0,30237672.0,0.0,0.0,17.2,16.86,15.0,,,
8,24,sharded_n,Sharded-N,100,mixed,1,,10002,282039.1870699273,332.0,793.0,348.0336,145.27096200036266,0.4174049919328555,0,100,900,1790699648.6769898,2390.07,3020.56,performance,,32861572.0,31984872.0,30205480.0,0.0,0.0,16.03,16.63,14.94,,,
8,25,global_mutex,GlobalMutex,1000,mixed,1,,4,278525.8258496459,2037.0,15042.0,3487.55935,3483.57861230458,0.9988585892608767,0,100,900,1790699651.3542845,2749.838,3125.422,performance,,32861572.0,32009848.0,30230416.0,0.0,0.0,16.03,16.63,14.94,,,
8,26,thread_local,ThreadLocal,1000,mixed,1,,4,282143.0465772814,1992.0,14112.0,3444.3372844444443,3311.125493879929,0.9613244059557884,0,100,900,1790699657.3116693,2832.948125,3095.033,performance,,32861572.0,31989988.0,30210340.0,0.0,0.0,15.71,16.55,14.93,,,
8,27,thread_local,ThreadLocal,3000,mixed,1,,4,244839.85307909446,2402.0,80297.0,11783.384484814815,20077.666937970607,1.703896445358682,0,100,900,1790699663.2205162,2410.310375,3182.483,performance,,32861572.0,31979236.0,30199432.0,0.0,0.0,14.47,16.27,14.85,,,
8,28,disabled,Disabled,1000,mixed,1,,,282302.7154715139,1981.0,14861.0,3431.99146,3415.917503037355,0.9953164344521285,0,100,900,1790699677.898175,2300.0,2300.0,performance,,32861572.0,32014912.0,30234728.0,0.0,0.0,18.61,17.11,15.14,,,
8,29,disabled,Disabled,100,mixed,1,,,295710.84042952827,319.0,685.0,331.6913333333333,134.9417424304054,0.406829268266698,0,100,900,1790699683.8029897,2730.39325,3063.372,performance,,32861572.0,31988724.0,30208460.0,0.0,0.0,15.75,16.55,14.98,,,
8,30,sharded_n,Sharded-N,3000,mixed,1,,10002,241521.43218802224,2450.0,84249.0,11923.425075185185,20469.389491229285,1.7167373772348187,0,100,900,1790699686.4597204,2389.85525,3018.842,performance,,32861572.0,32010896.0,30230600.0,0.0,0.0,15.75,16.55,14.98,,,
8,31,sharded_bucketed,Sharded-Bucketed-10,3000,mixed,1,10,22,241731.23384470883,2440.0,84060.0,11924.06792888889,20334.093771739263,1.705298384159242,0,100,900,1790699701.2884367,2388.359375,3006.875,performance,,32861572.0,32013716.0,30233068.0,0.0,0.0,17.4,16.85,15.1,,,
8,32,sharded_bucketed,Sharded-Bucketed-10000,3000,mixed,1,10000,13042,238622.88138933267,2473.0,85243.0,12116.643606666667,20599.679521900878,1.7001143378160255,0,100,900,1790699716.1041367,2782.22375,3110.954,performance,,32861572.0,32009808.0,30228828.0,0.0,0.0,20.9,17.7,15.41,,,
8,33,sharded_bucketed,Sharded-Bucketed-10,100,mixed,1,10,22,276890.6628241298,338.0,805.0,354.31024444444444,150.80086332846963,0.42561812900703494,0,100,900,1790699731.0890245,2300.0,2300.0,performance,,32861572.0,32013176.0,30231836.0,0.0,0.0,24.88,18.78,15.81,,,
8,34,sharded_bucketed,Sharded-Bucketed-1,100,mixed,1,1,4,281969.8469904724,334.0,743.0,348.25896666666665,142.86633139066836,0.4102301593498144,0,100,900,1790699733.7688305,2395.927625,3067.421,performance,,32861572.0,32027832.0,30246460.0,0.0,0.0,22.89,18.47,15.72,,,
8,35,sharded_bucketed,Sharded-Bucketed-100,1000,mixed,1,100,202,277877.8680135999,2043.0,14784.0,3499.761048888889,3473.987670297359,0.9926356747699353,0,100,900,1790699736.439539,2388.166,3005.328,performance,,32861572.0,32039020.0,30257620.0,0.0,0.0,22.89,18.47,15.72,,,
8,36,sharded_bucketed,Sharded-Bucketed-1,3000,mixed,1,1,4,244248.50707786003,2411.0,82557.0,11830.03751,19951.838377331293,1.6865405845472499,0,100,900,1790699742.395349,2387.6995,3001.596,performance,,32861572.0,31975768.0,30194336.0,0.0,0.0,22.42,18.44,15.73,,,
9,1,sharded_bucketed,Sharded-Bucketed-100,3000,mixed,1,100,202,243109.94603792886,2438.0,85639.0,11867.520593703704,20182.829588926546,1.7006778652345054,0,100,900,1790699757.1068878,2300.0,2300.0,performance,,32861572.0,32017948.0,30236140.0,0.0,0.0,22.46,18.66,15.84,,,
9,2,thread_local,ThreadLocal,1000,mixed,1,,4,284381.61478548043,1978.0,14580.0,3414.4285455555555,3369.8696267831765,0.9869498165863275,0,100,900,1790699771.870812,2917.3445,3093.505,performance,,32861572.0,32015704.0,30233480.0,0.0,0.0,20.36,18.38,15.8,,,
9,3,sharded_bucketed,Sharded-Bucketed-10,1000,mixed,1,10,22,278260.83816341456,2064.0,14753.0,3499.4925366666666,3394.5598693548163,0.9700148903841354,0,100,900,1790699777.7516985,2892.934,3017.414,performance,,32861572.0,31986880.0,30204504.0,0.0,0.0,20.17,18.38,15.81,,,
9,4,hdr_histogram,HdrHistogram,1000,mixed,1,,4,282080.32901197654,1969.0,14316.0,3453.296302222222,3370.423224547256,0.9760017471939385,0,100,900,1790699783.7037764,2388.438375,3007.507,performance,,32861572.0,31981856.0,30199364.0,0.0,0.0,18.17,18.02,15.72,,,
9,5,thread_local_owned,ThreadLocal-Owned,100,mixed,1,,4,287037.3639407015,327.0,773.0,341.87745555555557,144.114987677163,0.4215398978062889,0,100,900,1790699789.6188846,2567.9255,3085.573,performance,,32861572.0,31993972.0,30211420.0,0.0,0.0,16.72,17.72,15.64,,,
9,6,sharded_2key,Sharded-2key,1000,mixed,1,,4,279600.1263128987,2025.0,15315.0,3473.9035066666665,3489.251793518105,1.0044181672927828,0,100,900,1790699792.2869499,2768.839875,3119.551,performance,,32861572.0,32017856.0,30235276.0,0.0,0.0,16.72,17.72,15.64,,,
9,7,sharded_n,Sharded-N,3000,mixed,1,,10002,242374.09515322876,2431.0,83351.0,11922.91291888889,20207.760564073866,1.694867747634028,0,100,900,1790699798.2203255,2493.85825,3147.786,performance,,32861572.0,31982104.0,30199372.0,0.0,0.0,15.62,17.46,15.58,,,
9,8,global_mutex,GlobalMutex,1000,mixed,1,,4,280872.10264826013,2019.0,14549.0,3464.4914155555557,3432.9477289705924,0.9908951465593674,0,100,900,1790699813.021023,3046.423375,3117.623,performance,,32861572.0,32017068.0,30233956.0,0.0,0.0,16.44,17.58,15.63,,,
9,9,thread_local,ThreadLocal,3000,mixed,1,,4,246687.17026573664,2393.0,83036.0,11698.907582222222,20066.15234328483,1.7152159039000836,0,100,900,1790699818.955799,2388.188875,3005.511,performance,,32861572.0,31991160.0,30207976.0,0.0,0.0,13.91,17.0,15.47,,,
9,10,sharded_n,Sharded-N,100,mixed,1,,10002,283762.0523399421,333.0,735.0,345.70115555555554,138.91965667451458,0.40184897979662565,0,100,900,1790699833.5281692,2300.0,2300.0,performance,,32861572.0,32032580.0,30248952.0,0.0,0.0,12.16,16.47,15.32,,,
9,11,sharded_2key,Sharded-2key,3000,mixed,1,,4,245006.5169823374,2401.0,81863.0,11754.955811111111,19798.803565135582,1.6842941720309321,0,100,900,1790699836.20694,2300.0,2300.0,performance,,32861572.0,32044076.0,30260416.0,0.0,0.0,12.16,16.47,15.32,,,
9,12,sharded_bucketed,Sharded-Bucketed-10000,1000,mixed,1,10000,13042,280652.520515449,2049.0,14667.0,3463.0075133333335,3412.1954314014865,0.9853271811463852,0,100,900,1790699850.856169,2300.0,2300.0,performance,,32861572.0,32014644.0,30230660.0,0.0,0.0,15.39,16.93,15.48,,,
9,13,sharded_bucketed,Sharded-Bucketed-10000,100,mixed,1,10000,12995,278471.21321315214,337.0,809.0,352.7716888888889,151.2070714190644,0.4286258681792616,0,100,900,1790699856.7963293,2860.49575,3149.943,performance,,32861572.0,31987364.0,30203348.0,0.0,0.0,19.93,17.85,15.79,,,
9,14,sharded_bucketed,Sharded-Bucketed-10,100,mixed,1,10,22,294933.0241019562,322.0,636.0,332.0313111111111,126.88641683402678,0.38215196154065556,0,100,900,1790699859.47997,2300.0,2300.0,performance,,32861572.0,32026420.0,30242372.0,0.0,0.0,18.33,17.55,15.7,,,
9,15,sharded_n,Sharded-N,1000,mixed,1,,10002,278031.6051012227,2014.0,14673.0,3493.9060766666666,3425.5496220674677,0.9804355202746566,0,100,900,1790699862.142285,2388.116625,3004.933,performance,,32861572.0,32023656.0,30239572.0,0.0,0.0,18.33,17.55,15.7,,,
9,16,global_mutex,GlobalMutex,3000,mixed,1,,4,243676.29089519338,2408.0,86573.0,11842.52589851852,20253.48222048534,1.7102333061411348,0,100,900,1790699868.1178138,2585.741375,3108.265,performance,,32861572.0,31969404.0,30185192.0,0.0,0.0,18.14,17.52,15.71,,,
9,17,global_mutex,GlobalMutex,100,mixed,1,,4,277228.56915811345,339.0,818.0,354.41551111111113,150.52666614345472,0.42471805387847095,0,100,900,1790699882.8420708,2852.192125,3082.104,performance,,32861572.0,32012960.0,30228240.0,0.0,0.0,17.87,17.46,15.71,,,
9,18,thread_local,ThreadLocal,100,mixed,1,,4,279450.40575640014,336.0,823.0,351.77875555555556,150.81841144510324,0.42873086865896554,0,100,900,1790699885.5229611,2300.0,2300.0,performance,,32861572.0,32023180.0,30238428.0,0.0,0.0,17.24,17.33,15.68,,,
9,19,sharded_bucketed,Sharded-Bucketed-10,3000,mixed,1,10,22,243289.57925595314,2426.0,84820.0,11845.562811851853,20310.34185123817,1.7145949224900519,0,100,900,1790699888.1996725,2695.638125,3297.781,performance,,32861572.0,32024328.0,30239552.0,0.0,0.0,15.85,17.05,15.6,,,
9,20,thread_local_owned,ThreadLocal-Owned,3000,mixed,1,,4,246873.4403187512,2377.0,83429.0,11685.075142962964,19964.112599922973,1.708513839720222,0,100,900,1790699902.928392,2387.556625,3000.453,performance,,32861572.0,32018152.0,30233020.0,0.0,0.0,16.04,17.05,15.61,,,
9,21,hdr_histogram,HdrHistogram,3000,mixed,1,,4,241472.83023697624,2453.0,88723.0,11939.918495925926,20408.606256422427,1.7092751733092768,0,100,900,1790699917.520024,2300.0,2300.0,performance,,32861572.0,32021448.0,30235980.0,0.0,0.0,14.7,16.69,15.52,,,
9,22,hdr_histogram,HdrHistogram,100,mixed,1,,4,283020.6007582065,333.0,747.0,345.90854444444443,138.6837921085034,0.4009261821827506,0,100,900,1790699932.348577,2386.9005,2995.204,performance,,32861572.0,32027616.0,30241768.0,0.0,0.0,20.01,17.78,15.89,,,
9,23,sharded_2key,Sharded-2key,100,mixed,1,,4,285711.9492254565,329.0,823.0,344.19533333333334,142.48042698763425,0.4139522334826375,0,100,900,1790699935.0282106,2300.0,2300.0,performance,,32861572.0,32029224.0,30243352.0,0.0,0.0,18.41,17.48,15.81,,,
9,24,sharded_bucketed,Sharded-Bucketed-1,1000,mixed,1,1,4,273243.48572812823,2119.0,15400.0,3562.1789966666665,3554.900647049551,0.9979567703857873,0,100,900,1790699937.6966746,2662.004,3068.736,performance,,32861572.0,32044540.0,30258628.0,0.0,0.0,18.41,17.48,15.81,,,
9,25,sharded_bucketed,Sharded-Bucketed-10000,3000,mixed,1,10000,13042,239931.4622022149,2481.0,83231.0,12011.865415925926,20466.566599067464,1.7038624635214341,0,100,900,1790699943.717009,2300.0,2300.0,performance,,32861572.0,31971792.0,30185872.0,0.0,0.0,18.16,17.48,15.83,,,
9,26,sharded_bucketed,Sharded-Bucketed-1000,100,mixed,1,1000,2002,278131.72873081936,337.0,825.0,353.0937333333333,152.89901741473233,0.43302670928569015,0,100,900,1790699958.6460354,2300.0,2300.0,performance,,32861572.0,32001800.0,30215436.0,0.0,0.0,16.32,17.12,15.74,,,
9,27,disabled,Disabled,1000,mixed,1,,,283663.01972195576,1923.0,14738.0,3428.4379255555555,3425.256083800561,0.9990719266837889,0,100,900,1790699961.323661,2412.41275,3199.302,performance,,32861572.0,32020660.0,30234268.0,0.0,0.0,16.32,17.12,15.74,,,
9,28,disabled,Disabled,100,mixed,1,,,291289.25221792894,323.0,720.0,336.6969,139.89470259460217,0.41549150762778675,0,100,900,1790699967.2127254,2387.8735,3002.988,performance,,32861572.0,31984976.0,30198564.0,0.0,0.0,18.38,17.54,15.88,,,
9,29,sharded_bucketed,Sharded-Bucketed-1000,3000,mixed,1,1000,2002,240497.53098812513,2462.0,85867.0,12016.227863703703,20376.835735090965,1.6957764088879645,0,100,900,1790699969.8754082,2478.0765,3021.721,performance,,32861572.0,31993000.0,30206576.0,0.0,0.0,16.9,17.24,15.79,,,
9,30,sharded_bucketed,Sharded-Bucketed-1000,1000,mixed,1,1000,2002,276118.9428623915,2051.0,15373.0,3524.4586,3576.913263058654,1.0148830413438972,0,100,900,1790699984.7428584,2300.0,2300.0,performance,,32861572.0,32006700.0,30219884.0,0.0,0.0,15.63,16.97,15.73,,,
9,31,disabled,Disabled,3000,mixed,1,,,247955.87641268817,2365.0,81028.0,11642.570405555556,19918.184731491972,1.710806466069339,0,100,900,1790699990.7230282,2300.0,2300.0,performance,,32861572.0,32009688.0,30222776.0,0.0,0.0,15.58,16.93,15.72,,,
9,32,thread_local_owned,ThreadLocal-Owned,1000,mixed,1,,4,280862.1374629501,2034.0,15004.0,3464.692221111111,3483.6262872629427,1.0054648623726121,0,100,900,1790700005.2430258,2300.0,2300.0,performance,,32861572.0,32018060.0,30230700.0,0.0,0.0,14.34,16.61,15.64,,,
9,33,sharded_bucketed,Sharded-Bucketed-100,100,mixed,1,100,202,283430.3562156181,330.0,850.0,346.28946666666667,151.9003201855188,0.43865128687768,0,100,900,1790700011.1666124,2390.369625,3022.957,performance,,32861572.0,31992092.0,30204628.0,0.0,0.0,14.15,16.53,15.62,,,
9,34,sharded_bucketed,Sharded-Bucketed-100,1000,mixed,1,100,202,285822.3041331499,1988.0,15197.0,3399.8496944444446,3446.080093770135,1.0135977773962284,0,100,900,1790700013.8413043,2838.617625,3099.86,performance,,32861572.0,32011160.0,30223652.0,0.0,0.0,13.02,16.25,15.53,,,
9,35,sharded_bucketed,Sharded-Bucketed-1,100,mixed,1,1,4,283646.62428654125,334.0,770.0,347.32846666666666,139.86692082213776,0.40269351419550914,0,100,900,1790700019.7224538,2474.6755,2999.05,performance,,32861572.0,31999768.0,30212136.0,0.0,0.0,11.97,15.98,15.45,,,
9,36,sharded_bucketed,Sharded-Bucketed-1,3000,mixed,1,1,4,241587.9750901785,2458.0,78077.0,11926.482504444444,20287.469102868676,1.7010437985641182,0,100,900,1790700022.3957276,2476.886875,3009.117,performance,,32861572.0,32011664.0,30224052.0,0.0,0.0,11.97,15.98,15.45,,,
10,1,thread_local,ThreadLocal,3000,mixed,1,,4,245814.38108210688,2382.0,80256.0,11739.057153333333,19925.39538742189,1.697359091719221,0,100,900,1790700037.2490656,2300.0,2300.0,performance,,32861572.0,32002072.0,30214080.0,0.0,0.0,13.46,16.13,15.51,,,
10,2,global_mutex,GlobalMutex,100,mixed,1,,4,280450.42881618434,335.0,821.0,350.8760111111111,153.95266923572495,0.43876658523393075,0,100,900,1790700051.9035664,2388.044875,3004.359,performance,,32861572.0,32014008.0,30225568.0,0.0,0.0,16.34,16.62,15.68,,,
10,3,sharded_bucketed,Sharded-Bucketed-10,3000,mixed,1,10,22,241435.47537154192,2459.0,85750.0,11946.212204814814,20267.145546258544,1.69653319385119,0,100,900,1790700054.5827174,2387.731375,3001.851,performance,,32861572.0,32028552.0,30240072.0,0.0,0.0,15.11,16.36,15.6,,,
10,4,sharded_bucketed,Sharded-Bucketed-10000,3000,mixed,1,10000,13042,237862.54281202346,2475.0,83970.0,12145.739282222223,20625.74948970048,1.6981880650023906,0,100,900,1790700069.4207058,2388.13025,3005.042,performance,,32861572.0,32006332.0,30217608.0,0.0,0.0,14.06,16.08,15.52,,,
10,5,sharded_bucketed,Sharded-Bucketed-10000,1000,mixed,1,10000,13042,273031.8557305669,2067.0,15213.0,3561.880631111111,3503.904940548328,0.9837232921124878,0,100,900,1790700084.435537,2570.902875,3062.986,performance,,32861572.0,32007696.0,30218548.0,0.0,0.0,12.77,15.71,15.41,,,
10,6,thread_local_owned,ThreadLocal-Owned,100,mixed,1,,4,284551.06085093453,328.0,761.0,343.7920222222222,143.98434878542366,0.4188123617724737,0,100,900,1790700090.4625537,2656.260375,3047.354,performance,,32861572.0,31995504.0,30206252.0,0.0,0.0,12.86,15.68,15.4,,,
10,7,thread_local,ThreadLocal,1000,mixed,1,,4,271762.21520722815,2108.0,15989.0,3579.483131111111,3607.8240865688463,1.0079176111241899,0,100,900,1790700093.1345823,2467.650375,3003.93,performance,,32861572.0,32016096.0,30226804.0,0.0,0.0,12.86,15.68,15.4,,,
10,8,thread_local_owned,ThreadLocal-Owned,3000,mixed,1,,4,240384.0851142738,2469.0,84635.0,11989.56463,20377.309970322905,1.699587149256053,0,100,900,1790700099.176629,2820.5625,3079.673,performance,,32861572.0,31965048.0,30175692.0,0.0,0.0,10.89,15.16,15.23,,,
10,9,disabled,Disabled,1000,mixed,1,,,280149.11814613896,2037.0,15054.0,3466.9440055555556,3497.473087071963,1.0088057613470212,0,100,900,1790700114.0676682,2387.469625,2999.757,performance,,32861572.0,32007604.0,30217780.0,0.0,0.0,11.66,15.13,15.22,,,
10,10,global_mutex,GlobalMutex,3000,mixed,1,,4,241399.1584703563,2455.0,88087.0,11937.098926296296,20557.73535819535,1.7221718178868912,0,100,900,1790700120.0006275,2387.426,2999.408,performance,,32861572.0,31968196.0,30178324.0,0.0,0.0,10.72,14.88,15.14,,,
10,11,sharded_bucketed,Sharded-Bucketed-10000,100,mixed,1,10000,12998,275976.03078258724,343.0,756.0,355.8806666666667,149.88894485421142,0.42117754318641853,0,100,900,1790700134.8442028,2300.0,2300.0,performance,,32861572.0,32020960.0,30230648.0,0.0,0.0,15.17,15.68,15.4,,,
10,12,sharded_n,Sharded-N,100,mixed,1,,10001,286248.59370439156,328.0,749.0,342.0449777777778,138.75849002447546,0.4056732273222414,0,100,900,1790700137.531419,2387.257,2998.056,performance,,32861572.0,32031484.0,30241132.0,0.0,0.0,15.17,15.68,15.4,,,
10,13,sharded_n,Sharded-N,1000,mixed,1,,10002,273229.62601111137,2072.0,15557.0,3557.6268433333335,3577.3128527545587,1.0055334666304632,0,100,900,1790700140.2041087,2387.870625,3002.965,performance,,32861572.0,32028628.0,30238232.0,0.0,0.0,13.95,15.42,15.32,,,
10,14,disabled,Disabled,100,mixed,1,,,284221.7084953439,328.0,831.0,345.15574444444445,149.48321604641092,0.4330891733730696,0,100,900,1790700146.2472029,2300.0,2300.0,performance,,32861572.0,31971300.0,30180824.0,0.0,0.0,14.12,15.43,15.32,,,
10,15,sharded_bucketed,Sharded-Bucketed-1000,100,mixed,1,1000,2002,279417.23512007523,336.0,803.0,352.1249,150.2253741942466,0.42662525198941226,0,100,900,1790700148.9198582,2300.0,2300.0,performance,,32861572.0,32003772.0,30213260.0,0.0,0.0,12.99,15.18,15.24,,,
10,16,sharded_bucketed,Sharded-Bucketed-100,1000,mixed,1,100,202,274036.5495230946,2100.0,15393.0,3535.4425655555556,3522.9347099144143,0.9964621527830771,0,100,900,1790700151.5995543,2650.836375,3094.432,performance,,32861572.0,32013316.0,30222768.0,0.0,0.0,12.99,15.18,15.24,,,
10,17,sharded_bucketed,Sharded-Bucketed-1,100,mixed,1,1,4,286015.6681416897,330.0,723.0,342.9921888888889,138.17288676209665,0.40284557852382247,0,100,900,1790700157.614116,2563.278625,3055.243,performance,,32861572.0,31971928.0,30181320.0,0.0,0.0,12.75,15.09,15.21,,,
10,18,thread_local_owned,ThreadLocal-Owned,1000,mixed,1,,4,291969.9879611431,1936.0,14511.0,3331.6023066666667,3288.8906283939264,0.9871798389059605,0,100,900,1790700160.2848797,2880.4315,3132.03,performance,,32861572.0,31994484.0,30203864.0,0.0,0.0,13.01,15.11,15.21,,,
10,19,sharded_bucketed,Sharded-Bucketed-100,100,mixed,1,100,202,281144.0060739851,333.0,798.0,349.22395555555556,148.62868604673693,0.4255970522133687,0,100,900,1790700166.086329,2604.111,3202.969,performance,,32861572.0,32002156.0,30211400.0,0.0,0.0,14.13,15.3,15.28,,,
10,20,hdr_histogram,HdrHistogram,1000,mixed,1,,4,277488.9159272444,2052.0,15344.0,3500.2536811111113,3525.757742476179,1.0072863465590218,0,100,900,1790700168.7645428,2530.759,3000.001,performance,,32861572.0,32013976.0,30223160.0,0.0,0.0,13.0,15.05,15.2,,,
10,21,sharded_2key,Sharded-2key,100,mixed,1,,4,284814.15453941975,327.0,791.0,343.72481111111114,149.22460265499956,0.4341397473537684,0,100,900,1790700174.726986,2300.0,2300.0,performance,,32861572.0,31976188.0,30185192.0,0.0,0.0,11.95,14.8,15.11,,,
10,22,disabled,Disabled,3000,mixed,1,,,247071.9464280319,2378.0,82936.0,11668.149529629629,19866.581249429368,1.7026334123488023,0,100,900,1790700177.3977885,2379.210875,2933.687,performance,,32861572.0,32011496.0,30220468.0,0.0,0.0,11.95,14.8,15.11,,,
10,23,sharded_bucketed,Sharded-Bucketed-1,3000,mixed,1,1,4,238749.50458483008,2495.0,86958.0,12085.769416666666,20546.318969901004,1.7000422779510393,0,100,900,1790700191.9358432,2947.211875,3093.69,performance,,32861572.0,32006836.0,30215352.0,0.0,0.0,14.63,15.28,15.27,,,
10,24,thread_local,ThreadLocal,100,mixed,1,,4,283605.4076076653,332.0,771.0,346.01486666666665,145.42871127266173,0.42029613546275874,0,100,900,1790700206.878993,2686.711125,3194.873,performance,,32861572.0,32013896.0,30222116.0,0.0,0.0,17.02,15.78,15.43,,,
10,25,sharded_bucketed,Sharded-Bucketed-1000,1000,mixed,1,1000,2002,281238.2771097404,2034.0,14912.0,3452.3584166666665,3410.0294436613394,0.9877391139920528,0,100,900,1790700209.5501359,2300.0,2300.0,performance,,32861572.0,32029924.0,30238120.0,0.0,0.0,15.66,15.52,15.35,,,
10,26,sharded_bucketed,Sharded-Bucketed-1000,3000,mixed,1,1000,2002,239450.5949768613,2468.0,82706.0,12023.351605555556,20180.714432747427,1.6784599747896127,0,100,900,1790700215.4776046,2659.187125,3081.79,performance,,32861572.0,31992948.0,30201008.0,0.0,0.0,15.93,15.58,15.37,,,
10,27,hdr_histogram,HdrHistogram,3000,mixed,1,,4,243306.87079565716,2425.0,84612.0,11873.461375925926,20296.06840518312,1.7093640820135632,0,100,900,1790700230.4391181,2916.491,3068.675,performance,,32861572.0,32025484.0,30233220.0,0.0,0.0,16.65,15.75,15.43,,,
10,28,sharded_2key,Sharded-2key,3000,mixed,1,,4,243155.30144061826,2415.0,83915.0,11858.621134814815,20163.13810826661,1.700293641144433,0,100,900,1790700245.1740334,2300.0,2300.0,performance,,32861572.0,31990844.0,30198244.0,0.0,0.0,15.09,15.46,15.34,,,
10,29,sharded_bucketed,Sharded-Bucketed-1,1000,mixed,1,1,4,276002.662903132,2040.0,15360.0,3518.11278,3556.6852352052574,1.0109639621061999,0,100,900,1790700259.9452612,2388.928,3011.424,performance,,32861572.0,31997732.0,30204760.0,0.0,0.0,20.28,16.65,15.74,,,
10,30,sharded_bucketed,Sharded-Bucketed-10,1000,mixed,1,10,22,280172.66186935693,2024.0,14943.0,3468.202762222222,3469.5431433275394,1.000386477146007,0,100,900,1790700265.9361274,2670.27675,3077.179,performance,,32861572.0,31990472.0,30197512.0,0.0,0.0,19.62,16.57,15.72,,,
10,31,sharded_2key,Sharded-2key,1000,mixed,1,,4,282730.0994925084,1978.0,14842.0,3435.294081111111,3438.286514511738,1.0008710850745153,0,100,900,1790700271.8716664,2390.134,3021.072,performance,,32861572.0,31989360.0,30196180.0,0.0,0.0,18.93,16.48,15.69,,,
10,32,sharded_bucketed,Sharded-Bucketed-100,3000,mixed,1,100,202,240343.78488714105,2450.0,82830.0,11995.279828148148,20147.875408978616,1.6796503039220119,0,100,900,1790700277.7738268,2387.936375,3003.491,performance,,32861572.0,32001772.0,30208472.0,0.0,0.0,18.61,16.46,15.69,,,
10,33,hdr_histogram,HdrHistogram,100,mixed,1,,4,281979.08247208595,332.0,799.0,347.9248333333333,153.11127934215983,0.44006999407101777,0,100,900,1790700292.6625915,2386.881,2995.048,performance,,32861572.0,31998808.0,30205104.0,0.0,0.0,19.4,16.76,15.8,,,
10,34,global_mutex,GlobalMutex,1000,mixed,1,,4,283983.7801540651,1997.0,14832.0,3421.71899,3441.7516798697116,1.0058545689836766,0,100,900,1790700295.3386643,2724.710375,3006.388,performance,,32861572.0,32017480.0,30223736.0,0.0,0.0,18.8,16.68,15.78,,,
10,35,sharded_n,Sharded-N,3000,mixed,1,,10002,241820.17601537652,2444.0,85743.0,11936.395483703704,20276.46190770037,1.6987089557633235,0,100,900,1790700301.2135353,2660.56875,3082.832,performance,,32861572.0,31972308.0,30178528.0,0.0,0.0,18.98,16.75,15.81,,,
10,36,sharded_bucketed,Sharded-Bucketed-10,100,mixed,1,10,22,279766.4022658642,331.0,857.0,349.6953111111111,158.8301898902134,0.45419593813125847,0,100,900,1790700316.031232,2300.0,2300.0,performance,,32861572.0,32014884.0,30220660.0,0.0,0.0,20.32,17.13,15.94,,,
11,1,sharded_bucketed,Sharded-Bucketed-1,1000,mixed,1,1,4,272181.1540259859,2085.0,15551.0,3569.959908888889,3577.4290426107823,1.0020922178154705,0,100,900,1790700318.709186,2387.500125,3000.001,performance,,32861572.0,31839424.0,30022316.0,0.0,0.0,18.77,16.86,15.86,,,
11,2,sharded_bucketed,Sharded-Bucketed-1,100,mixed,1,1,4,282470.7609493639,332.0,815.0,347.62708888888886,150.54594582677743,0.43306736050968697,0,100,900,1790700324.7624607,2925.792625,3077.125,performance,,32861572.0,31754312.0,29921276.0,0.0,0.0,17.27,16.58,15.78,,,
11,3,sharded_bucketed,Sharded-Bucketed-10,100,mixed,1,10,22,280786.9498537002,334.0,816.0,348.0317333333333,145.1170777275241,0.41696507481556505,0,100,900,1790700327.4368238,2300.0,2300.0,performance,,32861572.0,31784756.0,29951692.0,0.0,0.0,17.27,16.58,15.78,,,
11,4,sharded_bucketed,Sharded-Bucketed-100,100,mixed,1,100,202,278693.8263214075,336.0,838.0,351.47802222222225,150.70655095222753,0.4287794440158287,0,100,900,1790700330.1130476,2389.275375,3014.203,performance,,32861572.0,31820600.0,29987536.0,0.0,0.0,15.88,16.3,15.69,,,
11,5,thread_local_owned,ThreadLocal-Owned,1000,mixed,1,,4,277999.01917868713,1998.0,15444.0,3500.1103177777777,3519.357826337732,1.005499114831379,0,100,900,1790700332.7912765,2387.17,2997.36,performance,,32861572.0,31983260.0,30150152.0,0.0,0.0,15.88,16.3,15.69,,,
11,6,sharded_2key,Sharded-2key,100,mixed,1,,4,283852.50882346067,330.0,856.0,346.13093333333336,151.90309043855459,0.43886019945021165,0,100,900,1790700338.7452776,2387.475,2999.8,performance,,32861572.0,31956172.0,30122860.0,0.0,0.0,14.1,15.91,15.57,,,
11,7,sharded_n,Sharded-N,100,mixed,1,,10001,283598.7980364489,330.0,791.0,345.1916777777778,145.5732463186174,0.42171713772408015,0,100,900,1790700341.419723,2386.824625,2994.597,performance,,32861572.0,31980700.0,30147344.0,0.0,0.0,14.1,15.91,15.57,,,
11,8,sharded_bucketed,Sharded-Bucketed-100,1000,mixed,1,100,202,281999.32410965994,2002.0,14977.0,3458.519568888889,3459.9299774061706,1.0004078070079374,0,100,900,1790700344.096012,2300.0,2300.0,performance,,32861572.0,32000148.0,30166760.0,0.0,0.0,12.97,15.65,15.49,,,
11,9,thread_local,ThreadLocal,100,mixed,1,,4,282182.3383823937,333.0,790.0,348.07553333333334,143.93758549195778,0.41352399610953533,0,100,900,1790700350.0165284,2374.43425,2895.474,performance,,32861572.0,31958036.0,30124564.0,0.0,0.0,11.93,15.39,15.41,,,
11,10,sharded_bucketed,Sharded-Bucketed-1,3000,mixed,1,1,4,242190.06364909877,2438.0,81895.0,11919.30287925926,19990.582963158577,1.6771604149722654,0,100,900,1790700352.6903725,2453.255,3013.326,performance,,32861572.0,31992172.0,30158664.0,0.0,0.0,11.93,15.39,15.41,,,
11,11,sharded_bucketed,Sharded-Bucketed-10,1000,mixed,1,10,22,287096.52634075045,1995.0,14165.0,3380.769062222222,3318.3057346800842,0.9815239294987277,0,100,900,1790700367.4900901,2300.0,2300.0,performance,,32861572.0,31991608.0,30157660.0,0.0,0.0,17.52,16.43,15.75,,,
11,12,thread_local_owned,ThreadLocal-Owned,100,mixed,1,,4,286868.8490477853,326.0,784.0,341.26575555555553,144.40512850617893,0.4231456750505131,0,100,900,1790700373.3524883,2387.791625,3002.333,performance,,32861572.0,31978136.0,30144108.0,0.0,0.0,15.79,16.11,15.65,,,
11,13,sharded_bucketed,Sharded-Bucketed-10000,3000,mixed,1,10000,13042,239679.74969738812,2465.0,77679.0,12040.825372592593,20136.135537499842,1.6723218645238265,0,100,900,1790700376.0220773,2901.954375,3156.137,performance,,32861572.0,31999248.0,30165224.0,0.0,0.0,15.79,16.11,15.65,,,
11,14,sharded_2key,Sharded-2key,1000,mixed,1,,4,279001.3274213556,2055.0,15430.0,3482.820257777778,3515.8606649897642,1.0094866817023362,0,100,900,1790700390.9578254,2391.018625,3028.149,performance,,32861572.0,31986132.0,30151684.0,0.0,0.0,16.39,16.22,15.69,,,
11,15,disabled,Disabled,1000,mixed,1,,,279261.3095268404,2033.0,15072.0,3486.4178444444447,3532.9107702622705,1.0133354428218957,0,100,900,1790700396.9037971,2801.258625,3030.212,performance,,32861572.0,31965056.0,30130524.0,0.0,0.0,16.68,16.28,15.71,,,
11,16,hdr_histogram,HdrHistogram,100,mixed,1,,4,289319.24948657886,325.0,738.0,339.07107777777776,139.30999755106382,0.41085780145001205,0,100,900,1790700402.8441777,2300.0,2300.0,performance,,32861572.0,31979688.0,30145076.0,0.0,0.0,16.86,16.33,15.73,,,
11,17,thread_local_owned,ThreadLocal-Owned,3000,mixed,1,,4,244570.91724501908,2392.0,79159.0,11791.504101111112,19912.600845556237,1.6887244133409474,0,100,900,1790700405.507679,2392.64375,3041.15,performance,,32861572.0,31987812.0,30153152.0,0.0,0.0,16.47,16.25,15.71,,,
11,18,global_mutex,GlobalMutex,1000,mixed,1,,4,278122.076856819,2023.0,15166.0,3493.1649344444445,3524.196668371489,1.0088835581798774,0,100,900,1790700420.168485,2387.995125,3003.961,performance,,32861572.0,31997132.0,30162060.0,0.0,0.0,14.6,15.86,15.59,,,
11,19,sharded_bucketed,Sharded-Bucketed-10,3000,mixed,1,10,22,242159.06779764759,2452.0,85938.0,11911.289368518519,20231.30924691959,1.6984986781020404,0,100,900,1790700426.1222425,2300.0,2300.0,performance,,32861572.0,31942124.0,30106956.0,0.0,0.0,16.07,16.15,15.68,,,
11,20,sharded_n,Sharded-N,3000,mixed,1,,10002,241763.9687343733,2444.0,83475.0,11928.705836666666,20170.938553250882,1.6909578314228435,0,100,900,1790700440.9118886,2300.0,2300.0,performance,,32861572.0,31985544.0,30149928.0,0.0,0.0,18.02,16.57,15.83,,,
11,21,sharded_bucketed,Sharded-Bucketed-10000,1000,mixed,1,10000,13042,274504.5642573886,2083.0,15416.0,3541.308941111111,3526.0726474707703,0.9956975531099639,0,100,900,1790700455.7522666,2374.811125,2898.489,performance,,32861572.0,31964672.0,30128712.0,0.0,0.0,18.86,16.82,15.92,,,
11,22,sharded_bucketed,Sharded-Bucketed-1000,3000,mixed,1,1000,2002,239842.56542131692,2461.0,87675.0,12037.944757407407,20379.899598704724,1.692971683240546,0,100,900,1790700461.7746336,2731.859125,3052.575,performance,,32861572.0,31954588.0,30118564.0,0.0,0.0,24.4,18.0,16.31,,,
11,23,sharded_bucketed,Sharded-Bucketed-10000,100,mixed,1,10000,13000,284138.69156816066,333.0,707.0,345.4124,136.52474803608152,0.3952514386747017,0,100,900,1790700476.6736598,2387.500125,3000.001,performance,,32861572.0,32000184.0,30163768.0,0.0,0.0,25.61,18.55,16.52,,,
11,24,sharded_n,Sharded-N,1000,mixed,1,,10002,276042.2471764836,2083.0,15282.0,3533.21466,3574.266703973049,1.0116188932525965,0,100,900,1790700479.34706,2300.0,2300.0,performance,,32861572.0,32001964.0,30165524.0,0.0,0.0,23.56,18.24,16.43,,,
11,25,disabled,Disabled,100,mixed,1,,,290592.955830439,321.0,813.0,337.2534777777778,144.76860534277907,0.4292575610982124,0,100,900,1790700485.3388624,2300.0,2300.0,performance,,32861572.0,31967656.0,30131164.0,0.0,0.0,23.84,18.39,16.48,,,
11,26,sharded_bucketed,Sharded-Bucketed-100,3000,mixed,1,100,202,238836.4770004754,2468.0,84928.0,12063.891596666666,20425.175609427883,1.6930834835312591,0,100,900,1790700488.0059493,2300.0,2300.0,performance,,32861572.0,31985912.0,30149392.0,0.0,0.0,23.84,18.39,16.48,,,
11,27,thread_local,ThreadLocal,1000,mixed,1,,4,283526.10915103595,1980.0,15054.0,3431.267118888889,3493.3792477361985,1.018101805162701,0,100,900,1790700502.991961,2388.782375,3010.259,performance,,32861572.0,31993776.0,30156736.0,0.0,0.0,21.8,18.19,16.45,,,
11,28,global_mutex,GlobalMutex,3000,mixed,1,,4,240653.31904198206,2465.0,83342.0,11995.35950037037,20379.1730715006,1.6989214096394003,0,100,900,1790700508.8893197,2972.9245,3156.508,performance,,32861572.0,31963572.0,30126568.0,0.0,0.0,18.45,17.59,16.27,,,
11,29,hdr_histogram,HdrHistogram,3000,mixed,1,,4,239999.73915761686,2467.0,87126.0,12011.7447,20557.96020684338,1.7114882742091067,0,100,900,1790700523.7382164,2300.0,2300.0,performance,,32861572.0,31981024.0,30143528.0,0.0,0.0,16.07,17.12,16.14,,,
11,30,sharded_2key,Sharded-2key,3000,mixed,1,,4,245508.41629502364,2406.0,83298.0,11745.252447037037,20010.08999293564,1.7036747471514384,0,100,900,1790700538.6482415,2774.49725,3177.501,performance,,32861572.0,31977428.0,30139592.0,0.0,0.0,18.33,17.59,16.31,,,
11,31,sharded_bucketed,Sharded-Bucketed-1000,100,mixed,1,1000,2002,278293.67928758595,333.0,895.0,352.7216666666667,158.5358859963083,0.4494645523041538,0,100,900,1790700553.2784111,2392.417,3039.336,performance,,32861572.0,31982004.0,30143808.0,0.0,0.0,19.17,17.8,16.4,,,
11,32,thread_local,ThreadLocal,3000,mixed,1,,4,245045.76647809663,2398.0,83438.0,11754.415547037037,20167.514576890295,1.7157394594556399,0,100,900,1790700555.9595342,2736.313625,3005.42,performance,,32861572.0,31991864.0,30153640.0,0.0,0.0,17.63,17.51,16.31,,,
11,33,hdr_histogram,HdrHistogram,1000,mixed,1,,4,278394.08032033173,2031.0,14744.0,3500.47265,3430.447505311606,0.9799955172658201,0,100,900,1790700570.6388206,2300.0,2300.0,performance,,32861572.0,31979416.0,30140860.0,0.0,0.0,21.28,18.37,16.61,,,
11,34,disabled,Disabled,3000,mixed,1,,,245561.62554810522,2403.0,82738.0,11764.337157037036,19981.136528714345,1.6984498371642036,0,100,900,1790700576.5977738,2387.17425,2997.394,performance,,32861572.0,31962436.0,30123892.0,0.0,0.0,20.94,18.35,16.61,,,
11,35,sharded_bucketed,Sharded-Bucketed-1000,1000,mixed,1,1000,2002,274548.79055563925,2074.0,15905.0,3521.4071366666667,3586.0899406279627,1.0183684537035738,0,100,900,1790700591.2319667,2300.0,2300.0,performance,,32861572.0,31981020.0,30141968.0,0.0,0.0,21.9,18.68,16.75,,,
11,36,global_mutex,GlobalMutex,100,mixed,1,,4,286409.8916913308,331.0,697.0,342.9056777777778,138.75154911211277,0.40463473807520794,0,100,900,1790700597.2465444,2864.52525,3095.798,performance,,32861572.0,31968016.0,30128936.0,0.0,0.0,20.87,18.51,16.71,,,
12,1,sharded_bucketed,Sharded-Bucketed-100,3000,mixed,1,100,202,240866.73453640012,2453.0,86734.0,11956.894131851852,20506.29869535406,1.7150188392759567,0,100,900,1790700599.9178083,2397.642,3081.136,performance,,32861572.0,31984008.0,30144892.0,0.0,0.0,19.2,18.21,16.62,,,
12,2,thread_local,ThreadLocal,1000,mixed,1,,4,285813.3180328276,1971.0,14385.0,3404.64469,3350.9899349453067,0.9842407182128913,0,100,900,1790700614.7779064,2475.556125,3004.448,performance,,32861572.0,31993248.0,30153704.0,0.0,0.0,16.86,17.75,16.49,,,
12,3,hdr_histogram,HdrHistogram,100,mixed,1,,4,276728.7435243322,339.0,823.0,355.00025555555555,152.10854077862726,0.42847445430873254,0,100,900,1790700620.651529,2391.3965,3031.172,performance,,32861572.0,31977088.0,30137484.0,0.0,0.0,17.19,17.81,16.52,,,
12,4,sharded_bucketed,Sharded-Bucketed-10,3000,mixed,1,10,22,242170.92517861424,2451.0,86439.0,11925.147853703704,20249.670856154265,1.6980645527061653,0,100,900,1790700623.3318255,2395.595,3064.76,performance,,32861572.0,31994888.0,30155300.0,0.0,0.0,15.82,17.51,16.43,,,
12,5,thread_local_owned,ThreadLocal-Owned,1000,mixed,1,,4,281643.22587128606,2039.0,15156.0,3447.274611111111,3397.069456436602,0.9854362763811477,0,100,900,1790700638.1360648,2300.0,2300.0,performance,,32861572.0,31989400.0,30149320.0,0.0,0.0,17.63,17.84,16.55,,,
12,6,sharded_bucketed,Sharded-Bucketed-1,100,mixed,1,1,4,293932.10001928033,322.0,690.0,333.55524444444444,132.72608416241812,0.3979133483075078,0,100,900,1790700644.0643275,2761.853125,3128.125,performance,,32861572.0,31958980.0,30118888.0,0.0,0.0,14.92,17.25,16.37,,,
12,7,sharded_bucketed,Sharded-Bucketed-10000,100,mixed,1,10000,13000,280558.10513599514,334.0,757.0,348.74384444444445,143.43488806024396,0.4112900925570126,0,100,900,1790700646.7276514,2387.733625,3001.869,performance,,32861572.0,31988288.0,30148152.0,0.0,0.0,14.92,17.25,16.37,,,
12,8,sharded_2key,Sharded-2key,1000,mixed,1,,4,287340.42481264676,1984.0,15035.0,3384.5302466666667,3460.1972832519605,1.0223567322702511,0,100,900,1790700649.4083388,2575.867875,3073.636,performance,,32861572.0,32002828.0,30162668.0,0.0,0.0,13.72,16.97,16.28,,,
12,9,thread_local_owned,ThreadLocal-Owned,100,mixed,1,,4,293920.99854238046,319.0,695.0,332.958,136.43762394365905,0.40977427766763086,0,100,900,1790700655.2624938,2898.200875,3162.375,performance,,32861572.0,31943860.0,30103540.0,0.0,0.0,12.62,16.68,16.19,,,
12,10,sharded_bucketed,Sharded-Bucketed-1000,1000,mixed,1,1000,2002,285261.03599369933,1989.0,14683.0,3409.23428,3382.3004634259164,0.9920997460538019,0,100,900,1790700657.9238677,2300.0,2300.0,performance,,32861572.0,31978256.0,30137904.0,0.0,0.0,12.62,16.68,16.19,,,
12,11,thread_local,ThreadLocal,3000,mixed,1,,4,243856.4302329808,2428.0,83796.0,11813.526212222223,20209.90351785294,1.7107426821420908,0,100,900,1790700663.794295,2399.992125,3099.937,performance,,32861572.0,31968380.0,30127864.0,0.0,0.0,12.16,16.46,16.13,,,
12,12,sharded_bucketed,Sharded-Bucketed-100,100,mixed,1,100,202,280774.1063155958,337.0,728.0,349.7002777777778,138.90238106368514,0.3972040913045906,0,100,900,1790700678.4817257,2684.093375,3166.241,performance,,32861572.0,31980236.0,30139308.0,0.0,0.0,18.75,17.83,16.59,,,
12,13,disabled,Disabled,1000,mixed,1,,,285389.40131901804,1987.0,15313.0,3406.1857133333333,3490.8467827219497,1.024855094969489,0,100,900,1790700681.1593812,2479.610625,3035.241,performance,,32861572.0,31989636.0,30148680.0,0.0,0.0,18.75,17.83,16.59,,,
12,14,sharded_n,Sharded-N,1000,mixed,1,,10002,278807.40923750843,2046.0,14926.0,3489.0775622222222,3439.2746215719203,0.9857260437000483,0,100,900,1790700687.0262194,2300.0,2300.0,performance,,32861572.0,31956068.0,30115076.0,0.0,0.0,20.14,18.13,16.69,,,
12,15,hdr_histogram,HdrHistogram,1000,mixed,1,,4,274776.71358028724,2060.0,14841.0,3541.633751111111,3516.8972197902576,0.9930155027145049,0,100,900,1790700692.981292,2404.91375,3139.31,performance,,32861572.0,31973384.0,30132228.0,0.0,0.0,20.04,18.14,16.7,,,
12,16,global_mutex,GlobalMutex,3000,mixed,1,,4,241099.1092032096,2438.0,87350.0,11954.354415555556,20425.22052683484,1.7086008843987932,0,100,900,1790700698.9863162,2387.59525,3000.762,performance,,32861572.0,31998212.0,30156960.0,0.0,0.0,19.47,18.1,16.71,,,
12,17,sharded_bucketed,Sharded-Bucketed-1000,100,mixed,1,1000,2002,289863.5620587226,326.0,709.0,338.8387222222222,134.32828692513516,0.3964372372914274,0,100,900,1790700713.833057,2941.38775,3122.372,performance,,32861572.0,32006668.0,30164948.0,0.0,0.0,18.93,18.06,16.72,,,
12,18,sharded_bucketed,Sharded-Bucketed-1,3000,mixed,1,1,4,238301.12922017387,2483.0,83366.0,12108.628996666666,20459.819471309926,1.689689185864248,0,100,900,1790700716.499399,2830.4485,3071.464,performance,,32861572.0,32002868.0,30161124.0,0.0,0.0,18.93,18.06,16.72,,,
12,19,sharded_bucketed,Sharded-Bucketed-1,1000,mixed,1,1,4,277311.4679312964,2062.0,15306.0,3506.1243644444444,3494.900584422057,0.9967988072139689,0,100,900,1790700731.5002708,2755.654,3065.474,performance,,32861572.0,31970632.0,30128640.0,0.0,0.0,18.16,17.96,16.7,,,
12,20,global_mutex,GlobalMutex,1000,mixed,1,,4,277898.8562509362,2060.0,15028.0,3497.121882222222,3473.778603365876,0.9933250027758503,0,100,900,1790700737.4659696,2300.0,2300.0,performance,,32861572.0,31975260.0,30133120.0,0.0,0.0,19.18,18.17,16.78,,,
12,21,thread_local_owned,ThreadLocal-Owned,3000,mixed,1,,4,241904.73283728445,2431.0,84152.0,11918.12931037037,20283.924778467288,1.7019386390461089,0,100,900,1790700743.4175158,2389.427,3015.416,performance,,32861572.0,31987884.0,30145620.0,0.0,0.0,18.3,18.03,16.75,,,
12,22,sharded_bucketed,Sharded-Bucketed-100,1000,mixed,1,100,202,290590.40816927026,1959.0,14549.0,3339.5888333333332,3388.405765927072,1.0146176475698097,0,100,900,1790700758.2503393,2387.721875,3001.775,performance,,32861572.0,31982884.0,30140220.0,0.0,0.0,18.31,18.03,16.77,,,
12,23,sharded_bucketed,Sharded-Bucketed-10,100,mixed,1,10,22,280966.7267120658,336.0,779.0,349.67543333333333,145.86403564050173,0.41714121649905744,0,100,900,1790700764.0667162,2478.5875,3030.963,performance,,32861572.0,31962336.0,30119500.0,0.0,0.0,15.49,17.44,16.59,,,
12,24,sharded_bucketed,Sharded-Bucketed-1000,3000,mixed,1,1000,2002,241411.22485017282,2440.0,79204.0,11959.322127037038,20046.924997459286,1.6762593050435692,0,100,900,1790700766.7441714,2651.8315,3007.041,performance,,32861572.0,31971000.0,30128176.0,0.0,0.0,15.49,17.44,16.59,,,
12,25,sharded_bucketed,Sharded-Bucketed-10000,1000,mixed,1,10000,13042,271525.36037136207,2106.0,15627.0,3579.3565244444444,3591.1631635137055,1.0032985367589482,0,100,900,1790700781.5697625,2387.688625,3001.509,performance,,32861572.0,31991856.0,30148636.0,0.0,0.0,15.19,17.28,16.55,,,
12,26,sharded_bucketed,Sharded-Bucketed-10,1000,mixed,1,10,22,277823.31113201776,2033.0,15267.0,3492.2937566666665,3502.8309394262947,1.0030172670152713,0,100,900,1790700787.6113272,2408.035125,3164.281,performance,,32861572.0,31972420.0,30129108.0,0.0,0.0,16.54,17.53,16.63,,,
12,27,thread_local,ThreadLocal,100,mixed,1,,4,289713.3750982418,325.0,741.0,338.2733,141.67935118422514,0.4188310197234755,0,100,900,1790700793.579826,2396.39875,3071.19,performance,,32861572.0,31975360.0,30131976.0,0.0,0.0,16.43,17.49,16.63,,,
12,28,sharded_n,Sharded-N,100,mixed,1,,10002,283145.7982681513,333.0,744.0,346.69486666666666,140.42241119335114,0.4050316999021555,0,100,900,1790700796.2477062,2663.244625,3051.94,performance,,32861572.0,31994828.0,30151416.0,0.0,0.0,16.43,17.49,16.63,,,
12,29,disabled,Disabled,100,mixed,1,,,292493.89111883705,320.0,731.0,334.82804444444446,139.43190086405764,0.4164283822025922,0,100,900,1790700798.9251256,2300.0,2300.0,performance,,32861572.0,32004176.0,30160732.0,0.0,0.0,15.11,17.2,16.54,,,
12,30,sharded_2key,Sharded-2key,100,mixed,1,,4,286747.50342171016,330.0,718.0,342.73887777777776,137.2339287298978,0.4004037406543544,0,100,900,1790700801.589218,2300.0,2300.0,performance,,32861572.0,31998660.0,30155184.0,0.0,0.0,15.11,17.2,16.54,,,
12,31,sharded_2key,Sharded-2key,3000,mixed,1,,4,244672.7197583519,2425.0,82995.0,11799.712514074074,19892.11252824003,1.6858133199867176,0,100,900,1790700804.2606804,2388.82975,3010.638,performance,,32861572.0,32006252.0,30162732.0,0.0,0.0,13.9,16.91,16.45,,,
12,32,disabled,Disabled,3000,mixed,1,,,244432.99652061265,2430.0,82114.0,11789.636395185185,20148.38435638037,1.708991158082606,0,100,900,1790700818.9218202,2300.0,2300.0,performance,,32861572.0,31986700.0,30142784.0,0.0,0.0,13.6,16.72,16.4,,,
12,33,hdr_histogram,HdrHistogram,3000,mixed,1,,4,242460.86247203304,2422.0,82484.0,11916.938434444444,20216.042940504536,1.6964124679936712,0,100,900,1790700833.601346,2387.514,3000.112,performance,,32861572.0,31975216.0,30130948.0,0.0,0.0,13.23,16.51,16.34,,,
12,34,sharded_n,Sharded-N,3000,mixed,1,,10002,242988.7714572824,2430.0,85924.0,11873.518433333333,20457.321506205033,1.722936770685748,0,100,900,1790700848.3832357,2388.288875,3006.311,performance,,32861572.0,31973148.0,30128516.0,0.0,0.0,13.76,16.51,16.34,,,
12,35,sharded_bucketed,Sharded-Bucketed-10000,3000,mixed,1,10000,13042,239090.07198166492,2478.0,82539.0,12056.829042592593,20456.400772230183,1.6966650766934503,0,100,900,1790700863.1642962,2662.429125,3061.024,performance,,32861572.0,31992856.0,30147792.0,0.0,0.0,15.78,16.84,16.45,,,
12,36,global_mutex,GlobalMutex,100,mixed,1,,4,282706.92039621144,335.0,740.0,347.3933777777778,139.3351170989506,0.4010874300202727,0,100,900,1790700878.1419563,2569.095875,3052.056,performance,,32861572.0,31985120.0,30139792.0,0.0,0.0,14.35,16.46,16.33,,,
13,1,sharded_bucketed,Sharded-Bucketed-10000,100,mixed,1,10000,12985,276015.6241772243,341.0,781.0,355.8909,147.85439123483394,0.4154486423643705,0,100,900,1790700880.8167737,2388.172,3005.376,performance,,32861572.0,32001492.0,30156136.0,0.0,0.0,13.2,16.19,16.24,,,
13,2,disabled,Disabled,3000,mixed,1,,,246386.42103096255,2398.0,82938.0,11707.973678518518,20061.20303105779,1.7134649924833327,0,100,900,1790700883.5022404,2300.0,2300.0,performance,,32861572.0,32005668.0,30160324.0,0.0,0.0,12.14,15.92,16.16,,,
13,3,thread_local,ThreadLocal,3000,mixed,1,,4,245109.2535202922,2405.0,83824.0,11739.114033703703,20049.538286991326,1.7079260180476903,0,100,900,1790700898.0816376,2575.522375,3091.925,performance,,32861572.0,31966580.0,30120764.0,0.0,0.0,13.0,15.98,16.18,,,
13,4,sharded_bucketed,Sharded-Bucketed-10,3000,mixed,1,10,22,242237.20131006153,2441.0,84680.0,11894.406293333333,20233.650159547757,1.7011063571023688,0,100,900,1790700912.7483664,2407.733125,3161.865,performance,,32861572.0,31985144.0,30138988.0,0.0,0.0,14.54,16.14,16.22,,,
13,5,sharded_bucketed,Sharded-Bucketed-100,1000,mixed,1,100,202,277336.33810451144,2052.0,15437.0,3501.6472411111113,3518.610291517697,1.0048443059047842,0,100,900,1790700927.53523,2300.0,2300.0,performance,,32861572.0,31991820.0,30145344.0,0.0,0.0,21.26,17.48,16.65,,,
13,6,sharded_bucketed,Sharded-Bucketed-1,1000,mixed,1,1,4,274234.6841942217,2097.0,15400.0,3533.090223333333,3507.4705813114847,0.992748658991879,0,100,900,1790700933.4909327,2300.0,2300.0,performance,,32861572.0,31961112.0,30114644.0,0.0,0.0,18.65,17.05,16.52,,,
13,7,sharded_n,Sharded-N,100,mixed,1,,10002,285434.8504325665,329.0,734.0,343.69677777777775,140.33594578895347,0.4083132425515195,0,100,900,1790700939.506723,2744.765,3041.465,performance,,32861572.0,31964672.0,30118008.0,0.0,0.0,17.16,16.76,16.43,,,
13,8,sharded_n,Sharded-N,1000,mixed,1,,10002,281040.5676029453,2013.0,15226.0,3447.822382222222,3557.830415825832,1.0319065257453044,0,100,900,1790700942.1810079,2300.0,2300.0,performance,,32861572.0,31989156.0,30142464.0,0.0,0.0,17.16,16.76,16.43,,,
13,9,sharded_bucketed,Sharded-Bucketed-100,100,mixed,1,100,202,286089.8253835175,330.0,757.0,343.9192777777778,143.27209542399456,0.4165864046637401,0,100,900,1790700948.1132846,2858.02675,3116.828,performance,,32861572.0,31941104.0,30094360.0,0.0,0.0,17.87,16.92,16.49,,,
13,10,sharded_bucketed,Sharded-Bucketed-10,1000,mixed,1,10,22,276471.14791228255,2053.0,14893.0,3508.1706344444447,3538.1123816533454,1.0085348605666218,0,100,900,1790700950.7869327,2300.0,2300.0,performance,,32861572.0,31968472.0,30121696.0,0.0,0.0,16.44,16.64,16.4,,,
13,11,sharded_bucketed,Sharded-Bucketed-1000,1000,mixed,1,1000,2002,277138.4319037126,2071.0,15704.0,3504.487057777778,3557.1655708477197,1.0150317328046705,0,100,900,1790700956.766437,2685.533375,3137.518,performance,,32861572.0,31984004.0,30137124.0,0.0,0.0,16.32,16.61,16.39,,,
13,12,sharded_2key,Sharded-2key,1000,mixed,1,,4,288862.11160651204,1953.0,14578.0,3360.854103333333,3379.6804932587124,1.0056016683100606,0,100,900,1790700962.7355125,2388.097625,3004.781,performance,,32861572.0,31952596.0,30105524.0,0.0,0.0,15.98,16.53,16.37,,,
13,13,sharded_bucketed,Sharded-Bucketed-10000,1000,mixed,1,10000,13042,283842.72231864533,2036.0,14758.0,3414.2509844444444,3411.959796436228,0.9993289339247011,0,100,900,1790700968.578023,2300.0,2300.0,performance,,32861572.0,31973592.0,30126400.0,0.0,0.0,14.77,16.26,16.28,,,
13,14,hdr_histogram,HdrHistogram,3000,mixed,1,,4,240690.33932360637,2460.0,85402.0,11994.260443333333,20421.546437294208,1.702609888602589,0,100,900,1790700974.4868178,2836.781625,3062.893,performance,,32861572.0,31956184.0,30108812.0,0.0,0.0,13.59,15.99,16.19,,,
13,15,hdr_histogram,HdrHistogram,100,mixed,1,,4,282775.9784759723,334.0,742.0,347.0462,140.12386776621221,0.4037614235978155,0,100,900,1790700989.339718,2832.84225,3125.679,performance,,32861572.0,31997464.0,30149684.0,0.0,0.0,13.78,15.95,16.18,,,
13,16,disabled,Disabled,1000,mixed,1,,,278722.41328578274,2037.0,15048.0,3490.035031111111,3519.702868505886,1.0085007276804696,0,100,900,1790700992.0155451,2395.696,3065.568,performance,,32861572.0,32012912.0,30165100.0,0.0,0.0,13.78,15.95,16.18,,,
13,17,sharded_2key,Sharded-2key,100,mixed,1,,4,281977.7625756952,333.0,798.0,347.81555555555553,146.83698002739672,0.42216909992095764,0,100,900,1790700997.9604454,2734.085125,3003.172,performance,,32861572.0,31952936.0,30105092.0,0.0,0.0,13.72,15.9,16.16,,,
13,18,sharded_bucketed,Sharded-Bucketed-1,3000,mixed,1,1,4,239661.29304290382,2478.0,87189.0,12054.707406666666,20496.003548561992,1.7002489448418299,0,100,900,1790701000.6294878,2560.0445,3003.239,performance,,32861572.0,31972152.0,30124272.0,0.0,0.0,15.66,16.27,16.28,,,
13,19,sharded_bucketed,Sharded-Bucketed-1,100,mixed,1,1,4,286549.37245687435,327.0,751.0,341.65406666666667,141.87200206824062,0.4152504416306493,0,100,900,1790701015.5654323,2387.85625,3002.85,performance,,32861572.0,31991036.0,30142732.0,0.0,0.0,21.56,17.52,16.69,,,
13,20,hdr_histogram,HdrHistogram,1000,mixed,1,,4,282491.7310699738,1974.0,14701.0,3436.859608888889,3401.3810849765923,0.9896770517420795,0,100,900,1790701018.234494,2394.77625,3058.21,performance,,32861572.0,31987884.0,30139536.0,0.0,0.0,21.56,17.52,16.69,,,
13,21,global_mutex,GlobalMutex,100,mixed,1,,4,280592.7658109363,333.0,825.0,350.2027,150.18767339125847,0.42885926747925834,0,100,900,1790701024.1425037,2645.49525,3041.52,performance,,32861572.0,31933904.0,30085516.0,0.0,0.0,18.24,16.94,16.51,,,
13,22,thread_local,ThreadLocal,100,mixed,1,,4,285872.4666641099,328.0,779.0,343.7913222222222,143.65805981414593,0.41786412433437525,0,100,900,1790701026.8209422,2579.001125,3120.066,performance,,32861572.0,31951108.0,30102676.0,0.0,0.0,18.24,16.94,16.51,,,
13,23,sharded_bucketed,Sharded-Bucketed-100,3000,mixed,1,100,202,241867.87120299257,2432.0,82754.0,11919.54367111111,19936.34878301443,1.6725765124157654,0,100,900,1790701029.4898157,2300.0,2300.0,performance,,32861572.0,31979308.0,30130852.0,0.0,0.0,16.78,16.66,16.42,,,
13,24,sharded_bucketed,Sharded-Bucketed-10,100,mixed,1,10,22,278200.48108405503,334.0,854.0,352.41464444444443,156.7488637033028,0.4447853293679261,0,100,900,1790701044.318523,2859.13725,3097.219,performance,,32861572.0,31983452.0,30134492.0,0.0,0.0,17.88,16.97,16.53,,,
13,25,disabled,Disabled,100,mixed,1,,,298302.69742534275,314.0,730.0,327.91117777777777,132.97069364506743,0.40550826765405473,0,100,900,1790701046.997404,2412.28525,3198.282,performance,,32861572.0,31984044.0,30135056.0,0.0,0.0,17.88,16.97,16.53,,,
13,26,thread_local,ThreadLocal,1000,mixed,1,,4,305732.41511462466,1899.0,13578.0,3161.1404677777778,3132.3474864622403,0.9908915843477913,0,100,900,1790701049.6534069,2412.28825,3198.306,performance,,32861572.0,31983568.0,30134552.0,0.0,0.0,16.45,16.69,16.44,,,
13,27,thread_local_owned,ThreadLocal-Owned,3000,mixed,1,,4,242487.4343121557,2436.0,83879.0,11890.842145185185,20205.927943485727,1.6992848527273967,0,100,900,1790701055.3143966,2388.267125,3006.137,performance,,32861572.0,31971392.0,30122368.0,0.0,0.0,15.13,16.41,16.35,,,
13,28,global_mutex,GlobalMutex,1000,mixed,1,,4,277485.7646912237,2051.0,15316.0,3503.445421111111,3500.9169400174196,0.99927828728872,0,100,900,1790701070.1059892,2300.0,2300.0,performance,,32861572.0,31982492.0,30133052.0,0.0,0.0,14.01,16.13,16.26,,,
13,29,thread_local_owned,ThreadLocal-Owned,100,mixed,1,,4,282644.63309801253,330.0,860.0,347.3485111111111,152.11123928192828,0.43792109197574874,0,100,900,1790701076.0699964,2300.0,2300.0,performance,,32861572.0,31953648.0,30104120.0,0.0,0.0,13.69,16.02,16.22,,,
13,30,sharded_bucketed,Sharded-Bucketed-10000,3000,mixed,1,10000,13042,238626.43721044195,2486.0,81399.0,12113.27296074074,20320.167462486243,1.6775125540672735,0,100,900,1790701078.7428377,2476.310375,3018.819,performance,,32861572.0,31978416.0,30128872.0,0.0,0.0,12.59,15.76,16.14,,,
13,31,sharded_bucketed,Sharded-Bucketed-1000,100,mixed,1,1000,2002,277520.16283427714,337.0,834.0,353.7777888888889,157.75944391671877,0.445928062392482,0,100,900,1790701093.7323701,2387.687125,3001.497,performance,,32861572.0,31993652.0,30143592.0,0.0,0.0,17.45,16.75,16.46,,,
13,32,global_mutex,GlobalMutex,3000,mixed,1,,4,242018.26504747113,2424.0,86879.0,11915.841688518518,20249.734218370984,1.6993960433263031,0,100,900,1790701096.4145808,2671.120625,3099.035,performance,,32861572.0,31990592.0,30140488.0,0.0,0.0,17.45,16.75,16.46,,,
13,33,sharded_n,Sharded-N,3000,mixed,1,,10002,243039.37977521188,2416.0,83230.0,11870.734793333333,20048.84308626252,1.688930250343227,0,100,900,1790701111.2240841,2300.0,2300.0,performance,,32861572.0,31986116.0,30135756.0,0.0,0.0,19.02,17.11,16.58,,,
13,34,thread_local_owned,ThreadLocal-Owned,1000,mixed,1,,4,290066.3395029265,1969.0,14778.0,3350.2292188888887,3430.147035662589,1.0238544325036378,0,100,900,1790701125.9843626,2387.81675,3002.534,performance,,32861572.0,31971208.0,30120484.0,0.0,0.0,18.44,17.06,16.57,,,
13,35,sharded_bucketed,Sharded-Bucketed-1000,3000,mixed,1,1000,2002,241189.53107385745,2453.0,83676.0,11921.367537407408,20267.52900663659,1.7001010113177215,0,100,900,1790701131.8041434,2478.984625,3047.574,performance,,32861572.0,31957556.0,30106752.0,0.0,0.0,18.24,17.04,16.57,,,
13,36,sharded_2key,Sharded-2key,3000,mixed,1,,4,242978.219259911,2436.0,79209.0,11874.802366296297,20023.438029939287,1.686212318511581,0,100,900,1790701146.6563385,2565.841625,3026.739,performance,,32861572.0,31991628.0,30140360.0,0.0,0.0,20.34,17.58,16.75,,,
14,1,hdr_histogram,HdrHistogram,100,mixed,1,,4,288126.37176565424,326.0,737.0,340.60417777777775,139.03034563505136,0.4081874348756805,0,100,900,1790701161.417004,2300.0,2300.0,performance,,32861572.0,31989416.0,30137920.0,0.0,0.0,18.2,17.24,16.65,,,
14,2,thread_local,ThreadLocal,100,mixed,1,,4,285426.31231192965,330.0,763.0,344.29657777777777,140.35214895523262,0.40764898060015364,0,100,900,1790701164.0876093,2388.53925,3008.314,performance,,32861572.0,32010128.0,30158592.0,0.0,0.0,16.74,16.95,16.56,,,
14,3,hdr_histogram,HdrHistogram,3000,mixed,1,,4,239044.39828076868,2489.0,84893.0,12081.842148518519,20577.81698772893,1.7032019401322993,0,100,900,1790701166.7572327,2300.0,2300.0,performance,,32861572.0,31998324.0,30146756.0,0.0,0.0,16.74,16.95,16.56,,,
14,4,disabled,Disabled,100,mixed,1,,,290703.6622004323,324.0,724.0,337.8639777777778,140.00329471275876,0.4143776901982806,0,100,900,1790701181.7133012,2387.486875,2999.895,performance,,32861572.0,31974620.0,30122168.0,0.0,0.0,19.12,17.45,16.73,,,
14,5,sharded_bucketed,Sharded-Bucketed-100,1000,mixed,1,100,202,278633.1425684216,2030.0,14770.0,3489.6672566666666,3452.4731315274357,0.9893416413647533,0,100,900,1790701184.3757792,2388.844625,3010.757,performance,,32861572.0,31984204.0,30131720.0,0.0,0.0,17.59,17.16,16.64,,,
14,6,sharded_bucketed,Sharded-Bucketed-10000,1000,mixed,1,10000,13042,273188.7195187125,2114.0,15548.0,3559.5274611111113,3558.3990989050194,0.999683002247231,0,100,900,1790701190.3248544,2300.0,2300.0,performance,,32861572.0,31947832.0,30095288.0,0.0,0.0,16.18,16.87,16.55,,,
14,7,sharded_bucketed,Sharded-Bucketed-1000,100,mixed,1,1000,2002,288554.48815118003,328.0,690.0,340.1224555555556,134.39147056618125,0.395126720894292,0,100,900,1790701196.3424678,2387.096625,2996.773,performance,,32861572.0,31953772.0,30101112.0,0.0,0.0,16.08,16.84,16.54,,,
14,8,sharded_bucketed,Sharded-Bucketed-10000,3000,mixed,1,10000,13042,239265.31386264393,2480.0,86539.0,12066.595164074073,20284.547248720297,1.6810497885197615,0,100,900,1790701199.0134919,2475.39075,3003.056,performance,,32861572.0,31978268.0,30125576.0,0.0,0.0,14.79,16.56,16.45,,,
14,9,sharded_bucketed,Sharded-Bucketed-10000,100,mixed,1,10000,12991,281220.98326742026,336.0,786.0,349.3102,144.6611718883914,0.4141338325888892,0,100,900,1790701213.9559767,2389.608,3016.864,performance,,32861572.0,31987212.0,30133996.0,0.0,0.0,16.06,16.77,16.53,,,
14,10,disabled,Disabled,3000,mixed,1,,,245115.6338499632,2413.0,84947.0,11768.048767407407,19893.3516400454,1.690454554806205,0,100,900,1790701216.6367714,2386.522,2992.176,performance,,32861572.0,31995320.0,30142076.0,0.0,0.0,16.06,16.77,16.53,,,
14,11,sharded_bucketed,Sharded-Bucketed-1000,3000,mixed,1,1000,2002,240524.74430403716,2458.0,83761.0,11988.79987037037,20307.972982156647,1.6939120847572604,0,100,900,1790701231.284396,2388.8195,3010.556,performance,,32861572.0,31971720.0,30118168.0,0.0,0.0,15.73,16.67,16.5,,,
14,12,sharded_2key,Sharded-2key,3000,mixed,1,,4,242637.1112788248,2431.0,85018.0,11906.893984074075,20132.273375639023,1.6908081488393787,0,100,900,1790701246.1729603,2923.925875,3068.313,performance,,32861572.0,31986220.0,30132328.0,0.0,0.0,22.06,18.01,16.94,,,
14,13,disabled,Disabled,1000,mixed,1,,,282417.07319856476,1970.0,14597.0,3439.0329722222223,3396.9956887174753,0.9877764232433097,0,100,900,1790701260.9168842,2300.0,2300.0,performance,,32861572.0,31969236.0,30114944.0,0.0,0.0,22.79,18.36,17.07,,,
14,14,sharded_n,Sharded-N,1000,mixed,1,,10002,277675.2073843434,2046.0,15174.0,3492.7663544444445,3538.120651913966,1.012985207960392,0,100,900,1790701266.8244846,2570.543125,3061.463,performance,,32861572.0,31974892.0,30120568.0,0.0,0.0,25.29,18.95,17.27,,,
14,15,thread_local_owned,ThreadLocal-Owned,100,mixed,1,,4,292459.10478534485,322.0,685.0,335.3786777777778,140.6909446357345,0.41949877543782443,0,100,900,1790701272.8079944,2300.0,2300.0,performance,,32861572.0,31957180.0,30102756.0,0.0,0.0,25.1,19.02,17.3,,,
14,16,sharded_bucketed,Sharded-Bucketed-1,100,mixed,1,1,4,285194.7640674979,331.0,710.0,342.9204222222222,135.28858525657307,0.3945188926919675,0,100,900,1790701275.470297,2398.803,3090.424,performance,,32861572.0,31980108.0,30125656.0,0.0,0.0,24.29,18.95,17.29,,,
14,17,sharded_n,Sharded-N,100,mixed,1,,10001,293368.4061999553,324.0,653.0,333.9247888888889,132.45759417473334,0.39666894636806277,0,100,900,1790701278.1421263,2387.500125,3000.001,performance,,32861572.0,31993032.0,30138528.0,0.0,0.0,24.29,18.95,17.29,,,
14,18,global_mutex,GlobalMutex,1000,mixed,1,,4,282975.81778113043,1975.0,15083.0,3439.8165433333334,3483.021188558865,1.0125601597298164,0,100,900,1790701280.807822,2391.115125,3028.921,performance,,32861572.0,31996932.0,30142452.0,0.0,0.0,22.35,18.64,17.19,,,
14,19,sharded_n,Sharded-N,3000,mixed,1,,10002,239692.14409743427,2477.0,83121.0,12036.090442962963,20438.13504039496,1.6980709090919424,0,100,900,1790701286.7153132,2388.77525,3010.202,performance,,32861572.0,31947568.0,30092868.0,0.0,0.0,21.84,18.59,17.18,,,
14,20,thread_local,ThreadLocal,1000,mixed,1,,4,276428.61528002226,2079.0,15183.0,3515.9496588888887,3545.110099029424,1.0082937592882801,0,100,900,1790701301.6405904,2756.7765,3189.776,performance,,32861572.0,31981944.0,30126840.0,0.0,0.0,20.04,18.36,17.13,,,
14,21,sharded_bucketed,Sharded-Bucketed-1000,1000,mixed,1,1000,2002,287209.9528795022,1952.0,14493.0,3390.2159055555558,3313.994546144704,0.9775172550851562,0,100,900,1790701307.6264234,2409.272,3174.176,performance,,32861572.0,31973248.0,30118080.0,0.0,0.0,20.04,18.39,17.15,,,
14,22,sharded_bucketed,Sharded-Bucketed-100,3000,mixed,1,100,202,240439.04134754286,2457.0,84238.0,11986.765117407407,20350.768145283626,1.6977698274682846,0,100,900,1790701313.4863365,2498.721,3190.455,performance,,32861572.0,31956844.0,30101568.0,0.0,0.0,17.91,18.0,17.03,,,
14,23,thread_local_owned,ThreadLocal-Owned,1000,mixed,1,,4,279647.56570375094,1969.0,14367.0,3471.7406822222224,3391.7506468739725,0.9769596745062626,0,100,900,1790701328.376471,2644.143125,3020.484,performance,,32861572.0,31963744.0,30108008.0,0.0,0.0,18.6,18.15,17.09,,,
14,24,hdr_histogram,HdrHistogram,1000,mixed,1,,4,273220.336246937,2093.0,15106.0,3554.31181,3540.281538417428,0.9960526053051681,0,100,900,1790701334.3272917,2658.296125,3050.734,performance,,32861572.0,31951096.0,30095300.0,0.0,0.0,15.82,17.56,16.91,,,
14,25,global_mutex,GlobalMutex,100,mixed,1,,4,285697.2889930294,328.0,764.0,343.6449,141.39605397618206,0.4114597771600337,0,100,900,1790701340.322781,2577.677625,3101.935,performance,,32861572.0,31920132.0,30064256.0,0.0,0.0,14.55,17.27,16.82,,,
14,26,thread_local,ThreadLocal,3000,mixed,1,,4,243922.11269790216,2412.0,82111.0,11818.529377777777,20085.723494484835,1.699511238026937,0,100,900,1790701342.9955015,2474.1935,2997.833,performance,,32861572.0,31938796.0,30082896.0,0.0,0.0,14.55,17.27,16.82,,,
14,27,thread_local_owned,ThreadLocal-Owned,3000,mixed,1,,4,239734.54398517997,2464.0,84600.0,12035.734608888888,20459.657722214917,1.6999093438887074,0,100,900,1790701357.7029939,2476.346875,3012.356,performance,,32861572.0,31994868.0,30138460.0,0.0,0.0,20.52,18.53,17.25,,,
14,28,sharded_2key,Sharded-2key,1000,mixed,1,,4,278916.5740054673,2049.0,15288.0,3484.373452222222,3591.231871068045,1.03066790064586,0,100,900,1790701372.6297746,2387.2105,2997.684,performance,,32861572.0,31973216.0,30116452.0,0.0,0.0,22.01,18.95,17.4,,,
14,29,sharded_bucketed,Sharded-Bucketed-10,1000,mixed,1,10,22,277018.4892506373,2043.0,14992.0,3497.1066166666665,3499.4545521414007,1.0006713937354796,0,100,900,1790701378.5842562,2821.72825,3062.042,performance,,32861572.0,31972436.0,30115676.0,0.0,0.0,19.73,18.57,17.3,,,
14,30,sharded_bucketed,Sharded-Bucketed-100,100,mixed,1,100,202,281848.7692138694,331.0,741.0,346.791,150.47828386787597,0.43391634692906095,0,100,900,1790701384.5624087,2569.312125,3043.177,performance,,32861572.0,31964600.0,30107692.0,0.0,0.0,18.15,18.26,17.2,,,
14,31,global_mutex,GlobalMutex,3000,mixed,1,,4,242873.95429284297,2404.0,82955.0,11891.726022962963,20216.79666853238,1.700072523491853,0,100,900,1790701387.2405176,2500.6325,3199.584,performance,,32861572.0,31968656.0,30111716.0,0.0,0.0,18.15,18.26,17.2,,,
14,32,sharded_bucketed,Sharded-Bucketed-10,3000,mixed,1,10,22,241732.41296179785,2443.0,83447.0,11922.369504814815,20243.198730699056,1.6979174083242343,0,100,900,1790701402.0399764,2300.0,2300.0,performance,,32861572.0,31977504.0,30120056.0,0.0,0.0,20.25,18.69,17.36,,,
14,33,sharded_2key,Sharded-2key,100,mixed,1,,4,283115.4788559373,333.0,745.0,346.3293111111111,140.6469342967788,0.4061075103506204,0,100,900,1790701416.8636217,2939.24325,3292.378,performance,,32861572.0,31987116.0,30129324.0,0.0,0.0,20.75,18.9,17.45,,,
14,34,sharded_bucketed,Sharded-Bucketed-10,100,mixed,1,10,22,277614.65774546826,337.0,780.0,352.7031333333333,155.73320737538754,0.44154188794293164,0,100,900,1790701419.5351255,2570.67725,3045.179,performance,,32861572.0,31998852.0,30141004.0,0.0,0.0,19.09,18.59,17.36,,,
14,35,sharded_bucketed,Sharded-Bucketed-1,3000,mixed,1,1,4,238238.58328857707,2491.0,86001.0,12089.89299,20534.94993233611,1.6985220588239556,0,100,900,1790701422.2153013,2387.337125,2998.697,performance,,32861572.0,32007968.0,30150068.0,0.0,0.0,19.09,18.59,17.36,,,
14,36,sharded_bucketed,Sharded-Bucketed-1,1000,mixed,1,1,4,277037.9124622475,2054.0,15188.0,3507.7773044444443,3510.1103573147375,1.0006651086051948,0,100,900,1790701437.228032,2300.0,2300.0,performance,,32861572.0,31997536.0,30139300.0,0.0,0.0,21.42,19.08,17.53,,,
15,1,thread_local,ThreadLocal,100,mixed,1,,4,283787.0052776216,328.0,866.0,346.3456111111111,152.23654455163106,0.4395509562348462,0,100,900,1790701443.2048647,2388.412125,3007.297,performance,,32861572.0,31966144.0,30107904.0,0.0,0.0,20.75,18.97,17.51,,,
15,2,disabled,Disabled,100,mixed,1,,,281477.9962973821,331.0,897.0,347.96667777777776,151.35581322201708,0.4349721478752559,0,100,900,1790701445.875192,2300.0,2300.0,performance,,32861572.0,31984116.0,30125864.0,0.0,0.0,19.17,18.68,17.42,,,
15,3,sharded_bucketed,Sharded-Bucketed-10000,100,mixed,1,10000,12995,281506.46646627405,330.0,809.0,348.01928888888887,151.52536012346874,0.4353935685784526,0,100,900,1790701448.5733957,2387.831875,3002.655,performance,,32861572.0,32001996.0,30143700.0,0.0,0.0,17.63,18.37,17.33,,,
15,4,sharded_bucketed,Sharded-Bucketed-100,3000,mixed,1,100,202,239385.55532781084,2480.0,86296.0,12051.641155555555,20352.973117868907,1.6888134035161353,0,100,900,1790701451.2552922,2360.971625,2787.773,performance,,32861572.0,32006196.0,30147860.0,0.0,0.0,17.63,18.37,17.33,,,
15,5,sharded_bucketed,Sharded-Bucketed-1000,3000,mixed,1,1000,2002,241165.7310689321,2431.0,83165.0,11976.652533703704,20138.44785065961,1.681475503609014,0,100,900,1790701466.2030573,2300.0,2300.0,performance,,32861572.0,31988584.0,30129816.0,0.0,0.0,20.36,18.88,17.51,,,
15,6,sharded_bucketed,Sharded-Bucketed-1000,1000,mixed,1,1000,2002,279964.5678833746,2018.0,15154.0,3477.1959177777776,3485.302656128907,1.002331401089505,0,100,900,1790701481.0681233,2580.934125,3063.962,performance,,32861572.0,31998036.0,30138904.0,0.0,0.0,18.65,18.58,17.43,,,
15,7,sharded_bucketed,Sharded-Bucketed-1,3000,mixed,1,1,4,240038.36760465745,2461.0,84652.0,12026.637487407408,20328.718835135292,1.6903077735917997,0,100,900,1790701487.01599,2387.500125,3000.001,performance,,32861572.0,31973604.0,30114464.0,0.0,0.0,17.95,18.43,17.39,,,
15,8,thread_local_owned,ThreadLocal-Owned,1000,mixed,1,,4,281884.9532566907,2026.0,14574.0,3449.8359655555555,3357.9162964427505,0.9733553507962219,0,100,900,1790701501.9101808,2300.0,2300.0,performance,,32861572.0,31975796.0,30116260.0,0.0,0.0,21.22,19.13,17.64,,,
15,9,sharded_bucketed,Sharded-Bucketed-10000,3000,mixed,1,10000,13042,239755.04214557054,2465.0,85488.0,12055.28803037037,20392.668342325902,1.691595280921661,0,100,900,1790701507.8318734,2300.0,2300.0,performance,,32861572.0,31958272.0,30098712.0,0.0,0.0,20.56,19.03,17.61,,,
15,10,sharded_n,Sharded-N,1000,mixed,1,,10002,276869.0963091077,2065.0,14837.0,3505.12488,3508.1876909362245,1.0008738093623142,0,100,900,1790701522.748858,2300.0,2300.0,performance,,32861572.0,31963916.0,30103908.0,0.0,0.0,20.66,19.13,17.67,,,
15,11,sharded_bucketed,Sharded-Bucketed-10,1000,mixed,1,10,22,276698.659496205,2039.0,15365.0,3515.839752222222,3484.3910743885012,0.9910551447022454,0,100,900,1790701528.7276597,2477.490875,3017.313,performance,,32861572.0,31965364.0,30105232.0,0.0,0.0,17.78,18.56,17.5,,,
15,12,sharded_bucketed,Sharded-Bucketed-10000,1000,mixed,1,10000,13042,279563.4475369731,2034.0,15627.0,3470.8071133333333,3551.6140066074536,1.0232818738222862,0,100,900,1790701534.7096443,2409.849375,3178.795,performance,,32861572.0,31971704.0,30111428.0,0.0,0.0,16.35,18.25,17.4,,,
15,13,sharded_bucketed,Sharded-Bucketed-1,1000,mixed,1,1,4,281601.87861944886,2035.0,15402.0,3442.157328888889,3522.5786458596185,1.0233636377674489,0,100,900,1790701540.6692436,2486.205,3052.816,performance,,32861572.0,31945332.0,30084932.0,0.0,0.0,16.4,18.23,17.4,,,
15,14,sharded_bucketed,Sharded-Bucketed-10,3000,mixed,1,10,22,241439.3987062301,2431.0,79712.0,11943.021142962963,20084.297521200013,1.6816764603179182,0,100,900,1790701546.5953562,2387.223375,2997.787,performance,,32861572.0,31955064.0,30094660.0,0.0,0.0,16.13,18.15,17.38,,,
15,15,sharded_n,Sharded-N,100,mixed,1,,10000,290043.11661731685,326.0,703.0,338.8210888888889,134.906226973625,0.39816360727730676,0,100,900,1790701561.4549747,2482.683,3085.73,performance,,32861572.0,31992508.0,30131668.0,0.0,0.0,17.38,18.31,17.44,,,
15,16,thread_local_owned,ThreadLocal-Owned,3000,mixed,1,,4,240040.8756965752,2475.0,84894.0,11984.07214074074,20346.245891497772,1.6977739830461471,0,100,900,1790701564.125774,2820.983875,3013.166,performance,,32861572.0,31993356.0,30132484.0,0.0,0.0,15.99,18.0,17.35,,,
15,17,hdr_histogram,HdrHistogram,1000,mixed,1,,4,279180.55780068855,2026.0,14966.0,3485.01586,3444.3087973745364,0.9883194039107003,0,100,900,1790701579.0321488,2553.4135,3093.955,performance,,32861572.0,31986536.0,30125320.0,0.0,0.0,15.22,17.75,17.28,,,
15,18,sharded_bucketed,Sharded-Bucketed-1,100,mixed,1,1,4,282159.2732477523,336.0,748.0,349.0327,140.54198221380284,0.4026613615681363,0,100,900,1790701584.9833663,2477.02525,3011.74,performance,,32861572.0,31963072.0,30101732.0,0.0,0.0,14.0,17.46,17.18,,,
15,19,thread_local,ThreadLocal,1000,mixed,1,,4,280341.8903543189,2008.0,15049.0,3459.4657644444446,3464.80775545061,1.0015441664609226,0,100,900,1790701587.6593559,2411.96025,3195.682,performance,,32861572.0,31967676.0,30106312.0,0.0,0.0,14.0,17.46,17.18,,,
15,20,hdr_histogram,HdrHistogram,3000,mixed,1,,4,242329.7377864619,2410.0,80074.0,11894.556625185185,20077.04285020884,1.6879185566024628,0,100,900,1790701593.595968,2300.0,2300.0,performance,,32861572.0,31977116.0,30115672.0,0.0,0.0,13.47,17.24,17.12,,,
15,21,sharded_bucketed,Sharded-Bucketed-10,100,mixed,1,10,22,280465.242475384,332.0,897.0,349.3874777777778,152.64623703776758,0.43689670279155146,0,100,900,1790701608.4119303,2300.0,2300.0,performance,,32861572.0,31990828.0,30128896.0,0.0,0.0,13.7,17.17,17.09,,,
15,22,disabled,Disabled,3000,mixed,1,,,242960.06512300865,2432.0,83928.0,11873.97417962963,20118.722886694894,1.6943546096983708,0,100,900,1790701611.0898635,2474.1795,2999.045,performance,,32861572.0,31991344.0,30129368.0,0.0,0.0,12.6,16.88,17.0,,,
15,23,global_mutex,GlobalMutex,100,mixed,1,,4,284459.90153192944,332.0,742.0,345.44384444444444,142.6797957243151,0.4130332556765573,0,100,900,1790701625.8677723,2375.032,2900.256,performance,,32861572.0,31991808.0,30129552.0,0.0,0.0,20.22,18.36,17.48,,,
15,24,sharded_2key,Sharded-2key,1000,mixed,1,,4,278595.7003595024,2044.0,15226.0,3484.495482222222,3551.8633009329433,1.019333593357899,0,100,900,1790701628.5363936,2387.42975,2999.438,performance,,32861572.0,31994412.0,30132124.0,0.0,0.0,18.6,18.05,17.39,,,
15,25,thread_local_owned,ThreadLocal-Owned,100,mixed,1,,4,284395.5040369799,331.0,731.0,345.1371111111111,140.7180568694569,0.4077163896297291,0,100,900,1790701634.489013,2300.0,2300.0,performance,,32861572.0,31961220.0,30098876.0,0.0,0.0,17.11,17.75,17.29,,,
15,26,sharded_bucketed,Sharded-Bucketed-100,100,mixed,1,100,202,282536.26932216104,332.0,739.0,346.4055222222222,141.1685081817377,0.4075238387544436,0,100,900,1790701637.1631768,2300.0,2300.0,performance,,32861572.0,31962120.0,30099784.0,0.0,0.0,17.11,17.75,17.29,,,
15,27,sharded_bucketed,Sharded-Bucketed-1000,100,mixed,1,1000,2002,288803.5892869477,326.0,734.0,339.4783,138.6746688509828,0.4084934702777256,0,100,900,1790701639.8376935,2825.23275,3054.155,performance,,32861572.0,31965532.0,30103172.0,0.0,0.0,15.74,17.46,17.2,,,
15,28,disabled,Disabled,1000,mixed,1,,,279186.460889804,2042.0,14722.0,3477.0634755555557,3388.634757681193,0.9745679886214232,0,100,900,1790701642.507573,2388.012125,3004.097,performance,,32861572.0,31981728.0,30119336.0,0.0,0.0,15.74,17.46,17.2,,,
15,29,hdr_histogram,HdrHistogram,100,mixed,1,,4,276826.9855916137,338.0,826.0,354.6842,152.96360076086174,0.4312670278542482,0,100,900,1790701648.4558601,2300.0,2300.0,performance,,32861572.0,31952936.0,30090380.0,0.0,0.0,16.08,17.5,17.22,,,
15,30,global_mutex,GlobalMutex,3000,mixed,1,,4,238196.225417956,2493.0,84411.0,12111.53578037037,20557.171350016426,1.6973216050217366,0,100,900,1790701651.1388285,2404.7085,3137.668,performance,,32861572.0,31983528.0,30120944.0,0.0,0.0,14.79,17.21,17.12,,,
15,31,sharded_bucketed,Sharded-Bucketed-100,1000,mixed,1,100,202,273414.5372848329,2079.0,15097.0,3552.720927777778,3500.467337611585,0.985291951935308,0,100,900,1790701666.1249843,2389.034375,3012.275,performance,,32861572.0,32001348.0,30138268.0,0.0,0.0,18.37,17.87,17.34,,,
15,32,sharded_2key,Sharded-2key,3000,mixed,1,,4,243529.91795262304,2427.0,84496.0,11886.654302962963,20050.13359545564,1.6867768746717724,0,100,900,1790701672.1415987,2672.891625,3092.106,performance,,32861572.0,31964160.0,30101068.0,0.0,0.0,18.34,17.87,17.34,,,
15,33,global_mutex,GlobalMutex,1000,mixed,1,,4,278097.34725026187,2009.0,15225.0,3493.8777044444446,3494.4966336226516,1.0001771467780396,0,100,900,1790701686.8781345,2809.743125,3028.997,performance,,32861572.0,31982036.0,30118556.0,0.0,0.0,17.65,17.75,17.31,,,
15,34,thread_local,ThreadLocal,3000,mixed,1,,4,245046.71169497346,2411.0,83657.0,11780.24674037037,20104.294374018136,1.706610635337682,0,100,900,1790701692.8398237,2389.209,3013.672,performance,,32861572.0,31963548.0,30099996.0,0.0,0.0,16.88,17.59,17.26,,,
15,35,sharded_2key,Sharded-2key,100,mixed,1,,4,293868.9561330936,321.0,695.0,333.3554,132.7547344204975,0.39823783991649003,0,100,900,1790701707.512333,2398.412375,3087.299,performance,,32861572.0,31975980.0,30111912.0,0.0,0.0,17.04,17.58,17.26,,,
15,36,sharded_n,Sharded-N,3000,mixed,1,,10002,242437.780411113,2420.0,77435.0,11938.179165925925,19953.535205254462,1.6714052392684848,0,100,900,1790701710.1689837,2300.0,2300.0,performance,,32861572.0,31993116.0,30129020.0,0.0,0.0,15.67,17.29,17.17,,,
