{
  "timestamp": "1776687927",
  "runs_per_config": 1,
  "results": [
    {
      "name": "Mixed (50% GET / 50% SET)",
      "concurrency": 1000,
      "target": "RustRedis",
      "runs": 1,
      "ops_per_sec_mean": 49859.052958450964,
      "ops_per_sec_stddev": 0.0,
      "p50_us_mean": 5932.0,
      "p50_us_stddev": 0.0,
      "p99_us_mean": 170991.0,
      "p99_us_stddev": 0.0,
      "max_us_mean": 442144.0,
      "max_us_stddev": 0.0,
      "total_errors": 0,
      "per_run": [
        {
          "name": "Mixed (50% GET / 50% SET)",
          "concurrency": 1000,
          "warmup_ops_per_client": 100,
          "measured_ops_per_client": 900,
          "total_ops": 900000,
          "duration_secs": 18.050884375,
          "ops_per_sec": 49859.052958450964,
          "p50_us": 5932.0,
          "p95_us": 85759.0,
          "p99_us": 170991.0,
          "max_us": 442144.0,
          "avg_us": 19432.311063333334,
          "latency_stddev_us": 34000.36990964621,
          "latency_cv": 1.7496822585246292,
          "errors": 0,
          "target": "RustRedis"
        }
      ]
    }
  ],
  "memory_samples": [
    {
      "elapsed_secs": 0.001813792,
      "rss_bytes": 0,
      "vsize_bytes": 0,
      "label": "idle"
    },
    {
      "elapsed_secs": 20.037271959,
      "rss_bytes": 0,
      "vsize_bytes": 0,
      "label": "mixed_c1000"
    }
  ]
}