{
  "timestamp": "1776683106",
  "runs_per_config": 1,
  "results": [
    {
      "name": "Mixed (50% GET / 50% SET)",
      "concurrency": 1000,
      "target": "RustRedis",
      "runs": 1,
      "ops_per_sec_mean": 70114.91949280568,
      "ops_per_sec_stddev": 0.0,
      "p50_us_mean": 5002.0,
      "p50_us_stddev": 0.0,
      "p99_us_mean": 132177.0,
      "p99_us_stddev": 0.0,
      "max_us_mean": 359820.0,
      "max_us_stddev": 0.0,
      "total_errors": 0,
      "per_run": [
        {
          "name": "Mixed (50% GET / 50% SET)",
          "concurrency": 1000,
          "warmup_ops_per_client": 100,
          "measured_ops_per_client": 900,
          "total_ops": 900000,
          "duration_secs": 12.836069791,
          "ops_per_sec": 70114.91949280568,
          "p50_us": 5002.0,
          "p95_us": 58606.0,
          "p99_us": 132177.0,
          "max_us": 359820.0,
          "avg_us": 13815.774467777777,
          "latency_stddev_us": 24926.902128693153,
          "latency_cv": 1.8042348756365132,
          "errors": 0,
          "target": "RustRedis"
        }
      ]
    }
  ],
  "memory_samples": [
    {
      "elapsed_secs": 0.001974,
      "rss_bytes": 0,
      "vsize_bytes": 0,
      "label": "idle"
    },
    {
      "elapsed_secs": 14.381668125000001,
      "rss_bytes": 0,
      "vsize_bytes": 0,
      "label": "mixed_c1000"
    }
  ]
}