{
  "timestamp": "1771273135",
  "runs_per_config": 3,
  "results": [
    {
      "name": "Mixed (50% GET / 50% SET)",
      "concurrency": 100,
      "target": "RustRedis",
      "runs": 3,
      "ops_per_sec_mean": 65749.56992115155,
      "ops_per_sec_stddev": 5235.015971140206,
      "p50_us_mean": 1069.6666666666667,
      "p50_us_stddev": 93.07165698177577,
      "p99_us_mean": 4910.0,
      "p99_us_stddev": 1266.84687314608,
      "max_us_mean": 14923.666666666666,
      "max_us_stddev": 4635.265939871556,
      "total_errors": 0,
      "per_run": [
        {
          "name": "Mixed (50% GET / 50% SET)",
          "concurrency": 100,
          "total_ops": 10000,
          "duration_secs": 0.15059704,
          "ops_per_sec": 66402.3675365731,
          "p50_us": 1003.0,
          "p95_us": 2417.0,
          "p99_us": 4999.0,
          "max_us": 15744.0,
          "avg_us": 1150.7086,
          "errors": 0,
          "target": "RustRedis"
        },
        {
          "name": "Mixed (50% GET / 50% SET)",
          "concurrency": 100,
          "total_ops": 10000,
          "duration_secs": 0.166061178,
          "ops_per_sec": 60218.77069907333,
          "p50_us": 1176.0,
          "p95_us": 3575.0,
          "p99_us": 6130.0,
          "max_us": 19094.0,
          "avg_us": 1396.5403,
          "errors": 0,
          "target": "RustRedis"
        },
        {
          "name": "Mixed (50% GET / 50% SET)",
          "concurrency": 100,
          "total_ops": 10000,
          "duration_secs": 0.141587765,
          "ops_per_sec": 70627.5715278082,
          "p50_us": 1030.0,
          "p95_us": 2382.0,
          "p99_us": 3601.0,
          "max_us": 9933.0,
          "avg_us": 1124.9283,
          "errors": 0,
          "target": "RustRedis"
        }
      ]
    }
  ],
  "memory_samples": [
    {
      "elapsed_secs": 0.000294952,
      "rss_bytes": 3756032,
      "vsize_bytes": 282427392,
      "label": "idle"
    },
    {
      "elapsed_secs": 0.461637136,
      "rss_bytes": 8450048,
      "vsize_bytes": 2134634496,
      "label": "mixed_c100"
    }
  ]
}