block_id,order_in_block,strategy,strategy_label,concurrency,workload,run_id,throughput,p50,p99,avg_latency,latency_stddev,latency_cv,errors,warmup_ops_per_client,measured_ops_per_client,unix_time,cpu_freq_mean_mhz,cpu_freq_max_mhz,cpu_governor,temp_max_celsius,mem_total_kb,mem_available_kb,mem_free_kb,swap_total_kb,swap_free_kb,load_1m,load_5m,load_15m,ac_online,battery_status,battery_capacity_pct
1,1,thread_local,ThreadLocal,2000,read-heavy,1,270293.87865484547,2122.0,39988.0,7136.6004977777775,10941.334131988031,1.5331296932475045,0,100,900,1790618192.0153744,2412.428,3199.424,performance,,32861568.0,31923880.0,29784040.0,0.0,0.0,9.91,13.27,14.02,,,
1,2,global_mutex,GlobalMutex,1500,mixed,1,268535.19897654926,2143.0,27594.0,5416.42117925926,7128.5950341455555,1.316107960998788,0,100,900,1790618201.9732184,2300.0,2300.0,performance,,32861568.0,31969848.0,29829584.0,0.0,0.0,9.42,13.05,13.94,,,
1,3,sharded_2key,Sharded-2key,500,mixed,1,301089.9895204759,1540.0,3961.0,1626.2703044444445,772.3554155278814,0.4749243796785235,0,100,900,1790618209.948404,2373.434,2887.472,performance,,32861568.0,31950716.0,29810420.0,0.0,0.0,9.81,13.0,13.91,,,
1,4,disabled,Disabled,750,write-heavy,1,279857.25028110354,1966.0,9087.0,2615.974699259259,1942.6301551849022,0.7426028071811928,0,100,900,1790618213.94991,2300.0,2300.0,performance,,32861568.0,31954352.0,29814032.0,0.0,0.0,9.03,12.79,13.84,,,
1,5,disabled,Disabled,1500,write-heavy,1,268033.04225336073,2160.0,29568.0,5406.627545185185,7278.443417867902,1.3462076603278585,0,100,900,1790618218.9867098,2300.0,2300.0,performance,,32861568.0,31920332.0,29779864.0,0.0,0.0,8.3,12.57,13.77,,,
1,6,sharded_2key,Sharded-2key,100,write-heavy,1,281005.6875082809,334.0,765.0,348.2894444444444,146.43905597625002,0.4204521793930177,0,100,900,1790618226.979024,2932.645875,3200.45,performance,,32861568.0,31952880.0,29812160.0,0.0,0.0,9.32,12.71,13.8,,,
1,7,hdr_histogram,HdrHistogram,1500,read-heavy,1,271551.7791661824,2127.0,27272.0,5322.266739259259,7088.29638428271,1.3318190785133859,0,100,900,1790618229.6535301,2411.493875,3191.951,performance,,32861568.0,31969348.0,29828596.0,0.0,0.0,8.65,12.52,13.74,,,
1,8,disabled,Disabled,2000,read-heavy,1,264439.05331501755,2182.0,42570.0,7278.8649233333335,11237.01336368069,1.5437864944655044,0,100,900,1790618237.7267816,2300.0,2300.0,performance,,32861568.0,31913992.0,29773060.0,0.0,0.0,8.36,12.34,13.66,,,
1,9,thread_local,ThreadLocal,100,write-heavy,1,288713.88457567274,324.0,779.0,339.4333222222222,144.77703954924223,0.42652571232961844,0,100,900,1790618247.8489554,2986.197125,3262.168,performance,,32861568.0,31969216.0,29828068.0,0.0,0.0,8.1,12.16,13.59,,,
1,10,thread_local,ThreadLocal,1000,read-heavy,1,293905.3884912077,1918.0,13962.0,3301.39284,3256.337174401967,0.986352528226228,0,100,900,1790618250.5167027,2300.0,2300.0,performance,,32861568.0,31990124.0,29848948.0,0.0,0.0,8.1,12.16,13.59,,,
1,11,sharded_2key,Sharded-2key,100,read-heavy,1,299890.54594853974,315.0,690.0,327.3575666666667,134.90028861821068,0.41208850002105957,0,100,900,1790618256.4480894,2300.0,2300.0,performance,,32861568.0,31949088.0,29807776.0,0.0,0.0,8.81,12.24,13.61,,,
1,12,global_mutex,GlobalMutex,100,read-heavy,1,299221.2239023779,315.0,701.0,327.2638333333333,132.93978658961632,0.40621594276264256,0,100,900,1790618259.2682676,2300.0,2300.0,performance,,32861568.0,31963316.0,29821972.0,0.0,0.0,10.19,12.47,13.68,,,
1,13,sharded_n,Sharded-N,1000,write-heavy,1,280022.24160660635,2025.0,14644.0,3482.4332588888888,3459.748600611145,0.9934859747218869,0,100,900,1790618262.0897405,2639.911625,3377.664,performance,,32861568.0,31978392.0,29837020.0,0.0,0.0,10.19,12.47,13.68,,,
1,14,sharded_2key,Sharded-2key,2000,read-heavy,1,266820.04174421786,2160.0,39765.0,7217.344630555555,10994.21733314489,1.5233050236508674,0,100,900,1790618268.0412202,2610.803,3150.806,performance,,32861568.0,31955328.0,29813824.0,0.0,0.0,8.62,12.06,13.53,,,
1,15,global_mutex,GlobalMutex,750,read-heavy,1,291119.0966425896,1893.0,8625.0,2513.9839511111113,1825.2987566381319,0.7260582374964647,0,100,900,1790618278.095255,2300.0,2300.0,performance,,32861568.0,31976536.0,29834804.0,0.0,0.0,9.07,12.05,13.51,,,
1,16,sharded_n,Sharded-N,3000,mixed,1,239962.37643764325,2471.0,83306.0,12051.49845,20087.477557315528,1.6668033141816925,0,100,900,1790618283.1941345,2300.0,2300.0,performance,,32861568.0,31974304.0,29832476.0,0.0,0.0,8.34,11.85,13.44,,,
1,17,sharded_n,Sharded-N,750,mixed,1,285275.7171358288,1924.0,8763.0,2560.051059259259,1908.63575302619,0.7455459710942041,0,100,900,1790618298.1047387,2543.563375,3365.637,performance,,32861568.0,31970060.0,29827804.0,0.0,0.0,9.03,11.84,13.41,,,
1,18,thread_local,ThreadLocal,2000,mixed,1,262858.7595086095,2191.0,40888.0,7338.830553888889,11087.91981857683,1.5108564964347455,0,100,900,1790618303.0892777,2300.0,2300.0,performance,,32861568.0,31955032.0,29812756.0,0.0,0.0,8.31,11.64,13.34,,,
1,19,hdr_histogram,HdrHistogram,3000,read-heavy,1,247148.08728021887,2342.0,77569.0,11659.399142222223,19834.009726172382,1.7011176548838967,0,100,900,1790618313.0947025,2395.6745,3065.396,performance,,32861568.0,31977404.0,29834792.0,0.0,0.0,12.92,12.57,13.62,,,
1,20,disabled,Disabled,250,read-heavy,1,311110.6175744455,763.0,1656.0,786.3748711111111,340.1803719454087,0.43259313648304865,0,100,900,1790618327.8315616,2521.662625,3202.187,performance,,32861568.0,31975732.0,29832836.0,0.0,0.0,12.34,12.47,13.58,,,
1,21,hdr_histogram,HdrHistogram,1000,mixed,1,277808.38797496614,2052.0,14786.0,3490.763661111111,3487.439407810156,0.999047700267426,0,100,900,1790618331.1292481,2412.599625,3200.797,performance,,32861568.0,31982860.0,29840004.0,0.0,0.0,12.34,12.47,13.58,,,
1,22,sharded_n,Sharded-N,1500,write-heavy,1,260770.09671896635,2222.0,28459.0,5563.192946666667,7368.050628246809,1.3244283811262685,0,100,900,1790618337.0905874,2402.5565,3120.452,performance,,32861568.0,31918692.0,29775584.0,0.0,0.0,12.63,12.53,13.59,,,
1,23,sharded_n,Sharded-N,500,read-heavy,1,296737.14854241937,1554.0,4075.0,1652.5652311111112,814.4978776508577,0.49286882134342475,0,100,900,1790618345.2206938,2630.76125,3193.486,performance,,32861568.0,31989108.0,29845848.0,0.0,0.0,11.17,12.22,13.47,,,
1,24,thread_local,ThreadLocal,750,mixed,1,284163.9788202828,1920.0,8807.0,2582.4500044444444,1920.3710527282662,0.7436237098194629,0,100,900,1790618349.4243395,2409.396875,3175.175,performance,,32861568.0,31967824.0,29824508.0,0.0,0.0,11.4,12.25,13.48,,,
1,25,disabled,Disabled,3000,write-heavy,1,241167.8151862119,2450.0,83862.0,11995.02058074074,20142.26961929103,1.6792192630024787,0,100,900,1790618354.414682,2412.891875,3203.135,performance,,32861568.0,31970008.0,29826640.0,0.0,0.0,12.49,12.46,13.54,,,
1,26,disabled,Disabled,500,write-heavy,1,306901.12812558084,1505.0,3930.0,1598.262351111111,764.7822598466346,0.4785085873511057,0,100,900,1790618369.2663488,2507.9375,3197.033,performance,,32861568.0,31979596.0,29835736.0,0.0,0.0,14.51,12.92,13.68,,,
1,27,hdr_histogram,HdrHistogram,2000,mixed,1,262986.0455825981,2210.0,42057.0,7339.077558888889,11061.098595364561,1.5071510699553328,0,100,900,1790618373.2485518,2424.18525,3293.482,performance,,32861568.0,31972300.0,29828532.0,0.0,0.0,13.35,12.71,13.6,,,
1,28,hdr_histogram,HdrHistogram,500,write-heavy,1,296680.96555962134,1538.0,4169.0,1649.8560177777779,828.5089855668317,0.5021704782958977,0,100,900,1790618383.263746,2300.0,2300.0,performance,,32861568.0,31975444.0,29831280.0,0.0,0.0,11.89,12.42,13.5,,,
1,29,thread_local,ThreadLocal,3000,write-heavy,1,235921.9032822973,2518.0,79783.0,12246.230724814815,20606.830587424134,1.6827080144479105,0,100,900,1790618387.3012033,2412.816375,3202.531,performance,,32861568.0,31955148.0,29811008.0,0.0,0.0,10.93,12.21,13.43,,,
1,30,hdr_histogram,HdrHistogram,100,read-heavy,1,293501.7346278629,324.0,690.0,334.51143333333334,133.8114627934348,0.4000205955893131,0,100,900,1790618402.433758,2403.899,3131.192,performance,,32861568.0,31965992.0,29821336.0,0.0,0.0,11.53,12.3,13.43,,,
1,31,global_mutex,GlobalMutex,2000,mixed,1,258801.96038614464,2235.0,44379.0,7441.5657177777775,11281.619888324945,1.5160277173086494,0,100,900,1790618405.2622163,2412.3365,3198.692,performance,,32861568.0,31997512.0,29852816.0,0.0,0.0,11.53,12.3,13.43,,,
1,32,hdr_histogram,HdrHistogram,500,read-heavy,1,299503.50864100765,1518.0,4419.0,1637.1387977777779,852.1056018512231,0.5204846424798286,0,100,900,1790618415.373416,2402.492875,3119.943,performance,,32861568.0,31961928.0,29816972.0,0.0,0.0,13.22,12.62,13.53,,,
1,33,hdr_histogram,HdrHistogram,2000,write-heavy,1,255279.01313689968,2274.0,43305.0,7551.094101111111,11528.76502321414,1.5267674947287087,0,100,900,1790618419.556946,2300.0,2300.0,performance,,32861568.0,31974440.0,29829480.0,0.0,0.0,13.44,12.67,13.54,,,
1,34,disabled,Disabled,3000,mixed,1,244697.6379118416,2412.0,77406.0,11807.200844444444,19834.41390513544,1.679857416372144,0,100,900,1790618429.781698,2412.67625,3201.41,performance,,32861568.0,31962540.0,29817284.0,0.0,0.0,13.77,12.77,13.56,,,
1,35,thread_local,ThreadLocal,750,read-heavy,1,302649.76934892935,1799.0,8628.0,2418.5233925925927,1807.3047788650638,0.7472761207935562,0,100,900,1790618444.4502404,2300.0,2300.0,performance,,32861568.0,31965180.0,29819564.0,0.0,0.0,16.32,13.36,13.74,,,
1,36,thread_local,ThreadLocal,1500,write-heavy,1,269074.33316977264,2132.0,28968.0,5406.023262962963,7256.954781599054,1.3423831952993894,0,100,900,1790618449.4624052,2412.099875,3196.799,performance,,32861568.0,31961180.0,29815504.0,0.0,0.0,17.1,13.57,13.81,,,
1,37,global_mutex,GlobalMutex,100,mixed,1,283888.5730663561,330.0,806.0,344.7157222222222,148.4024186322411,0.430506672789856,0,100,900,1790618457.429327,2412.015625,3196.125,performance,,32861568.0,31959424.0,29813584.0,0.0,0.0,14.84,13.2,13.68,,,
1,38,disabled,Disabled,100,mixed,1,291800.0925291609,320.0,787.0,336.3976222222222,143.20505222225674,0.4257017373554928,0,100,900,1790618460.1036706,2406.560125,3152.481,performance,,32861568.0,31973228.0,29827356.0,0.0,0.0,14.84,13.2,13.68,,,
1,39,disabled,Disabled,750,mixed,1,294796.7047814756,1874.0,8538.0,2482.5533866666665,1828.864445837727,0.7366868546151791,0,100,900,1790618462.769621,2930.333375,3187.78,performance,,32861568.0,31989012.0,29843116.0,0.0,0.0,13.65,12.98,13.61,,,
1,40,thread_local,ThreadLocal,500,mixed,1,316942.6612164502,1446.0,3846.0,1544.98268,772.2219596517267,0.49982564183290823,0,100,900,1790618467.6700902,2300.0,2300.0,performance,,32861568.0,31938444.0,29792496.0,0.0,0.0,12.56,12.77,13.54,,,
1,41,thread_local,ThreadLocal,250,read-heavy,1,313238.929765208,766.0,1663.0,784.1833955555555,331.513461174928,0.4227499116326825,0,100,900,1790618471.606677,2617.76675,3209.014,performance,,32861568.0,31922024.0,29776036.0,0.0,0.0,12.56,12.77,13.54,,,
1,42,hdr_histogram,HdrHistogram,500,mixed,1,297597.4694406285,1519.0,4350.0,1640.6954711111111,852.0196003266406,0.5193039264926087,0,100,900,1790618474.9020724,2300.0,2300.0,performance,,32861568.0,31964028.0,29817996.0,0.0,0.0,12.27,12.7,13.51,,,
1,43,disabled,Disabled,100,read-heavy,1,297155.38694973575,320.0,717.0,331.32323333333335,135.3252583282481,0.4084387833801617,0,100,900,1790618478.9347277,2300.0,2300.0,performance,,32861568.0,31944552.0,29798456.0,0.0,0.0,11.29,12.49,13.44,,,
1,44,sharded_2key,Sharded-2key,1500,write-heavy,1,266285.2733049032,2176.0,28539.0,5471.19150962963,7220.2496149644185,1.319685045251357,0,100,900,1790618481.7552402,2300.0,2300.0,performance,,32861568.0,31972376.0,29826252.0,0.0,0.0,11.29,12.49,13.44,,,
1,45,sharded_n,Sharded-N,2000,read-heavy,1,264804.0892330288,2179.0,43065.0,7293.467878333333,11235.274835687665,1.5404571629175523,0,100,900,1790618489.7741208,2739.305375,3212.644,performance,,32861568.0,31948664.0,29802248.0,0.0,0.0,12.54,12.72,13.51,,,
1,46,sharded_2key,Sharded-2key,3000,write-heavy,1,243535.49540362632,2442.0,79238.0,11866.21221888889,19908.520147698193,1.6777485334374338,0,100,900,1790618499.9005778,2413.44175,3207.534,performance,,32861568.0,31948920.0,29802316.0,0.0,0.0,15.91,13.43,13.73,,,
1,47,sharded_n,Sharded-N,2000,write-heavy,1,258949.71562850024,2246.0,40950.0,7452.349819444445,11274.912445843049,1.5129338690495835,0,100,900,1790618514.6160223,2300.0,2300.0,performance,,32861568.0,31982032.0,29834928.0,0.0,0.0,19.55,14.37,14.03,,,
1,48,sharded_n,Sharded-N,100,write-heavy,1,285913.07245078555,329.0,754.0,343.3936,144.85599371531066,0.4218366146466057,0,100,900,1790618524.7259865,2932.263375,3196.652,performance,,32861568.0,31939996.0,29792720.0,0.0,0.0,20.52,14.76,14.16,,,
1,49,sharded_2key,Sharded-2key,1000,mixed,1,291824.44876944274,1954.0,14087.0,3329.2373533333334,3276.083717879485,0.9840342907961701,0,100,900,1790618527.3954227,2840.85525,3199.723,performance,,32861568.0,31967080.0,29819772.0,0.0,0.0,18.88,14.52,14.09,,,
1,50,sharded_n,Sharded-N,1500,mixed,1,267850.1512773112,2164.0,27192.0,5405.316492592593,7072.495534642914,1.3084331961569708,0,100,900,1790618533.195097,2300.0,2300.0,performance,,32861568.0,31966860.0,29819524.0,0.0,0.0,17.37,14.28,14.01,,,
1,51,hdr_histogram,HdrHistogram,750,mixed,1,294332.93435072387,1863.0,8791.0,2492.6439066666667,1889.0997957731408,0.7578699030056699,0,100,900,1790618541.1754174,2437.691,3401.528,performance,,32861568.0,31971252.0,29823752.0,0.0,0.0,16.78,14.21,13.99,,,
1,52,thread_local,ThreadLocal,500,read-heavy,1,300521.375134764,1515.0,4396.0,1628.7948177777778,840.1937541367594,0.5158376886801895,0,100,900,1790618546.0792692,2749.361,3207.539,performance,,32861568.0,31939680.0,29792064.0,0.0,0.0,16.47,14.19,13.98,,,
1,53,sharded_n,Sharded-N,1000,mixed,1,282876.7928773957,1994.0,14253.0,3447.9741455555554,3325.672248238168,0.9645293461741774,0,100,900,1790618550.2496934,2408.932,3171.456,performance,,32861568.0,31952416.0,29804732.0,0.0,0.0,18.36,14.61,14.12,,,
1,54,sharded_2key,Sharded-2key,250,mixed,1,307251.77818108903,783.0,1686.0,799.5828488888889,336.83421738893435,0.421262434351867,0,100,900,1790618556.157561,2373.39375,2887.15,performance,,32861568.0,31946636.0,29798736.0,0.0,0.0,17.69,14.54,14.1,,,
1,55,thread_local,ThreadLocal,3000,mixed,1,240691.05838861948,2455.0,83991.0,12016.311557777777,20288.329826187502,1.6883991172029416,0,100,900,1790618559.3113961,2410.177875,3181.423,performance,,32861568.0,31970040.0,29822176.0,0.0,0.0,18.11,14.68,14.15,,,
1,56,disabled,Disabled,1500,mixed,1,272905.0711529816,2059.0,27230.0,5314.442236296296,6948.192649842701,1.3074170987104354,0,100,900,1790618574.1584172,2379.52,2936.16,performance,,32861568.0,31987732.0,29839264.0,0.0,0.0,15.82,14.35,14.05,,,
1,57,disabled,Disabled,3000,read-heavy,1,250471.57921560915,2336.0,78217.0,11514.863675925926,19381.645819109475,1.6831850002384827,0,100,900,1790618582.039363,2411.5345,3192.276,performance,,32861568.0,31948448.0,29799972.0,0.0,0.0,15.92,14.39,14.07,,,
1,58,thread_local,ThreadLocal,250,write-heavy,1,302914.11129668663,784.0,1740.0,811.2532266666667,352.83510783222863,0.43492598393966564,0,100,900,1790618596.5707438,2300.0,2300.0,performance,,32861568.0,31976792.0,29827904.0,0.0,0.0,16.69,14.61,14.14,,,
1,59,global_mutex,GlobalMutex,250,mixed,1,309404.1497771364,784.0,1549.0,793.8072133333334,314.7871071157319,0.39655359869292006,0,100,900,1790618599.732261,2412.674625,3201.397,performance,,32861568.0,31968440.0,29819612.0,0.0,0.0,16.63,14.63,14.15,,,
1,60,sharded_n,Sharded-N,3000,read-heavy,1,245152.68719016615,2394.0,84057.0,11785.36618074074,19973.446172572963,1.6947667018792267,0,100,900,1790618602.8781111,2300.0,2300.0,performance,,32861568.0,31966816.0,29818020.0,0.0,0.0,15.3,14.39,14.08,,,
1,61,hdr_histogram,HdrHistogram,100,mixed,1,282754.27305561927,328.0,840.0,346.9289777777778,153.9569227904734,0.443770721536813,0,100,900,1790618617.6840003,2300.0,2300.0,performance,,32861568.0,31968208.0,29818924.0,0.0,0.0,16.99,14.86,14.24,,,
1,62,global_mutex,GlobalMutex,500,write-heavy,1,302021.3651699003,1506.0,4183.0,1621.9849533333334,830.4355946187277,0.5119872369420589,0,100,900,1790618620.3602207,2523.837125,3214.621,performance,,32861568.0,31969008.0,29819692.0,0.0,0.0,16.99,14.86,14.24,,,
1,63,disabled,Disabled,250,mixed,1,312606.15410313,761.0,1799.0,786.2890755555555,355.60143303252613,0.45225279618857045,0,100,900,1790618624.3681026,2724.146,3204.96,performance,,32861568.0,31955904.0,29806576.0,0.0,0.0,16.59,14.82,14.23,,,
1,64,sharded_n,Sharded-N,3000,write-heavy,1,238503.66891903174,2472.0,78575.0,12061.927046666666,20298.252385627515,1.6828366070442262,0,100,900,1790618627.500858,2514.59025,3195.19,performance,,32861568.0,31967832.0,29818448.0,0.0,0.0,15.26,14.57,14.15,,,
1,65,sharded_n,Sharded-N,500,write-heavy,1,298812.92164366675,1519.0,4251.0,1640.3795822222223,850.2754924444057,0.5183406948363363,0,100,900,1790618642.486274,2537.382125,3286.237,performance,,32861568.0,31985004.0,29835084.0,0.0,0.0,14.14,14.37,14.1,,,
1,66,sharded_2key,Sharded-2key,3000,read-heavy,1,252161.61371012227,2304.0,63466.0,11428.188072962963,19291.8088254433,1.688089896865125,0,100,900,1790618646.507767,2300.0,2300.0,performance,,32861568.0,31961524.0,29811640.0,0.0,0.0,14.14,14.37,14.1,,,
1,67,global_mutex,GlobalMutex,750,mixed,1,289917.72120898333,1876.0,9096.0,2517.8144888888887,1897.829727962355,0.7537607462096491,0,100,900,1790618660.9805567,2413.48825,3207.906,performance,,32861568.0,31977884.0,29827620.0,0.0,0.0,14.41,14.42,14.11,,,
1,68,sharded_2key,Sharded-2key,1000,read-heavy,1,291056.1959554182,1948.0,14109.0,3330.77415,3321.5487662537457,0.9972302583931563,0,100,900,1790618665.9184003,2380.493875,2943.951,performance,,32861568.0,31945204.0,29794892.0,0.0,0.0,14.61,14.46,14.13,,,
1,69,hdr_histogram,HdrHistogram,3000,write-heavy,1,246437.5320996694,2406.0,80594.0,11709.819630740742,19668.067556318838,1.6796217342823982,0,100,900,1790618671.89504,2300.0,2300.0,performance,,32861568.0,31961324.0,29810924.0,0.0,0.0,18.09,15.19,14.37,,,
1,70,disabled,Disabled,1000,write-heavy,1,284299.1873216755,1986.0,14059.0,3425.486536666667,3325.0247199876862,0.9706722488605255,0,100,900,1790618686.4874756,2495.564875,3207.998,performance,,32861568.0,31986648.0,29835748.0,0.0,0.0,17.59,15.23,14.39,,,
1,71,disabled,Disabled,250,write-heavy,1,307449.0023271676,775.0,1725.0,800.96168,353.3690746281992,0.44118099960562307,0,100,900,1790618692.3694415,2994.719875,3306.271,performance,,32861568.0,31973784.0,29822876.0,0.0,0.0,15.91,14.95,14.31,,,
1,72,sharded_2key,Sharded-2key,2000,write-heavy,1,259617.3512293018,2228.0,42851.0,7430.755858888889,11221.500221731452,1.510142498936762,0,100,900,1790618695.5166924,2395.676625,3065.413,performance,,32861568.0,31967916.0,29817008.0,0.0,0.0,15.91,14.95,14.31,,,
1,73,thread_local,ThreadLocal,500,write-heavy,1,297628.67114292557,1543.0,4285.0,1651.708931111111,827.8175526935672,0.5011885188128704,0,100,900,1790618705.6289558,2300.0,2300.0,performance,,32861568.0,31950612.0,29799284.0,0.0,0.0,15.55,14.9,14.3,,,
1,74,sharded_2key,Sharded-2key,750,write-heavy,1,290638.8576001806,1877.0,8810.0,2518.127979259259,1912.286865969386,0.7594081324380942,0,100,900,1790618709.6543176,2476.031375,3202.335,performance,,32861568.0,31978288.0,29827012.0,0.0,0.0,15.74,14.96,14.32,,,
1,75,thread_local,ThreadLocal,250,mixed,1,310927.7871665302,768.0,1629.0,788.8328755555556,336.86144248373546,0.4270377831888564,0,100,900,1790618714.583231,2412.28875,3198.31,performance,,32861568.0,31966068.0,29814720.0,0.0,0.0,15.76,14.97,14.33,,,
1,76,sharded_2key,Sharded-2key,1000,write-heavy,1,277337.977695095,2055.0,15277.0,3508.2426777777778,3506.65149619321,0.9995464448355734,0,100,900,1790618717.7222142,2567.090625,3524.938,performance,,32861568.0,31985268.0,29833880.0,0.0,0.0,14.5,14.72,14.25,,,
1,77,hdr_histogram,HdrHistogram,750,write-heavy,1,285068.7101238709,1951.0,8827.0,2575.833146666667,1884.2162583183044,0.7314977916006051,0,100,900,1790618723.6893458,2414.224125,3213.793,performance,,32861568.0,31956648.0,29805112.0,0.0,0.0,13.34,14.48,14.18,,,
1,78,global_mutex,GlobalMutex,1500,read-heavy,1,282000.80316836754,2017.0,26601.0,5127.674643703704,6843.694381718757,1.3346584674833382,0,100,900,1790618728.6746185,2816.1115,3496.201,performance,,32861568.0,31965132.0,29813484.0,0.0,0.0,12.27,14.24,14.1,,,
1,79,global_mutex,GlobalMutex,750,write-heavy,1,287014.2389881489,1886.0,8765.0,2560.511708148148,1929.6148163375183,0.7536051525158163,0,100,900,1790618736.563577,2375.744,2905.952,performance,,32861568.0,31943264.0,29791272.0,0.0,0.0,12.57,14.27,14.11,,,
1,80,sharded_n,Sharded-N,250,write-heavy,1,319080.5194230942,753.0,1534.0,771.6141822222222,311.24996050749854,0.4033751163192846,0,100,900,1790618741.521496,2445.111,3460.888,performance,,32861568.0,31963136.0,29811192.0,0.0,0.0,13.09,14.35,14.14,,,
1,81,hdr_histogram,HdrHistogram,2000,read-heavy,1,269333.74837943265,2120.0,41149.0,7181.5687894444445,10879.416854856427,1.5149081174084307,0,100,900,1790618744.649007,2300.0,2300.0,performance,,32861568.0,31979428.0,29827444.0,0.0,0.0,13.24,14.36,14.14,,,
1,82,disabled,Disabled,500,read-heavy,1,328621.98893183324,1433.0,3402.0,1490.7189266666667,678.2136690417415,0.4549574416139374,0,100,900,1790618754.6290963,2300.0,2300.0,performance,,32861568.0,31952588.0,29800244.0,0.0,0.0,14.31,14.56,14.21,,,
1,83,hdr_histogram,HdrHistogram,1500,mixed,1,288893.7151877161,1996.0,27286.0,5017.463363703704,6638.769353559755,1.3231326015421592,0,100,900,1790618758.666148,2300.0,2300.0,performance,,32861568.0,31943952.0,29791700.0,0.0,0.0,13.17,14.32,14.13,,,
1,84,hdr_histogram,HdrHistogram,3000,mixed,1,246905.89532067868,2408.0,80861.0,11673.206351111112,20052.24563317968,1.717801007712933,0,100,900,1790618766.2507596,2300.0,2300.0,performance,,32861568.0,31936280.0,29783776.0,0.0,0.0,13.31,14.33,14.14,,,
1,85,sharded_2key,Sharded-2key,1500,mixed,1,281101.78135548136,2056.0,28387.0,5157.172136296296,6889.085478741972,1.335826165323517,0,100,900,1790618780.7908611,2300.0,2300.0,performance,,32861568.0,31977252.0,29824316.0,0.0,0.0,19.06,15.5,14.52,,,
1,86,global_mutex,GlobalMutex,500,mixed,1,305351.7863542958,1511.0,4009.0,1604.1850955555556,793.4327589116658,0.49460175207330864,0,100,900,1790618788.49376,2300.0,2300.0,performance,,32861568.0,31952228.0,29799108.0,0.0,0.0,17.61,15.32,14.47,,,
1,87,sharded_2key,Sharded-2key,1500,read-heavy,1,277389.56229563465,2067.0,28960.0,5212.084666666667,7030.240342860458,1.3488346395870376,0,100,900,1790618792.4808674,2737.504125,3230.076,performance,,32861568.0,31961204.0,29808076.0,0.0,0.0,16.2,15.06,14.4,,,
1,88,sharded_2key,Sharded-2key,3000,mixed,1,246702.05305605714,2408.0,84364.0,11698.130353703704,19913.522623936035,1.7022825034285316,0,100,900,1790618800.4175584,2370.57475,2864.598,performance,,32861568.0,31955636.0,29802304.0,0.0,0.0,17.22,15.29,14.48,,,
1,89,disabled,Disabled,500,mixed,1,294930.2034794847,1546.0,4220.0,1662.282931111111,842.4622748470031,0.5068103985666751,0,100,900,1790618814.9858859,2829.409,3189.944,performance,,32861568.0,31978092.0,29824408.0,0.0,0.0,16.68,15.28,14.48,,,
1,90,global_mutex,GlobalMutex,3000,mixed,1,241611.39654068818,2449.0,75283.0,11939.702703703704,20047.94129780018,1.6790988683144759,0,100,900,1790618819.0301156,2520.21325,3196.35,performance,,32861568.0,31953736.0,29800084.0,0.0,0.0,15.34,15.02,14.41,,,
1,91,sharded_2key,Sharded-2key,250,write-heavy,1,304625.27419524017,779.0,1786.0,806.2273111111111,356.67544554023095,0.4424005992164601,0,100,900,1790618833.8439708,2300.0,2300.0,performance,,32861568.0,31979084.0,29824980.0,0.0,0.0,15.89,15.18,14.47,,,
1,92,sharded_n,Sharded-N,100,read-heavy,1,289357.72477918124,322.0,806.0,339.59384444444447,152.0028302459532,0.44760184182555157,0,100,900,1790618836.9984388,2412.626125,3201.009,performance,,32861568.0,31978220.0,29824108.0,0.0,0.0,15.89,15.18,14.47,,,
1,93,thread_local,ThreadLocal,100,read-heavy,1,285894.26023530756,328.0,760.0,343.7739555555556,142.49506612104508,0.4145022152442179,0,100,900,1790618839.8329513,2873.495875,3266.2,performance,,32861568.0,31986180.0,29832060.0,0.0,0.0,14.69,14.94,14.4,,,
1,94,hdr_histogram,HdrHistogram,250,write-heavy,1,313961.9941136145,764.0,1641.0,782.0148444444444,332.2399171133371,0.4248511642376374,0,100,900,1790618842.665204,2449.363,3494.904,performance,,32861568.0,31988064.0,29833944.0,0.0,0.0,13.52,14.7,14.32,,,
1,95,thread_local,ThreadLocal,1000,mixed,1,289804.5257010767,1963.0,14415.0,3356.3249355555554,3268.8423762134094,0.9739350149279675,0,100,900,1790618845.7995312,2413.290875,3206.327,performance,,32861568.0,31970684.0,29816536.0,0.0,0.0,13.52,14.7,14.32,,,
1,96,sharded_2key,Sharded-2key,250,read-heavy,1,300679.62856989354,786.0,1884.0,816.1868533333334,371.05986663871624,0.45462612528405205,0,100,900,1790618851.6215138,2403.837375,3130.699,performance,,32861568.0,31918244.0,29763844.0,0.0,0.0,13.8,14.73,14.33,,,
1,97,thread_local,ThreadLocal,1000,write-heavy,1,280989.94600021077,2036.0,14514.0,3468.9649055555556,3452.600241302995,0.9952825512225989,0,100,900,1790618854.9512918,2622.5315,3270.707,performance,,32861568.0,31946072.0,29791696.0,0.0,0.0,13.33,14.62,14.3,,,
1,98,global_mutex,GlobalMutex,1500,write-heavy,1,268921.56868146965,2159.0,28079.0,5409.6438192592595,7147.869107579376,1.3213197294305654,0,100,900,1790618860.8762896,2379.126625,2933.013,performance,,32861568.0,31948488.0,29793872.0,0.0,0.0,15.95,15.14,14.47,,,
1,99,thread_local,ThreadLocal,100,mixed,1,290132.1659687258,324.0,746.0,338.29426666666666,143.83209092982997,0.42516857393729596,0,100,900,1790618868.832462,2399.247125,3093.977,performance,,32861568.0,31940328.0,29785616.0,0.0,0.0,15.19,15.02,14.44,,,
1,100,hdr_histogram,HdrHistogram,100,write-heavy,1,294492.99570496695,321.0,698.0,333.0551111111111,133.99280522644722,0.4023142139432463,0,100,900,1790618871.4982822,2629.787125,3228.165,performance,,32861568.0,31967416.0,29812724.0,0.0,0.0,15.19,15.02,14.44,,,
1,101,sharded_2key,Sharded-2key,750,read-heavy,1,293350.07262728503,1844.0,8724.0,2495.658048888889,1886.572156311768,0.7559417674034723,0,100,900,1790618874.1601436,2645.701,3267.173,performance,,32861568.0,31993176.0,29838452.0,0.0,0.0,13.97,14.77,14.36,,,
1,102,global_mutex,GlobalMutex,3000,read-heavy,1,247453.51285929763,2381.0,81515.0,11630.265751481482,19733.167034063397,1.6967081798238148,0,100,900,1790618879.235741,2300.0,2300.0,performance,,32861568.0,31938236.0,29783432.0,0.0,0.0,12.85,14.53,14.28,,,
1,103,hdr_histogram,HdrHistogram,1000,read-heavy,1,282561.65482200496,1999.0,14548.0,3448.9868322222223,3440.786824361703,0.9976224879190867,0,100,900,1790618893.8994265,2408.482375,3167.859,performance,,32861568.0,31992564.0,29837220.0,0.0,0.0,13.26,14.55,14.29,,,
1,104,disabled,Disabled,1500,read-heavy,1,276587.6783641103,2046.0,27869.0,5254.447783703704,6962.685408737823,1.3251031688490837,0,100,900,1790618899.973521,2400.2595,3102.076,performance,,32861568.0,31944704.0,29789328.0,0.0,0.0,13.08,14.49,14.27,,,
1,105,hdr_histogram,HdrHistogram,250,mixed,1,294141.198348603,805.0,1831.0,833.3412311111111,369.50018664669176,0.4433960217641332,0,100,900,1790618907.944392,2399.587375,3096.699,performance,,32861568.0,31968264.0,29812660.0,0.0,0.0,12.1,14.24,14.2,,,
1,106,global_mutex,GlobalMutex,2000,read-heavy,1,267319.89979135746,2072.0,39519.0,7222.409225555555,10855.532390271437,1.5030347978428789,0,100,900,1790618911.1290264,2300.0,2300.0,performance,,32861568.0,31969780.0,29814216.0,0.0,0.0,12.1,14.24,14.2,,,
1,107,global_mutex,GlobalMutex,1000,write-heavy,1,270382.41693961655,2144.0,15458.0,3603.52227,3556.332599729787,0.9869045709351998,0,100,900,1790618921.181352,2795.070875,3117.9,performance,,32861568.0,31958192.0,29802304.0,0.0,0.0,12.79,14.31,14.22,,,
1,108,sharded_2key,Sharded-2key,750,mixed,1,280717.0908854195,1984.0,9053.0,2611.0998207407406,1926.9593277729132,0.7379876144399014,0,100,900,1790618927.230357,2395.787375,3066.299,performance,,32861568.0,31957644.0,29801696.0,0.0,0.0,19.93,15.77,14.69,,,
1,109,thread_local,ThreadLocal,2000,write-heavy,1,256706.47582700517,2260.0,43334.0,7514.704497222222,11368.399121491311,1.5128205141923532,0,100,900,1790618932.2672825,2861.854,3140.263,performance,,32861568.0,31972504.0,29816532.0,0.0,0.0,18.33,15.51,14.61,,,
1,110,sharded_n,Sharded-N,750,write-heavy,1,288257.30323472136,1925.0,8459.0,2546.5372,1827.5776028133537,0.7176716691251765,0,100,900,1790618942.4605052,2400.75575,3106.046,performance,,32861568.0,31953152.0,29796756.0,0.0,0.0,15.01,14.91,14.43,,,
1,111,sharded_n,Sharded-N,100,mixed,1,292430.57968536555,322.0,683.0,335.3301777777778,132.04533793816682,0.3937770790962716,0,100,900,1790618947.422314,2414.053,3212.424,performance,,32861568.0,31961952.0,29805572.0,0.0,0.0,13.81,14.66,14.35,,,
1,112,hdr_histogram,HdrHistogram,750,read-heavy,1,299450.4817481715,1825.0,8574.0,2446.0387748148146,1827.371655549088,0.7470738707678235,0,100,900,1790618950.0875912,2720.6775,3197.867,performance,,32861568.0,31975500.0,29819076.0,0.0,0.0,13.81,14.66,14.35,,,
1,113,sharded_n,Sharded-N,250,mixed,1,296127.045967754,795.0,1818.0,829.0933333333334,376.6619115699473,0.454305801803513,0,100,900,1790618955.1214118,2450.230375,3501.843,performance,,32861568.0,31950852.0,29794284.0,0.0,0.0,14.06,14.7,14.37,,,
1,114,global_mutex,GlobalMutex,500,read-heavy,1,307255.6588496885,1499.0,3949.0,1594.8399933333333,786.2510583759066,0.49299682831039615,0,100,900,1790618958.2931542,2416.392,3231.136,performance,,32861568.0,31961716.0,29805180.0,0.0,0.0,12.94,14.46,14.29,,,
1,115,global_mutex,GlobalMutex,3000,write-heavy,1,239084.83982717965,2463.0,82424.0,12072.80652074074,20329.81511802822,1.6839344756417798,0,100,900,1790618962.4359627,2300.0,2300.0,performance,,32861568.0,31980676.0,29824044.0,0.0,0.0,11.9,14.22,14.21,,,
1,116,sharded_n,Sharded-N,1500,read-heavy,1,267643.3883498565,2165.0,29126.0,5435.877973333333,7213.757507216874,1.3270639154530777,0,100,900,1790618977.3867188,2300.0,2300.0,performance,,32861568.0,31974676.0,29817484.0,0.0,0.0,12.57,14.28,14.24,,,
1,117,hdr_histogram,HdrHistogram,250,read-heavy,1,308272.15950914565,775.0,1792.0,793.8500755555556,343.3814226800561,0.4325519808507286,0,100,900,1790618985.5174303,2412.988125,3203.905,performance,,32861568.0,31942136.0,29784820.0,0.0,0.0,13.49,14.44,14.29,,,
1,118,sharded_n,Sharded-N,500,mixed,1,304621.13181323546,1524.0,3829.0,1608.0749511111112,765.5851927552344,0.47608800337711105,0,100,900,1790618988.8197982,2300.0,2300.0,performance,,32861568.0,31966452.0,29809236.0,0.0,0.0,12.41,14.2,14.21,,,
1,119,sharded_n,Sharded-N,2000,mixed,1,248011.24361618387,2363.0,45321.0,7785.538530555556,11710.217286674399,1.5040985592346414,0,100,900,1790618992.819822,2300.0,2300.0,performance,,32861568.0,31954264.0,29797020.0,0.0,0.0,11.41,13.97,14.14,,,
1,120,hdr_histogram,HdrHistogram,1000,write-heavy,1,269671.494033409,2119.0,15096.0,3608.2008255555556,3533.89741887144,0.9794070756378492,0,100,900,1790619003.2733371,2409.552375,3176.419,performance,,32861568.0,31977420.0,29819732.0,0.0,0.0,11.28,13.87,14.1,,,
1,121,sharded_n,Sharded-N,750,read-heavy,1,284996.8454522501,1961.0,8663.0,2575.8705644444444,1855.5355700991145,0.7203527986660737,0,100,900,1790619009.3519347,2562.80025,3077.253,performance,,32861568.0,31941748.0,29783980.0,0.0,0.0,10.38,13.64,14.03,,,
1,122,global_mutex,GlobalMutex,2000,write-heavy,1,252680.36551481643,2326.0,42440.0,7653.7848838888885,11557.17190530178,1.5099943466701642,0,100,900,1790619014.5110245,2300.0,2300.0,performance,,32861568.0,31957044.0,29799196.0,0.0,0.0,10.35,13.58,14.0,,,
1,123,sharded_2key,Sharded-2key,100,mixed,1,296871.64086645946,319.0,664.0,330.9817777777778,133.92241507383773,0.4046217165579238,0,100,900,1790619024.8254037,2413.083375,3204.667,performance,,32861568.0,31973700.0,29815588.0,0.0,0.0,11.6,13.74,14.05,,,
1,124,global_mutex,GlobalMutex,250,write-heavy,1,302267.7992267635,794.0,1673.0,810.5952844444445,350.0901910736013,0.4318927062517292,0,100,900,1790619027.484031,2300.0,2300.0,performance,,32861568.0,31993468.0,29835324.0,0.0,0.0,10.67,13.51,13.98,,,
1,125,disabled,Disabled,1000,read-heavy,1,284836.72916098544,1996.0,14599.0,3416.867568888889,3332.627183281702,0.9753457270705459,0,100,900,1790619030.64597,2300.0,2300.0,performance,,32861568.0,31987852.0,29829728.0,0.0,0.0,10.67,13.51,13.98,,,
1,126,thread_local,ThreadLocal,3000,read-heavy,1,247985.37601287657,2349.0,83436.0,11639.251517407407,19873.208003510972,1.707430067456575,0,100,900,1790619036.70148,2400.45275,3103.622,performance,,32861568.0,31945680.0,29787420.0,0.0,0.0,10.78,13.48,13.97,,,
1,127,disabled,Disabled,2000,mixed,1,258238.57081395687,2264.0,41807.0,7470.795654444444,11289.255314525695,1.5111182043655036,0,100,900,1790619051.35351,2852.85275,3214.943,performance,,32861568.0,31979832.0,29821116.0,0.0,0.0,17.29,14.85,14.41,,,
1,128,sharded_2key,Sharded-2key,500,read-heavy,1,298685.6350576713,1544.0,4164.0,1637.6057044444444,822.2429613136588,0.5021006943747816,0,100,900,1790619061.4788852,2557.230875,3510.56,performance,,32861568.0,31976644.0,29817728.0,0.0,0.0,16.45,14.76,14.38,,,
1,129,disabled,Disabled,750,read-heavy,1,306876.4174769479,1773.0,8493.0,2382.3989925925925,1805.6647270345647,0.7579186914739208,0,100,900,1790619065.670825,2300.0,2300.0,performance,,32861568.0,31970272.0,29811368.0,0.0,0.0,16.42,14.78,14.39,,,
1,130,global_mutex,GlobalMutex,1000,read-heavy,1,285799.5258311499,1973.0,14881.0,3391.6567444444445,3441.0072862173715,1.01455057085413,0,100,900,1790619070.6368532,2712.435,3272.497,performance,,32861568.0,31944640.0,29785556.0,0.0,0.0,16.38,14.8,14.4,,,
1,131,sharded_n,Sharded-N,250,read-heavy,1,300493.4675678342,798.0,1694.0,816.0651333333333,349.31701697796535,0.4280504125340225,0,100,900,1790619076.6773744,2400.413375,3103.307,performance,,32861568.0,31971328.0,29812100.0,0.0,0.0,16.27,14.8,14.4,,,
1,132,sharded_2key,Sharded-2key,500,write-heavy,1,283033.14810390386,1615.0,4494.0,1734.8622777777778,886.687696435751,0.5110997615162446,0,100,900,1790619080.0192916,2400.731125,3105.849,performance,,32861568.0,31972888.0,29813632.0,0.0,0.0,15.85,14.74,14.39,,,
1,133,sharded_2key,Sharded-2key,2000,mixed,1,258545.97198667063,2241.0,40360.0,7455.287474444444,11136.596222547749,1.493784949369458,0,100,900,1790619084.1320748,2300.0,2300.0,performance,,32861568.0,31975988.0,29816736.0,0.0,0.0,14.58,14.49,14.31,,,
1,134,thread_local,ThreadLocal,750,write-heavy,1,288512.9060884336,1881.0,9001.0,2539.4742474074073,1930.92704414789,0.7603648850226405,0,100,900,1790619094.27755,2411.1155,3188.924,performance,,32861568.0,31970964.0,29811392.0,0.0,0.0,13.37,14.24,14.23,,,
1,135,disabled,Disabled,100,write-heavy,1,297276.1792617376,319.0,657.0,329.6788,130.69564475026883,0.39643327005033024,0,100,900,1790619099.246401,2685.608875,3200.709,performance,,32861568.0,31962116.0,29802432.0,0.0,0.0,12.3,14.01,14.15,,,
1,136,thread_local,ThreadLocal,1500,read-heavy,1,286883.55203454656,2013.0,27505.0,5054.583787407408,6882.404306811296,1.3616164250670009,0,100,900,1790619101.9052246,2300.0,2300.0,performance,,32861568.0,31969196.0,29809476.0,0.0,0.0,12.3,14.01,14.15,,,
1,137,global_mutex,GlobalMutex,250,read-heavy,1,300467.6578783104,799.0,1668.0,814.8806577777777,343.5372458491323,0.42157982591705684,0,100,900,1790619109.7105947,2413.522,3208.176,performance,,32861568.0,31958404.0,29798464.0,0.0,0.0,15.7,14.69,14.38,,,
1,138,global_mutex,GlobalMutex,1000,mixed,1,274372.8748447074,2108.0,15238.0,3555.3746111111113,3559.5946560721954,1.001186948049833,0,100,900,1790619113.0449877,2300.0,2300.0,performance,,32861568.0,31960912.0,29800988.0,0.0,0.0,14.44,14.45,14.3,,,
1,139,disabled,Disabled,1000,mixed,1,281486.2069514523,2050.0,14659.0,3457.340024444444,3444.534975307682,0.9962962713975986,0,100,900,1790619119.0551174,2411.931,3195.448,performance,,32861568.0,31950456.0,29790392.0,0.0,0.0,13.29,14.21,14.22,,,
1,140,global_mutex,GlobalMutex,100,write-heavy,1,284281.840061211,332.0,741.0,345.93134444444445,143.09701136455044,0.41365725790000335,0,100,900,1790619124.9740815,2790.65025,3150.51,performance,,32861568.0,31951624.0,29791508.0,0.0,0.0,13.34,14.21,14.22,,,
1,141,disabled,Disabled,2000,write-heavy,1,255813.77702974735,2273.0,43507.0,7538.449236666666,11384.707178147626,1.5102187228074628,0,100,900,1790619127.6469054,2300.0,2300.0,performance,,32861568.0,31973448.0,29813304.0,0.0,0.0,12.27,13.97,14.14,,,
1,142,thread_local,ThreadLocal,1500,mixed,1,269197.6594985574,2139.0,27774.0,5393.901311111111,7036.520749064372,1.3045327200498764,0,100,900,1790619137.860454,2412.43675,3199.494,performance,,32861568.0,31972880.0,29812344.0,0.0,0.0,13.85,14.28,14.24,,,
1,143,hdr_histogram,HdrHistogram,1500,write-heavy,1,264355.37910206924,2210.0,29279.0,5492.46404962963,7186.510032245771,1.308430964191814,0,100,900,1790619145.7979302,2988.607125,3149.241,performance,,32861568.0,31952040.0,29791376.0,0.0,0.0,13.86,14.27,14.24,,,
1,144,sharded_n,Sharded-N,1000,read-heavy,1,279266.96204358817,2022.0,14595.0,3475.95574,3412.127789157494,0.9816372947135092,0,100,900,1790619153.8707016,2387.821625,3002.573,performance,,32861568.0,31942492.0,29781624.0,0.0,0.0,13.28,14.14,14.2,,,
2,1,thread_local,ThreadLocal,2000,read-heavy,1,273442.516483361,2087.0,41017.0,7045.818131666667,10647.883674005807,1.5112345330274772,0,100,900,1790619159.9967997,2300.0,2300.0,performance,,32861568.0,31963568.0,29802600.0,0.0,0.0,13.25,14.13,14.19,,,
2,2,sharded_n,Sharded-N,2000,read-heavy,1,257517.65263873118,2265.0,42977.0,7505.880381111111,11341.056276126672,1.5109561704003378,0,100,900,1790619169.8868778,2300.0,2300.0,performance,,32861568.0,31962164.0,29800944.0,0.0,0.0,13.61,14.17,14.21,,,
2,3,disabled,Disabled,1000,mixed,1,279789.44358377496,2051.0,14657.0,3475.836407777778,3407.8520207567135,0.980440855366801,0,100,900,1790619180.2294917,2387.709625,3001.677,performance,,32861568.0,31972088.0,29810668.0,0.0,0.0,15.18,14.48,14.31,,,
2,4,sharded_n,Sharded-N,250,write-heavy,1,285189.13969994953,832.0,1967.0,855.7007333333333,394.0976400889546,0.46055545442127854,0,100,900,1790619186.1787064,2394.389125,3055.113,performance,,32861568.0,31962600.0,29801044.0,0.0,0.0,14.77,14.41,14.28,,,
2,5,global_mutex,GlobalMutex,750,mixed,1,277303.5350979202,1985.0,9080.0,2645.893922962963,1958.6510715689199,0.7402606183756433,0,100,900,1790619189.3880985,2300.0,2300.0,performance,,32861568.0,31975460.0,29813872.0,0.0,0.0,13.59,14.17,14.21,,,
2,6,thread_local,ThreadLocal,100,write-heavy,1,283776.06635304954,331.0,731.0,345.8103111111111,141.21764730983216,0.4083673701229169,0,100,900,1790619194.4534528,2381.16675,2949.334,performance,,32861568.0,31969712.0,29807996.0,0.0,0.0,17.06,14.88,14.44,,,
2,7,hdr_histogram,HdrHistogram,100,mixed,1,282424.56936348835,332.0,723.0,345.5522222222222,140.5130148366218,0.40663322589272444,0,100,900,1790619197.1247418,2300.0,2300.0,performance,,32861568.0,31981648.0,29819936.0,0.0,0.0,17.06,14.88,14.44,,,
2,8,thread_local,ThreadLocal,750,read-heavy,1,306378.7751892255,1794.0,8509.0,2393.137328888889,1789.6340887466956,0.747819219207786,0,100,900,1790619199.7990174,2300.0,2300.0,performance,,32861568.0,31981132.0,29819384.0,0.0,0.0,15.7,14.63,14.36,,,
2,9,sharded_n,Sharded-N,100,write-heavy,1,275919.2470450704,339.0,859.0,356.18787777777777,153.7991638597929,0.4317922463260997,0,100,900,1790619204.784235,2578.665875,3102.287,performance,,32861568.0,31947308.0,29785428.0,0.0,0.0,16.28,14.77,14.41,,,
2,10,hdr_histogram,HdrHistogram,100,read-heavy,1,291413.3332311012,324.0,719.0,336.5421111111111,136.03431918840909,0.40421187927800406,0,100,900,1790619207.46791,2300.0,2300.0,performance,,32861568.0,31966324.0,29804404.0,0.0,0.0,14.98,14.53,14.33,,,
2,11,hdr_histogram,HdrHistogram,2000,mixed,1,253646.9304936998,2283.0,45542.0,7607.048908888889,11445.059263572723,1.5045334137656314,0,100,900,1790619210.306258,2410.807,3186.456,performance,,32861568.0,31984796.0,29822844.0,0.0,0.0,14.98,14.53,14.33,,,
2,12,global_mutex,GlobalMutex,3000,write-heavy,1,235991.6251267602,2519.0,83038.0,12243.510352222222,20485.87311658273,1.6732025805707351,0,100,900,1790619220.581519,2754.4465,3093.509,performance,,32861568.0,31953008.0,29790776.0,0.0,0.0,14.12,14.36,14.28,,,
2,13,sharded_n,Sharded-N,100,mixed,1,278492.18242738093,338.0,823.0,353.90054444444445,153.25240687156685,0.43303806472562384,0,100,900,1790619235.6707113,2572.341625,3101.283,performance,,32861568.0,31979700.0,29817088.0,0.0,0.0,15.77,14.69,14.38,,,
2,14,sharded_2key,Sharded-2key,100,read-heavy,1,286330.64833979146,327.0,788.0,343.3208222222222,148.21960162878005,0.4317233096128424,0,100,900,1790619238.350019,2955.22175,3114.073,performance,,32861568.0,31993052.0,29830404.0,0.0,0.0,14.5,14.45,14.31,,,
2,15,sharded_2key,Sharded-2key,250,write-heavy,1,291802.64772722055,817.0,1861.0,842.2386222222223,370.5046086025414,0.43990455771901754,0,100,900,1790619241.1895845,2767.115125,3189.423,performance,,32861568.0,31993212.0,29830540.0,0.0,0.0,14.5,14.45,14.31,,,
2,16,global_mutex,GlobalMutex,1500,read-heavy,1,266980.8402267935,2163.0,29257.0,5448.387331851852,7279.732544611076,1.3361261050683724,0,100,900,1790619244.3801336,2300.0,2300.0,performance,,32861568.0,31968764.0,29806132.0,0.0,0.0,13.34,14.21,14.23,,,
2,17,thread_local,ThreadLocal,1500,mixed,1,261250.47724777577,2230.0,30371.0,5551.808768888889,7377.040619215823,1.3287634582363734,0,100,900,1790619252.5444877,2386.961875,2995.695,performance,,32861568.0,31948032.0,29785204.0,0.0,0.0,12.47,14.0,14.16,,,
2,18,hdr_histogram,HdrHistogram,250,write-heavy,1,289156.8334912209,823.0,1981.0,854.7988355555556,386.990383782062,0.45272684950552966,0,100,900,1790619260.66089,2300.0,2300.0,performance,,32861568.0,31952044.0,29788976.0,0.0,0.0,12.75,14.03,14.17,,,
2,19,sharded_2key,Sharded-2key,500,mixed,1,286739.3623675867,1584.0,4541.0,1712.550428888889,892.0116659755507,0.5208673864011656,0,100,900,1790619263.8672104,2300.0,2300.0,performance,,32861568.0,31967912.0,29804864.0,0.0,0.0,11.73,13.8,14.1,,,
2,20,thread_local,ThreadLocal,750,write-heavy,1,276817.54022167163,2003.0,9338.0,2647.075817777778,1968.9829590996142,0.7438332313248877,0,100,900,1790619267.9520671,2644.15625,3060.308,performance,,32861568.0,31969360.0,29806300.0,0.0,0.0,10.79,13.57,14.02,,,
2,21,sharded_2key,Sharded-2key,500,read-heavy,1,288009.0144517451,1584.0,4417.0,1704.5846155555555,876.2781241280766,0.5140713556437216,0,100,900,1790619273.0223172,2387.822625,3002.581,performance,,32861568.0,31924400.0,29761196.0,0.0,0.0,9.93,13.34,13.94,,,
2,22,sharded_n,Sharded-N,2000,write-heavy,1,246292.57473668855,2382.0,48570.0,7839.285608888889,11911.3753041875,1.5194465284797518,0,100,900,1790619277.2797053,2687.2865,3113.274,performance,,32861568.0,31971596.0,29808352.0,0.0,0.0,9.93,13.34,13.94,,,
2,23,global_mutex,GlobalMutex,2000,write-heavy,1,243814.6287563599,2404.0,45598.0,7906.474748333333,11925.853362376973,1.5083654526172887,0,100,900,1790619287.784941,2459.11275,2939.164,performance,,32861568.0,31954644.0,29790980.0,0.0,0.0,11.93,13.62,14.03,,,
2,24,sharded_n,Sharded-N,500,mixed,1,280326.1611330584,1636.0,4505.0,1748.375191111111,874.6198199015245,0.5002472148702215,0,100,900,1790619298.3885214,2400.298125,3102.385,performance,,32861568.0,31959680.0,29795784.0,0.0,0.0,12.52,13.71,14.05,,,
2,25,sharded_2key,Sharded-2key,100,write-heavy,1,275853.0860898495,340.0,809.0,355.01253333333335,148.73725441690874,0.4189633898847573,0,100,900,1790619302.5155132,2398.243875,3085.951,performance,,32861568.0,31940628.0,29776776.0,0.0,0.0,11.52,13.48,13.98,,,
2,26,hdr_histogram,HdrHistogram,750,mixed,1,279013.28027322487,1986.0,9099.0,2620.2066014814814,1953.5382538547344,0.7455664956916724,0,100,900,1790619305.1987777,2542.21625,2980.886,performance,,32861568.0,31966544.0,29802648.0,0.0,0.0,11.52,13.48,13.98,,,
2,27,sharded_n,Sharded-N,1000,mixed,1,267050.38087474543,2149.0,15256.0,3647.0984644444443,3554.293269191274,0.9745536907879159,0,100,900,1790619310.2347972,2300.0,2300.0,performance,,32861568.0,31925308.0,29761336.0,0.0,0.0,11.64,13.47,13.97,,,
2,28,thread_local,ThreadLocal,1000,mixed,1,274482.83139671,2073.0,14780.0,3543.4059766666664,3470.1635856210432,0.9793299465181454,0,100,900,1790619316.348613,2393.873375,3050.987,performance,,32861568.0,31943308.0,29779176.0,0.0,0.0,11.75,13.47,13.96,,,
2,29,thread_local,ThreadLocal,3000,write-heavy,1,231772.9021454561,2558.0,81547.0,12445.816873703703,21076.74973628701,1.69348062486917,0,100,900,1790619322.3622594,2398.728875,3089.831,performance,,32861568.0,31956048.0,29791744.0,0.0,0.0,12.89,13.67,14.03,,,
2,30,global_mutex,GlobalMutex,3000,mixed,1,236640.1676495673,2495.0,78781.0,12198.48940074074,20358.31181981514,1.6689207287075154,0,100,900,1790619337.7028742,2300.0,2300.0,performance,,32861568.0,31982924.0,29818220.0,0.0,0.0,11.14,13.23,13.87,,,
2,31,hdr_histogram,HdrHistogram,750,read-heavy,1,289491.16873222817,1869.0,8971.0,2531.2864637037037,1940.372150064528,0.7665557327815962,0,100,900,1790619352.791175,2353.5535,2728.428,performance,,32861568.0,31979672.0,29814580.0,0.0,0.0,11.43,13.21,13.86,,,
2,32,sharded_2key,Sharded-2key,1000,mixed,1,276703.0151853788,2074.0,15243.0,3517.6646433333335,3467.966907228625,0.9858719516657464,0,100,900,1790619357.9094317,2412.93375,3203.47,performance,,32861568.0,31938932.0,29773912.0,0.0,0.0,10.52,12.99,13.79,,,
2,33,thread_local,ThreadLocal,750,mixed,1,287150.94778945536,1893.0,8943.0,2550.360659259259,1913.8047378787787,0.750405528304626,0,100,900,1790619363.887385,2761.21025,3079.705,performance,,32861568.0,31950084.0,29784972.0,0.0,0.0,9.67,12.77,13.71,,,
2,34,hdr_histogram,HdrHistogram,3000,read-heavy,1,249047.0674930054,2358.0,81901.0,11578.901048888889,19765.501246478692,1.7070273908572169,0,100,900,1790619368.8530846,2300.0,2300.0,performance,,32861568.0,31943152.0,29777856.0,0.0,0.0,8.9,12.56,13.64,,,
2,35,disabled,Disabled,750,mixed,1,288490.47393278737,1906.0,8924.0,2538.185619259259,1915.35683606035,0.754616534554051,0,100,900,1790619383.4710271,2300.0,2300.0,performance,,32861568.0,31959256.0,29793560.0,0.0,0.0,10.36,12.73,13.67,,,
2,36,thread_local,ThreadLocal,500,read-heavy,1,299665.20703850844,1531.0,4213.0,1636.8828244444444,805.6999988787387,0.4922160504385475,0,100,900,1790619388.4217408,2300.0,2300.0,performance,,32861568.0,31953216.0,29787448.0,0.0,0.0,9.53,12.51,13.6,,,
2,37,global_mutex,GlobalMutex,250,read-heavy,1,303362.94284640945,792.0,1690.0,808.9996088888889,337.7717192273156,0.4175177781497623,0,100,900,1790619392.5949752,2300.0,2300.0,performance,,32861568.0,31960244.0,29794408.0,0.0,0.0,8.76,12.31,13.53,,,
2,38,disabled,Disabled,3000,mixed,1,250159.08415280574,2322.0,71343.0,11537.758921481482,19334.798541270367,1.6757845845844492,0,100,900,1790619395.9102416,2411.452375,3191.619,performance,,32861568.0,31960716.0,29794836.0,0.0,0.0,8.76,12.31,13.53,,,
2,39,hdr_histogram,HdrHistogram,2000,write-heavy,1,257165.09108556435,2272.0,46047.0,7489.765246111111,11308.12604421083,1.5098104777158825,0,100,900,1790619410.317742,2300.0,2300.0,performance,,32861568.0,31989604.0,29823280.0,0.0,0.0,9.77,12.36,13.52,,,
2,40,thread_local,ThreadLocal,250,mixed,1,316997.7333464519,755.0,1564.0,773.8065288888889,317.26081699051696,0.4100001811125485,0,100,900,1790619420.4990761,2300.0,2300.0,performance,,32861568.0,31969112.0,29802628.0,0.0,0.0,11.12,12.56,13.58,,,
2,41,disabled,Disabled,1500,mixed,1,270687.39683921594,2126.0,28217.0,5356.676164444444,7020.570272444777,1.3106206268440534,0,100,900,1790619423.6250405,2300.0,2300.0,performance,,32861568.0,31955888.0,29789384.0,0.0,0.0,10.23,12.35,13.51,,,
2,42,global_mutex,GlobalMutex,500,mixed,1,309507.1384048925,1477.0,3914.0,1579.75382,804.0867390972354,0.508994964226284,0,100,900,1790619431.5524702,2399.12075,3092.966,performance,,32861568.0,31963304.0,29796516.0,0.0,0.0,12.14,12.71,13.62,,,
2,43,sharded_2key,Sharded-2key,1000,read-heavy,1,279597.066441856,1996.0,15242.0,3472.8132277777777,3491.0826092714306,1.0052606864508355,0,100,900,1790619435.5213363,2402.703875,3121.631,performance,,32861568.0,31978684.0,29811932.0,0.0,0.0,12.69,12.81,13.64,,,
2,44,sharded_2key,Sharded-2key,750,write-heavy,1,280310.72652503423,1957.0,9310.0,2618.6893466666666,1954.2047836191966,0.7462530009933048,0,100,900,1790619441.6284552,2389.285625,3014.285,performance,,32861568.0,31930616.0,29763672.0,0.0,0.0,13.67,13.02,13.71,,,
2,45,sharded_n,Sharded-N,1500,read-heavy,1,269800.2476129544,2122.0,28705.0,5387.9177,7155.009247143363,1.3279730028436334,0,100,900,1790619446.6522875,2398.324375,3086.595,performance,,32861568.0,31947148.0,29780148.0,0.0,0.0,13.86,13.07,13.72,,,
2,46,sharded_2key,Sharded-2key,750,read-heavy,1,286298.2206557952,1922.0,8891.0,2555.1639777777777,1897.3316625426194,0.7425479065311205,0,100,900,1790619454.7614818,2399.9265,3099.412,performance,,32861568.0,31933744.0,29766476.0,0.0,0.0,15.28,13.4,13.82,,,
2,47,global_mutex,GlobalMutex,250,write-heavy,1,293286.7213051312,818.0,1741.0,836.6420977777777,354.37562693299907,0.42356896440456854,0,100,900,1790619459.9028068,2300.0,2300.0,performance,,32861568.0,31927196.0,29759876.0,0.0,0.0,15.18,13.41,13.82,,,
2,48,thread_local,ThreadLocal,100,mixed,1,283292.4714370995,331.0,778.0,345.78805555555556,149.93567831526806,0.433605718608111,0,100,900,1790619463.0908635,2402.058,3116.464,performance,,32861568.0,31958280.0,29791040.0,0.0,0.0,13.96,13.18,13.75,,,
2,49,global_mutex,GlobalMutex,250,mixed,1,300386.4676168689,801.0,1693.0,817.9032044444444,341.3038782032258,0.41729128379568375,0,100,900,1790619465.7629895,2300.0,2300.0,performance,,32861568.0,31970316.0,29803048.0,0.0,0.0,13.96,13.18,13.75,,,
2,50,disabled,Disabled,750,read-heavy,1,283560.8959444008,1893.0,9513.0,2581.846485925926,2015.1135434019427,0.780493168120824,0,100,900,1790619468.9338386,2300.0,2300.0,performance,,32861568.0,31960148.0,29792816.0,0.0,0.0,12.84,12.96,13.67,,,
2,51,thread_local,ThreadLocal,500,write-heavy,1,286671.56835551583,1574.0,4500.0,1703.8611466666666,886.8302212809259,0.5204826831199645,0,100,900,1790619474.1054277,2400.700625,3105.605,performance,,32861568.0,31921332.0,29753788.0,0.0,0.0,11.81,12.75,13.6,,,
2,52,sharded_2key,Sharded-2key,2000,mixed,1,260374.49549121724,2202.0,40415.0,7421.144627222222,10976.416640427105,1.4790732685849357,0,100,900,1790619478.1952407,2499.389625,3097.839,performance,,32861568.0,31957076.0,29789440.0,0.0,0.0,10.87,12.54,13.52,,,
2,53,disabled,Disabled,2000,write-heavy,1,256793.29924523644,2282.0,44893.0,7506.38129,11413.459440928189,1.5205008911728475,0,100,900,1790619488.2951233,2392.50875,3040.07,performance,,32861568.0,31964068.0,29796132.0,0.0,0.0,10.37,12.38,13.46,,,
2,54,global_mutex,GlobalMutex,100,read-heavy,1,284472.6906580461,334.0,722.0,345.3288444444444,140.59377693395516,0.4071301288490354,0,100,900,1790619498.4792573,2809.119125,3089.886,performance,,32861568.0,31981720.0,29813560.0,0.0,0.0,9.88,12.22,13.4,,,
2,55,sharded_n,Sharded-N,250,read-heavy,1,304119.2592781031,782.0,1675.0,803.0192888888889,348.2054446272733,0.4336202746873909,0,100,900,1790619501.3159761,2300.0,2300.0,performance,,32861568.0,31992804.0,29824608.0,0.0,0.0,9.88,12.22,13.4,,,
2,56,sharded_2key,Sharded-2key,3000,mixed,1,243054.98542032597,2433.0,80955.0,11867.559564444444,20115.00760233211,1.6949573746060869,0,100,900,1790619504.6495783,2384.988125,2979.905,performance,,32861568.0,31997064.0,29828936.0,0.0,0.0,9.49,12.1,13.35,,,
2,57,hdr_histogram,HdrHistogram,500,mixed,1,296408.5650290089,1539.0,4297.0,1651.001637777778,844.0652999166048,0.5112443746892361,0,100,900,1790619519.418303,2412.1415,3197.132,performance,,32861568.0,31964616.0,29795944.0,0.0,0.0,18.46,14.06,13.98,,,
2,58,sharded_n,Sharded-N,2000,mixed,1,255986.30585670096,2274.0,43451.0,7534.609435555555,11306.743338240749,1.5006409336739643,0,100,900,1790619523.4600441,2300.0,2300.0,performance,,32861568.0,31956940.0,29788320.0,0.0,0.0,17.06,13.85,13.91,,,
2,59,hdr_histogram,HdrHistogram,1000,read-heavy,1,285506.1789915025,2006.0,14544.0,3404.737846666667,3334.2523761546577,0.9792978274139325,0,100,900,1790619533.6611745,2300.0,2300.0,performance,,32861568.0,31957184.0,29788228.0,0.0,0.0,15.69,13.67,13.85,,,
2,60,sharded_n,Sharded-N,500,write-heavy,1,281444.6890118181,1628.0,4514.0,1747.6671533333333,896.9325128741505,0.5132170111244736,0,100,900,1790619539.7080462,2300.0,2300.0,performance,,32861568.0,31964308.0,29795324.0,0.0,0.0,16.44,13.86,13.91,,,
2,61,sharded_2key,Sharded-2key,2000,write-heavy,1,256244.73545191012,2273.0,43586.0,7532.265822222223,11382.174878082622,1.5111223032652572,0,100,900,1790619543.8279214,2300.0,2300.0,performance,,32861568.0,31959148.0,29790200.0,0.0,0.0,15.12,13.62,13.84,,,
2,62,sharded_2key,Sharded-2key,3000,read-heavy,1,247277.46148015495,2371.0,81780.0,11665.91128074074,19965.63845122299,1.7114512506351967,0,100,900,1790619554.014255,2526.74825,3001.138,performance,,32861568.0,31959720.0,29790312.0,0.0,0.0,13.9,13.42,13.77,,,
2,63,hdr_histogram,HdrHistogram,1500,write-heavy,1,263781.50254093617,2173.0,29220.0,5521.664617037037,7242.7429678884,1.3116955610706587,0,100,900,1790619568.7184684,2387.2305,2997.844,performance,,32861568.0,31982516.0,29812840.0,0.0,0.0,13.22,13.31,13.73,,,
2,64,disabled,Disabled,100,mixed,1,288406.88165993977,325.0,770.0,339.7081111111111,144.226924111682,0.4245613201284691,0,100,900,1790619576.7932775,2868.53025,3200.965,performance,,32861568.0,31945172.0,29775224.0,0.0,0.0,13.84,13.44,13.77,,,
2,65,sharded_2key,Sharded-2key,2000,read-heavy,1,262375.4025620882,2214.0,45467.0,7362.147616666667,11263.83508606479,1.529965938276673,0,100,900,1790619579.4606993,2487.64775,3089.593,performance,,32861568.0,31972792.0,29802812.0,0.0,0.0,12.74,13.22,13.7,,,
2,66,thread_local,ThreadLocal,2000,mixed,1,254868.443052026,2274.0,42340.0,7568.24133,11501.359211060053,1.5196871650312522,0,100,900,1790619589.642082,2396.57875,3072.63,performance,,32861568.0,31962924.0,29792760.0,0.0,0.0,14.21,13.52,13.79,,,
2,67,thread_local,ThreadLocal,1500,read-heavy,1,271532.4913121103,2115.0,27466.0,5341.473513333333,6842.640128848035,1.281039793938415,0,100,900,1790619599.8720028,2832.529875,3071.783,performance,,32861568.0,31968620.0,29798228.0,0.0,0.0,13.98,13.49,13.78,,,
2,68,hdr_histogram,HdrHistogram,1500,read-heavy,1,266242.0670262258,2170.0,28746.0,5458.015487407408,7261.662461572274,1.3304583833311199,0,100,900,1790619607.9499075,2300.0,2300.0,performance,,32861568.0,31938336.0,29767716.0,0.0,0.0,12.64,13.23,13.69,,,
2,69,sharded_n,Sharded-N,1000,write-heavy,1,268383.24270617694,2126.0,15956.0,3616.071323333333,3623.700934683685,1.0021099172743415,0,100,900,1790619616.1261363,2387.476,2999.808,performance,,32861568.0,31963128.0,29792352.0,0.0,0.0,12.83,13.26,13.7,,,
2,70,sharded_2key,Sharded-2key,1500,mixed,1,261060.73951769818,2210.0,29806.0,5533.7157051851855,7481.870507574118,1.3520518411459914,0,100,900,1790619622.2109034,2300.0,2300.0,performance,,32861568.0,31968180.0,29797408.0,0.0,0.0,12.92,13.27,13.7,,,
2,71,thread_local,ThreadLocal,3000,mixed,1,231114.5974803304,2544.0,87186.0,12502.339277037037,21050.407656403626,1.6837175179741577,0,100,900,1790619630.3200455,2300.0,2300.0,performance,,32861568.0,31969404.0,29798364.0,0.0,0.0,12.3,13.11,13.64,,,
2,72,global_mutex,GlobalMutex,100,mixed,1,282820.047210082,335.0,711.0,346.7059,140.61509722456657,0.40557457264086527,0,100,900,1790619645.7078059,2300.0,2300.0,performance,,32861568.0,31991540.0,29820012.0,0.0,0.0,13.34,13.3,13.7,,,
2,73,disabled,Disabled,500,write-heavy,1,286329.3841329696,1616.0,4158.0,1713.0041022222222,820.8700995544583,0.479199144059008,0,100,900,1790619648.3845563,2394.52675,3056.214,performance,,32861568.0,32000124.0,29828572.0,0.0,0.0,12.27,13.08,13.62,,,
2,74,sharded_n,Sharded-N,500,read-heavy,1,302950.10142809787,1521.0,3966.0,1615.8396022222223,812.9186082208869,0.5030936282926233,0,100,900,1790619652.4824796,2399.087625,3092.701,performance,,32861568.0,31983572.0,29812148.0,0.0,0.0,12.27,13.08,13.62,,,
2,75,sharded_2key,Sharded-2key,1000,write-heavy,1,271209.64126842195,2110.0,15032.0,3583.336941111111,3495.80333684135,0.9755720420076882,0,100,900,1790619656.663222,2948.34425,3079.715,performance,,32861568.0,31958236.0,29786668.0,0.0,0.0,11.28,12.87,13.55,,,
2,76,global_mutex,GlobalMutex,3000,read-heavy,1,236929.65623714626,2509.0,72680.0,12188.672114074074,20625.743751334376,1.6922059727505627,0,100,900,1790619662.721701,2699.64975,2971.588,performance,,32861568.0,31956664.0,29784912.0,0.0,0.0,10.73,12.7,13.49,,,
2,77,thread_local,ThreadLocal,1000,write-heavy,1,269365.8521766594,2125.0,15580.0,3609.855141111111,3625.3243738987767,1.0042852779912117,0,100,900,1790619677.9619076,2300.0,2300.0,performance,,32861568.0,31963976.0,29791836.0,0.0,0.0,10.46,12.57,13.43,,,
2,78,sharded_n,Sharded-N,3000,read-heavy,1,239386.9728394249,2467.0,82025.0,12051.196066666667,20227.75371405579,1.6784851563410619,0,100,900,1790619684.03448,2395.417375,3063.339,performance,,32861568.0,31960488.0,29788264.0,0.0,0.0,9.62,12.36,13.36,,,
2,79,disabled,Disabled,1500,write-heavy,1,266614.3461620467,2190.0,29684.0,5449.848960740741,7361.153600035481,1.350707818338319,0,100,900,1790619699.1520276,2300.0,2300.0,performance,,32861568.0,31986920.0,29814264.0,0.0,0.0,10.34,12.4,13.36,,,
2,80,disabled,Disabled,500,read-heavy,1,310225.07471681305,1507.0,3793.0,1580.64496,729.8925812278377,0.46176883468368357,0,100,900,1790619707.1729636,2300.0,2300.0,performance,,32861568.0,31956368.0,29783572.0,0.0,0.0,16.16,13.57,13.73,,,
2,81,sharded_n,Sharded-N,750,write-heavy,1,277196.16580932913,1989.0,9237.0,2635.0912592592595,1962.5686365638014,0.7447820373080709,0,100,900,1790619711.2984893,2400.135125,3101.081,performance,,32861568.0,31965520.0,29792780.0,0.0,0.0,14.95,13.36,13.67,,,
2,82,disabled,Disabled,1500,read-heavy,1,271879.352320194,2117.0,28023.0,5320.428301481482,7156.996611820307,1.3451918165737577,0,100,900,1790619716.360288,2811.164125,3159.855,performance,,32861568.0,31972212.0,29799336.0,0.0,0.0,20.4,14.52,14.04,,,
2,83,global_mutex,GlobalMutex,500,write-heavy,1,279928.05289184576,1628.0,4669.0,1752.65664,891.900315995674,0.5088847955956016,0,100,900,1790619724.4207125,2399.38725,3095.098,performance,,32861568.0,31954164.0,29781020.0,0.0,0.0,18.51,14.32,13.98,,,
2,84,global_mutex,GlobalMutex,1000,mixed,1,274945.589566179,2093.0,14654.0,3536.2227766666665,3426.0807376492216,0.9688531956345614,0,100,900,1790619728.551854,3144.494125,3190.063,performance,,32861568.0,31965568.0,29792488.0,0.0,0.0,17.03,14.08,13.9,,,
2,85,sharded_n,Sharded-N,250,mixed,1,305260.9051049602,792.0,1594.0,804.1276355555556,333.947804395958,0.4152920377686562,0,100,900,1790619734.5479155,2300.0,2300.0,performance,,32861568.0,31955228.0,29781892.0,0.0,0.0,15.75,13.86,13.83,,,
2,86,hdr_histogram,HdrHistogram,3000,mixed,1,238458.66449249454,2477.0,82308.0,12110.992845555556,20658.926190964514,1.7057995537125468,0,100,900,1790619737.702859,2474.100125,2998.876,performance,,32861568.0,31973808.0,29800524.0,0.0,0.0,14.49,13.63,13.76,,,
2,87,sharded_n,Sharded-N,100,read-heavy,1,285673.15240793454,332.0,717.0,344.2745111111111,135.5056289812335,0.39359762226922584,0,100,900,1790619752.6957932,2300.0,2300.0,performance,,32861568.0,31968276.0,29794500.0,0.0,0.0,13.71,13.53,13.72,,,
2,88,global_mutex,GlobalMutex,1500,mixed,1,261571.91796393407,2224.0,30660.0,5560.682317777778,7528.250075045317,1.3538356706652936,0,100,900,1790619755.5388215,2391.441125,3031.529,performance,,32861568.0,31982076.0,29808264.0,0.0,0.0,13.71,13.53,13.72,,,
2,89,sharded_2key,Sharded-2key,1500,read-heavy,1,269579.5802926777,2136.0,28321.0,5385.918894074074,7137.649861964378,1.3252427305984256,0,100,900,1790619763.6499767,2300.0,2300.0,performance,,32861568.0,31963456.0,29789588.0,0.0,0.0,13.0,13.4,13.68,,,
2,90,hdr_histogram,HdrHistogram,750,write-heavy,1,273637.6230862314,2005.0,9521.0,2683.9450607407407,2014.1383176754957,0.7504394732728302,0,100,900,1790619771.7880917,2300.0,2300.0,performance,,32861568.0,31940204.0,29766092.0,0.0,0.0,13.25,13.44,13.69,,,
2,91,hdr_histogram,HdrHistogram,100,write-heavy,1,274190.5896839093,341.0,837.0,358.2147,154.41692412061118,0.43107366649277984,0,100,900,1790619776.889017,3055.879,3083.688,performance,,32861568.0,31931896.0,29757716.0,0.0,0.0,13.31,13.45,13.69,,,
2,92,sharded_n,Sharded-N,750,mixed,1,280164.0102861382,1966.0,8905.0,2614.7671185185186,1934.2115058360705,0.7397261087373475,0,100,900,1790619779.5752017,2562.75775,3002.936,performance,,32861568.0,31956876.0,29782680.0,0.0,0.0,12.72,13.32,13.65,,,
2,93,hdr_histogram,HdrHistogram,1000,write-heavy,1,268568.98976037756,2132.0,15119.0,3626.3229833333335,3551.8982295392266,0.97947652370289,0,100,900,1790619784.6111252,2984.98825,3013.231,performance,,32861568.0,31956260.0,29781972.0,0.0,0.0,14.58,13.7,13.77,,,
2,94,disabled,Disabled,500,mixed,1,300309.576529442,1527.0,4216.0,1633.1925377777777,823.8491301709379,0.5044409101280353,0,100,900,1790619790.7025962,2654.030875,3090.22,performance,,32861568.0,31919280.0,29744840.0,0.0,0.0,14.38,13.67,13.76,,,
2,95,disabled,Disabled,2000,read-heavy,1,263005.1833149196,2163.0,40993.0,7346.53772,11051.332502473535,1.5042912625885945,0,100,900,1790619794.7191057,2655.529125,3051.823,performance,,32861568.0,31947180.0,29772664.0,0.0,0.0,15.15,13.84,13.82,,,
2,96,hdr_histogram,HdrHistogram,500,write-heavy,1,281473.21159929264,1627.0,4435.0,1743.5583466666667,883.465582436572,0.5067026200330954,0,100,900,1790619804.8959258,2863.1715,3187.095,performance,,32861568.0,31953024.0,29778212.0,0.0,0.0,14.51,13.75,13.79,,,
2,97,disabled,Disabled,250,read-heavy,1,309275.34831270133,763.0,1820.0,792.4650444444444,359.19899516682335,0.45326793615059563,0,100,900,1790619809.021297,2399.8365,3098.692,performance,,32861568.0,31972756.0,29797944.0,0.0,0.0,13.35,13.52,13.71,,,
2,98,disabled,Disabled,2000,mixed,1,256554.02574130456,2284.0,44343.0,7524.622450555556,11434.808442184934,1.5196521177405629,0,100,900,1790619812.3325942,2647.11475,3002.876,performance,,32861568.0,31978660.0,29803804.0,0.0,0.0,13.35,13.52,13.71,,,
2,99,global_mutex,GlobalMutex,1000,write-heavy,1,267821.64604718576,2162.0,15239.0,3629.01135,3545.591410139726,0.9770130396918505,0,100,900,1790619822.5231237,2300.0,2300.0,performance,,32861568.0,31964868.0,29789652.0,0.0,0.0,13.14,13.46,13.69,,,
2,100,hdr_histogram,HdrHistogram,500,read-heavy,1,291791.91313094855,1540.0,4562.0,1674.4037822222222,886.5057249528215,0.5294456058718858,0,100,900,1790619828.6257372,2389.354375,3014.835,performance,,32861568.0,31957312.0,29782044.0,0.0,0.0,11.12,13.02,13.54,,,
2,101,sharded_2key,Sharded-2key,1500,write-heavy,1,252349.07067413352,2318.0,30141.0,5754.696694074074,7750.207192134163,1.3467620630840502,0,100,900,1790619832.8659933,2727.8475,3028.728,performance,,32861568.0,31954284.0,29779040.0,0.0,0.0,10.23,12.8,13.47,,,
2,102,sharded_2key,Sharded-2key,250,mixed,1,292430.305085389,823.0,1822.0,841.1755422222222,357.17201003595665,0.4246105504831698,0,100,900,1790619841.1925828,2633.233375,3012.837,performance,,32861568.0,31957408.0,29781808.0,0.0,0.0,10.53,12.82,13.47,,,
2,103,thread_local,ThreadLocal,500,mixed,1,284494.82690759737,1597.0,4430.0,1719.8158666666666,881.956348856474,0.5128202186934552,0,100,900,1790619844.380593,2390.186,3021.488,performance,,32861568.0,31966012.0,29790520.0,0.0,0.0,9.69,12.61,13.4,,,
2,104,sharded_n,Sharded-N,1500,write-heavy,1,251595.33358240302,2308.0,30466.0,5758.1186192592595,7635.0694993954185,1.3259659976191347,0,100,900,1790619848.479844,2300.0,2300.0,performance,,32861568.0,31973424.0,29797776.0,0.0,0.0,8.91,12.4,13.33,,,
2,105,sharded_2key,Sharded-2key,3000,write-heavy,1,234947.43903388717,2531.0,86158.0,12278.43403962963,20599.594192880642,1.6777053267862825,0,100,900,1790619856.8247714,2300.0,2300.0,performance,,32861568.0,31949044.0,29773184.0,0.0,0.0,9.48,12.46,13.34,,,
2,106,sharded_2key,Sharded-2key,250,read-heavy,1,311303.60102709546,770.0,1649.0,787.8859866666667,338.06777783317,0.42908210522114204,0,100,900,1790619871.9892511,2526.194,3214.307,performance,,32861568.0,31994820.0,29818496.0,0.0,0.0,11.62,12.79,13.44,,,
2,107,global_mutex,GlobalMutex,2000,mixed,1,255982.20974156118,2252.0,40084.0,7538.241245,11280.421324780782,1.496426150100053,0,100,900,1790619875.2920504,2300.0,2300.0,performance,,32861568.0,31969124.0,29792884.0,0.0,0.0,11.41,12.73,13.42,,,
2,108,disabled,Disabled,250,write-heavy,1,305205.9922055544,787.0,1678.0,804.0994222222222,336.1716750532302,0.41807227534647484,0,100,900,1790619885.502715,2300.0,2300.0,performance,,32861568.0,31971132.0,29794608.0,0.0,0.0,12.92,13.02,13.5,,,
2,109,disabled,Disabled,250,mixed,1,302100.14380772447,787.0,1748.0,812.9773733333334,363.59665438098347,0.4472408043660314,0,100,900,1790619888.657009,2300.0,2300.0,performance,,32861568.0,31955412.0,29778876.0,0.0,0.0,11.89,12.8,13.43,,,
2,110,hdr_histogram,HdrHistogram,250,mixed,1,301542.01671986957,793.0,1717.0,814.8759155555556,356.18115386977775,0.43709863927803677,0,100,900,1790619891.8202164,2387.2695,2998.156,performance,,32861568.0,31981800.0,29805264.0,0.0,0.0,11.89,12.8,13.43,,,
2,111,hdr_histogram,HdrHistogram,250,read-heavy,1,312269.4982698521,760.0,1687.0,786.15104,342.40996257338935,0.43555238771087723,0,100,900,1790619894.9856577,2387.5,3000.0,performance,,32861568.0,31969972.0,29793428.0,0.0,0.0,12.78,12.97,13.48,,,
2,112,global_mutex,GlobalMutex,1500,write-heavy,1,262698.4710591714,2222.0,30716.0,5530.133417777778,7401.412524596305,1.3383786548083825,0,100,900,1790619898.291678,2398.45925,3087.674,performance,,32861568.0,31970432.0,29793848.0,0.0,0.0,11.76,12.75,13.41,,,
2,113,global_mutex,GlobalMutex,500,read-heavy,1,296018.0206456269,1561.0,4241.0,1660.25352,815.6202175192396,0.49126245341087404,0,100,900,1790619906.3809905,2300.0,2300.0,performance,,32861568.0,31929912.0,29752952.0,0.0,0.0,11.62,12.71,13.39,,,
2,114,sharded_2key,Sharded-2key,750,mixed,1,279239.99318073597,1964.0,9243.0,2623.8674844444445,1965.1605179909566,0.7489557036097968,0,100,900,1790619910.5877469,2394.90925,3059.274,performance,,32861568.0,31969624.0,29792668.0,0.0,0.0,11.81,12.73,13.39,,,
2,115,thread_local,ThreadLocal,250,read-heavy,1,302360.06950680155,795.0,1695.0,810.3001466666667,337.55072862996417,0.41657493216377567,0,100,900,1790619915.621805,2758.532375,3078.169,performance,,32861568.0,31946012.0,29769004.0,0.0,0.0,12.22,12.8,13.41,,,
2,116,sharded_2key,Sharded-2key,100,mixed,1,291054.6610452283,323.0,719.0,336.80716666666666,140.06618907243694,0.41586463393475975,0,100,900,1790619918.9544075,2877.090125,3086.398,performance,,32861568.0,31966844.0,29789832.0,0.0,0.0,11.24,12.59,13.34,,,
2,117,thread_local,ThreadLocal,250,write-heavy,1,303065.6378305742,792.0,1682.0,809.3435244444445,345.05541627851073,0.4263398740545508,0,100,900,1790619921.6190097,2300.0,2300.0,performance,,32861568.0,31986184.0,29809140.0,0.0,0.0,11.24,12.59,13.34,,,
2,118,global_mutex,GlobalMutex,750,read-heavy,1,290556.0940169787,1879.0,8711.0,2530.687171851852,1868.2526447179775,0.7382392677759803,0,100,900,1790619924.7781668,2895.881,3135.298,performance,,32861568.0,31960568.0,29783448.0,0.0,0.0,11.3,12.58,13.33,,,
2,119,global_mutex,GlobalMutex,2000,read-heavy,1,257501.5128278254,2221.0,44611.0,7492.416353333333,11435.45578266333,1.5262707307470655,0,100,900,1790619929.8900392,2709.0365,2986.234,performance,,32861568.0,31930220.0,29752960.0,0.0,0.0,11.52,12.6,13.34,,,
2,120,global_mutex,GlobalMutex,750,write-heavy,1,278027.80394852353,2005.0,8762.0,2638.9516785185183,1901.5814592923712,0.7205821443308505,0,100,900,1790619940.2333174,2381.356,2950.848,performance,,32861568.0,31979464.0,29801888.0,0.0,0.0,12.0,12.67,13.35,,,
2,121,disabled,Disabled,3000,read-heavy,1,249213.30216180856,2335.0,80455.0,11564.649130740741,19506.4396401935,1.686729914558512,0,100,900,1790619945.2928472,2300.0,2300.0,performance,,32861568.0,31976588.0,29798928.0,0.0,0.0,12.24,12.7,13.36,,,
2,122,sharded_n,Sharded-N,1500,mixed,1,266918.488772961,2170.0,28552.0,5429.402602962963,7191.478157911388,1.3245431742318787,0,100,900,1790619959.881719,2384.899625,2979.197,performance,,32861568.0,31976220.0,29798072.0,0.0,0.0,13.86,13.03,13.46,,,
2,123,sharded_n,Sharded-N,3000,write-heavy,1,237473.96536636943,2515.0,82269.0,12168.748975925926,20503.347464231494,1.6849182693138252,0,100,900,1790619967.8930256,2300.0,2300.0,performance,,32861568.0,31971600.0,29793320.0,0.0,0.0,15.27,13.39,13.57,,,
2,124,hdr_histogram,HdrHistogram,3000,write-heavy,1,235278.56463699485,2532.0,84749.0,12300.15116148148,20515.019100140213,1.6678672343787115,0,100,900,1790619982.9450471,2300.0,2300.0,performance,,32861568.0,31977760.0,29799232.0,0.0,0.0,14.92,13.43,13.58,,,
2,125,thread_local,ThreadLocal,3000,read-heavy,1,242691.35640836024,2395.0,74309.0,11878.100152962963,20033.19534606062,1.6865656197606138,0,100,900,1790619998.1138752,2389.481125,3015.849,performance,,32861568.0,31976500.0,29797560.0,0.0,0.0,17.08,14.04,13.78,,,
2,126,disabled,Disabled,1000,write-heavy,1,270545.44431654125,2116.0,15081.0,3599.3387944444444,3518.0568369375565,0.9774175307886143,0,100,900,1790620013.0587933,2300.0,2300.0,performance,,32861568.0,31981476.0,29802180.0,0.0,0.0,15.32,13.82,13.72,,,
2,127,sharded_2key,Sharded-2key,500,write-heavy,1,296675.3167651473,1555.0,4170.0,1657.3399822222223,816.9515862077825,0.49292938984817336,0,100,900,1790620019.1214118,2395.000875,3060.007,performance,,32861568.0,31950592.0,29771264.0,0.0,0.0,14.09,13.59,13.64,,,
2,128,thread_local,ThreadLocal,100,read-heavy,1,280182.85966226144,335.0,768.0,351.3113333333333,147.5293215052034,0.41993897579507844,0,100,900,1790620023.1645744,2406.378,3151.024,performance,,32861568.0,31969352.0,29790008.0,0.0,0.0,12.96,13.37,13.57,,,
2,129,hdr_histogram,HdrHistogram,1000,mixed,1,283081.15370105405,1985.0,13927.0,3435.9271355555557,3243.400790932348,0.9439666974800157,0,100,900,1790620026.0104716,2408.874875,3170.999,performance,,32861568.0,31985736.0,29806356.0,0.0,0.0,12.96,13.37,13.57,,,
2,130,hdr_histogram,HdrHistogram,2000,read-heavy,1,261053.15944003811,2207.0,41070.0,7395.266771111111,11007.175405676364,1.4884081597535903,0,100,900,1790620031.9187758,2300.0,2300.0,performance,,32861568.0,31904780.0,29725180.0,0.0,0.0,12.89,13.34,13.56,,,
2,131,disabled,Disabled,1000,read-heavy,1,281591.41850727797,2044.0,14443.0,3445.28407,3404.731471194936,0.9882295340584023,0,100,900,1790620042.1101174,2300.0,2300.0,performance,,32861568.0,31970060.0,29790200.0,0.0,0.0,18.04,14.4,13.9,,,
2,132,thread_local,ThreadLocal,1500,write-heavy,1,266765.2283167709,2162.0,28155.0,5437.201068148148,7258.133865588178,1.3349026042290948,0,100,900,1790620048.2024927,2396.697875,3073.583,performance,,32861568.0,31968856.0,29788852.0,0.0,0.0,16.22,14.13,13.82,,,
2,133,hdr_histogram,HdrHistogram,1500,mixed,1,267454.3676173105,2179.0,29931.0,5432.9088133333335,7191.970176085062,1.3237789227079748,0,100,900,1790620056.232062,2694.841625,3142.815,performance,,32861568.0,31954800.0,29774576.0,0.0,0.0,16.21,14.17,13.83,,,
2,134,global_mutex,GlobalMutex,100,write-heavy,1,282466.7342850182,333.0,722.0,346.66405555555554,140.41515564511155,0.40504676904008863,0,100,900,1790620064.2395573,2824.248875,3192.374,performance,,32861568.0,31957644.0,29777320.0,0.0,0.0,14.75,13.93,13.76,,,
2,135,sharded_n,Sharded-N,3000,mixed,1,234296.6894839694,2509.0,82734.0,12314.869801111112,20531.17355162274,1.6671855962107136,0,100,900,1790620066.9136755,2389.076125,3012.609,performance,,32861568.0,31977120.0,29796800.0,0.0,0.0,14.75,13.93,13.76,,,
2,136,disabled,Disabled,3000,write-heavy,1,235044.64351558266,2542.0,86172.0,12269.852718148148,20699.54905176312,1.6870250627496726,0,100,900,1790620082.1198401,2300.0,2300.0,performance,,32861568.0,31987720.0,29806904.0,0.0,0.0,19.01,14.91,14.08,,,
2,137,global_mutex,GlobalMutex,1000,read-heavy,1,287182.87621888216,1944.0,13778.0,3387.928271111111,3308.257892719027,0.9764840421589106,0,100,900,1790620097.2948895,2766.05225,3084.541,performance,,32861568.0,31978368.0,29797240.0,0.0,0.0,18.88,15.08,14.15,,,
2,138,sharded_n,Sharded-N,750,read-heavy,1,290221.56369358575,1899.0,8606.0,2528.923762962963,1870.6029977762496,0.7396834278565183,0,100,900,1790620103.3130722,2300.0,2300.0,performance,,32861568.0,31943432.0,29762256.0,0.0,0.0,16.05,14.6,14.0,,,
2,139,disabled,Disabled,100,write-heavy,1,278144.17521115014,336.0,825.0,353.0758222222222,152.87489479681915,0.4329803548559077,0,100,900,1790620108.427999,2920.231625,3111.34,performance,,32861568.0,31951452.0,29770208.0,0.0,0.0,14.77,14.36,13.93,,,
2,140,thread_local,ThreadLocal,1000,read-heavy,1,279206.3020073856,2032.0,14689.0,3478.8406644444444,3384.731266687508,0.972948057460986,0,100,900,1790620111.10838,2387.79875,3002.39,performance,,32861568.0,31971092.0,29789836.0,0.0,0.0,14.77,14.36,13.93,,,
2,141,sharded_n,Sharded-N,1000,read-heavy,1,281959.48540131975,1977.0,14166.0,3450.8363055555556,3387.5715306487346,0.9816668281816294,0,100,900,1790620117.2382662,2387.721,3001.768,performance,,32861568.0,31948976.0,29767540.0,0.0,0.0,14.87,14.39,13.94,,,
2,142,disabled,Disabled,100,read-heavy,1,284736.9753105486,328.0,804.0,343.64858888888887,150.05504550876978,0.436652587440965,0,100,900,1790620123.3282611,2387.699625,3001.597,performance,,32861568.0,31967164.0,29785580.0,0.0,0.0,12.65,13.93,13.79,,,
2,143,thread_local,ThreadLocal,2000,write-heavy,1,245075.3038093431,2412.0,41467.0,7886.491311111111,11837.8666796887,1.5010308402940329,0,100,900,1790620126.1845374,2387.680875,3001.447,performance,,32861568.0,31967224.0,29785608.0,0.0,0.0,12.65,13.93,13.79,,,
2,144,disabled,Disabled,750,write-heavy,1,278111.2442612069,2001.0,8881.0,2639.660545185185,1919.929482808143,0.7273395385289779,0,100,900,1790620136.7402308,2387.576875,3000.615,performance,,32861568.0,31957088.0,29775148.0,0.0,0.0,15.43,14.49,13.98,,,
3,1,disabled,Disabled,250,mixed,1,300516.2540680451,800.0,1762.0,816.9049022222222,354.94214075045306,0.4344962795362175,0,100,900,1790620141.7901943,2654.11225,3036.997,performance,,32861568.0,31948940.0,29766976.0,0.0,0.0,16.12,14.65,14.03,,,
3,2,global_mutex,GlobalMutex,2000,write-heavy,1,249218.38758584196,2342.0,44026.0,7761.604350555555,11511.796135756238,1.483172243240182,0,100,900,1790620144.9537203,2400.55825,3104.466,performance,,32861568.0,31960336.0,29778364.0,0.0,0.0,16.03,14.65,14.04,,,
3,3,thread_local,ThreadLocal,500,read-heavy,1,299210.6356662533,1538.0,4194.0,1639.54816,822.1636109238344,0.501457432591571,0,100,900,1790620155.3906946,2387.776125,3002.209,performance,,32861568.0,31961380.0,29779120.0,0.0,0.0,16.77,14.86,14.11,,,
3,4,disabled,Disabled,750,read-heavy,1,284171.4185853382,1927.0,8843.0,2581.329528888889,1901.393493210397,0.7365946392860719,0,100,900,1790620159.5858705,2776.551125,3091.176,performance,,32861568.0,31967840.0,29785608.0,0.0,0.0,15.42,14.61,14.04,,,
3,5,sharded_n,Sharded-N,2000,mixed,1,240901.05071181452,2422.0,41531.0,8019.812436666667,12010.18509151972,1.4975643366182763,0,100,900,1790620164.7513907,2476.219875,3005.859,performance,,32861568.0,31928076.0,29745652.0,0.0,0.0,15.39,14.62,14.04,,,
3,6,sharded_n,Sharded-N,100,mixed,1,275109.01653295144,343.0,731.0,356.28706666666665,140.13206930695597,0.3933122541269792,0,100,900,1790620175.4717135,2300.0,2300.0,performance,,32861568.0,31953548.0,29770840.0,0.0,0.0,15.38,14.65,14.06,,,
3,7,disabled,Disabled,1500,mixed,1,253793.40743300848,2270.0,31157.0,5719.2808162962965,7598.8231828506105,1.3286326422718777,0,100,900,1790620178.1569722,2300.0,2300.0,performance,,32861568.0,31970772.0,29788028.0,0.0,0.0,14.15,14.4,13.98,,,
3,8,disabled,Disabled,1000,write-heavy,1,266980.0460252715,2116.0,15500.0,3641.569868888889,3609.0838393135828,0.99107911402364,0,100,900,1790620186.4199963,2300.0,2300.0,performance,,32861568.0,31952332.0,29769480.0,0.0,0.0,15.1,14.6,14.05,,,
3,9,sharded_n,Sharded-N,1000,write-heavy,1,267222.1096347844,2131.0,15576.0,3637.372358888889,3592.543630430253,0.9876755184689615,0,100,900,1790620192.5288885,2300.0,2300.0,performance,,32861568.0,31957088.0,29774076.0,0.0,0.0,14.45,14.47,14.01,,,
3,10,sharded_n,Sharded-N,100,write-heavy,1,275464.04895588703,339.0,790.0,354.30795555555557,150.3517079805397,0.4243531809631198,0,100,900,1790620198.6387274,2300.0,2300.0,performance,,32861568.0,31950620.0,29767400.0,0.0,0.0,12.23,13.99,13.86,,,
3,11,disabled,Disabled,3000,read-heavy,1,246196.80718527155,2355.0,77224.0,11711.001152962963,19669.02598787613,1.679534117618948,0,100,900,1790620201.3239388,2300.0,2300.0,performance,,32861568.0,31959720.0,29776476.0,0.0,0.0,12.23,13.99,13.86,,,
3,12,hdr_histogram,HdrHistogram,100,write-heavy,1,279184.5845911284,335.0,817.0,350.7898666666667,152.14239672342447,0.43371377334566996,0,100,900,1790620216.1069336,2741.858125,3023.274,performance,,32861568.0,31965660.0,29782044.0,0.0,0.0,12.8,14.03,13.87,,,
3,13,sharded_n,Sharded-N,1500,write-heavy,1,256928.81508134445,2250.0,29535.0,5653.556933333333,7397.4417193580575,1.3084579861118566,0,100,900,1790620218.7875671,2387.711125,3001.689,performance,,32861568.0,31980956.0,29797308.0,0.0,0.0,11.78,13.8,13.8,,,
3,14,sharded_2key,Sharded-2key,2000,write-heavy,1,250832.98027023656,2318.0,42295.0,7687.577772777778,11613.237389891445,1.5106497434100359,0,100,900,1790620227.0072005,2387.54725,3000.378,performance,,32861568.0,31942888.0,29759096.0,0.0,0.0,12.03,13.82,13.8,,,
3,15,hdr_histogram,HdrHistogram,100,read-heavy,1,288087.19500560773,328.0,746.0,340.99302222222224,145.27298356533782,0.42602919736775335,0,100,900,1790620237.3655145,2389.5175,3016.14,performance,,32861568.0,31956296.0,29772260.0,0.0,0.0,12.41,13.84,13.81,,,
3,16,global_mutex,GlobalMutex,250,read-heavy,1,298197.311371931,798.0,1772.0,823.2220133333333,365.965902903596,0.44455310593767083,0,100,900,1790620240.2147179,2410.37875,3183.03,performance,,32861568.0,31992028.0,29807944.0,0.0,0.0,11.42,13.61,13.74,,,
3,17,hdr_histogram,HdrHistogram,3000,write-heavy,1,230168.02435505527,2605.0,84274.0,12554.714564444444,21175.819665973224,1.6866826846023377,0,100,900,1790620243.5507379,2577.2155,3062.259,performance,,32861568.0,31983992.0,29799992.0,0.0,0.0,10.5,13.38,13.66,,,
3,18,disabled,Disabled,1500,read-heavy,1,271217.65776567766,2118.0,28661.0,5347.038334074074,7072.7936772132625,1.3227497607678984,0,100,900,1790620258.9814398,2835.429375,3035.075,performance,,32861568.0,31971552.0,29787084.0,0.0,0.0,11.75,13.56,13.72,,,
3,19,sharded_2key,Sharded-2key,3000,mixed,1,237376.7310504254,2492.0,83908.0,12130.190188518518,20591.774623016787,1.6975640367541258,0,100,900,1790620267.079809,2300.0,2300.0,performance,,32861568.0,31942828.0,29758160.0,0.0,0.0,12.89,13.77,13.79,,,
3,20,thread_local,ThreadLocal,3000,write-heavy,1,233044.92666818795,2548.0,85358.0,12392.554526296297,20750.82200991978,1.6744588023306828,0,100,900,1790620282.1329336,2784.643875,3002.002,performance,,32861568.0,31987600.0,29802552.0,0.0,0.0,17.51,14.73,14.1,,,
3,21,disabled,Disabled,500,mixed,1,286838.22350328567,1586.0,4589.0,1709.6090844444445,880.4228333724799,0.5149848824408784,0,100,900,1790620297.3998632,2704.270625,3007.572,performance,,32861568.0,31976316.0,29790912.0,0.0,0.0,18.66,15.12,14.24,,,
3,22,thread_local,ThreadLocal,250,read-heavy,1,296570.09214863775,811.0,1696.0,826.7495466666667,348.1449606724674,0.42110087882858477,0,100,900,1790620301.4895074,2642.9725,3033.697,performance,,32861568.0,31954468.0,29769108.0,0.0,0.0,17.16,14.87,14.16,,,
3,23,thread_local,ThreadLocal,1000,write-heavy,1,273339.54079129046,2072.0,15508.0,3554.4830377777776,3548.648465387791,0.9983585313734865,0,100,900,1790620304.8460627,2300.0,2300.0,performance,,32861568.0,31964568.0,29779180.0,0.0,0.0,17.15,14.91,14.18,,,
3,24,disabled,Disabled,250,read-heavy,1,293052.7538771622,805.0,1966.0,837.6772577777778,382.5762154946015,0.456710758161818,0,100,900,1790620310.880475,2388.122875,3004.983,performance,,32861568.0,31935980.0,29750392.0,0.0,0.0,18.5,15.22,14.29,,,
3,25,disabled,Disabled,1500,write-heavy,1,257387.98002182867,2250.0,30055.0,5621.721594074074,7472.379339489227,1.3291976869445037,0,100,900,1790620314.2341597,2387.481625,2999.853,performance,,32861568.0,31960240.0,29774644.0,0.0,0.0,17.02,14.97,14.21,,,
3,26,sharded_2key,Sharded-2key,100,mixed,1,277392.88145634317,338.0,798.0,353.1344888888889,146.24741875990063,0.41414085387144467,0,100,900,1790620322.433423,2389.297125,3014.377,performance,,32861568.0,31949552.0,29763712.0,0.0,0.0,18.3,15.27,14.31,,,
3,27,sharded_2key,Sharded-2key,3000,read-heavy,1,238727.04648621342,2468.0,85099.0,12101.519423333333,20445.745481502036,1.68951887496705,0,100,900,1790620325.114224,2387.57275,3000.582,performance,,32861568.0,31971824.0,29785948.0,0.0,0.0,16.83,15.02,14.23,,,
3,28,sharded_2key,Sharded-2key,250,mixed,1,294563.5083964412,807.0,1785.0,830.2122488888889,370.5991076054253,0.44639079717435515,0,100,900,1790620340.2490013,2300.0,2300.0,performance,,32861568.0,31966744.0,29780476.0,0.0,0.0,17.84,15.31,14.34,,,
3,29,sharded_2key,Sharded-2key,3000,write-heavy,1,232664.66580362275,2556.0,86241.0,12449.408755185184,20904.127884363268,1.6791261573491745,0,100,900,1790620343.431096,2300.0,2300.0,performance,,32861568.0,31969756.0,29783552.0,0.0,0.0,16.41,15.06,14.27,,,
3,30,hdr_histogram,HdrHistogram,750,mixed,1,276674.5360159731,1967.0,9408.0,2647.7110992592593,2012.9845768513328,0.7602734971404163,0,100,900,1790620358.752715,2875.029375,3255.894,performance,,32861568.0,31986116.0,29799480.0,0.0,0.0,14.7,14.76,14.18,,,
3,31,global_mutex,GlobalMutex,1000,mixed,1,274201.1098414225,2094.0,15409.0,3555.4532444444444,3510.745115956562,0.9874254770308847,0,100,900,1790620363.8225641,2646.441625,2999.149,performance,,32861568.0,31974144.0,29787468.0,0.0,0.0,13.52,14.51,14.1,,,
3,32,thread_local,ThreadLocal,2000,write-heavy,1,245561.6502154838,2381.0,47764.0,7847.968537222222,11997.644777320975,1.528758011760267,0,100,900,1790620369.838375,2852.950375,3096.615,performance,,32861568.0,31951224.0,29764404.0,0.0,0.0,13.8,14.56,14.12,,,
3,33,sharded_n,Sharded-N,750,mixed,1,278165.2134988297,1980.0,8889.0,2634.767037037037,1934.7494609223313,0.734315191333986,0,100,900,1790620380.3737085,2300.0,2300.0,performance,,32861568.0,31978332.0,29791292.0,0.0,0.0,16.61,15.13,14.31,,,
3,34,sharded_n,Sharded-N,750,write-heavy,1,277159.6094251674,2019.0,8945.0,2651.1841437037037,1903.8069986547578,0.7180968561448696,0,100,900,1790620385.428752,2398.654375,3089.235,performance,,32861568.0,31949220.0,29762016.0,0.0,0.0,16.48,15.13,14.32,,,
3,35,hdr_histogram,HdrHistogram,750,write-heavy,1,273971.65786415956,1997.0,9175.0,2675.2240385185187,1973.3959382730668,0.7376563270438804,0,100,900,1790620390.4932249,2721.964625,3063.172,performance,,32861568.0,31973284.0,29786012.0,0.0,0.0,16.76,15.21,14.35,,,
3,36,sharded_n,Sharded-N,1000,mixed,1,273901.4489798416,2099.0,15334.0,3548.1255133333334,3518.273279910161,0.991586477617268,0,100,900,1790620395.588328,2501.323625,3109.077,performance,,32861568.0,31930144.0,29742824.0,0.0,0.0,16.14,15.11,14.32,,,
3,37,disabled,Disabled,250,write-heavy,1,296799.7840300096,802.0,1852.0,826.3348355555555,367.60368697600853,0.444860450217936,0,100,900,1790620401.6094353,2397.92425,3083.394,performance,,32861568.0,31956312.0,29768824.0,0.0,0.0,15.65,15.02,14.29,,,
3,38,hdr_histogram,HdrHistogram,3000,read-heavy,1,246295.7139446084,2399.0,82297.0,11734.428876666667,19823.7896094583,1.6893697867884248,0,100,900,1790620404.7863333,2411.489,3191.912,performance,,32861568.0,31959964.0,29772512.0,0.0,0.0,15.12,14.92,14.27,,,
3,39,hdr_histogram,HdrHistogram,1500,write-heavy,1,262023.46282654046,2181.0,27635.0,5540.165068148148,7260.258342504759,1.3104768997309981,0,100,900,1790620419.566196,2605.25475,3158.183,performance,,32861568.0,31973676.0,29785744.0,0.0,0.0,14.35,14.77,14.23,,,
3,40,global_mutex,GlobalMutex,750,write-heavy,1,274964.1369775423,2018.0,8977.0,2666.08248,1947.338364675599,0.7304118980878638,0,100,900,1790620427.6682067,2300.0,2300.0,performance,,32861568.0,31968640.0,29780548.0,0.0,0.0,14.25,14.74,14.22,,,
3,41,disabled,Disabled,100,mixed,1,282856.4922872106,332.0,773.0,346.59753333333333,142.57634601491563,0.4113599558649935,0,100,900,1790620432.7492473,2390.58175,3024.654,performance,,32861568.0,31953652.0,29765480.0,0.0,0.0,12.05,14.26,14.07,,,
3,42,global_mutex,GlobalMutex,250,mixed,1,308224.0725115734,779.0,1637.0,795.6079066666666,328.2008308061714,0.4125157983675955,0,100,900,1790620435.421663,2683.0285,3125.146,performance,,32861568.0,31979900.0,29791700.0,0.0,0.0,12.05,14.26,14.07,,,
3,43,global_mutex,GlobalMutex,1000,write-heavy,1,278577.6202973125,2043.0,14690.0,3483.301896666667,3401.5326851505047,0.9765253733549737,0,100,900,1790620438.5724685,2408.716,3169.728,performance,,32861568.0,31973284.0,29785032.0,0.0,0.0,11.09,14.02,13.99,,,
3,44,sharded_2key,Sharded-2key,2000,read-heavy,1,265329.9681706426,2172.0,43752.0,7269.761008888889,11088.919085985506,1.5253485049132776,0,100,900,1790620444.5315325,2485.057375,3098.924,performance,,32861568.0,31964064.0,29775652.0,0.0,0.0,10.2,13.79,13.92,,,
3,45,disabled,Disabled,2000,read-heavy,1,266223.0979673757,2156.0,41593.0,7238.7281883333335,11031.689652515586,1.5239817500393746,0,100,900,1790620454.6415348,2407.0885,3156.708,performance,,32861568.0,31978660.0,29790032.0,0.0,0.0,9.52,13.53,13.83,,,
3,46,sharded_n,Sharded-N,250,write-heavy,1,304215.61392236024,792.0,1631.0,805.7092533333333,337.03212356349735,0.41830489369353485,0,100,900,1790620464.7415206,2814.3635,3190.087,performance,,32861568.0,31951720.0,29762728.0,0.0,0.0,12.96,14.13,14.02,,,
3,47,hdr_histogram,HdrHistogram,500,write-heavy,1,300555.08416459046,1543.0,3954.0,1632.4733066666668,797.4922012675689,0.48851775891880367,0,100,900,1790620467.8984807,2408.392875,3167.143,performance,,32861568.0,31970468.0,29781564.0,0.0,0.0,11.92,13.89,13.95,,,
3,48,sharded_2key,Sharded-2key,750,mixed,1,278861.1389579205,1972.0,8922.0,2629.9140296296296,1953.4443841736227,0.7427787989133341,0,100,900,1790620471.9195445,2725.579125,3266.12,performance,,32861568.0,31945208.0,29756276.0,0.0,0.0,11.92,13.89,13.95,,,
3,49,sharded_n,Sharded-N,1500,read-heavy,1,268366.27078617556,2151.0,26818.0,5415.6667637037035,7017.060020847064,1.295696416898478,0,100,900,1790620476.9657712,2300.0,2300.0,performance,,32861568.0,31939736.0,29750672.0,0.0,0.0,12.25,13.93,13.96,,,
3,50,thread_local,ThreadLocal,2000,mixed,1,260089.10269171285,2215.0,42460.0,7423.000273888889,11241.50065606004,1.514414689650907,0,100,900,1790620485.1010528,2300.0,2300.0,performance,,32861568.0,31959732.0,29770404.0,0.0,0.0,16.93,14.84,14.25,,,
3,51,hdr_histogram,HdrHistogram,2000,write-heavy,1,252049.41692462497,2320.0,43121.0,7645.331213888889,11467.931616921313,1.499991471407818,0,100,900,1790620495.180893,2300.0,2300.0,performance,,32861568.0,31964984.0,29775380.0,0.0,0.0,17.43,15.03,14.32,,,
3,52,sharded_n,Sharded-N,1500,mixed,1,267641.74796459224,2167.0,29116.0,5432.124606666666,7157.512168879749,1.3176266538686487,0,100,900,1790620505.5333037,2411.692125,3193.537,performance,,32861568.0,31988960.0,29799216.0,0.0,0.0,18.86,15.41,14.45,,,
3,53,sharded_2key,Sharded-2key,1000,write-heavy,1,271029.37536767503,2109.0,15365.0,3593.923367777778,3618.6246571763686,1.0068730707004097,0,100,900,1790620513.5229561,2300.0,2300.0,performance,,32861568.0,31954220.0,29764236.0,0.0,0.0,19.57,15.7,14.56,,,
3,54,disabled,Disabled,3000,mixed,1,240390.8558088109,2446.0,86148.0,11993.96146037037,20555.236882386063,1.713798810368307,0,100,900,1790620519.561718,2300.0,2300.0,performance,,32861568.0,31953888.0,29763804.0,0.0,0.0,18.0,15.44,14.48,,,
3,55,thread_local,ThreadLocal,1500,mixed,1,264579.469135896,2199.0,29383.0,5489.124312592593,7320.547908949803,1.33364585898624,0,100,900,1790620534.4456775,2746.98825,3063.391,performance,,32861568.0,31975968.0,29785496.0,0.0,0.0,16.19,15.17,14.41,,,
3,56,global_mutex,GlobalMutex,100,write-heavy,1,280000.9986702286,336.0,796.0,350.17094444444444,146.7079400350471,0.4189609171252148,0,100,900,1790620542.4990838,2300.0,2300.0,performance,,32861568.0,31968492.0,29777824.0,0.0,0.0,16.17,15.18,14.42,,,
3,57,hdr_histogram,HdrHistogram,2000,mixed,1,255484.84350458867,2290.0,45538.0,7566.400925,11439.646602231185,1.511900666594823,0,100,900,1790620545.1773858,2386.065875,2988.527,performance,,32861568.0,31984696.0,29794000.0,0.0,0.0,14.88,14.93,14.34,,,
3,58,hdr_histogram,HdrHistogram,1500,mixed,1,263977.28635714436,2176.0,28372.0,5498.228555555555,7297.777183269426,1.3272960753687766,0,100,900,1790620555.3896573,2388.181,3005.448,performance,,32861568.0,31954044.0,29763144.0,0.0,0.0,15.71,15.11,14.41,,,
3,59,sharded_2key,Sharded-2key,1500,write-heavy,1,262622.5834970706,2204.0,29543.0,5520.64169037037,7376.824834848762,1.3362259767222575,0,100,900,1790620563.4611301,2300.0,2300.0,performance,,32861568.0,31943076.0,29752008.0,0.0,0.0,14.69,14.93,14.35,,,
3,60,sharded_n,Sharded-N,2000,read-heavy,1,261785.6498392295,2203.0,45150.0,7364.4807222222225,11091.555670005468,1.5060879494920594,0,100,900,1790620571.546706,2389.712625,3017.701,performance,,32861568.0,31970676.0,29779336.0,0.0,0.0,14.32,14.84,14.33,,,
3,61,disabled,Disabled,500,write-heavy,1,284815.4466824544,1588.0,4448.0,1720.2668533333333,891.7850370783993,0.5183992444837275,0,100,900,1790620581.7507737,2300.0,2300.0,performance,,32861568.0,31962936.0,29771412.0,0.0,0.0,14.02,14.77,14.31,,,
3,62,sharded_2key,Sharded-2key,250,write-heavy,1,296396.5346281448,808.0,1757.0,828.7534088888889,348.18451539915475,0.42013041715987187,0,100,900,1790620585.8473785,2388.1315,3005.052,performance,,32861568.0,31953564.0,29762024.0,0.0,0.0,14.18,14.79,14.32,,,
3,63,thread_local,ThreadLocal,750,write-heavy,1,284036.9929880658,1919.0,8924.0,2578.6040296296296,1927.2524406003433,0.7474014693435341,0,100,900,1790620589.027891,2686.858,3141.023,performance,,32861568.0,31961172.0,29769672.0,0.0,0.0,13.04,14.54,14.24,,,
3,64,global_mutex,GlobalMutex,750,read-heavy,1,285022.9881237411,1918.0,8920.0,2567.62464,1910.923975755568,0.7442380580035126,0,100,900,1790620594.026564,2512.59725,3181.294,performance,,32861568.0,31975856.0,29784180.0,0.0,0.0,12.0,14.3,14.17,,,
3,65,sharded_2key,Sharded-2key,1000,mixed,1,280512.46444372437,2070.0,14593.0,3467.7007022222224,3360.6894937058537,0.9691405868886573,0,100,900,1790620599.1840174,2300.0,2300.0,performance,,32861568.0,31942016.0,29750168.0,0.0,0.0,11.04,14.06,14.09,,,
3,66,hdr_histogram,HdrHistogram,2000,read-heavy,1,264928.9769405751,2157.0,40689.0,7269.579771666667,10883.425804461876,1.497118973352524,0,100,900,1790620605.114003,2300.0,2300.0,performance,,32861568.0,31957484.0,29765552.0,0.0,0.0,11.76,14.16,14.12,,,
3,67,sharded_n,Sharded-N,500,mixed,1,296978.2984771466,1539.0,4420.0,1652.0956844444445,843.1010130297884,0.5103221447571911,0,100,900,1790620615.2320237,2300.0,2300.0,performance,,32861568.0,31939980.0,29747656.0,0.0,0.0,11.89,14.11,14.1,,,
3,68,thread_local,ThreadLocal,250,mixed,1,314544.50256984535,759.0,1670.0,779.8633644444444,342.58675722021746,0.4392907435320646,0,100,900,1790620619.2658029,2300.0,2300.0,performance,,32861568.0,31966688.0,29774480.0,0.0,0.0,10.94,13.87,14.03,,,
3,69,thread_local,ThreadLocal,1000,mixed,1,281312.9710294619,2034.0,14590.0,3455.3424822222223,3450.5877443942327,0.9986239460046428,0,100,900,1790620622.3925643,2700.02525,3173.455,performance,,32861568.0,31967380.0,29775132.0,0.0,0.0,10.94,13.87,14.03,,,
3,70,thread_local,ThreadLocal,2000,read-heavy,1,269008.0463869537,2126.0,40848.0,7143.849447777778,10760.596612537931,1.5062742700835061,0,100,900,1790620628.3084555,2507.84325,3179.536,performance,,32861568.0,31954124.0,29761684.0,0.0,0.0,19.28,15.64,14.6,,,
3,71,sharded_2key,Sharded-2key,500,mixed,1,291560.66705952503,1556.0,4517.0,1679.2887266666667,880.8689759395611,0.524548853304135,0,100,900,1790620638.301701,2300.0,2300.0,performance,,32861568.0,31954588.0,29761832.0,0.0,0.0,19.7,15.87,14.69,,,
3,72,disabled,Disabled,500,read-heavy,1,302835.1892748298,1496.0,4262.0,1620.1070044444446,826.278139215019,0.5100145465381531,0,100,900,1790620642.356901,2300.0,2300.0,performance,,32861568.0,31969120.0,29776400.0,0.0,0.0,19.7,15.87,14.69,,,
3,73,global_mutex,GlobalMutex,1500,mixed,1,270132.54053101153,2125.0,29272.0,5375.745393333334,7229.630342433898,1.3448610031642565,0,100,900,1790620646.5211675,2945.1465,3224.604,performance,,32861568.0,31956976.0,29764116.0,0.0,0.0,18.12,15.61,14.61,,,
3,74,thread_local,ThreadLocal,100,write-heavy,1,292491.66961788054,322.0,733.0,335.7448888888889,138.9164237319083,0.4137558852843213,0,100,900,1790620654.4467168,2300.0,2300.0,performance,,32861568.0,31938704.0,29745668.0,0.0,0.0,16.81,15.42,14.56,,,
3,75,hdr_histogram,HdrHistogram,250,read-heavy,1,307568.95035618974,767.0,1895.0,795.0630622222222,372.67922037300366,0.4687417112943914,0,100,900,1790620657.1101186,3149.712625,3225.319,performance,,32861568.0,31966880.0,29773828.0,0.0,0.0,16.81,15.42,14.56,,,
3,76,sharded_2key,Sharded-2key,100,write-heavy,1,291277.65659098956,324.0,692.0,337.1229,139.23957384713893,0.41302318485970224,0,100,900,1790620660.4437933,2300.0,2300.0,performance,,32861568.0,31980760.0,29787740.0,0.0,0.0,18.59,15.81,14.7,,,
3,77,global_mutex,GlobalMutex,2000,mixed,1,270095.7088736021,2142.0,41471.0,7134.226457777778,10641.694155876965,1.4916395237601863,0,100,900,1790620663.106298,2444.19275,3453.542,performance,,32861568.0,31976624.0,29783592.0,0.0,0.0,17.1,15.55,14.62,,,
3,78,hdr_histogram,HdrHistogram,500,read-heavy,1,303259.0806596783,1494.0,4365.0,1619.55622,854.6973512422611,0.5277355245144013,0,100,900,1790620672.9124432,2411.908375,3195.267,performance,,32861568.0,31967140.0,29773708.0,0.0,0.0,16.61,15.51,14.62,,,
3,79,disabled,Disabled,750,mixed,1,289815.2875918054,1880.0,8941.0,2531.05077037037,1906.275016196659,0.7531555820659072,0,100,900,1790620677.0662086,2394.303125,3054.425,performance,,32861568.0,31950876.0,29757420.0,0.0,0.0,16.61,15.51,14.62,,,
3,80,global_mutex,GlobalMutex,250,write-heavy,1,300192.2519237714,798.0,1684.0,815.07708,347.2923782136917,0.426085319702146,0,100,900,1790620681.9965386,2411.5805,3192.644,performance,,32861568.0,31948832.0,29755260.0,0.0,0.0,16.8,15.57,14.64,,,
3,81,sharded_2key,Sharded-2key,1500,read-heavy,1,290260.49180362973,1972.0,26186.0,4986.538171111111,6664.873014177353,1.3365731466349673,0,100,900,1790620685.1565704,3043.011375,3281.913,performance,,32861568.0,31987296.0,29793696.0,0.0,0.0,16.49,15.53,14.63,,,
3,82,sharded_n,Sharded-N,3000,mixed,1,247462.9215003909,2382.0,76019.0,11655.03142111111,19628.16578416123,1.6840937681736436,0,100,900,1790620692.883924,2300.0,2300.0,performance,,32861568.0,31942220.0,29748420.0,0.0,0.0,15.28,15.31,14.57,,,
3,83,disabled,Disabled,2000,write-heavy,1,272271.46842490544,2131.0,40747.0,7064.020038333333,10742.634121012974,1.5207536307537943,0,100,900,1790620707.4184728,2423.28825,3286.306,performance,,32861568.0,31980288.0,29786048.0,0.0,0.0,17.61,15.82,14.75,,,
3,84,hdr_histogram,HdrHistogram,250,mixed,1,321588.0032753095,752.0,1523.0,763.0287244444445,310.97686024641206,0.40755590226676197,0,100,900,1790620717.1641426,2810.076625,3390.553,performance,,32861568.0,31967100.0,29772704.0,0.0,0.0,16.02,15.53,14.66,,,
3,85,sharded_2key,Sharded-2key,750,write-heavy,1,297191.81067351584,1826.0,8643.0,2461.999397037037,1842.8289944625515,0.7485091168910749,0,100,900,1790620720.2820683,2300.0,2300.0,performance,,32861568.0,31976960.0,29782564.0,0.0,0.0,16.58,15.66,14.71,,,
3,86,thread_local,ThreadLocal,500,write-heavy,1,302303.6619270594,1507.0,4249.0,1620.7977533333333,834.6472121432001,0.5149607410466015,0,100,900,1790620725.1599703,2968.174125,3195.738,performance,,32861568.0,31940828.0,29746244.0,0.0,0.0,16.21,15.6,14.69,,,
3,87,sharded_n,Sharded-N,3000,read-heavy,1,252681.74762869696,2304.0,80121.0,11411.395635185185,19496.264762495444,1.7084908266944911,0,100,900,1790620729.1651874,2300.0,2300.0,performance,,32861568.0,31959744.0,29765144.0,0.0,0.0,14.91,15.34,14.61,,,
3,88,global_mutex,GlobalMutex,1500,read-heavy,1,283841.4613063357,2002.0,26300.0,5098.643722222222,6690.025249472218,1.312118597405429,0,100,900,1790620743.6027596,2411.770625,3194.165,performance,,32861568.0,31981220.0,29786188.0,0.0,0.0,13.45,15.01,14.52,,,
3,89,sharded_2key,Sharded-2key,100,read-heavy,1,300825.320282702,310.0,745.0,324.89922222222225,138.3921332192608,0.4259540305227458,0,100,900,1790620751.4335358,2412.06525,3196.522,performance,,32861568.0,31938224.0,29743060.0,0.0,0.0,13.26,14.94,14.5,,,
3,90,disabled,Disabled,2000,mixed,1,277329.33158365375,2065.0,39540.0,6955.187889444444,10417.348272497598,1.4977810000370384,0,100,900,1790620754.2602262,2412.696625,3201.573,performance,,32861568.0,31951472.0,29756268.0,0.0,0.0,12.19,14.69,14.42,,,
3,91,hdr_histogram,HdrHistogram,1500,read-heavy,1,282931.82973030955,2015.0,28977.0,5125.430831111111,7011.971322165968,1.368074519629384,0,100,900,1790620763.8715568,2373.69575,2889.566,performance,,32861568.0,31972412.0,29776964.0,0.0,0.0,12.01,14.58,14.39,,,
3,92,disabled,Disabled,100,write-heavy,1,296771.1545692165,318.0,751.0,331.1294888888889,134.96338384298917,0.40758491276588293,0,100,900,1790620771.7363431,2710.876,3181.199,performance,,32861568.0,31965268.0,29769612.0,0.0,0.0,11.85,14.51,14.36,,,
3,93,sharded_n,Sharded-N,250,mixed,1,312818.85930458363,761.0,1688.0,786.0449733333334,354.96941584186493,0.4515891938556233,0,100,900,1790620774.3930957,2300.0,2300.0,performance,,32861568.0,31978368.0,29782688.0,0.0,0.0,10.9,14.27,14.29,,,
3,94,sharded_n,Sharded-N,2000,write-heavy,1,268427.117963644,2160.0,40994.0,7175.389061111111,10618.022776330714,1.4797835609887486,0,100,900,1790620777.5301485,2300.0,2300.0,performance,,32861568.0,31985672.0,29789976.0,0.0,0.0,10.9,14.27,14.29,,,
3,95,thread_local,ThreadLocal,1000,read-heavy,1,293003.9036011531,1940.0,14766.0,3317.1070544444447,3402.802626739064,1.025834430691587,0,100,900,1790620787.3886187,2409.460875,3175.687,performance,,32861568.0,31959120.0,29763080.0,0.0,0.0,11.15,14.19,14.26,,,
3,96,thread_local,ThreadLocal,3000,read-heavy,1,257655.40062695387,2257.0,77978.0,11197.023027777777,19033.66041053925,1.6998857967265228,0,100,900,1790620793.321269,2368.7635,2850.108,performance,,32861568.0,31952732.0,29756644.0,0.0,0.0,9.51,13.74,14.11,,,
3,97,sharded_n,Sharded-N,3000,write-heavy,1,243672.71279934264,2435.0,82723.0,11826.543507037037,20041.507139401045,1.694620843991817,0,100,900,1790620807.5698574,2300.0,2300.0,performance,,32861568.0,31987996.0,29791536.0,0.0,0.0,9.83,13.67,14.09,,,
3,98,thread_local,ThreadLocal,100,mixed,1,296241.87946697365,316.0,737.0,330.3151888888889,137.56515192639074,0.41646632233029035,0,100,900,1790620822.2945132,2750.13425,3305.436,performance,,32861568.0,31983624.0,29786760.0,0.0,0.0,14.92,14.52,14.35,,,
3,99,hdr_histogram,HdrHistogram,1000,mixed,1,287724.04051212803,1946.0,14589.0,3380.6053033333333,3326.783560844561,0.984079258694973,0,100,900,1790620824.9542036,2725.210625,3196.499,performance,,32861568.0,31982016.0,29785128.0,0.0,0.0,14.84,14.51,14.35,,,
3,100,sharded_n,Sharded-N,500,read-heavy,1,313182.8098615827,1451.0,4162.0,1562.8984155555556,806.3357225272049,0.5159233092194164,0,100,900,1790620830.7949626,2300.0,2300.0,performance,,32861568.0,31947540.0,29750612.0,0.0,0.0,14.7,14.49,14.34,,,
3,101,thread_local,ThreadLocal,100,read-heavy,1,296562.988191076,316.0,767.0,330.3193444444444,139.0515998577006,0.4209611159514981,0,100,900,1790620834.9001753,2300.0,2300.0,performance,,32861568.0,31970952.0,29774020.0,0.0,0.0,16.24,14.81,14.45,,,
3,102,global_mutex,GlobalMutex,100,read-heavy,1,296369.2426458862,317.0,714.0,330.5808777777778,137.45809187683034,0.41580775270743897,0,100,900,1790620837.7219033,2300.0,2300.0,performance,,32861568.0,31981952.0,29785012.0,0.0,0.0,16.24,14.81,14.45,,,
3,103,sharded_n,Sharded-N,500,write-heavy,1,302018.1081534027,1533.0,4085.0,1626.9581511111112,786.5164475726278,0.483427583577049,0,100,900,1790620840.5423055,2524.754375,3203.909,performance,,32861568.0,31989708.0,29792768.0,0.0,0.0,14.94,14.57,14.37,,,
3,104,thread_local,ThreadLocal,1500,write-heavy,1,275657.1575311347,2071.0,28271.0,5263.074405925926,7057.106286910094,1.3408714645881101,0,100,900,1790620844.5467725,3054.793375,3304.881,performance,,32861568.0,31955088.0,29758008.0,0.0,0.0,13.74,14.33,14.3,,,
3,105,hdr_histogram,HdrHistogram,500,mixed,1,296026.4235027561,1508.0,4596.0,1653.2727933333333,885.5570478129042,0.5356387955961227,0,100,900,1790620852.3561351,2522.129875,3211.559,performance,,32861568.0,31941528.0,29744180.0,0.0,0.0,13.52,14.27,14.28,,,
3,106,global_mutex,GlobalMutex,3000,read-heavy,1,267484.196647296,2168.0,71761.0,10779.863071111111,18235.478240905304,1.691624292499081,0,100,900,1790620856.3853278,2376.323625,2910.589,performance,,32861568.0,31960008.0,29762660.0,0.0,0.0,14.68,14.5,14.35,,,
3,107,sharded_2key,Sharded-2key,500,read-heavy,1,305018.7719600722,1502.0,4166.0,1611.646771111111,821.5707408247313,0.5097709718726512,0,100,900,1790620870.181095,2947.16175,3442.027,performance,,32861568.0,31964796.0,29766924.0,0.0,0.0,15.24,14.64,14.4,,,
3,108,thread_local,ThreadLocal,1500,read-heavy,1,286942.479933022,1999.0,26842.0,5057.008616296296,6689.380845469961,1.3227940375488618,0,100,900,1790620874.3473356,2865.080875,3274.168,performance,,32861568.0,31964380.0,29766600.0,0.0,0.0,14.02,14.39,14.32,,,
3,109,disabled,Disabled,3000,write-heavy,1,249935.1764192274,2366.0,78036.0,11544.169658518518,19477.673169950394,1.68723032891133,0,100,900,1790620882.1121852,2484.272,3066.908,performance,,32861568.0,31954940.0,29756924.0,0.0,0.0,15.46,14.68,14.42,,,
3,110,global_mutex,GlobalMutex,500,mixed,1,304668.5092977487,1507.0,4180.0,1608.9012622222222,787.2747295778821,0.4893244526954342,0,100,900,1790620896.5256915,2872.5595,3237.5,performance,,32861568.0,31977856.0,29779400.0,0.0,0.0,15.72,14.78,14.45,,,
3,111,sharded_n,Sharded-N,100,read-heavy,1,289151.49284771254,326.0,754.0,339.83143333333334,140.41053746441682,0.4131770156961647,0,100,900,1790620900.5165057,2827.680625,3199.404,performance,,32861568.0,31966720.0,29768300.0,0.0,0.0,17.1,15.08,14.55,,,
3,112,global_mutex,GlobalMutex,100,mixed,1,293590.4737015746,319.0,773.0,334.7153777777778,144.22349560218103,0.43088398435620434,0,100,900,1790620903.3439622,2300.0,2300.0,performance,,32861568.0,31966456.0,29768040.0,0.0,0.0,15.73,14.83,14.47,,,
3,113,sharded_n,Sharded-N,1000,read-heavy,1,301337.728275797,1867.0,13744.0,3216.1118822222224,3202.461377330332,0.9957555876810921,0,100,900,1790620906.0033896,2444.886,3459.088,performance,,32861568.0,31985812.0,29787360.0,0.0,0.0,15.73,14.83,14.47,,,
3,114,sharded_n,Sharded-N,750,read-heavy,1,295194.77278227714,1868.0,8793.0,2480.162256296296,1856.3229649506782,0.748468355341712,0,100,900,1790620911.860236,2411.895,3195.16,performance,,32861568.0,31942012.0,29743404.0,0.0,0.0,15.19,14.74,14.44,,,
3,115,global_mutex,GlobalMutex,3000,mixed,1,247692.69509370343,2365.0,65801.0,11645.929293703704,19629.583955975468,1.685531782044055,0,100,900,1790620916.9076142,2983.409125,3313.358,performance,,32861568.0,31928768.0,29730048.0,0.0,0.0,14.46,14.59,14.4,,,
3,116,sharded_2key,Sharded-2key,1000,read-heavy,1,299533.2577924879,1916.0,14728.0,3241.4063355555554,3279.751193753315,1.0118296980471557,0,100,900,1790620931.4272046,2398.829,3090.632,performance,,32861568.0,31969956.0,29770812.0,0.0,0.0,15.77,14.87,14.49,,,
3,117,sharded_2key,Sharded-2key,1500,mixed,1,274459.3381482672,2096.0,28435.0,5303.178937037037,7092.608325886677,1.3374257987699394,0,100,900,1790620937.2929819,2763.13975,3294.08,performance,,32861568.0,31967020.0,29767812.0,0.0,0.0,17.47,15.24,14.62,,,
3,118,thread_local,ThreadLocal,3000,mixed,1,247320.38174464813,2359.0,75871.0,11655.671674074074,19560.272303553877,1.678176329131006,0,100,900,1790620945.0964859,2476.503375,3010.423,performance,,32861568.0,31987700.0,29788300.0,0.0,0.0,17.14,15.23,14.62,,,
3,119,global_mutex,GlobalMutex,3000,write-heavy,1,237245.4971533511,2521.0,86207.0,12158.78500962963,20470.86854462004,1.6836278072527253,0,100,900,1790620959.642231,2387.793375,3002.347,performance,,32861568.0,31970196.0,29770408.0,0.0,0.0,16.42,15.19,14.62,,,
3,120,disabled,Disabled,100,read-heavy,1,292875.1691378508,322.0,735.0,335.61694444444447,137.55953175037928,0.4098706398095757,0,100,900,1790620974.65318,2667.649,3062.413,performance,,32861568.0,31975292.0,29775116.0,0.0,0.0,22.48,16.61,15.09,,,
3,121,global_mutex,GlobalMutex,500,read-heavy,1,301249.19687298837,1525.0,4095.0,1626.4785533333334,808.9522095576518,0.4973642031121598,0,100,900,1790620977.4797883,2300.0,2300.0,performance,,32861568.0,31969408.0,29769188.0,0.0,0.0,22.48,16.61,15.09,,,
3,122,hdr_histogram,HdrHistogram,1000,read-heavy,1,282702.94782483554,1961.0,14464.0,3440.6822355555555,3353.171577008574,0.9745658992735051,0,100,900,1790620981.657469,2399.163625,3093.309,performance,,32861568.0,31971084.0,29770972.0,0.0,0.0,20.68,16.33,15.01,,,
3,123,sharded_n,Sharded-N,250,read-heavy,1,314670.58238077594,759.0,1626.0,780.1989955555556,335.1430353812659,0.42956096751011696,0,100,900,1790620987.7247813,2719.745125,3201.583,performance,,32861568.0,31914524.0,29714120.0,0.0,0.0,24.63,17.22,15.31,,,
3,124,hdr_histogram,HdrHistogram,250,write-heavy,1,302077.05606022803,787.0,1726.0,813.4058044444445,356.88893742908084,0.4387587788027105,0,100,900,1790620991.0229425,2300.0,2300.0,performance,,32861568.0,31957012.0,29756696.0,0.0,0.0,22.65,16.94,15.22,,,
3,125,thread_local,ThreadLocal,750,read-heavy,1,294935.6689355663,1838.0,8646.0,2479.203834074074,1878.9344307710378,0.7578781562641366,0,100,900,1790620994.1847155,2300.0,2300.0,performance,,32861568.0,31976172.0,29775892.0,0.0,0.0,20.84,16.66,15.14,,,
3,126,thread_local,ThreadLocal,250,write-heavy,1,298447.83805487055,796.0,1723.0,821.1154177777778,353.3566428074408,0.430337362028527,0,100,900,1790620999.2508912,2300.0,2300.0,performance,,32861568.0,31941636.0,29741112.0,0.0,0.0,19.17,16.38,15.06,,,
3,127,thread_local,ThreadLocal,500,mixed,1,296201.85963478853,1549.0,4288.0,1656.51584,828.1404393159319,0.49992907964944777,0,100,900,1790621002.420077,2561.454375,3078.545,performance,,32861568.0,31966492.0,29765956.0,0.0,0.0,19.17,16.38,15.06,,,
3,128,hdr_histogram,HdrHistogram,3000,mixed,1,243210.2996412775,2421.0,84859.0,11832.770905555555,20284.25802905382,1.7142441268367872,0,100,900,1790621006.4557068,2402.694625,3121.557,performance,,32861568.0,31972880.0,29772304.0,0.0,0.0,19.56,16.51,15.11,,,
3,129,global_mutex,GlobalMutex,2000,read-heavy,1,278850.21500608727,2041.0,38227.0,6903.770637222222,10285.250557191179,1.4898018919889142,0,100,900,1790621021.1912155,2412.597875,3200.783,performance,,32861568.0,31966112.0,29765036.0,0.0,0.0,22.05,17.19,15.35,,,
3,130,sharded_2key,Sharded-2key,2000,mixed,1,265714.7667010339,2178.0,43423.0,7261.261993888889,11138.39267660878,1.5339472237722453,0,100,900,1790621030.9363925,2413.034375,3204.275,performance,,32861568.0,31977740.0,29776404.0,0.0,0.0,26.33,18.3,15.73,,,
3,131,sharded_2key,Sharded-2key,750,read-heavy,1,302020.2195574869,1833.0,8638.0,2426.1613496296295,1826.7993126761235,0.7529587069528567,0,100,900,1790621040.8347535,2300.0,2300.0,performance,,32861568.0,31970344.0,29768860.0,0.0,0.0,24.36,18.14,15.71,,,
3,132,sharded_2key,Sharded-2key,500,write-heavy,1,299014.12888803886,1528.0,4287.0,1642.2963844444444,840.5273352756528,0.5118000278372324,0,100,900,1790621045.8478653,2300.0,2300.0,performance,,32861568.0,31967164.0,29765704.0,0.0,0.0,23.05,17.97,15.67,,,
3,133,thread_local,ThreadLocal,750,mixed,1,292562.5202107336,1896.0,8499.0,2504.8225185185183,1821.6324131781791,0.727250094452036,0,100,900,1790621049.8639858,2300.0,2300.0,performance,,32861568.0,31964296.0,29762732.0,0.0,0.0,25.37,18.53,15.86,,,
3,134,global_mutex,GlobalMutex,500,write-heavy,1,299642.0210733665,1521.0,4365.0,1636.306351111111,835.7913323740355,0.510779250967585,0,100,900,1790621054.7895002,2628.42925,3208.313,performance,,32861568.0,31935620.0,29733876.0,0.0,0.0,23.33,18.23,15.78,,,
3,135,disabled,Disabled,1000,mixed,1,297671.84302787355,1858.0,13897.0,3271.035278888889,3203.8026668653874,0.97944607554146,0,100,900,1790621058.7999568,2300.0,2300.0,performance,,32861568.0,31931816.0,29730104.0,0.0,0.0,21.47,17.92,15.69,,,
3,136,hdr_histogram,HdrHistogram,750,read-heavy,1,301912.23075457197,1804.0,8644.0,2426.8001466666665,1836.7325803487076,0.7568536629897412,0,100,900,1790621064.5217206,2395.4875,3063.9,performance,,32861568.0,31941496.0,29739504.0,0.0,0.0,19.75,17.63,15.61,,,
3,137,disabled,Disabled,1000,read-heavy,1,311691.18745105626,1832.0,13668.0,3115.758062222222,3138.8814322670933,1.0074214266907422,0,100,900,1790621069.5444992,2504.84875,3207.393,performance,,32861568.0,31936084.0,29733976.0,0.0,0.0,18.16,17.33,15.53,,,
3,138,global_mutex,GlobalMutex,750,mixed,1,301085.7537670605,1827.0,8500.0,2431.411765925926,1819.002629544481,0.7481261113548044,0,100,900,1790621075.2894657,2528.135875,3228.561,performance,,32861568.0,31945512.0,29743340.0,0.0,0.0,19.27,17.58,15.61,,,
3,139,hdr_histogram,HdrHistogram,1000,write-heavy,1,299721.56076809735,1883.0,13894.0,3239.625071111111,3218.600109915586,0.9935100634382009,0,100,900,1790621080.1365488,2442.987,3443.896,performance,,32861568.0,31944136.0,29741972.0,0.0,0.0,19.09,17.57,15.62,,,
3,140,sharded_2key,Sharded-2key,250,read-heavy,1,327066.69238292734,728.0,1564.0,749.0867333333333,325.18592118138713,0.4341098389693198,0,100,900,1790621085.8464174,2413.009625,3204.077,performance,,32861568.0,31936164.0,29733732.0,0.0,0.0,18.68,17.51,15.61,,,
3,141,global_mutex,GlobalMutex,1000,read-heavy,1,292566.7834297232,1941.0,14483.0,3322.5637044444443,3322.4844223979103,0.9999761382915163,0,100,900,1790621089.1086187,2412.00075,3196.006,performance,,32861568.0,31964096.0,29761700.0,0.0,0.0,17.19,17.22,15.53,,,
3,142,disabled,Disabled,750,write-heavy,1,316548.9776804092,1712.0,8299.0,2309.241551111111,1763.429889930937,0.7636402909355444,0,100,900,1790621095.0541215,2417.878375,3243.027,performance,,32861568.0,31953812.0,29751188.0,0.0,0.0,19.81,17.76,15.71,,,
3,143,hdr_histogram,HdrHistogram,100,mixed,1,290711.6456672347,320.0,839.0,337.8861333333333,152.19147389387695,0.4504223727457207,0,100,900,1790621099.7949486,2300.0,2300.0,performance,,32861568.0,31935032.0,29732308.0,0.0,0.0,18.23,17.47,15.63,,,
3,144,global_mutex,GlobalMutex,1500,write-heavy,1,276815.5387708351,2066.0,27956.0,5241.406704444445,7000.999580256316,1.3357100440841247,0,100,900,1790621102.4627964,2897.787,3370.098,performance,,32861568.0,31949872.0,29747108.0,0.0,0.0,18.23,17.47,15.63,,,
4,1,hdr_histogram,HdrHistogram,1500,read-heavy,1,286269.87003833073,1996.0,28113.0,5059.015791851852,6880.606698990453,1.3600682389789118,0,100,900,1790621110.2578526,2937.110375,3481.45,performance,,32861568.0,31948680.0,29745704.0,0.0,0.0,19.95,17.87,15.78,,,
4,2,hdr_histogram,HdrHistogram,3000,mixed,1,258301.14852073105,2279.0,76982.0,11136.364192222221,19100.517092103233,1.7151483879669882,0,100,900,1790621118.0400562,2521.732625,3209.226,performance,,32861568.0,31940672.0,29737520.0,0.0,0.0,17.62,17.45,15.67,,,
4,3,global_mutex,GlobalMutex,100,mixed,1,299720.6294022654,316.0,666.0,327.67243333333334,127.23369515363338,0.3882953895734084,0,100,900,1790621132.0644693,2583.9405,3190.391,performance,,32861568.0,31982172.0,29778660.0,0.0,0.0,17.0,17.32,15.64,,,
4,4,global_mutex,GlobalMutex,2000,write-heavy,1,268340.43196142773,2169.0,41802.0,7165.317919444445,10969.905293062819,1.5309725843837168,0,100,900,1790621134.7197986,2300.0,2300.0,performance,,32861568.0,31994044.0,29790500.0,0.0,0.0,15.64,17.03,15.56,,,
4,5,disabled,Disabled,1000,mixed,1,293831.6956220031,1932.0,14593.0,3309.1461822222223,3323.285018935202,1.0042726540123668,0,100,900,1790621144.5586665,2402.604625,3120.837,performance,,32861568.0,31946264.0,29742416.0,0.0,0.0,14.63,16.78,15.49,,,
4,6,sharded_n,Sharded-N,100,read-heavy,1,291791.30559302785,321.0,766.0,335.4681444444444,141.236574993883,0.4210133729024535,0,100,900,1790621150.3305213,2409.413625,3175.309,performance,,32861568.0,31983664.0,29779788.0,0.0,0.0,14.58,16.73,15.49,,,
4,7,thread_local,ThreadLocal,100,write-heavy,1,294758.26465329307,318.0,729.0,332.48614444444445,136.3910085513667,0.410215615989846,0,100,900,1790621153.1527927,2300.0,2300.0,performance,,32861568.0,31995556.0,29791680.0,0.0,0.0,13.41,16.46,15.4,,,
4,8,sharded_2key,Sharded-2key,100,mixed,1,299649.7274475974,314.0,717.0,327.08335555555556,136.93762102093777,0.41866276193830576,0,100,900,1790621155.81368,2396.38925,3071.114,performance,,32861568.0,31997188.0,29793264.0,0.0,0.0,13.41,16.46,15.4,,,
4,9,hdr_histogram,HdrHistogram,1500,write-heavy,1,277876.1538265429,2086.0,27732.0,5228.040292592593,6833.041194182447,1.3069985715037271,0,100,900,1790621158.4692776,2550.87575,3483.581,performance,,32861568.0,31994416.0,29790480.0,0.0,0.0,12.34,16.18,15.32,,,
4,10,hdr_histogram,HdrHistogram,100,write-heavy,1,295093.3578167265,316.0,770.0,332.02593333333334,144.67423183387444,0.43573172246346953,0,100,900,1790621166.2502754,2831.203875,3240.325,performance,,32861568.0,31938556.0,29734348.0,0.0,0.0,12.95,16.25,15.35,,,
4,11,hdr_histogram,HdrHistogram,2000,write-heavy,1,267914.6501387714,2158.0,45590.0,7204.73447,10978.939161632961,1.523850630075054,0,100,900,1790621168.9115422,2411.564375,3192.515,performance,,32861568.0,31971320.0,29767084.0,0.0,0.0,11.91,15.98,15.26,,,
4,12,sharded_2key,Sharded-2key,1500,read-heavy,1,283960.71089399065,2000.0,25932.0,5106.768031111111,6755.412542079638,1.3228352063232098,0,100,900,1790621178.77673,2962.83125,3503.326,performance,,32861568.0,31957412.0,29752940.0,0.0,0.0,11.26,15.71,15.18,,,
4,13,global_mutex,GlobalMutex,500,write-heavy,1,296796.31547345436,1547.0,4189.0,1651.0231111111111,824.886614249458,0.49962148239967585,0,100,900,1790621186.6039333,2865.068875,3253.247,performance,,32861568.0,31940008.0,29735276.0,0.0,0.0,11.0,15.58,15.15,,,
4,14,thread_local,ThreadLocal,1000,write-heavy,1,317407.79066947737,1798.0,13128.0,3069.1859811111112,3078.5069455120642,1.003036950011605,0,100,900,1790621190.636124,2300.0,2300.0,performance,,32861568.0,31954892.0,29750224.0,0.0,0.0,11.16,15.54,15.13,,,
4,15,thread_local,ThreadLocal,750,mixed,1,303240.8364383907,1792.0,8627.0,2414.5697525925925,1844.9059207457035,0.7640723233465404,0,100,900,1790621196.174009,2300.0,2300.0,performance,,32861568.0,31943080.0,29738264.0,0.0,0.0,11.55,15.55,15.14,,,
4,16,sharded_n,Sharded-N,750,write-heavy,1,317208.91792410985,1699.0,8335.0,2300.4416355555554,1772.3097102307693,0.7704215063916444,0,100,900,1790621201.0052452,2440.495125,3423.961,performance,,32861568.0,31961860.0,29756896.0,0.0,0.0,11.75,15.52,15.13,,,
4,17,hdr_histogram,HdrHistogram,1000,mixed,1,297145.82216386264,1937.0,14227.0,3280.5564455555555,3277.1132514844753,0.998950423768582,0,100,900,1790621205.7283463,2615.119375,3203.459,performance,,32861568.0,31942008.0,29736960.0,0.0,0.0,12.17,15.55,15.14,,,
4,18,global_mutex,GlobalMutex,2000,mixed,1,273598.12977073627,2132.0,40720.0,7044.455834444444,10612.436101945661,1.5064948026297909,0,100,900,1790621211.471499,2419.745375,3257.963,performance,,32861568.0,31946416.0,29741224.0,0.0,0.0,12.71,15.6,15.16,,,
4,19,global_mutex,GlobalMutex,1500,write-heavy,1,276389.42105397105,2112.0,27504.0,5239.117185925926,6933.558483513304,1.3234211485360992,0,100,900,1790621221.1543112,2412.531375,3200.251,performance,,32861568.0,31947068.0,29741664.0,0.0,0.0,13.4,15.65,15.18,,,
4,20,thread_local,ThreadLocal,750,read-heavy,1,304679.8841031304,1796.0,8620.0,2401.0742251851852,1809.9006573636052,0.7537878830980391,0,100,900,1790621228.9585261,2446.251,3470.008,performance,,32861568.0,31939332.0,29733628.0,0.0,0.0,12.0,15.28,15.07,,,
4,21,sharded_2key,Sharded-2key,250,read-heavy,1,321028.4498237284,744.0,1582.0,763.3179066666667,337.59354024133245,0.44227121791963436,0,100,900,1790621233.9370005,2572.61475,3535.894,performance,,32861568.0,31948932.0,29743352.0,0.0,0.0,11.04,15.03,14.99,,,
4,22,sharded_n,Sharded-N,100,mixed,1,290671.1647577258,324.0,744.0,337.63987777777777,138.0741692615834,0.4089391637336712,0,100,900,1790621237.2101128,2300.0,2300.0,performance,,32861568.0,31967796.0,29762140.0,0.0,0.0,11.04,15.03,14.99,,,
4,23,sharded_2key,Sharded-2key,750,mixed,1,303005.08892602776,1769.0,8652.0,2413.4997674074075,1861.116217185002,0.7711275726304384,0,100,900,1790621239.873406,2412.895875,3203.167,performance,,32861568.0,31980820.0,29775132.0,0.0,0.0,11.2,14.99,14.98,,,
4,24,global_mutex,GlobalMutex,250,mixed,1,321157.8628779821,748.0,1531.0,764.4673688888889,313.3435833545282,0.40988483760916544,0,100,900,1790621244.7094822,2420.240625,3261.925,performance,,32861568.0,31953580.0,29747648.0,0.0,0.0,10.3,14.74,14.9,,,
4,25,thread_local,ThreadLocal,1500,write-heavy,1,285642.43844957644,1995.0,27652.0,5075.715425925926,6778.650060164068,1.3355063259732471,0,100,900,1790621247.8251483,2300.0,2300.0,performance,,32861568.0,31965768.0,29759808.0,0.0,0.0,10.3,14.74,14.9,,,
4,26,sharded_2key,Sharded-2key,1000,write-heavy,1,283884.74782912765,2015.0,15217.0,3424.4471377777777,3431.2299411010963,1.0019807002562522,0,100,900,1790621255.4642591,2412.333625,3198.669,performance,,32861568.0,31944696.0,29738568.0,0.0,0.0,9.6,14.44,14.8,,,
4,27,sharded_2key,Sharded-2key,2000,write-heavy,1,273560.17488432676,2103.0,42306.0,7049.902401111111,10593.18341267003,1.50260000918601,0,100,900,1790621261.3380244,2300.0,2300.0,performance,,32861568.0,31949452.0,29743176.0,0.0,0.0,12.03,14.87,14.93,,,
4,28,sharded_n,Sharded-N,750,mixed,1,300145.4576922887,1850.0,8599.0,2447.1798637037036,1803.9415301480096,0.7371511824299748,0,100,900,1790621271.044655,2412.390875,3199.127,performance,,32861568.0,31971180.0,29764676.0,0.0,0.0,16.51,15.77,15.23,,,
4,29,hdr_histogram,HdrHistogram,250,mixed,1,305665.6069855932,766.0,1835.0,800.3739155555555,367.81761372184513,0.45955722265953103,0,100,900,1790621275.8894796,2447.567875,3480.543,performance,,32861568.0,31933756.0,29727096.0,0.0,0.0,16.95,15.87,15.26,,,
4,30,disabled,Disabled,500,read-heavy,1,312538.61392871017,1460.0,4079.0,1566.366528888889,799.9289828726158,0.5106908045590389,0,100,900,1790621279.0431485,2414.858625,3218.869,performance,,32861568.0,31964984.0,29758308.0,0.0,0.0,15.59,15.61,15.18,,,
4,31,hdr_histogram,HdrHistogram,3000,write-heavy,1,247696.90427616407,2376.0,78772.0,11651.030601481481,19774.876019855117,1.697264104459622,0,100,900,1790621283.153705,2428.993875,3331.951,performance,,32861568.0,31972252.0,29765544.0,0.0,0.0,14.34,15.35,15.1,,,
4,32,global_mutex,GlobalMutex,100,write-heavy,1,289921.22399019654,326.0,708.0,338.0445,138.5504733145272,0.4098586822578897,0,100,900,1790621297.6444957,2730.98125,3330.505,performance,,32861568.0,31968892.0,29761680.0,0.0,0.0,16.16,15.69,15.21,,,
4,33,thread_local,ThreadLocal,250,read-heavy,1,319425.2326532617,748.0,1562.0,768.4290888888889,312.41611838091893,0.4065646692691676,0,100,900,1790621300.3105636,2448.32425,3486.594,performance,,32861568.0,31981860.0,29774616.0,0.0,0.0,14.86,15.43,15.13,,,
4,34,disabled,Disabled,100,read-heavy,1,305021.765488957,309.0,711.0,322.1497,130.90207151591682,0.40633926251030755,0,100,900,1790621303.5961957,2702.5125,3213.278,performance,,32861568.0,31965284.0,29758088.0,0.0,0.0,13.67,15.17,15.05,,,
4,35,sharded_n,Sharded-N,1500,mixed,1,270076.05352470296,2125.0,28779.0,5368.669702222222,7174.15321104865,1.3362999791324643,0,100,900,1790621306.4009767,2300.0,2300.0,performance,,32861568.0,31982060.0,29774840.0,0.0,0.0,13.67,15.17,15.05,,,
4,36,global_mutex,GlobalMutex,250,write-heavy,1,309573.12711092416,774.0,1631.0,793.2814133333334,339.02907101952786,0.4273755382657243,0,100,900,1790621314.3283029,2387.556125,3000.449,performance,,32861568.0,31956468.0,29749008.0,0.0,0.0,12.38,14.85,14.94,,,
4,37,global_mutex,GlobalMutex,1000,mixed,1,293751.4575478137,1918.0,13221.0,3313.8302633333333,3128.3435429907045,0.9440264872962895,0,100,900,1790621317.466367,2387.1,2996.8,performance,,32861568.0,31975152.0,29767732.0,0.0,0.0,12.38,14.85,14.94,,,
4,38,sharded_2key,Sharded-2key,250,write-heavy,1,307921.4749602875,765.0,1757.0,792.4068488888889,370.1712346252028,0.46714794949621663,0,100,900,1790621323.2420576,2411.7995,3194.396,performance,,32861568.0,31947044.0,29739436.0,0.0,0.0,11.58,14.6,14.86,,,
4,39,sharded_n,Sharded-N,500,mixed,1,290676.7355537586,1559.0,4456.0,1686.173891111111,866.1185576623409,0.5136590966259171,0,100,900,1790621326.3917134,2300.0,2300.0,performance,,32861568.0,31954484.0,29746860.0,0.0,0.0,11.58,14.6,14.86,,,
4,40,sharded_2key,Sharded-2key,1000,read-heavy,1,294800.149289154,1888.0,13988.0,3287.84,3283.0831278882556,0.9985531923354711,0,100,900,1790621330.4529877,2300.0,2300.0,performance,,32861568.0,31934332.0,29726620.0,0.0,0.0,11.21,14.48,14.82,,,
4,41,global_mutex,GlobalMutex,750,write-heavy,1,289720.1928003499,1888.0,8714.0,2527.3066459259257,1873.514395509665,0.7413086965643095,0,100,900,1790621336.365578,2833.814625,3261.51,performance,,32861568.0,31935396.0,29727556.0,0.0,0.0,11.84,14.55,14.84,,,
4,42,sharded_n,Sharded-N,3000,write-heavy,1,255723.87938396347,2312.0,76616.0,11292.257534814815,19119.248645890984,1.69312899452966,0,100,900,1790621341.3081665,2300.0,2300.0,performance,,32861568.0,31962112.0,29754196.0,0.0,0.0,12.33,14.61,14.86,,,
4,43,global_mutex,GlobalMutex,2000,read-heavy,1,276412.9511658661,2094.0,43540.0,6974.096735555556,10741.078581475922,1.5401390300073445,0,100,900,1790621355.4471407,2300.0,2300.0,performance,,32861568.0,31967780.0,29759380.0,0.0,0.0,13.0,14.65,14.87,,,
4,44,global_mutex,GlobalMutex,500,read-heavy,1,311821.4453527679,1455.0,4178.0,1570.8277888888888,812.7967980363155,0.5174321486960962,0,100,900,1790621365.2398882,2300.0,2300.0,performance,,32861568.0,31967700.0,29759052.0,0.0,0.0,12.92,14.58,14.84,,,
4,45,disabled,Disabled,1500,mixed,1,280017.34027499415,2071.0,28011.0,5190.064077777778,7035.651340412499,1.355600091824867,0,100,900,1790621369.3510828,2300.0,2300.0,performance,,32861568.0,31975556.0,29766940.0,0.0,0.0,11.89,14.33,14.76,,,
4,46,disabled,Disabled,2000,write-heavy,1,269643.6428175564,2156.0,41536.0,7146.537076111111,10900.54287521615,1.5252901872787645,0,100,900,1790621377.0936944,2412.8595,3202.876,performance,,32861568.0,31946224.0,29737472.0,0.0,0.0,12.22,14.36,14.77,,,
4,47,sharded_n,Sharded-N,1000,write-heavy,1,274563.86059280264,2071.0,15324.0,3539.5121255555555,3565.878697573013,1.007449210818375,0,100,900,1790621386.920879,2912.391625,3170.4,performance,,32861568.0,31972828.0,29763712.0,0.0,0.0,15.8,15.07,15.0,,,
4,48,sharded_n,Sharded-N,3000,read-heavy,1,253563.1866791497,2300.0,78116.0,11355.565742222223,19225.0746440864,1.6930089685099348,0,100,900,1790621392.9275265,2389.178375,3013.427,performance,,32861568.0,31943044.0,29733884.0,0.0,0.0,14.62,14.85,14.93,,,
4,49,hdr_histogram,HdrHistogram,500,read-heavy,1,320311.92721443024,1433.0,3839.0,1526.197308888889,762.554346238515,0.49964335659435427,0,100,900,1790621407.3286898,2404.63725,3137.098,performance,,32861568.0,31982968.0,29773384.0,0.0,0.0,15.04,14.94,14.95,,,
4,50,sharded_2key,Sharded-2key,1500,mixed,1,273191.3646433212,2119.0,29489.0,5300.65524,7173.586228781996,1.3533395219987927,0,100,900,1790621411.4138684,2404.50425,3136.034,performance,,32861568.0,31937856.0,29728272.0,0.0,0.0,15.03,14.94,14.96,,,
4,51,disabled,Disabled,3000,write-heavy,1,243223.47684378456,2438.0,80238.0,11874.41426925926,20193.939198314813,1.700626131142596,0,100,900,1790621419.270245,2391.46925,3031.754,performance,,32861568.0,31960664.0,29750852.0,0.0,0.0,14.05,14.74,14.89,,,
4,52,disabled,Disabled,3000,read-heavy,1,260083.05203009705,2249.0,79093.0,11088.056111111111,19005.331671757696,1.7140363902661755,0,100,900,1790621434.0475256,2513.140875,3192.893,performance,,32861568.0,31979176.0,29768972.0,0.0,0.0,14.65,14.86,14.93,,,
4,53,disabled,Disabled,750,read-heavy,1,297721.7625460203,1820.0,8833.0,2459.1484681481484,1895.9984167914859,0.7709979455690448,0,100,900,1790621448.1671634,3059.101625,3282.007,performance,,32861568.0,31987072.0,29776572.0,0.0,0.0,15.89,15.16,15.03,,,
4,54,hdr_histogram,HdrHistogram,750,write-heavy,1,285715.36205998826,1907.0,9180.0,2565.66336,1965.4541571365764,0.7660608120999072,0,100,900,1790621453.2064257,2410.550375,3184.403,performance,,32861568.0,31977460.0,29766928.0,0.0,0.0,14.62,14.9,14.95,,,
4,55,hdr_histogram,HdrHistogram,500,mixed,1,304227.24630863965,1491.0,4229.0,1612.831148888889,846.6427968252149,0.5249419924760776,0,100,900,1790621458.194697,2518.990125,3197.038,performance,,32861568.0,31935096.0,29724456.0,0.0,0.0,13.45,14.66,14.87,,,
4,56,hdr_histogram,HdrHistogram,750,read-heavy,1,293110.6383209978,1848.0,8741.0,2501.4584562962964,1884.8391686427842,0.7534960910098465,0,100,900,1790621462.189575,2892.778625,3147.815,performance,,32861568.0,31955704.0,29745068.0,0.0,0.0,13.45,14.66,14.87,,,
4,57,sharded_2key,Sharded-2key,1500,write-heavy,1,274676.0576834623,2101.0,27729.0,5257.5315925925925,7045.495441031893,1.340076672284459,0,100,900,1790621467.2747834,2300.0,2300.0,performance,,32861568.0,31925468.0,29714704.0,0.0,0.0,16.05,15.18,15.03,,,
4,58,thread_local,ThreadLocal,1500,mixed,1,280176.61065892427,2053.0,28627.0,5170.795324444444,6956.16470498739,1.345279452873097,0,100,900,1790621475.109843,2300.0,2300.0,performance,,32861568.0,31945260.0,29734220.0,0.0,0.0,16.43,15.29,15.07,,,
4,59,thread_local,ThreadLocal,3000,write-heavy,1,251541.98839664125,2335.0,78429.0,11479.768087407407,19470.28251566065,1.6960519034368247,0,100,900,1790621482.8444207,2500.711125,3109.125,performance,,32861568.0,31945208.0,29733988.0,0.0,0.0,16.24,15.27,15.06,,,
4,60,disabled,Disabled,100,write-heavy,1,301132.027563297,311.0,708.0,326.4423111111111,136.0625540574753,0.41680428494198385,0,100,900,1790621497.2021794,2300.0,2300.0,performance,,32861568.0,31968748.0,29757104.0,0.0,0.0,18.88,15.85,15.26,,,
4,61,sharded_2key,Sharded-2key,3000,mixed,1,256817.72748967927,2287.0,77729.0,11200.839683333334,19011.791347774626,1.6973541167689294,0,100,900,1790621499.8540766,2637.23625,3201.387,performance,,32861568.0,31975532.0,29763852.0,0.0,0.0,17.37,15.59,15.18,,,
4,62,global_mutex,GlobalMutex,250,read-heavy,1,324981.391493305,732.0,1575.0,753.2889066666667,322.35054624695914,0.4279241913615496,0,100,900,1790621513.951982,2607.57775,3194.0,performance,,32861568.0,31962908.0,29750956.0,0.0,0.0,16.62,15.54,15.17,,,
4,63,global_mutex,GlobalMutex,1500,read-heavy,1,283688.7212863675,2020.0,27191.0,5106.913739259259,6657.147957336571,1.3035559825810115,0,100,900,1790621517.2273066,2432.102125,3356.817,performance,,32861568.0,31970304.0,29758380.0,0.0,0.0,16.62,15.54,15.17,,,
4,64,sharded_n,Sharded-N,250,read-heavy,1,314715.36670162453,765.0,1560.0,778.1718844444445,323.88339840818236,0.41621061475307664,0,100,900,1790621525.0598152,2300.0,2300.0,performance,,32861568.0,31946208.0,29733992.0,0.0,0.0,19.73,16.22,15.39,,,
4,65,sharded_2key,Sharded-2key,2000,mixed,1,269683.87552282924,2153.0,45205.0,7130.749294444445,10957.114396548732,1.536600705494639,0,100,900,1790621528.3559642,2957.538125,3119.782,performance,,32861568.0,31958460.0,29746288.0,0.0,0.0,18.15,15.95,15.31,,,
4,66,sharded_n,Sharded-N,1000,read-heavy,1,289890.68933947704,1924.0,14002.0,3350.936288888889,3308.4935004993963,0.9873340509247444,0,100,900,1790621538.157616,2758.10925,3087.376,performance,,32861568.0,31961340.0,29748832.0,0.0,0.0,15.95,15.55,15.19,,,
4,67,sharded_2key,Sharded-2key,1000,mixed,1,293999.31175937114,1924.0,14462.0,3304.3379755555557,3290.053353452321,0.9956770093710426,0,100,900,1790621544.1216078,2387.682375,3001.459,performance,,32861568.0,31932976.0,29720384.0,0.0,0.0,14.67,15.29,15.1,,,
4,68,disabled,Disabled,250,write-heavy,1,323568.7447813215,745.0,1512.0,756.5717555555556,308.49347532614763,0.4077517737886195,0,100,900,1790621549.8938773,2651.245,3376.187,performance,,32861568.0,31951372.0,29738608.0,0.0,0.0,13.57,15.06,15.03,,,
4,69,hdr_histogram,HdrHistogram,250,read-heavy,1,321877.9042462132,758.0,1571.0,769.3805466666666,316.9243162402199,0.4119214056207832,0,100,900,1790621553.0050054,2300.0,2300.0,performance,,32861568.0,31958032.0,29745272.0,0.0,0.0,12.49,14.81,14.95,,,
4,70,sharded_n,Sharded-N,250,mixed,1,309408.31689418294,777.0,1631.0,795.2558755555556,331.5739715158676,0.41693998335345117,0,100,900,1790621556.2949157,2648.653375,3277.177,performance,,32861568.0,31960908.0,29748168.0,0.0,0.0,12.49,14.81,14.95,,,
4,71,hdr_histogram,HdrHistogram,250,write-heavy,1,307763.80611712404,774.0,1745.0,799.1831288888889,349.3371676177185,0.4371177956464183,0,100,900,1790621559.4414322,2759.926125,3471.126,performance,,32861568.0,31981820.0,29769096.0,0.0,0.0,11.49,14.56,14.87,,,
4,72,sharded_2key,Sharded-2key,500,read-heavy,1,300649.4123514603,1509.0,4276.0,1630.7035022222221,822.849542306688,0.504597887467194,0,100,900,1790621562.5938802,2300.0,2300.0,performance,,32861568.0,31965840.0,29753040.0,0.0,0.0,11.49,14.56,14.87,,,
4,73,thread_local,ThreadLocal,2000,write-heavy,1,264850.5110631533,2211.0,44619.0,7263.617612777778,11172.339250077064,1.5381232666245077,0,100,900,1790621566.7836757,2426.159,3309.272,performance,,32861568.0,31968084.0,29755164.0,0.0,0.0,10.57,14.32,14.79,,,
4,74,sharded_2key,Sharded-2key,100,read-heavy,1,301821.9198491234,310.0,759.0,324.44623333333334,143.3793243057544,0.4419201383005353,0,100,900,1790621576.7210093,2300.0,2300.0,performance,,32861568.0,31949020.0,29735692.0,0.0,0.0,16.97,15.6,15.2,,,
4,75,disabled,Disabled,2000,read-heavy,1,273281.05496407923,2109.0,43941.0,7068.735788888889,10847.175696690969,1.534528382535005,0,100,900,1790621579.542965,2300.0,2300.0,performance,,32861568.0,31978044.0,29764688.0,0.0,0.0,15.61,15.34,15.12,,,
4,76,sharded_n,Sharded-N,250,write-heavy,1,300952.98971180833,796.0,1692.0,814.6131511111112,353.07225499922265,0.43342321998809036,0,100,900,1790621589.4142437,2407.852125,3162.817,performance,,32861568.0,31961884.0,29748376.0,0.0,0.0,14.32,15.08,15.04,,,
4,77,hdr_histogram,HdrHistogram,1000,read-heavy,1,291205.5001279644,1895.0,13887.0,3338.1444644444446,3250.511729911933,0.9737480700832712,0,100,900,1790621592.5795019,2751.733125,3295.603,performance,,32861568.0,31984852.0,29771364.0,0.0,0.0,14.32,15.08,15.04,,,
4,78,thread_local,ThreadLocal,2000,read-heavy,1,274197.36628567247,2078.0,41182.0,7030.956801666666,10617.77136413606,1.5101460105144084,0,100,900,1790621598.5354338,2651.051625,3105.373,performance,,32861568.0,31915192.0,29701480.0,0.0,0.0,12.19,14.6,14.88,,,
4,79,sharded_2key,Sharded-2key,750,write-heavy,1,290877.0969826567,1863.0,8835.0,2513.1635822222224,1920.4400599429127,0.7641524306367659,0,100,900,1790621608.3957076,2387.740625,3001.925,performance,,32861568.0,31985128.0,29771108.0,0.0,0.0,11.49,14.38,14.81,,,
4,80,global_mutex,GlobalMutex,500,mixed,1,290648.0823079251,1559.0,4551.0,1683.7701288888888,869.1317045005148,0.5161819238793899,0,100,900,1790621613.3264666,2632.05875,3221.713,performance,,32861568.0,31934220.0,29720220.0,0.0,0.0,10.57,14.14,14.73,,,
4,81,global_mutex,GlobalMutex,3000,read-heavy,1,249015.4428113833,2352.0,79413.0,11583.754933703704,19826.108430877423,1.7115441879033582,0,100,900,1790621617.3910475,2495.98025,3168.282,performance,,32861568.0,31948124.0,29734080.0,0.0,0.0,10.57,14.14,14.73,,,
4,82,disabled,Disabled,100,mixed,1,289485.455941909,327.0,667.0,338.1216111111111,138.93419772114757,0.41090008196930067,0,100,900,1790621631.995325,2412.203875,3197.631,performance,,32861568.0,31974592.0,29760096.0,0.0,0.0,12.72,14.44,14.82,,,
4,83,sharded_2key,Sharded-2key,750,read-heavy,1,287303.9311294221,1920.0,8886.0,2554.7725777777778,1887.942486648844,0.7389865160878767,0,100,900,1790621634.6570735,2401.806,3114.448,performance,,32861568.0,31983792.0,29769316.0,0.0,0.0,11.7,14.2,14.74,,,
4,84,sharded_n,Sharded-N,2000,read-heavy,1,266414.61661308655,2176.0,44395.0,7224.0810972222225,10912.229901440081,1.5105353545430176,0,100,900,1790621639.7842278,2399.674375,3097.395,performance,,32861568.0,31957548.0,29742996.0,0.0,0.0,10.76,13.97,14.66,,,
4,85,sharded_n,Sharded-N,750,read-heavy,1,299826.2797207369,1851.0,8291.0,2438.4887985185187,1772.85351238047,0.7270295903994107,0,100,900,1790621649.8673794,2413.104625,3204.837,performance,,32861568.0,31967452.0,29752536.0,0.0,0.0,9.84,13.67,14.55,,,
4,86,thread_local,ThreadLocal,250,write-heavy,1,297498.4541021719,789.0,1983.0,825.6977244444445,397.48318572693665,0.4813906759817897,0,100,900,1790621654.8980012,2300.0,2300.0,performance,,32861568.0,31957404.0,29742504.0,0.0,0.0,9.05,13.44,14.48,,,
4,87,hdr_histogram,HdrHistogram,1500,mixed,1,279840.3244209527,2053.0,27124.0,5184.311962962963,6813.919329597941,1.3143343568591148,0,100,900,1790621658.0729709,2300.0,2300.0,performance,,32861568.0,31967520.0,29752604.0,0.0,0.0,8.33,13.22,14.4,,,
4,88,disabled,Disabled,3000,mixed,1,252898.13635165212,2334.0,81122.0,11426.422326296297,19287.23593980664,1.6879505578416956,0,100,900,1790621665.8202765,2388.81,3010.48,performance,,32861568.0,31934596.0,29719372.0,0.0,0.0,8.46,13.17,14.37,,,
4,89,disabled,Disabled,500,mixed,1,308821.9757344601,1471.0,4263.0,1588.839311111111,819.7993212345792,0.5159737145862001,0,100,900,1790621680.0892792,2619.1475,3185.489,performance,,32861568.0,31962160.0,29746540.0,0.0,0.0,10.6,13.41,14.43,,,
4,90,hdr_histogram,HdrHistogram,500,write-heavy,1,296887.3030819998,1528.0,4279.0,1650.9719755555554,849.2758173709598,0.5144095901962096,0,100,900,1790621684.0552623,2400.030625,3100.245,performance,,32861568.0,31951124.0,29735580.0,0.0,0.0,9.75,13.18,14.35,,,
4,91,thread_local,ThreadLocal,750,write-heavy,1,285071.6581776445,1921.0,9029.0,2568.676365925926,1918.0992906409133,0.7467267251277487,0,100,900,1790621688.0890145,2300.0,2300.0,performance,,32861568.0,31948304.0,29732656.0,0.0,0.0,8.97,12.96,14.28,,,
4,92,thread_local,ThreadLocal,2000,mixed,1,272217.7432270912,2123.0,43121.0,7094.712013888889,10774.268809339193,1.5186337075059648,0,100,900,1790621693.064097,2300.0,2300.0,performance,,32861568.0,31953444.0,29737692.0,0.0,0.0,8.25,12.75,14.2,,,
4,93,sharded_2key,Sharded-2key,100,write-heavy,1,296109.9463863989,317.0,687.0,330.6551333333333,131.09106702747604,0.39645858724752714,0,100,900,1790621702.8254375,2880.958,3156.683,performance,,32861568.0,31964136.0,29748084.0,0.0,0.0,8.79,12.79,14.2,,,
4,94,global_mutex,GlobalMutex,1000,write-heavy,1,279611.5269568648,2068.0,14505.0,3484.2974022222224,3404.842928879721,0.9771964146080565,0,100,900,1790621705.4851637,2483.779625,3052.991,performance,,32861568.0,31979244.0,29763152.0,0.0,0.0,8.09,12.57,14.13,,,
4,95,global_mutex,GlobalMutex,1500,mixed,1,271136.7397510868,2149.0,28080.0,5341.594422962963,7185.763305612511,1.3452468938341062,0,100,900,1790621711.4265203,2399.158625,3093.269,performance,,32861568.0,31952224.0,29736060.0,0.0,0.0,9.04,12.7,14.16,,,
4,96,hdr_histogram,HdrHistogram,100,read-heavy,1,286780.0651338071,327.0,763.0,341.93837777777776,144.60703845780773,0.42290379745495066,0,100,900,1790621719.337078,2300.0,2300.0,performance,,32861568.0,31973168.0,29756748.0,0.0,0.0,8.61,12.49,14.08,,,
4,97,global_mutex,GlobalMutex,750,read-heavy,1,297531.7200913984,1797.0,8655.0,2461.59093037037,1877.3437998834625,0.7626546623654475,0,100,900,1790621722.178964,2300.0,2300.0,performance,,32861568.0,31988784.0,29772428.0,0.0,0.0,8.61,12.49,14.08,,,
4,98,thread_local,ThreadLocal,500,write-heavy,1,293151.7967683711,1559.0,4333.0,1675.5788355555555,850.9255907351552,0.5078397820971653,0,100,900,1790621727.2276964,2410.826625,3186.613,performance,,32861568.0,31958936.0,29742376.0,0.0,0.0,9.36,12.58,14.1,,,
4,99,sharded_2key,Sharded-2key,3000,write-heavy,1,247158.28584558677,2385.0,83419.0,11665.518227407407,19735.26898556006,1.6917610174568392,0,100,900,1790621731.2805111,2387.0825,2996.66,performance,,32861568.0,31964064.0,29747492.0,0.0,0.0,10.61,12.79,14.16,,,
4,100,disabled,Disabled,750,mixed,1,289550.5252418002,1886.0,8886.0,2535.6056044444445,1911.9955195953648,0.7540587212159465,0,100,900,1790621745.8495235,2390.95475,3027.638,performance,,32861568.0,31973324.0,29756264.0,0.0,0.0,13.58,13.38,14.33,,,
4,101,global_mutex,GlobalMutex,750,mixed,1,289555.31001046015,1857.0,8611.0,2514.9909896296294,1889.0074291084775,0.7510990842105014,0,100,900,1790621750.7943132,2742.977625,3046.153,performance,,32861568.0,31942624.0,29725656.0,0.0,0.0,12.81,13.22,14.27,,,
4,102,sharded_n,Sharded-N,100,write-heavy,1,292758.09092201694,325.0,650.0,335.79434444444445,131.39709043441442,0.391302273574037,0,100,900,1790621755.7523658,2689.443375,3178.441,performance,,32861568.0,31955836.0,29738740.0,0.0,0.0,13.23,13.3,14.29,,,
4,103,disabled,Disabled,500,write-heavy,1,290626.9437432734,1573.0,4342.0,1686.8072977777779,854.040319795646,0.5063058008586814,0,100,900,1790621758.4157994,2400.0,3100.0,performance,,32861568.0,31971060.0,29753936.0,0.0,0.0,12.17,13.08,14.22,,,
4,104,thread_local,ThreadLocal,100,read-heavy,1,285179.66979863547,325.0,837.0,343.49278888888887,153.51326108629215,0.4469184391988787,0,100,900,1790621762.4802125,2399.628,3097.024,performance,,32861568.0,31962204.0,29744992.0,0.0,0.0,12.17,13.08,14.22,,,
4,105,disabled,Disabled,1500,write-heavy,1,273827.0496727773,2084.0,27362.0,5278.134572592593,6876.689666695918,1.3028636485329557,0,100,900,1790621765.311909,2300.0,2300.0,performance,,32861568.0,31968884.0,29751636.0,0.0,0.0,11.2,12.86,14.14,,,
4,106,global_mutex,GlobalMutex,3000,write-heavy,1,236866.91559734297,2524.0,83815.0,12212.55110111111,20330.300720703905,1.6647054781907307,0,100,900,1790621773.1763058,2410.1835,3181.468,performance,,32861568.0,31945092.0,29727572.0,0.0,0.0,10.14,12.59,14.04,,,
4,107,sharded_n,Sharded-N,3000,mixed,1,249035.59051383004,2343.0,70734.0,11582.305498148147,19376.72296546129,1.6729590640273961,0,100,900,1790621788.2316902,3009.425125,3221.438,performance,,32861568.0,31960604.0,29742664.0,0.0,0.0,10.84,12.65,14.04,,,
4,108,hdr_histogram,HdrHistogram,2000,mixed,1,265790.2898107816,2210.0,41034.0,7265.478666111111,10842.390682967469,1.4923160855925988,0,100,900,1790621802.705413,2387.585125,3000.681,performance,,32861568.0,31974476.0,29756176.0,0.0,0.0,12.41,12.94,14.12,,,
4,109,thread_local,ThreadLocal,1500,read-heavy,1,280073.0254938059,1986.0,25613.0,5182.10038962963,6571.499857481569,1.2681151200066274,0,100,900,1790621812.6272988,2466.911875,3003.246,performance,,32861568.0,31953636.0,29735200.0,0.0,0.0,11.87,12.79,14.06,,,
4,110,hdr_histogram,HdrHistogram,100,mixed,1,285197.1056613289,332.0,702.0,343.68451111111114,138.63984015401473,0.40339275024585936,0,100,900,1790621820.5205853,2509.921,3201.83,performance,,32861568.0,31955356.0,29736728.0,0.0,0.0,14.6,13.32,14.21,,,
4,111,sharded_2key,Sharded-2key,500,write-heavy,1,296296.68940762413,1537.0,4319.0,1653.9382577777778,847.9746459647268,0.5127003030355322,0,100,900,1790621823.1927493,2506.471,3150.382,performance,,32861568.0,31988736.0,29770116.0,0.0,0.0,13.43,13.1,14.13,,,
4,112,thread_local,ThreadLocal,1000,read-heavy,1,291825.9053223865,1932.0,13988.0,3333.966261111111,3253.819968068791,0.9759606766339591,0,100,900,1790621827.2282636,2526.449875,3209.207,performance,,32861568.0,31967360.0,29748664.0,0.0,0.0,13.43,13.1,14.13,,,
4,113,hdr_histogram,HdrHistogram,3000,read-heavy,1,255882.78333434562,2282.0,63719.0,11302.049191851851,19082.686767897114,1.688427155462628,0,100,900,1790621833.177459,2743.948375,3239.614,performance,,32861568.0,31956852.0,29738064.0,0.0,0.0,12.25,12.86,14.05,,,
4,114,hdr_histogram,HdrHistogram,1000,write-heavy,1,277608.1122677114,2048.0,15289.0,3497.5500377777776,3523.7208399545752,1.0074826097966065,0,100,900,1790621847.4881313,2300.0,2300.0,performance,,32861568.0,31976520.0,29757236.0,0.0,0.0,12.91,12.98,14.07,,,
4,115,sharded_n,Sharded-N,2000,write-heavy,1,264152.12161436887,2161.0,40677.0,7295.78041,10762.006138994182,1.4751000625297304,0,100,900,1790621853.4548697,2531.603375,3257.478,performance,,32861568.0,31972244.0,29752992.0,0.0,0.0,11.95,12.78,14.0,,,
4,116,sharded_n,Sharded-N,500,write-heavy,1,289628.24047628394,1587.0,4312.0,1696.2881555555555,848.9756125910194,0.5004902084651822,0,100,900,1790621863.440562,2411.375625,3191.005,performance,,32861568.0,31977872.0,29758264.0,0.0,0.0,11.0,12.56,13.91,,,
4,117,hdr_histogram,HdrHistogram,2000,read-heavy,1,264400.3688154823,2191.0,39749.0,7293.144507777778,10979.914447712114,1.5055117084273564,0,100,900,1790621867.5201132,2708.1805,3170.176,performance,,32861568.0,31953704.0,29734164.0,0.0,0.0,11.0,12.56,13.91,,,
4,118,disabled,Disabled,2000,mixed,1,261916.44540149672,2211.0,44589.0,7381.871643333333,11296.689963062607,1.5303286901858824,0,100,900,1790621877.6501327,2300.0,2300.0,performance,,32861568.0,31961996.0,29742124.0,0.0,0.0,10.34,12.36,13.83,,,
4,119,sharded_n,Sharded-N,1500,read-heavy,1,275278.1822141041,2074.0,27081.0,5265.851996296296,6918.33173159199,1.3138105165997744,0,100,900,1790621887.661929,2803.972,3197.039,performance,,32861568.0,31972664.0,29752560.0,0.0,0.0,13.2,12.89,13.99,,,
4,120,thread_local,ThreadLocal,3000,read-heavy,1,250866.4981108603,2333.0,76720.0,11509.099664444444,19498.95737959048,1.6942209163267086,0,100,900,1790621895.660914,2300.0,2300.0,performance,,32861568.0,31945964.0,29725732.0,0.0,0.0,12.45,12.73,13.93,,,
4,121,disabled,Disabled,250,read-heavy,1,318900.16689959134,746.0,1630.0,770.4849066666667,341.83636724052883,0.4436639371943165,0,100,900,1790621910.205023,2300.0,2300.0,performance,,32861568.0,31964604.0,29743864.0,0.0,0.0,13.79,13.02,14.0,,,
4,122,sharded_n,Sharded-N,500,read-heavy,1,294989.76849948306,1553.0,4151.0,1660.9312466666668,829.2820682984224,0.49928741479378735,0,100,900,1790621913.4919784,2300.0,2300.0,performance,,32861568.0,31968176.0,29747508.0,0.0,0.0,12.69,12.81,13.93,,,
4,123,thread_local,ThreadLocal,500,mixed,1,298691.30099055025,1542.0,4258.0,1637.4215133333332,830.4889944576634,0.5071931617455175,0,100,900,1790621917.6958096,2300.0,2300.0,performance,,32861568.0,31968576.0,29747928.0,0.0,0.0,12.69,12.81,13.93,,,
4,124,thread_local,ThreadLocal,500,read-heavy,1,308683.0521731252,1497.0,3969.0,1587.8422666666668,785.6782208432704,0.49480873342201226,0,100,900,1790621921.7217252,2492.26075,3093.95,performance,,32861568.0,31970600.0,29749848.0,0.0,0.0,11.67,12.6,13.85,,,
4,125,sharded_n,Sharded-N,1000,mixed,1,278245.1548380508,2032.0,14481.0,3498.5778077777777,3403.1453693095336,0.9727225050544579,0,100,900,1790621925.8530746,2300.0,2300.0,performance,,32861568.0,31936264.0,29715428.0,0.0,0.0,13.7,13.0,13.97,,,
4,126,disabled,Disabled,750,write-heavy,1,285750.3148073118,1948.0,8844.0,2564.483922962963,1858.9130060665198,0.7248682627414416,0,100,900,1790621931.8169813,2908.09875,3119.662,performance,,32861568.0,31942576.0,29721508.0,0.0,0.0,13.81,13.03,13.98,,,
4,127,global_mutex,GlobalMutex,3000,mixed,1,240599.1247345493,2473.0,79713.0,11994.625523333334,20334.158158741317,1.6952724467458329,0,100,900,1790621936.7968857,2300.0,2300.0,performance,,32861568.0,31935328.0,29714160.0,0.0,0.0,15.5,13.4,14.09,,,
4,128,thread_local,ThreadLocal,1000,mixed,1,283575.6896580623,2009.0,14652.0,3428.7673433333334,3412.0732051152436,0.9951311545676761,0,100,900,1790621951.6845152,2613.01825,3181.52,performance,,32861568.0,31989996.0,29768444.0,0.0,0.0,19.19,14.26,14.36,,,
4,129,disabled,Disabled,1000,write-heavy,1,287561.7103116903,1973.0,14458.0,3390.485997777778,3365.9387192705867,0.992759952843551,0,100,900,1790621957.5660772,2300.0,2300.0,performance,,32861568.0,31946724.0,29725104.0,0.0,0.0,18.06,14.11,14.31,,,
4,130,thread_local,ThreadLocal,3000,mixed,1,246542.37475185576,2392.0,79402.0,11715.379076296296,19759.89099579706,1.6866625370900041,0,100,900,1790621963.4052715,2457.37425,3045.18,performance,,32861568.0,31977548.0,29755772.0,0.0,0.0,16.39,13.89,14.24,,,
4,131,sharded_2key,Sharded-2key,500,mixed,1,288996.08674252225,1569.0,4415.0,1697.2787733333332,874.9465406931322,0.5154996070414527,0,100,900,1790621977.979921,2300.0,2300.0,performance,,32861568.0,31983192.0,29761048.0,0.0,0.0,17.38,14.19,14.33,,,
4,132,sharded_n,Sharded-N,2000,mixed,1,264818.3239017189,2166.0,39360.0,7277.9923477777775,10768.820032473037,1.4796415711760305,0,100,900,1790621982.0483112,2694.897875,3161.997,performance,,32861568.0,31973620.0,29751472.0,0.0,0.0,15.99,13.95,14.25,,,
4,133,sharded_2key,Sharded-2key,2000,read-heavy,1,264843.348397133,2182.0,39986.0,7269.255180555556,11083.911915586645,1.5247658309251364,0,100,900,1790621991.9924543,2380.550375,2944.403,performance,,32861568.0,31953516.0,29730972.0,0.0,0.0,20.19,14.92,14.57,,,
4,134,disabled,Disabled,250,mixed,1,294459.1831444444,791.0,2307.0,832.4915688888889,416.77158211161355,0.5006315951858478,0,100,900,1790622002.0767257,2395.838125,3066.705,performance,,32861568.0,31971192.0,29748420.0,0.0,0.0,19.6,14.97,14.59,,,
4,135,thread_local,ThreadLocal,250,mixed,1,309924.3564179687,767.0,1677.0,791.4306844444444,340.0294514367387,0.4296389540107698,0,100,900,1790622005.2568567,2300.0,2300.0,performance,,32861568.0,31963072.0,29740296.0,0.0,0.0,21.79,15.5,14.76,,,
4,136,thread_local,ThreadLocal,100,mixed,1,286652.88280354545,326.0,778.0,341.3819111111111,147.46312444225063,0.43195939691794377,0,100,900,1790622008.4057844,2857.358875,3100.559,performance,,32861568.0,31966696.0,29743940.0,0.0,0.0,20.05,15.25,14.68,,,
4,137,global_mutex,GlobalMutex,1000,read-heavy,1,284438.2225261803,2015.0,14647.0,3421.8076477777777,3423.171953174126,1.0003987089681192,0,100,900,1790622011.075146,2300.0,2300.0,performance,,32861568.0,31960948.0,29738160.0,0.0,0.0,20.05,15.25,14.68,,,
4,138,disabled,Disabled,1500,read-heavy,1,290222.83137008693,1968.0,26182.0,5001.8989577777775,6551.692989046553,1.3098411312085583,0,100,900,1790622017.1124272,2398.130875,3085.047,performance,,32861568.0,31932200.0,29709256.0,0.0,0.0,19.48,15.21,14.67,,,
4,139,sharded_n,Sharded-N,1500,write-heavy,1,262204.073903852,2220.0,30225.0,5531.717678518518,7323.328022258273,1.323879570119272,0,100,900,1790622024.8560717,2410.6815,3185.452,performance,,32861568.0,31951980.0,29728680.0,0.0,0.0,17.15,14.85,14.56,,,
4,140,sharded_2key,Sharded-2key,250,mixed,1,299988.5808346743,794.0,1783.0,819.8130088888889,366.9897262212104,0.4476505279156278,0,100,900,1790622032.9478912,2402.39625,3119.17,performance,,32861568.0,31953508.0,29730120.0,0.0,0.0,18.5,15.17,14.67,,,
4,141,disabled,Disabled,1000,read-heavy,1,288777.614538673,1983.0,14866.0,3366.0154155555556,3441.733046581948,1.0224947368560686,0,100,900,1790622036.1126897,2604.719875,3159.334,performance,,32861568.0,31977020.0,29753628.0,0.0,0.0,17.02,14.92,14.59,,,
4,142,sharded_2key,Sharded-2key,3000,read-heavy,1,246170.57630457333,2401.0,81925.0,11726.42689962963,19988.59391683813,1.7045766871637134,0,100,900,1790622042.0984166,2395.024875,3060.199,performance,,32861568.0,31944232.0,29720676.0,0.0,0.0,16.86,14.92,14.59,,,
4,143,global_mutex,GlobalMutex,100,read-heavy,1,291638.37963409093,325.0,687.0,336.28884444444446,132.28089319636476,0.39335498450712897,0,100,900,1790622056.8682768,2412.16225,3197.298,performance,,32861568.0,31975828.0,29751896.0,0.0,0.0,16.68,14.99,14.62,,,
4,144,hdr_histogram,HdrHistogram,750,mixed,1,286441.53743816033,1901.0,8877.0,2560.47076,1922.4879158048682,0.7508337708198894,0,100,900,1790622059.7025397,2393.977375,3051.819,performance,,32861568.0,31998268.0,29774332.0,0.0,0.0,15.34,14.74,14.54,,,
5,1,disabled,Disabled,100,write-heavy,1,287922.1347985405,328.0,742.0,340.64844444444446,142.04646352436302,0.41698844025553455,0,100,900,1790622064.6826181,2945.024,3217.704,performance,,32861568.0,31944200.0,29720216.0,0.0,0.0,14.11,14.49,14.46,,,
5,2,sharded_2key,Sharded-2key,2000,write-heavy,1,254829.99011900253,2300.0,44365.0,7563.156091666667,11397.560235335997,1.5069846631744388,0,100,900,1790622067.3500175,2300.0,2300.0,performance,,32861568.0,31967708.0,29743720.0,0.0,0.0,14.11,14.49,14.46,,,
5,3,sharded_2key,Sharded-2key,1500,read-heavy,1,279265.9254443155,1976.0,25978.0,5189.293473333333,6614.716292508843,1.2746853355857501,0,100,900,1790622077.5919633,2300.0,2300.0,performance,,32861568.0,31958392.0,29734112.0,0.0,0.0,14.28,14.52,14.47,,,
5,4,sharded_n,Sharded-N,250,read-heavy,1,311728.88966729055,778.0,1556.0,787.3030888888889,312.628850553574,0.39708830686131724,0,100,900,1790622085.5190337,2829.178,3311.641,performance,,32861568.0,31942824.0,29718380.0,0.0,0.0,13.04,14.25,14.38,,,
5,5,sharded_n,Sharded-N,100,read-heavy,1,297395.31075401074,316.0,685.0,329.2733333333333,137.5782089400443,0.4178237197264005,0,100,900,1790622088.823783,2300.0,2300.0,performance,,32861568.0,31978384.0,29753992.0,0.0,0.0,11.99,14.01,14.3,,,
5,6,thread_local,ThreadLocal,1500,read-heavy,1,269624.4415713073,2121.0,28033.0,5387.687166666667,7141.437160517581,1.3255107320820838,0,100,900,1790622091.650268,2411.434,3191.472,performance,,32861568.0,31989864.0,29765460.0,0.0,0.0,11.99,14.01,14.3,,,
5,7,sharded_n,Sharded-N,500,write-heavy,1,297270.74107538635,1549.0,4077.0,1649.4231844444444,823.6845535855598,0.4993773346668409,0,100,900,1790622099.7651196,2300.0,2300.0,performance,,32861568.0,31956268.0,29731472.0,0.0,0.0,12.07,13.97,14.29,,,
5,8,sharded_2key,Sharded-2key,750,mixed,1,279981.1582884229,1985.0,8713.0,2613.9421807407407,1891.3467781983954,0.7235610611947141,0,100,900,1790622103.8031156,2413.221375,3205.771,performance,,32861568.0,31972920.0,29748192.0,0.0,0.0,11.1,13.74,14.21,,,
5,9,sharded_n,Sharded-N,1000,mixed,1,274196.6861210028,2046.0,15128.0,3537.0194755555553,3526.3812121470273,0.9969923085009711,0,100,900,1790622108.8342233,2481.603,3112.497,performance,,32861568.0,31916624.0,29691780.0,0.0,0.0,10.21,13.51,14.14,,,
5,10,hdr_histogram,HdrHistogram,750,write-heavy,1,281219.3939559578,1946.0,8690.0,2603.5130518518517,1900.5640657543654,0.7299998225100174,0,100,900,1790622114.8484817,2397.419625,3079.357,performance,,32861568.0,31955968.0,29730952.0,0.0,0.0,9.39,13.29,14.06,,,
5,11,sharded_n,Sharded-N,1000,read-heavy,1,280027.4256371536,2023.0,14958.0,3466.9080966666666,3463.136296230503,0.9989120564113626,0,100,900,1790622119.8636687,2404.5735,3136.588,performance,,32861568.0,31911064.0,29685968.0,0.0,0.0,8.64,13.06,13.98,,,
5,12,sharded_2key,Sharded-2key,500,write-heavy,1,293780.9702266697,1546.0,4505.0,1669.1513822222223,856.1070367357491,0.5128995763080352,0,100,900,1790622125.9628341,2300.0,2300.0,performance,,32861568.0,31972000.0,29746744.0,0.0,0.0,10.03,13.28,14.05,,,
5,13,global_mutex,GlobalMutex,250,read-heavy,1,306164.3043475716,783.0,1670.0,801.2086666666667,333.3865021840136,0.41610446323681005,0,100,900,1790622130.01797,2300.0,2300.0,performance,,32861568.0,31965828.0,29740548.0,0.0,0.0,9.39,13.09,13.98,,,
5,14,disabled,Disabled,500,mixed,1,299163.53974009847,1530.0,4235.0,1640.6989377777777,831.8043944117687,0.5069817351978022,0,100,900,1790622133.336492,2412.376875,3199.015,performance,,32861568.0,31960524.0,29735184.0,0.0,0.0,8.64,12.87,13.91,,,
5,15,disabled,Disabled,100,read-heavy,1,290925.41564514133,323.0,802.0,337.9351888888889,146.54865287923005,0.43365904971622943,0,100,900,1790622137.3608792,2300.0,2300.0,performance,,32861568.0,31950504.0,29725076.0,0.0,0.0,8.64,12.87,13.91,,,
5,16,global_mutex,GlobalMutex,100,read-heavy,1,294013.32997635443,321.0,705.0,333.8597,138.59671883571488,0.4151346174327566,0,100,900,1790622140.193506,2412.685375,3201.483,performance,,32861568.0,31973708.0,29748244.0,0.0,0.0,9.14,12.91,13.91,,,
5,17,thread_local,ThreadLocal,1500,write-heavy,1,269663.14036461,2137.0,28041.0,5376.524032592592,7043.392513020648,1.3100271607312581,0,100,900,1790622143.026147,2610.619375,3155.1,performance,,32861568.0,31981712.0,29756272.0,0.0,0.0,8.41,12.7,13.84,,,
5,18,thread_local,ThreadLocal,750,mixed,1,286596.2714553675,1906.0,8859.0,2556.1663318518517,1911.4962086495202,0.7477980539962394,0,100,900,1790622150.9846506,2700.5455,3142.775,performance,,32861568.0,31946916.0,29721248.0,0.0,0.0,8.7,12.68,13.83,,,
5,19,thread_local,ThreadLocal,100,mixed,1,294129.4372277027,321.0,700.0,334.2223333333333,134.30579631559357,0.401845666554081,0,100,900,1790622155.960587,2993.710875,3315.028,performance,,32861568.0,31962280.0,29736528.0,0.0,0.0,8.8,12.64,13.81,,,
5,20,disabled,Disabled,3000,write-heavy,1,239392.95502649772,2499.0,80125.0,12043.61645,20204.09869506559,1.6775773937126328,0,100,900,1790622158.6177146,2300.0,2300.0,performance,,32861568.0,31975568.0,29749796.0,0.0,0.0,8.1,12.43,13.73,,,
5,21,global_mutex,GlobalMutex,2000,mixed,1,251494.4119662302,2326.0,40162.0,7674.2444866666665,11521.27131866496,1.5012906271988296,0,100,900,1790622173.569226,2404.56825,3136.546,performance,,32861568.0,31979592.0,29753288.0,0.0,0.0,8.73,12.37,13.7,,,
5,22,global_mutex,GlobalMutex,500,read-heavy,1,312337.82725924643,1495.0,3774.0,1568.571888888889,749.9692535035156,0.47812233460001796,0,100,900,1790622183.9105446,2505.577875,3143.386,performance,,32861568.0,31961076.0,29734576.0,0.0,0.0,7.9,12.08,13.59,,,
5,23,hdr_histogram,HdrHistogram,3000,read-heavy,1,240131.10590605813,2457.0,68961.0,12013.366411481482,20340.362720406567,1.693144288096196,0,100,900,1790622188.0298648,2406.78725,3154.298,performance,,32861568.0,31948196.0,29721680.0,0.0,0.0,7.27,11.88,13.51,,,
5,24,hdr_histogram,HdrHistogram,3000,write-heavy,1,237881.77538754756,2489.0,80285.0,12147.953784074074,20444.198853363327,1.68293353899367,0,100,900,1790622203.0995822,2396.558125,3072.465,performance,,32861568.0,31963652.0,29736672.0,0.0,0.0,7.42,11.7,13.43,,,
5,25,sharded_n,Sharded-N,100,write-heavy,1,278687.8139108571,335.0,790.0,351.5195,150.0145981102874,0.426760387717573,0,100,900,1790622218.172296,2616.472625,3169.606,performance,,32861568.0,31975076.0,29747756.0,0.0,0.0,7.19,11.45,13.32,,,
5,26,hdr_histogram,HdrHistogram,2000,mixed,1,263752.21183740447,2214.0,43521.0,7299.469305555555,11001.586192866069,1.5071761702584143,0,100,900,1790622220.8482182,3050.946875,3305.394,performance,,32861568.0,31988736.0,29761400.0,0.0,0.0,7.19,11.45,13.32,,,
5,27,sharded_n,Sharded-N,100,mixed,1,284919.1568484897,329.0,786.0,344.16782222222224,144.372083347609,0.4194816424598545,0,100,900,1790622230.825204,2686.834875,3180.398,performance,,32861568.0,31943368.0,29715840.0,0.0,0.0,12.66,12.53,13.65,,,
5,28,global_mutex,GlobalMutex,1500,write-heavy,1,267651.7469596315,2168.0,28553.0,5424.887714074074,7140.436690467207,1.3162367714897385,0,100,900,1790622233.4946997,2300.0,2300.0,performance,,32861568.0,31965772.0,29738216.0,0.0,0.0,11.64,12.32,13.58,,,
5,29,global_mutex,GlobalMutex,250,mixed,1,318892.25459270255,759.0,1559.0,769.4690577777778,308.9644949299015,0.4015294595759174,0,100,900,1790622241.4715374,2621.198375,3203.929,performance,,32861568.0,31955980.0,29728272.0,0.0,0.0,12.71,12.53,13.64,,,
5,30,global_mutex,GlobalMutex,500,write-heavy,1,294813.4453275017,1541.0,4372.0,1666.6665066666667,850.1055737854329,0.5100633932373455,0,100,900,1790622244.5882397,2886.260875,3200.9,performance,,32861568.0,31961448.0,29733760.0,0.0,0.0,11.7,12.32,13.57,,,
5,31,sharded_2key,Sharded-2key,250,mixed,1,313887.2259027406,766.0,1603.0,783.5199422222222,321.3951857441017,0.4101940083778333,0,100,900,1790622248.633946,2300.0,2300.0,performance,,32861568.0,31971732.0,29743980.0,0.0,0.0,10.76,12.12,13.49,,,
5,32,global_mutex,GlobalMutex,2000,read-heavy,1,267474.0154655509,2142.0,39463.0,7203.125551111111,10921.47418598073,1.5162132200092013,0,100,900,1790622251.7652237,2300.0,2300.0,performance,,32861568.0,31969400.0,29741684.0,0.0,0.0,10.76,12.12,13.49,,,
5,33,disabled,Disabled,250,mixed,1,319113.2235530328,745.0,1627.0,769.2914711111112,324.10681142870556,0.42130560860188426,0,100,900,1790622261.806735,2987.56675,3182.608,performance,,32861568.0,31962588.0,29734488.0,0.0,0.0,11.71,12.28,13.53,,,
5,34,sharded_n,Sharded-N,1500,mixed,1,271546.8582055057,2094.0,27577.0,5350.538847407407,7045.644000334099,1.316810175810246,0,100,900,1790622264.9246156,2412.768375,3202.147,performance,,32861568.0,31974496.0,29746396.0,0.0,0.0,10.77,12.07,13.46,,,
5,35,hdr_histogram,HdrHistogram,250,mixed,1,319919.12444534025,744.0,1600.0,766.1739155555556,326.4441710124913,0.42607058839347905,0,100,900,1790622272.8322842,2354.007875,2732.063,performance,,32861568.0,31917680.0,29689368.0,0.0,0.0,11.43,12.19,13.49,,,
5,36,hdr_histogram,HdrHistogram,1000,write-heavy,1,281739.06838359026,2017.0,14308.0,3452.254032222222,3396.856365619825,0.9839531893987715,0,100,900,1790622275.9567285,2300.0,2300.0,performance,,32861568.0,31947620.0,29719276.0,0.0,0.0,10.51,11.99,13.41,,,
5,37,global_mutex,GlobalMutex,750,write-heavy,1,286205.9859020299,1926.0,8936.0,2559.4229392592592,1902.2173714267647,0.7432211934371812,0,100,900,1790622281.8908913,3076.379,3239.248,performance,,32861568.0,31900376.0,29671792.0,0.0,0.0,10.87,12.04,13.42,,,
5,38,thread_local,ThreadLocal,2000,write-heavy,1,253316.8965418803,2291.0,40207.0,7615.318030555555,11427.524951619802,1.5005972049713776,0,100,900,1790622286.8747551,2300.0,2300.0,performance,,32861568.0,31939368.0,29710744.0,0.0,0.0,11.44,12.14,13.45,,,
5,39,sharded_2key,Sharded-2key,2000,read-heavy,1,263596.92149853264,2174.0,43543.0,7328.649818888889,11128.204305554083,1.5184521815835994,0,100,900,1790622297.1658177,2300.0,2300.0,performance,,32861568.0,31971676.0,29742776.0,0.0,0.0,11.84,12.2,13.45,,,
5,40,global_mutex,GlobalMutex,750,mixed,1,300863.03403730097,1841.0,8388.0,2432.7185718518517,1780.6948719946845,0.7319773411517844,0,100,900,1790622307.3040497,2300.0,2300.0,performance,,32861568.0,31960584.0,29731376.0,0.0,0.0,11.33,12.08,13.4,,,
5,41,sharded_n,Sharded-N,2000,mixed,1,261565.67913302084,2203.0,41405.0,7360.404548333333,11030.389106935358,1.4986117997322639,0,100,900,1790622312.1600637,2300.0,2300.0,performance,,32861568.0,31938848.0,29709672.0,0.0,0.0,10.9,11.97,13.36,,,
5,42,hdr_histogram,HdrHistogram,100,write-heavy,1,286663.55524167244,326.0,751.0,342.2202888888889,145.13769712868597,0.42410605636479043,0,100,900,1790622322.22544,2400.80475,3106.438,performance,,32861568.0,31964904.0,29735480.0,0.0,0.0,12.0,12.17,13.41,,,
5,43,hdr_histogram,HdrHistogram,1000,mixed,1,286759.66607419326,1951.0,13958.0,3387.0038633333334,3318.900126926176,0.979892631022826,0,100,900,1790622324.8929262,2300.0,2300.0,performance,,32861568.0,31997184.0,29767732.0,0.0,0.0,11.04,11.97,13.34,,,
5,44,hdr_histogram,HdrHistogram,100,read-heavy,1,298792.3728585667,317.0,669.0,328.14014444444445,130.43876586479396,0.3975093205545834,0,100,900,1790622330.75886,2300.0,2300.0,performance,,32861568.0,31949560.0,29719952.0,0.0,0.0,11.28,12.01,13.34,,,
5,45,thread_local,ThreadLocal,1000,mixed,1,283403.8283562068,2020.0,15217.0,3425.672331111111,3435.4374728953494,1.002850576716154,0,100,900,1790622333.5910232,2300.0,2300.0,performance,,32861568.0,31982740.0,29753164.0,0.0,0.0,10.38,11.81,13.27,,,
5,46,hdr_histogram,HdrHistogram,2000,read-heavy,1,264006.63500067045,2188.0,43715.0,7321.427966666667,11226.12997435969,1.533325196323795,0,100,900,1790622339.4887073,2409.36525,3174.922,performance,,32861568.0,31946780.0,29716992.0,0.0,0.0,9.54,11.61,13.2,,,
5,47,disabled,Disabled,2000,mixed,1,262063.9949102909,2188.0,42162.0,7377.637424444444,11118.532872980375,1.5070587280612575,0,100,900,1790622349.6116085,2985.293125,3328.473,performance,,32861568.0,31961832.0,29731860.0,0.0,0.0,11.39,11.96,13.3,,,
5,48,sharded_2key,Sharded-2key,3000,write-heavy,1,236568.69493679627,2520.0,70360.0,12178.106191111112,20208.80892159533,1.6594377323089764,0,100,900,1790622359.644946,2300.0,2300.0,performance,,32861568.0,31962856.0,29732572.0,0.0,0.0,13.4,12.4,13.43,,,
5,49,hdr_histogram,HdrHistogram,1500,read-heavy,1,271622.05394849676,2145.0,27406.0,5349.536284444444,7093.659257038904,1.326032553076811,0,100,900,1790622374.7555425,2927.22125,3263.079,performance,,32861568.0,31958140.0,29727484.0,0.0,0.0,15.21,12.88,13.57,,,
5,50,disabled,Disabled,1000,write-heavy,1,277875.7760733501,2082.0,14891.0,3502.977791111111,3510.458236027668,1.0021354531380526,0,100,900,1790622382.8210118,2587.409625,3083.822,performance,,32861568.0,31941116.0,29710308.0,0.0,0.0,15.28,12.93,13.58,,,
5,51,sharded_2key,Sharded-2key,1000,write-heavy,1,276338.3533850056,2075.0,15094.0,3523.4636355555554,3486.217438051959,0.9894290955275536,0,100,900,1790622388.7788258,2513.951375,3175.064,performance,,32861568.0,31957848.0,29726960.0,0.0,0.0,12.93,12.51,13.44,,,
5,52,thread_local,ThreadLocal,2000,mixed,1,264663.0817399409,2181.0,42520.0,7272.908709444445,11074.685859738433,1.5227313173004744,0,100,900,1790622394.765569,3027.572,3221.134,performance,,32861568.0,31941112.0,29710096.0,0.0,0.0,11.89,12.3,13.37,,,
5,53,sharded_2key,Sharded-2key,1000,mixed,1,286698.35853470146,1977.0,14407.0,3393.458848888889,3353.3186833033087,0.9881713121116164,0,100,900,1790622404.7190695,2300.0,2300.0,performance,,32861568.0,31959536.0,29728232.0,0.0,0.0,13.08,12.56,13.44,,,
5,54,disabled,Disabled,1500,write-heavy,1,271187.50252088875,2113.0,28254.0,5342.062100740741,7068.48947949566,1.3231762091488097,0,100,900,1790622410.5701475,2513.79975,3210.125,performance,,32861568.0,31967560.0,29736224.0,0.0,0.0,13.08,12.57,13.44,,,
5,55,hdr_histogram,HdrHistogram,500,read-heavy,1,301668.73874990543,1499.0,4357.0,1621.59202,845.7366822363614,0.5215471412077874,0,100,900,1790622418.4778144,2677.14025,3385.34,performance,,32861568.0,31951444.0,29719860.0,0.0,0.0,11.8,12.32,13.35,,,
5,56,thread_local,ThreadLocal,500,mixed,1,302947.752113912,1499.0,4318.0,1616.3404555555555,841.5934268794376,0.520678316246296,0,100,900,1790622422.656835,2408.23925,3165.914,performance,,32861568.0,31956172.0,29724624.0,0.0,0.0,11.8,12.32,13.35,,,
5,57,disabled,Disabled,750,read-heavy,1,297154.9315772353,1820.0,8236.0,2472.100708148148,1829.7257175200575,0.7401501530618088,0,100,900,1790622426.6553864,3027.7075,3208.654,performance,,32861568.0,31938556.0,29706940.0,0.0,0.0,12.38,12.43,13.38,,,
5,58,disabled,Disabled,1500,read-heavy,1,279444.0917420716,1995.0,26340.0,5179.13052,6789.370339167651,1.310909295092963,0,100,900,1790622431.7025127,2408.691875,3169.535,performance,,32861568.0,31938540.0,29706664.0,0.0,0.0,12.51,12.46,13.38,,,
5,59,sharded_n,Sharded-N,250,mixed,1,301810.38099904003,798.0,1730.0,814.3688711111112,345.5907781315856,0.4243663902084903,0,100,900,1790622439.6214697,2838.3285,3212.425,performance,,32861568.0,31945964.0,29713948.0,0.0,0.0,12.5,12.47,13.38,,,
5,60,sharded_2key,Sharded-2key,500,mixed,1,299879.8825132995,1525.0,4352.0,1634.64052,831.7200070356485,0.5088091215526999,0,100,900,1790622442.785885,2859.11175,3325.616,performance,,32861568.0,31965028.0,29733044.0,0.0,0.0,12.5,12.47,13.38,,,
5,61,global_mutex,GlobalMutex,2000,write-heavy,1,255508.86281711626,2293.0,40205.0,7561.616437777778,11351.273238755737,1.5011701971611338,0,100,900,1790622446.8002477,2412.2915,3198.332,performance,,32861568.0,31981788.0,29749728.0,0.0,0.0,11.5,12.26,13.31,,,
5,62,hdr_histogram,HdrHistogram,250,write-heavy,1,303271.69668124634,790.0,1717.0,809.88752,351.1377363629173,0.4335635846850897,0,100,900,1790622457.0178952,2300.0,2300.0,performance,,32861568.0,31973248.0,29740816.0,0.0,0.0,16.54,13.35,13.65,,,
5,63,hdr_histogram,HdrHistogram,500,mixed,1,295096.30637802964,1545.0,4338.0,1657.5424488888889,835.5190200896056,0.5040709640043816,0,100,900,1790622460.1809542,2300.0,2300.0,performance,,32861568.0,31976744.0,29744328.0,0.0,0.0,16.01,13.29,13.63,,,
5,64,sharded_n,Sharded-N,1500,read-heavy,1,270896.41460269724,2129.0,27584.0,5351.454780740741,7146.133283222044,1.3353627333150868,0,100,900,1790622464.2240686,2412.25,3198.0,performance,,32861568.0,31949144.0,29716700.0,0.0,0.0,14.73,13.07,13.56,,,
5,65,thread_local,ThreadLocal,1000,write-heavy,1,277640.5518784152,2008.0,14474.0,3502.5663577777777,3401.7570126871037,0.9712184339158008,0,100,900,1790622472.2838798,2300.0,2300.0,performance,,32861568.0,31938224.0,29705548.0,0.0,0.0,14.83,13.12,13.57,,,
5,66,disabled,Disabled,250,read-heavy,1,312250.2219401719,761.0,1656.0,785.6194177777778,338.5552590315181,0.43094054369119816,0,100,900,1790622478.2411528,2300.0,2300.0,performance,,32861568.0,31960892.0,29728076.0,0.0,0.0,14.32,13.08,13.55,,,
5,67,disabled,Disabled,100,mixed,1,298286.1630444629,316.0,665.0,328.94194444444446,137.31612656681924,0.4174479080153026,0,100,900,1790622481.5427353,2406.44425,3151.554,performance,,32861568.0,31974348.0,29741548.0,0.0,0.0,14.32,13.08,13.55,,,
5,68,thread_local,ThreadLocal,250,mixed,1,307989.90659858397,779.0,1732.0,798.671191111111,338.74556383232493,0.42413645014672713,0,100,900,1790622484.1992543,2746.88475,3196.395,performance,,32861568.0,31986812.0,29753980.0,0.0,0.0,13.17,12.86,13.48,,,
5,69,thread_local,ThreadLocal,750,write-heavy,1,294563.4342261782,1860.0,8950.0,2483.434117037037,1881.879235250577,0.7577729654031774,0,100,900,1790622487.3489153,2300.0,2300.0,performance,,32861568.0,31978244.0,29745384.0,0.0,0.0,13.17,12.86,13.48,,,
5,70,sharded_2key,Sharded-2key,250,read-heavy,1,310414.010948338,774.0,1677.0,790.4636844444444,330.2580891072279,0.4178029877986623,0,100,900,1790622492.2624826,2627.73175,3179.697,performance,,32861568.0,31961844.0,29728860.0,0.0,0.0,14.04,13.05,13.54,,,
5,71,global_mutex,GlobalMutex,1000,read-heavy,1,294939.3424766098,1906.0,13317.0,3297.0137577777778,3191.2202667319416,0.9679123295144688,0,100,900,1790622495.5707772,2300.0,2300.0,performance,,32861568.0,31982744.0,29749732.0,0.0,0.0,13.88,13.03,13.53,,,
5,72,thread_local,ThreadLocal,100,write-heavy,1,282895.73888859095,332.0,752.0,346.07245555555556,145.6356568923466,0.42082417873608396,0,100,900,1790622501.5099962,2300.0,2300.0,performance,,32861568.0,31956108.0,29722808.0,0.0,0.0,13.73,13.01,13.52,,,
5,73,global_mutex,GlobalMutex,3000,mixed,1,246558.6955881977,2393.0,83341.0,11693.500285555556,19910.460671867677,1.7026946753028394,0,100,900,1790622504.1837626,2528.7685,3228.352,performance,,32861568.0,31966816.0,29733480.0,0.0,0.0,12.63,12.8,13.45,,,
5,74,global_mutex,GlobalMutex,100,mixed,1,281012.24168944935,333.0,739.0,349.1578222222222,151.98129287684412,0.43527964491689186,0,100,900,1790622518.74955,2402.00675,3116.054,performance,,32861568.0,31989336.0,29755600.0,0.0,0.0,11.99,12.67,13.4,,,
5,75,disabled,Disabled,1000,read-heavy,1,288378.40543727926,1951.0,14757.0,3372.462958888889,3375.0266202047956,1.0007601747883248,0,100,900,1790622521.4257143,2398.494125,3087.953,performance,,32861568.0,31988896.0,29755124.0,0.0,0.0,11.99,12.67,13.4,,,
5,76,sharded_2key,Sharded-2key,3000,mixed,1,240401.40024805046,2451.0,79521.0,12011.84853,20221.694335402317,1.6834789653647355,0,100,900,1790622527.4127798,2300.0,2300.0,performance,,32861568.0,31974992.0,29741264.0,0.0,0.0,12.55,12.78,13.43,,,
5,77,sharded_n,Sharded-N,500,read-heavy,1,298305.13502731227,1537.0,4206.0,1647.7735666666667,805.9998206069455,0.4891447689851149,0,100,900,1790622542.3282702,2412.885625,3203.085,performance,,32861568.0,31975884.0,29741680.0,0.0,0.0,12.7,12.8,13.42,,,
5,78,sharded_2key,Sharded-2key,100,write-heavy,1,282874.2329059769,334.0,756.0,347.4735444444444,140.07725926343082,0.4031307174403517,0,100,900,1790622546.510489,2388.1115,3004.892,performance,,32861568.0,31967280.0,29733076.0,0.0,0.0,15.04,13.29,13.58,,,
5,79,disabled,Disabled,2000,write-heavy,1,255779.49292204066,2287.0,43206.0,7549.9996411111115,11405.708475583995,1.5106899361263346,0,100,900,1790622549.1822886,2924.650625,3156.583,performance,,32861568.0,31980752.0,29746512.0,0.0,0.0,13.84,13.07,13.5,,,
5,80,global_mutex,GlobalMutex,1000,mixed,1,270343.2803293712,2131.0,14989.0,3591.6211033333334,3524.0452701770137,0.9811851441975314,0,100,900,1790622559.3873096,2401.49325,3111.946,performance,,32861568.0,31972352.0,29737804.0,0.0,0.0,13.18,12.96,13.47,,,
5,81,sharded_n,Sharded-N,500,mixed,1,290097.6516529343,1595.0,4295.0,1704.393251111111,842.2441098679188,0.49416066938709796,0,100,900,1790622565.449987,2300.0,2300.0,performance,,32861568.0,31951368.0,29716756.0,0.0,0.0,14.69,13.28,13.57,,,
5,82,disabled,Disabled,3000,mixed,1,245421.59550810937,2390.0,80915.0,11756.808041111111,20056.982510956354,1.7059887718521267,0,100,900,1790622569.5391798,2300.0,2300.0,performance,,32861568.0,31971740.0,29737072.0,0.0,0.0,13.51,13.06,13.49,,,
5,83,disabled,Disabled,1500,mixed,1,274770.3435478518,2069.0,26925.0,5282.335734074074,6984.686172508519,1.3222722909211004,0,100,900,1790622584.1949193,2300.0,2300.0,performance,,32861568.0,31986612.0,29751496.0,0.0,0.0,18.41,14.24,13.88,,,
5,84,hdr_histogram,HdrHistogram,250,read-heavy,1,305539.9240198798,773.0,1776.0,802.0653066666666,351.20597832182517,0.4378770349529458,0,100,900,1790622592.0395615,3050.5825,3472.158,performance,,32861568.0,31966656.0,29731400.0,0.0,0.0,18.38,14.31,13.9,,,
5,85,sharded_n,Sharded-N,2000,read-heavy,1,256993.38762252877,2258.0,44063.0,7498.55704,11330.632497670247,1.5110417160566465,0,100,900,1790622595.3654017,2388.573625,3008.589,performance,,32861568.0,31966072.0,29730836.0,0.0,0.0,18.11,14.32,13.91,,,
5,86,sharded_2key,Sharded-2key,1500,mixed,1,270194.55099257454,2125.0,29666.0,5365.140908148148,7277.923734801069,1.356520520038521,0,100,900,1790622605.6989722,2300.0,2300.0,performance,,32861568.0,31968560.0,29732932.0,0.0,0.0,17.39,14.29,13.9,,,
5,87,hdr_histogram,HdrHistogram,500,write-heavy,1,291829.32898400933,1558.0,4416.0,1683.5359133333334,871.458878673103,0.5176360490865024,0,100,900,1790622613.6347528,2300.0,2300.0,performance,,32861568.0,31931508.0,29695760.0,0.0,0.0,18.55,14.67,14.03,,,
5,88,sharded_2key,Sharded-2key,500,read-heavy,1,307837.40024688095,1473.0,4103.0,1589.8474977777778,822.4522850626361,0.5173152055226841,0,100,900,1790622617.6908886,2300.0,2300.0,performance,,32861568.0,31951104.0,29715332.0,0.0,0.0,18.55,14.67,14.03,,,
5,89,disabled,Disabled,250,write-heavy,1,305333.0260190352,784.0,1636.0,802.9080222222223,331.32695282300267,0.4126586653175832,0,100,900,1790622621.8342338,2406.585375,3152.683,performance,,32861568.0,31952680.0,29716896.0,0.0,0.0,17.06,14.43,13.96,,,
5,90,sharded_n,Sharded-N,1000,write-heavy,1,272057.3560555895,2136.0,15474.0,3581.0693477777777,3532.485575867198,0.9864331664113882,0,100,900,1790622624.9898362,2498.6045,3172.194,performance,,32861568.0,31980980.0,29745168.0,0.0,0.0,15.7,14.19,13.88,,,
5,91,global_mutex,GlobalMutex,250,write-heavy,1,308913.8487342875,773.0,1640.0,795.0407244444444,338.8303688859389,0.42617989049894967,0,100,900,1790622631.024724,2475.78025,3011.29,performance,,32861568.0,31943784.0,29707732.0,0.0,0.0,15.08,14.08,13.85,,,
5,92,sharded_2key,Sharded-2key,2000,mixed,1,261199.0137163551,2174.0,40181.0,7385.29365,10905.400754336399,1.47663739197918,0,100,900,1790622634.1707299,2404.32925,3134.634,performance,,32861568.0,31954624.0,29718600.0,0.0,0.0,13.87,13.85,13.78,,,
5,93,hdr_histogram,HdrHistogram,750,read-heavy,1,295441.8979748472,1885.0,8310.0,2480.0005688888887,1788.0409925189008,0.7209841057899412,0,100,900,1790622644.2269754,2412.10275,3196.822,performance,,32861568.0,31981240.0,29744824.0,0.0,0.0,13.36,13.75,13.75,,,
5,94,thread_local,ThreadLocal,2000,read-heavy,1,262203.0511988725,2222.0,39557.0,7366.328821666667,11051.304455336147,1.5002458786296398,0,100,900,1790622649.296516,2412.898875,3203.191,performance,,32861568.0,31942560.0,29706144.0,0.0,0.0,12.29,13.52,13.67,,,
5,95,sharded_2key,Sharded-2key,100,read-heavy,1,287069.52728260943,326.0,741.0,340.2472333333333,143.91996057864344,0.4229864242206724,0,100,900,1790622659.4775522,2395.062875,3060.503,performance,,32861568.0,31963880.0,29727132.0,0.0,0.0,11.21,13.26,13.58,,,
5,96,thread_local,ThreadLocal,1000,read-heavy,1,292867.7023485849,1950.0,14359.0,3324.45273,3309.847617592154,0.9956067618961615,0,100,900,1790622662.3144152,2577.43325,3057.932,performance,,32861568.0,31957936.0,29721124.0,0.0,0.0,11.21,13.26,13.58,,,
5,97,global_mutex,GlobalMutex,1500,mixed,1,270839.27859822725,2098.0,28198.0,5347.5196866666665,6953.0320002689305,1.3002349514683222,0,100,900,1790622668.2821352,2931.136375,3057.788,performance,,32861568.0,31967532.0,29730696.0,0.0,0.0,11.48,13.26,13.58,,,
5,98,thread_local,ThreadLocal,1500,mixed,1,264723.39364971145,2197.0,30207.0,5482.443550370371,7325.723388868846,1.3362150146304654,0,100,900,1790622676.213076,2300.0,2300.0,performance,,32861568.0,31944276.0,29707160.0,0.0,0.0,11.68,13.27,13.58,,,
5,99,sharded_n,Sharded-N,750,mixed,1,285330.45869814575,1950.0,8901.0,2575.837554074074,1889.441712799293,0.7335251828326119,0,100,900,1790622684.2585547,2730.896875,3021.513,performance,,32861568.0,31949696.0,29712480.0,0.0,0.0,10.62,13.0,13.49,,,
5,100,thread_local,ThreadLocal,3000,read-heavy,1,220352.76771274593,2606.0,79732.0,13112.423292962963,22285.108155119986,1.6995415459993366,0,100,900,1790622689.2502718,2914.194125,3019.354,performance,,32861568.0,31940212.0,29702760.0,0.0,0.0,9.77,12.78,13.42,,,
5,101,sharded_2key,Sharded-2key,750,read-heavy,1,268225.02614668483,2026.0,9648.0,2735.703536296296,2076.5386290778133,0.7590510453808579,0,100,900,1790622705.5063884,2474.909625,3000.03,performance,,32861568.0,31939244.0,29700724.0,0.0,0.0,14.59,13.71,13.71,,,
5,102,global_mutex,GlobalMutex,100,write-heavy,1,256731.14474121123,354.0,1050.0,378.5449222222222,185.76111091547747,0.490724085862728,0,100,900,1790622710.8358362,2552.68975,3001.114,performance,,32861568.0,31868356.0,29546420.0,0.0,0.0,13.66,13.53,13.65,,,
5,103,sharded_2key,Sharded-2key,1000,read-heavy,1,275226.27795719786,2080.0,15938.0,3529.9930833333333,3554.1151460715178,1.0068334589243462,0,100,900,1790622713.5471654,2387.735125,3001.881,performance,,32861568.0,31884016.0,29446836.0,0.0,0.0,12.64,13.32,13.59,,,
5,104,hdr_histogram,HdrHistogram,750,mixed,1,301661.6106065374,1800.0,8378.0,2428.2889274074073,1824.173905370358,0.7512178162908973,0,100,900,1790622719.7032576,2474.27925,2999.716,performance,,32861568.0,31872028.0,29389960.0,0.0,0.0,11.63,13.1,13.51,,,
5,105,disabled,Disabled,1000,mixed,1,278872.1661479911,2068.0,15319.0,3494.575967777778,3447.170205294772,0.9864344736185113,0,100,900,1790622724.5650709,2300.0,2300.0,performance,,32861568.0,31913564.0,29431440.0,0.0,0.0,10.7,12.88,13.44,,,
5,106,sharded_n,Sharded-N,3000,read-heavy,1,242686.43267484396,2436.0,81167.0,11887.299494444444,20073.185801012292,1.6886245534903483,0,100,900,1790622730.513228,2399.602,3096.816,performance,,32861568.0,31945348.0,29463132.0,0.0,0.0,12.01,13.12,13.51,,,
5,107,disabled,Disabled,2000,read-heavy,1,264937.6342497776,2164.0,42253.0,7252.67212,11024.507314436953,1.5200614521144178,0,100,900,1790622745.444699,2388.442125,3007.537,performance,,32861568.0,31962160.0,29479452.0,0.0,0.0,26.77,16.26,14.53,,,
5,108,global_mutex,GlobalMutex,500,mixed,1,292585.1950009682,1542.0,4457.0,1671.4806955555555,875.1142374255876,0.5235562933825706,0,100,900,1790622755.555706,2300.0,2300.0,performance,,32861568.0,31958900.0,29475912.0,0.0,0.0,25.03,16.24,14.54,,,
5,109,thread_local,ThreadLocal,3000,mixed,1,238426.27319080842,2488.0,85936.0,12087.196843703703,20455.014147921487,1.692287667059599,0,100,900,1790622759.6111133,2491.8665,3132.294,performance,,32861568.0,31937596.0,29454724.0,0.0,0.0,23.03,15.97,14.47,,,
5,110,disabled,Disabled,500,read-heavy,1,296970.8866610664,1521.0,4674.0,1650.6456155555557,858.0276008065482,0.519813334080049,0,100,900,1790622774.5723505,2786.972125,3100.005,performance,,32861568.0,31959148.0,29475836.0,0.0,0.0,20.41,15.77,14.42,,,
5,111,sharded_n,Sharded-N,3000,write-heavy,1,232962.6106039466,2559.0,87179.0,12400.071277407407,20929.807140683166,1.6878779704126947,0,100,900,1790622778.7731855,2300.0,2300.0,performance,,32861568.0,31960016.0,29476720.0,0.0,0.0,18.78,15.5,14.35,,,
5,112,global_mutex,GlobalMutex,750,read-heavy,1,279749.36507555685,1966.0,8954.0,2620.0196548148147,1941.6053198661414,0.7410651734226688,0,100,900,1790622794.0724864,2388.24575,3005.966,performance,,32861568.0,31972408.0,29488652.0,0.0,0.0,17.08,15.31,14.3,,,
5,113,global_mutex,GlobalMutex,1000,write-heavy,1,265928.54436780943,2173.0,15826.0,3662.1325922222222,3657.9725024944373,0.9988640253669078,0,100,900,1790622799.2745867,2391.618375,3032.947,performance,,32861568.0,31941476.0,29457720.0,0.0,0.0,15.72,15.06,14.23,,,
5,114,sharded_2key,Sharded-2key,1500,write-heavy,1,257983.15713044206,2266.0,30134.0,5628.989,7379.451878862074,1.3109728725463978,0,100,900,1790622805.3990672,2300.0,2300.0,performance,,32861568.0,31962888.0,29478916.0,0.0,0.0,15.26,14.97,14.2,,,
5,115,hdr_histogram,HdrHistogram,1000,read-heavy,1,290408.8366599825,1932.0,13699.0,3352.8555366666665,3221.331603870207,0.9607725619675169,0,100,900,1790622813.5856953,2639.8505,2999.345,performance,,32861568.0,31947696.0,29463508.0,0.0,0.0,13.57,14.62,14.1,,,
5,116,disabled,Disabled,750,write-heavy,1,282906.03953949123,1988.0,8653.0,2583.2740977777776,1846.0829107377554,0.7146291260094391,0,100,900,1790622819.5777078,2300.0,2300.0,performance,,32861568.0,31919960.0,29435692.0,0.0,0.0,12.49,14.38,14.02,,,
5,117,thread_local,ThreadLocal,100,read-heavy,1,290081.85481432173,324.0,738.0,337.9773333333333,143.03990368557385,0.42322336316116027,0,100,900,1790622824.5887425,2300.0,2300.0,performance,,32861568.0,31935124.0,29450732.0,0.0,0.0,11.49,14.14,13.95,,,
5,118,sharded_n,Sharded-N,250,write-heavy,1,289824.5969173607,830.0,1751.0,847.6779377777777,359.47105302418004,0.42406559968582885,0,100,900,1790622827.4216952,2386.9395,2995.516,performance,,32861568.0,31950016.0,29465580.0,0.0,0.0,11.49,14.14,13.95,,,
5,119,thread_local,ThreadLocal,500,write-heavy,1,290087.6844820687,1573.0,4440.0,1691.6948333333332,860.1786319793781,0.5084715133192629,0,100,900,1790622830.6215541,2394.142125,3053.137,performance,,32861568.0,31956736.0,29472280.0,0.0,0.0,12.33,14.27,13.99,,,
5,120,hdr_histogram,HdrHistogram,1500,mixed,1,265707.44646197284,2162.0,28530.0,5446.587701481481,7197.6082877347935,1.3214894686772476,0,100,900,1790622834.6908066,2564.064625,3014.447,performance,,32861568.0,31949260.0,29464736.0,0.0,0.0,11.34,14.04,13.92,,,
5,121,sharded_n,Sharded-N,2000,write-heavy,1,252009.67936417178,2295.0,46318.0,7668.552201666666,11641.003638013322,1.5180184384065734,0,100,900,1790622842.7192695,2572.09775,3047.711,performance,,32861568.0,31946564.0,29461752.0,0.0,0.0,11.71,14.07,13.93,,,
5,122,hdr_histogram,HdrHistogram,3000,mixed,1,235680.72695600818,2500.0,74656.0,12243.890973333333,20450.848825492158,1.670290014018683,0,100,900,1790622853.0646057,2361.809125,2794.473,performance,,32861568.0,31956128.0,29471116.0,0.0,0.0,12.64,14.18,13.96,,,
5,123,thread_local,ThreadLocal,500,read-heavy,1,303015.2614343457,1500.0,4173.0,1608.0859511111112,828.1818856115638,0.5150109576166183,0,100,900,1790622868.1985002,2908.35425,3032.627,performance,,32861568.0,31961852.0,29476436.0,0.0,0.0,12.13,13.97,13.9,,,
5,124,global_mutex,GlobalMutex,3000,read-heavy,1,237951.88926736874,2506.0,76599.0,12146.615380370371,20541.94117549653,1.6911658542093535,0,100,900,1790622872.3765721,2387.991125,3003.929,performance,,32861568.0,31948748.0,29463352.0,0.0,0.0,12.13,13.97,13.9,,,
5,125,hdr_histogram,HdrHistogram,100,mixed,1,278093.7429102511,339.0,795.0,352.8061222222222,153.1048353658819,0.4339630911207535,0,100,900,1790622887.5571141,2300.0,2300.0,performance,,32861568.0,31965028.0,29479204.0,0.0,0.0,13.45,14.16,13.96,,,
5,126,sharded_2key,Sharded-2key,100,mixed,1,281892.41607888154,332.0,760.0,347.2458555555556,148.32533758823837,0.4271478988595385,0,100,900,1790622890.2408047,2300.0,2300.0,performance,,32861568.0,31980212.0,29494376.0,0.0,0.0,13.74,14.21,13.98,,,
5,127,global_mutex,GlobalMutex,1500,read-heavy,1,267292.9925170038,2159.0,29553.0,5434.2416,7227.694902399534,1.330028260502723,0,100,900,1790622892.915095,2562.870875,3018.823,performance,,32861568.0,31970236.0,29484372.0,0.0,0.0,13.74,14.21,13.98,,,
5,128,sharded_n,Sharded-N,750,write-heavy,1,279432.33365299617,1961.0,8660.0,2617.4994874074073,1906.33240790754,0.7283028772608214,0,100,900,1790622901.0801692,2486.424375,3095.461,performance,,32861568.0,31941900.0,29455876.0,0.0,0.0,12.27,13.87,13.87,,,
5,129,thread_local,ThreadLocal,250,write-heavy,1,294522.19427496026,806.0,1822.0,833.0474311111111,370.3444101721596,0.4445658150319215,0,100,900,1790622906.127085,2300.0,2300.0,performance,,32861568.0,31931996.0,29446000.0,0.0,0.0,11.84,13.76,13.84,,,
5,130,thread_local,ThreadLocal,250,read-heavy,1,305737.2803219041,779.0,1770.0,802.94208,360.41518619067364,0.44886822495425027,0,100,900,1790622909.3110394,2300.0,2300.0,performance,,32861568.0,31941844.0,29455820.0,0.0,0.0,10.9,13.53,13.76,,,
5,131,disabled,Disabled,500,write-heavy,1,290983.5842115339,1574.0,4331.0,1686.9705377777777,858.3763337414284,0.5088271042789848,0,100,900,1790622912.6289852,2300.0,2300.0,performance,,32861568.0,31957204.0,29471144.0,0.0,0.0,10.9,13.53,13.76,,,
5,132,thread_local,ThreadLocal,3000,write-heavy,1,238706.821158484,2480.0,80315.0,12119.06794074074,20490.934429425473,1.6908011845152695,0,100,900,1790622916.6939077,2394.238625,3053.909,performance,,32861568.0,31964220.0,29478088.0,0.0,0.0,11.7,13.65,13.8,,,
5,133,sharded_n,Sharded-N,750,read-heavy,1,288297.5702041176,1888.0,8926.0,2537.4145481481482,1904.1178888737684,0.7504165569884623,0,100,900,1790622931.6574051,2387.960375,3003.683,performance,,32861568.0,31966848.0,29480148.0,0.0,0.0,11.46,13.51,13.75,,,
5,134,sharded_2key,Sharded-2key,250,write-heavy,1,305522.7709631316,781.0,1634.0,800.1818888888889,336.2468717221231,0.4202130495468055,0,100,900,1790622936.7945573,2368.5155,2848.124,performance,,32861568.0,31951380.0,29464700.0,0.0,0.0,11.67,13.51,13.75,,,
5,135,sharded_n,Sharded-N,3000,mixed,1,235353.1653668251,2515.0,87597.0,12269.507658518518,20783.548095740956,1.6939186701033826,0,100,900,1790622939.955646,2398.965625,3091.725,performance,,32861568.0,31951512.0,29464852.0,0.0,0.0,10.73,13.29,13.68,,,
5,136,sharded_2key,Sharded-2key,750,write-heavy,1,276906.72834983515,1964.0,9249.0,2646.0935007407406,1985.0247073655958,0.7501717935552591,0,100,900,1790622955.1273267,2564.30675,3007.004,performance,,32861568.0,31962380.0,29475216.0,0.0,0.0,10.7,13.17,13.63,,,
5,137,disabled,Disabled,750,mixed,1,282140.96802546066,1932.0,9063.0,2596.7974785185183,1950.6739142356794,0.7511844610033068,0,100,900,1790622960.1900709,2300.0,2300.0,performance,,32861568.0,31951016.0,29463812.0,0.0,0.0,10.17,13.02,13.58,,,
5,138,hdr_histogram,HdrHistogram,1500,write-heavy,1,262020.83296083918,2213.0,30800.0,5552.727762222222,7430.863500570866,1.3382365962773235,0,100,900,1790622965.2002087,2387.674,3001.392,performance,,32861568.0,31946820.0,29459576.0,0.0,0.0,10.31,13.0,13.57,,,
5,139,global_mutex,GlobalMutex,3000,write-heavy,1,233900.65993844523,2546.0,87549.0,12336.351073703703,21102.458501039026,1.710591598355307,0,100,900,1790622973.3131483,2300.0,2300.0,performance,,32861568.0,31947956.0,29460436.0,0.0,0.0,11.16,13.11,13.6,,,
5,140,disabled,Disabled,3000,read-heavy,1,244660.05910973615,2372.0,68731.0,11802.581465185185,19518.6023194491,1.65375705111838,0,100,900,1790622988.557146,2300.0,2300.0,performance,,32861568.0,31966124.0,29478244.0,0.0,0.0,11.6,13.14,13.61,,,
5,141,sharded_2key,Sharded-2key,3000,read-heavy,1,242068.09521566168,2442.0,77190.0,11903.428047407408,19995.6350947581,1.6798215619166275,0,100,900,1790623003.3979564,2300.0,2300.0,performance,,32861568.0,31966912.0,29478692.0,0.0,0.0,11.42,13.04,13.57,,,
5,142,sharded_n,Sharded-N,1500,write-heavy,1,258935.39839906563,2221.0,29453.0,5606.557381481482,7426.985561928264,1.3246962541504839,0,100,900,1790623018.3433845,2875.36575,3169.848,performance,,32861568.0,31971168.0,29482584.0,0.0,0.0,13.68,13.52,13.72,,,
5,143,hdr_histogram,HdrHistogram,2000,write-heavy,1,253622.55710106614,2306.0,47237.0,7600.572483333333,11715.9183997957,1.5414520979158568,0,100,900,1790623026.5098197,2300.0,2300.0,performance,,32861568.0,31951272.0,29462560.0,0.0,0.0,15.62,13.93,13.85,,,
5,144,thread_local,ThreadLocal,750,read-heavy,1,296177.82243712264,1874.0,8276.0,2475.8080962962963,1786.014031028964,0.7213862955294335,0,100,900,1790623036.8008742,2300.0,2300.0,performance,,32861568.0,31964572.0,29475560.0,0.0,0.0,17.88,14.46,14.02,,,
6,1,global_mutex,GlobalMutex,100,mixed,1,279686.3201073267,335.0,803.0,350.9674777777778,151.43892907544813,0.43148992047444,0,100,900,1790623041.8684492,2400.5015,3104.012,performance,,32861568.0,31943268.0,29454300.0,0.0,0.0,17.41,14.42,14.01,,,
6,2,global_mutex,GlobalMutex,250,write-heavy,1,300721.3511309264,790.0,1792.0,817.0540977777778,361.5224762032071,0.4424706726108776,0,100,900,1790623044.5499887,3023.0005,3187.571,performance,,32861568.0,31954052.0,29465064.0,0.0,0.0,16.01,14.18,13.94,,,
6,3,sharded_2key,Sharded-2key,250,mixed,1,313477.3911578912,770.0,1572.0,784.15712,315.3955738987805,0.4022096667295204,0,100,900,1790623047.7146933,2300.0,2300.0,performance,,32861568.0,31965464.0,29476464.0,0.0,0.0,16.01,14.18,13.94,,,
6,4,thread_local,ThreadLocal,100,mixed,1,289488.2344647811,326.0,740.0,338.9896444444444,140.88609320376844,0.41560589095475353,0,100,900,1790623050.852972,2397.596125,3080.769,performance,,32861568.0,31944132.0,29455048.0,0.0,0.0,16.97,14.41,14.01,,,
6,5,sharded_n,Sharded-N,3000,read-heavy,1,244955.37730178557,2392.0,79449.0,11755.754411481481,19920.565183864594,1.6945373717920473,0,100,900,1790623053.5250103,2300.0,2300.0,performance,,32861568.0,31960068.0,29470952.0,0.0,0.0,15.61,14.17,13.94,,,
6,6,sharded_n,Sharded-N,250,read-heavy,1,303152.14447038,786.0,1705.0,808.8868533333333,349.9222509650086,0.43259727800373765,0,100,900,1790623068.3428617,2300.0,2300.0,performance,,32861568.0,31979144.0,29489560.0,0.0,0.0,14.22,13.94,13.87,,,
6,7,thread_local,ThreadLocal,3000,write-heavy,1,240753.6370164418,2464.0,85031.0,11995.583684814816,20351.48706645451,1.6965816421436344,0,100,900,1790623071.6765852,2402.274625,3118.197,performance,,32861568.0,31970048.0,29480476.0,0.0,0.0,14.22,13.94,13.87,,,
6,8,sharded_2key,Sharded-2key,2000,write-heavy,1,265210.25406592473,2180.0,42136.0,7245.725346666667,10982.270670245729,1.5156896162643023,0,100,900,1790623086.5710568,2893.5705,3149.107,performance,,32861568.0,31981160.0,29491192.0,0.0,0.0,25.01,16.35,14.65,,,
6,9,sharded_2key,Sharded-2key,100,mixed,1,291407.70019851474,322.0,742.0,336.8392666666667,138.87761525984916,0.41229639475875385,0,100,900,1790623096.5064828,2913.373125,3193.567,performance,,32861568.0,31955328.0,29465028.0,0.0,0.0,22.81,16.15,14.61,,,
6,10,thread_local,ThreadLocal,1500,read-heavy,1,280185.7509076967,2035.0,27162.0,5179.643171851852,6877.935783770095,1.3278783027269931,0,100,900,1790623099.1699462,2300.0,2300.0,performance,,32861568.0,31976876.0,29486548.0,0.0,0.0,20.98,15.89,14.53,,,
6,11,hdr_histogram,HdrHistogram,3000,read-heavy,1,249057.99775903038,2366.0,78070.0,11579.899953333334,19590.675624626252,1.6917828049962536,0,100,900,1790623107.0736175,2401.780875,3114.247,performance,,32861568.0,31945936.0,29455504.0,0.0,0.0,20.5,15.87,14.53,,,
6,12,thread_local,ThreadLocal,500,mixed,1,301794.3980662276,1517.0,4276.0,1628.96808,824.2950978460594,0.5060228668483543,0,100,900,1790623121.711741,2410.3595,3182.876,performance,,32861568.0,31959196.0,29468380.0,0.0,0.0,18.62,15.68,14.49,,,
6,13,global_mutex,GlobalMutex,2000,write-heavy,1,256636.76749425152,2301.0,43579.0,7523.053243333334,11329.48195144398,1.5059685987845122,0,100,900,1790623125.7137046,2300.0,2300.0,performance,,32861568.0,31942028.0,29451244.0,0.0,0.0,18.33,15.67,14.5,,,
6,14,disabled,Disabled,1500,write-heavy,1,267646.6554905155,2156.0,29461.0,5420.754679259259,7246.2803725538415,1.3367659673438752,0,100,900,1790623135.8869333,2300.0,2300.0,performance,,32861568.0,31958908.0,29467788.0,0.0,0.0,17.53,15.58,14.48,,,
6,15,sharded_n,Sharded-N,750,mixed,1,280718.42807561567,1948.0,9240.0,2610.050382222222,1968.0583133012117,0.7540307753084781,0,100,900,1790623143.875588,2411.037,3188.296,performance,,32861568.0,31943660.0,29452380.0,0.0,0.0,16.3,15.39,14.43,,,
6,16,hdr_histogram,HdrHistogram,750,write-heavy,1,280714.3099581994,1958.0,8598.0,2609.5074637037037,1886.4147428432373,0.7229006887628623,0,100,900,1790623148.9048092,2300.0,2300.0,performance,,32861568.0,31945856.0,29454524.0,0.0,0.0,15.0,15.14,14.35,,,
6,17,global_mutex,GlobalMutex,1500,mixed,1,268358.63310089445,2143.0,27955.0,5402.4305,7238.684012726909,1.3398939630462452,0,100,900,1790623153.9429238,2300.0,2300.0,performance,,32861568.0,31932944.0,29441528.0,0.0,0.0,13.8,14.89,14.28,,,
6,18,disabled,Disabled,100,read-heavy,1,287613.2425611879,325.0,795.0,341.3525666666667,148.5871687242437,0.4352894433318856,0,100,900,1790623161.916465,2400.18475,3101.478,performance,,32861568.0,31949492.0,29457832.0,0.0,0.0,14.29,14.97,14.31,,,
6,19,hdr_histogram,HdrHistogram,100,mixed,1,281723.3039544968,336.0,726.0,348.88234444444447,144.36354025619298,0.41378860969899617,0,100,900,1790623164.7516606,2387.924125,3003.393,performance,,32861568.0,31980344.0,29488656.0,0.0,0.0,13.15,14.72,14.23,,,
6,20,hdr_histogram,HdrHistogram,500,read-heavy,1,301844.4367302397,1516.0,4319.0,1623.0328266666668,824.8377899582806,0.5082077062189224,0,100,900,1790623167.4247108,2390.7645,3026.116,performance,,32861568.0,31992908.0,29501232.0,0.0,0.0,13.15,14.72,14.23,,,
6,21,sharded_n,Sharded-N,1000,write-heavy,1,267669.35320864647,2152.0,15366.0,3639.965832222222,3584.9292473760675,0.9848799171797296,0,100,900,1790623171.5898616,2397.61725,3080.938,performance,,32861568.0,31961736.0,29470084.0,0.0,0.0,14.02,14.88,14.28,,,
6,22,hdr_histogram,HdrHistogram,250,write-heavy,1,311074.2671369542,775.0,1548.0,787.3471911111111,318.93594505802054,0.4050766277681583,0,100,900,1790623177.688564,2564.88225,3010.888,performance,,32861568.0,31930280.0,29438404.0,0.0,0.0,14.34,14.93,14.3,,,
6,23,disabled,Disabled,500,read-heavy,1,313706.7418236263,1443.0,4346.0,1558.6985555555555,831.1429858236504,0.5332288163489137,0,100,900,1790623180.845282,2450.24825,3501.986,performance,,32861568.0,31956404.0,29464480.0,0.0,0.0,14.39,14.93,14.31,,,
6,24,thread_local,ThreadLocal,500,write-heavy,1,299264.1827939891,1530.0,4208.0,1641.3570666666667,837.8669424988143,0.5104720718694,0,100,900,1790623184.9367766,2300.0,2300.0,performance,,32861568.0,31963360.0,29471464.0,0.0,0.0,13.24,14.68,14.23,,,
6,25,hdr_histogram,HdrHistogram,750,mixed,1,284822.98255431885,1912.0,8942.0,2567.3511081481483,1938.6325648300594,0.7551100270926369,0,100,900,1790623188.9540472,2300.0,2300.0,performance,,32861568.0,31958772.0,29466768.0,0.0,0.0,12.18,14.44,14.15,,,
6,26,thread_local,ThreadLocal,2000,read-heavy,1,273181.79089392367,2095.0,38777.0,7048.366651111111,10657.12737458597,1.5119995741007557,0,100,900,1790623193.9481106,2300.0,2300.0,performance,,32861568.0,31903956.0,29411776.0,0.0,0.0,11.2,14.2,14.08,,,
6,27,global_mutex,GlobalMutex,250,mixed,1,308814.982442434,781.0,1613.0,796.0440177777778,328.86313786208194,0.41312180045034497,0,100,900,1790623203.836522,2413.011375,3204.091,performance,,32861568.0,31938224.0,29445776.0,0.0,0.0,19.65,15.98,14.66,,,
6,28,global_mutex,GlobalMutex,250,read-heavy,1,316079.0375722028,756.0,1628.0,776.5897688888889,343.2400138455405,0.4419836928017137,0,100,900,1790623206.9807444,2898.931,3416.291,performance,,32861568.0,31961616.0,29469236.0,0.0,0.0,19.65,15.98,14.66,,,
6,29,global_mutex,GlobalMutex,750,read-heavy,1,298747.4574682705,1827.0,8479.0,2455.369071111111,1834.4955124771166,0.7471363609084499,0,100,900,1790623210.2698216,2300.0,2300.0,performance,,32861568.0,31955096.0,29462668.0,0.0,0.0,19.35,15.98,14.67,,,
6,30,disabled,Disabled,1000,write-heavy,1,285946.18761856155,1974.0,14245.0,3400.8180644444446,3304.522248906224,0.9716845142217416,0,100,900,1790623215.2982638,2435.785125,3386.281,performance,,32861568.0,31944424.0,29451852.0,0.0,0.0,19.25,16.02,14.69,,,
6,31,sharded_2key,Sharded-2key,750,write-heavy,1,291943.90095615195,1886.0,8608.0,2502.988505185185,1861.374545059934,0.7436608443082798,0,100,900,1790623221.151937,2860.040125,3354.558,performance,,32861568.0,31954740.0,29461960.0,0.0,0.0,18.82,15.98,14.69,,,
6,32,thread_local,ThreadLocal,1500,write-heavy,1,268281.3826484072,2150.0,27730.0,5393.973402962963,7040.220581610853,1.3052012043188033,0,100,900,1790623226.0805426,2512.56225,3229.127,performance,,32861568.0,31941456.0,29448592.0,0.0,0.0,18.2,15.9,14.67,,,
6,33,sharded_n,Sharded-N,250,write-heavy,1,312154.8512480718,768.0,1598.0,785.3375511111111,331.3182315814044,0.4218800324938605,0,100,900,1790623234.041025,2740.64575,3200.974,performance,,32861568.0,31937116.0,29444008.0,0.0,0.0,16.8,15.69,14.61,,,
6,34,thread_local,ThreadLocal,3000,mixed,1,246809.3898491961,2392.0,82689.0,11670.896901111111,19708.67855180058,1.6887029950478138,0,100,900,1790623237.1820185,2300.0,2300.0,performance,,32861568.0,31948848.0,29455808.0,0.0,0.0,16.8,15.69,14.61,,,
6,35,sharded_n,Sharded-N,100,read-heavy,1,287478.5663167918,325.0,772.0,341.0911,147.58816417229443,0.4326942689864802,0,100,900,1790623251.7307289,2510.227875,3142.042,performance,,32861568.0,31976760.0,29483208.0,0.0,0.0,16.7,15.72,14.64,,,
6,36,sharded_n,Sharded-N,1000,read-heavy,1,285759.5887694466,1980.0,14440.0,3405.5143877777778,3375.5220227545133,0.9911930000557608,0,100,900,1790623254.5627522,2300.0,2300.0,performance,,32861568.0,31979124.0,29485516.0,0.0,0.0,15.36,15.46,14.56,,,
6,37,sharded_n,Sharded-N,500,mixed,1,293811.1682124919,1562.0,4290.0,1671.43254,846.8785626803921,0.5066782789094151,0,100,900,1790623260.5857084,2413.298625,3206.389,performance,,32861568.0,31931464.0,29437820.0,0.0,0.0,15.09,15.4,14.54,,,
6,38,global_mutex,GlobalMutex,1500,read-heavy,1,273670.33722627745,2110.0,28454.0,5311.077294074074,7131.268813745711,1.3427160666071545,0,100,900,1790623264.6361647,2300.0,2300.0,performance,,32861568.0,31954324.0,29460724.0,0.0,0.0,13.88,15.15,14.47,,,
6,39,global_mutex,GlobalMutex,2000,mixed,1,260102.57850350277,2228.0,40362.0,7411.569334444444,11151.634514761885,1.5046252705126704,0,100,900,1790623272.655721,2406.194125,3149.553,performance,,32861568.0,31944580.0,29450636.0,0.0,0.0,13.73,15.09,14.45,,,
6,40,global_mutex,GlobalMutex,1000,write-heavy,1,271481.35962154303,2118.0,15478.0,3585.5934533333334,3561.758831823793,0.9933526703961982,0,100,900,1790623282.7250943,2760.24875,3300.825,performance,,32861568.0,31961516.0,29467368.0,0.0,0.0,19.3,16.24,14.83,,,
6,41,thread_local,ThreadLocal,250,write-heavy,1,309753.64331822266,776.0,1615.0,792.0604088888889,331.4430353161657,0.4184567636464972,0,100,900,1790623288.7713277,2412.52675,3200.214,performance,,32861568.0,31931720.0,29437576.0,0.0,0.0,20.16,16.56,14.95,,,
6,42,global_mutex,GlobalMutex,500,read-heavy,1,301646.9482972485,1522.0,4151.0,1624.5525266666666,804.4489989532769,0.49518189516708533,0,100,900,1790623291.9115062,2412.286,3198.288,performance,,32861568.0,31946084.0,29451940.0,0.0,0.0,20.16,16.56,14.95,,,
6,43,hdr_histogram,HdrHistogram,3000,write-heavy,1,235670.866865943,2521.0,85166.0,12271.189634814815,20577.021934177177,1.6768563233508946,0,100,900,1790623296.094213,2625.566875,3198.722,performance,,32861568.0,31948944.0,29454600.0,0.0,0.0,20.23,16.63,14.99,,,
6,44,sharded_n,Sharded-N,1500,read-heavy,1,286716.1289085145,1997.0,25421.0,5071.349488888889,6750.709748576526,1.331146623471138,0,100,900,1790623311.2025092,2651.693875,3425.105,performance,,32861568.0,31975344.0,29480552.0,0.0,0.0,20.63,16.89,15.1,,,
6,45,sharded_n,Sharded-N,500,write-heavy,1,291407.804553889,1575.0,4284.0,1683.1306866666666,848.9576420954539,0.5043919933375824,0,100,900,1790623318.9978786,2300.0,2300.0,performance,,32861568.0,31935572.0,29440648.0,0.0,0.0,18.42,16.55,15.01,,,
6,46,global_mutex,GlobalMutex,100,read-heavy,1,286722.7862379778,328.0,807.0,342.61083333333335,146.58399515882908,0.42784401687676465,0,100,900,1790623323.0561666,2951.063625,3230.584,performance,,32861568.0,31968032.0,29473116.0,0.0,0.0,18.42,16.55,15.01,,,
6,47,hdr_histogram,HdrHistogram,250,read-heavy,1,316548.3531555748,753.0,1675.0,774.05724,334.66761212493617,0.4323551215991936,0,100,900,1790623325.8813517,2407.064375,3156.515,performance,,32861568.0,31974200.0,29479284.0,0.0,0.0,16.94,16.27,14.92,,,
6,48,global_mutex,GlobalMutex,3000,mixed,1,242769.40735745672,2442.0,77672.0,11879.605987037037,20034.880461564517,1.686493683664801,0,100,900,1790623329.1808653,2300.0,2300.0,performance,,32861568.0,31960324.0,29465384.0,0.0,0.0,15.59,16.0,14.84,,,
6,49,thread_local,ThreadLocal,100,read-heavy,1,291908.224235932,321.0,751.0,337.0782,143.51736328797645,0.4257687482844529,0,100,900,1790623343.9214492,2411.703625,3193.629,performance,,32861568.0,31956300.0,29460776.0,0.0,0.0,17.68,16.51,15.03,,,
6,50,sharded_2key,Sharded-2key,1000,read-heavy,1,292747.4296078779,1949.0,14245.0,3319.54308,3260.643828782909,0.9822568197496956,0,100,900,1790623346.7507112,2300.0,2300.0,performance,,32861568.0,31968584.0,29473016.0,0.0,0.0,17.68,16.51,15.03,,,
6,51,sharded_n,Sharded-N,750,write-heavy,1,290821.2646888758,1913.0,8911.0,2520.9005022222223,1876.5028558344475,0.7443779927768962,0,100,900,1790623352.6967428,2300.0,2300.0,performance,,32861568.0,31950636.0,29455116.0,0.0,0.0,17.87,16.57,15.06,,,
6,52,hdr_histogram,HdrHistogram,750,read-heavy,1,291613.7680191522,1856.0,9059.0,2510.299442962963,1930.9261154927603,0.7692015073762056,0,100,900,1790623357.6208637,2470.82425,3027.464,performance,,32861568.0,31944420.0,29448788.0,0.0,0.0,17.72,16.56,15.06,,,
6,53,hdr_histogram,HdrHistogram,1000,mixed,1,282998.540708906,2003.0,14772.0,3441.3151166666667,3402.038102150549,0.9885866265702044,0,100,900,1790623362.7152116,2394.8675,3058.94,performance,,32861568.0,31947404.0,29451648.0,0.0,0.0,17.34,16.5,15.05,,,
6,54,global_mutex,GlobalMutex,1500,write-heavy,1,268513.3368151809,2159.0,29105.0,5408.461651111111,7272.729817153582,1.344694718443548,0,100,900,1790623368.610333,2741.26225,3220.74,performance,,32861568.0,31930084.0,29434124.0,0.0,0.0,16.22,16.3,15.0,,,
6,55,disabled,Disabled,3000,read-heavy,1,251192.95172747318,2326.0,79966.0,11479.148848888888,19513.37830530294,1.6998976633351799,0,100,900,1790623376.5773609,2525.79175,3204.093,performance,,32861568.0,31963636.0,29467512.0,0.0,0.0,15.4,16.13,14.96,,,
6,56,thread_local,ThreadLocal,1000,write-heavy,1,283756.14750717906,1999.0,15244.0,3428.602097777778,3519.7725612940962,1.0265911473295224,0,100,900,1790623391.082893,2963.86075,3368.203,performance,,32861568.0,31965888.0,29469380.0,0.0,0.0,15.9,16.2,15.0,,,
6,57,thread_local,ThreadLocal,500,read-heavy,1,316081.07588890364,1437.0,4100.0,1547.8324622222221,801.0664325377277,0.5175407882243516,0,100,900,1790623396.9744217,2412.153125,3197.225,performance,,32861568.0,31953696.0,29457136.0,0.0,0.0,16.07,16.23,15.02,,,
6,58,sharded_n,Sharded-N,250,mixed,1,318747.8519051013,762.0,1559.0,772.7290222222222,309.56594137639416,0.4006138406528866,0,100,900,1790623401.0645168,2829.295375,3014.509,performance,,32861568.0,31944676.0,29448008.0,0.0,0.0,16.3,16.28,15.04,,,
6,59,thread_local,ThreadLocal,250,mixed,1,307749.1456452868,774.0,1822.0,796.9718666666666,364.0020262299596,0.45673133701995955,0,100,900,1790623404.184588,2799.512625,3506.447,performance,,32861568.0,31962264.0,29465608.0,0.0,0.0,15.0,16.01,14.96,,,
6,60,disabled,Disabled,1500,mixed,1,282295.3544002271,2037.0,27228.0,5134.804448888889,6823.616146527841,1.3288950366949983,0,100,900,1790623407.3348494,2749.2915,3260.516,performance,,32861568.0,31957208.0,29460512.0,0.0,0.0,15.0,16.01,14.96,,,
6,61,sharded_2key,Sharded-2key,1500,read-heavy,1,281751.0426336643,2039.0,26882.0,5146.952834814815,6781.851582629214,1.3176440119590143,0,100,900,1790623415.0248914,2300.0,2300.0,performance,,32861568.0,31940148.0,29443220.0,0.0,0.0,16.45,16.31,15.07,,,
6,62,sharded_2key,Sharded-2key,1000,write-heavy,1,284176.96878486,1998.0,15120.0,3420.5548533333335,3414.897175257631,0.9983459765101591,0,100,900,1790623422.883761,2300.0,2300.0,performance,,32861568.0,31936516.0,29439388.0,0.0,0.0,16.01,16.23,15.05,,,
6,63,sharded_n,Sharded-N,2000,write-heavy,1,261822.2462896084,2207.0,44744.0,7367.640484444444,11024.524401621153,1.4963439685877202,0,100,900,1790623428.765165,2300.0,2300.0,performance,,32861568.0,31946960.0,29449708.0,0.0,0.0,16.64,16.38,15.11,,,
6,64,thread_local,ThreadLocal,1000,read-heavy,1,294857.4770379363,1908.0,14042.0,3293.3353477777778,3239.1555213960355,0.9835486457769019,0,100,900,1790623438.7941523,2300.0,2300.0,performance,,32861568.0,31966028.0,29468464.0,0.0,0.0,15.26,16.1,15.03,,,
6,65,sharded_n,Sharded-N,100,write-heavy,1,291243.85070969653,322.0,739.0,336.7772111111111,140.7911641802969,0.4180543087098801,0,100,900,1790623444.7184217,2412.943125,3203.545,performance,,32861568.0,31938036.0,29440388.0,0.0,0.0,14.04,15.83,14.95,,,
6,66,sharded_2key,Sharded-2key,2000,read-heavy,1,272528.20734737435,2109.0,43090.0,7058.878253333333,10908.12769274379,1.5453061097339043,0,100,900,1790623447.3828402,2300.0,2300.0,performance,,32861568.0,31966352.0,29468680.0,0.0,0.0,14.04,15.83,14.95,,,
6,67,sharded_2key,Sharded-2key,3000,mixed,1,251371.06151329717,2328.0,80334.0,11438.632464074075,19361.48415511694,1.6926397640562882,0,100,900,1790623457.2827,2300.0,2300.0,performance,,32861568.0,31954256.0,29456344.0,0.0,0.0,14.67,15.9,14.98,,,
6,68,disabled,Disabled,250,mixed,1,325267.56980122783,744.0,1468.0,755.2221555555556,300.8491729959561,0.3983585105162147,0,100,900,1790623471.5908847,2822.73275,3500.0,performance,,32861568.0,31958808.0,29460476.0,0.0,0.0,17.01,16.38,15.16,,,
6,69,thread_local,ThreadLocal,2000,mixed,1,267231.50645897666,2176.0,40740.0,7191.0794561111115,10903.719724469911,1.5162841394004802,0,100,900,1790623474.6888833,2300.0,2300.0,performance,,32861568.0,31960304.0,29461976.0,0.0,0.0,15.65,16.11,15.07,,,
6,70,sharded_2key,Sharded-2key,500,read-heavy,1,314339.97156019585,1472.0,3800.0,1558.0368733333332,751.6981255253279,0.4824649136301322,0,100,900,1790623484.5595336,2412.929875,3203.439,performance,,32861568.0,31947156.0,29448592.0,0.0,0.0,14.13,15.77,14.98,,,
6,71,global_mutex,GlobalMutex,1000,read-heavy,1,293990.21181345044,1947.0,14453.0,3309.6112333333335,3323.025960886354,1.0040532638449833,0,100,900,1790623488.6670978,2300.0,2300.0,performance,,32861568.0,31957120.0,29458560.0,0.0,0.0,13.0,15.51,14.9,,,
6,72,hdr_histogram,HdrHistogram,250,mixed,1,316199.2959304109,760.0,1573.0,776.7378311111111,316.76903020479915,0.40781975271072624,0,100,900,1790623494.5977688,2807.882125,3169.232,performance,,32861568.0,31917616.0,29418852.0,0.0,0.0,11.96,15.25,14.82,,,
6,73,disabled,Disabled,250,write-heavy,1,318929.98191615974,748.0,1602.0,767.80416,328.2800358114921,0.4275569903287475,0,100,900,1790623497.7247176,2524.884,3204.318,performance,,32861568.0,31940592.0,29441852.0,0.0,0.0,11.96,15.25,14.82,,,
6,74,hdr_histogram,HdrHistogram,500,write-heavy,1,299034.27816839586,1550.0,4033.0,1637.5555466666667,801.1667971899062,0.48924557021636594,0,100,900,1790623500.8522484,2405.8795,3147.036,performance,,32861568.0,31921344.0,29422596.0,0.0,0.0,13.32,15.48,14.89,,,
6,75,hdr_histogram,HdrHistogram,1000,write-heavy,1,277989.72151722666,2032.0,14811.0,3502.3053155555554,3476.1520647509356,0.9925325611423825,0,100,900,1790623504.8814502,2413.04275,3204.342,performance,,32861568.0,31925216.0,29426396.0,0.0,0.0,12.25,15.22,14.81,,,
6,76,sharded_2key,Sharded-2key,250,read-heavy,1,298577.59663291735,803.0,1783.0,821.9130933333333,365.0645761613736,0.44416444892102336,0,100,900,1790623510.8599496,2300.0,2300.0,performance,,32861568.0,31906804.0,29407748.0,0.0,0.0,12.15,15.15,14.79,,,
6,77,disabled,Disabled,750,write-heavy,1,296556.44364701095,1831.0,8568.0,2469.1564518518517,1852.766699938817,0.750364238179097,0,100,900,1790623514.1998978,2300.0,2300.0,performance,,32861568.0,31951760.0,29452704.0,0.0,0.0,11.18,14.9,14.71,,,
6,78,disabled,Disabled,500,mixed,1,298167.63090091886,1524.0,4321.0,1644.8519622222223,842.1273950520496,0.5119776213260685,0,100,900,1790623519.0872655,2697.2385,3163.798,performance,,32861568.0,31941208.0,29442008.0,0.0,0.0,10.29,14.65,14.63,,,
6,79,thread_local,ThreadLocal,1500,mixed,1,275438.4457897089,2080.0,27090.0,5267.265878518519,6978.870564287471,1.324951260339712,0,100,900,1790623523.1143138,2412.76325,3202.106,performance,,32861568.0,31955752.0,29456528.0,0.0,0.0,10.29,14.65,14.63,,,
6,80,disabled,Disabled,3000,mixed,1,247859.2733530999,2381.0,78362.0,11661.330808518518,19611.424960267526,1.6817484455497584,0,100,900,1790623530.9377928,2625.025125,3264.817,performance,,32861568.0,31943712.0,29444180.0,0.0,0.0,10.31,14.5,14.58,,,
6,81,sharded_2key,Sharded-2key,1500,mixed,1,275144.75743248273,2073.0,28976.0,5249.073694074074,7030.656247442932,1.339408942835032,0,100,900,1790623545.4533489,2767.997625,3364.9,performance,,32861568.0,31955108.0,29455308.0,0.0,0.0,14.81,15.31,14.85,,,
6,82,thread_local,ThreadLocal,1000,mixed,1,292361.7040335054,1955.0,14468.0,3321.6092166666667,3371.9220502956273,1.0151471260907239,0,100,900,1790623553.2765205,2412.10825,3196.866,performance,,32861568.0,31947308.0,29447200.0,0.0,0.0,16.35,15.62,14.95,,,
6,83,sharded_n,Sharded-N,1500,write-heavy,1,264885.02835655445,2171.0,29043.0,5482.817328148149,7320.141599906623,1.3351058701747849,0,100,900,1790623559.067271,2408.32975,3166.638,performance,,32861568.0,31948720.0,29448556.0,0.0,0.0,13.83,15.1,14.79,,,
6,84,disabled,Disabled,500,write-heavy,1,305648.78339656745,1507.0,4067.0,1597.915711111111,781.8613207639554,0.48930072802168517,0,100,900,1790623567.109084,2300.0,2300.0,performance,,32861568.0,31955612.0,29455228.0,0.0,0.0,15.69,15.47,14.91,,,
6,85,disabled,Disabled,250,read-heavy,1,315495.4912216843,755.0,1634.0,777.8400711111111,337.84523770851735,0.4343376617585668,0,100,900,1790623571.0984664,2401.220625,3109.765,performance,,32861568.0,31968608.0,29468220.0,0.0,0.0,14.99,15.33,14.87,,,
6,86,disabled,Disabled,3000,write-heavy,1,251869.16733678392,2348.0,80327.0,11476.69300925926,19549.973485385806,1.7034500678560558,0,100,900,1790623574.3947687,2300.0,2300.0,performance,,32861568.0,31967012.0,29466596.0,0.0,0.0,13.79,15.07,14.79,,,
6,87,global_mutex,GlobalMutex,100,write-heavy,1,302878.6943973694,313.0,688.0,324.04673333333335,130.63275471319358,0.40312936769776697,0,100,900,1790623588.7014613,2412.265625,3198.125,performance,,32861568.0,31966604.0,29465724.0,0.0,0.0,15.48,15.39,14.9,,,
6,88,hdr_histogram,HdrHistogram,2000,read-heavy,1,273958.25078834896,2108.0,46113.0,7025.15883,11001.540576212772,1.5660201914912109,0,100,900,1790623591.352052,2300.0,2300.0,performance,,32861568.0,31983420.0,29482512.0,0.0,0.0,15.48,15.39,14.9,,,
6,89,sharded_2key,Sharded-2key,500,mixed,1,310214.99448124424,1464.0,4132.0,1582.0361377777779,814.390870300302,0.514773873272101,0,100,900,1790623601.1924129,2647.890625,3257.202,performance,,32861568.0,31976716.0,29475624.0,0.0,0.0,16.96,15.72,15.01,,,
6,90,disabled,Disabled,1000,read-heavy,1,308739.0332893746,1853.0,13852.0,3153.073968888889,3192.4587288658786,1.0124909089877356,0,100,900,1790623605.1582549,2415.236875,3221.895,performance,,32861568.0,31940908.0,29439816.0,0.0,0.0,15.6,15.46,14.93,,,
6,91,disabled,Disabled,2000,mixed,1,278890.3970723782,2073.0,42142.0,6907.991693333333,10453.327222999444,1.5132223209080566,0,100,900,1790623610.9286563,2440.636,3425.088,performance,,32861568.0,31949604.0,29448308.0,0.0,0.0,15.88,15.52,14.95,,,
6,92,thread_local,ThreadLocal,750,read-heavy,1,313747.2755673984,1789.0,7707.0,2332.843148148148,1670.4454716788775,0.7160556306603411,0,100,900,1790623620.507774,2956.172625,3260.13,performance,,32861568.0,31962532.0,29460952.0,0.0,0.0,16.57,15.67,15.0,,,
6,93,sharded_n,Sharded-N,3000,mixed,1,254551.240250022,2299.0,80140.0,11350.750104814815,19390.307516566787,1.7082842400293627,0,100,900,1790623625.423887,2300.0,2300.0,performance,,32861568.0,31963096.0,29461508.0,0.0,0.0,16.76,15.73,15.03,,,
6,94,thread_local,ThreadLocal,250,read-heavy,1,322048.3516410283,737.0,1620.0,758.5687688888889,330.67740558829075,0.4359227787253216,0,100,900,1790623639.6001065,2684.829,3535.288,performance,,32861568.0,31966648.0,29464584.0,0.0,0.0,14.76,15.34,14.91,,,
6,95,sharded_n,Sharded-N,2000,mixed,1,269742.03581858816,2154.0,43944.0,7160.111207777778,10802.302307979257,1.5086780071579187,0,100,900,1790623642.875251,2957.079875,3313.713,performance,,32861568.0,31962120.0,29460156.0,0.0,0.0,14.76,15.34,14.91,,,
6,96,disabled,Disabled,750,mixed,1,296549.2951999889,1865.0,8383.0,2467.2890637037035,1821.5299117560057,0.7382717892899285,0,100,900,1790623652.694913,2300.0,2300.0,performance,,32861568.0,31940936.0,29438724.0,0.0,0.0,17.06,15.83,15.07,,,
6,97,global_mutex,GlobalMutex,3000,write-heavy,1,242922.80191501748,2449.0,73252.0,11889.591885925925,20184.064283310978,1.6976246516252147,0,100,900,1790623657.5765314,3040.273375,3201.249,performance,,32861568.0,31944888.0,29442580.0,0.0,0.0,17.53,15.94,15.12,,,
6,98,global_mutex,GlobalMutex,500,write-heavy,1,311761.84775161574,1489.0,3815.0,1572.4332266666668,741.9683606980701,0.4718600116781663,0,100,900,1790623672.3419673,2300.0,2300.0,performance,,32861568.0,31957364.0,29454616.0,0.0,0.0,20.08,16.61,15.35,,,
6,99,global_mutex,GlobalMutex,750,write-heavy,1,301905.5992939864,1828.0,8114.0,2426.5784414814816,1738.7882267164132,0.7165596615351297,0,100,900,1790623676.2993205,2399.939,3099.512,performance,,32861568.0,31918888.0,29416184.0,0.0,0.0,20.39,16.73,15.4,,,
6,100,sharded_n,Sharded-N,500,read-heavy,1,294992.52567276853,1547.0,4387.0,1659.2903888888889,846.335591356268,0.5100587558534585,0,100,900,1790623681.1538942,2300.0,2300.0,performance,,32861568.0,31934248.0,29431428.0,0.0,0.0,20.2,16.76,15.41,,,
6,101,hdr_histogram,HdrHistogram,1500,mixed,1,294722.36804502824,1952.0,24351.0,4922.98752074074,6175.243431776681,1.2543691012337808,0,100,900,1790623685.35833,2985.887,3406.051,performance,,32861568.0,31938192.0,29435308.0,0.0,0.0,19.71,16.71,15.4,,,
6,102,hdr_histogram,HdrHistogram,1500,read-heavy,1,275798.77216809575,2085.0,28361.0,5245.162854074074,7014.606118317132,1.3373476312310644,0,100,900,1790623692.8755507,2410.661,3185.288,performance,,32861568.0,31929912.0,29426736.0,0.0,0.0,19.41,16.7,15.41,,,
6,103,sharded_n,Sharded-N,1000,mixed,1,283627.79897069203,1997.0,15038.0,3424.4435177777777,3412.6799017293592,0.9965648094391546,0,100,900,1790623700.867324,2412.883625,3203.069,performance,,32861568.0,31931428.0,29428052.0,0.0,0.0,17.62,16.4,15.32,,,
6,104,hdr_histogram,HdrHistogram,2000,mixed,1,265175.718194667,2194.0,46176.0,7280.479168888889,11030.41187388525,1.515066744647888,0,100,900,1790623706.7581244,2300.0,2300.0,performance,,32861568.0,31921528.0,29418128.0,0.0,0.0,16.69,16.22,15.27,,,
6,105,disabled,Disabled,1500,read-heavy,1,286487.1504369471,1985.0,27011.0,5062.221528888889,6715.189276698889,1.326530109039462,0,100,900,1790623716.6952674,2448.546,3488.368,performance,,32861568.0,31936336.0,29432636.0,0.0,0.0,16.67,16.23,15.29,,,
6,106,sharded_2key,Sharded-2key,100,read-heavy,1,288855.251873114,324.0,782.0,339.7746888888889,148.13028468669546,0.4359662138786805,0,100,900,1790623724.4616904,2411.922875,3195.383,performance,,32861568.0,31923800.0,29419812.0,0.0,0.0,15.87,16.09,15.25,,,
6,107,disabled,Disabled,2000,write-heavy,1,260700.18267909205,2241.0,46342.0,7392.713043333333,11303.891951859556,1.5290586670414972,0,100,900,1790623727.295601,2501.818375,3183.127,performance,,32861568.0,31961584.0,29457564.0,0.0,0.0,15.87,16.09,15.25,,,
6,108,hdr_histogram,HdrHistogram,2000,write-heavy,1,263009.47887243115,2219.0,45740.0,7343.579745555556,11090.750057994286,1.5102648084820722,0,100,900,1790623737.3366745,2404.933875,3139.471,performance,,32861568.0,31949600.0,29445360.0,0.0,0.0,16.04,16.12,15.27,,,
6,109,disabled,Disabled,100,mixed,1,291115.2847482862,325.0,699.0,337.29552222222225,135.21345912934123,0.4008753458643836,0,100,900,1790623747.3409617,2413.9035,3211.228,performance,,32861568.0,31969428.0,29465044.0,0.0,0.0,16.52,16.23,15.31,,,
6,110,hdr_histogram,HdrHistogram,500,mixed,1,302001.6186092173,1508.0,4291.0,1628.2481666666667,826.407176525523,0.5075437475955127,0,100,900,1790623750.0068195,2422.775125,3282.201,performance,,32861568.0,31984240.0,29479812.0,0.0,0.0,15.2,15.96,15.23,,,
6,111,global_mutex,GlobalMutex,3000,read-heavy,1,259380.0135391698,2259.0,78439.0,11085.73447148148,18812.749602456126,1.6970232915872843,0,100,900,1790623754.0148258,2804.264,3166.916,performance,,32861568.0,31950800.0,29446364.0,0.0,0.0,13.98,15.69,15.15,,,
6,112,sharded_2key,Sharded-2key,500,write-heavy,1,301854.7782792704,1505.0,4176.0,1621.6785955555556,825.9316647893094,0.509306632678568,0,100,900,1790623768.1428413,2300.0,2300.0,performance,,32861568.0,31959396.0,29454472.0,0.0,0.0,15.26,15.92,15.23,,,
6,113,hdr_histogram,HdrHistogram,100,write-heavy,1,282347.72383343254,334.0,741.0,346.58205555555554,143.04323283485445,0.4127254442113644,0,100,900,1790623772.138834,2751.5555,3377.839,performance,,32861568.0,31971700.0,29466792.0,0.0,0.0,14.04,15.65,15.15,,,
6,114,sharded_2key,Sharded-2key,1000,mixed,1,287820.069352721,1946.0,15094.0,3379.1157211111113,3400.593503702368,1.006356036420142,0,100,900,1790623774.8138638,2628.311875,3177.543,performance,,32861568.0,31980448.0,29475528.0,0.0,0.0,12.91,15.39,15.07,,,
6,115,disabled,Disabled,100,write-heavy,1,288616.22658341506,325.0,777.0,340.36625555555554,143.49211608638944,0.421581498589446,0,100,900,1790623780.6479435,2682.68775,3183.127,performance,,32861568.0,31925560.0,29420380.0,0.0,0.0,13.4,15.45,15.09,,,
6,116,thread_local,ThreadLocal,3000,read-heavy,1,264048.17242282757,2224.0,79024.0,10921.993594444444,18587.648118301804,1.7018548818556856,0,100,900,1790623783.315266,2400.22025,3101.762,performance,,32861568.0,31957136.0,29451968.0,0.0,0.0,13.4,15.45,15.09,,,
6,117,sharded_n,Sharded-N,1500,mixed,1,274446.7609135723,2121.0,29102.0,5301.165898518519,7084.534581745505,1.3364106533103166,0,100,900,1790623797.2357597,2300.0,2300.0,performance,,32861568.0,31956308.0,29450752.0,0.0,0.0,12.56,15.16,15.0,,,
6,118,sharded_2key,Sharded-2key,3000,read-heavy,1,267685.2377609435,2146.0,73663.0,10760.67947925926,18312.988563551684,1.7018431409326122,0,100,900,1790623805.0620408,2300.0,2300.0,performance,,32861568.0,31944416.0,29438688.0,0.0,0.0,11.81,14.92,14.92,,,
6,119,sharded_n,Sharded-N,2000,read-heavy,1,272375.54964042956,2112.0,43854.0,7078.084035,10724.595968367685,1.5151834755473745,0,100,900,1790623818.8711355,2300.0,2300.0,performance,,32861568.0,31958788.0,29452696.0,0.0,0.0,13.55,15.19,15.01,,,
6,120,sharded_2key,Sharded-2key,2000,mixed,1,280253.2162480714,2063.0,42245.0,6881.125041666666,10509.571632401068,1.5273042662011505,0,100,900,1790623828.767335,2412.1455,3197.164,performance,,32861568.0,31945764.0,29439464.0,0.0,0.0,12.72,14.97,14.94,,,
6,121,sharded_2key,Sharded-2key,3000,write-heavy,1,267956.0900827578,2168.0,76917.0,10735.683577407408,18303.500110507295,1.7049217200314934,0,100,900,1790623838.3159919,2660.239125,3399.144,performance,,32861568.0,31942312.0,29435824.0,0.0,0.0,12.82,14.95,14.93,,,
6,122,hdr_histogram,HdrHistogram,1000,read-heavy,1,293835.7558225,1918.0,14336.0,3307.211418888889,3275.2994459600313,0.99035079138074,0,100,900,1790623851.9374483,2445.10575,3460.846,performance,,32861568.0,31954908.0,29448036.0,0.0,0.0,12.73,14.8,14.88,,,
6,123,sharded_n,Sharded-N,3000,write-heavy,1,247096.84805856046,2392.0,81723.0,11678.72733888889,19800.942228980446,1.695470889456034,0,100,900,1790623857.8586092,2408.307625,3166.461,performance,,32861568.0,31948960.0,29442020.0,0.0,0.0,12.75,14.77,14.87,,,
6,124,sharded_n,Sharded-N,750,read-heavy,1,300124.1336092653,1820.0,8412.0,2438.6711348148146,1819.062295042587,0.7459235766042399,0,100,900,1790623872.4070215,2723.384375,3068.518,performance,,32861568.0,31958804.0,29451460.0,0.0,0.0,14.73,15.11,14.98,,,
6,125,sharded_2key,Sharded-2key,750,mixed,1,289127.69769682764,1899.0,8675.0,2535.731834074074,1865.6439251356485,0.7357418083670867,0,100,900,1790623877.435669,2500.519875,3199.463,performance,,32861568.0,31963056.0,29455588.0,0.0,0.0,14.59,15.07,14.97,,,
6,126,sharded_2key,Sharded-2key,100,write-heavy,1,282443.70595667,332.0,807.0,347.3748444444444,149.52576241056587,0.4304449927849611,0,100,900,1790623882.3885138,2870.45575,3151.034,performance,,32861568.0,31928840.0,29421420.0,0.0,0.0,16.95,15.55,15.13,,,
6,127,sharded_2key,Sharded-2key,1500,write-heavy,1,269879.02731973777,2137.0,27315.0,5382.25427037037,6956.21580871128,1.2924353735953469,0,100,900,1790623885.0637069,2300.0,2300.0,performance,,32861568.0,31958684.0,29451224.0,0.0,0.0,15.59,15.29,15.05,,,
6,128,thread_local,ThreadLocal,2000,write-heavy,1,255047.47880124775,2292.0,43638.0,7553.898932777778,11348.51382103369,1.5023385832964178,0,100,900,1790623893.0111494,2400.150625,3101.205,performance,,32861568.0,31963668.0,29455960.0,0.0,0.0,20.19,16.25,15.36,,,
6,129,thread_local,ThreadLocal,750,write-heavy,1,281963.01432492794,1931.0,8866.0,2598.9183081481483,1929.8828992259798,0.7425715895630103,0,100,900,1790623903.2451415,2399.38,3095.04,performance,,32861568.0,31939692.0,29431696.0,0.0,0.0,20.51,16.46,15.43,,,
6,130,hdr_histogram,HdrHistogram,3000,mixed,1,242615.5456151851,2426.0,79659.0,11883.887175185186,19976.914116439228,1.6810083958179223,0,100,900,1790623908.2678638,2300.0,2300.0,performance,,32861568.0,31955864.0,29447884.0,0.0,0.0,18.86,16.18,15.35,,,
6,131,hdr_histogram,HdrHistogram,1500,write-heavy,1,263008.77773190243,2204.0,28409.0,5520.607074814815,7215.383012554476,1.3069908643691168,0,100,900,1790623923.0721273,2300.0,2300.0,performance,,32861568.0,31976460.0,29468000.0,0.0,0.0,19.41,16.42,15.44,,,
6,132,hdr_histogram,HdrHistogram,100,read-heavy,1,285884.6974983974,329.0,762.0,343.29633333333334,142.7599470436871,0.4158504859563131,0,100,900,1790623931.1557071,2603.69325,3182.969,performance,,32861568.0,31929096.0,29420444.0,0.0,0.0,18.5,16.31,15.42,,,
6,133,global_mutex,GlobalMutex,750,mixed,1,278158.69401679427,1959.0,9201.0,2640.5267614814816,2005.9271251502507,0.7596693032661462,0,100,900,1790623933.9951155,2495.517625,3098.645,performance,,32861568.0,31970788.0,29462112.0,0.0,0.0,17.02,16.04,15.33,,,
6,134,disabled,Disabled,1000,mixed,1,284042.81126452825,2022.0,14879.0,3419.4203333333335,3416.9717389654634,0.9992839153630805,0,100,900,1790623939.047366,2932.69275,3197.8,performance,,32861568.0,31927836.0,29419164.0,0.0,0.0,15.66,15.77,15.25,,,
6,135,global_mutex,GlobalMutex,1000,mixed,1,299326.3672079041,1912.0,13310.0,3237.861627777778,3173.5631256203565,0.9801416769617944,0,100,900,1790623944.9301581,2467.050375,2971.921,performance,,32861568.0,31952012.0,29443204.0,0.0,0.0,14.4,15.51,15.17,,,
6,136,sharded_n,Sharded-N,100,mixed,1,279486.1376568166,337.0,729.0,350.1710111111111,138.14755572354707,0.3945145410101127,0,100,900,1790623950.6694865,2399.164875,3093.319,performance,,32861568.0,31946340.0,29437412.0,0.0,0.0,15.01,15.62,15.21,,,
6,137,disabled,Disabled,2000,read-heavy,1,265301.5919911509,2176.0,41961.0,7265.289310555556,11055.455554959877,1.5216813924942652,0,100,900,1790623953.3492734,2403.419375,3127.355,performance,,32861568.0,31964524.0,29455568.0,0.0,0.0,15.01,15.62,15.21,,,
6,138,sharded_2key,Sharded-2key,750,read-heavy,1,297606.07249292143,1856.0,8539.0,2458.4424459259258,1824.7048818894305,0.7422198900418797,0,100,900,1790623963.4359484,2300.0,2300.0,performance,,32861568.0,31954748.0,29445520.0,0.0,0.0,12.79,15.1,15.04,,,
6,139,thread_local,ThreadLocal,100,write-heavy,1,288722.1907477607,326.0,781.0,342.12105555555553,142.83129725811395,0.41748759668175467,0,100,900,1790623968.483983,2522.77725,3248.598,performance,,32861568.0,31953564.0,29444300.0,0.0,0.0,11.77,14.85,14.96,,,
6,140,sharded_2key,Sharded-2key,250,write-heavy,1,299057.5158526136,797.0,1842.0,821.9692444444445,366.94055366286045,0.44641640322062115,0,100,900,1790623971.1511173,2419.927125,3259.417,performance,,32861568.0,31969252.0,29459956.0,0.0,0.0,11.77,14.85,14.96,,,
6,141,global_mutex,GlobalMutex,500,mixed,1,297848.7557893433,1531.0,4448.0,1645.705048888889,842.6219222184882,0.5120127223206802,0,100,900,1790623974.3204756,2701.620625,3232.183,performance,,32861568.0,31969608.0,29460316.0,0.0,0.0,10.82,14.6,14.88,,,
6,142,thread_local,ThreadLocal,750,mixed,1,286826.08931813965,1899.0,8861.0,2558.532794074074,1937.7553264231112,0.7573697436715403,0,100,900,1790623978.3506846,2579.018,3088.113,performance,,32861568.0,31955928.0,29446500.0,0.0,0.0,10.82,14.6,14.88,,,
6,143,global_mutex,GlobalMutex,2000,read-heavy,1,264936.7203537405,2175.0,41569.0,7291.701395555556,11035.368690694244,1.5134147837458802,0,100,900,1790623983.3304582,2388.146625,3005.173,performance,,32861568.0,31953244.0,29443748.0,0.0,0.0,9.96,14.36,14.8,,,
6,144,disabled,Disabled,750,read-heavy,1,301929.85957608576,1862.0,8008.0,2426.9606977777776,1717.497029780342,0.7076740185174614,0,100,900,1790623993.4443583,2465.6705,3110.263,performance,,32861568.0,31942064.0,29432232.0,0.0,0.0,9.0,13.93,14.65,,,
7,1,disabled,Disabled,1500,mixed,1,264741.4009936799,2207.0,29227.0,5477.690917777778,7244.444019715332,1.3225361066290868,0,100,900,1790623998.4584029,2475.111625,3002.573,performance,,32861568.0,31952748.0,29442880.0,0.0,0.0,8.28,13.7,14.57,,,
7,2,global_mutex,GlobalMutex,100,write-heavy,1,278504.47675832175,340.0,730.0,352.4351111111111,141.61628485378742,0.40182229405951697,0,100,900,1790624006.5047052,2300.0,2300.0,performance,,32861568.0,31944584.0,29434452.0,0.0,0.0,8.18,13.59,14.53,,,
7,3,disabled,Disabled,500,mixed,1,294219.72091813217,1548.0,4401.0,1668.9221022222223,863.08078377636,0.5171486330171676,0,100,900,1790624009.1854062,2400.2375,3101.9,performance,,32861568.0,31966964.0,29456800.0,0.0,0.0,7.52,13.36,14.46,,,
7,4,disabled,Disabled,250,write-heavy,1,311895.5364869587,766.0,1662.0,786.7563422222222,334.86430690690077,0.4256264473967432,0,100,900,1790624013.2360735,2300.0,2300.0,performance,,32861568.0,31951208.0,29441064.0,0.0,0.0,7.52,13.36,14.46,,,
7,5,hdr_histogram,HdrHistogram,2000,write-heavy,1,257523.56825044172,2245.0,44333.0,7503.994482777778,11363.525555321752,1.5143302119160513,0,100,900,1790624016.3826587,2417.8285,3242.628,performance,,32861568.0,31953796.0,29443604.0,0.0,0.0,6.92,13.14,14.38,,,
7,6,global_mutex,GlobalMutex,3000,read-heavy,1,249145.6834884011,2359.0,75875.0,11572.44521962963,19577.904606990767,1.6917690458177297,0,100,900,1790624026.5349839,2768.509875,3340.451,performance,,32861568.0,31929740.0,29419196.0,0.0,0.0,9.97,13.6,14.51,,,
7,7,global_mutex,GlobalMutex,500,mixed,1,302052.5599108835,1528.0,4019.0,1621.482348888889,798.2669540558638,0.4923069033732445,0,100,900,1790624041.127338,2813.64925,3194.04,performance,,32861568.0,31977492.0,29466560.0,0.0,0.0,12.39,13.94,14.61,,,
7,8,sharded_2key,Sharded-2key,100,read-heavy,1,300366.9162101657,313.0,693.0,326.47481111111114,134.2093842163392,0.4110864901325049,0,100,900,1790624045.1331291,2300.0,2300.0,performance,,32861568.0,31957508.0,29446604.0,0.0,0.0,11.4,13.71,14.53,,,
7,9,sharded_n,Sharded-N,750,write-heavy,1,286529.1021967662,1915.0,8660.0,2554.1594444444445,1864.0275447676256,0.7298007760721729,0,100,900,1790624047.94844,2412.74725,3201.978,performance,,32861568.0,31959924.0,29449004.0,0.0,0.0,11.4,13.71,14.53,,,
7,10,global_mutex,GlobalMutex,1500,read-heavy,1,284149.36014506186,1996.0,25143.0,5094.781719259259,6609.993949387061,1.2974047395200479,0,100,900,1790624052.928837,2300.0,2300.0,performance,,32861568.0,31931892.0,29420872.0,0.0,0.0,11.77,13.75,14.54,,,
7,11,disabled,Disabled,500,read-heavy,1,320961.66482661484,1452.0,3667.0,1527.8531,720.0284329742653,0.47126810357243465,0,100,900,1790624060.7690332,2514.485375,3169.864,performance,,32861568.0,31931768.0,29420412.0,0.0,0.0,10.99,13.51,14.45,,,
7,12,sharded_n,Sharded-N,2000,mixed,1,264293.6943768638,2181.0,38539.0,7299.3740216666665,10796.65251390211,1.4791203302988043,0,100,900,1790624064.8478265,2300.0,2300.0,performance,,32861568.0,31927688.0,29416420.0,0.0,0.0,10.11,13.29,14.38,,,
7,13,thread_local,ThreadLocal,2000,mixed,1,268203.03121563944,2152.0,44061.0,7167.802448888889,10861.6664954169,1.5153412182977521,0,100,900,1790624074.8112776,2411.700875,3193.607,performance,,32861568.0,31956324.0,29444732.0,0.0,0.0,9.59,13.08,14.3,,,
7,14,thread_local,ThreadLocal,250,mixed,1,310138.17075916845,772.0,1658.0,792.3308222222222,332.16345733060234,0.4192231931593867,0,100,900,1790624084.6527116,2734.802,3190.212,performance,,32861568.0,31940604.0,29428780.0,0.0,0.0,10.1,13.09,14.29,,,
7,15,sharded_n,Sharded-N,250,write-heavy,1,315085.70929955796,757.0,1605.0,777.1673066666667,328.99120088954487,0.4233209478414817,0,100,900,1790624087.789477,2631.0175,3511.551,performance,,32861568.0,31956440.0,29444748.0,0.0,0.0,10.1,13.09,14.29,,,
7,16,thread_local,ThreadLocal,100,write-heavy,1,292013.7301221955,323.0,731.0,335.6593111111111,138.3751326196129,0.41224875353988766,0,100,900,1790624090.9210413,2644.0975,3502.744,performance,,32861568.0,31967144.0,29455388.0,0.0,0.0,15.54,14.17,14.63,,,
7,17,thread_local,ThreadLocal,1500,write-heavy,1,280778.84555123356,2054.0,26764.0,5165.1748051851855,6753.239307204988,1.307456100116028,0,100,900,1790624093.5819902,2300.0,2300.0,performance,,32861568.0,31969388.0,29457600.0,0.0,0.0,14.38,13.95,14.56,,,
7,18,sharded_n,Sharded-N,500,mixed,1,301757.08928491356,1533.0,3988.0,1622.6066533333333,791.5008008401717,0.48779585564633643,0,100,900,1790624101.350565,2399.86175,3098.894,performance,,32861568.0,31948576.0,29436468.0,0.0,0.0,14.27,13.93,14.55,,,
7,19,global_mutex,GlobalMutex,1000,mixed,1,280322.26418101793,2053.0,15605.0,3466.060051111111,3521.768040638817,1.0160724248011364,0,100,900,1790624105.3505716,2429.42975,3335.438,performance,,32861568.0,31956320.0,29444192.0,0.0,0.0,13.12,13.7,14.47,,,
7,20,global_mutex,GlobalMutex,750,write-heavy,1,286349.7310992125,1898.0,8664.0,2560.7993451851853,1893.4414012512489,0.7393946756552001,0,100,900,1790624111.2754967,2709.8355,3164.45,performance,,32861568.0,31947496.0,29435156.0,0.0,0.0,13.27,13.72,14.47,,,
7,21,global_mutex,GlobalMutex,250,mixed,1,310739.12167175923,772.0,1662.0,791.9093288888889,341.62162372719973,0.43138982111313395,0,100,900,1790624116.2517743,2300.0,2300.0,performance,,32861568.0,31943952.0,29431544.0,0.0,0.0,13.33,13.73,14.47,,,
7,22,global_mutex,GlobalMutex,750,read-heavy,1,300429.4167171598,1804.0,8856.0,2439.25364,1873.6561556065265,0.7681268257148226,0,100,900,1790624119.3919194,2300.0,2300.0,performance,,32861568.0,31972700.0,29460292.0,0.0,0.0,12.26,13.5,14.39,,,
7,23,sharded_2key,Sharded-2key,1000,write-heavy,1,279335.8159676425,2011.0,14527.0,3475.974298888889,3411.3894633501527,0.9814196452605012,0,100,900,1790624124.4067538,2300.0,2300.0,performance,,32861568.0,31935512.0,29422952.0,0.0,0.0,11.28,13.28,14.31,,,
7,24,hdr_histogram,HdrHistogram,2000,read-heavy,1,277162.97064186574,2057.0,39900.0,6948.033466111111,10418.97303916055,1.4995571178490827,0,100,900,1790624130.3421617,2361.088125,2788.705,performance,,32861568.0,31946532.0,29433768.0,0.0,0.0,10.38,13.06,14.24,,,
7,25,global_mutex,GlobalMutex,3000,mixed,1,250886.37463899402,2357.0,83126.0,11479.791065925925,19436.22433706384,1.693081714244263,0,100,900,1790624140.139123,2300.0,2300.0,performance,,32861568.0,31966952.0,29453952.0,0.0,0.0,10.11,12.92,14.18,,,
7,26,global_mutex,GlobalMutex,2000,mixed,1,268847.4976645158,2164.0,44085.0,7171.380755,10821.44080721121,1.508975910903396,0,100,900,1790624154.492707,2407.244375,3157.955,performance,,32861568.0,31978300.0,29464920.0,0.0,0.0,10.03,12.77,14.11,,,
7,27,sharded_n,Sharded-N,3000,mixed,1,254305.42625737586,2310.0,76287.0,11347.91130962963,19192.370677569652,1.691269005714149,0,100,900,1790624164.311781,2789.490625,3349.433,performance,,32861568.0,31954676.0,29441184.0,0.0,0.0,9.96,12.68,14.07,,,
7,28,sharded_n,Sharded-N,500,write-heavy,1,310075.3045715024,1465.0,4305.0,1579.1538822222221,823.8622350667036,0.5217111798549648,0,100,900,1790624178.5107882,2300.0,2300.0,performance,,32861568.0,31965044.0,29451096.0,0.0,0.0,10.02,12.58,14.01,,,
7,29,sharded_n,Sharded-N,1000,read-heavy,1,307981.39387488127,1826.0,13877.0,3153.3723666666665,3257.7438753107544,1.0330983773903035,0,100,900,1790624182.466443,2438.668875,3409.351,performance,,32861568.0,31972572.0,29458684.0,0.0,0.0,10.02,12.58,14.01,,,
7,30,global_mutex,GlobalMutex,2000,write-heavy,1,283466.3054034327,2016.0,37529.0,6808.330928888889,10032.345524863758,1.4735396427771799,0,100,900,1790624188.2345328,2450.5195,3504.156,performance,,32861568.0,31947596.0,29433456.0,0.0,0.0,9.86,12.5,13.98,,,
7,31,disabled,Disabled,2000,read-heavy,1,295679.48003872455,1927.0,38117.0,6517.862562777777,9830.554604724473,1.5082482194185598,0,100,900,1790624197.697484,2450.272125,3502.177,performance,,32861568.0,31951836.0,29437420.0,0.0,0.0,9.14,12.25,13.89,,,
7,32,sharded_n,Sharded-N,1500,mixed,1,289546.2589916309,1974.0,27818.0,5003.322885185185,6694.580549952009,1.3380268880456685,0,100,900,1790624207.036455,2411.949,3195.592,performance,,32861568.0,31930080.0,29415428.0,0.0,0.0,12.83,12.97,14.1,,,
7,33,disabled,Disabled,500,write-heavy,1,319899.846836503,1419.0,4155.0,1527.5613866666667,791.2800737628825,0.5180021442474114,0,100,900,1790624214.5910761,2300.0,2300.0,performance,,32861568.0,31930268.0,29415464.0,0.0,0.0,11.89,12.77,14.02,,,
7,34,thread_local,ThreadLocal,250,write-heavy,1,323747.5124230374,742.0,1566.0,757.8021333333334,321.8726798043499,0.42474501673482123,0,100,900,1790624218.503094,2300.0,2300.0,performance,,32861568.0,31939468.0,29424732.0,0.0,0.0,10.94,12.55,13.95,,,
7,35,thread_local,ThreadLocal,100,mixed,1,308682.2098540197,304.0,708.0,318.26286666666664,133.88657632139035,0.42067922570940947,0,100,900,1790624221.6057713,2682.307,3359.304,performance,,32861568.0,31947332.0,29432576.0,0.0,0.0,10.94,12.55,13.95,,,
7,36,disabled,Disabled,100,mixed,1,306481.0599659718,306.0,757.0,320.3876666666667,135.27795781837344,0.42223210158435176,0,100,900,1790624224.250261,2658.655875,3344.733,performance,,32861568.0,31965788.0,29451008.0,0.0,0.0,10.06,12.35,13.87,,,
7,37,hdr_histogram,HdrHistogram,100,write-heavy,1,295405.468162656,319.0,731.0,333.08183333333335,135.8371761434306,0.40781922803784637,0,100,900,1790624226.8982925,2449.93225,3499.458,performance,,32861568.0,31975988.0,29461176.0,0.0,0.0,10.06,12.35,13.87,,,
7,38,hdr_histogram,HdrHistogram,500,mixed,1,319801.221339626,1417.0,4107.0,1530.8065866666666,802.8243259711581,0.5244453041708614,0,100,900,1790624229.5590885,2871.245375,3547.619,performance,,32861568.0,31972576.0,29457736.0,0.0,0.0,9.26,12.14,13.8,,,
7,39,global_mutex,GlobalMutex,500,write-heavy,1,308083.48587607895,1481.0,4139.0,1593.4003422222222,806.477458915754,0.506136115039995,0,100,900,1790624233.4729264,2300.0,2300.0,performance,,32861568.0,31926956.0,29411988.0,0.0,0.0,8.51,11.94,13.72,,,
7,40,sharded_2key,Sharded-2key,1000,read-heavy,1,307140.0964701653,1856.0,13538.0,3166.3048388888888,3168.2283940611624,1.000607507890159,0,100,900,1790624237.4378493,2840.819,3559.796,performance,,32861568.0,31946180.0,29431112.0,0.0,0.0,8.51,11.94,13.72,,,
7,41,sharded_n,Sharded-N,250,mixed,1,317454.57617953094,756.0,1615.0,774.3101422222222,328.8328951423198,0.4246785328144995,0,100,900,1790624243.2090313,2300.0,2300.0,performance,,32861568.0,31916204.0,29400924.0,0.0,0.0,9.67,12.12,13.77,,,
7,42,sharded_2key,Sharded-2key,2000,mixed,1,278730.9468995745,2067.0,43501.0,6908.348988333333,10719.822581870003,1.5517198971814252,0,100,900,1790624246.328507,2433.191375,3365.531,performance,,32861568.0,31935204.0,29419880.0,0.0,0.0,8.9,11.92,13.7,,,
7,43,disabled,Disabled,3000,write-heavy,1,261806.72738987533,2258.0,74728.0,11022.145947777777,18820.391529860488,1.7075070153335203,0,100,900,1790624255.878512,2383.100625,2964.805,performance,,32861568.0,31931292.0,29415752.0,0.0,0.0,19.06,13.97,14.35,,,
7,44,sharded_2key,Sharded-2key,3000,write-heavy,1,257079.73177784614,2291.0,78407.0,11205.771594814814,19093.886733516327,1.7039332429684304,0,100,900,1790624269.7803133,2573.452125,3412.605,performance,,32861568.0,31954360.0,29438412.0,0.0,0.0,17.05,13.79,14.28,,,
7,45,disabled,Disabled,1000,write-heavy,1,294102.17199842626,1936.0,14492.0,3314.64395,3346.443923389173,1.0095937825808328,0,100,900,1790624283.8895438,2785.309,3440.074,performance,,32861568.0,31963272.0,29446972.0,0.0,0.0,15.69,13.67,14.23,,,
7,46,thread_local,ThreadLocal,2000,read-heavy,1,282243.30817968585,2028.0,39534.0,6824.144138333333,10391.107508378494,1.5226975423934004,0,100,900,1790624289.6476028,2849.919,3217.66,performance,,32861568.0,31940736.0,29424396.0,0.0,0.0,14.43,13.44,14.16,,,
7,47,disabled,Disabled,100,write-heavy,1,300887.4907219253,311.0,721.0,325.30505555555555,139.89095194226266,0.43003005810455996,0,100,900,1790624299.2870479,2300.0,2300.0,performance,,32861568.0,31947848.0,29431264.0,0.0,0.0,13.54,13.29,14.1,,,
7,48,thread_local,ThreadLocal,750,write-heavy,1,297859.836171027,1842.0,8406.0,2457.7301392592594,1827.1640962167896,0.7434356063060212,0,100,900,1790624301.939618,2374.64375,2897.15,performance,,32861568.0,31959948.0,29443328.0,0.0,0.0,13.54,13.29,14.1,,,
7,49,thread_local,ThreadLocal,500,write-heavy,1,306345.5379278456,1482.0,4335.0,1603.7475488888888,838.5500699792752,0.5228691202429216,0,100,900,1790624306.8132849,2449.696375,3497.571,performance,,32861568.0,31926584.0,29409852.0,0.0,0.0,18.3,14.28,14.42,,,
7,50,sharded_n,Sharded-N,2000,read-heavy,1,282824.78395241016,2028.0,40141.0,6833.631259444444,10407.339142584155,1.5229588409823334,0,100,900,1790624310.791071,2300.0,2300.0,performance,,32861568.0,31951448.0,29434724.0,0.0,0.0,18.27,14.35,14.44,,,
7,51,thread_local,ThreadLocal,3000,read-heavy,1,274760.88332199043,2111.0,70739.0,10467.658044444444,17730.250288642797,1.6938125236191555,0,100,900,1790624320.411671,2421.537625,3272.301,performance,,32861568.0,31935640.0,29418576.0,0.0,0.0,16.05,14.0,14.33,,,
7,52,hdr_histogram,HdrHistogram,1000,read-heavy,1,299188.3501752988,1877.0,13670.0,3248.61233,3184.7624659384446,0.9803454959916515,0,100,900,1790624333.905462,2434.12075,3372.966,performance,,32861568.0,31971836.0,29454364.0,0.0,0.0,20.75,15.25,14.74,,,
7,53,sharded_2key,Sharded-2key,2000,read-heavy,1,284867.9757858688,2012.0,39424.0,6765.131276666667,10206.359886416476,1.5086713722199017,0,100,900,1790624339.7572882,2448.880625,3491.045,performance,,32861568.0,31912012.0,29394500.0,0.0,0.0,19.09,15.0,14.66,,,
7,54,global_mutex,GlobalMutex,100,read-heavy,1,294511.9475463488,317.0,772.0,333.815,149.44144354878216,0.4476774367502424,0,100,900,1790624349.3323393,2411.42925,3191.434,performance,,32861568.0,31940852.0,29423116.0,0.0,0.0,16.97,14.68,14.56,,,
7,55,sharded_n,Sharded-N,1500,write-heavy,1,286658.1580848808,1994.0,26681.0,5058.065380740741,6668.431366973923,1.3183758739783922,0,100,900,1790624352.1512222,2403.64075,3129.126,performance,,32861568.0,31962672.0,29444904.0,0.0,0.0,16.97,14.68,14.56,,,
7,56,hdr_histogram,HdrHistogram,750,read-heavy,1,311844.55918623065,1785.0,7985.0,2350.205383703704,1695.5389538219513,0.7214428856213156,0,100,900,1790624359.7652018,2447.396125,3479.169,performance,,32861568.0,31959988.0,29442056.0,0.0,0.0,14.95,14.33,14.44,,,
7,57,hdr_histogram,HdrHistogram,250,mixed,1,295868.11031754664,803.0,1825.0,830.2266711111112,366.28534205208564,0.4411871538189416,0,100,900,1790624364.6986609,2445.524875,3464.199,performance,,32861568.0,31909520.0,29391460.0,0.0,0.0,13.75,14.09,14.37,,,
7,58,thread_local,ThreadLocal,3000,write-heavy,1,255132.96071827767,2297.0,79781.0,11331.368454074074,19203.689250683066,1.694736988609578,0,100,900,1790624367.8747458,2300.0,2300.0,performance,,32861568.0,31948120.0,29430044.0,0.0,0.0,13.75,14.09,14.37,,,
7,59,sharded_n,Sharded-N,500,read-heavy,1,308838.3685503647,1489.0,4102.0,1591.3498422222222,810.6458183453032,0.5094076719254178,0,100,900,1790624382.0525756,2405.35175,3142.814,performance,,32861568.0,31957324.0,29438860.0,0.0,0.0,13.79,14.08,14.36,,,
7,60,sharded_2key,Sharded-2key,1500,mixed,1,280502.6908087057,2030.0,26677.0,5174.279485185185,6655.28040052732,1.286223602645061,0,100,900,1790624386.1776776,2794.684125,3497.058,performance,,32861568.0,31961920.0,29443432.0,0.0,0.0,13.65,14.05,14.35,,,
7,61,sharded_n,Sharded-N,3000,write-heavy,1,246113.5305642545,2409.0,80122.0,11720.943197407407,19684.78169820921,1.6794537237040235,0,100,900,1790624393.9154792,2387.6755,3001.404,performance,,32861568.0,31924100.0,29405392.0,0.0,0.0,12.21,13.73,14.24,,,
7,62,disabled,Disabled,750,write-heavy,1,293551.13366218755,1853.0,8894.0,2493.975143703704,1895.0767162177606,0.7598619100122453,0,100,900,1790624408.542784,2399.608625,3096.869,performance,,32861568.0,31945964.0,29426756.0,0.0,0.0,11.95,13.63,14.2,,,
7,63,sharded_n,Sharded-N,250,read-heavy,1,318275.7207716177,749.0,1684.0,771.2495466666667,335.12067896222703,0.43451653282730013,0,100,900,1790624413.4533522,2412.628,3201.024,performance,,32861568.0,31961876.0,29442744.0,0.0,0.0,11.95,13.63,14.2,,,
7,64,disabled,Disabled,1500,write-heavy,1,286642.8858782453,2000.0,26138.0,5062.2298459259255,6601.998822960892,1.3041681282556086,0,100,900,1790624416.7565956,2414.01,3212.08,performance,,32861568.0,31958636.0,29439472.0,0.0,0.0,11.0,13.4,14.12,,,
7,65,hdr_histogram,HdrHistogram,2000,mixed,1,271503.93121899926,2135.0,42748.0,7106.364783333333,10788.292940357385,1.518116965464443,0,100,900,1790624424.3861742,2300.0,2300.0,performance,,32861568.0,31921368.0,29401916.0,0.0,0.0,11.0,13.33,14.09,,,
7,66,sharded_2key,Sharded-2key,3000,mixed,1,260250.33770886261,2263.0,76483.0,11089.961782962962,18725.684422914484,1.688525604450861,0,100,900,1790624434.1514435,2749.279625,3426.043,performance,,32861568.0,31947328.0,29427640.0,0.0,0.0,9.97,13.04,13.99,,,
7,67,sharded_2key,Sharded-2key,1500,read-heavy,1,282902.59798150265,2021.0,27606.0,5128.751547407407,6818.890290568265,1.3295419416476173,0,100,900,1790624448.1108396,2300.0,2300.0,performance,,32861568.0,31972676.0,29452688.0,0.0,0.0,10.98,13.16,14.02,,,
7,68,hdr_histogram,HdrHistogram,1000,write-heavy,1,278198.51379015675,2064.0,15057.0,3499.93335,3480.914438914753,0.9945659219238427,0,100,900,1790624455.9576879,2680.70775,3162.474,performance,,32861568.0,31920036.0,29399852.0,0.0,0.0,10.0,12.87,13.91,,,
7,69,thread_local,ThreadLocal,1000,mixed,1,290069.55521784455,1959.0,14524.0,3358.842647777778,3420.1058465662245,1.0182393774322767,0,100,900,1790624461.9118638,2419.63325,3257.066,performance,,32861568.0,31923840.0,29403544.0,0.0,0.0,10.49,12.92,13.93,,,
7,70,sharded_n,Sharded-N,1500,read-heavy,1,286436.7433792917,2018.0,26013.0,5050.784387407408,6712.305177252249,1.3289629218755283,0,100,900,1790624467.7261,2300.0,2300.0,performance,,32861568.0,31950000.0,29429568.0,0.0,0.0,10.61,12.91,13.91,,,
7,71,sharded_n,Sharded-N,100,read-heavy,1,295490.61814332486,320.0,708.0,332.5431111111111,137.20318928282532,0.4125876756983315,0,100,900,1790624475.4864192,2876.593375,3318.518,performance,,32861568.0,31944088.0,29423364.0,0.0,0.0,10.31,12.78,13.86,,,
7,72,sharded_n,Sharded-N,750,mixed,1,290813.87221979676,1876.0,8831.0,2517.0481214814813,1881.7922372937942,0.7476186971690517,0,100,900,1790624478.3037727,2504.836,3175.606,performance,,32861568.0,31965496.0,29444736.0,0.0,0.0,10.31,12.78,13.86,,,
7,73,sharded_2key,Sharded-2key,250,write-heavy,1,297149.0713808237,807.0,1771.0,824.6891911111111,357.0551324305851,0.4329572113701667,0,100,900,1790624483.2414992,2413.38925,3207.114,performance,,32861568.0,31948824.0,29428076.0,0.0,0.0,9.48,12.56,13.79,,,
7,74,sharded_2key,Sharded-2key,3000,read-heavy,1,254016.9800220571,2310.0,79489.0,11369.28031037037,19253.93864711761,1.6935054921247155,0,100,900,1790624486.4142792,2581.75925,3101.05,performance,,32861568.0,31951368.0,29430672.0,0.0,0.0,8.8,12.37,13.72,,,
7,75,hdr_histogram,HdrHistogram,3000,mixed,1,246009.72221456506,2390.0,81263.0,11703.76732,19817.899601315527,1.6932923442052439,0,100,900,1790624500.780706,2879.893125,3288.778,performance,,32861568.0,31970040.0,29448864.0,0.0,0.0,12.24,13.0,13.9,,,
7,76,global_mutex,GlobalMutex,100,mixed,1,280289.56503189105,334.0,849.0,348.6074777777778,149.19643739954284,0.42797830485624044,0,100,900,1790624515.3897197,2405.31075,3142.486,performance,,32861568.0,31965260.0,29443716.0,0.0,0.0,11.91,12.91,13.86,,,
7,77,sharded_2key,Sharded-2key,1000,mixed,1,283787.6670089435,1986.0,14580.0,3429.7707244444446,3394.7061824675934,0.9897764180774705,0,100,900,1790624518.0661685,2398.32175,3086.574,performance,,32861568.0,31969476.0,29447904.0,0.0,0.0,11.91,12.91,13.86,,,
7,78,global_mutex,GlobalMutex,500,read-heavy,1,302074.67322305293,1503.0,4268.0,1623.544428888889,845.8595518775488,0.5209956295784482,0,100,900,1790624523.9569557,2300.0,2300.0,performance,,32861568.0,31938456.0,29416812.0,0.0,0.0,10.6,12.6,13.75,,,
7,79,sharded_2key,Sharded-2key,2000,write-heavy,1,262211.2256518664,2228.0,42545.0,7360.032322222222,11106.473020140407,1.5090250333013508,0,100,900,1790624528.1187072,2300.0,2300.0,performance,,32861568.0,31943744.0,29422068.0,0.0,0.0,10.6,12.6,13.75,,,
7,80,global_mutex,GlobalMutex,1500,write-heavy,1,271692.3448817416,2140.0,28783.0,5335.842927407408,7159.556960399662,1.3417855543731991,0,100,900,1790624538.1370113,2300.0,2300.0,performance,,32861568.0,31929216.0,29407180.0,0.0,0.0,15.39,13.54,14.04,,,
7,81,thread_local,ThreadLocal,250,read-heavy,1,317605.13644013176,750.0,1609.0,772.0563111111111,331.96486037066927,0.42997493264826675,0,100,900,1790624546.0458975,2732.892625,3185.348,performance,,32861568.0,31951560.0,29429380.0,0.0,0.0,17.47,14.04,14.2,,,
7,82,thread_local,ThreadLocal,1000,write-heavy,1,280894.06543610024,2035.0,14371.0,3450.8261677777778,3373.5469564104283,0.9776055913540511,0,100,900,1790624549.3357763,2300.0,2300.0,performance,,32861568.0,31959208.0,29437016.0,0.0,0.0,16.07,13.8,14.12,,,
7,83,sharded_2key,Sharded-2key,1500,write-heavy,1,270416.3312529325,2130.0,28523.0,5371.347390370371,7166.293262182375,1.3341705053428385,0,100,900,1790624555.253506,2409.77925,3178.234,performance,,32861568.0,31945520.0,29423196.0,0.0,0.0,14.79,13.57,14.05,,,
7,84,disabled,Disabled,2000,mixed,1,277391.1562768289,2067.0,37785.0,6949.541107777778,10390.878255185416,1.4951891202652456,0,100,900,1790624563.1638882,2300.0,2300.0,performance,,32861568.0,31953888.0,29431352.0,0.0,0.0,14.72,13.58,14.05,,,
7,85,sharded_2key,Sharded-2key,100,mixed,1,300552.0760938548,316.0,637.0,326.06361111111113,125.73244518394962,0.3856071051764939,0,100,900,1790624572.7760801,2300.0,2300.0,performance,,32861568.0,31950056.0,29427288.0,0.0,0.0,25.81,16.08,14.86,,,
7,86,global_mutex,GlobalMutex,1000,read-heavy,1,288144.12545006856,1976.0,13823.0,3380.554111111111,3265.9744514809186,0.9661062488976008,0,100,900,1790624575.4321566,2300.0,2300.0,performance,,32861568.0,31961652.0,29438840.0,0.0,0.0,23.74,15.81,14.78,,,
7,87,global_mutex,GlobalMutex,250,read-heavy,1,304351.45683810394,788.0,1703.0,807.5515511111112,357.9097935729937,0.4432036482135972,0,100,900,1790624581.4138787,2300.0,2300.0,performance,,32861568.0,31942808.0,29419896.0,0.0,0.0,24.08,16.01,14.85,,,
7,88,global_mutex,GlobalMutex,1000,write-heavy,1,274712.449108771,2096.0,14812.0,3540.716441111111,3479.5787632943147,0.982732964123608,0,100,900,1790624584.7466726,2394.9945,3059.956,performance,,32861568.0,31960104.0,29437248.0,0.0,0.0,22.15,15.75,14.77,,,
7,89,sharded_2key,Sharded-2key,250,read-heavy,1,309264.1851530204,774.0,1646.0,794.1158488888889,337.73614650747857,0.42529833270552686,0,100,900,1790624590.7512836,2387.616625,3000.933,performance,,32861568.0,31956064.0,29432904.0,0.0,0.0,23.58,16.15,14.9,,,
7,90,disabled,Disabled,750,mixed,1,281337.2405682709,1956.0,8890.0,2594.531019259259,1917.5899438578083,0.7390892340941377,0,100,900,1790624594.0573463,2388.495625,3007.965,performance,,32861568.0,31968104.0,29445012.0,0.0,0.0,21.69,15.88,14.82,,,
7,91,disabled,Disabled,250,read-heavy,1,306026.08240714687,776.0,1787.0,803.2462044444444,359.8965254055245,0.44805256895604334,0,100,900,1790624599.0780866,2300.0,2300.0,performance,,32861568.0,31953444.0,29430192.0,0.0,0.0,19.96,15.62,14.74,,,
7,92,sharded_n,Sharded-N,750,read-heavy,1,307916.4475662474,1774.0,8602.0,2374.5604044444444,1813.4597544140188,0.763703357901438,0,100,900,1790624602.3971145,2300.0,2300.0,performance,,32861568.0,31945248.0,29421992.0,0.0,0.0,19.96,15.62,14.74,,,
7,93,disabled,Disabled,1500,read-heavy,1,284336.4972610281,2016.0,27687.0,5084.178724444444,7017.021471137999,1.380168135592983,0,100,900,1790624607.3872917,2433.31275,3366.502,performance,,32861568.0,31935400.0,29412016.0,0.0,0.0,22.36,16.19,14.93,,,
7,94,hdr_histogram,HdrHistogram,1500,mixed,1,268636.2951946194,2148.0,29623.0,5406.518453333333,7216.367108085345,1.3347530708299291,0,100,900,1790624615.214429,2524.054625,3203.007,performance,,32861568.0,31951804.0,29428188.0,0.0,0.0,20.25,15.95,14.87,,,
7,95,thread_local,ThreadLocal,500,read-heavy,1,313867.85025907506,1460.0,4031.0,1560.8247577777777,776.4088126241778,0.4974349674780844,0,100,900,1790624623.1771162,2300.0,2300.0,performance,,32861568.0,31920824.0,29397024.0,0.0,0.0,19.67,15.9,14.86,,,
7,96,global_mutex,GlobalMutex,3000,write-heavy,1,239097.6166480189,2478.0,82773.0,12072.061827777778,20330.7515869477,1.6841159262593157,0,100,900,1790624627.2854254,2401.20275,3109.622,performance,,32861568.0,31945256.0,29421464.0,0.0,0.0,18.09,15.63,14.78,,,
7,97,sharded_2key,Sharded-2key,750,read-heavy,1,289435.0594685708,1887.0,8847.0,2532.2938,1892.555969913098,0.7473682437294985,0,100,900,1790624642.208587,2916.971625,3105.048,performance,,32861568.0,31979148.0,29454860.0,0.0,0.0,27.93,17.79,15.49,,,
7,98,sharded_n,Sharded-N,2000,write-heavy,1,251812.29187551446,2326.0,44442.0,7653.050417222222,11619.860766143458,1.5183306175527644,0,100,900,1790624647.3182106,2412.203375,3197.627,performance,,32861568.0,31958120.0,29433864.0,0.0,0.0,27.05,17.78,15.5,,,
7,99,disabled,Disabled,3000,read-heavy,1,249697.76224495342,2327.0,71157.0,11559.261154444444,19531.82745090038,1.6897124470096903,0,100,900,1790624657.644404,2571.81625,3089.422,performance,,32861568.0,31955480.0,29430916.0,0.0,0.0,26.51,17.98,15.59,,,
7,100,hdr_histogram,HdrHistogram,250,read-heavy,1,308195.06202968047,774.0,1645.0,795.8374933333333,335.24244192724245,0.4212448455062012,0,100,900,1790624672.2661445,2300.0,2300.0,performance,,32861568.0,31969384.0,29444420.0,0.0,0.0,23.37,17.7,15.54,,,
7,101,hdr_histogram,HdrHistogram,100,mixed,1,296761.65374111396,318.0,694.0,330.6362888888889,135.39801577830528,0.40950742652391103,0,100,900,1790624675.585146,2719.914,3163.693,performance,,32861568.0,31979560.0,29454612.0,0.0,0.0,22.3,17.58,15.51,,,
7,102,sharded_n,Sharded-N,100,write-heavy,1,281686.05705847795,333.0,769.0,348.01304444444446,146.95521708336267,0.4222692782046624,0,100,900,1790624678.2477324,2300.0,2300.0,performance,,32861568.0,31973764.0,29448796.0,0.0,0.0,22.3,17.58,15.51,,,
7,103,sharded_n,Sharded-N,100,mixed,1,279654.95214962383,337.0,794.0,351.35856666666666,147.20765543910088,0.4189670308473126,0,100,900,1790624680.9269474,2637.86225,3214.442,performance,,32861568.0,31971204.0,29446220.0,0.0,0.0,20.51,17.28,15.43,,,
7,104,hdr_histogram,HdrHistogram,750,mixed,1,291996.8814698452,1846.0,8999.0,2508.6973259259257,1946.160519539228,0.7757653740954689,0,100,900,1790624683.606382,2867.423625,3089.922,performance,,32861568.0,31977464.0,29452452.0,0.0,0.0,18.87,17.0,15.34,,,
7,105,global_mutex,GlobalMutex,250,write-heavy,1,296978.5799209992,804.0,1719.0,826.14892,349.9491713921389,0.42359090827370316,0,100,900,1790624688.5412483,2411.59075,3192.726,performance,,32861568.0,31926940.0,29401860.0,0.0,0.0,17.36,16.71,15.26,,,
7,106,hdr_histogram,HdrHistogram,100,read-heavy,1,290385.5128061511,323.0,726.0,338.0133222222222,141.07488906216165,0.41736487820859886,0,100,900,1790624691.7225628,2832.94,3090.574,performance,,32861568.0,31955256.0,29430144.0,0.0,0.0,17.36,16.71,15.26,,,
7,107,thread_local,ThreadLocal,750,mixed,1,290496.29555573396,1899.0,8987.0,2521.550474074074,1877.5025893731433,0.7445825926060717,0,100,900,1790624694.5622272,2375.038125,2900.305,performance,,32861568.0,31963368.0,29438228.0,0.0,0.0,15.97,16.44,15.18,,,
7,108,thread_local,ThreadLocal,1500,read-heavy,1,274576.90295531746,2103.0,28371.0,5286.462294074074,7129.931978789747,1.3487151864834321,0,100,900,1790624699.5077002,2518.25475,3209.795,performance,,32861568.0,31950312.0,29425032.0,0.0,0.0,14.69,16.16,15.1,,,
7,109,disabled,Disabled,3000,mixed,1,244782.2255035838,2405.0,80619.0,11785.97286925926,20061.836945314535,1.702179121559051,0,100,900,1790624707.5010438,2300.0,2300.0,performance,,32861568.0,31928664.0,29403088.0,0.0,0.0,14.63,16.13,15.09,,,
7,110,global_mutex,GlobalMutex,1500,mixed,1,266735.0585894572,2132.0,29540.0,5436.606851111111,7329.024129472279,1.3480879398101786,0,100,900,1790624722.1854649,2869.923125,3139.006,performance,,32861568.0,31975660.0,29449692.0,0.0,0.0,19.02,17.03,15.4,,,
7,111,sharded_n,Sharded-N,1000,mixed,1,273959.882411268,2078.0,14969.0,3544.157277777778,3530.442718967108,0.9961303752244118,0,100,900,1790624730.1774225,2408.115375,3164.923,performance,,32861568.0,31934776.0,29408680.0,0.0,0.0,17.2,16.72,15.32,,,
7,112,thread_local,ThreadLocal,100,read-heavy,1,293911.75035175116,321.0,657.0,333.93384444444445,132.89276021562625,0.3979613400274413,0,100,900,1790624736.1913562,2394.442375,3055.539,performance,,32861568.0,31952560.0,29426400.0,0.0,0.0,16.86,16.66,15.31,,,
7,113,sharded_2key,Sharded-2key,250,mixed,1,311296.5629408902,774.0,1605.0,786.8891555555556,326.1845280879177,0.4145241115410042,0,100,900,1790624739.0491343,2414.2905,3214.324,performance,,32861568.0,31968596.0,29442452.0,0.0,0.0,15.51,16.38,15.22,,,
7,114,global_mutex,GlobalMutex,750,mixed,1,280590.25479791226,1965.0,9019.0,2618.423186666667,1921.9347847373099,0.7340046462023551,0,100,900,1790624742.1820395,2407.440125,3159.521,performance,,32861568.0,31960376.0,29434188.0,0.0,0.0,15.51,16.38,15.22,,,
7,115,thread_local,ThreadLocal,3000,mixed,1,238470.70799588633,2502.0,83958.0,12102.389469259258,20414.477126997364,1.6868137634184779,0,100,900,1790624747.2107773,2300.0,2300.0,performance,,32861568.0,31947728.0,29421392.0,0.0,0.0,16.67,16.6,15.3,,,
7,116,thread_local,ThreadLocal,750,read-heavy,1,288093.2085857929,1906.0,8814.0,2544.159557037037,1888.3093777383467,0.7422134246711702,0,100,900,1790624762.2044075,2400.6315,3105.052,performance,,32861568.0,31960260.0,29433440.0,0.0,0.0,16.71,16.61,15.33,,,
7,117,hdr_histogram,HdrHistogram,500,read-heavy,1,313865.70969504665,1464.0,3914.0,1563.2471844444444,778.7638253611821,0.49817062401295387,0,100,900,1790624767.3324401,2411.9245,3195.396,performance,,32861568.0,31966416.0,29439596.0,0.0,0.0,16.33,16.53,15.31,,,
7,118,disabled,Disabled,2000,write-heavy,1,248652.1453713388,2338.0,43073.0,7752.343472222222,11764.366381522565,1.5175238847035102,0,100,900,1790624771.4622614,2404.411875,3135.295,performance,,32861568.0,31943168.0,29416276.0,0.0,0.0,16.63,16.59,15.33,,,
7,119,hdr_histogram,HdrHistogram,1500,write-heavy,1,254330.43998804592,2281.0,29484.0,5723.2541014814815,7629.555386033176,1.333079966527826,0,100,900,1790624781.9055605,2387.480875,2999.847,performance,,32861568.0,31946248.0,29419064.0,0.0,0.0,15.64,16.39,15.28,,,
7,120,sharded_2key,Sharded-2key,500,read-heavy,1,295770.88393204974,1547.0,4179.0,1652.6445222222221,821.7021270257497,0.49720439935918653,0,100,900,1790624790.1774068,2494.639,3162.669,performance,,32861568.0,31945900.0,29418516.0,0.0,0.0,14.93,16.22,15.24,,,
7,121,hdr_histogram,HdrHistogram,3000,read-heavy,1,243655.60792578093,2396.0,72297.0,11852.734337037036,19781.648523699972,1.6689523245186493,0,100,900,1790624794.3782208,2366.694875,2833.559,performance,,32861568.0,31945408.0,29418060.0,0.0,0.0,13.73,15.95,15.16,,,
7,122,hdr_histogram,HdrHistogram,1000,mixed,1,271984.4779256269,2064.0,14966.0,3577.21041,3518.5250963671906,0.9835946710127097,0,100,900,1790624809.2779326,2300.0,2300.0,performance,,32861568.0,31951132.0,29423288.0,0.0,0.0,13.19,15.74,15.1,,,
7,123,sharded_n,Sharded-N,1000,write-heavy,1,269920.4553055669,2134.0,15309.0,3609.3854244444447,3516.72243121757,0.9743272102227383,0,100,900,1790624815.3049507,2300.0,2300.0,performance,,32861568.0,31918840.0,29390992.0,0.0,0.0,12.13,15.48,15.02,,,
7,124,thread_local,ThreadLocal,1500,mixed,1,267189.72164635354,2139.0,28814.0,5432.532498518519,7262.243302246442,1.336806232494126,0,100,900,1790624821.3752484,2412.064375,3196.515,performance,,32861568.0,31942108.0,29414120.0,0.0,0.0,12.68,15.54,15.04,,,
7,125,hdr_histogram,HdrHistogram,750,write-heavy,1,277727.9595535663,1986.0,8890.0,2642.272431111111,1934.8157119382865,0.7322544371871111,0,100,900,1790624829.34571,2392.85125,3042.81,performance,,32861568.0,31966956.0,29438788.0,0.0,0.0,11.98,15.3,14.97,,,
7,126,sharded_n,Sharded-N,3000,read-heavy,1,247578.21293665786,2357.0,71816.0,11665.901466296296,19252.904294686818,1.650357184167033,0,100,900,1790624834.394942,2300.0,2300.0,performance,,32861568.0,31925592.0,29397328.0,0.0,0.0,11.02,15.05,14.89,,,
7,127,sharded_2key,Sharded-2key,500,write-heavy,1,291641.7766882623,1562.0,4383.0,1680.048351111111,855.0983310956079,0.5089724533999769,0,100,900,1790624849.1044126,2403.055125,3124.441,performance,,32861568.0,31974528.0,29445836.0,0.0,0.0,11.55,14.99,14.88,,,
7,128,thread_local,ThreadLocal,1000,read-heavy,1,288291.8595751224,1979.0,14549.0,3371.628108888889,3341.8208915922414,0.9911593994550987,0,100,900,1790624853.1704476,2386.593,2992.744,performance,,32861568.0,31962056.0,29433360.0,0.0,0.0,11.55,14.99,14.88,,,
7,129,disabled,Disabled,750,read-heavy,1,285209.30142894824,1920.0,8848.0,2570.5945511111113,1904.4844716563923,0.7408731457993637,0,100,900,1790624859.1747932,2388.4205,3007.364,performance,,32861568.0,31917992.0,29389128.0,0.0,0.0,9.85,14.51,14.72,,,
7,130,disabled,Disabled,1000,read-heavy,1,287488.1864835334,1991.0,14819.0,3379.064118888889,3434.4601083765237,1.0163938852707686,0,100,900,1790624864.3219025,2300.0,2300.0,performance,,32861568.0,31946224.0,29417264.0,0.0,0.0,9.06,14.27,14.64,,,
7,131,global_mutex,GlobalMutex,2000,read-heavy,1,265045.5847307055,2136.0,39223.0,7293.507640555556,10586.503401434768,1.4514968548971563,0,100,900,1790624870.3316169,2397.562375,3080.499,performance,,32861568.0,31919544.0,29390472.0,0.0,0.0,8.33,14.04,14.56,,,
7,132,disabled,Disabled,1000,mixed,1,285112.21578690934,1999.0,14800.0,3411.410801111111,3397.5419650194463,0.9959345746085028,0,100,900,1790624880.453474,2915.96075,3210.265,performance,,32861568.0,31945332.0,29415984.0,0.0,0.0,8.16,13.82,14.49,,,
7,133,thread_local,ThreadLocal,500,mixed,1,298944.51024021197,1517.0,4318.0,1639.1201066666667,852.2771652211577,0.5199601675037457,0,100,900,1790624886.333739,2692.82525,3187.262,performance,,32861568.0,31933528.0,29404072.0,0.0,0.0,10.87,14.29,14.63,,,
7,134,sharded_2key,Sharded-2key,500,mixed,1,289874.9693696367,1560.0,4462.0,1692.2255333333333,865.4268458592545,0.5114134190816416,0,100,900,1790624890.3591793,2868.869875,3115.756,performance,,32861568.0,31958588.0,29429148.0,0.0,0.0,10.0,14.05,14.56,,,
7,135,hdr_histogram,HdrHistogram,3000,write-heavy,1,234781.2808339751,2546.0,85179.0,12311.613933703704,20599.042289440236,1.6731390701790325,0,100,900,1790624894.4271991,2300.0,2300.0,performance,,32861568.0,31938276.0,29408744.0,0.0,0.0,9.2,13.82,14.48,,,
7,136,sharded_2key,Sharded-2key,750,write-heavy,1,274693.75917848246,1986.0,9363.0,2668.2680918518518,1993.757572652176,0.7472103641836279,0,100,900,1790624909.6031938,2570.622125,3094.723,performance,,32861568.0,31964124.0,29434048.0,0.0,0.0,10.9,13.98,14.52,,,
7,137,disabled,Disabled,100,read-heavy,1,291146.7927968058,321.0,764.0,336.91026666666664,144.1675199815752,0.4279107354250267,0,100,900,1790624914.685404,2860.47175,3153.711,performance,,32861568.0,31943304.0,29413292.0,0.0,0.0,10.03,13.75,14.44,,,
7,138,hdr_histogram,HdrHistogram,500,write-heavy,1,288988.2824055994,1585.0,4344.0,1695.8823133333333,852.2790206733362,0.5025578803272871,0,100,900,1790624917.5222251,2300.0,2300.0,performance,,32861568.0,31960588.0,29430540.0,0.0,0.0,10.03,13.75,14.44,,,
7,139,disabled,Disabled,250,mixed,1,307979.0278491692,789.0,1576.0,797.3746,314.07016201200423,0.3938803192527129,0,100,900,1790624921.6035724,2374.784625,2898.277,performance,,32861568.0,31968428.0,29438316.0,0.0,0.0,10.19,13.72,14.43,,,
7,140,thread_local,ThreadLocal,2000,write-heavy,1,254596.98131239036,2284.0,46295.0,7598.101263333333,11522.623579363528,1.5165135577975284,0,100,900,1790624924.747301,2371.58775,2872.702,performance,,32861568.0,31969136.0,29438980.0,0.0,0.0,9.37,13.49,14.35,,,
7,141,sharded_2key,Sharded-2key,750,mixed,1,279159.6855411967,1946.0,9494.0,2623.2196844444443,2010.6876192746324,0.7664960854014268,0,100,900,1790624934.9890654,2300.0,2300.0,performance,,32861568.0,31945136.0,29414664.0,0.0,0.0,10.66,13.65,14.4,,,
7,142,hdr_histogram,HdrHistogram,250,write-heavy,1,295038.64896153635,811.0,1828.0,833.9492311111111,360.53851362825094,0.43232669349414465,0,100,900,1790624940.026556,2387.84975,3002.798,performance,,32861568.0,31951872.0,29421376.0,0.0,0.0,9.8,13.43,14.32,,,
7,143,sharded_2key,Sharded-2key,100,write-heavy,1,282351.9437543885,333.0,738.0,346.81946666666664,146.06621588374864,0.42115921948560936,0,100,900,1790624943.2094533,2823.466375,3051.076,performance,,32861568.0,31964412.0,29433908.0,0.0,0.0,9.8,13.43,14.32,,,
7,144,hdr_histogram,HdrHistogram,1500,read-heavy,1,264555.409460873,2196.0,28595.0,5482.432918518519,7347.0474419348275,1.3401071296500553,0,100,900,1790624945.8827784,2300.0,2300.0,performance,,32861568.0,31970476.0,29439924.0,0.0,0.0,10.46,13.5,14.34,,,
8,1,sharded_2key,Sharded-2key,750,write-heavy,1,277141.82180787687,1986.0,8828.0,2639.1872518518517,1902.3728431820668,0.7208176842500355,0,100,900,1790624954.0822208,2903.424125,3006.871,performance,,32861568.0,31937080.0,29406260.0,0.0,0.0,10.62,13.45,14.31,,,
8,2,disabled,Disabled,1000,mixed,1,277417.03220388346,2022.0,14878.0,3506.619076666667,3477.4573015741666,0.991683791579603,0,100,900,1790624959.1381576,2654.11075,3022.54,performance,,32861568.0,31950208.0,29419316.0,0.0,0.0,9.77,13.23,14.24,,,
8,3,thread_local,ThreadLocal,1000,write-heavy,1,274500.0829347101,2073.0,15723.0,3550.6135944444445,3606.0435672318863,1.015611378516145,0,100,900,1790624965.110227,2300.0,2300.0,performance,,32861568.0,31937976.0,29406876.0,0.0,0.0,8.99,13.01,14.16,,,
8,4,disabled,Disabled,2000,read-heavy,1,257933.14584107045,2245.0,42504.0,7460.092818888889,11299.46246173845,1.514654406595091,0,100,900,1790624971.1180701,2300.0,2300.0,performance,,32861568.0,31937580.0,29406348.0,0.0,0.0,9.15,12.97,14.14,,,
8,5,disabled,Disabled,3000,write-heavy,1,232015.63286824088,2562.0,84652.0,12454.265845185186,21041.073155553593,1.6894671606586962,0,100,900,1790624981.4166205,2388.570875,3008.567,performance,,32861568.0,31950312.0,29418772.0,0.0,0.0,10.14,13.06,14.16,,,
8,6,sharded_2key,Sharded-2key,500,mixed,1,292614.35001567606,1566.0,4184.0,1676.4096333333334,841.0480883663676,0.5016960482946208,0,100,900,1790624996.7434433,2397.542375,3080.339,performance,,32861568.0,31977232.0,29445352.0,0.0,0.0,12.15,13.34,14.23,,,
8,7,thread_local,ThreadLocal,100,mixed,1,280374.1697968963,338.0,735.0,349.98775555555557,141.3239296777179,0.4037967826999729,0,100,900,1790625000.8004231,2738.028,3058.802,performance,,32861568.0,31976800.0,29444952.0,0.0,0.0,13.34,13.56,14.3,,,
8,8,hdr_histogram,HdrHistogram,1000,read-heavy,1,273570.34207726177,2074.0,14813.0,3542.5430155555555,3484.547207350017,0.9836287638707915,0,100,900,1790625003.478561,2389.8135,3018.508,performance,,32861568.0,31977072.0,29445172.0,0.0,0.0,13.34,13.56,14.3,,,
8,9,global_mutex,GlobalMutex,3000,read-heavy,1,237347.75982081116,2483.0,84895.0,12181.884131851852,20549.24710698748,1.6868693614690988,0,100,900,1790625009.667133,2300.0,2300.0,performance,,32861568.0,31919436.0,29387360.0,0.0,0.0,11.29,13.12,14.15,,,
8,10,sharded_2key,Sharded-2key,750,read-heavy,1,283738.52351864736,1943.0,9126.0,2584.0481348148146,1933.1898750545597,0.7481245604556439,0,100,900,1790625024.8648136,2300.0,2300.0,performance,,32861568.0,31966792.0,29434272.0,0.0,0.0,11.81,13.16,14.14,,,
8,11,sharded_2key,Sharded-2key,3000,read-heavy,1,240831.93136503175,2437.0,76975.0,11975.692203333334,20075.590209078167,1.6763615721094012,0,100,900,1790625030.0230513,2300.0,2300.0,performance,,32861568.0,31946116.0,29413576.0,0.0,0.0,10.86,12.94,14.07,,,
8,12,thread_local,ThreadLocal,750,write-heavy,1,280271.2211928737,1933.0,9401.0,2615.9310474074073,2004.509932271371,0.7662701714779514,0,100,900,1790625045.073398,2725.8725,3290.463,performance,,32861568.0,31972684.0,29439652.0,0.0,0.0,10.5,12.77,14.0,,,
8,13,sharded_n,Sharded-N,100,read-heavy,1,280710.6723396755,337.0,769.0,350.4360222222222,141.85747029864828,0.4048027637087266,0,100,900,1790625050.1001215,2722.08075,3208.979,performance,,32861568.0,31941656.0,29408728.0,0.0,0.0,9.66,12.56,13.92,,,
8,14,global_mutex,GlobalMutex,500,write-heavy,1,283611.7470442778,1626.0,4260.0,1725.1612422222222,842.2219759412528,0.48819898994274075,0,100,900,1790625052.9389017,2300.0,2300.0,performance,,32861568.0,31963688.0,29430720.0,0.0,0.0,9.66,12.56,13.92,,,
8,15,thread_local,ThreadLocal,1500,read-heavy,1,273455.47504494316,2096.0,28024.0,5306.368968148148,7052.454372084622,1.32905465383532,0,100,900,1790625057.0444555,2504.696875,3134.015,performance,,32861568.0,31951404.0,29418348.0,0.0,0.0,11.05,12.8,13.99,,,
8,16,hdr_histogram,HdrHistogram,1000,write-heavy,1,274892.0643105427,2089.0,15897.0,3538.4250666666667,3606.0277796398145,1.0191053114590418,0,100,900,1790625065.0949545,2300.0,2300.0,performance,,32861568.0,31945964.0,29412676.0,0.0,0.0,9.57,12.43,13.86,,,
8,17,global_mutex,GlobalMutex,1500,write-heavy,1,259400.3180564944,2226.0,30114.0,5602.6682503703705,7420.129715524886,1.3243921260257325,0,100,900,1790625071.0852108,2300.0,2300.0,performance,,32861568.0,31926380.0,29392932.0,0.0,0.0,9.6,12.39,13.84,,,
8,18,sharded_2key,Sharded-2key,250,write-heavy,1,291548.7950005824,820.0,1899.0,840.7723777777778,369.4080577575173,0.4393675000764054,0,100,900,1790625079.2427495,2300.0,2300.0,performance,,32861568.0,31952664.0,29419024.0,0.0,0.0,9.09,12.19,13.76,,,
8,19,thread_local,ThreadLocal,1500,mixed,1,267128.23803725746,2119.0,27372.0,5436.010811111111,7078.313077771193,1.3021153422475256,0,100,900,1790625082.4381335,2300.0,2300.0,performance,,32861568.0,31959688.0,29426020.0,0.0,0.0,9.09,12.19,13.76,,,
8,20,sharded_2key,Sharded-2key,1500,write-heavy,1,260398.91051503082,2237.0,29007.0,5581.154393333333,7396.780142719536,1.3253136576108628,0,100,900,1790625090.4450736,2300.0,2300.0,performance,,32861568.0,31949948.0,29416028.0,0.0,0.0,9.6,12.21,13.75,,,
8,21,sharded_n,Sharded-N,500,write-heavy,1,282826.8539273406,1631.0,4384.0,1737.6940555555555,867.7596503498747,0.499374241153426,0,100,900,1790625098.5740702,2651.136625,3038.135,performance,,32861568.0,31952812.0,29418752.0,0.0,0.0,10.04,12.26,13.76,,,
8,22,hdr_histogram,HdrHistogram,3000,read-heavy,1,242447.07838122288,2438.0,80787.0,11929.091537037037,19946.448637497902,1.672084464736384,0,100,900,1790625102.687732,2300.0,2300.0,performance,,32861568.0,31969212.0,29435200.0,0.0,0.0,9.23,12.06,13.68,,,
8,23,hdr_histogram,HdrHistogram,250,write-heavy,1,305062.74567160505,789.0,1692.0,806.1556,331.87180708045344,0.41167214751153924,0,100,900,1790625117.6388607,2300.0,2300.0,performance,,32861568.0,31956864.0,29422388.0,0.0,0.0,10.08,12.1,13.67,,,
8,24,sharded_2key,Sharded-2key,1500,read-heavy,1,273526.58903466625,2101.0,27458.0,5302.14632962963,7077.552236348182,1.3348466444234424,0,100,900,1790625120.7967021,2300.0,2300.0,performance,,32861568.0,31969904.0,29435444.0,0.0,0.0,9.75,12.0,13.63,,,
8,25,disabled,Disabled,500,write-heavy,1,291203.85085901595,1579.0,4187.0,1684.452808888889,820.1061835938671,0.48686800797633,0,100,900,1790625128.841829,2300.0,2300.0,performance,,32861568.0,31945608.0,29410900.0,0.0,0.0,11.42,12.31,13.71,,,
8,26,hdr_histogram,HdrHistogram,2000,mixed,1,250379.06918135815,2338.0,44064.0,7698.61287,11513.88729269472,1.4955794617965665,0,100,900,1790625132.9047816,2300.0,2300.0,performance,,32861568.0,31944872.0,29410184.0,0.0,0.0,11.42,12.31,13.71,,,
8,27,hdr_histogram,HdrHistogram,1500,mixed,1,256188.09743962166,2251.0,30294.0,5661.694065925926,7611.346084584285,1.3443584192215634,0,100,900,1790625143.2752998,3006.07075,3045.245,performance,,32861568.0,31949664.0,29414580.0,0.0,0.0,15.7,13.2,13.99,,,
8,28,disabled,Disabled,1000,write-heavy,1,272798.6820809533,2035.0,15179.0,3568.0240066666665,3488.318393076559,0.9776611330413748,0,100,900,1790625151.501329,2387.76725,3002.138,performance,,32861568.0,31932004.0,29396864.0,0.0,0.0,17.25,13.62,14.12,,,
8,29,hdr_histogram,HdrHistogram,2000,read-heavy,1,252000.8586072454,2283.0,43690.0,7664.061373888889,11412.48422837402,1.4890909234176855,0,100,900,1790625157.5345247,2399.667,3097.336,performance,,32861568.0,31949276.0,29414068.0,0.0,0.0,17.87,13.81,14.18,,,
8,30,sharded_n,Sharded-N,250,mixed,1,301003.60259974486,796.0,1697.0,814.1179511111111,333.7371436536822,0.4099370898261076,0,100,900,1790625168.0303195,2813.267125,3317.091,performance,,32861568.0,31965796.0,29430180.0,0.0,0.0,21.83,14.83,14.51,,,
8,31,sharded_n,Sharded-N,750,write-heavy,1,269582.7115190096,2049.0,9321.0,2719.5776503703705,2005.7141024734788,0.7375094078304133,0,100,900,1790625171.1968882,2300.0,2300.0,performance,,32861568.0,31975116.0,29439520.0,0.0,0.0,22.49,15.08,14.59,,,
8,32,global_mutex,GlobalMutex,500,mixed,1,284045.6922086371,1620.0,4469.0,1729.6116933333333,869.6357374778478,0.5027924711828659,0,100,900,1790625176.3274162,2387.67925,3001.434,performance,,32861568.0,31941928.0,29406264.0,0.0,0.0,21.57,15.02,14.57,,,
8,33,disabled,Disabled,500,mixed,1,287486.4256017134,1575.0,4507.0,1705.8198288888889,882.171496574499,0.517153969976486,0,100,900,1790625180.4371414,2300.0,2300.0,performance,,32861568.0,31945576.0,29409868.0,0.0,0.0,19.84,14.77,14.49,,,
8,34,hdr_histogram,HdrHistogram,750,read-heavy,1,286617.88824821357,1927.0,8724.0,2556.92649037037,1876.3050367240007,0.733812662894434,0,100,900,1790625184.523106,2489.605125,3059.636,performance,,32861568.0,31961160.0,29425404.0,0.0,0.0,18.25,14.52,14.41,,,
8,35,thread_local,ThreadLocal,3000,mixed,1,237425.61975251292,2478.0,80213.0,12166.698585185186,20554.881506507376,1.6894378834646306,0,100,900,1790625189.6557107,2555.266875,3000.882,performance,,32861568.0,31925148.0,29389196.0,0.0,0.0,16.79,14.28,14.34,,,
8,36,thread_local,ThreadLocal,500,mixed,1,289248.3983085273,1577.0,4435.0,1694.8508044444445,859.2519024039268,0.5069779004445062,0,100,900,1790625204.7174404,2389.48975,3015.918,performance,,32861568.0,31963860.0,29427468.0,0.0,0.0,15.72,14.18,14.3,,,
8,37,sharded_n,Sharded-N,2000,mixed,1,250872.1189422514,2337.0,43849.0,7701.393388333333,11369.866082221035,1.4763388271328912,0,100,900,1790625208.7933917,2575.847125,3097.742,performance,,32861568.0,31955196.0,29418848.0,0.0,0.0,14.46,13.94,14.23,,,
8,38,disabled,Disabled,250,mixed,1,294035.4681812478,815.0,1741.0,835.74928,353.19135662330746,0.4226044402016206,0,100,900,1790625219.184742,2571.3015,3051.457,performance,,32861568.0,31948836.0,29412204.0,0.0,0.0,13.27,13.71,14.15,,,
8,39,thread_local,ThreadLocal,2000,mixed,1,249487.65540805398,2324.0,45945.0,7739.084473333333,11585.681263118897,1.4970351212782123,0,100,900,1790625222.3614619,2398.1385,3085.108,performance,,32861568.0,31965228.0,29428568.0,0.0,0.0,13.27,13.71,14.15,,,
8,40,sharded_n,Sharded-N,2000,read-heavy,1,247855.22269716026,2359.0,43024.0,7793.834832222222,11840.913043257626,1.519266612413119,0,100,900,1790625232.7765968,2388.4715,3007.772,performance,,32861568.0,31943284.0,29406344.0,0.0,0.0,16.51,14.41,14.37,,,
8,41,sharded_n,Sharded-N,100,write-heavy,1,268693.19452682714,349.0,880.0,365.80373333333335,157.28838859392988,0.42998027155344287,0,100,900,1790625243.4043975,2387.570375,3000.563,performance,,32861568.0,31949648.0,29412404.0,0.0,0.0,17.97,14.79,14.5,,,
8,42,sharded_2key,Sharded-2key,3000,mixed,1,236123.47473544706,2505.0,82610.0,12211.258774444444,20709.604261382516,1.6959434439898442,0,100,900,1790625246.096061,2483.643375,3075.741,performance,,32861568.0,31963832.0,29426560.0,0.0,0.0,16.53,14.55,14.42,,,
8,43,sharded_2key,Sharded-2key,1500,mixed,1,260138.2843785802,2249.0,29932.0,5582.350377777778,7428.0292042005385,1.3306275496016946,0,100,900,1790625261.2112386,2401.052125,3108.417,performance,,32861568.0,31961816.0,29424200.0,0.0,0.0,19.7,15.3,14.67,,,
8,44,sharded_n,Sharded-N,1000,read-heavy,1,283852.0966522546,2023.0,14438.0,3429.8377044444446,3374.801881930206,0.983953811446261,0,100,900,1790625269.3498552,2754.617875,3084.572,performance,,32861568.0,31941648.0,29403880.0,0.0,0.0,18.07,15.11,14.61,,,
8,45,sharded_2key,Sharded-2key,2000,write-heavy,1,246584.04401132296,2378.0,44041.0,7862.187675,11753.004513621167,1.4948771257385645,0,100,900,1790625275.4085405,2386.941875,2995.535,performance,,32861568.0,31956128.0,29418356.0,0.0,0.0,16.62,14.85,14.53,,,
8,46,global_mutex,GlobalMutex,750,write-heavy,1,276573.5706465522,1999.0,9078.0,2648.9428533333335,1963.7624908703178,0.741338186438862,0,100,900,1790625285.8967195,2396.32725,3070.618,performance,,32861568.0,31958820.0,29420664.0,0.0,0.0,17.73,15.15,14.63,,,
8,47,sharded_n,Sharded-N,500,mixed,1,283027.8196138494,1610.0,4441.0,1731.8657088888888,884.8605319280786,0.5109290676444986,0,100,900,1790625290.9579394,2754.34075,3046.721,performance,,32861568.0,31953020.0,29414844.0,0.0,0.0,16.95,15.04,14.6,,,
8,48,thread_local,ThreadLocal,250,write-heavy,1,302937.5364167103,777.0,1783.0,810.2615377777778,367.64593386741916,0.4537373634638075,0,100,900,1790625295.0791044,2300.0,2300.0,performance,,32861568.0,31973900.0,29435652.0,0.0,0.0,15.59,14.79,14.52,,,
8,49,sharded_n,Sharded-N,3000,read-heavy,1,237018.40046423106,2492.0,70741.0,12215.862040740742,20416.629088405192,1.6713211904583014,0,100,900,1790625298.2381032,2484.010625,3064.813,performance,,32861568.0,31979520.0,29441248.0,0.0,0.0,15.59,14.79,14.52,,,
8,50,sharded_2key,Sharded-2key,1000,mixed,1,276727.017789349,2056.0,14807.0,3516.6128044444445,3481.222007702677,0.9899361121881148,0,100,900,1790625313.4859025,2300.0,2300.0,performance,,32861568.0,31982668.0,29443996.0,0.0,0.0,14.76,14.62,14.47,,,
8,51,disabled,Disabled,750,write-heavy,1,277503.7961100955,1967.0,9122.0,2641.4369333333334,1957.1243279127355,0.7409316888149069,0,100,900,1790625319.4680445,2652.600625,3012.789,performance,,32861568.0,31949648.0,29410904.0,0.0,0.0,12.49,14.14,14.31,,,
8,52,sharded_n,Sharded-N,250,write-heavy,1,290257.21958814084,807.0,1963.0,842.7556177777777,397.94256214631685,0.472192120410461,0,100,900,1790625324.5186205,2388.875625,3011.005,performance,,32861568.0,31955076.0,29416216.0,0.0,0.0,11.49,13.9,14.24,,,
8,53,thread_local,ThreadLocal,500,read-heavy,1,292950.6797492816,1545.0,4533.0,1677.2306555555556,874.4999986714369,0.521395191397675,0,100,900,1790625327.7149012,2300.0,2300.0,performance,,32861568.0,31973052.0,29434240.0,0.0,0.0,11.49,13.9,14.24,,,
8,54,disabled,Disabled,100,mixed,1,291547.3598180527,325.0,689.0,337.1711666666667,132.5810841175806,0.3932159603927597,0,100,900,1790625331.932547,2389.561125,3016.489,performance,,32861568.0,31937496.0,29398544.0,0.0,0.0,11.77,13.92,14.24,,,
8,55,thread_local,ThreadLocal,2000,read-heavy,1,261465.02669230435,2198.0,40068.0,7382.612021666667,11015.798504614628,1.4921275115481076,0,100,900,1790625334.596459,2387.98425,3003.874,performance,,32861568.0,31954788.0,29415808.0,0.0,0.0,10.83,13.69,14.16,,,
8,56,thread_local,ThreadLocal,750,mixed,1,280658.0645438341,1927.0,8938.0,2609.2967037037038,1956.5466072624508,0.7498367680782633,0,100,900,1790625344.8034537,2387.11425,2996.914,performance,,32861568.0,31948052.0,29408652.0,0.0,0.0,9.83,13.39,14.06,,,
8,57,hdr_histogram,HdrHistogram,750,mixed,1,273946.1094406696,2022.0,9043.0,2684.2938444444444,1965.107778004019,0.7320762524084722,0,100,900,1790625349.8259652,2557.322125,3015.368,performance,,32861568.0,31938712.0,29399396.0,0.0,0.0,9.04,13.16,13.98,,,
8,58,hdr_histogram,HdrHistogram,500,read-heavy,1,301899.2238653993,1504.0,4290.0,1624.4676533333334,841.5739569426952,0.5180613816568301,0,100,900,1790625354.91144,3060.341125,3116.106,performance,,32861568.0,31916284.0,29376784.0,0.0,0.0,8.32,12.95,13.91,,,
8,59,global_mutex,GlobalMutex,1500,read-heavy,1,267485.6856447057,2175.0,28912.0,5429.155864444445,7187.180092476428,1.3238117069994781,0,100,900,1790625359.0872386,2653.362375,3028.245,performance,,32861568.0,31950248.0,29410736.0,0.0,0.0,7.65,12.73,13.83,,,
8,60,disabled,Disabled,250,write-heavy,1,294439.42971202,816.0,1771.0,835.64976,352.2412416611995,0.42151779192900085,0,100,900,1790625367.2410674,2300.0,2300.0,performance,,32861568.0,31955496.0,29415712.0,0.0,0.0,8.08,12.74,13.83,,,
8,61,sharded_n,Sharded-N,1000,mixed,1,277001.03507161443,2039.0,14444.0,3513.1271877777776,3362.7097994803157,0.9571841893966246,0,100,900,1790625370.426617,2475.522375,3005.07,performance,,32861568.0,31950380.0,29410592.0,0.0,0.0,7.43,12.52,13.75,,,
8,62,sharded_2key,Sharded-2key,500,read-heavy,1,291634.18091418187,1558.0,4380.0,1679.0575466666667,862.8965683302536,0.5139172091172878,0,100,900,1790625376.408077,2300.0,2300.0,performance,,32861568.0,31943588.0,29403628.0,0.0,0.0,7.8,12.52,13.74,,,
8,63,hdr_histogram,HdrHistogram,1500,write-heavy,1,262525.64960917516,2221.0,28306.0,5522.184324444444,7267.865777195016,1.3161215472332488,0,100,900,1790625380.6372962,2655.32775,3026.408,performance,,32861568.0,31959300.0,29419296.0,0.0,0.0,7.17,12.31,13.67,,,
8,64,sharded_n,Sharded-N,3000,mixed,1,241570.9122151247,2448.0,82136.0,11937.604347037037,20011.336869171122,1.6763277025627021,0,100,900,1790625388.7276726,2567.356875,3045.701,performance,,32861568.0,31906344.0,29366120.0,0.0,0.0,7.4,12.2,13.62,,,
8,65,sharded_2key,Sharded-2key,3000,write-heavy,1,238655.68124984292,2478.0,82897.0,12112.087796296297,20239.38697843935,1.6710072878292928,0,100,900,1790625403.5464046,2387.627125,3001.017,performance,,32861568.0,31974308.0,29433608.0,0.0,0.0,9.46,12.49,13.7,,,
8,66,sharded_n,Sharded-N,1500,mixed,1,263670.51220453816,2209.0,29937.0,5497.472018518519,7334.467094167697,1.3341526922667664,0,100,900,1790625418.5407176,2300.0,2300.0,performance,,32861568.0,31970432.0,29429436.0,0.0,0.0,10.3,12.5,13.68,,,
8,67,disabled,Disabled,100,read-heavy,1,294173.7881074441,320.0,716.0,334.29153333333335,136.9041042921065,0.40953506338311835,0,100,900,1790625426.6100855,2752.514625,3124.126,performance,,32861568.0,31930592.0,29389472.0,0.0,0.0,11.76,12.72,13.74,,,
8,68,sharded_2key,Sharded-2key,100,mixed,1,291788.8185169547,326.0,681.0,337.33183333333335,128.93686221954277,0.3822255994800652,0,100,900,1790625429.4390883,2300.0,2300.0,performance,,32861568.0,31959388.0,29418288.0,0.0,0.0,10.82,12.51,13.67,,,
8,69,hdr_histogram,HdrHistogram,500,mixed,1,290890.9985467667,1578.0,4217.0,1686.8145755555556,852.8062786270389,0.505572035590317,0,100,900,1790625432.1039965,2747.243125,3042.906,performance,,32861568.0,31981448.0,29440312.0,0.0,0.0,10.82,12.51,13.67,,,
8,70,sharded_2key,Sharded-2key,2000,read-heavy,1,266797.6362429031,2153.0,42139.0,7210.704113888889,10894.859165081863,1.510928612934865,0,100,900,1790625436.169857,2300.0,2300.0,performance,,32861568.0,31957332.0,29416152.0,0.0,0.0,10.83,12.48,13.65,,,
8,71,global_mutex,GlobalMutex,2000,read-heavy,1,266667.4417800308,2151.0,44221.0,7240.819901666667,10982.915207707596,1.5168054663505146,0,100,900,1790625446.2145302,2398.0505,3084.404,performance,,32861568.0,31944264.0,29402688.0,0.0,0.0,11.62,12.6,13.68,,,
8,72,hdr_histogram,HdrHistogram,100,read-heavy,1,277215.4189211955,337.0,856.0,353.42133333333334,156.9005891510392,0.44394770307500553,0,100,900,1790625456.2949688,2761.147375,3098.167,performance,,32861568.0,31947432.0,29405780.0,0.0,0.0,14.96,13.26,13.88,,,
8,73,global_mutex,GlobalMutex,1000,write-heavy,1,270214.00003053417,2132.0,15344.0,3606.93977,3542.404842668679,0.9821081217191157,0,100,900,1790625459.157049,2300.0,2300.0,performance,,32861568.0,31982140.0,29440460.0,0.0,0.0,13.76,13.04,13.81,,,
8,74,sharded_n,Sharded-N,3000,write-heavy,1,231354.52850052572,2585.0,83789.0,12495.774563703704,20973.817091662568,1.678472749707322,0,100,900,1790625465.219388,2483.10775,3068.445,performance,,32861568.0,31925972.0,29384100.0,0.0,0.0,12.66,12.82,13.73,,,
8,75,disabled,Disabled,2000,mixed,1,258124.2817256276,2242.0,43946.0,7490.748456666666,11343.864862586623,1.5143833661228785,0,100,900,1790625480.600341,2389.63175,3017.054,performance,,32861568.0,31971084.0,29428732.0,0.0,0.0,12.79,12.86,13.73,,,
8,76,global_mutex,GlobalMutex,1000,mixed,1,283193.8897633234,2023.0,14398.0,3431.00045,3357.5810460046846,0.978601167482996,0,100,900,1790625490.7396996,2300.0,2300.0,performance,,32861568.0,31959348.0,29416924.0,0.0,0.0,14.72,13.26,13.85,,,
8,77,disabled,Disabled,3000,mixed,1,241042.22329304882,2442.0,83356.0,11996.980953333334,20153.082585368942,1.67984617661408,0,100,900,1790625496.638494,2398.4505,3087.604,performance,,32861568.0,31936240.0,29393592.0,0.0,0.0,16.9,13.74,14.0,,,
8,78,thread_local,ThreadLocal,250,read-heavy,1,299187.6842945439,795.0,1790.0,816.3666133333334,361.1956211933172,0.44244291142493875,0,100,900,1790625511.4928892,2300.0,2300.0,performance,,32861568.0,31964904.0,29421888.0,0.0,0.0,17.59,14.05,14.1,,,
8,79,disabled,Disabled,3000,read-heavy,1,245009.83987693078,2404.0,84318.0,11765.234272962964,20073.28349349496,1.7061524681768783,0,100,900,1790625514.8363857,2391.74425,3033.954,performance,,32861568.0,31955036.0,29412140.0,0.0,0.0,16.18,13.81,14.02,,,
8,80,disabled,Disabled,1500,write-heavy,1,262125.066840363,2183.0,30481.0,5542.171550370371,7428.582638918881,1.3403739980626268,0,100,900,1790625529.6747112,2388.836375,3010.691,performance,,32861568.0,31962012.0,29418552.0,0.0,0.0,15.97,13.9,14.05,,,
8,81,thread_local,ThreadLocal,250,mixed,1,302058.74054972985,797.0,1692.0,812.7127155555555,344.1162691444543,0.4234168637428328,0,100,900,1790625537.7791789,2300.0,2300.0,performance,,32861568.0,31959744.0,29416144.0,0.0,0.0,15.97,13.94,14.06,,,
8,82,global_mutex,GlobalMutex,250,mixed,1,300137.0910178761,806.0,1611.0,818.8201155555555,332.44983536200465,0.40601083076280203,0,100,900,1790625540.9432325,2473.032125,3002.454,performance,,32861568.0,31944156.0,29400640.0,0.0,0.0,17.18,14.22,14.15,,,
8,83,disabled,Disabled,1500,mixed,1,269299.55482020776,2119.0,28022.0,5385.25183037037,7096.117543849868,1.3176946533551122,0,100,900,1790625544.1135123,2548.882875,3001.245,performance,,32861568.0,31958728.0,29415160.0,0.0,0.0,15.8,13.98,14.07,,,
8,84,disabled,Disabled,500,read-heavy,1,293010.5898520002,1553.0,4477.0,1671.3105177777777,859.89944213712,0.5145060914715399,0,100,900,1790625552.062206,2387.556875,3000.455,performance,,32861568.0,31949024.0,29405188.0,0.0,0.0,14.93,13.83,14.03,,,
8,85,hdr_histogram,HdrHistogram,1000,mixed,1,279852.3459346005,2018.0,14740.0,3475.2225744444445,3412.864323093943,0.9820563287632101,0,100,900,1790625556.2777085,2300.0,2300.0,performance,,32861568.0,31950996.0,29407228.0,0.0,0.0,14.7,13.8,14.01,,,
8,86,thread_local,ThreadLocal,1000,mixed,1,280638.06002786924,2027.0,14597.0,3461.710131111111,3442.5737972264023,0.9944719999191364,0,100,900,1790625562.2302027,2387.561375,3000.491,performance,,32861568.0,31909960.0,29365976.0,0.0,0.0,14.64,13.81,14.01,,,
8,87,sharded_2key,Sharded-2key,100,read-heavy,1,289330.5780918179,326.0,709.0,338.1876555555556,135.70250439247286,0.40126392008468925,0,100,900,1790625568.1619878,2477.68475,3083.83,performance,,32861568.0,31941236.0,29397164.0,0.0,0.0,18.44,14.61,14.27,,,
8,88,thread_local,ThreadLocal,500,write-heavy,1,287497.1276880715,1578.0,4456.0,1700.33906,869.561534293752,0.5114047866981024,0,100,900,1790625571.0025182,2388.02675,3004.214,performance,,32861568.0,31952324.0,29408228.0,0.0,0.0,17.76,14.53,14.25,,,
8,89,global_mutex,GlobalMutex,100,read-heavy,1,284567.69291852537,330.0,735.0,343.72867777777776,144.3182977293093,0.4198610912023226,0,100,900,1790625575.0938513,2555.647375,3009.2,performance,,32861568.0,31928300.0,29384108.0,0.0,0.0,16.34,14.29,14.17,,,
8,90,thread_local,ThreadLocal,3000,read-heavy,1,242873.97707959742,2422.0,80192.0,11875.254938148148,20014.177622363004,1.685368249069696,0,100,900,1790625577.9374247,2388.9135,3011.308,performance,,32861568.0,31947460.0,29403244.0,0.0,0.0,16.34,14.29,14.17,,,
8,91,sharded_2key,Sharded-2key,500,write-heavy,1,283335.5592069925,1608.0,4523.0,1733.3332844444444,879.8459643313579,0.5076034552774193,0,100,900,1790625592.8609712,2727.431125,3005.904,performance,,32861568.0,31971660.0,29426932.0,0.0,0.0,22.32,15.61,14.6,,,
8,92,hdr_histogram,HdrHistogram,100,write-heavy,1,277026.25087517593,341.0,732.0,354.00306666666665,143.14289018866143,0.4043549439741052,0,100,900,1790625596.9665272,2388.461875,3007.695,performance,,32861568.0,31964324.0,29419700.0,0.0,0.0,21.81,15.61,14.61,,,
8,93,sharded_n,Sharded-N,250,read-heavy,1,307423.8632830498,781.0,1610.0,796.7832844444445,335.01558664354235,0.4204601090209006,0,100,900,1790625599.6512976,2651.247375,3005.03,performance,,32861568.0,31975252.0,29430612.0,0.0,0.0,20.07,15.35,14.53,,,
8,94,global_mutex,GlobalMutex,3000,write-heavy,1,230633.90665960734,2595.0,84804.0,12498.385447407407,20807.83482486331,1.6648418239637157,0,100,900,1790625602.980187,2813.021375,3002.939,performance,,32861568.0,31977640.0,29432968.0,0.0,0.0,20.07,15.35,14.53,,,
8,95,global_mutex,GlobalMutex,750,read-heavy,1,280601.301818354,1938.0,8859.0,2611.758214814815,1927.0165481144702,0.7378234850315591,0,100,900,1790625618.3887162,2300.0,2300.0,performance,,32861568.0,31943288.0,29398048.0,0.0,0.0,21.27,15.8,14.69,,,
8,96,sharded_2key,Sharded-2key,1000,read-heavy,1,271989.7879125237,2089.0,14897.0,3579.8885355555553,3504.724821159786,0.9790038953310303,0,100,900,1790625623.584065,2387.54125,3000.33,performance,,32861568.0,31929736.0,29384576.0,0.0,0.0,19.73,15.58,14.62,,,
8,97,sharded_n,Sharded-N,750,mixed,1,277660.5914108319,1983.0,9176.0,2640.324382222222,1990.5767304807378,0.7539137023782563,0,100,900,1790625629.7827878,2300.0,2300.0,performance,,32861568.0,31936720.0,29391284.0,0.0,0.0,16.69,15.06,14.46,,,
8,98,global_mutex,GlobalMutex,250,write-heavy,1,296259.68435381923,816.0,1740.0,830.2892711111111,343.4080438945633,0.4136004834014141,0,100,900,1790625634.8332522,2407.44725,3159.578,performance,,32861568.0,31953376.0,29407860.0,0.0,0.0,15.36,14.81,14.38,,,
8,99,disabled,Disabled,750,mixed,1,282889.9943926258,1931.0,8986.0,2595.457897777778,1945.1344070560424,0.7494378578521578,0,100,900,1790625638.0127168,2389.9055,3019.244,performance,,32861568.0,31973612.0,29428140.0,0.0,0.0,15.36,14.81,14.38,,,
8,100,sharded_n,Sharded-N,1500,write-heavy,1,258471.40038700963,2264.0,29052.0,5618.010720740741,7400.216182431342,1.3172306978893795,0,100,900,1790625643.0263705,2400.312625,3102.501,performance,,32861568.0,31939016.0,29393452.0,0.0,0.0,14.85,14.71,14.35,,,
8,101,hdr_histogram,HdrHistogram,3000,write-heavy,1,233806.91969254633,2545.0,88695.0,12356.597066296295,21084.443817863168,1.7063309343777862,0,100,900,1790625651.206917,2300.0,2300.0,performance,,32861568.0,31944960.0,29399092.0,0.0,0.0,14.74,14.69,14.35,,,
8,102,global_mutex,GlobalMutex,1000,read-heavy,1,279240.89327475143,2040.0,14971.0,3480.4768022222224,3496.2960363005627,1.0045451341805354,0,100,900,1790625666.4549353,2387.456875,2999.655,performance,,32861568.0,31960832.0,29414580.0,0.0,0.0,21.18,16.09,14.81,,,
8,103,thread_local,ThreadLocal,2000,write-heavy,1,249774.5793441057,2350.0,46797.0,7723.617262777778,11699.493833929355,1.514768719873318,0,100,900,1790625672.579071,2300.0,2300.0,performance,,32861568.0,31940600.0,29394300.0,0.0,0.0,21.09,16.15,14.84,,,
8,104,disabled,Disabled,1500,read-heavy,1,274243.4698564422,2059.0,28144.0,5265.895535555555,6957.743086385678,1.3212839182636067,0,100,900,1790625682.9782503,2403.06775,3124.542,performance,,32861568.0,31958384.0,29411740.0,0.0,0.0,20.04,16.1,14.84,,,
8,105,global_mutex,GlobalMutex,3000,mixed,1,232106.59845860436,2557.0,78282.0,12435.645602962963,20657.34343092313,1.661139605490304,0,100,900,1790625690.9916813,2395.497625,3063.981,performance,,32861568.0,31931500.0,29384840.0,0.0,0.0,21.25,16.47,14.97,,,
8,106,sharded_2key,Sharded-2key,250,read-heavy,1,293313.86163831106,819.0,1774.0,835.7752355555556,357.9935950055582,0.4283371650364743,0,100,900,1790625706.3127077,2394.877875,3059.023,performance,,32861568.0,31961340.0,29414216.0,0.0,0.0,22.04,16.93,15.15,,,
8,107,global_mutex,GlobalMutex,750,mixed,1,276067.7471233015,1969.0,9040.0,2648.6717244444444,1962.9219267700032,0.741096719783847,0,100,900,1790625709.667003,2666.931625,3037.816,performance,,32861568.0,31970552.0,29423468.0,0.0,0.0,20.28,16.65,15.07,,,
8,108,disabled,Disabled,250,read-heavy,1,310061.76343510335,763.0,1756.0,792.2676888888889,348.06959303845656,0.4393333186749099,0,100,900,1790625714.7403536,2387.60225,3000.818,performance,,32861568.0,31949884.0,29402720.0,0.0,0.0,18.65,16.37,14.99,,,
8,109,hdr_histogram,HdrHistogram,250,read-heavy,1,294993.40961123456,809.0,1819.0,831.79932,362.68177813963564,0.436020767773212,0,100,900,1790625718.057489,2387.551875,3000.415,performance,,32861568.0,31950380.0,29403224.0,0.0,0.0,18.65,16.37,14.99,,,
8,110,disabled,Disabled,750,read-heavy,1,292844.006841846,1893.0,8398.0,2504.178343703704,1791.6796191203352,0.715476045715827,0,100,900,1790625721.4150376,2300.0,2300.0,performance,,32861568.0,31970876.0,29423696.0,0.0,0.0,17.88,16.25,14.95,,,
8,111,global_mutex,GlobalMutex,250,read-heavy,1,295445.10470020387,814.0,1786.0,830.2829644444445,358.39207320339165,0.4316505198239223,0,100,900,1790625726.5034435,2828.292375,3095.978,performance,,32861568.0,31910944.0,29363620.0,0.0,0.0,17.49,16.19,14.94,,,
8,112,sharded_n,Sharded-N,1000,write-heavy,1,271163.35337046126,2102.0,15024.0,3572.9895044444443,3521.4616361040125,0.9855784999434406,0,100,900,1790625729.8553665,2659.933125,3048.896,performance,,32861568.0,31945976.0,29398636.0,0.0,0.0,16.09,15.93,14.86,,,
8,113,hdr_histogram,HdrHistogram,500,write-heavy,1,279943.07055321784,1626.0,4628.0,1753.0015622222222,910.2139621812473,0.5192316891192037,0,100,900,1790625735.9123456,2475.182125,3001.457,performance,,32861568.0,31941304.0,29393740.0,0.0,0.0,17.68,16.26,14.98,,,
8,114,disabled,Disabled,100,write-heavy,1,284477.88432103203,333.0,696.0,344.85301111111113,138.76668863311045,0.4023937276522722,0,100,900,1790625740.0474064,2717.612625,3287.2,performance,,32861568.0,31956528.0,29408904.0,0.0,0.0,16.27,15.99,14.9,,,
8,115,thread_local,ThreadLocal,1500,write-heavy,1,259649.98402434232,2240.0,29640.0,5593.2153755555555,7330.366152284914,1.3105817781166371,0,100,900,1790625742.720866,2300.0,2300.0,performance,,32861568.0,31957016.0,29409352.0,0.0,0.0,16.27,15.99,14.9,,,
8,116,hdr_histogram,HdrHistogram,3000,mixed,1,235925.23795123282,2519.0,81113.0,12249.61118925926,20455.86094668291,1.669919202384079,0,100,900,1790625750.8800025,2300.0,2300.0,performance,,32861568.0,31916784.0,29368844.0,0.0,0.0,18.88,16.58,15.1,,,
8,117,global_mutex,GlobalMutex,1500,mixed,1,265102.197350698,2159.0,27916.0,5469.2389207407405,7179.3596942200165,1.3126798441724798,0,100,900,1790625766.0048816,2416.19925,3229.594,performance,,32861568.0,31966128.0,29417824.0,0.0,0.0,20.75,17.09,15.29,,,
8,118,hdr_histogram,HdrHistogram,100,mixed,1,287351.6803571171,328.0,743.0,342.07838888888887,141.8909022607992,0.4147906060996068,0,100,900,1790625774.0389545,2300.0,2300.0,performance,,32861568.0,31940860.0,29392416.0,0.0,0.0,18.74,16.79,15.21,,,
8,119,global_mutex,GlobalMutex,2000,mixed,1,259855.8311648802,2253.0,42144.0,7433.2289855555555,11189.064880189366,1.5052764958448406,0,100,900,1790625776.7111726,2300.0,2300.0,performance,,32861568.0,31967648.0,29419192.0,0.0,0.0,18.74,16.79,15.21,,,
8,120,sharded_2key,Sharded-2key,250,mixed,1,306681.7346536092,783.0,1643.0,800.5799288888888,329.2533253172894,0.4112685235242588,0,100,900,1790625786.7865345,2412.623875,3200.991,performance,,32861568.0,31962112.0,29413384.0,0.0,0.0,18.71,16.86,15.25,,,
8,121,thread_local,ThreadLocal,750,read-heavy,1,295479.6514352886,1855.0,8588.0,2481.4794355555555,1854.3529682582193,0.7472771854113976,0,100,900,1790625789.9326663,2631.025,3201.536,performance,,32861568.0,31963900.0,29415184.0,0.0,0.0,17.21,16.58,15.17,,,
8,122,hdr_histogram,HdrHistogram,1500,read-heavy,1,290132.268165479,1973.0,26021.0,4995.513181481481,6507.75344674139,1.3027197027256037,0,100,900,1790625794.995503,2407.9015,3163.212,performance,,32861568.0,31937168.0,29388372.0,0.0,0.0,15.83,16.3,15.09,,,
8,123,sharded_2key,Sharded-2key,1000,write-heavy,1,271645.9343083967,2094.0,15526.0,3581.9325022222224,3600.3477121172286,1.005141138165943,0,100,900,1790625802.740876,2300.0,2300.0,performance,,32861568.0,31919252.0,29370228.0,0.0,0.0,15.76,16.28,15.09,,,
8,124,disabled,Disabled,2000,write-heavy,1,255742.36925636823,2287.0,43649.0,7548.532602777777,11396.161278268197,1.5097187596533046,0,100,900,1790625808.790887,2300.0,2300.0,performance,,32861568.0,31926724.0,29377624.0,0.0,0.0,14.59,16.02,15.02,,,
8,125,sharded_n,Sharded-N,2000,write-heavy,1,251744.9831829337,2321.0,42450.0,7651.551898333333,11620.006898657373,1.5186470735679716,0,100,900,1790625818.9976027,2591.131875,3102.624,performance,,32861568.0,31945936.0,29396556.0,0.0,0.0,13.6,15.77,14.95,,,
8,126,global_mutex,GlobalMutex,500,read-heavy,1,300262.8024155366,1527.0,4302.0,1632.7222822222222,831.9656858477774,0.5095573784388044,0,100,900,1790625829.3572288,2412.552375,3200.419,performance,,32861568.0,31961436.0,29411780.0,0.0,0.0,12.25,15.42,14.84,,,
8,127,sharded_2key,Sharded-2key,100,write-heavy,1,282623.63831891806,331.0,810.0,346.7061888888889,151.17601734920407,0.4360349546504703,0,100,900,1790625833.5336685,2629.16725,3193.118,performance,,32861568.0,31963700.0,29414068.0,0.0,0.0,12.25,15.42,14.84,,,
8,128,global_mutex,GlobalMutex,2000,write-heavy,1,254636.11475564237,2296.0,47203.0,7575.690847777778,11615.97330953898,1.5333219825022772,0,100,900,1790625836.206494,2733.073,3224.452,performance,,32861568.0,31961096.0,29411412.0,0.0,0.0,11.26,15.16,14.76,,,
8,129,global_mutex,GlobalMutex,100,write-heavy,1,287111.59312397847,329.0,694.0,341.6856222222222,134.6975397953339,0.3942148309293817,0,100,900,1790625846.4583564,2412.176375,3197.411,performance,,32861568.0,31955176.0,29405220.0,0.0,0.0,12.13,15.22,14.78,,,
8,130,sharded_n,Sharded-N,750,read-heavy,1,307789.9941683463,1860.0,7556.0,2376.1412696296297,1606.88209468776,0.6762569697458373,0,100,900,1790625849.1298873,2623.13075,3183.725,performance,,32861568.0,31961852.0,29411880.0,0.0,0.0,11.16,14.97,14.7,,,
8,131,thread_local,ThreadLocal,100,write-heavy,1,293175.515085926,322.0,686.0,335.1549888888889,132.0291875460525,0.3939347225107934,0,100,900,1790625854.1010158,2300.0,2300.0,performance,,32861568.0,31949224.0,29399184.0,0.0,0.0,10.26,14.72,14.63,,,
8,132,hdr_histogram,HdrHistogram,750,write-heavy,1,283753.25191683526,1950.0,8973.0,2584.094977777778,1923.5488392390444,0.7443800850126733,0,100,900,1790625856.7665036,2400.66975,3105.358,performance,,32861568.0,31973392.0,29423340.0,0.0,0.0,10.26,14.72,14.63,,,
8,133,hdr_histogram,HdrHistogram,2000,write-heavy,1,260721.3340299993,2226.0,42684.0,7398.567364444444,11319.396630814947,1.5299443896683256,0,100,900,1790625861.762673,2401.388375,3111.107,performance,,32861568.0,31931212.0,29380992.0,0.0,0.0,10.88,14.77,14.64,,,
8,134,sharded_2key,Sharded-2key,2000,mixed,1,259877.67146531146,2234.0,40694.0,7422.451306111111,11218.215413717298,1.5113895600070868,0,100,900,1790625871.8323379,2410.280125,3182.241,performance,,32861568.0,31964460.0,29413940.0,0.0,0.0,11.97,14.88,14.68,,,
8,135,sharded_n,Sharded-N,100,mixed,1,286939.98676001513,330.0,747.0,342.7322111111111,138.04353005226935,0.4027737270586356,0,100,900,1790625881.9021873,2721.701,3192.591,performance,,32861568.0,31975612.0,29424836.0,0.0,0.0,11.94,14.78,14.65,,,
8,136,thread_local,ThreadLocal,1000,read-heavy,1,296859.40521268046,1917.0,14340.0,3278.244057777778,3285.9662200252887,1.0023555788133558,0,100,900,1790625884.572363,2394.02625,3052.21,performance,,32861568.0,31972860.0,29422072.0,0.0,0.0,10.99,14.54,14.57,,,
8,137,thread_local,ThreadLocal,100,read-heavy,1,289078.166280061,322.0,777.0,339.11204444444445,147.17520430820213,0.4340017015594777,0,100,900,1790625890.4810982,2783.789625,3322.774,performance,,32861568.0,31926844.0,29375988.0,0.0,0.0,10.11,14.3,14.49,,,
8,138,thread_local,ThreadLocal,3000,write-heavy,1,240104.12793134947,2467.0,80403.0,12034.040903703704,20383.653886564887,1.6938328571154708,0,100,900,1790625893.3125906,2409.636875,3177.095,performance,,32861568.0,31958760.0,29407872.0,0.0,0.0,10.11,14.3,14.49,,,
8,139,sharded_n,Sharded-N,500,read-heavy,1,309917.50862312067,1507.0,3744.0,1582.4516911111111,725.3961467400345,0.45840018422976375,0,100,900,1790625908.206476,2410.954,3187.632,performance,,32861568.0,31964680.0,29413376.0,0.0,0.0,17.34,15.74,14.97,,,
8,140,sharded_2key,Sharded-2key,750,mixed,1,293814.89021008555,1931.0,8260.0,2492.240062222222,1766.8883026492645,0.708955902536053,0,100,900,1790625912.3449714,2300.0,2300.0,performance,,32861568.0,31954064.0,29402788.0,0.0,0.0,17.8,15.86,15.01,,,
8,141,hdr_histogram,HdrHistogram,250,mixed,1,302683.24580917694,789.0,1748.0,812.60416,357.37309298972275,0.43978742736158616,0,100,900,1790625917.2626898,2648.5005,3242.908,performance,,32861568.0,31944044.0,29392648.0,0.0,0.0,17.57,15.85,15.01,,,
8,142,disabled,Disabled,1000,read-heavy,1,295293.1257119011,1913.0,13754.0,3292.19024,3196.330563468542,0.970882704356885,0,100,900,1790625920.4225824,3125.786125,3281.012,performance,,32861568.0,31958664.0,29407232.0,0.0,0.0,16.17,15.58,14.93,,,
8,143,sharded_n,Sharded-N,1500,read-heavy,1,270746.14415449864,2140.0,29010.0,5371.869233333333,7215.40252659986,1.3431828313740586,0,100,900,1790625926.3476918,2412.888,3203.104,performance,,32861568.0,31958764.0,29407144.0,0.0,0.0,16.87,15.74,14.98,,,
8,144,global_mutex,GlobalMutex,100,mixed,1,290720.66163371055,326.0,701.0,337.43083333333334,134.0828285319853,0.3973638899783965,0,100,900,1790625934.4308846,2300.0,2300.0,performance,,32861568.0,31933272.0,29381404.0,0.0,0.0,15.16,15.42,14.89,,,
9,1,thread_local,ThreadLocal,1500,mixed,1,266043.46852582926,2160.0,27880.0,5454.283086666666,7167.301904448419,1.3140685568685155,0,100,900,1790625937.096717,2840.873625,3220.985,performance,,32861568.0,31954964.0,29403080.0,0.0,0.0,15.16,15.42,14.89,,,
9,2,sharded_2key,Sharded-2key,500,mixed,1,296523.4138047162,1540.0,4378.0,1657.9073688888889,843.5880109251462,0.5088269868120012,0,100,900,1790625945.1010406,2300.0,2300.0,performance,,32861568.0,31934996.0,29382900.0,0.0,0.0,13.71,15.1,14.79,,,
9,3,thread_local,ThreadLocal,100,write-heavy,1,278588.3788170237,338.0,759.0,352.57216666666665,147.96940593028665,0.41968544292431853,0,100,900,1790625949.1332889,2409.545125,3176.361,performance,,32861568.0,31931896.0,29379788.0,0.0,0.0,12.62,14.85,14.71,,,
9,4,hdr_histogram,HdrHistogram,100,write-heavy,1,282206.4700423816,332.0,756.0,347.4839,144.6068138014128,0.4161539967791682,0,100,900,1790625951.8152988,2401.3175,3110.54,performance,,32861568.0,31947668.0,29395536.0,0.0,0.0,12.62,14.85,14.71,,,
9,5,global_mutex,GlobalMutex,500,mixed,1,292983.4460954348,1541.0,4538.0,1675.4532933333332,880.3066765270686,0.5254140357298105,0,100,900,1790625954.4920826,2472.45325,2997.583,performance,,32861568.0,31959512.0,29407332.0,0.0,0.0,11.61,14.61,14.63,,,
9,6,thread_local,ThreadLocal,2000,write-heavy,1,262534.27347200876,2203.0,45941.0,7338.405658888889,11201.553184872386,1.5264287238337841,0,100,900,1790625958.5430155,2300.0,2300.0,performance,,32861568.0,31932300.0,29380140.0,0.0,0.0,11.61,14.61,14.63,,,
9,7,disabled,Disabled,750,write-heavy,1,274730.67988647363,1971.0,9243.0,2665.5528222222224,2016.7932789035847,0.7566135107471708,0,100,900,1790625968.5952232,2411.771625,3194.173,performance,,32861568.0,31941988.0,29389436.0,0.0,0.0,10.46,14.26,14.52,,,
9,8,disabled,Disabled,500,mixed,1,290290.72151940106,1574.0,4334.0,1691.2374444444445,856.7232688821111,0.5065659299918922,0,100,900,1790625973.6741245,2518.776625,3180.216,performance,,32861568.0,31953560.0,29401064.0,0.0,0.0,9.62,14.02,14.44,,,
9,9,global_mutex,GlobalMutex,1500,read-heavy,1,258631.08167003715,2256.0,28006.0,5631.880991111111,7318.2702217568285,1.2994362333485692,0,100,900,1790625977.7415984,2412.9795,3203.836,performance,,32861568.0,31964492.0,29411904.0,0.0,0.0,8.85,13.79,14.36,,,
9,10,sharded_n,Sharded-N,500,write-heavy,1,282303.4869195103,1624.0,4424.0,1738.6359644444444,874.6099305527679,0.5030437356863469,0,100,900,1790625986.0875595,2412.897125,3203.177,performance,,32861568.0,31925228.0,29372332.0,0.0,0.0,10.12,13.89,14.39,,,
9,11,sharded_2key,Sharded-2key,1000,read-heavy,1,269525.95855267544,2098.0,14970.0,3611.3863833333335,3538.9283814903847,0.9799362366272009,0,100,900,1790625990.2046506,2510.71575,3191.832,performance,,32861568.0,31949184.0,29396344.0,0.0,0.0,9.31,13.66,14.31,,,
9,12,disabled,Disabled,3000,write-heavy,1,235711.2300418235,2528.0,86325.0,12244.485970740741,20721.576168692263,1.6923189930723317,0,100,900,1790625996.4641294,2749.949125,3241.149,performance,,32861568.0,31948964.0,29395856.0,0.0,0.0,9.84,13.7,14.32,,,
9,13,disabled,Disabled,250,read-heavy,1,298048.48857604584,798.0,1792.0,823.6619822222223,363.33349874997293,0.44111966630984595,0,100,900,1790626011.5710933,2300.0,2300.0,performance,,32861568.0,31986448.0,29432896.0,0.0,0.0,11.28,13.83,14.35,,,
9,14,sharded_n,Sharded-N,2000,read-heavy,1,257439.26587305433,2270.0,42201.0,7497.317093333333,11280.929507233264,1.5046621833914888,0,100,900,1790626014.9070952,2300.0,2300.0,performance,,32861568.0,31967668.0,29414232.0,0.0,0.0,10.37,13.6,14.28,,,
9,15,disabled,Disabled,500,read-heavy,1,305016.155384014,1502.0,4082.0,1607.200271111111,804.6405572311899,0.5006473503609572,0,100,900,1790626025.2314608,2400.697625,3105.581,performance,,32861568.0,31948532.0,29394756.0,0.0,0.0,9.81,13.38,14.2,,,
9,16,disabled,Disabled,100,mixed,1,294192.9296835488,318.0,713.0,333.46285555555556,136.36235797473788,0.40892817806515674,0,100,900,1790626029.3811955,2300.0,2300.0,performance,,32861568.0,31949056.0,29395320.0,0.0,0.0,9.02,13.16,14.12,,,
9,17,sharded_n,Sharded-N,3000,mixed,1,244108.7329551134,2420.0,77402.0,11816.517475185185,19860.87283570688,1.6807720952822969,0,100,900,1790626032.04168,2386.38375,2991.07,performance,,32861568.0,31958472.0,29404708.0,0.0,0.0,9.02,13.16,14.12,,,
9,18,sharded_2key,Sharded-2key,2000,read-heavy,1,279566.2613015156,2049.0,39329.0,6895.840451666667,10453.683401824042,1.5159404390363287,0,100,900,1790626046.7673104,2448.95125,3491.61,performance,,32861568.0,31960396.0,29406216.0,0.0,0.0,9.37,13.04,14.06,,,
9,19,hdr_histogram,HdrHistogram,1000,mixed,1,282342.3458315172,2014.0,14458.0,3449.7831677777776,3356.268815322959,0.9728926869003605,0,100,900,1790626056.4813125,2396.13325,3069.066,performance,,32861568.0,31968568.0,29414144.0,0.0,0.0,11.7,13.4,14.17,,,
9,20,global_mutex,GlobalMutex,500,write-heavy,1,296470.6413349299,1540.0,4264.0,1653.0966688888889,839.67236025791,0.5079390552654653,0,100,900,1790626062.3933945,2400.34375,3102.75,performance,,32861568.0,31943612.0,29389148.0,0.0,0.0,12.68,13.58,14.22,,,
9,21,sharded_n,Sharded-N,1000,write-heavy,1,267475.19273983024,2125.0,15160.0,3637.4758322222224,3500.752093713516,0.9624124682018358,0,100,900,1790626066.4270353,2300.0,2300.0,performance,,32861568.0,31953980.0,29399432.0,0.0,0.0,12.55,13.53,14.21,,,
9,22,sharded_n,Sharded-N,750,write-heavy,1,272584.1838726135,2012.0,9346.0,2681.459297777778,2008.3849291510853,0.7489895262685905,0,100,900,1790626072.5347073,2300.0,2300.0,performance,,32861568.0,31949492.0,29394732.0,0.0,0.0,12.58,13.52,14.2,,,
9,23,sharded_2key,Sharded-2key,500,read-heavy,1,287215.91892315855,1579.0,4355.0,1704.9689355555556,873.1224511316684,0.5121046096051983,0,100,900,1790626077.635145,2300.0,2300.0,performance,,32861568.0,31925188.0,29370380.0,0.0,0.0,12.7,13.53,14.2,,,
9,24,global_mutex,GlobalMutex,2000,mixed,1,254817.57181091144,2295.0,42523.0,7591.048535555556,11284.212647816988,1.4865156763210112,0,100,900,1790626081.885444,2745.70475,3080.164,performance,,32861568.0,31931384.0,29376456.0,0.0,0.0,12.56,13.49,14.18,,,
9,25,hdr_histogram,HdrHistogram,1000,read-heavy,1,283283.88650341,2012.0,14360.0,3434.0858177777777,3368.397178733785,0.980871579066565,0,100,900,1790626092.129483,2611.8355,3190.068,performance,,32861568.0,31965552.0,29410408.0,0.0,0.0,14.11,13.8,14.28,,,
9,26,hdr_histogram,HdrHistogram,500,write-heavy,1,290057.806522664,1555.0,4467.0,1692.04722,884.6965437351395,0.522855705962591,0,100,900,1790626098.2025347,2367.30375,2838.43,performance,,32861568.0,31918480.0,29363208.0,0.0,0.0,14.34,13.85,14.29,,,
9,27,disabled,Disabled,2000,read-heavy,1,272946.0364941952,2081.0,39214.0,7074.962145,10474.0117442279,1.480433609334584,0,100,900,1790626102.2775633,2401.061,3108.488,performance,,32861568.0,31933248.0,29377928.0,0.0,0.0,14.15,13.82,14.28,,,
9,28,disabled,Disabled,2000,write-heavy,1,260369.00395828424,2233.0,42384.0,7404.1118238888885,11302.56887295172,1.526525955008501,0,100,900,1790626112.1677153,2300.0,2300.0,performance,,32861568.0,31953364.0,29397700.0,0.0,0.0,13.29,13.65,14.22,,,
9,29,global_mutex,GlobalMutex,2000,read-heavy,1,256967.0408808397,2260.0,41415.0,7519.786856666667,11320.308313294436,1.505402816471908,0,100,900,1790626122.2262726,3090.837875,3337.782,performance,,32861568.0,31955020.0,29399096.0,0.0,0.0,19.38,14.98,14.65,,,
9,30,sharded_n,Sharded-N,3000,write-heavy,1,232040.77740034848,2568.0,86010.0,12457.243123703704,20909.321712463654,1.6784870861737693,0,100,900,1790626132.5661862,2300.0,2300.0,performance,,32861568.0,31961600.0,29405456.0,0.0,0.0,18.68,14.98,14.65,,,
9,31,thread_local,ThreadLocal,500,read-heavy,1,290225.1924923265,1565.0,4379.0,1686.1697733333333,872.2594582910912,0.5173022741160579,0,100,900,1790626147.9299765,2477.07975,3011.119,performance,,32861568.0,31966100.0,29409672.0,0.0,0.0,21.39,15.77,14.91,,,
9,32,thread_local,ThreadLocal,1000,read-heavy,1,282508.71200444555,1993.0,15060.0,3435.8341855555555,3439.261608953957,1.000997552039272,0,100,900,1790626152.1708162,2300.0,2300.0,performance,,32861568.0,31954496.0,29398064.0,0.0,0.0,21.03,15.79,14.92,,,
9,33,thread_local,ThreadLocal,250,write-heavy,1,295336.6531483336,805.0,1759.0,826.5000044444445,361.3208619666051,0.43716982458999165,0,100,900,1790626158.2397192,2300.0,2300.0,performance,,32861568.0,31934104.0,29377504.0,0.0,0.0,20.47,15.76,14.92,,,
9,34,sharded_n,Sharded-N,1000,mixed,1,273630.5637853216,2121.0,15415.0,3565.9328822222224,3504.86535777894,0.9828747409274775,0,100,900,1790626161.4241729,2546.30775,3002.273,performance,,32861568.0,31959172.0,29402624.0,0.0,0.0,19.71,15.68,14.9,,,
9,35,sharded_2key,Sharded-2key,1500,read-heavy,1,268141.1378397574,2127.0,28462.0,5402.569705185185,7215.730823878028,1.3356108699444709,0,100,900,1790626167.4483054,2387.12825,2997.026,performance,,32861568.0,31924156.0,29367384.0,0.0,0.0,20.54,15.92,14.98,,,
9,36,disabled,Disabled,100,write-heavy,1,282028.0696145051,332.0,774.0,347.86822222222224,145.97499625373712,0.4196272810469207,0,100,900,1790626175.5910504,2645.5825,3055.085,performance,,32861568.0,31947856.0,29390796.0,0.0,0.0,18.19,15.57,14.88,,,
9,37,global_mutex,GlobalMutex,100,mixed,1,280036.4776760427,338.0,758.0,350.82303333333334,141.36431972911078,0.40295050865372894,0,100,900,1790626178.268492,2395.632375,3065.059,performance,,32861568.0,31970496.0,29413400.0,0.0,0.0,18.19,15.57,14.88,,,
9,38,hdr_histogram,HdrHistogram,2000,write-heavy,1,247506.83780643754,2362.0,41402.0,7802.881753888889,11583.582284532335,1.4845261853108536,0,100,900,1790626180.9461803,2388.233125,3005.865,performance,,32861568.0,31982172.0,29425092.0,0.0,0.0,17.45,15.46,14.84,,,
9,39,hdr_histogram,HdrHistogram,750,mixed,1,279442.3636142578,1944.0,9152.0,2622.581293333333,1978.3942046413015,0.7543690674795968,0,100,900,1790626191.4136057,2365.936625,2827.493,performance,,32861568.0,31931948.0,29374632.0,0.0,0.0,18.38,15.73,14.94,,,
9,40,global_mutex,GlobalMutex,250,mixed,1,293889.8420933797,815.0,1813.0,836.2505955555556,362.8555865085053,0.43390771670236655,0,100,900,1790626196.4535024,2639.31975,2998.907,performance,,32861568.0,31942468.0,29385068.0,0.0,0.0,17.79,15.65,14.92,,,
9,41,disabled,Disabled,1000,write-heavy,1,285391.3247507414,2024.0,14069.0,3406.7515355555556,3279.7310130108563,0.9627150611898131,0,100,900,1790626199.6374147,2387.49175,2999.934,performance,,32861568.0,31945188.0,29387848.0,0.0,0.0,16.36,15.39,14.83,,,
9,42,sharded_n,Sharded-N,3000,read-heavy,1,241469.96789742095,2453.0,84668.0,11941.855066296297,20194.556192930206,1.691073629751683,0,100,900,1790626205.5209055,2300.0,2300.0,performance,,32861568.0,31934316.0,29376676.0,0.0,0.0,15.05,15.13,14.75,,,
9,43,sharded_n,Sharded-N,1500,mixed,1,262175.87360606005,2194.0,30138.0,5525.957377777778,7402.66491899047,1.3396167239290935,0,100,900,1790626220.5397391,2300.0,2300.0,performance,,32861568.0,31980296.0,29422308.0,0.0,0.0,15.18,15.18,14.78,,,
9,44,sharded_n,Sharded-N,750,read-heavy,1,282716.63578019536,1940.0,9040.0,2587.1859525925925,1942.6390792467362,0.7508695218834338,0,100,900,1790626228.6367433,2656.638375,3097.848,performance,,32861568.0,31947468.0,29389356.0,0.0,0.0,15.09,15.16,14.78,,,
9,45,global_mutex,GlobalMutex,3000,write-heavy,1,234201.8092867838,2537.0,86832.0,12284.20447074074,20852.360829070563,1.697493792026824,0,100,900,1790626233.8202083,2387.56175,3000.494,performance,,32861568.0,31942720.0,29384532.0,0.0,0.0,13.88,14.91,14.7,,,
9,46,thread_local,ThreadLocal,2000,mixed,1,262951.6277145323,2196.0,43305.0,7331.378370555555,11160.635328332559,1.5223106439515044,0,100,900,1790626249.023746,2769.236625,3088.265,performance,,32861568.0,31953288.0,29394660.0,0.0,0.0,12.54,14.54,14.58,,,
9,47,sharded_n,Sharded-N,100,write-heavy,1,292346.64832314884,324.0,666.0,334.2217,131.0086148429878,0.3919811754981433,0,100,900,1790626259.0513985,2387.61375,3000.91,performance,,32861568.0,31934924.0,29376040.0,0.0,0.0,11.79,14.33,14.51,,,
9,48,hdr_histogram,HdrHistogram,750,write-heavy,1,280660.57770424883,1936.0,8997.0,2611.658931851852,1936.432464218165,0.7414568727184819,0,100,900,1790626261.7205539,2395.40825,3063.266,performance,,32861568.0,31956308.0,29397368.0,0.0,0.0,11.79,14.33,14.51,,,
9,49,global_mutex,GlobalMutex,1000,read-heavy,1,279439.11411971104,2043.0,15187.0,3477.2933,3511.9411179296853,1.0099640194083386,0,100,900,1790626266.7608645,2300.0,2300.0,performance,,32861568.0,31956208.0,29397280.0,0.0,0.0,11.09,14.14,14.45,,,
9,50,hdr_histogram,HdrHistogram,3000,read-heavy,1,241746.38040764103,2422.0,81289.0,11969.867145925926,20012.92341845865,1.6719419835223706,0,100,900,1790626272.8747313,2300.0,2300.0,performance,,32861568.0,31940928.0,29381892.0,0.0,0.0,14.12,14.72,14.63,,,
9,51,sharded_n,Sharded-N,1500,write-heavy,1,260024.94856173464,2234.0,30773.0,5570.783664444444,7586.326338990263,1.3618059497463582,0,100,900,1790626287.870808,2550.68675,3002.326,performance,,32861568.0,31941572.0,29382012.0,0.0,0.0,14.59,14.8,14.66,,,
9,52,thread_local,ThreadLocal,500,write-heavy,1,283925.5464790391,1628.0,4291.0,1730.667851111111,854.0881692116591,0.4935020712745796,0,100,900,1790626296.0267093,2630.365375,2998.691,performance,,32861568.0,31926980.0,29367344.0,0.0,0.0,24.29,16.94,15.36,,,
9,53,sharded_n,Sharded-N,250,read-heavy,1,301995.1750136934,787.0,1741.0,807.37116,355.08728833619733,0.4398067529885478,0,100,900,1790626300.1269033,2475.985875,3070.369,performance,,32861568.0,31944820.0,29385204.0,0.0,0.0,22.34,16.66,15.28,,,
9,54,sharded_2key,Sharded-2key,750,mixed,1,292827.23907609883,1865.0,8502.0,2503.14698962963,1852.0847883079052,0.7399025290887704,0,100,900,1790626303.458972,2300.0,2300.0,performance,,32861568.0,31944088.0,29384416.0,0.0,0.0,22.34,16.66,15.28,,,
9,55,sharded_2key,Sharded-2key,1000,mixed,1,266072.7626180266,2170.0,15825.0,3654.8456966666668,3644.7153430543362,0.9972282404092819,0,100,900,1790626308.3931007,2300.0,2300.0,performance,,32861568.0,31939364.0,29379560.0,0.0,0.0,21.51,16.58,15.26,,,
9,56,global_mutex,GlobalMutex,250,write-heavy,1,291473.8062756655,816.0,1865.0,843.5773733333333,380.234776289555,0.45074084287856786,0,100,900,1790626314.508034,2300.0,2300.0,performance,,32861568.0,31926156.0,29366212.0,0.0,0.0,19.38,16.3,15.18,,,
9,57,disabled,Disabled,1500,read-heavy,1,266668.0715662492,2168.0,29849.0,5439.895877037037,7276.602943056591,1.3376364378172543,0,100,900,1790626317.7015836,2387.717625,3001.741,performance,,32861568.0,31952944.0,29392980.0,0.0,0.0,19.38,16.3,15.18,,,
9,58,thread_local,ThreadLocal,3000,mixed,1,236771.83829778113,2506.0,76835.0,12203.957415555555,20435.399283578074,1.6744895600447163,0,100,900,1790626325.8878376,2300.0,2300.0,performance,,32861568.0,31918552.0,29358288.0,0.0,0.0,19.64,16.45,15.25,,,
9,59,hdr_histogram,HdrHistogram,250,write-heavy,1,301532.17503898265,795.0,1673.0,812.1083022222223,341.742973405127,0.4208096044209799,0,100,900,1790626340.9785993,2508.3415,3177.962,performance,,32861568.0,31969404.0,29408716.0,0.0,0.0,22.33,17.18,15.51,,,
9,60,hdr_histogram,HdrHistogram,250,mixed,1,290407.67683942773,822.0,1768.0,843.7577822222222,362.77339183883674,0.429949683999824,0,100,900,1790626344.1512208,2387.80825,3002.466,performance,,32861568.0,31966292.0,29405636.0,0.0,0.0,20.54,16.9,15.42,,,
9,61,global_mutex,GlobalMutex,750,write-heavy,1,271610.20754440536,2012.0,9540.0,2694.0989274074072,2017.4049550856541,0.7488236361932888,0,100,900,1790626347.3479424,2732.81025,3052.92,performance,,32861568.0,31965908.0,29405280.0,0.0,0.0,20.54,16.9,15.42,,,
9,62,hdr_histogram,HdrHistogram,500,mixed,1,302134.28423792525,1528.0,3927.0,1618.7859533333333,774.6467496627865,0.4785356260768558,0,100,900,1790626352.4650316,2300.0,2300.0,performance,,32861568.0,31926244.0,29365524.0,0.0,0.0,20.82,17.02,15.47,,,
9,63,global_mutex,GlobalMutex,500,read-heavy,1,295591.15719242085,1544.0,4247.0,1659.1685955555556,842.4579943428305,0.5077591250217354,0,100,900,1790626356.4788976,2300.0,2300.0,performance,,32861568.0,31914676.0,29353868.0,0.0,0.0,19.95,16.9,15.44,,,
9,64,thread_local,ThreadLocal,2000,read-heavy,1,266312.9304212276,2139.0,42259.0,7238.209936111111,10857.694607522759,1.500052458185027,0,100,900,1790626360.692022,2881.995,3012.208,performance,,32861568.0,31943584.0,29382716.0,0.0,0.0,18.35,16.62,15.36,,,
9,65,hdr_histogram,HdrHistogram,250,read-heavy,1,301738.45929381624,792.0,1702.0,811.8642266666667,342.4734103501708,0.4218358182331671,0,100,900,1790626370.77395,2300.0,2300.0,performance,,32861568.0,31960948.0,29399736.0,0.0,0.0,19.95,17.05,15.51,,,
9,66,global_mutex,GlobalMutex,750,mixed,1,277334.767443057,1939.0,9445.0,2642.3274666666666,2031.8268300646234,0.7689534532325782,0,100,900,1790626374.1081731,2387.811125,3002.489,performance,,32861568.0,31967948.0,29406768.0,0.0,0.0,18.35,16.77,15.43,,,
9,67,global_mutex,GlobalMutex,1500,write-heavy,1,258522.2449290821,2258.0,30267.0,5626.8805696296295,7423.406904496183,1.3192757181595565,0,100,900,1790626379.1637356,2300.0,2300.0,performance,,32861568.0,31941060.0,29379768.0,0.0,0.0,16.88,16.49,15.35,,,
9,68,thread_local,ThreadLocal,100,mixed,1,284794.5728331077,332.0,718.0,344.95768888888887,137.75016378239457,0.39932481060529135,0,100,900,1790626387.3310459,2849.215125,3128.266,performance,,32861568.0,31948908.0,29387472.0,0.0,0.0,17.61,16.65,15.4,,,
9,69,thread_local,ThreadLocal,1500,write-heavy,1,263861.55357846007,2203.0,29055.0,5498.958475555555,7397.284905862615,1.345215632877692,0,100,900,1790626390.0038266,2391.9805,3035.844,performance,,32861568.0,31961652.0,29400188.0,0.0,0.0,16.2,16.37,15.32,,,
9,70,thread_local,ThreadLocal,750,write-heavy,1,275584.2678597952,1965.0,9270.0,2655.0688607407405,2006.8893589725467,0.7558709262300046,0,100,900,1790626398.0594625,2757.271875,3095.748,performance,,32861568.0,31953608.0,29391896.0,0.0,0.0,15.79,16.28,15.3,,,
9,71,sharded_2key,Sharded-2key,1000,write-heavy,1,269423.81927274365,2081.0,15103.0,3598.0375433333334,3573.7595692808927,0.9932524400426492,0,100,900,1790626403.1362255,2474.443375,2999.636,performance,,32861568.0,31949480.0,29387812.0,0.0,0.0,15.08,16.13,15.25,,,
9,72,thread_local,ThreadLocal,750,mixed,1,274371.5954450691,1986.0,9248.0,2675.2783214814813,1996.9042850446806,0.7464286123093393,0,100,900,1790626409.216706,2300.0,2300.0,performance,,32861568.0,31930888.0,29368972.0,0.0,0.0,14.24,15.92,15.2,,,
9,73,sharded_n,Sharded-N,250,mixed,1,295152.13677888375,820.0,1649.0,833.0653733333334,336.9943555387477,0.40452330192327723,0,100,900,1790626414.3015828,2386.790125,2994.321,performance,,32861568.0,31946716.0,29384636.0,0.0,0.0,13.1,15.66,15.11,,,
9,74,sharded_n,Sharded-N,500,read-heavy,1,286956.20392473764,1601.0,4148.0,1702.631208888889,825.5191956753991,0.4848490920204149,0,100,900,1790626417.488956,2649.2965,3015.903,performance,,32861568.0,31960492.0,29398516.0,0.0,0.0,13.1,15.66,15.11,,,
9,75,hdr_histogram,HdrHistogram,1000,write-heavy,1,268910.1422325231,2120.0,15538.0,3617.1129333333333,3605.6138003536375,0.9968209085003329,0,100,900,1790626421.7549927,2300.0,2300.0,performance,,32861568.0,31936316.0,29374268.0,0.0,0.0,12.77,15.55,15.08,,,
9,76,global_mutex,GlobalMutex,750,read-heavy,1,285519.81185575976,1936.0,8932.0,2561.979597037037,1903.4730824846126,0.7429696492064201,0,100,900,1790626427.8206615,2386.588875,2992.711,performance,,32861568.0,31935028.0,29372744.0,0.0,0.0,12.23,15.39,15.03,,,
9,77,hdr_histogram,HdrHistogram,3000,write-heavy,1,230503.36391414434,2585.0,89206.0,12535.307563703704,21222.404888012952,1.6930103055040273,0,100,900,1790626432.9867067,2300.0,2300.0,performance,,32861568.0,31904036.0,29341664.0,0.0,0.0,14.53,15.81,15.17,,,
9,78,thread_local,ThreadLocal,1000,mixed,1,275412.1517068656,2072.0,15006.0,3541.550706666667,3500.48645047461,0.9884050068477752,0,100,900,1790626448.4145365,2388.25025,3006.002,performance,,32861568.0,31959304.0,29396508.0,0.0,0.0,15.32,15.94,15.22,,,
9,79,sharded_2key,Sharded-2key,1500,write-heavy,1,258675.3225275008,2221.0,30031.0,5607.4852481481485,7428.376632386053,1.3247251314373492,0,100,900,1790626454.4038737,2560.81425,3000.786,performance,,32861568.0,31946028.0,29383132.0,0.0,0.0,14.07,15.66,15.14,,,
9,80,global_mutex,GlobalMutex,2000,write-heavy,1,248226.18961175755,2376.0,46207.0,7757.784449444444,11791.31987748478,1.5199339391711493,0,100,900,1790626462.5820925,2300.0,2300.0,performance,,32861568.0,31939832.0,29376772.0,0.0,0.0,14.22,15.66,15.14,,,
9,81,disabled,Disabled,3000,mixed,1,240145.7872562554,2465.0,85006.0,12025.271875925926,20495.017473691627,1.704328823926365,0,100,900,1790626473.0386038,2562.981,3008.599,performance,,32861568.0,31959908.0,29396524.0,0.0,0.0,15.5,15.9,15.23,,,
9,82,sharded_2key,Sharded-2key,3000,write-heavy,1,234086.82680226397,2547.0,87163.0,12337.764854074074,20784.644085104184,1.6846361015091686,0,100,900,1790626487.953213,2387.396625,2999.173,performance,,32861568.0,31964156.0,29400420.0,0.0,0.0,16.86,16.18,15.33,,,
9,83,hdr_histogram,HdrHistogram,3000,mixed,1,235566.88272687528,2523.0,82118.0,12239.010981481482,20636.83155644127,1.6861518947622731,0,100,900,1790626503.1859558,2553.166625,3000.629,performance,,32861568.0,31965608.0,29401468.0,0.0,0.0,17.92,16.45,15.43,,,
9,84,disabled,Disabled,250,write-heavy,1,299320.3018621565,797.0,1718.0,816.3532533333333,348.8369025197424,0.42731121741154543,0,100,900,1790626518.361012,2388.087875,3004.703,performance,,32861568.0,31962036.0,29397532.0,0.0,0.0,19.58,16.93,15.61,,,
9,85,hdr_histogram,HdrHistogram,500,read-heavy,1,286361.7601994822,1612.0,4373.0,1714.1970422222223,855.1335142418042,0.4988536866994242,0,100,900,1790626521.5328524,2300.0,2300.0,performance,,32861568.0,31957508.0,29393076.0,0.0,0.0,18.81,16.81,15.58,,,
9,86,hdr_histogram,HdrHistogram,1500,read-heavy,1,269179.61391514936,2106.0,28666.0,5387.044628148148,6988.36004281741,1.2972530441463468,0,100,900,1790626525.7964451,2475.587375,3007.148,performance,,32861568.0,31929940.0,29365560.0,0.0,0.0,17.31,16.53,15.49,,,
9,87,thread_local,ThreadLocal,1000,write-heavy,1,270179.83677874086,2130.0,15458.0,3609.8734555555557,3571.672159519215,0.9894175525799804,0,100,900,1790626533.9106095,2387.8605,3002.884,performance,,32861568.0,31911368.0,29346736.0,0.0,0.0,16.41,16.38,15.46,,,
9,88,sharded_n,Sharded-N,2000,mixed,1,255912.79107180884,2283.0,42289.0,7538.184909444444,11247.863439809129,1.4921182718291908,0,100,900,1790626539.9800546,2300.0,2300.0,performance,,32861568.0,31916108.0,29351352.0,0.0,0.0,15.1,16.11,15.37,,,
9,89,sharded_2key,Sharded-2key,250,write-heavy,1,301136.7373805143,788.0,1816.0,813.41504,366.3346557027139,0.4503662185822307,0,100,900,1790626550.201375,2717.513125,3010.934,performance,,32861568.0,31945772.0,29380720.0,0.0,0.0,13.74,15.79,15.28,,,
9,90,sharded_n,Sharded-N,100,mixed,1,278258.903739996,338.0,749.0,352.3308777777778,148.28719577911556,0.4208748228778384,0,100,900,1790626553.3660955,2300.0,2300.0,performance,,32861568.0,31956132.0,29391100.0,0.0,0.0,13.74,15.79,15.28,,,
9,91,global_mutex,GlobalMutex,1000,write-heavy,1,265702.3548814445,2156.0,15656.0,3661.8685622222224,3647.548345049245,0.9960893688755756,0,100,900,1790626556.0493014,2387.952,3003.616,performance,,32861568.0,31974472.0,29409408.0,0.0,0.0,14.08,15.83,15.29,,,
9,92,global_mutex,GlobalMutex,1500,mixed,1,263385.2228307202,2167.0,29317.0,5529.828809629629,7248.766341389705,1.3108482361636082,0,100,900,1790626562.1781044,2388.632625,3009.061,performance,,32861568.0,31920752.0,29355468.0,0.0,0.0,15.11,16.01,15.36,,,
9,93,thread_local,ThreadLocal,250,read-heavy,1,302998.6675209398,795.0,1732.0,816.6017022222222,348.66996731066035,0.4269767823919826,0,100,900,1790626570.2560906,2300.0,2300.0,performance,,32861568.0,31948200.0,29382760.0,0.0,0.0,13.45,15.63,15.24,,,
9,94,global_mutex,GlobalMutex,3000,read-heavy,1,239356.63143805688,2448.0,85085.0,12047.61571925926,20211.496213839808,1.6776345365606082,0,100,900,1790626573.5946171,2388.885625,3011.085,performance,,32861568.0,31949848.0,29384380.0,0.0,0.0,13.45,15.63,15.24,,,
9,95,disabled,Disabled,1000,mixed,1,290748.9912399138,2017.0,14799.0,3323.31119,3345.6181748770114,1.006712276883409,0,100,900,1790626588.7153397,2387.8995,3003.196,performance,,32861568.0,31962964.0,29397080.0,0.0,0.0,16.19,16.07,15.39,,,
9,96,thread_local,ThreadLocal,1500,read-heavy,1,268173.43378816964,2122.0,28007.0,5408.953284444445,7148.551446596664,1.3216145658264626,0,100,900,1790626594.5321813,2387.724625,3001.797,performance,,32861568.0,31930448.0,29364528.0,0.0,0.0,13.7,15.54,15.22,,,
9,97,hdr_histogram,HdrHistogram,100,read-heavy,1,287332.25730382715,327.0,767.0,342.0314222222222,144.77264759528663,0.4232729456687929,0,100,900,1790626602.6762576,2392.660625,3041.285,performance,,32861568.0,31938528.0,29372420.0,0.0,0.0,13.88,15.55,15.23,,,
9,98,hdr_histogram,HdrHistogram,1500,write-heavy,1,261644.5513224751,2190.0,28054.0,5545.689757037037,7207.621643466198,1.2996799242727746,0,100,900,1790626605.522583,2629.64325,2998.92,performance,,32861568.0,31964888.0,29398748.0,0.0,0.0,12.77,15.29,15.14,,,
9,99,disabled,Disabled,3000,read-heavy,1,244453.2668513714,2405.0,81762.0,11789.151380370371,20055.647638946237,1.7011951913977512,0,100,900,1790626613.655291,2387.23875,2997.91,performance,,32861568.0,31938004.0,29371604.0,0.0,0.0,13.59,15.42,15.19,,,
9,100,sharded_2key,Sharded-2key,250,mixed,1,301333.3627648977,795.0,1698.0,816.7693911111111,350.94357146151424,0.4296727757930547,0,100,900,1790626628.530407,2387.4245,2999.396,performance,,32861568.0,31943300.0,29376532.0,0.0,0.0,13.65,15.32,15.16,,,
9,101,global_mutex,GlobalMutex,250,read-heavy,1,299087.7619879689,796.0,1806.0,819.3606444444445,368.74105422201416,0.45003510569150373,0,100,900,1790626631.6961153,2300.0,2300.0,performance,,32861568.0,31964116.0,29397388.0,0.0,0.0,16.0,15.78,15.31,,,
9,102,disabled,Disabled,500,write-heavy,1,288607.89392961597,1578.0,4492.0,1702.2482866666667,877.6588296057292,0.5155880234864891,0,100,900,1790626635.037298,2387.669,3001.352,performance,,32861568.0,31965572.0,29398816.0,0.0,0.0,14.72,15.52,15.22,,,
9,103,sharded_n,Sharded-N,1000,read-heavy,1,274356.3457539523,2077.0,14816.0,3537.613411111111,3448.9651299596458,0.9749412185986648,0,100,900,1790626639.1190886,2300.0,2300.0,performance,,32861568.0,31953676.0,29386844.0,0.0,0.0,13.54,15.26,15.14,,,
9,104,sharded_2key,Sharded-2key,100,write-heavy,1,280766.3002049803,336.0,718.0,348.53833333333336,140.71106745362522,0.40371762298826586,0,100,900,1790626645.2961,2300.0,2300.0,performance,,32861568.0,31935652.0,29368584.0,0.0,0.0,12.46,15.01,15.06,,,
9,105,sharded_2key,Sharded-2key,2000,mixed,1,250562.0382484157,2323.0,44978.0,7707.46341,11610.00024045261,1.5063321903532214,0,100,900,1790626647.972537,2399.157,3093.256,performance,,32861568.0,31955368.0,29388268.0,0.0,0.0,12.46,15.01,15.06,,,
9,106,sharded_n,Sharded-N,2000,write-heavy,1,245704.419388584,2383.0,42793.0,7855.679473333334,11811.914942159761,1.503614675504029,0,100,900,1790626658.322397,2915.784375,3055.274,performance,,32861568.0,31960204.0,29392852.0,0.0,0.0,14.4,15.34,15.17,,,
9,107,sharded_2key,Sharded-2key,250,read-heavy,1,300677.3298073103,790.0,1741.0,814.6444844444444,348.7657693990653,0.42812021201728245,0,100,900,1790626668.855819,2300.0,2300.0,performance,,32861568.0,31946012.0,29378452.0,0.0,0.0,17.6,16.02,15.39,,,
9,108,hdr_histogram,HdrHistogram,1500,mixed,1,256790.3255525376,2217.0,29589.0,5647.622744444445,7517.23690400406,1.331044448993827,0,100,900,1790626672.1981428,2300.0,2300.0,performance,,32861568.0,31957756.0,29390228.0,0.0,0.0,16.19,15.75,15.31,,,
9,109,global_mutex,GlobalMutex,100,write-heavy,1,276235.17908104137,341.0,755.0,355.0328,148.5473619008473,0.4184046147309412,0,100,900,1790626680.4227266,2300.0,2300.0,performance,,32861568.0,31933556.0,29365764.0,0.0,0.0,18.86,16.37,15.52,,,
9,110,thread_local,ThreadLocal,500,mixed,1,286436.34791807935,1581.0,4626.0,1710.1010333333334,895.3364294272988,0.523557621436031,0,100,900,1790626683.107543,2793.808,3004.167,performance,,32861568.0,31955928.0,29388120.0,0.0,0.0,18.86,16.37,15.52,,,
9,111,disabled,Disabled,750,mixed,1,287549.76607826527,1894.0,9015.0,2550.1362044444445,1919.6303470949765,0.7527560072083186,0,100,900,1790626687.2003083,2735.96425,3048.806,performance,,32861568.0,31951728.0,29383960.0,0.0,0.0,18.23,16.28,15.49,,,
9,112,global_mutex,GlobalMutex,3000,mixed,1,233339.13946216815,2541.0,85685.0,12360.936105925926,20757.142840283876,1.679253307549478,0,100,900,1790626692.1698716,2300.0,2300.0,performance,,32861568.0,31937236.0,29369304.0,0.0,0.0,17.81,16.23,15.48,,,
9,113,sharded_2key,Sharded-2key,750,read-heavy,1,284212.15272731276,1940.0,8860.0,2577.377979259259,1896.2772200307895,0.7357388925064773,0,100,900,1790626707.430037,2839.329875,3093.493,performance,,32861568.0,31963596.0,29395284.0,0.0,0.0,19.5,16.7,15.65,,,
9,114,disabled,Disabled,1500,mixed,1,259524.05480653903,2225.0,29613.0,5584.3755177777775,7513.584808738182,1.3454655376986728,0,100,900,1790626712.5991018,2300.0,2300.0,performance,,32861568.0,31930928.0,29362556.0,0.0,0.0,19.54,16.76,15.67,,,
9,115,sharded_2key,Sharded-2key,500,write-heavy,1,283718.4889896493,1613.0,4415.0,1731.1567577777778,881.6214040145255,0.5092672284318321,0,100,900,1790626720.7465158,2604.603375,3140.8,performance,,32861568.0,31963608.0,29394968.0,0.0,0.0,17.64,16.45,15.58,,,
9,116,hdr_histogram,HdrHistogram,100,mixed,1,283708.3461179407,331.0,738.0,346.37666666666667,144.18729089374168,0.41627310604180906,0,100,900,1790626724.853696,2553.021,3003.115,performance,,32861568.0,31964744.0,29396084.0,0.0,0.0,16.22,16.18,15.5,,,
9,117,hdr_histogram,HdrHistogram,750,read-heavy,1,280179.31692124804,1939.0,9042.0,2604.194183703704,1955.449505619779,0.7508846759033632,0,100,900,1790626727.5297182,2388.718625,3009.749,performance,,32861568.0,31967020.0,29398332.0,0.0,0.0,16.22,16.18,15.5,,,
9,118,disabled,Disabled,1500,write-heavy,1,257397.6108635181,2258.0,29425.0,5638.740942962963,7474.517853091475,1.3255650381348916,0,100,900,1790626732.7410839,2300.0,2300.0,performance,,32861568.0,31913284.0,29344484.0,0.0,0.0,16.21,16.17,15.5,,,
9,119,thread_local,ThreadLocal,3000,read-heavy,1,239028.09804905494,2444.0,81982.0,12050.34406148148,20204.469942268814,1.676671623580585,0,100,900,1790626740.9421105,2394.311875,3054.495,performance,,32861568.0,31941176.0,29372112.0,0.0,0.0,14.9,15.9,15.42,,,
9,120,sharded_n,Sharded-N,250,write-heavy,1,291990.88772486814,817.0,1780.0,841.1375244444445,365.95857924246275,0.43507579748528225,0,100,900,1790626756.0751603,3002.036625,3059.186,performance,,32861568.0,31959412.0,29389952.0,0.0,0.0,14.87,15.86,15.41,,,
9,121,disabled,Disabled,750,read-heavy,1,283518.4664536385,1957.0,8814.0,2583.1921496296295,1892.8759795473607,0.7327662325927847,0,100,900,1790626759.2660897,2731.267,3051.588,performance,,32861568.0,31973096.0,29403696.0,0.0,0.0,13.68,15.59,15.33,,,
9,122,sharded_2key,Sharded-2key,1500,mixed,1,260343.99493495704,2228.0,28146.0,5583.070858518518,7380.983555767078,1.3220293531659815,0,100,900,1790626764.4550624,2300.0,2300.0,performance,,32861568.0,31946100.0,29376584.0,0.0,0.0,12.58,15.33,15.25,,,
9,123,sharded_n,Sharded-N,500,mixed,1,282847.40102695674,1620.0,4487.0,1736.8705955555556,898.4575944368362,0.5172852812039549,0,100,900,1790626772.606315,2387.883,3003.064,performance,,32861568.0,31951580.0,29381932.0,0.0,0.0,13.9,15.56,15.32,,,
9,124,thread_local,ThreadLocal,750,read-heavy,1,282051.3404115347,1919.0,9042.0,2601.4701762962964,1967.2213224954298,0.7561959927198381,0,100,900,1790626776.7237527,2300.0,2300.0,performance,,32861568.0,31947960.0,29378272.0,0.0,0.0,14.07,15.57,15.33,,,
9,125,disabled,Disabled,100,read-heavy,1,281158.01300571364,333.0,810.0,349.44933333333336,152.6324896110067,0.4367800280374647,0,100,900,1790626781.9107077,2469.40575,3002.448,performance,,32861568.0,31927716.0,29357828.0,0.0,0.0,14.06,15.54,15.32,,,
9,126,sharded_2key,Sharded-2key,3000,read-heavy,1,238036.5758073369,2491.0,83886.0,12137.322524074074,20381.949634903365,1.6792789014608684,0,100,900,1790626784.7613418,2387.649375,3001.195,performance,,32861568.0,31955812.0,29385900.0,0.0,0.0,12.94,15.28,15.24,,,
9,127,thread_local,ThreadLocal,250,mixed,1,298185.1726794708,795.0,1807.0,823.38088,370.2826533134359,0.44971004587018815,0,100,900,1790626799.937663,2652.823125,3008.512,performance,,32861568.0,31970244.0,29399904.0,0.0,0.0,14.73,15.58,15.33,,,
9,128,sharded_2key,Sharded-2key,750,write-heavy,1,274830.76723452384,2001.0,9220.0,2657.13468,1972.8383847669304,0.7424683436697045,0,100,900,1790626803.1121843,2565.255,3016.407,performance,,32861568.0,31980564.0,29410228.0,0.0,0.0,14.73,15.58,15.33,,,
9,129,sharded_2key,Sharded-2key,100,read-heavy,1,288695.7558477667,326.0,715.0,340.1810222222222,137.81327573869882,0.40511747198135206,0,100,900,1790626808.2083833,2390.702,3025.616,performance,,32861568.0,31930576.0,29360204.0,0.0,0.0,17.39,16.12,15.51,,,
9,130,thread_local,ThreadLocal,3000,write-heavy,1,230129.90114744013,2597.0,86073.0,12544.96794037037,21010.144099872014,1.6747865917026585,0,100,900,1790626811.0476003,2565.59675,3014.731,performance,,32861568.0,31955332.0,29384932.0,0.0,0.0,17.04,16.06,15.5,,,
9,131,disabled,Disabled,1000,read-heavy,1,277863.68611141044,2028.0,14669.0,3498.9850666666666,3442.292377880346,0.9837973904700515,0,100,900,1790626826.497283,2387.39225,2999.138,performance,,32861568.0,31949408.0,29378580.0,0.0,0.0,16.3,15.95,15.47,,,
9,132,sharded_2key,Sharded-2key,2000,write-heavy,1,251099.9313219089,2333.0,48355.0,7698.919706666667,11695.377692642352,1.5190933453319515,0,100,900,1790626832.6370544,2300.0,2300.0,performance,,32861568.0,31933524.0,29362672.0,0.0,0.0,16.04,15.9,15.45,,,
9,133,sharded_2key,Sharded-2key,3000,mixed,1,237648.71815832952,2494.0,83617.0,12111.711437037036,20442.390890194627,1.687820172769537,0,100,900,1790626843.0144484,2387.61425,3000.914,performance,,32861568.0,31954292.0,29383092.0,0.0,0.0,18.43,16.43,15.63,,,
9,134,disabled,Disabled,250,mixed,1,310952.1871182785,775.0,1625.0,788.8655733333334,335.0578667494496,0.4247337925188829,0,100,900,1790626858.0367382,2462.424375,2957.787,performance,,32861568.0,31964900.0,29393388.0,0.0,0.0,20.09,16.92,15.81,,,
9,135,global_mutex,GlobalMutex,100,read-heavy,1,276270.55138260825,338.0,832.0,355.47804444444444,156.24195439425006,0.4395263134701648,0,100,900,1790626861.177842,2300.0,2300.0,performance,,32861568.0,31976300.0,29404800.0,0.0,0.0,25.61,18.12,16.2,,,
9,136,hdr_histogram,HdrHistogram,2000,mixed,1,250597.5449383703,2324.0,46468.0,7700.377022777778,11739.976331501352,1.524597600451823,0,100,900,1790626864.032683,2740.534375,3034.277,performance,,32861568.0,31988920.0,29417384.0,0.0,0.0,23.56,17.82,16.11,,,
9,137,hdr_histogram,HdrHistogram,2000,read-heavy,1,254541.67471471467,2295.0,43770.0,7576.4884811111115,11443.235316261394,1.5103613428292595,0,100,900,1790626874.421357,2387.589,3000.712,performance,,32861568.0,31941312.0,29369532.0,0.0,0.0,20.97,17.46,16.02,,,
9,138,sharded_2key,Sharded-2key,100,mixed,1,288474.34875673725,328.0,651.0,338.6500555555556,134.55758342901203,0.39733518781879495,0,100,900,1790626884.8378506,2786.707375,2976.691,performance,,32861568.0,31943904.0,29371860.0,0.0,0.0,18.63,17.08,15.91,,,
9,139,thread_local,ThreadLocal,100,read-heavy,1,290232.51962185476,323.0,730.0,336.73426666666666,144.64830197769987,0.42956216903487066,0,100,900,1790626887.5084345,2387.233875,2997.871,performance,,32861568.0,31953700.0,29381628.0,0.0,0.0,18.63,17.08,15.91,,,
9,140,sharded_n,Sharded-N,1500,read-heavy,1,260888.99648191594,2209.0,29115.0,5567.2256192592595,7339.429754387086,1.318328060748439,0,100,900,1790626890.346236,2387.752625,3002.021,performance,,32861568.0,31961232.0,29389132.0,0.0,0.0,17.13,16.79,15.82,,,
9,141,sharded_n,Sharded-N,100,read-heavy,1,283530.6184005984,333.0,760.0,346.75325555555554,140.75010985350153,0.4059085462023905,0,100,900,1790626898.6369245,2300.0,2300.0,performance,,32861568.0,31949444.0,29377136.0,0.0,0.0,17.28,16.83,15.84,,,
9,142,global_mutex,GlobalMutex,1000,mixed,1,266906.03915332054,2163.0,15710.0,3650.2773044444443,3635.1166713276025,0.9958467174265411,0,100,900,1790626901.4904928,2387.819625,3002.557,performance,,32861568.0,31951672.0,29379332.0,0.0,0.0,15.98,16.57,15.76,,,
9,143,sharded_n,Sharded-N,750,mixed,1,275116.3037871072,2035.0,8920.0,2665.2903703703705,1916.2221709629966,0.7189543744521604,0,100,900,1790626907.5918672,2386.647625,2993.181,performance,,32861568.0,31950620.0,29378208.0,0.0,0.0,16.46,16.66,15.79,,,
9,144,disabled,Disabled,2000,mixed,1,253622.02067242825,2313.0,43764.0,7606.111058888889,11669.494031485568,1.534226090197303,0,100,900,1790626912.6711583,2300.0,2300.0,performance,,32861568.0,31938720.0,29366208.0,0.0,0.0,15.94,16.55,15.76,,,
10,1,sharded_n,Sharded-N,2000,read-heavy,1,255527.1257621214,2232.0,42596.0,7555.404519444444,11287.162152996756,1.4939189720349628,0,100,900,1790626922.9488409,2300.0,2300.0,performance,,32861568.0,31934872.0,29362084.0,0.0,0.0,17.04,16.76,15.84,,,
10,2,hdr_histogram,HdrHistogram,1000,read-heavy,1,274942.72252678045,2043.0,15266.0,3527.3287677777776,3527.6945446740215,1.0001036979880031,0,100,900,1790626933.349706,2300.0,2300.0,performance,,32861568.0,31959504.0,29386440.0,0.0,0.0,25.09,18.44,16.39,,,
10,3,disabled,Disabled,2000,mixed,1,252649.70277822966,2303.0,44684.0,7649.474028888889,11569.956312563829,1.5125165820380466,0,100,900,1790626939.525116,2300.0,2300.0,performance,,32861568.0,31940380.0,29367216.0,0.0,0.0,21.75,17.95,16.26,,,
10,4,disabled,Disabled,100,mixed,1,282949.8272768934,330.0,823.0,347.24521111111113,151.60960988706736,0.4366067696137514,0,100,900,1790626949.8097987,2649.7555,3005.821,performance,,32861568.0,31967488.0,29394096.0,0.0,0.0,19.44,17.59,16.16,,,
10,5,disabled,Disabled,2000,read-heavy,1,258061.7044588917,2263.0,44057.0,7478.628838333333,11318.452902050782,1.5134395818703554,0,100,900,1790626952.4829638,2300.0,2300.0,performance,,32861568.0,31971324.0,29397904.0,0.0,0.0,19.44,17.59,16.16,,,
10,6,hdr_histogram,HdrHistogram,100,write-heavy,1,278605.26033787185,338.0,798.0,353.13381111111113,146.73784664830822,0.41553043642750526,0,100,900,1790626962.7682064,2387.156875,2997.255,performance,,32861568.0,31960124.0,29386412.0,0.0,0.0,17.92,17.32,16.08,,,
10,7,hdr_histogram,HdrHistogram,2000,mixed,1,248333.85127726852,2367.0,44124.0,7776.120511111111,11921.914908237497,1.5331443090680708,0,100,900,1790626965.449903,2300.0,2300.0,performance,,32861568.0,31971420.0,29397676.0,0.0,0.0,16.49,17.03,16.0,,,
10,8,thread_local,ThreadLocal,3000,write-heavy,1,233169.5015932393,2574.0,81006.0,12380.322810740741,20700.148343137498,1.6720200805409342,0,100,900,1790626975.892386,2387.2515,2998.012,performance,,32861568.0,31928700.0,29354680.0,0.0,0.0,15.5,16.82,15.94,,,
10,9,sharded_n,Sharded-N,750,mixed,1,281356.70863486844,1953.0,9003.0,2604.2255762962964,1938.9653601931172,0.7445458557206456,0,100,900,1790626991.1712396,2399.729375,3097.835,performance,,32861568.0,31961044.0,29386692.0,0.0,0.0,16.98,17.07,16.04,,,
10,10,disabled,Disabled,1500,read-heavy,1,267406.98447461333,2146.0,28016.0,5413.34521037037,7310.777736289962,1.3505101655598597,0,100,900,1790626996.1976736,2656.470625,3018.495,performance,,32861568.0,31938048.0,29363704.0,0.0,0.0,16.5,16.97,16.01,,,
10,11,disabled,Disabled,500,mixed,1,286436.6345316292,1594.0,4309.0,1711.8287577777778,866.1717789789282,0.5059920713701264,0,100,900,1790627004.3549376,2388.179125,3005.433,performance,,32861568.0,31963512.0,29388848.0,0.0,0.0,15.29,16.71,15.93,,,
10,12,sharded_2key,Sharded-2key,100,read-heavy,1,286142.1599906405,328.0,729.0,342.5683333333333,140.91324629371326,0.41134346809749855,0,100,900,1790627008.4440799,2300.0,2300.0,performance,,32861568.0,31956308.0,29381660.0,0.0,0.0,15.29,16.71,15.93,,,
10,13,disabled,Disabled,250,read-heavy,1,303914.87048937264,782.0,1725.0,803.9861022222223,354.84535615622656,0.4413575746837314,0,100,900,1790627011.2915857,2385.255125,2982.041,performance,,32861568.0,31965236.0,29390576.0,0.0,0.0,15.02,16.63,15.91,,,
10,14,sharded_n,Sharded-N,3000,mixed,1,234792.27409315732,2514.0,80505.0,12314.174727407408,20703.56977026189,1.6812795196240293,0,100,900,1790627014.6273544,2387.377875,2999.023,performance,,32861568.0,31961240.0,29386584.0,0.0,0.0,13.82,16.35,15.83,,,
10,15,disabled,Disabled,500,read-heavy,1,290121.2604488107,1562.0,4387.0,1687.0958222222223,863.7459159693193,0.5119720555241513,0,100,900,1790627029.8047552,2300.0,2300.0,performance,,32861568.0,31944056.0,29368884.0,0.0,0.0,13.83,16.25,15.8,,,
10,16,hdr_histogram,HdrHistogram,3000,write-heavy,1,230217.97151458263,2586.0,67055.0,12536.306023333333,20960.87955655194,1.672014030092938,0,100,900,1790627034.0476503,2475.885,3015.653,performance,,32861568.0,31960228.0,29385072.0,0.0,0.0,12.72,15.98,15.72,,,
10,17,global_mutex,GlobalMutex,100,mixed,1,283706.77388033917,332.0,784.0,346.6506,141.8401715312716,0.4091733045645143,0,100,900,1790627049.474099,2300.0,2300.0,performance,,32861568.0,31958396.0,29382788.0,0.0,0.0,13.01,15.91,15.7,,,
10,18,disabled,Disabled,1000,mixed,1,278376.06085838145,2071.0,14896.0,3494.2947577777777,3410.254502090253,0.975949294059849,0,100,900,1790627052.1470792,2300.0,2300.0,performance,,32861568.0,31972680.0,29397044.0,0.0,0.0,13.01,15.91,15.7,,,
10,19,sharded_n,Sharded-N,500,read-heavy,1,282458.76764358213,1626.0,4297.0,1731.9003755555555,849.4724172987671,0.49048572844513366,0,100,900,1790627058.1074748,2387.113625,2996.909,performance,,32861568.0,31957224.0,29381484.0,0.0,0.0,19.26,17.15,16.1,,,
10,20,hdr_histogram,HdrHistogram,1500,read-heavy,1,265128.577103347,2143.0,28516.0,5474.488391851852,7218.110520074099,1.3184995571124836,0,100,900,1790627062.3953726,2387.509125,3000.073,performance,,32861568.0,31963832.0,29388100.0,0.0,0.0,19.24,17.19,16.12,,,
10,21,sharded_2key,Sharded-2key,1000,read-heavy,1,278774.56859942165,2051.0,14702.0,3483.9814944444443,3410.843585709911,0.9790073773781064,0,100,900,1790627070.6262465,2834.10475,3074.484,performance,,32861568.0,31929868.0,29353940.0,0.0,0.0,17.16,16.81,16.01,,,
10,22,thread_local,ThreadLocal,500,mixed,1,297357.2139722446,1536.0,4235.0,1649.772868888889,833.0180120063711,0.5049289073152253,0,100,900,1790627076.758893,2300.0,2300.0,performance,,32861568.0,31926256.0,29350132.0,0.0,0.0,18.27,17.05,16.09,,,
10,23,thread_local,ThreadLocal,100,mixed,1,284800.25500888255,332.0,698.0,343.7610222222222,139.76634027690037,0.40657995305398315,0,100,900,1790627080.8006907,2609.227375,3163.583,performance,,32861568.0,31959052.0,29382980.0,0.0,0.0,16.81,16.77,16.0,,,
10,24,disabled,Disabled,1500,write-heavy,1,260416.2267621725,2208.0,30410.0,5579.6912133333335,7420.5231436488475,1.3299164523507372,0,100,900,1790627083.471385,2397.59525,3080.762,performance,,32861568.0,31960936.0,29384840.0,0.0,0.0,16.81,16.77,16.0,,,
10,25,global_mutex,GlobalMutex,500,read-heavy,1,294236.04071840766,1547.0,4386.0,1665.4570444444444,850.9140416756667,0.5109192365627844,0,100,900,1790627091.6213307,2838.095875,3102.327,performance,,32861568.0,31911184.0,29334728.0,0.0,0.0,16.26,16.64,15.97,,,
10,26,global_mutex,GlobalMutex,2000,mixed,1,252293.36352907761,2328.0,45718.0,7655.376201666667,11580.044840431561,1.512668291587087,0,100,900,1790627095.844723,2300.0,2300.0,performance,,32861568.0,31941984.0,29365584.0,0.0,0.0,14.96,16.37,15.89,,,
10,27,sharded_2key,Sharded-2key,500,write-heavy,1,288531.64517785027,1622.0,4112.0,1696.8720688888889,807.5176102776456,0.47588596988717474,0,100,900,1790627106.1502986,2477.20725,3019.005,performance,,32861568.0,31943196.0,29366384.0,0.0,0.0,15.88,16.51,15.94,,,
10,28,thread_local,ThreadLocal,2000,read-heavy,1,264898.2766077944,2160.0,40238.0,7283.9484344444445,10964.099130721985,1.5052411792036842,0,100,900,1790627110.2340508,2300.0,2300.0,performance,,32861568.0,31948896.0,29372220.0,0.0,0.0,14.61,16.23,15.85,,,
10,29,sharded_n,Sharded-N,250,mixed,1,290031.3921213439,822.0,1815.0,847.01164,365.8813136745684,0.4319672793098432,0,100,900,1790627120.3369472,2564.292875,3012.046,performance,,32861568.0,31955084.0,29377952.0,0.0,0.0,14.87,16.25,15.86,,,
10,30,hdr_histogram,HdrHistogram,250,mixed,1,288949.6633505262,821.0,1870.0,850.3984088888889,377.0089808986116,0.4433321804907924,0,100,900,1790627123.5355105,2387.61,3000.88,performance,,32861568.0,31970476.0,29393444.0,0.0,0.0,14.87,16.25,15.86,,,
10,31,hdr_histogram,HdrHistogram,100,read-heavy,1,280555.17005197,335.0,787.0,349.65794444444447,148.0819790631106,0.42350526111566345,0,100,900,1790627126.733526,2562.8775,3001.61,performance,,32861568.0,31961792.0,29384760.0,0.0,0.0,14.64,16.18,15.84,,,
10,32,global_mutex,GlobalMutex,100,read-heavy,1,285362.2610172709,331.0,748.0,343.81912222222223,144.127507561461,0.4191957289341992,0,100,900,1790627129.5817184,2664.99775,3059.057,performance,,32861568.0,31977608.0,29400540.0,0.0,0.0,13.47,15.91,15.76,,,
10,33,thread_local,ThreadLocal,250,mixed,1,296134.2500747713,808.0,1765.0,829.4170888888889,357.352460844254,0.43084771899620933,0,100,900,1790627132.4288526,2716.655125,2982.837,performance,,32861568.0,31978244.0,29401152.0,0.0,0.0,13.47,15.91,15.76,,,
10,34,global_mutex,GlobalMutex,1500,write-heavy,1,257823.6035360507,2276.0,30262.0,5627.138244444444,7443.727922734783,1.3228265593232615,0,100,900,1790627135.6072824,2655.805125,3066.197,performance,,32861568.0,31979352.0,29402196.0,0.0,0.0,12.39,15.65,15.67,,,
10,35,global_mutex,GlobalMutex,1000,read-heavy,1,280329.0647959917,2036.0,14381.0,3477.0097066666667,3333.199110437603,0.9586395758535481,0,100,900,1790627143.8177454,2300.0,2300.0,performance,,32861568.0,31928216.0,29350808.0,0.0,0.0,13.56,15.84,15.73,,,
10,36,sharded_2key,Sharded-2key,500,mixed,1,291411.5630955542,1558.0,4530.0,1684.8545,891.0892727898241,0.5288820327154803,0,100,900,1790627149.9275837,2388.0565,3004.452,performance,,32861568.0,31922552.0,29345048.0,0.0,0.0,11.47,15.32,15.56,,,
10,37,hdr_histogram,HdrHistogram,1000,mixed,1,272497.79911021347,2062.0,14955.0,3564.5321422222223,3516.4730889844272,0.986517430248831,0,100,900,1790627153.9861743,2300.0,2300.0,performance,,32861568.0,31942092.0,29364556.0,0.0,0.0,11.47,15.32,15.56,,,
10,38,thread_local,ThreadLocal,750,mixed,1,281591.5545988737,1917.0,9216.0,2593.938625185185,1969.3526380484666,0.7592132747195866,0,100,900,1790627160.0202193,2388.7305,3009.844,performance,,32861568.0,31938396.0,29360648.0,0.0,0.0,9.71,14.81,15.39,,,
10,39,sharded_n,Sharded-N,3000,read-heavy,1,244059.43478645926,2398.0,75580.0,11801.866608148148,19880.05743335046,1.6844841662271486,0,100,900,1790627165.040371,2864.688625,3124.483,performance,,32861568.0,31954036.0,29376268.0,0.0,0.0,8.93,14.57,15.31,,,
10,40,sharded_n,Sharded-N,1500,read-heavy,1,264336.90804266516,2188.0,29065.0,5489.507399259259,7208.602343179084,1.3131601469654264,0,100,900,1790627179.9190662,2300.0,2300.0,performance,,32861568.0,31972336.0,29394076.0,0.0,0.0,8.52,14.21,15.18,,,
10,41,sharded_n,Sharded-N,100,mixed,1,278620.8880247046,336.0,759.0,350.9733444444444,145.9182813616386,0.4157531723459301,0,100,900,1790627188.1369953,2507.083625,3147.902,performance,,32861568.0,31942980.0,29364532.0,0.0,0.0,9.12,14.24,15.19,,,
10,42,sharded_n,Sharded-N,750,write-heavy,1,278452.0313812453,1990.0,8832.0,2638.4958192592594,1912.039890494542,0.7246704264368836,0,100,900,1790627190.8155162,2389.11125,3012.89,performance,,32861568.0,31964580.0,29386104.0,0.0,0.0,8.39,14.0,15.11,,,
10,43,disabled,Disabled,2000,write-heavy,1,251674.77250007846,2339.0,48944.0,7673.678552222223,11745.245444363532,1.5305886693627822,0,100,900,1790627195.866118,2300.0,2300.0,performance,,32861568.0,31944796.0,29366352.0,0.0,0.0,7.71,13.77,15.02,,,
10,44,disabled,Disabled,1000,write-heavy,1,272678.7071621888,2087.0,15716.0,3567.4370222222224,3603.6096817772827,1.0101396771210631,0,100,900,1790627206.2012641,2504.538125,3199.145,performance,,32861568.0,31944584.0,29365776.0,0.0,0.0,11.51,14.37,15.21,,,
10,45,thread_local,ThreadLocal,1500,read-heavy,1,287493.28185166576,2022.0,25878.0,5048.187777037037,6672.057753613681,1.3216738458032857,0,100,900,1790627212.2429304,2300.0,2300.0,performance,,32861568.0,31949032.0,29370124.0,0.0,0.0,11.55,14.33,15.19,,,
10,46,disabled,Disabled,750,mixed,1,295340.95004604745,1830.0,8780.0,2479.1228444444446,1888.1627433798774,0.7616253255102421,0,100,900,1790627220.0549617,2300.0,2300.0,performance,,32861568.0,31951020.0,29371940.0,0.0,0.0,12.87,14.55,15.25,,,
10,47,sharded_2key,Sharded-2key,250,mixed,1,310447.24434621824,772.0,1611.0,790.9175155555556,319.57567372851605,0.40405689271407774,0,100,900,1790627224.9565852,2683.946875,3161.719,performance,,32861568.0,31927756.0,29348548.0,0.0,0.0,11.84,14.3,15.17,,,
10,48,global_mutex,GlobalMutex,750,write-heavy,1,282222.9922231745,1958.0,8764.0,2590.232531851852,1888.0962472338647,0.7289292463190536,0,100,900,1790627228.0974429,2399.429,3095.432,performance,,32861568.0,31951780.0,29372624.0,0.0,0.0,11.84,14.3,15.17,,,
10,49,hdr_histogram,HdrHistogram,500,mixed,1,291729.91795376764,1577.0,4217.0,1677.8524844444444,831.9344260036327,0.4958328778701278,0,100,900,1790627233.1087794,2300.0,2300.0,performance,,32861568.0,31949424.0,29370104.0,0.0,0.0,11.61,14.22,15.14,,,
10,50,sharded_n,Sharded-N,2000,write-heavy,1,250333.1828968124,2351.0,45501.0,7710.658985,11772.216179444611,1.5267457946649954,0,100,900,1790627237.172536,2399.129625,3093.037,performance,,32861568.0,31935236.0,29355848.0,0.0,0.0,11.8,14.21,15.13,,,
10,51,global_mutex,GlobalMutex,250,mixed,1,299183.1565829275,805.0,1618.0,818.8795022222222,328.47530239029334,0.401127762386161,0,100,900,1790627247.534926,2300.0,2300.0,performance,,32861568.0,31955044.0,29375376.0,0.0,0.0,11.95,14.17,15.11,,,
10,52,sharded_2key,Sharded-2key,1000,mixed,1,275966.5648366498,2019.0,14239.0,3529.2071944444447,3385.3659900665066,0.9592426297315817,0,100,900,1790627250.705691,2387.997,3003.976,performance,,32861568.0,31964284.0,29384652.0,0.0,0.0,10.99,13.93,15.02,,,
10,53,thread_local,ThreadLocal,3000,mixed,1,236632.69802884196,2505.0,83463.0,12191.420877037037,20695.444303314536,1.6975416165227404,0,100,900,1790627256.6910107,2646.64375,2997.349,performance,,32861568.0,31923212.0,29343400.0,0.0,0.0,10.91,13.87,15.0,,,
10,54,hdr_histogram,HdrHistogram,1500,write-heavy,1,257117.54673643026,2241.0,29378.0,5646.219622222222,7467.164769590884,1.3225069638102351,0,100,900,1790627271.8011532,2300.0,2300.0,performance,,32861568.0,31954372.0,29374156.0,0.0,0.0,12.99,14.17,15.08,,,
10,55,hdr_histogram,HdrHistogram,1000,write-heavy,1,266444.0791250728,2106.0,15767.0,3652.408843333333,3593.7216621706184,0.9839319244695633,0,100,900,1790627280.0208468,2300.0,2300.0,performance,,32861568.0,31924480.0,29344096.0,0.0,0.0,11.51,13.82,14.95,,,
10,56,thread_local,ThreadLocal,250,read-heavy,1,300704.65163460333,788.0,1875.0,815.0317377777777,373.84280763625213,0.4586849693185594,0,100,900,1790627286.1429362,2517.054125,3197.78,performance,,32861568.0,31941720.0,29361276.0,0.0,0.0,12.43,13.97,15.0,,,
10,57,global_mutex,GlobalMutex,250,write-heavy,1,288555.50175142544,827.0,1847.0,850.89716,367.84124072191554,0.43229811781474925,0,100,900,1790627289.4790616,2300.0,2300.0,performance,,32861568.0,31956880.0,29376420.0,0.0,0.0,11.43,13.74,14.92,,,
10,58,hdr_histogram,HdrHistogram,3000,mixed,1,238286.089198844,2510.0,81421.0,12128.156142222222,20434.632675293098,1.6848919518898027,0,100,900,1790627292.6822953,2398.953,3091.624,performance,,32861568.0,31945916.0,29365460.0,0.0,0.0,11.43,13.74,14.92,,,
10,59,disabled,Disabled,750,read-heavy,1,299961.4814795565,1826.0,8470.0,2442.077026666667,1803.9630499495604,0.7387003072593065,0,100,900,1790627307.6712596,2404.45625,3135.65,performance,,32861568.0,31979584.0,29398592.0,0.0,0.0,12.94,13.97,14.97,,,
10,60,disabled,Disabled,3000,write-heavy,1,251211.68693768498,2336.0,74040.0,11461.880042592593,19387.912728089053,1.6915124443846168,0,100,900,1790627312.693731,2300.0,2300.0,performance,,32861568.0,31930956.0,29350020.0,0.0,0.0,12.95,13.95,14.96,,,
10,61,hdr_histogram,HdrHistogram,750,mixed,1,286851.52531180135,1923.0,8932.0,2555.0793733333335,1894.039213100673,0.7412839040807279,0,100,900,1790627327.0825937,2797.0985,3144.035,performance,,32861568.0,31949400.0,29368028.0,0.0,0.0,14.08,14.14,15.0,,,
10,62,thread_local,ThreadLocal,2000,mixed,1,260264.722939078,2210.0,41136.0,7417.198783333333,11232.46327459847,1.5143807794174466,0,100,900,1790627332.0415745,2412.54675,3200.374,performance,,32861568.0,31961228.0,29379724.0,0.0,0.0,13.67,14.05,14.97,,,
10,63,sharded_2key,Sharded-2key,100,write-heavy,1,283963.601431983,328.0,761.0,342.4288888888889,143.40688858491518,0.4187931954288114,0,100,900,1790627342.0943363,2401.9225,3115.38,performance,,32861568.0,31948300.0,29366464.0,0.0,0.0,13.6,14.02,14.95,,,
10,64,sharded_2key,Sharded-2key,750,read-heavy,1,296711.2453041077,1884.0,8119.0,2472.4585614814814,1753.1779634683387,0.7090828500752893,0,100,900,1790627344.770047,3003.908375,3302.857,performance,,32861568.0,31954692.0,29372824.0,0.0,0.0,12.51,13.78,14.87,,,
10,65,sharded_n,Sharded-N,1000,write-heavy,1,269474.64839397004,2137.0,14922.0,3602.3575833333334,3472.2990449050494,0.963896271977548,0,100,900,1790627349.8401759,2300.0,2300.0,performance,,32861568.0,31924604.0,29342744.0,0.0,0.0,11.51,13.56,14.79,,,
10,66,hdr_histogram,HdrHistogram,750,read-heavy,1,297199.2990800656,1821.0,8986.0,2461.2949155555557,1901.4190777090537,0.7725279346623407,0,100,900,1790627355.9152222,2387.193375,2997.547,performance,,32861568.0,31941432.0,29359448.0,0.0,0.0,10.59,13.33,14.71,,,
10,67,thread_local,ThreadLocal,250,write-heavy,1,300338.1719717204,793.0,1732.0,815.8689777777778,351.0787133755873,0.430312615062087,0,100,900,1790627360.9733036,2612.237875,3153.685,performance,,32861568.0,31918376.0,29336260.0,0.0,0.0,9.74,13.11,14.63,,,
10,68,thread_local,ThreadLocal,100,write-heavy,1,282073.28465147526,335.0,763.0,348.65878888888886,147.38428526495488,0.4227178260288271,0,100,900,1790627364.1441088,2300.0,2300.0,performance,,32861568.0,31951488.0,29369376.0,0.0,0.0,8.96,12.89,14.55,,,
10,69,global_mutex,GlobalMutex,1000,write-heavy,1,270503.8722154423,2110.0,14789.0,3582.8005211111113,3473.9343424276653,0.9696142227171264,0,100,900,1790627366.8218606,2300.0,2300.0,performance,,32861568.0,31959672.0,29377540.0,0.0,0.0,8.96,12.89,14.55,,,
10,70,sharded_2key,Sharded-2key,1500,read-heavy,1,267136.0458854845,2163.0,27846.0,5435.154867407407,7100.84639316778,1.3064662491493853,0,100,900,1790627372.892047,2300.0,2300.0,performance,,32861568.0,31940116.0,29357796.0,0.0,0.0,9.84,13.01,14.58,,,
10,71,sharded_2key,Sharded-2key,500,read-heavy,1,304587.00207390246,1508.0,4195.0,1610.79902,815.0988173879341,0.506021426178875,0,100,900,1790627381.0441456,2300.0,2300.0,performance,,32861568.0,31923572.0,29341120.0,0.0,0.0,9.29,12.79,14.5,,,
10,72,thread_local,ThreadLocal,1500,write-heavy,1,262539.7178471845,2191.0,28495.0,5528.434125185186,7212.462373319332,1.3046121578011454,0,100,900,1790627385.1992307,2667.064625,3076.503,performance,,32861568.0,31923264.0,29340808.0,0.0,0.0,8.54,12.58,14.42,,,
10,73,sharded_2key,Sharded-2key,1500,write-heavy,1,264275.19327773113,2178.0,28668.0,5483.942948888889,7231.679306970625,1.3187006820404372,0,100,900,1790627393.295052,2300.0,2300.0,performance,,32861568.0,31940220.0,29357448.0,0.0,0.0,8.58,12.52,14.39,,,
10,74,sharded_2key,Sharded-2key,750,write-heavy,1,278825.6626781161,1982.0,8741.0,2628.617894814815,1914.5505435351283,0.7283487445291121,0,100,900,1790627401.3532748,2411.9285,3195.428,performance,,32861568.0,31946672.0,29363612.0,0.0,0.0,9.3,12.54,14.37,,,
10,75,global_mutex,GlobalMutex,2000,read-heavy,1,259226.86814734348,2227.0,43952.0,7429.443488333333,11239.66819693227,1.512854659246314,0,100,900,1790627406.4057114,2388.576,3008.608,performance,,32861568.0,31929776.0,29346792.0,0.0,0.0,18.81,14.45,14.98,,,
10,76,sharded_2key,Sharded-2key,2000,write-heavy,1,253357.92372041964,2296.0,43530.0,7606.28544,11386.87347545599,1.4970347307208065,0,100,900,1790627416.6922264,2387.209375,2997.675,performance,,32861568.0,31954948.0,29371568.0,0.0,0.0,17.66,14.36,14.95,,,
10,77,thread_local,ThreadLocal,500,read-heavy,1,291771.51913864195,1537.0,4629.0,1678.6934377777777,901.9283507396451,0.5372799645500494,0,100,900,1790627426.9964097,2389.464,3015.712,performance,,32861568.0,31955476.0,29371828.0,0.0,0.0,17.01,14.33,14.93,,,
10,78,global_mutex,GlobalMutex,750,read-heavy,1,283301.5957900426,1916.0,9151.0,2583.3757007407407,1975.2247427885777,0.7645905867358799,0,100,900,1790627431.2255967,2670.44725,3093.506,performance,,32861568.0,31926456.0,29342840.0,0.0,0.0,24.22,15.87,15.43,,,
10,79,disabled,Disabled,1500,mixed,1,266524.60618231894,2168.0,28785.0,5433.606328148148,7245.768543883009,1.3335100311458288,0,100,900,1790627436.4016128,2386.86,2994.88,performance,,32861568.0,31958544.0,29374896.0,0.0,0.0,23.88,15.94,15.45,,,
10,80,sharded_2key,Sharded-2key,2000,mixed,1,250202.5261567948,2322.0,43199.0,7712.967364444445,11493.32466370466,1.4901300784296148,0,100,900,1790627444.43334,2389.998375,3019.987,performance,,32861568.0,31920856.0,29336920.0,0.0,0.0,24.92,16.46,15.63,,,
10,81,hdr_histogram,HdrHistogram,2000,write-heavy,1,245985.11698125824,2400.0,48552.0,7847.919012222223,11969.668596942554,1.525202869486954,0,100,900,1790627454.8019342,2694.733625,3175.163,performance,,32861568.0,31958760.0,29374628.0,0.0,0.0,22.79,16.29,15.58,,,
10,82,global_mutex,GlobalMutex,250,read-heavy,1,312172.92948460276,772.0,1566.0,785.0857022222223,312.1777178846919,0.39763520976252414,0,100,900,1790627465.3107705,2740.6715,3015.083,performance,,32861568.0,31933636.0,29349324.0,0.0,0.0,20.02,15.92,15.47,,,
10,83,sharded_2key,Sharded-2key,250,read-heavy,1,308504.14039841894,781.0,1616.0,794.6202311111111,337.35364940794165,0.42454701780776805,0,100,900,1790627468.626797,2300.0,2300.0,performance,,32861568.0,31941300.0,29356964.0,0.0,0.0,20.02,15.92,15.47,,,
10,84,global_mutex,GlobalMutex,3000,read-heavy,1,247101.64817017142,2374.0,67313.0,11703.539438148147,19772.081143534222,1.689410391448449,0,100,900,1790627471.9372623,2582.83525,3074.711,performance,,32861568.0,31936868.0,29352488.0,0.0,0.0,18.5,15.67,15.39,,,
10,85,sharded_2key,Sharded-2key,2000,read-heavy,1,264110.3439001359,2164.0,43755.0,7321.770181111111,11037.392632600722,1.5074759736484584,0,100,900,1790627486.7013469,2414.676,3217.408,performance,,32861568.0,31966620.0,29381620.0,0.0,0.0,17.58,15.62,15.38,,,
10,86,disabled,Disabled,3000,mixed,1,239933.62823745608,2473.0,82374.0,12037.725722592593,20328.714236615437,1.6887504089300012,0,100,900,1790627496.837959,2300.0,2300.0,performance,,32861568.0,31947112.0,29361952.0,0.0,0.0,17.34,15.63,15.38,,,
10,87,global_mutex,GlobalMutex,1500,read-heavy,1,271599.7069557459,2106.0,29102.0,5323.41902,7123.770607449197,1.3381946040101869,0,100,900,1790627511.751139,2300.0,2300.0,performance,,32861568.0,31941280.0,29355732.0,0.0,0.0,20.29,16.33,15.61,,,
10,88,disabled,Disabled,3000,read-heavy,1,252690.74461442177,2322.0,74946.0,11397.539511481482,19376.32873556141,1.7000448839016855,0,100,900,1790627519.8139884,2300.0,2300.0,performance,,32861568.0,31940312.0,29354608.0,0.0,0.0,18.5,16.08,15.54,,,
10,89,hdr_histogram,HdrHistogram,250,write-heavy,1,299521.71533833974,791.0,1825.0,819.70292,368.42951808145904,0.4494671289952939,0,100,900,1790627534.2456708,2709.083125,3187.339,performance,,32861568.0,31962604.0,29376576.0,0.0,0.0,17.52,16.01,15.53,,,
10,90,global_mutex,GlobalMutex,3000,mixed,1,239624.50947994273,2450.0,74421.0,12053.850064074075,20228.142831933514,1.6781478717926424,0,100,900,1790627537.4187038,2300.0,2300.0,performance,,32861568.0,31968456.0,29382504.0,0.0,0.0,17.52,16.01,15.53,,,
10,91,disabled,Disabled,500,write-heavy,1,294032.3926548403,1555.0,4365.0,1667.01792,843.5772202367001,0.5060396832666922,0,100,900,1790627552.3477077,2889.877125,3159.873,performance,,32861568.0,31957756.0,29371360.0,0.0,0.0,19.2,16.46,15.69,,,
10,92,sharded_n,Sharded-N,100,write-heavy,1,276595.5469444601,339.0,773.0,355.1682,149.09318519958788,0.4197819095279022,0,100,900,1790627556.3991866,2399.5455,3096.364,performance,,32861568.0,31944748.0,29358384.0,0.0,0.0,19.18,16.5,15.71,,,
10,93,global_mutex,GlobalMutex,3000,write-heavy,1,231643.95097605442,2574.0,75542.0,12492.205061481482,20727.793819053262,1.6592582107834133,0,100,900,1790627559.0810847,2300.0,2300.0,performance,,32861568.0,31966740.0,29380428.0,0.0,0.0,19.18,16.5,15.71,,,
10,94,thread_local,ThreadLocal,1000,mixed,1,302194.26154371805,1924.0,13553.0,3215.7287444444446,3092.692009415474,0.9617390816182704,0,100,900,1790627574.4608126,2300.0,2300.0,performance,,32861568.0,31960588.0,29373684.0,0.0,0.0,16.3,16.03,15.57,,,
10,95,disabled,Disabled,1000,read-heavy,1,287722.3590641129,1941.0,13922.0,3382.817036666667,3302.69339283834,0.9763145204248829,0,100,900,1790627580.1656768,2408.42525,3167.402,performance,,32861568.0,31946244.0,29359300.0,0.0,0.0,14.99,15.77,15.48,,,
10,96,sharded_n,Sharded-N,100,read-heavy,1,280391.3208567794,335.0,789.0,349.1397333333333,146.08948417744395,0.4184269798876437,0,100,900,1790627586.161466,2387.590625,3000.725,performance,,32861568.0,31953756.0,29366720.0,0.0,0.0,18.84,16.55,15.74,,,
10,97,disabled,Disabled,100,write-heavy,1,284532.3968508018,331.0,765.0,345.6933,145.97176480843578,0.4222580096531688,0,100,900,1790627589.0085003,2386.5495,2992.396,performance,,32861568.0,31969404.0,29382372.0,0.0,0.0,18.84,16.55,15.74,,,
10,98,sharded_n,Sharded-N,750,read-heavy,1,281130.86985679524,2004.0,8780.0,2603.1371792592595,1887.233563532829,0.724984291480887,0,100,900,1790627591.6788068,2300.0,2300.0,performance,,32861568.0,31977444.0,29390408.0,0.0,0.0,17.33,16.27,15.65,,,
10,99,thread_local,ThreadLocal,1000,read-heavy,1,287831.52810787753,1967.0,14170.0,3376.877911111111,3304.025463045193,0.9784260935741242,0,100,900,1790627596.8655946,2733.39825,3029.321,performance,,32861568.0,31919968.0,29332784.0,0.0,0.0,16.74,16.17,15.62,,,
10,100,sharded_n,Sharded-N,3000,write-heavy,1,231765.0889873184,2578.0,82458.0,12455.66036,20872.951202837987,1.6757803761147183,0,100,900,1790627602.8862092,2648.4595,3000.936,performance,,32861568.0,31942288.0,29354888.0,0.0,0.0,16.28,16.08,15.6,,,
10,101,hdr_histogram,HdrHistogram,2000,read-heavy,1,257284.35342964384,2262.0,43920.0,7486.069006111111,11238.47189280298,1.5012514423295678,0,100,900,1790627618.2124743,2389.762375,3018.099,performance,,32861568.0,31952964.0,29365152.0,0.0,0.0,17.24,16.28,15.67,,,
10,102,sharded_n,Sharded-N,1000,mixed,1,267755.0284206909,2148.0,15371.0,3618.6775055555554,3592.933652386883,0.9928858393351855,0,100,900,1790627628.563874,2300.0,2300.0,performance,,32861568.0,31935272.0,29347296.0,0.0,0.0,23.29,17.61,16.11,,,
10,103,disabled,Disabled,100,read-heavy,1,284628.5920875472,331.0,731.0,345.0841888888889,139.28798234205283,0.40363478486376303,0,100,900,1790627634.668725,2410.5995,3184.796,performance,,32861568.0,31948488.0,29360404.0,0.0,0.0,23.68,17.91,16.22,,,
10,104,sharded_2key,Sharded-2key,1500,mixed,1,264684.1573368013,2169.0,29011.0,5468.439322962963,7218.654660522482,1.3200575583256542,0,100,900,1790627637.5138383,2300.0,2300.0,performance,,32861568.0,31973408.0,29385276.0,0.0,0.0,23.68,17.91,16.22,,,
10,105,sharded_n,Sharded-N,1500,mixed,1,263564.56751759525,2196.0,28796.0,5497.3513111111115,7204.469159957972,1.3105346106217508,0,100,900,1790627645.5748086,2300.0,2300.0,performance,,32861568.0,31945508.0,29357120.0,0.0,0.0,22.33,17.83,16.21,,,
10,106,sharded_2key,Sharded-2key,1000,write-heavy,1,274892.8037643689,2071.0,15489.0,3532.7205733333335,3583.9906560190952,1.0145129176286325,0,100,900,1790627653.653358,2387.5635,3000.508,performance,,32861568.0,31932152.0,29343584.0,0.0,0.0,22.38,17.91,16.25,,,
10,107,hdr_histogram,HdrHistogram,3000,read-heavy,1,244584.02794125327,2406.0,81649.0,11811.134697407408,19611.059238596685,1.6603874006196366,0,100,900,1790627659.6595755,2409.84875,3178.79,performance,,32861568.0,31932020.0,29343456.0,0.0,0.0,20.78,17.73,16.21,,,
10,108,global_mutex,GlobalMutex,100,write-heavy,1,271783.50040418736,346.0,840.0,361.3680444444444,150.62979129234583,0.4168320735828184,0,100,900,1790627674.500655,2399.555125,3096.441,performance,,32861568.0,31947172.0,29358132.0,0.0,0.0,19.06,17.51,16.16,,,
10,109,thread_local,ThreadLocal,2000,write-heavy,1,256537.96590656324,2267.0,44681.0,7520.892566111111,11378.032697128807,1.5128566984719127,0,100,900,1790627677.1878932,2300.0,2300.0,performance,,32861568.0,31960576.0,29371512.0,0.0,0.0,19.06,17.51,16.16,,,
10,110,disabled,Disabled,250,mixed,1,304578.2909156398,782.0,1683.0,805.2961333333334,338.5332947579615,0.42038360889264775,0,100,900,1790627687.3523347,2391.5945,3032.756,performance,,32861568.0,31958316.0,29369080.0,0.0,0.0,17.57,17.25,16.09,,,
10,111,thread_local,ThreadLocal,500,write-heavy,1,286273.2519604159,1588.0,4435.0,1710.5572444444444,862.1141146998575,0.5039960618095861,0,100,900,1790627690.5077643,2578.68625,3134.002,performance,,32861568.0,31970328.0,29381124.0,0.0,0.0,16.17,16.96,16.01,,,
10,112,sharded_n,Sharded-N,1500,write-heavy,1,264327.99293841224,2195.0,28346.0,5494.082158518519,7228.479318819438,1.315684605773824,0,100,900,1790627694.600497,2411.542,3192.336,performance,,32861568.0,31959124.0,29369812.0,0.0,0.0,14.87,16.68,15.92,,,
10,113,sharded_n,Sharded-N,500,mixed,1,299880.3323535339,1534.0,4025.0,1631.8236288888888,815.2632915693625,0.49960257783770207,0,100,900,1790627702.6740546,2544.952375,2977.055,performance,,32861568.0,31946508.0,29356928.0,0.0,0.0,15.04,16.68,15.92,,,
10,114,global_mutex,GlobalMutex,2000,write-heavy,1,262260.24341201934,2207.0,43303.0,7348.259290555556,11099.608178569108,1.5105085081626095,0,100,900,1790627706.684167,2752.246125,3078.69,performance,,32861568.0,31939760.0,29350184.0,0.0,0.0,15.44,16.74,15.95,,,
10,115,thread_local,ThreadLocal,750,read-heavy,1,295532.5903975591,1837.0,8618.0,2475.4868488888887,1847.3710962342639,0.7462657687167469,0,100,900,1790627716.7281134,2607.932625,3164.796,performance,,32861568.0,31972964.0,29383044.0,0.0,0.0,16.06,16.82,15.98,,,
10,116,sharded_2key,Sharded-2key,3000,read-heavy,1,247609.05164425293,2350.0,80066.0,11657.169375925925,19722.42686131049,1.6918710044687795,0,100,900,1790627721.7950563,2300.0,2300.0,performance,,32861568.0,31940208.0,29350284.0,0.0,0.0,15.57,16.7,15.95,,,
10,117,hdr_histogram,HdrHistogram,1500,mixed,1,266371.3012767554,2148.0,27036.0,5439.7293103703705,7142.545292710073,1.3130332200709753,0,100,900,1790627736.464738,2300.0,2300.0,performance,,32861568.0,31957752.0,29367372.0,0.0,0.0,20.67,17.71,16.29,,,
10,118,global_mutex,GlobalMutex,750,mixed,1,286398.66165285936,1961.0,8657.0,2557.1387051851852,1844.6842044788868,0.7213860557264127,0,100,900,1790627744.48631,2400.0665,3100.532,performance,,32861568.0,31946848.0,29356280.0,0.0,0.0,18.37,17.32,16.18,,,
10,119,global_mutex,GlobalMutex,1500,mixed,1,270763.2919548732,2098.0,26963.0,5367.769613333333,6961.9011894903,1.296982115662566,0,100,900,1790627749.4702172,3023.626125,3215.192,performance,,32861568.0,31973060.0,29382492.0,0.0,0.0,16.9,17.04,16.09,,,
10,120,thread_local,ThreadLocal,750,write-heavy,1,279453.6805905306,1968.0,9034.0,2627.4170207407406,1949.373905531922,0.7419354788918663,0,100,900,1790627757.3933375,2403.423,3127.384,performance,,32861568.0,31916748.0,29325920.0,0.0,0.0,17.87,17.24,16.16,,,
10,121,sharded_n,Sharded-N,2000,mixed,1,258222.8301583353,2246.0,44339.0,7479.968782222222,11212.12289624014,1.4989531671426486,0,100,900,1790627762.4300728,2697.089625,3150.173,performance,,32861568.0,31932452.0,29341556.0,0.0,0.0,17.32,17.13,16.13,,,
10,122,sharded_2key,Sharded-2key,3000,mixed,1,239136.40110296264,2477.0,78880.0,12068.533302962964,20380.24497105649,1.6887093451573694,0,100,900,1790627772.5564075,2397.4165,3079.332,performance,,32861568.0,31961336.0,29370128.0,0.0,0.0,16.88,17.04,16.11,,,
10,123,hdr_histogram,HdrHistogram,750,write-heavy,1,276110.645900124,1967.0,9590.0,2645.615734814815,2020.862180455413,0.7638532511966887,0,100,900,1790627787.5316215,2401.21025,3109.682,performance,,32861568.0,31960428.0,29368944.0,0.0,0.0,21.59,18.09,16.47,,,
10,124,sharded_2key,Sharded-2key,100,mixed,1,280220.9821419745,335.0,779.0,349.6393,145.48950526458395,0.41611313506400444,0,100,900,1790627792.6004841,2388.473375,3007.787,performance,,32861568.0,31941304.0,29349716.0,0.0,0.0,21.06,18.03,16.46,,,
10,125,global_mutex,GlobalMutex,1000,mixed,1,275393.6940583265,2080.0,15478.0,3535.527717777778,3504.7381271485583,0.991291373427961,0,100,900,1790627795.2779284,2860.68225,3185.59,performance,,32861568.0,31952028.0,29360408.0,0.0,0.0,19.38,17.73,16.37,,,
10,126,hdr_histogram,HdrHistogram,500,read-heavy,1,299253.62972657714,1511.0,4234.0,1632.3095155555557,838.9378849802708,0.5139576023942608,0,100,900,1790627801.2631474,2703.493375,3139.432,performance,,32861568.0,31938316.0,29346572.0,0.0,0.0,19.19,17.72,16.37,,,
10,127,thread_local,ThreadLocal,1500,mixed,1,265555.96746302303,2157.0,28698.0,5470.902678518519,7167.375509793107,1.3100901132706644,0,100,900,1790627805.4481483,2300.0,2300.0,performance,,32861568.0,31920408.0,29328636.0,0.0,0.0,17.65,17.43,16.29,,,
10,128,sharded_n,Sharded-N,250,write-heavy,1,297509.06095910014,800.0,1766.0,825.5924888888889,354.16608729630195,0.4289841441907387,0,100,900,1790627813.4692268,2300.0,2300.0,performance,,32861568.0,31929364.0,29337320.0,0.0,0.0,17.52,17.4,16.28,,,
10,129,hdr_histogram,HdrHistogram,100,mixed,1,293888.12811411615,322.0,689.0,333.2897,132.68020046912753,0.3980927117433498,0,100,900,1790627816.6514702,2388.145875,3005.167,performance,,32861568.0,31962796.0,29370756.0,0.0,0.0,18.2,17.55,16.34,,,
10,130,sharded_2key,Sharded-2key,750,mixed,1,281903.4625626806,1926.0,9332.0,2596.964568888889,1989.6905930689231,0.7661600843172889,0,100,900,1790627819.315776,2300.0,2300.0,performance,,32861568.0,31969644.0,29377568.0,0.0,0.0,16.74,17.26,16.25,,,
10,131,hdr_histogram,HdrHistogram,250,read-heavy,1,296852.5879800585,806.0,1772.0,827.8657155555555,365.8140131853448,0.4418760268866287,0,100,900,1790627824.3348565,2300.0,2300.0,performance,,32861568.0,31945944.0,29353848.0,0.0,0.0,15.4,16.97,16.16,,,
10,132,sharded_2key,Sharded-2key,3000,write-heavy,1,241009.54384073918,2454.0,84850.0,11979.655900740741,20229.32764059932,1.6886401252433698,0,100,900,1790627827.6753256,2399.335875,3094.687,performance,,32861568.0,31944068.0,29351904.0,0.0,0.0,15.4,16.97,16.16,,,
10,133,global_mutex,GlobalMutex,500,write-heavy,1,293187.4604012465,1578.0,4143.0,1673.2229066666666,814.5284777278215,0.4868021316720408,0,100,900,1790627842.5484874,2379.935625,2939.485,performance,,32861568.0,31956996.0,29364312.0,0.0,0.0,17.25,17.29,16.28,,,
10,134,hdr_histogram,HdrHistogram,500,write-heavy,1,289776.02846929705,1561.0,4513.0,1692.3955,878.5390426469021,0.5191097723002112,0,100,900,1790627846.599038,2300.0,2300.0,performance,,32861568.0,31955384.0,29362740.0,0.0,0.0,17.39,17.31,16.29,,,
10,135,disabled,Disabled,750,write-heavy,1,281171.4077881783,1953.0,8868.0,2605.019305185185,1919.81872137941,0.7369690956063506,0,100,900,1790627850.6787534,2571.458125,3060.441,performance,,32861568.0,31949188.0,29356504.0,0.0,0.0,16.0,17.03,16.2,,,
10,136,thread_local,ThreadLocal,100,read-heavy,1,301852.9261998305,313.0,654.0,324.7792888888889,130.32083654133135,0.40125968927136774,0,100,900,1790627855.6997185,2300.0,2300.0,performance,,32861568.0,31922248.0,29329452.0,0.0,0.0,14.72,16.74,16.12,,,
10,137,thread_local,ThreadLocal,1000,write-heavy,1,279200.76298569894,2059.0,14881.0,3481.6896177777776,3482.937034061665,1.0003582790026768,0,100,900,1790627858.5214953,2597.8585,3097.463,performance,,32861568.0,31945432.0,29352604.0,0.0,0.0,14.72,16.74,16.12,,,
10,138,sharded_n,Sharded-N,250,read-heavy,1,323697.9963469516,749.0,1460.0,758.4290044444444,305.7284356185226,0.4031075207131236,0,100,900,1790627864.4717345,2802.9085,3155.715,performance,,32861568.0,31940696.0,29347760.0,0.0,0.0,13.34,16.39,16.01,,,
10,139,sharded_n,Sharded-N,500,write-heavy,1,281036.16994150024,1609.0,4582.0,1737.8316666666667,904.381130185425,0.5204077860545133,0,100,900,1790627867.751678,2398.13675,3085.094,performance,,32861568.0,31962836.0,29369900.0,0.0,0.0,13.34,16.39,16.01,,,
10,140,sharded_2key,Sharded-2key,250,write-heavy,1,301022.0755047464,795.0,1675.0,816.7839155555556,344.01775845253394,0.4211857651708798,0,100,900,1790627871.8737576,2728.006625,3016.62,performance,,32861568.0,31949076.0,29356004.0,0.0,0.0,14.19,16.51,16.05,,,
10,141,disabled,Disabled,250,write-heavy,1,307493.31021654204,778.0,1638.0,796.5531511111111,326.677893173156,0.41011436928907175,0,100,900,1790627875.0428534,2688.121375,3112.262,performance,,32861568.0,31964216.0,29371164.0,0.0,0.0,13.06,16.24,15.96,,,
10,142,thread_local,ThreadLocal,3000,read-heavy,1,242835.7281379122,2443.0,82826.0,11861.924044444444,20129.839956833464,1.697013054662183,0,100,900,1790627878.1898909,2300.0,2300.0,performance,,32861568.0,31970848.0,29377744.0,0.0,0.0,13.06,16.24,15.96,,,
10,143,sharded_n,Sharded-N,1000,read-heavy,1,277770.1819635426,2066.0,14592.0,3495.0794066666667,3410.8684917762844,0.9759058650485152,0,100,900,1790627893.1215453,2656.7805,3186.927,performance,,32861568.0,31950072.0,29356444.0,0.0,0.0,15.27,16.57,16.08,,,
10,144,global_mutex,GlobalMutex,500,mixed,1,294244.6338115724,1570.0,4194.0,1665.1753111111111,835.7814956958537,0.5019180203543655,0,100,900,1790627899.246828,2300.0,2300.0,performance,,32861568.0,31935104.0,29341348.0,0.0,0.0,13.88,16.24,15.97,,,
11,1,global_mutex,GlobalMutex,750,read-heavy,1,282964.5860627337,1969.0,8873.0,2586.2591466666668,1889.9684707061706,0.7307730445891629,0,100,900,1790627903.2894585,2383.3265,2966.612,performance,,32861568.0,31950084.0,29356388.0,0.0,0.0,13.88,16.24,15.97,,,
11,2,sharded_n,Sharded-N,250,mixed,1,288574.26296799385,829.0,1874.0,851.1005422222222,372.9773182475996,0.4382294449886689,0,100,900,1790627908.4557364,2824.44075,3015.477,performance,,32861568.0,31948896.0,29355056.0,0.0,0.0,13.65,16.15,15.95,,,
11,3,global_mutex,GlobalMutex,750,write-heavy,1,279236.5625550738,1962.0,9051.0,2626.775694814815,1963.3089310925375,0.7474216146312215,0,100,900,1790627911.6575606,2387.78375,3002.27,performance,,32861568.0,31971820.0,29377988.0,0.0,0.0,13.36,16.05,15.92,,,
11,4,sharded_n,Sharded-N,1000,mixed,1,271165.083041943,2119.0,15409.0,3582.644096666667,3578.7601969709567,0.9989159124962137,0,100,900,1790627916.7029114,2300.0,2300.0,performance,,32861568.0,31957292.0,29363356.0,0.0,0.0,13.17,15.96,15.89,,,
11,5,hdr_histogram,HdrHistogram,1000,mixed,1,272239.1549346955,2090.0,15149.0,3576.8413277777777,3486.3964572813957,0.9747137593736724,0,100,900,1790627922.7494953,2387.831,3002.648,performance,,32861568.0,31939856.0,29345600.0,0.0,0.0,13.24,15.93,15.88,,,
11,6,thread_local,ThreadLocal,250,mixed,1,308400.8574497824,781.0,1608.0,795.4742044444445,332.45812750673684,0.4179370313320519,0,100,900,1790627928.787005,2300.0,2300.0,performance,,32861568.0,31926048.0,29331712.0,0.0,0.0,12.66,15.77,15.83,,,
11,7,thread_local,ThreadLocal,2000,read-heavy,1,260015.3991808917,2202.0,43574.0,7412.525307777778,11215.647260089569,1.5130669770963574,0,100,900,1790627931.9386601,2667.5775,3081.157,performance,,32861568.0,31926376.0,29332056.0,0.0,0.0,12.36,15.65,15.79,,,
11,8,sharded_2key,Sharded-2key,1000,read-heavy,1,292843.41997509496,1957.0,13449.0,3319.8975111111113,3195.1193587609614,0.9624150589189758,0,100,900,1790627942.2002077,2300.0,2300.0,performance,,32861568.0,31941436.0,29346760.0,0.0,0.0,13.24,15.73,15.81,,,
11,9,thread_local,ThreadLocal,100,mixed,1,280437.69905915804,333.0,828.0,349.99365555555556,155.9560556933561,0.4455968078787094,0,100,900,1790627948.1688812,2393.686625,3049.493,performance,,32861568.0,31936628.0,29341960.0,0.0,0.0,12.58,15.55,15.75,,,
11,10,disabled,Disabled,750,read-heavy,1,285521.0306989086,1907.0,8755.0,2562.23737037037,1893.011057626234,0.7388117430168464,0,100,900,1790627950.8460732,2300.0,2300.0,performance,,32861568.0,31960416.0,29365716.0,0.0,0.0,11.57,15.3,15.67,,,
11,11,global_mutex,GlobalMutex,250,read-heavy,1,317730.93276231806,754.0,1549.0,772.7809022222223,310.81978319044117,0.4022094519890986,0,100,900,1790627956.0156217,2400.981375,3107.851,performance,,32861568.0,31943840.0,29348928.0,0.0,0.0,10.64,15.04,15.58,,,
11,12,thread_local,ThreadLocal,100,read-heavy,1,287618.4449107919,325.0,762.0,340.99303333333336,146.31737640434287,0.4290919816573267,0,100,900,1790627959.3111668,2300.0,2300.0,performance,,32861568.0,31956516.0,29361636.0,0.0,0.0,9.79,14.79,15.5,,,
11,13,global_mutex,GlobalMutex,1500,mixed,1,264676.5408824899,2199.0,28290.0,5488.454642962963,7185.578780333044,1.3092171198947693,0,100,900,1790627962.1414776,2399.98125,3099.85,performance,,32861568.0,31970472.0,29375568.0,0.0,0.0,9.79,14.79,15.5,,,
11,14,global_mutex,GlobalMutex,500,write-heavy,1,286180.43912626785,1594.0,4384.0,1714.84824,874.8896270652444,0.5101848703913557,0,100,900,1790627970.1751528,2300.0,2300.0,performance,,32861568.0,31963724.0,29368460.0,0.0,0.0,9.46,14.57,15.42,,,
11,15,sharded_2key,Sharded-2key,250,mixed,1,313686.8800566979,772.0,1529.0,782.4915511111111,308.24651452189994,0.3939295115508921,0,100,900,1790627974.264944,2660.68075,3047.752,performance,,32861568.0,31951808.0,29356640.0,0.0,0.0,8.71,14.32,15.34,,,
11,16,sharded_2key,Sharded-2key,100,mixed,1,283348.07829508104,332.0,758.0,346.2058666666667,144.2458869268521,0.41664772557345103,0,100,900,1790627977.3982446,2387.411875,2999.295,performance,,32861568.0,31929416.0,29334232.0,0.0,0.0,8.71,14.32,15.34,,,
11,17,sharded_n,Sharded-N,750,read-heavy,1,289355.80742313905,1878.0,8960.0,2529.1742933333335,1905.59305138423,0.753444733487603,0,100,900,1790627980.0724685,2387.5955,3000.764,performance,,32861568.0,31938984.0,29343808.0,0.0,0.0,8.01,14.09,15.25,,,
11,18,sharded_2key,Sharded-2key,750,write-heavy,1,278841.91137769126,1984.0,8919.0,2628.106922962963,1938.6721406630945,0.7376686708307171,0,100,900,1790627985.1950688,2692.594,3206.125,performance,,32861568.0,31943216.0,29347852.0,0.0,0.0,7.37,13.85,15.17,,,
11,19,hdr_histogram,HdrHistogram,1500,mixed,1,261762.05896665386,2223.0,28874.0,5538.6430666666665,7289.825320554096,1.3161753217907481,0,100,900,1790627990.2442386,2300.0,2300.0,performance,,32861568.0,31959200.0,29363764.0,0.0,0.0,6.78,13.62,15.09,,,
11,20,disabled,Disabled,1500,mixed,1,268603.8892223975,2131.0,26874.0,5415.4311940740745,7017.3044089756495,1.2957979074047605,0,100,900,1790627998.3618207,2389.823625,3018.589,performance,,32861568.0,31926700.0,29331024.0,0.0,0.0,7.43,13.64,15.09,,,
11,21,global_mutex,GlobalMutex,1500,read-heavy,1,269975.5475587261,2120.0,28176.0,5372.396116296296,7054.3971015668885,1.3130820864397013,0,100,900,1790628006.3324647,2387.753125,3002.025,performance,,32861568.0,31939444.0,29343592.0,0.0,0.0,9.01,13.77,15.12,,,
11,22,global_mutex,GlobalMutex,3000,read-heavy,1,243559.50537067858,2418.0,80115.0,11853.363385555556,19944.672201415015,1.6826171233153522,0,100,900,1790628014.4352562,2389.47425,3015.794,performance,,32861568.0,31934180.0,29338084.0,0.0,0.0,8.73,13.56,15.03,,,
11,23,sharded_n,Sharded-N,750,mixed,1,278910.9218053938,1977.0,9090.0,2623.1617051851854,1967.4560463516864,0.7500323149970625,0,100,900,1790628029.3552084,2300.0,2300.0,performance,,32861568.0,31955120.0,29358604.0,0.0,0.0,9.04,13.42,14.96,,,
11,24,thread_local,ThreadLocal,1500,mixed,1,264044.66697878623,2144.0,27766.0,5503.420057037037,7154.164221312518,1.29994878587629,0,100,900,1790628034.3984883,2484.44375,3053.989,performance,,32861568.0,31949160.0,29352712.0,0.0,0.0,8.32,13.19,14.88,,,
11,25,disabled,Disabled,750,write-heavy,1,277768.49288009416,1966.0,9070.0,2638.821205925926,1963.0005908421538,0.7438929876847659,0,100,900,1790628042.4642613,2492.363625,3100.991,performance,,32861568.0,31937452.0,29340824.0,0.0,0.0,9.89,13.44,14.95,,,
11,26,thread_local,ThreadLocal,500,write-heavy,1,286011.9927828522,1603.0,4484.0,1714.326791111111,876.240832743821,0.5111282383774104,0,100,900,1790628047.5204856,2741.682,3053.44,performance,,32861568.0,31936008.0,29339284.0,0.0,0.0,10.14,13.43,14.94,,,
11,27,hdr_histogram,HdrHistogram,2000,write-heavy,1,250865.48627607676,2319.0,42635.0,7684.168434444445,11657.959704109422,1.5171400527677628,0,100,900,1790628051.6176937,2760.464875,3094.619,performance,,32861568.0,31954864.0,29358096.0,0.0,0.0,11.33,13.62,15.0,,,
11,28,global_mutex,GlobalMutex,3000,write-heavy,1,236600.88267280458,2512.0,83612.0,12230.311171851852,20301.571147402617,1.6599390532374048,0,100,900,1790628061.9942904,2572.400125,3045.926,performance,,32861568.0,31935556.0,29338380.0,0.0,0.0,12.09,13.7,15.01,,,
11,29,global_mutex,GlobalMutex,750,mixed,1,291532.4048907889,1870.0,8806.0,2501.6094177777777,1884.21267643906,0.7532001850683941,0,100,900,1790628077.077309,2868.64175,3158.642,performance,,32861568.0,31961032.0,29363444.0,0.0,0.0,12.7,13.77,15.01,,,
11,30,sharded_2key,Sharded-2key,2000,mixed,1,259908.5049288269,2228.0,40916.0,7432.580504444444,11120.35998154477,1.4961640812225516,0,100,900,1790628082.0082455,2300.0,2300.0,performance,,32861568.0,31949272.0,29351768.0,0.0,0.0,13.37,13.89,15.04,,,
11,31,disabled,Disabled,1500,read-heavy,1,279116.50755656,2053.0,26294.0,5186.072311111111,6722.863575580489,1.296330473675968,0,100,900,1790628092.1132908,2475.601375,3003.942,performance,,32861568.0,31953036.0,29355180.0,0.0,0.0,13.37,13.87,15.02,,,
11,32,hdr_histogram,HdrHistogram,1000,read-heavy,1,279683.4009756133,2036.0,14790.0,3476.16062,3449.5531052592987,0.9923457176899089,0,100,900,1790628100.0333884,2388.83325,3010.666,performance,,32861568.0,31954776.0,29356800.0,0.0,0.0,12.42,13.66,14.94,,,
11,33,global_mutex,GlobalMutex,500,read-heavy,1,294536.2280856505,1546.0,4333.0,1667.2522466666667,849.6154763900663,0.5095902423215806,0,100,900,1790628106.150614,2569.69175,3062.585,performance,,32861568.0,31932900.0,29334816.0,0.0,0.0,11.43,13.43,14.86,,,
11,34,disabled,Disabled,100,write-heavy,1,292404.75529146363,324.0,684.0,335.6030666666667,134.83178439834256,0.40175969110634635,0,100,900,1790628110.368685,2399.00025,3092.002,performance,,32861568.0,31958312.0,29360216.0,0.0,0.0,10.51,13.21,14.78,,,
11,35,global_mutex,GlobalMutex,100,write-heavy,1,278886.3259614267,337.0,786.0,352.0708,150.2812393596787,0.4268494841369369,0,100,900,1790628113.0325053,2393.874125,3050.993,performance,,32861568.0,31971764.0,29373640.0,0.0,0.0,10.51,13.21,14.78,,,
11,36,disabled,Disabled,2000,read-heavy,1,264898.10804133327,2172.0,43099.0,7274.267104444444,11189.880768445135,1.5382829098492028,0,100,900,1790628115.7125046,2457.606375,3023.83,performance,,32861568.0,31969248.0,29371096.0,0.0,0.0,9.67,12.99,14.7,,,
11,37,sharded_n,Sharded-N,750,write-heavy,1,274615.7576928619,2012.0,9135.0,2665.4029244444446,1964.4816744332488,0.7370299088430353,0,100,900,1790628125.813266,2379.53625,2936.29,performance,,32861568.0,31944068.0,29345572.0,0.0,0.0,9.95,12.96,14.67,,,
11,38,thread_local,ThreadLocal,3000,mixed,1,243155.08940282557,2400.0,76126.0,11863.919728148148,19651.490108474238,1.6564078785740115,0,100,900,1790628130.894867,2300.0,2300.0,performance,,32861568.0,31934000.0,29335392.0,0.0,0.0,9.15,12.74,14.59,,,
11,39,sharded_2key,Sharded-2key,1000,write-heavy,1,278683.00011339644,2076.0,14490.0,3489.5255355555555,3428.759429913125,0.9825861410030473,0,100,900,1790628145.6771374,2406.07275,3148.582,performance,,32861568.0,31958768.0,29359712.0,0.0,0.0,12.57,13.39,14.78,,,
11,40,sharded_n,Sharded-N,250,write-heavy,1,286743.66671238677,845.0,1761.0,857.2430266666667,352.3500478824093,0.4110270214183011,0,100,900,1790628151.6395442,2388.427125,3007.417,performance,,32861568.0,31941728.0,29342668.0,0.0,0.0,13.56,13.58,14.83,,,
11,41,sharded_n,Sharded-N,500,write-heavy,1,280012.87929816596,1642.0,4401.0,1750.8817088888889,881.9143639671198,0.5036972854818293,0,100,900,1790628154.8387277,2300.0,2300.0,performance,,32861568.0,31954392.0,29355336.0,0.0,0.0,12.48,13.36,14.75,,,
11,42,disabled,Disabled,3000,write-heavy,1,240101.28434713132,2469.0,78467.0,12021.710593333333,20338.35403414013,1.6918020007417922,0,100,900,1790628158.9724326,2390.928375,3027.427,performance,,32861568.0,31970592.0,29371444.0,0.0,0.0,12.48,13.36,14.75,,,
11,43,global_mutex,GlobalMutex,1500,write-heavy,1,255916.94332757394,2279.0,30152.0,5675.497087407407,7497.136897944725,1.3209656850285605,0,100,900,1790628173.886135,2300.0,2300.0,performance,,32861568.0,31963664.0,29364100.0,0.0,0.0,11.73,13.13,14.66,,,
11,44,sharded_n,Sharded-N,100,mixed,1,285067.58771962026,330.0,742.0,343.8770222222222,141.5581140804665,0.4116533089814533,0,100,900,1790628182.116651,2572.515375,3032.79,performance,,32861568.0,31946896.0,29347152.0,0.0,0.0,19.2,14.73,15.16,,,
11,45,sharded_2key,Sharded-2key,3000,write-heavy,1,240706.05586317982,2455.0,80160.0,11991.878215185185,20011.508243488122,1.668755126127596,0,100,900,1790628184.788903,2300.0,2300.0,performance,,32861568.0,31973516.0,29373776.0,0.0,0.0,17.74,14.5,15.09,,,
11,46,thread_local,ThreadLocal,2000,write-heavy,1,258733.42597981272,2247.0,45691.0,7455.524552222222,11297.650788304896,1.515339492100187,0,100,900,1790628199.6787293,2300.0,2300.0,performance,,32861568.0,31965524.0,29365444.0,0.0,0.0,19.05,15.0,15.25,,,
11,47,hdr_histogram,HdrHistogram,500,read-heavy,1,289115.96988045337,1568.0,4484.0,1699.0625066666666,891.9273698136927,0.5249526526034259,0,100,900,1790628209.805963,2300.0,2300.0,performance,,32861568.0,31950012.0,29349612.0,0.0,0.0,17.22,14.75,15.16,,,
11,48,hdr_histogram,HdrHistogram,750,read-heavy,1,289340.7979121264,1874.0,8781.0,2537.5710725925924,1895.1816933710813,0.746848714442038,0,100,900,1790628214.0498781,2390.7205,3025.764,performance,,32861568.0,31953220.0,29352828.0,0.0,0.0,17.22,14.75,15.16,,,
11,49,hdr_histogram,HdrHistogram,3000,read-heavy,1,247046.71766541852,2374.0,76163.0,11678.92244074074,19672.2752202764,1.6844255384085483,0,100,900,1790628219.1768346,2300.0,2300.0,performance,,32861568.0,31931904.0,29331344.0,0.0,0.0,15.84,14.51,15.08,,,
11,50,disabled,Disabled,100,read-heavy,1,286669.33324356977,329.0,768.0,342.26748888888886,141.46411883385122,0.4133145081733868,0,100,900,1790628233.9503639,2781.24075,3173.656,performance,,32861568.0,31970088.0,29369096.0,0.0,0.0,15.68,14.52,15.08,,,
11,51,disabled,Disabled,1500,write-heavy,1,259807.56672067457,2235.0,28637.0,5585.984141481482,7436.548920860417,1.3312871523634757,0,100,900,1790628236.7926679,2394.676875,3057.415,performance,,32861568.0,31974108.0,29373084.0,0.0,0.0,14.42,14.28,14.99,,,
11,52,sharded_2key,Sharded-2key,1500,write-heavy,1,264729.87409472093,2196.0,28123.0,5495.381251851852,7258.304291591889,1.3208008614772562,0,100,900,1790628244.9447036,2388.33775,3006.702,performance,,32861568.0,31935712.0,29334604.0,0.0,0.0,13.38,14.07,14.92,,,
11,53,sharded_n,Sharded-N,1500,write-heavy,1,256105.54917836929,2260.0,29949.0,5666.264125925926,7555.324324589827,1.333387247167058,0,100,900,1790628252.99202,2300.0,2300.0,performance,,32861568.0,31917812.0,29316516.0,0.0,0.0,12.95,13.97,14.88,,,
11,54,global_mutex,GlobalMutex,500,mixed,1,292831.9221872544,1574.0,4179.0,1670.5510355555555,814.7590224002591,0.48771872577320236,0,100,900,1790628261.2274206,2387.5655,3000.524,performance,,32861568.0,31934244.0,29332732.0,0.0,0.0,11.99,13.74,14.8,,,
11,55,sharded_n,Sharded-N,3000,mixed,1,234220.64129832102,2541.0,83322.0,12304.170182962964,20580.540925139154,1.672647616142055,0,100,900,1790628265.2853842,2493.237625,3095.228,performance,,32861568.0,31940048.0,29338544.0,0.0,0.0,11.03,13.51,14.72,,,
11,56,disabled,Disabled,3000,mixed,1,239791.639502585,2471.0,85354.0,12020.232951111111,20318.24990744158,1.6903374493722625,0,100,900,1790628280.5081384,2300.0,2300.0,performance,,32861568.0,31969760.0,29367804.0,0.0,0.0,13.56,13.97,14.85,,,
11,57,hdr_histogram,HdrHistogram,3000,write-heavy,1,233004.33498929994,2567.0,83902.0,12395.349918888889,20919.1824876661,1.687663730717921,0,100,900,1790628295.4164982,2389.095625,3012.765,performance,,32861568.0,31957968.0,29355592.0,0.0,0.0,13.51,13.96,14.84,,,
11,58,sharded_n,Sharded-N,1500,read-heavy,1,268106.68842377467,2126.0,27739.0,5406.970768148148,7007.591399962804,1.2960290891979167,0,100,900,1790628310.7100098,2687.66575,3100.0,performance,,32861568.0,31961868.0,29359160.0,0.0,0.0,14.44,14.17,14.89,,,
11,59,thread_local,ThreadLocal,250,write-heavy,1,295846.8210666068,810.0,1770.0,829.1243555555556,364.23723832627024,0.4393035084371786,0,100,900,1790628318.8744934,2396.235,3069.88,performance,,32861568.0,31929908.0,29327064.0,0.0,0.0,18.41,15.0,15.16,,,
11,60,hdr_histogram,HdrHistogram,500,mixed,1,289310.14408891136,1584.0,4351.0,1693.1559311111112,859.7633524490583,0.5077874616573855,0,100,900,1790628322.0512998,2388.7965,3010.372,performance,,32861568.0,31963796.0,29360956.0,0.0,0.0,18.46,15.07,15.18,,,
11,61,global_mutex,GlobalMutex,2000,read-heavy,1,260317.59555956747,2196.0,40513.0,7407.662798888889,11128.410328009644,1.502283598772726,0,100,900,1790628326.128567,2393.243125,3045.945,performance,,32861568.0,31941684.0,29338836.0,0.0,0.0,16.98,14.82,15.09,,,
11,62,hdr_histogram,HdrHistogram,100,read-heavy,1,279643.37887750403,337.0,745.0,351.3950111111111,146.75746726086587,0.41764243264814355,0,100,900,1790628336.3855367,2396.476625,3071.813,performance,,32861568.0,31954340.0,29351116.0,0.0,0.0,17.42,14.97,15.14,,,
11,63,thread_local,ThreadLocal,2000,mixed,1,256250.9872594243,2263.0,40559.0,7531.981217222222,11364.475931096777,1.5088295633440214,0,100,900,1790628339.2353857,2402.89225,3123.138,performance,,32861568.0,31972996.0,29369724.0,0.0,0.0,17.42,14.97,15.14,,,
11,64,sharded_n,Sharded-N,1000,read-heavy,1,279705.6757371007,2022.0,14532.0,3480.9544433333335,3398.0969337270058,0.976196899167981,0,100,900,1790628349.4315338,2399.549375,3096.395,performance,,32861568.0,31955704.0,29352248.0,0.0,0.0,14.52,14.45,14.97,,,
11,65,sharded_n,Sharded-N,3000,write-heavy,1,235689.66095016676,2539.0,83351.0,12249.626695185185,20352.652271859366,1.661491633851923,0,100,900,1790628355.544406,2398.848,3090.784,performance,,32861568.0,31935212.0,29331684.0,0.0,0.0,13.35,14.21,14.89,,,
11,66,sharded_n,Sharded-N,1000,write-heavy,1,271489.05008327344,2094.0,15065.0,3586.356082222222,3492.116481532913,0.9737227429377522,0,100,900,1790628370.6522157,2386.203625,2989.629,performance,,32861568.0,31960560.0,29356484.0,0.0,0.0,13.6,14.26,14.89,,,
11,67,hdr_histogram,HdrHistogram,750,mixed,1,276444.13459621125,1942.0,9290.0,2644.5545733333333,1991.7374266323854,0.7531466533972474,0,100,900,1790628376.7047055,2729.755625,3021.374,performance,,32861568.0,31932824.0,29328768.0,0.0,0.0,13.87,14.3,14.91,,,
11,68,global_mutex,GlobalMutex,100,mixed,1,295715.2001079295,322.0,666.0,332.47301111111113,125.46572254743677,0.3773711500014256,0,100,900,1790628381.784964,2300.0,2300.0,performance,,32861568.0,31932404.0,29328328.0,0.0,0.0,14.2,14.36,14.92,,,
11,69,thread_local,ThreadLocal,1500,read-heavy,1,271225.1645349991,2119.0,27630.0,5361.297781481481,6988.727445304233,1.3035514403702915,0,100,900,1790628384.4457114,2388.637875,3009.103,performance,,32861568.0,31942260.0,29338176.0,0.0,0.0,13.07,14.13,14.84,,,
11,70,disabled,Disabled,250,read-heavy,1,305481.13725799444,778.0,1685.0,802.4931733333333,346.9817834339257,0.4323797322694472,0,100,900,1790628392.5337255,2392.722,3041.776,performance,,32861568.0,31921552.0,29317100.0,0.0,0.0,13.7,14.24,14.88,,,
11,71,thread_local,ThreadLocal,750,read-heavy,1,287404.26317039016,1931.0,8655.0,2553.2968562962965,1846.8398556220577,0.7233157598059338,0,100,900,1790628395.8571975,2387.78825,3002.306,performance,,32861568.0,31930468.0,29326020.0,0.0,0.0,12.6,14.0,14.8,,,
11,72,hdr_histogram,HdrHistogram,1000,write-heavy,1,268806.99750347534,2117.0,15335.0,3624.7554422222224,3627.159930282722,1.0006633518036807,0,100,900,1790628400.996216,2740.566625,3008.103,performance,,32861568.0,31940460.0,29335940.0,0.0,0.0,11.59,13.77,14.72,,,
11,73,hdr_histogram,HdrHistogram,500,write-heavy,1,280510.10760574683,1609.0,4736.0,1749.4407244444444,925.5285001865303,0.5290425032722631,0,100,900,1790628407.0863023,2387.792375,3002.339,performance,,32861568.0,31940968.0,29336304.0,0.0,0.0,12.67,13.96,14.77,,,
11,74,hdr_histogram,HdrHistogram,1500,write-heavy,1,260570.01408025975,2249.0,28158.0,5562.247205925926,7223.123640707186,1.2985980977278013,0,100,900,1790628411.2144618,2387.614125,3000.913,performance,,32861568.0,31945300.0,29340580.0,0.0,0.0,11.65,13.72,14.69,,,
11,75,thread_local,ThreadLocal,1000,mixed,1,273453.59929581103,2089.0,14895.0,3553.4392555555555,3511.6661431653865,0.988244315046371,0,100,900,1790628419.3597054,2560.719125,3004.63,performance,,32861568.0,31915668.0,29310804.0,0.0,0.0,11.48,13.63,14.65,,,
11,76,sharded_n,Sharded-N,500,read-heavy,1,293256.0662944986,1573.0,4153.0,1670.6752377777777,832.9189224104213,0.4985522641242443,0,100,900,1790628425.3824246,2733.36475,3054.201,performance,,32861568.0,31950760.0,29345696.0,0.0,0.0,10.56,13.41,14.57,,,
11,77,sharded_2key,Sharded-2key,100,read-heavy,1,283627.50043168105,329.0,809.0,345.3719777777778,148.60729423759764,0.4302818520303226,0,100,900,1790628429.6149886,2956.133,3000.0,performance,,32861568.0,31944264.0,29339256.0,0.0,0.0,9.72,13.18,14.49,,,
11,78,disabled,Disabled,500,mixed,1,292582.5945011108,1540.0,4635.0,1675.0286666666666,882.6446367413978,0.526943003607141,0,100,900,1790628432.4617321,2389.331875,3014.655,performance,,32861568.0,31967944.0,29362896.0,0.0,0.0,9.72,13.18,14.49,,,
11,79,thread_local,ThreadLocal,100,write-heavy,1,285992.16841588164,330.0,721.0,342.6822888888889,137.1308704301641,0.4001691213012393,0,100,900,1790628436.5212123,2858.584625,3108.398,performance,,32861568.0,31938044.0,29332880.0,0.0,0.0,13.58,13.93,14.73,,,
11,80,sharded_2key,Sharded-2key,2000,read-heavy,1,255664.59034687205,2273.0,45962.0,7534.737326666666,11487.848388717854,1.5246514763109897,0,100,900,1790628439.1938674,2300.0,2300.0,performance,,32861568.0,31961280.0,29356072.0,0.0,0.0,13.58,13.93,14.73,,,
11,81,global_mutex,GlobalMutex,1000,read-heavy,1,286945.29899243114,1984.0,14951.0,3380.057492222222,3426.3106613348655,1.0136841367991745,0,100,900,1790628449.5885732,2386.815,2994.52,performance,,32861568.0,31943216.0,29337716.0,0.0,0.0,11.68,13.49,14.57,,,
11,82,thread_local,ThreadLocal,250,read-heavy,1,308445.52597235324,773.0,1646.0,794.990671111111,337.5601106913952,0.42460889537182567,0,100,900,1790628455.621121,2300.0,2300.0,performance,,32861568.0,31932416.0,29326804.0,0.0,0.0,10.74,13.27,14.49,,,
11,83,disabled,Disabled,1000,read-heavy,1,274106.71034476283,2058.0,14808.0,3539.741202222222,3490.9501284628222,0.9862162031142929,0,100,900,1790628458.9443216,2387.31125,2998.49,performance,,32861568.0,31926636.0,29321044.0,0.0,0.0,10.74,13.27,14.49,,,
11,84,sharded_2key,Sharded-2key,750,read-heavy,1,278759.7242784842,1983.0,9107.0,2623.007908148148,1938.5466383593684,0.7390548203600303,0,100,900,1790628465.1093323,2562.915125,3002.309,performance,,32861568.0,31941496.0,29335684.0,0.0,0.0,9.16,12.84,14.34,,,
11,85,hdr_histogram,HdrHistogram,1500,read-heavy,1,261116.6734732917,2211.0,29166.0,5552.527755555556,7434.167545560605,1.3388798530763548,0,100,900,1790628470.3390262,2644.012625,3020.774,performance,,32861568.0,31936748.0,29330824.0,0.0,0.0,8.51,12.65,14.27,,,
11,86,hdr_histogram,HdrHistogram,250,read-heavy,1,299479.6389536829,792.0,1793.0,815.9069244444445,356.1701402418701,0.43653280732283073,0,100,900,1790628478.6198497,2300.0,2300.0,performance,,32861568.0,31966112.0,29359944.0,0.0,0.0,8.71,12.62,14.25,,,
11,87,sharded_2key,Sharded-2key,1000,mixed,1,269453.6411658394,2114.0,15737.0,3601.8908855555555,3627.078184681596,1.0069927990398175,0,100,900,1790628481.9587646,2300.0,2300.0,performance,,32861568.0,31970396.0,29364256.0,0.0,0.0,8.97,12.61,14.24,,,
11,88,global_mutex,GlobalMutex,2000,mixed,1,251163.89512957254,2338.0,43558.0,7676.17888,11621.259228417359,1.5139380426238007,0,100,900,1790628488.0307052,2392.3635,3038.908,performance,,32861568.0,31913560.0,29307276.0,0.0,0.0,9.38,12.63,14.24,,,
11,89,sharded_2key,Sharded-2key,500,read-heavy,1,284011.6099654423,1606.0,4534.0,1727.52072,891.2667347485359,0.5159224572128639,0,100,900,1790628498.3858995,2300.0,2300.0,performance,,32861568.0,31951552.0,29344992.0,0.0,0.0,11.12,12.89,14.31,,,
11,90,thread_local,ThreadLocal,500,mixed,1,293999.26239505055,1534.0,4468.0,1658.3158511111112,860.121672092463,0.5186718027908621,0,100,900,1790628502.666521,2386.9135,2995.308,performance,,32861568.0,31969972.0,29363452.0,0.0,0.0,12.47,13.14,14.38,,,
11,91,sharded_2key,Sharded-2key,2000,write-heavy,1,249799.6900347501,2346.0,44267.0,7718.251198888889,11563.445435572032,1.4981950104496071,0,100,900,1790628506.714987,2388.068,3004.544,performance,,32861568.0,31938212.0,29331596.0,0.0,0.0,13.0,13.24,14.41,,,
11,92,sharded_2key,Sharded-2key,3000,read-heavy,1,242227.36052582963,2430.0,85414.0,11899.369287407408,20301.950921478456,1.7061367229743125,0,100,900,1790628517.1071184,2503.04275,3125.892,performance,,32861568.0,31955444.0,29348536.0,0.0,0.0,16.1,13.88,14.6,,,
11,93,hdr_histogram,HdrHistogram,2000,mixed,1,250949.08224913417,2329.0,45577.0,7681.706473333334,11666.160687511694,1.5186938902196012,0,100,900,1790628532.0772426,2300.0,2300.0,performance,,32861568.0,31956164.0,29348816.0,0.0,0.0,16.4,14.05,14.64,,,
11,94,disabled,Disabled,2000,write-heavy,1,250216.3972880397,2334.0,45153.0,7721.051598888889,11707.471606983434,1.51630531891125,0,100,900,1790628542.459988,2300.0,2300.0,performance,,32861568.0,31945492.0,29337964.0,0.0,0.0,16.38,14.13,14.66,,,
11,95,sharded_2key,Sharded-2key,500,mixed,1,296562.4989966302,1571.0,4073.0,1654.3647911111111,806.0953321220609,0.48725367975261846,0,100,900,1790628552.8272066,2742.831625,3038.742,performance,,32861568.0,31957556.0,29349828.0,0.0,0.0,19.23,14.83,14.89,,,
11,96,sharded_n,Sharded-N,2000,read-heavy,1,258431.57696473727,2242.0,43054.0,7464.064553888888,11386.521092830853,1.5255121402853231,0,100,900,1790628556.8679008,2300.0,2300.0,performance,,32861568.0,31960116.0,29352416.0,0.0,0.0,19.05,14.87,14.9,,,
11,97,disabled,Disabled,500,read-heavy,1,291073.55002865643,1555.0,4544.0,1687.6538133333333,868.8663931077808,0.5148368618275202,0,100,900,1790628567.1834962,2806.814125,3179.892,performance,,32861568.0,31919524.0,29311424.0,0.0,0.0,18.73,14.94,14.92,,,
11,98,disabled,Disabled,250,mixed,1,307833.34103760374,775.0,1725.0,798.2284844444445,349.5706582174976,0.43793307934982273,0,100,900,1790628571.440418,2412.319125,3198.553,performance,,32861568.0,31938732.0,29330660.0,0.0,0.0,22.28,15.74,15.18,,,
11,99,thread_local,ThreadLocal,3000,write-heavy,1,243415.88128609202,2429.0,83203.0,11818.57577962963,19956.369259001127,1.6885595719069393,0,100,900,1790628574.5794609,2400.826875,3106.615,performance,,32861568.0,31949528.0,29341432.0,0.0,0.0,20.49,15.47,15.1,,,
11,100,sharded_2key,Sharded-2key,1500,mixed,1,262204.76365620276,2195.0,27984.0,5537.752337777778,7235.9809930786805,1.306663886666766,0,100,900,1790628589.2994676,2400.21,3101.68,performance,,32861568.0,31945564.0,29336920.0,0.0,0.0,19.87,15.51,15.11,,,
11,101,sharded_n,Sharded-N,250,read-heavy,1,306350.4011870906,775.0,1698.0,799.4222577777778,351.70457956924236,0.43994844545222644,0,100,900,1790628597.3963375,2413.095125,3204.761,performance,,32861568.0,31933628.0,29324912.0,0.0,0.0,17.93,15.23,15.03,,,
11,102,sharded_2key,Sharded-2key,500,write-heavy,1,286505.46208911214,1596.0,4394.0,1708.03688,864.7121504370198,0.5062608194016395,0,100,900,1790628600.7103968,2376.1275,2909.02,performance,,32861568.0,31962284.0,29353588.0,0.0,0.0,16.5,14.98,14.95,,,
11,103,disabled,Disabled,100,mixed,1,281130.487915456,336.0,732.0,348.9396888888889,143.48116444234515,0.41119187358487364,0,100,900,1790628604.8025174,2388.002625,3004.021,performance,,32861568.0,31939556.0,29330848.0,0.0,0.0,15.18,14.73,14.86,,,
11,104,global_mutex,GlobalMutex,1000,write-heavy,1,269117.9929321703,2125.0,15418.0,3615.1108777777777,3586.5402978696784,0.9920969007939082,0,100,900,1790628607.4802973,2387.902,3003.216,performance,,32861568.0,31953396.0,29344688.0,0.0,0.0,15.18,14.73,14.86,,,
11,105,disabled,Disabled,250,write-heavy,1,291428.16773672245,817.0,1840.0,840.3206977777778,374.09956235618023,0.44518665712445726,0,100,900,1790628613.5534313,2663.264375,3072.824,performance,,32861568.0,31921868.0,29312840.0,0.0,0.0,14.84,14.66,14.84,,,
11,106,disabled,Disabled,3000,read-heavy,1,245212.76553397655,2395.0,79741.0,11763.234047407408,20014.493349989574,1.7014447956513052,0,100,900,1790628616.74721,2811.9625,2999.117,performance,,32861568.0,31951656.0,29342644.0,0.0,0.0,15.33,14.77,14.88,,,
11,107,sharded_2key,Sharded-2key,250,write-heavy,1,303028.7509517308,784.0,1779.0,809.2184666666667,362.96264241287435,0.448534799147615,0,100,900,1790628631.5669088,2403.887875,3131.103,performance,,32861568.0,31978976.0,29369524.0,0.0,0.0,18.74,15.5,15.11,,,
11,108,thread_local,ThreadLocal,1500,write-heavy,1,259752.87725813725,2227.0,28638.0,5590.049732592593,7267.9497098976735,1.3001583273082782,0,100,900,1790628634.7295866,2392.192875,3037.543,performance,,32861568.0,31962532.0,29353088.0,0.0,0.0,17.24,15.24,15.03,,,
11,109,sharded_2key,Sharded-2key,250,read-heavy,1,304393.4309283881,779.0,1726.0,806.3757422222222,355.03594069408814,0.44028598840991273,0,100,900,1790628642.8863778,2599.856,3170.059,performance,,32861568.0,31914316.0,29304696.0,0.0,0.0,17.22,15.27,15.04,,,
11,110,global_mutex,GlobalMutex,100,read-heavy,1,280841.2119200731,336.0,744.0,350.5039111111111,143.28042635583628,0.4087841014430673,0,100,900,1790628646.2021036,2300.0,2300.0,performance,,32861568.0,31946752.0,29337132.0,0.0,0.0,15.84,15.01,14.96,,,
11,111,sharded_2key,Sharded-2key,1500,read-heavy,1,273255.8716373086,2100.0,26546.0,5284.252243703704,6976.045885650173,1.3201576238080375,0,100,900,1790628649.0469956,2300.0,2300.0,performance,,32861568.0,31955952.0,29346304.0,0.0,0.0,15.84,15.01,14.96,,,
11,112,disabled,Disabled,1000,mixed,1,290134.9586035215,1945.0,14302.0,3363.523001111111,3302.4354387350004,0.9818382207120537,0,100,900,1790628657.0927503,2300.0,2300.0,performance,,32861568.0,31931784.0,29321828.0,0.0,0.0,15.33,14.92,14.93,,,
11,113,disabled,Disabled,750,mixed,1,282310.1974788397,1947.0,8974.0,2590.780157037037,1931.1877474376163,0.7454078039744723,0,100,900,1790628662.920893,2300.0,2300.0,performance,,32861568.0,31934392.0,29324336.0,0.0,0.0,15.46,14.95,14.94,,,
11,114,sharded_2key,Sharded-2key,3000,mixed,1,242510.2664498291,2433.0,85301.0,11912.985383333333,20152.792378072278,1.6916660039108846,0,100,900,1790628667.928957,2300.0,2300.0,performance,,32861568.0,31961008.0,29350912.0,0.0,0.0,16.79,15.24,15.03,,,
11,115,global_mutex,GlobalMutex,3000,mixed,1,242639.84682191763,2426.0,74160.0,11901.4261,20029.82861550745,1.682977186700966,0,100,900,1790628682.6967397,2408.397375,3167.179,performance,,32861568.0,31952608.0,29342072.0,0.0,0.0,25.94,17.25,15.69,,,
11,116,thread_local,ThreadLocal,750,mixed,1,284175.2366571586,1935.0,8897.0,2581.228653333333,1923.9544536162555,0.7453638216559039,0,100,900,1790628697.4999027,2673.589,3105.58,performance,,32861568.0,31963224.0,29352292.0,0.0,0.0,24.49,17.37,15.75,,,
11,117,sharded_n,Sharded-N,3000,read-heavy,1,241203.24444317244,2453.0,82851.0,11928.640828148149,20185.247686645598,1.6921666078682025,0,100,900,1790628702.4873168,2401.009125,3108.073,performance,,32861568.0,31964204.0,29353328.0,0.0,0.0,23.89,17.36,15.76,,,
11,118,thread_local,ThreadLocal,750,write-heavy,1,299263.5447368654,1838.0,8480.0,2444.3495437037036,1819.4763745894277,0.7443601424665878,0,100,900,1790628717.4853249,2399.505375,3096.043,performance,,32861568.0,31949696.0,29338204.0,0.0,0.0,23.27,17.53,15.84,,,
11,119,hdr_histogram,HdrHistogram,2000,read-heavy,1,265000.74759360903,2178.0,40508.0,7283.644269444444,10998.280393972806,1.5099969173551764,0,100,900,1790628722.3630316,2300.0,2300.0,performance,,32861568.0,31939512.0,29328172.0,0.0,0.0,22.21,17.4,15.81,,,
11,120,hdr_histogram,HdrHistogram,100,write-heavy,1,297708.2961163506,317.0,682.0,329.6985222222222,135.01350474221817,0.40950594449803707,0,100,900,1790628732.4523878,2376.627875,2913.023,performance,,32861568.0,31928772.0,29317112.0,0.0,0.0,20.83,17.27,15.78,,,
11,121,thread_local,ThreadLocal,1000,read-heavy,1,286863.7380577442,1985.0,14877.0,3381.412048888889,3425.5013549658447,1.0130387262597718,0,100,900,1790628735.1159532,2300.0,2300.0,performance,,32861568.0,31962304.0,29350636.0,0.0,0.0,19.16,16.99,15.7,,,
11,122,hdr_histogram,HdrHistogram,3000,mixed,1,238418.69466218373,2500.0,81541.0,12103.67735037037,20478.793147748558,1.6919480381821241,0,100,900,1790628741.128049,2300.0,2300.0,performance,,32861568.0,31936908.0,29325128.0,0.0,0.0,17.63,16.7,15.61,,,
11,123,disabled,Disabled,1000,write-heavy,1,276639.3918238627,2030.0,14847.0,3512.7859344444446,3441.5942925721292,0.9797335666901165,0,100,900,1790628756.0958745,2300.0,2300.0,performance,,32861568.0,31958556.0,29346372.0,0.0,0.0,15.62,16.32,15.51,,,
11,124,hdr_histogram,HdrHistogram,100,mixed,1,274325.4838520118,344.0,786.0,357.9060111111111,148.77761453206284,0.4156890633666255,0,100,900,1790628762.08822,2483.575875,3050.879,performance,,32861568.0,31929944.0,29317740.0,0.0,0.0,15.01,16.18,15.47,,,
11,125,sharded_n,Sharded-N,2000,mixed,1,250824.61113090097,2320.0,44058.0,7680.664612777778,11674.55282761191,1.5199925287962428,0,100,900,1790628764.7699668,2657.669625,3062.647,performance,,32861568.0,31957096.0,29344864.0,0.0,0.0,13.81,15.92,15.38,,,
11,126,thread_local,ThreadLocal,500,read-heavy,1,294067.63365018123,1561.0,4248.0,1669.5477955555555,833.8335411611181,0.49943675969076,0,100,900,1790628775.1443827,2870.217125,3174.733,performance,,32861568.0,31944632.0,29332032.0,0.0,0.0,12.57,15.59,15.28,,,
11,127,sharded_n,Sharded-N,100,write-heavy,1,274327.9380058851,344.0,724.0,356.5433777777778,141.37167595478888,0.39650624514726335,0,100,900,1790628779.3531446,2300.0,2300.0,performance,,32861568.0,31950544.0,29337980.0,0.0,0.0,11.56,15.33,15.2,,,
11,128,sharded_n,Sharded-N,2000,write-heavy,1,256118.08722134272,2293.0,44969.0,7533.657152222222,11345.68295398183,1.5059993738413175,0,100,900,1790628782.037704,2570.797875,3046.739,performance,,32861568.0,31958848.0,29346256.0,0.0,0.0,11.56,15.33,15.2,,,
11,129,sharded_2key,Sharded-2key,750,mixed,1,292855.321058423,1858.0,9090.0,2504.185077037037,1923.6420679051605,0.7681708854288128,0,100,900,1790628792.2447731,2300.0,2300.0,performance,,32861568.0,31941584.0,29328636.0,0.0,0.0,12.84,15.47,15.24,,,
11,130,global_mutex,GlobalMutex,1000,mixed,1,298524.8210880545,1904.0,13740.0,3258.8188644444444,3175.8670529444535,0.9745454365675116,0,100,900,1790628797.1725695,2495.943875,3133.887,performance,,32861568.0,31941276.0,29328272.0,0.0,0.0,13.41,15.54,15.27,,,
11,131,sharded_2key,Sharded-2key,100,write-heavy,1,288296.11378184,329.0,729.0,341.5444777777778,136.28189293233277,0.3990165316653227,0,100,900,1790628802.909059,2300.0,2300.0,performance,,32861568.0,31926136.0,29313088.0,0.0,0.0,13.7,15.57,15.28,,,
11,132,hdr_histogram,HdrHistogram,750,write-heavy,1,284837.1008961022,1916.0,9315.0,2564.46182962963,1963.6346295436463,0.7657102191406929,0,100,900,1790628805.5790331,2300.0,2300.0,performance,,32861568.0,31947200.0,29334108.0,0.0,0.0,12.6,15.31,15.2,,,
11,133,sharded_n,Sharded-N,1500,mixed,1,259682.3622897777,2232.0,29650.0,5556.843153333333,7249.844436961,1.3046696185067057,0,100,900,1790628810.5684311,2399.263375,3094.107,performance,,32861568.0,31930272.0,29317072.0,0.0,0.0,11.59,15.05,15.12,,,
11,134,sharded_n,Sharded-N,100,read-heavy,1,286981.4683311167,329.0,737.0,342.33453333333335,137.43131008436075,0.4014532473431273,0,100,900,1790628818.723823,2300.0,2300.0,performance,,32861568.0,31938436.0,29324956.0,0.0,0.0,13.15,15.32,15.2,,,
11,135,sharded_n,Sharded-N,500,mixed,1,284864.7515619202,1600.0,4465.0,1725.3337288888888,890.0888218217035,0.515893711992125,0,100,900,1790628821.5637832,2615.743625,3147.894,performance,,32861568.0,31953276.0,29339764.0,0.0,0.0,13.06,15.26,15.18,,,
11,136,global_mutex,GlobalMutex,250,mixed,1,302410.53209272906,797.0,1638.0,811.1482044444444,332.80468026176203,0.41028837694302733,0,100,900,1790628825.6626952,2388.98725,3011.898,performance,,32861568.0,31949696.0,29336156.0,0.0,0.0,12.01,15.01,15.1,,,
11,137,global_mutex,GlobalMutex,2000,write-heavy,1,248635.67839750135,2363.0,47198.0,7766.814321111111,11776.991473086171,1.516322006189195,0,100,900,1790628828.8252861,2896.406125,3206.359,performance,,32861568.0,31974496.0,29360960.0,0.0,0.0,12.01,15.01,15.1,,,
11,138,hdr_histogram,HdrHistogram,250,mixed,1,293641.2687980821,805.0,1861.0,837.6996622222222,373.7177305776041,0.44612376897254313,0,100,900,1790628839.2682984,2387.615,3000.92,performance,,32861568.0,31941636.0,29327800.0,0.0,0.0,13.26,15.19,15.16,,,
11,139,disabled,Disabled,2000,mixed,1,254474.7966878383,2302.0,45604.0,7586.2025533333335,11448.091045024412,1.5090674108080844,0,100,900,1790628842.4552412,2397.17975,3077.438,performance,,32861568.0,31962768.0,29348936.0,0.0,0.0,12.2,14.94,15.08,,,
11,140,thread_local,ThreadLocal,3000,read-heavy,1,250294.39132671687,2350.0,76418.0,11520.14768962963,19490.080633814126,1.6918255875624741,0,100,900,1790628852.704476,2480.659875,3040.156,performance,,32861568.0,31945436.0,29331272.0,0.0,0.0,20.32,16.53,15.59,,,
11,141,hdr_histogram,HdrHistogram,250,write-heavy,1,294688.37060399266,809.0,1809.0,833.6832488888889,365.457688323298,0.4383651570430021,0,100,900,1790628867.282838,2300.0,2300.0,performance,,32861568.0,31963404.0,29348864.0,0.0,0.0,19.16,16.47,15.59,,,
11,142,thread_local,ThreadLocal,1000,write-heavy,1,273684.4272843822,2082.0,14893.0,3549.5243944444446,3455.7924736843684,0.9735931042179112,0,100,900,1790628870.4665766,2387.5,3000.0,performance,,32861568.0,31973360.0,29358868.0,0.0,0.0,17.62,16.2,15.5,,,
11,143,disabled,Disabled,500,write-heavy,1,286080.6665902293,1585.0,4581.0,1712.6434088888889,901.8596579094972,0.5265892790225354,0,100,900,1790628876.4948733,2300.0,2300.0,performance,,32861568.0,31934544.0,29319892.0,0.0,0.0,19.49,16.61,15.64,,,
11,144,global_mutex,GlobalMutex,250,write-heavy,1,298429.23918644735,807.0,1633.0,820.5015288888889,340.2535014558642,0.4146896617202292,0,100,900,1790628880.5825422,2399.633625,3097.069,performance,,32861568.0,31930676.0,29316016.0,0.0,0.0,17.93,16.33,15.56,,,
12,1,sharded_2key,Sharded-2key,750,read-heavy,1,307228.28283819323,1787.0,8171.0,2378.485405925926,1758.0216287964145,0.7391349236015304,0,100,900,1790628883.759416,2660.398625,3054.303,performance,,32861568.0,31944028.0,29329404.0,0.0,0.0,17.93,16.33,15.56,,,
12,2,disabled,Disabled,2000,mixed,1,264227.4675151346,2156.0,39127.0,7305.005408888889,10868.494175721737,1.4878146650646853,0,100,900,1790628888.744986,2781.162625,3095.205,performance,,32861568.0,31915744.0,29300832.0,0.0,0.0,17.14,16.19,15.52,,,
12,3,disabled,Disabled,3000,mixed,1,244890.98335572745,2412.0,81929.0,11801.293119259259,19946.107282990757,1.690162856004269,0,100,900,1790628898.71931,2818.22475,3254.94,performance,,32861568.0,31942860.0,29327740.0,0.0,0.0,18.47,16.53,15.63,,,
12,4,hdr_histogram,HdrHistogram,750,mixed,1,284842.97089981375,1865.0,8870.0,2569.3628785185183,1942.8039819881992,0.7561423099209755,0,100,900,1790628913.3465247,2505.261375,3158.531,performance,,32861568.0,31955584.0,29340072.0,0.0,0.0,20.21,17.0,15.8,,,
12,5,sharded_2key,Sharded-2key,100,mixed,1,282363.4101044098,333.0,781.0,347.55874444444447,146.88020837909437,0.42260541772262167,0,100,900,1790628918.3373625,2412.241875,3197.935,performance,,32861568.0,31944324.0,29328844.0,0.0,0.0,20.27,17.06,15.83,,,
12,6,thread_local,ThreadLocal,2000,mixed,1,265267.8489751469,2205.0,44017.0,7267.367197222222,10972.150763026657,1.5097834559977237,0,100,900,1790628921.0090268,2598.46275,3099.823,performance,,32861568.0,31966416.0,29350920.0,0.0,0.0,18.65,16.78,15.74,,,
12,7,global_mutex,GlobalMutex,1000,write-heavy,1,277309.17123980995,2064.0,14643.0,3508.9086544444444,3432.5182801959013,0.9782295916561448,0,100,900,1790628930.944604,2733.850875,3252.602,performance,,32861568.0,31939156.0,29323260.0,0.0,0.0,17.11,16.52,15.67,,,
12,8,sharded_2key,Sharded-2key,500,read-heavy,1,297035.57388331636,1538.0,4313.0,1651.5174066666666,845.5555490101513,0.5119870645001404,0,100,900,1790628936.9211545,2300.0,2300.0,performance,,32861568.0,31925860.0,29309872.0,0.0,0.0,17.5,16.61,15.71,,,
12,9,thread_local,ThreadLocal,3000,write-heavy,1,243897.40266420282,2415.0,80177.0,11841.39139,19864.429484402906,1.6775418386371659,0,100,900,1790628941.1121507,2300.0,2300.0,performance,,32861568.0,31957552.0,29341556.0,0.0,0.0,16.1,16.34,15.62,,,
12,10,sharded_n,Sharded-N,100,mixed,1,280358.8260280686,335.0,800.0,350.5937222222222,150.22686731018038,0.4284927475539901,0,100,900,1790628955.8342752,2397.902625,3083.221,performance,,32861568.0,31975664.0,29359240.0,0.0,0.0,14.15,15.91,15.49,,,
12,11,hdr_histogram,HdrHistogram,1000,read-heavy,1,287405.707811637,1925.0,14242.0,3384.944986666667,3333.6681410781716,0.9848514980921477,0,100,900,1790628958.508117,2300.0,2300.0,performance,,32861568.0,31963272.0,29346832.0,0.0,0.0,14.15,15.91,15.49,,,
12,12,sharded_2key,Sharded-2key,1500,mixed,1,273035.0047998482,2100.0,29380.0,5319.339478518518,7143.996968827372,1.3430233204098936,0,100,900,1790628964.5201025,2910.20825,3202.974,performance,,32861568.0,31904300.0,29287680.0,0.0,0.0,12.42,15.48,15.36,,,
12,13,disabled,Disabled,3000,read-heavy,1,250517.54842497577,2346.0,79144.0,11482.457063703703,19393.837936722717,1.6889972093191674,0,100,900,1790628972.407043,2300.0,2300.0,performance,,32861568.0,31947576.0,29330740.0,0.0,0.0,12.63,15.47,15.36,,,
12,14,hdr_histogram,HdrHistogram,1500,write-heavy,1,261828.82401417854,2194.0,28070.0,5540.096431851852,7268.3120117781145,1.3119468408510324,0,100,900,1790628986.9334078,2396.543,3072.344,performance,,32861568.0,31969848.0,29352692.0,0.0,0.0,15.89,16.09,15.56,,,
12,15,sharded_2key,Sharded-2key,250,write-heavy,1,293515.8183879927,815.0,1820.0,839.5021777777778,369.72587735093686,0.44041086150559805,0,100,900,1790628995.0481393,2300.0,2300.0,performance,,32861568.0,31898128.0,29280808.0,0.0,0.0,14.18,15.73,15.45,,,
12,16,thread_local,ThreadLocal,750,mixed,1,289962.4175157174,1889.0,9076.0,2529.5966266666665,1921.5348182216526,0.7596210391669137,0,100,900,1790628998.2347589,2300.0,2300.0,performance,,32861568.0,31943496.0,29326212.0,0.0,0.0,14.18,15.73,15.45,,,
12,17,sharded_n,Sharded-N,500,mixed,1,291183.88567152625,1562.0,4450.0,1684.8625555555554,864.0719655849318,0.5128441858570585,0,100,900,1790629003.1808276,2988.23975,3311.571,performance,,32861568.0,31948776.0,29331396.0,0.0,0.0,13.69,15.6,15.41,,,
12,18,thread_local,ThreadLocal,2000,write-heavy,1,261053.45213925638,2236.0,44518.0,7382.395505555555,11235.612609702977,1.5219467178706043,0,100,900,1790629007.2414334,2411.989125,3195.913,performance,,32861568.0,31950964.0,29333512.0,0.0,0.0,21.24,17.13,15.91,,,
12,19,hdr_histogram,HdrHistogram,100,mixed,1,282776.7958702648,332.0,745.0,345.6901888888889,144.1688565997832,0.4170464225877168,0,100,900,1790629017.294863,2816.186625,3308.275,performance,,32861568.0,31944504.0,29326692.0,0.0,0.0,21.85,17.38,16.0,,,
12,20,hdr_histogram,HdrHistogram,250,read-heavy,1,304806.1529389257,787.0,1660.0,803.4667466666667,339.41713547518316,0.4224408002986049,0,100,900,1790629019.9725096,2410.2725,3182.18,performance,,32861568.0,31976512.0,29358656.0,0.0,0.0,20.1,17.09,15.91,,,
12,21,disabled,Disabled,1500,mixed,1,272454.70166818245,2122.0,27747.0,5332.688257037037,7037.204618207409,1.3196354782076536,0,100,900,1790629023.3001368,2417.1575,3237.26,performance,,32861568.0,31958216.0,29340420.0,0.0,0.0,20.1,17.09,15.91,,,
12,22,sharded_n,Sharded-N,2000,mixed,1,263037.32615613774,2201.0,41380.0,7327.601817777778,10994.199888764933,1.5003817295436934,0,100,900,1790629031.1955962,2379.952625,2939.621,performance,,32861568.0,31917956.0,29299908.0,0.0,0.0,18.7,16.9,15.87,,,
12,23,sharded_2key,Sharded-2key,1000,write-heavy,1,277859.7238416483,2027.0,14504.0,3500.0549133333334,3392.781914622538,0.9693510526643045,0,100,900,1790629041.1930933,2816.497125,3231.239,performance,,32861568.0,31941544.0,29323288.0,0.0,0.0,16.64,16.53,15.75,,,
12,24,hdr_histogram,HdrHistogram,1000,mixed,1,278391.96794184344,2044.0,15174.0,3490.5494177777778,3493.148435171066,1.0007445869065916,0,100,900,1790629047.1572366,2399.435875,3095.487,performance,,32861568.0,31942720.0,29324332.0,0.0,0.0,16.5,16.5,15.75,,,
12,25,thread_local,ThreadLocal,250,write-heavy,1,308773.6607097883,776.0,1648.0,795.9465822222222,341.1977738946024,0.428669186494908,0,100,900,1790629053.1207154,2300.0,2300.0,performance,,32861568.0,31934188.0,29315736.0,0.0,0.0,16.87,16.58,15.78,,,
12,26,disabled,Disabled,100,write-heavy,1,282779.64612559194,332.0,735.0,347.03583333333336,145.47938455284762,0.4192056571089372,0,100,900,1790629056.269699,2399.97625,3099.81,performance,,32861568.0,31943228.0,29324752.0,0.0,0.0,15.51,16.3,15.69,,,
12,27,thread_local,ThreadLocal,250,read-heavy,1,314179.80465257645,763.0,1615.0,782.1421911111111,332.1119828561745,0.4246184218554637,0,100,900,1790629058.9454348,2615.17075,3247.789,performance,,32861568.0,31948176.0,29329656.0,0.0,0.0,15.51,16.3,15.69,,,
12,28,disabled,Disabled,2000,read-heavy,1,268917.9511021906,2127.0,42205.0,7162.460872222222,10948.879730648054,1.5286477547277768,0,100,900,1790629062.241028,2300.0,2300.0,performance,,32861568.0,31942488.0,29323936.0,0.0,0.0,14.35,16.05,15.61,,,
12,29,sharded_n,Sharded-N,250,read-heavy,1,300266.1959916198,786.0,1831.0,818.1572444444445,369.79975444105906,0.45199105300615555,0,100,900,1790629072.2434864,2388.356625,3006.853,performance,,32861568.0,31959736.0,29340860.0,0.0,0.0,15.98,16.33,15.71,,,
12,30,thread_local,ThreadLocal,1000,read-heavy,1,292434.32522352587,1950.0,13615.0,3318.8840444444445,3173.6222430232388,0.9562317334754847,0,100,900,1790629075.5909932,2386.627875,2993.023,performance,,32861568.0,31973112.0,29354260.0,0.0,0.0,14.7,16.06,15.63,,,
12,31,sharded_n,Sharded-N,2000,read-heavy,1,256027.71453355887,2269.0,41734.0,7530.314450555556,11351.424745333616,1.5074303762303252,0,100,900,1790629081.5664284,2810.716,3219.074,performance,,32861568.0,31917260.0,29298180.0,0.0,0.0,15.2,16.14,15.65,,,
12,32,global_mutex,GlobalMutex,250,mixed,1,299535.3073143191,808.0,1646.0,821.3909555555556,328.93116462132036,0.4004562777281187,0,100,900,1790629091.9247856,2300.0,2300.0,performance,,32861568.0,31937664.0,29318284.0,0.0,0.0,14.87,16.03,15.63,,,
12,33,global_mutex,GlobalMutex,750,write-heavy,1,281966.268926649,1966.0,8693.0,2588.3093155555557,1880.1480103198878,0.7264000477146728,0,100,900,1790629095.0946064,2398.987875,3091.903,performance,,32861568.0,31952420.0,29333056.0,0.0,0.0,13.68,15.77,15.54,,,
12,34,sharded_2key,Sharded-2key,1500,write-heavy,1,260319.95704938218,2235.0,30700.0,5568.0531925925925,7478.316795106066,1.343075674107204,0,100,900,1790629100.1127312,2300.0,2300.0,performance,,32861568.0,31935552.0,29316156.0,0.0,0.0,12.58,15.51,15.46,,,
12,35,sharded_2key,Sharded-2key,3000,mixed,1,237734.74578497052,2488.0,85988.0,12179.374224074074,20569.545092584725,1.688883575966195,0,100,900,1790629108.2500765,2300.0,2300.0,performance,,32861568.0,31941104.0,29321492.0,0.0,0.0,12.7,15.48,15.45,,,
12,36,sharded_2key,Sharded-2key,1000,read-heavy,1,284189.2636041479,2009.0,14496.0,3424.8345044444445,3372.3206613139696,0.9846667501561529,0,100,900,1790629123.2798862,2300.0,2300.0,performance,,32861568.0,31949268.0,29329208.0,0.0,0.0,18.52,16.63,15.83,,,
12,37,hdr_histogram,HdrHistogram,100,write-heavy,1,293809.1004554828,324.0,673.0,333.58234444444446,129.73782416209602,0.38892293409042467,0,100,900,1790629129.3397064,2300.0,2300.0,performance,,32861568.0,31947740.0,29327596.0,0.0,0.0,19.36,16.84,15.9,,,
12,38,thread_local,ThreadLocal,750,read-heavy,1,291553.88807963417,1879.0,8808.0,2509.11292,1898.2592687947317,0.7565459703562213,0,100,900,1790629132.0030217,2387.962375,3003.699,performance,,32861568.0,31958236.0,29338108.0,0.0,0.0,17.81,16.56,15.81,,,
12,39,hdr_histogram,HdrHistogram,3000,mixed,1,237080.5386998722,2500.0,79524.0,12191.984400370371,20460.40908415603,1.6781853070230697,0,100,900,1790629137.098782,2407.363375,3158.907,performance,,32861568.0,31964972.0,29344776.0,0.0,0.0,17.9,16.6,15.83,,,
12,40,disabled,Disabled,1000,mixed,1,274263.92529674777,2061.0,15091.0,3546.4909666666667,3485.341429598437,0.9827577349997584,0,100,900,1790629152.1758966,2724.936,3250.647,performance,,32861568.0,31951852.0,29331148.0,0.0,0.0,20.66,17.27,16.06,,,
12,41,hdr_histogram,HdrHistogram,100,read-heavy,1,285661.4555753778,328.0,790.0,342.31373333333335,142.7335337958752,0.4169670097836425,0,100,900,1790629158.1742833,2624.913,3235.613,performance,,32861568.0,31945688.0,29324996.0,0.0,0.0,20.69,17.33,16.09,,,
12,42,thread_local,ThreadLocal,1500,read-heavy,1,270958.68928919605,2108.0,27691.0,5355.634931111111,7103.1277142193985,1.3262904969412737,0,100,900,1790629161.013393,2787.174125,3114.918,performance,,32861568.0,31973992.0,29353276.0,0.0,0.0,19.03,17.05,16.0,,,
12,43,hdr_histogram,HdrHistogram,2000,write-heavy,1,251000.81649687106,2322.0,44840.0,7667.3871594444445,11516.814246821168,1.502052003808771,0,100,900,1790629169.0927844,2300.0,2300.0,performance,,32861568.0,31921500.0,29300500.0,0.0,0.0,19.11,17.1,16.03,,,
12,44,sharded_n,Sharded-N,1500,read-heavy,1,267335.03615242784,2107.0,27591.0,5434.295208148148,7076.14577479093,1.3021275995792427,0,100,900,1790629179.461329,2388.286,3006.288,performance,,32861568.0,31951756.0,29330544.0,0.0,0.0,21.35,17.77,16.27,,,
12,45,disabled,Disabled,500,mixed,1,288399.1884057179,1560.0,4643.0,1701.6348511111112,912.801304146307,0.5364260749303988,0,100,900,1790629187.620975,2300.0,2300.0,performance,,32861568.0,31934248.0,29312788.0,0.0,0.0,20.6,17.68,16.25,,,
12,46,disabled,Disabled,100,read-heavy,1,291553.15220157505,322.0,757.0,335.80604444444447,142.1332467234172,0.42325994148962265,0,100,900,1790629191.7041728,2300.0,2300.0,performance,,32861568.0,31933976.0,29312572.0,0.0,0.0,19.19,17.43,16.18,,,
12,47,disabled,Disabled,750,write-heavy,1,275936.2508919072,1946.0,9248.0,2653.3522177777777,2008.352729469842,0.7569114707100091,0,100,900,1790629194.5438573,2300.0,2300.0,performance,,32861568.0,31954384.0,29332952.0,0.0,0.0,17.65,17.14,16.09,,,
12,48,sharded_2key,Sharded-2key,750,write-heavy,1,272075.63827213534,2041.0,9336.0,2695.6239807407405,1990.6939117398042,0.7384909490205581,0,100,900,1790629199.614094,2386.268375,2990.147,performance,,32861568.0,31952648.0,29331196.0,0.0,0.0,16.24,16.86,16.0,,,
12,49,global_mutex,GlobalMutex,1000,mixed,1,267181.0533678756,2145.0,15396.0,3632.244471111111,3572.640370560992,0.9835902839073257,0,100,900,1790629204.7301073,2300.0,2300.0,performance,,32861568.0,31940100.0,29318472.0,0.0,0.0,14.94,16.58,15.92,,,
12,50,global_mutex,GlobalMutex,2000,write-heavy,1,243565.14255620845,2411.0,46257.0,7927.396201111111,11992.52972038824,1.5127955530603299,0,100,900,1790629210.8380527,2300.0,2300.0,performance,,32861568.0,31938224.0,29316412.0,0.0,0.0,13.74,16.3,15.83,,,
12,51,disabled,Disabled,1000,write-heavy,1,264315.4477786371,2108.0,15761.0,3678.786918888889,3720.815849471225,1.0114246710964794,0,100,900,1790629221.4374664,2387.938,3003.504,performance,,32861568.0,31951976.0,29329896.0,0.0,0.0,13.48,16.17,15.79,,,
12,52,sharded_2key,Sharded-2key,1000,mixed,1,262334.14052945975,2156.0,15529.0,3712.825948888889,3636.875136412614,0.9795436647120493,0,100,900,1790629227.5734615,2718.43575,3051.578,performance,,32861568.0,31940352.0,29318168.0,0.0,0.0,13.52,16.14,15.78,,,
12,53,sharded_2key,Sharded-2key,1500,read-heavy,1,257952.20020308145,2213.0,30092.0,5618.802559259259,7465.090105089881,1.3285909277570385,0,100,900,1790629233.7432177,2494.49075,3099.72,performance,,32861568.0,31923604.0,29301320.0,0.0,0.0,13.0,15.99,15.74,,,
12,54,hdr_histogram,HdrHistogram,1500,read-heavy,1,262915.23663231224,2173.0,27768.0,5524.414934814815,7205.575155987205,1.3043146181105503,0,100,900,1790629242.137056,2479.16925,3046.704,performance,,32861568.0,31956636.0,29334036.0,0.0,0.0,13.11,15.91,15.71,,,
12,55,global_mutex,GlobalMutex,2000,mixed,1,243697.6123039749,2409.0,45378.0,7900.126493888889,11933.108556895213,1.5104958846071668,0,100,900,1790629250.4255257,2387.58875,3000.71,performance,,32861568.0,31926776.0,29303980.0,0.0,0.0,12.2,15.63,15.62,,,
12,56,disabled,Disabled,250,mixed,1,303136.2525187389,787.0,1658.0,808.4656222222222,331.75033461506894,0.4103456294198259,0,100,900,1790629261.020921,2300.0,2300.0,performance,,32861568.0,31943452.0,29320496.0,0.0,0.0,10.98,15.26,15.5,,,
12,57,sharded_2key,Sharded-2key,500,write-heavy,1,282994.95556272025,1630.0,4299.0,1731.5172555555555,850.6471775806093,0.49127271175110526,0,100,900,1790629264.1854572,2828.9055,3035.458,performance,,32861568.0,31959376.0,29336428.0,0.0,0.0,10.98,15.26,15.5,,,
12,58,disabled,Disabled,1500,write-heavy,1,256785.26424453952,2235.0,28758.0,5662.700154074074,7400.852795302199,1.306947674066337,0,100,900,1790629268.3033159,2383.071,2964.568,performance,,32861568.0,31952448.0,29329456.0,0.0,0.0,10.1,15.0,15.42,,,
12,59,hdr_histogram,HdrHistogram,3000,write-heavy,1,226980.90369490001,2635.0,89255.0,12720.243133703703,21423.653756926757,1.684217316582762,0,100,900,1790629276.5191867,2477.749375,3016.022,performance,,32861568.0,31947436.0,29324100.0,0.0,0.0,13.37,15.52,15.58,,,
12,60,sharded_n,Sharded-N,1000,read-heavy,1,280005.6220275472,2056.0,15217.0,3472.9369755555554,3537.211220396678,1.0185071728319632,0,100,900,1790629292.1413734,2563.874625,3014.715,performance,,32861568.0,31960760.0,29337072.0,0.0,0.0,15.17,15.79,15.67,,,
12,61,thread_local,ThreadLocal,250,mixed,1,305653.97002082283,786.0,1662.0,805.4558177777777,337.2342391719004,0.4186874459511845,0,100,900,1790629298.2662892,2825.37925,3047.186,performance,,32861568.0,31926832.0,29303156.0,0.0,0.0,15.8,15.91,15.71,,,
12,62,sharded_2key,Sharded-2key,500,mixed,1,286335.95798459376,1596.0,4423.0,1714.0395044444444,872.1224052113209,0.5088111463883639,0,100,900,1790629301.418162,2564.12725,3007.44,performance,,32861568.0,31953384.0,29329652.0,0.0,0.0,14.53,15.65,15.63,,,
12,63,global_mutex,GlobalMutex,100,read-heavy,1,280299.44676426146,337.0,761.0,350.3172777777778,144.85588893646434,0.4134991281484924,0,100,900,1790629305.5076952,2736.086625,3039.56,performance,,32861568.0,31944444.0,29320640.0,0.0,0.0,13.37,15.39,15.54,,,
12,64,thread_local,ThreadLocal,1500,mixed,1,257634.2208584404,2261.0,28725.0,5631.404313333333,7530.102894560396,1.3371625398537914,0,100,900,1790629308.3615758,2564.694,3009.622,performance,,32861568.0,31954148.0,29330348.0,0.0,0.0,13.37,15.39,15.54,,,
12,65,global_mutex,GlobalMutex,1000,read-heavy,1,276503.87543807144,2029.0,14820.0,3513.52056,3436.258053059536,0.9780099459726902,0,100,900,1790629316.565252,2387.80225,3002.418,performance,,32861568.0,31929948.0,29305872.0,0.0,0.0,15.68,15.81,15.68,,,
12,66,global_mutex,GlobalMutex,1500,read-heavy,1,257828.3209411057,2251.0,29153.0,5636.537591111111,7448.212191317081,1.321416218897041,0,100,900,1790629322.7167087,2387.837,3002.696,performance,,32861568.0,31935540.0,29311396.0,0.0,0.0,19.07,16.51,15.9,,,
12,67,hdr_histogram,HdrHistogram,250,write-heavy,1,299036.5636006759,804.0,1651.0,817.4551244444444,336.0136860049211,0.4110484795520505,0,100,900,1790629331.0759015,2300.0,2300.0,performance,,32861568.0,31939612.0,29315160.0,0.0,0.0,17.24,16.21,15.81,,,
12,68,global_mutex,GlobalMutex,3000,read-heavy,1,239000.35898924994,2457.0,68951.0,12067.008638148149,20433.037605440168,1.6932976695520046,0,100,900,1790629334.256167,2660.267875,3106.576,performance,,32861568.0,31948864.0,29324480.0,0.0,0.0,17.24,16.21,15.81,,,
12,69,sharded_2key,Sharded-2key,3000,write-heavy,1,232561.57836144732,2550.0,86169.0,12404.641185185184,20957.665839364076,1.6895019796617523,0,100,900,1790629349.420022,2300.0,2300.0,performance,,32861568.0,31953180.0,29328244.0,0.0,0.0,15.72,15.91,15.72,,,
12,70,disabled,Disabled,1000,read-heavy,1,284078.7002528036,2018.0,14869.0,3408.0197633333332,3463.8270543016743,1.0163752838433533,0,100,900,1790629364.7391717,2811.83025,3046.439,performance,,32861568.0,31959396.0,29334176.0,0.0,0.0,13.41,15.37,15.54,,,
12,71,disabled,Disabled,250,read-heavy,1,301987.4689212616,784.0,1794.0,812.7482311111111,363.3236466345919,0.4470309903202014,0,100,900,1790629370.8094943,2387.818875,3002.551,performance,,32861568.0,31935944.0,29310632.0,0.0,0.0,12.34,15.11,15.46,,,
12,72,thread_local,ThreadLocal,100,write-heavy,1,281706.940982953,334.0,719.0,347.8271888888889,141.04728685428464,0.4055096650289212,0,100,900,1790629374.1412065,2300.0,2300.0,performance,,32861568.0,31966632.0,29341300.0,0.0,0.0,12.34,15.11,15.46,,,
12,73,thread_local,ThreadLocal,500,write-heavy,1,299901.5828970158,1541.0,4082.0,1635.043408888889,808.5485733486327,0.49451199212997676,0,100,900,1790629376.8167067,2388.88775,3011.102,performance,,32861568.0,31977356.0,29351984.0,0.0,0.0,15.91,15.81,15.68,,,
12,74,sharded_n,Sharded-N,250,mixed,1,294704.6023179473,812.0,1737.0,832.44432,352.6556063698415,0.4236386721574862,0,100,900,1790629380.8403683,2396.30225,3070.418,performance,,32861568.0,31950972.0,29325620.0,0.0,0.0,14.64,15.54,15.6,,,
12,75,sharded_2key,Sharded-2key,2000,read-heavy,1,257329.6900776896,2253.0,44636.0,7502.007774444444,11325.469668326254,1.5096584819475147,0,100,900,1790629384.0242598,2387.42475,2999.398,performance,,32861568.0,31959052.0,29333652.0,0.0,0.0,14.64,15.54,15.6,,,
12,76,disabled,Disabled,1500,read-heavy,1,282157.9774939749,2028.0,25729.0,5116.806231111111,6584.128878211406,1.2867653338480374,0,100,900,1790629394.3600478,2300.0,2300.0,performance,,32861568.0,31927536.0,29301728.0,0.0,0.0,13.51,15.26,15.51,,,
12,77,disabled,Disabled,750,mixed,1,287338.44275799475,1884.0,8712.0,2552.0131822222224,1906.792367001691,0.7471718329218461,0,100,900,1790629402.25353,2828.015625,3206.257,performance,,32861568.0,31939628.0,29313608.0,0.0,0.0,12.39,14.96,15.41,,,
12,78,sharded_2key,Sharded-2key,2000,write-heavy,1,247991.23390997382,2377.0,42421.0,7779.116501666666,11670.931739650063,1.5002901341237889,0,100,900,1790629407.223032,2300.0,2300.0,performance,,32861568.0,31944680.0,29318652.0,0.0,0.0,13.48,15.14,15.46,,,
12,79,sharded_n,Sharded-N,750,read-heavy,1,284422.6360235045,1936.0,8984.0,2577.236025185185,1898.2625200897742,0.7365497383784926,0,100,900,1790629417.6741812,2300.0,2300.0,performance,,32861568.0,31953928.0,29327576.0,0.0,0.0,15.87,15.63,15.62,,,
12,80,thread_local,ThreadLocal,3000,mixed,1,238097.01630621738,2497.0,67196.0,12104.125673703704,20542.82105854607,1.6971751295655737,0,100,900,1790629422.831777,2300.0,2300.0,performance,,32861568.0,31955216.0,29328976.0,0.0,0.0,19.97,16.48,15.89,,,
12,81,hdr_histogram,HdrHistogram,750,write-heavy,1,275232.5774301382,1972.0,9151.0,2661.2945185185185,2011.0087210050024,0.7556505704315976,0,100,900,1790629437.8521667,2300.0,2300.0,performance,,32861568.0,31948268.0,29321492.0,0.0,0.0,28.35,18.41,16.53,,,
12,82,disabled,Disabled,250,write-heavy,1,303614.0692638447,791.0,1668.0,805.9250266666667,335.76846949276256,0.41662494448337506,0,100,900,1790629442.938192,2300.0,2300.0,performance,,32861568.0,31926516.0,29299792.0,0.0,0.0,27.28,18.35,16.52,,,
12,83,hdr_histogram,HdrHistogram,500,read-heavy,1,292555.0835876358,1565.0,4435.0,1677.2965933333332,873.0674804928967,0.5205206306165733,0,100,900,1790629446.0988772,2300.0,2300.0,performance,,32861568.0,31948184.0,29321412.0,0.0,0.0,25.1,18.05,16.43,,,
12,84,thread_local,ThreadLocal,1000,mixed,1,275622.3198726785,2056.0,15227.0,3533.0181433333332,3508.8730074902423,0.9931658613504004,0,100,900,1790629450.3322809,2397.86425,3082.914,performance,,32861568.0,31950440.0,29323496.0,0.0,0.0,23.09,17.75,16.34,,,
12,85,thread_local,ThreadLocal,500,read-heavy,1,297710.2333888194,1537.0,4189.0,1644.5557911111111,824.4266612118614,0.5013065933475288,0,100,900,1790629456.3103445,2387.832875,3002.663,performance,,32861568.0,31945892.0,29318772.0,0.0,0.0,21.24,17.45,16.26,,,
12,86,thread_local,ThreadLocal,3000,read-heavy,1,244415.55800363247,2393.0,81863.0,11799.38762,19864.190813420588,1.6834933687364182,0,100,900,1790629460.5068054,2300.0,2300.0,performance,,32861568.0,31938956.0,29311856.0,0.0,0.0,19.54,17.16,16.17,,,
12,87,hdr_histogram,HdrHistogram,2000,read-heavy,1,255035.0636062351,2245.0,40010.0,7578.505521111111,11261.17956372697,1.485936710391936,0,100,900,1790629475.3850632,2300.0,2300.0,performance,,32861568.0,31953220.0,29325692.0,0.0,0.0,17.4,16.82,16.07,,,
12,88,global_mutex,GlobalMutex,100,mixed,1,280996.12351485586,335.0,760.0,349.05324444444443,141.04526399623535,0.4040795100493163,0,100,900,1790629485.7817297,2300.0,2300.0,performance,,32861568.0,31956176.0,29328376.0,0.0,0.0,17.16,16.81,16.08,,,
12,89,sharded_2key,Sharded-2key,250,mixed,1,297884.52025455737,808.0,1706.0,825.6695555555556,352.3738923789554,0.4267735076435742,0,100,900,1790629488.4584677,2388.422625,3007.381,performance,,32861568.0,31962584.0,29334752.0,0.0,0.0,17.16,16.81,16.08,,,
12,90,sharded_n,Sharded-N,500,read-heavy,1,296559.2110967717,1552.0,4209.0,1650.4393533333334,828.1543580202108,0.5017781212909259,0,100,900,1790629491.6333988,2399.559125,3096.473,performance,,32861568.0,31965276.0,29337464.0,0.0,0.0,18.51,17.09,16.18,,,
12,91,hdr_histogram,HdrHistogram,1500,mixed,1,266328.3150210143,2139.0,28896.0,5436.149164444444,7179.9695989651,1.320782300442793,0,100,900,1790629495.8429918,2392.010375,3036.083,performance,,32861568.0,31931304.0,29303396.0,0.0,0.0,17.02,16.81,16.09,,,
12,92,sharded_n,Sharded-N,3000,mixed,1,236087.27039189552,2507.0,83775.0,12248.212068518518,20576.822626309397,1.6799858225183608,0,100,900,1790629503.8629587,2300.0,2300.0,performance,,32861568.0,31936420.0,29308292.0,0.0,0.0,16.86,16.78,16.08,,,
12,93,sharded_2key,Sharded-2key,250,read-heavy,1,298378.3158425843,800.0,1774.0,822.060511111111,354.75747119533804,0.4315466640233598,0,100,900,1790629518.9718628,2300.0,2300.0,performance,,32861568.0,31941368.0,29312852.0,0.0,0.0,16.61,16.74,16.08,,,
12,94,thread_local,ThreadLocal,2000,read-heavy,1,263090.7648588382,2180.0,43049.0,7338.5462777777775,11018.385383730978,1.5014397902069934,0,100,900,1790629522.3118732,2679.675625,3149.806,performance,,32861568.0,31955760.0,29327256.0,0.0,0.0,16.08,16.62,16.05,,,
12,95,global_mutex,GlobalMutex,500,read-heavy,1,294826.61198793974,1545.0,4381.0,1661.931091111111,850.8808480241377,0.5119832299757191,0,100,900,1790629532.4891448,2300.0,2300.0,performance,,32861568.0,31937660.0,29308892.0,0.0,0.0,19.98,17.43,16.32,,,
12,96,thread_local,ThreadLocal,1000,write-heavy,1,271875.30269350106,2118.0,15116.0,3582.7944233333333,3509.6653885818496,0.9795888275712323,0,100,900,1790629536.6961608,2300.0,2300.0,performance,,32861568.0,31954740.0,29325980.0,0.0,0.0,19.18,17.31,16.28,,,
12,97,thread_local,ThreadLocal,750,write-heavy,1,277652.70882943465,1957.0,9059.0,2639.2018222222223,1984.8689964722178,0.7520716982534316,0,100,900,1790629542.738278,2397.636875,3081.095,performance,,32861568.0,31947420.0,29318444.0,0.0,0.0,19.41,17.39,16.31,,,
12,98,global_mutex,GlobalMutex,1500,mixed,1,254406.8304050385,2296.0,29172.0,5701.1350414814815,7482.062366713124,1.312381185899581,0,100,900,1790629547.7941823,2300.0,2300.0,performance,,32861568.0,31943100.0,29314152.0,0.0,0.0,19.22,17.38,16.32,,,
12,99,thread_local,ThreadLocal,100,mixed,1,278395.2343487158,336.0,853.0,351.3628888888889,156.0120696831861,0.44401977162853307,0,100,900,1790629556.0603142,2387.770625,3002.165,performance,,32861568.0,31945272.0,29316004.0,0.0,0.0,17.88,17.17,16.26,,,
12,100,sharded_2key,Sharded-2key,2000,mixed,1,249344.5037059341,2336.0,44573.0,7739.796238888889,11542.433715909712,1.4913097657421952,0,100,900,1790629558.742166,2300.0,2300.0,performance,,32861568.0,31957372.0,29328116.0,0.0,0.0,17.88,17.17,16.26,,,
12,101,hdr_histogram,HdrHistogram,1000,write-heavy,1,261206.89537329072,2142.0,15761.0,3724.6441566666667,3697.529309886387,0.9927201510695332,0,100,900,1790629569.1596692,2397.659875,3081.279,performance,,32861568.0,31946824.0,29317288.0,0.0,0.0,16.58,16.91,16.19,,,
12,102,sharded_n,Sharded-N,1000,write-heavy,1,262086.96906443647,2215.0,15588.0,3713.5329466666667,3698.763759033952,0.9960228742157864,0,100,900,1790629575.3497393,2927.636625,3083.221,performance,,32861568.0,31923312.0,29293756.0,0.0,0.0,15.65,16.71,16.13,,,
12,103,disabled,Disabled,2000,write-heavy,1,246710.66593590184,2393.0,45673.0,7808.626808888889,11811.011650512499,1.5125593704987317,0,100,900,1790629581.5260608,2635.0365,3061.45,performance,,32861568.0,31939920.0,29310204.0,0.0,0.0,16.96,16.97,16.22,,,
12,104,hdr_histogram,HdrHistogram,500,mixed,1,279852.1867764614,1635.0,4423.0,1752.3970777777777,883.1565909077704,0.5039705909734254,0,100,900,1790629592.0209088,2300.0,2300.0,performance,,32861568.0,31938344.0,29308304.0,0.0,0.0,24.28,18.54,16.73,,,
12,105,sharded_n,Sharded-N,750,write-heavy,1,289569.0610454089,1905.0,8630.0,2524.8425807407407,1848.048086507922,0.7319458649044726,0,100,900,1790629596.1525698,2557.14225,3031.761,performance,,32861568.0,31947280.0,29317216.0,0.0,0.0,22.34,18.23,16.64,,,
12,106,disabled,Disabled,500,write-heavy,1,287018.3260525097,1589.0,4446.0,1707.8816044444445,873.7062700991698,0.5115730902104172,0,100,900,1790629601.1167512,2300.0,2300.0,performance,,32861568.0,31941220.0,29311140.0,0.0,0.0,20.55,17.92,16.55,,,
12,107,sharded_n,Sharded-N,750,mixed,1,274921.8623192291,1987.0,9337.0,2666.1141733333334,2011.5399168828083,0.7544837865543703,0,100,900,1790629605.206836,2564.6185,3009.498,performance,,32861568.0,31957964.0,29327804.0,0.0,0.0,18.9,17.63,16.46,,,
12,108,sharded_n,Sharded-N,100,read-heavy,1,288927.5684428879,326.0,707.0,339.0222888888889,137.8617131258882,0.4066449836608559,0,100,900,1790629610.2835639,2830.936,3053.364,performance,,32861568.0,31929016.0,29298724.0,0.0,0.0,17.39,17.33,16.38,,,
12,109,sharded_n,Sharded-N,2000,write-heavy,1,244311.76202921945,2404.0,45228.0,7905.333773333334,11987.137548063147,1.5163354124905841,0,100,900,1790629613.1331084,2300.0,2300.0,performance,,32861568.0,31951092.0,29320772.0,0.0,0.0,17.39,17.33,16.38,,,
12,110,hdr_histogram,HdrHistogram,500,write-heavy,1,281114.335627198,1612.0,4589.0,1749.385808888889,918.1989820918706,0.5248693441014356,0,100,900,1790629623.711802,2300.0,2300.0,performance,,32861568.0,31946652.0,29315972.0,0.0,0.0,16.09,17.06,16.3,,,
12,111,global_mutex,GlobalMutex,3000,write-heavy,1,235098.4314444678,2530.0,84078.0,12275.992371481481,20572.831458141132,1.6758589314485195,0,100,900,1790629627.8374655,2388.1145,3004.916,performance,,32861568.0,31955216.0,29324608.0,0.0,0.0,15.45,16.91,16.25,,,
12,112,sharded_n,Sharded-N,500,write-heavy,1,277340.8686691218,1653.0,4474.0,1769.3374266666667,891.0402420955464,0.5036010817756886,0,100,900,1790629643.0170457,2852.273,3088.498,performance,,32861568.0,31962592.0,29331540.0,0.0,0.0,15.65,16.89,16.26,,,
12,113,global_mutex,GlobalMutex,250,read-heavy,1,307676.32703647565,787.0,1613.0,798.8528755555556,328.94373610573854,0.4117701095799115,0,100,900,1790629647.1664522,2389.43075,3015.446,performance,,32861568.0,31945800.0,29314740.0,0.0,0.0,15.6,16.86,16.25,,,
12,114,global_mutex,GlobalMutex,500,mixed,1,285061.08245165413,1596.0,4561.0,1715.3932222222222,875.7880189964371,0.5105465077341796,0,100,900,1790629650.4824667,2387.5255,3000.204,performance,,32861568.0,31960280.0,29329240.0,0.0,0.0,14.35,16.58,16.16,,,
12,115,disabled,Disabled,100,mixed,1,279951.898042763,334.0,818.0,349.77125555555557,151.90136953022466,0.43428774411137266,0,100,900,1790629654.5833652,2387.541,3000.328,performance,,32861568.0,31934424.0,29303324.0,0.0,0.0,13.2,16.31,16.08,,,
12,116,global_mutex,GlobalMutex,500,write-heavy,1,285679.10963740305,1610.0,4395.0,1717.1670577777777,847.9912072033026,0.4938315135748679,0,100,900,1790629657.259786,2300.0,2300.0,performance,,32861568.0,31951684.0,29320556.0,0.0,0.0,13.2,16.31,16.08,,,
12,117,hdr_histogram,HdrHistogram,750,read-heavy,1,281426.2149072032,1950.0,9153.0,2604.768471111111,1966.8600665933247,0.7550997673717714,0,100,900,1790629661.357867,2745.96025,3087.688,performance,,32861568.0,31937020.0,29305768.0,0.0,0.0,12.14,16.03,15.99,,,
12,118,thread_local,ThreadLocal,100,read-heavy,1,285317.85693192575,328.0,767.0,343.91474444444447,146.7775025324377,0.42678455897417317,0,100,900,1790629666.5458412,2475.959875,3009.394,performance,,32861568.0,31913444.0,29282088.0,0.0,0.0,11.97,15.93,15.96,,,
12,119,global_mutex,GlobalMutex,3000,mixed,1,235859.6716693794,2508.0,73783.0,12277.127648518519,20289.973987446363,1.6526645782570122,0,100,900,1790629669.3902438,2300.0,2300.0,performance,,32861568.0,31940164.0,29308792.0,0.0,0.0,11.97,15.93,15.96,,,
12,120,sharded_2key,Sharded-2key,100,write-heavy,1,272867.44969740865,343.0,823.0,359.4848777777778,152.48720098439998,0.42418251896165365,0,100,900,1790629684.5674021,2399.65625,3097.25,performance,,32861568.0,31957684.0,29325880.0,0.0,0.0,11.22,15.51,15.82,,,
12,121,global_mutex,GlobalMutex,250,write-heavy,1,290382.75731966365,822.0,1846.0,847.2103733333333,372.60649032210574,0.43980397555343015,0,100,900,1790629687.251725,2657.217625,3049.784,performance,,32861568.0,31970420.0,29338592.0,0.0,0.0,11.22,15.51,15.82,,,
12,122,hdr_histogram,HdrHistogram,2000,mixed,1,250797.25696184934,2322.0,44289.0,7685.652596666667,11542.141389592702,1.501777662263661,0,100,900,1790629690.4463065,2387.59125,3000.73,performance,,32861568.0,31972256.0,29340408.0,0.0,0.0,10.33,15.26,15.73,,,
12,123,sharded_2key,Sharded-2key,100,read-heavy,1,278988.96012785874,339.0,733.0,351.98235555555556,146.6200931141561,0.4165552357950913,0,100,900,1790629700.8127365,2300.0,2300.0,performance,,32861568.0,31934420.0,29302308.0,0.0,0.0,14.12,15.95,15.95,,,
12,124,sharded_n,Sharded-N,1000,mixed,1,269561.5830734897,2116.0,15218.0,3609.19946,3536.4475190899147,0.9798426377604287,0,100,900,1790629703.665109,2300.0,2300.0,performance,,32861568.0,31954232.0,29322124.0,0.0,0.0,14.12,15.95,15.95,,,
12,125,sharded_n,Sharded-N,250,write-heavy,1,294524.7592009747,818.0,1674.0,834.6745955555556,339.660437380895,0.4069375528972684,0,100,900,1790629709.7432044,2392.714125,3041.713,performance,,32861568.0,31922164.0,29289896.0,0.0,0.0,12.61,15.57,15.83,,,
12,126,global_mutex,GlobalMutex,1500,write-heavy,1,259215.0442771179,2195.0,27864.0,5608.3119985185185,7269.254752713621,1.2961573383638167,0,100,900,1790629712.9259646,2576.131375,3072.463,performance,,32861568.0,31967828.0,29335572.0,0.0,0.0,12.61,15.57,15.83,,,
12,127,sharded_2key,Sharded-2key,750,mixed,1,284466.0117687053,1922.0,9173.0,2578.8728044444442,1944.1657979111742,0.7538820040137644,0,100,900,1790629721.100816,2300.0,2300.0,performance,,32861568.0,31953368.0,29320856.0,0.0,0.0,12.14,15.38,15.77,,,
12,128,global_mutex,GlobalMutex,750,read-heavy,1,284286.9547389001,1908.0,9191.0,2576.8371392592594,1972.7324505139936,0.7655634966054073,0,100,900,1790629726.0967827,2300.0,2300.0,performance,,32861568.0,31939648.0,29307004.0,0.0,0.0,11.17,15.13,15.68,,,
12,129,sharded_n,Sharded-N,3000,read-heavy,1,241668.76291419633,2443.0,78568.0,11942.548910740741,19971.61858067242,1.6723078741348587,0,100,900,1790629731.2516916,2394.012,3052.096,performance,,32861568.0,31946584.0,29313884.0,0.0,0.0,10.28,14.87,15.6,,,
12,130,sharded_n,Sharded-N,100,write-heavy,1,273284.78777263616,343.0,825.0,359.4087,150.8371501407972,0.41968141044108614,0,100,900,1790629746.246843,2388.358,3006.864,performance,,32861568.0,31968300.0,29335132.0,0.0,0.0,9.92,14.58,15.49,,,
12,131,global_mutex,GlobalMutex,750,mixed,1,287742.7321543201,1903.0,8902.0,2548.210376296296,1921.8728904649047,0.7542049543249473,0,100,900,1790629748.9336529,2591.938375,3105.369,performance,,32861568.0,31970436.0,29337216.0,0.0,0.0,9.92,14.58,15.49,,,
12,132,hdr_histogram,HdrHistogram,3000,read-heavy,1,245693.12160583347,2390.0,80075.0,11748.56318111111,19575.97844043006,1.66624447080504,0,100,900,1790629753.8959944,2698.022625,3150.105,performance,,32861568.0,31935696.0,29302520.0,0.0,0.0,9.93,14.51,15.46,,,
12,133,global_mutex,GlobalMutex,2000,read-heavy,1,264504.54833674734,2186.0,45134.0,7298.993073888889,10920.762094915932,1.496201186158596,0,100,900,1790629768.694672,2403.12575,3125.006,performance,,32861568.0,31944936.0,29311240.0,0.0,0.0,14.56,15.35,15.73,,,
12,134,sharded_2key,Sharded-2key,3000,read-heavy,1,253978.25599928066,2297.0,78043.0,11351.790722962964,19166.67939959141,1.6884278319913089,0,100,900,1790629778.824145,2300.0,2300.0,performance,,32861568.0,31941452.0,29307544.0,0.0,0.0,15.11,15.44,15.75,,,
12,135,disabled,Disabled,500,read-heavy,1,307247.43798190495,1491.0,4179.0,1599.8148711111112,798.4321507265037,0.49907784028284013,0,100,900,1790629793.2314348,2399.044,3092.352,performance,,32861568.0,31964252.0,29330056.0,0.0,0.0,16.92,15.84,15.88,,,
12,136,disabled,Disabled,3000,write-heavy,1,243552.92339640466,2437.0,82213.0,11830.288243703704,20115.264455027067,1.7003190489236624,0,100,900,1790629797.3810332,2413.295125,3206.361,performance,,32861568.0,31947076.0,29312912.0,0.0,0.0,17.08,15.89,15.9,,,
12,137,sharded_n,Sharded-N,3000,write-heavy,1,240814.03144074522,2444.0,81550.0,11985.91946111111,20077.83289354184,1.6751182884788547,0,100,900,1790629812.0686705,2685.6775,3123.192,performance,,32861568.0,31940456.0,29305768.0,0.0,0.0,20.57,16.73,16.17,,,
12,138,sharded_n,Sharded-N,1500,mixed,1,270325.7048991305,2125.0,27630.0,5364.79682,7006.7787032897795,1.3060659962309216,0,100,900,1790629826.976473,2721.560625,3181.565,performance,,32861568.0,31970344.0,29335356.0,0.0,0.0,18.45,16.45,16.09,,,
12,139,thread_local,ThreadLocal,500,mixed,1,299864.43508717994,1521.0,4124.0,1635.9769288888888,829.9561675222741,0.5073153250919974,0,100,900,1790629834.9131184,2682.225625,3164.876,performance,,32861568.0,31929260.0,29294088.0,0.0,0.0,16.79,16.17,16.0,,,
12,140,disabled,Disabled,750,read-heavy,1,288315.313436169,1905.0,8795.0,2547.410282962963,1898.591402635168,0.7453025589685789,0,100,900,1790629838.9264479,2399.768125,3098.145,performance,,32861568.0,31936136.0,29301008.0,0.0,0.0,16.79,16.17,16.0,,,
12,141,thread_local,ThreadLocal,1500,write-heavy,1,269799.5246538074,2127.0,29023.0,5368.485071111111,7039.05182735546,1.311180292785762,0,100,900,1790629844.0600305,2300.0,2300.0,performance,,32861568.0,31946284.0,29311012.0,0.0,0.0,19.53,16.75,16.19,,,
12,142,hdr_histogram,HdrHistogram,250,mixed,1,292077.35235883493,809.0,1936.0,841.2368044444445,386.04201497453147,0.4588981520244765,0,100,900,1790629851.9958546,2678.004,3105.563,performance,,32861568.0,31919696.0,29284144.0,0.0,0.0,20.62,17.07,16.3,,,
12,143,global_mutex,GlobalMutex,100,write-heavy,1,285294.40480613295,332.0,728.0,344.0453888888889,136.31447380647154,0.3962107274470548,0,100,900,1790629855.1910713,2765.321875,3092.418,performance,,32861568.0,31963884.0,29328364.0,0.0,0.0,18.96,16.78,16.21,,,
12,144,sharded_n,Sharded-N,1500,write-heavy,1,255109.11537003514,2275.0,29154.0,5686.79926,7392.152969145986,1.299879357645198,0,100,900,1790629857.8619034,2557.636875,3012.621,performance,,32861568.0,31952396.0,29316880.0,0.0,0.0,18.96,16.78,16.21,,,
13,1,hdr_histogram,HdrHistogram,500,read-heavy,1,293016.52905393904,1561.0,4340.0,1677.1597111111112,845.003283291592,0.5038299439781921,0,100,900,1790629866.1215534,2481.828625,3055.561,performance,,32861568.0,31941604.0,29305860.0,0.0,0.0,20.25,17.16,16.34,,,
13,2,hdr_histogram,HdrHistogram,2000,read-heavy,1,257289.681410849,2245.0,44672.0,7484.412496111111,11397.261714240414,1.52279978156768,0,100,900,1790629870.3614862,2387.1185,2996.948,performance,,32861568.0,31947708.0,29311984.0,0.0,0.0,18.63,16.88,16.25,,,
13,3,thread_local,ThreadLocal,2000,mixed,1,257528.05185682367,2209.0,39631.0,7502.999250555556,11036.187167144464,1.4709034079041519,0,100,900,1790629880.704299,2750.977875,3100.16,performance,,32861568.0,31922100.0,29285916.0,0.0,0.0,17.31,16.66,16.19,,,
13,4,sharded_n,Sharded-N,1500,mixed,1,260800.94362587872,2211.0,29197.0,5570.346181481482,7367.809631170013,1.322684334353252,0,100,900,1790629890.875287,2388.568125,3008.545,performance,,32861568.0,31927788.0,29291428.0,0.0,0.0,15.68,16.34,16.09,,,
13,5,global_mutex,GlobalMutex,1500,read-heavy,1,272501.7254713377,2089.0,27584.0,5330.763314814815,7108.077708299755,1.3334071104874559,0,100,900,1790629899.0167122,2699.830875,3199.345,performance,,32861568.0,31923436.0,29286888.0,0.0,0.0,16.19,16.44,16.12,,,
13,6,disabled,Disabled,250,write-heavy,1,298531.6204791922,802.0,1699.0,822.4746888888889,344.19947988297395,0.41849248923145055,0,100,900,1790629907.0764441,2399.91125,3099.29,performance,,32861568.0,31962628.0,29325876.0,0.0,0.0,15.82,16.36,16.1,,,
13,7,global_mutex,GlobalMutex,2000,read-heavy,1,258127.45507809942,2248.0,44035.0,7469.823180555555,11304.641993914756,1.5133747775103283,0,100,900,1790629910.2454736,2675.87275,3137.108,performance,,32861568.0,31965520.0,29328804.0,0.0,0.0,14.56,16.08,16.01,,,
13,8,hdr_histogram,HdrHistogram,1000,read-heavy,1,284767.73746269516,1992.0,14192.0,3404.747623333333,3343.1955491666336,0.9819216925962816,0,100,900,1790629920.555015,2939.566125,3251.388,performance,,32861568.0,31950504.0,29313500.0,0.0,0.0,14.68,16.08,16.01,,,
13,9,sharded_n,Sharded-N,1500,write-heavy,1,257955.58552256378,2267.0,28845.0,5626.932464444444,7419.8399449171,1.3186296426697335,0,100,900,1790629926.5998557,2300.0,2300.0,performance,,32861568.0,31936616.0,29299512.0,0.0,0.0,17.5,16.64,16.2,,,
13,10,thread_local,ThreadLocal,100,read-heavy,1,282147.8517756325,335.0,731.0,348.3569888888889,144.94208243721454,0.41607341623751637,0,100,900,1790629934.8021843,2412.387,3199.096,performance,,32861568.0,31953528.0,29316184.0,0.0,0.0,15.92,16.34,16.1,,,
13,11,hdr_histogram,HdrHistogram,100,mixed,1,288381.74822302774,327.0,712.0,339.91934444444445,139.99826026832514,0.4118572907262302,0,100,900,1790629937.641704,2938.769125,3066.95,performance,,32861568.0,31967732.0,29330352.0,0.0,0.0,15.92,16.34,16.1,,,
13,12,sharded_2key,Sharded-2key,2000,mixed,1,256255.70913962924,2291.0,43064.0,7536.501049444444,11247.741059793267,1.4924354134631743,0,100,900,1790629940.3116555,2391.6235,3032.988,performance,,32861568.0,31980332.0,29342896.0,0.0,0.0,14.64,16.07,16.02,,,
13,13,global_mutex,GlobalMutex,750,write-heavy,1,283320.2590267934,1955.0,8737.0,2585.371608888889,1878.0312341750378,0.7264066905191073,0,100,900,1790629950.5147583,2300.0,2300.0,performance,,32861568.0,31941376.0,29303776.0,0.0,0.0,13.94,15.88,15.96,,,
13,14,sharded_2key,Sharded-2key,100,write-heavy,1,279305.31665770116,338.0,741.0,351.6288333333333,145.02629986795745,0.4124414328971623,0,100,900,1790629955.5264745,2411.98775,3195.902,performance,,32861568.0,31927072.0,29289444.0,0.0,0.0,12.82,15.62,15.87,,,
13,15,thread_local,ThreadLocal,3000,read-heavy,1,249392.06387036867,2333.0,73807.0,11589.034345925926,19231.184099180722,1.6594293817017947,0,100,900,1790629958.204236,2412.711375,3201.691,performance,,32861568.0,31955796.0,29318148.0,0.0,0.0,12.82,15.62,15.87,,,
13,16,sharded_2key,Sharded-2key,250,write-heavy,1,305958.8529890339,776.0,1684.0,801.6448933333334,351.3508846835276,0.43828743575296725,0,100,900,1790629972.8365228,2772.877625,3156.335,performance,,32861568.0,31959160.0,29320992.0,0.0,0.0,14.37,15.83,15.94,,,
13,17,hdr_histogram,HdrHistogram,750,write-heavy,1,280061.89935567876,1957.0,8982.0,2615.434548148148,1927.1580845658548,0.7368404940320048,0,100,900,1790629975.9909434,2300.0,2300.0,performance,,32861568.0,31969348.0,29331236.0,0.0,0.0,13.22,15.57,15.85,,,
13,18,hdr_histogram,HdrHistogram,3000,mixed,1,243410.44152466464,2425.0,83470.0,11841.997733703703,20023.453622247864,1.6908847706716565,0,100,900,1790629981.0283751,2411.567875,3192.543,performance,,32861568.0,31911304.0,29273168.0,0.0,0.0,12.16,15.31,15.76,,,
13,19,hdr_histogram,HdrHistogram,100,write-heavy,1,280623.3146445793,333.0,781.0,348.93278888888887,148.44395994782494,0.42542278821235724,0,100,900,1790629995.791025,2300.0,2300.0,performance,,32861568.0,31942740.0,29304140.0,0.0,0.0,11.82,15.09,15.69,,,
13,20,hdr_histogram,HdrHistogram,3000,read-heavy,1,243540.61427576965,2419.0,82259.0,11835.600593703704,19984.32585490814,1.6884927551153923,0,100,900,1790629998.4690425,2401.8995,3115.196,performance,,32861568.0,31948656.0,29310000.0,0.0,0.0,11.82,15.09,15.69,,,
13,21,sharded_2key,Sharded-2key,1500,read-heavy,1,285376.15821110806,1999.0,26978.0,5102.965458518519,6697.680511795625,1.312507514746157,0,100,900,1790630013.3710976,2300.0,2300.0,performance,,32861568.0,31964928.0,29325872.0,0.0,0.0,16.93,16.04,15.99,,,
13,22,sharded_n,Sharded-N,2000,write-heavy,1,252575.3176447041,2317.0,44370.0,7623.4095122222225,11442.591291454475,1.5009807977794127,0,100,900,1790630021.1954896,2398.59375,3088.75,performance,,32861568.0,31935304.0,29296128.0,0.0,0.0,15.29,15.73,15.89,,,
13,23,thread_local,ThreadLocal,1500,write-heavy,1,262435.4725482567,2205.0,29216.0,5530.441347407407,7407.8021368691425,1.3394594882272488,0,100,900,1790630031.5194173,2659.300125,3049.833,performance,,32861568.0,31942944.0,29303556.0,0.0,0.0,13.6,15.35,15.76,,,
13,24,global_mutex,GlobalMutex,3000,mixed,1,236034.3363002495,2517.0,71949.0,12256.105248888889,20336.37526638075,1.6592852993184275,0,100,900,1790630039.6133687,2637.586,3004.552,performance,,32861568.0,31967036.0,29327456.0,0.0,0.0,12.61,15.09,15.67,,,
13,25,sharded_2key,Sharded-2key,750,read-heavy,1,297131.8272773956,1881.0,8609.0,2469.7770533333332,1790.138796874533,0.7248179727228712,0,100,900,1790630054.7385018,2387.5,3000.0,performance,,32861568.0,31939888.0,29299928.0,0.0,0.0,11.98,14.84,15.58,,,
13,26,thread_local,ThreadLocal,100,mixed,1,292088.87599832163,320.0,733.0,334.73296666666664,135.8782683258864,0.40593034405600253,0,100,900,1790630059.8047392,2300.0,2300.0,performance,,32861568.0,31941572.0,29301612.0,0.0,0.0,11.02,14.59,15.5,,,
13,27,global_mutex,GlobalMutex,3000,read-heavy,1,243998.8933077751,2396.0,71259.0,11826.878441111112,19866.693754307416,1.6797918278460786,0,100,900,1790630062.4682617,2402.242375,3117.939,performance,,32861568.0,31958676.0,29318696.0,0.0,0.0,11.02,14.59,15.5,,,
13,28,thread_local,ThreadLocal,2000,write-heavy,1,253236.92267163494,2306.0,47486.0,7577.055797777778,11492.425308051892,1.5167402240092287,0,100,900,1790630077.3259108,2300.0,2300.0,performance,,32861568.0,31974500.0,29334084.0,0.0,0.0,12.17,14.68,15.51,,,
13,29,thread_local,ThreadLocal,500,read-heavy,1,306477.6670200785,1520.0,3904.0,1598.8066888888889,770.0146261502474,0.48161834166792167,0,100,900,1790630087.6154764,2489.260375,3085.779,performance,,32861568.0,31951264.0,29310584.0,0.0,0.0,12.14,14.59,15.47,,,
13,30,hdr_histogram,HdrHistogram,1000,write-heavy,1,265686.8040505204,2163.0,16056.0,3663.1549466666665,3707.744086134116,1.0121723323519318,0,100,900,1790630091.7678616,2300.0,2300.0,performance,,32861568.0,31927192.0,29286544.0,0.0,0.0,12.61,14.65,15.49,,,
13,31,hdr_histogram,HdrHistogram,1500,read-heavy,1,269726.1080261806,2138.0,28606.0,5371.727273333333,7141.694850840023,1.3294969173683249,0,100,900,1790630097.8962243,2379.62875,2937.03,performance,,32861568.0,31894260.0,29253460.0,0.0,0.0,13.04,14.7,15.5,,,
13,32,global_mutex,GlobalMutex,2000,mixed,1,262060.50480247408,2196.0,43215.0,7336.477287777778,10924.246078791692,1.4890315406538457,0,100,900,1790630105.999226,2389.452625,3015.621,performance,,32861568.0,31916728.0,29275704.0,0.0,0.0,11.55,14.33,15.37,,,
13,33,sharded_n,Sharded-N,3000,write-heavy,1,232047.79328543151,2562.0,85596.0,12450.114346296295,20811.543060250682,1.6715945316953473,0,100,900,1790630116.038227,2300.0,2300.0,performance,,32861568.0,31941172.0,29299836.0,0.0,0.0,10.88,14.1,15.29,,,
13,34,sharded_2key,Sharded-2key,500,write-heavy,1,282166.2771409284,1614.0,4639.0,1737.9374866666667,893.3559449816072,0.5140322663130122,0,100,900,1790630131.3698163,2959.071875,3106.194,performance,,32861568.0,31953836.0,29312188.0,0.0,0.0,11.37,14.06,15.25,,,
13,35,sharded_n,Sharded-N,250,mixed,1,294814.84254051285,808.0,1842.0,834.19924,376.6023421570766,0.45145371045540217,0,100,900,1790630135.485238,2300.0,2300.0,performance,,32861568.0,31943052.0,29301432.0,0.0,0.0,10.46,13.83,15.17,,,
13,36,sharded_n,Sharded-N,1500,read-heavy,1,267114.1343650768,2133.0,27810.0,5425.3438281481485,7204.3855295112935,1.327913171536336,0,100,900,1790630138.6718261,2469.71875,2999.528,performance,,32861568.0,31956612.0,29314960.0,0.0,0.0,10.46,13.83,15.17,,,
13,37,thread_local,ThreadLocal,100,write-heavy,1,283176.7434114447,334.0,731.0,346.49207777777775,142.93034564023026,0.412506821387987,0,100,900,1790630146.8348007,2300.0,2300.0,performance,,32861568.0,31933000.0,29291020.0,0.0,0.0,10.71,13.77,15.14,,,
13,38,sharded_n,Sharded-N,1000,write-heavy,1,283207.45318489464,2019.0,14529.0,3432.1250288888887,3391.650570892946,0.9882071726247554,0,100,900,1790630149.5085082,2682.8535,3167.186,performance,,32861568.0,31964116.0,29322140.0,0.0,0.0,10.71,13.77,15.14,,,
13,39,hdr_histogram,HdrHistogram,500,write-heavy,1,285440.0517671033,1601.0,4392.0,1719.801611111111,876.3588612849471,0.5095697408486312,0,100,900,1790630155.419517,2391.69575,3033.566,performance,,32861568.0,31930232.0,29288132.0,0.0,0.0,9.07,13.32,14.98,,,
13,40,sharded_2key,Sharded-2key,250,mixed,1,309754.4927741546,769.0,1673.0,791.7145822222222,345.64212307743696,0.43657415290655904,0,100,900,1790630159.5178747,2962.22025,3149.79,performance,,32861568.0,31933368.0,29291348.0,0.0,0.0,9.07,13.32,14.98,,,
13,41,sharded_n,Sharded-N,250,read-heavy,1,316347.6970564638,764.0,1549.0,775.5375644444445,305.17421168029347,0.39350023218914576,0,100,900,1790630162.6655834,2829.3135,3186.434,performance,,32861568.0,31949340.0,29307272.0,0.0,0.0,8.34,13.1,14.89,,,
13,42,disabled,Disabled,250,read-heavy,1,319475.59520816593,743.0,1581.0,767.5428222222222,328.8761035263333,0.4284791597349023,0,100,900,1790630165.9614873,2392.76675,3042.134,performance,,32861568.0,31948404.0,29306264.0,0.0,0.0,7.67,12.88,14.81,,,
13,43,sharded_n,Sharded-N,750,write-heavy,1,274589.80840814643,2013.0,9159.0,2668.775997037037,1970.427924094426,0.7383264561289745,0,100,900,1790630169.2438984,2300.0,2300.0,performance,,32861568.0,31963620.0,29321460.0,0.0,0.0,7.67,12.88,14.81,,,
13,44,global_mutex,GlobalMutex,100,mixed,1,283164.2540694667,333.0,770.0,347.1207444444444,143.55614771609504,0.4135625715652691,0,100,900,1790630174.323272,2399.88225,3099.058,performance,,32861568.0,31918704.0,29276336.0,0.0,0.0,7.06,12.66,14.74,,,
13,45,sharded_2key,Sharded-2key,500,mixed,1,291191.6788444645,1559.0,4364.0,1684.0738044444445,870.8221550925808,0.5170926314478566,0,100,900,1790630176.9948153,2720.800375,3178.256,performance,,32861568.0,31939996.0,29297616.0,0.0,0.0,6.49,12.45,14.66,,,
13,46,sharded_2key,Sharded-2key,1000,mixed,1,276686.42447019904,2054.0,15087.0,3517.3099644444446,3407.6839385678386,0.9688324239305645,0,100,900,1790630181.056811,2684.032875,3135.291,performance,,32861568.0,31948808.0,29306384.0,0.0,0.0,5.97,12.25,14.58,,,
13,47,thread_local,ThreadLocal,250,read-heavy,1,299301.5395515159,796.0,1765.0,819.0037688888889,361.073008490108,0.44086855544018066,0,100,900,1790630187.0290794,2300.0,2300.0,performance,,32861568.0,31910248.0,29267600.0,0.0,0.0,6.53,12.26,14.57,,,
13,48,global_mutex,GlobalMutex,750,read-heavy,1,303354.1802954992,1814.0,8028.0,2404.7793214814815,1744.0432651136705,0.7252404615818304,0,100,900,1790630190.3684127,2411.915,3195.32,performance,,32861568.0,31946372.0,29303720.0,0.0,0.0,6.01,12.06,14.49,,,
13,49,global_mutex,GlobalMutex,750,mixed,1,276619.5508863738,1983.0,9059.0,2650.307225185185,1954.9807909430178,0.7376430824190269,0,100,900,1790630195.3878963,2661.406,3139.53,performance,,32861568.0,31914824.0,29271928.0,0.0,0.0,5.53,11.86,14.41,,,
13,50,disabled,Disabled,1000,mixed,1,275318.159270876,2065.0,15282.0,3530.4464366666666,3499.396400310416,0.9912050679954326,0,100,900,1790630200.45745,2387.387875,2999.103,performance,,32861568.0,31929092.0,29286248.0,0.0,0.0,5.09,11.66,14.33,,,
13,51,thread_local,ThreadLocal,750,read-heavy,1,299143.5721617112,1813.0,8457.0,2446.160531851852,1833.9291549170011,0.7497174167586768,0,100,900,1790630206.4533772,2388.07675,3004.614,performance,,32861568.0,31930708.0,29287676.0,0.0,0.0,4.68,11.46,14.26,,,
13,52,thread_local,ThreadLocal,3000,mixed,1,238434.7908310791,2466.0,81794.0,12103.604971481482,20287.93890053083,1.6761897755530917,0,100,900,1790630211.5012257,2397.93925,3083.514,performance,,32861568.0,31939480.0,29296380.0,0.0,0.0,4.3,11.27,14.18,,,
13,53,sharded_2key,Sharded-2key,3000,mixed,1,237094.94079148394,2499.0,81619.0,12210.059113703704,20356.166554083575,1.6671636365164897,0,100,900,1790630226.4855332,2400.22,3101.76,performance,,32861568.0,31960532.0,29316908.0,0.0,0.0,5.49,11.21,14.11,,,
13,54,sharded_2key,Sharded-2key,2000,read-heavy,1,259000.0919310754,2239.0,44539.0,7472.077824444445,11375.161153908743,1.522355818711577,0,100,900,1790630241.5559473,2521.80325,3104.36,performance,,32861568.0,31963228.0,29319304.0,0.0,0.0,10.65,12.13,14.37,,,
13,55,thread_local,ThreadLocal,1000,read-heavy,1,289476.99453231506,1962.0,13983.0,3359.912212222222,3292.499411593219,0.9799361422647359,0,100,900,1790630251.8489473,2383.90575,2971.246,performance,,32861568.0,31949064.0,29304964.0,0.0,0.0,16.31,13.27,14.72,,,
13,56,thread_local,ThreadLocal,750,mixed,1,288567.46010743716,1895.0,8907.0,2540.982402962963,1910.7186470949746,0.7519605979431196,0,100,900,1790630257.8522632,2396.123125,3068.985,performance,,32861568.0,31939224.0,29294972.0,0.0,0.0,16.13,13.28,14.71,,,
13,57,hdr_histogram,HdrHistogram,1500,write-heavy,1,255162.51847983824,2283.0,31527.0,5691.29996,7595.154695400114,1.3345201884948819,0,100,900,1790630262.8162727,2364.795125,2818.361,performance,,32861568.0,31933304.0,29288976.0,0.0,0.0,18.68,13.86,14.89,,,
13,58,sharded_n,Sharded-N,1000,mixed,1,277659.9120021079,2057.0,15034.0,3503.030057777778,3481.772302055552,0.9939316091008047,0,100,900,1790630271.064456,2399.801875,3098.415,performance,,32861568.0,31959556.0,29315084.0,0.0,0.0,16.62,13.58,14.79,,,
13,59,disabled,Disabled,1000,read-heavy,1,278838.09379570856,2044.0,15632.0,3483.0130077777776,3576.280718544247,1.0267778818391424,0,100,900,1790630277.0431952,2840.148,3122.097,performance,,32861568.0,31941688.0,29296992.0,0.0,0.0,16.49,13.6,14.79,,,
13,60,disabled,Disabled,2000,read-heavy,1,269581.72700733657,2119.0,41467.0,7138.6802988888885,10897.152119225557,1.5264939264644841,0,100,900,1790630283.1548622,2738.882,3089.005,performance,,32861568.0,31950140.0,29305336.0,0.0,0.0,16.61,13.68,14.81,,,
13,61,sharded_2key,Sharded-2key,1500,mixed,1,267589.0485219196,2133.0,26823.0,5408.240006666667,7020.865861202236,1.298179417434823,0,100,900,1790630293.1537113,2616.696625,3205.576,performance,,32861568.0,31937820.0,29292724.0,0.0,0.0,16.41,13.74,14.82,,,
13,62,hdr_histogram,HdrHistogram,250,read-heavy,1,301943.8176761776,797.0,1698.0,812.267568888889,342.5297099143525,0.4216956616683628,0,100,900,1790630301.1359463,2300.0,2300.0,performance,,32861568.0,31947576.0,29302364.0,0.0,0.0,15.0,13.53,14.74,,,
13,63,disabled,Disabled,1500,write-heavy,1,267069.3193641361,2172.0,28187.0,5442.921894074074,7088.31478175733,1.3022995588958681,0,100,900,1790630304.4696686,2412.242125,3197.937,performance,,32861568.0,31965640.0,29320408.0,0.0,0.0,15.0,13.53,14.74,,,
13,64,sharded_2key,Sharded-2key,100,read-heavy,1,284840.3079368058,328.0,859.0,344.8361888888889,154.51109020282126,0.4480709832128638,0,100,900,1790630312.4848695,3047.312,3110.486,performance,,32861568.0,31937684.0,29292308.0,0.0,0.0,13.81,13.32,14.65,,,
13,65,global_mutex,GlobalMutex,1000,read-heavy,1,275651.15734460007,2064.0,15449.0,3522.729341111111,3498.7465068798074,0.9931919736349262,0,100,900,1790630315.323135,2300.0,2300.0,performance,,32861568.0,31951688.0,29306260.0,0.0,0.0,12.7,13.09,14.58,,,
13,66,global_mutex,GlobalMutex,500,mixed,1,292891.25566458766,1570.0,4321.0,1677.349968888889,845.6959921501982,0.5041857738909458,0,100,900,1790630321.474386,2402.165875,3117.327,performance,,32861568.0,31930844.0,29285164.0,0.0,0.0,11.69,12.88,14.5,,,
13,67,sharded_2key,Sharded-2key,3000,read-heavy,1,243331.45306523287,2413.0,82716.0,11888.275564074074,20026.937023955234,1.6845956266757385,0,100,900,1790630325.5315676,2399.268625,3094.149,performance,,32861568.0,31952892.0,29307216.0,0.0,0.0,10.75,12.66,14.42,,,
13,68,disabled,Disabled,500,read-heavy,1,293546.7111765239,1536.0,4486.0,1669.2712333333334,875.1772487252498,0.524287024929811,0,100,900,1790630340.4145072,2389.934875,3019.479,performance,,32861568.0,31955744.0,29309660.0,0.0,0.0,11.09,12.67,14.39,,,
13,69,thread_local,ThreadLocal,2000,read-heavy,1,267224.8794871243,2121.0,41536.0,7195.550378888889,10760.926733003564,1.4954973791268524,0,100,900,1790630344.6302767,2391.35625,3030.85,performance,,32861568.0,31961368.0,29315248.0,0.0,0.0,11.09,12.67,14.39,,,
13,70,global_mutex,GlobalMutex,250,mixed,1,297124.32893001195,806.0,1793.0,826.3929155555555,367.4744928134292,0.4446728497985595,0,100,900,1790630354.7005374,2387.873375,3002.987,performance,,32861568.0,31913828.0,29267468.0,0.0,0.0,10.4,12.44,14.29,,,
13,71,disabled,Disabled,250,mixed,1,308092.24703072436,776.0,1675.0,795.2145822222222,340.3939229172815,0.42805291870535467,0,100,900,1790630357.8766978,2300.0,2300.0,performance,,32861568.0,31927880.0,29281524.0,0.0,0.0,10.4,12.44,14.29,,,
13,72,global_mutex,GlobalMutex,1000,write-heavy,1,273834.02038522315,2069.0,14939.0,3544.9938522222224,3488.2129182460203,0.983982783512979,0,100,900,1790630361.026125,2300.0,2300.0,performance,,32861568.0,31952092.0,29305692.0,0.0,0.0,9.57,12.24,14.21,,,
13,73,sharded_n,Sharded-N,2000,mixed,1,253903.1423120459,2291.0,43317.0,7572.649166666667,11280.730505686639,1.4896676522850454,0,100,900,1790630367.04572,2387.4505,2999.604,performance,,32861568.0,31929524.0,29282916.0,0.0,0.0,9.92,12.27,14.21,,,
13,74,hdr_histogram,HdrHistogram,2000,write-heavy,1,249269.79429234154,2295.0,43849.0,7750.896897777778,11432.699272799127,1.475016301155669,0,100,900,1790630377.3166692,2388.6335,3009.068,performance,,32861568.0,31969748.0,29322820.0,0.0,0.0,9.72,12.14,14.15,,,
13,75,disabled,Disabled,3000,write-heavy,1,238728.8311075096,2487.0,83588.0,12098.727770740741,20467.91072582075,1.6917407444541261,0,100,900,1790630387.7436888,2385.46175,2983.694,performance,,32861568.0,31929780.0,29282672.0,0.0,0.0,9.79,12.07,14.11,,,
13,76,sharded_2key,Sharded-2key,1000,read-heavy,1,289187.230923552,1959.0,14311.0,3366.00269,3317.440039360533,0.9855726049228241,0,100,900,1790630402.7198505,2650.832,3058.442,performance,,32861568.0,31958936.0,29311432.0,0.0,0.0,13.69,12.82,14.32,,,
13,77,sharded_n,Sharded-N,500,mixed,1,301189.0655165089,1524.0,4117.0,1626.25518,809.6883340913489,0.4978851683604469,0,100,900,1790630408.719866,2487.916625,3120.214,performance,,32861568.0,31913056.0,29265480.0,0.0,0.0,14.04,12.91,14.34,,,
13,78,thread_local,ThreadLocal,1000,write-heavy,1,283129.25833069865,1988.0,14998.0,3437.7204322222224,3439.241541323586,1.0004424760917456,0,100,900,1790630412.7353215,2411.4085,3191.268,performance,,32861568.0,31952348.0,29304796.0,0.0,0.0,15.0,13.12,14.4,,,
13,79,disabled,Disabled,100,read-heavy,1,284220.08029899397,326.0,845.0,345.9867111111111,158.28848499394144,0.457498741745339,0,100,900,1790630418.6355312,2402.93425,3123.474,performance,,32861568.0,31915168.0,29267472.0,0.0,0.0,14.6,13.07,14.38,,,
13,80,sharded_n,Sharded-N,100,write-heavy,1,286836.0779397493,332.0,668.0,342.2486,129.71981914260354,0.3790222053285347,0,100,900,1790630421.4741015,2391.9995,3035.996,performance,,32861568.0,31939136.0,29291408.0,0.0,0.0,13.43,12.85,14.3,,,
13,81,thread_local,ThreadLocal,3000,write-heavy,1,238047.19026410577,2497.0,88164.0,12135.85672,20617.70202039889,1.6989078312387071,0,100,900,1790630424.1435792,2396.307875,3070.463,performance,,32861568.0,31946548.0,29298784.0,0.0,0.0,13.43,12.85,14.3,,,
13,82,sharded_n,Sharded-N,2000,read-heavy,1,266423.2256215986,2143.0,39298.0,7243.575771111111,10754.34745229815,1.4846738395681216,0,100,900,1790630439.1580088,2731.6625,3229.167,performance,,32861568.0,31965832.0,29317592.0,0.0,0.0,17.74,13.84,14.6,,,
13,83,hdr_histogram,HdrHistogram,500,mixed,1,291434.196219581,1577.0,4295.0,1685.7783288888888,836.3716373072315,0.4961338172252406,0,100,900,1790630449.2486987,2400.2725,3102.18,performance,,32861568.0,31946116.0,29297672.0,0.0,0.0,19.03,14.26,14.73,,,
13,84,thread_local,ThreadLocal,750,write-heavy,1,282498.36628369795,1922.0,8998.0,2588.589185185185,1939.8169274683742,0.7493722598279347,0,100,900,1790630453.3167822,2300.0,2300.0,performance,,32861568.0,31947284.0,29298828.0,0.0,0.0,18.87,14.3,14.74,,,
13,85,global_mutex,GlobalMutex,1500,write-heavy,1,269372.5716415595,2150.0,28419.0,5393.033082222222,7039.146020675863,1.3052295273099555,0,100,900,1790630458.3237824,2692.225,3097.831,performance,,32861568.0,31955820.0,29307216.0,0.0,0.0,18.72,14.35,14.75,,,
13,86,global_mutex,GlobalMutex,100,write-heavy,1,272040.151240178,342.0,877.0,360.54238888888887,167.62722051462993,0.4649306868776778,0,100,900,1790630466.2651389,2300.0,2300.0,performance,,32861568.0,31955396.0,29306536.0,0.0,0.0,16.94,14.12,14.67,,,
13,87,disabled,Disabled,3000,mixed,1,245880.42170013502,2400.0,80711.0,11728.402448518518,19923.490298636367,1.6987386292455386,0,100,900,1790630468.9484763,2387.686375,3001.491,performance,,32861568.0,31947212.0,29298348.0,0.0,0.0,16.94,14.12,14.67,,,
13,88,disabled,Disabled,3000,read-heavy,1,246443.3359368429,2391.0,83194.0,11698.199084444444,19920.117209931286,1.7028362285627239,0,100,900,1790630483.5572934,2388.486875,3007.895,performance,,32861568.0,31951256.0,29302056.0,0.0,0.0,17.61,14.42,14.77,,,
13,89,sharded_2key,Sharded-2key,750,mixed,1,283201.27602590516,1947.0,8978.0,2588.9289733333335,1931.6346876081204,0.7461134343601075,0,100,900,1790630498.3268251,2300.0,2300.0,performance,,32861568.0,31935396.0,29285892.0,0.0,0.0,18.45,14.73,14.86,,,
13,90,global_mutex,GlobalMutex,500,read-heavy,1,299923.73279388616,1554.0,3930.0,1635.888582222222,761.6764880341435,0.4656041348485162,0,100,900,1790630503.3216,2389.2005,3013.604,performance,,32861568.0,31946296.0,29296732.0,0.0,0.0,17.61,14.62,14.82,,,
13,91,disabled,Disabled,1000,write-heavy,1,275823.63889119675,2042.0,14440.0,3527.880351111111,3448.5764960351426,0.9775208206675741,0,100,900,1790630507.513595,2408.746375,3169.971,performance,,32861568.0,31953616.0,29303980.0,0.0,0.0,17.24,14.59,14.81,,,
13,92,sharded_2key,Sharded-2key,250,read-heavy,1,304838.703108637,782.0,1727.0,806.5362844444444,356.2315928139472,0.4416808018244653,0,100,900,1790630513.5066164,2400.6415,3105.132,performance,,32861568.0,31927096.0,29277296.0,0.0,0.0,16.82,14.55,14.8,,,
13,93,global_mutex,GlobalMutex,1000,mixed,1,273142.8488115667,2084.0,15209.0,3562.6701933333334,3548.4580921268234,0.9960108288347587,0,100,900,1790630516.8352947,2853.387625,3086.296,performance,,32861568.0,31941392.0,29291580.0,0.0,0.0,17.23,14.67,14.84,,,
13,94,hdr_histogram,HdrHistogram,750,read-heavy,1,290416.3811391406,1863.0,8716.0,2521.660077037037,1884.0585230943202,0.7471500779391719,0,100,900,1790630522.8518958,2588.386125,3081.387,performance,,32861568.0,31913864.0,29263936.0,0.0,0.0,17.06,14.68,14.84,,,
13,95,thread_local,ThreadLocal,1500,read-heavy,1,268286.4559618332,2128.0,28686.0,5410.656172592592,7198.492609719094,1.3304287650327324,0,100,900,1790630527.9625292,2408.127875,3165.023,performance,,32861568.0,31896820.0,29246780.0,0.0,0.0,16.97,14.7,14.84,,,
13,96,sharded_n,Sharded-N,100,read-heavy,1,286975.91748480685,328.0,742.0,341.68025555555556,141.3413472213266,0.4136655394134859,0,100,900,1790630536.094607,2604.02525,3140.186,performance,,32861568.0,31921336.0,29270992.0,0.0,0.0,15.54,14.48,14.77,,,
13,97,disabled,Disabled,750,read-heavy,1,295048.8025668585,1862.0,8654.0,2480.132354074074,1842.9440657106722,0.74308294986084,0,100,900,1790630538.9371824,2575.433125,3083.553,performance,,32861568.0,31934996.0,29284652.0,0.0,0.0,15.54,14.48,14.77,,,
13,98,global_mutex,GlobalMutex,250,write-heavy,1,306546.9869444881,782.0,1627.0,797.9636133333333,329.7462019840926,0.4132346343546215,0,100,900,1790630544.0162024,2580.436375,3184.736,performance,,32861568.0,31917516.0,29267188.0,0.0,0.0,15.9,14.57,14.8,,,
13,99,disabled,Disabled,1500,mixed,1,269697.55070237734,2139.0,27346.0,5378.282537777778,7094.469640139789,1.3190957504198193,0,100,900,1790630547.1724882,2387.049875,2996.399,performance,,32861568.0,31936568.0,29286244.0,0.0,0.0,16.31,14.68,14.83,,,
13,100,global_mutex,GlobalMutex,250,read-heavy,1,307449.4963780482,775.0,1688.0,796.9555377777777,345.58147087515454,0.43362704002129177,0,100,900,1790630555.1190486,2300.0,2300.0,performance,,32861568.0,31938820.0,29288196.0,0.0,0.0,14.9,14.44,14.75,,,
13,101,global_mutex,GlobalMutex,3000,write-heavy,1,234679.11169741038,2543.0,84630.0,12294.61877037037,20767.64568293991,1.689165485390182,0,100,900,1790630558.436026,2399.8855,3099.084,performance,,32861568.0,31942824.0,29292268.0,0.0,0.0,14.9,14.44,14.75,,,
13,102,thread_local,ThreadLocal,1500,mixed,1,265615.8711299004,2149.0,28784.0,5447.493737777778,7216.008117682251,1.3246473451892231,0,100,900,1790630573.628979,2300.0,2300.0,performance,,32861568.0,31965016.0,29313892.0,0.0,0.0,16.48,14.81,14.87,,,
13,103,sharded_2key,Sharded-2key,750,write-heavy,1,278775.3748831854,1958.0,9120.0,2628.937579259259,1971.5054316768385,0.7499247784469415,0,100,900,1790630581.6578066,2483.831375,3081.264,performance,,32861568.0,31950204.0,29299060.0,0.0,0.0,17.34,15.07,14.96,,,
13,104,disabled,Disabled,750,mixed,1,288134.66495282407,1899.0,8784.0,2540.7850340740742,1889.1008135354682,0.743510682014035,0,100,900,1790630586.7045527,2399.9605,3099.684,performance,,32861568.0,31921572.0,29270336.0,0.0,0.0,16.03,14.84,14.88,,,
13,105,thread_local,ThreadLocal,1000,mixed,1,272623.2835498348,2108.0,15102.0,3564.6108455555554,3512.4668721802846,0.9853717626875637,0,100,900,1790630591.6734805,2388.8095,3010.476,performance,,32861568.0,31943016.0,29291648.0,0.0,0.0,14.75,14.59,14.8,,,
13,106,hdr_histogram,HdrHistogram,1000,mixed,1,272988.81777107896,2052.0,14791.0,3565.524717777778,3496.145980975291,0.9805417877327948,0,100,900,1790630597.6942575,2389.891875,3019.135,performance,,32861568.0,31934340.0,29282820.0,0.0,0.0,15.65,14.78,14.86,,,
13,107,disabled,Disabled,100,mixed,1,294854.0856077976,321.0,691.0,333.0790333333333,133.72476314962708,0.4014805789825871,0,100,900,1790630603.7337203,2388.82275,3010.582,performance,,32861568.0,31924252.0,29272600.0,0.0,0.0,15.43,14.75,14.85,,,
13,108,thread_local,ThreadLocal,250,write-heavy,1,296651.17137619655,800.0,1812.0,827.2883777777778,367.2887285720617,0.4439669871328968,0,100,900,1790630606.3967261,2392.45975,3039.678,performance,,32861568.0,31954676.0,29302996.0,0.0,0.0,14.2,14.51,14.77,,,
13,109,hdr_histogram,HdrHistogram,250,mixed,1,301884.5007127815,795.0,1637.0,813.4904355555556,340.11993683920537,0.4180994907542187,0,100,900,1790630609.5779495,2828.743875,3070.085,performance,,32861568.0,31962308.0,29310632.0,0.0,0.0,14.2,14.51,14.77,,,
13,110,sharded_2key,Sharded-2key,2000,write-heavy,1,249943.6254929852,2320.0,40874.0,7722.8919,11725.32494849862,1.5182557389542928,0,100,900,1790630612.7415905,2386.8435,2994.748,performance,,32861568.0,31962132.0,29310468.0,0.0,0.0,13.06,14.27,14.69,,,
13,111,hdr_histogram,HdrHistogram,100,read-heavy,1,280777.68980908766,336.0,779.0,349.56983333333335,149.69556431710572,0.42822792484602945,0,100,900,1790630623.156975,2300.0,2300.0,performance,,32861568.0,31938888.0,29286804.0,0.0,0.0,13.54,14.32,14.71,,,
13,112,sharded_n,Sharded-N,750,read-heavy,1,278709.6053792153,2011.0,8685.0,2631.2630044444445,1891.3096691072408,0.7187839702502735,0,100,900,1790630626.0047686,2388.299625,3006.397,performance,,32861568.0,31936484.0,29284376.0,0.0,0.0,12.45,14.09,14.63,,,
13,113,thread_local,ThreadLocal,500,mixed,1,287812.9116606064,1598.0,4373.0,1703.1656533333332,853.0383365775461,0.5008545909248645,0,100,900,1790630631.2291305,2300.0,2300.0,performance,,32861568.0,31950568.0,29298532.0,0.0,0.0,11.46,13.85,14.55,,,
13,114,sharded_n,Sharded-N,3000,read-heavy,1,238064.2616941408,2486.0,81536.0,12109.461132962962,20323.068948827586,1.67828020798601,0,100,900,1790630635.3101711,2300.0,2300.0,performance,,32861568.0,31955704.0,29303584.0,0.0,0.0,10.54,13.62,14.47,,,
13,115,hdr_histogram,HdrHistogram,2000,mixed,1,252778.60946153267,2315.0,44140.0,7633.1338633333335,11483.082776889933,1.5043732996810506,0,100,900,1790630650.5053763,2839.6705,3074.667,performance,,32861568.0,31935920.0,29283228.0,0.0,0.0,10.71,13.54,14.43,,,
13,116,sharded_2key,Sharded-2key,3000,write-heavy,1,238026.99867233363,2502.0,84318.0,12134.983434444444,20467.159695199414,1.6866244445875858,0,100,900,1790630660.8120344,2300.0,2300.0,performance,,32861568.0,31932012.0,29279144.0,0.0,0.0,10.02,13.3,14.34,,,
13,117,hdr_histogram,HdrHistogram,750,mixed,1,275793.9112518965,1938.0,9252.0,2654.3586,2016.8129190899533,0.7598117749010828,0,100,900,1790630675.8413723,2393.763625,3050.109,performance,,32861568.0,31957828.0,29304608.0,0.0,0.0,14.71,14.2,14.62,,,
13,118,sharded_n,Sharded-N,500,write-heavy,1,282987.4120048992,1611.0,4512.0,1726.59906,884.5410366751573,0.5123025125909413,0,100,900,1790630680.9147325,2474.8245,3002.47,performance,,32861568.0,31944524.0,29291308.0,0.0,0.0,13.53,13.96,14.54,,,
13,119,disabled,Disabled,2000,write-heavy,1,252554.61901511913,2304.0,46991.0,7650.268891666667,11587.164638277061,1.5146088068745927,0,100,900,1790630685.0319793,2389.448,3015.584,performance,,32861568.0,31932984.0,29279752.0,0.0,0.0,12.45,13.73,14.46,,,
13,120,global_mutex,GlobalMutex,1500,mixed,1,269348.8933313296,2125.0,26871.0,5388.263007407408,7002.379900410602,1.2995616380982553,0,100,900,1790630695.329177,2300.0,2300.0,performance,,32861568.0,31963240.0,29309592.0,0.0,0.0,13.41,13.91,14.52,,,
13,121,hdr_histogram,HdrHistogram,3000,write-heavy,1,233315.94689685185,2549.0,86894.0,12369.924522962963,20851.66712280316,1.685674563664077,0,100,900,1790630703.28699,2300.0,2300.0,performance,,32861568.0,31947492.0,29293676.0,0.0,0.0,13.29,13.88,14.5,,,
13,122,disabled,Disabled,500,mixed,1,292184.96022991615,1561.0,4336.0,1676.5971222222222,851.1400301616923,0.5076592455518238,0,100,900,1790630718.5578356,2389.831375,3018.651,performance,,32861568.0,31952676.0,29298504.0,0.0,0.0,15.99,14.46,14.68,,,
13,123,sharded_2key,Sharded-2key,100,mixed,1,278624.58841807983,338.0,815.0,352.17837777777777,146.40207473828355,0.4157043247858399,0,100,900,1790630722.615097,2300.0,2300.0,performance,,32861568.0,31941580.0,29287400.0,0.0,0.0,15.83,14.45,14.68,,,
13,124,disabled,Disabled,100,write-heavy,1,276812.27280305914,340.0,797.0,354.5748111111111,144.75946707095707,0.40826212842737614,0,100,900,1790630725.2945142,2837.245625,3059.094,performance,,32861568.0,31963152.0,29308940.0,0.0,0.0,14.56,14.21,14.6,,,
13,125,thread_local,ThreadLocal,250,mixed,1,297245.02923148574,801.0,1755.0,826.0791555555555,369.05017888432803,0.4467491721615153,0,100,900,1790630727.9731884,2651.51125,3005.54,performance,,32861568.0,31975916.0,29321696.0,0.0,0.0,14.56,14.21,14.6,,,
13,126,hdr_histogram,HdrHistogram,1500,mixed,1,261638.02095952068,2212.0,29537.0,5555.32434962963,7286.063537997972,1.3115460195377664,0,100,900,1790630731.144832,2741.67725,3071.288,performance,,32861568.0,31970672.0,29316424.0,0.0,0.0,13.39,13.97,14.52,,,
13,127,hdr_histogram,HdrHistogram,250,write-heavy,1,294506.4930285005,811.0,1785.0,833.0395066666666,361.7511169218506,0.4342544549530015,0,100,900,1790630739.2718978,2300.0,2300.0,performance,,32861568.0,31939528.0,29284936.0,0.0,0.0,13.36,13.96,14.51,,,
13,128,sharded_n,Sharded-N,3000,mixed,1,233449.05421684426,2557.0,88905.0,12358.265543333333,20886.08652172919,1.6900499870708954,0,100,900,1790630742.4616983,2300.0,2300.0,performance,,32861568.0,31955448.0,29300924.0,0.0,0.0,13.49,13.97,14.52,,,
13,129,disabled,Disabled,750,write-heavy,1,277909.98642029293,1961.0,9233.0,2631.041768888889,1971.0058832782893,0.7491351549734848,0,100,900,1790630757.7087314,2300.0,2300.0,performance,,32861568.0,31948168.0,29293164.0,0.0,0.0,14.4,14.15,14.57,,,
13,130,disabled,Disabled,1500,read-heavy,1,271743.9164752826,2081.0,28373.0,5321.787944444444,7115.672950746123,1.3370831429264978,0,100,900,1790630762.7511811,2300.0,2300.0,performance,,32861568.0,31953692.0,29298676.0,0.0,0.0,13.49,13.97,14.5,,,
13,131,sharded_2key,Sharded-2key,1500,write-heavy,1,264523.49661779904,2195.0,27565.0,5493.930457037037,7214.923311502958,1.313253483626016,0,100,900,1790630770.849568,2589.02825,3108.285,performance,,32861568.0,31922084.0,29266892.0,0.0,0.0,12.23,13.69,14.41,,,
13,132,sharded_n,Sharded-N,750,mixed,1,278071.562672396,1969.0,9258.0,2639.8152859259258,1973.8687939177223,0.7477298902091098,0,100,900,1790630778.89958,2387.071,2996.568,performance,,32861568.0,31944676.0,29289216.0,0.0,0.0,17.49,14.76,14.75,,,
13,133,disabled,Disabled,500,write-heavy,1,286644.6116399715,1602.0,4429.0,1712.1552933333332,863.6146560411141,0.5044020594415674,0,100,900,1790630783.9495294,2410.918125,3187.345,performance,,32861568.0,31950696.0,29295300.0,0.0,0.0,17.13,14.73,14.74,,,
13,134,sharded_2key,Sharded-2key,1000,write-heavy,1,274391.4082254938,2082.0,14769.0,3547.16798,3427.544609303419,0.9662763727652444,0,100,900,1790630788.0339828,2300.0,2300.0,performance,,32861568.0,31956320.0,29300816.0,0.0,0.0,17.28,14.8,14.76,,,
13,135,sharded_2key,Sharded-2key,500,read-heavy,1,297386.0989118946,1531.0,4251.0,1642.2926777777777,834.754732839857,0.5082862172712004,0,100,900,1790630794.035462,2716.699375,3200.116,performance,,32861568.0,31944988.0,29289312.0,0.0,0.0,18.7,15.13,14.87,,,
13,136,sharded_n,Sharded-N,100,mixed,1,280793.38870843116,334.0,777.0,349.24047777777776,145.5798595592035,0.41684704042764537,0,100,900,1790630798.232304,2502.793,3189.944,performance,,32861568.0,31939724.0,29284064.0,0.0,0.0,18.81,15.21,14.9,,,
13,137,thread_local,ThreadLocal,500,write-heavy,1,286531.09088982246,1568.0,4669.0,1710.5090533333334,902.7945289145042,0.5277928971818036,0,100,900,1790630800.9077182,2300.0,2300.0,performance,,32861568.0,31945424.0,29289736.0,0.0,0.0,17.3,14.96,14.82,,,
13,138,disabled,Disabled,2000,mixed,1,258775.86824825068,2223.0,41164.0,7457.209579444445,11107.533861049129,1.4895027077778107,0,100,900,1790630805.0018554,2390.87275,3026.982,performance,,32861568.0,31947780.0,29292032.0,0.0,0.0,15.91,14.71,14.74,,,
13,139,sharded_n,Sharded-N,1000,read-heavy,1,282301.08014321583,1981.0,14159.0,3452.8413066666667,3325.709831246466,0.9631806202113203,0,100,900,1790630815.119195,2399.744625,3097.957,performance,,32861568.0,31971388.0,29315292.0,0.0,0.0,14.87,14.54,14.68,,,
13,140,sharded_n,Sharded-N,500,read-heavy,1,299442.25406649965,1537.0,4130.0,1638.7552755555555,807.7908419765253,0.49292951426360815,0,100,900,1790630821.203274,2405.368125,3142.945,performance,,32861568.0,31920108.0,29263916.0,0.0,0.0,13.68,14.3,14.6,,,
13,141,global_mutex,GlobalMutex,2000,write-heavy,1,257008.26044824175,2282.0,44816.0,7506.71509,11218.325161873812,1.494438649578988,0,100,900,1790630825.3949287,2794.609125,3193.125,performance,,32861568.0,31955272.0,29299036.0,0.0,0.0,12.58,14.06,14.52,,,
13,142,sharded_n,Sharded-N,250,write-heavy,1,288733.9237522875,825.0,1847.0,849.9555022222222,375.0246286073034,0.4412285438788213,0,100,900,1790630835.57176,2980.452375,3196.838,performance,,32861568.0,31939284.0,29282704.0,0.0,0.0,10.87,13.64,14.38,,,
13,143,global_mutex,GlobalMutex,100,read-heavy,1,301294.5239740354,311.0,715.0,325.8719111111111,134.04715215302525,0.4113492067971449,0,100,900,1790630838.7707212,2404.774375,3138.195,performance,,32861568.0,31960624.0,29304060.0,0.0,0.0,10.87,13.64,14.38,,,
13,144,global_mutex,GlobalMutex,500,write-heavy,1,285431.65183631674,1588.0,4443.0,1716.8622955555556,885.98398021069,0.5160483648014393,0,100,900,1790630841.5914376,2377.767625,2922.141,performance,,32861568.0,31966576.0,29310020.0,0.0,0.0,10.0,13.42,14.31,,,
14,1,sharded_n,Sharded-N,750,read-heavy,1,285924.95740137494,1932.0,8583.0,2565.2769644444443,1860.390680083539,0.7252202026795338,0,100,900,1790630845.6890094,2300.0,2300.0,performance,,32861568.0,31957392.0,29300724.0,0.0,0.0,9.2,13.2,14.23,,,
14,2,thread_local,ThreadLocal,1500,write-heavy,1,266779.4700905358,2188.0,28562.0,5441.8990511111115,7209.797904782973,1.3248679986650795,0,100,900,1790630850.8288105,2649.1925,3039.697,performance,,32861568.0,31897492.0,29240676.0,0.0,0.0,8.46,12.98,14.15,,,
14,3,sharded_n,Sharded-N,100,write-heavy,1,281638.23302350607,336.0,740.0,348.59653333333335,142.15042650743752,0.40777923161820745,0,100,900,1790630858.8309476,2392.08175,3036.654,performance,,32861568.0,31929128.0,29272056.0,0.0,0.0,8.42,12.89,14.12,,,
14,4,disabled,Disabled,3000,mixed,1,246179.78775226654,2373.0,84281.0,11714.057981111111,20005.18830224252,1.7077931776076947,0,100,900,1790630861.5079312,2300.0,2300.0,performance,,32861568.0,31957836.0,29300768.0,0.0,0.0,7.75,12.68,14.04,,,
14,5,sharded_n,Sharded-N,1000,read-heavy,1,282509.0320476092,2025.0,14658.0,3444.5063477777776,3437.5470766634216,0.9979796027611196,0,100,900,1790630876.112485,2407.571125,3160.569,performance,,32861568.0,31956100.0,29298692.0,0.0,0.0,8.2,12.56,13.98,,,
14,6,global_mutex,GlobalMutex,100,write-heavy,1,284726.94846987014,331.0,697.0,343.8940666666667,135.14942115211463,0.3929972461057716,0,100,900,1790630882.191778,2388.221125,3005.769,performance,,32861568.0,31938632.0,29281176.0,0.0,0.0,8.82,12.62,13.99,,,
14,7,sharded_n,Sharded-N,1500,write-heavy,1,268341.15576292924,2125.0,27425.0,5415.294842962963,7024.089454074461,1.2970834751873364,0,100,900,1790630884.863603,2704.418875,3152.285,performance,,32861568.0,31960412.0,29302924.0,0.0,0.0,8.12,12.41,13.92,,,
14,8,sharded_2key,Sharded-2key,1000,read-heavy,1,285771.8566774834,1992.0,14730.0,3399.5877822222224,3363.677826303852,0.9894369675917305,0,100,900,1790630892.8413765,2590.088125,3166.211,performance,,32861568.0,31967568.0,29309876.0,0.0,0.0,8.99,12.52,13.95,,,
14,9,sharded_n,Sharded-N,2000,mixed,1,260054.29316156742,2236.0,42780.0,7434.857524444445,11134.142774591848,1.4975596691644506,0,100,900,1790630898.85912,2702.337,3215.211,performance,,32861568.0,31911068.0,29253164.0,0.0,0.0,9.07,12.47,13.92,,,
14,10,disabled,Disabled,2000,write-heavy,1,260933.5227844268,2229.0,41040.0,7377.784580555555,11089.080184283885,1.503036590890658,0,100,900,1790630908.922947,2300.0,2300.0,performance,,32861568.0,31945520.0,29287384.0,0.0,0.0,9.24,12.41,13.89,,,
14,11,thread_local,ThreadLocal,2000,read-heavy,1,268495.03035366075,2137.0,43098.0,7173.478718888889,10706.725339926208,1.4925429850002523,0,100,900,1790630918.9653392,2374.601,2896.808,performance,,32861568.0,31943384.0,29284972.0,0.0,0.0,10.02,12.47,13.89,,,
14,12,sharded_2key,Sharded-2key,2000,write-heavy,1,252565.18858074184,2300.0,41294.0,7650.876257222222,11518.195727140554,1.505474058120818,0,100,900,1790630928.983671,2413.9075,3211.26,performance,,32861568.0,31933180.0,29274572.0,0.0,0.0,10.66,12.53,13.9,,,
14,13,thread_local,ThreadLocal,3000,read-heavy,1,253603.81139004053,2311.0,72666.0,11381.564676666667,18983.852929588447,1.6679475510522048,0,100,900,1790630939.2894864,2564.8505,3080.371,performance,,32861568.0,31941336.0,29282428.0,0.0,0.0,11.83,12.71,13.94,,,
14,14,sharded_2key,Sharded-2key,2000,mixed,1,259229.27746243597,2253.0,46435.0,7432.6083827777775,11273.100418433514,1.5167085144099084,0,100,900,1790630953.709357,2387.409375,2999.275,performance,,32861568.0,31965752.0,29306452.0,0.0,0.0,16.48,13.78,14.27,,,
14,15,global_mutex,GlobalMutex,100,read-heavy,1,288294.92155330215,327.0,751.0,340.8654333333333,143.38158488383297,0.4206398503999075,0,100,900,1790630963.8215384,2401.872625,3114.981,performance,,32861568.0,31958784.0,29299300.0,0.0,0.0,16.41,13.85,14.29,,,
14,16,thread_local,ThreadLocal,100,write-heavy,1,281826.25189867127,336.0,733.0,348.6387111111111,142.47837880491554,0.4086705642951614,0,100,900,1790630966.6595857,2411.423625,3191.389,performance,,32861568.0,31976440.0,29316912.0,0.0,0.0,15.1,13.62,14.22,,,
14,17,sharded_n,Sharded-N,250,read-heavy,1,298480.7101030671,801.0,1779.0,821.9495422222222,359.6652147466323,0.4375757832703959,0,100,900,1790630969.334435,2399.757,3098.056,performance,,32861568.0,31974484.0,29314924.0,0.0,0.0,15.1,13.62,14.22,,,
14,18,hdr_histogram,HdrHistogram,250,read-heavy,1,310005.3238660959,767.0,1681.0,790.6070088888889,336.86292413104576,0.4260813784138715,0,100,900,1790630972.6759925,2300.0,2300.0,performance,,32861568.0,31968124.0,29308616.0,0.0,0.0,13.97,13.41,14.14,,,
14,19,disabled,Disabled,500,mixed,1,301655.5516293559,1524.0,4121.0,1626.4166688888888,796.1743498711903,0.4895266785571676,0,100,900,1790630975.9929438,2300.0,2300.0,performance,,32861568.0,31963220.0,29303744.0,0.0,0.0,12.85,13.19,14.07,,,
14,20,global_mutex,GlobalMutex,3000,mixed,1,244995.68819702452,2420.0,80540.0,11783.501896296297,19813.009286480672,1.681419450758365,0,100,900,1790630980.0100594,2300.0,2300.0,performance,,32861568.0,31954404.0,29294852.0,0.0,0.0,11.82,12.97,13.99,,,
14,21,hdr_histogram,HdrHistogram,2000,write-heavy,1,257995.1183642875,2253.0,46988.0,7468.292052222222,11201.330495890503,1.499851695349474,0,100,900,1790630994.6870825,2300.0,2300.0,performance,,32861568.0,31968024.0,29307932.0,0.0,0.0,16.94,14.04,14.33,,,
14,22,thread_local,ThreadLocal,250,read-heavy,1,311249.71034583205,765.0,1660.0,785.5481955555556,338.17188673212155,0.43049158364237544,0,100,900,1790631004.799872,2300.0,2300.0,performance,,32861568.0,31909532.0,29249272.0,0.0,0.0,14.44,13.63,14.19,,,
14,23,sharded_2key,Sharded-2key,100,read-heavy,1,286830.62595764577,327.0,781.0,342.5824,141.8925994637184,0.4141853156020811,0,100,900,1790631008.108344,2410.677375,3185.419,performance,,32861568.0,31934496.0,29274236.0,0.0,0.0,14.44,13.63,14.19,,,
14,24,thread_local,ThreadLocal,750,mixed,1,283117.4820763607,1926.0,8853.0,2583.6553022222224,1925.2678712817847,0.7451721093080205,0,100,900,1790631010.9424443,2411.659625,3193.277,performance,,32861568.0,31959804.0,29299512.0,0.0,0.0,13.28,13.4,14.12,,,
14,25,global_mutex,GlobalMutex,1500,mixed,1,271182.27210425446,2108.0,27826.0,5337.164411111111,6884.27125918533,1.289874309446678,0,100,900,1790631015.9510443,2300.0,2300.0,performance,,32861568.0,31910884.0,29250512.0,0.0,0.0,12.22,13.18,14.04,,,
14,26,sharded_2key,Sharded-2key,3000,write-heavy,1,242750.44025453605,2442.0,81017.0,11892.491865925926,19990.972351658053,1.6809742295418921,0,100,900,1790631023.874825,2572.08725,3052.785,performance,,32861568.0,31916816.0,29256208.0,0.0,0.0,11.96,13.11,14.01,,,
14,27,thread_local,ThreadLocal,1000,write-heavy,1,284746.022953642,1977.0,14961.0,3419.2984333333334,3415.9106760748036,0.9990092244580047,0,100,900,1790631038.678286,2403.015625,3124.125,performance,,32861568.0,31950328.0,29289288.0,0.0,0.0,15.8,13.89,14.25,,,
14,28,global_mutex,GlobalMutex,2000,read-heavy,1,265014.9307225596,2167.0,42621.0,7285.623708888889,11064.558820300315,1.51868381656891,0,100,900,1790631044.5537093,2300.0,2300.0,performance,,32861568.0,31942932.0,29281860.0,0.0,0.0,22.14,15.24,14.69,,,
14,29,sharded_2key,Sharded-2key,1500,read-heavy,1,276903.05407743674,2048.0,28701.0,5228.026154814815,7091.646185420729,1.3564672355148015,0,100,900,1790631054.6400895,2300.0,2300.0,performance,,32861568.0,31940048.0,29278680.0,0.0,0.0,21.06,15.22,14.68,,,
14,30,hdr_histogram,HdrHistogram,1000,write-heavy,1,286925.5254241193,1984.0,14787.0,3394.872551111111,3373.935750238479,0.9938328168267232,0,100,900,1790631062.597551,2410.657625,3185.261,performance,,32861568.0,31942776.0,29281244.0,0.0,0.0,27.27,16.68,15.16,,,
14,31,sharded_2key,Sharded-2key,100,write-heavy,1,293840.4892193402,321.0,670.0,333.00585555555557,129.81467019317716,0.3898269896083557,0,100,900,1790631068.4537215,2300.0,2300.0,performance,,32861568.0,31919076.0,29257516.0,0.0,0.0,27.25,16.85,15.23,,,
14,32,sharded_n,Sharded-N,250,mixed,1,302348.8636641248,799.0,1671.0,812.58748,342.99063458998376,0.4220968732990862,0,100,900,1790631071.115595,2400.547,3104.376,performance,,32861568.0,31939292.0,29277716.0,0.0,0.0,25.07,16.57,15.14,,,
14,33,thread_local,ThreadLocal,2000,write-heavy,1,259106.79716245778,2210.0,44009.0,7446.146325,11247.39830170212,1.5104992315205572,0,100,900,1790631074.2731204,2300.0,2300.0,performance,,32861568.0,31946716.0,29285128.0,0.0,0.0,25.07,16.57,15.14,,,
14,34,sharded_n,Sharded-N,750,mixed,1,282227.80386217264,1920.0,9103.0,2589.0015955555555,1963.6854124840165,0.758472075048159,0,100,900,1790631084.395567,3037.728625,3251.576,performance,,32861568.0,31960900.0,29298888.0,0.0,0.0,24.07,16.63,15.18,,,
14,35,hdr_histogram,HdrHistogram,500,write-heavy,1,310913.5764309932,1506.0,3716.0,1574.4456777777777,736.1877573682627,0.4675853652870014,0,100,900,1790631089.411105,2300.0,2300.0,performance,,32861568.0,31946696.0,29284748.0,0.0,0.0,22.86,16.5,15.15,,,
14,36,sharded_n,Sharded-N,750,write-heavy,1,273570.95671508444,2032.0,9060.0,2680.946974814815,1936.7760708832993,0.7224223713029913,0,100,900,1790631093.3807287,2394.829375,3058.635,performance,,32861568.0,31936776.0,29274688.0,0.0,0.0,21.19,16.26,15.08,,,
14,37,global_mutex,GlobalMutex,3000,read-heavy,1,244832.85902584452,2398.0,78036.0,11783.801135925925,19665.07420909671,1.6688226474853443,0,100,900,1790631098.476772,2397.513,3080.104,performance,,32861568.0,31918548.0,29256356.0,0.0,0.0,20.86,16.28,15.09,,,
14,38,hdr_histogram,HdrHistogram,1000,read-heavy,1,279994.93660889904,2029.0,14508.0,3464.3168122222223,3390.3529666191707,0.9786498032333231,0,100,900,1790631113.3157427,2784.970375,3171.366,performance,,32861568.0,31947760.0,29285192.0,0.0,0.0,21.14,16.56,15.2,,,
14,39,disabled,Disabled,100,write-heavy,1,286616.410411108,327.0,725.0,342.1003333333333,140.47528257449432,0.41062597398178796,0,100,900,1790631119.4471972,2300.0,2300.0,performance,,32861568.0,31926252.0,29263540.0,0.0,0.0,20.41,16.48,15.18,,,
14,40,disabled,Disabled,750,mixed,1,279157.2580676179,1950.0,9159.0,2625.564899259259,1973.2186117863878,0.7515405969751822,0,100,900,1790631122.117955,2300.0,2300.0,performance,,32861568.0,31935336.0,29272596.0,0.0,0.0,20.29,16.52,15.2,,,
14,41,sharded_n,Sharded-N,100,read-heavy,1,282997.6902640402,333.0,801.0,347.60325555555556,146.37729957430676,0.421104512788178,0,100,900,1790631127.142418,2871.102125,3191.91,performance,,32861568.0,31937828.0,29274972.0,0.0,0.0,20.27,16.58,15.23,,,
14,42,disabled,Disabled,500,write-heavy,1,288057.14592883794,1587.0,4468.0,1706.275851111111,882.1150936544028,0.5169826983602784,0,100,900,1790631129.9852777,2400.227625,3101.821,performance,,32861568.0,31950044.0,29287160.0,0.0,0.0,18.65,16.31,15.15,,,
14,43,global_mutex,GlobalMutex,250,mixed,1,299815.424430381,797.0,1739.0,819.66036,355.44557821672583,0.43364983298292703,0,100,900,1790631134.0698037,2300.0,2300.0,performance,,32861568.0,31946428.0,29283524.0,0.0,0.0,18.65,16.31,15.15,,,
14,44,thread_local,ThreadLocal,3000,mixed,1,240015.0978670469,2468.0,78794.0,12016.785248148148,20206.216302822606,1.6814993266137044,0,100,900,1790631137.2359655,2820.907,3046.489,performance,,32861568.0,31947836.0,29284956.0,0.0,0.0,18.27,16.27,15.14,,,
14,45,sharded_n,Sharded-N,3000,write-heavy,1,236125.3595554202,2523.0,85522.0,12248.130273333334,20619.715752629323,1.6834990559761296,0,100,900,1790631152.154871,2300.0,2300.0,performance,,32861568.0,31968820.0,29305428.0,0.0,0.0,20.06,16.75,15.31,,,
14,46,sharded_2key,Sharded-2key,100,mixed,1,285338.9210049469,330.0,737.0,343.9900333333333,141.04177524731406,0.410017039972323,0,100,900,1790631167.2515142,2412.69875,3201.59,performance,,32861568.0,31958852.0,29295168.0,0.0,0.0,19.41,16.75,15.33,,,
14,47,hdr_histogram,HdrHistogram,1500,write-heavy,1,256104.5581893912,2250.0,28389.0,5650.92408962963,7392.121975899617,1.3081262212432423,0,100,900,1790631169.9218311,2300.0,2300.0,performance,,32861568.0,31962504.0,29298808.0,0.0,0.0,17.85,16.47,15.25,,,
14,48,thread_local,ThreadLocal,500,write-heavy,1,282672.24721483554,1610.0,4554.0,1737.6828666666668,884.3678817405798,0.5089351450170135,0,100,900,1790631178.1538355,2300.0,2300.0,performance,,32861568.0,31907760.0,29243904.0,0.0,0.0,18.91,16.71,15.34,,,
14,49,disabled,Disabled,100,read-heavy,1,291024.5440496641,326.0,686.0,337.29925555555553,136.70933084432437,0.4053057591815746,0,100,900,1790631182.2708936,2300.0,2300.0,performance,,32861568.0,31955112.0,29291248.0,0.0,0.0,18.19,16.6,15.31,,,
14,50,global_mutex,GlobalMutex,1000,mixed,1,274130.5351407382,2105.0,15045.0,3547.5436477777776,3495.263920019831,0.9852631192316139,0,100,900,1790631185.1035438,2394.40275,3055.222,performance,,32861568.0,31961744.0,29297828.0,0.0,0.0,16.74,16.32,15.23,,,
14,51,hdr_histogram,HdrHistogram,100,mixed,1,287543.7044865042,327.0,737.0,341.36864444444444,139.89551942117896,0.40980775972804984,0,100,900,1790631191.1158788,2300.0,2300.0,performance,,32861568.0,31933512.0,29269348.0,0.0,0.0,15.4,16.05,15.14,,,
14,52,disabled,Disabled,2000,mixed,1,259419.45819430426,2245.0,41935.0,7428.9187577777775,11076.816097441437,1.4910401444146173,0,100,900,1790631193.7881293,2300.0,2300.0,performance,,32861568.0,31955792.0,29291592.0,0.0,0.0,15.4,16.05,15.14,,,
14,53,sharded_n,Sharded-N,1500,mixed,1,262467.04606668313,2198.0,28771.0,5516.920747407407,7267.188871184667,1.317254534533557,0,100,900,1790631203.890929,2835.28325,3104.146,performance,,32861568.0,31961200.0,29296820.0,0.0,0.0,15.03,15.95,15.12,,,
14,54,sharded_2key,Sharded-2key,250,write-heavy,1,300208.7106995743,799.0,1655.0,815.2055733333333,338.691945957095,0.4154681432956858,0,100,900,1790631211.996067,2300.0,2300.0,performance,,32861568.0,31927708.0,29263148.0,0.0,0.0,15.02,15.92,15.12,,,
14,55,global_mutex,GlobalMutex,750,read-heavy,1,284314.401510144,1945.0,9000.0,2586.276997037037,1939.0182832549403,0.7497334142771145,0,100,900,1790631215.1662245,2388.510375,3008.083,performance,,32861568.0,31934532.0,29269972.0,0.0,0.0,13.82,15.66,15.04,,,
14,56,global_mutex,GlobalMutex,2000,write-heavy,1,250866.9393838656,2325.0,46729.0,7692.929336111111,11548.7659704628,1.501218257166635,0,100,900,1790631220.331885,2300.0,2300.0,performance,,32861568.0,31948260.0,29283492.0,0.0,0.0,12.71,15.4,14.96,,,
14,57,hdr_histogram,HdrHistogram,250,mixed,1,298235.26874776685,800.0,1786.0,823.743208888889,361.03562237198696,0.4382866146586775,0,100,900,1790631230.6985292,2918.35025,3191.799,performance,,32861568.0,31938728.0,29273728.0,0.0,0.0,11.94,15.15,14.88,,,
14,58,hdr_histogram,HdrHistogram,2000,mixed,1,259295.60904103675,2248.0,43696.0,7434.476133888889,11165.72973797591,1.5018852084383845,0,100,900,1790631233.8757293,2300.0,2300.0,performance,,32861568.0,31970052.0,29305056.0,0.0,0.0,11.94,15.15,14.88,,,
14,59,global_mutex,GlobalMutex,250,write-heavy,1,301248.2095044892,790.0,1773.0,815.0480133333333,357.27197971778213,0.4383447034692265,0,100,900,1790631243.9947615,2300.0,2300.0,performance,,32861568.0,31928904.0,29263580.0,0.0,0.0,12.03,15.06,14.86,,,
14,60,sharded_n,Sharded-N,100,mixed,1,279289.69443649997,335.0,824.0,351.44033333333334,147.7406243267823,0.4203860806911243,0,100,900,1790631247.1617587,2300.0,2300.0,performance,,32861568.0,31964424.0,29299100.0,0.0,0.0,13.71,15.36,14.95,,,
14,61,sharded_2key,Sharded-2key,2000,read-heavy,1,266282.46934928343,2164.0,41575.0,7254.657426666667,10866.169774900618,1.4978198329474188,0,100,900,1790631249.8390815,2300.0,2300.0,performance,,32861568.0,31951596.0,29286296.0,0.0,0.0,12.61,15.1,14.87,,,
14,62,disabled,Disabled,250,mixed,1,308142.5544259594,773.0,1685.0,797.7580844444444,351.36271956202455,0.44043767955885044,0,100,900,1790631259.9057386,2413.00625,3204.05,performance,,32861568.0,31942404.0,29276820.0,0.0,0.0,12.44,15.0,14.84,,,
14,63,hdr_histogram,HdrHistogram,750,read-heavy,1,296614.01249566104,1847.0,8508.0,2464.3220562962965,1842.7850138219253,0.7477857892452183,0,100,900,1790631263.0542846,2381.34725,2950.778,performance,,32861568.0,31947004.0,29281376.0,0.0,0.0,12.44,15.0,14.84,,,
14,64,global_mutex,GlobalMutex,750,mixed,1,286633.9179729347,1903.0,8918.0,2557.3031703703705,1939.197789487075,0.7582979648072871,0,100,900,1790631268.111808,2300.0,2300.0,performance,,32861568.0,31933776.0,29268036.0,0.0,0.0,12.64,15.0,14.84,,,
14,65,sharded_n,Sharded-N,500,write-heavy,1,285409.84799944854,1620.0,4232.0,1719.4805066666668,837.5663704837865,0.48710431274819593,0,100,900,1790631273.088741,2300.0,2300.0,performance,,32861568.0,31955152.0,29289368.0,0.0,0.0,12.91,15.02,14.85,,,
14,66,sharded_n,Sharded-N,250,write-heavy,1,294260.6338783141,806.0,1819.0,836.0165511111111,369.4461996908814,0.4419125425206803,0,100,900,1790631277.1919773,2300.0,2300.0,performance,,32861568.0,31933944.0,29268108.0,0.0,0.0,15.88,15.6,15.04,,,
14,67,sharded_2key,Sharded-2key,750,mixed,1,291307.6545817078,1877.0,8581.0,2511.463776296296,1853.7811497516632,0.7381277672598845,0,100,900,1790631280.3844628,2389.866375,3018.931,performance,,32861568.0,31956164.0,29290296.0,0.0,0.0,14.61,15.34,14.96,,,
14,68,hdr_histogram,HdrHistogram,1500,mixed,1,259986.2598147567,2195.0,27433.0,5579.059779259259,7142.7255682781115,1.2802740696258434,0,100,900,1790631285.314894,2300.0,2300.0,performance,,32861568.0,31950316.0,29284400.0,0.0,0.0,13.44,15.08,14.88,,,
14,69,sharded_n,Sharded-N,500,mixed,1,279853.40905295924,1629.0,4530.0,1750.7837644444444,895.6451035056346,0.5115680883583239,0,100,900,1790631293.4599771,2300.0,2300.0,performance,,32861568.0,31942608.0,29276388.0,0.0,0.0,13.41,15.05,14.87,,,
14,70,disabled,Disabled,3000,write-heavy,1,235966.73278880716,2523.0,85943.0,12211.755968518519,20801.08349976425,1.703365474497584,0,100,900,1790631297.5934765,2643.38225,3077.43,performance,,32861568.0,31948184.0,29281920.0,0.0,0.0,14.33,15.21,14.92,,,
14,71,global_mutex,GlobalMutex,2000,mixed,1,253137.13822242283,2312.0,43273.0,7617.6493783333335,11431.314145537846,1.5006353768462504,0,100,900,1790631312.7157104,2596.385625,3149.983,performance,,32861568.0,31936912.0,29270172.0,0.0,0.0,18.29,16.04,15.2,,,
14,72,sharded_2key,Sharded-2key,1500,write-heavy,1,261669.60849143978,2206.0,28987.0,5549.862596296296,7367.62355429403,1.327532605800154,0,100,900,1790631323.019357,2405.609125,3144.873,performance,,32861568.0,31960928.0,29294000.0,0.0,0.0,17.94,16.04,15.2,,,
14,73,disabled,Disabled,750,read-heavy,1,293899.3103496807,1881.0,8309.0,2488.3737807407406,1791.076834652121,0.719778052845,0,100,900,1790631331.129876,2300.0,2300.0,performance,,32861568.0,31943696.0,29276532.0,0.0,0.0,16.73,15.85,15.15,,,
14,74,thread_local,ThreadLocal,2000,mixed,1,260932.52812297843,2229.0,43036.0,7404.313123888889,11175.14093425094,1.5092744927542365,0,100,900,1790631336.2238474,2300.0,2300.0,performance,,32861568.0,31944996.0,29277924.0,0.0,0.0,15.39,15.59,15.07,,,
14,75,hdr_histogram,HdrHistogram,1000,mixed,1,268678.24364061304,2127.0,15650.0,3611.7660255555556,3640.134443946588,1.0078544452188507,0,100,900,1790631346.303875,2300.0,2300.0,performance,,32861568.0,31939868.0,29272376.0,0.0,0.0,14.28,15.35,15.0,,,
14,76,global_mutex,GlobalMutex,500,write-heavy,1,292321.4441278014,1565.0,4191.0,1676.8754088888888,848.0479586071762,0.505731048420049,0,100,900,1790631352.3771474,2300.0,2300.0,performance,,32861568.0,31938784.0,29271328.0,0.0,0.0,14.09,15.3,14.98,,,
14,77,thread_local,ThreadLocal,250,mixed,1,298367.6136791515,802.0,1730.0,823.7508133333333,343.8595169685734,0.417431474910641,0,100,900,1790631356.4417427,2300.0,2300.0,performance,,32861568.0,31941680.0,29274092.0,0.0,0.0,12.96,15.04,14.9,,,
14,78,thread_local,ThreadLocal,100,read-heavy,1,286803.28689950943,327.0,817.0,341.66605555555554,145.1472497547778,0.424821978638661,0,100,900,1790631359.6141026,2412.121875,3196.975,performance,,32861568.0,31948508.0,29280936.0,0.0,0.0,12.96,15.04,14.9,,,
14,79,hdr_histogram,HdrHistogram,500,read-heavy,1,291716.29268607695,1572.0,4285.0,1679.2623088888888,844.2923698945008,0.5027757518437608,0,100,900,1790631362.4517102,2407.0865,3156.692,performance,,32861568.0,31955144.0,29287544.0,0.0,0.0,11.93,14.79,14.82,,,
14,80,sharded_2key,Sharded-2key,500,mixed,1,296482.0409528535,1516.0,4439.0,1646.8147333333334,869.2624017552905,0.5278446835338959,0,100,900,1790631366.6975455,2610.386625,3203.845,performance,,32861568.0,31935372.0,29267668.0,0.0,0.0,10.97,14.55,14.74,,,
14,81,disabled,Disabled,750,write-heavy,1,278469.46705562883,1986.0,9063.0,2639.625205925926,1958.430610715597,0.7419351074231844,0,100,900,1790631370.7398036,2300.0,2300.0,performance,,32861568.0,31933988.0,29266172.0,0.0,0.0,10.09,14.31,14.66,,,
14,82,hdr_histogram,HdrHistogram,250,write-heavy,1,293180.10880852013,809.0,1878.0,837.4402444444445,378.02545271055624,0.4514058826505732,0,100,900,1790631375.7751813,2412.344,3198.752,performance,,32861568.0,31906600.0,29238640.0,0.0,0.0,9.28,14.07,14.58,,,
14,83,global_mutex,GlobalMutex,250,read-heavy,1,303612.75906306854,786.0,1693.0,807.1443422222222,350.3176477532121,0.43402106590838613,0,100,900,1790631378.9654555,2411.309375,3190.475,performance,,32861568.0,31940452.0,29272576.0,0.0,0.0,9.28,14.07,14.58,,,
14,84,sharded_2key,Sharded-2key,3000,read-heavy,1,250181.44601641415,2358.0,79465.0,11521.460911481481,19691.936639420903,1.7091527533454804,0,100,900,1790631382.2911632,2406.307625,3150.461,performance,,32861568.0,31945500.0,29277624.0,0.0,0.0,10.46,14.23,14.64,,,
14,85,global_mutex,GlobalMutex,1000,write-heavy,1,278089.38190834934,2027.0,14066.0,3502.3360244444443,3309.2019324913667,0.9448556361796514,0,100,900,1790631396.8824317,2412.017125,3196.137,performance,,32861568.0,31952028.0,29283560.0,0.0,0.0,11.53,14.3,14.65,,,
14,86,sharded_2key,Sharded-2key,250,mixed,1,301610.4550569859,793.0,1736.0,814.5485733333334,347.61382816450424,0.4267564139753911,0,100,900,1790631402.8502746,2702.51125,3189.955,performance,,32861568.0,31914800.0,29246244.0,0.0,0.0,11.57,14.26,14.64,,,
14,87,sharded_n,Sharded-N,1000,write-heavy,1,280093.72644412733,2053.0,14012.0,3473.43453,3329.310562375225,0.9585067844578676,0,100,900,1790631406.0163264,2399.517,3096.136,performance,,32861568.0,31942560.0,29274004.0,0.0,0.0,10.64,14.02,14.56,,,
14,88,global_mutex,GlobalMutex,1500,write-heavy,1,261445.30764576403,2215.0,28551.0,5547.516551851852,7310.624500130925,1.3178193218171688,0,100,900,1790631411.95288,2525.99175,3206.548,performance,,32861568.0,31928132.0,29259424.0,0.0,0.0,10.59,13.96,14.53,,,
14,89,global_mutex,GlobalMutex,1000,read-heavy,1,288647.9679501692,1967.0,14092.0,3358.116572222222,3242.6355755920617,0.9656113794305415,0,100,900,1790631420.0691733,3050.81975,3206.789,performance,,32861568.0,31933568.0,29264708.0,0.0,0.0,9.7,13.66,14.43,,,
14,90,sharded_2key,Sharded-2key,500,write-heavy,1,285612.5815221135,1601.0,4400.0,1717.906051111111,872.6984501847766,0.5080012667865805,0,100,900,1790631426.0672472,2412.491875,3199.935,performance,,32861568.0,31939100.0,29270096.0,0.0,0.0,8.92,13.43,14.35,,,
14,91,disabled,Disabled,100,mixed,1,293412.7803858642,321.0,710.0,334.3024222222222,139.56828507851435,0.41749109728477696,0,100,900,1790631430.165501,2415.097375,3220.779,performance,,32861568.0,31931464.0,29262416.0,0.0,0.0,8.21,13.21,14.28,,,
14,92,sharded_2key,Sharded-2key,500,read-heavy,1,295421.6821945675,1537.0,4365.0,1660.2741666666666,862.4896721985476,0.5194862929959144,0,100,900,1790631432.8280556,2300.0,2300.0,performance,,32861568.0,31937696.0,29268600.0,0.0,0.0,8.21,13.21,14.28,,,
14,93,global_mutex,GlobalMutex,500,mixed,1,286502.004329822,1565.0,4657.0,1709.5165311111111,899.3430610802912,0.5260803535463664,0,100,900,1790631437.0261643,2635.02425,3001.774,performance,,32861568.0,31931244.0,29262048.0,0.0,0.0,8.67,13.22,14.27,,,
14,94,global_mutex,GlobalMutex,500,read-heavy,1,301514.2922146467,1493.0,4406.0,1623.6322333333333,840.139858093006,0.517444677954065,0,100,900,1790631441.117339,2624.577,3195.005,performance,,32861568.0,31952124.0,29282832.0,0.0,0.0,7.98,13.0,14.2,,,
14,95,sharded_2key,Sharded-2key,750,read-heavy,1,294802.2101612568,1909.0,8479.0,2482.3699437037035,1759.1180364299548,0.7086445921937587,0,100,900,1790631445.2965238,2718.862625,3188.146,performance,,32861568.0,31945832.0,29276536.0,0.0,0.0,7.34,12.79,14.12,,,
14,96,sharded_2key,Sharded-2key,250,read-heavy,1,301949.7920677108,796.0,1779.0,814.6008622222222,355.15212019678626,0.4359829907716218,0,100,900,1790631450.3856118,2509.821625,3201.971,performance,,32861568.0,31933828.0,29264360.0,0.0,0.0,6.75,12.57,14.04,,,
14,97,sharded_2key,Sharded-2key,3000,mixed,1,242037.04445829455,2453.0,84050.0,11911.761375925926,20102.463883340395,1.6876147237106476,0,100,900,1790631453.7173953,2503.62125,3200.32,performance,,32861568.0,31956068.0,29286572.0,0.0,0.0,6.75,12.57,14.04,,,
14,98,thread_local,ThreadLocal,1000,mixed,1,281700.0996269023,2004.0,14066.0,3466.7291233333335,3327.7275523710755,0.9599041153729931,0,100,900,1790631468.5396962,2386.457375,2991.659,performance,,32861568.0,31953872.0,29283836.0,0.0,0.0,7.91,12.55,14.01,,,
14,99,hdr_histogram,HdrHistogram,3000,write-heavy,1,236821.6152908123,2511.0,85734.0,12188.239121851851,20504.51010267125,1.682319315996144,0,100,900,1790631474.4425597,2387.759625,3002.077,performance,,32861568.0,31917552.0,29247568.0,0.0,0.0,8.08,12.5,13.99,,,
14,100,thread_local,ThreadLocal,1500,mixed,1,266285.3010902772,2160.0,28204.0,5442.3761466666665,7130.11687073053,1.3101110027276535,0,100,900,1790631489.5058718,2300.0,2300.0,performance,,32861568.0,31937228.0,29266852.0,0.0,0.0,11.74,13.14,14.17,,,
14,101,disabled,Disabled,1500,read-heavy,1,274351.6651512158,2063.0,28092.0,5290.271808148148,6999.396226257188,1.3230693015577428,0,100,900,1790631497.5174336,2835.8835,3080.912,performance,,32861568.0,31952200.0,29281636.0,0.0,0.0,17.05,14.26,14.53,,,
14,102,hdr_histogram,HdrHistogram,750,mixed,1,278098.1519988462,1967.0,9010.0,2633.268896296296,1966.1765214664754,0.7466675827265157,0,100,900,1790631505.523874,2300.0,2300.0,performance,,32861568.0,31930932.0,29260168.0,0.0,0.0,18.63,14.72,14.68,,,
14,103,hdr_histogram,HdrHistogram,750,write-heavy,1,274107.98143141204,2020.0,9205.0,2672.7344725925927,1991.4253500918758,0.7450891102400319,0,100,900,1790631510.5756962,2479.01625,3051.608,performance,,32861568.0,31940324.0,29269468.0,0.0,0.0,17.13,14.48,14.6,,,
14,104,sharded_2key,Sharded-2key,1500,mixed,1,268373.63531989045,2161.0,28034.0,5420.82594,7026.808598640077,1.2962616170332297,0,100,900,1790631515.6640637,2300.0,2300.0,performance,,32861568.0,31918876.0,29247924.0,0.0,0.0,15.76,14.24,14.52,,,
14,105,sharded_2key,Sharded-2key,1000,write-heavy,1,278342.69971569,2033.0,15034.0,3489.539097777778,3520.164977998451,1.0087764829000416,0,100,900,1790631523.6341286,2300.0,2300.0,performance,,32861568.0,31948540.0,29277424.0,0.0,0.0,15.14,14.13,14.49,,,
14,106,sharded_n,Sharded-N,2000,read-heavy,1,265802.2508908976,2178.0,41831.0,7255.985618333333,10992.764132418688,1.5149925469317118,0,100,900,1790631529.5913024,2416.801,3234.408,performance,,32861568.0,31939660.0,29268392.0,0.0,0.0,15.53,14.23,14.52,,,
14,107,disabled,Disabled,1000,mixed,1,280855.6965066553,2006.0,15058.0,3457.5927333333334,3489.8813548432895,1.0093384686977949,0,100,900,1790631539.6793857,2406.66775,3153.342,performance,,32861568.0,31938904.0,29267300.0,0.0,0.0,14.02,13.94,14.42,,,
14,108,thread_local,ThreadLocal,750,read-heavy,1,302568.4897899641,1817.0,8219.0,2416.080708148148,1766.18486318628,0.731012361147491,0,100,900,1790631545.5881445,2300.0,2300.0,performance,,32861568.0,31944212.0,29272548.0,0.0,0.0,11.87,13.48,14.27,,,
14,109,global_mutex,GlobalMutex,3000,write-heavy,1,247786.6128361373,2380.0,80227.0,11650.418155555555,19671.347107996356,1.688467044302267,0,100,900,1790631550.6038496,2300.0,2300.0,performance,,32861568.0,31913352.0,29241624.0,0.0,0.0,10.92,13.26,14.19,,,
14,110,disabled,Disabled,250,read-heavy,1,323897.54851057846,739.0,1526.0,755.7492311111112,306.5046591704807,0.405563970895285,0,100,900,1790631565.145088,2300.0,2300.0,performance,,32861568.0,31956188.0,29283992.0,0.0,0.0,11.03,13.19,14.15,,,
14,111,thread_local,ThreadLocal,1000,read-heavy,1,291531.26003310905,1922.0,14357.0,3325.0331644444445,3316.219460379464,0.9973492883742551,0,100,900,1790631568.4266894,2962.69875,3259.178,performance,,32861568.0,31961148.0,29288988.0,0.0,0.0,11.03,13.19,14.15,,,
14,112,sharded_n,Sharded-N,3000,mixed,1,240817.9581452704,2453.0,86276.0,11978.09928074074,20451.784536191786,1.707431542922311,0,100,900,1790631574.3841932,2300.0,2300.0,performance,,32861568.0,31951564.0,29279316.0,0.0,0.0,11.75,13.31,14.18,,,
14,113,hdr_histogram,HdrHistogram,3000,read-heavy,1,247398.07701651184,2364.0,77759.0,11630.270405555555,19529.95367453131,1.6792347033653,0,100,900,1790631589.2469997,2300.0,2300.0,performance,,32861568.0,31951128.0,29278408.0,0.0,0.0,19.44,15.04,14.75,,,
14,114,sharded_n,Sharded-N,2000,write-heavy,1,255595.33575726923,2284.0,43485.0,7547.059788333333,11430.865182168629,1.5146117167163693,0,100,900,1790631603.93077,2300.0,2300.0,performance,,32861568.0,31958892.0,29285728.0,0.0,0.0,21.62,15.78,14.99,,,
14,115,hdr_histogram,HdrHistogram,100,write-heavy,1,283142.0774666531,333.0,723.0,344.7852888888889,138.74245638719302,0.40240248310566523,0,100,900,1790631614.1590574,2589.495,3110.185,performance,,32861568.0,31941548.0,29268284.0,0.0,0.0,20.3,15.69,14.97,,,
14,116,global_mutex,GlobalMutex,1500,read-heavy,1,275301.245042988,2073.0,27351.0,5276.27893037037,6980.340445271585,1.3229665333067593,0,100,900,1790631616.835505,2388.30225,3006.418,performance,,32861568.0,31964776.0,29291464.0,0.0,0.0,18.67,15.43,14.89,,,
14,117,thread_local,ThreadLocal,250,write-heavy,1,296700.2744034466,803.0,1801.0,826.0107911111111,365.57477433466715,0.4425786905797115,0,100,900,1790631624.8500824,2300.0,2300.0,performance,,32861568.0,31924452.0,29250996.0,0.0,0.0,19.18,15.59,14.95,,,
14,118,sharded_2key,Sharded-2key,750,write-heavy,1,280583.7122384626,1952.0,9100.0,2609.786237037037,1953.1499645319052,0.7483946143992891,0,100,900,1790631628.025737,2300.0,2300.0,performance,,32861568.0,31937864.0,29264436.0,0.0,0.0,17.64,15.33,14.87,,,
14,119,thread_local,ThreadLocal,3000,write-heavy,1,240594.2759669923,2460.0,86987.0,12001.860425185185,20468.59701778726,1.7054520126592319,0,100,900,1790631633.0532215,2389.221375,3013.771,performance,,32861568.0,31917344.0,29243736.0,0.0,0.0,17.51,15.34,14.87,,,
14,120,disabled,Disabled,3000,read-heavy,1,248125.73527552886,2359.0,77867.0,11628.090231111111,19519.66168576971,1.6786644494333727,0,100,900,1790631647.9297001,2778.545375,3170.829,performance,,32861568.0,31944880.0,29270848.0,0.0,0.0,19.7,15.93,15.07,,,
14,121,global_mutex,GlobalMutex,750,write-heavy,1,292119.05807212886,1889.0,8701.0,2503.5779362962962,1870.4925125531518,0.747127734845072,0,100,900,1790631662.6123266,2384.640375,2977.123,performance,,32861568.0,31944924.0,29270604.0,0.0,0.0,24.57,17.15,15.48,,,
14,122,disabled,Disabled,1500,mixed,1,268208.296751518,2140.0,28137.0,5408.059026666667,7188.9756587158945,1.329307913110357,0,100,900,1790631667.548842,2394.235,3053.88,performance,,32861568.0,31945092.0,29270696.0,0.0,0.0,25.33,17.43,15.58,,,
14,123,sharded_n,Sharded-N,3000,read-heavy,1,247365.27274125986,2363.0,63643.0,11696.012371481482,19647.12909437577,1.6798143222113535,0,100,900,1790631675.5231855,2300.0,2300.0,performance,,32861568.0,31952108.0,29277488.0,0.0,0.0,22.91,17.18,15.52,,,
14,124,sharded_n,Sharded-N,1500,read-heavy,1,272119.87587640894,2099.0,28457.0,5335.28023037037,7053.462416282249,1.3220416007637905,0,100,900,1790631690.2144403,2493.091875,3092.641,performance,,32861568.0,31947740.0,29272680.0,0.0,0.0,27.49,18.49,15.98,,,
14,125,disabled,Disabled,1500,write-heavy,1,269691.1694141805,2127.0,29748.0,5376.612791111111,7134.836474478641,1.3270132612626142,0,100,900,1790631698.271896,2300.0,2300.0,performance,,32861568.0,31928864.0,29253744.0,0.0,0.0,26.57,18.45,15.98,,,
14,126,disabled,Disabled,2000,read-heavy,1,270765.01047118695,2116.0,43035.0,7109.251797222222,10817.68705853141,1.5216350984724123,0,100,900,1790631706.2038403,2390.8345,3026.676,performance,,32861568.0,31930092.0,29254700.0,0.0,0.0,23.89,18.16,15.91,,,
14,127,thread_local,ThreadLocal,100,mixed,1,292867.26653475704,324.0,680.0,334.89363333333336,130.78852210892958,0.39053749934609955,0,100,900,1790631716.1421893,2300.0,2300.0,performance,,32861568.0,31958848.0,29283228.0,0.0,0.0,20.73,17.67,15.78,,,
14,128,disabled,Disabled,1000,read-heavy,1,294890.5924037615,1941.0,13851.0,3287.3356777777776,3216.3625827686847,0.9784101467066879,0,100,900,1790631718.8060842,2511.46075,3176.746,performance,,32861568.0,31974924.0,29299272.0,0.0,0.0,20.73,17.67,15.78,,,
14,129,disabled,Disabled,500,read-heavy,1,304524.5922854225,1501.0,4206.0,1614.2247577777778,822.0331753258162,0.5092433202780683,0,100,900,1790631724.7262704,2410.182625,3181.461,performance,,32861568.0,31914360.0,29238568.0,0.0,0.0,21.47,17.88,15.85,,,
14,130,sharded_n,Sharded-N,500,read-heavy,1,299068.78672745806,1533.0,4331.0,1642.8811688888889,831.9423971589775,0.5063923142546187,0,100,900,1790631728.8839028,2300.0,2300.0,performance,,32861568.0,31941328.0,29265496.0,0.0,0.0,19.75,17.58,15.77,,,
14,131,disabled,Disabled,1000,write-heavy,1,282430.52889646724,2019.0,14337.0,3444.0828533333333,3386.3200967539346,0.9832284067952972,0,100,900,1790631733.0748954,2300.0,2300.0,performance,,32861568.0,31949076.0,29273252.0,0.0,0.0,20.17,17.7,15.82,,,
14,132,global_mutex,GlobalMutex,100,mixed,1,290280.6182408219,327.0,685.0,338.4908222222222,131.7180292248215,0.3891332366416347,0,100,900,1790631738.9877627,2706.4325,3169.74,performance,,32861568.0,31939228.0,29263176.0,0.0,0.0,21.04,17.92,15.9,,,
14,133,hdr_histogram,HdrHistogram,1500,read-heavy,1,270707.33053425536,2138.0,28753.0,5344.149594074074,7110.684955087918,1.3305549984926859,0,100,900,1790631741.6533592,2711.735125,3203.947,performance,,32861568.0,31947944.0,29271860.0,0.0,0.0,19.35,17.63,15.81,,,
14,134,thread_local,ThreadLocal,1500,read-heavy,1,277997.3062444043,2056.0,29069.0,5205.922476296297,6981.761506670799,1.3411189925436433,0,100,900,1790631749.7242413,2622.99025,3243.525,performance,,32861568.0,31918052.0,29241836.0,0.0,0.0,25.01,18.83,16.21,,,
14,135,thread_local,ThreadLocal,500,mixed,1,292759.54642966454,1551.0,4549.0,1676.1055066666668,877.1610175917973,0.5233328177151807,0,100,900,1790631757.6699033,2300.0,2300.0,performance,,32861568.0,31945200.0,29268760.0,0.0,0.0,24.05,18.81,16.23,,,
14,136,hdr_histogram,HdrHistogram,2000,read-heavy,1,268852.2947853492,2117.0,40958.0,7164.216022777778,10709.92256456979,1.4949189877188038,0,100,900,1790631761.7242422,2401.4195,3111.356,performance,,32861568.0,31953824.0,29277312.0,0.0,0.0,22.12,18.49,16.15,,,
14,137,thread_local,ThreadLocal,750,write-heavy,1,291997.5930002503,1865.0,8525.0,2501.449342222222,1850.180214790166,0.7396432874177313,0,100,900,1790631771.7203588,2373.192125,2885.537,performance,,32861568.0,31953112.0,29276388.0,0.0,0.0,19.46,18.05,16.03,,,
14,138,hdr_histogram,HdrHistogram,3000,mixed,1,251325.61191352564,2338.0,74113.0,11470.968293703703,19266.61085742422,1.6795976036303286,0,100,900,1790631776.6568463,2300.0,2300.0,performance,,32861568.0,31923320.0,29246464.0,0.0,0.0,17.9,17.75,15.94,,,
14,139,disabled,Disabled,250,write-heavy,1,305527.34531049686,781.0,1708.0,802.4104444444445,351.0725215068898,0.4375223726679652,0,100,900,1790631791.0229137,2300.0,2300.0,performance,,32861568.0,31944928.0,29267672.0,0.0,0.0,16.89,17.56,15.91,,,
14,140,hdr_histogram,HdrHistogram,500,mixed,1,299310.51528091094,1522.0,4365.0,1635.8811844444444,841.6865066948263,0.5145156718583254,0,100,900,1790631794.1734245,2387.1325,2997.06,performance,,32861568.0,31948584.0,29271388.0,0.0,0.0,16.89,17.56,15.91,,,
14,141,thread_local,ThreadLocal,500,read-heavy,1,317204.8027818472,1426.0,3995.0,1534.8889444444444,794.8896996168452,0.5178809206320506,0,100,900,1790631798.199224,2300.0,2300.0,performance,,32861568.0,31931376.0,29254128.0,0.0,0.0,17.3,17.63,15.94,,,
14,142,sharded_2key,Sharded-2key,1000,mixed,1,280762.92712198547,2019.0,14776.0,3461.2696322222223,3403.443501559217,0.9832933758974798,0,100,900,1790631802.3107002,2394.281625,3054.253,performance,,32861568.0,31929536.0,29252196.0,0.0,0.0,17.19,17.6,15.94,,,
14,143,hdr_histogram,HdrHistogram,100,read-heavy,1,291105.3469592932,322.0,753.0,337.31376666666665,143.4661083890686,0.4253194579242945,0,100,900,1790631808.238018,2628.207125,3221.838,performance,,32861568.0,31918388.0,29240888.0,0.0,0.0,18.78,17.93,16.06,,,
14,144,sharded_n,Sharded-N,1000,mixed,1,284042.09428723983,2002.0,14966.0,3428.837648888889,3463.0759594459196,1.0099853985703071,0,100,900,1790631811.071748,2417.63725,3241.098,performance,,32861568.0,31949884.0,29272356.0,0.0,0.0,17.27,17.63,15.97,,,
15,1,global_mutex,GlobalMutex,1000,read-heavy,1,289488.5794560116,1950.0,14685.0,3359.824113333333,3384.513825208892,1.0073485132086464,0,100,900,1790631816.9424295,2418.70825,3249.666,performance,,32861568.0,31932588.0,29254800.0,0.0,0.0,15.89,17.34,15.88,,,
15,2,sharded_n,Sharded-N,3000,read-heavy,1,254236.97998696737,2309.0,80043.0,11351.74454037037,19407.71413298723,1.7096679778132162,0,100,900,1790631822.9286582,2412.17575,3197.406,performance,,32861568.0,31917456.0,29239668.0,0.0,0.0,15.58,17.25,15.86,,,
15,3,disabled,Disabled,500,mixed,1,314228.8026413565,1465.0,3913.0,1558.8891466666666,767.4434750428948,0.49230150628984737,0,100,900,1790631837.2858412,2402.666125,3121.329,performance,,32861568.0,31943328.0,29265004.0,0.0,0.0,20.17,18.12,16.16,,,
15,4,global_mutex,GlobalMutex,500,mixed,1,302110.5296588916,1511.0,4163.0,1621.5831644444445,829.9381731015634,0.5118073443898271,0,100,900,1790631841.2299998,2300.0,2300.0,performance,,32861568.0,31943080.0,29264876.0,0.0,0.0,18.56,17.82,16.08,,,
15,5,sharded_2key,Sharded-2key,2000,write-heavy,1,264253.25787007244,2194.0,42871.0,7283.688708333333,11012.875871788829,1.5119915626252531,0,100,900,1790631845.236394,2412.760625,3202.085,performance,,32861568.0,31959372.0,29281088.0,0.0,0.0,17.07,17.52,15.99,,,
15,6,thread_local,ThreadLocal,1500,write-heavy,1,273438.39124616847,2084.0,28852.0,5304.134025185185,7096.561034549319,1.3379301881991101,0,100,900,1790631855.204723,2408.64425,3169.154,performance,,32861568.0,31942468.0,29263812.0,0.0,0.0,16.07,17.3,15.94,,,
15,7,thread_local,ThreadLocal,250,write-heavy,1,304353.01590870257,781.0,1711.0,806.3102177777778,353.6243393601747,0.4385710754537839,0,100,900,1790631863.080603,2412.5,3200.0,performance,,32861568.0,31943648.0,29264876.0,0.0,0.0,16.22,17.31,15.95,,,
15,8,sharded_n,Sharded-N,1000,read-heavy,1,292663.1493674466,1948.0,14146.0,3324.15322,3290.0390419834666,0.9897374832750538,0,100,900,1790631866.2389429,2300.0,2300.0,performance,,32861568.0,31974332.0,29295560.0,0.0,0.0,14.92,17.03,15.86,,,
15,9,global_mutex,GlobalMutex,100,write-heavy,1,290082.2531129524,326.0,734.0,338.05455555555557,137.7241875022555,0.40740225279887415,0,100,900,1790631872.1874452,2386.72075,2993.766,performance,,32861568.0,31933956.0,29255020.0,0.0,0.0,14.77,16.96,15.85,,,
15,10,sharded_2key,Sharded-2key,3000,read-heavy,1,262158.3698059515,2228.0,74701.0,10979.243656666667,18423.111677931523,1.6779946100153167,0,100,900,1790631874.852698,2413.252125,3206.017,performance,,32861568.0,31948744.0,29269780.0,0.0,0.0,14.77,16.96,15.85,,,
15,11,sharded_n,Sharded-N,3000,mixed,1,252464.05235352367,2322.0,81254.0,11430.757794444444,19446.43463979581,1.7012375723022608,0,100,900,1790631888.8746817,2400.6595,3105.276,performance,,32861568.0,31956904.0,29277476.0,0.0,0.0,13.27,16.51,15.72,,,
15,12,sharded_2key,Sharded-2key,500,write-heavy,1,302317.7758628492,1501.0,4293.0,1620.522131111111,844.6796428617689,0.5212391899162859,0,100,900,1790631903.1800625,2300.0,2300.0,performance,,32861568.0,31946856.0,29267136.0,0.0,0.0,15.62,16.87,15.85,,,
15,13,disabled,Disabled,1500,read-heavy,1,285964.47727614705,1976.0,26993.0,5069.368697037037,6716.067492288536,1.3248331091431498,0,100,900,1790631907.1820462,2300.0,2300.0,performance,,32861568.0,31947560.0,29267880.0,0.0,0.0,21.58,18.09,16.25,,,
15,14,hdr_histogram,HdrHistogram,3000,mixed,1,249811.77228843048,2382.0,78061.0,11552.068662962964,19344.699202929736,1.674565808715342,0,100,900,1790631914.9658825,2403.3265,3126.612,performance,,32861568.0,31914976.0,29234968.0,0.0,0.0,21.05,18.04,16.24,,,
15,15,hdr_histogram,HdrHistogram,1000,mixed,1,284252.76457108813,1959.0,14672.0,3428.1535366666667,3433.0810661585615,1.0014373712960027,0,100,900,1790631929.383498,2379.819375,2938.555,performance,,32861568.0,31961420.0,29281028.0,0.0,0.0,20.25,17.98,16.25,,,
15,16,disabled,Disabled,3000,read-heavy,1,267253.7202534715,2182.0,73300.0,10772.405809259259,18461.01127318392,1.7137315099395938,0,100,900,1790631935.2637062,2841.637625,3217.641,performance,,32861568.0,31910992.0,29230568.0,0.0,0.0,17.95,17.56,16.13,,,
15,17,hdr_histogram,HdrHistogram,750,write-heavy,1,288772.8287835716,1880.0,8718.0,2536.920445925926,1922.7846595601548,0.7579207549247278,0,100,900,1790631949.0747774,2861.786875,3291.176,performance,,32861568.0,31963608.0,29282784.0,0.0,0.0,18.0,17.59,16.16,,,
15,18,sharded_2key,Sharded-2key,250,read-heavy,1,330279.43366348435,725.0,1531.0,743.2845688888889,312.34538270077684,0.4202231497523101,0,100,900,1790631954.0352178,2655.077125,3260.394,performance,,32861568.0,31935236.0,29254356.0,0.0,0.0,22.16,18.46,16.45,,,
15,19,disabled,Disabled,2000,mixed,1,276466.01658420905,2108.0,40013.0,6939.470377222222,10498.391052032921,1.512851915398663,0,100,900,1790631957.2926111,2946.097625,3267.352,performance,,32861568.0,31957012.0,29276124.0,0.0,0.0,20.71,18.22,16.38,,,
15,20,thread_local,ThreadLocal,1500,read-heavy,1,289887.9231296111,1986.0,27885.0,5003.75718074074,6859.4885396405125,1.3708675884678032,0,100,900,1790631966.919552,2403.219375,3125.755,performance,,32861568.0,31938444.0,29257208.0,0.0,0.0,18.04,17.74,16.24,,,
15,21,disabled,Disabled,1000,read-heavy,1,297477.41167827306,1864.0,14473.0,3271.827912222222,3322.5532111833195,1.0155036573811258,0,100,900,1790631974.6371086,3015.46225,3343.924,performance,,32861568.0,31924716.0,29243340.0,0.0,0.0,17.95,17.72,16.25,,,
15,22,sharded_n,Sharded-N,1000,write-heavy,1,284075.10032950976,2008.0,14402.0,3411.0725133333335,3409.171457129152,0.9994426808000267,0,100,900,1790631980.5118456,2536.239375,3296.929,performance,,32861568.0,31937812.0,29256364.0,0.0,0.0,15.27,17.16,16.08,,,
15,23,thread_local,ThreadLocal,500,read-heavy,1,317720.3853243641,1435.0,3957.0,1541.3689577777777,788.3065773948954,0.5114327581446902,0,100,900,1790631986.390283,2380.314625,2942.517,performance,,32861568.0,31938156.0,29256532.0,0.0,0.0,14.04,16.87,15.99,,,
15,24,thread_local,ThreadLocal,100,mixed,1,300173.55034102214,313.0,709.0,326.92892222222224,136.21104065885493,0.4166380867529018,0,100,900,1790631990.4761615,2300.0,2300.0,performance,,32861568.0,31935008.0,29253388.0,0.0,0.0,12.92,16.59,15.91,,,
15,25,thread_local,ThreadLocal,500,mixed,1,305909.2418916787,1497.0,4095.0,1603.7731777777778,804.4406689164726,0.5015925444214766,0,100,900,1790631993.1313584,2446.8005,3474.404,performance,,32861568.0,31943736.0,29262100.0,0.0,0.0,12.92,16.59,15.91,,,
15,26,disabled,Disabled,1500,mixed,1,278110.70570586214,2085.0,27745.0,5219.528264444444,6895.33110571678,1.321064041876724,0,100,900,1790631997.1116557,2516.86725,3207.076,performance,,32861568.0,31929652.0,29247904.0,0.0,0.0,13.09,16.56,15.9,,,
15,27,hdr_histogram,HdrHistogram,750,mixed,1,292916.53317827405,1843.0,8528.0,2489.598974814815,1869.1183733789005,0.75077086401754,0,100,900,1790632004.885945,2300.0,2300.0,performance,,32861568.0,31925092.0,29243068.0,0.0,0.0,12.76,16.44,15.86,,,
15,28,sharded_n,Sharded-N,1500,write-heavy,1,271978.9358720782,2117.0,28130.0,5328.528297777778,7126.866224674905,1.3374924231231184,0,100,900,1790632009.8074043,2874.584875,3173.801,performance,,32861568.0,31923916.0,29241860.0,0.0,0.0,11.74,16.16,15.78,,,
15,29,sharded_2key,Sharded-2key,100,write-heavy,1,299754.1706055058,317.0,676.0,327.90596666666664,130.84919703011153,0.39904487972652997,0,100,900,1790632017.7098753,2480.07,3038.889,performance,,32861568.0,31916412.0,29234164.0,0.0,0.0,13.62,16.4,15.86,,,
15,30,thread_local,ThreadLocal,2000,read-heavy,1,280011.4577826185,2047.0,40197.0,6871.572467222222,10382.062975310544,1.5108714962744778,0,100,900,1790632020.3657002,2889.6,3130.965,performance,,32861568.0,31942648.0,29260368.0,0.0,0.0,12.53,16.12,15.77,,,
15,31,sharded_2key,Sharded-2key,100,mixed,1,290560.54129285156,321.0,786.0,337.0181777777778,146.22907444612707,0.4338907634310077,0,100,900,1790632030.0915258,2442.798375,3442.387,performance,,32861568.0,31949580.0,29266996.0,0.0,0.0,12.0,15.9,15.7,,,
15,32,sharded_2key,Sharded-2key,750,read-heavy,1,305982.1225253189,1801.0,8179.0,2391.351057777778,1762.6049944852125,0.7370749638587807,0,100,900,1790632032.754236,2700.867375,3297.272,performance,,32861568.0,31959868.0,29277260.0,0.0,0.0,12.0,15.9,15.7,,,
15,33,global_mutex,GlobalMutex,1000,mixed,1,284079.6238305749,2005.0,14803.0,3420.9499644444445,3444.24321641909,1.0068090010718493,0,100,900,1790632037.7327445,2300.0,2300.0,performance,,32861568.0,31938032.0,29255404.0,0.0,0.0,13.92,16.24,15.81,,,
15,34,disabled,Disabled,2000,read-heavy,1,283502.88500048604,2009.0,40234.0,6807.682893888889,10348.828843014804,1.5201690508094503,0,100,900,1790632043.608967,2508.092875,3144.575,performance,,32861568.0,31926180.0,29243424.0,0.0,0.0,14.33,16.28,15.83,,,
15,35,hdr_histogram,HdrHistogram,1500,read-heavy,1,287150.703720889,1984.0,26349.0,5051.004654074074,6543.03782120324,1.295393346336696,0,100,900,1790632053.2247427,2300.0,2300.0,performance,,32861568.0,31945552.0,29262520.0,0.0,0.0,15.11,16.39,15.87,,,
15,36,hdr_histogram,HdrHistogram,250,write-heavy,1,308056.80471639073,771.0,1773.0,795.47884,351.9879917825705,0.44248567539844363,0,100,900,1790632061.003399,2411.739625,3193.917,performance,,32861568.0,31902044.0,29218736.0,0.0,0.0,14.93,16.32,15.85,,,
15,37,thread_local,ThreadLocal,1000,mixed,1,302505.8270848774,1874.0,14093.0,3214.399357777778,3263.0147290094237,1.0151242474317987,0,100,900,1790632064.144876,2300.0,2300.0,performance,,32861568.0,31951392.0,29268136.0,0.0,0.0,14.93,16.32,15.85,,,
15,38,hdr_histogram,HdrHistogram,1000,write-heavy,1,281515.7769336347,2026.0,14315.0,3453.750161111111,3361.020890136914,0.9731511352447205,0,100,900,1790632069.8370163,2300.0,2300.0,performance,,32861568.0,31917144.0,29233732.0,0.0,0.0,15.33,16.38,15.88,,,
15,39,hdr_histogram,HdrHistogram,500,mixed,1,302422.6213282056,1502.0,4177.0,1620.8778266666666,825.5031260544656,0.5092938606928271,0,100,900,1790632075.75451,2412.099875,3196.799,performance,,32861568.0,31901756.0,29218232.0,0.0,0.0,12.98,15.84,15.71,,,
15,40,disabled,Disabled,750,read-heavy,1,308851.00600843964,1763.0,8671.0,2366.50398962963,1812.0237381288885,0.765696464518735,0,100,900,1790632079.7628815,2300.0,2300.0,performance,,32861568.0,31926408.0,29242856.0,0.0,0.0,12.98,15.84,15.71,,,
15,41,thread_local,ThreadLocal,3000,mixed,1,253579.17108044418,2336.0,79126.0,11358.78509888889,19194.375249402907,1.689826427940827,0,100,900,1790632084.7070918,2796.985625,3141.956,performance,,32861568.0,31954168.0,29270484.0,0.0,0.0,11.94,15.58,15.62,,,
15,42,sharded_2key,Sharded-2key,1000,mixed,1,291057.65350914735,1938.0,14437.0,3340.8849644444444,3351.7555516090033,1.0032538046895507,0,100,900,1790632098.943896,2300.0,2300.0,performance,,32861568.0,31957440.0,29273280.0,0.0,0.0,13.83,15.76,15.68,,,
15,43,thread_local,ThreadLocal,2000,write-heavy,1,261003.07543969338,2213.0,45583.0,7390.745246666666,11157.63156397382,1.5096761140571142,0,100,900,1790632104.7266662,2409.7195,3177.756,performance,,32861568.0,31936236.0,29252068.0,0.0,0.0,13.68,15.7,15.66,,,
15,44,disabled,Disabled,500,write-heavy,1,293637.35614249157,1545.0,4452.0,1669.4469044444445,886.3563512806153,0.530928146873635,0,100,900,1790632114.769471,2400.17275,3101.382,performance,,32861568.0,31945196.0,29260796.0,0.0,0.0,12.54,15.38,15.55,,,
15,45,sharded_2key,Sharded-2key,1500,write-heavy,1,289857.1982699256,1924.0,23577.0,5007.8208933333335,6183.404001935845,1.234749431667476,0,100,900,1790632118.8192103,2660.015125,3072.498,performance,,32861568.0,31945988.0,29261552.0,0.0,0.0,11.54,15.13,15.47,,,
15,46,disabled,Disabled,750,mixed,1,293055.0800326846,1820.0,8646.0,2497.9257851851853,1886.385875915829,0.755180913341659,0,100,900,1790632126.414279,2400.686625,3105.493,performance,,32861568.0,31929632.0,29244908.0,0.0,0.0,10.43,14.78,15.35,,,
15,47,sharded_2key,Sharded-2key,3000,mixed,1,250652.76925123073,2357.0,83263.0,11516.76970111111,19760.23545630109,1.7157793347551846,0,100,900,1790632131.3133504,2427.078,3316.624,performance,,32861568.0,31947156.0,29262412.0,0.0,0.0,9.59,14.53,15.27,,,
15,48,sharded_2key,Sharded-2key,2000,mixed,1,264423.9531063945,2204.0,44624.0,7293.841223888889,11003.434759764794,1.508592581330972,0,100,900,1790632145.6638494,2300.0,2300.0,performance,,32861568.0,31963688.0,29278484.0,0.0,0.0,15.35,15.62,15.62,,,
15,49,thread_local,ThreadLocal,1000,read-heavy,1,291914.46991400287,1922.0,14248.0,3319.181112222222,3324.8286051943414,1.00170147177306,0,100,900,1790632155.6059165,2894.970375,3343.904,performance,,32861568.0,31960000.0,29274652.0,0.0,0.0,14.17,15.36,15.53,,,
15,50,hdr_histogram,HdrHistogram,500,read-heavy,1,301517.66524762247,1507.0,4234.0,1624.0531155555555,844.1047921586432,0.519751961357429,0,100,900,1790632161.5650756,2300.0,2300.0,performance,,32861568.0,31914840.0,29229284.0,0.0,0.0,13.03,15.11,15.45,,,
15,51,disabled,Disabled,1500,write-heavy,1,269272.8534324083,2160.0,29022.0,5395.104459259259,7179.02222301919,1.3306549070979177,0,100,900,1790632165.7408798,2475.49925,3010.775,performance,,32861568.0,31945168.0,29259652.0,0.0,0.0,11.99,14.86,15.37,,,
15,52,sharded_2key,Sharded-2key,250,write-heavy,1,301997.5851736205,793.0,1677.0,808.38204,342.8075747267415,0.4240662926241428,0,100,900,1790632173.6913178,2365.6325,2825.06,performance,,32861568.0,31923412.0,29237616.0,0.0,0.0,12.71,14.96,15.4,,,
15,53,global_mutex,GlobalMutex,1500,read-heavy,1,282353.323612052,2011.0,26931.0,5132.45013037037,6765.80381301901,1.3182405364220797,0,100,900,1790632176.8511343,2300.0,2300.0,performance,,32861568.0,31952380.0,29266576.0,0.0,0.0,11.69,14.71,15.32,,,
15,54,sharded_n,Sharded-N,250,read-heavy,1,324081.8942502025,737.0,1542.0,756.8721688888888,321.47111131309197,0.42473633531144533,0,100,900,1790632184.7058513,2300.0,2300.0,performance,,32861568.0,31925644.0,29239616.0,0.0,0.0,13.96,15.13,15.45,,,
15,55,global_mutex,GlobalMutex,500,read-heavy,1,308976.3322028494,1493.0,4002.0,1587.8891177777778,792.3256477796428,0.4989804633767428,0,100,900,1790632187.9893277,2401.262875,3110.103,performance,,32861568.0,31951992.0,29265912.0,0.0,0.0,12.92,14.9,15.37,,,
15,56,global_mutex,GlobalMutex,100,mixed,1,288409.96669217385,327.0,714.0,339.30785555555553,142.60564729416006,0.4202839544067407,0,100,900,1790632192.1141543,2300.0,2300.0,performance,,32861568.0,31913840.0,29227784.0,0.0,0.0,12.93,14.86,15.36,,,
15,57,hdr_histogram,HdrHistogram,3000,read-heavy,1,252335.46651792823,2298.0,83574.0,11416.302362592593,19603.766020621402,1.7171729863126604,0,100,900,1790632194.7814453,3108.185875,3219.18,performance,,32861568.0,31938060.0,29252024.0,0.0,0.0,12.93,14.86,15.36,,,
15,58,thread_local,ThreadLocal,250,mixed,1,306997.7966004055,771.0,1750.0,796.0577511111111,346.6366653207785,0.43544160563345374,0,100,900,1790632209.2061834,2300.0,2300.0,performance,,32861568.0,31945856.0,29259280.0,0.0,0.0,14.76,15.15,15.44,,,
15,59,disabled,Disabled,1000,write-heavy,1,283983.82244883105,1982.0,14987.0,3421.248017777778,3481.6250987726285,1.0176476773040464,0,100,900,1790632212.3517473,2407.646625,3161.173,performance,,32861568.0,31948040.0,29261496.0,0.0,0.0,13.98,14.99,15.39,,,
15,60,disabled,Disabled,100,read-heavy,1,295349.6721559569,319.0,736.0,332.47346666666664,141.67397511162443,0.42612114744682716,0,100,900,1790632218.2305806,2816.1465,3211.122,performance,,32861568.0,31936868.0,29250216.0,0.0,0.0,13.9,14.95,15.37,,,
15,61,sharded_n,Sharded-N,250,write-heavy,1,301193.1158883778,796.0,1682.0,813.1916622222222,346.84165347631154,0.42651894945466073,0,100,900,1790632221.054618,2379.0795,2932.636,performance,,32861568.0,31959804.0,29273116.0,0.0,0.0,12.79,14.7,15.29,,,
15,62,global_mutex,GlobalMutex,2000,read-heavy,1,279570.2789047106,2055.0,41180.0,6893.807305,10483.690137204067,1.520740234442057,0,100,900,1790632224.2157083,2411.811625,3194.493,performance,,32861568.0,31957232.0,29270568.0,0.0,0.0,12.79,14.7,15.29,,,
15,63,disabled,Disabled,100,mixed,1,294299.4337031437,321.0,743.0,334.4327,137.0549645793904,0.4098132885312662,0,100,900,1790632233.9309895,2300.0,2300.0,performance,,32861568.0,31951412.0,29264372.0,0.0,0.0,13.08,14.7,15.28,,,
15,64,thread_local,ThreadLocal,100,write-heavy,1,298678.4850955553,317.0,666.0,329.42446666666666,133.05756652418415,0.4039091809741641,0,100,900,1790632236.591899,2940.019875,3180.443,performance,,32861568.0,31959040.0,29271968.0,0.0,0.0,12.04,14.45,15.2,,,
15,65,global_mutex,GlobalMutex,250,mixed,1,300315.72312097996,790.0,1849.0,817.5122311111111,379.1409743689193,0.46377406959846307,0,100,900,1790632239.2465568,2380.50975,2944.078,performance,,32861568.0,31960756.0,29273652.0,0.0,0.0,12.04,14.45,15.2,,,
15,66,hdr_histogram,HdrHistogram,100,write-heavy,1,282008.4361319624,333.0,772.0,348.47532222222225,144.71956501927707,0.4152935826169912,0,100,900,1790632242.4073126,2499.34075,3102.303,performance,,32861568.0,31962296.0,29275212.0,0.0,0.0,12.59,14.53,15.22,,,
15,67,sharded_2key,Sharded-2key,1000,write-heavy,1,277166.8944998557,2061.0,14886.0,3508.8127966666666,3467.9899143673597,0.9883656140509725,0,100,900,1790632245.0810006,2300.0,2300.0,performance,,32861568.0,31969524.0,29282424.0,0.0,0.0,11.59,14.29,15.14,,,
15,68,disabled,Disabled,1000,mixed,1,279020.52460190887,2071.0,15343.0,3485.35588,3462.8427364971953,0.9935406471310457,0,100,900,1790632251.053539,2840.683875,3261.913,performance,,32861568.0,31923532.0,29236204.0,0.0,0.0,10.66,14.05,15.06,,,
15,69,sharded_2key,Sharded-2key,1500,read-heavy,1,282073.7768965581,2054.0,27682.0,5145.651977777778,6914.868120592457,1.3438274003868291,0,100,900,1790632256.9961197,2300.0,2300.0,performance,,32861568.0,31934956.0,29247596.0,0.0,0.0,9.8,13.82,14.98,,,
15,70,global_mutex,GlobalMutex,2000,write-heavy,1,262339.94949570333,2235.0,42358.0,7353.186986111111,11140.873865118596,1.5151081954208108,0,100,900,1790632264.8834555,2398.06225,3084.498,performance,,32861568.0,31913136.0,29225516.0,0.0,0.0,10.3,13.85,14.98,,,
15,71,sharded_n,Sharded-N,750,write-heavy,1,276424.7207453351,1957.0,9266.0,2652.918762962963,2005.0744660293453,0.7557994213851991,0,100,900,1790632274.9103718,2413.020125,3204.161,performance,,32861568.0,31949536.0,29261700.0,0.0,0.0,10.0,13.66,14.91,,,
15,72,sharded_n,Sharded-N,1500,mixed,1,267751.58020288846,2150.0,27797.0,5421.512665185185,7189.735735627486,1.3261493940237623,0,100,900,1790632279.9767585,2502.734875,3137.714,performance,,32861568.0,31932568.0,29244624.0,0.0,0.0,9.2,13.44,14.83,,,
15,73,hdr_histogram,HdrHistogram,500,write-heavy,1,289446.3728801891,1565.0,4546.0,1693.5723577777778,895.4457529782431,0.528731913263631,0,100,900,1790632287.9632266,2300.0,2300.0,performance,,32861568.0,31946396.0,29258288.0,0.0,0.0,8.58,13.16,14.72,,,
15,74,hdr_histogram,HdrHistogram,100,read-heavy,1,282271.2963625429,331.0,812.0,347.58425555555556,150.1748872180874,0.43205319233478473,0,100,900,1790632292.0439034,2815.084375,3183.783,performance,,32861568.0,31936448.0,29248340.0,0.0,0.0,7.98,12.96,14.65,,,
15,75,global_mutex,GlobalMutex,750,read-heavy,1,285279.0612011972,1938.0,9006.0,2568.5220696296296,1914.8673624829846,0.7455132993111095,0,100,900,1790632294.8900642,2524.797,3244.554,performance,,32861568.0,31974620.0,29286484.0,0.0,0.0,7.98,12.96,14.65,,,
15,76,sharded_2key,Sharded-2key,3000,write-heavy,1,240198.7945219785,2457.0,79194.0,12025.005003703704,20298.63544498364,1.688035509235269,0,100,900,1790632300.0490675,2300.0,2300.0,performance,,32861568.0,31921844.0,29233496.0,0.0,0.0,6.75,12.53,14.49,,,
15,77,global_mutex,GlobalMutex,2000,mixed,1,262097.748505526,2240.0,42697.0,7346.1416805555555,10966.045008802952,1.4927625256437527,0,100,900,1790632314.9516647,3037.64275,3297.304,performance,,32861568.0,31963276.0,29274492.0,0.0,0.0,8.26,12.66,14.51,,,
15,78,thread_local,ThreadLocal,1500,mixed,1,275754.28438476723,2086.0,28174.0,5259.902366666666,6990.1953382876645,1.3289591423951712,0,100,900,1790632324.9729338,2300.0,2300.0,performance,,32861568.0,31945360.0,29256396.0,0.0,0.0,7.87,12.43,14.42,,,
15,79,hdr_histogram,HdrHistogram,2000,write-heavy,1,257731.22546145745,2265.0,46491.0,7483.609753888889,11288.509318272225,1.5084310499229472,0,100,900,1790632332.7980225,2300.0,2300.0,performance,,32861568.0,31931052.0,29241960.0,0.0,0.0,7.62,12.22,14.33,,,
15,80,sharded_n,Sharded-N,750,mixed,1,293554.80975334684,1868.0,8537.0,2501.479945185185,1858.2691539908349,0.7428679000875488,0,100,900,1790632342.9289196,2399.899625,3099.197,performance,,32861568.0,31922028.0,29232592.0,0.0,0.0,8.98,12.36,14.35,,,
15,81,global_mutex,GlobalMutex,3000,read-heavy,1,248425.09228972858,2375.0,82283.0,11593.122321481482,19677.00132429973,1.6972995521525052,0,100,900,1790632347.8364053,2400.797125,3106.377,performance,,32861568.0,31919132.0,29229728.0,0.0,0.0,9.7,12.45,14.37,,,
15,82,thread_local,ThreadLocal,750,read-heavy,1,293050.5619836271,1875.0,8532.0,2500.277048888889,1845.3277489005702,0.7380493092637973,0,100,900,1790632362.4963837,2390.05875,3020.47,performance,,32861568.0,31963504.0,29273688.0,0.0,0.0,10.8,12.57,14.38,,,
15,83,sharded_n,Sharded-N,100,read-heavy,1,294574.4347783481,321.0,673.0,333.0652666666667,133.74697150781014,0.4015638521733482,0,100,900,1790632367.5848842,2715.214625,3161.654,performance,,32861568.0,31938708.0,29248964.0,0.0,0.0,10.82,12.55,14.36,,,
15,84,sharded_n,Sharded-N,1500,read-heavy,1,279591.4969078189,2042.0,27280.0,5183.827943703704,6827.850200612611,1.317144448998494,0,100,900,1790632370.4167116,2983.28075,3341.543,performance,,32861568.0,31964148.0,29274356.0,0.0,0.0,9.95,12.34,14.28,,,
15,85,thread_local,ThreadLocal,750,write-heavy,1,297397.06234803447,1870.0,8442.0,2460.841991111111,1801.396552361713,0.7320244692136257,0,100,900,1790632378.3439784,2300.0,2300.0,performance,,32861568.0,31924412.0,29234280.0,0.0,0.0,9.87,12.28,14.25,,,
15,86,hdr_histogram,HdrHistogram,750,read-heavy,1,291646.90281823353,1889.0,8872.0,2510.0681540740743,1889.9085549804365,0.7529311711767424,0,100,900,1790632383.2327886,2300.0,2300.0,performance,,32861568.0,31945180.0,29255008.0,0.0,0.0,10.29,12.33,14.26,,,
15,87,disabled,Disabled,250,mixed,1,308521.3620773865,773.0,1710.0,796.8534533333333,344.34386787122736,0.43212947930487816,0,100,900,1790632388.3225229,2381.408625,2951.269,performance,,32861568.0,31912036.0,29221832.0,0.0,0.0,10.9,12.42,14.28,,,
15,88,thread_local,ThreadLocal,2000,mixed,1,269931.9126442865,2159.0,39689.0,7159.82492,10731.347856163185,1.498828250141511,0,100,900,1790632391.4715223,2403.626875,3129.015,performance,,32861568.0,31953196.0,29262964.0,0.0,0.0,10.03,12.21,14.2,,,
15,89,disabled,Disabled,3000,write-heavy,1,251787.2308766413,2346.0,79546.0,11458.824872962963,19492.526989443646,1.7010930183108184,0,100,900,1790632401.256151,2955.146875,3152.903,performance,,32861568.0,31945272.0,29254676.0,0.0,0.0,9.81,12.11,14.15,,,
15,90,sharded_n,Sharded-N,2000,read-heavy,1,272269.3343532147,2110.0,42486.0,7091.248660555556,10606.483121037707,1.4957144543577117,0,100,900,1790632415.562702,2390.32525,3022.602,performance,,32861568.0,31966628.0,29275584.0,0.0,0.0,13.07,12.78,14.34,,,
15,91,hdr_histogram,HdrHistogram,1500,write-heavy,1,268392.503199924,2151.0,29659.0,5402.458492592593,7136.202453349043,1.3209175902292665,0,100,900,1790632425.457538,2412.93975,3203.518,performance,,32861568.0,31965488.0,29274256.0,0.0,0.0,12.17,12.61,14.27,,,
15,92,sharded_2key,Sharded-2key,1500,mixed,1,290813.7518133686,1947.0,26319.0,4991.026982222223,6600.510908008362,1.3224755008376106,0,100,900,1790632433.4265163,2717.69525,3297.879,performance,,32861568.0,31927068.0,29235760.0,0.0,0.0,11.99,12.57,14.24,,,
15,93,hdr_histogram,HdrHistogram,100,mixed,1,290704.98054087075,325.0,728.0,337.1992888888889,138.51454507794904,0.4107794697146921,0,100,900,1790632440.988405,2601.16725,3161.861,performance,,32861568.0,31940924.0,29249420.0,0.0,0.0,10.96,12.33,14.15,,,
15,94,hdr_histogram,HdrHistogram,250,read-heavy,1,306488.1251741202,779.0,1686.0,801.6055688888889,346.75939558848364,0.432581071098507,0,100,900,1790632443.6508012,2300.0,2300.0,performance,,32861568.0,31970488.0,29278952.0,0.0,0.0,10.96,12.33,14.15,,,
15,95,disabled,Disabled,500,read-heavy,1,313360.2160095308,1454.0,4121.0,1562.994251111111,804.588442931758,0.5147737698713781,0,100,900,1790632446.9685643,2399.821,3098.568,performance,,32861568.0,31958448.0,29266916.0,0.0,0.0,10.08,12.13,14.07,,,
15,96,disabled,Disabled,250,read-heavy,1,309186.93955615885,774.0,1663.0,792.1060488888888,338.7406868572723,0.4276456256487804,0,100,900,1790632451.0808983,2300.0,2300.0,performance,,32861568.0,31957360.0,29265724.0,0.0,0.0,9.27,11.92,14.0,,,
15,97,thread_local,ThreadLocal,750,mixed,1,300765.3333488727,1816.0,8479.0,2434.9518533333335,1827.878888667943,0.7506837912074785,0,100,900,1790632454.3805377,2837.656125,3208.196,performance,,32861568.0,31951324.0,29259696.0,0.0,0.0,9.27,11.92,14.0,,,
15,98,hdr_histogram,HdrHistogram,1000,read-heavy,1,286036.3233865804,1997.0,15166.0,3398.85673,3456.694121409949,1.0170167194455262,0,100,900,1790632459.2450047,2300.0,2300.0,performance,,32861568.0,31931068.0,29239260.0,0.0,0.0,10.21,12.07,14.03,,,
15,99,disabled,Disabled,3000,mixed,1,247821.16308043955,2380.0,81172.0,11628.544225185185,19725.81253487306,1.6963269135745085,0,100,900,1790632465.2687771,2300.0,2300.0,performance,,32861568.0,31916364.0,29224308.0,0.0,0.0,9.67,11.91,13.96,,,
15,100,thread_local,ThreadLocal,100,read-heavy,1,291988.1867549175,321.0,781.0,336.3635888888889,141.54829702657798,0.4208193208252861,0,100,900,1790632479.7707152,2408.7265,3169.812,performance,,32861568.0,31952660.0,29260224.0,0.0,0.0,9.66,11.83,13.91,,,
15,101,disabled,Disabled,750,write-heavy,1,289322.3545646776,1875.0,8764.0,2532.777057777778,1912.722786965191,0.7551879787806458,0,100,900,1790632482.5898764,2750.402125,3295.791,performance,,32861568.0,31967908.0,29275436.0,0.0,0.0,8.97,11.65,13.84,,,
15,102,sharded_n,Sharded-N,2000,write-heavy,1,260130.9097762337,2236.0,46253.0,7418.318556111111,11357.528539208599,1.5310111655763852,0,100,900,1790632487.5340812,2300.0,2300.0,performance,,32861568.0,31944920.0,29252496.0,0.0,0.0,9.05,11.62,13.82,,,
15,103,hdr_histogram,HdrHistogram,1500,mixed,1,269662.6512143429,2134.0,29265.0,5382.972867407408,7242.438138380578,1.3454346356140452,0,100,900,1790632497.618503,2484.9785,3094.826,performance,,32861568.0,31945552.0,29252744.0,0.0,0.0,12.82,12.33,14.03,,,
15,104,thread_local,ThreadLocal,1000,write-heavy,1,296086.8137302258,1944.0,13720.0,3284.1206544444444,3173.6147036721154,0.9663514339454065,0,100,900,1790632505.5670893,2628.31325,3263.17,performance,,32861568.0,31931688.0,29238752.0,0.0,0.0,12.03,12.18,13.96,,,
15,105,sharded_2key,Sharded-2key,500,mixed,1,296277.92735742027,1556.0,4213.0,1659.7867377777777,828.3983312948608,0.4990992592240918,0,100,900,1790632511.3391094,2300.0,2300.0,performance,,32861568.0,31930692.0,29237660.0,0.0,0.0,11.06,11.98,13.89,,,
15,106,sharded_2key,Sharded-2key,100,read-heavy,1,301537.7056014743,314.0,678.0,325.47852222222224,134.49214452980712,0.4132135773861658,0,100,900,1790632515.371506,2404.676125,3137.409,performance,,32861568.0,31955736.0,29262644.0,0.0,0.0,10.18,11.78,13.81,,,
15,107,global_mutex,GlobalMutex,250,read-heavy,1,316032.22324664576,766.0,1578.0,777.6223866666667,313.04129109743144,0.4025620872867422,0,100,900,1790632518.189253,2621.597375,3233.876,performance,,32861568.0,31962940.0,29269816.0,0.0,0.0,10.18,11.78,13.81,,,
15,108,sharded_2key,Sharded-2key,500,read-heavy,1,296521.7641242113,1528.0,4318.0,1651.9699511111112,843.4386121248181,0.5105653474856023,0,100,900,1790632521.4729028,2300.0,2300.0,performance,,32861568.0,31936284.0,29243148.0,0.0,0.0,9.36,11.58,13.74,,,
15,109,sharded_n,Sharded-N,250,mixed,1,319551.5434658391,758.0,1485.0,768.9598577777778,303.67788680108964,0.3949203378167105,0,100,900,1790632525.6699684,2300.0,2300.0,performance,,32861568.0,31919264.0,29226120.0,0.0,0.0,8.61,11.39,13.66,,,
15,110,sharded_n,Sharded-N,1000,mixed,1,293887.20462730573,1953.0,13826.0,3304.3464833333333,3200.344588900347,0.9685257296843544,0,100,900,1790632528.7954786,2389.182,3013.456,performance,,32861568.0,31949512.0,29256336.0,0.0,0.0,8.61,11.39,13.66,,,
15,111,global_mutex,GlobalMutex,3000,write-heavy,1,245110.52888320663,2415.0,83448.0,11764.570635925926,19870.708868334747,1.6890296708028418,0,100,900,1790632534.582141,2662.624375,3445.766,performance,,32861568.0,31913636.0,29220208.0,0.0,0.0,9.12,11.45,13.67,,,
15,112,global_mutex,GlobalMutex,250,write-heavy,1,309611.7532188249,775.0,1664.0,793.2015288888889,338.4629821811435,0.42670490392934574,0,100,900,1790632549.2332315,2416.218,3229.744,performance,,32861568.0,31942568.0,29248724.0,0.0,0.0,12.43,12.09,13.85,,,
15,113,sharded_2key,Sharded-2key,250,mixed,1,316277.0494909891,761.0,1541.0,774.0423866666666,319.1539432102573,0.41232101588733494,0,100,900,1790632552.378564,2402.853,3122.824,performance,,32861568.0,31945920.0,29252068.0,0.0,0.0,13.04,12.22,13.88,,,
15,114,global_mutex,GlobalMutex,3000,mixed,1,249792.9173001821,2358.0,79257.0,11558.102485925925,19645.955404179582,1.6997561172434728,0,100,900,1790632555.5066102,2394.61225,3056.898,performance,,32861568.0,31952056.0,29258240.0,0.0,0.0,11.99,12.02,13.8,,,
15,115,global_mutex,GlobalMutex,1000,write-heavy,1,282289.72953181155,2015.0,14722.0,3446.6028044444442,3398.593748024116,0.9860706152857475,0,100,900,1790632569.9250736,2300.0,2300.0,performance,,32861568.0,31946804.0,29252484.0,0.0,0.0,12.15,12.05,13.79,,,
15,116,hdr_histogram,HdrHistogram,2000,read-heavy,1,269435.34930953424,2123.0,39802.0,7152.363933888889,10669.753762673652,1.4917800410181707,0,100,900,1790632575.8142617,2418.94775,3251.582,performance,,32861568.0,31920932.0,29226608.0,0.0,0.0,10.28,11.66,13.65,,,
15,117,sharded_2key,Sharded-2key,1000,read-heavy,1,298427.38961939723,1882.0,14042.0,3259.1945644444445,3254.325868039088,0.9985061657691534,0,100,900,1790632585.7935815,2411.706875,3193.655,performance,,32861568.0,31925592.0,29230940.0,0.0,0.0,9.88,11.53,13.59,,,
15,118,thread_local,ThreadLocal,3000,read-heavy,1,261862.5665392418,2234.0,69136.0,11022.331036296297,18602.231410191904,1.687685785242265,0,100,900,1790632591.6898837,2300.0,2300.0,performance,,32861568.0,31907104.0,29212340.0,0.0,0.0,9.09,11.34,13.51,,,
15,119,global_mutex,GlobalMutex,750,write-heavy,1,296495.8392813547,1824.0,8638.0,2469.3828355555556,1872.05515076108,0.7581064887170117,0,100,900,1790632605.7249014,2418.8075,3250.46,performance,,32861568.0,31939580.0,29244388.0,0.0,0.0,11.03,11.68,13.59,,,
15,120,disabled,Disabled,2000,write-heavy,1,264857.3766437223,2182.0,45962.0,7271.153220555556,11102.89720687108,1.5269788532970505,0,100,900,1790632610.627847,2300.0,2300.0,performance,,32861568.0,31934120.0,29239012.0,0.0,0.0,10.15,11.49,13.52,,,
15,121,thread_local,ThreadLocal,3000,write-heavy,1,244397.90081740546,2427.0,81946.0,11823.748472592593,20072.929523483977,1.6976790034068263,0,100,900,1790632620.5561047,2300.0,2300.0,performance,,32861568.0,31951988.0,29256548.0,0.0,0.0,9.77,11.37,13.46,,,
15,122,global_mutex,GlobalMutex,750,mixed,1,292738.3868703234,1878.0,8776.0,2501.2201866666665,1872.3504269077716,0.7485748103620662,0,100,900,1790632635.235425,2399.894625,3099.157,performance,,32861568.0,31961740.0,29265888.0,0.0,0.0,11.64,11.72,13.54,,,
15,123,sharded_2key,Sharded-2key,2000,read-heavy,1,275617.3043255981,2075.0,44049.0,6989.346068333333,10601.051974098522,1.516744466571596,0,100,900,1790632640.1593752,3052.063125,3206.103,performance,,32861568.0,31938760.0,29242956.0,0.0,0.0,10.71,11.53,13.47,,,
15,124,sharded_2key,Sharded-2key,750,write-heavy,1,288710.7422232049,1898.0,8944.0,2547.5158844444445,1920.4453820500712,0.7538502090513468,0,100,900,1790632649.9769478,2300.0,2300.0,performance,,32861568.0,31962068.0,29265872.0,0.0,0.0,12.1,11.8,13.55,,,
15,125,sharded_n,Sharded-N,100,write-heavy,1,281385.59180272,331.0,823.0,348.20775555555554,156.38110266752156,0.4491028708364636,0,100,900,1790632654.9272265,2300.0,2300.0,performance,,32861568.0,31919100.0,29222856.0,0.0,0.0,11.13,11.61,13.47,,,
15,126,sharded_n,Sharded-N,750,read-heavy,1,307340.97370396776,1781.0,8184.0,2383.442168888889,1781.2539422520135,0.7473451487528213,0,100,900,1790632657.6061602,2376.174125,2909.393,performance,,32861568.0,31941996.0,29245736.0,0.0,0.0,10.24,11.41,13.4,,,
15,127,global_mutex,GlobalMutex,1500,mixed,1,274814.40004396247,2089.0,27965.0,5285.51841925926,7005.115291928015,1.325341193855824,0,100,900,1790632662.5760272,2421.753125,3274.025,performance,,32861568.0,31930392.0,29234036.0,0.0,0.0,11.74,11.7,13.48,,,
15,128,hdr_histogram,HdrHistogram,250,mixed,1,302616.46228174964,793.0,1744.0,815.4017333333334,365.34832208132946,0.4480592904650797,0,100,900,1790632670.422171,2596.371125,3196.69,performance,,32861568.0,31931680.0,29235104.0,0.0,0.0,10.67,11.48,13.39,,,
15,129,sharded_n,Sharded-N,500,write-heavy,1,284937.34226893715,1603.0,4466.0,1724.6986488888888,888.351632660807,0.5150764356620295,0,100,900,1790632673.5872796,2412.892875,3203.143,performance,,32861568.0,31955412.0,29258836.0,0.0,0.0,10.67,11.48,13.39,,,
15,130,sharded_n,Sharded-N,2000,mixed,1,256747.38401231528,2258.0,44725.0,7516.566829444444,11317.317867562706,1.5056498697290475,0,100,900,1790632677.6860037,2524.5405,3200.523,performance,,32861568.0,31941524.0,29244896.0,0.0,0.0,10.3,11.39,13.35,,,
15,131,sharded_2key,Sharded-2key,750,mixed,1,286352.3717646171,1894.0,8986.0,2553.1720696296297,1950.0373675756111,0.7637704449189314,0,100,900,1790632687.8529363,2976.53175,3312.646,performance,,32861568.0,31946088.0,29249152.0,0.0,0.0,11.34,11.58,13.39,,,
15,132,disabled,Disabled,250,write-heavy,1,314679.8220920564,764.0,1619.0,779.6765155555555,334.7830300702908,0.42938708989040464,0,100,900,1790632692.8268588,2631.811375,3213.029,performance,,32861568.0,31921496.0,29224524.0,0.0,0.0,11.95,11.7,13.42,,,
15,133,sharded_n,Sharded-N,500,mixed,1,298849.518808211,1530.0,4230.0,1644.237768888889,840.1345554264877,0.5109568526662768,0,100,900,1790632695.9619858,2300.0,2300.0,performance,,32861568.0,31951108.0,29254120.0,0.0,0.0,11.0,11.51,13.35,,,
15,134,global_mutex,GlobalMutex,500,write-heavy,1,288905.2832721631,1594.0,4205.0,1692.6461622222223,841.7629638791248,0.49730592410052227,0,100,900,1790632699.9881852,2409.17275,3173.382,performance,,32861568.0,31921380.0,29224300.0,0.0,0.0,11.0,11.51,13.35,,,
15,135,sharded_n,Sharded-N,500,read-heavy,1,298146.79604015866,1542.0,4195.0,1647.939508888889,783.2244632670219,0.4752750079977785,0,100,900,1790632704.0672247,2300.0,2300.0,performance,,32861568.0,31961008.0,29263844.0,0.0,0.0,10.12,11.31,13.28,,,
15,136,hdr_histogram,HdrHistogram,3000,write-heavy,1,237555.99139947433,2510.0,79934.0,12161.312692222222,20430.457768571123,1.679954975718817,0,100,900,1790632708.2570066,2412.48975,3199.918,performance,,32861568.0,31943596.0,29246360.0,0.0,0.0,11.15,11.51,13.33,,,
15,137,thread_local,ThreadLocal,500,write-heavy,1,301483.8690332312,1524.0,4291.0,1628.0845666666667,827.2682241013772,0.5081236202583276,0,100,900,1790632723.2744133,2407.622125,3160.977,performance,,32861568.0,31933624.0,29235904.0,0.0,0.0,13.35,11.99,13.46,,,
15,138,sharded_n,Sharded-N,3000,write-heavy,1,240312.88586074937,2458.0,83660.0,12017.570458518518,20377.465827274373,1.695639388810909,0,100,900,1790632727.2774858,2391.68375,3033.47,performance,,32861568.0,31963112.0,29265456.0,0.0,0.0,14.68,12.29,13.55,,,
15,139,disabled,Disabled,100,write-heavy,1,285016.43157730234,333.0,771.0,344.5831333333333,140.61018902632404,0.4080588265192436,0,100,900,1790632742.16421,2385.0715,2980.572,performance,,32861568.0,31953888.0,29255788.0,0.0,0.0,14.15,12.31,13.54,,,
15,140,global_mutex,GlobalMutex,100,read-heavy,1,286715.98672241205,327.0,773.0,342.4084888888889,144.4302216913609,0.42180677868132044,0,100,900,1790632744.8342388,2399.636875,3097.095,performance,,32861568.0,31968420.0,29270292.0,0.0,0.0,14.15,12.31,13.54,,,
15,141,hdr_histogram,HdrHistogram,2000,mixed,1,263458.7929115774,2190.0,44310.0,7306.290146666666,11099.577063738147,1.5191809852777451,0,100,900,1790632747.677512,2585.053125,3109.498,performance,,32861568.0,31962524.0,29264388.0,0.0,0.0,13.02,12.11,13.47,,,
15,142,sharded_n,Sharded-N,100,mixed,1,280052.18791191885,334.0,853.0,351.0561777777778,154.8890539344627,0.4412087401934544,0,100,900,1790632757.6743188,2402.89525,3123.162,performance,,32861568.0,31936652.0,29238236.0,0.0,0.0,12.96,12.12,13.46,,,
15,143,global_mutex,GlobalMutex,1500,write-heavy,1,264741.7311345744,2178.0,28515.0,5481.061317037037,7236.416781788244,1.3202583155373495,0,100,900,1790632760.3502746,2411.748125,3193.985,performance,,32861568.0,31950592.0,29252136.0,0.0,0.0,11.92,11.92,13.38,,,
15,144,thread_local,ThreadLocal,250,read-heavy,1,308140.13549422997,777.0,1705.0,797.0196311111112,344.3158466143254,0.43200422320127885,0,100,900,1790632768.3946104,2496.113875,3091.666,performance,,32861568.0,31917948.0,29219384.0,0.0,0.0,11.77,11.89,13.36,,,
