{
  "timestamp": "1776683838",
  "runs_per_config": 1,
  "results": [
    {
      "name": "Mixed (50% GET / 50% SET)",
      "concurrency": 400,
      "target": "RustRedis",
      "runs": 1,
      "ops_per_sec_mean": 219204.45679194736,
      "ops_per_sec_stddev": 0.0,
      "p50_us_mean": 1745.0,
      "p50_us_stddev": 0.0,
      "p99_us_mean": 3875.0,
      "p99_us_stddev": 0.0,
      "max_us_mean": 9025.0,
      "max_us_stddev": 0.0,
      "total_errors": 0,
      "per_run": [
        {
          "name": "Mixed (50% GET / 50% SET)",
          "concurrency": 400,
          "warmup_ops_per_client": 100,
          "measured_ops_per_client": 900,
          "total_ops": 360000,
          "duration_secs": 1.6423023749999999,
          "ops_per_sec": 219204.45679194736,
          "p50_us": 1745.0,
          "p95_us": 3016.0,
          "p99_us": 3875.0,
          "max_us": 9025.0,
          "avg_us": 1808.3767611111111,
          "latency_stddev_us": 678.3654839434838,
          "latency_cv": 0.3751239777747859,
          "errors": 0,
          "target": "RustRedis"
        }
      ]
    }
  ],
  "memory_samples": [
    {
      "elapsed_secs": 0.000546833,
      "rss_bytes": 0,
      "vsize_bytes": 0,
      "label": "idle"
    },
    {
      "elapsed_secs": 1.8612719580000001,
      "rss_bytes": 0,
      "vsize_bytes": 0,
      "label": "mixed_c400"
    }
  ]
}