{
  "timestamp": "1776683197",
  "runs_per_config": 1,
  "results": [
    {
      "name": "Mixed (50% GET / 50% SET)",
      "concurrency": 1000,
      "target": "RustRedis",
      "runs": 1,
      "ops_per_sec_mean": 60931.92312766671,
      "ops_per_sec_stddev": 0.0,
      "p50_us_mean": 5612.0,
      "p50_us_stddev": 0.0,
      "p99_us_mean": 137436.0,
      "p99_us_stddev": 0.0,
      "max_us_mean": 382669.0,
      "max_us_stddev": 0.0,
      "total_errors": 0,
      "per_run": [
        {
          "name": "Mixed (50% GET / 50% SET)",
          "concurrency": 1000,
          "warmup_ops_per_client": 100,
          "measured_ops_per_client": 900,
          "total_ops": 900000,
          "duration_secs": 14.770582542,
          "ops_per_sec": 60931.92312766671,
          "p50_us": 5612.0,
          "p95_us": 67263.0,
          "p99_us": 137436.0,
          "max_us": 382669.0,
          "avg_us": 15961.561084444444,
          "latency_stddev_us": 26697.91236956556,
          "latency_cv": 1.6726379223385848,
          "errors": 0,
          "target": "RustRedis"
        }
      ]
    }
  ],
  "memory_samples": [
    {
      "elapsed_secs": 0.001321542,
      "rss_bytes": 0,
      "vsize_bytes": 0,
      "label": "idle"
    },
    {
      "elapsed_secs": 16.389014208,
      "rss_bytes": 0,
      "vsize_bytes": 0,
      "label": "mixed_c1000"
    }
  ]
}