{
  "timestamp": "1776676227",
  "runs_per_config": 1,
  "results": [
    {
      "name": "Mixed (50% GET / 50% SET)",
      "concurrency": 200,
      "target": "RustRedis",
      "runs": 1,
      "ops_per_sec_mean": 98760.41051799097,
      "ops_per_sec_stddev": 0.0,
      "p50_us_mean": 1143.0,
      "p50_us_stddev": 0.0,
      "p99_us_mean": 14487.0,
      "p99_us_stddev": 0.0,
      "max_us_mean": 122769.0,
      "max_us_stddev": 0.0,
      "total_errors": 0,
      "per_run": [
        {
          "name": "Mixed (50% GET / 50% SET)",
          "concurrency": 200,
          "warmup_ops_per_client": 100,
          "measured_ops_per_client": 900,
          "total_ops": 180000,
          "duration_secs": 1.8225926669999999,
          "ops_per_sec": 98760.41051799097,
          "p50_us": 1143.0,
          "p95_us": 6375.0,
          "p99_us": 14487.0,
          "max_us": 122769.0,
          "avg_us": 1967.1608555555556,
          "latency_stddev_us": 2910.1501217083946,
          "latency_cv": 1.4793656113528777,
          "errors": 0,
          "target": "RustRedis"
        }
      ]
    }
  ],
  "memory_samples": [
    {
      "elapsed_secs": 0.000617708,
      "rss_bytes": 0,
      "vsize_bytes": 0,
      "label": "idle"
    },
    {
      "elapsed_secs": 1.945615041,
      "rss_bytes": 0,
      "vsize_bytes": 0,
      "label": "mixed_c200"
    }
  ]
}