{
  "timestamp": "1776687776",
  "runs_per_config": 1,
  "results": [
    {
      "name": "Mixed (50% GET / 50% SET)",
      "concurrency": 1000,
      "target": "RustRedis",
      "runs": 1,
      "ops_per_sec_mean": 57309.06708241211,
      "ops_per_sec_stddev": 0.0,
      "p50_us_mean": 6742.0,
      "p50_us_stddev": 0.0,
      "p99_us_mean": 127964.0,
      "p99_us_stddev": 0.0,
      "max_us_mean": 289147.0,
      "max_us_stddev": 0.0,
      "total_errors": 0,
      "per_run": [
        {
          "name": "Mixed (50% GET / 50% SET)",
          "concurrency": 1000,
          "warmup_ops_per_client": 100,
          "measured_ops_per_client": 900,
          "total_ops": 900000,
          "duration_secs": 15.70432125,
          "ops_per_sec": 57309.06708241211,
          "p50_us": 6742.0,
          "p95_us": 68384.0,
          "p99_us": 127964.0,
          "max_us": 289147.0,
          "avg_us": 16878.284817777778,
          "latency_stddev_us": 25990.690774273644,
          "latency_cv": 1.5398893344244218,
          "errors": 0,
          "target": "RustRedis"
        }
      ]
    }
  ],
  "memory_samples": [
    {
      "elapsed_secs": 0.001807833,
      "rss_bytes": 0,
      "vsize_bytes": 0,
      "label": "idle"
    },
    {
      "elapsed_secs": 17.359642583,
      "rss_bytes": 0,
      "vsize_bytes": 0,
      "label": "mixed_c1000"
    }
  ]
}