{
  "timestamp": "1776680212",
  "runs_per_config": 1,
  "results": [
    {
      "name": "Mixed (50% GET / 50% SET)",
      "concurrency": 600,
      "target": "RustRedis",
      "runs": 1,
      "ops_per_sec_mean": 215106.2193754421,
      "ops_per_sec_stddev": 0.0,
      "p50_us_mean": 2609.0,
      "p50_us_stddev": 0.0,
      "p99_us_mean": 6808.0,
      "p99_us_stddev": 0.0,
      "max_us_mean": 13177.0,
      "max_us_stddev": 0.0,
      "total_errors": 0,
      "per_run": [
        {
          "name": "Mixed (50% GET / 50% SET)",
          "concurrency": 600,
          "warmup_ops_per_client": 100,
          "measured_ops_per_client": 900,
          "total_ops": 540000,
          "duration_secs": 2.5103876659999997,
          "ops_per_sec": 215106.2193754421,
          "p50_us": 2609.0,
          "p95_us": 5172.0,
          "p99_us": 6808.0,
          "max_us": 13177.0,
          "avg_us": 2758.5723314814813,
          "latency_stddev_us": 1310.782445448239,
          "latency_cv": 0.4751669660749073,
          "errors": 0,
          "target": "RustRedis"
        }
      ]
    }
  ],
  "memory_samples": [
    {
      "elapsed_secs": 0.0006295,
      "rss_bytes": 0,
      "vsize_bytes": 0,
      "label": "idle"
    },
    {
      "elapsed_secs": 2.8276586249999998,
      "rss_bytes": 0,
      "vsize_bytes": 0,
      "label": "mixed_c600"
    }
  ]
}