{
  "timestamp": "1776682796",
  "runs_per_config": 1,
  "results": [
    {
      "name": "Mixed (50% GET / 50% SET)",
      "concurrency": 1000,
      "target": "RustRedis",
      "runs": 1,
      "ops_per_sec_mean": 68317.93411952497,
      "ops_per_sec_stddev": 0.0,
      "p50_us_mean": 4786.0,
      "p50_us_stddev": 0.0,
      "p99_us_mean": 141609.0,
      "p99_us_stddev": 0.0,
      "max_us_mean": 403380.0,
      "max_us_stddev": 0.0,
      "total_errors": 0,
      "per_run": [
        {
          "name": "Mixed (50% GET / 50% SET)",
          "concurrency": 1000,
          "warmup_ops_per_client": 100,
          "measured_ops_per_client": 900,
          "total_ops": 900000,
          "duration_secs": 13.173700458,
          "ops_per_sec": 68317.93411952497,
          "p50_us": 4786.0,
          "p95_us": 59039.0,
          "p99_us": 141609.0,
          "max_us": 403380.0,
          "avg_us": 14108.736464444444,
          "latency_stddev_us": 26440.592867021474,
          "latency_cv": 1.8740581719457765,
          "errors": 0,
          "target": "RustRedis"
        }
      ]
    }
  ],
  "memory_samples": [
    {
      "elapsed_secs": 0.000928375,
      "rss_bytes": 0,
      "vsize_bytes": 0,
      "label": "idle"
    },
    {
      "elapsed_secs": 14.585154875,
      "rss_bytes": 0,
      "vsize_bytes": 0,
      "label": "mixed_c1000"
    }
  ]
}