{
  "timestamp": "1776688034",
  "runs_per_config": 1,
  "results": [
    {
      "name": "Mixed (50% GET / 50% SET)",
      "concurrency": 1000,
      "target": "RustRedis",
      "runs": 1,
      "ops_per_sec_mean": 48087.88306583775,
      "ops_per_sec_stddev": 0.0,
      "p50_us_mean": 6746.0,
      "p50_us_stddev": 0.0,
      "p99_us_mean": 168101.0,
      "p99_us_stddev": 0.0,
      "max_us_mean": 437740.0,
      "max_us_stddev": 0.0,
      "total_errors": 0,
      "per_run": [
        {
          "name": "Mixed (50% GET / 50% SET)",
          "concurrency": 1000,
          "warmup_ops_per_client": 100,
          "measured_ops_per_client": 900,
          "total_ops": 900000,
          "duration_secs": 18.715733416,
          "ops_per_sec": 48087.88306583775,
          "p50_us": 6746.0,
          "p95_us": 86844.0,
          "p99_us": 168101.0,
          "max_us": 437740.0,
          "avg_us": 20403.456414444445,
          "latency_stddev_us": 33846.653541392276,
          "latency_cv": 1.6588686178402028,
          "errors": 0,
          "target": "RustRedis"
        }
      ]
    }
  ],
  "memory_samples": [
    {
      "elapsed_secs": 0.004798083,
      "rss_bytes": 0,
      "vsize_bytes": 0,
      "label": "idle"
    },
    {
      "elapsed_secs": 20.787254291,
      "rss_bytes": 0,
      "vsize_bytes": 0,
      "label": "mixed_c1000"
    }
  ]
}