block_id,order_in_block,strategy,strategy_label,concurrency,workload,run_id,metric_cardinality,achieved_metric_entries,throughput,p50,p99,avg_latency,latency_stddev,latency_cv,errors,warmup_ops_per_client,measured_ops_per_client,unix_time,cpu_freq_mean_mhz,cpu_freq_max_mhz,cpu_governor,temp_max_celsius,mem_total_kb,mem_available_kb,mem_free_kb,swap_total_kb,swap_free_kb,load_1m,load_5m,load_15m,ac_online,battery_status,battery_capacity_pct
1,1,sharded_2key,Sharded-2key,3000,mixed,1,,4,277496.4562954832,2106.0,75692.0,10394.282898148149,17667.526277430683,1.6997349841784986,0,100,900,1790692540.728226,2524.774875,3199.734,performance,,32861576.0,31935316.0,30205280.0,0.0,0.0,2.98,0.87,0.3,,,
1,2,thread_local,ThreadLocal,3000,mixed,1,,4,278998.7074371183,2077.0,75478.0,10358.416198148148,17797.45444855198,1.7181636756142087,0,100,900,1790692553.9590607,2300.0,2300.0,performance,,32861576.0,32007884.0,30276960.0,0.0,0.0,5.08,1.38,0.48,,,
1,3,sharded_2key,Sharded-2key,100,mixed,1,,4,289985.423012756,323.0,776.0,338.9896777777778,146.21141774800512,0.4313152503830897,0,100,900,1790692567.1373434,2300.0,2300.0,performance,,32861576.0,32018580.0,30287372.0,0.0,0.0,6.43,1.84,0.64,,,
1,4,sharded_bucketed,Sharded-Bucketed-10000,100,mixed,1,10000,13004,299825.5235325091,313.0,712.0,327.4304222222222,135.33479095313615,0.41332381406296576,0,100,900,1790692569.8001091,2300.0,2300.0,performance,,32861576.0,32030108.0,30298920.0,0.0,0.0,5.92,1.81,0.64,,,
1,5,global_mutex,GlobalMutex,1000,mixed,1,,4,300025.1330053835,1884.0,14403.0,3239.6425755555556,3241.5133580215015,1.0005774656994761,0,100,900,1790692572.462455,2300.0,2300.0,performance,,32861576.0,32048752.0,30317556.0,0.0,0.0,5.92,1.81,0.64,,,
1,6,sharded_bucketed,Sharded-Bucketed-10,100,mixed,1,10,22,269302.0501459388,342.0,922.0,364.9242777777778,167.29697225227235,0.4584429769130038,0,100,900,1790692578.1410117,2992.104625,3302.65,performance,,32861576.0,31980712.0,30249428.0,0.0,0.0,6.88,2.08,0.73,,,
1,7,sharded_bucketed,Sharded-Bucketed-1000,3000,mixed,1,1000,2002,274818.96397189447,2130.0,75173.0,10477.55627,17907.616650246648,1.709140584767926,0,100,900,1790692580.8293183,2300.0,2300.0,performance,,32861576.0,31972616.0,30241128.0,0.0,0.0,6.33,2.05,0.73,,,
1,8,sharded_bucketed,Sharded-Bucketed-10000,1000,mixed,1,10000,13042,296099.9424082651,1893.0,14523.0,3288.3128655555556,3321.2274383630875,1.010009562396664,0,100,900,1790692594.1770575,2590.973625,3144.246,performance,,32861576.0,32010484.0,30278332.0,0.0,0.0,6.41,2.29,0.83,,,
1,9,hdr_histogram,HdrHistogram,1000,mixed,1,,4,299932.98147495434,1909.0,14686.0,3243.9338188888887,3341.1272542379875,1.029961596251797,0,100,900,1790692599.9253669,2300.0,2300.0,performance,,32861576.0,31984572.0,30252240.0,0.0,0.0,5.9,2.25,0.82,,,
1,10,sharded_n,Sharded-N,100,mixed,1,,10002,294461.43945001194,320.0,740.0,332.87432222222225,134.2606593071554,0.40333738694787297,0,100,900,1790692605.6252558,2300.0,2300.0,performance,,32861576.0,31967076.0,30234552.0,0.0,0.0,5.43,2.21,0.82,,,
1,11,disabled,Disabled,100,mixed,1,,,294229.84670703445,316.0,768.0,332.1775222222222,149.98556791307882,0.45152232730768743,0,100,900,1790692608.2895467,2740.45375,3202.331,performance,,32861576.0,32009480.0,30276928.0,0.0,0.0,5.43,2.21,0.82,,,
1,12,disabled,Disabled,1000,mixed,1,,,304981.7790550711,1854.0,14462.0,3189.4620344444443,3288.124679623585,1.030933945635232,0,100,900,1790692610.9475904,2369.1405,2853.124,performance,,32861576.0,32022032.0,30289464.0,0.0,0.0,4.99,2.17,0.81,,,
1,13,sharded_n,Sharded-N,1000,mixed,1,,10002,298953.30022096686,1890.0,14265.0,3248.5727855555556,3333.997737183882,1.02629614826799,0,100,900,1790692616.59796,2392.3495,3038.796,performance,,32861576.0,31949236.0,30216580.0,0.0,0.0,5.71,2.37,0.88,,,
1,14,sharded_bucketed,Sharded-Bucketed-10000,3000,mixed,1,10000,13042,275025.42078554,2119.0,74593.0,10453.845351481481,17761.682515485794,1.6990573246780116,0,100,900,1790692622.315706,2414.195625,3213.565,performance,,32861576.0,32000300.0,30267516.0,0.0,0.0,7.26,2.75,1.01,,,
1,15,thread_local_owned,ThreadLocal-Owned,3000,mixed,1,,4,279221.30640041,2088.0,75612.0,10317.169842222222,17720.273348126142,1.7175517723481968,0,100,900,1790692635.657325,2300.0,2300.0,performance,,32861576.0,32015300.0,30282168.0,0.0,0.0,7.92,3.13,1.17,,,
1,16,sharded_n,Sharded-N,3000,mixed,1,,10002,277629.02243379835,2103.0,73669.0,10359.051693333333,17553.940096144048,1.6945508735554486,0,100,900,1790692648.8176312,2773.855375,3196.23,performance,,32861576.0,32003464.0,30269976.0,0.0,0.0,10.64,3.88,1.44,,,
1,17,sharded_bucketed,Sharded-Bucketed-100,3000,mixed,1,100,202,277249.21404553356,2103.0,76551.0,10405.911544814815,17900.752550865287,1.7202483870608234,0,100,900,1790692662.0457652,2388.354125,3006.833,performance,,32861576.0,32017740.0,30283964.0,0.0,0.0,11.21,4.32,1.62,,,
1,18,hdr_histogram,HdrHistogram,100,mixed,1,,4,296114.5545870533,319.0,710.0,331.1352888888889,133.45028303123553,0.4030083398209311,0,100,900,1790692675.2891552,2300.0,2300.0,performance,,32861576.0,32003428.0,30269340.0,0.0,0.0,11.0,4.63,1.76,,,
1,19,sharded_bucketed,Sharded-Bucketed-1,100,mixed,1,1,4,296387.2908536907,320.0,659.0,331.20523333333335,130.69293438260317,0.3945980353851187,0,100,900,1790692677.9472983,2300.0,2300.0,performance,,32861576.0,32037664.0,30303584.0,0.0,0.0,11.0,4.63,1.76,,,
1,20,disabled,Disabled,3000,mixed,1,,,283260.6374107743,2054.0,73073.0,10173.694693333333,17294.052495173873,1.6998792490309742,0,100,900,1790692680.6036239,2394.090375,3052.723,performance,,32861576.0,32036456.0,30302364.0,0.0,0.0,10.12,4.55,1.75,,,
1,21,thread_local,ThreadLocal,100,mixed,1,,4,295786.0378716489,317.0,770.0,330.9997333333333,141.64742010378433,0.42793816985084476,0,100,900,1790692693.6460433,2502.267,3181.129,performance,,32861576.0,32034904.0,30300408.0,0.0,0.0,12.99,5.37,2.05,,,
1,22,thread_local,ThreadLocal,1000,mixed,1,,4,301959.44817540265,1845.0,14442.0,3218.487452222222,3270.531220923719,1.0161702568284252,0,100,900,1790692696.3038154,2370.7785,2866.228,performance,,32861576.0,32033484.0,30298964.0,0.0,0.0,13.39,5.58,2.14,,,
1,23,global_mutex,GlobalMutex,3000,mixed,1,,4,274276.8949060635,2153.0,77039.0,10512.11336962963,18017.869248209754,1.714010172327943,0,100,900,1790692701.9651458,2300.0,2300.0,performance,,32861576.0,31969028.0,30234452.0,0.0,0.0,13.36,5.7,2.19,,,
1,24,sharded_bucketed,Sharded-Bucketed-100,1000,mixed,1,100,202,294374.8787543468,1913.0,14031.0,3305.7095033333335,3252.4762719202477,0.9838965791278974,0,100,900,1790692715.317781,2434.55,3376.4,performance,,32861576.0,32021964.0,30287008.0,0.0,0.0,18.04,7.13,2.72,,,
1,25,global_mutex,GlobalMutex,100,mixed,1,,4,288685.8982946558,326.0,727.0,339.6399777777778,143.49879412826172,0.4225026602202618,0,100,900,1790692721.0713372,2300.0,2300.0,performance,,32861576.0,31998724.0,30263644.0,0.0,0.0,16.6,7.01,2.7,,,
1,26,sharded_bucketed,Sharded-Bucketed-1,1000,mixed,1,1,4,297155.5290168227,1883.0,14483.0,3268.9869744444445,3290.6942585487313,1.00664037032695,0,100,900,1790692723.7381234,2813.3525,3385.832,performance,,32861576.0,32026220.0,30291112.0,0.0,0.0,16.6,7.01,2.7,,,
1,27,sharded_bucketed,Sharded-Bucketed-10,3000,mixed,1,10,22,279905.490537279,2081.0,72536.0,10293.238148148148,17206.960356070536,1.6716761147866994,0,100,900,1790692729.472358,2717.968625,3269.057,performance,,32861576.0,32003636.0,30268372.0,0.0,0.0,16.18,7.25,2.83,,,
1,28,sharded_bucketed,Sharded-Bucketed-100,100,mixed,1,100,202,298539.2969764438,316.0,673.0,328.1041222222222,136.59126539686065,0.41630463059025063,0,100,900,1790692742.6110594,2300.0,2300.0,performance,,32861576.0,32005900.0,30270212.0,0.0,0.0,15.95,7.5,2.96,,,
1,29,sharded_bucketed,Sharded-Bucketed-1000,100,mixed,1,1000,2002,297939.6361849833,314.0,709.0,329.16667777777775,140.18337268832457,0.4258735229055085,0,100,900,1790692745.2618144,2407.425125,3159.401,performance,,32861576.0,32029016.0,30293304.0,0.0,0.0,14.67,7.37,2.94,,,
1,30,sharded_bucketed,Sharded-Bucketed-1,3000,mixed,1,1,4,281204.42885973066,2063.0,72556.0,10229.911405925926,17445.79772569517,1.7053713403216049,0,100,900,1790692747.9210534,2682.59975,3371.584,performance,,32861576.0,32037676.0,30302000.0,0.0,0.0,14.67,7.37,2.94,,,
1,31,sharded_bucketed,Sharded-Bucketed-1000,1000,mixed,1,1000,2002,301281.3973855415,1851.0,14758.0,3228.9472344444443,3274.48009406322,1.0141014567017568,0,100,900,1790692761.0187607,2531.50075,3294.877,performance,,32861576.0,32016376.0,30280324.0,0.0,0.0,14.31,7.66,3.11,,,
1,32,sharded_bucketed,Sharded-Bucketed-10,1000,mixed,1,10,22,300258.71662205626,1819.0,14058.0,3237.135546666667,3274.9845388184244,1.0116921245978505,0,100,900,1790692766.706878,2383.529875,2968.239,performance,,32861576.0,32002276.0,30266072.0,0.0,0.0,14.44,7.8,3.18,,,
1,33,thread_local_owned,ThreadLocal-Owned,1000,mixed,1,,4,301964.92157787795,1882.0,14206.0,3229.1235266666667,3242.218942987984,1.0040554089099327,0,100,900,1790692772.4073563,3064.70175,3602.382,performance,,32861576.0,31974876.0,30238584.0,0.0,0.0,14.41,7.9,3.23,,,
1,34,thread_local_owned,ThreadLocal-Owned,100,mixed,1,,4,299458.81702767155,314.0,697.0,327.3474111111111,133.85842623106055,0.4089185424644313,0,100,900,1790692778.0864568,2796.274625,3446.017,performance,,32861576.0,31991396.0,30255012.0,0.0,0.0,14.29,7.99,3.29,,,
1,35,hdr_histogram,HdrHistogram,3000,mixed,1,,4,276539.54224652314,2089.0,75844.0,10394.879727407408,17767.52698213551,1.7092575814310955,0,100,900,1790692780.744049,2934.979,3218.204,performance,,32861576.0,32010532.0,30274132.0,0.0,0.0,13.15,7.85,3.27,,,
1,36,sharded_2key,Sharded-2key,1000,mixed,1,,4,305515.2885745151,1845.0,14108.0,3179.8262444444445,3173.135208652867,0.997895785719969,0,100,900,1790692794.0265553,2363.45075,2807.606,performance,,32861576.0,32025476.0,30288576.0,0.0,0.0,19.57,9.45,3.84,,,
2,1,disabled,Disabled,3000,mixed,1,,,280526.96792269626,2058.0,73899.0,10252.69986037037,17545.634725475964,1.7113184784912003,0,100,900,1790692799.671545,2300.0,2300.0,performance,,32861576.0,31991224.0,30254348.0,0.0,0.0,16.56,9.13,3.8,,,
2,2,hdr_histogram,HdrHistogram,1000,mixed,1,,4,298916.5703147297,1872.0,14399.0,3257.582372222222,3283.3040569575774,1.0078959430019903,0,100,900,1790692812.7792296,2300.0,2300.0,performance,,32861576.0,31990168.0,30252752.0,0.0,0.0,15.86,9.23,3.89,,,
2,3,sharded_bucketed,Sharded-Bucketed-10,1000,mixed,1,10,22,303375.7863543361,1868.0,14298.0,3206.645877777778,3226.683207011742,1.006248687880637,0,100,900,1790692818.4889126,2430.922625,3347.381,performance,,32861576.0,31991144.0,30253464.0,0.0,0.0,15.39,9.24,3.92,,,
2,4,thread_local,ThreadLocal,1000,mixed,1,,4,306902.2786923355,1831.0,14630.0,3159.3737666666666,3261.528343748651,1.0323338055660833,0,100,900,1790692824.1476593,2423.99325,3291.946,performance,,32861576.0,31989892.0,30252076.0,0.0,0.0,14.43,9.25,3.98,,,
2,5,sharded_bucketed,Sharded-Bucketed-10,3000,mixed,1,10,22,277655.5048349208,2086.0,71292.0,10366.888678518519,17723.840690149435,1.709658629485955,0,100,900,1790692829.776685,2884.390625,3355.551,performance,,32861576.0,31984964.0,30247084.0,0.0,0.0,13.27,9.09,3.96,,,
2,6,sharded_bucketed,Sharded-Bucketed-1,1000,mixed,1,1,4,301177.2122731437,1911.0,14670.0,3229.97262,3266.887920399957,1.0114289824537142,0,100,900,1790692842.9840143,2412.3375,3198.7,performance,,32861576.0,32032340.0,30293904.0,0.0,0.0,13.92,9.37,4.1,,,
2,7,sharded_bucketed,Sharded-Bucketed-1000,3000,mixed,1,1000,2002,278155.72696559055,2092.0,73716.0,10358.082293703703,17374.829772630226,1.6774176222940174,0,100,900,1790692848.6773362,2300.0,2300.0,performance,,32861576.0,32002140.0,30263632.0,0.0,0.0,15.05,9.68,4.23,,,
2,8,thread_local_owned,ThreadLocal-Owned,100,mixed,1,,4,298498.1443962353,316.0,708.0,329.1209333333333,134.3075600702568,0.40807966454759126,0,100,900,1790692861.9019876,2300.0,2300.0,performance,,32861576.0,32002872.0,30263964.0,0.0,0.0,16.84,10.33,4.53,,,
2,9,hdr_histogram,HdrHistogram,3000,mixed,1,,4,278878.45935531164,2089.0,74243.0,10318.662115185185,17665.239423217135,1.711969945911937,0,100,900,1790692864.5583923,2547.0535,3439.71,performance,,32861576.0,32002736.0,30263812.0,0.0,0.0,15.49,10.16,4.51,,,
2,10,sharded_bucketed,Sharded-Bucketed-10,100,mixed,1,10,22,299160.9492688048,314.0,720.0,327.3522111111111,137.27668901202293,0.4193547022214185,0,100,900,1790692877.7263288,2300.0,2300.0,performance,,32861576.0,32018980.0,30279808.0,0.0,0.0,18.07,10.88,4.8,,,
2,11,sharded_bucketed,Sharded-Bucketed-1000,1000,mixed,1,1000,2002,295294.13973158645,1905.0,14839.0,3294.044748888889,3347.197287896803,1.016135949284187,0,100,900,1790692880.381927,2412.415,3199.32,performance,,32861576.0,32027968.0,30288812.0,0.0,0.0,16.62,10.7,4.78,,,
2,12,thread_local_owned,ThreadLocal-Owned,1000,mixed,1,,4,298090.58739976725,1913.0,14484.0,3259.34366,3312.7301031191773,1.0163795072530577,0,100,900,1790692886.128008,2422.01175,3276.094,performance,,32861576.0,31980552.0,30241292.0,0.0,0.0,15.45,10.56,4.76,,,
2,13,hdr_histogram,HdrHistogram,100,mixed,1,,4,299967.7564658575,314.0,694.0,326.6865666666667,132.81937937358774,0.4065651695715712,0,100,900,1790692891.838375,2393.939875,3051.519,performance,,32861576.0,31998036.0,30258672.0,0.0,0.0,21.66,11.93,5.24,,,
2,14,thread_local,ThreadLocal,3000,mixed,1,,4,281905.86750874855,2061.0,73463.0,10205.086631481481,17394.7908156183,1.7045216217917676,0,100,900,1790692894.4939058,2389.60075,3016.806,performance,,32861576.0,32013076.0,30273680.0,0.0,0.0,19.93,11.73,5.21,,,
2,15,sharded_bucketed,Sharded-Bucketed-1,3000,mixed,1,1,4,273835.06223731406,2129.0,75450.0,10533.029588888889,18047.230835183997,1.71339410782836,0,100,900,1790692907.5520182,2300.0,2300.0,performance,,32861576.0,32016720.0,30276792.0,0.0,0.0,18.85,11.77,5.29,,,
2,16,sharded_bucketed,Sharded-Bucketed-1000,100,mixed,1,1000,2002,290005.28118950734,324.0,721.0,338.2933444444445,137.82523137041335,0.40741336959127616,0,100,900,1790692920.954759,2412.517,3200.136,performance,,32861576.0,32004948.0,30264696.0,0.0,0.0,16.94,11.71,5.38,,,
2,17,sharded_bucketed,Sharded-Bucketed-100,1000,mixed,1,100,202,294863.8875254046,1911.0,14505.0,3292.9599766666665,3268.0403282450916,0.992432447221299,0,100,900,1790692923.6236901,2518.435875,3195.74,performance,,32861576.0,32008684.0,30268412.0,0.0,0.0,16.94,11.71,5.38,,,
2,18,sharded_2key,Sharded-2key,100,mixed,1,,4,294910.85510038136,319.0,762.0,332.78214444444444,139.9023775582798,0.4204022958979263,0,100,900,1790692929.3859282,2405.31575,3142.526,performance,,32861576.0,31999952.0,30259620.0,0.0,0.0,14.78,11.42,5.35,,,
2,19,sharded_n,Sharded-N,3000,mixed,1,,10002,278942.6623668896,2082.0,74618.0,10321.831715555556,17660.44337528083,1.7109795879219374,0,100,900,1790692932.047626,2433.825625,3370.605,performance,,32861576.0,32012300.0,30271940.0,0.0,0.0,14.78,11.42,5.35,,,
2,20,sharded_bucketed,Sharded-Bucketed-1,100,mixed,1,1,4,282794.51849581255,330.0,827.0,346.14723333333336,152.0623365949814,0.43929958685686843,0,100,900,1790692945.2406003,2360.0395,2780.316,performance,,32861576.0,32010260.0,30269424.0,0.0,0.0,13.4,11.3,5.41,,,
2,21,sharded_bucketed,Sharded-Bucketed-10000,100,mixed,1,10000,12980,290632.7148151405,321.0,764.0,336.58973333333336,147.62285323758135,0.43858394543301976,0,100,900,1790692947.9146333,2627.39825,3214.544,performance,,32861576.0,32014772.0,30273908.0,0.0,0.0,13.4,11.3,5.41,,,
2,22,sharded_n,Sharded-N,1000,mixed,1,,10002,300139.5670997249,1896.0,14323.0,3250.4968022222224,3253.527244641897,1.0009323013077887,0,100,900,1790692950.5847545,2667.9015,3405.06,performance,,32861576.0,32041200.0,30300312.0,0.0,0.0,12.33,11.11,5.38,,,
2,23,sharded_bucketed,Sharded-Bucketed-100,3000,mixed,1,100,202,276533.88905537245,2105.0,75903.0,10449.691093333333,17764.44991130588,1.6999976126221759,0,100,900,1790692956.2898457,2782.713875,3526.113,performance,,32861576.0,31989100.0,30248152.0,0.0,0.0,12.38,11.15,5.42,,,
2,24,sharded_2key,Sharded-2key,1000,mixed,1,,4,316427.31676663586,1833.0,13308.0,3073.7321755555554,3004.3867266782163,0.9774393327340547,0,100,900,1790692969.5716157,2366.7085,2833.668,performance,,32861576.0,32003100.0,30261800.0,0.0,0.0,14.09,11.61,5.67,,,
2,25,thread_local,ThreadLocal,100,mixed,1,,4,291622.850738375,322.0,767.0,336.4682555555556,139.53375756328327,0.41470110555568984,0,100,900,1790692975.1105309,2994.467875,3535.005,performance,,32861576.0,31981192.0,30239816.0,0.0,0.0,12.96,11.41,5.64,,,
2,26,sharded_bucketed,Sharded-Bucketed-10000,3000,mixed,1,10000,13042,276633.68313536886,2115.0,73243.0,10435.779892962963,17575.238841896156,1.684132764600321,0,100,900,1790692977.773976,2401.686375,3113.491,performance,,32861576.0,32001844.0,30260424.0,0.0,0.0,12.96,11.41,5.64,,,
2,27,global_mutex,GlobalMutex,1000,mixed,1,,4,297177.37109254126,1905.0,14539.0,3268.949972222222,3270.9724430183733,1.0006186912658,0,100,900,1790692991.0647202,2424.9335,3299.468,performance,,32861576.0,32008168.0,30266312.0,0.0,0.0,12.85,11.47,5.75,,,
2,28,global_mutex,GlobalMutex,100,mixed,1,,4,303959.478499965,312.0,689.0,323.81705555555556,130.05870640628487,0.40164254530432353,0,100,900,1790692996.7879243,2392.80525,3042.442,performance,,32861576.0,31992772.0,30250904.0,0.0,0.0,13.34,11.6,5.82,,,
2,29,disabled,Disabled,1000,mixed,1,,,318254.07736824866,1768.0,13434.0,3049.2238,3052.869085348231,1.001195479763811,0,100,900,1790692999.4400375,2300.0,2300.0,performance,,32861576.0,32011588.0,30269688.0,0.0,0.0,12.27,11.41,5.79,,,
2,30,sharded_n,Sharded-N,100,mixed,1,,10001,297490.8599486644,319.0,683.0,330.06631111111113,131.17370886632247,0.39741622955929334,0,100,900,1790693004.957056,2501.529125,3147.543,performance,,32861576.0,31988860.0,30246752.0,0.0,0.0,11.29,11.22,5.76,,,
2,31,sharded_2key,Sharded-2key,3000,mixed,1,,4,280682.7722496134,2066.0,75352.0,10259.705446296297,17718.364977810583,1.7269857376077815,0,100,900,1790693007.618847,2771.935875,3197.877,performance,,32861576.0,32014664.0,30272528.0,0.0,0.0,11.29,11.22,5.76,,,
2,32,thread_local_owned,ThreadLocal-Owned,3000,mixed,1,,4,282830.7258424279,2038.0,74159.0,10174.98944,17415.348365760758,1.7115839253156766,0,100,900,1790693020.7348418,2415.955125,3227.641,performance,,32861576.0,32015576.0,30273088.0,0.0,0.0,11.2,11.22,5.85,,,
2,33,global_mutex,GlobalMutex,3000,mixed,1,,4,281375.7812172292,2056.0,71104.0,10242.567057037037,17319.017206349803,1.6908863871631648,0,100,900,1790693033.7761571,2300.0,2300.0,performance,,32861576.0,32013532.0,30270748.0,0.0,0.0,13.5,11.69,6.06,,,
2,34,disabled,Disabled,100,mixed,1,,,292283.1879846928,320.0,811.0,334.9413333333333,142.04358457177392,0.4240849678305074,0,100,900,1790693046.8403976,2652.3265,3301.067,performance,,32861576.0,32025768.0,30282544.0,0.0,0.0,14.48,12.0,6.25,,,
2,35,sharded_bucketed,Sharded-Bucketed-10000,1000,mixed,1,10000,13042,308668.4156799978,1826.0,13846.0,3148.709571111111,3133.8291846272036,0.9952741317838798,0,100,900,1790693049.5007572,2411.414125,3191.313,performance,,32861576.0,32034204.0,30290940.0,0.0,0.0,13.32,11.8,6.22,,,
2,36,sharded_bucketed,Sharded-Bucketed-100,100,mixed,1,100,202,293125.43184093566,322.0,723.0,334.62176666666664,137.55024486544661,0.41106185719970584,0,100,900,1790693055.1237593,2390.855625,3026.845,performance,,32861576.0,31996156.0,30252840.0,0.0,0.0,12.26,11.61,6.18,,,
3,1,thread_local_owned,ThreadLocal-Owned,3000,mixed,1,,4,278286.6773034459,2099.0,75330.0,10348.103888148149,17788.40267990636,1.7190011689271603,0,100,900,1790693057.786541,2614.470375,3201.859,performance,,32861576.0,32016124.0,30272784.0,0.0,0.0,12.26,11.61,6.18,,,
3,2,sharded_bucketed,Sharded-Bucketed-1,3000,mixed,1,1,4,275419.5599071505,2148.0,75620.0,10456.696026296297,17865.03080661303,1.708477588110661,0,100,900,1790693070.9867997,2425.891,3307.128,performance,,32861576.0,32012668.0,30268932.0,0.0,0.0,11.75,11.54,6.25,,,
3,3,sharded_bucketed,Sharded-Bucketed-1000,3000,mixed,1,1000,2002,283088.37597254245,2044.0,66616.0,10179.148454444445,16683.10862801467,1.638949338707252,0,100,900,1790693084.2934551,2300.0,2300.0,performance,,32861576.0,32025200.0,30281088.0,0.0,0.0,14.11,12.12,6.53,,,
3,4,sharded_bucketed,Sharded-Bucketed-10,100,mixed,1,10,22,288152.365750133,324.0,862.0,339.96577777777776,148.3620101823626,0.4364027789860102,0,100,900,1790693097.354559,2492.410875,3196.766,performance,,32861576.0,32015008.0,30270660.0,0.0,0.0,13.93,12.15,6.6,,,
3,5,sharded_2key,Sharded-2key,3000,mixed,1,,4,279776.5407899222,2086.0,74279.0,10308.885185925927,17634.659101536094,1.7106271709778653,0,100,900,1790693100.0217218,2403.8925,3131.14,performance,,32861576.0,32009564.0,30265192.0,0.0,0.0,12.81,11.95,6.56,,,
3,6,sharded_n,Sharded-N,1000,mixed,1,,10002,293904.516531874,1930.0,14328.0,3313.79543,3298.9772905796444,0.9955283481634967,0,100,900,1790693113.1902318,2300.0,2300.0,performance,,32861576.0,32002276.0,30257472.0,0.0,0.0,17.47,12.94,6.94,,,
3,7,sharded_n,Sharded-N,100,mixed,1,,10002,287623.774297278,323.0,858.0,341.5108,149.37508599416157,0.4373949110662432,0,100,900,1790693118.9591105,2396.3025,3070.42,performance,,32861576.0,31994800.0,30249868.0,0.0,0.0,17.11,12.95,6.97,,,
3,8,sharded_n,Sharded-N,3000,mixed,1,,10002,277997.7494745731,2087.0,73192.0,10357.044070740742,17688.154183971263,1.7078380726351583,0,100,900,1790693121.6325648,2726.917625,3196.455,performance,,32861576.0,32025936.0,30280980.0,0.0,0.0,15.74,12.73,6.94,,,
3,9,disabled,Disabled,1000,mixed,1,,,303667.34333580587,1864.0,14212.0,3206.787637777778,3268.656940042284,1.0192932333702582,0,100,900,1790693134.844901,2409.91,3179.28,performance,,32861576.0,32004272.0,30258908.0,0.0,0.0,13.66,12.43,6.93,,,
3,10,global_mutex,GlobalMutex,100,mixed,1,,4,298616.7108426404,312.0,784.0,328.57717777777776,145.3407816082953,0.44233376947011116,0,100,900,1790693140.499226,2936.510875,3406.812,performance,,32861576.0,31993596.0,30248200.0,0.0,0.0,12.57,12.22,6.89,,,
3,11,hdr_histogram,HdrHistogram,1000,mixed,1,,4,298586.8388533539,1880.0,14473.0,3259.4513744444444,3300.847238076366,1.0127002550050244,0,100,900,1790693143.1567116,2437.487125,3399.897,performance,,32861576.0,32015016.0,30269584.0,0.0,0.0,12.57,12.22,6.89,,,
3,12,thread_local_owned,ThreadLocal-Owned,1000,mixed,1,,4,307611.90172718884,1858.0,13356.0,3152.8115033333333,3082.5626243499905,0.977718655584366,0,100,900,1790693148.875036,2300.0,2300.0,performance,,32861576.0,31974792.0,30229204.0,0.0,0.0,12.44,12.2,6.92,,,
3,13,hdr_histogram,HdrHistogram,3000,mixed,1,,4,278364.37528355763,2082.0,75472.0,10343.54734925926,17621.116540703166,1.703585428258815,0,100,900,1790693154.5014164,2865.546875,3493.159,performance,,32861576.0,31981224.0,30235508.0,0.0,0.0,10.53,11.8,6.84,,,
3,14,sharded_bucketed,Sharded-Bucketed-100,100,mixed,1,100,202,299338.4311355525,315.0,673.0,327.7026888888889,133.16218084708615,0.40635058961092696,0,100,900,1790693167.6986718,3018.33325,3198.449,performance,,32861576.0,32029412.0,30283312.0,0.0,0.0,11.25,11.91,6.93,,,
3,15,thread_local,ThreadLocal,1000,mixed,1,,4,300639.69292111264,1837.0,14528.0,3236.9861444444446,3309.5496387450476,1.0224169925549857,0,100,900,1790693170.355341,2300.0,2300.0,performance,,32861576.0,32037224.0,30291132.0,0.0,0.0,10.35,11.71,6.89,,,
3,16,sharded_bucketed,Sharded-Bucketed-10000,100,mixed,1,10000,12994,290219.12408076157,323.0,753.0,337.7135333333333,138.43616157666617,0.4099218654646734,0,100,900,1790693176.0367265,2389.066875,3012.535,performance,,32861576.0,31992032.0,30245832.0,0.0,0.0,9.52,11.51,6.86,,,
3,17,sharded_2key,Sharded-2key,100,mixed,1,,4,303598.2914783508,310.0,712.0,323.9395777777778,136.45862744521915,0.42124716090983366,0,100,900,1790693178.7077723,2507.4965,3234.51,performance,,32861576.0,32003160.0,30256920.0,0.0,0.0,9.52,11.51,6.86,,,
3,18,sharded_bucketed,Sharded-Bucketed-100,3000,mixed,1,100,202,276104.3512601528,2120.0,74137.0,10452.360917407408,17753.428213887637,1.698508916231643,0,100,900,1790693181.3580265,2412.891125,3203.129,performance,,32861576.0,32020032.0,30273772.0,0.0,0.0,10.6,11.71,6.94,,,
3,19,sharded_bucketed,Sharded-Bucketed-100,1000,mixed,1,100,202,307526.1113296775,1864.0,13792.0,3164.624801111111,3105.394810304797,0.9812837241288388,0,100,900,1790693194.6488063,3154.967125,3703.324,performance,,32861576.0,32006860.0,30260208.0,0.0,0.0,13.57,12.33,7.23,,,
3,20,thread_local_owned,ThreadLocal-Owned,100,mixed,1,,4,293324.83030278597,318.0,813.0,334.48094444444445,149.88535244344422,0.44811327799972595,0,100,900,1790693200.2772644,2300.0,2300.0,performance,,32861576.0,31998536.0,30251784.0,0.0,0.0,12.48,12.13,7.19,,,
3,21,sharded_2key,Sharded-2key,1000,mixed,1,,4,302551.5413964291,1875.0,14354.0,3210.194877777778,3223.044969094257,1.0040029006978461,0,100,900,1790693202.934377,2300.0,2300.0,performance,,32861576.0,32014704.0,30267940.0,0.0,0.0,12.48,12.13,7.19,,,
3,22,thread_local,ThreadLocal,3000,mixed,1,,4,279616.1441213818,2086.0,71007.0,10306.221752962963,17310.464418357824,1.6796130369872153,0,100,900,1790693208.610105,2300.0,2300.0,performance,,32861576.0,31972640.0,30225780.0,0.0,0.0,12.76,12.19,7.23,,,
3,23,global_mutex,GlobalMutex,1000,mixed,1,,4,303664.10113126657,1888.0,13862.0,3201.8643344444445,3206.0647436828713,1.0013118635893596,0,100,900,1790693221.7808385,2388.4965,3007.972,performance,,32861576.0,32017880.0,30270548.0,0.0,0.0,14.91,12.7,7.48,,,
3,24,thread_local,ThreadLocal,100,mixed,1,,4,289999.1614190916,319.0,799.0,337.5591888888889,152.88248994122196,0.45290572727245415,0,100,900,1790693227.4513633,2300.0,2300.0,performance,,32861576.0,31990020.0,30242580.0,0.0,0.0,14.2,12.59,7.47,,,
3,25,hdr_histogram,HdrHistogram,100,mixed,1,,4,292800.0249387541,322.0,746.0,335.56715555555553,142.5901607976034,0.4249228759040352,0,100,900,1790693230.1145506,2411.59475,3192.758,performance,,32861576.0,32015844.0,30268380.0,0.0,0.0,13.06,12.38,7.43,,,
3,26,sharded_bucketed,Sharded-Bucketed-1,100,mixed,1,1,4,293363.68321885413,319.0,751.0,334.2444222222222,139.39019162151592,0.41703071870214314,0,100,900,1790693232.776728,2516.9515,3321.72,performance,,32861576.0,32003556.0,30256056.0,0.0,0.0,13.06,12.38,7.43,,,
3,27,sharded_bucketed,Sharded-Bucketed-1000,100,mixed,1,1000,2002,297403.78491059045,314.0,786.0,331.40788888888886,152.27390473677886,0.459475799587353,0,100,900,1790693235.4385734,2399.562125,3096.497,performance,,32861576.0,32016228.0,30268684.0,0.0,0.0,12.01,12.18,7.39,,,
3,28,sharded_bucketed,Sharded-Bucketed-1000,1000,mixed,1,1000,2002,308253.7377599813,1834.0,14007.0,3150.466067777778,3101.7989922650436,0.9845524203512332,0,100,900,1790693238.0986726,2411.474125,3191.793,performance,,32861576.0,32013764.0,30266196.0,0.0,0.0,12.01,12.18,7.39,,,
3,29,sharded_bucketed,Sharded-Bucketed-10,1000,mixed,1,10,22,302994.13960854936,1878.0,14053.0,3198.240277777778,3199.655330306551,1.0004424472228073,0,100,900,1790693243.7057765,2414.861,3218.888,performance,,32861576.0,31988268.0,30240620.0,0.0,0.0,12.57,12.29,7.46,,,
3,30,sharded_bucketed,Sharded-Bucketed-10000,1000,mixed,1,10000,13042,295996.9210637068,1910.0,14665.0,3283.0587988888888,3350.798448786548,1.020633090677689,0,100,900,1790693249.3696842,2378.46775,2927.742,performance,,32861576.0,31995928.0,30248152.0,0.0,0.0,11.52,12.08,7.44,,,
3,31,disabled,Disabled,100,mixed,1,,,301239.22184473305,315.0,661.0,326.33074444444446,129.03354737717925,0.3954072657078325,0,100,900,1790693255.121145,2795.683625,3381.501,performance,,32861576.0,32003960.0,30256084.0,0.0,0.0,10.6,11.88,7.4,,,
3,32,disabled,Disabled,3000,mixed,1,,,280736.30575415114,2059.0,72856.0,10259.970416666667,17336.62158881582,1.6897340718111218,0,100,900,1790693257.7730627,2300.0,2300.0,performance,,32861576.0,32024364.0,30276440.0,0.0,0.0,10.6,11.88,7.4,,,
3,33,sharded_bucketed,Sharded-Bucketed-10000,3000,mixed,1,10000,13042,275368.4695419594,2089.0,71850.0,10454.200011851852,17517.17405929174,1.6756111457053287,0,100,900,1790693270.8883822,2526.624125,3294.765,performance,,32861576.0,32022424.0,30274088.0,0.0,0.0,10.37,11.79,7.44,,,
3,34,global_mutex,GlobalMutex,3000,mixed,1,,4,278668.43213260575,2096.0,76378.0,10318.814188518518,17887.506804156266,1.7334847277373442,0,100,900,1790693284.2017977,2413.117375,3204.939,performance,,32861576.0,32017292.0,30268596.0,0.0,0.0,10.07,11.66,7.47,,,
3,35,sharded_bucketed,Sharded-Bucketed-10,3000,mixed,1,10,22,276203.9996400448,2100.0,73877.0,10430.757665925927,17739.515879041344,1.7006929359495024,0,100,900,1790693297.3985786,2882.970625,3237.414,performance,,32861576.0,32013804.0,30264760.0,0.0,0.0,10.44,11.69,7.53,,,
3,36,sharded_bucketed,Sharded-Bucketed-1,1000,mixed,1,1,4,295354.6508282958,1960.0,14945.0,3290.4530633333334,3343.8677493144264,1.0162332313979225,0,100,900,1790693310.6949942,2415.579875,3224.639,performance,,32861576.0,32004556.0,30255192.0,0.0,0.0,13.45,12.36,7.82,,,
4,1,sharded_bucketed,Sharded-Bucketed-100,1000,mixed,1,100,202,296384.28500890336,1910.0,14479.0,3285.9873888888887,3266.3137171510048,0.9940128584168011,0,100,900,1790693316.431918,2417.08975,3236.718,performance,,32861576.0,32002852.0,30253368.0,0.0,0.0,13.9,12.47,7.88,,,
4,2,hdr_histogram,HdrHistogram,1000,mixed,1,,4,297411.1827733563,1914.0,14312.0,3270.8485955555557,3306.083987332104,1.0107725535888228,0,100,900,1790693322.170291,2414.125,3213.0,performance,,32861576.0,31993472.0,30243872.0,0.0,0.0,14.14,12.54,7.93,,,
4,3,disabled,Disabled,3000,mixed,1,,,280350.5267284103,2085.0,75001.0,10259.749584814816,17685.845692992927,1.7238087096364691,0,100,900,1790693327.9055686,2402.43925,3119.514,performance,,32861576.0,31982928.0,30233184.0,0.0,0.0,13.97,12.54,7.95,,,
4,4,sharded_bucketed,Sharded-Bucketed-1000,100,mixed,1,1000,2002,303297.6410085748,312.0,664.0,323.53895555555556,128.91860814867914,0.3984639436302509,0,100,900,1790693341.030073,2300.0,2300.0,performance,,32861576.0,32021124.0,30270876.0,0.0,0.0,13.06,12.42,7.99,,,
4,5,sharded_bucketed,Sharded-Bucketed-10000,3000,mixed,1,10000,13042,280472.0099105894,2067.0,73869.0,10287.7431,17609.04760234611,1.7116531226704241,0,100,900,1790693343.6833725,2633.43175,3208.026,performance,,32861576.0,32034008.0,30283724.0,0.0,0.0,13.06,12.42,7.99,,,
4,6,sharded_bucketed,Sharded-Bucketed-100,100,mixed,1,100,202,291722.7756259099,322.0,744.0,336.2232111111111,139.0602696143967,0.4135950910552743,0,100,900,1790693356.80161,2758.107875,3237.607,performance,,32861576.0,32010008.0,30259404.0,0.0,0.0,16.49,13.24,8.33,,,
4,7,sharded_bucketed,Sharded-Bucketed-1,3000,mixed,1,1,4,278348.4561444735,2090.0,75180.0,10350.722534444445,17636.53706483698,1.703894293963275,0,100,900,1790693359.4660316,2695.994625,3167.771,performance,,32861576.0,32020672.0,30270044.0,0.0,0.0,15.17,13.02,8.28,,,
4,8,thread_local,ThreadLocal,1000,mixed,1,,4,305888.00995806046,1847.0,14571.0,3179.586366666667,3239.077834755559,1.0187104425634017,0,100,900,1790693372.694458,2711.32275,3535.903,performance,,32861576.0,32005008.0,30254096.0,0.0,0.0,21.71,14.46,8.8,,,
4,9,disabled,Disabled,100,mixed,1,,,298041.3566491528,313.0,772.0,328.6682333333333,146.39928451288586,0.4454318052831367,0,100,900,1790693378.333448,2300.0,2300.0,performance,,32861576.0,31998928.0,30247944.0,0.0,0.0,22.05,14.66,8.89,,,
4,10,sharded_bucketed,Sharded-Bucketed-10000,1000,mixed,1,10000,13042,322333.070949677,1756.0,13069.0,3005.9054144444444,3017.7421513245977,1.003937827458999,0,100,900,1790693380.9905784,2550.344625,3110.409,performance,,32861576.0,32017896.0,30266872.0,0.0,0.0,20.29,14.41,8.85,,,
4,11,sharded_bucketed,Sharded-Bucketed-10000,100,mixed,1,10000,12993,309632.702266565,305.0,669.0,316.69076666666666,128.0882753474419,0.4044585091495939,0,100,900,1790693386.4835782,2410.436125,3183.489,performance,,32861576.0,31969228.0,30218080.0,0.0,0.0,20.18,14.49,8.9,,,
4,12,thread_local,ThreadLocal,100,mixed,1,,4,299016.6210481926,316.0,704.0,328.5165777777778,135.28421510471193,0.4118033130012202,0,100,900,1790693389.133962,2800.8945,3551.348,performance,,32861576.0,31996984.0,30245796.0,0.0,0.0,20.18,14.49,8.9,,,
4,13,sharded_2key,Sharded-2key,100,mixed,1,,4,300684.68006443436,313.0,706.0,326.17277777777775,134.46916983553302,0.4122636191520163,0,100,900,1790693391.7931833,2893.8465,3425.295,performance,,32861576.0,32015876.0,30264660.0,0.0,0.0,18.57,14.25,8.85,,,
4,14,thread_local_owned,ThreadLocal-Owned,3000,mixed,1,,4,275299.132658,2136.0,76891.0,10471.420771481482,18136.29488907943,1.731980338186098,0,100,900,1790693394.4484122,2672.9745,3404.266,performance,,32861576.0,32010640.0,30259428.0,0.0,0.0,17.08,14.01,8.8,,,
4,15,sharded_bucketed,Sharded-Bucketed-10,1000,mixed,1,10,22,299783.05639528914,1828.0,14107.0,3232.274647777778,3249.7313967965033,1.0054007629056916,0,100,900,1790693407.7606964,2412.875,3203.0,performance,,32861576.0,32010028.0,30258404.0,0.0,0.0,17.89,14.28,8.95,,,
4,16,sharded_2key,Sharded-2key,1000,mixed,1,,4,302947.04186093644,1847.0,14348.0,3210.3052155555556,3259.661172878346,1.0153742258161733,0,100,900,1790693413.458639,2933.90275,3308.173,performance,,32861576.0,31997824.0,30246104.0,0.0,0.0,17.18,14.19,8.95,,,
4,17,sharded_bucketed,Sharded-Bucketed-10,3000,mixed,1,10,22,278037.75970243476,2104.0,75321.0,10368.669827407408,17671.25029718469,1.7042928930453973,0,100,900,1790693419.1227655,2433.57425,3368.594,performance,,32861576.0,31984088.0,30232232.0,0.0,0.0,17.64,14.33,9.02,,,
4,18,thread_local_owned,ThreadLocal-Owned,1000,mixed,1,,4,306442.88609081414,1826.0,14235.0,3167.3828155555557,3196.24040688537,1.009110863135359,0,100,900,1790693432.3279762,2405.34275,3142.742,performance,,32861576.0,32009728.0,30257440.0,0.0,0.0,17.71,14.46,9.15,,,
4,19,global_mutex,GlobalMutex,3000,mixed,1,,4,279445.3903681833,2090.0,74153.0,10311.58136925926,17600.871427278584,1.7069032185257298,0,100,900,1790693437.9614904,2648.317375,3308.861,performance,,32861576.0,31994420.0,30242076.0,0.0,0.0,17.18,14.4,9.16,,,
4,20,sharded_2key,Sharded-2key,3000,mixed,1,,4,280113.3399534414,2055.0,73793.0,10270.472882592592,17519.69880429041,1.705831757171037,0,100,900,1790693451.1294138,2534.586,3239.324,performance,,32861576.0,32020296.0,30267556.0,0.0,0.0,20.92,15.47,9.59,,,
4,21,thread_local_owned,ThreadLocal-Owned,100,mixed,1,,4,299052.6291823291,316.0,698.0,328.3034,133.96554947400088,0.4080541032289062,0,100,900,1790693464.2691855,2300.0,2300.0,performance,,32861576.0,32018220.0,30265112.0,0.0,0.0,18.57,15.23,9.61,,,
4,22,hdr_histogram,HdrHistogram,3000,mixed,1,,4,282134.7236798206,2061.0,73739.0,10222.642058888889,17496.09580878773,1.7115042968343355,0,100,900,1790693466.9231808,2513.119125,3247.019,performance,,32861576.0,32026528.0,30273408.0,0.0,0.0,18.57,15.23,9.61,,,
4,23,sharded_bucketed,Sharded-Bucketed-100,3000,mixed,1,100,202,281030.13320643664,2078.0,74867.0,10261.447003703704,17556.20565851118,1.710889863015864,0,100,900,1790693479.9896524,2421.556,3272.448,performance,,32861576.0,31996816.0,30243356.0,0.0,0.0,17.08,15.1,9.66,,,
4,24,sharded_bucketed,Sharded-Bucketed-1000,3000,mixed,1,1000,2002,278633.2809626121,2089.0,74638.0,10341.674568518518,17508.65363810951,1.6930192032350606,0,100,900,1790693493.105571,2446.182375,3469.459,performance,,32861576.0,32022064.0,30268232.0,0.0,0.0,17.24,15.19,9.75,,,
4,25,global_mutex,GlobalMutex,1000,mixed,1,,4,301853.38774958835,1855.0,14386.0,3224.9615,3262.8465558343637,1.0117474443754952,0,100,900,1790693506.3230164,2300.0,2300.0,performance,,32861576.0,32015972.0,30261784.0,0.0,0.0,18.17,15.48,9.93,,,
4,26,sharded_bucketed,Sharded-Bucketed-10,100,mixed,1,10,22,298167.9952099378,317.0,688.0,329.1237777777778,131.68299711079194,0.40010174287590805,0,100,900,1790693512.0045993,2411.648625,3193.189,performance,,32861576.0,32006412.0,30252140.0,0.0,0.0,17.67,15.42,9.94,,,
4,27,sharded_bucketed,Sharded-Bucketed-1,100,mixed,1,1,4,303861.71574734506,313.0,621.0,321.90917777777776,124.87342938585186,0.38791509533181195,0,100,900,1790693514.6616218,2459.9735,3119.559,performance,,32861576.0,32023684.0,30269404.0,0.0,0.0,16.26,15.17,9.89,,,
4,28,thread_local,ThreadLocal,3000,mixed,1,,4,276827.40681930044,2111.0,75126.0,10417.420844074075,17799.593118002507,1.7086372322308323,0,100,900,1790693517.313126,3153.430375,3218.356,performance,,32861576.0,32027672.0,30273360.0,0.0,0.0,16.26,15.17,9.89,,,
4,29,global_mutex,GlobalMutex,100,mixed,1,,4,296544.04407893936,317.0,744.0,331.4356222222222,138.2341329319625,0.4170768730443789,0,100,900,1790693530.56872,2825.51825,3149.864,performance,,32861576.0,32010496.0,30255780.0,0.0,0.0,15.73,15.14,9.96,,,
4,30,sharded_n,Sharded-N,3000,mixed,1,,10002,290263.84198018553,2005.0,69502.0,9926.884765925926,16653.25309234099,1.6775910555044773,0,100,900,1790693533.22865,2393.36,3046.88,performance,,32861576.0,32027036.0,30272292.0,0.0,0.0,15.73,15.14,9.96,,,
4,31,disabled,Disabled,1000,mixed,1,,,304293.5546699734,1862.0,14380.0,3194.2457622222223,3180.5295636626975,0.9957059664219504,0,100,900,1790693546.0310142,2433.730375,3369.843,performance,,32861576.0,32015616.0,30260452.0,0.0,0.0,15.25,15.08,10.03,,,
4,32,sharded_bucketed,Sharded-Bucketed-1000,1000,mixed,1,1000,2002,306422.7404511476,1839.0,13600.0,3176.96971,3120.736935730652,0.9822998708195592,0,100,900,1790693551.6786716,2431.275375,3350.203,performance,,32861576.0,32000032.0,30244884.0,0.0,0.0,14.51,14.93,10.01,,,
4,33,hdr_histogram,HdrHistogram,100,mixed,1,,4,304598.6239120892,307.0,706.0,321.39733333333334,136.34136978469905,0.4242143777941501,0,100,900,1790693557.3070061,2413.666875,3209.335,performance,,32861576.0,31996056.0,30240720.0,0.0,0.0,14.95,15.01,10.06,,,
4,34,sharded_n,Sharded-N,1000,mixed,1,,10002,302741.3562826889,1873.0,14255.0,3222.2158133333332,3216.4019646436427,0.9981956985420923,0,100,900,1790693559.957527,2429.381875,3335.055,performance,,32861576.0,32020232.0,30264856.0,0.0,0.0,13.75,14.76,10.01,,,
4,35,sharded_n,Sharded-N,100,mixed,1,,10002,304414.7392407866,310.0,672.0,321.7065333333333,124.93578981531927,0.3883532874536563,0,100,900,1790693565.6364377,2361.24775,2789.982,performance,,32861576.0,32003708.0,30248252.0,0.0,0.0,12.65,14.52,9.95,,,
4,36,sharded_bucketed,Sharded-Bucketed-1,1000,mixed,1,1,4,304124.1322682105,1863.0,14535.0,3188.199938888889,3309.6082357396385,1.0380805153936052,0,100,900,1790693568.2888343,2401.086875,3108.695,performance,,32861576.0,32029516.0,30274032.0,0.0,0.0,12.65,14.52,9.95,,,
5,1,global_mutex,GlobalMutex,100,mixed,1,,4,305459.09883151203,311.0,657.0,322.00745555555557,124.96499244217887,0.3880810530507074,0,100,900,1790693573.958409,2700.16275,3459.97,performance,,32861576.0,31993704.0,30238088.0,0.0,0.0,24.21,16.88,10.74,,,
5,2,thread_local,ThreadLocal,1000,mixed,1,,4,302045.30775532493,1887.0,14524.0,3215.76468,3247.853808202926,1.009978692907009,0,100,900,1790693576.6091506,2300.0,2300.0,performance,,32861576.0,32011468.0,30255820.0,0.0,0.0,22.27,16.6,10.68,,,
5,3,thread_local,ThreadLocal,3000,mixed,1,,4,281224.3849991286,2049.0,74420.0,10238.17471962963,17625.835385628623,1.7215798585498496,0,100,900,1790693582.2916768,2552.117125,3487.528,performance,,32861576.0,31996044.0,30240236.0,0.0,0.0,22.25,16.69,10.75,,,
5,4,sharded_2key,Sharded-2key,100,mixed,1,,4,300986.12586059247,310.0,707.0,325.60773333333333,140.67738677732626,0.43204559467053893,0,100,900,1790693595.374999,2450.193625,3501.549,performance,,32861576.0,31992600.0,30236368.0,0.0,0.0,23.57,17.3,11.04,,,
5,5,sharded_2key,Sharded-2key,1000,mixed,1,,4,319102.34768007894,1782.0,13803.0,3044.5667366666667,3105.9869669957784,1.0201737178526615,0,100,900,1790693598.032412,2684.771375,3139.628,performance,,32861576.0,32011332.0,30255076.0,0.0,0.0,23.57,17.3,11.04,,,
5,6,disabled,Disabled,1000,mixed,1,,,313181.6457240743,1817.0,13726.0,3104.722077777778,3131.045049358037,1.0084783664755912,0,100,900,1790693603.557309,2300.0,2300.0,performance,,32861576.0,31998796.0,30242488.0,0.0,0.0,23.12,17.31,11.08,,,
5,7,sharded_bucketed,Sharded-Bucketed-1,3000,mixed,1,1,4,289265.37197736447,2011.0,69949.0,9928.067107407407,17322.936871321384,1.7448448609293352,0,100,900,1790693609.1291134,2300.0,2300.0,performance,,32861576.0,31978836.0,30222376.0,0.0,0.0,22.95,17.37,11.13,,,
5,8,sharded_bucketed,Sharded-Bucketed-1000,1000,mixed,1,1000,2002,295112.139478255,1926.0,15132.0,3293.717777777778,3350.9753143413054,1.0173838623788096,0,100,900,1790693621.958737,2410.9225,3187.38,performance,,32861576.0,32024984.0,30268112.0,0.0,0.0,20.88,17.16,11.16,,,
5,9,hdr_histogram,HdrHistogram,100,mixed,1,,4,298613.4372775299,315.0,693.0,328.7101666666667,135.92577854250922,0.41351254791077613,0,100,900,1790693627.690021,2300.0,2300.0,performance,,32861576.0,31974696.0,30217792.0,0.0,0.0,21.61,17.38,11.27,,,
5,10,sharded_bucketed,Sharded-Bucketed-10000,3000,mixed,1,10000,13042,273476.71511285,2136.0,77470.0,10529.187404444445,18016.36652725856,1.7110880294194142,0,100,900,1790693630.349875,2405.846375,3146.771,performance,,32861576.0,32003032.0,30246100.0,0.0,0.0,19.88,17.09,11.21,,,
5,11,sharded_bucketed,Sharded-Bucketed-1,100,mixed,1,1,4,289993.07461094233,327.0,694.0,338.2689111111111,134.10329615252004,0.39643990845044336,0,100,900,1790693643.7386475,2446.76,3474.08,performance,,32861576.0,32006296.0,30248888.0,0.0,0.0,19.13,17.02,11.25,,,
5,12,sharded_bucketed,Sharded-Bucketed-1,1000,mixed,1,1,4,302914.82557531924,1855.0,14352.0,3209.2370166666665,3218.4238280412515,1.0028626154213212,0,100,900,1790693646.4021978,2768.79325,3304.283,performance,,32861576.0,32028240.0,30270816.0,0.0,0.0,19.12,17.05,11.29,,,
5,13,sharded_bucketed,Sharded-Bucketed-10000,100,mixed,1,10000,12988,302475.65332296106,313.0,666.0,324.4276888888889,129.0258615365416,0.39770298884917565,0,100,900,1790693652.0756257,2412.547,3200.376,performance,,32861576.0,31996608.0,30239092.0,0.0,0.0,18.71,17.0,11.3,,,
5,14,sharded_n,Sharded-N,3000,mixed,1,,10002,282503.7187806009,2042.0,72652.0,10185.871205555555,17347.839034843895,1.7031276642671542,0,100,900,1790693654.7347705,2774.6005,3194.167,performance,,32861576.0,32017764.0,30260228.0,0.0,0.0,17.21,16.72,11.24,,,
5,15,disabled,Disabled,100,mixed,1,,,291959.3026119957,322.0,796.0,337.2942111111111,144.62094537874802,0.4287679438741009,0,100,900,1790693667.7832344,2872.10125,3278.919,performance,,32861576.0,32017116.0,30259208.0,0.0,0.0,17.93,16.91,11.36,,,
5,16,sharded_bucketed,Sharded-Bucketed-100,3000,mixed,1,100,202,273936.331206756,2143.0,76512.0,10515.181066296296,18033.87177950945,1.7150319776529934,0,100,900,1790693670.4441478,2300.0,2300.0,performance,,32861576.0,32025324.0,30267388.0,0.0,0.0,16.49,16.63,11.3,,,
5,17,sharded_bucketed,Sharded-Bucketed-1000,3000,mixed,1,1000,2002,275478.3592330659,2127.0,75012.0,10466.636765555555,17802.78682631157,1.7009080591101053,0,100,900,1790693683.8173614,2300.0,2300.0,performance,,32861576.0,32010956.0,30252676.0,0.0,0.0,17.65,16.87,11.44,,,
5,18,thread_local_owned,ThreadLocal-Owned,100,mixed,1,,4,298924.8470384951,315.0,714.0,328.0555111111111,138.32982259827548,0.42166590077928523,0,100,900,1790693697.1329033,2571.25675,3530.695,performance,,32861576.0,32015288.0,30256588.0,0.0,0.0,18.21,17.02,11.58,,,
5,19,sharded_bucketed,Sharded-Bucketed-10,3000,mixed,1,10,22,272097.96140140964,2155.0,78016.0,10593.70833925926,18247.70447429963,1.7225039513949425,0,100,900,1790693699.7886403,2482.897,3056.389,performance,,32861576.0,32032504.0,30273820.0,0.0,0.0,16.75,16.74,11.51,,,
5,20,sharded_bucketed,Sharded-Bucketed-100,100,mixed,1,100,202,298644.1218405103,314.0,709.0,327.68374444444447,134.49252055437574,0.41043391023987036,0,100,900,1790693713.2629514,2406.458625,3151.669,performance,,32861576.0,32006012.0,30246912.0,0.0,0.0,18.54,17.11,11.69,,,
5,21,hdr_histogram,HdrHistogram,3000,mixed,1,,4,276213.90946731676,2120.0,73952.0,10426.488812962963,17794.993609590227,1.7067100851310757,0,100,900,1790693715.916859,2509.031,3156.108,performance,,32861576.0,32015908.0,30256780.0,0.0,0.0,17.05,16.83,11.63,,,
5,22,sharded_bucketed,Sharded-Bucketed-10,1000,mixed,1,10,22,297481.8852537668,1901.0,14974.0,3271.150957777778,3365.9429519808114,1.0289781778421592,0,100,900,1790693729.204427,2535.501875,3247.389,performance,,32861576.0,31990720.0,30231252.0,0.0,0.0,17.43,16.92,11.71,,,
5,23,global_mutex,GlobalMutex,3000,mixed,1,,4,277097.69897626387,2117.0,76033.0,10403.69523148148,17828.778813062894,1.7136967602735211,0,100,900,1790693734.934432,2429.0435,3332.348,performance,,32861576.0,31992736.0,30233180.0,0.0,0.0,14.75,16.36,11.59,,,
5,24,global_mutex,GlobalMutex,1000,mixed,1,,4,300267.3791932393,1888.0,14275.0,3236.43985,3226.179405849641,0.9968297127010227,0,100,900,1790693748.18687,2355.194125,2741.553,performance,,32861576.0,32012504.0,30252508.0,0.0,0.0,18.75,17.16,11.9,,,
5,25,thread_local_owned,ThreadLocal-Owned,3000,mixed,1,,4,281658.35379714455,2067.0,72768.0,10239.326632962962,17601.236985790827,1.718983837191796,0,100,900,1790693753.8872921,2300.0,2300.0,performance,,32861576.0,31984896.0,30224912.0,0.0,0.0,18.6,17.16,11.93,,,
5,26,sharded_n,Sharded-N,100,mixed,1,,10002,299549.3061020204,316.0,659.0,327.7765444444444,127.44874857799886,0.3888281536252525,0,100,900,1790693766.9766219,2858.359625,3555.847,performance,,32861576.0,32019420.0,30259032.0,0.0,0.0,21.27,17.86,12.24,,,
5,27,thread_local,ThreadLocal,100,mixed,1,,4,297646.31414746866,314.0,778.0,330.05693333333335,140.0862888223582,0.42443068051196275,0,100,900,1790693769.6363332,2300.0,2300.0,performance,,32861576.0,32022428.0,30262012.0,0.0,0.0,19.56,17.56,12.18,,,
5,28,hdr_histogram,HdrHistogram,1000,mixed,1,,4,297516.0416426579,1923.0,14626.0,3268.5622577777776,3339.467769887914,1.0216931808294034,0,100,900,1790693772.2915735,2355.173625,2741.389,performance,,32861576.0,32012544.0,30252096.0,0.0,0.0,19.56,17.56,12.18,,,
5,29,sharded_bucketed,Sharded-Bucketed-100,1000,mixed,1,100,202,298914.0391183263,1893.0,14584.0,3252.8605333333335,3336.644098492127,1.0257568882219912,0,100,900,1790693778.0130112,2300.0,2300.0,performance,,32861576.0,32001300.0,30240764.0,0.0,0.0,18.96,17.47,12.17,,,
5,30,sharded_bucketed,Sharded-Bucketed-10,100,mixed,1,10,22,292912.48448662256,319.0,746.0,334.5414,141.78832617959708,0.42382893770276886,0,100,900,1790693783.7200725,2300.0,2300.0,performance,,32861576.0,32006124.0,30245368.0,0.0,0.0,18.88,17.48,12.21,,,
5,31,sharded_n,Sharded-N,1000,mixed,1,,10002,297459.77708985005,1884.0,14588.0,3263.9842733333335,3313.285159495807,1.0151045109393635,0,100,900,1790693786.3820176,2410.989625,3187.917,performance,,32861576.0,32014692.0,30253908.0,0.0,0.0,18.97,17.52,12.25,,,
5,32,thread_local_owned,ThreadLocal-Owned,1000,mixed,1,,4,310290.33364883484,1802.0,13824.0,3130.188707777778,3130.5211844892324,1.0001062161877425,0,100,900,1790693792.112348,2300.0,2300.0,performance,,32861576.0,31956988.0,30196172.0,0.0,0.0,19.21,17.59,12.3,,,
5,33,sharded_bucketed,Sharded-Bucketed-10000,1000,mixed,1,10000,13042,307448.9237665021,1863.0,14006.0,3164.3760888888887,3172.137704454719,1.0024528107114334,0,100,900,1790693797.7089884,2391.876125,3035.009,performance,,32861576.0,32011268.0,30250292.0,0.0,0.0,19.36,17.65,12.35,,,
5,34,disabled,Disabled,3000,mixed,1,,,282155.47132456984,2067.0,73963.0,10192.261183703704,17442.212369888974,1.7113192112636535,0,100,900,1790693803.3403182,2300.0,2300.0,performance,,32861576.0,31972736.0,30211652.0,0.0,0.0,19.17,17.64,12.37,,,
5,35,sharded_2key,Sharded-2key,3000,mixed,1,,4,280035.27320152574,2076.0,74291.0,10217.417867037037,17540.886621646478,1.7167631636400111,0,100,900,1790693816.404836,2391.868625,3034.949,performance,,32861576.0,32025300.0,30263760.0,0.0,0.0,26.31,19.21,12.97,,,
5,36,sharded_bucketed,Sharded-Bucketed-1000,100,mixed,1,1000,2002,296142.49523980555,321.0,648.0,330.3733111111111,126.45600458545195,0.3827670103258501,0,100,900,1790693829.5594482,2612.853375,3215.409,performance,,32861576.0,32020800.0,30258912.0,0.0,0.0,22.29,18.69,12.9,,,
6,1,sharded_n,Sharded-N,100,mixed,1,,10002,287414.9583448064,326.0,819.0,342.0755,147.87766917972633,0.4322954119184985,0,100,900,1790693832.2148745,2669.486,3377.437,performance,,32861576.0,32035176.0,30273260.0,0.0,0.0,22.29,18.69,12.9,,,
6,2,hdr_histogram,HdrHistogram,100,mixed,1,,4,283956.70100758027,328.0,822.0,345.5271888888889,151.70640894333093,0.43905780448471493,0,100,900,1790693834.8876855,2628.5515,3501.662,performance,,32861576.0,32044232.0,30282272.0,0.0,0.0,20.51,18.38,12.83,,,
6,3,thread_local,ThreadLocal,100,mixed,1,,4,304333.5402001122,307.0,729.0,321.4578,133.9221002777918,0.4166086505842813,0,100,900,1790693837.5574398,2411.601,3192.808,performance,,32861576.0,32042516.0,30280572.0,0.0,0.0,20.51,18.38,12.83,,,
6,4,sharded_bucketed,Sharded-Bucketed-100,3000,mixed,1,100,202,280526.8775979172,2074.0,71921.0,10273.531389259259,17434.537027588318,1.6970344827890171,0,100,900,1790693840.2086456,2384.219125,2973.753,performance,,32861576.0,32037848.0,30275860.0,0.0,0.0,18.87,18.07,12.76,,,
6,5,sharded_2key,Sharded-2key,100,mixed,1,,4,298616.8862142253,314.0,742.0,328.4587888888889,140.62320094780625,0.4281304252003934,0,100,900,1790693853.3402274,2405.754375,3146.035,performance,,32861576.0,32001404.0,30238956.0,0.0,0.0,18.99,18.13,12.84,,,
6,6,sharded_bucketed,Sharded-Bucketed-10000,1000,mixed,1,10000,13042,301574.18659397826,1918.0,14242.0,3227.871472222222,3220.8442906120576,0.9978229673422138,0,100,900,1790693855.9980342,2300.0,2300.0,performance,,32861576.0,32011900.0,30249544.0,0.0,0.0,17.47,17.83,12.77,,,
6,7,sharded_bucketed,Sharded-Bucketed-1000,100,mixed,1,1000,2002,298650.2967722842,314.0,705.0,327.4486333333333,136.72805804441694,0.41755574501125403,0,100,900,1790693861.6863875,2300.0,2300.0,performance,,32861576.0,31983980.0,30221548.0,0.0,0.0,17.67,17.87,12.81,,,
6,8,thread_local_owned,ThreadLocal-Owned,100,mixed,1,,4,289711.4437002062,322.0,799.0,338.3694,146.70367157773293,0.43356069307015627,0,100,900,1790693864.3383787,2826.636625,3223.098,performance,,32861576.0,32012312.0,30249844.0,0.0,0.0,16.26,17.57,12.74,,,
6,9,sharded_n,Sharded-N,1000,mixed,1,,10002,298898.0864988864,1886.0,14658.0,3255.0575066666665,3327.3508643654095,1.02220954854121,0,100,900,1790693867.00447,2300.0,2300.0,performance,,32861576.0,32032572.0,30270076.0,0.0,0.0,16.26,17.57,12.74,,,
6,10,sharded_bucketed,Sharded-Bucketed-10,3000,mixed,1,10,22,276880.95693996584,2112.0,74139.0,10392.577914074074,17579.926182926414,1.6915847375191602,0,100,900,1790693872.7206793,2509.193875,3267.599,performance,,32861576.0,32010812.0,30248172.0,0.0,0.0,16.64,17.63,12.78,,,
6,11,sharded_bucketed,Sharded-Bucketed-10,100,mixed,1,10,22,299727.34103513375,313.0,697.0,328.00983333333335,135.32947064943704,0.4125774806022697,0,100,900,1790693885.9755778,2419.57175,3256.574,performance,,32861576.0,32002664.0,30239668.0,0.0,0.0,14.91,17.22,12.73,,,
6,12,global_mutex,GlobalMutex,100,mixed,1,,4,299894.8688547743,317.0,659.0,327.5361888888889,132.06973244578097,0.40322180243290123,0,100,900,1790693888.6292672,2300.0,2300.0,performance,,32861576.0,32012528.0,30249504.0,0.0,0.0,14.91,17.22,12.73,,,
6,13,thread_local_owned,ThreadLocal-Owned,1000,mixed,1,,4,301581.67575932347,1901.0,14376.0,3226.4319155555554,3263.8415805400664,1.011594747995192,0,100,900,1790693891.288445,2440.947875,3427.583,performance,,32861576.0,32012604.0,30249548.0,0.0,0.0,13.72,16.93,12.66,,,
6,14,thread_local,ThreadLocal,3000,mixed,1,,4,279408.9743263737,2098.0,74756.0,10328.559012962964,17673.428430230928,1.711122375158985,0,100,900,1790693896.963163,2828.636375,3508.724,performance,,32861576.0,32008516.0,30245380.0,0.0,0.0,14.54,17.05,12.72,,,
6,15,thread_local,ThreadLocal,1000,mixed,1,,4,299741.91980910895,1903.0,14288.0,3245.477188888889,3251.062563302981,1.00172097170586,0,100,900,1790693910.1207447,2412.967875,3203.743,performance,,32861576.0,32018160.0,30254576.0,0.0,0.0,13.61,16.75,12.69,,,
6,16,sharded_bucketed,Sharded-Bucketed-100,1000,mixed,1,100,202,294565.57029971265,1926.0,14473.0,3300.7308766666665,3303.3591798521693,1.0007962791526213,0,100,900,1790693915.830268,2423.022375,3284.179,performance,,32861576.0,31990600.0,30226960.0,0.0,0.0,12.52,16.47,12.62,,,
6,17,sharded_bucketed,Sharded-Bucketed-100,100,mixed,1,100,202,295565.853091771,318.0,702.0,330.9934777777778,132.74784581478903,0.4010587964029708,0,100,900,1790693921.582331,2300.0,2300.0,performance,,32861576.0,31980628.0,30216796.0,0.0,0.0,12.72,16.44,12.64,,,
6,18,global_mutex,GlobalMutex,1000,mixed,1,,4,293533.4656765492,1960.0,14718.0,3312.70641,3362.0289464052435,1.0148888945474779,0,100,900,1790693924.240107,2300.0,2300.0,performance,,32861576.0,32007056.0,30243200.0,0.0,0.0,12.72,16.44,12.64,,,
6,19,sharded_2key,Sharded-2key,1000,mixed,1,,4,300482.01853050775,1878.0,14326.0,3228.3926177777776,3259.780858742081,1.009722560010656,0,100,900,1790693929.9973035,2300.0,2300.0,performance,,32861576.0,31993012.0,30229104.0,0.0,0.0,10.76,15.9,12.5,,,
6,20,disabled,Disabled,100,mixed,1,,,299521.40772186226,311.0,784.0,328.06565555555557,147.94022964820977,0.45094701972897355,0,100,900,1790693935.6880937,2300.0,2300.0,performance,,32861576.0,31977100.0,30213008.0,0.0,0.0,9.9,15.64,12.43,,,
6,21,hdr_histogram,HdrHistogram,1000,mixed,1,,4,299989.17079092,1904.0,14724.0,3247.1247588888887,3294.5311363534925,1.0145994937012601,0,100,900,1790693938.3399017,2374.765125,2898.121,performance,,32861576.0,32007720.0,30243616.0,0.0,0.0,9.9,15.64,12.43,,,
6,22,global_mutex,GlobalMutex,3000,mixed,1,,4,276116.50572007016,2120.0,72207.0,10444.209236666667,17757.829633612742,1.7002560204625181,0,100,900,1790693944.0374823,2374.157625,2893.261,performance,,32861576.0,31976508.0,30212308.0,0.0,0.0,10.15,15.59,12.44,,,
6,23,hdr_histogram,HdrHistogram,3000,mixed,1,,4,277633.949281847,2106.0,74349.0,10384.264381851852,17841.876972882434,1.7181647458883984,0,100,900,1790693957.3236592,2625.618,3204.298,performance,,32861576.0,32008060.0,30243408.0,0.0,0.0,9.76,15.22,12.37,,,
6,24,sharded_bucketed,Sharded-Bucketed-1,100,mixed,1,1,4,299657.92749059264,312.0,716.0,325.74322222222224,136.10937683544785,0.41784254452604985,0,100,900,1790693970.5580542,2300.0,2300.0,performance,,32861576.0,32003996.0,30238964.0,0.0,0.0,10.2,15.06,12.36,,,
6,25,sharded_bucketed,Sharded-Bucketed-10,1000,mixed,1,10,22,300306.8569499091,1909.0,14008.0,3242.03974,3240.9808784653187,0.9996733964973911,0,100,900,1790693973.2125752,2399.011125,3092.089,performance,,32861576.0,32024284.0,30259208.0,0.0,0.0,10.2,15.06,12.36,,,
6,26,sharded_bucketed,Sharded-Bucketed-1000,1000,mixed,1,1000,2002,296397.60836532695,1923.0,15055.0,3280.80428,3335.5777790094285,1.016695143731472,0,100,900,1790693978.913182,2300.0,2300.0,performance,,32861576.0,31992240.0,30227104.0,0.0,0.0,10.83,15.11,12.39,,,
6,27,sharded_bucketed,Sharded-Bucketed-1,1000,mixed,1,1,4,295110.03643490485,1920.0,14575.0,3297.5614355555554,3339.204680899769,1.012628497196504,0,100,900,1790693984.657259,2300.0,2300.0,performance,,32861576.0,31983336.0,30217996.0,0.0,0.0,10.34,14.88,12.34,,,
6,28,sharded_bucketed,Sharded-Bucketed-1000,3000,mixed,1,1000,2002,278927.4626001124,2063.0,71351.0,10329.691546296297,17343.124253839298,1.6789585803322136,0,100,900,1790693990.4075027,2300.0,2300.0,performance,,32861576.0,31984732.0,30219264.0,0.0,0.0,9.51,14.63,12.28,,,
6,29,disabled,Disabled,1000,mixed,1,,,296556.86047775735,1889.0,14294.0,3278.0576533333333,3290.2351516756767,1.0037148517903463,0,100,900,1790694003.5952196,2300.0,2300.0,performance,,32861576.0,32023812.0,30258096.0,0.0,0.0,10.35,14.64,12.31,,,
6,30,sharded_bucketed,Sharded-Bucketed-10000,3000,mixed,1,10000,13042,276474.05586265144,2118.0,76971.0,10400.034182222222,17917.725754521656,1.7228525830376737,0,100,900,1790694009.339782,2419.961625,3259.693,performance,,32861576.0,31987512.0,30221612.0,0.0,0.0,10.64,14.63,12.31,,,
6,31,sharded_n,Sharded-N,3000,mixed,1,,10002,285844.2648486458,2021.0,73318.0,10066.78914074074,17380.59573652757,1.7265282398920558,0,100,900,1790694022.622296,2300.0,2300.0,performance,,32861576.0,32025536.0,30259280.0,0.0,0.0,16.05,15.6,12.67,,,
6,32,thread_local_owned,ThreadLocal-Owned,3000,mixed,1,,4,280972.3183942772,2064.0,74082.0,10256.692684444444,17692.46685105222,1.7249680179932716,0,100,900,1790694035.5829513,2407.42725,3159.418,performance,,32861576.0,32009080.0,30242448.0,0.0,0.0,14.27,15.24,12.6,,,
6,33,sharded_2key,Sharded-2key,3000,mixed,1,,4,282224.7012531043,2068.0,74165.0,10202.165514444445,17447.16195911366,1.7101430019353825,0,100,900,1790694048.6636727,2448.59275,3488.742,performance,,32861576.0,32014892.0,30247960.0,0.0,0.0,14.74,15.32,12.65,,,
6,34,sharded_bucketed,Sharded-Bucketed-1,3000,mixed,1,1,4,279055.64613013377,2082.0,76336.0,10335.121280740741,17900.85087452494,1.7320407171111536,0,100,900,1790694061.7225063,2459.33675,3116.583,performance,,32861576.0,32024528.0,30257172.0,0.0,0.0,14.37,15.2,12.66,,,
6,35,disabled,Disabled,3000,mixed,1,,,283613.11162629316,2072.0,71418.0,10152.905598888889,17423.207745842126,1.7160809362542369,0,100,900,1790694074.8862112,2300.0,2300.0,performance,,32861576.0,32015468.0,30247884.0,0.0,0.0,15.83,15.54,12.81,,,
6,36,sharded_bucketed,Sharded-Bucketed-10000,100,mixed,1,10000,12987,291163.23370817717,319.0,840.0,335.7068,147.8102379894525,0.4402956329435463,0,100,900,1790694087.8815894,2412.33625,3198.69,performance,,32861576.0,32008264.0,30240256.0,0.0,0.0,18.66,16.18,13.05,,,
7,1,sharded_n,Sharded-N,100,mixed,1,,10002,301528.09513656324,311.0,717.0,324.94595555555554,136.35571780414764,0.4196258346130888,0,100,900,1790694090.5527444,2401.01775,3108.142,performance,,32861576.0,32028888.0,30260856.0,0.0,0.0,17.17,15.91,12.98,,,
7,2,disabled,Disabled,3000,mixed,1,,,282375.234158604,2054.0,73754.0,10188.893745925925,17361.82184955981,1.7039947890812004,0,100,900,1790694093.2123563,3124.836,3440.891,performance,,32861576.0,32024532.0,30256448.0,0.0,0.0,17.17,15.91,12.98,,,
7,3,thread_local,ThreadLocal,1000,mixed,1,,4,300517.0939535688,1891.0,14431.0,3233.4719455555555,3243.375867950001,1.0030629374743945,0,100,900,1790694106.268548,2409.496125,3175.969,performance,,32861576.0,31996324.0,30227960.0,0.0,0.0,16.08,15.74,12.97,,,
7,4,sharded_bucketed,Sharded-Bucketed-100,1000,mixed,1,100,202,293953.47125929163,1925.0,14165.0,3308.827187777778,3294.463170899013,0.9956588796985764,0,100,900,1790694111.9670186,2395.073,3060.584,performance,,32861576.0,32008748.0,30240216.0,0.0,0.0,16.0,15.73,12.98,,,
7,5,thread_local_owned,ThreadLocal-Owned,100,mixed,1,,4,293085.36687385774,318.0,774.0,333.8772666666667,144.63333191550748,0.4331931112276212,0,100,900,1790694117.7146873,2410.92375,3187.39,performance,,32861576.0,32000084.0,30231444.0,0.0,0.0,16.0,15.74,13.0,,,
7,6,sharded_bucketed,Sharded-Bucketed-1000,3000,mixed,1,1000,2002,290323.55850485445,2008.0,67001.0,9911.655577037038,16424.877564866456,1.6571275542422008,0,100,900,1790694120.3764915,2711.272375,3189.408,performance,,32861576.0,32016504.0,30247832.0,0.0,0.0,14.71,15.47,12.93,,,
7,7,sharded_bucketed,Sharded-Bucketed-10000,1000,mixed,1,10000,13042,301353.47983315104,1888.0,14818.0,3224.2591333333335,3321.9240496676716,1.0302906535410412,0,100,900,1790694133.2287292,2390.601625,3024.813,performance,,32861576.0,32020484.0,30251424.0,0.0,0.0,16.1,15.74,13.04,,,
7,8,global_mutex,GlobalMutex,1000,mixed,1,,4,301027.0952173841,1868.0,13950.0,3228.710432222222,3181.056419789279,0.9852405431105371,0,100,900,1790694138.9227598,2402.595,3120.76,performance,,32861576.0,31985380.0,30216224.0,0.0,0.0,19.06,16.36,13.26,,,
7,9,sharded_n,Sharded-N,1000,mixed,1,,10002,305990.94312706986,1852.0,14454.0,3178.9401433333333,3261.882624644594,1.0260912371958946,0,100,900,1790694144.6078615,2414.373875,3214.991,performance,,32861576.0,31987068.0,30217872.0,0.0,0.0,17.08,16.03,13.19,,,
7,10,sharded_bucketed,Sharded-Bucketed-10000,100,mixed,1,10000,12997,284683.66667413065,329.0,838.0,345.4922111111111,153.10998440508612,0.4431647935352314,0,100,900,1790694150.2430248,2754.0575,3320.087,performance,,32861576.0,31991340.0,30221876.0,0.0,0.0,15.72,15.77,13.11,,,
7,11,sharded_bucketed,Sharded-Bucketed-1,3000,mixed,1,1,4,277647.8948638046,2109.0,73250.0,10341.960191481481,17726.421001525083,1.7140291272950434,0,100,900,1790694152.9160004,2717.008125,3521.518,performance,,32861576.0,32021520.0,30252044.0,0.0,0.0,15.72,15.77,13.11,,,
7,12,global_mutex,GlobalMutex,100,mixed,1,,4,304051.07414808753,308.0,691.0,320.01163333333335,133.28399017978026,0.41649732789853866,0,100,900,1790694166.1412265,2300.0,2300.0,performance,,32861576.0,32016148.0,30246308.0,0.0,0.0,13.38,15.25,12.99,,,
7,13,sharded_bucketed,Sharded-Bucketed-10,100,mixed,1,10,22,301056.72314756166,312.0,695.0,325.77011111111113,133.04261931749755,0.408394185899149,0,100,900,1790694168.791243,2300.0,2300.0,performance,,32861576.0,32017636.0,30247760.0,0.0,0.0,13.38,15.25,12.99,,,
7,14,global_mutex,GlobalMutex,3000,mixed,1,,4,275312.8033688669,2133.0,76864.0,10460.969756296296,18039.35558716899,1.724443909830767,0,100,900,1790694171.4478998,2387.9585,3003.668,performance,,32861576.0,32025080.0,30255196.0,0.0,0.0,13.19,15.18,12.98,,,
7,15,sharded_n,Sharded-N,3000,mixed,1,,10002,278593.42006163526,2096.0,74896.0,10322.931736296296,17586.8863998045,1.7036716747789322,0,100,900,1790694184.7727692,2412.328875,3198.631,performance,,32861576.0,32004936.0,30234676.0,0.0,0.0,14.15,15.34,13.07,,,
7,16,sharded_bucketed,Sharded-Bucketed-10,3000,mixed,1,10,22,282713.37890096614,2055.0,72145.0,10155.580858148149,17552.042047267416,1.728314932688941,0,100,900,1790694197.9792316,2728.696125,3252.815,performance,,32861576.0,32018340.0,30247724.0,0.0,0.0,14.28,15.33,13.09,,,
7,17,hdr_histogram,HdrHistogram,100,mixed,1,,4,294969.47455953504,319.0,730.0,333.20635555555555,140.31751132376732,0.42111294993102905,0,100,900,1790694211.0214016,3336.4175,3607.682,performance,,32861576.0,32009908.0,30238852.0,0.0,0.0,16.13,15.73,13.26,,,
7,18,sharded_bucketed,Sharded-Bucketed-1000,1000,mixed,1,1000,2002,306621.8650784617,1857.0,14662.0,3156.9844377777777,3270.7726781950846,1.0360433326992904,0,100,900,1790694213.6846437,2447.660875,3481.287,performance,,32861576.0,32028428.0,30257340.0,0.0,0.0,16.13,15.73,13.26,,,
7,19,thread_local,ThreadLocal,3000,mixed,1,,4,278994.336975738,2078.0,75301.0,10307.64615,17710.427409323467,1.7181834874418411,0,100,900,1790694219.3294423,2418.913375,3251.307,performance,,32861576.0,31993868.0,30222840.0,0.0,0.0,15.24,15.55,13.21,,,
7,20,sharded_bucketed,Sharded-Bucketed-10,1000,mixed,1,10,22,301630.10642108053,1853.0,14506.0,3225.6112455555553,3291.095719859386,1.0203014155515668,0,100,900,1790694232.5108976,2389.732125,3017.857,performance,,32861576.0,32015916.0,30244372.0,0.0,0.0,14.61,15.38,13.2,,,
7,21,hdr_histogram,HdrHistogram,1000,mixed,1,,4,302850.72651935904,1862.0,14725.0,3209.2036055555554,3304.1363349188828,1.0295813980761415,0,100,900,1790694238.1999145,2695.260875,3146.559,performance,,32861576.0,31984416.0,30212868.0,0.0,0.0,15.12,15.47,13.24,,,
7,22,thread_local_owned,ThreadLocal-Owned,3000,mixed,1,,4,285214.639374938,2016.0,69186.0,10118.282968518519,17167.534128150342,1.696684524594191,0,100,900,1790694243.8736358,2378.74975,2929.998,performance,,32861576.0,31991428.0,30219788.0,0.0,0.0,15.83,15.62,13.3,,,
7,23,sharded_bucketed,Sharded-Bucketed-100,100,mixed,1,100,202,299553.5822859029,315.0,713.0,326.9846333333333,134.79558819018843,0.4122382963873892,0,100,900,1790694256.8272576,2300.0,2300.0,performance,,32861576.0,32013544.0,30241544.0,0.0,0.0,20.97,16.7,13.68,,,
7,24,thread_local,ThreadLocal,100,mixed,1,,4,299287.87841261004,313.0,737.0,328.55205555555557,137.34958621579656,0.41804512829344276,0,100,900,1790694259.4853246,2300.0,2300.0,performance,,32861576.0,32026364.0,30254320.0,0.0,0.0,19.29,16.42,13.61,,,
7,25,sharded_bucketed,Sharded-Bucketed-100,3000,mixed,1,100,202,276793.5893901026,2125.0,73397.0,10425.99814925926,17541.876157057275,1.6825128784723198,0,100,900,1790694262.1410365,2300.0,2300.0,performance,,32861576.0,32030792.0,30258720.0,0.0,0.0,19.29,16.42,13.61,,,
7,26,sharded_bucketed,Sharded-Bucketed-1,100,mixed,1,1,4,299152.22453350184,317.0,680.0,328.1921111111111,131.2761668236024,0.3999979352921076,0,100,900,1790694275.406639,2826.383875,3372.167,performance,,32861576.0,32009648.0,30237160.0,0.0,0.0,17.78,16.26,13.6,,,
7,27,thread_local_owned,ThreadLocal-Owned,1000,mixed,1,,4,299748.6306983801,1885.0,14119.0,3238.579061111111,3248.5532808551025,1.0030798135712546,0,100,900,1790694278.0619285,2412.05725,3196.458,performance,,32861576.0,32025060.0,30252560.0,0.0,0.0,17.78,16.26,13.6,,,
7,28,disabled,Disabled,1000,mixed,1,,,323867.94397290546,1742.0,13406.0,2992.467417777778,3017.3457021567547,1.0083136358415061,0,100,900,1790694283.7635124,2300.0,2300.0,performance,,32861576.0,31998396.0,30225780.0,0.0,0.0,19.0,16.54,13.71,,,
7,29,sharded_bucketed,Sharded-Bucketed-1,1000,mixed,1,1,4,307415.9069499351,1845.0,13948.0,3151.89297,3177.5451092526523,1.0081386454098575,0,100,900,1790694289.2425468,2411.5295,3192.236,performance,,32861576.0,31985960.0,30213264.0,0.0,0.0,19.72,16.73,13.79,,,
7,30,sharded_2key,Sharded-2key,3000,mixed,1,,4,276946.03515289194,2110.0,77340.0,10416.375846666666,17957.731511685946,1.7239903567259032,0,100,900,1790694294.8634558,2637.2875,3284.635,performance,,32861576.0,31997268.0,30224416.0,0.0,0.0,16.69,16.18,13.64,,,
7,31,sharded_2key,Sharded-2key,100,mixed,1,,4,289489.1246462588,325.0,774.0,338.5916,141.8735484293181,0.419010833196447,0,100,900,1790694308.1104891,2421.3315,3270.652,performance,,32861576.0,32019476.0,30246196.0,0.0,0.0,16.44,16.14,13.65,,,
7,32,sharded_2key,Sharded-2key,1000,mixed,1,,4,307509.7309122398,1807.0,14044.0,3154.6714177777776,3177.056869781779,1.0070959694495758,0,100,900,1790694310.7776835,2860.685625,3357.59,performance,,32861576.0,32034340.0,30261048.0,0.0,0.0,15.12,15.87,13.58,,,
7,33,disabled,Disabled,100,mixed,1,,,318061.32546777575,297.0,610.0,306.8054222222222,117.03932305744709,0.3814773618071012,0,100,900,1790694316.4078264,2938.85625,3261.644,performance,,32861576.0,32020248.0,30246892.0,0.0,0.0,13.99,15.62,13.51,,,
7,34,sharded_bucketed,Sharded-Bucketed-1000,100,mixed,1,1000,2002,289603.2044169817,323.0,760.0,339.1239888888889,148.6725746562447,0.4384018221281185,0,100,900,1790694319.0500157,2696.54225,3496.527,performance,,32861576.0,32033948.0,30260556.0,0.0,0.0,13.99,15.62,13.51,,,
7,35,hdr_histogram,HdrHistogram,3000,mixed,1,,4,278994.19490733783,2089.0,74651.0,10298.168444074074,17546.96900833917,1.7038922118657234,0,100,900,1790694321.713571,2622.641,3198.823,performance,,32861576.0,32039188.0,30265768.0,0.0,0.0,13.75,15.55,13.5,,,
7,36,sharded_bucketed,Sharded-Bucketed-10000,3000,mixed,1,10000,13042,276236.51766212925,2119.0,75307.0,10455.275293333334,17637.16492042959,1.6869154016131638,0,100,900,1790694334.8728297,2390.07775,3020.622,performance,,32861576.0,32026232.0,30252264.0,0.0,0.0,12.91,15.29,13.45,,,
8,1,disabled,Disabled,3000,mixed,1,,,284445.2974638183,2043.0,72348.0,10159.415466666667,17171.090186236925,1.6901651716652166,0,100,900,1790694348.1587644,2916.351875,3509.073,performance,,32861576.0,31995644.0,30221416.0,0.0,0.0,13.49,15.34,13.48,,,
8,2,sharded_bucketed,Sharded-Bucketed-1000,3000,mixed,1,1000,2002,275762.54138301814,2115.0,73053.0,10462.979627407407,17461.915155734743,1.6689237461567707,0,100,900,1790694361.1307847,2863.77275,3304.901,performance,,32861576.0,32006852.0,30232260.0,0.0,0.0,12.29,14.99,13.4,,,
8,3,thread_local_owned,ThreadLocal-Owned,3000,mixed,1,,4,282270.33410271973,2083.0,71915.0,10194.308853333334,17333.8001917281,1.7003408903057018,0,100,900,1790694374.4559245,2416.68425,3233.474,performance,,32861576.0,32009316.0,30234448.0,0.0,0.0,11.58,14.71,13.34,,,
8,4,hdr_histogram,HdrHistogram,1000,mixed,1,,4,299643.9990574811,1837.0,14676.0,3242.1319166666667,3311.313641927385,1.0213383437315056,0,100,900,1790694387.505176,2300.0,2300.0,performance,,32861576.0,32005856.0,30230564.0,0.0,0.0,12.16,14.74,13.36,,,
8,5,sharded_n,Sharded-N,3000,mixed,1,,10002,276298.25432211766,2105.0,77180.0,10430.202267037037,18048.544693395455,1.7304117630043432,0,100,900,1790694393.2140694,2300.0,2300.0,performance,,32861576.0,31958668.0,30183372.0,0.0,0.0,12.71,14.81,13.39,,,
8,6,sharded_2key,Sharded-2key,1000,mixed,1,,4,300946.91069547925,1884.0,14191.0,3223.9572066666665,3266.030919313125,1.0130503322312892,0,100,900,1790694406.4855654,2430.21275,3341.702,performance,,32861576.0,32023956.0,30248296.0,0.0,0.0,12.0,14.56,13.33,,,
8,7,hdr_histogram,HdrHistogram,3000,mixed,1,,4,282926.07214687817,2035.0,74063.0,10199.957596666667,17373.530271456875,1.7032943624328911,0,100,900,1790694412.1704571,2458.302625,3106.959,performance,,32861576.0,31988844.0,30213084.0,0.0,0.0,12.0,14.51,13.32,,,
8,8,thread_local,ThreadLocal,3000,mixed,1,,4,280695.91947106365,2081.0,74476.0,10260.801931111111,17631.887925383926,1.7183732854177238,0,100,900,1790694425.2131824,2300.0,2300.0,performance,,32861576.0,31992968.0,30216720.0,0.0,0.0,11.19,14.22,13.25,,,
8,9,sharded_2key,Sharded-2key,100,mixed,1,,4,283708.2361144016,328.0,836.0,346.5335888888889,151.63474805369248,0.4375759029301832,0,100,900,1790694438.3451803,2740.66325,3324.493,performance,,32861576.0,32018512.0,30242008.0,0.0,0.0,13.35,14.58,13.37,,,
8,10,sharded_bucketed,Sharded-Bucketed-1000,100,mixed,1,1000,2002,289844.24787794397,326.0,744.0,339.29426666666666,156.94157721552094,0.46255298905390957,0,100,900,1790694441.0175467,2505.931375,3126.391,performance,,32861576.0,32025576.0,30249032.0,0.0,0.0,12.28,14.34,13.3,,,
8,11,thread_local,ThreadLocal,1000,mixed,1,,4,305470.97788257344,1852.0,13976.0,3183.9436444444445,3162.9247125386105,0.9933984598180595,0,100,900,1790694443.6841393,2300.0,2300.0,performance,,32861576.0,32028908.0,30252380.0,0.0,0.0,12.28,14.34,13.3,,,
8,12,sharded_bucketed,Sharded-Bucketed-1,3000,mixed,1,1,4,279159.7883512802,2098.0,74245.0,10338.604825925926,17594.861397936744,1.701860327789533,0,100,900,1790694449.324665,2410.97925,3187.834,performance,,32861576.0,31992432.0,30215820.0,0.0,0.0,13.22,14.5,13.36,,,
8,13,sharded_bucketed,Sharded-Bucketed-100,100,mixed,1,100,202,292571.94453830674,321.0,763.0,334.57804444444446,138.85801930850482,0.4150243018458485,0,100,900,1790694462.4783504,2300.0,2300.0,performance,,32861576.0,32019512.0,30242368.0,0.0,0.0,12.14,14.18,13.27,,,
8,14,hdr_histogram,HdrHistogram,100,mixed,1,,4,304076.69133098033,308.0,714.0,321.7800555555556,138.2072194783881,0.429508346127209,0,100,900,1790694465.1394079,2300.0,2300.0,performance,,32861576.0,32016456.0,30239332.0,0.0,0.0,11.17,13.95,13.2,,,
8,15,global_mutex,GlobalMutex,100,mixed,1,,4,291321.7182846348,321.0,783.0,337.41144444444444,147.12398602235214,0.43603733200157185,0,100,900,1790694467.7924905,2811.781625,3539.581,performance,,32861576.0,32042140.0,30264984.0,0.0,0.0,11.17,13.95,13.2,,,
8,16,sharded_bucketed,Sharded-Bucketed-10000,1000,mixed,1,10000,13042,305515.92183310096,1862.0,13905.0,3176.162297777778,3205.1113444569582,1.0091144733691457,0,100,900,1790694470.456177,2300.0,2300.0,performance,,32861576.0,32030332.0,30253132.0,0.0,0.0,10.27,13.72,13.13,,,
8,17,sharded_bucketed,Sharded-Bucketed-1000,1000,mixed,1,1000,2002,298614.9661542879,1888.0,14254.0,3254.15556,3234.3901971123664,0.9939261161541909,0,100,900,1790694476.1048102,2413.53075,3208.246,performance,,32861576.0,31999244.0,30221948.0,0.0,0.0,9.45,13.49,13.06,,,
8,18,sharded_bucketed,Sharded-Bucketed-100,1000,mixed,1,100,202,298696.86641909863,1897.0,14420.0,3251.8417222222224,3306.957634668982,1.0169491374903372,0,100,900,1790694481.8232627,2300.0,2300.0,performance,,32861576.0,31985916.0,30208472.0,0.0,0.0,9.58,13.45,13.05,,,
8,19,disabled,Disabled,100,mixed,1,,,295690.6080353982,314.0,812.0,332.0671111111111,147.19269631407553,0.44326189312022596,0,100,900,1790694487.5455363,2611.271125,3204.65,performance,,32861576.0,31998036.0,30220536.0,0.0,0.0,10.65,13.61,13.1,,,
8,20,sharded_bucketed,Sharded-Bucketed-100,3000,mixed,1,100,202,277742.72521713766,2102.0,75309.0,10350.541556666667,17690.764724966306,1.7091631996368233,0,100,900,1790694490.2056544,2375.53425,2904.274,performance,,32861576.0,32013424.0,30235896.0,0.0,0.0,9.8,13.38,13.03,,,
8,21,sharded_bucketed,Sharded-Bucketed-1,1000,mixed,1,1,4,297518.37621589546,1883.0,14068.0,3266.575351111111,3247.148942437529,0.9940529739603361,0,100,900,1790694503.4325325,2412.347,3198.776,performance,,32861576.0,32011040.0,30233088.0,0.0,0.0,10.5,13.42,13.05,,,
8,22,sharded_bucketed,Sharded-Bucketed-1,100,mixed,1,1,4,298206.6774856712,317.0,697.0,329.2869666666667,136.5526546444171,0.4146919509955817,0,100,900,1790694509.1513,2300.0,2300.0,performance,,32861576.0,31988708.0,30210604.0,0.0,0.0,11.11,13.49,13.07,,,
8,23,sharded_bucketed,Sharded-Bucketed-10,1000,mixed,1,10,22,305838.40353881184,1856.0,14023.0,3180.904467777778,3202.7067183515646,1.006854104169,0,100,900,1790694511.81026,2300.0,2300.0,performance,,32861576.0,32012212.0,30234080.0,0.0,0.0,10.22,13.27,13.0,,,
8,24,sharded_bucketed,Sharded-Bucketed-10,3000,mixed,1,10,22,277169.2403065059,2116.0,72320.0,10444.261474074074,17657.72363552954,1.6906627318132101,0,100,900,1790694517.4575078,2300.0,2300.0,performance,,32861576.0,31990396.0,30212200.0,0.0,0.0,11.4,13.46,13.07,,,
8,25,disabled,Disabled,1000,mixed,1,,,307170.2911578418,1815.0,14179.0,3157.158587777778,3194.3691103541382,1.011786079647824,0,100,900,1790694530.733019,2393.86675,3050.934,performance,,32861576.0,31998380.0,30219756.0,0.0,0.0,10.88,13.26,13.01,,,
8,26,global_mutex,GlobalMutex,3000,mixed,1,,4,272285.47949797916,2146.0,76288.0,10507.576202962962,18045.721281498296,1.7174009431794273,0,100,900,1790694536.353339,2300.0,2300.0,performance,,32861576.0,32016956.0,30238272.0,0.0,0.0,10.01,13.04,12.94,,,
8,27,thread_local_owned,ThreadLocal-Owned,100,mixed,1,,4,298182.4783999926,314.0,797.0,329.7518333333333,140.60480590446625,0.42639582768394896,0,100,900,1790694549.7645895,2639.55225,3272.014,performance,,32861576.0,31818576.0,30000744.0,0.0,0.0,10.89,13.1,12.96,,,
8,28,sharded_2key,Sharded-2key,3000,mixed,1,,4,281315.7329667581,2088.0,73777.0,10232.788904074074,17504.182152812184,1.7105974057417606,0,100,900,1790694552.4195173,2672.317625,3196.456,performance,,32861576.0,31834236.0,30016376.0,0.0,0.0,10.89,13.1,12.96,,,
8,29,sharded_n,Sharded-N,1000,mixed,1,,10002,301976.39747243095,1820.0,14421.0,3223.2187533333336,3231.2506177032674,1.002491876904609,0,100,900,1790694565.5173767,2491.124125,3084.488,performance,,32861576.0,31993836.0,30175592.0,0.0,0.0,10.86,13.01,12.93,,,
8,30,sharded_n,Sharded-N,100,mixed,1,,10001,287397.31541401276,321.0,879.0,342.26924444444444,157.0103646233172,0.4587334888303188,0,100,900,1790694571.20069,2925.310125,3196.744,performance,,32861576.0,31963076.0,30144832.0,0.0,0.0,9.99,12.79,12.86,,,
8,31,thread_local,ThreadLocal,100,mixed,1,,4,298285.8704170613,312.0,802.0,329.2682222222222,140.991125473793,0.4281953615877286,0,100,900,1790694573.874007,2423.022125,3284.177,performance,,32861576.0,32000448.0,30182208.0,0.0,0.0,9.99,12.79,12.86,,,
8,32,thread_local_owned,ThreadLocal-Owned,1000,mixed,1,,4,297742.81184266834,1927.0,14312.0,3258.90772,3309.081516252,1.0153958935210352,0,100,900,1790694576.5297136,2795.260125,3470.154,performance,,32861576.0,32008552.0,30190276.0,0.0,0.0,9.51,12.64,12.81,,,
8,33,global_mutex,GlobalMutex,1000,mixed,1,,4,325527.7852966156,1761.0,13014.0,2984.204918888889,2970.042611012264,0.9952542441750621,0,100,900,1790694582.2542117,2300.0,2300.0,performance,,32861576.0,31969480.0,30150996.0,0.0,0.0,10.11,12.72,12.84,,,
8,34,sharded_bucketed,Sharded-Bucketed-10,100,mixed,1,10,22,298144.8769835355,315.0,731.0,328.8110111111111,136.2740741264245,0.4144449836577251,0,100,900,1790694587.7199209,2412.169375,3197.355,performance,,32861576.0,31977908.0,30159316.0,0.0,0.0,11.86,13.04,12.94,,,
8,35,sharded_bucketed,Sharded-Bucketed-10000,3000,mixed,1,10000,13042,284273.41630321933,2049.0,71358.0,10116.17954,16978.533329335052,1.678354289996622,0,100,900,1790694590.375634,2403.55125,3128.41,performance,,32861576.0,31984180.0,30165556.0,0.0,0.0,10.91,12.82,12.87,,,
8,36,sharded_bucketed,Sharded-Bucketed-10000,100,mixed,1,10000,12990,291293.68519664236,322.0,739.0,336.5589777777778,140.83386126616648,0.41845224927904273,0,100,900,1790694603.3973143,2969.875,3339.871,performance,,32861576.0,31995988.0,30176916.0,0.0,0.0,11.41,12.86,12.88,,,
9,1,hdr_histogram,HdrHistogram,100,mixed,1,,4,290430.3509165375,321.0,796.0,338.3091777777778,146.70965197896882,0.4336555482847016,0,100,900,1790694606.066253,2300.0,2300.0,performance,,32861576.0,32016428.0,30197380.0,0.0,0.0,10.49,12.65,12.81,,,
9,2,sharded_bucketed,Sharded-Bucketed-100,3000,mixed,1,100,202,275673.8974416142,2136.0,75560.0,10456.95820111111,17810.17752876348,1.7031891288301266,0,100,900,1790694608.7344909,2300.0,2300.0,performance,,32861576.0,32021436.0,30202304.0,0.0,0.0,10.49,12.65,12.81,,,
9,3,sharded_bucketed,Sharded-Bucketed-1000,3000,mixed,1,1000,2002,274423.8745203729,2151.0,74060.0,10522.511175555555,17828.072657005247,1.6942792798757926,0,100,900,1790694622.0514765,2300.0,2300.0,performance,,32861576.0,31990180.0,30170608.0,0.0,0.0,11.06,12.66,12.81,,,
9,4,thread_local,ThreadLocal,1000,mixed,1,,4,311646.3440694833,1814.0,13437.0,3103.0610866666666,3043.131668652496,0.9806870002425421,0,100,900,1790694635.3969994,2656.162,3395.86,performance,,32861576.0,31992800.0,30172936.0,0.0,0.0,11.62,12.74,12.84,,,
9,5,sharded_2key,Sharded-2key,100,mixed,1,,4,289973.8179095685,320.0,804.0,337.5311,148.4726329093767,0.4398783783461041,0,100,900,1790694640.9761844,2419.066,3252.528,performance,,32861576.0,31944416.0,30124524.0,0.0,0.0,10.69,12.53,12.77,,,
9,6,thread_local,ThreadLocal,100,mixed,1,,4,288029.79748903366,324.0,797.0,339.72223333333335,147.72104900112697,0.4348289117014723,0,100,900,1790694643.6411276,2630.687625,3336.217,performance,,32861576.0,31956820.0,30136896.0,0.0,0.0,10.69,12.53,12.77,,,
9,7,sharded_2key,Sharded-2key,3000,mixed,1,,4,279747.25596336246,2085.0,74972.0,10311.75682962963,17573.336803508795,1.7042039580504713,0,100,900,1790694646.3055637,2395.666,3065.328,performance,,32861576.0,31969272.0,30149312.0,0.0,0.0,9.83,12.32,12.7,,,
9,8,global_mutex,GlobalMutex,3000,mixed,1,,4,279137.118395923,2091.0,74480.0,10357.994024444444,17578.058552100727,1.6970523936022,0,100,900,1790694659.4527116,2393.210375,3045.683,performance,,32861576.0,31991172.0,30170820.0,0.0,0.0,10.58,12.4,12.72,,,
9,9,hdr_histogram,HdrHistogram,1000,mixed,1,,4,300221.28600467695,1874.0,14851.0,3228.767336666667,3356.506672441629,1.0395628803365058,0,100,900,1790694672.6263006,2300.0,2300.0,performance,,32861576.0,31976224.0,30155616.0,0.0,0.0,11.19,12.42,12.72,,,
9,10,sharded_n,Sharded-N,100,mixed,1,,10002,290125.45537245274,321.0,795.0,338.3524111111111,150.36256820242986,0.44439632544262403,0,100,900,1790694678.3188708,2868.291375,3339.164,performance,,32861576.0,31949904.0,30129200.0,0.0,0.0,12.05,12.58,12.78,,,
9,11,disabled,Disabled,100,mixed,1,,,289522.93790351594,321.0,846.0,339.1990666666667,147.02648424721346,0.4334519127427241,0,100,900,1790694680.9871733,2300.0,2300.0,performance,,32861576.0,31973792.0,30153064.0,0.0,0.0,11.09,12.37,12.71,,,
9,12,disabled,Disabled,3000,mixed,1,,,279465.01592596754,2094.0,76865.0,10317.071938148149,17963.663505617307,1.7411590820836784,0,100,900,1790694683.6484277,2300.0,2300.0,performance,,32861576.0,32002036.0,30181260.0,0.0,0.0,11.09,12.37,12.71,,,
9,13,sharded_bucketed,Sharded-Bucketed-10,100,mixed,1,10,22,303425.8937730827,311.0,685.0,323.9221888888889,128.83629547607802,0.3977384072329518,0,100,900,1790694696.77264,2500.391875,3185.526,performance,,32861576.0,31993944.0,30172692.0,0.0,0.0,11.94,12.49,12.74,,,
9,14,sharded_bucketed,Sharded-Bucketed-10000,3000,mixed,1,10000,13042,268752.26340978855,2187.0,77373.0,10712.92009962963,18089.466226954675,1.6885654012840132,0,100,900,1790694699.4237816,2366.497375,2831.979,performance,,32861576.0,31996944.0,30175660.0,0.0,0.0,11.94,12.49,12.74,,,
9,15,global_mutex,GlobalMutex,100,mixed,1,,4,288487.63919576677,327.0,776.0,340.3695666666667,144.90685003509319,0.42573386173801037,0,100,900,1790694712.9855788,2361.750875,2794.007,performance,,32861576.0,31980616.0,30158968.0,0.0,0.0,12.34,12.52,12.74,,,
9,16,sharded_bucketed,Sharded-Bucketed-1,100,mixed,1,1,4,296336.0116632059,317.0,766.0,331.4000222222222,140.8089006635302,0.4248910417064184,0,100,900,1790694715.6509612,2392.885125,3043.081,performance,,32861576.0,31992672.0,30170996.0,0.0,0.0,11.36,12.31,12.67,,,
9,17,sharded_n,Sharded-N,3000,mixed,1,,10002,277786.2810959147,2098.0,75585.0,10371.738372592592,17923.46325491525,1.7281059944857609,0,100,900,1790694718.3103874,2300.0,2300.0,performance,,32861576.0,32007652.0,30185980.0,0.0,0.0,11.36,12.31,12.67,,,
9,18,sharded_bucketed,Sharded-Bucketed-1000,100,mixed,1,1000,2002,291219.9994985192,323.0,720.0,336.1804333333333,138.03254503222516,0.4105906571170417,0,100,900,1790694731.547816,2393.256375,3046.051,performance,,32861576.0,31967116.0,30145184.0,0.0,0.0,10.55,12.1,12.6,,,
9,19,sharded_bucketed,Sharded-Bucketed-10000,100,mixed,1,10000,12995,287690.6391210253,319.0,946.0,340.34968888888886,162.3792131469528,0.4770952301353899,0,100,900,1790694734.2124197,2300.0,2300.0,performance,,32861576.0,31972460.0,30150496.0,0.0,0.0,10.55,12.1,12.6,,,
9,20,thread_local_owned,ThreadLocal-Owned,1000,mixed,1,,4,310791.6905233534,1817.0,14252.0,3123.68608,3177.6287359246735,1.0172689106853765,0,100,900,1790694736.8841808,2300.0,2300.0,performance,,32861576.0,32003372.0,30181376.0,0.0,0.0,9.7,11.9,12.53,,,
9,21,thread_local,ThreadLocal,3000,mixed,1,,4,282371.9429405154,2067.0,73353.0,10167.890802592592,17643.36372450068,1.7352038949908868,0,100,900,1790694742.4869654,2376.49,2911.92,performance,,32861576.0,31966656.0,30144496.0,0.0,0.0,10.61,12.05,12.58,,,
9,22,global_mutex,GlobalMutex,1000,mixed,1,,4,311272.2861177722,1835.0,13835.0,3119.012551111111,3169.2238034099164,1.0160984450931172,0,100,900,1790694755.5499508,2409.05575,3172.446,performance,,32861576.0,31984236.0,30161620.0,0.0,0.0,10.52,11.98,12.55,,,
9,23,sharded_n,Sharded-N,1000,mixed,1,,10002,298439.33032374975,1893.0,14380.0,3255.9721055555556,3275.235027951576,1.0059161816414681,0,100,900,1790694761.1329753,2496.66,3186.752,performance,,32861576.0,31967880.0,30145248.0,0.0,0.0,9.68,11.78,12.48,,,
9,24,disabled,Disabled,1000,mixed,1,,,320624.7614872399,1780.0,13303.0,3035.3306433333332,3005.4095471727037,0.990142393143776,0,100,900,1790694766.8537037,2411.974125,3195.793,performance,,32861576.0,31950196.0,30127392.0,0.0,0.0,10.59,11.93,12.52,,,
9,25,sharded_bucketed,Sharded-Bucketed-10,1000,mixed,1,10,22,309879.00453715236,1852.0,14088.0,3138.51403,3169.5569121829258,1.009890948992484,0,100,900,1790694772.3579297,2775.050875,3356.092,performance,,32861576.0,31946716.0,30123844.0,0.0,0.0,10.7,11.93,12.52,,,
9,26,thread_local_owned,ThreadLocal-Owned,3000,mixed,1,,4,280148.2234077049,2079.0,74762.0,10283.40769962963,17528.63918769281,1.7045555033594677,0,100,900,1790694777.9635482,2384.258125,2974.065,performance,,32861576.0,31952956.0,30129932.0,0.0,0.0,10.8,11.94,12.52,,,
9,27,thread_local_owned,ThreadLocal-Owned,100,mixed,1,,4,297472.2248117914,315.0,741.0,329.5881444444444,151.23160809204091,0.4588502670414852,0,100,900,1790694791.1091914,2300.0,2300.0,performance,,32861576.0,31981072.0,30157608.0,0.0,0.0,11.14,11.98,12.53,,,
9,28,sharded_2key,Sharded-2key,1000,mixed,1,,4,307082.13559386804,1812.0,14057.0,3163.3352566666667,3227.7892206275646,1.0203753186846265,0,100,900,1790694793.765978,2620.1375,3230.06,performance,,32861576.0,31985300.0,30161804.0,0.0,0.0,11.14,11.98,12.53,,,
9,29,sharded_bucketed,Sharded-Bucketed-100,100,mixed,1,100,202,296151.3395997816,320.0,682.0,331.0729666666667,128.9360325608687,0.38944899023025653,0,100,900,1790694799.3884041,2300.0,2300.0,performance,,32861576.0,31961780.0,30138180.0,0.0,0.0,11.53,12.05,12.54,,,
9,30,sharded_bucketed,Sharded-Bucketed-10,3000,mixed,1,10,22,278252.3792346873,2099.0,72400.0,10344.653333333334,17403.545167781296,1.682371038157679,0,100,900,1790694802.0478458,2658.702625,3307.206,performance,,32861576.0,31984920.0,30161304.0,0.0,0.0,10.61,11.85,12.48,,,
9,31,sharded_bucketed,Sharded-Bucketed-1,1000,mixed,1,1,4,297950.31772869016,1909.0,14369.0,3267.83148,3270.4389473861656,1.0007979197832337,0,100,900,1790694815.2734604,2300.0,2300.0,performance,,32861576.0,31975544.0,30151548.0,0.0,0.0,11.97,12.11,12.55,,,
9,32,sharded_bucketed,Sharded-Bucketed-1000,1000,mixed,1,1000,2002,299738.10762514523,1868.0,14671.0,3246.397811111111,3268.893812875232,1.0069295271476362,0,100,900,1790694820.9940114,2411.90275,3195.222,performance,,32861576.0,31964672.0,30140588.0,0.0,0.0,11.01,11.91,12.49,,,
9,33,sharded_bucketed,Sharded-Bucketed-10000,1000,mixed,1,10000,13042,297870.192084304,1871.0,14479.0,3257.471718888889,3282.1321638870677,1.0075704248958424,0,100,900,1790694826.6933765,2300.0,2300.0,performance,,32861576.0,31953552.0,30129360.0,0.0,0.0,11.01,11.9,12.48,,,
9,34,sharded_bucketed,Sharded-Bucketed-100,1000,mixed,1,100,202,299086.9266934965,1896.0,14132.0,3252.0787144444444,3241.165082572686,0.9966441058688758,0,100,900,1790694832.4165006,2412.40925,3199.274,performance,,32861576.0,31948880.0,30124552.0,0.0,0.0,13.65,12.43,12.65,,,
9,35,hdr_histogram,HdrHistogram,3000,mixed,1,,4,277928.50649880344,2098.0,73798.0,10365.767528148148,17717.95820755282,1.7092760530698634,0,100,900,1790694838.1219835,2407.022875,3156.183,performance,,32861576.0,31949756.0,30125340.0,0.0,0.0,13.12,12.34,12.62,,,
9,36,sharded_bucketed,Sharded-Bucketed-1,3000,mixed,1,1,4,278406.89478312776,2100.0,75563.0,10364.545362592593,17954.789712174348,1.73232776586383,0,100,900,1790694851.3372705,2300.0,2300.0,performance,,32861576.0,31989024.0,30164116.0,0.0,0.0,13.55,12.5,12.67,,,
10,1,thread_local,ThreadLocal,3000,mixed,1,,4,282628.75237655477,2056.0,73189.0,10187.465218518519,17301.321232768983,1.6982949989678566,0,100,900,1790694864.5545492,2399.795125,3098.361,performance,,32861576.0,31999372.0,30174144.0,0.0,0.0,12.75,12.39,12.63,,,
10,2,disabled,Disabled,3000,mixed,1,,,281121.322893258,2082.0,75200.0,10247.67538962963,17702.929115006642,1.7275068190510334,0,100,900,1790694877.5983558,2300.0,2300.0,performance,,32861576.0,31983528.0,30157988.0,0.0,0.0,13.72,12.6,12.7,,,
10,3,sharded_bucketed,Sharded-Bucketed-10000,1000,mixed,1,10000,13042,294872.78339709726,1895.0,14395.0,3296.992423333333,3335.384169578795,1.0116444751203422,0,100,900,1790694890.690874,2800.305625,3439.87,performance,,32861576.0,31991488.0,30165536.0,0.0,0.0,13.85,12.7,12.73,,,
10,4,thread_local_owned,ThreadLocal-Owned,100,mixed,1,,4,299756.5517173343,314.0,723.0,327.5057888888889,138.33785504040154,0.4223981979363872,0,100,900,1790694896.4454904,2300.0,2300.0,performance,,32861576.0,31957400.0,30131416.0,0.0,0.0,12.74,12.49,12.66,,,
10,5,sharded_bucketed,Sharded-Bucketed-1,100,mixed,1,1,4,285168.24555769184,329.0,768.0,344.40756666666664,142.6041725661643,0.4140564446546644,0,100,900,1790694899.10414,2300.0,2300.0,performance,,32861576.0,31976608.0,30150600.0,0.0,0.0,12.74,12.49,12.66,,,
10,6,sharded_bucketed,Sharded-Bucketed-100,100,mixed,1,100,202,285476.1931315722,329.0,768.0,343.10324444444444,146.6659650573362,0.4274688958270241,0,100,900,1790694901.7756844,2411.54025,3192.322,performance,,32861576.0,31988848.0,30162812.0,0.0,0.0,12.52,12.45,12.64,,,
10,7,sharded_bucketed,Sharded-Bucketed-10000,3000,mixed,1,10000,13042,276081.70134500985,2126.0,72461.0,10394.68555,17473.293746719733,1.680983389316643,0,100,900,1790694904.446338,2300.0,2300.0,performance,,32861576.0,32007172.0,30181108.0,0.0,0.0,12.52,12.45,12.64,,,
10,8,sharded_bucketed,Sharded-Bucketed-100,3000,mixed,1,100,202,279147.22420379764,2079.0,72651.0,10341.391026296296,17480.326912848617,1.6903264626972612,0,100,900,1790694917.7690873,2967.896,3524.585,performance,,32861576.0,31990892.0,30164316.0,0.0,0.0,11.37,12.18,12.55,,,
10,9,hdr_histogram,HdrHistogram,3000,mixed,1,,4,278487.8283951912,2097.0,75478.0,10319.750974814815,17649.050380255063,1.7102205686287668,0,100,900,1790694930.9427462,2537.851125,3300.382,performance,,32861576.0,31985444.0,30158528.0,0.0,0.0,10.78,12.03,12.5,,,
10,10,sharded_bucketed,Sharded-Bucketed-100,1000,mixed,1,100,202,299599.2769790622,1882.0,14207.0,3244.6388544444444,3239.4659826978864,0.998405717252793,0,100,900,1790694944.1448135,2566.21775,3651.331,performance,,32861576.0,31989268.0,30162008.0,0.0,0.0,10.88,12.01,12.48,,,
10,11,sharded_bucketed,Sharded-Bucketed-10,3000,mixed,1,10,22,279637.8573128455,2076.0,73334.0,10298.596928888888,17375.551524195318,1.6871765779525425,0,100,900,1790694949.84891,2401.326125,3110.609,performance,,32861576.0,31949228.0,30121912.0,0.0,0.0,9.94,11.78,12.4,,,
10,12,disabled,Disabled,1000,mixed,1,,,306896.30105100403,1863.0,14070.0,3166.494902222222,3248.5458443051334,1.0259122293313432,0,100,900,1790694963.0178158,2523.174125,3201.075,performance,,32861576.0,31978044.0,30150320.0,0.0,0.0,10.05,11.75,12.39,,,
10,13,hdr_histogram,HdrHistogram,1000,mixed,1,,4,302479.43288491416,1833.0,14422.0,3210.7793866666666,3304.3862376109396,1.029153934192113,0,100,900,1790694968.6411095,2641.095,3272.036,performance,,32861576.0,31948328.0,30120616.0,0.0,0.0,10.21,11.75,12.39,,,
10,14,sharded_bucketed,Sharded-Bucketed-1,3000,mixed,1,1,4,277785.91521894466,2107.0,72642.0,10350.024333703705,17581.0922641,1.6986522637293833,0,100,900,1790694974.3177154,2411.976125,3195.809,performance,,32861576.0,31923800.0,30096004.0,0.0,0.0,10.43,11.77,12.39,,,
10,15,sharded_n,Sharded-N,100,mixed,1,,10002,286720.80225143116,328.0,756.0,342.5912222222222,140.11683029179054,0.40899130276286993,0,100,900,1790694987.5557775,2400.211,3101.688,performance,,32861576.0,31992564.0,30164284.0,0.0,0.0,10.04,11.61,12.32,,,
10,16,sharded_2key,Sharded-2key,3000,mixed,1,,4,278844.9698036799,2101.0,73639.0,10318.401467407408,17673.048755854492,1.7127700266051973,0,100,900,1790694990.229173,2300.0,2300.0,performance,,32861576.0,32005228.0,30176920.0,0.0,0.0,9.24,11.41,12.26,,,
10,17,sharded_bucketed,Sharded-Bucketed-1000,100,mixed,1,1000,2002,303640.2836446938,309.0,722.0,322.7917888888889,136.43226626731672,0.4226633729963909,0,100,900,1790695003.4002576,2970.46225,3387.879,performance,,32861576.0,31991176.0,30162596.0,0.0,0.0,10.99,11.72,12.35,,,
10,18,sharded_bucketed,Sharded-Bucketed-1000,1000,mixed,1,1000,2002,296176.5153954833,1937.0,14832.0,3286.470676666667,3337.257277711451,1.01545323419599,0,100,900,1790695006.049036,2300.0,2300.0,performance,,32861576.0,31982248.0,30153624.0,0.0,0.0,10.11,11.52,12.28,,,
10,19,sharded_2key,Sharded-2key,100,mixed,1,,4,295677.23237279605,315.0,802.0,330.9975777777778,145.80424442647066,0.44049943025371446,0,100,900,1790695011.7899876,2607.5015,3552.19,performance,,32861576.0,31960928.0,30132196.0,0.0,0.0,10.5,11.58,12.3,,,
10,20,sharded_bucketed,Sharded-Bucketed-10,1000,mixed,1,10,22,304297.9852816515,1888.0,14251.0,3193.56958,3232.808246481597,1.0122867736238887,0,100,900,1790695014.450163,2671.3135,3400.157,performance,,32861576.0,31980500.0,30151772.0,0.0,0.0,10.5,11.58,12.3,,,
10,21,sharded_n,Sharded-N,1000,mixed,1,,10002,301303.78062827,1867.0,14990.0,3221.308936666667,3345.1650044416106,1.038448987728295,0,100,900,1790695020.098798,2527.35425,3300.896,performance,,32861576.0,31955716.0,30126796.0,0.0,0.0,8.88,11.2,12.16,,,
10,22,disabled,Disabled,100,mixed,1,,,301672.86452449526,310.0,744.0,324.15,139.29214125156264,0.4297150740446172,0,100,900,1790695025.7864523,2354.465,2735.72,performance,,32861576.0,31964872.0,30135848.0,0.0,0.0,8.25,11.03,12.1,,,
10,23,thread_local_owned,ThreadLocal-Owned,3000,mixed,1,,4,279247.0238701831,2081.0,75230.0,10332.886393333334,17708.668877849017,1.7138162758930997,0,100,900,1790695028.4333727,2300.0,2300.0,performance,,32861576.0,31986120.0,30157072.0,0.0,0.0,8.25,11.03,12.1,,,
10,24,global_mutex,GlobalMutex,100,mixed,1,,4,291098.3775408752,324.0,696.0,336.6759777777778,136.24542747395523,0.40467819644644715,0,100,900,1790695041.5851486,2300.0,2300.0,performance,,32861576.0,31985144.0,30155660.0,0.0,0.0,10.6,11.43,12.22,,,
10,25,sharded_bucketed,Sharded-Bucketed-10,100,mixed,1,10,22,290686.4187700639,326.0,797.0,340.7455777777778,142.0938640049115,0.4170086811737879,0,100,900,1790695044.2491872,2300.0,2300.0,performance,,32861576.0,31990452.0,30160940.0,0.0,0.0,10.6,11.43,12.22,,,
10,26,global_mutex,GlobalMutex,3000,mixed,1,,4,276714.97868803446,2114.0,76873.0,10405.72258,17795.502214189088,1.7101649671491712,0,100,900,1790695046.9211788,2300.0,2300.0,performance,,32861576.0,31999812.0,30170268.0,0.0,0.0,9.75,11.24,12.15,,,
10,27,global_mutex,GlobalMutex,1000,mixed,1,,4,304488.25832226017,1810.0,14086.0,3188.886122222222,3234.9152338430563,1.0144342287107946,0,100,900,1790695060.1831148,2300.0,2300.0,performance,,32861576.0,31977316.0,30147444.0,0.0,0.0,9.16,11.05,12.07,,,
10,28,thread_local,ThreadLocal,1000,mixed,1,,4,306285.21800798347,1840.0,13780.0,3173.6038933333334,3155.1442070424787,0.9941833678961536,0,100,900,1790695065.839466,2300.0,2300.0,performance,,32861576.0,31973336.0,30143256.0,0.0,0.0,8.42,10.86,12.01,,,
10,29,hdr_histogram,HdrHistogram,100,mixed,1,,4,302712.72578467714,311.0,703.0,323.4317555555556,133.24322207480597,0.41196703720676836,0,100,900,1790695071.471924,2389.4035,3015.228,performance,,32861576.0,31953948.0,30123824.0,0.0,0.0,7.75,10.68,11.94,,,
10,30,sharded_2key,Sharded-2key,1000,mixed,1,,4,302373.69935662474,1880.0,14536.0,3218.038073333333,3235.7924866620438,1.0055171545283552,0,100,900,1790695074.1228187,2412.922,3203.376,performance,,32861576.0,31978140.0,30148052.0,0.0,0.0,7.75,10.68,11.94,,,
10,31,sharded_bucketed,Sharded-Bucketed-1,1000,mixed,1,1,4,298535.8394340113,1868.0,14772.0,3258.64168,3292.4785428822133,1.0103837323047475,0,100,900,1790695079.79443,2488.132875,3065.443,performance,,32861576.0,31950332.0,30120056.0,0.0,0.0,6.63,10.35,11.82,,,
10,32,sharded_bucketed,Sharded-Bucketed-10000,100,mixed,1,10000,12989,300822.9643919166,312.0,726.0,325.5188888888889,135.93015538609959,0.41757993169022317,0,100,900,1790695085.51583,3153.193625,3262.366,performance,,32861576.0,31963060.0,30132628.0,0.0,0.0,6.1,10.17,11.76,,,
10,33,thread_local_owned,ThreadLocal-Owned,1000,mixed,1,,4,313689.13407649525,1803.0,13505.0,3085.336481111111,3039.095210823514,0.9850125681361845,0,100,900,1790695088.175589,2430.06625,3340.53,performance,,32861576.0,31992688.0,30162208.0,0.0,0.0,6.1,10.17,11.76,,,
10,34,sharded_bucketed,Sharded-Bucketed-1000,3000,mixed,1,1000,2002,280368.50320198026,2071.0,71529.0,10278.999428518518,17485.536438295505,1.7010932396574365,0,100,900,1790695093.7399273,2442.60525,3440.842,performance,,32861576.0,31976504.0,30145896.0,0.0,0.0,6.73,10.24,11.77,,,
10,35,thread_local,ThreadLocal,100,mixed,1,,4,290027.3991784278,321.0,788.0,337.87475555555557,151.47859929561963,0.448327662262156,0,100,900,1790695106.8628738,2410.999,3187.992,performance,,32861576.0,31967976.0,30136988.0,0.0,0.0,13.14,11.52,12.17,,,
10,36,sharded_n,Sharded-N,3000,mixed,1,,10002,278031.4838236959,2110.0,74854.0,10348.758334814815,17710.077608327847,1.7113239130097784,0,100,900,1790695109.529185,2300.0,2300.0,performance,,32861576.0,31983528.0,30152528.0,0.0,0.0,13.14,11.52,12.17,,,
11,1,sharded_bucketed,Sharded-Bucketed-1,3000,mixed,1,1,4,274989.72353982186,2122.0,74899.0,10465.867769629629,17593.28532009602,1.6810154406067581,0,100,900,1790695122.7632928,2405.314375,3142.515,performance,,32861576.0,31978124.0,30146648.0,0.0,0.0,15.26,12.02,12.32,,,
11,2,sharded_bucketed,Sharded-Bucketed-10000,3000,mixed,1,10000,13042,277087.78796466126,2110.0,75755.0,10405.819765185186,17733.052437439408,1.704147567188218,0,100,900,1790695136.1034286,2424.3545,3294.836,performance,,32861576.0,31975876.0,30144144.0,0.0,0.0,15.19,12.18,12.37,,,
11,3,sharded_n,Sharded-N,100,mixed,1,,10002,302825.3412549706,310.0,681.0,323.2797888888889,130.86209129898452,0.4047951520531392,0,100,900,1790695149.358099,2899.22275,3160.37,performance,,32861576.0,31986956.0,30154900.0,0.0,0.0,16.33,12.5,12.47,,,
11,4,sharded_bucketed,Sharded-Bucketed-10,3000,mixed,1,10,22,279513.9477798465,2074.0,73687.0,10292.871095185184,17453.966948423473,1.695733560346259,0,100,900,1790695152.016964,2658.485875,3349.726,performance,,32861576.0,31988052.0,30155956.0,0.0,0.0,15.02,12.3,12.4,,,
11,5,hdr_histogram,HdrHistogram,1000,mixed,1,,4,301983.7246448727,1863.0,14503.0,3218.6346588888887,3226.7620091777676,1.0025250925159939,0,100,900,1790695165.1854155,2300.0,2300.0,performance,,32861576.0,31985344.0,30152880.0,0.0,0.0,13.47,12.1,12.34,,,
11,6,disabled,Disabled,100,mixed,1,,,308629.80263593927,303.0,697.0,317.5805888888889,128.5920278934914,0.4049114851238014,0,100,900,1790695170.8681622,2496.6545,3134.983,performance,,32861576.0,31942968.0,30110416.0,0.0,0.0,12.4,11.9,12.27,,,
11,7,sharded_bucketed,Sharded-Bucketed-1000,3000,mixed,1,1000,2002,278733.2786975708,2084.0,74092.0,10344.924470740742,17533.3315859896,1.6948728466389795,0,100,900,1790695173.5183198,2300.0,2300.0,performance,,32861576.0,31971916.0,30139336.0,0.0,0.0,12.4,11.9,12.27,,,
11,8,thread_local,ThreadLocal,1000,mixed,1,,4,319989.06086818693,1792.0,13143.0,3033.800478888889,2983.218193319958,0.9833270889364959,0,100,900,1790695186.687466,2975.539875,3475.816,performance,,32861576.0,31988868.0,30155924.0,0.0,0.0,12.55,11.95,12.28,,,
11,9,hdr_histogram,HdrHistogram,3000,mixed,1,,4,275120.5080658656,2124.0,77066.0,10456.893680370371,18262.43004393968,1.7464488596859145,0,100,900,1790695192.1914907,3060.106875,3496.875,performance,,32861576.0,31965988.0,30133036.0,0.0,0.0,12.83,12.02,12.3,,,
11,10,sharded_bucketed,Sharded-Bucketed-10000,1000,mixed,1,10000,13042,302101.37152300694,1861.0,14674.0,3214.620188888889,3290.648662737356,1.0236508418976693,0,100,900,1790695205.5136428,2824.563625,3242.676,performance,,32861576.0,31976840.0,30143456.0,0.0,0.0,15.64,12.73,12.53,,,
11,11,sharded_2key,Sharded-2key,3000,mixed,1,,4,277397.4087955853,2111.0,75291.0,10374.226382962963,17994.794929801777,1.734567404404599,0,100,900,1790695211.1950047,2300.0,2300.0,performance,,32861576.0,31963220.0,30129724.0,0.0,0.0,14.39,12.51,12.46,,,
11,12,thread_local_owned,ThreadLocal-Owned,1000,mixed,1,,4,307503.848833486,1834.0,14308.0,3161.413021111111,3206.441959928888,1.0142432951712053,0,100,900,1790695224.4280274,2300.0,2300.0,performance,,32861576.0,31981224.0,30147324.0,0.0,0.0,14.43,12.58,12.48,,,
11,13,thread_local,ThreadLocal,3000,mixed,1,,4,280873.856277093,2074.0,74021.0,10253.838235555555,17535.51956998583,1.710142013863724,0,100,900,1790695230.0576093,2427.045875,3316.367,performance,,32861576.0,31972428.0,30138424.0,0.0,0.0,12.21,12.17,12.35,,,
11,14,sharded_bucketed,Sharded-Bucketed-100,1000,mixed,1,100,202,302160.36644687795,1875.0,13825.0,3214.8569911111113,3240.2557021195466,1.007900417057014,0,100,900,1790695243.1539128,2412.404375,3199.235,performance,,32861576.0,31971908.0,30137468.0,0.0,0.0,14.32,12.64,12.5,,,
11,15,sharded_bucketed,Sharded-Bucketed-10,100,mixed,1,10,22,295226.1914993679,321.0,718.0,332.39304444444446,135.06919774421817,0.40635386330051015,0,100,900,1790695248.841129,2496.21025,3100.755,performance,,32861576.0,31968944.0,30134508.0,0.0,0.0,14.45,12.69,12.52,,,
11,16,sharded_bucketed,Sharded-Bucketed-1,1000,mixed,1,1,4,301534.8834172916,1881.0,13733.0,3224.5305411111112,3203.791478284991,0.9935683465975256,0,100,900,1790695251.5020053,2643.50725,3322.458,performance,,32861576.0,31966584.0,30132116.0,0.0,0.0,13.3,12.48,12.45,,,
11,17,global_mutex,GlobalMutex,1000,mixed,1,,4,298804.00360910746,1846.0,14076.0,3249.2506366666667,3210.2423623006675,0.9879946859359496,0,100,900,1790695257.1891034,3182.44225,3473.115,performance,,32861576.0,31958104.0,30123444.0,0.0,0.0,13.03,12.44,12.44,,,
11,18,sharded_bucketed,Sharded-Bucketed-10000,100,mixed,1,10000,12995,283195.69424735336,329.0,825.0,346.0309111111111,149.57300484635513,0.43225330467175227,0,100,900,1790695262.9050515,2300.0,2300.0,performance,,32861576.0,31969196.0,30134392.0,0.0,0.0,13.03,12.45,12.44,,,
11,19,sharded_n,Sharded-N,3000,mixed,1,,10002,278133.86386484705,2089.0,74606.0,10350.445171481482,17714.219122022016,1.7114451435219322,0,100,900,1790695265.5826037,2357.6705,2761.364,performance,,32861576.0,31969356.0,30134528.0,0.0,0.0,11.99,12.24,12.38,,,
11,20,disabled,Disabled,3000,mixed,1,,,281449.17084795947,2069.0,75257.0,10230.43568037037,17621.298805275597,1.7224387460923518,0,100,900,1790695278.8124123,2751.53275,3373.003,performance,,32861576.0,31978136.0,30142964.0,0.0,0.0,13.02,12.46,12.45,,,
11,21,sharded_bucketed,Sharded-Bucketed-100,100,mixed,1,100,202,293914.33517922857,319.0,766.0,334.0608,141.23159560200673,0.4227721289118829,0,100,900,1790695291.887512,2425.528625,3304.229,performance,,32861576.0,31987044.0,30151520.0,0.0,0.0,15.98,13.1,12.66,,,
11,22,sharded_2key,Sharded-2key,100,mixed,1,,4,300070.39951643057,313.0,796.0,327.3718777777778,139.77880330231702,0.426972543430257,0,100,900,1790695294.5464866,2300.0,2300.0,performance,,32861576.0,31981904.0,30146340.0,0.0,0.0,15.98,13.1,12.66,,,
11,23,sharded_bucketed,Sharded-Bucketed-1,100,mixed,1,1,4,288230.56046759145,324.0,742.0,338.94325555555554,141.7766351938613,0.4182901794622757,0,100,900,1790695297.2026215,2379.685125,2937.481,performance,,32861576.0,31999040.0,30163444.0,0.0,0.0,14.7,12.89,12.59,,,
11,24,sharded_bucketed,Sharded-Bucketed-100,3000,mixed,1,100,202,276433.09721690783,2091.0,71691.0,10424.192794444445,17249.480776542372,1.6547545806842188,0,100,900,1790695299.8714855,2624.244125,3193.128,performance,,32861576.0,32002228.0,30166604.0,0.0,0.0,13.53,12.67,12.52,,,
11,25,global_mutex,GlobalMutex,3000,mixed,1,,4,277665.60535814107,2095.0,71118.0,10369.599111851852,17671.952113840456,1.7042078409417425,0,100,900,1790695313.1632595,2856.847375,3077.648,performance,,32861576.0,31970312.0,30134316.0,0.0,0.0,13.12,12.62,12.5,,,
11,26,sharded_bucketed,Sharded-Bucketed-10,1000,mixed,1,10,22,299328.51663795457,1869.0,14303.0,3250.067752222222,3212.8291307518084,0.988542201483353,0,100,900,1790695326.386716,2411.5545,3192.436,performance,,32861576.0,31983268.0,30146884.0,0.0,0.0,12.82,12.58,12.5,,,
11,27,sharded_2key,Sharded-2key,1000,mixed,1,,4,301358.7824503275,1883.0,14088.0,3223.5622222222223,3216.0261729231643,0.9976621982826617,0,100,900,1790695332.1071332,2738.063,3237.743,performance,,32861576.0,31954236.0,30117868.0,0.0,0.0,12.67,12.56,12.49,,,
11,28,global_mutex,GlobalMutex,100,mixed,1,,4,288535.6828841011,325.0,820.0,341.0526888888889,148.19853871509767,0.434532679387199,0,100,900,1790695337.7830377,2300.0,2300.0,performance,,32861576.0,31970892.0,30134336.0,0.0,0.0,12.86,12.6,12.5,,,
11,29,sharded_bucketed,Sharded-Bucketed-1000,1000,mixed,1,1000,2002,298290.3685393114,1927.0,14707.0,3267.515893333333,3270.099537023555,1.0007907057760586,0,100,900,1790695340.4490273,2300.0,2300.0,performance,,32861576.0,31982140.0,30145552.0,0.0,0.0,11.83,12.39,12.43,,,
11,30,disabled,Disabled,1000,mixed,1,,,319183.5279680204,1801.0,13862.0,3040.2459611111112,3085.806574718376,1.0149858314722056,0,100,900,1790695346.1669898,2380.41825,2943.346,performance,,32861576.0,31959284.0,30122616.0,0.0,0.0,10.88,12.18,12.37,,,
11,31,thread_local,ThreadLocal,100,mixed,1,,4,295971.1947152857,315.0,759.0,331.017,146.37574365873513,0.44220007932745187,0,100,900,1790695351.6743422,2300.0,2300.0,performance,,32861576.0,31961128.0,30124300.0,0.0,0.0,12.41,12.48,12.46,,,
11,32,sharded_n,Sharded-N,1000,mixed,1,,10002,297305.643720232,1896.0,14519.0,3274.1547344444443,3304.1996160157983,1.0091763780298098,0,100,900,1790695354.3318858,2419.085,3252.68,performance,,32861576.0,31982968.0,30146104.0,0.0,0.0,12.41,12.48,12.46,,,
11,33,hdr_histogram,HdrHistogram,100,mixed,1,,4,298991.5394098323,312.0,707.0,325.8965888888889,136.7166637814993,0.4195093426648643,0,100,900,1790695360.0662792,2300.0,2300.0,performance,,32861576.0,31951316.0,30114336.0,0.0,0.0,10.5,12.07,12.33,,,
11,34,thread_local_owned,ThreadLocal-Owned,100,mixed,1,,4,303824.7864332024,312.0,673.0,323.6953222222222,129.90879034172266,0.40133045312449134,0,100,900,1790695362.7199028,2371.95475,2875.638,performance,,32861576.0,31960628.0,30123632.0,0.0,0.0,10.5,12.07,12.33,,,
11,35,sharded_bucketed,Sharded-Bucketed-1000,100,mixed,1,1000,2002,284092.59678745945,329.0,802.0,346.2605111111111,148.82861239292706,0.42981687953775827,0,100,900,1790695365.371143,2300.0,2300.0,performance,,32861576.0,31974712.0,30137668.0,0.0,0.0,9.66,11.87,12.26,,,
11,36,thread_local_owned,ThreadLocal-Owned,3000,mixed,1,,4,283107.278321313,2058.0,73211.0,10169.979146296297,17436.30069308223,1.71448735953723,0,100,900,1790695368.0383892,2300.0,2300.0,performance,,32861576.0,31984292.0,30147212.0,0.0,0.0,9.66,11.87,12.26,,,
12,1,thread_local_owned,ThreadLocal-Owned,1000,mixed,1,,4,303574.4774530272,1851.0,14606.0,3200.8555,3284.3025228757706,1.0260702249369802,0,100,900,1790695381.0630748,2415.713125,3225.705,performance,,32861576.0,31977672.0,30140184.0,0.0,0.0,11.33,12.16,12.35,,,
12,2,thread_local,ThreadLocal,100,mixed,1,,4,299545.04000991484,315.0,705.0,328.3132888888889,133.36320166497873,0.4062071386641704,0,100,900,1790695386.7293882,2416.239,3229.912,performance,,32861576.0,31960148.0,30122520.0,0.0,0.0,11.63,12.21,12.37,,,
12,3,sharded_n,Sharded-N,3000,mixed,1,,10002,279161.8071618165,2094.0,75109.0,10318.985139259259,17566.97474363993,1.7023936469106071,0,100,900,1790695389.3825803,2430.635875,3345.087,performance,,32861576.0,31983436.0,30145772.0,0.0,0.0,11.63,12.21,12.37,,,
12,4,sharded_bucketed,Sharded-Bucketed-100,100,mixed,1,100,202,294999.26586154924,320.0,691.0,333.20803333333333,133.73603367656767,0.4013589718672279,0,100,900,1790695402.552157,2768.939875,3429.313,performance,,32861576.0,31989216.0,30151208.0,0.0,0.0,12.66,12.38,12.42,,,
12,5,disabled,Disabled,3000,mixed,1,,,282033.99398347957,2069.0,74279.0,10214.884972592592,17436.06801878904,1.7069274950791415,0,100,900,1790695405.2115,2300.0,2300.0,performance,,32861576.0,31982904.0,30144884.0,0.0,0.0,11.64,12.18,12.35,,,
12,6,sharded_2key,Sharded-2key,100,mixed,1,,4,294220.4751918934,318.0,768.0,333.81845555555554,145.3828062929679,0.4355145854683659,0,100,900,1790695418.270804,2382.0425,2956.34,performance,,32861576.0,31969416.0,30130948.0,0.0,0.0,12.12,12.25,12.38,,,
12,7,global_mutex,GlobalMutex,3000,mixed,1,,4,277811.57384155,2107.0,74311.0,10369.814284814815,17572.858709455566,1.6946165309043801,0,100,900,1790695420.93118,2413.810125,3210.481,performance,,32861576.0,31980232.0,30141784.0,0.0,0.0,11.15,12.05,12.31,,,
12,8,sharded_bucketed,Sharded-Bucketed-1,1000,mixed,1,1,4,300249.8388917746,1889.0,14161.0,3230.6329833333334,3268.690453451998,1.0117801899240804,0,100,900,1790695434.1571448,2300.0,2300.0,performance,,32861576.0,31984220.0,30145476.0,0.0,0.0,17.88,13.43,12.75,,,
12,9,sharded_n,Sharded-N,100,mixed,1,,10002,291431.57272968435,323.0,776.0,336.3447777777778,144.51327849919537,0.429658160456634,0,100,900,1790695439.8543155,2387.89125,3003.13,performance,,32861576.0,31953904.0,30115084.0,0.0,0.0,16.01,13.18,12.68,,,
12,10,sharded_bucketed,Sharded-Bucketed-10,3000,mixed,1,10,22,276253.10130006325,2129.0,77284.0,10416.681680740741,17944.9660699185,1.7227142596760636,0,100,900,1790695442.520582,2905.156375,3155.572,performance,,32861576.0,31973764.0,30134916.0,0.0,0.0,16.01,13.18,12.68,,,
12,11,global_mutex,GlobalMutex,1000,mixed,1,,4,317287.0099234421,1833.0,13288.0,3059.0037677777777,2992.064937529705,0.9781174410593483,0,100,900,1790695455.8146627,2663.880375,3135.402,performance,,32861576.0,31968232.0,30128956.0,0.0,0.0,14.63,13.03,12.64,,,
12,12,sharded_2key,Sharded-2key,3000,mixed,1,,4,282819.6162872174,2061.0,73677.0,10197.314478518518,17306.85708133038,1.6971975433128692,0,100,900,1790695461.3518338,2550.08325,3397.496,performance,,32861576.0,31959124.0,30119776.0,0.0,0.0,13.45,12.82,12.57,,,
12,13,sharded_bucketed,Sharded-Bucketed-1000,100,mixed,1,1000,2002,289770.1077619292,323.0,804.0,338.5546111111111,146.91153326577256,0.4339374755039366,0,100,900,1790695474.383658,2829.45325,3643.681,performance,,32861576.0,31987676.0,30147856.0,0.0,0.0,14.05,12.97,12.63,,,
12,14,sharded_bucketed,Sharded-Bucketed-1,3000,mixed,1,1,4,276447.797690338,2101.0,74668.0,10418.286311111111,17815.6247664765,1.7100340914490055,0,100,900,1790695477.0497344,2903.44825,3181.144,performance,,32861576.0,31990188.0,30150392.0,0.0,0.0,12.93,12.75,12.56,,,
12,15,hdr_histogram,HdrHistogram,100,mixed,1,,4,292152.10972306144,320.0,836.0,336.10058888888886,145.18031277966017,0.43195494914070254,0,100,900,1790695490.3372018,2300.0,2300.0,performance,,32861576.0,31979488.0,30139432.0,0.0,0.0,15.16,13.27,12.73,,,
12,16,hdr_histogram,HdrHistogram,1000,mixed,1,,4,297330.04743414273,1902.0,14736.0,3274.0297744444442,3341.137758892333,1.020497059914269,0,100,900,1790695492.9995446,2412.3365,3198.692,performance,,32861576.0,31984656.0,30144572.0,0.0,0.0,15.16,13.27,12.73,,,
12,17,sharded_bucketed,Sharded-Bucketed-10,100,mixed,1,10,22,291749.28358045925,320.0,747.0,334.48563333333334,143.8550238450638,0.4300783337432743,0,100,900,1790695498.7401214,2300.0,2300.0,performance,,32861576.0,31954032.0,30113740.0,0.0,0.0,15.07,13.28,12.74,,,
12,18,sharded_bucketed,Sharded-Bucketed-1,100,mixed,1,1,4,288356.1027161732,325.0,770.0,339.90757777777776,142.02076566199867,0.4178217108029523,0,100,900,1790695501.4031432,2300.0,2300.0,performance,,32861576.0,31969376.0,30129084.0,0.0,0.0,13.86,13.06,12.67,,,
12,19,disabled,Disabled,100,mixed,1,,,308892.8617773533,301.0,749.0,316.3431111111111,135.8308939969381,0.4293783845010913,0,100,900,1790695504.072876,2837.516375,3403.834,performance,,32861576.0,31982184.0,30141844.0,0.0,0.0,13.86,13.06,12.67,,,
12,20,thread_local_owned,ThreadLocal-Owned,3000,mixed,1,,4,279673.772833063,2069.0,75469.0,10317.423613703704,17827.307260995818,1.7278836198329022,0,100,900,1790695506.7150815,2300.0,2300.0,performance,,32861576.0,31986560.0,30146220.0,0.0,0.0,14.03,13.11,12.69,,,
12,21,sharded_bucketed,Sharded-Bucketed-1000,1000,mixed,1,1000,2002,289074.4774371202,1979.0,15276.0,3357.3274155555555,3464.397511899778,1.0318914669591452,0,100,900,1790695519.8801806,2911.97425,3169.736,performance,,32861576.0,31980780.0,30140016.0,0.0,0.0,15.1,13.41,12.79,,,
12,22,thread_local,ThreadLocal,3000,mixed,1,,4,284380.812109209,2031.0,72108.0,10113.253545555555,17319.471600358393,1.712551902544729,0,100,900,1790695525.7065446,2936.488,3504.168,performance,,32861576.0,31958684.0,30117852.0,0.0,0.0,13.89,13.19,12.72,,,
12,23,thread_local,ThreadLocal,1000,mixed,1,,4,309839.4584885384,1836.0,14160.0,3135.99138,3204.234320525232,1.0217612015646649,0,100,900,1790695538.6840734,2300.0,2300.0,performance,,32861576.0,31999060.0,30157808.0,0.0,0.0,16.48,13.76,12.92,,,
12,24,disabled,Disabled,1000,mixed,1,,,304688.12352361483,1866.0,14171.0,3179.3591522222223,3199.0659694206993,1.006198361447999,0,100,900,1790695544.2777295,2400.24875,3101.99,performance,,32861576.0,31980484.0,30139228.0,0.0,0.0,15.96,13.7,12.9,,,
12,25,sharded_bucketed,Sharded-Bucketed-10000,100,mixed,1,10000,13000,289107.79445792694,325.0,777.0,339.9083,143.24135197028707,0.42141175125846314,0,100,900,1790695549.9224484,2300.0,2300.0,performance,,32861576.0,31955400.0,30113964.0,0.0,0.0,15.57,13.7,12.91,,,
12,26,sharded_bucketed,Sharded-Bucketed-1000,3000,mixed,1,1000,2002,275202.8134067603,2112.0,76200.0,10429.771417037036,17979.097378700517,1.7238246803119437,0,100,900,1790695552.5934522,2414.706375,3217.651,performance,,32861576.0,31978012.0,30136544.0,0.0,0.0,15.57,13.7,12.91,,,
12,27,sharded_bucketed,Sharded-Bucketed-100,1000,mixed,1,100,202,301601.2075466253,1884.0,13725.0,3219.293796666667,3190.1423363696617,0.9909447654863967,0,100,900,1790695565.9119954,2450.820875,3506.567,performance,,32861576.0,31977800.0,30135904.0,0.0,0.0,17.08,14.18,13.08,,,
12,28,sharded_bucketed,Sharded-Bucketed-10,1000,mixed,1,10,22,297979.485042813,1900.0,14840.0,3262.8895522222224,3407.988110156155,1.044469344000661,0,100,900,1790695571.593981,2429.866125,3338.929,performance,,32861576.0,31963328.0,30121380.0,0.0,0.0,15.71,13.94,13.01,,,
12,29,sharded_bucketed,Sharded-Bucketed-10000,1000,mixed,1,10000,13042,309544.58289698756,1848.0,13785.0,3146.956763333333,3164.5744807298515,1.0055983347473314,0,100,900,1790695577.3192904,2300.0,2300.0,performance,,32861576.0,31989524.0,30147544.0,0.0,0.0,15.57,13.94,13.02,,,
12,30,sharded_bucketed,Sharded-Bucketed-10000,3000,mixed,1,10000,13042,275384.1251643116,2104.0,76675.0,10456.752887037037,18039.26785147222,1.725130931786198,0,100,900,1790695582.9377058,2449.718375,3497.747,performance,,32861576.0,31962360.0,30120200.0,0.0,0.0,15.93,14.05,13.05,,,
12,31,hdr_histogram,HdrHistogram,3000,mixed,1,,4,277955.8774343181,2110.0,73868.0,10356.775154814815,17668.918308956843,1.706025094186065,0,100,900,1790695596.2711062,2300.0,2300.0,performance,,32861576.0,31967224.0,30124620.0,0.0,0.0,13.52,13.62,12.93,,,
12,32,sharded_2key,Sharded-2key,1000,mixed,1,,4,303169.34271758376,1857.0,14331.0,3207.505277777778,3298.0516753335414,1.0282295396933832,0,100,900,1790695609.5170615,2300.0,2300.0,performance,,32861576.0,31991708.0,30148772.0,0.0,0.0,13.13,13.53,12.91,,,
12,33,sharded_bucketed,Sharded-Bucketed-100,3000,mixed,1,100,202,278354.1852912357,2084.0,75972.0,10359.271417777778,17853.998521118025,1.7234801368828292,0,100,900,1790695615.1791646,2300.0,2300.0,performance,,32861576.0,31953404.0,30110396.0,0.0,0.0,11.11,13.08,12.77,,,
12,34,global_mutex,GlobalMutex,100,mixed,1,,4,298973.3444700683,316.0,707.0,328.29926666666665,130.67039111625246,0.3980221839755936,0,100,900,1790695628.382806,2423.925625,3291.405,performance,,32861576.0,31986288.0,30142880.0,0.0,0.0,11.17,13.03,12.76,,,
12,35,sharded_n,Sharded-N,1000,mixed,1,,10002,305257.67330334365,1842.0,14337.0,3179.193878888889,3213.6433646865894,1.0108359185095501,0,100,900,1790695631.041311,2655.095,3289.322,performance,,32861576.0,32002616.0,30159204.0,0.0,0.0,10.28,12.81,12.69,,,
12,36,thread_local_owned,ThreadLocal-Owned,100,mixed,1,,4,292698.2737374552,321.0,741.0,335.3215222222222,137.56024344636302,0.41023386311362364,0,100,900,1790695636.6960218,2300.0,2300.0,performance,,32861576.0,31952032.0,30108528.0,0.0,0.0,11.86,13.1,12.78,,,
13,1,sharded_bucketed,Sharded-Bucketed-1000,100,mixed,1,1000,2002,289564.580903176,323.0,808.0,339.9939111111111,145.81802081736768,0.428884212487305,0,100,900,1790695639.3588781,2943.0445,3303.789,performance,,32861576.0,31967020.0,30123488.0,0.0,0.0,11.86,13.1,12.78,,,
13,2,thread_local,ThreadLocal,1000,mixed,1,,4,312878.88394366665,1822.0,13800.0,3097.4645,3118.4442982344303,1.0067732166855925,0,100,900,1790695642.0247881,2425.400625,3303.205,performance,,32861576.0,31982056.0,30138472.0,0.0,0.0,11.07,12.91,12.72,,,
13,3,disabled,Disabled,100,mixed,1,,,292134.868515484,320.0,803.0,336.85276666666664,149.44211026925015,0.4436422231233472,0,100,900,1790695647.596173,2614.53625,3291.782,performance,,32861576.0,31979884.0,30136164.0,0.0,0.0,11.22,12.92,12.72,,,
13,4,sharded_bucketed,Sharded-Bucketed-100,3000,mixed,1,100,202,274402.70607980894,2138.0,75877.0,10472.962988148149,17934.96483452827,1.7125015007524216,0,100,900,1790695650.2553885,2939.1455,3437.25,performance,,32861576.0,31994252.0,30150488.0,0.0,0.0,10.32,12.7,12.66,,,
13,5,sharded_bucketed,Sharded-Bucketed-1000,3000,mixed,1,1000,2002,274372.4798179568,2136.0,73504.0,10481.089406296296,17661.02344260974,1.6850369993027872,0,100,900,1790695663.5943408,2300.0,2300.0,performance,,32861576.0,31986208.0,30142040.0,0.0,0.0,12.47,13.09,12.78,,,
13,6,sharded_n,Sharded-N,100,mixed,1,,10002,292504.4211311993,323.0,701.0,335.753,134.45078365141745,0.400445516946736,0,100,900,1790695676.9576735,2354.6535,2737.228,performance,,32861576.0,31993392.0,30148944.0,0.0,0.0,16.62,14.02,13.1,,,
13,7,sharded_bucketed,Sharded-Bucketed-10000,3000,mixed,1,10000,13042,273164.21102343634,2147.0,77925.0,10549.463713333333,17985.24269879312,1.7048490034675226,0,100,900,1790695679.6245925,2746.341125,3234.09,performance,,32861576.0,32000748.0,30156256.0,0.0,0.0,16.62,14.02,13.1,,,
13,8,thread_local_owned,ThreadLocal-Owned,3000,mixed,1,,4,277104.67643541266,2099.0,75665.0,10408.077539259259,17596.578500781965,1.6906655849178378,0,100,900,1790695693.0135207,2300.0,2300.0,performance,,32861576.0,31968316.0,30123352.0,0.0,0.0,16.61,14.12,13.14,,,
13,9,thread_local_owned,ThreadLocal-Owned,1000,mixed,1,,4,306074.9094038418,1849.0,14042.0,3170.9688433333336,3158.3766460091692,0.996028911683999,0,100,900,1790695706.2666144,2792.10225,3184.332,performance,,32861576.0,31975640.0,30130324.0,0.0,0.0,17.66,14.49,13.28,,,
13,10,thread_local,ThreadLocal,3000,mixed,1,,4,278392.78481624596,2104.0,76011.0,10339.30959851852,17698.344319657397,1.7117530093298807,0,100,900,1790695711.9074335,2300.0,2300.0,performance,,32861576.0,31959936.0,30114516.0,0.0,0.0,17.85,14.58,13.31,,,
13,11,sharded_bucketed,Sharded-Bucketed-1,100,mixed,1,1,4,290389.51542846754,324.0,719.0,337.9970333333333,137.17679985585244,0.4058520824961455,0,100,900,1790695725.0899565,2397.734,3081.872,performance,,32861576.0,31982772.0,30137056.0,0.0,0.0,20.91,15.5,13.64,,,
13,12,sharded_2key,Sharded-2key,1000,mixed,1,,4,301661.57983515126,1862.0,14100.0,3211.97744,3220.523007161435,1.0026605315015646,0,100,900,1790695727.758289,2943.07625,3238.422,performance,,32861576.0,31996844.0,30151092.0,0.0,0.0,20.91,15.5,13.64,,,
13,13,sharded_bucketed,Sharded-Bucketed-1,1000,mixed,1,1,4,301780.5309853457,1879.0,14213.0,3225.2609922222223,3237.218133033171,1.0037073405345438,0,100,900,1790695733.4412498,2300.0,2300.0,performance,,32861576.0,31953052.0,30107164.0,0.0,0.0,20.68,15.54,13.66,,,
13,14,sharded_n,Sharded-N,1000,mixed,1,,10002,298060.21537523833,1864.0,14479.0,3259.1228455555556,3324.9763693478467,1.020205904138316,0,100,900,1790695739.1252542,2382.45425,2959.634,performance,,32861576.0,31958348.0,30112356.0,0.0,0.0,20.46,15.58,13.69,,,
13,15,global_mutex,GlobalMutex,3000,mixed,1,,4,278801.60965638474,2093.0,75335.0,10340.647505185185,17741.742449792615,1.7157283855673686,0,100,900,1790695744.8483422,2300.0,2300.0,performance,,32861576.0,31956844.0,30110708.0,0.0,0.0,18.35,15.3,13.61,,,
13,16,hdr_histogram,HdrHistogram,3000,mixed,1,,4,277243.35780519963,2106.0,74727.0,10384.663397037037,17763.189143162286,1.7105214164409506,0,100,900,1790695758.0351462,2411.60975,3192.878,performance,,32861576.0,31973900.0,30127376.0,0.0,0.0,20.28,15.8,13.8,,,
13,17,global_mutex,GlobalMutex,1000,mixed,1,,4,299847.49906121497,1886.0,13961.0,3234.79411,3230.353978162004,0.9986273834788217,0,100,900,1790695771.2846296,2358.37425,2766.994,performance,,32861576.0,31982432.0,30135520.0,0.0,0.0,18.05,15.54,13.75,,,
13,18,thread_local_owned,ThreadLocal-Owned,100,mixed,1,,4,290303.11254384945,326.0,703.0,338.7763888888889,137.33451348987097,0.40538395825133383,0,100,900,1790695776.9669309,2877.627625,3362.565,performance,,32861576.0,31964940.0,30118088.0,0.0,0.0,17.89,15.55,13.76,,,
13,19,sharded_bucketed,Sharded-Bucketed-10000,100,mixed,1,10000,12995,290628.60600470286,321.0,773.0,337.3837222222222,137.345993068392,0.4070913444304443,0,100,900,1790695779.6312778,2300.0,2300.0,performance,,32861576.0,31992216.0,30145332.0,0.0,0.0,17.89,15.55,13.76,,,
13,20,thread_local,ThreadLocal,100,mixed,1,,4,292914.5398331781,321.0,712.0,335.1825666666667,138.64667773189558,0.41364525342327046,0,100,900,1790695782.3001568,2425.41175,3303.294,performance,,32861576.0,32001544.0,30154624.0,0.0,0.0,16.46,15.29,13.68,,,
13,21,sharded_bucketed,Sharded-Bucketed-100,1000,mixed,1,100,202,296857.7213396379,1914.0,14622.0,3272.201917777778,3319.9923106114775,1.0146049644962483,0,100,900,1790695784.9550328,2300.0,2300.0,performance,,32861576.0,32013356.0,30166404.0,0.0,0.0,15.14,15.04,13.61,,,
13,22,sharded_bucketed,Sharded-Bucketed-10,3000,mixed,1,10,22,274642.07899425976,2133.0,74505.0,10490.148845555555,18043.128768575454,1.7200069354802272,0,100,900,1790695790.6846557,2445.725,3465.8,performance,,32861576.0,31937356.0,30090268.0,0.0,0.0,13.93,14.79,13.54,,,
13,23,sharded_bucketed,Sharded-Bucketed-1000,1000,mixed,1,1000,2002,294231.2671549477,1917.0,14918.0,3299.924091111111,3389.410050038981,1.0271175810282773,0,100,900,1790695804.0203683,2556.019875,3456.868,performance,,32861576.0,31990412.0,30142812.0,0.0,0.0,13.63,14.7,13.52,,,
13,24,hdr_histogram,HdrHistogram,1000,mixed,1,,4,302963.6601037892,1880.0,14199.0,3212.8841466666668,3230.6561262122314,1.0055314722642592,0,100,900,1790695809.7784214,2537.62725,3285.556,performance,,32861576.0,31963308.0,30115668.0,0.0,0.0,12.42,14.41,13.44,,,
13,25,global_mutex,GlobalMutex,100,mixed,1,,4,297418.0347290413,314.0,740.0,330.40776666666665,142.3072573977643,0.43070191367908006,0,100,900,1790695815.451449,2628.023,3199.454,performance,,32861576.0,31954616.0,30106896.0,0.0,0.0,11.42,14.17,13.37,,,
13,26,sharded_2key,Sharded-2key,100,mixed,1,,4,304570.7305165858,309.0,705.0,321.1066777777778,136.73384247143707,0.4258206133167491,0,100,900,1790695818.1073315,2300.0,2300.0,performance,,32861576.0,31971888.0,30124144.0,0.0,0.0,11.42,14.17,13.37,,,
13,27,sharded_n,Sharded-N,3000,mixed,1,,10002,275037.2027060394,2129.0,76246.0,10481.150494074074,18053.747291851192,1.7224967146553787,0,100,900,1790695820.758302,2300.0,2300.0,performance,,32861576.0,31974652.0,30126876.0,0.0,0.0,10.51,13.93,13.29,,,
13,28,sharded_bucketed,Sharded-Bucketed-10,1000,mixed,1,10,22,302394.93492354656,1884.0,14108.0,3218.7110255555554,3197.255379485738,0.9933340874966823,0,100,900,1790695834.075831,2389.929375,3019.435,performance,,32861576.0,31985040.0,30136816.0,0.0,0.0,12.63,14.27,13.41,,,
13,29,sharded_bucketed,Sharded-Bucketed-10000,1000,mixed,1,10000,13042,297981.7924629013,1881.0,14156.0,3261.4095877777777,3274.921712649572,1.0041430321792244,0,100,900,1790695839.7638814,2424.82525,3298.602,performance,,32861576.0,31962092.0,30113856.0,0.0,0.0,16.29,15.04,13.67,,,
13,30,sharded_bucketed,Sharded-Bucketed-100,100,mixed,1,100,202,299732.77124957397,315.0,677.0,326.95127777777776,132.42279558502707,0.4050230250974342,0,100,900,1790695845.4897196,2376.902,2915.216,performance,,32861576.0,31960332.0,30111836.0,0.0,0.0,14.98,14.79,13.6,,,
13,31,disabled,Disabled,3000,mixed,1,,,281187.99801714683,2067.0,76231.0,10235.283645925925,17635.216060403658,1.722982642246873,0,100,900,1790695848.144009,2300.0,2300.0,performance,,32861576.0,31967980.0,30119492.0,0.0,0.0,14.98,14.79,13.6,,,
13,32,sharded_bucketed,Sharded-Bucketed-1,3000,mixed,1,1,4,279420.43292277365,2076.0,75255.0,10302.74599962963,17799.342121697733,1.7276308784413006,0,100,900,1790695861.2325284,2420.99025,3267.922,performance,,32861576.0,31987940.0,30138964.0,0.0,0.0,17.97,15.49,13.85,,,
13,33,hdr_histogram,HdrHistogram,100,mixed,1,,4,291515.8377218398,319.0,824.0,337.3467777777778,153.72021283160367,0.45567416960142004,0,100,900,1790695874.395712,2395.553125,3064.425,performance,,32861576.0,31988064.0,30138864.0,0.0,0.0,18.25,15.63,13.91,,,
13,34,sharded_2key,Sharded-2key,3000,mixed,1,,4,283452.5524095554,2044.0,71878.0,10186.240274814814,17230.583978088638,1.6915548340922961,0,100,900,1790695877.0621502,2860.798,3463.695,performance,,32861576.0,32017460.0,30168220.0,0.0,0.0,22.15,16.48,14.2,,,
13,35,disabled,Disabled,1000,mixed,1,,,304670.58122211584,1832.0,14149.0,3196.308216666667,3223.1193811016356,1.0083881661646914,0,100,900,1790695890.0739238,2819.55475,3665.381,performance,,32861576.0,31985288.0,30135768.0,0.0,0.0,20.48,16.42,14.21,,,
13,36,sharded_bucketed,Sharded-Bucketed-10,100,mixed,1,10,22,288986.6336585706,324.0,830.0,339.68904444444445,151.2205467098957,0.445173458441129,0,100,900,1790695895.7224054,2300.0,2300.0,performance,,32861576.0,31946980.0,30097380.0,0.0,0.0,18.84,16.14,14.14,,,
14,1,global_mutex,GlobalMutex,3000,mixed,1,,4,274905.1598172876,2122.0,76824.0,10484.557305925926,17959.27043209239,1.7129259641646213,0,100,900,1790695898.388312,2518.402375,3224.933,performance,,32861576.0,31979600.0,30129968.0,0.0,0.0,18.84,16.14,14.14,,,
14,2,sharded_bucketed,Sharded-Bucketed-1,1000,mixed,1,1,4,312408.9124086733,1812.0,13687.0,3102.49034,3099.4774360292004,0.9990288756319546,0,100,900,1790695911.73921,2300.0,2300.0,performance,,32861576.0,31983496.0,30133396.0,0.0,0.0,19.01,16.33,14.23,,,
14,3,sharded_n,Sharded-N,3000,mixed,1,,10002,279883.2169281913,2090.0,74762.0,10283.981573703704,17555.555522787774,1.7070776913561956,0,100,900,1790695917.3177605,2411.01925,3188.154,performance,,32861576.0,31969344.0,30119148.0,0.0,0.0,19.01,16.37,14.26,,,
14,4,sharded_bucketed,Sharded-Bucketed-1000,100,mixed,1,1000,2002,302049.24808950914,313.0,668.0,325.29445555555554,125.74449037235017,0.38655589797126083,0,100,900,1790695930.5021138,2639.505625,3327.099,performance,,32861576.0,31967936.0,30117304.0,0.0,0.0,17.54,16.2,14.24,,,
14,5,sharded_bucketed,Sharded-Bucketed-100,100,mixed,1,100,202,292335.0338787071,319.0,769.0,335.59335555555555,146.35328060360527,0.43610303416563717,0,100,900,1790695933.1538289,2447.4155,3479.324,performance,,32861576.0,31969632.0,30118968.0,0.0,0.0,17.54,16.2,14.24,,,
14,6,sharded_bucketed,Sharded-Bucketed-100,3000,mixed,1,100,202,276857.0375466145,2101.0,73996.0,10406.454911481482,17869.02613665761,1.7171098408299106,0,100,900,1790695935.8224492,2300.0,2300.0,performance,,32861576.0,31971920.0,30121260.0,0.0,0.0,16.14,15.93,14.16,,,
14,7,sharded_n,Sharded-N,1000,mixed,1,,10002,311904.5392536044,1823.0,13781.0,3118.3831433333335,3144.91588507934,1.008508493192291,0,100,900,1790695949.083419,2300.0,2300.0,performance,,32861576.0,31968220.0,30117244.0,0.0,0.0,16.7,16.05,14.22,,,
14,8,sharded_bucketed,Sharded-Bucketed-1000,3000,mixed,1,1000,2002,277371.2262676692,2094.0,75402.0,10374.178736296297,17592.199326265003,1.695767903507861,0,100,900,1790695954.6781728,2661.685125,3382.845,performance,,32861576.0,31959348.0,30108280.0,0.0,0.0,17.76,16.29,14.3,,,
14,9,thread_local,ThreadLocal,1000,mixed,1,,4,303460.0181509687,1870.0,13949.0,3196.63302,3163.3592748330484,0.9895910024833092,0,100,900,1790695967.9419992,2769.606625,3173.244,performance,,32861576.0,31982992.0,30131572.0,0.0,0.0,18.86,16.59,14.43,,,
14,10,sharded_bucketed,Sharded-Bucketed-1,3000,mixed,1,1,4,275891.4982094492,2100.0,76466.0,10440.441406296297,17846.14045606639,1.7093281559248972,0,100,900,1790695973.5978518,2388.402875,3007.223,performance,,32861576.0,31975536.0,30124068.0,0.0,0.0,18.47,16.54,14.43,,,
14,11,sharded_bucketed,Sharded-Bucketed-100,1000,mixed,1,100,202,302372.32202294155,1840.0,14005.0,3203.7322155555557,3219.998609302261,1.0050773262720663,0,100,900,1790695986.8992395,2300.0,2300.0,performance,,32861576.0,31975964.0,30123992.0,0.0,0.0,20.61,17.11,14.65,,,
14,12,global_mutex,GlobalMutex,100,mixed,1,,4,299662.95708564745,314.0,730.0,327.4580888888889,137.96287864926128,0.4213146150012316,0,100,900,1790695992.5842764,2300.0,2300.0,performance,,32861576.0,31947056.0,30094984.0,0.0,0.0,20.08,17.05,14.64,,,
14,13,hdr_histogram,HdrHistogram,1000,mixed,1,,4,301096.28635963314,1878.0,14123.0,3230.22985,3231.7121275076925,1.000458876790979,0,100,900,1790695995.2393408,2300.0,2300.0,performance,,32861576.0,31981732.0,30129628.0,0.0,0.0,18.47,16.77,14.56,,,
14,14,sharded_bucketed,Sharded-Bucketed-10,1000,mixed,1,10,22,298159.9194741616,1911.0,13806.0,3261.5268344444444,3224.7107684458406,0.9887120149956163,0,100,900,1790696000.9370105,2414.9915,3219.932,performance,,32861576.0,31962340.0,30110160.0,0.0,0.0,16.99,16.49,14.48,,,
14,15,hdr_histogram,HdrHistogram,100,mixed,1,,4,295912.275714277,318.0,731.0,331.7292,135.3802668978124,0.4081047640599995,0,100,900,1790696006.6537478,2414.205375,3213.643,performance,,32861576.0,31973376.0,30121016.0,0.0,0.0,15.63,16.22,14.41,,,
14,16,disabled,Disabled,1000,mixed,1,,,310134.5284638009,1809.0,14182.0,3134.639147777778,3249.697965431549,1.0367056022175118,0,100,900,1790696009.3131106,2923.811875,3412.859,performance,,32861576.0,31985492.0,30133112.0,0.0,0.0,15.63,16.22,14.41,,,
14,17,sharded_bucketed,Sharded-Bucketed-10000,1000,mixed,1,10000,13042,301930.2994822855,1841.0,14299.0,3214.6867644444446,3260.920768279616,1.0143821178307435,0,100,900,1790696014.9080472,2394.79625,3058.37,performance,,32861576.0,31945256.0,30092716.0,0.0,0.0,13.74,15.8,14.29,,,
14,18,thread_local_owned,ThreadLocal-Owned,1000,mixed,1,,4,300819.2933782875,1892.0,14497.0,3231.556412222222,3246.087531529513,1.0044966317939963,0,100,900,1790696020.6002617,2300.0,2300.0,performance,,32861576.0,31955624.0,30103020.0,0.0,0.0,12.64,15.53,14.21,,,
14,19,hdr_histogram,HdrHistogram,3000,mixed,1,,4,276364.9354299496,2122.0,74698.0,10417.201452962963,17736.468552577226,1.7026135697445348,0,100,900,1790696026.2838624,2434.328125,3374.625,performance,,32861576.0,31953036.0,30100264.0,0.0,0.0,11.63,15.28,14.14,,,
14,20,thread_local,ThreadLocal,3000,mixed,1,,4,280224.47736710496,2083.0,75972.0,10277.71453,17648.144581573568,1.7171273370222289,0,100,900,1790696039.5649812,2563.379625,3547.283,performance,,32861576.0,31992500.0,30139336.0,0.0,0.0,15.89,16.05,14.4,,,
14,21,global_mutex,GlobalMutex,1000,mixed,1,,4,309562.56746155146,1828.0,13987.0,3136.9508077777778,3217.7934460734687,1.0257710889489402,0,100,900,1790696052.7074971,2885.089625,3469.844,performance,,32861576.0,31989348.0,30135760.0,0.0,0.0,14.34,15.69,14.31,,,
14,22,thread_local_owned,ThreadLocal-Owned,100,mixed,1,,4,289326.09211847663,325.0,743.0,339.80993333333333,140.1477972286829,0.4124299600483022,0,100,900,1790696058.307179,2707.810125,3511.59,performance,,32861576.0,31963360.0,30109780.0,0.0,0.0,14.32,15.66,14.3,,,
14,23,sharded_2key,Sharded-2key,3000,mixed,1,,4,280831.5695034002,2063.0,75072.0,10279.964511851851,17760.98992909225,1.7277287201347309,0,100,900,1790696060.974839,2391.95625,3035.65,performance,,32861576.0,31987024.0,30133408.0,0.0,0.0,13.17,15.4,14.23,,,
14,24,sharded_bucketed,Sharded-Bucketed-10,100,mixed,1,10,22,291159.3227599214,322.0,771.0,337.0754,148.6525865502477,0.4410069276792305,0,100,900,1790696074.1063132,2300.0,2300.0,performance,,32861576.0,31990576.0,30136604.0,0.0,0.0,14.58,15.63,14.32,,,
14,25,sharded_bucketed,Sharded-Bucketed-1,100,mixed,1,1,4,288226.19992169854,322.0,805.0,340.0725777777778,151.11603937148956,0.44436408356994056,0,100,900,1790696076.77035,2300.0,2300.0,performance,,32861576.0,32002788.0,30148844.0,0.0,0.0,13.65,15.42,14.25,,,
14,26,disabled,Disabled,3000,mixed,1,,,282289.6749311336,2053.0,74930.0,10167.94622,17680.30822503358,1.7388278657746068,0,100,900,1790696079.433513,2937.199875,3205.972,performance,,32861576.0,32001056.0,30147076.0,0.0,0.0,13.65,15.42,14.25,,,
14,27,sharded_bucketed,Sharded-Bucketed-1000,1000,mixed,1,1000,2002,292022.5934700766,1925.0,15071.0,3320.8911655555557,3408.5591568448053,1.026398935381727,0,100,900,1790696092.4929729,2669.467125,3116.308,performance,,32861576.0,31962468.0,30108032.0,0.0,0.0,20.72,17.02,14.8,,,
14,28,sharded_2key,Sharded-2key,100,mixed,1,,4,293068.7100893332,320.0,728.0,334.38283333333334,141.54892819471678,0.42331398051649416,0,100,900,1790696098.2810225,2300.0,2300.0,performance,,32861576.0,31961728.0,30107300.0,0.0,0.0,23.39,17.63,15.01,,,
14,29,thread_local_owned,ThreadLocal-Owned,3000,mixed,1,,4,279778.61546737456,2087.0,75147.0,10295.44158074074,17475.197843062324,1.6973723473651152,0,100,900,1790696100.9425776,2412.196625,3197.573,performance,,32861576.0,31978400.0,30123940.0,0.0,0.0,21.52,17.34,14.93,,,
14,30,sharded_bucketed,Sharded-Bucketed-10000,100,mixed,1,10000,12993,294781.64367453917,319.0,726.0,332.76338888888887,136.82589779605573,0.4111807439301638,0,100,900,1790696114.1297793,2654.868,3501.151,performance,,32861576.0,31986940.0,30131944.0,0.0,0.0,26.49,18.57,15.36,,,
14,31,disabled,Disabled,100,mixed,1,,,298063.8349538148,313.0,783.0,328.29755555555556,140.40410522547498,0.4276733190653177,0,100,900,1790696116.792329,2300.0,2300.0,performance,,32861576.0,32004132.0,30149108.0,0.0,0.0,25.89,18.58,15.38,,,
14,32,sharded_bucketed,Sharded-Bucketed-10000,3000,mixed,1,10000,13042,276766.72430393496,2105.0,73542.0,10404.637948518519,17717.011827055856,1.7027994548891074,0,100,900,1790696119.449819,2395.407875,3063.263,performance,,32861576.0,32003764.0,30148712.0,0.0,0.0,25.89,18.58,15.38,,,
14,33,sharded_n,Sharded-N,100,mixed,1,,10002,301859.6030660926,310.0,744.0,324.71835555555555,138.41536819341889,0.4262628392429686,0,100,900,1790696132.7196364,2409.7645,3178.116,performance,,32861576.0,31978256.0,30122932.0,0.0,0.0,22.83,18.27,15.33,,,
14,34,sharded_2key,Sharded-2key,1000,mixed,1,,4,303323.0562482663,1868.0,14141.0,3212.8731844444446,3238.5044063649884,1.0079776637449125,0,100,900,1790696135.3781881,2646.090875,3263.544,performance,,32861576.0,31994180.0,30138824.0,0.0,0.0,21.0,17.97,15.25,,,
14,35,thread_local,ThreadLocal,100,mixed,1,,4,299693.3168360376,314.0,706.0,326.5269222222222,133.00919033461426,0.40734524868394495,0,100,900,1790696141.0334,2300.0,2300.0,performance,,32861576.0,31956760.0,30101364.0,0.0,0.0,19.32,17.67,15.17,,,
14,36,sharded_bucketed,Sharded-Bucketed-10,3000,mixed,1,10,22,278283.52883157664,2121.0,73513.0,10378.793328148147,17428.011914524635,1.6791944268953138,0,100,900,1790696143.6861234,2399.039375,3092.315,performance,,32861576.0,31970024.0,30114588.0,0.0,0.0,19.32,17.67,15.17,,,
15,1,sharded_bucketed,Sharded-Bucketed-10,1000,mixed,1,10,22,301591.1834222098,1841.0,13987.0,3212.210267777778,3201.7808162299425,0.996753185290373,0,100,900,1790696156.8859162,2408.865125,3170.921,performance,,32861576.0,31990980.0,30135148.0,0.0,0.0,20.07,17.89,15.28,,,
15,2,sharded_bucketed,Sharded-Bucketed-10,3000,mixed,1,10,22,274206.68860749155,2145.0,77040.0,10506.63726,18050.379183799334,1.717997751052018,0,100,900,1790696162.5715847,2374.445625,2895.565,performance,,32861576.0,31954704.0,30098780.0,0.0,0.0,19.5,17.81,15.27,,,
15,3,global_mutex,GlobalMutex,3000,mixed,1,,4,279390.8685804307,2085.0,72644.0,10357.421286666666,17318.84300298823,1.6721192006820418,0,100,900,1790696175.918644,2842.87475,3083.581,performance,,32861576.0,31986156.0,30129776.0,0.0,0.0,18.19,17.62,15.24,,,
15,4,sharded_bucketed,Sharded-Bucketed-1,1000,mixed,1,1,4,304157.21585845214,1863.0,13956.0,3197.461982222222,3203.06182148616,1.0017513388103043,0,100,900,1790696189.0707111,2690.39875,3146.031,performance,,32861576.0,31985168.0,30128468.0,0.0,0.0,17.41,17.47,15.22,,,
15,5,sharded_n,Sharded-N,3000,mixed,1,,10002,278915.78105172055,2072.0,72689.0,10311.267664814815,17338.7909063789,1.6815382424359067,0,100,900,1790696194.7433546,2300.0,2300.0,performance,,32861576.0,31946664.0,30089824.0,0.0,0.0,17.22,17.42,15.22,,,
15,6,sharded_bucketed,Sharded-Bucketed-100,100,mixed,1,100,202,299084.8591510202,315.0,694.0,327.5852777777778,131.94457375325732,0.40277931489571955,0,100,900,1790696207.9440107,2952.302125,3460.088,performance,,32861576.0,31990432.0,30133212.0,0.0,0.0,15.02,16.92,15.09,,,
15,7,sharded_bucketed,Sharded-Bucketed-10000,100,mixed,1,10000,12983,288204.30134288216,320.0,934.0,340.14014444444445,158.7784641833747,0.4668030715477873,0,100,900,1790696210.5964453,2300.0,2300.0,performance,,32861576.0,31997920.0,30140720.0,0.0,0.0,13.81,16.63,15.01,,,
15,8,sharded_n,Sharded-N,100,mixed,1,,10002,292999.2879270861,318.0,800.0,334.0649,147.50937947338596,0.4415590487758096,0,100,900,1790696213.2675908,2570.3515,3504.826,performance,,32861576.0,31981860.0,30124628.0,0.0,0.0,13.81,16.63,15.01,,,
15,9,sharded_bucketed,Sharded-Bucketed-1,3000,mixed,1,1,4,275320.49615130137,2123.0,75084.0,10475.793015925927,17869.4989171242,1.7057896132500825,0,100,900,1790696215.9337375,2447.560125,3480.481,performance,,32861576.0,32000684.0,30143420.0,0.0,0.0,12.71,16.36,14.92,,,
15,10,sharded_2key,Sharded-2key,3000,mixed,1,,4,286375.088351554,2015.0,70643.0,10043.55814,16891.093673059982,1.6817838297553762,0,100,900,1790696229.2230718,2300.0,2300.0,performance,,32861576.0,31986284.0,30128716.0,0.0,0.0,12.67,16.23,14.9,,,
15,11,sharded_bucketed,Sharded-Bucketed-100,1000,mixed,1,100,202,299583.3872584817,1896.0,14540.0,3253.392761111111,3283.642229403217,1.0092978224620426,0,100,900,1790696242.1314337,2922.76175,3459.646,performance,,32861576.0,31986836.0,30128900.0,0.0,0.0,15.54,16.65,15.06,,,
15,12,sharded_bucketed,Sharded-Bucketed-10000,3000,mixed,1,10000,13042,273736.39547907334,2140.0,76563.0,10516.636457777779,18046.10154799805,1.715957532662614,0,100,900,1790696247.8248277,2618.242375,3159.89,performance,,32861576.0,31954304.0,30096252.0,0.0,0.0,15.33,16.59,15.04,,,
15,13,sharded_bucketed,Sharded-Bucketed-1000,1000,mixed,1,1000,2002,299960.1311991085,1887.0,14366.0,3241.3572766666666,3271.256402966341,1.009224261242322,0,100,900,1790696261.2307625,2400.17975,3101.438,performance,,32861576.0,31985528.0,30127092.0,0.0,0.0,15.98,16.7,15.11,,,
15,14,global_mutex,GlobalMutex,100,mixed,1,,4,292911.03260567476,320.0,754.0,334.3608222222222,141.0469547862467,0.4218405549095831,0,100,900,1790696266.941143,2300.0,2300.0,performance,,32861576.0,31960892.0,30102348.0,0.0,0.0,17.91,17.09,15.24,,,
15,15,thread_local,ThreadLocal,100,mixed,1,,4,317302.4429862509,298.0,623.0,307.9735444444444,124.83531942640349,0.4053442955679676,0,100,900,1790696269.60226,2300.0,2300.0,performance,,32861576.0,31980528.0,30121952.0,0.0,0.0,17.91,17.09,15.24,,,
15,16,thread_local,ThreadLocal,3000,mixed,1,,4,280523.3820823965,2081.0,76051.0,10275.634788888889,17723.10018571521,1.7247693743338675,0,100,900,1790696272.2414012,2300.0,2300.0,performance,,32861576.0,31993424.0,30134816.0,0.0,0.0,16.47,16.81,15.16,,,
15,17,sharded_bucketed,Sharded-Bucketed-10,100,mixed,1,10,22,292431.73130057234,319.0,757.0,334.7344,147.9422095127009,0.44196894466986636,0,100,900,1790696285.3562505,2403.433875,3127.471,performance,,32861576.0,31988636.0,30129632.0,0.0,0.0,17.03,16.94,15.23,,,
15,18,hdr_histogram,HdrHistogram,3000,mixed,1,,4,275329.8535314991,2134.0,75195.0,10458.504462592593,17899.7412004752,1.7115010338713357,0,100,900,1790696288.0200088,2406.2575,3150.06,performance,,32861576.0,31981752.0,30122716.0,0.0,0.0,17.03,16.94,15.23,,,
15,19,sharded_bucketed,Sharded-Bucketed-1,100,mixed,1,1,4,288183.5466368682,325.0,800.0,339.9181222222222,142.1354394827459,0.4181461069316703,0,100,900,1790696301.3549888,2770.31825,3372.761,performance,,32861576.0,31980000.0,30120608.0,0.0,0.0,16.77,16.92,15.25,,,
15,20,sharded_bucketed,Sharded-Bucketed-10000,1000,mixed,1,10000,13042,298202.09928612056,1872.0,14430.0,3268.5772333333334,3244.238556318837,0.9925537396619275,0,100,900,1790696304.0207472,2363.54425,2808.354,performance,,32861576.0,31996344.0,30136924.0,0.0,0.0,16.77,16.92,15.25,,,
15,21,hdr_histogram,HdrHistogram,1000,mixed,1,,4,299507.30778313096,1893.0,14564.0,3242.1954655555555,3342.637251887086,1.0309795591902475,0,100,900,1790696309.7431688,2921.26375,3516.98,performance,,32861576.0,31964256.0,30104744.0,0.0,0.0,17.59,17.09,15.32,,,
15,22,thread_local_owned,ThreadLocal-Owned,1000,mixed,1,,4,300869.2415262731,1818.0,14144.0,3222.183412222222,3216.7550055692573,0.9983153017818992,0,100,900,1790696315.4501965,2300.0,2300.0,performance,,32861576.0,31951924.0,30092284.0,0.0,0.0,14.89,16.52,15.15,,,
15,23,sharded_bucketed,Sharded-Bucketed-1000,3000,mixed,1,1000,2002,275165.5117980158,2133.0,74622.0,10460.871162222222,17725.50252119607,1.694457588313382,0,100,900,1790696321.136291,2300.0,2300.0,performance,,32861576.0,31980680.0,30120944.0,0.0,0.0,13.69,16.25,15.07,,,
15,24,sharded_bucketed,Sharded-Bucketed-1000,100,mixed,1,1000,2002,297663.38607659534,315.0,724.0,329.8853111111111,138.80351046616613,0.42076293120979463,0,100,900,1790696334.476203,2300.0,2300.0,performance,,32861576.0,31995248.0,30135192.0,0.0,0.0,22.5,17.99,15.64,,,
15,25,global_mutex,GlobalMutex,1000,mixed,1,,4,300198.6703793286,1875.0,14023.0,3231.7087955555558,3221.4274190637766,0.996818594390089,0,100,900,1790696337.1293669,2726.72025,3339.401,performance,,32861576.0,31991208.0,30131112.0,0.0,0.0,21.18,17.79,15.59,,,
15,26,sharded_2key,Sharded-2key,1000,mixed,1,,4,299044.77234834427,1889.0,14756.0,3255.777138888889,3348.919357170991,1.0286082905274927,0,100,900,1790696342.832557,2412.4025,3199.22,performance,,32861576.0,31964260.0,30103992.0,0.0,0.0,20.44,17.69,15.57,,,
15,27,thread_local,ThreadLocal,1000,mixed,1,,4,308380.59800524137,1838.0,14331.0,3149.908557777778,3272.3041791480928,1.038856880803125,0,100,900,1790696348.52946,2300.0,2300.0,performance,,32861576.0,31943932.0,30083572.0,0.0,0.0,20.25,17.7,15.59,,,
15,28,thread_local_owned,ThreadLocal-Owned,100,mixed,1,,4,297544.00631221756,317.0,689.0,329.2346111111111,135.661151940926,0.41205009243436636,0,100,900,1790696354.1472764,2300.0,2300.0,performance,,32861576.0,31961552.0,30101040.0,0.0,0.0,19.91,17.67,15.59,,,
15,29,disabled,Disabled,1000,mixed,1,,,302748.5637897427,1840.0,14363.0,3209.838378888889,3237.5561282107815,1.0086352476511566,0,100,900,1790696356.8033037,3085.274,3500.477,performance,,32861576.0,31987304.0,30126768.0,0.0,0.0,18.31,17.37,15.5,,,
15,30,hdr_histogram,HdrHistogram,100,mixed,1,,4,289040.1458810024,325.0,799.0,339.6634666666667,145.25111156445413,0.4276324239103355,0,100,900,1790696362.485334,2300.0,2300.0,performance,,32861576.0,31948968.0,30088320.0,0.0,0.0,17.89,17.3,15.49,,,
15,31,disabled,Disabled,3000,mixed,1,,,285326.5667953436,2018.0,73356.0,10071.326381481482,17176.561545890367,1.7054915008487403,0,100,900,1790696365.1549044,2446.8355,3474.684,performance,,32861576.0,31981100.0,30120412.0,0.0,0.0,16.46,17.01,15.41,,,
15,32,sharded_bucketed,Sharded-Bucketed-100,3000,mixed,1,100,202,277312.64997166325,2100.0,75091.0,10407.469364814815,17856.45768782242,1.7157348306199074,0,100,900,1790696378.1070523,2620.480625,3346.685,performance,,32861576.0,31987264.0,30126164.0,0.0,0.0,17.28,17.18,15.48,,,
15,33,sharded_2key,Sharded-2key,100,mixed,1,,4,296343.03605653136,317.0,778.0,331.6062333333333,138.71877831716247,0.4183237960358882,0,100,900,1790696391.3699014,2804.889375,3684.107,performance,,32861576.0,31971696.0,30110244.0,0.0,0.0,17.84,17.34,15.56,,,
15,34,thread_local_owned,ThreadLocal-Owned,3000,mixed,1,,4,276565.95657894324,2112.0,74865.0,10408.342384444444,17981.3258115689,1.7275878470756774,0,100,900,1790696394.0273383,2300.0,2300.0,performance,,32861576.0,31985760.0,30124284.0,0.0,0.0,17.84,17.34,15.56,,,
15,35,disabled,Disabled,100,mixed,1,,,298390.7191733543,315.0,717.0,327.41274444444446,136.06947382715097,0.4155900347069089,0,100,900,1790696407.2865648,2300.0,2300.0,performance,,32861576.0,31971648.0,30109748.0,0.0,0.0,17.58,17.31,15.58,,,
15,36,sharded_n,Sharded-N,1000,mixed,1,,10002,318244.31361785316,1768.0,13412.0,3049.3356433333333,3084.5677704146005,1.0115540337969335,0,100,900,1790696409.9438164,2430.525125,3344.201,performance,,32861576.0,31979584.0,30117640.0,0.0,0.0,16.17,17.02,15.49,,,
