{
  "timestamp": "1776686738",
  "runs_per_config": 1,
  "results": [
    {
      "name": "Mixed (50% GET / 50% SET)",
      "concurrency": 500,
      "target": "RustRedis",
      "runs": 1,
      "ops_per_sec_mean": 77854.88117865284,
      "ops_per_sec_stddev": 0.0,
      "p50_us_mean": 2930.0,
      "p50_us_stddev": 0.0,
      "p99_us_mean": 58573.0,
      "p99_us_stddev": 0.0,
      "max_us_mean": 239992.0,
      "max_us_stddev": 0.0,
      "total_errors": 0,
      "per_run": [
        {
          "name": "Mixed (50% GET / 50% SET)",
          "concurrency": 500,
          "warmup_ops_per_client": 100,
          "measured_ops_per_client": 900,
          "total_ops": 450000,
          "duration_secs": 5.779984417,
          "ops_per_sec": 77854.88117865284,
          "p50_us": 2930.0,
          "p95_us": 23155.0,
          "p99_us": 58573.0,
          "max_us": 239992.0,
          "avg_us": 6361.538908888889,
          "latency_stddev_us": 10835.785811546039,
          "latency_cv": 1.7033277586977182,
          "errors": 0,
          "target": "RustRedis"
        }
      ]
    }
  ],
  "memory_samples": [
    {
      "elapsed_secs": 0.001817959,
      "rss_bytes": 0,
      "vsize_bytes": 0,
      "label": "idle"
    },
    {
      "elapsed_secs": 6.5401483339999995,
      "rss_bytes": 0,
      "vsize_bytes": 0,
      "label": "mixed_c500"
    }
  ]
}