{
  "timestamp": "1776681600",
  "runs_per_config": 1,
  "results": [
    {
      "name": "Mixed (50% GET / 50% SET)",
      "concurrency": 500,
      "target": "RustRedis",
      "runs": 1,
      "ops_per_sec_mean": 31459.152846085526,
      "ops_per_sec_stddev": 0.0,
      "p50_us_mean": 6315.0,
      "p50_us_stddev": 0.0,
      "p99_us_mean": 129814.0,
      "p99_us_stddev": 0.0,
      "max_us_mean": 1118536.0,
      "max_us_stddev": 0.0,
      "total_errors": 0,
      "per_run": [
        {
          "name": "Mixed (50% GET / 50% SET)",
          "concurrency": 500,
          "warmup_ops_per_client": 100,
          "measured_ops_per_client": 900,
          "total_ops": 450000,
          "duration_secs": 14.304263125,
          "ops_per_sec": 31459.152846085526,
          "p50_us": 6315.0,
          "p95_us": 54523.0,
          "p99_us": 129814.0,
          "max_us": 1118536.0,
          "avg_us": 14961.842513333333,
          "latency_stddev_us": 41928.787064058124,
          "latency_cv": 2.802381259306335,
          "errors": 0,
          "target": "RustRedis"
        }
      ]
    }
  ],
  "memory_samples": [
    {
      "elapsed_secs": 0.006048291,
      "rss_bytes": 0,
      "vsize_bytes": 0,
      "label": "idle"
    },
    {
      "elapsed_secs": 15.732427083,
      "rss_bytes": 0,
      "vsize_bytes": 0,
      "label": "mixed_c500"
    }
  ]
}