{
  "timestamp": "1776685600",
  "runs_per_config": 1,
  "results": [
    {
      "name": "Mixed (50% GET / 50% SET)",
      "concurrency": 1000,
      "target": "RustRedis",
      "runs": 1,
      "ops_per_sec_mean": 62340.10790501227,
      "ops_per_sec_stddev": 0.0,
      "p50_us_mean": 5096.0,
      "p50_us_stddev": 0.0,
      "p99_us_mean": 148033.0,
      "p99_us_stddev": 0.0,
      "max_us_mean": 388926.0,
      "max_us_stddev": 0.0,
      "total_errors": 0,
      "per_run": [
        {
          "name": "Mixed (50% GET / 50% SET)",
          "concurrency": 1000,
          "warmup_ops_per_client": 100,
          "measured_ops_per_client": 900,
          "total_ops": 900000,
          "duration_secs": 14.436933625,
          "ops_per_sec": 62340.10790501227,
          "p50_us": 5096.0,
          "p95_us": 63533.0,
          "p99_us": 148033.0,
          "max_us": 388926.0,
          "avg_us": 15475.267024444445,
          "latency_stddev_us": 28400.600447298435,
          "latency_cv": 1.8352252276123813,
          "errors": 0,
          "target": "RustRedis"
        }
      ]
    }
  ],
  "memory_samples": [
    {
      "elapsed_secs": 0.000993333,
      "rss_bytes": 0,
      "vsize_bytes": 0,
      "label": "idle"
    },
    {
      "elapsed_secs": 15.597864417,
      "rss_bytes": 0,
      "vsize_bytes": 0,
      "label": "mixed_c1000"
    }
  ]
}